time_start,time_end,flshoulder,flarm,flfoot,frshoulder,frarm,frfoot,blshoulder,blarm,blfoot,brshoulder,brarm,brfoot,motion,movement
1776271821.9988961,13616.972525125,32.1674919128418,-17.312503814697266,98.76000213623047,-36.33999252319336,-17.16000747680664,97.38002014160156,29.05234718322754,2.3151402473449707,74.8948745727539,-30.219993591308594,-3.2248566150665283,78.61002349853516,Stop,Stepping
1776271822.0188072,13616.998533557,32.167179107666016,-17.312965393066406,98.76028442382812,-36.33964920043945,-17.16046905517578,97.38034057617188,29.05208396911621,2.3145244121551514,74.8955078125,-30.2197322845459,-3.22542142868042,78.6105728149414,Stop,Stepping
1776271822.0388002,13617.012309609,32.16591262817383,-17.314762115478516,98.76136016845703,-36.338287353515625,-17.162277221679688,97.38158416748047,29.05103302001953,2.3120625019073486,74.89805603027344,-30.218673706054688,-3.227654457092285,78.61276245117188,Stop,Stepping
1776271822.058791,13617.032388362,32.16307067871094,-17.318824768066406,98.76380157470703,-36.33522033691406,-17.166353225708008,97.38438415527344,29.048664093017578,2.306525707244873,74.90377807617188,-30.21628761291504,-3.2326862812042236,78.61767578125,Stop,Stepping
1776271822.0788383,13617.051540242,32.158042907714844,-17.326000213623047,98.76811218261719,-36.32979965209961,-17.173564910888672,97.38935089111328,29.044479370117188,2.296732187271118,74.91390991210938,-30.212072372436523,-3.2415764331817627,78.6263656616211,Stop,Stepping
1776271822.09878,13617.077324823,32.15024185180664,-17.337127685546875,98.77478790283203,-36.32139587402344,-17.18474769592285,97.39704895019531,29.037994384765625,2.2815544605255127,74.92960357666016,-30.205537796020508,-3.255362033843994,78.63983154296875,Stop,Stepping
1776271822.118768,13617.0912256,32.139129638671875,-17.35298728942871,98.7843017578125,-36.30941390991211,-17.20069122314453,97.40802001953125,29.028743743896484,2.259913206100464,74.95196533203125,-30.19622230529785,-3.2750086784362793,78.65901947021484,Stop,Stepping
1776271822.1388261,13617.11124647,32.124149322509766,-17.374372482299805,98.797119140625,-36.293270111083984,-17.2221736907959,97.42279052734375,29.01628303527832,2.2307591438293457,74.98207092285156,-30.18366813659668,-3.3014814853668213,78.68486022949219,Stop,Stepping
1776271822.1588268,13617.144098843,32.10480499267578,-17.4019775390625,98.81364440917969,-36.27241897583008,-17.249910354614258,97.44183349609375,29.000186920166016,2.1931142807006836,75.02091979980469,-30.167455673217773,-3.3356666564941406,78.71820831298828,Stop,Stepping
1776271822.1788163,13617.151585301,32.08065414428711,-17.436429977416992,98.8342514038086,-36.24638748168945,-17.2845401763916,97.46559143066406,28.980091094970703,2.1461341381073,75.0693588256836,-30.1472110748291,-3.378333568572998,78.7597885131836,Stop,Stepping
1776271822.1987672,13617.177503854,32.05120849609375,-17.478452682495117,98.85932159423828,-36.214637756347656,-17.326765060424805,97.49449920654297,28.955581665039062,2.0888540744781494,75.12835693359375,-30.12252426147461,-3.4303574562072754,78.81043243408203,Stop,Stepping
1776271822.218778,13617.196350371,32.0160026550293,-17.528688430786133,98.88925170898438,-36.17667770385742,-17.377248764038086,97.52899169921875,28.92627716064453,2.0203945636749268,75.19877624511719,-30.093000411987305,-3.492540121078491,78.87088775634766,Stop,Stepping
1776271822.2387745,13617.212470488,31.974714279174805,-17.587596893310547,98.92424774169922,-36.13215255737305,-17.43644142150879,97.56936645507812,28.891908645629883,1.940138339996338,75.28120422363281,-30.058372497558594,-3.5654373168945312,78.94163513183594,Stop,Stepping
1776271822.2587721,13617.234214998,31.926908493041992,-17.65581512451172,98.96466827392578,-36.08058166503906,-17.504989624023438,97.61598205566406,28.85210609436035,1.8472493886947632,75.37643432617188,-30.018264770507812,-3.649829864501953,79.02339935302734,Stop,Stepping
1776271822.278774,13617.270670879,31.87221908569336,-17.733835220336914,99.01074981689453,-36.02157974243164,-17.583396911621094,97.66913604736328,28.806568145751953,1.7410438060760498,75.48507690429688,-29.972373962402344,-3.7463228702545166,79.11669158935547,Stop,Stepping
1776271822.2987752,13617.27389904,31.810287475585938,-17.822185516357422,99.06272888183594,-35.95474624633789,-17.672178268432617,97.72911834716797,28.75498390197754,1.6208356618881226,75.60774993896484,-29.920381546020508,-3.8555521965026855,79.22203826904297,Stop,Stepping
1776271822.3188217,13617.298222066,31.740886688232422,-17.92119026184082,99.12074279785156,-35.87982940673828,-17.77167320251465,97.79606628417969,28.697166442871094,1.4862055778503418,75.74478149414062,-29.862102508544922,-3.977903127670288,79.33971405029297,Stop,Stepping
1776271822.3387623,13617.335944616,31.66365623474121,-18.03133773803711,99.18497467041016,-35.79644012451172,-17.882375717163086,97.8702392578125,28.632810592651367,1.3364959955215454,75.89669036865234,-29.797225952148438,-4.113986968994141,79.47019958496094,Stop,Stepping
1776271822.3588295,13617.337664386,31.5782470703125,-18.15315818786621,99.25564575195312,-35.704185485839844,-18.004806518554688,97.95186614990234,28.561616897583008,1.1710352897644043,76.06402587890625,-29.72543716430664,-4.264410972595215,79.61394500732422,Stop,Stepping
1776271822.378834,13617.351979551,31.48456573486328,-18.28675651550293,99.33269500732422,-35.60296630859375,-18.139074325561523,98.04088592529297,28.483501434326172,0.9897035360336304,76.2467269897461,-29.64666175842285,-4.429296016693115,79.77091217041016,Stop,Stepping
1776271822.3988354,13617.373153849,31.382354736328125,-18.432512283325195,99.41622924804688,-35.49248123168945,-18.285554885864258,98.13742065429688,28.39824676513672,0.7920241355895996,76.44508361816406,-29.560665130615234,-4.609086036682129,79.94136810302734,Stop,Stepping
1776271822.4187715,13617.392291408,31.27141571044922,-18.590686798095703,99.50623321533203,-35.37250518798828,-18.44454002380371,98.24151611328125,28.30567169189453,0.5776476263999939,76.65923309326172,-29.467269897460938,-4.804093837738037,80.12541198730469,Stop,Stepping
1776271822.438773,13617.436419559,31.151412963867188,-18.76176643371582,99.60284423828125,-35.242671966552734,-18.616493225097656,98.35328674316406,28.20549201965332,0.34597548842430115,76.8895492553711,-29.366180419921875,-5.014886856079102,80.32337951660156,Stop,Stepping
1776271822.4587743,13617.438617551,31.02236557006836,-18.945716857910156,99.70584869384766,-35.10297775268555,-18.8013916015625,98.4725341796875,28.09770965576172,0.09708899259567261,77.13567352294922,-29.257387161254883,-5.24139928817749,80.53497314453125,Stop,Stepping
1776271822.4788265,13617.453557689,30.8839054107666,-19.143035888671875,99.81536102294922,-34.95302200317383,-18.99974822998047,98.5993881225586,27.982019424438477,-0.16966722905635834,77.3979721069336,-29.140581130981445,-5.48423433303833,80.7605209350586,Stop,Stepping
1776271822.4988372,13617.471294382,30.736103057861328,-19.353649139404297,99.93109893798828,-34.7928466796875,-19.211477279663086,98.73355865478516,27.85844612121582,-0.45413845777511597,77.67598724365234,-29.015785217285156,-5.743259429931641,80.99960327148438,Stop,Stepping
1776271822.5188475,13617.494037133,30.57874298095703,-19.577844619750977,100.05302429199219,-34.62221908569336,-19.436870574951172,98.87499237060547,27.726810455322266,-0.7566710710525513,77.9697265625,-28.88280487060547,-6.018799781799316,81.25225067138672,Stop,Stepping
1776271822.53883,13617.512697294,30.412019729614258,-19.815332412719727,100.18070983886719,-34.441314697265625,-19.675642013549805,99.02323150634766,27.58725357055664,-1.0768399238586426,78.27841186523438,-28.74178123474121,-6.310484409332275,81.51780700683594,Stop,Stepping
1776271822.5587807,13617.531278108,30.23564338684082,-20.066524505615234,100.31414794921875,-34.24980926513672,-19.928220748901367,99.17829132080078,27.439525604248047,-1.415173053741455,78.60218811035156,-28.59244155883789,-6.6187968254089355,81.7963638305664,Stop,Stepping
1776271822.5787988,13617.552232025,30.049270629882812,-20.33188819885254,100.45328521728516,-34.04730987548828,-20.19506072998047,99.34012603759766,27.283313751220703,-1.7722591161727905,78.9411849975586,-28.43447494506836,-6.944289684295654,82.08808898925781,Stop,Stepping
1776271822.5987763,13617.573226342,29.853601455688477,-20.610424041748047,100.59733581542969,-33.83454895019531,-20.475191116333008,99.50784301757812,27.11918830871582,-2.146737575531006,79.2937240600586,-28.26844024658203,-7.2857232093811035,82.39146423339844,Stop,Stepping
1776271822.6187701,13617.591696196,29.648006439208984,-20.903018951416016,100.74642181396484,-33.610816955566406,-20.76947784423828,99.6816177368164,26.946598052978516,-2.5397567749023438,79.66040802001953,-28.093780517578125,-7.644160270690918,82.70706176757812,Stop,Stepping
1776271822.6387818,13617.612118337,29.432491302490234,-21.20963478088379,100.90019989013672,-33.376102447509766,-21.07791519165039,99.86109161376953,26.765533447265625,-2.9512624740600586,80.04071807861328,-27.91046714782715,-8.01955795288086,83.03443145751953,Stop,Stepping
1776271822.6587791,13617.639241793,29.207435607910156,-21.52974510192871,101.0580825805664,-33.13078689575195,-21.39996337890625,100.04559326171875,26.57628631591797,-3.380516767501831,80.43347930908203,-27.718782424926758,-8.411247253417969,83.3725357055664,Stop,Stepping
1776271822.6787717,13617.652548331,28.972705841064453,-21.863500595092773,101.21977233886719,-32.87470626831055,-21.73578643798828,100.23480987548828,26.378719329833984,-3.827721118927002,80.83837127685547,-27.518585205078125,-8.819422721862793,83.7210922241211,Stop,Stepping
1776271822.69878,13617.673232424,28.72832489013672,-22.210851669311523,101.3848876953125,-32.60785675048828,-22.085344314575195,100.42832946777344,26.172836303710938,-4.292811393737793,81.25481414794922,-27.30986213684082,-9.244011878967285,84.07958984375,Stop,Stepping
1776271822.7187645,13617.690732291,28.474637985229492,-22.5712947845459,101.55280303955078,-32.33058547973633,-22.448144912719727,100.62548065185547,25.958887100219727,-4.7751240730285645,81.68164825439453,-27.09285545349121,-9.68443489074707,84.44703674316406,Stop,Stepping
1776271822.7387745,13617.711969192,28.21125602722168,-22.945335388183594,101.72335052490234,-32.042442321777344,-22.824705123901367,100.82609558105469,25.736528396606445,-5.275355815887451,82.11894989013672,-26.867210388183594,-10.14132022857666,84.8234634399414,Stop,Stepping
1776271822.7587662,13617.758440093,27.938806533813477,-23.332094192504883,101.89573669433594,-31.744081497192383,-23.21412467956543,101.0292739868164,25.506258010864258,-5.7923359870910645,82.56510162353516,-26.633405685424805,-10.613588333129883,85.20747375488281,Stop,Stepping
1776271822.7787836,13617.760139962,27.656862258911133,-23.732112884521484,102.06978607177734,-31.43502426147461,-23.616985321044922,101.23483276367188,25.267683029174805,-6.326842308044434,83.02018737792969,-26.39104461669922,-11.10195541381836,85.59911346435547,Stop,Stepping
1776271822.7987876,13617.771423226,27.366077423095703,-24.14444351196289,102.24463653564453,-31.11594009399414,-24.0323486328125,101.44185638427734,25.02132225036621,-6.877657413482666,83.48257446289062,-26.14063835144043,-11.60530948638916,85.99696350097656,Stop,Stepping
1776271822.8187785,13617.795867172,27.066572189331055,-24.56886863708496,102.4197769165039,-30.786937713623047,-24.459999084472656,101.6497573852539,24.767250061035156,-7.4445600509643555,83.95147705078125,-25.88224220275879,-12.123431205749512,86.40030670166016,Stop,Stepping
1776271822.8388393,13617.813065517,26.758047103881836,-25.00576400756836,102.59491729736328,-30.44767189025879,-24.900318145751953,101.85823822021484,24.50518226623535,-8.028118133544922,84.4267349243164,-25.615558624267578,-12.656846046447754,86.80901336669922,Stop,Stepping
1776271822.8588355,13617.846062006,26.44123077392578,-25.454063415527344,102.7691879272461,-30.098905563354492,-25.352251052856445,102.06632232666016,24.235698699951172,-8.626989364624023,84.9066390991211,-25.34116554260254,-13.204298973083496,87.22154998779297,Stop,Stepping
1776271822.8788316,13617.855640119,26.11554718017578,-25.914512634277344,102.94239044189453,-29.739988327026367,-25.816560745239258,102.27385711669922,23.958276748657227,-9.242264747619629,85.39140319824219,-25.058507919311523,-13.766789436340332,87.63809967041016,Stop,Stepping
1776271822.8987696,13617.87067757,25.783180236816406,-26.38396644592285,103.1129150390625,-29.373292922973633,-26.290098190307617,102.47895050048828,23.674739837646484,-9.869860649108887,85.87723541259766,-24.769445419311523,-14.340560913085938,88.05533599853516,Stop,Stepping
1776271822.9187825,13617.931566275,25.442153930664062,-26.865150451660156,103.28132629394531,-28.996625900268555,-26.775609970092773,102.68231964111328,23.383371353149414,-10.513543128967285,86.36644744873047,-24.472204208374023,-14.929046630859375,88.47523498535156,Stop,Stepping
1776271822.9387767,13617.932358602,25.093549728393555,-27.356477737426758,103.44656372070312,-28.611148834228516,-27.27149200439453,102.88275909423828,23.08504867553711,-11.171298027038574,86.85681915283203,-24.16766929626465,-15.530391693115234,88.89586639404297,Stop,Stepping
1776271822.9587917,13617.932721134,24.737316131591797,-27.85789680480957,103.6081314086914,-28.216787338256836,-27.77775001525879,103.07978057861328,22.779699325561523,-11.843256950378418,87.34783172607422,-23.85575294494629,-16.144689559936523,89.31672668457031,Stop,Stepping
1776271822.9788008,13617.951127381,24.374313354492188,-28.368127822875977,103.76516723632812,-27.814476013183594,-28.29306983947754,103.27235412597656,22.468019485473633,-12.527832984924316,87.83770751953125,-23.537155151367188,-16.770471572875977,89.73626708984375,Stop,Stepping
1776271822.9988425,13617.970883497,24.004594802856445,-28.887001037597656,103.91716003417969,-27.404251098632812,-28.817296981811523,103.4599609375,22.1500186920166,-13.224976539611816,88.32581329345703,-23.21186637878418,-17.40766143798828,90.15386199951172,Stop,Stepping
1776271823.0187817,13617.991643635,23.62877082824707,-29.41353416442871,104.0633773803711,-26.986772537231445,-29.34945297241211,103.64176177978516,21.82618522644043,-13.933551788330078,88.81076049804688,-22.880380630493164,-18.05521011352539,90.56834411621094,Stop,Stepping
1776271823.0387816,13618.010669644,23.246212005615234,-29.948511123657227,104.20359802246094,-26.561328887939453,-29.89032554626465,103.81751251220703,21.49593734741211,-14.654783248901367,89.29279327392578,-22.542089462280273,-18.71421241760254,90.9798355102539,Stop,Stepping
1776271823.058744,13618.03295121,22.858762741088867,-30.48921012878418,104.33665466308594,-26.129955291748047,-30.437191009521484,103.98590087890625,21.160829544067383,-15.385237693786621,89.76905059814453,-22.19857406616211,-19.38149642944336,91.3858871459961,Stop,Stepping
1776271823.0787797,13618.060992867,22.464479446411133,-31.038204193115234,104.46273040771484,-25.690479278564453,-30.992647171020508,104.14723205566406,20.819150924682617,-16.128572463989258,90.24134063720703,-21.848066329956055,-20.06038475036621,91.78794860839844,Stop,Stepping
1776271823.0987742,13618.075417706,22.065587997436523,-31.592233657836914,104.58061981201172,-25.245365142822266,-31.553394317626953,104.30003356933594,20.47278594970703,-16.880630493164062,90.7064437866211,-21.492488861083984,-20.747047424316406,92.18327331542969,Stop,Stepping
1776271823.118766,13618.091698479,21.662004470825195,-32.151283264160156,104.68993377685547,-24.794517517089844,-32.11943435668945,104.44391632080078,20.121631622314453,-17.641563415527344,91.1639404296875,-21.131731033325195,-21.44159698486328,92.5714340209961,Stop,Stepping
1776271823.1389832,13618.114153425,21.2496337890625,-32.7208137512207,104.7911605834961,-24.333341598510742,-32.6962890625,104.57966613769531,19.76207733154297,-18.419103622436523,91.61778259277344,-20.762062072753906,-22.15106201171875,92.95574188232422,Stop,Stepping
1776271823.1587932,13618.132371364,20.841211318969727,-33.2830924987793,104.88088989257812,-23.876087188720703,-33.265995025634766,104.70278930664062,19.40520477294922,-19.189208984375,92.0536117553711,-20.394882202148438,-22.853485107421875,93.32402038574219,Stop,Stepping
1776271823.178776,13618.156855415,20.425199508666992,-33.85383605957031,104.96141052246094,-23.40984344482422,-33.844486236572266,104.81646728515625,19.04091453552246,-19.973623275756836,92.48350524902344,-20.019784927368164,-23.56867027282715,93.68641662597656,Stop,Stepping
1776271823.1987963,13618.180553265,20.005573272705078,-34.4273796081543,105.03140258789062,-22.939056396484375,-34.425994873046875,104.91902923583984,18.672643661499023,-20.76479721069336,92.90265655517578,-19.640304565429688,-24.289714813232422,94.0388412475586,Stop,Stepping
1776271823.2188394,13618.199644414,19.58306312561035,-35.00251388549805,105.09031677246094,-22.46454620361328,-35.009307861328125,105.00987243652344,18.301006317138672,-21.56131362915039,93.30990600585938,-19.257064819335938,-25.015291213989258,94.3802719116211,Stop,Stepping
1776271823.238806,13618.211960395,19.157461166381836,-35.57932662963867,105.13785552978516,-21.986085891723633,-35.59449768066406,105.08863067626953,17.925785064697266,-22.363496780395508,93.70500946044922,-18.869844436645508,-25.745662689208984,94.71044158935547,Stop,Stepping
1776271823.2587917,13618.232623421,18.730287551879883,-36.155540466308594,105.17349243164062,-21.505388259887695,-36.17922592163086,105.15464782714844,17.548307418823242,-23.16839027404785,94.08615112304688,-18.479991912841797,-26.47813606262207,95.02782440185547,Stop,Stepping
1776271823.2787862,13618.253206644,18.300806045532227,-36.73191833496094,105.19696807861328,-21.021629333496094,-36.764286041259766,105.20771026611328,17.167890548706055,-23.977296829223633,94.45362854003906,-18.086809158325195,-27.213863372802734,95.33262634277344,Stop,Stepping
1776271823.2987905,13618.274353658,17.86964225769043,-37.307395935058594,105.20793914794922,-20.535531997680664,-37.34856414794922,105.24738311767578,16.78507423400879,-24.788902282714844,94.80652618408203,-17.69085121154785,-27.951637268066406,95.62403106689453,Stop,Stepping
1776271823.3187864,13618.293640797,17.43733024597168,-37.881046295166016,105.20609283447266,-20.047697067260742,-37.93109893798828,105.27332305908203,16.400304794311523,-25.602088928222656,95.14405059814453,-17.292573928833008,-28.690418243408203,95.90135192871094,Stop,Stepping
1776271823.338792,13618.347427568,17.004426956176758,-38.451904296875,105.19120788574219,-19.55877113342285,-38.510902404785156,105.28520202636719,16.01406478881836,-26.415653228759766,95.4654541015625,-16.892478942871094,-29.42910385131836,96.16397094726562,Stop,Stepping
1776271823.3587818,13618.349581143,16.570829391479492,-39.019866943359375,105.16304016113281,-19.06865119934082,-39.08783721923828,105.28279113769531,15.626254081726074,-27.22962760925293,95.77055358886719,-16.490449905395508,-30.167707443237305,96.41168212890625,Stop,Stepping
1776271823.3788543,13618.351237126,16.13725471496582,-39.58378982543945,105.12142944335938,-18.578161239624023,-39.66071319580078,105.26586151123047,15.237491607666016,-28.042490005493164,96.05857849121094,-16.087146759033203,-30.904834747314453,96.6438217163086,Stop,Stepping
1776271823.398804,13618.404957971,15.703779220581055,-40.14332580566406,105.06620788574219,-18.08740997314453,-40.22917556762695,105.2342300415039,14.847846031188965,-28.85389518737793,96.32923126220703,-15.682631492614746,-31.640169143676758,96.8601303100586,Stop,Stepping
1776271823.4188073,13618.405359714,15.271150588989258,-40.69731140136719,104.99732208251953,-17.597248077392578,-40.79200744628906,105.18778228759766,14.457975387573242,-29.662246704101562,96.58185577392578,-15.27759075164795,-32.37226486206055,97.0600814819336,Stop,Stepping
1776271823.438779,13618.417751023,14.840206146240234,-41.244476318359375,104.91485595703125,-17.10865592956543,-41.34788513183594,105.12654113769531,14.068636894226074,-30.465768814086914,96.81585693359375,-14.872814178466797,-33.09950256347656,97.2431869506836,Stop,Stepping
1776271823.4587965,13618.4828104,14.409501075744629,-41.78646469116211,104.81841278076172,-16.620004653930664,-41.8984375,105.05018615722656,13.678522109985352,-31.266925811767578,97.03186798095703,-14.46694564819336,-33.82412338256836,97.40990447998047,Stop,Stepping
1776271823.4787817,13618.483222831,13.981395721435547,-42.32007598876953,104.70845031738281,-16.13399314880371,-42.440425872802734,104.95906066894531,13.28976821899414,-32.06108856201172,97.2286148071289,-14.062211036682129,-34.54194259643555,97.55924987792969,Stop,Stepping
1776271823.498798,13618.483876626,13.554521560668945,-42.84687805175781,104.5846176147461,-15.649088859558105,-42.97538375854492,104.85286712646484,12.901137351989746,-32.850563049316406,97.40666198730469,-13.657326698303223,-35.255043029785156,97.69164276123047,Stop,Stepping
1776271823.518788,13618.490353678,13.13050365447998,-43.36467742919922,104.4473876953125,-15.167152404785156,-43.50106430053711,104.73198699951172,12.514113426208496,-33.63210678100586,97.56531524658203,-13.253844261169434,-35.960506439208984,97.80657196044922,Stop,Stepping
1776271823.5388114,13618.510890742,12.708709716796875,-43.87409591674805,104.29658508300781,-14.687490463256836,-44.0180778503418,104.5963134765625,12.128132820129395,-34.406620025634766,97.70482635498047,-12.851181983947754,-36.65916061401367,97.90420532226562,Stop,Stepping
1776271823.558796,13618.530840394,12.290624618530273,-44.37321853637695,104.13284301757812,-14.211809158325195,-44.524444580078125,104.44640350341797,11.744562149047852,-35.17115020751953,97.82479095458984,-12.450774192810059,-37.348350524902344,97.98429870605469,Stop,Stepping
1776271823.5787804,13618.550668381,11.875940322875977,-44.862308502197266,103.95619201660156,-13.739777565002441,-45.020423889160156,104.28231048583984,11.36313533782959,-35.92603302001953,97.92546081542969,-12.052350044250488,-38.02840042114258,98.04705810546875,Stop,Stepping
1776271823.5988004,13618.579589603,11.464098930358887,-45.34192657470703,103.76649475097656,-13.270781517028809,-45.506534576416016,104.10395050048828,10.983359336853027,-36.67203140258789,98.0070571899414,-11.655401229858398,-38.70001220703125,98.09265899658203,Stop,Stepping
1776271823.6186874,13618.590221096,11.058319091796875,-45.80826950073242,103.56548309326172,-12.808506965637207,-45.978919982910156,103.9129638671875,10.608224868774414,-37.40311813354492,98.06924438476562,-11.26305866241455,-39.357784271240234,98.12100219726562,Stop,Stepping
1776271823.6387873,13618.612008041,10.653071403503418,-46.267601013183594,103.3505630493164,-12.346667289733887,-46.44389724731445,103.70689392089844,10.232629776000977,-38.129024505615234,98.11299896240234,-10.870003700256348,-40.01049041748047,98.13261413574219,Stop,Stepping
1776271823.6588068,13618.635177109,10.253349304199219,-46.714176177978516,103.12445068359375,-11.890978813171387,-46.8956184387207,103.4883804321289,9.861223220825195,-38.8405647277832,98.13787078857422,-10.481101036071777,-40.64988327026367,98.12742614746094,Stop,Stepping
1776271823.6787872,13618.651315785,9.859651565551758,-47.14747619628906,102.8878402709961,-11.442024230957031,-47.33355712890625,103.25814056396484,9.494501113891602,-39.53670120239258,98.14429473876953,-10.096881866455078,-41.27505874633789,98.10588073730469,Stop,Stepping
1776271823.6987906,13618.670677696,9.470124244689941,-47.56956481933594,102.63994598388672,-10.997702598571777,-47.759796142578125,103.01543426513672,9.130763053894043,-40.22057342529297,98.13272094726562,-9.715578079223633,-41.88886260986328,98.0682373046875,Stop,Stepping
1776271823.7188096,13618.693686615,9.085253715515137,-47.97991943359375,102.3813247680664,-10.55859375,-48.173763275146484,102.76084899902344,8.770492553710938,-40.89113998413086,98.10343933105469,-9.337699890136719,-42.49038314819336,98.01480865478516,Stop,Stepping
1776271823.7387183,13618.711335549,8.708199501037598,-48.37527847290039,102.11455535888672,-10.12830924987793,-48.572181701660156,102.4969482421875,8.416680335998535,-41.542823791503906,98.05725860595703,-8.966401100158691,-43.074649810791016,97.94657135009766,Stop,Stepping
1776271823.758778,13618.732665648,8.333632469177246,-48.76128387451172,101.83619689941406,-9.700787544250488,-48.960723876953125,102.22038269042969,8.06435775756836,-42.184730529785156,97.99394226074219,-8.596475601196289,-43.649837493896484,97.86293029785156,Stop,Stepping
1776271823.7787879,13618.752094932,7.966012001037598,-49.133392333984375,101.54986572265625,-9.28113079071045,-49.334808349609375,101.93476867675781,7.717746257781982,-42.80908203125,97.91461181640625,-8.2323637008667,-44.209007263183594,97.76519775390625,Stop,Stepping
1776271823.7987964,13618.777273268,7.604432106018066,-49.4926643371582,101.2553482055664,-8.868315696716309,-49.69551467895508,101.6399154663086,7.37603235244751,-43.41740798950195,97.81969451904297,-7.873218536376953,-44.75355529785156,97.6537094116211,Stop,Stepping
1776271823.8188024,13618.793384331,7.249218463897705,-49.83894348144531,100.953369140625,-8.462726593017578,-50.042659759521484,101.33661651611328,7.039554595947266,-44.00914764404297,97.70984649658203,-7.519412517547607,-45.28300476074219,97.52909851074219,Stop,Stepping
1776271823.8387892,13618.812776594,6.9002814292907715,-50.17247009277344,100.64431762695312,-8.064276695251465,-50.37651443481445,101.02528381347656,6.708272933959961,-44.58445739746094,97.58566284179688,-7.170909881591797,-45.797508239746094,97.39188385009766,Stop,Stepping
1776271823.8587792,13618.832731412,6.557811737060547,-50.49325180053711,100.328857421875,-7.673186302185059,-50.69708251953125,100.70661926269531,6.382399559020996,-45.1430549621582,97.44779968261719,-6.827946662902832,-46.296852111816406,97.2426986694336,Stop,Stepping
1776271823.8787782,13618.850875919,6.222098350524902,-50.80121994018555,100.00776672363281,-7.289798259735107,-51.004310607910156,100.38146209716797,6.062252521514893,-45.68453598022461,97.29708099365234,-6.49086332321167,-46.78068923950195,97.08229064941406,Stop,Stepping
1776271823.898784,13618.870710453,5.893080711364746,-51.096656799316406,99.6814956665039,-6.914052963256836,-51.29848098754883,100.05030059814453,5.747809410095215,-46.209083557128906,97.13412475585938,-6.159652233123779,-47.249202728271484,96.91122436523438,Stop,Stepping
1776271823.918781,13618.890920932,5.571076393127441,-51.37950897216797,99.35090637207031,-6.546318531036377,-51.579593658447266,99.71408081054688,5.439416885375977,-46.71632385253906,96.95982360839844,-5.834681510925293,-47.70207977294922,96.7303237915039,Stop,Stepping
1776271823.9387937,13618.912822614,5.2561750411987305,-51.649967193603516,99.01667785644531,-6.186704635620117,-51.84779739379883,99.3734359741211,5.1371989250183105,-47.20624542236328,96.7749252319336,-5.516096591949463,-48.13933181762695,96.540283203125,Stop,Stepping
1776271823.9588106,13618.933108073,4.948169708251953,-51.90846633911133,98.67911529541016,-5.834975242614746,-52.10359191894531,99.02879333496094,4.840992450714111,-47.679359436035156,96.58006286621094,-5.203733444213867,-48.56142807006836,96.3416748046875,Stop,Stepping
1776271823.9787967,13618.962780967,4.647910118103027,-52.154605865478516,98.33978271484375,-5.4921135902404785,-52.34657287597656,98.68174743652344,4.551660060882568,-48.13455581665039,96.37655639648438,-4.898509979248047,-48.96739959716797,96.13571166992188,Stop,Stepping
1776271823.9988074,13618.972710592,4.354470729827881,-52.389404296875,97.9981689453125,-5.1570611000061035,-52.57780838012695,98.33184814453125,4.268351078033447,-48.57344436645508,96.16454315185547,-4.599536895751953,-49.358707427978516,95.92252349853516,Stop,Stepping
1776271824.0188463,13618.993173927,4.069045066833496,-52.61224365234375,97.65629577636719,-4.831186294555664,-52.796695709228516,97.98116302490234,3.992250680923462,-48.99449920654297,95.94567108154297,-4.308078765869141,-49.7339973449707,95.70364379882812,Stop,Stepping
1776271824.0388136,13619.015299647,3.790694236755371,-52.82417678833008,97.31363677978516,-4.5134172439575195,-53.00428771972656,97.62920379638672,3.7224957942962646,-49.39937210083008,95.72002410888672,-4.023226261138916,-50.09474563598633,95.47909545898438,Stop,Stepping
1776271824.0588028,13619.030780431,3.5200843811035156,-53.02500534057617,96.97162628173828,-4.204517364501953,-53.200462341308594,97.2774658203125,3.459764003753662,-49.787376403808594,95.48895263671875,-3.7457082271575928,-50.440364837646484,95.2501449584961,Stop,Stepping
1776271824.0788481,13619.051589097,3.257276773452759,-53.21503829956055,96.63094329833984,-3.904557466506958,-53.38552474975586,96.92668914794922,3.2041637897491455,-50.158721923828125,95.25332641601562,-3.4756431579589844,-50.77105712890625,95.0176010131836,Stop,Stepping
1776271824.0987945,13619.070528646,3.0021376609802246,-53.39472198486328,96.29208374023438,-3.6133856773376465,-53.55995178222656,96.577392578125,2.955591917037964,-50.5139274597168,95.01386260986328,-3.2129335403442383,-51.08728790283203,94.78206634521484,Stop,Stepping
1776271824.1188161,13619.090301981,2.7542991638183594,-53.56462860107422,95.95509338378906,-3.3305811882019043,-53.72434616088867,96.22969055175781,2.7137343883514404,-50.85382080078125,94.77098083496094,-2.957249402999878,-51.38983154296875,94.54396057128906,Stop,Stepping
1776271824.1387973,13619.111171399,2.5148563385009766,-53.72438430786133,95.62213134765625,-3.057389974594116,-53.878387451171875,95.88579559326172,2.4796884059906006,-51.17726135253906,94.52658081054688,-2.7097628116607666,-51.677635192871094,94.30503845214844,Stop,Stepping
1776271824.158802,13619.138174677,2.282806396484375,-53.874996185302734,95.29241180419922,-2.7926762104034424,-54.02308654785156,95.5449447631836,2.2525222301483154,-51.48595428466797,94.28050994873047,-2.469489574432373,-51.9522590637207,94.06510162353516,Stop,Stepping
1776271824.1788461,13619.190348238,2.0586915016174316,-54.01646423339844,94.96727752685547,-2.537050247192383,-54.158485412597656,95.20858001708984,2.032787799835205,-51.779518127441406,94.03404998779297,-2.2370283603668213,-52.2133674621582,93.82536315917969,Stop,Stepping
1776271824.1988137,13619.192153455,1.8421276807785034,-54.149375915527344,94.64682006835938,-2.2900748252868652,-54.28520584106445,94.87675476074219,1.820147156715393,-52.0588493347168,93.78763580322266,-2.0120186805725098,-52.46175003051758,93.58617401123047,Stop,Stepping
1776271824.2187908,13619.194417376,1.6338393688201904,-54.273643493652344,94.33264923095703,-2.0525662899017334,-54.40319061279297,94.55120849609375,1.6153433322906494,-52.323368072509766,93.54283905029297,-1.7952600717544556,-52.69692611694336,93.34904479980469,Stop,Stepping
1776271824.2388186,13619.216926028,1.4329010248184204,-54.39015579223633,94.02397918701172,-1.8234752416610718,-54.51333999633789,94.23114776611328,1.4174964427947998,-52.57463073730469,93.29936218261719,-1.5858209133148193,-52.9202766418457,93.11361694335938,Stop,Stepping
1776271824.2588,13619.237151912,1.2400178909301758,-54.498844146728516,93.72246551513672,-1.6036044359207153,-54.61563491821289,93.91829681396484,1.22733736038208,-52.81212615966797,93.05879974365234,-1.3844813108444214,-53.13132858276367,92.88139343261719,Stop,Stepping
1776271824.2788157,13619.255115004,1.0546308755874634,-54.60034942626953,93.42778778076172,-1.3923121690750122,-54.71073532104492,93.61236572265625,1.044337511062622,-53.036903381347656,92.82119750976562,-1.1906859874725342,-53.3310546875,92.65238189697266,Stop,Stepping
1776271824.2987983,13619.275500933,0.8772459626197815,-54.69472122192383,93.14128112792969,-1.1901665925979614,-54.79874038696289,93.31474304199219,0.8690249919891357,-53.24873733520508,92.58790588378906,-1.0050034523010254,-53.519229888916016,92.42784118652344,Stop,Stepping
1776271824.3187935,13619.291396936,0.7073435187339783,-54.782562255859375,92.86265563964844,-0.9965755343437195,-54.880245208740234,93.02515411376953,0.7009118795394897,-53.44858169555664,92.35895538330078,-0.8269174098968506,-53.696739196777344,92.207763671875,Stop,Stepping
1776271824.3388011,13619.316898053,0.5450849533081055,-54.86408996582031,92.59268951416016,-0.8117262721061707,-54.95550537109375,92.74439239501953,0.5401866436004639,-53.636619567871094,92.13521575927734,-0.6566336154937744,-53.86372756958008,91.99296569824219,Stop,Stepping
1776271824.358789,13619.344555802,0.3903704285621643,-54.93965530395508,92.33169555664062,-0.6354944705963135,-55.024906158447266,92.47284698486328,0.38677194714546204,-53.81331253051758,91.91722869873047,-0.49406924843788147,-54.02061080932617,91.78389739990234,Stop,Stepping
1776271824.3788528,13619.353926091,0.24314114451408386,-55.00956726074219,92.08003234863281,-0.46781373023986816,-55.08877182006836,92.21092224121094,0.24063445627689362,-53.97904586791992,91.70549774169922,-0.3391953110694885,-54.16774368286133,91.5810546875,Stop,Stepping
1776271824.3988166,13619.373421239,0.10321753472089767,-55.07419204711914,91.83788299560547,-0.3084731698036194,-55.14748764038086,91.9587631225586,0.10161484777927399,-54.13435745239258,91.5003662109375,-0.19184884428977966,-54.30561065673828,91.38471984863281,Stop,Stepping
1776271824.4188216,13619.393096089,-0.029159963130950928,-55.133670806884766,91.60607147216797,-0.1577513962984085,-55.20122528076172,91.71729278564453,-0.030024318024516106,-54.2792854309082,91.30276489257812,-0.05230971425771713,-54.43423843383789,91.19576263427734,Stop,Stepping
1776271824.4391177,13619.411621336,-0.1561783254146576,-55.1892204284668,91.38114929199219,-0.013143925927579403,-55.251129150390625,91.4828872680664,-0.15644298493862152,-54.416507720947266,91.10990905761719,0.08171657472848892,-54.55598449707031,91.01146697998047,Stop,Stepping
1776271824.4588068,13619.432443667,-0.2723829448223114,-55.238731384277344,91.17321014404297,0.11913313716650009,-55.29535675048828,91.26612854003906,-0.27219775319099426,-54.540428161621094,90.9306411743164,0.20444564521312714,-54.66593933105469,90.84031677246094,Stop,Stepping
1776271824.4788024,13619.454548325,-0.3832511007785797,-55.28477096557617,90.97286224365234,0.24531859159469604,-55.33625411987305,91.0572280883789,-0.3827093839645386,-54.65721130371094,90.75709533691406,0.3216330111026764,-54.769535064697266,90.67471313476562,Stop,Stepping
1776271824.498806,13619.500942658,-0.4873591959476471,-55.326942443847656,90.78299713134766,0.36379849910736084,-55.373497009277344,90.85918426513672,-0.4865614175796509,-54.76555633544922,90.59184265136719,0.43176233768463135,-54.86564254760742,90.51714324951172,Stop,Stepping
1776271824.5188613,13619.502588822,-0.5846405625343323,-55.36540985107422,90.60403442382812,0.4744979739189148,-55.40727233886719,90.67245483398438,-0.5836738348007202,-54.86565399169922,90.43543243408203,0.534752607345581,-54.95442581176758,90.36808013916016,Stop,Stepping
1776271824.5388021,13619.51050521,-0.6752240061759949,-55.4004020690918,90.43605041503906,0.5775638818740845,-55.43782424926758,90.49714660644531,-0.6741544604301453,-54.957855224609375,90.28805541992188,0.6307154297828674,-55.036190032958984,90.22769165039062,Stop,Stepping
1776271824.5588071,13619.532375772,-0.7592945098876953,-55.43217468261719,90.27899169921875,0.6732043623924255,-55.46541213989258,90.33320617675781,-0.7581732869148254,-55.04254150390625,90.14974212646484,0.7198341488838196,-55.11127471923828,90.09601593017578,Stop,Stepping
1776271824.5787828,13619.550598535,-0.836870551109314,-55.460880279541016,90.1330337524414,0.7614586353302002,-55.490196228027344,90.1808090209961,-0.8357457518577576,-55.11993408203125,90.02081298828125,0.8021272420883179,-55.179893493652344,89.97332763671875,Stop,Stepping
1776271824.5987978,13619.573384763,-0.9083404541015625,-55.48679733276367,89.99774169921875,0.8427526950836182,-55.512447357177734,90.03949737548828,-0.9072460532188416,-55.190589904785156,89.90093231201172,0.8779746890068054,-55.242530822753906,89.85928344726562,Stop,Stepping
1776271824.6188743,13619.599049858,-0.9738399386405945,-55.51010513305664,89.87299346923828,0.9172529578208923,-55.53236389160156,89.9092025756836,-0.9728116989135742,-55.25477981567383,89.79009246826172,0.9475274085998535,-55.299442291259766,89.75389862060547,Stop,Stepping
1776271824.6388311,13619.615503196,-1.0333219766616821,-55.53089904785156,89.75910186767578,0.984902560710907,-55.550052642822266,89.79023742675781,-1.0323677062988281,-55.312625885009766,89.68866729736328,1.0107172727584839,-55.350711822509766,89.65748596191406,Stop,Stepping
1776271824.658801,13619.631414975,-1.0872292518615723,-55.54944610595703,89.6553955078125,1.0462087392807007,-55.56574630737305,89.681884765625,-1.0863677263259888,-55.36466979980469,89.5960922241211,1.0680104494094849,-55.3968391418457,89.56951141357422,Stop,Stepping
1776271824.6787913,13619.653927424,-1.13564133644104,-55.56584930419922,89.56185150146484,1.101262092590332,-55.57957077026367,89.58412170410156,-1.134879469871521,-55.411102294921875,89.51243591308594,1.1194840669631958,-55.437992095947266,89.49003601074219,Stop,Stepping
1776271824.6988437,13619.671067782,-1.1788344383239746,-55.58028793334961,89.47806549072266,1.1503757238388062,-55.59168243408203,89.4965591430664,-1.178173303604126,-55.4522705078125,89.43736267089844,1.165419101715088,-55.47447204589844,89.41874694824219,Stop,Stepping
1776271824.7188084,13619.695850824,-1.217026948928833,-55.592891693115234,89.40371704101562,1.19380521774292,-55.60223388671875,89.41886138916016,-1.2164654731750488,-55.48849105834961,89.37065887451172,1.2060530185699463,-55.506568908691406,89.35538482666016,Stop,Stepping
1776271824.7387938,13619.710963745,-1.2503987550735474,-55.603790283203125,89.33856201171875,1.2317495346069336,-55.611305236816406,89.35074615478516,-1.2499349117279053,-55.519989013671875,89.31211853027344,1.2415660619735718,-55.534481048583984,89.2998275756836,Stop,Stepping
1776271824.7588272,13619.730940112,-1.2793463468551636,-55.6131477355957,89.2818832397461,1.2646592855453491,-55.61908721923828,89.29151916503906,-1.2789667844772339,-55.54718780517578,89.26113891601562,1.2723753452301025,-55.5585823059082,89.25142669677734,Stop,Stepping
1776271824.7787945,13619.751488927,-1.3039346933364868,-55.621028900146484,89.23363494873047,1.2926170825958252,-55.62561798095703,89.24107360839844,-1.303636908531189,-55.570213317871094,89.21771240234375,1.2985566854476929,-55.578983306884766,89.2101821899414,Stop,Stepping
1776271824.7988687,13619.773240596,-1.324641466140747,-55.627628326416016,89.19293975830078,1.3161553144454956,-55.63106918334961,89.19851684570312,-1.3244132995605469,-55.58954620361328,89.18101501464844,1.3206027746200562,-55.59610366821289,89.17536926269531,Stop,Stepping
1776271824.8188024,13619.804196429,-1.3416413068771362,-55.63300323486328,89.15945434570312,1.3354815244674683,-55.635498046875,89.16351318359375,-1.3414723873138428,-55.605369567871094,89.15083312988281,1.3387045860290527,-55.61013412475586,89.146728515625,Stop,Stepping
1776271824.838854,13619.813119977,-1.3552980422973633,-55.637298583984375,89.13253021240234,1.3510081768035889,-55.63904571533203,89.13536834716797,-1.3551790714263916,-55.61806106567383,89.12653350830078,1.3532520532608032,-55.621368408203125,89.12367248535156,Stop,Stepping
1776271824.8587954,13619.833967965,-1.3659322261810303,-55.6406364440918,89.1115493774414,1.3630999326705933,-55.64179229736328,89.11341857910156,-1.3658539056777954,-55.62792205810547,89.10757446289062,1.364580750465393,-55.63011169433594,89.10568237304688,Stop,Stepping
1776271824.878841,13619.851026725,-1.3739049434661865,-55.643123626708984,89.09578704833984,1.37216055393219,-55.64383316040039,89.0969467163086,-1.3738529682159424,-55.63530349731445,89.0933609008789,1.3730709552764893,-55.63665771484375,89.09220886230469,Stop,Stepping
1776271824.8988063,13619.883198862,-1.3795219659805298,-55.64488220214844,89.08468627929688,1.378548502922058,-55.6452751159668,89.0853271484375,-1.379495620727539,-55.64051055908203,89.08332824707031,1.3790595531463623,-55.641258239746094,89.0826644897461,Stop,Stepping
1776271824.9187887,13619.890852387,-1.3832101821899414,-55.646026611328125,89.07740020751953,1.3827393054962158,-55.646217346191406,89.07771301269531,-1.3831943273544312,-55.6439208984375,89.07674407958984,1.3829858303070068,-55.644283294677734,89.07643127441406,Stop,Stepping
1776271824.9387922,13619.910525381,-1.3853451013565063,-55.646690368652344,89.07316589355469,1.3851683139801025,-55.64676284790039,89.07329559326172,-1.3853390216827393,-55.645896911621094,89.07292938232422,1.385262131690979,-55.646034240722656,89.07280731201172,Stop,Stepping
1776271824.9588168,13619.93448657,-1.3863403797149658,-55.647003173828125,89.07120513916016,1.38629949092865,-55.64701461791992,89.07122039794922,-1.3863394260406494,-55.646820068359375,89.07115173339844,1.386323094367981,-55.6468505859375,89.07111358642578,Stop,Stepping
1776271824.978793,13619.956518617,-1.386628270149231,-55.64708709716797,89.07063293457031,1.3866252899169922,-55.64708709716797,89.07064056396484,-1.3866252899169922,-55.6470832824707,89.07064056396484,1.3866252899169922,-55.6470832824707,89.07064056396484,Stop,Stepping
1776271825.018882,13620.010372801,-1.3866409063339233,-55.647098541259766,89.07061004638672,1.3866409063339233,-55.647098541259766,89.07061004638672,-1.3866409063339233,-55.647090911865234,89.07061004638672,1.3866409063339233,-55.647090911865234,89.07061004638672,Stop,Stepping
1776271825.0388184,13620.012494011,-1.3866409063339233,-55.647098541259766,89.07061004638672,1.3866409063339233,-55.647098541259766,89.07061004638672,-1.3866409063339233,-55.647090911865234,89.07061004638672,1.3866409063339233,-55.647090911865234,89.07061004638672,Stop,Stepping
1776271825.0588024,13620.034111987,-1.3866409063339233,-55.647098541259766,89.07061004638672,1.3866409063339233,-55.647098541259766,89.07061004638672,-1.3866409063339233,-55.647090911865234,89.07061004638672,1.3866409063339233,-55.647090911865234,89.07061004638672,Stop,Stepping
1776271825.0788186,13620.055344086,-1.3866409063339233,-55.647098541259766,89.07061004638672,1.3866409063339233,-55.647098541259766,89.07061004638672,-1.3866409063339233,-55.647090911865234,89.07061004638672,1.3866409063339233,-55.647090911865234,89.07061004638672,Stop,Stepping
1776271825.0988147,13620.078567886,-1.3866409063339233,-55.647098541259766,89.07061004638672,1.3866409063339233,-55.647098541259766,89.07061004638672,-1.3866409063339233,-55.647090911865234,89.07061004638672,1.3866409063339233,-55.647090911865234,89.07061004638672,Stop,Stepping
1776271825.1188045,13620.147661901,-1.3866409063339233,-55.647098541259766,89.07061004638672,1.3866409063339233,-55.647098541259766,89.07061004638672,-1.3866409063339233,-55.647090911865234,89.07061004638672,1.3866409063339233,-55.647090911865234,89.07061004638672,Stop,Stepping
1776271825.1388643,13620.149698868,-1.3866409063339233,-55.647098541259766,89.07061004638672,1.3866409063339233,-55.647098541259766,89.07061004638672,-1.3866409063339233,-55.647090911865234,89.07061004638672,1.3866409063339233,-55.647090911865234,89.07061004638672,Stop,Stepping
1776271825.1588192,13620.151733122,-1.3866409063339233,-55.647098541259766,89.07061004638672,1.3866409063339233,-55.647098541259766,89.07061004638672,-1.3866409063339233,-55.647090911865234,89.07061004638672,1.3866409063339233,-55.647090911865234,89.07061004638672,Stop,Stepping
1776271825.178805,13620.153748147,-1.3866409063339233,-55.647098541259766,89.07061004638672,1.3866409063339233,-55.647098541259766,89.07061004638672,-1.3866409063339233,-55.647090911865234,89.07061004638672,1.3866409063339233,-55.647090911865234,89.07061004638672,Stop,Stepping
1776271825.1987975,13620.171214309,-1.3866409063339233,-55.647098541259766,89.07061004638672,1.3866409063339233,-55.647098541259766,89.07061004638672,-1.3866409063339233,-55.647090911865234,89.07061004638672,1.3866409063339233,-55.647090911865234,89.07061004638672,Stop,Stepping
1776271825.218834,13620.195724534,-1.3866409063339233,-55.647098541259766,89.07061004638672,1.3866409063339233,-55.647098541259766,89.07061004638672,-1.3866409063339233,-55.647090911865234,89.07061004638672,1.3866409063339233,-55.647090911865234,89.07061004638672,Stop,Stepping
1776271825.2388613,13620.212887482,-1.3866409063339233,-55.647098541259766,89.07061004638672,1.3866409063339233,-55.647098541259766,89.07061004638672,-1.3866409063339233,-55.647090911865234,89.07061004638672,1.3866409063339233,-55.647090911865234,89.07061004638672,Stop,Stepping
1776271825.2588103,13620.23124771,-1.3866409063339233,-55.647098541259766,89.07061004638672,1.3866409063339233,-55.647098541259766,89.07061004638672,-1.3866409063339233,-55.647090911865234,89.07061004638672,1.3866409063339233,-55.647090911865234,89.07061004638672,Stop,Stepping
1776271825.278815,13620.251166729,-1.3866409063339233,-55.647098541259766,89.07061004638672,1.3866409063339233,-55.647098541259766,89.07061004638672,-1.3866409063339233,-55.647090911865234,89.07061004638672,1.3866409063339233,-55.647090911865234,89.07061004638672,Stop,Stepping
1776271825.2987456,13620.271117691,-1.3866409063339233,-55.647098541259766,89.07061004638672,1.3866409063339233,-55.647098541259766,89.07061004638672,-1.3866409063339233,-55.647090911865234,89.07061004638672,1.3866409063339233,-55.647090911865234,89.07061004638672,Stop,Stepping
1776271825.3188224,13620.296559956,-1.3866409063339233,-55.647098541259766,89.07061004638672,1.3866409063339233,-55.647098541259766,89.07061004638672,-1.3866409063339233,-55.647090911865234,89.07061004638672,1.3866409063339233,-55.647090911865234,89.07061004638672,Stop,Stepping
1776271825.3388233,13620.32327561,-1.3866409063339233,-55.647098541259766,89.07061004638672,1.3866409063339233,-55.647098541259766,89.07061004638672,-1.3866409063339233,-55.647090911865234,89.07061004638672,1.3866409063339233,-55.647090911865234,89.07061004638672,Stop,Stepping
1776271825.358817,13620.331082121,-1.3866409063339233,-55.647098541259766,89.07061004638672,1.3866409063339233,-55.647098541259766,89.07061004638672,-1.3866409063339233,-55.647090911865234,89.07061004638672,1.3866409063339233,-55.647090911865234,89.07061004638672,Stop,Stepping
1776271825.3788164,13620.353150462,-1.3866409063339233,-55.647098541259766,89.07061004638672,1.3866409063339233,-55.647098541259766,89.07061004638672,-1.3866409063339233,-55.647090911865234,89.07061004638672,1.3866409063339233,-55.647090911865234,89.07061004638672,Stop,Stepping
1776271825.3988235,13620.371261175,-1.3866409063339233,-55.647098541259766,89.07061004638672,1.3866409063339233,-55.647098541259766,89.07061004638672,-1.3866409063339233,-55.647090911865234,89.07061004638672,1.3866409063339233,-55.647090911865234,89.07061004638672,Stop,Stepping
1776271825.4188273,13620.393577227,-1.3866409063339233,-55.647098541259766,89.07061004638672,1.3866409063339233,-55.647098541259766,89.07061004638672,-1.3866409063339233,-55.647090911865234,89.07061004638672,1.3866409063339233,-55.647090911865234,89.07061004638672,Stop,Stepping
1776271825.4388194,13620.410913365,-1.3866409063339233,-55.647098541259766,89.07061004638672,1.3866409063339233,-55.647098541259766,89.07061004638672,-1.3866409063339233,-55.647090911865234,89.07061004638672,1.3866409063339233,-55.647090911865234,89.07061004638672,Stop,Stepping
1776271825.4588213,13620.431550756,-1.3866409063339233,-55.647098541259766,89.07061004638672,1.3866409063339233,-55.647098541259766,89.07061004638672,-1.3866409063339233,-55.647090911865234,89.07061004638672,1.3866409063339233,-55.647090911865234,89.07061004638672,Stop,Stepping
1776271825.4788146,13620.46079192,-1.3866409063339233,-55.647098541259766,89.07061004638672,1.3866409063339233,-55.647098541259766,89.07061004638672,-1.3866409063339233,-55.647090911865234,89.07061004638672,1.3866409063339233,-55.647090911865234,89.07061004638672,Stop,Stepping
1776271825.4988189,13620.472710576,-1.3866409063339233,-55.647098541259766,89.07061004638672,1.3866409063339233,-55.647098541259766,89.07061004638672,-1.3866409063339233,-55.647090911865234,89.07061004638672,1.3866409063339233,-55.647090911865234,89.07061004638672,Stop,Stepping
1776271825.5187988,13620.507154075,-1.3866409063339233,-55.647098541259766,89.07061004638672,1.3866409063339233,-55.647098541259766,89.07061004638672,-1.3866409063339233,-55.647090911865234,89.07061004638672,1.3866409063339233,-55.647090911865234,89.07061004638672,Stop,Stepping
1776271825.5388198,13620.522086977,-1.3866409063339233,-55.647098541259766,89.07061004638672,1.3866409063339233,-55.647098541259766,89.07061004638672,-1.3866409063339233,-55.647090911865234,89.07061004638672,1.3866409063339233,-55.647090911865234,89.07061004638672,Stop,Stepping
1776271825.5588114,13620.534323908,-1.3866409063339233,-55.647098541259766,89.07061004638672,1.3866409063339233,-55.647098541259766,89.07061004638672,-1.3866409063339233,-55.647090911865234,89.07061004638672,1.3866409063339233,-55.647090911865234,89.07061004638672,Stop,Stepping
1776271825.5788007,13620.555243453,-1.3866409063339233,-55.647098541259766,89.07061004638672,1.3866409063339233,-55.647098541259766,89.07061004638672,-1.3866409063339233,-55.647090911865234,89.07061004638672,1.3866409063339233,-55.647090911865234,89.07061004638672,Stop,Stepping
1776271825.5988288,13620.571166784,-1.3866409063339233,-55.647098541259766,89.07061004638672,1.3866409063339233,-55.647098541259766,89.07061004638672,-1.3866409063339233,-55.647090911865234,89.07061004638672,1.3866409063339233,-55.647090911865234,89.07061004638672,Stop,Stepping
1776271825.6188025,13620.591472859,-1.3866409063339233,-55.647098541259766,89.07061004638672,1.3866409063339233,-55.647098541259766,89.07061004638672,-1.3866409063339233,-55.647090911865234,89.07061004638672,1.3866409063339233,-55.647090911865234,89.07061004638672,Stop,Stepping
1776271825.6387956,13620.611789769,-1.3866409063339233,-55.647098541259766,89.07061004638672,1.3866409063339233,-55.647098541259766,89.07061004638672,-1.3866409063339233,-55.647090911865234,89.07061004638672,1.3866409063339233,-55.647090911865234,89.07061004638672,Stop,Stepping
1776271825.6587975,13620.631684961,-1.3866409063339233,-55.647098541259766,89.07061004638672,1.3866409063339233,-55.647098541259766,89.07061004638672,-1.3866409063339233,-55.647090911865234,89.07061004638672,1.3866409063339233,-55.647090911865234,89.07061004638672,Stop,Stepping
1776271825.6788085,13620.659186414,-1.3866409063339233,-55.647098541259766,89.07061004638672,1.3866409063339233,-55.647098541259766,89.07061004638672,-1.3866409063339233,-55.647090911865234,89.07061004638672,1.3866409063339233,-55.647090911865234,89.07061004638672,Stop,Stepping
1776271825.6988218,13620.67547929,-1.3866409063339233,-55.647098541259766,89.07061004638672,1.3866409063339233,-55.647098541259766,89.07061004638672,-1.3866409063339233,-55.647090911865234,89.07061004638672,1.3866409063339233,-55.647090911865234,89.07061004638672,Stop,Stepping
1776271825.718786,13620.690563201,-1.3866409063339233,-55.647098541259766,89.07061004638672,1.3866409063339233,-55.647098541259766,89.07061004638672,-1.3866409063339233,-55.647090911865234,89.07061004638672,1.3866409063339233,-55.647090911865234,89.07061004638672,Stop,Stepping
1776271825.7388039,13620.712882259,-1.3866409063339233,-55.647098541259766,89.07061004638672,1.3866409063339233,-55.647098541259766,89.07061004638672,-1.3866409063339233,-55.647090911865234,89.07061004638672,1.3866409063339233,-55.647090911865234,89.07061004638672,Stop,Stepping
1776271825.7588127,13620.731835445,-1.3866409063339233,-55.647098541259766,89.07061004638672,1.3866409063339233,-55.647098541259766,89.07061004638672,-1.3866409063339233,-55.647090911865234,89.07061004638672,1.3866409063339233,-55.647090911865234,89.07061004638672,Stop,Stepping
1776271825.7787955,13620.754942134,-1.3866409063339233,-55.647098541259766,89.07061004638672,1.3866409063339233,-55.647098541259766,89.07061004638672,-1.3866409063339233,-55.647090911865234,89.07061004638672,1.3866409063339233,-55.647090911865234,89.07061004638672,Stop,Stepping
1776271825.7988157,13620.770832743,-1.3866409063339233,-55.647098541259766,89.07061004638672,1.3866409063339233,-55.647098541259766,89.07061004638672,-1.3866409063339233,-55.647090911865234,89.07061004638672,1.3866409063339233,-55.647090911865234,89.07061004638672,Stop,Stepping
1776271825.8187895,13620.792864803,-1.3866409063339233,-55.647098541259766,89.07061004638672,1.3866409063339233,-55.647098541259766,89.07061004638672,-1.3866409063339233,-55.647090911865234,89.07061004638672,1.3866409063339233,-55.647090911865234,89.07061004638672,Stop,Stepping
1776271825.8388016,13620.812845601,-1.3866409063339233,-55.647098541259766,89.07061004638672,1.3866409063339233,-55.647098541259766,89.07061004638672,-1.3866409063339233,-55.647090911865234,89.07061004638672,1.3866409063339233,-55.647090911865234,89.07061004638672,Stop,Stepping
1776271825.8588092,13620.832541388,-1.3866409063339233,-55.647098541259766,89.07061004638672,1.3866409063339233,-55.647098541259766,89.07061004638672,-1.3866409063339233,-55.647090911865234,89.07061004638672,1.3866409063339233,-55.647090911865234,89.07061004638672,Stop,Stepping
1776271825.8788083,13620.860225987,-1.3866409063339233,-55.647098541259766,89.07061004638672,1.3866409063339233,-55.647098541259766,89.07061004638672,-1.3866409063339233,-55.647090911865234,89.07061004638672,1.3866409063339233,-55.647090911865234,89.07061004638672,Stop,Stepping
1776271825.898813,13620.870394047,-1.3866409063339233,-55.647098541259766,89.07061004638672,1.3866409063339233,-55.647098541259766,89.07061004638672,-1.3866409063339233,-55.647090911865234,89.07061004638672,1.3866409063339233,-55.647090911865234,89.07061004638672,Stop,Stepping
1776271825.91881,13620.89054807,-1.3866409063339233,-55.647098541259766,89.07061004638672,1.3866409063339233,-55.647098541259766,89.07061004638672,-1.3866409063339233,-55.647090911865234,89.07061004638672,1.3866409063339233,-55.647090911865234,89.07061004638672,Stop,Stepping
1776271825.9388478,13620.912289276,-1.3866409063339233,-55.647098541259766,89.07061004638672,1.3866409063339233,-55.647098541259766,89.07061004638672,-1.3866409063339233,-55.647090911865234,89.07061004638672,1.3866409063339233,-55.647090911865234,89.07061004638672,Stop,Stepping
1776271825.9588833,13620.93753349,-1.3866409063339233,-55.647098541259766,89.07061004638672,1.3866409063339233,-55.647098541259766,89.07061004638672,-1.3866409063339233,-55.647090911865234,89.07061004638672,1.3866409063339233,-55.647090911865234,89.07061004638672,Stop,Stepping
1776271825.9788945,13620.951814773,-1.3866409063339233,-55.647098541259766,89.07061004638672,1.3866409063339233,-55.647098541259766,89.07061004638672,-1.3866409063339233,-55.647090911865234,89.07061004638672,1.3866409063339233,-55.647090911865234,89.07061004638672,Stop,Stepping
1776271825.9988167,13620.97336857,-1.3866409063339233,-55.647098541259766,89.07061004638672,1.3866409063339233,-55.647098541259766,89.07061004638672,-1.3866409063339233,-55.647090911865234,89.07061004638672,1.3866409063339233,-55.647090911865234,89.07061004638672,Stop,Stepping
1776271826.0188591,13620.994017727,-1.3866409063339233,-55.647098541259766,89.07061004638672,1.3866409063339233,-55.647098541259766,89.07061004638672,-1.3866409063339233,-55.647090911865234,89.07061004638672,1.3866409063339233,-55.647090911865234,89.07061004638672,Stop,Stepping
1776271826.0388649,13621.010868572,-1.3866409063339233,-55.647098541259766,89.07061004638672,1.3866409063339233,-55.647098541259766,89.07061004638672,-1.3866409063339233,-55.647090911865234,89.07061004638672,1.3866409063339233,-55.647090911865234,89.07061004638672,Stop,Stepping
1776271826.058868,13621.031352799,-1.3866409063339233,-55.647098541259766,89.07061004638672,1.3866409063339233,-55.647098541259766,89.07061004638672,-1.3866409063339233,-55.647090911865234,89.07061004638672,1.3866409063339233,-55.647090911865234,89.07061004638672,Stop,Stepping
1776271826.078865,13621.067800904,-1.3866409063339233,-55.647098541259766,89.07061004638672,1.3866409063339233,-55.647098541259766,89.07061004638672,-1.3866409063339233,-55.647090911865234,89.07061004638672,1.3866409063339233,-55.647090911865234,89.07061004638672,Stop,Stepping
1776271826.0988822,13621.073146195,-1.3866409063339233,-55.647098541259766,89.07061004638672,1.3866409063339233,-55.647098541259766,89.07061004638672,-1.3866409063339233,-55.647090911865234,89.07061004638672,1.3866409063339233,-55.647090911865234,89.07061004638672,Stop,Stepping
1776271826.1188915,13621.097057255,-1.3866409063339233,-55.647098541259766,89.07061004638672,1.3866409063339233,-55.647098541259766,89.07061004638672,-1.3866409063339233,-55.647090911865234,89.07061004638672,1.3866409063339233,-55.647090911865234,89.07061004638672,Stop,Stepping
1776271826.1388836,13621.114580434,-1.3866409063339233,-55.647098541259766,89.07061004638672,1.3866409063339233,-55.647098541259766,89.07061004638672,-1.3866409063339233,-55.647090911865234,89.07061004638672,1.3866409063339233,-55.647090911865234,89.07061004638672,Stop,Stepping
1776271826.1588378,13621.143560202,-1.3866409063339233,-55.647098541259766,89.07061004638672,1.3866409063339233,-55.647098541259766,89.07061004638672,-1.3866409063339233,-55.647090911865234,89.07061004638672,1.3866409063339233,-55.647090911865234,89.07061004638672,Stop,Stepping
1776271826.178835,13621.153061138,-1.3866409063339233,-55.647098541259766,89.07061004638672,1.3866409063339233,-55.647098541259766,89.07061004638672,-1.3866409063339233,-55.647090911865234,89.07061004638672,1.3866409063339233,-55.647090911865234,89.07061004638672,Stop,Stepping
1776271826.198823,13621.171286105,-1.3866409063339233,-55.647098541259766,89.07061004638672,1.3866409063339233,-55.647098541259766,89.07061004638672,-1.3866409063339233,-55.647090911865234,89.07061004638672,1.3866409063339233,-55.647090911865234,89.07061004638672,Stop,Stepping
1776271826.218827,13621.19098302,-1.3866409063339233,-55.647098541259766,89.07061004638672,1.3866409063339233,-55.647098541259766,89.07061004638672,-1.3866409063339233,-55.647090911865234,89.07061004638672,1.3866409063339233,-55.647090911865234,89.07061004638672,Stop,Stepping
1776271826.2392063,13621.211243359,-1.3866409063339233,-55.647098541259766,89.07061004638672,1.3866409063339233,-55.647098541259766,89.07061004638672,-1.3866409063339233,-55.647090911865234,89.07061004638672,1.3866409063339233,-55.647090911865234,89.07061004638672,Stop,Stepping
1776271826.2588243,13621.240266887,-1.3866409063339233,-55.647098541259766,89.07061004638672,1.3866409063339233,-55.647098541259766,89.07061004638672,-1.3866409063339233,-55.647090911865234,89.07061004638672,1.3866409063339233,-55.647090911865234,89.07061004638672,Stop,Stepping
1776271826.2788353,13621.251157976,-1.3866409063339233,-55.647098541259766,89.07061004638672,1.3866409063339233,-55.647098541259766,89.07061004638672,-1.3866409063339233,-55.647090911865234,89.07061004638672,1.3866409063339233,-55.647090911865234,89.07061004638672,Stop,Stepping
1776271826.2988272,13621.271865116,-1.3866409063339233,-55.647098541259766,89.07061004638672,1.3866409063339233,-55.647098541259766,89.07061004638672,-1.3866409063339233,-55.647090911865234,89.07061004638672,1.3866409063339233,-55.647090911865234,89.07061004638672,Stop,Stepping
1776271826.318835,13621.291117153,-1.3866409063339233,-55.647098541259766,89.07061004638672,1.3866409063339233,-55.647098541259766,89.07061004638672,-1.3866409063339233,-55.647090911865234,89.07061004638672,1.3866409063339233,-55.647090911865234,89.07061004638672,Stop,Stepping
1776271826.3389025,13621.312195094,-1.3866409063339233,-55.647098541259766,89.07061004638672,1.3866409063339233,-55.647098541259766,89.07061004638672,-1.3866409063339233,-55.647090911865234,89.07061004638672,1.3866409063339233,-55.647090911865234,89.07061004638672,Stop,Stepping
1776271826.3588328,13621.3317203,-1.3866409063339233,-55.647098541259766,89.07061004638672,1.3866409063339233,-55.647098541259766,89.07061004638672,-1.3866409063339233,-55.647090911865234,89.07061004638672,1.3866409063339233,-55.647090911865234,89.07061004638672,Stop,Stepping
1776271826.3788123,13621.351403801,-1.3866409063339233,-55.647098541259766,89.07061004638672,1.3866409063339233,-55.647098541259766,89.07061004638672,-1.3866409063339233,-55.647090911865234,89.07061004638672,1.3866409063339233,-55.647090911865234,89.07061004638672,Stop,Stepping
1776271826.3988547,13621.373086924,-1.3866409063339233,-55.647098541259766,89.07061004638672,1.3866409063339233,-55.647098541259766,89.07061004638672,-1.3866409063339233,-55.647090911865234,89.07061004638672,1.3866409063339233,-55.647090911865234,89.07061004638672,Stop,Stepping
1776271826.418855,13621.390524412,-1.3866409063339233,-55.647098541259766,89.07061004638672,1.3866409063339233,-55.647098541259766,89.07061004638672,-1.3866409063339233,-55.647090911865234,89.07061004638672,1.3866409063339233,-55.647090911865234,89.07061004638672,Stop,Stepping
1776271826.4388688,13621.410913602,-1.3866409063339233,-55.647098541259766,89.07061004638672,1.3866409063339233,-55.647098541259766,89.07061004638672,-1.3866409063339233,-55.647090911865234,89.07061004638672,1.3866409063339233,-55.647090911865234,89.07061004638672,Stop,Stepping
1776271826.4588237,13621.432588166,-1.3866409063339233,-55.647098541259766,89.07061004638672,1.3866409063339233,-55.647098541259766,89.07061004638672,-1.3866409063339233,-55.647090911865234,89.07061004638672,1.3866409063339233,-55.647090911865234,89.07061004638672,Stop,Stepping
1776271826.4788265,13621.45269187,-1.3866409063339233,-55.647098541259766,89.07061004638672,1.3866409063339233,-55.647098541259766,89.07061004638672,-1.3866409063339233,-55.647090911865234,89.07061004638672,1.3866409063339233,-55.647090911865234,89.07061004638672,Stop,Stepping
1776271826.4988139,13621.477511542,-1.3866409063339233,-55.647098541259766,89.07061004638672,1.3866409063339233,-55.647098541259766,89.07061004638672,-1.3866409063339233,-55.647090911865234,89.07061004638672,1.3866409063339233,-55.647090911865234,89.07061004638672,Stop,Stepping
1776271826.5188315,13621.491144539,-1.3866409063339233,-55.647098541259766,89.07061004638672,1.3866409063339233,-55.647098541259766,89.07061004638672,-1.3866409063339233,-55.647090911865234,89.07061004638672,1.3866409063339233,-55.647090911865234,89.07061004638672,Stop,Stepping
1776271826.5388608,13621.51268984,-1.3866409063339233,-55.647098541259766,89.07061004638672,1.3866409063339233,-55.647098541259766,89.07061004638672,-1.3866409063339233,-55.647090911865234,89.07061004638672,1.3866409063339233,-55.647090911865234,89.07061004638672,Stop,Stepping
1776271826.5588233,13621.530717445,-1.3866409063339233,-55.647098541259766,89.07061004638672,1.3866409063339233,-55.647098541259766,89.07061004638672,-1.3866409063339233,-55.647090911865234,89.07061004638672,1.3866409063339233,-55.647090911865234,89.07061004638672,Stop,Stepping
1776271826.5788424,13621.550540569,-1.3866409063339233,-55.647098541259766,89.07061004638672,1.3866409063339233,-55.647098541259766,89.07061004638672,-1.3866409063339233,-55.647090911865234,89.07061004638672,1.3866409063339233,-55.647090911865234,89.07061004638672,Stop,Stepping
1776271826.5988533,13621.570717821,-1.3866409063339233,-55.647098541259766,89.07061004638672,1.3866409063339233,-55.647098541259766,89.07061004638672,-1.3866409063339233,-55.647090911865234,89.07061004638672,1.3866409063339233,-55.647090911865234,89.07061004638672,Stop,Stepping
1776271826.6188629,13621.590987464,-1.3866409063339233,-55.647098541259766,89.07061004638672,1.3866409063339233,-55.647098541259766,89.07061004638672,-1.3866409063339233,-55.647090911865234,89.07061004638672,1.3866409063339233,-55.647090911865234,89.07061004638672,Stop,Stepping
1776271826.6388466,13621.610759175,-1.3866409063339233,-55.647098541259766,89.07061004638672,1.3866409063339233,-55.647098541259766,89.07061004638672,-1.3866409063339233,-55.647090911865234,89.07061004638672,1.3866409063339233,-55.647090911865234,89.07061004638672,Stop,Stepping
1776271826.658812,13621.631048167,-1.3866409063339233,-55.647098541259766,89.07061004638672,1.3866409063339233,-55.647098541259766,89.07061004638672,-1.3866409063339233,-55.647090911865234,89.07061004638672,1.3866409063339233,-55.647090911865234,89.07061004638672,Stop,Stepping
1776271826.6788297,13621.652095999,-1.3866409063339233,-55.647098541259766,89.07061004638672,1.3866409063339233,-55.647098541259766,89.07061004638672,-1.3866409063339233,-55.647090911865234,89.07061004638672,1.3866409063339233,-55.647090911865234,89.07061004638672,Stop,Stepping
1776271826.6988177,13621.671260942,-1.3866409063339233,-55.647098541259766,89.07061004638672,1.3866409063339233,-55.647098541259766,89.07061004638672,-1.3866409063339233,-55.647090911865234,89.07061004638672,1.3866409063339233,-55.647090911865234,89.07061004638672,Stop,Stepping
1776271826.7187989,13621.690961167,-1.3866409063339233,-55.647098541259766,89.07061004638672,1.3866409063339233,-55.647098541259766,89.07061004638672,-1.3866409063339233,-55.647090911865234,89.07061004638672,1.3866409063339233,-55.647090911865234,89.07061004638672,Stop,Stepping
1776271826.7388093,13621.71092197,-1.3866409063339233,-55.647098541259766,89.07061004638672,1.3866409063339233,-55.647098541259766,89.07061004638672,-1.3866409063339233,-55.647090911865234,89.07061004638672,1.3866409063339233,-55.647090911865234,89.07061004638672,Stop,Stepping
1776271826.7588007,13621.730774074,-1.3866409063339233,-55.647098541259766,89.07061004638672,1.3866409063339233,-55.647098541259766,89.07061004638672,-1.3866409063339233,-55.647090911865234,89.07061004638672,1.3866409063339233,-55.647090911865234,89.07061004638672,Stop,Stepping
1776271826.7788112,13621.750536619,-1.3866409063339233,-55.647098541259766,89.07061004638672,1.3866409063339233,-55.647098541259766,89.07061004638672,-1.3866409063339233,-55.647090911865234,89.07061004638672,1.3866409063339233,-55.647090911865234,89.07061004638672,Stop,Stepping
1776271826.7987952,13621.771840986,-1.3866409063339233,-55.647098541259766,89.07061004638672,1.3866409063339233,-55.647098541259766,89.07061004638672,-1.3866409063339233,-55.647090911865234,89.07061004638672,1.3866409063339233,-55.647090911865234,89.07061004638672,Stop,Stepping
1776271826.8188033,13621.790558208,-1.3866409063339233,-55.647098541259766,89.07061004638672,1.3866409063339233,-55.647098541259766,89.07061004638672,-1.3866409063339233,-55.647090911865234,89.07061004638672,1.3866409063339233,-55.647090911865234,89.07061004638672,Stop,Stepping
1776271826.8388214,13621.811115698,-1.3866409063339233,-55.647098541259766,89.07061004638672,1.3866409063339233,-55.647098541259766,89.07061004638672,-1.3866409063339233,-55.647090911865234,89.07061004638672,1.3866409063339233,-55.647090911865234,89.07061004638672,Stop,Stepping
1776271826.8588157,13621.830934822,-1.3866409063339233,-55.647098541259766,89.07061004638672,1.3866409063339233,-55.647098541259766,89.07061004638672,-1.3866409063339233,-55.647090911865234,89.07061004638672,1.3866409063339233,-55.647090911865234,89.07061004638672,Stop,Stepping
1776271826.87881,13621.850874786,-1.3866409063339233,-55.647098541259766,89.07061004638672,1.3866409063339233,-55.647098541259766,89.07061004638672,-1.3866409063339233,-55.647090911865234,89.07061004638672,1.3866409063339233,-55.647090911865234,89.07061004638672,Stop,Stepping
1776271826.898847,13621.880484719,-1.3866409063339233,-55.647098541259766,89.07061004638672,1.3866409063339233,-55.647098541259766,89.07061004638672,-1.3866409063339233,-55.647090911865234,89.07061004638672,1.3866409063339233,-55.647090911865234,89.07061004638672,Stop,Stepping
1776271826.9188569,13621.891160353,-1.3866409063339233,-55.647098541259766,89.07061004638672,1.3866409063339233,-55.647098541259766,89.07061004638672,-1.3866409063339233,-55.647090911865234,89.07061004638672,1.3866409063339233,-55.647090911865234,89.07061004638672,Stop,Stepping
1776271826.9388711,13621.911106605,-1.3866409063339233,-55.647098541259766,89.07061004638672,1.3866409063339233,-55.647098541259766,89.07061004638672,-1.3866409063339233,-55.647090911865234,89.07061004638672,1.3866409063339233,-55.647090911865234,89.07061004638672,Stop,Stepping
1776271826.9589064,13621.930457683,-1.3866409063339233,-55.647098541259766,89.07061004638672,1.3866409063339233,-55.647098541259766,89.07061004638672,-1.3866409063339233,-55.647090911865234,89.07061004638672,1.3866409063339233,-55.647090911865234,89.07061004638672,Stop,Stepping
1776271826.9788582,13621.951068177,-1.3866409063339233,-55.647098541259766,89.07061004638672,1.3866409063339233,-55.647098541259766,89.07061004638672,-1.3866409063339233,-55.647090911865234,89.07061004638672,1.3866409063339233,-55.647090911865234,89.07061004638672,Stop,Stepping
1776271826.998835,13621.970960348,-1.3866409063339233,-55.647098541259766,89.07061004638672,1.3866409063339233,-55.647098541259766,89.07061004638672,-1.3866409063339233,-55.647090911865234,89.07061004638672,1.3866409063339233,-55.647090911865234,89.07061004638672,Stop,Stepping
1776271827.018856,13621.992253974,-1.3866409063339233,-55.647098541259766,89.07061004638672,1.3866409063339233,-55.647098541259766,89.07061004638672,-1.3866409063339233,-55.647090911865234,89.07061004638672,1.3866409063339233,-55.647090911865234,89.07061004638672,Stop,Stepping
1776271827.0388284,13622.043838587,-1.3866409063339233,-55.647098541259766,89.07061004638672,1.3866409063339233,-55.647098541259766,89.07061004638672,-1.3866409063339233,-55.647090911865234,89.07061004638672,1.3866409063339233,-55.647090911865234,89.07061004638672,Stop,Stepping
1776271827.0588672,13622.045543505,-1.3866409063339233,-55.647098541259766,89.07061004638672,1.3866409063339233,-55.647098541259766,89.07061004638672,-1.3866409063339233,-55.647090911865234,89.07061004638672,1.3866409063339233,-55.647090911865234,89.07061004638672,Stop,Stepping
1776271827.078854,13622.062694219,-1.3866409063339233,-55.647098541259766,89.07061004638672,1.3866409063339233,-55.647098541259766,89.07061004638672,-1.3866409063339233,-55.647090911865234,89.07061004638672,1.3866409063339233,-55.647090911865234,89.07061004638672,Stop,Stepping
1776271827.0988336,13622.073959918,-1.3866409063339233,-55.647098541259766,89.07061004638672,1.3866409063339233,-55.647098541259766,89.07061004638672,-1.3866409063339233,-55.647090911865234,89.07061004638672,1.3866409063339233,-55.647090911865234,89.07061004638672,Stop,Stepping
1776271827.1188264,13622.092105638,-1.3866409063339233,-55.647098541259766,89.07061004638672,1.3866409063339233,-55.647098541259766,89.07061004638672,-1.3866409063339233,-55.647090911865234,89.07061004638672,1.3866409063339233,-55.647090911865234,89.07061004638672,Stop,Stepping
1776271827.1388335,13622.111123382,-1.3866409063339233,-55.647098541259766,89.07061004638672,1.3866409063339233,-55.647098541259766,89.07061004638672,-1.3866409063339233,-55.647090911865234,89.07061004638672,1.3866409063339233,-55.647090911865234,89.07061004638672,Stop,Stepping
1776271827.1588385,13622.132385221,-1.3866409063339233,-55.647098541259766,89.07061004638672,1.3866409063339233,-55.647098541259766,89.07061004638672,-1.3866409063339233,-55.647090911865234,89.07061004638672,1.3866409063339233,-55.647090911865234,89.07061004638672,Stop,Stepping
1776271827.1788373,13622.151547878,-1.3866409063339233,-55.647098541259766,89.07061004638672,1.3866409063339233,-55.647098541259766,89.07061004638672,-1.3866409063339233,-55.647090911865234,89.07061004638672,1.3866409063339233,-55.647090911865234,89.07061004638672,Stop,Stepping
1776271827.198824,13622.171229074,-1.3866409063339233,-55.647098541259766,89.07061004638672,1.3866409063339233,-55.647098541259766,89.07061004638672,-1.3866409063339233,-55.647090911865234,89.07061004638672,1.3866409063339233,-55.647090911865234,89.07061004638672,Stop,Stepping
1776271827.2188308,13622.194704833,-1.3866409063339233,-55.647098541259766,89.07061004638672,1.3866409063339233,-55.647098541259766,89.07061004638672,-1.3866409063339233,-55.647090911865234,89.07061004638672,1.3866409063339233,-55.647090911865234,89.07061004638672,Stop,Stepping
1776271827.2389052,13622.211681211,-1.3866409063339233,-55.647098541259766,89.07061004638672,1.3866409063339233,-55.647098541259766,89.07061004638672,-1.3866409063339233,-55.647090911865234,89.07061004638672,1.3866409063339233,-55.647090911865234,89.07061004638672,Stop,Stepping
1776271827.2588284,13622.231071854,-1.3866409063339233,-55.647098541259766,89.07061004638672,1.3866409063339233,-55.647098541259766,89.07061004638672,-1.3866409063339233,-55.647090911865234,89.07061004638672,1.3866409063339233,-55.647090911865234,89.07061004638672,Stop,Stepping
1776271827.2788289,13622.251865702,-1.3866409063339233,-55.647098541259766,89.07061004638672,1.3866409063339233,-55.647098541259766,89.07061004638672,-1.3866409063339233,-55.647090911865234,89.07061004638672,1.3866409063339233,-55.647090911865234,89.07061004638672,Stop,Stepping
1776271827.298824,13622.271344867,-1.3866409063339233,-55.647098541259766,89.07061004638672,1.3866409063339233,-55.647098541259766,89.07061004638672,-1.3866409063339233,-55.647090911865234,89.07061004638672,1.3866409063339233,-55.647090911865234,89.07061004638672,Stop,Stepping
1776271827.3188546,13622.292679041,-1.3866409063339233,-55.647098541259766,89.07061004638672,1.3866409063339233,-55.647098541259766,89.07061004638672,-1.3866409063339233,-55.647090911865234,89.07061004638672,1.3866409063339233,-55.647090911865234,89.07061004638672,Stop,Stepping
1776271827.339153,13622.312755078,-1.3866409063339233,-55.647098541259766,89.07061004638672,1.3866409063339233,-55.647098541259766,89.07061004638672,-1.3866409063339233,-55.647090911865234,89.07061004638672,1.3866409063339233,-55.647090911865234,89.07061004638672,Stop,Stepping
1776271827.3588943,13622.331238822,-1.3866409063339233,-55.647098541259766,89.07061004638672,1.3866409063339233,-55.647098541259766,89.07061004638672,-1.3866409063339233,-55.647090911865234,89.07061004638672,1.3866409063339233,-55.647090911865234,89.07061004638672,Stop,Stepping
1776271827.378829,13622.359745063,-1.3866409063339233,-55.647098541259766,89.07061004638672,1.3866409063339233,-55.647098541259766,89.07061004638672,-1.3866409063339233,-55.647090911865234,89.07061004638672,1.3866409063339233,-55.647090911865234,89.07061004638672,Stop,Stepping
1776271827.3988273,13622.371040817,-1.3866409063339233,-55.647098541259766,89.07061004638672,1.3866409063339233,-55.647098541259766,89.07061004638672,-1.3866409063339233,-55.647090911865234,89.07061004638672,1.3866409063339233,-55.647090911865234,89.07061004638672,Stop,Stepping
1776271827.418861,13622.399032844,-1.3866409063339233,-55.647098541259766,89.07061004638672,1.3866409063339233,-55.647098541259766,89.07061004638672,-1.3866409063339233,-55.647090911865234,89.07061004638672,1.3866409063339233,-55.647090911865234,89.07061004638672,Stop,Stepping
1776271827.4388285,13622.410702218,-1.3866409063339233,-55.647098541259766,89.07061004638672,1.3866409063339233,-55.647098541259766,89.07061004638672,-1.3866409063339233,-55.647090911865234,89.07061004638672,1.3866409063339233,-55.647090911865234,89.07061004638672,Stop,Stepping
1776271827.4588304,13622.433570104,-1.3866409063339233,-55.647098541259766,89.07061004638672,1.3866409063339233,-55.647098541259766,89.07061004638672,-1.3866409063339233,-55.647090911865234,89.07061004638672,1.3866409063339233,-55.647090911865234,89.07061004638672,Stop,Stepping
1776271827.4788437,13622.451826383,-1.3866409063339233,-55.647098541259766,89.07061004638672,1.3866409063339233,-55.647098541259766,89.07061004638672,-1.3866409063339233,-55.647090911865234,89.07061004638672,1.3866409063339233,-55.647090911865234,89.07061004638672,Stop,Stepping
1776271827.49883,13622.472583714,-1.3866409063339233,-55.647098541259766,89.07061004638672,1.3866409063339233,-55.647098541259766,89.07061004638672,-1.3866409063339233,-55.647090911865234,89.07061004638672,1.3866409063339233,-55.647090911865234,89.07061004638672,Stop,Stepping
1776271827.5188131,13622.49092357,-1.3866409063339233,-55.647098541259766,89.07061004638672,1.3866409063339233,-55.647098541259766,89.07061004638672,-1.3866409063339233,-55.647090911865234,89.07061004638672,1.3866409063339233,-55.647090911865234,89.07061004638672,Stop,Stepping
1776271827.5388424,13622.510445843,-1.3866409063339233,-55.647098541259766,89.07061004638672,1.3866409063339233,-55.647098541259766,89.07061004638672,-1.3866409063339233,-55.647090911865234,89.07061004638672,1.3866409063339233,-55.647090911865234,89.07061004638672,Stop,Stepping
1776271827.5588334,13622.530499,-1.3866409063339233,-55.647098541259766,89.07061004638672,1.3866409063339233,-55.647098541259766,89.07061004638672,-1.3866409063339233,-55.647090911865234,89.07061004638672,1.3866409063339233,-55.647090911865234,89.07061004638672,Stop,Stepping
1776271827.5788271,13622.55090184,-1.3866409063339233,-55.647098541259766,89.07061004638672,1.3866409063339233,-55.647098541259766,89.07061004638672,-1.3866409063339233,-55.647090911865234,89.07061004638672,1.3866409063339233,-55.647090911865234,89.07061004638672,Stop,Stepping
1776271827.5988605,13622.57107602,-1.3866409063339233,-55.647098541259766,89.07061004638672,1.3866409063339233,-55.647098541259766,89.07061004638672,-1.3866409063339233,-55.647090911865234,89.07061004638672,1.3866409063339233,-55.647090911865234,89.07061004638672,Stop,Stepping
1776271827.61884,13622.591645587,-1.3866409063339233,-55.647098541259766,89.07061004638672,1.3866409063339233,-55.647098541259766,89.07061004638672,-1.3866409063339233,-55.647090911865234,89.07061004638672,1.3866409063339233,-55.647090911865234,89.07061004638672,Stop,Stepping
1776271827.638884,13622.635524307,-1.3866409063339233,-55.647098541259766,89.07061004638672,1.3866409063339233,-55.647098541259766,89.07061004638672,-1.3866409063339233,-55.647090911865234,89.07061004638672,1.3866409063339233,-55.647090911865234,89.07061004638672,Stop,Stepping
1776271827.6588588,13622.635842858,-1.3866409063339233,-55.647098541259766,89.07061004638672,1.3866409063339233,-55.647098541259766,89.07061004638672,-1.3866409063339233,-55.647090911865234,89.07061004638672,1.3866409063339233,-55.647090911865234,89.07061004638672,Stop,Stepping
1776271827.67892,13622.650686197,-1.3866409063339233,-55.647098541259766,89.07061004638672,1.3866409063339233,-55.647098541259766,89.07061004638672,-1.3866409063339233,-55.647090911865234,89.07061004638672,1.3866409063339233,-55.647090911865234,89.07061004638672,Stop,Stepping
1776271827.6988945,13622.672783063,-1.3866409063339233,-55.647098541259766,89.07061004638672,1.3866409063339233,-55.647098541259766,89.07061004638672,-1.3866409063339233,-55.647090911865234,89.07061004638672,1.3866409063339233,-55.647090911865234,89.07061004638672,Stop,Stepping
1776271827.7188423,13622.692256404,-1.3866409063339233,-55.647098541259766,89.07061004638672,1.3866409063339233,-55.647098541259766,89.07061004638672,-1.3866409063339233,-55.647090911865234,89.07061004638672,1.3866409063339233,-55.647090911865234,89.07061004638672,Stop,Stepping
1776271827.738843,13622.713327849,-1.3866409063339233,-55.647098541259766,89.07061004638672,1.3866409063339233,-55.647098541259766,89.07061004638672,-1.3866409063339233,-55.647090911865234,89.07061004638672,1.3866409063339233,-55.647090911865234,89.07061004638672,Stop,Stepping
1776271827.7588694,13622.732646635,-1.3866409063339233,-55.647098541259766,89.07061004638672,1.3866409063339233,-55.647098541259766,89.07061004638672,-1.3866409063339233,-55.647090911865234,89.07061004638672,1.3866409063339233,-55.647090911865234,89.07061004638672,Stop,Stepping
1776271827.7788548,13622.750640434,-1.3866409063339233,-55.647098541259766,89.07061004638672,1.3866409063339233,-55.647098541259766,89.07061004638672,-1.3866409063339233,-55.647090911865234,89.07061004638672,1.3866409063339233,-55.647090911865234,89.07061004638672,Stop,Stepping
1776271827.7988422,13622.770525266,-1.3866409063339233,-55.647098541259766,89.07061004638672,1.3866409063339233,-55.647098541259766,89.07061004638672,-1.3866409063339233,-55.647090911865234,89.07061004638672,1.3866409063339233,-55.647090911865234,89.07061004638672,Stop,Stepping
1776271827.8188426,13622.792823741,-1.3866409063339233,-55.647098541259766,89.07061004638672,1.3866409063339233,-55.647098541259766,89.07061004638672,-1.3866409063339233,-55.647090911865234,89.07061004638672,1.3866409063339233,-55.647090911865234,89.07061004638672,Stop,Stepping
1776271827.8388608,13622.811057917,-1.3866409063339233,-55.647098541259766,89.07061004638672,1.3866409063339233,-55.647098541259766,89.07061004638672,-1.3866409063339233,-55.647090911865234,89.07061004638672,1.3866409063339233,-55.647090911865234,89.07061004638672,Stop,Stepping
1776271827.858845,13622.831443528,-1.3866409063339233,-55.647098541259766,89.07061004638672,1.3866409063339233,-55.647098541259766,89.07061004638672,-1.3866409063339233,-55.647090911865234,89.07061004638672,1.3866409063339233,-55.647090911865234,89.07061004638672,Stop,Stepping
1776271827.8788507,13622.853132492,-1.3866409063339233,-55.647098541259766,89.07061004638672,1.3866409063339233,-55.647098541259766,89.07061004638672,-1.3866409063339233,-55.647090911865234,89.07061004638672,1.3866409063339233,-55.647090911865234,89.07061004638672,Stop,Stepping
1776271827.898902,13622.872909297,-1.3866409063339233,-55.647098541259766,89.07061004638672,1.3866409063339233,-55.647098541259766,89.07061004638672,-1.3866409063339233,-55.647090911865234,89.07061004638672,1.3866409063339233,-55.647090911865234,89.07061004638672,Stop,Stepping
1776271827.918879,13622.892043556,-1.3866409063339233,-55.647098541259766,89.07061004638672,1.3866409063339233,-55.647098541259766,89.07061004638672,-1.3866409063339233,-55.647090911865234,89.07061004638672,1.3866409063339233,-55.647090911865234,89.07061004638672,Stop,Stepping
1776271827.9388373,13622.911270838,-1.3866409063339233,-55.647098541259766,89.07061004638672,1.3866409063339233,-55.647098541259766,89.07061004638672,-1.3866409063339233,-55.647090911865234,89.07061004638672,1.3866409063339233,-55.647090911865234,89.07061004638672,Stop,Stepping
1776271827.958848,13622.935413991,-1.3866409063339233,-55.647098541259766,89.07061004638672,1.3866409063339233,-55.647098541259766,89.07061004638672,-1.3866409063339233,-55.647090911865234,89.07061004638672,1.3866409063339233,-55.647090911865234,89.07061004638672,Stop,Stepping
1776271827.9788744,13622.952155868,-1.3866409063339233,-55.647098541259766,89.07061004638672,1.3866409063339233,-55.647098541259766,89.07061004638672,-1.3866409063339233,-55.647090911865234,89.07061004638672,1.3866409063339233,-55.647090911865234,89.07061004638672,Stop,Stepping
1776271827.9988446,13622.977735707,-1.3866409063339233,-55.647098541259766,89.07061004638672,1.3866409063339233,-55.647098541259766,89.07061004638672,-1.3866409063339233,-55.647090911865234,89.07061004638672,1.3866409063339233,-55.647090911865234,89.07061004638672,Stop,Stepping
1776271828.0188365,13622.991020469,-1.3866409063339233,-55.647098541259766,89.07061004638672,1.3866409063339233,-55.647098541259766,89.07061004638672,-1.3866409063339233,-55.647090911865234,89.07061004638672,1.3866409063339233,-55.647090911865234,89.07061004638672,Stop,Stepping
1776271828.0388315,13623.010522736,-1.3866409063339233,-55.647098541259766,89.07061004638672,1.3866409063339233,-55.647098541259766,89.07061004638672,-1.3866409063339233,-55.647090911865234,89.07061004638672,1.3866409063339233,-55.647090911865234,89.07061004638672,Stop,Stepping
1776271828.0588715,13623.033631493,-1.3866409063339233,-55.647098541259766,89.07061004638672,1.3866409063339233,-55.647098541259766,89.07061004638672,-1.3866409063339233,-55.647090911865234,89.07061004638672,1.3866409063339233,-55.647090911865234,89.07061004638672,Stop,Stepping
1776271828.0788567,13623.053358882,-1.3866409063339233,-55.647098541259766,89.07061004638672,1.3866409063339233,-55.647098541259766,89.07061004638672,-1.3866409063339233,-55.647090911865234,89.07061004638672,1.3866409063339233,-55.647090911865234,89.07061004638672,Stop,Stepping
1776271828.0988293,13623.078753545,-1.3866409063339233,-55.647098541259766,89.07061004638672,1.3866409063339233,-55.647098541259766,89.07061004638672,-1.3866409063339233,-55.647090911865234,89.07061004638672,1.3866409063339233,-55.647090911865234,89.07061004638672,Stop,Stepping
1776271828.1188397,13623.095951446,-1.3866409063339233,-55.647098541259766,89.07061004638672,1.3866409063339233,-55.647098541259766,89.07061004638672,-1.3866409063339233,-55.647090911865234,89.07061004638672,1.3866409063339233,-55.647090911865234,89.07061004638672,Stop,Stepping
1776271828.1388347,13623.110691405,-1.3866409063339233,-55.647098541259766,89.07061004638672,1.3866409063339233,-55.647098541259766,89.07061004638672,-1.3866409063339233,-55.647090911865234,89.07061004638672,1.3866409063339233,-55.647090911865234,89.07061004638672,Stop,Stepping
1776271828.158862,13623.132943642,-1.3866409063339233,-55.647098541259766,89.07061004638672,1.3866409063339233,-55.647098541259766,89.07061004638672,-1.3866409063339233,-55.647090911865234,89.07061004638672,1.3866409063339233,-55.647090911865234,89.07061004638672,Stop,Stepping
1776271828.1788232,13623.152011471,-1.3866409063339233,-55.647098541259766,89.07061004638672,1.3866409063339233,-55.647098541259766,89.07061004638672,-1.3866409063339233,-55.647090911865234,89.07061004638672,1.3866409063339233,-55.647090911865234,89.07061004638672,Stop,Stepping
1776271828.198846,13623.173246341,-1.3866409063339233,-55.647098541259766,89.07061004638672,1.3866409063339233,-55.647098541259766,89.07061004638672,-1.3866409063339233,-55.647090911865234,89.07061004638672,1.3866409063339233,-55.647090911865234,89.07061004638672,Stop,Stepping
1776271828.2188957,13623.191334098,-1.3866409063339233,-55.647098541259766,89.07061004638672,1.3866409063339233,-55.647098541259766,89.07061004638672,-1.3866409063339233,-55.647090911865234,89.07061004638672,1.3866409063339233,-55.647090911865234,89.07061004638672,Stop,Stepping
1776271828.2388551,13623.212740422,-1.3866409063339233,-55.647098541259766,89.07061004638672,1.3866409063339233,-55.647098541259766,89.07061004638672,-1.3866409063339233,-55.647090911865234,89.07061004638672,1.3866409063339233,-55.647090911865234,89.07061004638672,Stop,Stepping
1776271828.258838,13623.230927108,-1.3866409063339233,-55.647098541259766,89.07061004638672,1.3866409063339233,-55.647098541259766,89.07061004638672,-1.3866409063339233,-55.647090911865234,89.07061004638672,1.3866409063339233,-55.647090911865234,89.07061004638672,Stop,Stepping
1776271828.2788308,13623.255008929,-1.3866409063339233,-55.647098541259766,89.07061004638672,1.3866409063339233,-55.647098541259766,89.07061004638672,-1.3866409063339233,-55.647090911865234,89.07061004638672,1.3866409063339233,-55.647090911865234,89.07061004638672,Stop,Stepping
1776271828.298829,13623.271055668,-1.3866409063339233,-55.647098541259766,89.07061004638672,1.3866409063339233,-55.647098541259766,89.07061004638672,-1.3866409063339233,-55.647090911865234,89.07061004638672,1.3866409063339233,-55.647090911865234,89.07061004638672,Stop,Stepping
1776271828.3188608,13623.293316765,-1.3866409063339233,-55.647098541259766,89.07061004638672,1.3866409063339233,-55.647098541259766,89.07061004638672,-1.3866409063339233,-55.647090911865234,89.07061004638672,1.3866409063339233,-55.647090911865234,89.07061004638672,Stop,Stepping
1776271828.3388672,13623.319293265,-1.3866409063339233,-55.647098541259766,89.07061004638672,1.3866409063339233,-55.647098541259766,89.07061004638672,-1.3866409063339233,-55.647090911865234,89.07061004638672,1.3866409063339233,-55.647090911865234,89.07061004638672,Stop,Stepping
1776271828.3587575,13623.331050987,-1.3866409063339233,-55.647098541259766,89.07061004638672,1.3866409063339233,-55.647098541259766,89.07061004638672,-1.3866409063339233,-55.647090911865234,89.07061004638672,1.3866409063339233,-55.647090911865234,89.07061004638672,Stop,Stepping
1776271828.3788583,13623.352110438,-1.3866409063339233,-55.647098541259766,89.07061004638672,1.3866409063339233,-55.647098541259766,89.07061004638672,-1.3866409063339233,-55.647090911865234,89.07061004638672,1.3866409063339233,-55.647090911865234,89.07061004638672,Stop,Stepping
1776271828.3988674,13623.376773032,-1.3866409063339233,-55.647098541259766,89.07061004638672,1.3866409063339233,-55.647098541259766,89.07061004638672,-1.3866409063339233,-55.647090911865234,89.07061004638672,1.3866409063339233,-55.647090911865234,89.07061004638672,Stop,Stepping
1776271828.4188588,13623.391182736,-1.3866409063339233,-55.647098541259766,89.07061004638672,1.3866409063339233,-55.647098541259766,89.07061004638672,-1.3866409063339233,-55.647090911865234,89.07061004638672,1.3866409063339233,-55.647090911865234,89.07061004638672,Stop,Stepping
1776271828.4388309,13623.411456177,-1.3866409063339233,-55.647098541259766,89.07061004638672,1.3866409063339233,-55.647098541259766,89.07061004638672,-1.3866409063339233,-55.647090911865234,89.07061004638672,1.3866409063339233,-55.647090911865234,89.07061004638672,Stop,Stepping
1776271828.4588299,13623.430999184,-1.3866409063339233,-55.647098541259766,89.07061004638672,1.3866409063339233,-55.647098541259766,89.07061004638672,-1.3866409063339233,-55.647090911865234,89.07061004638672,1.3866409063339233,-55.647090911865234,89.07061004638672,Stop,Stepping
1776271828.4789135,13623.452544975,-1.3866409063339233,-55.647098541259766,89.07061004638672,1.3866409063339233,-55.647098541259766,89.07061004638672,-1.3866409063339233,-55.647090911865234,89.07061004638672,1.3866409063339233,-55.647090911865234,89.07061004638672,Stop,Stepping
1776271828.4988868,13623.471079991,-1.3866409063339233,-55.647098541259766,89.07061004638672,1.3866409063339233,-55.647098541259766,89.07061004638672,-1.3866409063339233,-55.647090911865234,89.07061004638672,1.3866409063339233,-55.647090911865234,89.07061004638672,Stop,Stepping
1776271828.518853,13623.503052188,-1.3866409063339233,-55.647098541259766,89.07061004638672,1.3866409063339233,-55.647098541259766,89.07061004638672,-1.3866409063339233,-55.647090911865234,89.07061004638672,1.3866409063339233,-55.647090911865234,89.07061004638672,Stop,Stepping
1776271828.5389283,13623.517186786,-1.3866409063339233,-55.647098541259766,89.07061004638672,1.3866409063339233,-55.647098541259766,89.07061004638672,-1.3866409063339233,-55.647090911865234,89.07061004638672,1.3866409063339233,-55.647090911865234,89.07061004638672,Stop,Stepping
1776271828.5588374,13623.53095344,-1.3866409063339233,-55.647098541259766,89.07061004638672,1.3866409063339233,-55.647098541259766,89.07061004638672,-1.3866409063339233,-55.647090911865234,89.07061004638672,1.3866409063339233,-55.647090911865234,89.07061004638672,Stop,Stepping
1776271828.5788705,13623.553913943,-1.3866409063339233,-55.647098541259766,89.07061004638672,1.3866409063339233,-55.647098541259766,89.07061004638672,-1.3866409063339233,-55.647090911865234,89.07061004638672,1.3866409063339233,-55.647090911865234,89.07061004638672,Stop,Stepping
1776271828.5988555,13623.574177731,-1.3866409063339233,-55.647098541259766,89.07061004638672,1.3866409063339233,-55.647098541259766,89.07061004638672,-1.3866409063339233,-55.647090911865234,89.07061004638672,1.3866409063339233,-55.647090911865234,89.07061004638672,Stop,Stepping
1776271828.6188753,13623.590597476,-1.3866409063339233,-55.647098541259766,89.07061004638672,1.3866409063339233,-55.647098541259766,89.07061004638672,-1.3866409063339233,-55.647090911865234,89.07061004638672,1.3866409063339233,-55.647090911865234,89.07061004638672,Stop,Stepping
1776271828.6388476,13623.616603622,-1.3866409063339233,-55.647098541259766,89.07061004638672,1.3866409063339233,-55.647098541259766,89.07061004638672,-1.3866409063339233,-55.647090911865234,89.07061004638672,1.3866409063339233,-55.647090911865234,89.07061004638672,Stop,Stepping
1776271828.6588445,13623.6304425,-1.3866409063339233,-55.647098541259766,89.07061004638672,1.3866409063339233,-55.647098541259766,89.07061004638672,-1.3866409063339233,-55.647090911865234,89.07061004638672,1.3866409063339233,-55.647090911865234,89.07061004638672,Stop,Stepping
1776271828.6788516,13623.651190789,-1.3866409063339233,-55.647098541259766,89.07061004638672,1.3866409063339233,-55.647098541259766,89.07061004638672,-1.3866409063339233,-55.647090911865234,89.07061004638672,1.3866409063339233,-55.647090911865234,89.07061004638672,Stop,Stepping
1776271828.6988704,13623.692536992,-1.3866409063339233,-55.647098541259766,89.07061004638672,1.3866409063339233,-55.647098541259766,89.07061004638672,-1.3866409063339233,-55.647090911865234,89.07061004638672,1.3866409063339233,-55.647090911865234,89.07061004638672,Stop,Stepping
1776271828.7188473,13623.692889942,-1.3866409063339233,-55.647098541259766,89.07061004638672,1.3866409063339233,-55.647098541259766,89.07061004638672,-1.3866409063339233,-55.647090911865234,89.07061004638672,1.3866409063339233,-55.647090911865234,89.07061004638672,Stop,Stepping
1776271828.7388303,13623.710740363,-1.3866409063339233,-55.647098541259766,89.07061004638672,1.3866409063339233,-55.647098541259766,89.07061004638672,-1.3866409063339233,-55.647090911865234,89.07061004638672,1.3866409063339233,-55.647090911865234,89.07061004638672,Stop,Stepping
1776271828.7588463,13623.732314274,-1.3866409063339233,-55.647098541259766,89.07061004638672,1.3866409063339233,-55.647098541259766,89.07061004638672,-1.3866409063339233,-55.647090911865234,89.07061004638672,1.3866409063339233,-55.647090911865234,89.07061004638672,Stop,Stepping
1776271828.7788467,13623.751373474,-1.3866409063339233,-55.647098541259766,89.07061004638672,1.3866409063339233,-55.647098541259766,89.07061004638672,-1.3866409063339233,-55.647090911865234,89.07061004638672,1.3866409063339233,-55.647090911865234,89.07061004638672,Stop,Stepping
1776271828.798866,13623.772761313,-1.3866409063339233,-55.647098541259766,89.07061004638672,1.3866409063339233,-55.647098541259766,89.07061004638672,-1.3866409063339233,-55.647090911865234,89.07061004638672,1.3866409063339233,-55.647090911865234,89.07061004638672,Stop,Stepping
1776271828.8188848,13623.796440508,-1.3866409063339233,-55.647098541259766,89.07061004638672,1.3866409063339233,-55.647098541259766,89.07061004638672,-1.3866409063339233,-55.647090911865234,89.07061004638672,1.3866409063339233,-55.647090911865234,89.07061004638672,Stop,Stepping
1776271828.838838,13623.81177111,-1.3866409063339233,-55.647098541259766,89.07061004638672,1.3866409063339233,-55.647098541259766,89.07061004638672,-1.3866409063339233,-55.647090911865234,89.07061004638672,1.3866409063339233,-55.647090911865234,89.07061004638672,Stop,Stepping
1776271828.858865,13623.830890504,-1.3866409063339233,-55.647098541259766,89.07061004638672,1.3866409063339233,-55.647098541259766,89.07061004638672,-1.3866409063339233,-55.647090911865234,89.07061004638672,1.3866409063339233,-55.647090911865234,89.07061004638672,Stop,Stepping
1776271828.8789003,13623.850873172,-1.3866409063339233,-55.647098541259766,89.07061004638672,1.3866409063339233,-55.647098541259766,89.07061004638672,-1.3866409063339233,-55.647090911865234,89.07061004638672,1.3866409063339233,-55.647090911865234,89.07061004638672,Stop,Stepping
1776271828.8988762,13623.871715611,-1.3866409063339233,-55.647098541259766,89.07061004638672,1.3866409063339233,-55.647098541259766,89.07061004638672,-1.3866409063339233,-55.647090911865234,89.07061004638672,1.3866409063339233,-55.647090911865234,89.07061004638672,Stop,Stepping
1776271828.9188557,13623.930810011,-1.3866409063339233,-55.647098541259766,89.07061004638672,1.3866409063339233,-55.647098541259766,89.07061004638672,-1.3866409063339233,-55.647090911865234,89.07061004638672,1.3866409063339233,-55.647090911865234,89.07061004638672,Stop,Stepping
1776271828.9388795,13623.931189607,-1.3866409063339233,-55.647098541259766,89.07061004638672,1.3866409063339233,-55.647098541259766,89.07061004638672,-1.3866409063339233,-55.647090911865234,89.07061004638672,1.3866409063339233,-55.647090911865234,89.07061004638672,Stop,Stepping
1776271828.9588454,13623.931562768,-1.3866409063339233,-55.647098541259766,89.07061004638672,1.3866409063339233,-55.647098541259766,89.07061004638672,-1.3866409063339233,-55.647090911865234,89.07061004638672,1.3866409063339233,-55.647090911865234,89.07061004638672,Stop,Stepping
1776271828.9789207,13623.953169199,-1.3866409063339233,-55.647098541259766,89.07061004638672,1.3866409063339233,-55.647098541259766,89.07061004638672,-1.3866409063339233,-55.647090911865234,89.07061004638672,1.3866409063339233,-55.647090911865234,89.07061004638672,Stop,Stepping
1776271828.998916,13623.97393443,-1.3866409063339233,-55.647098541259766,89.07061004638672,1.3866409063339233,-55.647098541259766,89.07061004638672,-1.3866409063339233,-55.647090911865234,89.07061004638672,1.3866409063339233,-55.647090911865234,89.07061004638672,Stop,Stepping
1776271829.0188997,13623.992386945,-1.3866409063339233,-55.647098541259766,89.07061004638672,1.3866409063339233,-55.647098541259766,89.07061004638672,-1.3866409063339233,-55.647090911865234,89.07061004638672,1.3866409063339233,-55.647090911865234,89.07061004638672,Stop,Stepping
1776271829.0389166,13624.013454532,-1.3866409063339233,-55.647098541259766,89.07061004638672,1.3866409063339233,-55.647098541259766,89.07061004638672,-1.3866409063339233,-55.647090911865234,89.07061004638672,1.3866409063339233,-55.647090911865234,89.07061004638672,Stop,Stepping
1776271829.0589337,13624.030887826,-1.3866409063339233,-55.647098541259766,89.07061004638672,1.3866409063339233,-55.647098541259766,89.07061004638672,-1.3866409063339233,-55.647090911865234,89.07061004638672,1.3866409063339233,-55.647090911865234,89.07061004638672,Stop,Stepping
1776271829.0788488,13624.05098305,-1.3866409063339233,-55.647098541259766,89.07061004638672,1.3866409063339233,-55.647098541259766,89.07061004638672,-1.3866409063339233,-55.647090911865234,89.07061004638672,1.3866409063339233,-55.647090911865234,89.07061004638672,Stop,Stepping
1776271829.0988913,13624.073319931,-1.3866409063339233,-55.647098541259766,89.07061004638672,1.3866409063339233,-55.647098541259766,89.07061004638672,-1.3866409063339233,-55.647090911865234,89.07061004638672,1.3866409063339233,-55.647090911865234,89.07061004638672,Stop,Stepping
1776271829.118849,13624.106910284,-1.3866409063339233,-55.647098541259766,89.07061004638672,1.3866409063339233,-55.647098541259766,89.07061004638672,-1.3866409063339233,-55.647090911865234,89.07061004638672,1.3866409063339233,-55.647090911865234,89.07061004638672,Stop,Stepping
1776271829.1388872,13624.120938526,-1.3866409063339233,-55.647098541259766,89.07061004638672,1.3866409063339233,-55.647098541259766,89.07061004638672,-1.3866409063339233,-55.647090911865234,89.07061004638672,1.3866409063339233,-55.647090911865234,89.07061004638672,Stop,Stepping
1776271829.1588664,13624.131949321,-1.3866409063339233,-55.647098541259766,89.07061004638672,1.3866409063339233,-55.647098541259766,89.07061004638672,-1.3866409063339233,-55.647090911865234,89.07061004638672,1.3866409063339233,-55.647090911865234,89.07061004638672,Stop,Stepping
1776271829.1788452,13624.219342997,-1.3866409063339233,-55.647098541259766,89.07061004638672,1.3866409063339233,-55.647098541259766,89.07061004638672,-1.3866409063339233,-55.647090911865234,89.07061004638672,1.3866409063339233,-55.647090911865234,89.07061004638672,Stop,Stepping
1776271829.1988595,13624.219721091,-1.3866409063339233,-55.647098541259766,89.07061004638672,1.3866409063339233,-55.647098541259766,89.07061004638672,-1.3866409063339233,-55.647090911865234,89.07061004638672,1.3866409063339233,-55.647090911865234,89.07061004638672,Stop,Stepping
1776271829.2188537,13624.220109119,-1.3866409063339233,-55.647098541259766,89.07061004638672,1.3866409063339233,-55.647098541259766,89.07061004638672,-1.3866409063339233,-55.647090911865234,89.07061004638672,1.3866409063339233,-55.647090911865234,89.07061004638672,Stop,Stepping
1776271829.238849,13624.22044993,-1.3866409063339233,-55.647098541259766,89.07061004638672,1.3866409063339233,-55.647098541259766,89.07061004638672,-1.3866409063339233,-55.647090911865234,89.07061004638672,1.3866409063339233,-55.647090911865234,89.07061004638672,Stop,Stepping
1776271829.2588344,13624.233485914,-1.3866409063339233,-55.647098541259766,89.07061004638672,1.3866409063339233,-55.647098541259766,89.07061004638672,-1.3866409063339233,-55.647090911865234,89.07061004638672,1.3866409063339233,-55.647090911865234,89.07061004638672,Stop,Stepping
1776271829.2789114,13624.25142721,-1.3866409063339233,-55.647098541259766,89.07061004638672,1.3866409063339233,-55.647098541259766,89.07061004638672,-1.3866409063339233,-55.647090911865234,89.07061004638672,1.3866409063339233,-55.647090911865234,89.07061004638672,Stop,Stepping
1776271829.298877,13624.274512097,-1.3866409063339233,-55.647098541259766,89.07061004638672,1.3866409063339233,-55.647098541259766,89.07061004638672,-1.3866409063339233,-55.647090911865234,89.07061004638672,1.3866409063339233,-55.647090911865234,89.07061004638672,Stop,Stepping
1776271829.3188615,13624.290715061,-1.3866409063339233,-55.647098541259766,89.07061004638672,1.3866409063339233,-55.647098541259766,89.07061004638672,-1.3866409063339233,-55.647090911865234,89.07061004638672,1.3866409063339233,-55.647090911865234,89.07061004638672,Stop,Stepping
1776271829.3388805,13624.310952095,-1.3866409063339233,-55.647098541259766,89.07061004638672,1.3866409063339233,-55.647098541259766,89.07061004638672,-1.3866409063339233,-55.647090911865234,89.07061004638672,1.3866409063339233,-55.647090911865234,89.07061004638672,Stop,Stepping
1776271829.3588777,13624.335075968,-1.3866409063339233,-55.647098541259766,89.07061004638672,1.3866409063339233,-55.647098541259766,89.07061004638672,-1.3866409063339233,-55.647090911865234,89.07061004638672,1.3866409063339233,-55.647090911865234,89.07061004638672,Stop,Stepping
1776271829.378856,13624.359140193,-1.3866409063339233,-55.647098541259766,89.07061004638672,1.3866409063339233,-55.647098541259766,89.07061004638672,-1.3866409063339233,-55.647090911865234,89.07061004638672,1.3866409063339233,-55.647090911865234,89.07061004638672,Stop,Stepping
1776271829.3988829,13624.375066685,-1.3866409063339233,-55.647098541259766,89.07061004638672,1.3866409063339233,-55.647098541259766,89.07061004638672,-1.3866409063339233,-55.647090911865234,89.07061004638672,1.3866409063339233,-55.647090911865234,89.07061004638672,Stop,Stepping
1776271829.4188612,13624.3941293,-1.3866409063339233,-55.647098541259766,89.07061004638672,1.3866409063339233,-55.647098541259766,89.07061004638672,-1.3866409063339233,-55.647090911865234,89.07061004638672,1.3866409063339233,-55.647090911865234,89.07061004638672,Stop,Stepping
1776271829.438863,13624.412576254,-1.3866409063339233,-55.647098541259766,89.07061004638672,1.3866409063339233,-55.647098541259766,89.07061004638672,-1.3866409063339233,-55.647090911865234,89.07061004638672,1.3866409063339233,-55.647090911865234,89.07061004638672,Stop,Stepping
1776271829.458862,13624.433868998,-1.3866409063339233,-55.647098541259766,89.07061004638672,1.3866409063339233,-55.647098541259766,89.07061004638672,-1.3866409063339233,-55.647090911865234,89.07061004638672,1.3866409063339233,-55.647090911865234,89.07061004638672,Stop,Stepping
1776271829.4789245,13624.452562282,-1.3866409063339233,-55.647098541259766,89.07061004638672,1.3866409063339233,-55.647098541259766,89.07061004638672,-1.3866409063339233,-55.647090911865234,89.07061004638672,1.3866409063339233,-55.647090911865234,89.07061004638672,Stop,Stepping
1776271829.4988713,13624.543052144,-1.3866409063339233,-55.647098541259766,89.07061004638672,1.3866409063339233,-55.647098541259766,89.07061004638672,-1.3866409063339233,-55.647090911865234,89.07061004638672,1.3866409063339233,-55.647090911865234,89.07061004638672,Stop,Stepping
1776271829.5188613,13624.544706525,-1.3866409063339233,-55.647098541259766,89.07061004638672,1.3866409063339233,-55.647098541259766,89.07061004638672,-1.3866409063339233,-55.647090911865234,89.07061004638672,1.3866409063339233,-55.647090911865234,89.07061004638672,Stop,Stepping
1776271829.5388668,13624.567568942,-1.3866409063339233,-55.647098541259766,89.07061004638672,1.3866409063339233,-55.647098541259766,89.07061004638672,-1.3866409063339233,-55.647090911865234,89.07061004638672,1.3866409063339233,-55.647090911865234,89.07061004638672,Stop,Stepping
1776271829.5588844,13624.568740701,-1.3866409063339233,-55.647098541259766,89.07061004638672,1.3866409063339233,-55.647098541259766,89.07061004638672,-1.3866409063339233,-55.647090911865234,89.07061004638672,1.3866409063339233,-55.647090911865234,89.07061004638672,Stop,Stepping
1776271829.5788515,13624.569120836,-1.3866409063339233,-55.647098541259766,89.07061004638672,1.3866409063339233,-55.647098541259766,89.07061004638672,-1.3866409063339233,-55.647090911865234,89.07061004638672,1.3866409063339233,-55.647090911865234,89.07061004638672,Stop,Stepping
1776271829.598853,13624.580699381,-1.3866409063339233,-55.647098541259766,89.07061004638672,1.3866409063339233,-55.647098541259766,89.07061004638672,-1.3866409063339233,-55.647090911865234,89.07061004638672,1.3866409063339233,-55.647090911865234,89.07061004638672,Stop,Stepping
1776271829.6188602,13624.590786552,-1.3866409063339233,-55.647098541259766,89.07061004638672,1.3866409063339233,-55.647098541259766,89.07061004638672,-1.3866409063339233,-55.647090911865234,89.07061004638672,1.3866409063339233,-55.647090911865234,89.07061004638672,Stop,Stepping
1776271829.638855,13624.611260859,-1.3866409063339233,-55.647098541259766,89.07061004638672,1.3866409063339233,-55.647098541259766,89.07061004638672,-1.3866409063339233,-55.647090911865234,89.07061004638672,1.3866409063339233,-55.647090911865234,89.07061004638672,Stop,Stepping
1776271829.6588411,13624.631081652,-1.3866409063339233,-55.647098541259766,89.07061004638672,1.3866409063339233,-55.647098541259766,89.07061004638672,-1.3866409063339233,-55.647090911865234,89.07061004638672,1.3866409063339233,-55.647090911865234,89.07061004638672,Stop,Stepping
1776271829.6788468,13624.651043313,-1.3866409063339233,-55.647098541259766,89.07061004638672,1.3866409063339233,-55.647098541259766,89.07061004638672,-1.3866409063339233,-55.647090911865234,89.07061004638672,1.3866409063339233,-55.647090911865234,89.07061004638672,Stop,Stepping
1776271829.698841,13624.672988431,-1.3866409063339233,-55.647098541259766,89.07061004638672,1.3866409063339233,-55.647098541259766,89.07061004638672,-1.3866409063339233,-55.647090911865234,89.07061004638672,1.3866409063339233,-55.647090911865234,89.07061004638672,Stop,Stepping
1776271829.7188375,13624.701969079,-1.3866409063339233,-55.647098541259766,89.07061004638672,1.3866409063339233,-55.647098541259766,89.07061004638672,-1.3866409063339233,-55.647090911865234,89.07061004638672,1.3866409063339233,-55.647090911865234,89.07061004638672,Stop,Stepping
1776271829.7388687,13624.712481902,-1.3866409063339233,-55.647098541259766,89.07061004638672,1.3866409063339233,-55.647098541259766,89.07061004638672,-1.3866409063339233,-55.647090911865234,89.07061004638672,1.3866409063339233,-55.647090911865234,89.07061004638672,Stop,Stepping
1776271829.7588673,13624.757319582,-1.3866409063339233,-55.647098541259766,89.07061004638672,1.3866409063339233,-55.647098541259766,89.07061004638672,-1.3866409063339233,-55.647090911865234,89.07061004638672,1.3866409063339233,-55.647090911865234,89.07061004638672,Stop,Stepping
1776271829.7788956,13624.757670572,-1.3866409063339233,-55.647098541259766,89.07061004638672,1.3866409063339233,-55.647098541259766,89.07061004638672,-1.3866409063339233,-55.647090911865234,89.07061004638672,1.3866409063339233,-55.647090911865234,89.07061004638672,Stop,Stepping
1776271829.7988486,13624.773996293,-1.3866409063339233,-55.647098541259766,89.07061004638672,1.3866409063339233,-55.647098541259766,89.07061004638672,-1.3866409063339233,-55.647090911865234,89.07061004638672,1.3866409063339233,-55.647090911865234,89.07061004638672,Stop,Stepping
1776271829.8188503,13624.792137155,-1.3866409063339233,-55.647098541259766,89.07061004638672,1.3866409063339233,-55.647098541259766,89.07061004638672,-1.3866409063339233,-55.647090911865234,89.07061004638672,1.3866409063339233,-55.647090911865234,89.07061004638672,Stop,Stepping
1776271829.838861,13624.811287727,-1.3866409063339233,-55.647098541259766,89.07061004638672,1.3866409063339233,-55.647098541259766,89.07061004638672,-1.3866409063339233,-55.647090911865234,89.07061004638672,1.3866409063339233,-55.647090911865234,89.07061004638672,Stop,Stepping
1776271829.8588502,13624.831478613,-1.3866409063339233,-55.647098541259766,89.07061004638672,1.3866409063339233,-55.647098541259766,89.07061004638672,-1.3866409063339233,-55.647090911865234,89.07061004638672,1.3866409063339233,-55.647090911865234,89.07061004638672,Stop,Stepping
1776271829.8788788,13624.85162739,-1.3866409063339233,-55.647098541259766,89.07061004638672,1.3866409063339233,-55.647098541259766,89.07061004638672,-1.3866409063339233,-55.647090911865234,89.07061004638672,1.3866409063339233,-55.647090911865234,89.07061004638672,Stop,Stepping
1776271829.8988488,13624.872738765,-1.3866409063339233,-55.647098541259766,89.07061004638672,1.3866409063339233,-55.647098541259766,89.07061004638672,-1.3866409063339233,-55.647090911865234,89.07061004638672,1.3866409063339233,-55.647090911865234,89.07061004638672,Stop,Stepping
1776271829.9188445,13624.891911551,-1.3866409063339233,-55.647098541259766,89.07061004638672,1.3866409063339233,-55.647098541259766,89.07061004638672,-1.3866409063339233,-55.647090911865234,89.07061004638672,1.3866409063339233,-55.647090911865234,89.07061004638672,Stop,Stepping
1776271829.93892,13624.911862328,-1.3866409063339233,-55.647098541259766,89.07061004638672,1.3866409063339233,-55.647098541259766,89.07061004638672,-1.3866409063339233,-55.647090911865234,89.07061004638672,1.3866409063339233,-55.647090911865234,89.07061004638672,Stop,Stepping
1776271829.9588711,13624.930845853,-1.3866409063339233,-55.647098541259766,89.07061004638672,1.3866409063339233,-55.647098541259766,89.07061004638672,-1.3866409063339233,-55.647090911865234,89.07061004638672,1.3866409063339233,-55.647090911865234,89.07061004638672,Stop,Stepping
1776271829.9788582,13624.953764229,-1.3866409063339233,-55.647098541259766,89.07061004638672,1.3866409063339233,-55.647098541259766,89.07061004638672,-1.3866409063339233,-55.647090911865234,89.07061004638672,1.3866409063339233,-55.647090911865234,89.07061004638672,Stop,Stepping
1776271829.9988463,13624.971103309,-1.3866409063339233,-55.647098541259766,89.07061004638672,1.3866409063339233,-55.647098541259766,89.07061004638672,-1.3866409063339233,-55.647090911865234,89.07061004638672,1.3866409063339233,-55.647090911865234,89.07061004638672,Stop,Stepping
1776271830.018885,13624.991049312,-1.3866409063339233,-55.647098541259766,89.07061004638672,1.3866409063339233,-55.647098541259766,89.07061004638672,-1.3866409063339233,-55.647090911865234,89.07061004638672,1.3866409063339233,-55.647090911865234,89.07061004638672,Stop,Stepping
1776271830.0388458,13625.010738857,-1.3866409063339233,-55.647098541259766,89.07061004638672,1.3866409063339233,-55.647098541259766,89.07061004638672,-1.3866409063339233,-55.647090911865234,89.07061004638672,1.3866409063339233,-55.647090911865234,89.07061004638672,Stop,Stepping
1776271830.0588486,13625.031274912,-1.3866409063339233,-55.647098541259766,89.07061004638672,1.3866409063339233,-55.647098541259766,89.07061004638672,-1.3866409063339233,-55.647090911865234,89.07061004638672,1.3866409063339233,-55.647090911865234,89.07061004638672,Stop,Stepping
1776271830.0788403,13625.050448079,-1.3866409063339233,-55.647098541259766,89.07061004638672,1.3866409063339233,-55.647098541259766,89.07061004638672,-1.3866409063339233,-55.647090911865234,89.07061004638672,1.3866409063339233,-55.647090911865234,89.07061004638672,Stop,Stepping
1776271830.0988457,13625.070750265,-1.3866409063339233,-55.647098541259766,89.07061004638672,1.3866409063339233,-55.647098541259766,89.07061004638672,-1.3866409063339233,-55.647090911865234,89.07061004638672,1.3866409063339233,-55.647090911865234,89.07061004638672,Stop,Stepping
1776271830.1188908,13625.091170644,-1.3866409063339233,-55.647098541259766,89.07061004638672,1.3866409063339233,-55.647098541259766,89.07061004638672,-1.3866409063339233,-55.647090911865234,89.07061004638672,1.3866409063339233,-55.647090911865234,89.07061004638672,Stop,Stepping
1776271830.1388612,13625.110848281,-1.3866409063339233,-55.647098541259766,89.07061004638672,1.3866409063339233,-55.647098541259766,89.07061004638672,-1.3866409063339233,-55.647090911865234,89.07061004638672,1.3866409063339233,-55.647090911865234,89.07061004638672,Stop,Stepping
1776271830.1588674,13625.131980684,-1.3866409063339233,-55.647098541259766,89.07061004638672,1.3866409063339233,-55.647098541259766,89.07061004638672,-1.3866409063339233,-55.647090911865234,89.07061004638672,1.3866409063339233,-55.647090911865234,89.07061004638672,Stop,Stepping
1776271830.1788695,13625.160892115,-1.3866409063339233,-55.647098541259766,89.07061004638672,1.3866409063339233,-55.647098541259766,89.07061004638672,-1.3866409063339233,-55.647090911865234,89.07061004638672,1.3866409063339233,-55.647090911865234,89.07061004638672,Stop,Stepping
1776271830.1988487,13625.171230291,-1.3866409063339233,-55.647098541259766,89.07061004638672,1.3866409063339233,-55.647098541259766,89.07061004638672,-1.3866409063339233,-55.647090911865234,89.07061004638672,1.3866409063339233,-55.647090911865234,89.07061004638672,Stop,Stepping
1776271830.218862,13625.190794276,-1.3866409063339233,-55.647098541259766,89.07061004638672,1.3866409063339233,-55.647098541259766,89.07061004638672,-1.3866409063339233,-55.647090911865234,89.07061004638672,1.3866409063339233,-55.647090911865234,89.07061004638672,Stop,Stepping
1776271830.2389324,13625.212629227,-1.3866409063339233,-55.647098541259766,89.07061004638672,1.3866409063339233,-55.647098541259766,89.07061004638672,-1.3866409063339233,-55.647090911865234,89.07061004638672,1.3866409063339233,-55.647090911865234,89.07061004638672,Stop,Stepping
1776271830.258857,13625.23105374,-1.3866409063339233,-55.647098541259766,89.07061004638672,1.3866409063339233,-55.647098541259766,89.07061004638672,-1.3866409063339233,-55.647090911865234,89.07061004638672,1.3866409063339233,-55.647090911865234,89.07061004638672,Stop,Stepping
1776271830.2789006,13625.254402179,-1.3866409063339233,-55.647098541259766,89.07061004638672,1.3866409063339233,-55.647098541259766,89.07061004638672,-1.3866409063339233,-55.647090911865234,89.07061004638672,1.3866409063339233,-55.647090911865234,89.07061004638672,Stop,Stepping
1776271830.2988522,13625.27125434,-1.3866409063339233,-55.647098541259766,89.07061004638672,1.3866409063339233,-55.647098541259766,89.07061004638672,-1.3866409063339233,-55.647090911865234,89.07061004638672,1.3866409063339233,-55.647090911865234,89.07061004638672,Stop,Stepping
1776271830.3188531,13625.292691168,-1.3866409063339233,-55.647098541259766,89.07061004638672,1.3866409063339233,-55.647098541259766,89.07061004638672,-1.3866409063339233,-55.647090911865234,89.07061004638672,1.3866409063339233,-55.647090911865234,89.07061004638672,Stop,Stepping
1776271830.3388608,13625.312202099,-1.3866409063339233,-55.647098541259766,89.07061004638672,1.3866409063339233,-55.647098541259766,89.07061004638672,-1.3866409063339233,-55.647090911865234,89.07061004638672,1.3866409063339233,-55.647090911865234,89.07061004638672,Stop,Stepping
1776271830.358868,13625.332647071,-1.3866409063339233,-55.647098541259766,89.07061004638672,1.3866409063339233,-55.647098541259766,89.07061004638672,-1.3866409063339233,-55.647090911865234,89.07061004638672,1.3866409063339233,-55.647090911865234,89.07061004638672,Stop,Stepping
1776271830.3788626,13625.35208388,-1.3866409063339233,-55.647098541259766,89.07061004638672,1.3866409063339233,-55.647098541259766,89.07061004638672,-1.3866409063339233,-55.647090911865234,89.07061004638672,1.3866409063339233,-55.647090911865234,89.07061004638672,Stop,Stepping
1776271830.3988838,13625.372825386,-1.3866409063339233,-55.647098541259766,89.07061004638672,1.3866409063339233,-55.647098541259766,89.07061004638672,-1.3866409063339233,-55.647090911865234,89.07061004638672,1.3866409063339233,-55.647090911865234,89.07061004638672,Stop,Stepping
1776271830.4188716,13625.391776058,-1.3866409063339233,-55.647098541259766,89.07061004638672,1.3866409063339233,-55.647098541259766,89.07061004638672,-1.3866409063339233,-55.647090911865234,89.07061004638672,1.3866409063339233,-55.647090911865234,89.07061004638672,Stop,Stepping
1776271830.438862,13625.411862639,-1.3866409063339233,-55.647098541259766,89.07061004638672,1.3866409063339233,-55.647098541259766,89.07061004638672,-1.3866409063339233,-55.647090911865234,89.07061004638672,1.3866409063339233,-55.647090911865234,89.07061004638672,Stop,Stepping
1776271830.4588869,13625.435514237,-1.3866409063339233,-55.647098541259766,89.07061004638672,1.3866409063339233,-55.647098541259766,89.07061004638672,-1.3866409063339233,-55.647090911865234,89.07061004638672,1.3866409063339233,-55.647090911865234,89.07061004638672,Stop,Stepping
1776271830.4788513,13625.451619897,-1.3866409063339233,-55.647098541259766,89.07061004638672,1.3866409063339233,-55.647098541259766,89.07061004638672,-1.3866409063339233,-55.647090911865234,89.07061004638672,1.3866409063339233,-55.647090911865234,89.07061004638672,Stop,Stepping
1776271830.4988556,13625.47306806,-1.3866409063339233,-55.647098541259766,89.07061004638672,1.3866409063339233,-55.647098541259766,89.07061004638672,-1.3866409063339233,-55.647090911865234,89.07061004638672,1.3866409063339233,-55.647090911865234,89.07061004638672,Stop,Stepping
1776271830.5188637,13625.491025105,-1.3866409063339233,-55.647098541259766,89.07061004638672,1.3866409063339233,-55.647098541259766,89.07061004638672,-1.3866409063339233,-55.647090911865234,89.07061004638672,1.3866409063339233,-55.647090911865234,89.07061004638672,Stop,Stepping
1776271830.5388734,13625.51161951,-1.3866409063339233,-55.647098541259766,89.07061004638672,1.3866409063339233,-55.647098541259766,89.07061004638672,-1.3866409063339233,-55.647090911865234,89.07061004638672,1.3866409063339233,-55.647090911865234,89.07061004638672,Stop,Stepping
1776271830.5588605,13625.533460775,-1.3866409063339233,-55.647098541259766,89.07061004638672,1.3866409063339233,-55.647098541259766,89.07061004638672,-1.3866409063339233,-55.647090911865234,89.07061004638672,1.3866409063339233,-55.647090911865234,89.07061004638672,Stop,Stepping
1776271830.5788555,13625.552204761,-1.3866409063339233,-55.647098541259766,89.07061004638672,1.3866409063339233,-55.647098541259766,89.07061004638672,-1.3866409063339233,-55.647090911865234,89.07061004638672,1.3866409063339233,-55.647090911865234,89.07061004638672,Stop,Stepping
1776271830.5988665,13625.571577651,-1.3866409063339233,-55.647098541259766,89.07061004638672,1.3866409063339233,-55.647098541259766,89.07061004638672,-1.3866409063339233,-55.647090911865234,89.07061004638672,1.3866409063339233,-55.647090911865234,89.07061004638672,Stop,Stepping
1776271830.6188607,13625.591132785,-1.3866409063339233,-55.647098541259766,89.07061004638672,1.3866409063339233,-55.647098541259766,89.07061004638672,-1.3866409063339233,-55.647090911865234,89.07061004638672,1.3866409063339233,-55.647090911865234,89.07061004638672,Stop,Stepping
1776271830.6388912,13625.626558515,-1.3866409063339233,-55.647098541259766,89.07061004638672,1.3866409063339233,-55.647098541259766,89.07061004638672,-1.3866409063339233,-55.647090911865234,89.07061004638672,1.3866409063339233,-55.647090911865234,89.07061004638672,Stop,Stepping
1776271830.6588626,13625.631488447,-1.3866409063339233,-55.647098541259766,89.07061004638672,1.3866409063339233,-55.647098541259766,89.07061004638672,-1.3866409063339233,-55.647090911865234,89.07061004638672,1.3866409063339233,-55.647090911865234,89.07061004638672,Stop,Stepping
1776271830.6788778,13625.651597533,-1.3866409063339233,-55.647098541259766,89.07061004638672,1.3866409063339233,-55.647098541259766,89.07061004638672,-1.3866409063339233,-55.647090911865234,89.07061004638672,1.3866409063339233,-55.647090911865234,89.07061004638672,Stop,Stepping
1776271830.6989253,13625.671881184,-1.3866409063339233,-55.647098541259766,89.07061004638672,1.3866409063339233,-55.647098541259766,89.07061004638672,-1.3866409063339233,-55.647090911865234,89.07061004638672,1.3866409063339233,-55.647090911865234,89.07061004638672,Stop,Stepping
1776271830.7189195,13625.714303444,-1.3866409063339233,-55.647098541259766,89.07061004638672,1.3866409063339233,-55.647098541259766,89.07061004638672,-1.3866409063339233,-55.647090911865234,89.07061004638672,1.3866409063339233,-55.647090911865234,89.07061004638672,Stop,Stepping
1776271830.7388859,13625.71613427,-1.3866409063339233,-55.647098541259766,89.07061004638672,1.3866409063339233,-55.647098541259766,89.07061004638672,-1.3866409063339233,-55.647090911865234,89.07061004638672,1.3866409063339233,-55.647090911865234,89.07061004638672,Stop,Stepping
1776271830.7588663,13625.731914808,-1.3866409063339233,-55.647098541259766,89.07061004638672,1.3866409063339233,-55.647098541259766,89.07061004638672,-1.3866409063339233,-55.647090911865234,89.07061004638672,1.3866409063339233,-55.647090911865234,89.07061004638672,Stop,Stepping
1776271830.7788525,13625.75110739,-1.3866409063339233,-55.647098541259766,89.07061004638672,1.3866409063339233,-55.647098541259766,89.07061004638672,-1.3866409063339233,-55.647090911865234,89.07061004638672,1.3866409063339233,-55.647090911865234,89.07061004638672,Stop,Stepping
1776271830.7988687,13625.801381596,-1.3866409063339233,-55.647098541259766,89.07061004638672,1.3866409063339233,-55.647098541259766,89.07061004638672,-1.3866409063339233,-55.647090911865234,89.07061004638672,1.3866409063339233,-55.647090911865234,89.07061004638672,Stop,Stepping
1776271830.818872,13625.803695581,-1.3866409063339233,-55.647098541259766,89.07061004638672,1.3866409063339233,-55.647098541259766,89.07061004638672,-1.3866409063339233,-55.647090911865234,89.07061004638672,1.3866409063339233,-55.647090911865234,89.07061004638672,Stop,Stepping
1776271830.8388722,13625.811351229,-1.3866409063339233,-55.647098541259766,89.07061004638672,1.3866409063339233,-55.647098541259766,89.07061004638672,-1.3866409063339233,-55.647090911865234,89.07061004638672,1.3866409063339233,-55.647090911865234,89.07061004638672,Stop,Stepping
1776271830.8588624,13625.831561728,-1.3866409063339233,-55.647098541259766,89.07061004638672,1.3866409063339233,-55.647098541259766,89.07061004638672,-1.3866409063339233,-55.647090911865234,89.07061004638672,1.3866409063339233,-55.647090911865234,89.07061004638672,Stop,Stepping
1776271830.8789032,13625.852774862,-1.3866409063339233,-55.647098541259766,89.07061004638672,1.3866409063339233,-55.647098541259766,89.07061004638672,-1.3866409063339233,-55.647090911865234,89.07061004638672,1.3866409063339233,-55.647090911865234,89.07061004638672,Stop,Stepping
1776271830.8988771,13625.87514156,-1.3866409063339233,-55.647098541259766,89.07061004638672,1.3866409063339233,-55.647098541259766,89.07061004638672,-1.3866409063339233,-55.647090911865234,89.07061004638672,1.3866409063339233,-55.647090911865234,89.07061004638672,Stop,Stepping
1776271830.918876,13625.893694686,-1.3866409063339233,-55.647098541259766,89.07061004638672,1.3866409063339233,-55.647098541259766,89.07061004638672,-1.3866409063339233,-55.647090911865234,89.07061004638672,1.3866409063339233,-55.647090911865234,89.07061004638672,Stop,Stepping
1776271830.938874,13625.916362771,-1.3866409063339233,-55.647098541259766,89.07061004638672,1.3866409063339233,-55.647098541259766,89.07061004638672,-1.3866409063339233,-55.647090911865234,89.07061004638672,1.3866409063339233,-55.647090911865234,89.07061004638672,Stop,Stepping
1776271830.9589033,13625.931265988,-1.3866409063339233,-55.647098541259766,89.07061004638672,1.3866409063339233,-55.647098541259766,89.07061004638672,-1.3866409063339233,-55.647090911865234,89.07061004638672,1.3866409063339233,-55.647090911865234,89.07061004638672,Stop,Stepping
1776271830.9789717,13625.953093352,-1.3866409063339233,-55.647098541259766,89.07061004638672,1.3866409063339233,-55.647098541259766,89.07061004638672,-1.3866409063339233,-55.647090911865234,89.07061004638672,1.3866409063339233,-55.647090911865234,89.07061004638672,Stop,Stepping
1776271830.9988809,13625.972686103,-1.3866409063339233,-55.647098541259766,89.07061004638672,1.3866409063339233,-55.647098541259766,89.07061004638672,-1.3866409063339233,-55.647090911865234,89.07061004638672,1.3866409063339233,-55.647090911865234,89.07061004638672,Stop,Stepping
1776271831.0188935,13625.992683331,-1.3866409063339233,-55.647098541259766,89.07061004638672,1.3866409063339233,-55.647098541259766,89.07061004638672,-1.3866409063339233,-55.647090911865234,89.07061004638672,1.3866409063339233,-55.647090911865234,89.07061004638672,Stop,Stepping
1776271831.0388808,13626.01194559,-1.3866409063339233,-55.647098541259766,89.07061004638672,1.3866409063339233,-55.647098541259766,89.07061004638672,-1.3866409063339233,-55.647090911865234,89.07061004638672,1.3866409063339233,-55.647090911865234,89.07061004638672,Stop,Stepping
1776271831.0588565,13626.047212182,-1.3866409063339233,-55.647098541259766,89.07061004638672,1.3866409063339233,-55.647098541259766,89.07061004638672,-1.3866409063339233,-55.647090911865234,89.07061004638672,1.3866409063339233,-55.647090911865234,89.07061004638672,Stop,Stepping
1776271831.0789027,13626.051928673,-1.3866409063339233,-55.647098541259766,89.07061004638672,1.3866409063339233,-55.647098541259766,89.07061004638672,-1.3866409063339233,-55.647090911865234,89.07061004638672,1.3866409063339233,-55.647090911865234,89.07061004638672,Stop,Stepping
1776271831.0988846,13626.071681398,-1.3866409063339233,-55.647098541259766,89.07061004638672,1.3866409063339233,-55.647098541259766,89.07061004638672,-1.3866409063339233,-55.647090911865234,89.07061004638672,1.3866409063339233,-55.647090911865234,89.07061004638672,Stop,Stepping
1776271831.118887,13626.101868104,-1.3866409063339233,-55.647098541259766,89.07061004638672,1.3866409063339233,-55.647098541259766,89.07061004638672,-1.3866409063339233,-55.647090911865234,89.07061004638672,1.3866409063339233,-55.647090911865234,89.07061004638672,Stop,Stepping
1776271831.1388824,13626.113944074,-1.3866409063339233,-55.647098541259766,89.07061004638672,1.3866409063339233,-55.647098541259766,89.07061004638672,-1.3866409063339233,-55.647090911865234,89.07061004638672,1.3866409063339233,-55.647090911865234,89.07061004638672,Stop,Stepping
1776271831.1589253,13626.132927151,-1.3866409063339233,-55.647098541259766,89.07061004638672,1.3866409063339233,-55.647098541259766,89.07061004638672,-1.3866409063339233,-55.647090911865234,89.07061004638672,1.3866409063339233,-55.647090911865234,89.07061004638672,Stop,Stepping
1776271831.178883,13626.153913133,-1.3866409063339233,-55.647098541259766,89.07061004638672,1.3866409063339233,-55.647098541259766,89.07061004638672,-1.3866409063339233,-55.647090911865234,89.07061004638672,1.3866409063339233,-55.647090911865234,89.07061004638672,Stop,Stepping
1776271831.1988738,13626.172283656,-1.3866409063339233,-55.647098541259766,89.07061004638672,1.3866409063339233,-55.647098541259766,89.07061004638672,-1.3866409063339233,-55.647090911865234,89.07061004638672,1.3866409063339233,-55.647090911865234,89.07061004638672,Stop,Stepping
1776271831.2189305,13626.192614479,-1.3866409063339233,-55.647098541259766,89.07061004638672,1.3866409063339233,-55.647098541259766,89.07061004638672,-1.3866409063339233,-55.647090911865234,89.07061004638672,1.3866409063339233,-55.647090911865234,89.07061004638672,Stop,Stepping
1776271831.238938,13626.211511912,-1.3866409063339233,-55.647098541259766,89.07061004638672,1.3866409063339233,-55.647098541259766,89.07061004638672,-1.3866409063339233,-55.647090911865234,89.07061004638672,1.3866409063339233,-55.647090911865234,89.07061004638672,Stop,Stepping
1776271831.2588615,13626.231168285,-1.3866409063339233,-55.647098541259766,89.07061004638672,1.3866409063339233,-55.647098541259766,89.07061004638672,-1.3866409063339233,-55.647090911865234,89.07061004638672,1.3866409063339233,-55.647090911865234,89.07061004638672,Stop,Stepping
1776271831.2789197,13626.26571314,-1.3866409063339233,-55.647098541259766,89.07061004638672,1.3866409063339233,-55.647098541259766,89.07061004638672,-1.3866409063339233,-55.647090911865234,89.07061004638672,1.3866409063339233,-55.647090911865234,89.07061004638672,Stop,Stepping
1776271831.2989361,13626.273981943,-1.3866409063339233,-55.647098541259766,89.07061004638672,1.3866409063339233,-55.647098541259766,89.07061004638672,-1.3866409063339233,-55.647090911865234,89.07061004638672,1.3866409063339233,-55.647090911865234,89.07061004638672,Stop,Stepping
1776271831.3188856,13626.351187408,-1.3866409063339233,-55.647098541259766,89.07061004638672,1.3866409063339233,-55.647098541259766,89.07061004638672,-1.3866409063339233,-55.647090911865234,89.07061004638672,1.3866409063339233,-55.647090911865234,89.07061004638672,Stop,Stepping
1776271831.3388758,13626.362330047,-1.3866409063339233,-55.647098541259766,89.07061004638672,1.3866409063339233,-55.647098541259766,89.07061004638672,-1.3866409063339233,-55.647090911865234,89.07061004638672,1.3866409063339233,-55.647090911865234,89.07061004638672,Stop,Stepping
1776271831.3589237,13626.362709598,-1.3866409063339233,-55.647098541259766,89.07061004638672,1.3866409063339233,-55.647098541259766,89.07061004638672,-1.3866409063339233,-55.647090911865234,89.07061004638672,1.3866409063339233,-55.647090911865234,89.07061004638672,Stop,Stepping
1776271831.3788798,13626.363097613,-1.3866409063339233,-55.647098541259766,89.07061004638672,1.3866409063339233,-55.647098541259766,89.07061004638672,-1.3866409063339233,-55.647090911865234,89.07061004638672,1.3866409063339233,-55.647090911865234,89.07061004638672,Stop,Stepping
1776271831.398874,13626.370901545,-1.3866409063339233,-55.647098541259766,89.07061004638672,1.3866409063339233,-55.647098541259766,89.07061004638672,-1.3866409063339233,-55.647090911865234,89.07061004638672,1.3866409063339233,-55.647090911865234,89.07061004638672,Stop,Stepping
1776271831.418876,13626.391441989,-1.3866409063339233,-55.647098541259766,89.07061004638672,1.3866409063339233,-55.647098541259766,89.07061004638672,-1.3866409063339233,-55.647090911865234,89.07061004638672,1.3866409063339233,-55.647090911865234,89.07061004638672,Stop,Stepping
1776271831.4388676,13626.41420839,-1.3866409063339233,-55.647098541259766,89.07061004638672,1.3866409063339233,-55.647098541259766,89.07061004638672,-1.3866409063339233,-55.647090911865234,89.07061004638672,1.3866409063339233,-55.647090911865234,89.07061004638672,Stop,Stepping
1776271831.458864,13626.444401412,-1.3866409063339233,-55.647098541259766,89.07061004638672,1.3866409063339233,-55.647098541259766,89.07061004638672,-1.3866409063339233,-55.647090911865234,89.07061004638672,1.3866409063339233,-55.647090911865234,89.07061004638672,Stop,Stepping
1776271831.4788678,13626.452399056,-1.3866409063339233,-55.647098541259766,89.07061004638672,1.3866409063339233,-55.647098541259766,89.07061004638672,-1.3866409063339233,-55.647090911865234,89.07061004638672,1.3866409063339233,-55.647090911865234,89.07061004638672,Stop,Stepping
1776271831.4988637,13626.473372812,-1.3866409063339233,-55.647098541259766,89.07061004638672,1.3866409063339233,-55.647098541259766,89.07061004638672,-1.3866409063339233,-55.647090911865234,89.07061004638672,1.3866409063339233,-55.647090911865234,89.07061004638672,Stop,Stepping
1776271831.5188458,13626.547467489,-1.3866409063339233,-55.647098541259766,89.07061004638672,1.3866409063339233,-55.647098541259766,89.07061004638672,-1.3866409063339233,-55.647090911865234,89.07061004638672,1.3866409063339233,-55.647090911865234,89.07061004638672,Stop,Stepping
1776271831.5388947,13626.548206406,-1.3866409063339233,-55.647098541259766,89.07061004638672,1.3866409063339233,-55.647098541259766,89.07061004638672,-1.3866409063339233,-55.647090911865234,89.07061004638672,1.3866409063339233,-55.647090911865234,89.07061004638672,Stop,Stepping
1776271831.5588768,13626.548571109,-1.3866409063339233,-55.647098541259766,89.07061004638672,1.3866409063339233,-55.647098541259766,89.07061004638672,-1.3866409063339233,-55.647090911865234,89.07061004638672,1.3866409063339233,-55.647090911865234,89.07061004638672,Stop,Stepping
1776271831.5788546,13626.558864023,-1.3866409063339233,-55.647098541259766,89.07061004638672,1.3866409063339233,-55.647098541259766,89.07061004638672,-1.3866409063339233,-55.647090911865234,89.07061004638672,1.3866409063339233,-55.647090911865234,89.07061004638672,Stop,Stepping
1776271831.5988586,13626.572104557,-1.3866409063339233,-55.647098541259766,89.07061004638672,1.3866409063339233,-55.647098541259766,89.07061004638672,-1.3866409063339233,-55.647090911865234,89.07061004638672,1.3866409063339233,-55.647090911865234,89.07061004638672,Stop,Stepping
1776271831.6188498,13626.596309174,-1.3866409063339233,-55.647098541259766,89.07061004638672,1.3866409063339233,-55.647098541259766,89.07061004638672,-1.3866409063339233,-55.647090911865234,89.07061004638672,1.3866409063339233,-55.647090911865234,89.07061004638672,Stop,Stepping
1776271831.6388543,13626.889097998,-1.3866409063339233,-55.647098541259766,89.07061004638672,1.3866409063339233,-55.647098541259766,89.07061004638672,-1.3866409063339233,-55.647090911865234,89.07061004638672,1.3866409063339233,-55.647090911865234,89.07061004638672,Stop,Stepping
1776271831.6588578,13626.889499803,-1.3866409063339233,-55.647098541259766,89.07061004638672,1.3866409063339233,-55.647098541259766,89.07061004638672,-1.3866409063339233,-55.647090911865234,89.07061004638672,1.3866409063339233,-55.647090911865234,89.07061004638672,Stop,Stepping
1776271831.6788678,13626.889925751,-1.3866409063339233,-55.647098541259766,89.07061004638672,1.3866409063339233,-55.647098541259766,89.07061004638672,-1.3866409063339233,-55.647090911865234,89.07061004638672,1.3866409063339233,-55.647090911865234,89.07061004638672,Stop,Stepping
1776271831.698859,13626.890351348,-1.3866409063339233,-55.647098541259766,89.07061004638672,1.3866409063339233,-55.647098541259766,89.07061004638672,-1.3866409063339233,-55.647090911865234,89.07061004638672,1.3866409063339233,-55.647090911865234,89.07061004638672,Stop,Stepping
1776271831.718855,13626.890743478,-1.3866409063339233,-55.647098541259766,89.07061004638672,1.3866409063339233,-55.647098541259766,89.07061004638672,-1.3866409063339233,-55.647090911865234,89.07061004638672,1.3866409063339233,-55.647090911865234,89.07061004638672,Stop,Stepping
1776271831.7388582,13626.891140408,-1.3866409063339233,-55.647098541259766,89.07061004638672,1.3866409063339233,-55.647098541259766,89.07061004638672,-1.3866409063339233,-55.647090911865234,89.07061004638672,1.3866409063339233,-55.647090911865234,89.07061004638672,Stop,Stepping
1776271831.7588596,13626.891494476,-1.3866409063339233,-55.647098541259766,89.07061004638672,1.3866409063339233,-55.647098541259766,89.07061004638672,-1.3866409063339233,-55.647090911865234,89.07061004638672,1.3866409063339233,-55.647090911865234,89.07061004638672,Stop,Stepping
1776271831.7788627,13626.891851004,-1.3866409063339233,-55.647098541259766,89.07061004638672,1.3866409063339233,-55.647098541259766,89.07061004638672,-1.3866409063339233,-55.647090911865234,89.07061004638672,1.3866409063339233,-55.647090911865234,89.07061004638672,Stop,Stepping
1776271831.7988605,13626.892226137,-1.3866409063339233,-55.647098541259766,89.07061004638672,1.3866409063339233,-55.647098541259766,89.07061004638672,-1.3866409063339233,-55.647090911865234,89.07061004638672,1.3866409063339233,-55.647090911865234,89.07061004638672,Stop,Stepping
1776271831.8188515,13626.892618078,-1.3866409063339233,-55.647098541259766,89.07061004638672,1.3866409063339233,-55.647098541259766,89.07061004638672,-1.3866409063339233,-55.647090911865234,89.07061004638672,1.3866409063339233,-55.647090911865234,89.07061004638672,Stop,Stepping
1776271831.8388646,13626.89301513,-1.3866409063339233,-55.647098541259766,89.07061004638672,1.3866409063339233,-55.647098541259766,89.07061004638672,-1.3866409063339233,-55.647090911865234,89.07061004638672,1.3866409063339233,-55.647090911865234,89.07061004638672,Stop,Stepping
1776271831.8588607,13626.893378038,-1.3866409063339233,-55.647098541259766,89.07061004638672,1.3866409063339233,-55.647098541259766,89.07061004638672,-1.3866409063339233,-55.647090911865234,89.07061004638672,1.3866409063339233,-55.647090911865234,89.07061004638672,Stop,Stepping
1776271831.8789096,13626.89373176,-1.3866409063339233,-55.647098541259766,89.07061004638672,1.3866409063339233,-55.647098541259766,89.07061004638672,-1.3866409063339233,-55.647090911865234,89.07061004638672,1.3866409063339233,-55.647090911865234,89.07061004638672,Stop,Stepping
1776271831.898946,13626.895424126,-1.3866409063339233,-55.647098541259766,89.07061004638672,1.3866409063339233,-55.647098541259766,89.07061004638672,-1.3866409063339233,-55.647090911865234,89.07061004638672,1.3866409063339233,-55.647090911865234,89.07061004638672,Stop,Stepping
1776271831.9189153,13626.895781602,-1.3866409063339233,-55.647098541259766,89.07061004638672,1.3866409063339233,-55.647098541259766,89.07061004638672,-1.3866409063339233,-55.647090911865234,89.07061004638672,1.3866409063339233,-55.647090911865234,89.07061004638672,Stop,Stepping
1776271831.9389057,13626.911751902,-1.3866409063339233,-55.647098541259766,89.07061004638672,1.3866409063339233,-55.647098541259766,89.07061004638672,-1.3866409063339233,-55.647090911865234,89.07061004638672,1.3866409063339233,-55.647090911865234,89.07061004638672,Stop,Stepping
1776271831.958947,13626.931769971,-1.3866409063339233,-55.647098541259766,89.07061004638672,1.3866409063339233,-55.647098541259766,89.07061004638672,-1.3866409063339233,-55.647090911865234,89.07061004638672,1.3866409063339233,-55.647090911865234,89.07061004638672,Stop,Stepping
1776271831.9788806,13626.983236236,-1.3866409063339233,-55.647098541259766,89.07061004638672,1.3866409063339233,-55.647098541259766,89.07061004638672,-1.3866409063339233,-55.647090911865234,89.07061004638672,1.3866409063339233,-55.647090911865234,89.07061004638672,Stop,Stepping
1776271831.9988794,13626.98360208,-1.3866409063339233,-55.647098541259766,89.07061004638672,1.3866409063339233,-55.647098541259766,89.07061004638672,-1.3866409063339233,-55.647090911865234,89.07061004638672,1.3866409063339233,-55.647090911865234,89.07061004638672,Stop,Stepping
1776271832.0188327,13626.990833951,-1.3866409063339233,-55.647098541259766,89.07061004638672,1.3866409063339233,-55.647098541259766,89.07061004638672,-1.3866409063339233,-55.647090911865234,89.07061004638672,1.3866409063339233,-55.647090911865234,89.07061004638672,Stop,Stepping
1776271832.0388844,13627.010641768,-1.3866409063339233,-55.647098541259766,89.07061004638672,1.3866409063339233,-55.647098541259766,89.07061004638672,-1.3866409063339233,-55.647090911865234,89.07061004638672,1.3866409063339233,-55.647090911865234,89.07061004638672,Stop,Stepping
1776271832.0588768,13627.03525456,-1.3866409063339233,-55.647098541259766,89.07061004638672,1.3866409063339233,-55.647098541259766,89.07061004638672,-1.3866409063339233,-55.647090911865234,89.07061004638672,1.3866409063339233,-55.647090911865234,89.07061004638672,Stop,Stepping
1776271832.0788646,13627.051346671,-1.3866409063339233,-55.647098541259766,89.07061004638672,1.3866409063339233,-55.647098541259766,89.07061004638672,-1.3866409063339233,-55.647090911865234,89.07061004638672,1.3866409063339233,-55.647090911865234,89.07061004638672,Stop,Stepping
1776271832.0988605,13627.077488442,-1.3866409063339233,-55.647098541259766,89.07061004638672,1.3866409063339233,-55.647098541259766,89.07061004638672,-1.3866409063339233,-55.647090911865234,89.07061004638672,1.3866409063339233,-55.647090911865234,89.07061004638672,Stop,Stepping
1776271832.1188912,13627.0916276,-1.3866409063339233,-55.647098541259766,89.07061004638672,1.3866409063339233,-55.647098541259766,89.07061004638672,-1.3866409063339233,-55.647090911865234,89.07061004638672,1.3866409063339233,-55.647090911865234,89.07061004638672,Stop,Stepping
1776271832.1388648,13627.111326763,-1.3866409063339233,-55.647098541259766,89.07061004638672,1.3866409063339233,-55.647098541259766,89.07061004638672,-1.3866409063339233,-55.647090911865234,89.07061004638672,1.3866409063339233,-55.647090911865234,89.07061004638672,Stop,Stepping
1776271832.158866,13627.13132117,-1.3866409063339233,-55.647098541259766,89.07061004638672,1.3866409063339233,-55.647098541259766,89.07061004638672,-1.3866409063339233,-55.647090911865234,89.07061004638672,1.3866409063339233,-55.647090911865234,89.07061004638672,Stop,Stepping
1776271832.1788805,13627.151164673,-1.3866409063339233,-55.647098541259766,89.07061004638672,1.3866409063339233,-55.647098541259766,89.07061004638672,-1.3866409063339233,-55.647090911865234,89.07061004638672,1.3866409063339233,-55.647090911865234,89.07061004638672,Stop,Stepping
1776271832.1988597,13627.173759464,-1.3866409063339233,-55.647098541259766,89.07061004638672,1.3866409063339233,-55.647098541259766,89.07061004638672,-1.3866409063339233,-55.647090911865234,89.07061004638672,1.3866409063339233,-55.647090911865234,89.07061004638672,Stop,Stepping
1776271832.2188618,13627.206112281,-1.3866409063339233,-55.647098541259766,89.07061004638672,1.3866409063339233,-55.647098541259766,89.07061004638672,-1.3866409063339233,-55.647090911865234,89.07061004638672,1.3866409063339233,-55.647090911865234,89.07061004638672,Stop,Stepping
1776271832.2388828,13627.211205303,-1.3866409063339233,-55.647098541259766,89.07061004638672,1.3866409063339233,-55.647098541259766,89.07061004638672,-1.3866409063339233,-55.647090911865234,89.07061004638672,1.3866409063339233,-55.647090911865234,89.07061004638672,Stop,Stepping
1776271832.2588663,13627.231094352,-1.3866409063339233,-55.647098541259766,89.07061004638672,1.3866409063339233,-55.647098541259766,89.07061004638672,-1.3866409063339233,-55.647090911865234,89.07061004638672,1.3866409063339233,-55.647090911865234,89.07061004638672,Stop,Stepping
1776271832.2788725,13627.252846822,-1.3866409063339233,-55.647098541259766,89.07061004638672,1.3866409063339233,-55.647098541259766,89.07061004638672,-1.3866409063339233,-55.647090911865234,89.07061004638672,1.3866409063339233,-55.647090911865234,89.07061004638672,Stop,Stepping
1776271832.2988656,13627.274710688,-1.3866409063339233,-55.647098541259766,89.07061004638672,1.3866409063339233,-55.647098541259766,89.07061004638672,-1.3866409063339233,-55.647090911865234,89.07061004638672,1.3866409063339233,-55.647090911865234,89.07061004638672,Stop,Stepping
1776271832.3188775,13627.294171474,-1.3866409063339233,-55.647098541259766,89.07061004638672,1.3866409063339233,-55.647098541259766,89.07061004638672,-1.3866409063339233,-55.647090911865234,89.07061004638672,1.3866409063339233,-55.647090911865234,89.07061004638672,Stop,Stepping
1776271832.3388715,13627.312662494,-1.3866409063339233,-55.647098541259766,89.07061004638672,1.3866409063339233,-55.647098541259766,89.07061004638672,-1.3866409063339233,-55.647090911865234,89.07061004638672,1.3866409063339233,-55.647090911865234,89.07061004638672,Stop,Stepping
1776271832.3590913,13627.369734774,-1.3866409063339233,-55.647098541259766,89.07061004638672,1.3866409063339233,-55.647098541259766,89.07061004638672,-1.3866409063339233,-55.647090911865234,89.07061004638672,1.3866409063339233,-55.647090911865234,89.07061004638672,Stop,Stepping
1776271832.3790398,13627.37111358,-1.3866409063339233,-55.647098541259766,89.07061004638672,1.3866409063339233,-55.647098541259766,89.07061004638672,-1.3866409063339233,-55.647090911865234,89.07061004638672,1.3866409063339233,-55.647090911865234,89.07061004638672,Stop,Stepping
1776271832.3988745,13627.373079524,-1.3866409063339233,-55.647098541259766,89.07061004638672,1.3866409063339233,-55.647098541259766,89.07061004638672,-1.3866409063339233,-55.647090911865234,89.07061004638672,1.3866409063339233,-55.647090911865234,89.07061004638672,Stop,Stepping
1776271832.4188719,13627.391668575,-1.3866409063339233,-55.647098541259766,89.07061004638672,1.3866409063339233,-55.647098541259766,89.07061004638672,-1.3866409063339233,-55.647090911865234,89.07061004638672,1.3866409063339233,-55.647090911865234,89.07061004638672,Stop,Stepping
1776271832.4389098,13627.414167648,-1.3866409063339233,-55.647098541259766,89.07061004638672,1.3866409063339233,-55.647098541259766,89.07061004638672,-1.3866409063339233,-55.647090911865234,89.07061004638672,1.3866409063339233,-55.647090911865234,89.07061004638672,Stop,Stepping
1776271832.458885,13627.437846396,-1.3866409063339233,-55.647098541259766,89.07061004638672,1.3866409063339233,-55.647098541259766,89.07061004638672,-1.3866409063339233,-55.647090911865234,89.07061004638672,1.3866409063339233,-55.647090911865234,89.07061004638672,Stop,Stepping
1776271832.478901,13627.451922291,-1.3866409063339233,-55.647098541259766,89.07061004638672,1.3866409063339233,-55.647098541259766,89.07061004638672,-1.3866409063339233,-55.647090911865234,89.07061004638672,1.3866409063339233,-55.647090911865234,89.07061004638672,Stop,Stepping
1776271832.498918,13627.472747324,-1.3866409063339233,-55.647098541259766,89.07061004638672,1.3866409063339233,-55.647098541259766,89.07061004638672,-1.3866409063339233,-55.647090911865234,89.07061004638672,1.3866409063339233,-55.647090911865234,89.07061004638672,Stop,Stepping
1776271832.518885,13627.491703162,-1.3866409063339233,-55.647098541259766,89.07061004638672,1.3866409063339233,-55.647098541259766,89.07061004638672,-1.3866409063339233,-55.647090911865234,89.07061004638672,1.3866409063339233,-55.647090911865234,89.07061004638672,Stop,Stepping
1776271832.5388849,13627.5114681,-1.3866409063339233,-55.647098541259766,89.07061004638672,1.3866409063339233,-55.647098541259766,89.07061004638672,-1.3866409063339233,-55.647090911865234,89.07061004638672,1.3866409063339233,-55.647090911865234,89.07061004638672,Stop,Stepping
1776271832.5588787,13627.534713286,-1.3866409063339233,-55.647098541259766,89.07061004638672,1.3866409063339233,-55.647098541259766,89.07061004638672,-1.3866409063339233,-55.647090911865234,89.07061004638672,1.3866409063339233,-55.647090911865234,89.07061004638672,Stop,Stepping
1776271832.5789695,13627.551465071,-1.3866409063339233,-55.647098541259766,89.07061004638672,1.3866409063339233,-55.647098541259766,89.07061004638672,-1.3866409063339233,-55.647090911865234,89.07061004638672,1.3866409063339233,-55.647090911865234,89.07061004638672,Stop,Stepping
1776271832.5988934,13627.572123376,-1.3866409063339233,-55.647098541259766,89.07061004638672,1.3866409063339233,-55.647098541259766,89.07061004638672,-1.3866409063339233,-55.647090911865234,89.07061004638672,1.3866409063339233,-55.647090911865234,89.07061004638672,Stop,Stepping
1776271832.618879,13627.593646283,-1.3866409063339233,-55.647098541259766,89.07061004638672,1.3866409063339233,-55.647098541259766,89.07061004638672,-1.3866409063339233,-55.647090911865234,89.07061004638672,1.3866409063339233,-55.647090911865234,89.07061004638672,Stop,Stepping
1776271832.6388798,13627.611630115,-1.3866409063339233,-55.647098541259766,89.07061004638672,1.3866409063339233,-55.647098541259766,89.07061004638672,-1.3866409063339233,-55.647090911865234,89.07061004638672,1.3866409063339233,-55.647090911865234,89.07061004638672,Stop,Stepping
1776271832.6588893,13627.63152893,-1.3866409063339233,-55.647098541259766,89.07061004638672,1.3866409063339233,-55.647098541259766,89.07061004638672,-1.3866409063339233,-55.647090911865234,89.07061004638672,1.3866409063339233,-55.647090911865234,89.07061004638672,Stop,Stepping
1776271832.6789083,13627.653035079,-1.3866409063339233,-55.647098541259766,89.07061004638672,1.3866409063339233,-55.647098541259766,89.07061004638672,-1.3866409063339233,-55.647090911865234,89.07061004638672,1.3866409063339233,-55.647090911865234,89.07061004638672,Stop,Stepping
1776271832.6988826,13627.670977345,-1.3866409063339233,-55.647098541259766,89.07061004638672,1.3866409063339233,-55.647098541259766,89.07061004638672,-1.3866409063339233,-55.647090911865234,89.07061004638672,1.3866409063339233,-55.647090911865234,89.07061004638672,Stop,Stepping
1776271832.7188869,13627.696075911,-1.3866409063339233,-55.647098541259766,89.07061004638672,1.3866409063339233,-55.647098541259766,89.07061004638672,-1.3866409063339233,-55.647090911865234,89.07061004638672,1.3866409063339233,-55.647090911865234,89.07061004638672,Stop,Stepping
1776271832.738886,13627.710975739,-1.3866409063339233,-55.647098541259766,89.07061004638672,1.3866409063339233,-55.647098541259766,89.07061004638672,-1.3866409063339233,-55.647090911865234,89.07061004638672,1.3866409063339233,-55.647090911865234,89.07061004638672,Stop,Stepping
1776271832.7588193,13627.730746625,-1.3866409063339233,-55.647098541259766,89.07061004638672,1.3866409063339233,-55.647098541259766,89.07061004638672,-1.3866409063339233,-55.647090911865234,89.07061004638672,1.3866409063339233,-55.647090911865234,89.07061004638672,Stop,Stepping
1776271832.7789445,13627.752948771,-1.3866409063339233,-55.647098541259766,89.07061004638672,1.3866409063339233,-55.647098541259766,89.07061004638672,-1.3866409063339233,-55.647090911865234,89.07061004638672,1.3866409063339233,-55.647090911865234,89.07061004638672,Stop,Stepping
1776271832.79889,13627.771094411,-1.3866409063339233,-55.647098541259766,89.07061004638672,1.3866409063339233,-55.647098541259766,89.07061004638672,-1.3866409063339233,-55.647090911865234,89.07061004638672,1.3866409063339233,-55.647090911865234,89.07061004638672,Stop,Stepping
1776271832.8189008,13627.792472693,-1.3866409063339233,-55.647098541259766,89.07061004638672,1.3866409063339233,-55.647098541259766,89.07061004638672,-1.3866409063339233,-55.647090911865234,89.07061004638672,1.3866409063339233,-55.647090911865234,89.07061004638672,Stop,Stepping
1776271832.838967,13627.814472758,-1.3866409063339233,-55.647098541259766,89.07061004638672,1.3866409063339233,-55.647098541259766,89.07061004638672,-1.3866409063339233,-55.647090911865234,89.07061004638672,1.3866409063339233,-55.647090911865234,89.07061004638672,Stop,Stepping
1776271832.858951,13627.833261586,-1.3866409063339233,-55.647098541259766,89.07061004638672,1.3866409063339233,-55.647098541259766,89.07061004638672,-1.3866409063339233,-55.647090911865234,89.07061004638672,1.3866409063339233,-55.647090911865234,89.07061004638672,Stop,Stepping
1776271832.87891,13627.853169552,-1.3866409063339233,-55.647098541259766,89.07061004638672,1.3866409063339233,-55.647098541259766,89.07061004638672,-1.3866409063339233,-55.647090911865234,89.07061004638672,1.3866409063339233,-55.647090911865234,89.07061004638672,Stop,Stepping
1776271832.8988988,13627.874927527,-1.3866409063339233,-55.647098541259766,89.07061004638672,1.3866409063339233,-55.647098541259766,89.07061004638672,-1.3866409063339233,-55.647090911865234,89.07061004638672,1.3866409063339233,-55.647090911865234,89.07061004638672,Stop,Stepping
1776271832.9188888,13627.89253971,-1.3866409063339233,-55.647098541259766,89.07061004638672,1.3866409063339233,-55.647098541259766,89.07061004638672,-1.3866409063339233,-55.647090911865234,89.07061004638672,1.3866409063339233,-55.647090911865234,89.07061004638672,Stop,Stepping
1776271832.9389274,13627.911417393,-1.3866409063339233,-55.647098541259766,89.07061004638672,1.3866409063339233,-55.647098541259766,89.07061004638672,-1.3866409063339233,-55.647090911865234,89.07061004638672,1.3866409063339233,-55.647090911865234,89.07061004638672,Stop,Stepping
1776271832.958955,13627.932513253,-1.3866409063339233,-55.647098541259766,89.07061004638672,1.3866409063339233,-55.647098541259766,89.07061004638672,-1.3866409063339233,-55.647090911865234,89.07061004638672,1.3866409063339233,-55.647090911865234,89.07061004638672,Stop,Stepping
1776271832.978899,13627.95508425,-1.3866409063339233,-55.647098541259766,89.07061004638672,1.3866409063339233,-55.647098541259766,89.07061004638672,-1.3866409063339233,-55.647090911865234,89.07061004638672,1.3866409063339233,-55.647090911865234,89.07061004638672,Stop,Stepping
1776271832.998918,13627.97131032,-1.3866409063339233,-55.647098541259766,89.07061004638672,1.3866409063339233,-55.647098541259766,89.07061004638672,-1.3866409063339233,-55.647090911865234,89.07061004638672,1.3866409063339233,-55.647090911865234,89.07061004638672,Stop,Stepping
1776271833.0188828,13627.998138671,-1.3866409063339233,-55.647098541259766,89.07061004638672,1.3866409063339233,-55.647098541259766,89.07061004638672,-1.3866409063339233,-55.647090911865234,89.07061004638672,1.3866409063339233,-55.647090911865234,89.07061004638672,Stop,Stepping
1776271833.0389109,13628.011689119,-1.3866409063339233,-55.647098541259766,89.07061004638672,1.3866409063339233,-55.647098541259766,89.07061004638672,-1.3866409063339233,-55.647090911865234,89.07061004638672,1.3866409063339233,-55.647090911865234,89.07061004638672,Stop,Stepping
1776271833.058922,13628.032801885,-1.3866409063339233,-55.647098541259766,89.07061004638672,1.3866409063339233,-55.647098541259766,89.07061004638672,-1.3866409063339233,-55.647090911865234,89.07061004638672,1.3866409063339233,-55.647090911865234,89.07061004638672,Stop,Stepping
1776271833.078913,13628.052074793,-1.3866409063339233,-55.647098541259766,89.07061004638672,1.3866409063339233,-55.647098541259766,89.07061004638672,-1.3866409063339233,-55.647090911865234,89.07061004638672,1.3866409063339233,-55.647090911865234,89.07061004638672,Stop,Stepping
1776271833.098942,13628.074743672,-1.3866409063339233,-55.647098541259766,89.07061004638672,1.3866409063339233,-55.647098541259766,89.07061004638672,-1.3866409063339233,-55.647090911865234,89.07061004638672,1.3866409063339233,-55.647090911865234,89.07061004638672,Stop,Stepping
1776271833.1188903,13628.091327242,-1.3866409063339233,-55.647098541259766,89.07061004638672,1.3866409063339233,-55.647098541259766,89.07061004638672,-1.3866409063339233,-55.647090911865234,89.07061004638672,1.3866409063339233,-55.647090911865234,89.07061004638672,Stop,Stepping
1776271833.138937,13628.111500932,-1.3866409063339233,-55.647098541259766,89.07061004638672,1.3866409063339233,-55.647098541259766,89.07061004638672,-1.3866409063339233,-55.647090911865234,89.07061004638672,1.3866409063339233,-55.647090911865234,89.07061004638672,Stop,Stepping
1776271833.158944,13628.132701108,-1.3866409063339233,-55.647098541259766,89.07061004638672,1.3866409063339233,-55.647098541259766,89.07061004638672,-1.3866409063339233,-55.647090911865234,89.07061004638672,1.3866409063339233,-55.647090911865234,89.07061004638672,Stop,Stepping
1776271833.1789286,13628.152493184,-1.3866409063339233,-55.647098541259766,89.07061004638672,1.3866409063339233,-55.647098541259766,89.07061004638672,-1.3866409063339233,-55.647090911865234,89.07061004638672,1.3866409063339233,-55.647090911865234,89.07061004638672,Stop,Stepping
1776271833.1989326,13628.189618442,-1.3866409063339233,-55.647098541259766,89.07061004638672,1.3866409063339233,-55.647098541259766,89.07061004638672,-1.3866409063339233,-55.647090911865234,89.07061004638672,1.3866409063339233,-55.647090911865234,89.07061004638672,Stop,Stepping
1776271833.2188873,13628.19337354,-1.3866409063339233,-55.647098541259766,89.07061004638672,1.3866409063339233,-55.647098541259766,89.07061004638672,-1.3866409063339233,-55.647090911865234,89.07061004638672,1.3866409063339233,-55.647090911865234,89.07061004638672,Stop,Stepping
1776271833.238881,13628.211973819,-1.3866409063339233,-55.647098541259766,89.07061004638672,1.3866409063339233,-55.647098541259766,89.07061004638672,-1.3866409063339233,-55.647090911865234,89.07061004638672,1.3866409063339233,-55.647090911865234,89.07061004638672,Stop,Stepping
1776271833.2589126,13628.230634973,-1.3866409063339233,-55.647098541259766,89.07061004638672,1.3866409063339233,-55.647098541259766,89.07061004638672,-1.3866409063339233,-55.647090911865234,89.07061004638672,1.3866409063339233,-55.647090911865234,89.07061004638672,Stop,Stepping
1776271833.2789505,13628.251177714,-1.3866409063339233,-55.647098541259766,89.07061004638672,1.3866409063339233,-55.647098541259766,89.07061004638672,-1.3866409063339233,-55.647090911865234,89.07061004638672,1.3866409063339233,-55.647090911865234,89.07061004638672,Stop,Stepping
1776271833.2989485,13628.271619687,-1.3866409063339233,-55.647098541259766,89.07061004638672,1.3866409063339233,-55.647098541259766,89.07061004638672,-1.3866409063339233,-55.647090911865234,89.07061004638672,1.3866409063339233,-55.647090911865234,89.07061004638672,Stop,Stepping
1776271833.318892,13628.291689184,-1.3866409063339233,-55.647098541259766,89.07061004638672,1.3866409063339233,-55.647098541259766,89.07061004638672,-1.3866409063339233,-55.647090911865234,89.07061004638672,1.3866409063339233,-55.647090911865234,89.07061004638672,Stop,Stepping
1776271833.3388872,13628.31771391,-1.3866409063339233,-55.647098541259766,89.07061004638672,1.3866409063339233,-55.647098541259766,89.07061004638672,-1.3866409063339233,-55.647090911865234,89.07061004638672,1.3866409063339233,-55.647090911865234,89.07061004638672,Stop,Stepping
1776271833.3589065,13628.331189045,-1.3866409063339233,-55.647098541259766,89.07061004638672,1.3866409063339233,-55.647098541259766,89.07061004638672,-1.3866409063339233,-55.647090911865234,89.07061004638672,1.3866409063339233,-55.647090911865234,89.07061004638672,Stop,Stepping
1776271833.3788822,13628.354949981,-1.3866409063339233,-55.647098541259766,89.07061004638672,1.3866409063339233,-55.647098541259766,89.07061004638672,-1.3866409063339233,-55.647090911865234,89.07061004638672,1.3866409063339233,-55.647090911865234,89.07061004638672,Stop,Stepping
1776271833.3988888,13628.371860383,-1.3866409063339233,-55.647098541259766,89.07061004638672,1.3866409063339233,-55.647098541259766,89.07061004638672,-1.3866409063339233,-55.647090911865234,89.07061004638672,1.3866409063339233,-55.647090911865234,89.07061004638672,Stop,Stepping
1776271833.4188871,13628.393584899,-1.3866409063339233,-55.647098541259766,89.07061004638672,1.3866409063339233,-55.647098541259766,89.07061004638672,-1.3866409063339233,-55.647090911865234,89.07061004638672,1.3866409063339233,-55.647090911865234,89.07061004638672,Stop,Stepping
1776271833.4389102,13628.412341405,-1.3866409063339233,-55.647098541259766,89.07061004638672,1.3866409063339233,-55.647098541259766,89.07061004638672,-1.3866409063339233,-55.647090911865234,89.07061004638672,1.3866409063339233,-55.647090911865234,89.07061004638672,Stop,Stepping
1776271833.458956,13628.432244383,-1.3866409063339233,-55.647098541259766,89.07061004638672,1.3866409063339233,-55.647098541259766,89.07061004638672,-1.3866409063339233,-55.647090911865234,89.07061004638672,1.3866409063339233,-55.647090911865234,89.07061004638672,Stop,Stepping
1776271833.4789493,13628.453515134,-1.3866409063339233,-55.647098541259766,89.07061004638672,1.3866409063339233,-55.647098541259766,89.07061004638672,-1.3866409063339233,-55.647090911865234,89.07061004638672,1.3866409063339233,-55.647090911865234,89.07061004638672,Stop,Stepping
1776271833.4988995,13628.474903857,-1.3866409063339233,-55.647098541259766,89.07061004638672,1.3866409063339233,-55.647098541259766,89.07061004638672,-1.3866409063339233,-55.647090911865234,89.07061004638672,1.3866409063339233,-55.647090911865234,89.07061004638672,Stop,Stepping
1776271833.518906,13628.495370394,-1.3866409063339233,-55.647098541259766,89.07061004638672,1.3866409063339233,-55.647098541259766,89.07061004638672,-1.3866409063339233,-55.647090911865234,89.07061004638672,1.3866409063339233,-55.647090911865234,89.07061004638672,Stop,Stepping
1776271833.53885,13628.517169486,-1.3866409063339233,-55.647098541259766,89.07061004638672,1.3866409063339233,-55.647098541259766,89.07061004638672,-1.3866409063339233,-55.647090911865234,89.07061004638672,1.3866409063339233,-55.647090911865234,89.07061004638672,Stop,Stepping
1776271833.5588899,13628.531199679,-1.3866409063339233,-55.647098541259766,89.07061004638672,1.3866409063339233,-55.647098541259766,89.07061004638672,-1.3866409063339233,-55.647090911865234,89.07061004638672,1.3866409063339233,-55.647090911865234,89.07061004638672,Stop,Stepping
1776271833.5789106,13628.552886386,-1.3866409063339233,-55.647098541259766,89.07061004638672,1.3866409063339233,-55.647098541259766,89.07061004638672,-1.3866409063339233,-55.647090911865234,89.07061004638672,1.3866409063339233,-55.647090911865234,89.07061004638672,Stop,Stepping
1776271833.5988936,13628.572153947,-1.3866409063339233,-55.647098541259766,89.07061004638672,1.3866409063339233,-55.647098541259766,89.07061004638672,-1.3866409063339233,-55.647090911865234,89.07061004638672,1.3866409063339233,-55.647090911865234,89.07061004638672,Stop,Stepping
1776271833.6189566,13628.593943273,-1.3866409063339233,-55.647098541259766,89.07061004638672,1.3866409063339233,-55.647098541259766,89.07061004638672,-1.3866409063339233,-55.647090911865234,89.07061004638672,1.3866409063339233,-55.647090911865234,89.07061004638672,Stop,Stepping
1776271833.6389709,13628.612648714,-1.3866409063339233,-55.647098541259766,89.07061004638672,1.3866409063339233,-55.647098541259766,89.07061004638672,-1.3866409063339233,-55.647090911865234,89.07061004638672,1.3866409063339233,-55.647090911865234,89.07061004638672,Stop,Stepping
1776271833.658885,13628.632440987,-1.3866409063339233,-55.647098541259766,89.07061004638672,1.3866409063339233,-55.647098541259766,89.07061004638672,-1.3866409063339233,-55.647090911865234,89.07061004638672,1.3866409063339233,-55.647090911865234,89.07061004638672,Stop,Stepping
1776271833.6789615,13628.654665644,-1.3866409063339233,-55.647098541259766,89.07061004638672,1.3866409063339233,-55.647098541259766,89.07061004638672,-1.3866409063339233,-55.647090911865234,89.07061004638672,1.3866409063339233,-55.647090911865234,89.07061004638672,Stop,Stepping
1776271833.698961,13628.672672364,-1.3866409063339233,-55.647098541259766,89.07061004638672,1.3866409063339233,-55.647098541259766,89.07061004638672,-1.3866409063339233,-55.647090911865234,89.07061004638672,1.3866409063339233,-55.647090911865234,89.07061004638672,Stop,Stepping
1776271833.7189474,13628.692459598,-1.3866409063339233,-55.647098541259766,89.07061004638672,1.3866409063339233,-55.647098541259766,89.07061004638672,-1.3866409063339233,-55.647090911865234,89.07061004638672,1.3866409063339233,-55.647090911865234,89.07061004638672,Stop,Stepping
1776271833.7388916,13628.711906666,-1.3866409063339233,-55.647098541259766,89.07061004638672,1.3866409063339233,-55.647098541259766,89.07061004638672,-1.3866409063339233,-55.647090911865234,89.07061004638672,1.3866409063339233,-55.647090911865234,89.07061004638672,Stop,Stepping
1776271833.7588885,13628.735854012,-1.3866409063339233,-55.647098541259766,89.07061004638672,1.3866409063339233,-55.647098541259766,89.07061004638672,-1.3866409063339233,-55.647090911865234,89.07061004638672,1.3866409063339233,-55.647090911865234,89.07061004638672,Stop,Stepping
1776271833.7789054,13628.777529888,-1.3866409063339233,-55.647098541259766,89.07061004638672,1.3866409063339233,-55.647098541259766,89.07061004638672,-1.3866409063339233,-55.647090911865234,89.07061004638672,1.3866409063339233,-55.647090911865234,89.07061004638672,Stop,Stepping
1776271833.7989109,13628.779625603,-1.3866409063339233,-55.647098541259766,89.07061004638672,1.3866409063339233,-55.647098541259766,89.07061004638672,-1.3866409063339233,-55.647090911865234,89.07061004638672,1.3866409063339233,-55.647090911865234,89.07061004638672,Stop,Stepping
1776271833.8188982,13628.802115284,-1.3866409063339233,-55.647098541259766,89.07061004638672,1.3866409063339233,-55.647098541259766,89.07061004638672,-1.3866409063339233,-55.647090911865234,89.07061004638672,1.3866409063339233,-55.647090911865234,89.07061004638672,Stop,Stepping
1776271833.8388982,13628.814891311,-1.3866409063339233,-55.647098541259766,89.07061004638672,1.3866409063339233,-55.647098541259766,89.07061004638672,-1.3866409063339233,-55.647090911865234,89.07061004638672,1.3866409063339233,-55.647090911865234,89.07061004638672,Stop,Stepping
1776271833.8588917,13628.838705601,-1.3866409063339233,-55.647098541259766,89.07061004638672,1.3866409063339233,-55.647098541259766,89.07061004638672,-1.3866409063339233,-55.647090911865234,89.07061004638672,1.3866409063339233,-55.647090911865234,89.07061004638672,Stop,Stepping
1776271833.8789277,13628.855248147,-1.3866409063339233,-55.647098541259766,89.07061004638672,1.3866409063339233,-55.647098541259766,89.07061004638672,-1.3866409063339233,-55.647090911865234,89.07061004638672,1.3866409063339233,-55.647090911865234,89.07061004638672,Stop,Stepping
1776271833.8988972,13628.872087425,-1.3866409063339233,-55.647098541259766,89.07061004638672,1.3866409063339233,-55.647098541259766,89.07061004638672,-1.3866409063339233,-55.647090911865234,89.07061004638672,1.3866409063339233,-55.647090911865234,89.07061004638672,Stop,Stepping
1776271833.9189036,13628.894314157,-1.3866409063339233,-55.647098541259766,89.07061004638672,1.3866409063339233,-55.647098541259766,89.07061004638672,-1.3866409063339233,-55.647090911865234,89.07061004638672,1.3866409063339233,-55.647090911865234,89.07061004638672,Stop,Stepping
1776271833.9389052,13628.915426274,-1.3866409063339233,-55.647098541259766,89.07061004638672,1.3866409063339233,-55.647098541259766,89.07061004638672,-1.3866409063339233,-55.647090911865234,89.07061004638672,1.3866409063339233,-55.647090911865234,89.07061004638672,Stop,Stepping
1776271833.958896,13628.934733221,-1.3866409063339233,-55.647098541259766,89.07061004638672,1.3866409063339233,-55.647098541259766,89.07061004638672,-1.3866409063339233,-55.647090911865234,89.07061004638672,1.3866409063339233,-55.647090911865234,89.07061004638672,Stop,Stepping
1776271833.9789002,13628.953027887,-1.3866409063339233,-55.647098541259766,89.07061004638672,1.3866409063339233,-55.647098541259766,89.07061004638672,-1.3866409063339233,-55.647090911865234,89.07061004638672,1.3866409063339233,-55.647090911865234,89.07061004638672,Stop,Stepping
1776271833.9989612,13628.975363474,-1.3866409063339233,-55.647098541259766,89.07061004638672,1.3866409063339233,-55.647098541259766,89.07061004638672,-1.3866409063339233,-55.647090911865234,89.07061004638672,1.3866409063339233,-55.647090911865234,89.07061004638672,Stop,Stepping
1776271834.018894,13628.991539036,-1.3866409063339233,-55.647098541259766,89.07061004638672,1.3866409063339233,-55.647098541259766,89.07061004638672,-1.3866409063339233,-55.647090911865234,89.07061004638672,1.3866409063339233,-55.647090911865234,89.07061004638672,Stop,Stepping
1776271834.0389192,13629.012701013,-1.3866409063339233,-55.647098541259766,89.07061004638672,1.3866409063339233,-55.647098541259766,89.07061004638672,-1.3866409063339233,-55.647090911865234,89.07061004638672,1.3866409063339233,-55.647090911865234,89.07061004638672,Stop,Stepping
1776271834.0588882,13629.03137838,-1.3866409063339233,-55.647098541259766,89.07061004638672,1.3866409063339233,-55.647098541259766,89.07061004638672,-1.3866409063339233,-55.647090911865234,89.07061004638672,1.3866409063339233,-55.647090911865234,89.07061004638672,Stop,Stepping
1776271834.0788972,13629.051740459,-1.3866409063339233,-55.647098541259766,89.07061004638672,1.3866409063339233,-55.647098541259766,89.07061004638672,-1.3866409063339233,-55.647090911865234,89.07061004638672,1.3866409063339233,-55.647090911865234,89.07061004638672,Stop,Stepping
1776271834.0988917,13629.07276876,-1.3866409063339233,-55.647098541259766,89.07061004638672,1.3866409063339233,-55.647098541259766,89.07061004638672,-1.3866409063339233,-55.647090911865234,89.07061004638672,1.3866409063339233,-55.647090911865234,89.07061004638672,Stop,Stepping
1776271834.1188936,13629.097500471,-1.3866409063339233,-55.647098541259766,89.07061004638672,1.3866409063339233,-55.647098541259766,89.07061004638672,-1.3866409063339233,-55.647090911865234,89.07061004638672,1.3866409063339233,-55.647090911865234,89.07061004638672,Stop,Stepping
1776271834.139071,13629.119948977,-1.3866409063339233,-55.647098541259766,89.07061004638672,1.3866409063339233,-55.647098541259766,89.07061004638672,-1.3866409063339233,-55.647090911865234,89.07061004638672,1.3866409063339233,-55.647090911865234,89.07061004638672,Stop,Stepping
1776271834.158968,13629.133915986,-1.3866409063339233,-55.647098541259766,89.07061004638672,1.3866409063339233,-55.647098541259766,89.07061004638672,-1.3866409063339233,-55.647090911865234,89.07061004638672,1.3866409063339233,-55.647090911865234,89.07061004638672,Stop,Stepping
1776271834.1788974,13629.15255829,-1.3866409063339233,-55.647098541259766,89.07061004638672,1.3866409063339233,-55.647098541259766,89.07061004638672,-1.3866409063339233,-55.647090911865234,89.07061004638672,1.3866409063339233,-55.647090911865234,89.07061004638672,Stop,Stepping
1776271834.1989157,13629.172862704,-1.3866409063339233,-55.647098541259766,89.07061004638672,1.3866409063339233,-55.647098541259766,89.07061004638672,-1.3866409063339233,-55.647090911865234,89.07061004638672,1.3866409063339233,-55.647090911865234,89.07061004638672,Stop,Stepping
1776271834.2189898,13629.191678573,-1.3866409063339233,-55.647098541259766,89.07061004638672,1.3866409063339233,-55.647098541259766,89.07061004638672,-1.3866409063339233,-55.647090911865234,89.07061004638672,1.3866409063339233,-55.647090911865234,89.07061004638672,Stop,Stepping
1776271834.238967,13629.212305342,-1.3866409063339233,-55.647098541259766,89.07061004638672,1.3866409063339233,-55.647098541259766,89.07061004638672,-1.3866409063339233,-55.647090911865234,89.07061004638672,1.3866409063339233,-55.647090911865234,89.07061004638672,Stop,Stepping
1776271834.2589092,13629.23122106,-1.3866409063339233,-55.647098541259766,89.07061004638672,1.3866409063339233,-55.647098541259766,89.07061004638672,-1.3866409063339233,-55.647090911865234,89.07061004638672,1.3866409063339233,-55.647090911865234,89.07061004638672,Stop,Stepping
1776271834.278907,13629.251382519,-1.3866409063339233,-55.647098541259766,89.07061004638672,1.3866409063339233,-55.647098541259766,89.07061004638672,-1.3866409063339233,-55.647090911865234,89.07061004638672,1.3866409063339233,-55.647090911865234,89.07061004638672,Stop,Stepping
1776271834.2989092,13629.271320367,-1.3866409063339233,-55.647098541259766,89.07061004638672,1.3866409063339233,-55.647098541259766,89.07061004638672,-1.3866409063339233,-55.647090911865234,89.07061004638672,1.3866409063339233,-55.647090911865234,89.07061004638672,Stop,Stepping
1776271834.3189025,13629.323405303,-1.3866409063339233,-55.647098541259766,89.07061004638672,1.3866409063339233,-55.647098541259766,89.07061004638672,-1.3866409063339233,-55.647090911865234,89.07061004638672,1.3866409063339233,-55.647090911865234,89.07061004638672,Stop,Stepping
1776271834.3388999,13629.325182029,-1.3866409063339233,-55.647098541259766,89.07061004638672,1.3866409063339233,-55.647098541259766,89.07061004638672,-1.3866409063339233,-55.647090911865234,89.07061004638672,1.3866409063339233,-55.647090911865234,89.07061004638672,Stop,Stepping
1776271834.3588955,13629.33605851,-1.3866409063339233,-55.647098541259766,89.07061004638672,1.3866409063339233,-55.647098541259766,89.07061004638672,-1.3866409063339233,-55.647090911865234,89.07061004638672,1.3866409063339233,-55.647090911865234,89.07061004638672,Stop,Stepping
1776271834.3789093,13629.351522253,-1.3866409063339233,-55.647098541259766,89.07061004638672,1.3866409063339233,-55.647098541259766,89.07061004638672,-1.3866409063339233,-55.647090911865234,89.07061004638672,1.3866409063339233,-55.647090911865234,89.07061004638672,Stop,Stepping
1776271834.3989036,13629.377894923,-1.3866409063339233,-55.647098541259766,89.07061004638672,1.3866409063339233,-55.647098541259766,89.07061004638672,-1.3866409063339233,-55.647090911865234,89.07061004638672,1.3866409063339233,-55.647090911865234,89.07061004638672,Stop,Stepping
1776271834.4188929,13629.391775868,-1.3866409063339233,-55.647098541259766,89.07061004638672,1.3866409063339233,-55.647098541259766,89.07061004638672,-1.3866409063339233,-55.647090911865234,89.07061004638672,1.3866409063339233,-55.647090911865234,89.07061004638672,Stop,Stepping
1776271834.4388945,13629.412080947,-1.3866409063339233,-55.647098541259766,89.07061004638672,1.3866409063339233,-55.647098541259766,89.07061004638672,-1.3866409063339233,-55.647090911865234,89.07061004638672,1.3866409063339233,-55.647090911865234,89.07061004638672,Stop,Stepping
1776271834.4589424,13629.446694537,-1.3866409063339233,-55.647098541259766,89.07061004638672,1.3866409063339233,-55.647098541259766,89.07061004638672,-1.3866409063339233,-55.647090911865234,89.07061004638672,1.3866409063339233,-55.647090911865234,89.07061004638672,Stop,Stepping
1776271834.4788938,13629.46710599,-1.3866409063339233,-55.647098541259766,89.07061004638672,1.3866409063339233,-55.647098541259766,89.07061004638672,-1.3866409063339233,-55.647090911865234,89.07061004638672,1.3866409063339233,-55.647090911865234,89.07061004638672,Stop,Stepping
1776271834.4988952,13629.471363066,-1.3866409063339233,-55.647098541259766,89.07061004638672,1.3866409063339233,-55.647098541259766,89.07061004638672,-1.3866409063339233,-55.647090911865234,89.07061004638672,1.3866409063339233,-55.647090911865234,89.07061004638672,Stop,Stepping
1776271834.5189128,13629.493557166,-1.3866409063339233,-55.647098541259766,89.07061004638672,1.3866409063339233,-55.647098541259766,89.07061004638672,-1.3866409063339233,-55.647090911865234,89.07061004638672,1.3866409063339233,-55.647090911865234,89.07061004638672,Stop,Stepping
1776271834.5390604,13629.515039817,-1.3866409063339233,-55.647098541259766,89.07061004638672,1.3866409063339233,-55.647098541259766,89.07061004638672,-1.3866409063339233,-55.647090911865234,89.07061004638672,1.3866409063339233,-55.647090911865234,89.07061004638672,Stop,Stepping
1776271834.5589006,13629.532478092,-1.3866409063339233,-55.647098541259766,89.07061004638672,1.3866409063339233,-55.647098541259766,89.07061004638672,-1.3866409063339233,-55.647090911865234,89.07061004638672,1.3866409063339233,-55.647090911865234,89.07061004638672,Stop,Stepping
1776271834.5789115,13629.553376225,-1.3866409063339233,-55.647098541259766,89.07061004638672,1.3866409063339233,-55.647098541259766,89.07061004638672,-1.3866409063339233,-55.647090911865234,89.07061004638672,1.3866409063339233,-55.647090911865234,89.07061004638672,Stop,Stepping
1776271834.5989356,13629.580770018,-1.3866409063339233,-55.647098541259766,89.07061004638672,1.3866409063339233,-55.647098541259766,89.07061004638672,-1.3866409063339233,-55.647090911865234,89.07061004638672,1.3866409063339233,-55.647090911865234,89.07061004638672,Stop,Stepping
1776271834.6189084,13629.591689362,-1.3866409063339233,-55.647098541259766,89.07061004638672,1.3866409063339233,-55.647098541259766,89.07061004638672,-1.3866409063339233,-55.647090911865234,89.07061004638672,1.3866409063339233,-55.647090911865234,89.07061004638672,Stop,Stepping
1776271834.6389327,13629.611774254,-1.3866409063339233,-55.647098541259766,89.07061004638672,1.3866409063339233,-55.647098541259766,89.07061004638672,-1.3866409063339233,-55.647090911865234,89.07061004638672,1.3866409063339233,-55.647090911865234,89.07061004638672,Stop,Stepping
1776271834.6589165,13629.636356816,-1.3866409063339233,-55.647098541259766,89.07061004638672,1.3866409063339233,-55.647098541259766,89.07061004638672,-1.3866409063339233,-55.647090911865234,89.07061004638672,1.3866409063339233,-55.647090911865234,89.07061004638672,Stop,Stepping
1776271834.678916,13629.653543398,-1.3866409063339233,-55.647098541259766,89.07061004638672,1.3866409063339233,-55.647098541259766,89.07061004638672,-1.3866409063339233,-55.647090911865234,89.07061004638672,1.3866409063339233,-55.647090911865234,89.07061004638672,Stop,Stepping
1776271834.6988919,13629.67124826,-1.3866409063339233,-55.647098541259766,89.07061004638672,1.3866409063339233,-55.647098541259766,89.07061004638672,-1.3866409063339233,-55.647090911865234,89.07061004638672,1.3866409063339233,-55.647090911865234,89.07061004638672,Stop,Stepping
1776271834.7189004,13629.703901332,-1.3866409063339233,-55.647098541259766,89.07061004638672,1.3866409063339233,-55.647098541259766,89.07061004638672,-1.3866409063339233,-55.647090911865234,89.07061004638672,1.3866409063339233,-55.647090911865234,89.07061004638672,Stop,Stepping
1776271834.7389069,13629.716269402,-1.3866409063339233,-55.647098541259766,89.07061004638672,1.3866409063339233,-55.647098541259766,89.07061004638672,-1.3866409063339233,-55.647090911865234,89.07061004638672,1.3866409063339233,-55.647090911865234,89.07061004638672,Stop,Stepping
1776271834.758891,13629.743968698,-1.3866409063339233,-55.647098541259766,89.07061004638672,1.3866409063339233,-55.647098541259766,89.07061004638672,-1.3866409063339233,-55.647090911865234,89.07061004638672,1.3866409063339233,-55.647090911865234,89.07061004638672,Stop,Stepping
1776271834.7789886,13629.754724668,-1.3866409063339233,-55.647098541259766,89.07061004638672,1.3866409063339233,-55.647098541259766,89.07061004638672,-1.3866409063339233,-55.647090911865234,89.07061004638672,1.3866409063339233,-55.647090911865234,89.07061004638672,Stop,Stepping
1776271834.7989163,13629.820228786,-1.3866409063339233,-55.647098541259766,89.07061004638672,1.3866409063339233,-55.647098541259766,89.07061004638672,-1.3866409063339233,-55.647090911865234,89.07061004638672,1.3866409063339233,-55.647090911865234,89.07061004638672,Stop,Stepping
1776271834.8189063,13629.820572571,-1.3866409063339233,-55.647098541259766,89.07061004638672,1.3866409063339233,-55.647098541259766,89.07061004638672,-1.3866409063339233,-55.647090911865234,89.07061004638672,1.3866409063339233,-55.647090911865234,89.07061004638672,Stop,Stepping
1776271834.83892,13629.820915478,-1.3866409063339233,-55.647098541259766,89.07061004638672,1.3866409063339233,-55.647098541259766,89.07061004638672,-1.3866409063339233,-55.647090911865234,89.07061004638672,1.3866409063339233,-55.647090911865234,89.07061004638672,Stop,Stepping
1776271834.858905,13629.838928992,-1.3866409063339233,-55.647098541259766,89.07061004638672,1.3866409063339233,-55.647098541259766,89.07061004638672,-1.3866409063339233,-55.647090911865234,89.07061004638672,1.3866409063339233,-55.647090911865234,89.07061004638672,Stop,Stepping
1776271834.878895,13629.855563782,-1.3866409063339233,-55.647098541259766,89.07061004638672,1.3866409063339233,-55.647098541259766,89.07061004638672,-1.3866409063339233,-55.647090911865234,89.07061004638672,1.3866409063339233,-55.647090911865234,89.07061004638672,Stop,Stepping
1776271834.898901,13629.882407225,-1.3866409063339233,-55.647098541259766,89.07061004638672,1.3866409063339233,-55.647098541259766,89.07061004638672,-1.3866409063339233,-55.647090911865234,89.07061004638672,1.3866409063339233,-55.647090911865234,89.07061004638672,Stop,Stepping
1776271834.9188848,13629.902436199,-1.3866409063339233,-55.647098541259766,89.07061004638672,1.3866409063339233,-55.647098541259766,89.07061004638672,-1.3866409063339233,-55.647090911865234,89.07061004638672,1.3866409063339233,-55.647090911865234,89.07061004638672,Stop,Stepping
1776271834.938902,13629.947796373,-1.3866409063339233,-55.647098541259766,89.07061004638672,1.3866409063339233,-55.647098541259766,89.07061004638672,-1.3866409063339233,-55.647090911865234,89.07061004638672,1.3866409063339233,-55.647090911865234,89.07061004638672,Stop,Stepping
1776271834.9588914,13629.948427994,-1.3866409063339233,-55.647098541259766,89.07061004638672,1.3866409063339233,-55.647098541259766,89.07061004638672,-1.3866409063339233,-55.647090911865234,89.07061004638672,1.3866409063339233,-55.647090911865234,89.07061004638672,Stop,Stepping
1776271834.978905,13629.955167348,-1.3866409063339233,-55.647098541259766,89.07061004638672,1.3866409063339233,-55.647098541259766,89.07061004638672,-1.3866409063339233,-55.647090911865234,89.07061004638672,1.3866409063339233,-55.647090911865234,89.07061004638672,Stop,Stepping
1776271834.9988964,13629.981261039,-1.3866409063339233,-55.647098541259766,89.07061004638672,1.3866409063339233,-55.647098541259766,89.07061004638672,-1.3866409063339233,-55.647090911865234,89.07061004638672,1.3866409063339233,-55.647090911865234,89.07061004638672,Stop,Stepping
1776271835.0189066,13629.9918799,-1.3866409063339233,-55.647098541259766,89.07061004638672,1.3866409063339233,-55.647098541259766,89.07061004638672,-1.3866409063339233,-55.647090911865234,89.07061004638672,1.3866409063339233,-55.647090911865234,89.07061004638672,Stop,Stepping
1776271835.0389075,13630.013436355,-1.3866409063339233,-55.647098541259766,89.07061004638672,1.3866409063339233,-55.647098541259766,89.07061004638672,-1.3866409063339233,-55.647090911865234,89.07061004638672,1.3866409063339233,-55.647090911865234,89.07061004638672,Stop,Stepping
1776271835.0591378,13630.033654597,-1.3866409063339233,-55.647098541259766,89.07061004638672,1.3866409063339233,-55.647098541259766,89.07061004638672,-1.3866409063339233,-55.647090911865234,89.07061004638672,1.3866409063339233,-55.647090911865234,89.07061004638672,Stop,Stepping
1776271835.0791442,13630.073117591,-1.3866409063339233,-55.647098541259766,89.07061004638672,1.3866409063339233,-55.647098541259766,89.07061004638672,-1.3866409063339233,-55.647090911865234,89.07061004638672,1.3866409063339233,-55.647090911865234,89.07061004638672,Stop,Stepping
1776271835.09907,13630.073696373,-1.3866409063339233,-55.647098541259766,89.07061004638672,1.3866409063339233,-55.647098541259766,89.07061004638672,-1.3866409063339233,-55.647090911865234,89.07061004638672,1.3866409063339233,-55.647090911865234,89.07061004638672,Stop,Stepping
1776271835.1190934,13630.092179336,-1.3866409063339233,-55.647098541259766,89.07061004638672,1.3866409063339233,-55.647098541259766,89.07061004638672,-1.3866409063339233,-55.647090911865234,89.07061004638672,1.3866409063339233,-55.647090911865234,89.07061004638672,Stop,Stepping
1776271835.1391397,13630.112427659,-1.3866409063339233,-55.647098541259766,89.07061004638672,1.3866409063339233,-55.647098541259766,89.07061004638672,-1.3866409063339233,-55.647090911865234,89.07061004638672,1.3866409063339233,-55.647090911865234,89.07061004638672,Stop,Stepping
1776271835.159096,13630.131372702,-1.3866409063339233,-55.647098541259766,89.07061004638672,1.3866409063339233,-55.647098541259766,89.07061004638672,-1.3866409063339233,-55.647090911865234,89.07061004638672,1.3866409063339233,-55.647090911865234,89.07061004638672,Stop,Stepping
1776271835.179087,13630.151118983,-1.3866409063339233,-55.647098541259766,89.07061004638672,1.3866409063339233,-55.647098541259766,89.07061004638672,-1.3866409063339233,-55.647090911865234,89.07061004638672,1.3866409063339233,-55.647090911865234,89.07061004638672,Stop,Stepping
1776271835.1991029,13630.171179395,-1.3866409063339233,-55.647098541259766,89.07061004638672,1.3866409063339233,-55.647098541259766,89.07061004638672,-1.3866409063339233,-55.647090911865234,89.07061004638672,1.3866409063339233,-55.647090911865234,89.07061004638672,Stop,Stepping
1776271835.2188733,13630.192893593,-1.3866409063339233,-55.647098541259766,89.07061004638672,1.3866409063339233,-55.647098541259766,89.07061004638672,-1.3866409063339233,-55.647090911865234,89.07061004638672,1.3866409063339233,-55.647090911865234,89.07061004638672,Stop,Stepping
1776271835.2388873,13630.211732345,-1.3866409063339233,-55.647098541259766,89.07061004638672,1.3866409063339233,-55.647098541259766,89.07061004638672,-1.3866409063339233,-55.647090911865234,89.07061004638672,1.3866409063339233,-55.647090911865234,89.07061004638672,Stop,Stepping
1776271835.258877,13630.233279882,-1.3866409063339233,-55.647098541259766,89.07061004638672,1.3866409063339233,-55.647098541259766,89.07061004638672,-1.3866409063339233,-55.647090911865234,89.07061004638672,1.3866409063339233,-55.647090911865234,89.07061004638672,Stop,Stepping
1776271835.2789373,13630.251250895,-1.3866409063339233,-55.647098541259766,89.07061004638672,1.3866409063339233,-55.647098541259766,89.07061004638672,-1.3866409063339233,-55.647090911865234,89.07061004638672,1.3866409063339233,-55.647090911865234,89.07061004638672,Stop,Stepping
1776271835.2989254,13630.274419959,-1.3866409063339233,-55.647098541259766,89.07061004638672,1.3866409063339233,-55.647098541259766,89.07061004638672,-1.3866409063339233,-55.647090911865234,89.07061004638672,1.3866409063339233,-55.647090911865234,89.07061004638672,Stop,Stepping
1776271835.3189127,13630.302795399,-1.3866409063339233,-55.647098541259766,89.07061004638672,1.3866409063339233,-55.647098541259766,89.07061004638672,-1.3866409063339233,-55.647090911865234,89.07061004638672,1.3866409063339233,-55.647090911865234,89.07061004638672,Stop,Stepping
1776271835.3389258,13630.31109604,-1.3866409063339233,-55.647098541259766,89.07061004638672,1.3866409063339233,-55.647098541259766,89.07061004638672,-1.3866409063339233,-55.647090911865234,89.07061004638672,1.3866409063339233,-55.647090911865234,89.07061004638672,Stop,Stepping
1776271835.3589242,13630.330512246,-1.3866409063339233,-55.647098541259766,89.07061004638672,1.3866409063339233,-55.647098541259766,89.07061004638672,-1.3866409063339233,-55.647090911865234,89.07061004638672,1.3866409063339233,-55.647090911865234,89.07061004638672,Stop,Stepping
1776271835.3789217,13630.352338239,-1.3866409063339233,-55.647098541259766,89.07061004638672,1.3866409063339233,-55.647098541259766,89.07061004638672,-1.3866409063339233,-55.647090911865234,89.07061004638672,1.3866409063339233,-55.647090911865234,89.07061004638672,Stop,Stepping
1776271835.3989265,13630.378610409,-1.3866409063339233,-55.647098541259766,89.07061004638672,1.3866409063339233,-55.647098541259766,89.07061004638672,-1.3866409063339233,-55.647090911865234,89.07061004638672,1.3866409063339233,-55.647090911865234,89.07061004638672,Stop,Stepping
1776271835.4189084,13630.396783536,-1.3866409063339233,-55.647098541259766,89.07061004638672,1.3866409063339233,-55.647098541259766,89.07061004638672,-1.3866409063339233,-55.647090911865234,89.07061004638672,1.3866409063339233,-55.647090911865234,89.07061004638672,Stop,Stepping
1776271835.438914,13630.42639713,-1.3866409063339233,-55.647098541259766,89.07061004638672,1.3866409063339233,-55.647098541259766,89.07061004638672,-1.3866409063339233,-55.647090911865234,89.07061004638672,1.3866409063339233,-55.647090911865234,89.07061004638672,Stop,Stepping
1776271835.4589624,13630.432205311,-1.3866409063339233,-55.647098541259766,89.07061004638672,1.3866409063339233,-55.647098541259766,89.07061004638672,-1.3866409063339233,-55.647090911865234,89.07061004638672,1.3866409063339233,-55.647090911865234,89.07061004638672,Stop,Stepping
1776271835.4789329,13630.476675741,-1.3866409063339233,-55.647098541259766,89.07061004638672,1.3866409063339233,-55.647098541259766,89.07061004638672,-1.3866409063339233,-55.647090911865234,89.07061004638672,1.3866409063339233,-55.647090911865234,89.07061004638672,Stop,Stepping
1776271835.4989347,13630.477327907,-1.3866409063339233,-55.647098541259766,89.07061004638672,1.3866409063339233,-55.647098541259766,89.07061004638672,-1.3866409063339233,-55.647090911865234,89.07061004638672,1.3866409063339233,-55.647090911865234,89.07061004638672,Stop,Stepping
1776271835.5197728,13630.491761523,-1.3866409063339233,-55.647098541259766,89.07061004638672,1.3866409063339233,-55.647098541259766,89.07061004638672,-1.3866409063339233,-55.647090911865234,89.07061004638672,1.3866409063339233,-55.647090911865234,89.07061004638672,Stop,Stepping
1776271835.5389442,13630.510920259,-1.3866409063339233,-55.647098541259766,89.07061004638672,1.3866409063339233,-55.647098541259766,89.07061004638672,-1.3866409063339233,-55.647090911865234,89.07061004638672,1.3866409063339233,-55.647090911865234,89.07061004638672,Stop,Stepping
1776271835.5589068,13630.536248065,-1.3866409063339233,-55.647098541259766,89.07061004638672,1.3866409063339233,-55.647098541259766,89.07061004638672,-1.3866409063339233,-55.647090911865234,89.07061004638672,1.3866409063339233,-55.647090911865234,89.07061004638672,Stop,Stepping
1776271835.5789115,13630.559261673,-1.3866409063339233,-55.647098541259766,89.07061004638672,1.3866409063339233,-55.647098541259766,89.07061004638672,-1.3866409063339233,-55.647090911865234,89.07061004638672,1.3866409063339233,-55.647090911865234,89.07061004638672,Stop,Stepping
1776271835.598912,13630.584865535,-1.3866409063339233,-55.647098541259766,89.07061004638672,1.3866409063339233,-55.647098541259766,89.07061004638672,-1.3866409063339233,-55.647090911865234,89.07061004638672,1.3866409063339233,-55.647090911865234,89.07061004638672,Stop,Stepping
1776271835.6189148,13630.591417751,-1.3866409063339233,-55.647098541259766,89.07061004638672,1.3866409063339233,-55.647098541259766,89.07061004638672,-1.3866409063339233,-55.647090911865234,89.07061004638672,1.3866409063339233,-55.647090911865234,89.07061004638672,Stop,Stepping
1776271835.6389306,13630.631746115,-1.3866409063339233,-55.647098541259766,89.07061004638672,1.3866409063339233,-55.647098541259766,89.07061004638672,-1.3866409063339233,-55.647090911865234,89.07061004638672,1.3866409063339233,-55.647090911865234,89.07061004638672,Stop,Stepping
1776271835.6589172,13630.632149261,-1.3866409063339233,-55.647098541259766,89.07061004638672,1.3866409063339233,-55.647098541259766,89.07061004638672,-1.3866409063339233,-55.647090911865234,89.07061004638672,1.3866409063339233,-55.647090911865234,89.07061004638672,Stop,Stepping
1776271835.6791363,13630.658829659,-1.3866409063339233,-55.647098541259766,89.07061004638672,1.3866409063339233,-55.647098541259766,89.07061004638672,-1.3866409063339233,-55.647090911865234,89.07061004638672,1.3866409063339233,-55.647090911865234,89.07061004638672,Stop,Stepping
1776271835.6989787,13630.674784332,-1.3866409063339233,-55.647098541259766,89.07061004638672,1.3866409063339233,-55.647098541259766,89.07061004638672,-1.3866409063339233,-55.647090911865234,89.07061004638672,1.3866409063339233,-55.647090911865234,89.07061004638672,Stop,Stepping
1776271835.7189252,13630.69140132,-1.3866409063339233,-55.647098541259766,89.07061004638672,1.3866409063339233,-55.647098541259766,89.07061004638672,-1.3866409063339233,-55.647090911865234,89.07061004638672,1.3866409063339233,-55.647090911865234,89.07061004638672,Stop,Stepping
1776271835.7389235,13630.712514625,-1.3866409063339233,-55.647098541259766,89.07061004638672,1.3866409063339233,-55.647098541259766,89.07061004638672,-1.3866409063339233,-55.647090911865234,89.07061004638672,1.3866409063339233,-55.647090911865234,89.07061004638672,Stop,Stepping
1776271835.7589173,13630.731668588,-1.3866409063339233,-55.647098541259766,89.07061004638672,1.3866409063339233,-55.647098541259766,89.07061004638672,-1.3866409063339233,-55.647090911865234,89.07061004638672,1.3866409063339233,-55.647090911865234,89.07061004638672,Stop,Stepping
1776271835.778945,13630.757750017,-1.3866409063339233,-55.647098541259766,89.07061004638672,1.3866409063339233,-55.647098541259766,89.07061004638672,-1.3866409063339233,-55.647090911865234,89.07061004638672,1.3866409063339233,-55.647090911865234,89.07061004638672,Stop,Stepping
1776271835.798929,13630.771297613,-1.3866409063339233,-55.647098541259766,89.07061004638672,1.3866409063339233,-55.647098541259766,89.07061004638672,-1.3866409063339233,-55.647090911865234,89.07061004638672,1.3866409063339233,-55.647090911865234,89.07061004638672,Stop,Stepping
1776271835.818911,13630.791663525,-1.3866409063339233,-55.647098541259766,89.07061004638672,1.3866409063339233,-55.647098541259766,89.07061004638672,-1.3866409063339233,-55.647090911865234,89.07061004638672,1.3866409063339233,-55.647090911865234,89.07061004638672,Stop,Stepping
1776271835.8389192,13630.811612791,-1.3866409063339233,-55.647098541259766,89.07061004638672,1.3866409063339233,-55.647098541259766,89.07061004638672,-1.3866409063339233,-55.647090911865234,89.07061004638672,1.3866409063339233,-55.647090911865234,89.07061004638672,Stop,Stepping
1776271835.858923,13630.832026628,-1.3866409063339233,-55.647098541259766,89.07061004638672,1.3866409063339233,-55.647098541259766,89.07061004638672,-1.3866409063339233,-55.647090911865234,89.07061004638672,1.3866409063339233,-55.647090911865234,89.07061004638672,Stop,Stepping
1776271835.8789654,13630.854033622,-1.3866409063339233,-55.647098541259766,89.07061004638672,1.3866409063339233,-55.647098541259766,89.07061004638672,-1.3866409063339233,-55.647090911865234,89.07061004638672,1.3866409063339233,-55.647090911865234,89.07061004638672,Stop,Stepping
1776271835.898961,13630.871288818,-1.3866409063339233,-55.647098541259766,89.07061004638672,1.3866409063339233,-55.647098541259766,89.07061004638672,-1.3866409063339233,-55.647090911865234,89.07061004638672,1.3866409063339233,-55.647090911865234,89.07061004638672,Stop,Stepping
1776271835.9189737,13630.894277083,-1.3866409063339233,-55.647098541259766,89.07061004638672,1.3866409063339233,-55.647098541259766,89.07061004638672,-1.3866409063339233,-55.647090911865234,89.07061004638672,1.3866409063339233,-55.647090911865234,89.07061004638672,Stop,Stepping
1776271835.938914,13630.911831043,-1.3866409063339233,-55.647098541259766,89.07061004638672,1.3866409063339233,-55.647098541259766,89.07061004638672,-1.3866409063339233,-55.647090911865234,89.07061004638672,1.3866409063339233,-55.647090911865234,89.07061004638672,Stop,Stepping
1776271835.958926,13630.930709152,-1.3866409063339233,-55.647098541259766,89.07061004638672,1.3866409063339233,-55.647098541259766,89.07061004638672,-1.3866409063339233,-55.647090911865234,89.07061004638672,1.3866409063339233,-55.647090911865234,89.07061004638672,Stop,Stepping
1776271835.9789507,13630.950758757,-1.3866409063339233,-55.647098541259766,89.07061004638672,1.3866409063339233,-55.647098541259766,89.07061004638672,-1.3866409063339233,-55.647090911865234,89.07061004638672,1.3866409063339233,-55.647090911865234,89.07061004638672,Stop,Stepping
1776271835.998921,13630.976319798,-1.3866409063339233,-55.647098541259766,89.07061004638672,1.3866409063339233,-55.647098541259766,89.07061004638672,-1.3866409063339233,-55.647090911865234,89.07061004638672,1.3866409063339233,-55.647090911865234,89.07061004638672,Stop,Stepping
1776271836.0189118,13630.99576348,-1.3866409063339233,-55.647098541259766,89.07061004638672,1.3866409063339233,-55.647098541259766,89.07061004638672,-1.3866409063339233,-55.647090911865234,89.07061004638672,1.3866409063339233,-55.647090911865234,89.07061004638672,Stop,Stepping
1776271836.0389106,13631.011759378,-1.3866409063339233,-55.647098541259766,89.07061004638672,1.3866409063339233,-55.647098541259766,89.07061004638672,-1.3866409063339233,-55.647090911865234,89.07061004638672,1.3866409063339233,-55.647090911865234,89.07061004638672,Stop,Stepping
1776271836.0589027,13631.033662584,-1.3866409063339233,-55.647098541259766,89.07061004638672,1.3866409063339233,-55.647098541259766,89.07061004638672,-1.3866409063339233,-55.647090911865234,89.07061004638672,1.3866409063339233,-55.647090911865234,89.07061004638672,Stop,Stepping
1776271836.078913,13631.054372077,-1.3866409063339233,-55.647098541259766,89.07061004638672,1.3866409063339233,-55.647098541259766,89.07061004638672,-1.3866409063339233,-55.647090911865234,89.07061004638672,1.3866409063339233,-55.647090911865234,89.07061004638672,Stop,Stepping
1776271836.098951,13631.07264952,-1.3866409063339233,-55.647098541259766,89.07061004638672,1.3866409063339233,-55.647098541259766,89.07061004638672,-1.3866409063339233,-55.647090911865234,89.07061004638672,1.3866409063339233,-55.647090911865234,89.07061004638672,Stop,Stepping
1776271836.1189096,13631.09775822,-1.3866409063339233,-55.647098541259766,89.07061004638672,1.3866409063339233,-55.647098541259766,89.07061004638672,-1.3866409063339233,-55.647090911865234,89.07061004638672,1.3866409063339233,-55.647090911865234,89.07061004638672,Stop,Stepping
1776271836.1389353,13631.111280464,-1.3866409063339233,-55.647098541259766,89.07061004638672,1.3866409063339233,-55.647098541259766,89.07061004638672,-1.3866409063339233,-55.647090911865234,89.07061004638672,1.3866409063339233,-55.647090911865234,89.07061004638672,Stop,Stepping
1776271836.1589267,13631.145278133,-1.3866409063339233,-55.647098541259766,89.07061004638672,1.3866409063339233,-55.647098541259766,89.07061004638672,-1.3866409063339233,-55.647090911865234,89.07061004638672,1.3866409063339233,-55.647090911865234,89.07061004638672,Stop,Stepping
1776271836.1789157,13631.153259621,-1.3866409063339233,-55.647098541259766,89.07061004638672,1.3866409063339233,-55.647098541259766,89.07061004638672,-1.3866409063339233,-55.647090911865234,89.07061004638672,1.3866409063339233,-55.647090911865234,89.07061004638672,Stop,Stepping
1776271836.1989686,13631.174082703,-1.3866409063339233,-55.647098541259766,89.07061004638672,1.3866409063339233,-55.647098541259766,89.07061004638672,-1.3866409063339233,-55.647090911865234,89.07061004638672,1.3866409063339233,-55.647090911865234,89.07061004638672,Stop,Stepping
1776271836.2189064,13631.191536352,-1.3866409063339233,-55.647098541259766,89.07061004638672,1.3866409063339233,-55.647098541259766,89.07061004638672,-1.3866409063339233,-55.647090911865234,89.07061004638672,1.3866409063339233,-55.647090911865234,89.07061004638672,Stop,Stepping
1776271836.2389843,13631.21359052,-1.3866409063339233,-55.647098541259766,89.07061004638672,1.3866409063339233,-55.647098541259766,89.07061004638672,-1.3866409063339233,-55.647090911865234,89.07061004638672,1.3866409063339233,-55.647090911865234,89.07061004638672,Stop,Stepping
1776271836.2589283,13631.23180733,-1.3866409063339233,-55.647098541259766,89.07061004638672,1.3866409063339233,-55.647098541259766,89.07061004638672,-1.3866409063339233,-55.647090911865234,89.07061004638672,1.3866409063339233,-55.647090911865234,89.07061004638672,Stop,Stepping
1776271836.2789154,13631.252444417,-1.3866409063339233,-55.647098541259766,89.07061004638672,1.3866409063339233,-55.647098541259766,89.07061004638672,-1.3866409063339233,-55.647090911865234,89.07061004638672,1.3866409063339233,-55.647090911865234,89.07061004638672,Stop,Stepping
1776271836.298924,13631.289063676,-1.3866409063339233,-55.647098541259766,89.07061004638672,1.3866409063339233,-55.647098541259766,89.07061004638672,-1.3866409063339233,-55.647090911865234,89.07061004638672,1.3866409063339233,-55.647090911865234,89.07061004638672,Stop,Stepping
1776271836.3192067,13631.294739101,-1.3866409063339233,-55.647098541259766,89.07061004638672,1.3866409063339233,-55.647098541259766,89.07061004638672,-1.3866409063339233,-55.647090911865234,89.07061004638672,1.3866409063339233,-55.647090911865234,89.07061004638672,Stop,Stepping
1776271836.3389182,13631.311562665,-1.3866409063339233,-55.647098541259766,89.07061004638672,1.3866409063339233,-55.647098541259766,89.07061004638672,-1.3866409063339233,-55.647090911865234,89.07061004638672,1.3866409063339233,-55.647090911865234,89.07061004638672,Stop,Stepping
1776271836.3591383,13631.331865053,-1.3866409063339233,-55.647098541259766,89.07061004638672,1.3866409063339233,-55.647098541259766,89.07061004638672,-1.3866409063339233,-55.647090911865234,89.07061004638672,1.3866409063339233,-55.647090911865234,89.07061004638672,Stop,Stepping
1776271836.3788905,13631.35201857,-1.3866409063339233,-55.647098541259766,89.07061004638672,1.3866409063339233,-55.647098541259766,89.07061004638672,-1.3866409063339233,-55.647090911865234,89.07061004638672,1.3866409063339233,-55.647090911865234,89.07061004638672,Stop,Stepping
1776271836.398926,13631.378207572,-1.3866409063339233,-55.647098541259766,89.07061004638672,1.3866409063339233,-55.647098541259766,89.07061004638672,-1.3866409063339233,-55.647090911865234,89.07061004638672,1.3866409063339233,-55.647090911865234,89.07061004638672,Stop,Stepping
1776271836.419011,13631.390917176,-1.3866409063339233,-55.647098541259766,89.07061004638672,1.3866409063339233,-55.647098541259766,89.07061004638672,-1.3866409063339233,-55.647090911865234,89.07061004638672,1.3866409063339233,-55.647090911865234,89.07061004638672,Stop,Stepping
1776271836.4389284,13631.412266889,-1.3866409063339233,-55.647098541259766,89.07061004638672,1.3866409063339233,-55.647098541259766,89.07061004638672,-1.3866409063339233,-55.647090911865234,89.07061004638672,1.3866409063339233,-55.647090911865234,89.07061004638672,Stop,Stepping
1776271836.4589221,13631.443197125,-1.3866409063339233,-55.647098541259766,89.07061004638672,1.3866409063339233,-55.647098541259766,89.07061004638672,-1.3866409063339233,-55.647090911865234,89.07061004638672,1.3866409063339233,-55.647090911865234,89.07061004638672,Stop,Stepping
1776271836.4790242,13631.460209775,-1.3866409063339233,-55.647098541259766,89.07061004638672,1.3866409063339233,-55.647098541259766,89.07061004638672,-1.3866409063339233,-55.647090911865234,89.07061004638672,1.3866409063339233,-55.647090911865234,89.07061004638672,Stop,Stepping
1776271836.498919,13631.474714771,-1.3866409063339233,-55.647098541259766,89.07061004638672,1.3866409063339233,-55.647098541259766,89.07061004638672,-1.3866409063339233,-55.647090911865234,89.07061004638672,1.3866409063339233,-55.647090911865234,89.07061004638672,Stop,Stepping
1776271836.518998,13631.491787802,-1.3866409063339233,-55.647098541259766,89.07061004638672,1.3866409063339233,-55.647098541259766,89.07061004638672,-1.3866409063339233,-55.647090911865234,89.07061004638672,1.3866409063339233,-55.647090911865234,89.07061004638672,Stop,Stepping
1776271836.5390081,13631.566804443,-1.3866409063339233,-55.647098541259766,89.07061004638672,1.3866409063339233,-55.647098541259766,89.07061004638672,-1.3866409063339233,-55.647090911865234,89.07061004638672,1.3866409063339233,-55.647090911865234,89.07061004638672,Stop,Stepping
1776271836.5589883,13631.567245802,-1.3866409063339233,-55.647098541259766,89.07061004638672,1.3866409063339233,-55.647098541259766,89.07061004638672,-1.3866409063339233,-55.647090911865234,89.07061004638672,1.3866409063339233,-55.647090911865234,89.07061004638672,Stop,Stepping
1776271836.578928,13631.567609892,-1.3866409063339233,-55.647098541259766,89.07061004638672,1.3866409063339233,-55.647098541259766,89.07061004638672,-1.3866409063339233,-55.647090911865234,89.07061004638672,1.3866409063339233,-55.647090911865234,89.07061004638672,Stop,Stepping
1776271836.598933,13631.580253446,-1.3866409063339233,-55.647098541259766,89.07061004638672,1.3866409063339233,-55.647098541259766,89.07061004638672,-1.3866409063339233,-55.647090911865234,89.07061004638672,1.3866409063339233,-55.647090911865234,89.07061004638672,Stop,Stepping
1776271836.618952,13631.596268014,-1.3866409063339233,-55.647098541259766,89.07061004638672,1.3866409063339233,-55.647098541259766,89.07061004638672,-1.3866409063339233,-55.647090911865234,89.07061004638672,1.3866409063339233,-55.647090911865234,89.07061004638672,Stop,Stepping
1776271836.638971,13631.611722849,-1.3866409063339233,-55.647098541259766,89.07061004638672,1.3866409063339233,-55.647098541259766,89.07061004638672,-1.3866409063339233,-55.647090911865234,89.07061004638672,1.3866409063339233,-55.647090911865234,89.07061004638672,Stop,Stepping
1776271836.6589186,13631.630884534,-1.3866409063339233,-55.647098541259766,89.07061004638672,1.3866409063339233,-55.647098541259766,89.07061004638672,-1.3866409063339233,-55.647090911865234,89.07061004638672,1.3866409063339233,-55.647090911865234,89.07061004638672,Stop,Stepping
1776271836.6789136,13631.652881673,-1.3866409063339233,-55.647098541259766,89.07061004638672,1.3866409063339233,-55.647098541259766,89.07061004638672,-1.3866409063339233,-55.647090911865234,89.07061004638672,1.3866409063339233,-55.647090911865234,89.07061004638672,Stop,Stepping
1776271836.6989987,13631.679504504,-1.3866409063339233,-55.647098541259766,89.07061004638672,1.3866409063339233,-55.647098541259766,89.07061004638672,-1.3866409063339233,-55.647090911865234,89.07061004638672,1.3866409063339233,-55.647090911865234,89.07061004638672,Stop,Stepping
1776271836.718951,13631.692296652,-1.3866409063339233,-55.647098541259766,89.07061004638672,1.3866409063339233,-55.647098541259766,89.07061004638672,-1.3866409063339233,-55.647090911865234,89.07061004638672,1.3866409063339233,-55.647090911865234,89.07061004638672,Stop,Stepping
1776271836.738927,13631.711860452,-1.3866409063339233,-55.647098541259766,89.07061004638672,1.3866409063339233,-55.647098541259766,89.07061004638672,-1.3866409063339233,-55.647090911865234,89.07061004638672,1.3866409063339233,-55.647090911865234,89.07061004638672,Stop,Stepping
1776271836.7589521,13631.730805738,-1.3866409063339233,-55.647098541259766,89.07061004638672,1.3866409063339233,-55.647098541259766,89.07061004638672,-1.3866409063339233,-55.647090911865234,89.07061004638672,1.3866409063339233,-55.647090911865234,89.07061004638672,Stop,Stepping
1776271836.7789211,13631.759482864,-1.3866409063339233,-55.647098541259766,89.07061004638672,1.3866409063339233,-55.647098541259766,89.07061004638672,-1.3866409063339233,-55.647090911865234,89.07061004638672,1.3866409063339233,-55.647090911865234,89.07061004638672,Stop,Stepping
1776271836.79892,13631.787732911,-1.3866409063339233,-55.647098541259766,89.07061004638672,1.3866409063339233,-55.647098541259766,89.07061004638672,-1.3866409063339233,-55.647090911865234,89.07061004638672,1.3866409063339233,-55.647090911865234,89.07061004638672,Stop,Stepping
1776271836.8189375,13631.812730018,-1.3866409063339233,-55.647098541259766,89.07061004638672,1.3866409063339233,-55.647098541259766,89.07061004638672,-1.3866409063339233,-55.647090911865234,89.07061004638672,1.3866409063339233,-55.647090911865234,89.07061004638672,Stop,Stepping
1776271836.8389263,13631.839160871,-1.3866409063339233,-55.647098541259766,89.07061004638672,1.3866409063339233,-55.647098541259766,89.07061004638672,-1.3866409063339233,-55.647090911865234,89.07061004638672,1.3866409063339233,-55.647090911865234,89.07061004638672,Stop,Stepping
1776271836.8589506,13631.841341447,-1.3866409063339233,-55.647098541259766,89.07061004638672,1.3866409063339233,-55.647098541259766,89.07061004638672,-1.3866409063339233,-55.647090911865234,89.07061004638672,1.3866409063339233,-55.647090911865234,89.07061004638672,Stop,Stepping
1776271836.8789737,13631.861112213,-1.3866409063339233,-55.647098541259766,89.07061004638672,1.3866409063339233,-55.647098541259766,89.07061004638672,-1.3866409063339233,-55.647090911865234,89.07061004638672,1.3866409063339233,-55.647090911865234,89.07061004638672,Stop,Stepping
1776271836.898933,13631.8730622,-1.3866409063339233,-55.647098541259766,89.07061004638672,1.3866409063339233,-55.647098541259766,89.07061004638672,-1.3866409063339233,-55.647090911865234,89.07061004638672,1.3866409063339233,-55.647090911865234,89.07061004638672,Stop,Stepping
1776271836.9189177,13631.898204685,-1.3866409063339233,-55.647098541259766,89.07061004638672,1.3866409063339233,-55.647098541259766,89.07061004638672,-1.3866409063339233,-55.647090911865234,89.07061004638672,1.3866409063339233,-55.647090911865234,89.07061004638672,Stop,Stepping
1776271836.9389217,13631.914216247,-1.3866409063339233,-55.647098541259766,89.07061004638672,1.3866409063339233,-55.647098541259766,89.07061004638672,-1.3866409063339233,-55.647090911865234,89.07061004638672,1.3866409063339233,-55.647090911865234,89.07061004638672,Stop,Stepping
1776271836.9589772,13631.931673891,-1.3866409063339233,-55.647098541259766,89.07061004638672,1.3866409063339233,-55.647098541259766,89.07061004638672,-1.3866409063339233,-55.647090911865234,89.07061004638672,1.3866409063339233,-55.647090911865234,89.07061004638672,Stop,Stepping
1776271836.9789345,13631.953529303,-1.3866409063339233,-55.647098541259766,89.07061004638672,1.3866409063339233,-55.647098541259766,89.07061004638672,-1.3866409063339233,-55.647090911865234,89.07061004638672,1.3866409063339233,-55.647090911865234,89.07061004638672,Stop,Stepping
1776271836.9989407,13631.971428893,-1.3866409063339233,-55.647098541259766,89.07061004638672,1.3866409063339233,-55.647098541259766,89.07061004638672,-1.3866409063339233,-55.647090911865234,89.07061004638672,1.3866409063339233,-55.647090911865234,89.07061004638672,Stop,Stepping
1776271837.0189242,13631.992130677,-1.3866409063339233,-55.647098541259766,89.07061004638672,1.3866409063339233,-55.647098541259766,89.07061004638672,-1.3866409063339233,-55.647090911865234,89.07061004638672,1.3866409063339233,-55.647090911865234,89.07061004638672,Stop,Stepping
1776271837.0391092,13632.029265956,-1.3866409063339233,-55.647098541259766,89.07061004638672,1.3866409063339233,-55.647098541259766,89.07061004638672,-1.3866409063339233,-55.647090911865234,89.07061004638672,1.3866409063339233,-55.647090911865234,89.07061004638672,Stop,Stepping
1776271837.0591252,13632.031531933,-1.3866409063339233,-55.647098541259766,89.07061004638672,1.3866409063339233,-55.647098541259766,89.07061004638672,-1.3866409063339233,-55.647090911865234,89.07061004638672,1.3866409063339233,-55.647090911865234,89.07061004638672,Stop,Stepping
1776271837.079114,13632.075543255,-1.3866409063339233,-55.647098541259766,89.07061004638672,1.3866409063339233,-55.647098541259766,89.07061004638672,-1.3866409063339233,-55.647090911865234,89.07061004638672,1.3866409063339233,-55.647090911865234,89.07061004638672,Stop,Stepping
1776271837.0991175,13632.078181956,-1.3866409063339233,-55.647098541259766,89.07061004638672,1.3866409063339233,-55.647098541259766,89.07061004638672,-1.3866409063339233,-55.647090911865234,89.07061004638672,1.3866409063339233,-55.647090911865234,89.07061004638672,Stop,Stepping
1776271837.1189175,13632.0914056,-1.3866409063339233,-55.647098541259766,89.07061004638672,1.3866409063339233,-55.647098541259766,89.07061004638672,-1.3866409063339233,-55.647090911865234,89.07061004638672,1.3866409063339233,-55.647090911865234,89.07061004638672,Stop,Stepping
1776271837.1389399,13632.155064035,-1.3866409063339233,-55.647098541259766,89.07061004638672,1.3866409063339233,-55.647098541259766,89.07061004638672,-1.3866409063339233,-55.647090911865234,89.07061004638672,1.3866409063339233,-55.647090911865234,89.07061004638672,Stop,Stepping
1776271837.158969,13632.156990912,-1.3866409063339233,-55.647098541259766,89.07061004638672,1.3866409063339233,-55.647098541259766,89.07061004638672,-1.3866409063339233,-55.647090911865234,89.07061004638672,1.3866409063339233,-55.647090911865234,89.07061004638672,Stop,Stepping
1776271837.1790032,13632.158464918,-1.3866409063339233,-55.647098541259766,89.07061004638672,1.3866409063339233,-55.647098541259766,89.07061004638672,-1.3866409063339233,-55.647090911865234,89.07061004638672,1.3866409063339233,-55.647090911865234,89.07061004638672,Stop,Stepping
1776271837.1989322,13632.201253404,-1.3866409063339233,-55.647098541259766,89.07061004638672,1.3866409063339233,-55.647098541259766,89.07061004638672,-1.3866409063339233,-55.647090911865234,89.07061004638672,1.3866409063339233,-55.647090911865234,89.07061004638672,Stop,Stepping
1776271837.2189317,13632.203428517,-1.3866409063339233,-55.647098541259766,89.07061004638672,1.3866409063339233,-55.647098541259766,89.07061004638672,-1.3866409063339233,-55.647090911865234,89.07061004638672,1.3866409063339233,-55.647090911865234,89.07061004638672,Stop,Stepping
1776271837.2389634,13632.214784659,-1.3866409063339233,-55.647098541259766,89.07061004638672,1.3866409063339233,-55.647098541259766,89.07061004638672,-1.3866409063339233,-55.647090911865234,89.07061004638672,1.3866409063339233,-55.647090911865234,89.07061004638672,Stop,Stepping
1776271837.258933,13632.234620415,-1.3866409063339233,-55.647098541259766,89.07061004638672,1.3866409063339233,-55.647098541259766,89.07061004638672,-1.3866409063339233,-55.647090911865234,89.07061004638672,1.3866409063339233,-55.647090911865234,89.07061004638672,Stop,Stepping
1776271837.2789316,13632.254428894,-1.3866409063339233,-55.647098541259766,89.07061004638672,1.3866409063339233,-55.647098541259766,89.07061004638672,-1.3866409063339233,-55.647090911865234,89.07061004638672,1.3866409063339233,-55.647090911865234,89.07061004638672,Stop,Stepping
1776271837.2989275,13632.271859392,-1.3866409063339233,-55.647098541259766,89.07061004638672,1.3866409063339233,-55.647098541259766,89.07061004638672,-1.3866409063339233,-55.647090911865234,89.07061004638672,1.3866409063339233,-55.647090911865234,89.07061004638672,Stop,Stepping
1776271837.3189285,13632.293719696,-1.3866409063339233,-55.647098541259766,89.07061004638672,1.3866409063339233,-55.647098541259766,89.07061004638672,-1.3866409063339233,-55.647090911865234,89.07061004638672,1.3866409063339233,-55.647090911865234,89.07061004638672,Stop,Stepping
1776271837.338988,13632.367737988,-1.3866409063339233,-55.647098541259766,89.07061004638672,1.3866409063339233,-55.647098541259766,89.07061004638672,-1.3866409063339233,-55.647090911865234,89.07061004638672,1.3866409063339233,-55.647090911865234,89.07061004638672,Stop,Stepping
1776271837.358939,13632.36812059,-1.3866409063339233,-55.647098541259766,89.07061004638672,1.3866409063339233,-55.647098541259766,89.07061004638672,-1.3866409063339233,-55.647090911865234,89.07061004638672,1.3866409063339233,-55.647090911865234,89.07061004638672,Stop,Stepping
1776271837.378949,13632.368504045,-1.3866409063339233,-55.647098541259766,89.07061004638672,1.3866409063339233,-55.647098541259766,89.07061004638672,-1.3866409063339233,-55.647090911865234,89.07061004638672,1.3866409063339233,-55.647090911865234,89.07061004638672,Stop,Stepping
1776271837.3989463,13632.385334727,-1.3866409063339233,-55.647098541259766,89.07061004638672,1.3866409063339233,-55.647098541259766,89.07061004638672,-1.3866409063339233,-55.647090911865234,89.07061004638672,1.3866409063339233,-55.647090911865234,89.07061004638672,Stop,Stepping
1776271837.4189472,13632.390790965,-1.3866409063339233,-55.647098541259766,89.07061004638672,1.3866409063339233,-55.647098541259766,89.07061004638672,-1.3866409063339233,-55.647090911865234,89.07061004638672,1.3866409063339233,-55.647090911865234,89.07061004638672,Stop,Stepping
1776271837.4389508,13632.411324179,-1.3866409063339233,-55.647098541259766,89.07061004638672,1.3866409063339233,-55.647098541259766,89.07061004638672,-1.3866409063339233,-55.647090911865234,89.07061004638672,1.3866409063339233,-55.647090911865234,89.07061004638672,Stop,Stepping
1776271837.4589376,13632.433129916,-1.3866409063339233,-55.647098541259766,89.07061004638672,1.3866409063339233,-55.647098541259766,89.07061004638672,-1.3866409063339233,-55.647090911865234,89.07061004638672,1.3866409063339233,-55.647090911865234,89.07061004638672,Stop,Stepping
1776271837.4789429,13632.452384965,-1.3866409063339233,-55.647098541259766,89.07061004638672,1.3866409063339233,-55.647098541259766,89.07061004638672,-1.3866409063339233,-55.647090911865234,89.07061004638672,1.3866409063339233,-55.647090911865234,89.07061004638672,Stop,Stepping
1776271837.4989302,13632.474515222,-1.3866409063339233,-55.647098541259766,89.07061004638672,1.3866409063339233,-55.647098541259766,89.07061004638672,-1.3866409063339233,-55.647090911865234,89.07061004638672,1.3866409063339233,-55.647090911865234,89.07061004638672,Stop,Stepping
1776271837.518933,13632.500462502,-1.3866409063339233,-55.647098541259766,89.07061004638672,1.3866409063339233,-55.647098541259766,89.07061004638672,-1.3866409063339233,-55.647090911865234,89.07061004638672,1.3866409063339233,-55.647090911865234,89.07061004638672,Stop,Stepping
1776271837.538942,13632.513540025,-1.3866409063339233,-55.647098541259766,89.07061004638672,1.3866409063339233,-55.647098541259766,89.07061004638672,-1.3866409063339233,-55.647090911865234,89.07061004638672,1.3866409063339233,-55.647090911865234,89.07061004638672,Stop,Stepping
1776271837.558952,13632.534290238,-1.3866409063339233,-55.647098541259766,89.07061004638672,1.3866409063339233,-55.647098541259766,89.07061004638672,-1.3866409063339233,-55.647090911865234,89.07061004638672,1.3866409063339233,-55.647090911865234,89.07061004638672,Stop,Stepping
1776271837.5789561,13632.552032819,-1.3866409063339233,-55.647098541259766,89.07061004638672,1.3866409063339233,-55.647098541259766,89.07061004638672,-1.3866409063339233,-55.647090911865234,89.07061004638672,1.3866409063339233,-55.647090911865234,89.07061004638672,Stop,Stepping
1776271837.5989428,13632.573240025,-1.3866409063339233,-55.647098541259766,89.07061004638672,1.3866409063339233,-55.647098541259766,89.07061004638672,-1.3866409063339233,-55.647090911865234,89.07061004638672,1.3866409063339233,-55.647090911865234,89.07061004638672,Stop,Stepping
1776271837.6189368,13632.608362401,-1.3866409063339233,-55.647098541259766,89.07061004638672,1.3866409063339233,-55.647098541259766,89.07061004638672,-1.3866409063339233,-55.647090911865234,89.07061004638672,1.3866409063339233,-55.647090911865234,89.07061004638672,Stop,Stepping
1776271837.6389658,13632.613376441,-1.3866409063339233,-55.647098541259766,89.07061004638672,1.3866409063339233,-55.647098541259766,89.07061004638672,-1.3866409063339233,-55.647090911865234,89.07061004638672,1.3866409063339233,-55.647090911865234,89.07061004638672,Stop,Stepping
1776271837.6589456,13632.631799403,-1.3866409063339233,-55.647098541259766,89.07061004638672,1.3866409063339233,-55.647098541259766,89.07061004638672,-1.3866409063339233,-55.647090911865234,89.07061004638672,1.3866409063339233,-55.647090911865234,89.07061004638672,Stop,Stepping
1776271837.6789227,13632.664383368,-1.3866409063339233,-55.647098541259766,89.07061004638672,1.3866409063339233,-55.647098541259766,89.07061004638672,-1.3866409063339233,-55.647090911865234,89.07061004638672,1.3866409063339233,-55.647090911865234,89.07061004638672,Stop,Stepping
1776271837.6989396,13632.672932137,-1.3866409063339233,-55.647098541259766,89.07061004638672,1.3866409063339233,-55.647098541259766,89.07061004638672,-1.3866409063339233,-55.647090911865234,89.07061004638672,1.3866409063339233,-55.647090911865234,89.07061004638672,Stop,Stepping
1776271837.7189317,13632.691141266,-1.3866409063339233,-55.647098541259766,89.07061004638672,1.3866409063339233,-55.647098541259766,89.07061004638672,-1.3866409063339233,-55.647090911865234,89.07061004638672,1.3866409063339233,-55.647090911865234,89.07061004638672,Stop,Stepping
1776271837.7389512,13632.711100806,-1.3866409063339233,-55.647098541259766,89.07061004638672,1.3866409063339233,-55.647098541259766,89.07061004638672,-1.3866409063339233,-55.647090911865234,89.07061004638672,1.3866409063339233,-55.647090911865234,89.07061004638672,Stop,Stepping
1776271837.7589452,13632.730951053,-1.3866409063339233,-55.647098541259766,89.07061004638672,1.3866409063339233,-55.647098541259766,89.07061004638672,-1.3866409063339233,-55.647090911865234,89.07061004638672,1.3866409063339233,-55.647090911865234,89.07061004638672,Stop,Stepping
1776271837.7789474,13632.751232305,-1.3866409063339233,-55.647098541259766,89.07061004638672,1.3866409063339233,-55.647098541259766,89.07061004638672,-1.3866409063339233,-55.647090911865234,89.07061004638672,1.3866409063339233,-55.647090911865234,89.07061004638672,Stop,Stepping
1776271837.7989452,13632.811290308,-1.3866409063339233,-55.647098541259766,89.07061004638672,1.3866409063339233,-55.647098541259766,89.07061004638672,-1.3866409063339233,-55.647090911865234,89.07061004638672,1.3866409063339233,-55.647090911865234,89.07061004638672,Stop,Stepping
1776271837.8189328,13632.811596313,-1.3866409063339233,-55.647098541259766,89.07061004638672,1.3866409063339233,-55.647098541259766,89.07061004638672,-1.3866409063339233,-55.647090911865234,89.07061004638672,1.3866409063339233,-55.647090911865234,89.07061004638672,Stop,Stepping
1776271837.8389342,13632.811960738,-1.3866409063339233,-55.647098541259766,89.07061004638672,1.3866409063339233,-55.647098541259766,89.07061004638672,-1.3866409063339233,-55.647090911865234,89.07061004638672,1.3866409063339233,-55.647090911865234,89.07061004638672,Stop,Stepping
1776271837.8589504,13632.830643564,-1.3866409063339233,-55.647098541259766,89.07061004638672,1.3866409063339233,-55.647098541259766,89.07061004638672,-1.3866409063339233,-55.647090911865234,89.07061004638672,1.3866409063339233,-55.647090911865234,89.07061004638672,Stop,Stepping
1776271837.8789854,13632.854170675,-1.3866409063339233,-55.647098541259766,89.07061004638672,1.3866409063339233,-55.647098541259766,89.07061004638672,-1.3866409063339233,-55.647090911865234,89.07061004638672,1.3866409063339233,-55.647090911865234,89.07061004638672,Stop,Stepping
1776271837.8989666,13632.870972882,-1.3866409063339233,-55.647098541259766,89.07061004638672,1.3866409063339233,-55.647098541259766,89.07061004638672,-1.3866409063339233,-55.647090911865234,89.07061004638672,1.3866409063339233,-55.647090911865234,89.07061004638672,Stop,Stepping
1776271837.9189248,13632.891180849,-1.3866409063339233,-55.647098541259766,89.07061004638672,1.3866409063339233,-55.647098541259766,89.07061004638672,-1.3866409063339233,-55.647090911865234,89.07061004638672,1.3866409063339233,-55.647090911865234,89.07061004638672,Stop,Stepping
1776271837.9389384,13632.911088115,-1.3866409063339233,-55.647098541259766,89.07061004638672,1.3866409063339233,-55.647098541259766,89.07061004638672,-1.3866409063339233,-55.647090911865234,89.07061004638672,1.3866409063339233,-55.647090911865234,89.07061004638672,Stop,Stepping
1776271837.9589863,13632.93117587,-1.3866409063339233,-55.647098541259766,89.07061004638672,1.3866409063339233,-55.647098541259766,89.07061004638672,-1.3866409063339233,-55.647090911865234,89.07061004638672,1.3866409063339233,-55.647090911865234,89.07061004638672,Stop,Stepping
1776271837.9789648,13632.953746783,-1.3866409063339233,-55.647098541259766,89.07061004638672,1.3866409063339233,-55.647098541259766,89.07061004638672,-1.3866409063339233,-55.647090911865234,89.07061004638672,1.3866409063339233,-55.647090911865234,89.07061004638672,Stop,Stepping
1776271837.9989424,13632.970911696,-1.3866409063339233,-55.647098541259766,89.07061004638672,1.3866409063339233,-55.647098541259766,89.07061004638672,-1.3866409063339233,-55.647090911865234,89.07061004638672,1.3866409063339233,-55.647090911865234,89.07061004638672,Stop,Stepping
1776271838.018947,13632.993185858,-1.3866409063339233,-55.647098541259766,89.07061004638672,1.3866409063339233,-55.647098541259766,89.07061004638672,-1.3866409063339233,-55.647090911865234,89.07061004638672,1.3866409063339233,-55.647090911865234,89.07061004638672,Stop,Stepping
1776271838.0388808,13633.011979346,-1.3866409063339233,-55.647098541259766,89.07061004638672,1.3866409063339233,-55.647098541259766,89.07061004638672,-1.3866409063339233,-55.647090911865234,89.07061004638672,1.3866409063339233,-55.647090911865234,89.07061004638672,Stop,Stepping
1776271838.0589404,13633.035206511,-1.3866409063339233,-55.647098541259766,89.07061004638672,1.3866409063339233,-55.647098541259766,89.07061004638672,-1.3866409063339233,-55.647090911865234,89.07061004638672,1.3866409063339233,-55.647090911865234,89.07061004638672,Stop,Stepping
1776271838.0790255,13633.0639316,-1.3866409063339233,-55.647098541259766,89.07061004638672,1.3866409063339233,-55.647098541259766,89.07061004638672,-1.3866409063339233,-55.647090911865234,89.07061004638672,1.3866409063339233,-55.647090911865234,89.07061004638672,Stop,Stepping
1776271838.098937,13633.071709226,-1.3866409063339233,-55.647098541259766,89.07061004638672,1.3866409063339233,-55.647098541259766,89.07061004638672,-1.3866409063339233,-55.647090911865234,89.07061004638672,1.3866409063339233,-55.647090911865234,89.07061004638672,Stop,Stepping
1776271838.1189556,13633.094159199,-1.3866409063339233,-55.647098541259766,89.07061004638672,1.3866409063339233,-55.647098541259766,89.07061004638672,-1.3866409063339233,-55.647090911865234,89.07061004638672,1.3866409063339233,-55.647090911865234,89.07061004638672,Stop,Stepping
1776271838.1389492,13633.111365516,-1.3866409063339233,-55.647098541259766,89.07061004638672,1.3866409063339233,-55.647098541259766,89.07061004638672,-1.3866409063339233,-55.647090911865234,89.07061004638672,1.3866409063339233,-55.647090911865234,89.07061004638672,Stop,Stepping
1776271838.1589763,13633.139398591,-1.3866409063339233,-55.647098541259766,89.07061004638672,1.3866409063339233,-55.647098541259766,89.07061004638672,-1.3866409063339233,-55.647090911865234,89.07061004638672,1.3866409063339233,-55.647090911865234,89.07061004638672,Stop,Stepping
1776271838.1789358,13633.153754524,-1.3866409063339233,-55.647098541259766,89.07061004638672,1.3866409063339233,-55.647098541259766,89.07061004638672,-1.3866409063339233,-55.647090911865234,89.07061004638672,1.3866409063339233,-55.647090911865234,89.07061004638672,Stop,Stepping
1776271838.1989417,13633.175252151,-1.3866409063339233,-55.647098541259766,89.07061004638672,1.3866409063339233,-55.647098541259766,89.07061004638672,-1.3866409063339233,-55.647090911865234,89.07061004638672,1.3866409063339233,-55.647090911865234,89.07061004638672,Stop,Stepping
1776271838.2189276,13633.190841141,-1.3866409063339233,-55.647098541259766,89.07061004638672,1.3866409063339233,-55.647098541259766,89.07061004638672,-1.3866409063339233,-55.647090911865234,89.07061004638672,1.3866409063339233,-55.647090911865234,89.07061004638672,Stop,Stepping
1776271838.2389581,13633.214774018,-1.3866409063339233,-55.647098541259766,89.07061004638672,1.3866409063339233,-55.647098541259766,89.07061004638672,-1.3866409063339233,-55.647090911865234,89.07061004638672,1.3866409063339233,-55.647090911865234,89.07061004638672,Stop,Stepping
1776271838.259215,13633.231195696,-1.3866409063339233,-55.647098541259766,89.07061004638672,1.3866409063339233,-55.647098541259766,89.07061004638672,-1.3866409063339233,-55.647090911865234,89.07061004638672,1.3866409063339233,-55.647090911865234,89.07061004638672,Stop,Stepping
1776271838.2789614,13633.256061241,-1.3866409063339233,-55.647098541259766,89.07061004638672,1.3866409063339233,-55.647098541259766,89.07061004638672,-1.3866409063339233,-55.647090911865234,89.07061004638672,1.3866409063339233,-55.647090911865234,89.07061004638672,Stop,Stepping
1776271838.2989526,13633.271030593,-1.3866409063339233,-55.647098541259766,89.07061004638672,1.3866409063339233,-55.647098541259766,89.07061004638672,-1.3866409063339233,-55.647090911865234,89.07061004638672,1.3866409063339233,-55.647090911865234,89.07061004638672,Stop,Stepping
1776271838.318936,13633.291117925,-1.3866409063339233,-55.647098541259766,89.07061004638672,1.3866409063339233,-55.647098541259766,89.07061004638672,-1.3866409063339233,-55.647090911865234,89.07061004638672,1.3866409063339233,-55.647090911865234,89.07061004638672,Stop,Stepping
1776271838.3389344,13633.313539625,-1.3866409063339233,-55.647098541259766,89.07061004638672,1.3866409063339233,-55.647098541259766,89.07061004638672,-1.3866409063339233,-55.647090911865234,89.07061004638672,1.3866409063339233,-55.647090911865234,89.07061004638672,Stop,Stepping
1776271838.3589468,13633.33130993,-1.3866409063339233,-55.647098541259766,89.07061004638672,1.3866409063339233,-55.647098541259766,89.07061004638672,-1.3866409063339233,-55.647090911865234,89.07061004638672,1.3866409063339233,-55.647090911865234,89.07061004638672,Stop,Stepping
1776271838.37896,13633.352942813,-1.3866409063339233,-55.647098541259766,89.07061004638672,1.3866409063339233,-55.647098541259766,89.07061004638672,-1.3866409063339233,-55.647090911865234,89.07061004638672,1.3866409063339233,-55.647090911865234,89.07061004638672,Stop,Stepping
1776271838.3989437,13633.378471064,-1.3866409063339233,-55.647098541259766,89.07061004638672,1.3866409063339233,-55.647098541259766,89.07061004638672,-1.3866409063339233,-55.647090911865234,89.07061004638672,1.3866409063339233,-55.647090911865234,89.07061004638672,Stop,Stepping
1776271838.4189522,13633.390834454,-1.3866409063339233,-55.647098541259766,89.07061004638672,1.3866409063339233,-55.647098541259766,89.07061004638672,-1.3866409063339233,-55.647090911865234,89.07061004638672,1.3866409063339233,-55.647090911865234,89.07061004638672,Stop,Stepping
1776271838.4389305,13633.410997841,-1.3866409063339233,-55.647098541259766,89.07061004638672,1.3866409063339233,-55.647098541259766,89.07061004638672,-1.3866409063339233,-55.647090911865234,89.07061004638672,1.3866409063339233,-55.647090911865234,89.07061004638672,Stop,Stepping
1776271838.4589622,13633.431537297,-1.3866409063339233,-55.647098541259766,89.07061004638672,1.3866409063339233,-55.647098541259766,89.07061004638672,-1.3866409063339233,-55.647090911865234,89.07061004638672,1.3866409063339233,-55.647090911865234,89.07061004638672,Stop,Stepping
1776271838.4789398,13633.451120376,-1.3866409063339233,-55.647098541259766,89.07061004638672,1.3866409063339233,-55.647098541259766,89.07061004638672,-1.3866409063339233,-55.647090911865234,89.07061004638672,1.3866409063339233,-55.647090911865234,89.07061004638672,Stop,Stepping
1776271838.4989383,13633.47128457,-1.3866409063339233,-55.647098541259766,89.07061004638672,1.3866409063339233,-55.647098541259766,89.07061004638672,-1.3866409063339233,-55.647090911865234,89.07061004638672,1.3866409063339233,-55.647090911865234,89.07061004638672,Stop,Stepping
1776271838.5189383,13633.491505089,-1.3866409063339233,-55.647098541259766,89.07061004638672,1.3866409063339233,-55.647098541259766,89.07061004638672,-1.3866409063339233,-55.647090911865234,89.07061004638672,1.3866409063339233,-55.647090911865234,89.07061004638672,Stop,Stepping
1776271838.5389283,13633.511648217,-1.3866409063339233,-55.647098541259766,89.07061004638672,1.3866409063339233,-55.647098541259766,89.07061004638672,-1.3866409063339233,-55.647090911865234,89.07061004638672,1.3866409063339233,-55.647090911865234,89.07061004638672,Stop,Stepping
1776271838.558935,13633.540234216,-1.3866409063339233,-55.647098541259766,89.07061004638672,1.3866409063339233,-55.647098541259766,89.07061004638672,-1.3866409063339233,-55.647090911865234,89.07061004638672,1.3866409063339233,-55.647090911865234,89.07061004638672,Stop,Stepping
1776271838.578927,13633.551290531,-1.3866409063339233,-55.647098541259766,89.07061004638672,1.3866409063339233,-55.647098541259766,89.07061004638672,-1.3866409063339233,-55.647090911865234,89.07061004638672,1.3866409063339233,-55.647090911865234,89.07061004638672,Stop,Stepping
1776271838.5989304,13633.574284903,-1.3866409063339233,-55.647098541259766,89.07061004638672,1.3866409063339233,-55.647098541259766,89.07061004638672,-1.3866409063339233,-55.647090911865234,89.07061004638672,1.3866409063339233,-55.647090911865234,89.07061004638672,Stop,Stepping
1776271838.618958,13633.593220719,-1.3866409063339233,-55.647098541259766,89.07061004638672,1.3866409063339233,-55.647098541259766,89.07061004638672,-1.3866409063339233,-55.647090911865234,89.07061004638672,1.3866409063339233,-55.647090911865234,89.07061004638672,Stop,Stepping
1776271838.6390646,13633.611537064,-1.3866409063339233,-55.647098541259766,89.07061004638672,1.3866409063339233,-55.647098541259766,89.07061004638672,-1.3866409063339233,-55.647090911865234,89.07061004638672,1.3866409063339233,-55.647090911865234,89.07061004638672,Stop,Stepping
1776271838.6590323,13633.637166277,-1.3866409063339233,-55.647098541259766,89.07061004638672,1.3866409063339233,-55.647098541259766,89.07061004638672,-1.3866409063339233,-55.647090911865234,89.07061004638672,1.3866409063339233,-55.647090911865234,89.07061004638672,Stop,Stepping
1776271838.6789715,13633.662394844,-1.3866409063339233,-55.647098541259766,89.07061004638672,1.3866409063339233,-55.647098541259766,89.07061004638672,-1.3866409063339233,-55.647090911865234,89.07061004638672,1.3866409063339233,-55.647090911865234,89.07061004638672,Stop,Stepping
1776271838.6989932,13633.67642726,-1.3866409063339233,-55.647098541259766,89.07061004638672,1.3866409063339233,-55.647098541259766,89.07061004638672,-1.3866409063339233,-55.647090911865234,89.07061004638672,1.3866409063339233,-55.647090911865234,89.07061004638672,Stop,Stepping
1776271838.7189486,13633.695670191,-1.3866409063339233,-55.647098541259766,89.07061004638672,1.3866409063339233,-55.647098541259766,89.07061004638672,-1.3866409063339233,-55.647090911865234,89.07061004638672,1.3866409063339233,-55.647090911865234,89.07061004638672,Stop,Stepping
1776271838.7389367,13633.713430815,-1.3866409063339233,-55.647098541259766,89.07061004638672,1.3866409063339233,-55.647098541259766,89.07061004638672,-1.3866409063339233,-55.647090911865234,89.07061004638672,1.3866409063339233,-55.647090911865234,89.07061004638672,Stop,Stepping
1776271838.7589478,13633.747716881,-1.3866409063339233,-55.647098541259766,89.07061004638672,1.3866409063339233,-55.647098541259766,89.07061004638672,-1.3866409063339233,-55.647090911865234,89.07061004638672,1.3866409063339233,-55.647090911865234,89.07061004638672,Stop,Stepping
1776271838.778962,13633.761381278,-1.3866409063339233,-55.647098541259766,89.07061004638672,1.3866409063339233,-55.647098541259766,89.07061004638672,-1.3866409063339233,-55.647090911865234,89.07061004638672,1.3866409063339233,-55.647090911865234,89.07061004638672,Stop,Stepping
1776271838.7989287,13633.779619825,-1.3866409063339233,-55.647098541259766,89.07061004638672,1.3866409063339233,-55.647098541259766,89.07061004638672,-1.3866409063339233,-55.647090911865234,89.07061004638672,1.3866409063339233,-55.647090911865234,89.07061004638672,Stop,Stepping
1776271838.8189473,13633.79778259,-1.3866409063339233,-55.647098541259766,89.07061004638672,1.3866409063339233,-55.647098541259766,89.07061004638672,-1.3866409063339233,-55.647090911865234,89.07061004638672,1.3866409063339233,-55.647090911865234,89.07061004638672,Stop,Stepping
1776271838.8389294,13633.815705287,-1.3866409063339233,-55.647098541259766,89.07061004638672,1.3866409063339233,-55.647098541259766,89.07061004638672,-1.3866409063339233,-55.647090911865234,89.07061004638672,1.3866409063339233,-55.647090911865234,89.07061004638672,Stop,Stepping
1776271838.8589342,13633.854053057,-1.3866409063339233,-55.647098541259766,89.07061004638672,1.3866409063339233,-55.647098541259766,89.07061004638672,-1.3866409063339233,-55.647090911865234,89.07061004638672,1.3866409063339233,-55.647090911865234,89.07061004638672,Stop,Stepping
1776271838.8789246,13633.85442354,-1.3866409063339233,-55.647098541259766,89.07061004638672,1.3866409063339233,-55.647098541259766,89.07061004638672,-1.3866409063339233,-55.647090911865234,89.07061004638672,1.3866409063339233,-55.647090911865234,89.07061004638672,Stop,Stepping
1776271838.898921,13633.872175488,-1.3866409063339233,-55.647098541259766,89.07061004638672,1.3866409063339233,-55.647098541259766,89.07061004638672,-1.3866409063339233,-55.647090911865234,89.07061004638672,1.3866409063339233,-55.647090911865234,89.07061004638672,Stop,Stepping
1776271838.9189425,13633.891922397,-1.3866409063339233,-55.647098541259766,89.07061004638672,1.3866409063339233,-55.647098541259766,89.07061004638672,-1.3866409063339233,-55.647090911865234,89.07061004638672,1.3866409063339233,-55.647090911865234,89.07061004638672,Stop,Stepping
1776271838.938942,13633.938010625,-1.3866409063339233,-55.647098541259766,89.07061004638672,1.3866409063339233,-55.647098541259766,89.07061004638672,-1.3866409063339233,-55.647090911865234,89.07061004638672,1.3866409063339233,-55.647090911865234,89.07061004638672,Stop,Stepping
1776271838.9589226,13633.9386227,-1.3866409063339233,-55.647098541259766,89.07061004638672,1.3866409063339233,-55.647098541259766,89.07061004638672,-1.3866409063339233,-55.647090911865234,89.07061004638672,1.3866409063339233,-55.647090911865234,89.07061004638672,Stop,Stepping
1776271838.9789567,13633.952626875,-1.3866409063339233,-55.647098541259766,89.07061004638672,1.3866409063339233,-55.647098541259766,89.07061004638672,-1.3866409063339233,-55.647090911865234,89.07061004638672,1.3866409063339233,-55.647090911865234,89.07061004638672,Stop,Stepping
1776271838.9989264,13633.996855319,-1.3866409063339233,-55.647098541259766,89.07061004638672,1.3866409063339233,-55.647098541259766,89.07061004638672,-1.3866409063339233,-55.647090911865234,89.07061004638672,1.3866409063339233,-55.647090911865234,89.07061004638672,Stop,Stepping
1776271839.0189474,13633.997226703,-1.3866409063339233,-55.647098541259766,89.07061004638672,1.3866409063339233,-55.647098541259766,89.07061004638672,-1.3866409063339233,-55.647090911865234,89.07061004638672,1.3866409063339233,-55.647090911865234,89.07061004638672,Stop,Stepping
1776271839.0389278,13634.010902387,-1.3866409063339233,-55.647098541259766,89.07061004638672,1.3866409063339233,-55.647098541259766,89.07061004638672,-1.3866409063339233,-55.647090911865234,89.07061004638672,1.3866409063339233,-55.647090911865234,89.07061004638672,Stop,Stepping
1776271839.0589495,13634.032101069,-1.3866409063339233,-55.647098541259766,89.07061004638672,1.3866409063339233,-55.647098541259766,89.07061004638672,-1.3866409063339233,-55.647090911865234,89.07061004638672,1.3866409063339233,-55.647090911865234,89.07061004638672,Stop,Stepping
1776271839.0789452,13634.053289806,-1.3866409063339233,-55.647098541259766,89.07061004638672,1.3866409063339233,-55.647098541259766,89.07061004638672,-1.3866409063339233,-55.647090911865234,89.07061004638672,1.3866409063339233,-55.647090911865234,89.07061004638672,Stop,Stepping
1776271839.0989294,13634.075333079,-1.3866409063339233,-55.647098541259766,89.07061004638672,1.3866409063339233,-55.647098541259766,89.07061004638672,-1.3866409063339233,-55.647090911865234,89.07061004638672,1.3866409063339233,-55.647090911865234,89.07061004638672,Stop,Stepping
1776271839.1189427,13634.090995912,-1.3866409063339233,-55.647098541259766,89.07061004638672,1.3866409063339233,-55.647098541259766,89.07061004638672,-1.3866409063339233,-55.647090911865234,89.07061004638672,1.3866409063339233,-55.647090911865234,89.07061004638672,Stop,Stepping
1776271839.1389344,13634.121164028,-1.3866409063339233,-55.647098541259766,89.07061004638672,1.3866409063339233,-55.647098541259766,89.07061004638672,-1.3866409063339233,-55.647090911865234,89.07061004638672,1.3866409063339233,-55.647090911865234,89.07061004638672,Stop,Stepping
1776271839.1589484,13634.133371432,-1.3866409063339233,-55.647098541259766,89.07061004638672,1.3866409063339233,-55.647098541259766,89.07061004638672,-1.3866409063339233,-55.647090911865234,89.07061004638672,1.3866409063339233,-55.647090911865234,89.07061004638672,Stop,Stepping
1776271839.1789834,13634.155036232,-1.3866409063339233,-55.647098541259766,89.07061004638672,1.3866409063339233,-55.647098541259766,89.07061004638672,-1.3866409063339233,-55.647090911865234,89.07061004638672,1.3866409063339233,-55.647090911865234,89.07061004638672,Stop,Stepping
1776271839.198967,13634.175992817,-1.3866409063339233,-55.647098541259766,89.07061004638672,1.3866409063339233,-55.647098541259766,89.07061004638672,-1.3866409063339233,-55.647090911865234,89.07061004638672,1.3866409063339233,-55.647090911865234,89.07061004638672,Stop,Stepping
1776271839.2190123,13634.194773909,-1.3866409063339233,-55.647098541259766,89.07061004638672,1.3866409063339233,-55.647098541259766,89.07061004638672,-1.3866409063339233,-55.647090911865234,89.07061004638672,1.3866409063339233,-55.647090911865234,89.07061004638672,Stop,Stepping
1776271839.2389731,13634.214612529,-1.3866409063339233,-55.647098541259766,89.07061004638672,1.3866409063339233,-55.647098541259766,89.07061004638672,-1.3866409063339233,-55.647090911865234,89.07061004638672,1.3866409063339233,-55.647090911865234,89.07061004638672,Stop,Stepping
1776271839.2589931,13634.231633023,-1.3866409063339233,-55.647098541259766,89.07061004638672,1.3866409063339233,-55.647098541259766,89.07061004638672,-1.3866409063339233,-55.647090911865234,89.07061004638672,1.3866409063339233,-55.647090911865234,89.07061004638672,Stop,Stepping
1776271839.2789521,13634.256603972,-1.3866409063339233,-55.647098541259766,89.07061004638672,1.3866409063339233,-55.647098541259766,89.07061004638672,-1.3866409063339233,-55.647090911865234,89.07061004638672,1.3866409063339233,-55.647090911865234,89.07061004638672,Stop,Stepping
1776271839.29895,13634.271741481,-1.3866409063339233,-55.647098541259766,89.07061004638672,1.3866409063339233,-55.647098541259766,89.07061004638672,-1.3866409063339233,-55.647090911865234,89.07061004638672,1.3866409063339233,-55.647090911865234,89.07061004638672,Stop,Stepping
1776271839.318963,13634.292752188,-1.3866409063339233,-55.647098541259766,89.07061004638672,1.3866409063339233,-55.647098541259766,89.07061004638672,-1.3866409063339233,-55.647090911865234,89.07061004638672,1.3866409063339233,-55.647090911865234,89.07061004638672,Stop,Stepping
1776271839.3389666,13634.31285209,-1.3866409063339233,-55.647098541259766,89.07061004638672,1.3866409063339233,-55.647098541259766,89.07061004638672,-1.3866409063339233,-55.647090911865234,89.07061004638672,1.3866409063339233,-55.647090911865234,89.07061004638672,Stop,Stepping
1776271839.3589492,13634.342920944,-1.3866409063339233,-55.647098541259766,89.07061004638672,1.3866409063339233,-55.647098541259766,89.07061004638672,-1.3866409063339233,-55.647090911865234,89.07061004638672,1.3866409063339233,-55.647090911865234,89.07061004638672,Stop,Stepping
1776271839.3789928,13634.354277684,-1.3866409063339233,-55.647098541259766,89.07061004638672,1.3866409063339233,-55.647098541259766,89.07061004638672,-1.3866409063339233,-55.647090911865234,89.07061004638672,1.3866409063339233,-55.647090911865234,89.07061004638672,Stop,Stepping
1776271839.398947,13634.37227535,-1.3866409063339233,-55.647098541259766,89.07061004638672,1.3866409063339233,-55.647098541259766,89.07061004638672,-1.3866409063339233,-55.647090911865234,89.07061004638672,1.3866409063339233,-55.647090911865234,89.07061004638672,Stop,Stepping
1776271839.4189847,13634.392701781,-1.3866409063339233,-55.647098541259766,89.07061004638672,1.3866409063339233,-55.647098541259766,89.07061004638672,-1.3866409063339233,-55.647090911865234,89.07061004638672,1.3866409063339233,-55.647090911865234,89.07061004638672,Stop,Stepping
1776271839.4389663,13634.426274392,-1.3866409063339233,-55.647098541259766,89.07061004638672,1.3866409063339233,-55.647098541259766,89.07061004638672,-1.3866409063339233,-55.647090911865234,89.07061004638672,1.3866409063339233,-55.647090911865234,89.07061004638672,Stop,Stepping
1776271839.4589632,13634.431283471,-1.3866409063339233,-55.647098541259766,89.07061004638672,1.3866409063339233,-55.647098541259766,89.07061004638672,-1.3866409063339233,-55.647090911865234,89.07061004638672,1.3866409063339233,-55.647090911865234,89.07061004638672,Stop,Stepping
1776271839.4790561,13634.45180486,-1.3866409063339233,-55.647098541259766,89.07061004638672,1.3866409063339233,-55.647098541259766,89.07061004638672,-1.3866409063339233,-55.647090911865234,89.07061004638672,1.3866409063339233,-55.647090911865234,89.07061004638672,Stop,Stepping
1776271839.4989505,13634.475961825,-1.3866409063339233,-55.647098541259766,89.07061004638672,1.3866409063339233,-55.647098541259766,89.07061004638672,-1.3866409063339233,-55.647090911865234,89.07061004638672,1.3866409063339233,-55.647090911865234,89.07061004638672,Stop,Stepping
1776271839.5189497,13634.490992315,-1.3866409063339233,-55.647098541259766,89.07061004638672,1.3866409063339233,-55.647098541259766,89.07061004638672,-1.3866409063339233,-55.647090911865234,89.07061004638672,1.3866409063339233,-55.647090911865234,89.07061004638672,Stop,Stepping
1776271839.5390327,13634.522416049,-1.3866409063339233,-55.647098541259766,89.07061004638672,1.3866409063339233,-55.647098541259766,89.07061004638672,-1.3866409063339233,-55.647090911865234,89.07061004638672,1.3866409063339233,-55.647090911865234,89.07061004638672,Stop,Stepping
1776271839.558955,13634.534301897,-1.3866409063339233,-55.647098541259766,89.07061004638672,1.3866409063339233,-55.647098541259766,89.07061004638672,-1.3866409063339233,-55.647090911865234,89.07061004638672,1.3866409063339233,-55.647090911865234,89.07061004638672,Stop,Stepping
1776271839.5789592,13634.552432021,-1.3866409063339233,-55.647098541259766,89.07061004638672,1.3866409063339233,-55.647098541259766,89.07061004638672,-1.3866409063339233,-55.647090911865234,89.07061004638672,1.3866409063339233,-55.647090911865234,89.07061004638672,Stop,Stepping
1776271839.5989964,13634.591223941,-1.3866409063339233,-55.647098541259766,89.07061004638672,1.3866409063339233,-55.647098541259766,89.07061004638672,-1.3866409063339233,-55.647090911865234,89.07061004638672,1.3866409063339233,-55.647090911865234,89.07061004638672,Stop,Stepping
1776271839.6189704,13634.591597778,-1.3866409063339233,-55.647098541259766,89.07061004638672,1.3866409063339233,-55.647098541259766,89.07061004638672,-1.3866409063339233,-55.647090911865234,89.07061004638672,1.3866409063339233,-55.647090911865234,89.07061004638672,Stop,Stepping
1776271839.6389525,13634.612110029,-1.3866409063339233,-55.647098541259766,89.07061004638672,1.3866409063339233,-55.647098541259766,89.07061004638672,-1.3866409063339233,-55.647090911865234,89.07061004638672,1.3866409063339233,-55.647090911865234,89.07061004638672,Stop,Stepping
1776271839.6589613,13634.631437009,-1.3866409063339233,-55.647098541259766,89.07061004638672,1.3866409063339233,-55.647098541259766,89.07061004638672,-1.3866409063339233,-55.647090911865234,89.07061004638672,1.3866409063339233,-55.647090911865234,89.07061004638672,Stop,Stepping
1776271839.6789548,13634.660026871,-1.3866409063339233,-55.647098541259766,89.07061004638672,1.3866409063339233,-55.647098541259766,89.07061004638672,-1.3866409063339233,-55.647090911865234,89.07061004638672,1.3866409063339233,-55.647090911865234,89.07061004638672,Stop,Stepping
1776271839.6989572,13634.708626868,-1.3866409063339233,-55.647098541259766,89.07061004638672,1.3866409063339233,-55.647098541259766,89.07061004638672,-1.3866409063339233,-55.647090911865234,89.07061004638672,1.3866409063339233,-55.647090911865234,89.07061004638672,Stop,Stepping
1776271839.718984,13634.708983006,-1.3866409063339233,-55.647098541259766,89.07061004638672,1.3866409063339233,-55.647098541259766,89.07061004638672,-1.3866409063339233,-55.647090911865234,89.07061004638672,1.3866409063339233,-55.647090911865234,89.07061004638672,Stop,Stepping
1776271839.7389836,13634.715761556,-1.3866409063339233,-55.647098541259766,89.07061004638672,1.3866409063339233,-55.647098541259766,89.07061004638672,-1.3866409063339233,-55.647090911865234,89.07061004638672,1.3866409063339233,-55.647090911865234,89.07061004638672,Stop,Stepping
1776271839.7589521,13634.731086687,-1.3866409063339233,-55.647098541259766,89.07061004638672,1.3866409063339233,-55.647098541259766,89.07061004638672,-1.3866409063339233,-55.647090911865234,89.07061004638672,1.3866409063339233,-55.647090911865234,89.07061004638672,Stop,Stepping
1776271839.7789462,13634.807380863,-1.3866409063339233,-55.647098541259766,89.07061004638672,1.3866409063339233,-55.647098541259766,89.07061004638672,-1.3866409063339233,-55.647090911865234,89.07061004638672,1.3866409063339233,-55.647090911865234,89.07061004638672,Stop,Stepping
1776271839.7989705,13634.807986727,-1.3866409063339233,-55.647098541259766,89.07061004638672,1.3866409063339233,-55.647098541259766,89.07061004638672,-1.3866409063339233,-55.647090911865234,89.07061004638672,1.3866409063339233,-55.647090911865234,89.07061004638672,Stop,Stepping
1776271839.8189673,13634.808592464,-1.3866409063339233,-55.647098541259766,89.07061004638672,1.3866409063339233,-55.647098541259766,89.07061004638672,-1.3866409063339233,-55.647090911865234,89.07061004638672,1.3866409063339233,-55.647090911865234,89.07061004638672,Stop,Stepping
1776271839.8389406,13634.811262951,-1.3866409063339233,-55.647098541259766,89.07061004638672,1.3866409063339233,-55.647098541259766,89.07061004638672,-1.3866409063339233,-55.647090911865234,89.07061004638672,1.3866409063339233,-55.647090911865234,89.07061004638672,Stop,Stepping
1776271839.8589678,13634.83164411,-1.3866409063339233,-55.647098541259766,89.07061004638672,1.3866409063339233,-55.647098541259766,89.07061004638672,-1.3866409063339233,-55.647090911865234,89.07061004638672,1.3866409063339233,-55.647090911865234,89.07061004638672,Stop,Stepping
1776271839.8789968,13634.854808436,-1.3866409063339233,-55.647098541259766,89.07061004638672,1.3866409063339233,-55.647098541259766,89.07061004638672,-1.3866409063339233,-55.647090911865234,89.07061004638672,1.3866409063339233,-55.647090911865234,89.07061004638672,Stop,Stepping
1776271839.89896,13634.873245091,-1.3866409063339233,-55.647098541259766,89.07061004638672,1.3866409063339233,-55.647098541259766,89.07061004638672,-1.3866409063339233,-55.647090911865234,89.07061004638672,1.3866409063339233,-55.647090911865234,89.07061004638672,Stop,Stepping
1776271839.918957,13634.891348197,-1.3866409063339233,-55.647098541259766,89.07061004638672,1.3866409063339233,-55.647098541259766,89.07061004638672,-1.3866409063339233,-55.647090911865234,89.07061004638672,1.3866409063339233,-55.647090911865234,89.07061004638672,Stop,Stepping
1776271839.9390066,13634.91297632,-1.3866409063339233,-55.647098541259766,89.07061004638672,1.3866409063339233,-55.647098541259766,89.07061004638672,-1.3866409063339233,-55.647090911865234,89.07061004638672,1.3866409063339233,-55.647090911865234,89.07061004638672,Stop,Stepping
1776271839.9589653,13634.932722464,-1.3866409063339233,-55.647098541259766,89.07061004638672,1.3866409063339233,-55.647098541259766,89.07061004638672,-1.3866409063339233,-55.647090911865234,89.07061004638672,1.3866409063339233,-55.647090911865234,89.07061004638672,Stop,Stepping
1776271839.9789689,13634.961537011,-1.3866409063339233,-55.647098541259766,89.07061004638672,1.3866409063339233,-55.647098541259766,89.07061004638672,-1.3866409063339233,-55.647090911865234,89.07061004638672,1.3866409063339233,-55.647090911865234,89.07061004638672,Stop,Stepping
1776271839.9989653,13634.971774344,-1.3866409063339233,-55.647098541259766,89.07061004638672,1.3866409063339233,-55.647098541259766,89.07061004638672,-1.3866409063339233,-55.647090911865234,89.07061004638672,1.3866409063339233,-55.647090911865234,89.07061004638672,Stop,Stepping
1776271840.0189683,13634.991671297,-1.3866409063339233,-55.647098541259766,89.07061004638672,1.3866409063339233,-55.647098541259766,89.07061004638672,-1.3866409063339233,-55.647090911865234,89.07061004638672,1.3866409063339233,-55.647090911865234,89.07061004638672,Stop,Stepping
1776271840.0389893,13635.012500441,-1.3866409063339233,-55.647098541259766,89.07061004638672,1.3866409063339233,-55.647098541259766,89.07061004638672,-1.3866409063339233,-55.647090911865234,89.07061004638672,1.3866409063339233,-55.647090911865234,89.07061004638672,Stop,Stepping
1776271840.0589495,13635.031788155,-1.3866409063339233,-55.647098541259766,89.07061004638672,1.3866409063339233,-55.647098541259766,89.07061004638672,-1.3866409063339233,-55.647090911865234,89.07061004638672,1.3866409063339233,-55.647090911865234,89.07061004638672,Stop,Stepping
1776271840.0789504,13635.05237938,-1.3866409063339233,-55.647098541259766,89.07061004638672,1.3866409063339233,-55.647098541259766,89.07061004638672,-1.3866409063339233,-55.647090911865234,89.07061004638672,1.3866409063339233,-55.647090911865234,89.07061004638672,Stop,Stepping
1776271840.098954,13635.071639824,-1.3866409063339233,-55.647098541259766,89.07061004638672,1.3866409063339233,-55.647098541259766,89.07061004638672,-1.3866409063339233,-55.647090911865234,89.07061004638672,1.3866409063339233,-55.647090911865234,89.07061004638672,Stop,Stepping
1776271840.1189752,13635.092304286,-1.3866409063339233,-55.647098541259766,89.07061004638672,1.3866409063339233,-55.647098541259766,89.07061004638672,-1.3866409063339233,-55.647090911865234,89.07061004638672,1.3866409063339233,-55.647090911865234,89.07061004638672,Stop,Stepping
1776271840.138969,13635.111652643,-1.3866409063339233,-55.647098541259766,89.07061004638672,1.3866409063339233,-55.647098541259766,89.07061004638672,-1.3866409063339233,-55.647090911865234,89.07061004638672,1.3866409063339233,-55.647090911865234,89.07061004638672,Stop,Stepping
1776271840.158973,13635.131446608,-1.3866409063339233,-55.647098541259766,89.07061004638672,1.3866409063339233,-55.647098541259766,89.07061004638672,-1.3866409063339233,-55.647090911865234,89.07061004638672,1.3866409063339233,-55.647090911865234,89.07061004638672,Stop,Stepping
1776271840.1789582,13635.151943799,-1.3866409063339233,-55.647098541259766,89.07061004638672,1.3866409063339233,-55.647098541259766,89.07061004638672,-1.3866409063339233,-55.647090911865234,89.07061004638672,1.3866409063339233,-55.647090911865234,89.07061004638672,Stop,Stepping
1776271840.1989717,13635.17276936,-1.3866409063339233,-55.647098541259766,89.07061004638672,1.3866409063339233,-55.647098541259766,89.07061004638672,-1.3866409063339233,-55.647090911865234,89.07061004638672,1.3866409063339233,-55.647090911865234,89.07061004638672,Stop,Stepping
1776271840.21897,13635.193702651,-1.3866409063339233,-55.647098541259766,89.07061004638672,1.3866409063339233,-55.647098541259766,89.07061004638672,-1.3866409063339233,-55.647090911865234,89.07061004638672,1.3866409063339233,-55.647090911865234,89.07061004638672,Stop,Stepping
1776271840.2389848,13635.213533967,-1.3866409063339233,-55.647098541259766,89.07061004638672,1.3866409063339233,-55.647098541259766,89.07061004638672,-1.3866409063339233,-55.647090911865234,89.07061004638672,1.3866409063339233,-55.647090911865234,89.07061004638672,Stop,Stepping
1776271840.2589622,13635.232383791,-1.3866409063339233,-55.647098541259766,89.07061004638672,1.3866409063339233,-55.647098541259766,89.07061004638672,-1.3866409063339233,-55.647090911865234,89.07061004638672,1.3866409063339233,-55.647090911865234,89.07061004638672,Stop,Stepping
1776271840.2789633,13635.25148754,-1.3866409063339233,-55.647098541259766,89.07061004638672,1.3866409063339233,-55.647098541259766,89.07061004638672,-1.3866409063339233,-55.647090911865234,89.07061004638672,1.3866409063339233,-55.647090911865234,89.07061004638672,Stop,Stepping
1776271840.298945,13635.272481759,-1.3866409063339233,-55.647098541259766,89.07061004638672,1.3866409063339233,-55.647098541259766,89.07061004638672,-1.3866409063339233,-55.647090911865234,89.07061004638672,1.3866409063339233,-55.647090911865234,89.07061004638672,Stop,Stepping
1776271840.3189452,13635.291358398,-1.3866409063339233,-55.647098541259766,89.07061004638672,1.3866409063339233,-55.647098541259766,89.07061004638672,-1.3866409063339233,-55.647090911865234,89.07061004638672,1.3866409063339233,-55.647090911865234,89.07061004638672,Stop,Stepping
1776271840.3390713,13635.31331817,-1.3866409063339233,-55.647098541259766,89.07061004638672,1.3866409063339233,-55.647098541259766,89.07061004638672,-1.3866409063339233,-55.647090911865234,89.07061004638672,1.3866409063339233,-55.647090911865234,89.07061004638672,Stop,Stepping
1776271840.3589783,13635.33197729,-1.3866409063339233,-55.647098541259766,89.07061004638672,1.3866409063339233,-55.647098541259766,89.07061004638672,-1.3866409063339233,-55.647090911865234,89.07061004638672,1.3866409063339233,-55.647090911865234,89.07061004638672,Stop,Stepping
1776271840.3789744,13635.351972827,-1.3866409063339233,-55.647098541259766,89.07061004638672,1.3866409063339233,-55.647098541259766,89.07061004638672,-1.3866409063339233,-55.647090911865234,89.07061004638672,1.3866409063339233,-55.647090911865234,89.07061004638672,Stop,Stepping
1776271840.3989923,13635.37180243,-1.3866409063339233,-55.647098541259766,89.07061004638672,1.3866409063339233,-55.647098541259766,89.07061004638672,-1.3866409063339233,-55.647090911865234,89.07061004638672,1.3866409063339233,-55.647090911865234,89.07061004638672,Stop,Stepping
1776271840.4189782,13635.392035122,-1.3866409063339233,-55.647098541259766,89.07061004638672,1.3866409063339233,-55.647098541259766,89.07061004638672,-1.3866409063339233,-55.647090911865234,89.07061004638672,1.3866409063339233,-55.647090911865234,89.07061004638672,Stop,Stepping
1776271840.4389653,13635.411303419,-1.3866409063339233,-55.647098541259766,89.07061004638672,1.3866409063339233,-55.647098541259766,89.07061004638672,-1.3866409063339233,-55.647090911865234,89.07061004638672,1.3866409063339233,-55.647090911865234,89.07061004638672,Stop,Stepping
1776271840.4589694,13635.431050253,-1.3866409063339233,-55.647098541259766,89.07061004638672,1.3866409063339233,-55.647098541259766,89.07061004638672,-1.3866409063339233,-55.647090911865234,89.07061004638672,1.3866409063339233,-55.647090911865234,89.07061004638672,Stop,Stepping
1776271840.4789758,13635.452843838,-1.3866409063339233,-55.647098541259766,89.07061004638672,1.3866409063339233,-55.647098541259766,89.07061004638672,-1.3866409063339233,-55.647090911865234,89.07061004638672,1.3866409063339233,-55.647090911865234,89.07061004638672,Stop,Stepping
1776271840.498973,13635.471345354,-1.3866409063339233,-55.647098541259766,89.07061004638672,1.3866409063339233,-55.647098541259766,89.07061004638672,-1.3866409063339233,-55.647090911865234,89.07061004638672,1.3866409063339233,-55.647090911865234,89.07061004638672,Stop,Stepping
1776271840.5189908,13635.490906881,-1.3866409063339233,-55.647098541259766,89.07061004638672,1.3866409063339233,-55.647098541259766,89.07061004638672,-1.3866409063339233,-55.647090911865234,89.07061004638672,1.3866409063339233,-55.647090911865234,89.07061004638672,Stop,Stepping
1776271840.5389712,13635.511229893,-1.3866409063339233,-55.647098541259766,89.07061004638672,1.3866409063339233,-55.647098541259766,89.07061004638672,-1.3866409063339233,-55.647090911865234,89.07061004638672,1.3866409063339233,-55.647090911865234,89.07061004638672,Stop,Stepping
1776271840.5589588,13635.538761176,-1.3866409063339233,-55.647098541259766,89.07061004638672,1.3866409063339233,-55.647098541259766,89.07061004638672,-1.3866409063339233,-55.647090911865234,89.07061004638672,1.3866409063339233,-55.647090911865234,89.07061004638672,Stop,Stepping
1776271840.5789955,13635.551942083,-1.3866409063339233,-55.647098541259766,89.07061004638672,1.3866409063339233,-55.647098541259766,89.07061004638672,-1.3866409063339233,-55.647090911865234,89.07061004638672,1.3866409063339233,-55.647090911865234,89.07061004638672,Stop,Stepping
1776271840.5989766,13635.571448311,-1.3866409063339233,-55.647098541259766,89.07061004638672,1.3866409063339233,-55.647098541259766,89.07061004638672,-1.3866409063339233,-55.647090911865234,89.07061004638672,1.3866409063339233,-55.647090911865234,89.07061004638672,Stop,Stepping
1776271840.6189654,13635.597462343,-1.3866409063339233,-55.647098541259766,89.07061004638672,1.3866409063339233,-55.647098541259766,89.07061004638672,-1.3866409063339233,-55.647090911865234,89.07061004638672,1.3866409063339233,-55.647090911865234,89.07061004638672,Stop,Stepping
1776271840.6389768,13635.612860065,-1.3866409063339233,-55.647098541259766,89.07061004638672,1.3866409063339233,-55.647098541259766,89.07061004638672,-1.3866409063339233,-55.647090911865234,89.07061004638672,1.3866409063339233,-55.647090911865234,89.07061004638672,Stop,Stepping
1776271840.6591895,13635.631706721,-1.3866409063339233,-55.647098541259766,89.07061004638672,1.3866409063339233,-55.647098541259766,89.07061004638672,-1.3866409063339233,-55.647090911865234,89.07061004638672,1.3866409063339233,-55.647090911865234,89.07061004638672,Stop,Stepping
1776271840.679063,13635.662528779,-1.3866409063339233,-55.647098541259766,89.07061004638672,1.3866409063339233,-55.647098541259766,89.07061004638672,-1.3866409063339233,-55.647090911865234,89.07061004638672,1.3866409063339233,-55.647090911865234,89.07061004638672,Stop,Stepping
1776271840.6989667,13635.687401769,-1.3866409063339233,-55.647098541259766,89.07061004638672,1.3866409063339233,-55.647098541259766,89.07061004638672,-1.3866409063339233,-55.647090911865234,89.07061004638672,1.3866409063339233,-55.647090911865234,89.07061004638672,Stop,Stepping
1776271840.718975,13635.69380545,-1.3866409063339233,-55.647098541259766,89.07061004638672,1.3866409063339233,-55.647098541259766,89.07061004638672,-1.3866409063339233,-55.647090911865234,89.07061004638672,1.3866409063339233,-55.647090911865234,89.07061004638672,Stop,Stepping
1776271840.738978,13635.712513047,-1.3866409063339233,-55.647098541259766,89.07061004638672,1.3866409063339233,-55.647098541259766,89.07061004638672,-1.3866409063339233,-55.647090911865234,89.07061004638672,1.3866409063339233,-55.647090911865234,89.07061004638672,Stop,Stepping
1776271840.758988,13635.731813438,-1.3866409063339233,-55.647098541259766,89.07061004638672,1.3866409063339233,-55.647098541259766,89.07061004638672,-1.3866409063339233,-55.647090911865234,89.07061004638672,1.3866409063339233,-55.647090911865234,89.07061004638672,Stop,Stepping
1776271840.7789717,13635.752436927,-1.3866409063339233,-55.647098541259766,89.07061004638672,1.3866409063339233,-55.647098541259766,89.07061004638672,-1.3866409063339233,-55.647090911865234,89.07061004638672,1.3866409063339233,-55.647090911865234,89.07061004638672,Stop,Stepping
1776271840.7989798,13635.773357188,-1.3866409063339233,-55.647098541259766,89.07061004638672,1.3866409063339233,-55.647098541259766,89.07061004638672,-1.3866409063339233,-55.647090911865234,89.07061004638672,1.3866409063339233,-55.647090911865234,89.07061004638672,Stop,Stepping
1776271840.8189704,13635.792271319,-1.3866409063339233,-55.647098541259766,89.07061004638672,1.3866409063339233,-55.647098541259766,89.07061004638672,-1.3866409063339233,-55.647090911865234,89.07061004638672,1.3866409063339233,-55.647090911865234,89.07061004638672,Stop,Stepping
1776271840.8389654,13635.832801027,-1.3866409063339233,-55.647098541259766,89.07061004638672,1.3866409063339233,-55.647098541259766,89.07061004638672,-1.3866409063339233,-55.647090911865234,89.07061004638672,1.3866409063339233,-55.647090911865234,89.07061004638672,Stop,Stepping
1776271840.8589685,13635.834506132,-1.3866409063339233,-55.647098541259766,89.07061004638672,1.3866409063339233,-55.647098541259766,89.07061004638672,-1.3866409063339233,-55.647090911865234,89.07061004638672,1.3866409063339233,-55.647090911865234,89.07061004638672,Stop,Stepping
1776271840.878992,13635.854729661,-1.3866409063339233,-55.647098541259766,89.07061004638672,1.3866409063339233,-55.647098541259766,89.07061004638672,-1.3866409063339233,-55.647090911865234,89.07061004638672,1.3866409063339233,-55.647090911865234,89.07061004638672,Stop,Stepping
1776271840.8989878,13635.874325979,-1.3866409063339233,-55.647098541259766,89.07061004638672,1.3866409063339233,-55.647098541259766,89.07061004638672,-1.3866409063339233,-55.647090911865234,89.07061004638672,1.3866409063339233,-55.647090911865234,89.07061004638672,Stop,Stepping
1776271840.9189894,13635.907056445,-1.3866409063339233,-55.647098541259766,89.07061004638672,1.3866409063339233,-55.647098541259766,89.07061004638672,-1.3866409063339233,-55.647090911865234,89.07061004638672,1.3866409063339233,-55.647090911865234,89.07061004638672,Stop,Stepping
1776271840.9390054,13635.919518085,-1.3866409063339233,-55.647098541259766,89.07061004638672,1.3866409063339233,-55.647098541259766,89.07061004638672,-1.3866409063339233,-55.647090911865234,89.07061004638672,1.3866409063339233,-55.647090911865234,89.07061004638672,Stop,Stepping
1776271840.9590046,13635.94395163,-1.3866409063339233,-55.647098541259766,89.07061004638672,1.3866409063339233,-55.647098541259766,89.07061004638672,-1.3866409063339233,-55.647090911865234,89.07061004638672,1.3866409063339233,-55.647090911865234,89.07061004638672,Stop,Stepping
1776271840.9789948,13635.959208677,-1.3866409063339233,-55.647098541259766,89.07061004638672,1.3866409063339233,-55.647098541259766,89.07061004638672,-1.3866409063339233,-55.647090911865234,89.07061004638672,1.3866409063339233,-55.647090911865234,89.07061004638672,Stop,Stepping
1776271840.9989674,13635.975257857,-1.3866409063339233,-55.647098541259766,89.07061004638672,1.3866409063339233,-55.647098541259766,89.07061004638672,-1.3866409063339233,-55.647090911865234,89.07061004638672,1.3866409063339233,-55.647090911865234,89.07061004638672,Stop,Stepping
1776271841.0189817,13635.994319223,-1.3866409063339233,-55.647098541259766,89.07061004638672,1.3866409063339233,-55.647098541259766,89.07061004638672,-1.3866409063339233,-55.647090911865234,89.07061004638672,1.3866409063339233,-55.647090911865234,89.07061004638672,Stop,Stepping
1776271841.0390096,13636.011617326,-1.3866409063339233,-55.647098541259766,89.07061004638672,1.3866409063339233,-55.647098541259766,89.07061004638672,-1.3866409063339233,-55.647090911865234,89.07061004638672,1.3866409063339233,-55.647090911865234,89.07061004638672,Stop,Stepping
1776271841.058988,13636.032662374,-1.3866409063339233,-55.647098541259766,89.07061004638672,1.3866409063339233,-55.647098541259766,89.07061004638672,-1.3866409063339233,-55.647090911865234,89.07061004638672,1.3866409063339233,-55.647090911865234,89.07061004638672,Stop,Stepping
1776271841.0790613,13636.054344695,-1.3866409063339233,-55.647098541259766,89.07061004638672,1.3866409063339233,-55.647098541259766,89.07061004638672,-1.3866409063339233,-55.647090911865234,89.07061004638672,1.3866409063339233,-55.647090911865234,89.07061004638672,Stop,Stepping
1776271841.099005,13636.071289493,-1.3866409063339233,-55.647098541259766,89.07061004638672,1.3866409063339233,-55.647098541259766,89.07061004638672,-1.3866409063339233,-55.647090911865234,89.07061004638672,1.3866409063339233,-55.647090911865234,89.07061004638672,Stop,Stepping
1776271841.1190004,13636.09174892,-1.3866409063339233,-55.647098541259766,89.07061004638672,1.3866409063339233,-55.647098541259766,89.07061004638672,-1.3866409063339233,-55.647090911865234,89.07061004638672,1.3866409063339233,-55.647090911865234,89.07061004638672,Stop,Stepping
1776271841.1389985,13636.12299526,-1.3866409063339233,-55.647098541259766,89.07061004638672,1.3866409063339233,-55.647098541259766,89.07061004638672,-1.3866409063339233,-55.647090911865234,89.07061004638672,1.3866409063339233,-55.647090911865234,89.07061004638672,Stop,Stepping
1776271841.1589978,13636.136304394,-1.3866409063339233,-55.647098541259766,89.07061004638672,1.3866409063339233,-55.647098541259766,89.07061004638672,-1.3866409063339233,-55.647090911865234,89.07061004638672,1.3866409063339233,-55.647090911865234,89.07061004638672,Stop,Stepping
1776271841.1790092,13636.151749616,-1.3866409063339233,-55.647098541259766,89.07061004638672,1.3866409063339233,-55.647098541259766,89.07061004638672,-1.3866409063339233,-55.647090911865234,89.07061004638672,1.3866409063339233,-55.647090911865234,89.07061004638672,Stop,Stepping
1776271841.1990008,13636.171489595,-1.3866409063339233,-55.647098541259766,89.07061004638672,1.3866409063339233,-55.647098541259766,89.07061004638672,-1.3866409063339233,-55.647090911865234,89.07061004638672,1.3866409063339233,-55.647090911865234,89.07061004638672,Stop,Stepping
1776271841.219024,13636.194655298,-1.3866409063339233,-55.647098541259766,89.07061004638672,1.3866409063339233,-55.647098541259766,89.07061004638672,-1.3866409063339233,-55.647090911865234,89.07061004638672,1.3866409063339233,-55.647090911865234,89.07061004638672,Stop,Stepping
1776271841.2389677,13636.215491075,-1.3866409063339233,-55.647098541259766,89.07061004638672,1.3866409063339233,-55.647098541259766,89.07061004638672,-1.3866409063339233,-55.647090911865234,89.07061004638672,1.3866409063339233,-55.647090911865234,89.07061004638672,Stop,Stepping
1776271841.2589893,13636.231312131,-1.3866409063339233,-55.647098541259766,89.07061004638672,1.3866409063339233,-55.647098541259766,89.07061004638672,-1.3866409063339233,-55.647090911865234,89.07061004638672,1.3866409063339233,-55.647090911865234,89.07061004638672,Stop,Stepping
1776271841.278988,13636.25087319,-1.3866409063339233,-55.647098541259766,89.07061004638672,1.3866409063339233,-55.647098541259766,89.07061004638672,-1.3866409063339233,-55.647090911865234,89.07061004638672,1.3866409063339233,-55.647090911865234,89.07061004638672,Stop,Stepping
1776271841.2989926,13636.276396359,-1.3866409063339233,-55.647098541259766,89.07061004638672,1.3866409063339233,-55.647098541259766,89.07061004638672,-1.3866409063339233,-55.647090911865234,89.07061004638672,1.3866409063339233,-55.647090911865234,89.07061004638672,Stop,Stepping
1776271841.3190005,13636.298422348,-1.3866409063339233,-55.647098541259766,89.07061004638672,1.3866409063339233,-55.647098541259766,89.07061004638672,-1.3866409063339233,-55.647090911865234,89.07061004638672,1.3866409063339233,-55.647090911865234,89.07061004638672,Stop,Stepping
1776271841.3389823,13636.31543448,-1.3866409063339233,-55.647098541259766,89.07061004638672,1.3866409063339233,-55.647098541259766,89.07061004638672,-1.3866409063339233,-55.647090911865234,89.07061004638672,1.3866409063339233,-55.647090911865234,89.07061004638672,Stop,Stepping
1776271841.3589737,13636.334252052,-1.3866409063339233,-55.647098541259766,89.07061004638672,1.3866409063339233,-55.647098541259766,89.07061004638672,-1.3866409063339233,-55.647090911865234,89.07061004638672,1.3866409063339233,-55.647090911865234,89.07061004638672,Stop,Stepping
1776271841.3790045,13636.350982749,-1.3866409063339233,-55.647098541259766,89.07061004638672,1.3866409063339233,-55.647098541259766,89.07061004638672,-1.3866409063339233,-55.647090911865234,89.07061004638672,1.3866409063339233,-55.647090911865234,89.07061004638672,Stop,Stepping
1776271841.3990183,13636.374301247,-1.3866409063339233,-55.647098541259766,89.07061004638672,1.3866409063339233,-55.647098541259766,89.07061004638672,-1.3866409063339233,-55.647090911865234,89.07061004638672,1.3866409063339233,-55.647090911865234,89.07061004638672,Stop,Stepping
1776271841.4190133,13636.394824728,-1.3866409063339233,-55.647098541259766,89.07061004638672,1.3866409063339233,-55.647098541259766,89.07061004638672,-1.3866409063339233,-55.647090911865234,89.07061004638672,1.3866409063339233,-55.647090911865234,89.07061004638672,Stop,Stepping
1776271841.4389915,13636.413673947,-1.3866409063339233,-55.647098541259766,89.07061004638672,1.3866409063339233,-55.647098541259766,89.07061004638672,-1.3866409063339233,-55.647090911865234,89.07061004638672,1.3866409063339233,-55.647090911865234,89.07061004638672,Stop,Stepping
1776271841.4589736,13636.432009313,-1.3866409063339233,-55.647098541259766,89.07061004638672,1.3866409063339233,-55.647098541259766,89.07061004638672,-1.3866409063339233,-55.647090911865234,89.07061004638672,1.3866409063339233,-55.647090911865234,89.07061004638672,Stop,Stepping
1776271841.4789667,13636.451816431,-1.3866409063339233,-55.647098541259766,89.07061004638672,1.3866409063339233,-55.647098541259766,89.07061004638672,-1.3866409063339233,-55.647090911865234,89.07061004638672,1.3866409063339233,-55.647090911865234,89.07061004638672,Stop,Stepping
1776271841.4989803,13636.47152401,-1.3866409063339233,-55.647098541259766,89.07061004638672,1.3866409063339233,-55.647098541259766,89.07061004638672,-1.3866409063339233,-55.647090911865234,89.07061004638672,1.3866409063339233,-55.647090911865234,89.07061004638672,Stop,Stepping
1776271841.5189815,13636.490996583,-1.3866409063339233,-55.647098541259766,89.07061004638672,1.3866409063339233,-55.647098541259766,89.07061004638672,-1.3866409063339233,-55.647090911865234,89.07061004638672,1.3866409063339233,-55.647090911865234,89.07061004638672,Stop,Stepping
1776271841.5389814,13636.511354398,-1.3866409063339233,-55.647098541259766,89.07061004638672,1.3866409063339233,-55.647098541259766,89.07061004638672,-1.3866409063339233,-55.647090911865234,89.07061004638672,1.3866409063339233,-55.647090911865234,89.07061004638672,Stop,Stepping
1776271841.559,13636.538098188,-1.3866409063339233,-55.647098541259766,89.07061004638672,1.3866409063339233,-55.647098541259766,89.07061004638672,-1.3866409063339233,-55.647090911865234,89.07061004638672,1.3866409063339233,-55.647090911865234,89.07061004638672,Stop,Stepping
1776271841.5790043,13636.553515951,-1.3866409063339233,-55.647098541259766,89.07061004638672,1.3866409063339233,-55.647098541259766,89.07061004638672,-1.3866409063339233,-55.647090911865234,89.07061004638672,1.3866409063339233,-55.647090911865234,89.07061004638672,Stop,Stepping
1776271841.5990176,13636.571442817,-1.3866409063339233,-55.647098541259766,89.07061004638672,1.3866409063339233,-55.647098541259766,89.07061004638672,-1.3866409063339233,-55.647090911865234,89.07061004638672,1.3866409063339233,-55.647090911865234,89.07061004638672,Stop,Stepping
1776271841.618978,13636.600144978,-1.3866409063339233,-55.647098541259766,89.07061004638672,1.3866409063339233,-55.647098541259766,89.07061004638672,-1.3866409063339233,-55.647090911865234,89.07061004638672,1.3866409063339233,-55.647090911865234,89.07061004638672,Stop,Stepping
1776271841.638978,13636.61163747,-1.3866409063339233,-55.647098541259766,89.07061004638672,1.3866409063339233,-55.647098541259766,89.07061004638672,-1.3866409063339233,-55.647090911865234,89.07061004638672,1.3866409063339233,-55.647090911865234,89.07061004638672,Stop,Stepping
1776271841.6589694,13636.631223501,-1.3866409063339233,-55.647098541259766,89.07061004638672,1.3866409063339233,-55.647098541259766,89.07061004638672,-1.3866409063339233,-55.647090911865234,89.07061004638672,1.3866409063339233,-55.647090911865234,89.07061004638672,Stop,Stepping
1776271841.6789691,13636.650834891,-1.3866409063339233,-55.647098541259766,89.07061004638672,1.3866409063339233,-55.647098541259766,89.07061004638672,-1.3866409063339233,-55.647090911865234,89.07061004638672,1.3866409063339233,-55.647090911865234,89.07061004638672,Stop,Stepping
1776271841.6989799,13636.674856995,-1.3866409063339233,-55.647098541259766,89.07061004638672,1.3866409063339233,-55.647098541259766,89.07061004638672,-1.3866409063339233,-55.647090911865234,89.07061004638672,1.3866409063339233,-55.647090911865234,89.07061004638672,Stop,Stepping
1776271841.7189965,13636.694473744,-1.3866409063339233,-55.647098541259766,89.07061004638672,1.3866409063339233,-55.647098541259766,89.07061004638672,-1.3866409063339233,-55.647090911865234,89.07061004638672,1.3866409063339233,-55.647090911865234,89.07061004638672,Stop,Stepping
1776271841.7389889,13636.711740702,-1.3866409063339233,-55.647098541259766,89.07061004638672,1.3866409063339233,-55.647098541259766,89.07061004638672,-1.3866409063339233,-55.647090911865234,89.07061004638672,1.3866409063339233,-55.647090911865234,89.07061004638672,Stop,Stepping
1776271841.758974,13636.73396023,-1.3866409063339233,-55.647098541259766,89.07061004638672,1.3866409063339233,-55.647098541259766,89.07061004638672,-1.3866409063339233,-55.647090911865234,89.07061004638672,1.3866409063339233,-55.647090911865234,89.07061004638672,Stop,Stepping
1776271841.7789762,13636.751708539,-1.3866409063339233,-55.647098541259766,89.07061004638672,1.3866409063339233,-55.647098541259766,89.07061004638672,-1.3866409063339233,-55.647090911865234,89.07061004638672,1.3866409063339233,-55.647090911865234,89.07061004638672,Stop,Stepping
1776271841.7989979,13636.783782674,-1.3866409063339233,-55.647098541259766,89.07061004638672,1.3866409063339233,-55.647098541259766,89.07061004638672,-1.3866409063339233,-55.647090911865234,89.07061004638672,1.3866409063339233,-55.647090911865234,89.07061004638672,Stop,Stepping
1776271841.819002,13636.792996202,-1.3866409063339233,-55.647098541259766,89.07061004638672,1.3866409063339233,-55.647098541259766,89.07061004638672,-1.3866409063339233,-55.647090911865234,89.07061004638672,1.3866409063339233,-55.647090911865234,89.07061004638672,Stop,Stepping
1776271841.838984,13636.810821468,-1.3866409063339233,-55.647098541259766,89.07061004638672,1.3866409063339233,-55.647098541259766,89.07061004638672,-1.3866409063339233,-55.647090911865234,89.07061004638672,1.3866409063339233,-55.647090911865234,89.07061004638672,Stop,Stepping
1776271841.858975,13636.830908181,-1.3866409063339233,-55.647098541259766,89.07061004638672,1.3866409063339233,-55.647098541259766,89.07061004638672,-1.3866409063339233,-55.647090911865234,89.07061004638672,1.3866409063339233,-55.647090911865234,89.07061004638672,Stop,Stepping
1776271841.879019,13636.857211289,-1.3866409063339233,-55.647098541259766,89.07061004638672,1.3866409063339233,-55.647098541259766,89.07061004638672,-1.3866409063339233,-55.647090911865234,89.07061004638672,1.3866409063339233,-55.647090911865234,89.07061004638672,Stop,Stepping
1776271841.8990111,13636.872954201,-1.3866409063339233,-55.647098541259766,89.07061004638672,1.3866409063339233,-55.647098541259766,89.07061004638672,-1.3866409063339233,-55.647090911865234,89.07061004638672,1.3866409063339233,-55.647090911865234,89.07061004638672,Stop,Stepping
1776271841.9189806,13636.891131234,-1.3866409063339233,-55.647098541259766,89.07061004638672,1.3866409063339233,-55.647098541259766,89.07061004638672,-1.3866409063339233,-55.647090911865234,89.07061004638672,1.3866409063339233,-55.647090911865234,89.07061004638672,Stop,Stepping
1776271841.9389877,13636.913414818,-1.3866409063339233,-55.647098541259766,89.07061004638672,1.3866409063339233,-55.647098541259766,89.07061004638672,-1.3866409063339233,-55.647090911865234,89.07061004638672,1.3866409063339233,-55.647090911865234,89.07061004638672,Stop,Stepping
1776271841.9590123,13636.941681615,-1.3866409063339233,-55.647098541259766,89.07061004638672,1.3866409063339233,-55.647098541259766,89.07061004638672,-1.3866409063339233,-55.647090911865234,89.07061004638672,1.3866409063339233,-55.647090911865234,89.07061004638672,Stop,Stepping
1776271841.979755,13636.953073876,-1.3866409063339233,-55.647098541259766,89.07061004638672,1.3866409063339233,-55.647098541259766,89.07061004638672,-1.3866409063339233,-55.647090911865234,89.07061004638672,1.3866409063339233,-55.647090911865234,89.07061004638672,Stop,Stepping
1776271841.9990122,13636.971189079,-1.3866409063339233,-55.647098541259766,89.07061004638672,1.3866409063339233,-55.647098541259766,89.07061004638672,-1.3866409063339233,-55.647090911865234,89.07061004638672,1.3866409063339233,-55.647090911865234,89.07061004638672,Stop,Stepping
1776271842.0189974,13636.990917712,-1.3866409063339233,-55.647098541259766,89.07061004638672,1.3866409063339233,-55.647098541259766,89.07061004638672,-1.3866409063339233,-55.647090911865234,89.07061004638672,1.3866409063339233,-55.647090911865234,89.07061004638672,Stop,Stepping
1776271842.038988,13637.011372843,-1.3866409063339233,-55.647098541259766,89.07061004638672,1.3866409063339233,-55.647098541259766,89.07061004638672,-1.3866409063339233,-55.647090911865234,89.07061004638672,1.3866409063339233,-55.647090911865234,89.07061004638672,Stop,Stepping
1776271842.058978,13637.034292717,-1.3866409063339233,-55.647098541259766,89.07061004638672,1.3866409063339233,-55.647098541259766,89.07061004638672,-1.3866409063339233,-55.647090911865234,89.07061004638672,1.3866409063339233,-55.647090911865234,89.07061004638672,Stop,Stepping
1776271842.0789826,13637.056525251,-1.3866409063339233,-55.647098541259766,89.07061004638672,1.3866409063339233,-55.647098541259766,89.07061004638672,-1.3866409063339233,-55.647090911865234,89.07061004638672,1.3866409063339233,-55.647090911865234,89.07061004638672,Stop,Stepping
1776271842.0989802,13637.072491142,-1.3866409063339233,-55.647098541259766,89.07061004638672,1.3866409063339233,-55.647098541259766,89.07061004638672,-1.3866409063339233,-55.647090911865234,89.07061004638672,1.3866409063339233,-55.647090911865234,89.07061004638672,Stop,Stepping
1776271842.1189823,13637.096066473,-1.3866409063339233,-55.647098541259766,89.07061004638672,1.3866409063339233,-55.647098541259766,89.07061004638672,-1.3866409063339233,-55.647090911865234,89.07061004638672,1.3866409063339233,-55.647090911865234,89.07061004638672,Stop,Stepping
1776271842.138921,13637.118410867,-1.3866409063339233,-55.647098541259766,89.07061004638672,1.3866409063339233,-55.647098541259766,89.07061004638672,-1.3866409063339233,-55.647090911865234,89.07061004638672,1.3866409063339233,-55.647090911865234,89.07061004638672,Stop,Stepping
1776271842.1589823,13637.132149325,-1.3866409063339233,-55.647098541259766,89.07061004638672,1.3866409063339233,-55.647098541259766,89.07061004638672,-1.3866409063339233,-55.647090911865234,89.07061004638672,1.3866409063339233,-55.647090911865234,89.07061004638672,Stop,Stepping
1776271842.1790192,13637.153055925,-1.3866409063339233,-55.647098541259766,89.07061004638672,1.3866409063339233,-55.647098541259766,89.07061004638672,-1.3866409063339233,-55.647090911865234,89.07061004638672,1.3866409063339233,-55.647090911865234,89.07061004638672,Stop,Stepping
1776271842.1989925,13637.217559924,-1.3866409063339233,-55.647098541259766,89.07061004638672,1.3866409063339233,-55.647098541259766,89.07061004638672,-1.3866409063339233,-55.647090911865234,89.07061004638672,1.3866409063339233,-55.647090911865234,89.07061004638672,Stop,Stepping
1776271842.2190068,13637.219675115,-1.3866409063339233,-55.647098541259766,89.07061004638672,1.3866409063339233,-55.647098541259766,89.07061004638672,-1.3866409063339233,-55.647090911865234,89.07061004638672,1.3866409063339233,-55.647090911865234,89.07061004638672,Stop,Stepping
1776271842.238985,13637.220046283,-1.3866409063339233,-55.647098541259766,89.07061004638672,1.3866409063339233,-55.647098541259766,89.07061004638672,-1.3866409063339233,-55.647090911865234,89.07061004638672,1.3866409063339233,-55.647090911865234,89.07061004638672,Stop,Stepping
1776271842.258991,13637.231016352,-1.3866409063339233,-55.647098541259766,89.07061004638672,1.3866409063339233,-55.647098541259766,89.07061004638672,-1.3866409063339233,-55.647090911865234,89.07061004638672,1.3866409063339233,-55.647090911865234,89.07061004638672,Stop,Stepping
1776271842.279037,13637.251263349,-1.3866409063339233,-55.647098541259766,89.07061004638672,1.3866409063339233,-55.647098541259766,89.07061004638672,-1.3866409063339233,-55.647090911865234,89.07061004638672,1.3866409063339233,-55.647090911865234,89.07061004638672,Stop,Stepping
1776271842.2989914,13637.314252247,-1.3866409063339233,-55.647098541259766,89.07061004638672,1.3866409063339233,-55.647098541259766,89.07061004638672,-1.3866409063339233,-55.647090911865234,89.07061004638672,1.3866409063339233,-55.647090911865234,89.07061004638672,Stop,Stepping
1776271842.3189888,13637.31461674,-1.3866409063339233,-55.647098541259766,89.07061004638672,1.3866409063339233,-55.647098541259766,89.07061004638672,-1.3866409063339233,-55.647090911865234,89.07061004638672,1.3866409063339233,-55.647090911865234,89.07061004638672,Stop,Stepping
1776271842.3390155,13637.3149596,-1.3866409063339233,-55.647098541259766,89.07061004638672,1.3866409063339233,-55.647098541259766,89.07061004638672,-1.3866409063339233,-55.647090911865234,89.07061004638672,1.3866409063339233,-55.647090911865234,89.07061004638672,Stop,Stepping
1776271842.3590257,13637.331388122,-1.3866409063339233,-55.647098541259766,89.07061004638672,1.3866409063339233,-55.647098541259766,89.07061004638672,-1.3866409063339233,-55.647090911865234,89.07061004638672,1.3866409063339233,-55.647090911865234,89.07061004638672,Stop,Stepping
1776271842.3790276,13637.352940329,-1.3866409063339233,-55.647098541259766,89.07061004638672,1.3866409063339233,-55.647098541259766,89.07061004638672,-1.3866409063339233,-55.647090911865234,89.07061004638672,1.3866409063339233,-55.647090911865234,89.07061004638672,Stop,Stepping
1776271842.399016,13637.371108736,-1.3866409063339233,-55.647098541259766,89.07061004638672,1.3866409063339233,-55.647098541259766,89.07061004638672,-1.3866409063339233,-55.647090911865234,89.07061004638672,1.3866409063339233,-55.647090911865234,89.07061004638672,Stop,Stepping
1776271842.4189897,13637.415934305,-1.3866409063339233,-55.647098541259766,89.07061004638672,1.3866409063339233,-55.647098541259766,89.07061004638672,-1.3866409063339233,-55.647090911865234,89.07061004638672,1.3866409063339233,-55.647090911865234,89.07061004638672,Stop,Stepping
1776271842.4390132,13637.416283374,-1.3866409063339233,-55.647098541259766,89.07061004638672,1.3866409063339233,-55.647098541259766,89.07061004638672,-1.3866409063339233,-55.647090911865234,89.07061004638672,1.3866409063339233,-55.647090911865234,89.07061004638672,Stop,Stepping
1776271842.4589944,13637.432174285,-1.3866409063339233,-55.647098541259766,89.07061004638672,1.3866409063339233,-55.647098541259766,89.07061004638672,-1.3866409063339233,-55.647090911865234,89.07061004638672,1.3866409063339233,-55.647090911865234,89.07061004638672,Stop,Stepping
1776271842.4789906,13637.451317376,-1.3866409063339233,-55.647098541259766,89.07061004638672,1.3866409063339233,-55.647098541259766,89.07061004638672,-1.3866409063339233,-55.647090911865234,89.07061004638672,1.3866409063339233,-55.647090911865234,89.07061004638672,Stop,Stepping
1776271842.4989905,13637.470958698,-1.3866409063339233,-55.647098541259766,89.07061004638672,1.3866409063339233,-55.647098541259766,89.07061004638672,-1.3866409063339233,-55.647090911865234,89.07061004638672,1.3866409063339233,-55.647090911865234,89.07061004638672,Stop,Stepping
1776271842.5190074,13637.493277303,-1.3866409063339233,-55.647098541259766,89.07061004638672,1.3866409063339233,-55.647098541259766,89.07061004638672,-1.3866409063339233,-55.647090911865234,89.07061004638672,1.3866409063339233,-55.647090911865234,89.07061004638672,Stop,Stepping
1776271842.5389824,13637.516166113,-1.3866409063339233,-55.647098541259766,89.07061004638672,1.3866409063339233,-55.647098541259766,89.07061004638672,-1.3866409063339233,-55.647090911865234,89.07061004638672,1.3866409063339233,-55.647090911865234,89.07061004638672,Stop,Stepping
1776271842.5589075,13637.531273149,-1.3866409063339233,-55.647098541259766,89.07061004638672,1.3866409063339233,-55.647098541259766,89.07061004638672,-1.3866409063339233,-55.647090911865234,89.07061004638672,1.3866409063339233,-55.647090911865234,89.07061004638672,Stop,Stepping
1776271842.578979,13637.551321399,-1.3866409063339233,-55.647098541259766,89.07061004638672,1.3866409063339233,-55.647098541259766,89.07061004638672,-1.3866409063339233,-55.647090911865234,89.07061004638672,1.3866409063339233,-55.647090911865234,89.07061004638672,Stop,Stepping
1776271842.5990047,13637.575456772,-1.3866409063339233,-55.647098541259766,89.07061004638672,1.3866409063339233,-55.647098541259766,89.07061004638672,-1.3866409063339233,-55.647090911865234,89.07061004638672,1.3866409063339233,-55.647090911865234,89.07061004638672,Stop,Stepping
1776271842.6189919,13637.592858758,-1.3866409063339233,-55.647098541259766,89.07061004638672,1.3866409063339233,-55.647098541259766,89.07061004638672,-1.3866409063339233,-55.647090911865234,89.07061004638672,1.3866409063339233,-55.647090911865234,89.07061004638672,Stop,Stepping
1776271842.6390302,13637.618153858,-1.3866409063339233,-55.647098541259766,89.07061004638672,1.3866409063339233,-55.647098541259766,89.07061004638672,-1.3866409063339233,-55.647090911865234,89.07061004638672,1.3866409063339233,-55.647090911865234,89.07061004638672,Stop,Stepping
1776271842.6590347,13637.634773077,-1.3866409063339233,-55.647098541259766,89.07061004638672,1.3866409063339233,-55.647098541259766,89.07061004638672,-1.3866409063339233,-55.647090911865234,89.07061004638672,1.3866409063339233,-55.647090911865234,89.07061004638672,Stop,Stepping
1776271842.6789792,13637.655806936,-1.3866409063339233,-55.647098541259766,89.07061004638672,1.3866409063339233,-55.647098541259766,89.07061004638672,-1.3866409063339233,-55.647090911865234,89.07061004638672,1.3866409063339233,-55.647090911865234,89.07061004638672,Stop,Stepping
1776271842.6989732,13637.678671703,-1.3866409063339233,-55.647098541259766,89.07061004638672,1.3866409063339233,-55.647098541259766,89.07061004638672,-1.3866409063339233,-55.647090911865234,89.07061004638672,1.3866409063339233,-55.647090911865234,89.07061004638672,Stop,Stepping
1776271842.719,13637.694177714,-1.3866409063339233,-55.647098541259766,89.07061004638672,1.3866409063339233,-55.647098541259766,89.07061004638672,-1.3866409063339233,-55.647090911865234,89.07061004638672,1.3866409063339233,-55.647090911865234,89.07061004638672,Stop,Stepping
1776271842.7390146,13637.711105821,-1.3866409063339233,-55.647098541259766,89.07061004638672,1.3866409063339233,-55.647098541259766,89.07061004638672,-1.3866409063339233,-55.647090911865234,89.07061004638672,1.3866409063339233,-55.647090911865234,89.07061004638672,Stop,Stepping
1776271842.7590399,13637.734722175,-1.3866409063339233,-55.647098541259766,89.07061004638672,1.3866409063339233,-55.647098541259766,89.07061004638672,-1.3866409063339233,-55.647090911865234,89.07061004638672,1.3866409063339233,-55.647090911865234,89.07061004638672,Stop,Stepping
1776271842.77902,13637.755235894,-1.3866409063339233,-55.647098541259766,89.07061004638672,1.3866409063339233,-55.647098541259766,89.07061004638672,-1.3866409063339233,-55.647090911865234,89.07061004638672,1.3866409063339233,-55.647090911865234,89.07061004638672,Stop,Stepping
1776271842.798996,13637.775536341,-1.3866409063339233,-55.647098541259766,89.07061004638672,1.3866409063339233,-55.647098541259766,89.07061004638672,-1.3866409063339233,-55.647090911865234,89.07061004638672,1.3866409063339233,-55.647090911865234,89.07061004638672,Stop,Stepping
1776271842.8189864,13637.797632343,-1.3866409063339233,-55.647098541259766,89.07061004638672,1.3866409063339233,-55.647098541259766,89.07061004638672,-1.3866409063339233,-55.647090911865234,89.07061004638672,1.3866409063339233,-55.647090911865234,89.07061004638672,Stop,Stepping
1776271842.838991,13637.8135665,-1.3866409063339233,-55.647098541259766,89.07061004638672,1.3866409063339233,-55.647098541259766,89.07061004638672,-1.3866409063339233,-55.647090911865234,89.07061004638672,1.3866409063339233,-55.647090911865234,89.07061004638672,Stop,Stepping
1776271842.858988,13637.832183956,-1.3866409063339233,-55.647098541259766,89.07061004638672,1.3866409063339233,-55.647098541259766,89.07061004638672,-1.3866409063339233,-55.647090911865234,89.07061004638672,1.3866409063339233,-55.647090911865234,89.07061004638672,Stop,Stepping
1776271842.8790197,13637.85314222,-1.3866409063339233,-55.647098541259766,89.07061004638672,1.3866409063339233,-55.647098541259766,89.07061004638672,-1.3866409063339233,-55.647090911865234,89.07061004638672,1.3866409063339233,-55.647090911865234,89.07061004638672,Stop,Stepping
1776271842.8989916,13637.871501678,-1.3866409063339233,-55.647098541259766,89.07061004638672,1.3866409063339233,-55.647098541259766,89.07061004638672,-1.3866409063339233,-55.647090911865234,89.07061004638672,1.3866409063339233,-55.647090911865234,89.07061004638672,Stop,Stepping
1776271842.918983,13637.897911239,-1.3866409063339233,-55.647098541259766,89.07061004638672,1.3866409063339233,-55.647098541259766,89.07061004638672,-1.3866409063339233,-55.647090911865234,89.07061004638672,1.3866409063339233,-55.647090911865234,89.07061004638672,Stop,Stepping
1776271842.938979,13637.914194475,-1.3866409063339233,-55.647098541259766,89.07061004638672,1.3866409063339233,-55.647098541259766,89.07061004638672,-1.3866409063339233,-55.647090911865234,89.07061004638672,1.3866409063339233,-55.647090911865234,89.07061004638672,Stop,Stepping
1776271842.9590313,13637.931823625,-1.3866409063339233,-55.647098541259766,89.07061004638672,1.3866409063339233,-55.647098541259766,89.07061004638672,-1.3866409063339233,-55.647090911865234,89.07061004638672,1.3866409063339233,-55.647090911865234,89.07061004638672,Stop,Stepping
1776271842.9789746,13637.951347415,-1.3866409063339233,-55.647098541259766,89.07061004638672,1.3866409063339233,-55.647098541259766,89.07061004638672,-1.3866409063339233,-55.647090911865234,89.07061004638672,1.3866409063339233,-55.647090911865234,89.07061004638672,Stop,Stepping
1776271842.9989846,13637.9763197,-1.3866409063339233,-55.647098541259766,89.07061004638672,1.3866409063339233,-55.647098541259766,89.07061004638672,-1.3866409063339233,-55.647090911865234,89.07061004638672,1.3866409063339233,-55.647090911865234,89.07061004638672,Stop,Stepping
1776271843.018978,13637.99083877,-1.3866409063339233,-55.647098541259766,89.07061004638672,1.3866409063339233,-55.647098541259766,89.07061004638672,-1.3866409063339233,-55.647090911865234,89.07061004638672,1.3866409063339233,-55.647090911865234,89.07061004638672,Stop,Stepping
1776271843.0389876,13638.016463285,-1.3866409063339233,-55.647098541259766,89.07061004638672,1.3866409063339233,-55.647098541259766,89.07061004638672,-1.3866409063339233,-55.647090911865234,89.07061004638672,1.3866409063339233,-55.647090911865234,89.07061004638672,Stop,Stepping
1776271843.058983,13638.03783297,-1.3866409063339233,-55.647098541259766,89.07061004638672,1.3866409063339233,-55.647098541259766,89.07061004638672,-1.3866409063339233,-55.647090911865234,89.07061004638672,1.3866409063339233,-55.647090911865234,89.07061004638672,Stop,Stepping
1776271843.0790331,13638.054168541,-1.3866409063339233,-55.647098541259766,89.07061004638672,1.3866409063339233,-55.647098541259766,89.07061004638672,-1.3866409063339233,-55.647090911865234,89.07061004638672,1.3866409063339233,-55.647090911865234,89.07061004638672,Stop,Stepping
1776271843.0989985,13638.074461864,-1.3866409063339233,-55.647098541259766,89.07061004638672,1.3866409063339233,-55.647098541259766,89.07061004638672,-1.3866409063339233,-55.647090911865234,89.07061004638672,1.3866409063339233,-55.647090911865234,89.07061004638672,Stop,Stepping
1776271843.1189983,13638.090874534,-1.3866409063339233,-55.647098541259766,89.07061004638672,1.3866409063339233,-55.647098541259766,89.07061004638672,-1.3866409063339233,-55.647090911865234,89.07061004638672,1.3866409063339233,-55.647090911865234,89.07061004638672,Stop,Stepping
1776271843.139039,13638.115195201,-1.3866409063339233,-55.647098541259766,89.07061004638672,1.3866409063339233,-55.647098541259766,89.07061004638672,-1.3866409063339233,-55.647090911865234,89.07061004638672,1.3866409063339233,-55.647090911865234,89.07061004638672,Stop,Stepping
1776271843.159037,13638.135285001,-1.3866409063339233,-55.647098541259766,89.07061004638672,1.3866409063339233,-55.647098541259766,89.07061004638672,-1.3866409063339233,-55.647090911865234,89.07061004638672,1.3866409063339233,-55.647090911865234,89.07061004638672,Stop,Stepping
1776271843.179005,13638.159789951,-1.3866409063339233,-55.647098541259766,89.07061004638672,1.3866409063339233,-55.647098541259766,89.07061004638672,-1.3866409063339233,-55.647090911865234,89.07061004638672,1.3866409063339233,-55.647090911865234,89.07061004638672,Stop,Stepping
1776271843.1989949,13638.173594262,-1.3866409063339233,-55.647098541259766,89.07061004638672,1.3866409063339233,-55.647098541259766,89.07061004638672,-1.3866409063339233,-55.647090911865234,89.07061004638672,1.3866409063339233,-55.647090911865234,89.07061004638672,Stop,Stepping
1776271843.218987,13638.19229573,-1.3866409063339233,-55.647098541259766,89.07061004638672,1.3866409063339233,-55.647098541259766,89.07061004638672,-1.3866409063339233,-55.647090911865234,89.07061004638672,1.3866409063339233,-55.647090911865234,89.07061004638672,Stop,Stepping
1776271843.2390075,13638.212563935,-1.3866409063339233,-55.647098541259766,89.07061004638672,1.3866409063339233,-55.647098541259766,89.07061004638672,-1.3866409063339233,-55.647090911865234,89.07061004638672,1.3866409063339233,-55.647090911865234,89.07061004638672,Stop,Stepping
1776271843.2590055,13638.237382884,-1.3866409063339233,-55.647098541259766,89.07061004638672,1.3866409063339233,-55.647098541259766,89.07061004638672,-1.3866409063339233,-55.647090911865234,89.07061004638672,1.3866409063339233,-55.647090911865234,89.07061004638672,Stop,Stepping
1776271843.2790186,13638.276940271,-1.3866409063339233,-55.647098541259766,89.07061004638672,1.3866409063339233,-55.647098541259766,89.07061004638672,-1.3866409063339233,-55.647090911865234,89.07061004638672,1.3866409063339233,-55.647090911865234,89.07061004638672,Stop,Stepping
1776271843.2990394,13638.278759928,-1.3866409063339233,-55.647098541259766,89.07061004638672,1.3866409063339233,-55.647098541259766,89.07061004638672,-1.3866409063339233,-55.647090911865234,89.07061004638672,1.3866409063339233,-55.647090911865234,89.07061004638672,Stop,Stepping
1776271843.3190522,13638.305713135,-1.3866409063339233,-55.647098541259766,89.07061004638672,1.3866409063339233,-55.647098541259766,89.07061004638672,-1.3866409063339233,-55.647090911865234,89.07061004638672,1.3866409063339233,-55.647090911865234,89.07061004638672,Stop,Stepping
1776271843.3389826,13638.315493396,-1.3866409063339233,-55.647098541259766,89.07061004638672,1.3866409063339233,-55.647098541259766,89.07061004638672,-1.3866409063339233,-55.647090911865234,89.07061004638672,1.3866409063339233,-55.647090911865234,89.07061004638672,Stop,Stepping
1776271843.358991,13638.339918926,-1.3866409063339233,-55.647098541259766,89.07061004638672,1.3866409063339233,-55.647098541259766,89.07061004638672,-1.3866409063339233,-55.647090911865234,89.07061004638672,1.3866409063339233,-55.647090911865234,89.07061004638672,Stop,Stepping
1776271843.3790145,13638.374264012,-1.3866409063339233,-55.647098541259766,89.07061004638672,1.3866409063339233,-55.647098541259766,89.07061004638672,-1.3866409063339233,-55.647090911865234,89.07061004638672,1.3866409063339233,-55.647090911865234,89.07061004638672,Stop,Stepping
1776271843.3990033,13638.374923993,-1.3866409063339233,-55.647098541259766,89.07061004638672,1.3866409063339233,-55.647098541259766,89.07061004638672,-1.3866409063339233,-55.647090911865234,89.07061004638672,1.3866409063339233,-55.647090911865234,89.07061004638672,Stop,Stepping
1776271843.4190047,13638.413743987,-1.3866409063339233,-55.647098541259766,89.07061004638672,1.3866409063339233,-55.647098541259766,89.07061004638672,-1.3866409063339233,-55.647090911865234,89.07061004638672,1.3866409063339233,-55.647090911865234,89.07061004638672,Stop,Stepping
1776271843.4389918,13638.414041233,-1.3866409063339233,-55.647098541259766,89.07061004638672,1.3866409063339233,-55.647098541259766,89.07061004638672,-1.3866409063339233,-55.647090911865234,89.07061004638672,1.3866409063339233,-55.647090911865234,89.07061004638672,Stop,Stepping
1776271843.4590192,13638.432784129,-1.3866409063339233,-55.647098541259766,89.07061004638672,1.3866409063339233,-55.647098541259766,89.07061004638672,-1.3866409063339233,-55.647090911865234,89.07061004638672,1.3866409063339233,-55.647090911865234,89.07061004638672,Stop,Stepping
1776271843.478998,13638.453275622,-1.3866409063339233,-55.647098541259766,89.07061004638672,1.3866409063339233,-55.647098541259766,89.07061004638672,-1.3866409063339233,-55.647090911865234,89.07061004638672,1.3866409063339233,-55.647090911865234,89.07061004638672,Stop,Stepping
1776271843.4990025,13638.474143967,-1.3866409063339233,-55.647098541259766,89.07061004638672,1.3866409063339233,-55.647098541259766,89.07061004638672,-1.3866409063339233,-55.647090911865234,89.07061004638672,1.3866409063339233,-55.647090911865234,89.07061004638672,Stop,Stepping
1776271843.5189939,13638.498601432,-1.3866409063339233,-55.647098541259766,89.07061004638672,1.3866409063339233,-55.647098541259766,89.07061004638672,-1.3866409063339233,-55.647090911865234,89.07061004638672,1.3866409063339233,-55.647090911865234,89.07061004638672,Stop,Stepping
1776271843.538983,13638.514148661,-1.3866409063339233,-55.647098541259766,89.07061004638672,1.3866409063339233,-55.647098541259766,89.07061004638672,-1.3866409063339233,-55.647090911865234,89.07061004638672,1.3866409063339233,-55.647090911865234,89.07061004638672,Stop,Stepping
1776271843.5591457,13638.531321707,-1.3866409063339233,-55.647098541259766,89.07061004638672,1.3866409063339233,-55.647098541259766,89.07061004638672,-1.3866409063339233,-55.647090911865234,89.07061004638672,1.3866409063339233,-55.647090911865234,89.07061004638672,Stop,Stepping
1776271843.5790443,13638.578603355,-1.3866409063339233,-55.647098541259766,89.07061004638672,1.3866409063339233,-55.647098541259766,89.07061004638672,-1.3866409063339233,-55.647090911865234,89.07061004638672,1.3866409063339233,-55.647090911865234,89.07061004638672,Stop,Stepping
1776271843.5989892,13638.579186652,-1.3866409063339233,-55.647098541259766,89.07061004638672,1.3866409063339233,-55.647098541259766,89.07061004638672,-1.3866409063339233,-55.647090911865234,89.07061004638672,1.3866409063339233,-55.647090911865234,89.07061004638672,Stop,Stepping
1776271843.6189997,13638.595094148,-1.3866409063339233,-55.647098541259766,89.07061004638672,1.3866409063339233,-55.647098541259766,89.07061004638672,-1.3866409063339233,-55.647090911865234,89.07061004638672,1.3866409063339233,-55.647090911865234,89.07061004638672,Stop,Stepping
1776271843.6390362,13638.61398963,-1.3866409063339233,-55.647098541259766,89.07061004638672,1.3866409063339233,-55.647098541259766,89.07061004638672,-1.3866409063339233,-55.647090911865234,89.07061004638672,1.3866409063339233,-55.647090911865234,89.07061004638672,Stop,Stepping
1776271843.6589985,13638.64036921,-1.3866409063339233,-55.647098541259766,89.07061004638672,1.3866409063339233,-55.647098541259766,89.07061004638672,-1.3866409063339233,-55.647090911865234,89.07061004638672,1.3866409063339233,-55.647090911865234,89.07061004638672,Stop,Stepping
1776271843.6790311,13638.651020736,-1.3866409063339233,-55.647098541259766,89.07061004638672,1.3866409063339233,-55.647098541259766,89.07061004638672,-1.3866409063339233,-55.647090911865234,89.07061004638672,1.3866409063339233,-55.647090911865234,89.07061004638672,Stop,Stepping
1776271843.6989973,13638.672644656,-1.3866409063339233,-55.647098541259766,89.07061004638672,1.3866409063339233,-55.647098541259766,89.07061004638672,-1.3866409063339233,-55.647090911865234,89.07061004638672,1.3866409063339233,-55.647090911865234,89.07061004638672,Stop,Stepping
1776271843.7189975,13638.790181077,-1.3866409063339233,-55.647098541259766,89.07061004638672,1.3866409063339233,-55.647098541259766,89.07061004638672,-1.3866409063339233,-55.647090911865234,89.07061004638672,1.3866409063339233,-55.647090911865234,89.07061004638672,Stop,Stepping
1776271843.7389987,13638.790502077,-1.3866409063339233,-55.647098541259766,89.07061004638672,1.3866409063339233,-55.647098541259766,89.07061004638672,-1.3866409063339233,-55.647090911865234,89.07061004638672,1.3866409063339233,-55.647090911865234,89.07061004638672,Stop,Stepping
1776271843.7589827,13638.790873673,-1.3866409063339233,-55.647098541259766,89.07061004638672,1.3866409063339233,-55.647098541259766,89.07061004638672,-1.3866409063339233,-55.647090911865234,89.07061004638672,1.3866409063339233,-55.647090911865234,89.07061004638672,Stop,Stepping
1776271843.779008,13638.79134708,-1.3866409063339233,-55.647098541259766,89.07061004638672,1.3866409063339233,-55.647098541259766,89.07061004638672,-1.3866409063339233,-55.647090911865234,89.07061004638672,1.3866409063339233,-55.647090911865234,89.07061004638672,Stop,Stepping
1776271843.7990086,13638.791959313,-1.3866409063339233,-55.647098541259766,89.07061004638672,1.3866409063339233,-55.647098541259766,89.07061004638672,-1.3866409063339233,-55.647090911865234,89.07061004638672,1.3866409063339233,-55.647090911865234,89.07061004638672,Stop,Stepping
1776271843.818993,13638.792380968,-1.3866409063339233,-55.647098541259766,89.07061004638672,1.3866409063339233,-55.647098541259766,89.07061004638672,-1.3866409063339233,-55.647090911865234,89.07061004638672,1.3866409063339233,-55.647090911865234,89.07061004638672,Stop,Stepping
1776271843.8389916,13638.811644281,-1.3866409063339233,-55.647098541259766,89.07061004638672,1.3866409063339233,-55.647098541259766,89.07061004638672,-1.3866409063339233,-55.647090911865234,89.07061004638672,1.3866409063339233,-55.647090911865234,89.07061004638672,Stop,Stepping
1776271843.8591554,13638.848022726,-1.3866409063339233,-55.647098541259766,89.07061004638672,1.3866409063339233,-55.647098541259766,89.07061004638672,-1.3866409063339233,-55.647090911865234,89.07061004638672,1.3866409063339233,-55.647090911865234,89.07061004638672,Stop,Stepping
1776271843.8791955,13638.905640086,-1.3866409063339233,-55.647098541259766,89.07061004638672,1.3866409063339233,-55.647098541259766,89.07061004638672,-1.3866409063339233,-55.647090911865234,89.07061004638672,1.3866409063339233,-55.647090911865234,89.07061004638672,Stop,Stepping
1776271843.8990054,13638.905980691,-1.3866409063339233,-55.647098541259766,89.07061004638672,1.3866409063339233,-55.647098541259766,89.07061004638672,-1.3866409063339233,-55.647090911865234,89.07061004638672,1.3866409063339233,-55.647090911865234,89.07061004638672,Stop,Stepping
1776271843.9190044,13638.906376233,-1.3866409063339233,-55.647098541259766,89.07061004638672,1.3866409063339233,-55.647098541259766,89.07061004638672,-1.3866409063339233,-55.647090911865234,89.07061004638672,1.3866409063339233,-55.647090911865234,89.07061004638672,Stop,Stepping
1776271843.9389887,13638.914969563,-1.3866409063339233,-55.647098541259766,89.07061004638672,1.3866409063339233,-55.647098541259766,89.07061004638672,-1.3866409063339233,-55.647090911865234,89.07061004638672,1.3866409063339233,-55.647090911865234,89.07061004638672,Stop,Stepping
1776271843.959,13638.93442513,-1.3866409063339233,-55.647098541259766,89.07061004638672,1.3866409063339233,-55.647098541259766,89.07061004638672,-1.3866409063339233,-55.647090911865234,89.07061004638672,1.3866409063339233,-55.647090911865234,89.07061004638672,Stop,Stepping
1776271843.9790165,13638.961646805,-1.3866409063339233,-55.647098541259766,89.07061004638672,1.3866409063339233,-55.647098541259766,89.07061004638672,-1.3866409063339233,-55.647090911865234,89.07061004638672,1.3866409063339233,-55.647090911865234,89.07061004638672,Stop,Stepping
1776271843.9990168,13638.977129772,-1.3866409063339233,-55.647098541259766,89.07061004638672,1.3866409063339233,-55.647098541259766,89.07061004638672,-1.3866409063339233,-55.647090911865234,89.07061004638672,1.3866409063339233,-55.647090911865234,89.07061004638672,Stop,Stepping
1776271844.0190015,13638.992005103,-1.3866409063339233,-55.647098541259766,89.07061004638672,1.3866409063339233,-55.647098541259766,89.07061004638672,-1.3866409063339233,-55.647090911865234,89.07061004638672,1.3866409063339233,-55.647090911865234,89.07061004638672,Stop,Stepping
1776271844.0389974,13639.012086626,-1.3866409063339233,-55.647098541259766,89.07061004638672,1.3866409063339233,-55.647098541259766,89.07061004638672,-1.3866409063339233,-55.647090911865234,89.07061004638672,1.3866409063339233,-55.647090911865234,89.07061004638672,Stop,Stepping
1776271844.0590065,13639.030952272,-1.3866409063339233,-55.647098541259766,89.07061004638672,1.3866409063339233,-55.647098541259766,89.07061004638672,-1.3866409063339233,-55.647090911865234,89.07061004638672,1.3866409063339233,-55.647090911865234,89.07061004638672,Stop,Stepping
1776271844.0790067,13639.052027909,-1.3866409063339233,-55.647098541259766,89.07061004638672,1.3866409063339233,-55.647098541259766,89.07061004638672,-1.3866409063339233,-55.647090911865234,89.07061004638672,1.3866409063339233,-55.647090911865234,89.07061004638672,Stop,Stepping
1776271844.0990536,13639.072349053,-1.3866409063339233,-55.647098541259766,89.07061004638672,1.3866409063339233,-55.647098541259766,89.07061004638672,-1.3866409063339233,-55.647090911865234,89.07061004638672,1.3866409063339233,-55.647090911865234,89.07061004638672,Stop,Stepping
1776271844.1189964,13639.093362374,-1.3866409063339233,-55.647098541259766,89.07061004638672,1.3866409063339233,-55.647098541259766,89.07061004638672,-1.3866409063339233,-55.647090911865234,89.07061004638672,1.3866409063339233,-55.647090911865234,89.07061004638672,Stop,Stepping
1776271844.1389916,13639.111734613,-1.3866409063339233,-55.647098541259766,89.07061004638672,1.3866409063339233,-55.647098541259766,89.07061004638672,-1.3866409063339233,-55.647090911865234,89.07061004638672,1.3866409063339233,-55.647090911865234,89.07061004638672,Stop,Stepping
1776271844.1589875,13639.146379761,-1.3866409063339233,-55.647098541259766,89.07061004638672,1.3866409063339233,-55.647098541259766,89.07061004638672,-1.3866409063339233,-55.647090911865234,89.07061004638672,1.3866409063339233,-55.647090911865234,89.07061004638672,Stop,Stepping
1776271844.1789923,13639.151422073,-1.3866409063339233,-55.647098541259766,89.07061004638672,1.3866409063339233,-55.647098541259766,89.07061004638672,-1.3866409063339233,-55.647090911865234,89.07061004638672,1.3866409063339233,-55.647090911865234,89.07061004638672,Stop,Stepping
1776271844.1989827,13639.172232641,-1.3866409063339233,-55.647098541259766,89.07061004638672,1.3866409063339233,-55.647098541259766,89.07061004638672,-1.3866409063339233,-55.647090911865234,89.07061004638672,1.3866409063339233,-55.647090911865234,89.07061004638672,Stop,Stepping
1776271844.219022,13639.215527255,-1.3866409063339233,-55.647098541259766,89.07061004638672,1.3866409063339233,-55.647098541259766,89.07061004638672,-1.3866409063339233,-55.647090911865234,89.07061004638672,1.3866409063339233,-55.647090911865234,89.07061004638672,Stop,Stepping
1776271844.2390108,13639.216147917,-1.3866409063339233,-55.647098541259766,89.07061004638672,1.3866409063339233,-55.647098541259766,89.07061004638672,-1.3866409063339233,-55.647090911865234,89.07061004638672,1.3866409063339233,-55.647090911865234,89.07061004638672,Stop,Stepping
1776271844.2590094,13639.231342727,-1.3866409063339233,-55.647098541259766,89.07061004638672,1.3866409063339233,-55.647098541259766,89.07061004638672,-1.3866409063339233,-55.647090911865234,89.07061004638672,1.3866409063339233,-55.647090911865234,89.07061004638672,Stop,Stepping
1776271844.2789946,13639.258927525,-1.3866409063339233,-55.647098541259766,89.07061004638672,1.3866409063339233,-55.647098541259766,89.07061004638672,-1.3866409063339233,-55.647090911865234,89.07061004638672,1.3866409063339233,-55.647090911865234,89.07061004638672,Stop,Stepping
1776271844.2990057,13639.272754998,-1.3866409063339233,-55.647098541259766,89.07061004638672,1.3866409063339233,-55.647098541259766,89.07061004638672,-1.3866409063339233,-55.647090911865234,89.07061004638672,1.3866409063339233,-55.647090911865234,89.07061004638672,Stop,Stepping
1776271844.3190043,13639.294392792,-1.3866409063339233,-55.647098541259766,89.07061004638672,1.3866409063339233,-55.647098541259766,89.07061004638672,-1.3866409063339233,-55.647090911865234,89.07061004638672,1.3866409063339233,-55.647090911865234,89.07061004638672,Stop,Stepping
1776271844.3390021,13639.327210665,-1.3866409063339233,-55.647098541259766,89.07061004638672,1.3866409063339233,-55.647098541259766,89.07061004638672,-1.3866409063339233,-55.647090911865234,89.07061004638672,1.3866409063339233,-55.647090911865234,89.07061004638672,Stop,Stepping
1776271844.3590276,13639.331052623,-1.3866409063339233,-55.647098541259766,89.07061004638672,1.3866409063339233,-55.647098541259766,89.07061004638672,-1.3866409063339233,-55.647090911865234,89.07061004638672,1.3866409063339233,-55.647090911865234,89.07061004638672,Stop,Stepping
1776271844.3790748,13639.36273491,-1.3866409063339233,-55.647098541259766,89.07061004638672,1.3866409063339233,-55.647098541259766,89.07061004638672,-1.3866409063339233,-55.647090911865234,89.07061004638672,1.3866409063339233,-55.647090911865234,89.07061004638672,Stop,Stepping
1776271844.399037,13639.370988447,-1.3866409063339233,-55.647098541259766,89.07061004638672,1.3866409063339233,-55.647098541259766,89.07061004638672,-1.3866409063339233,-55.647090911865234,89.07061004638672,1.3866409063339233,-55.647090911865234,89.07061004638672,Stop,Stepping
1776271844.4190667,13639.394523902,-1.3866409063339233,-55.647098541259766,89.07061004638672,1.3866409063339233,-55.647098541259766,89.07061004638672,-1.3866409063339233,-55.647090911865234,89.07061004638672,1.3866409063339233,-55.647090911865234,89.07061004638672,Stop,Stepping
1776271844.4390268,13639.411097792,-1.3866409063339233,-55.647098541259766,89.07061004638672,1.3866409063339233,-55.647098541259766,89.07061004638672,-1.3866409063339233,-55.647090911865234,89.07061004638672,1.3866409063339233,-55.647090911865234,89.07061004638672,Stop,Stepping
1776271844.4590142,13639.430891988,-1.3866409063339233,-55.647098541259766,89.07061004638672,1.3866409063339233,-55.647098541259766,89.07061004638672,-1.3866409063339233,-55.647090911865234,89.07061004638672,1.3866409063339233,-55.647090911865234,89.07061004638672,Stop,Stepping
1776271844.4790082,13639.450898444,-1.3866409063339233,-55.647098541259766,89.07061004638672,1.3866409063339233,-55.647098541259766,89.07061004638672,-1.3866409063339233,-55.647090911865234,89.07061004638672,1.3866409063339233,-55.647090911865234,89.07061004638672,Stop,Stepping
1776271844.4990501,13639.472260259,-1.3866409063339233,-55.647098541259766,89.07061004638672,1.3866409063339233,-55.647098541259766,89.07061004638672,-1.3866409063339233,-55.647090911865234,89.07061004638672,1.3866409063339233,-55.647090911865234,89.07061004638672,Stop,Stepping
1776271844.51902,13639.492302997,-1.3866409063339233,-55.647098541259766,89.07061004638672,1.3866409063339233,-55.647098541259766,89.07061004638672,-1.3866409063339233,-55.647090911865234,89.07061004638672,1.3866409063339233,-55.647090911865234,89.07061004638672,Stop,Stepping
1776271844.5390096,13639.512644599,-1.3866409063339233,-55.647098541259766,89.07061004638672,1.3866409063339233,-55.647098541259766,89.07061004638672,-1.3866409063339233,-55.647090911865234,89.07061004638672,1.3866409063339233,-55.647090911865234,89.07061004638672,Stop,Stepping
1776271844.5590274,13639.534607096,-1.3866409063339233,-55.647098541259766,89.07061004638672,1.3866409063339233,-55.647098541259766,89.07061004638672,-1.3866409063339233,-55.647090911865234,89.07061004638672,1.3866409063339233,-55.647090911865234,89.07061004638672,Stop,Stepping
1776271844.5790157,13639.551252491,-1.3866409063339233,-55.647098541259766,89.07061004638672,1.3866409063339233,-55.647098541259766,89.07061004638672,-1.3866409063339233,-55.647090911865234,89.07061004638672,1.3866409063339233,-55.647090911865234,89.07061004638672,Stop,Stepping
1776271844.5990007,13639.571661791,-1.3866409063339233,-55.647098541259766,89.07061004638672,1.3866409063339233,-55.647098541259766,89.07061004638672,-1.3866409063339233,-55.647090911865234,89.07061004638672,1.3866409063339233,-55.647090911865234,89.07061004638672,Stop,Stepping
1776271844.6190255,13639.594932067,-1.3866409063339233,-55.647098541259766,89.07061004638672,1.3866409063339233,-55.647098541259766,89.07061004638672,-1.3866409063339233,-55.647090911865234,89.07061004638672,1.3866409063339233,-55.647090911865234,89.07061004638672,Stop,Stepping
1776271844.6390498,13639.61243049,-1.3866409063339233,-55.647098541259766,89.07061004638672,1.3866409063339233,-55.647098541259766,89.07061004638672,-1.3866409063339233,-55.647090911865234,89.07061004638672,1.3866409063339233,-55.647090911865234,89.07061004638672,Stop,Stepping
1776271844.6590152,13639.631396573,-1.3866409063339233,-55.647098541259766,89.07061004638672,1.3866409063339233,-55.647098541259766,89.07061004638672,-1.3866409063339233,-55.647090911865234,89.07061004638672,1.3866409063339233,-55.647090911865234,89.07061004638672,Stop,Stepping
1776271844.679006,13639.656519218,-1.3866409063339233,-55.647098541259766,89.07061004638672,1.3866409063339233,-55.647098541259766,89.07061004638672,-1.3866409063339233,-55.647090911865234,89.07061004638672,1.3866409063339233,-55.647090911865234,89.07061004638672,Stop,Stepping
1776271844.6990173,13639.680470558,-1.3866409063339233,-55.647098541259766,89.07061004638672,1.3866409063339233,-55.647098541259766,89.07061004638672,-1.3866409063339233,-55.647090911865234,89.07061004638672,1.3866409063339233,-55.647090911865234,89.07061004638672,Stop,Stepping
1776271844.7190206,13639.694384159,-1.3866409063339233,-55.647098541259766,89.07061004638672,1.3866409063339233,-55.647098541259766,89.07061004638672,-1.3866409063339233,-55.647090911865234,89.07061004638672,1.3866409063339233,-55.647090911865234,89.07061004638672,Stop,Stepping
1776271844.7389944,13639.755742808,-1.3866409063339233,-55.647098541259766,89.07061004638672,1.3866409063339233,-55.647098541259766,89.07061004638672,-1.3866409063339233,-55.647090911865234,89.07061004638672,1.3866409063339233,-55.647090911865234,89.07061004638672,Stop,Stepping
1776271844.7590003,13639.781578486,-1.3866409063339233,-55.647098541259766,89.07061004638672,1.3866409063339233,-55.647098541259766,89.07061004638672,-1.3866409063339233,-55.647090911865234,89.07061004638672,1.3866409063339233,-55.647090911865234,89.07061004638672,Stop,Stepping
1776271844.7790177,13639.781924243,-1.3866409063339233,-55.647098541259766,89.07061004638672,1.3866409063339233,-55.647098541259766,89.07061004638672,-1.3866409063339233,-55.647090911865234,89.07061004638672,1.3866409063339233,-55.647090911865234,89.07061004638672,Stop,Stepping
1776271844.7990205,13639.782274056,-1.3866409063339233,-55.647098541259766,89.07061004638672,1.3866409063339233,-55.647098541259766,89.07061004638672,-1.3866409063339233,-55.647090911865234,89.07061004638672,1.3866409063339233,-55.647090911865234,89.07061004638672,Stop,Stepping
1776271844.8190172,13639.797574739,-1.3866409063339233,-55.647098541259766,89.07061004638672,1.3866409063339233,-55.647098541259766,89.07061004638672,-1.3866409063339233,-55.647090911865234,89.07061004638672,1.3866409063339233,-55.647090911865234,89.07061004638672,Stop,Stepping
1776271844.8389993,13639.824747407,-1.3866409063339233,-55.647098541259766,89.07061004638672,1.3866409063339233,-55.647098541259766,89.07061004638672,-1.3866409063339233,-55.647090911865234,89.07061004638672,1.3866409063339233,-55.647090911865234,89.07061004638672,Stop,Stepping
1776271844.8590038,13639.832227346,-1.3866409063339233,-55.647098541259766,89.07061004638672,1.3866409063339233,-55.647098541259766,89.07061004638672,-1.3866409063339233,-55.647090911865234,89.07061004638672,1.3866409063339233,-55.647090911865234,89.07061004638672,Stop,Stepping
1776271844.8790193,13639.85662358,-1.3866409063339233,-55.647098541259766,89.07061004638672,1.3866409063339233,-55.647098541259766,89.07061004638672,-1.3866409063339233,-55.647090911865234,89.07061004638672,1.3866409063339233,-55.647090911865234,89.07061004638672,Stop,Stepping
1776271844.899029,13639.87639447,-1.3866409063339233,-55.647098541259766,89.07061004638672,1.3866409063339233,-55.647098541259766,89.07061004638672,-1.3866409063339233,-55.647090911865234,89.07061004638672,1.3866409063339233,-55.647090911865234,89.07061004638672,Stop,Stepping
1776271844.919,13639.892431208,-1.3866409063339233,-55.647098541259766,89.07061004638672,1.3866409063339233,-55.647098541259766,89.07061004638672,-1.3866409063339233,-55.647090911865234,89.07061004638672,1.3866409063339233,-55.647090911865234,89.07061004638672,Stop,Stepping
1776271844.939017,13639.922283715,-1.3866409063339233,-55.647098541259766,89.07061004638672,1.3866409063339233,-55.647098541259766,89.07061004638672,-1.3866409063339233,-55.647090911865234,89.07061004638672,1.3866409063339233,-55.647090911865234,89.07061004638672,Stop,Stepping
1776271844.9590418,13639.933984673,-1.3866409063339233,-55.647098541259766,89.07061004638672,1.3866409063339233,-55.647098541259766,89.07061004638672,-1.3866409063339233,-55.647090911865234,89.07061004638672,1.3866409063339233,-55.647090911865234,89.07061004638672,Stop,Stepping
1776271844.9790432,13639.951745312,-1.3866409063339233,-55.647098541259766,89.07061004638672,1.3866409063339233,-55.647098541259766,89.07061004638672,-1.3866409063339233,-55.647090911865234,89.07061004638672,1.3866409063339233,-55.647090911865234,89.07061004638672,Stop,Stepping
1776271844.9990098,13639.97405822,-1.3866409063339233,-55.647098541259766,89.07061004638672,1.3866409063339233,-55.647098541259766,89.07061004638672,-1.3866409063339233,-55.647090911865234,89.07061004638672,1.3866409063339233,-55.647090911865234,89.07061004638672,Stop,Stepping
1776271845.019017,13639.999210199,-1.3866409063339233,-55.647098541259766,89.07061004638672,1.3866409063339233,-55.647098541259766,89.07061004638672,-1.3866409063339233,-55.647090911865234,89.07061004638672,1.3866409063339233,-55.647090911865234,89.07061004638672,Stop,Stepping
1776271845.0390291,13640.011774691,-1.3866409063339233,-55.647098541259766,89.07061004638672,1.3866409063339233,-55.647098541259766,89.07061004638672,-1.3866409063339233,-55.647090911865234,89.07061004638672,1.3866409063339233,-55.647090911865234,89.07061004638672,Stop,Stepping
1776271845.0590086,13640.032645044,-1.3866409063339233,-55.647098541259766,89.07061004638672,1.3866409063339233,-55.647098541259766,89.07061004638672,-1.3866409063339233,-55.647090911865234,89.07061004638672,1.3866409063339233,-55.647090911865234,89.07061004638672,Stop,Stepping
1776271845.0790296,13640.052020422,-1.3866409063339233,-55.647098541259766,89.07061004638672,1.3866409063339233,-55.647098541259766,89.07061004638672,-1.3866409063339233,-55.647090911865234,89.07061004638672,1.3866409063339233,-55.647090911865234,89.07061004638672,Stop,Stepping
1776271845.0990314,13640.071283857,-1.3866409063339233,-55.647098541259766,89.07061004638672,1.3866409063339233,-55.647098541259766,89.07061004638672,-1.3866409063339233,-55.647090911865234,89.07061004638672,1.3866409063339233,-55.647090911865234,89.07061004638672,Stop,Stepping
1776271845.1192687,13640.091705265,-1.3866409063339233,-55.647098541259766,89.07061004638672,1.3866409063339233,-55.647098541259766,89.07061004638672,-1.3866409063339233,-55.647090911865234,89.07061004638672,1.3866409063339233,-55.647090911865234,89.07061004638672,Stop,Stepping
1776271845.1390154,13640.126383259,-1.3866409063339233,-55.647098541259766,89.07061004638672,1.3866409063339233,-55.647098541259766,89.07061004638672,-1.3866409063339233,-55.647090911865234,89.07061004638672,1.3866409063339233,-55.647090911865234,89.07061004638672,Stop,Stepping
1776271845.158999,13640.132029865,-1.3866409063339233,-55.647098541259766,89.07061004638672,1.3866409063339233,-55.647098541259766,89.07061004638672,-1.3866409063339233,-55.647090911865234,89.07061004638672,1.3866409063339233,-55.647090911865234,89.07061004638672,Stop,Stepping
1776271845.1790206,13640.154244943,-1.3866409063339233,-55.647098541259766,89.07061004638672,1.3866409063339233,-55.647098541259766,89.07061004638672,-1.3866409063339233,-55.647090911865234,89.07061004638672,1.3866409063339233,-55.647090911865234,89.07061004638672,Stop,Stepping
1776271845.1990144,13640.173273854,-1.3866409063339233,-55.647098541259766,89.07061004638672,1.3866409063339233,-55.647098541259766,89.07061004638672,-1.3866409063339233,-55.647090911865234,89.07061004638672,1.3866409063339233,-55.647090911865234,89.07061004638672,Stop,Stepping
1776271845.2190163,13640.19324318,-1.3866409063339233,-55.647098541259766,89.07061004638672,1.3866409063339233,-55.647098541259766,89.07061004638672,-1.3866409063339233,-55.647090911865234,89.07061004638672,1.3866409063339233,-55.647090911865234,89.07061004638672,Stop,Stepping
1776271845.2390234,13640.211688116,-1.3866409063339233,-55.647098541259766,89.07061004638672,1.3866409063339233,-55.647098541259766,89.07061004638672,-1.3866409063339233,-55.647090911865234,89.07061004638672,1.3866409063339233,-55.647090911865234,89.07061004638672,Stop,Stepping
1776271845.2590072,13640.231707778,-1.3866409063339233,-55.647098541259766,89.07061004638672,1.3866409063339233,-55.647098541259766,89.07061004638672,-1.3866409063339233,-55.647090911865234,89.07061004638672,1.3866409063339233,-55.647090911865234,89.07061004638672,Stop,Stepping
1776271845.27902,13640.257365549,-1.3866409063339233,-55.647098541259766,89.07061004638672,1.3866409063339233,-55.647098541259766,89.07061004638672,-1.3866409063339233,-55.647090911865234,89.07061004638672,1.3866409063339233,-55.647090911865234,89.07061004638672,Stop,Stepping
1776271845.2990217,13640.275537021,-1.3866409063339233,-55.647098541259766,89.07061004638672,1.3866409063339233,-55.647098541259766,89.07061004638672,-1.3866409063339233,-55.647090911865234,89.07061004638672,1.3866409063339233,-55.647090911865234,89.07061004638672,Stop,Stepping
1776271845.3190591,13640.291092472,-1.3866409063339233,-55.647098541259766,89.07061004638672,1.3866409063339233,-55.647098541259766,89.07061004638672,-1.3866409063339233,-55.647090911865234,89.07061004638672,1.3866409063339233,-55.647090911865234,89.07061004638672,Stop,Stepping
1776271845.3390126,13640.311093605,-1.3866409063339233,-55.647098541259766,89.07061004638672,1.3866409063339233,-55.647098541259766,89.07061004638672,-1.3866409063339233,-55.647090911865234,89.07061004638672,1.3866409063339233,-55.647090911865234,89.07061004638672,Stop,Stepping
1776271845.3590355,13640.350797907,-1.3866409063339233,-55.647098541259766,89.07061004638672,1.3866409063339233,-55.647098541259766,89.07061004638672,-1.3866409063339233,-55.647090911865234,89.07061004638672,1.3866409063339233,-55.647090911865234,89.07061004638672,Stop,Stepping
1776271845.379003,13640.351421523,-1.3866409063339233,-55.647098541259766,89.07061004638672,1.3866409063339233,-55.647098541259766,89.07061004638672,-1.3866409063339233,-55.647090911865234,89.07061004638672,1.3866409063339233,-55.647090911865234,89.07061004638672,Stop,Stepping
1776271845.3990147,13640.375430968,-1.3866409063339233,-55.647098541259766,89.07061004638672,1.3866409063339233,-55.647098541259766,89.07061004638672,-1.3866409063339233,-55.647090911865234,89.07061004638672,1.3866409063339233,-55.647090911865234,89.07061004638672,Stop,Stepping
1776271845.4190185,13640.391718289,-1.3866409063339233,-55.647098541259766,89.07061004638672,1.3866409063339233,-55.647098541259766,89.07061004638672,-1.3866409063339233,-55.647090911865234,89.07061004638672,1.3866409063339233,-55.647090911865234,89.07061004638672,Stop,Stepping
1776271845.4390786,13640.413817915,-1.3866409063339233,-55.647098541259766,89.07061004638672,1.3866409063339233,-55.647098541259766,89.07061004638672,-1.3866409063339233,-55.647090911865234,89.07061004638672,1.3866409063339233,-55.647090911865234,89.07061004638672,Stop,Stepping
1776271845.4590318,13640.430987332,-1.3866409063339233,-55.647098541259766,89.07061004638672,1.3866409063339233,-55.647098541259766,89.07061004638672,-1.3866409063339233,-55.647090911865234,89.07061004638672,1.3866409063339233,-55.647090911865234,89.07061004638672,Stop,Stepping
1776271845.4790637,13640.451498295,-1.3866409063339233,-55.647098541259766,89.07061004638672,1.3866409063339233,-55.647098541259766,89.07061004638672,-1.3866409063339233,-55.647090911865234,89.07061004638672,1.3866409063339233,-55.647090911865234,89.07061004638672,Stop,Stepping
1776271845.499015,13640.480142502,-1.3866409063339233,-55.647098541259766,89.07061004638672,1.3866409063339233,-55.647098541259766,89.07061004638672,-1.3866409063339233,-55.647090911865234,89.07061004638672,1.3866409063339233,-55.647090911865234,89.07061004638672,Stop,Stepping
1776271845.5190163,13640.493489685,-1.3866409063339233,-55.647098541259766,89.07061004638672,1.3866409063339233,-55.647098541259766,89.07061004638672,-1.3866409063339233,-55.647090911865234,89.07061004638672,1.3866409063339233,-55.647090911865234,89.07061004638672,Stop,Stepping
1776271845.5390217,13640.513576092,-1.3866409063339233,-55.647098541259766,89.07061004638672,1.3866409063339233,-55.647098541259766,89.07061004638672,-1.3866409063339233,-55.647090911865234,89.07061004638672,1.3866409063339233,-55.647090911865234,89.07061004638672,Stop,Stepping
1776271845.559012,13640.532389643,-1.3866409063339233,-55.647098541259766,89.07061004638672,1.3866409063339233,-55.647098541259766,89.07061004638672,-1.3866409063339233,-55.647090911865234,89.07061004638672,1.3866409063339233,-55.647090911865234,89.07061004638672,Stop,Stepping
1776271845.5790265,13640.5510453,-1.3866409063339233,-55.647098541259766,89.07061004638672,1.3866409063339233,-55.647098541259766,89.07061004638672,-1.3866409063339233,-55.647090911865234,89.07061004638672,1.3866409063339233,-55.647090911865234,89.07061004638672,Stop,Stepping
1776271845.5990171,13640.572765613,-1.3866409063339233,-55.647098541259766,89.07061004638672,1.3866409063339233,-55.647098541259766,89.07061004638672,-1.3866409063339233,-55.647090911865234,89.07061004638672,1.3866409063339233,-55.647090911865234,89.07061004638672,Stop,Stepping
1776271845.6190193,13640.592354854,-1.3866409063339233,-55.647098541259766,89.07061004638672,1.3866409063339233,-55.647098541259766,89.07061004638672,-1.3866409063339233,-55.647090911865234,89.07061004638672,1.3866409063339233,-55.647090911865234,89.07061004638672,Stop,Stepping
1776271845.6390154,13640.617311819,-1.3866409063339233,-55.647098541259766,89.07061004638672,1.3866409063339233,-55.647098541259766,89.07061004638672,-1.3866409063339233,-55.647090911865234,89.07061004638672,1.3866409063339233,-55.647090911865234,89.07061004638672,Stop,Stepping
1776271845.659031,13640.631268071,-1.3866409063339233,-55.647098541259766,89.07061004638672,1.3866409063339233,-55.647098541259766,89.07061004638672,-1.3866409063339233,-55.647090911865234,89.07061004638672,1.3866409063339233,-55.647090911865234,89.07061004638672,Stop,Stepping
1776271845.6790504,13640.654253689,-1.3866409063339233,-55.647098541259766,89.07061004638672,1.3866409063339233,-55.647098541259766,89.07061004638672,-1.3866409063339233,-55.647090911865234,89.07061004638672,1.3866409063339233,-55.647090911865234,89.07061004638672,Stop,Stepping
1776271845.699058,13640.674265029,-1.3866409063339233,-55.647098541259766,89.07061004638672,1.3866409063339233,-55.647098541259766,89.07061004638672,-1.3866409063339233,-55.647090911865234,89.07061004638672,1.3866409063339233,-55.647090911865234,89.07061004638672,Stop,Stepping
1776271845.7190113,13640.709644859,-1.3866409063339233,-55.647098541259766,89.07061004638672,1.3866409063339233,-55.647098541259766,89.07061004638672,-1.3866409063339233,-55.647090911865234,89.07061004638672,1.3866409063339233,-55.647090911865234,89.07061004638672,Stop,Stepping
1776271845.739002,13640.712171024,-1.3866409063339233,-55.647098541259766,89.07061004638672,1.3866409063339233,-55.647098541259766,89.07061004638672,-1.3866409063339233,-55.647090911865234,89.07061004638672,1.3866409063339233,-55.647090911865234,89.07061004638672,Stop,Stepping
1776271845.7590153,13640.731038595,-1.3866409063339233,-55.647098541259766,89.07061004638672,1.3866409063339233,-55.647098541259766,89.07061004638672,-1.3866409063339233,-55.647090911865234,89.07061004638672,1.3866409063339233,-55.647090911865234,89.07061004638672,Stop,Stepping
1776271845.7790372,13640.756366783,-1.3866409063339233,-55.647098541259766,89.07061004638672,1.3866409063339233,-55.647098541259766,89.07061004638672,-1.3866409063339233,-55.647090911865234,89.07061004638672,1.3866409063339233,-55.647090911865234,89.07061004638672,Stop,Stepping
1776271845.7990212,13640.773727897,-1.3866409063339233,-55.647098541259766,89.07061004638672,1.3866409063339233,-55.647098541259766,89.07061004638672,-1.3866409063339233,-55.647090911865234,89.07061004638672,1.3866409063339233,-55.647090911865234,89.07061004638672,Stop,Stepping
1776271845.8190095,13640.792021841,-1.3866409063339233,-55.647098541259766,89.07061004638672,1.3866409063339233,-55.647098541259766,89.07061004638672,-1.3866409063339233,-55.647090911865234,89.07061004638672,1.3866409063339233,-55.647090911865234,89.07061004638672,Stop,Stepping
1776271845.839009,13640.819342736,-1.3866409063339233,-55.647098541259766,89.07061004638672,1.3866409063339233,-55.647098541259766,89.07061004638672,-1.3866409063339233,-55.647090911865234,89.07061004638672,1.3866409063339233,-55.647090911865234,89.07061004638672,Stop,Stepping
1776271845.8590076,13640.831199775,-1.3866409063339233,-55.647098541259766,89.07061004638672,1.3866409063339233,-55.647098541259766,89.07061004638672,-1.3866409063339233,-55.647090911865234,89.07061004638672,1.3866409063339233,-55.647090911865234,89.07061004638672,Stop,Stepping
1776271845.8790395,13640.851027369,-1.3866409063339233,-55.647098541259766,89.07061004638672,1.3866409063339233,-55.647098541259766,89.07061004638672,-1.3866409063339233,-55.647090911865234,89.07061004638672,1.3866409063339233,-55.647090911865234,89.07061004638672,Stop,Stepping
1776271845.8990302,13640.871997074,-1.3866409063339233,-55.647098541259766,89.07061004638672,1.3866409063339233,-55.647098541259766,89.07061004638672,-1.3866409063339233,-55.647090911865234,89.07061004638672,1.3866409063339233,-55.647090911865234,89.07061004638672,Stop,Stepping
1776271845.919078,13640.893851506,-1.3866409063339233,-55.647098541259766,89.07061004638672,1.3866409063339233,-55.647098541259766,89.07061004638672,-1.3866409063339233,-55.647090911865234,89.07061004638672,1.3866409063339233,-55.647090911865234,89.07061004638672,Stop,Stepping
1776271845.9390213,13640.911776457,-1.3866409063339233,-55.647098541259766,89.07061004638672,1.3866409063339233,-55.647098541259766,89.07061004638672,-1.3866409063339233,-55.647090911865234,89.07061004638672,1.3866409063339233,-55.647090911865234,89.07061004638672,Stop,Stepping
1776271845.9590435,13640.931461111,-1.3866409063339233,-55.647098541259766,89.07061004638672,1.3866409063339233,-55.647098541259766,89.07061004638672,-1.3866409063339233,-55.647090911865234,89.07061004638672,1.3866409063339233,-55.647090911865234,89.07061004638672,Stop,Stepping
1776271845.9790294,13640.954089241,-1.3866409063339233,-55.647098541259766,89.07061004638672,1.3866409063339233,-55.647098541259766,89.07061004638672,-1.3866409063339233,-55.647090911865234,89.07061004638672,1.3866409063339233,-55.647090911865234,89.07061004638672,Stop,Stepping
1776271845.9990964,13640.974959729,-1.3866409063339233,-55.647098541259766,89.07061004638672,1.3866409063339233,-55.647098541259766,89.07061004638672,-1.3866409063339233,-55.647090911865234,89.07061004638672,1.3866409063339233,-55.647090911865234,89.07061004638672,Stop,Stepping
1776271846.0190532,13640.991076504,-1.3866409063339233,-55.647098541259766,89.07061004638672,1.3866409063339233,-55.647098541259766,89.07061004638672,-1.3866409063339233,-55.647090911865234,89.07061004638672,1.3866409063339233,-55.647090911865234,89.07061004638672,Stop,Stepping
1776271846.0392656,13641.011427704,-1.3866409063339233,-55.647098541259766,89.07061004638672,1.3866409063339233,-55.647098541259766,89.07061004638672,-1.3866409063339233,-55.647090911865234,89.07061004638672,1.3866409063339233,-55.647090911865234,89.07061004638672,Stop,Stepping
1776271846.0590138,13641.031518905,-1.3866409063339233,-55.647098541259766,89.07061004638672,1.3866409063339233,-55.647098541259766,89.07061004638672,-1.3866409063339233,-55.647090911865234,89.07061004638672,1.3866409063339233,-55.647090911865234,89.07061004638672,Stop,Stepping
1776271846.07901,13641.054776026,-1.3866409063339233,-55.647098541259766,89.07061004638672,1.3866409063339233,-55.647098541259766,89.07061004638672,-1.3866409063339233,-55.647090911865234,89.07061004638672,1.3866409063339233,-55.647090911865234,89.07061004638672,Stop,Stepping
1776271846.0990067,13641.078447277,-1.3866409063339233,-55.647098541259766,89.07061004638672,1.3866409063339233,-55.647098541259766,89.07061004638672,-1.3866409063339233,-55.647090911865234,89.07061004638672,1.3866409063339233,-55.647090911865234,89.07061004638672,Stop,Stepping
1776271846.1190193,13641.091587859,-1.3866409063339233,-55.647098541259766,89.07061004638672,1.3866409063339233,-55.647098541259766,89.07061004638672,-1.3866409063339233,-55.647090911865234,89.07061004638672,1.3866409063339233,-55.647090911865234,89.07061004638672,Stop,Stepping
1776271846.1390128,13641.135780004,-1.3866409063339233,-55.647098541259766,89.07061004638672,1.3866409063339233,-55.647098541259766,89.07061004638672,-1.3866409063339233,-55.647090911865234,89.07061004638672,1.3866409063339233,-55.647090911865234,89.07061004638672,Stop,Stepping
1776271846.1590104,13641.136368546,-1.3866409063339233,-55.647098541259766,89.07061004638672,1.3866409063339233,-55.647098541259766,89.07061004638672,-1.3866409063339233,-55.647090911865234,89.07061004638672,1.3866409063339233,-55.647090911865234,89.07061004638672,Stop,Stepping
1776271846.1790044,13641.151488112,-1.3866409063339233,-55.647098541259766,89.07061004638672,1.3866409063339233,-55.647098541259766,89.07061004638672,-1.3866409063339233,-55.647090911865234,89.07061004638672,1.3866409063339233,-55.647090911865234,89.07061004638672,Stop,Stepping
1776271846.198995,13641.175090725,-1.3866409063339233,-55.647098541259766,89.07061004638672,1.3866409063339233,-55.647098541259766,89.07061004638672,-1.3866409063339233,-55.647090911865234,89.07061004638672,1.3866409063339233,-55.647090911865234,89.07061004638672,Stop,Stepping
1776271846.219005,13641.192205904,-1.3866409063339233,-55.647098541259766,89.07061004638672,1.3866409063339233,-55.647098541259766,89.07061004638672,-1.3866409063339233,-55.647090911865234,89.07061004638672,1.3866409063339233,-55.647090911865234,89.07061004638672,Stop,Stepping
1776271846.2390018,13641.212117108,-1.3866409063339233,-55.647098541259766,89.07061004638672,1.3866409063339233,-55.647098541259766,89.07061004638672,-1.3866409063339233,-55.647090911865234,89.07061004638672,1.3866409063339233,-55.647090911865234,89.07061004638672,Stop,Stepping
1776271846.2590015,13641.232345453,-1.3866409063339233,-55.647098541259766,89.07061004638672,1.3866409063339233,-55.647098541259766,89.07061004638672,-1.3866409063339233,-55.647090911865234,89.07061004638672,1.3866409063339233,-55.647090911865234,89.07061004638672,Stop,Stepping
1776271846.279009,13641.258512184,-1.3866409063339233,-55.647098541259766,89.07061004638672,1.3866409063339233,-55.647098541259766,89.07061004638672,-1.3866409063339233,-55.647090911865234,89.07061004638672,1.3866409063339233,-55.647090911865234,89.07061004638672,Stop,Stepping
1776271846.2990022,13641.273342933,-1.3866409063339233,-55.647098541259766,89.07061004638672,1.3866409063339233,-55.647098541259766,89.07061004638672,-1.3866409063339233,-55.647090911865234,89.07061004638672,1.3866409063339233,-55.647090911865234,89.07061004638672,Stop,Stepping
1776271846.3189995,13641.293317018,-1.3866409063339233,-55.647098541259766,89.07061004638672,1.3866409063339233,-55.647098541259766,89.07061004638672,-1.3866409063339233,-55.647090911865234,89.07061004638672,1.3866409063339233,-55.647090911865234,89.07061004638672,Stop,Stepping
1776271846.338916,13641.314824038,-1.3866409063339233,-55.647098541259766,89.07061004638672,1.3866409063339233,-55.647098541259766,89.07061004638672,-1.3866409063339233,-55.647090911865234,89.07061004638672,1.3866409063339233,-55.647090911865234,89.07061004638672,Stop,Stepping
1776271846.3589902,13641.332840995,-1.3866409063339233,-55.647098541259766,89.07061004638672,1.3866409063339233,-55.647098541259766,89.07061004638672,-1.3866409063339233,-55.647090911865234,89.07061004638672,1.3866409063339233,-55.647090911865234,89.07061004638672,Stop,Stepping
1776271846.3790212,13641.373186281,-1.3866409063339233,-55.647098541259766,89.07061004638672,1.3866409063339233,-55.647098541259766,89.07061004638672,-1.3866409063339233,-55.647090911865234,89.07061004638672,1.3866409063339233,-55.647090911865234,89.07061004638672,Stop,Stepping
1776271846.3990605,13641.373535636,-1.3866409063339233,-55.647098541259766,89.07061004638672,1.3866409063339233,-55.647098541259766,89.07061004638672,-1.3866409063339233,-55.647090911865234,89.07061004638672,1.3866409063339233,-55.647090911865234,89.07061004638672,Stop,Stepping
1776271846.4190042,13641.392175117,-1.3866409063339233,-55.647098541259766,89.07061004638672,1.3866409063339233,-55.647098541259766,89.07061004638672,-1.3866409063339233,-55.647090911865234,89.07061004638672,1.3866409063339233,-55.647090911865234,89.07061004638672,Stop,Stepping
1776271846.4390192,13641.411097074,-1.3866409063339233,-55.647098541259766,89.07061004638672,1.3866409063339233,-55.647098541259766,89.07061004638672,-1.3866409063339233,-55.647090911865234,89.07061004638672,1.3866409063339233,-55.647090911865234,89.07061004638672,Stop,Stepping
1776271846.4590101,13641.431640511,-1.3866409063339233,-55.647098541259766,89.07061004638672,1.3866409063339233,-55.647098541259766,89.07061004638672,-1.3866409063339233,-55.647090911865234,89.07061004638672,1.3866409063339233,-55.647090911865234,89.07061004638672,Stop,Stepping
1776271846.4790184,13641.451082336,-1.3866409063339233,-55.647098541259766,89.07061004638672,1.3866409063339233,-55.647098541259766,89.07061004638672,-1.3866409063339233,-55.647090911865234,89.07061004638672,1.3866409063339233,-55.647090911865234,89.07061004638672,Stop,Stepping
1776271846.4990113,13641.47115886,-1.3866409063339233,-55.647098541259766,89.07061004638672,1.3866409063339233,-55.647098541259766,89.07061004638672,-1.3866409063339233,-55.647090911865234,89.07061004638672,1.3866409063339233,-55.647090911865234,89.07061004638672,Stop,Stepping
1776271846.519002,13641.493220844,-1.3866409063339233,-55.647098541259766,89.07061004638672,1.3866409063339233,-55.647098541259766,89.07061004638672,-1.3866409063339233,-55.647090911865234,89.07061004638672,1.3866409063339233,-55.647090911865234,89.07061004638672,Stop,Stepping
1776271846.5390003,13641.515103446,-1.3866409063339233,-55.647098541259766,89.07061004638672,1.3866409063339233,-55.647098541259766,89.07061004638672,-1.3866409063339233,-55.647090911865234,89.07061004638672,1.3866409063339233,-55.647090911865234,89.07061004638672,Stop,Stepping
1776271846.5590053,13641.539817113,-1.3866409063339233,-55.647098541259766,89.07061004638672,1.3866409063339233,-55.647098541259766,89.07061004638672,-1.3866409063339233,-55.647090911865234,89.07061004638672,1.3866409063339233,-55.647090911865234,89.07061004638672,Stop,Stepping
1776271846.579045,13641.552393063,-1.3866409063339233,-55.647098541259766,89.07061004638672,1.3866409063339233,-55.647098541259766,89.07061004638672,-1.3866409063339233,-55.647090911865234,89.07061004638672,1.3866409063339233,-55.647090911865234,89.07061004638672,Stop,Stepping
1776271846.5991068,13641.572557315,-1.3866409063339233,-55.647098541259766,89.07061004638672,1.3866409063339233,-55.647098541259766,89.07061004638672,-1.3866409063339233,-55.647090911865234,89.07061004638672,1.3866409063339233,-55.647090911865234,89.07061004638672,Stop,Stepping
1776271846.6190434,13641.591109291,-1.3866409063339233,-55.647098541259766,89.07061004638672,1.3866409063339233,-55.647098541259766,89.07061004638672,-1.3866409063339233,-55.647090911865234,89.07061004638672,1.3866409063339233,-55.647090911865234,89.07061004638672,Stop,Stepping
1776271846.6390498,13641.615930173,-1.3866409063339233,-55.647098541259766,89.07061004638672,1.3866409063339233,-55.647098541259766,89.07061004638672,-1.3866409063339233,-55.647090911865234,89.07061004638672,1.3866409063339233,-55.647090911865234,89.07061004638672,Stop,Stepping
1776271846.6590323,13641.636339426,-1.3866409063339233,-55.647098541259766,89.07061004638672,1.3866409063339233,-55.647098541259766,89.07061004638672,-1.3866409063339233,-55.647090911865234,89.07061004638672,1.3866409063339233,-55.647090911865234,89.07061004638672,Stop,Stepping
1776271846.6790402,13641.656983415,-1.3866409063339233,-55.647098541259766,89.07061004638672,1.3866409063339233,-55.647098541259766,89.07061004638672,-1.3866409063339233,-55.647090911865234,89.07061004638672,1.3866409063339233,-55.647090911865234,89.07061004638672,Stop,Stepping
1776271846.6990323,13641.671440009,-1.386628270149231,-55.647090911865234,89.07063293457031,1.386628270149231,-55.64708709716797,89.07063293457031,-1.386628270149231,-55.64708709716797,89.07064056396484,1.3866286277770996,-55.6470832824707,89.07061767578125,Stop,Stepping
1776271846.7190807,13641.693195731,-1.3866409063339233,-55.647098541259766,89.07061004638672,1.3866409063339233,-55.647090911865234,89.07061004638672,-1.3866409063339233,-55.64708709716797,89.07061004638672,1.3866409063339233,-55.64708709716797,89.07061004638672,Stop,Stepping
1776271846.739069,13641.712922329,-1.386628270149231,-55.64708709716797,89.07063293457031,1.3866223096847534,-55.647098541259766,89.07064819335938,-1.3866252899169922,-55.6470832824707,89.07064056396484,1.3866252899169922,-55.6470832824707,89.07064056396484,Stop,Stepping
1776271846.7590866,13641.732163694,-1.386628270149231,-55.64708709716797,89.07063293457031,1.3866252899169922,-55.64708709716797,89.07064056396484,-1.3866252899169922,-55.6470832824707,89.07064056396484,1.3866252899169922,-55.6470832824707,89.07064056396484,Stop,Stepping
1776271846.779034,13641.782697277,-1.386584758758545,-55.64707565307617,89.07072448730469,1.386572003364563,-55.647071838378906,89.07072448730469,-1.3865811824798584,-55.647037506103516,89.07071685791016,1.3865782022476196,-55.64704513549805,89.07071685791016,Stop,Stepping
1776271846.799034,13641.783342009,-1.3866409063339233,-55.647090911865234,89.07061004638672,1.386637806892395,-55.64708709716797,89.07061004638672,-1.386637806892395,-55.64708709716797,89.07061004638672,1.386637806892395,-55.64708709716797,89.07061004638672,Stop,Stepping
1776271846.8190246,13641.791959076,-1.3866409063339233,-55.647098541259766,89.07061004638672,1.3866409063339233,-55.647090911865234,89.07061004638672,-1.3866409063339233,-55.64708709716797,89.07061004638672,1.3866409063339233,-55.64708709716797,89.07061004638672,Stop,Stepping
1776271846.8390198,13641.815527374,-1.3865344524383545,-55.647064208984375,89.07081604003906,1.3865216970443726,-55.647064208984375,89.0708236694336,-1.386534333229065,-55.647003173828125,89.07080841064453,1.3865275382995605,-55.647003173828125,89.07078552246094,Stop,Stepping
1776271846.8590171,13641.83229968,-1.3859273195266724,-55.646873474121094,89.072021484375,1.3858295679092407,-55.64691162109375,89.07209014892578,-1.3859241008758545,-55.64643478393555,89.07189178466797,1.3858822584152222,-55.64651107788086,89.07181549072266,Stop,Stepping
1776271846.8790529,13641.851514707,-1.384374976158142,-55.646392822265625,89.0750961303711,1.38406503200531,-55.646514892578125,89.0752944946289,-1.384364128112793,-55.64500427246094,89.07466888427734,1.3842262029647827,-55.645240783691406,89.07445526123047,Stop,Stepping
1776271846.8990126,13641.873017318,-1.3814692497253418,-55.645484924316406,89.08084869384766,1.3807554244995117,-55.64577102661133,89.08132934570312,-1.3814458847045898,-55.64230728149414,89.07987213134766,1.3811250925064087,-55.64285659790039,89.07939147949219,Stop,Stepping
1776271846.9190006,13641.892199753,-1.3767915964126587,-55.64402770996094,89.090087890625,1.375439167022705,-55.64457702636719,89.09098815917969,-1.3767499923706055,-55.63798522949219,89.08822631835938,1.3761440515518188,-55.63901901245117,89.08731079101562,Stop,Stepping
1776271846.939015,13641.929790953,-1.369965672492981,-55.64189910888672,89.10358428955078,1.3676804304122925,-55.642822265625,89.10508728027344,-1.3698991537094116,-55.63166046142578,89.10038757324219,1.3688732385635376,-55.633419036865234,89.09886169433594,Stop,Stepping
1776271846.9590125,13641.935485177,-1.3606263399124146,-55.63896560668945,89.12200927734375,1.3570640087127686,-55.640419006347656,89.1243667602539,-1.3605246543884277,-55.62299728393555,89.11703491210938,1.3589242696762085,-55.6257438659668,89.11465454101562,Stop,Stepping
1776271846.979008,13641.95516393,-1.3484218120574951,-55.63513946533203,89.1460952758789,1.3431888818740845,-55.63726043701172,89.1495361328125,-1.3482756614685059,-55.61167907714844,89.1387710571289,1.3459280729293823,-55.61571502685547,89.13528442382812,Stop,Stepping
1776271846.9990087,13641.97122815,-1.3330104351043701,-55.63027572631836,89.17645263671875,1.3256700038909912,-55.63325500488281,89.18128204345703,-1.3328112363815308,-55.59734344482422,89.1661605834961,1.3295139074325562,-55.6030158996582,89.16128540039062,Stop,Stepping
1776271847.0190055,13641.994718141,-1.3140790462493896,-55.624263763427734,89.21370697021484,1.3041489124298096,-55.6282958984375,89.2202377319336,-1.3138164281845093,-55.57969284057617,89.19973754882812,1.3093550205230713,-55.587379455566406,89.1931381225586,Stop,Stepping
1776271847.039009,13642.011241883,-1.2913283109664917,-55.61699295043945,89.25838470458984,1.2782840728759766,-55.62227249145508,89.2669448852539,-1.2909893989562988,-55.55842208862305,89.23998260498047,1.285132884979248,-55.568538665771484,89.2313461303711,Stop,Stepping
1776271847.0590167,13642.034017226,-1.2644513845443726,-55.608341217041016,89.31105041503906,1.2477282285690308,-55.61509323120117,89.32201385498047,-1.2640271186828613,-55.53321075439453,89.28739929199219,1.256524682044983,-55.54618835449219,89.27633666992188,Stop,Stepping
1776271847.0790038,13642.052207551,-1.2331945896148682,-55.59818649291992,89.37217712402344,1.2121832370758057,-55.60664749145508,89.38590240478516,-1.232674479484558,-55.50376510620117,89.34233856201172,1.2232532501220703,-55.520103454589844,89.32849884033203,Stop,Stepping
1776271847.0990045,13642.074032738,-1.1972826719284058,-55.586395263671875,89.44218444824219,1.171352505683899,-55.596797943115234,89.45906829833984,-1.1966662406921387,-55.469791412353516,89.40518951416016,1.1850441694259644,-55.49000549316406,89.38819122314453,Stop,Stepping
1776271847.119004,13642.091025537,-1.1564642190933228,-55.57282638549805,89.52149200439453,1.1249380111694336,-55.5854377746582,89.5419692993164,-1.1557456254959106,-55.43098068237305,89.4762954711914,1.1416243314743042,-55.45560836791992,89.4557113647461,Stop,Stepping
1776271847.1390042,13642.113981031,-1.11051607131958,-55.557369232177734,89.6104507446289,1.072688102722168,-55.572425842285156,89.6349105834961,-1.1096982955932617,-55.38704299926758,89.55591583251953,1.0927654504776,-55.41667175292969,89.53134155273438,Stop,Stepping
1776271847.1589975,13642.130936409,-1.059203863143921,-55.53984069824219,89.70938110351562,1.014337182044983,-55.55762481689453,89.73828887939453,-1.0582911968231201,-55.33766174316406,89.6443099975586,1.038219690322876,-55.372894287109375,89.61532592773438,Stop,Stepping
1776271847.179009,13642.154588007,-1.0023231506347656,-55.520103454589844,89.81852722167969,0.9496477246284485,-55.5408821105957,89.85233306884766,-1.0013245344161987,-55.28253173828125,89.74161529541016,0.9777833819389343,-55.32403564453125,89.70781707763672,Stop,Stepping
1776271847.1990058,13642.171114198,-0.9396699070930481,-55.49799728393555,89.93814086914062,0.8783894181251526,-55.522037506103516,89.97727966308594,-0.9386040568351746,-55.22136306762695,89.84803009033203,0.911239504814148,-55.26980972290039,89.80896759033203,Stop,Stepping
1776271847.2190077,13642.191136745,-0.8710333108901978,-55.47333526611328,90.06847381591797,0.8003143072128296,-55.50089645385742,90.11337280273438,-0.8699192404747009,-55.15378952026367,89.9636459350586,0.8383743762969971,-55.20989990234375,89.91893768310547,Stop,Stepping
1776271847.239022,13642.219131325,-0.7962847948074341,-55.4459342956543,90.20951843261719,0.7152890563011169,-55.4773063659668,90.26065826416016,-0.7951558232307434,-55.07954406738281,90.08843231201172,0.7590674757957458,-55.144081115722656,90.03765106201172,Stop,Stepping
1776271847.2590008,13642.270728779,-0.7152736783027649,-55.41563415527344,90.36137390136719,0.6231308579444885,-55.4510612487793,90.419189453125,-0.7141722440719604,-54.99831008911133,90.22235107421875,0.6731675863265991,-55.072059631347656,90.16513061523438,Stop,Stepping
1776271847.2790585,13642.271086438,-0.6275176405906677,-55.3820686340332,90.52468872070312,0.5232808589935303,-55.421836853027344,90.58965301513672,-0.6264937520027161,-54.909420013427734,90.36589050292969,0.5801641345024109,-54.993228912353516,90.30181884765625,Stop,Stepping
1776271847.2990294,13642.27863032,-0.5335566401481628,-55.34532165527344,90.69818878173828,0.41636747121810913,-55.38965606689453,90.77070617675781,-0.5326739549636841,-54.813232421875,90.51780700683594,0.4806627631187439,-54.90792465209961,90.44657897949219,Stop,Stepping
1776271847.319098,13642.294129042,-0.43249544501304626,-55.304847717285156,90.88325500488281,0.3013654351234436,-55.35400390625,90.96376037597656,-0.43182796239852905,-54.708614349365234,90.67919921875,0.37371668219566345,-54.81514358520508,90.60042572021484,Stop,Stepping
1776271847.3390338,13642.313787007,-0.32502520084381104,-55.26073455810547,91.07832336425781,0.17904847860336304,-55.3149299621582,91.16719055175781,-0.3246568441390991,-54.596046447753906,90.84855651855469,0.2600723206996918,-54.71528244018555,90.761962890625,Stop,Stepping
1776271847.3590322,13642.33151914,-0.21030311286449432,-55.212440490722656,91.2845458984375,0.04846958816051483,-55.271907806396484,91.38221740722656,-0.21034550666809082,-54.474422454833984,91.02674865722656,0.13886693120002747,-54.60736846923828,90.93205261230469,Stop,Stepping
1776271847.3791075,13642.354736561,-0.08827847987413406,-55.159725189208984,91.50169372558594,-0.09044062346220016,-55.22465896606445,91.6085205078125,-0.08884896337985992,-54.343387603759766,91.2134017944336,0.01005860697478056,-54.49110412597656,91.11034393310547,Stop,Stepping
1776271847.3990211,13642.371105019,0.04064815863966942,-55.10250473022461,91.7286376953125,-0.2372298240661621,-55.17310333251953,91.8449935913086,0.03941122442483902,-54.20310974121094,91.40740203857422,-0.12591223418712616,-54.36661911010742,91.29579162597656,Stop,Stepping
1776271847.4190128,13642.393169648,0.1769171953201294,-55.04037857055664,91.9657974243164,-0.39239591360092163,-55.11680221557617,92.09197235107422,0.17485585808753967,-54.052818298339844,91.60887908935547,-0.2694811224937439,-54.233238220214844,91.48856353759766,Stop,Stepping
1776271847.4390235,13642.415547787,0.3207475543022156,-54.97296142578125,92.21309661865234,-0.5561972856521606,-55.05537414550781,92.34942626953125,0.3176843822002411,-53.8919792175293,91.81761932373047,-0.4208543598651886,-54.090450286865234,91.68844604492188,Stop,Stepping
1776271847.4590318,13642.431772664,0.4719499349594116,-54.90007781982422,92.4697494506836,-0.7284159064292908,-54.98860549926758,92.61650848388672,0.46768540143966675,-53.720455169677734,92.03274536132812,-0.5798129439353943,-53.93817138671875,91.89466094970703,Stop,Stepping
1776271847.4790525,13642.456512827,0.6306279301643372,-54.8213996887207,92.7354965209961,-0.9091764092445374,-54.9161376953125,92.89291381835938,0.6249427199363708,-53.53782653808594,92.25379943847656,-0.7464342713356018,-53.776004791259766,92.10677337646484,Stop,Stepping
1776271847.4990299,13642.473986113,0.7969674468040466,-54.73653793334961,93.0101547241211,-1.0986945629119873,-54.83758544921875,93.178466796875,0.789617121219635,-53.343528747558594,92.48040008544922,-0.920887291431427,-53.60344696044922,92.32447814941406,Stop,Stepping
1776271847.5190196,13642.495062889,0.9708555936813354,-54.6452522277832,93.29303741455078,-1.2968404293060303,-54.75266647338867,93.47240447998047,0.9615656137466431,-53.13734817504883,92.71174621582031,-1.1030247211456299,-53.4202880859375,92.54700469970703,Stop,Stepping
1776271847.5390286,13642.519989646,1.1525774002075195,-54.54708480834961,93.58407592773438,-1.5039368867874146,-54.660892486572266,93.77465057373047,1.1410499811172485,-52.91858673095703,92.94752502441406,-1.2931084632873535,-53.22592544555664,92.77409362792969,Stop,Stepping
1776271847.5591002,13642.531726017,1.3425935506820679,-54.441429138183594,93.88345336914062,-1.7205301523208618,-54.56165313720703,94.08536529541016,1.3284944295883179,-52.686275482177734,93.18756866455078,-1.4915950298309326,-53.01949691772461,93.00566101074219,Stop,Stepping
1776271847.5790305,13642.552195682,1.539047122001648,-54.32902526855469,94.1877212524414,-1.94448721408844,-54.455604553222656,94.40096282958984,1.5220413208007812,-52.44239044189453,93.42887878417969,-1.6964943408966064,-52.8027229309082,93.23880004882812,Stop,Stepping
1776271847.5990243,13642.573366915,1.7440019845962524,-54.20835876464844,94.49952697753906,-2.178173542022705,-54.34126663208008,94.72416687011719,1.7236950397491455,-52.18398666381836,93.67326354980469,-1.9099407196044922,-52.572998046875,93.47532653808594,Stop,Stepping
1776271847.6190143,13642.591342716,1.956648349761963,-54.079559326171875,94.81705474853516,-2.4206669330596924,-54.21870803833008,95.05305480957031,1.9326276779174805,-51.91168212890625,93.9189682006836,-2.131049871444702,-52.330894470214844,93.71359252929688,Stop,Stepping
1776271847.6390169,13642.612848762,2.1771416664123535,-53.94218826293945,95.13994598388672,-2.6721482276916504,-54.08746337890625,95.38723754882812,2.1489646434783936,-51.62492752075195,94.16539764404297,-2.359941244125366,-52.07586669921875,93.95304870605469,Stop,Stepping
1776271847.6590154,13642.635479772,2.4054386615753174,-53.795921325683594,95.46752166748047,-2.932565212249756,-53.947181701660156,95.72600555419922,2.37261700630188,-51.323402404785156,94.41168212890625,-2.596520185470581,-51.80765914916992,94.19293212890625,Stop,Stepping
1776271847.679014,13642.651116941,2.6415586471557617,-53.64038848876953,95.79924011230469,-3.2019498348236084,-53.79746627807617,96.0687484741211,2.6035828590393066,-51.0067253112793,94.65711975097656,-2.8407785892486572,-51.52588653564453,94.43256378173828,Stop,Stepping
1776271847.6990201,13642.678171587,2.8854591846466064,-53.475284576416016,96.13440704345703,-3.4802379608154297,-53.63797378540039,96.41474151611328,2.84177827835083,-50.674591064453125,94.9007797241211,-3.092620611190796,-51.23030090332031,94.6711196899414,Stop,Stepping
1776271847.7190223,13642.694071586,3.1370813846588135,-53.30028533935547,96.4723129272461,-3.7673821449279785,-53.46834945678711,96.76322937011719,3.0871150493621826,-50.326725006103516,95.14185333251953,-3.351943016052246,-50.92063903808594,94.90785217285156,Stop,Stepping
1776271847.739023,13642.717638786,3.3965628147125244,-53.11494064331055,96.81256103515625,-4.063530445098877,-53.28811264038086,97.11372375488281,3.3396880626678467,-49.96259307861328,95.37959289550781,-3.618845224380493,-50.596412658691406,95.1421127319336,Stop,Stepping
1776271847.7590358,13642.760481261,3.6636626720428467,-52.919097900390625,97.15418243408203,-4.368403911590576,-53.09708786010742,97.46526336669922,3.5992205142974854,-49.582218170166016,95.6130142211914,-3.893022060394287,-50.257625579833984,95.37294006347656,Stop,Stepping
1776271847.7790275,13642.761139983,3.938030958175659,-52.71266174316406,97.49615478515625,-4.681613445281982,-52.895137786865234,97.81674194335938,3.8653430938720703,-49.185787200927734,95.84097290039062,-4.174079895019531,-49.90444564819336,95.59932708740234,Stop,Stepping
1776271847.7990296,13642.775930584,4.220322608947754,-52.49482727050781,97.83866882324219,-5.003899574279785,-52.68143081665039,98.16830444335938,4.138650894165039,-48.77206802368164,96.06324005126953,-4.462634086608887,-49.5357551574707,95.8210678100586,Stop,Stepping
1776271847.8190186,13642.817184861,4.50990629196167,-52.26573944091797,98.18034362792969,-5.334537029266357,-52.45610046386719,98.51852416992188,4.418489456176758,-48.341712951660156,96.27847290039062,-4.757989406585693,-49.1521110534668,96.03694152832031,Stop,Stepping
1776271847.8390987,13642.828037993,4.807188987731934,-52.0247688293457,98.52105712890625,-5.673989295959473,-52.21847152709961,98.86721801757812,4.705214023590088,-47.89384078979492,96.48619079589844,-5.060511112213135,-48.75273132324219,96.24649047851562,Stop,Stepping
1776271847.8590271,13642.833340531,5.1114349365234375,-51.77219772338867,98.859375,-6.0214152336120605,-51.96882629394531,99.2129135131836,4.998076915740967,-47.429344177246094,96.68509674072266,-5.369400978088379,-48.338382720947266,96.44852447509766,Stop,Stepping
1776271847.8790452,13642.853146856,5.423130512237549,-51.507347106933594,99.19525146484375,-6.377366065979004,-51.70642852783203,99.55550384521484,5.297506809234619,-46.947269439697266,96.87474060058594,-5.68510103225708,-47.90821075439453,96.64266204833984,Stop,Stepping
1776271847.8990874,13642.878546571,5.741852760314941,-51.230281829833984,99.52764892578125,-6.741348743438721,-51.43135070800781,99.89390563964844,5.603055000305176,-46.44807434082031,97.05410766601562,-6.007131576538086,-47.46260070800781,96.82792663574219,Stop,Stepping
1776271847.9190292,13642.899225088,6.067534923553467,-50.9408073425293,99.8559341430664,-7.113284587860107,-51.14337158203125,100.22745513916016,5.914619445800781,-45.931724548339844,97.22242736816406,-6.335373878479004,-47.00149154663086,97.00364685058594,Stop,Stepping
1776271847.9390996,13642.91191654,6.400330543518066,-50.63853073120117,100.1797103881836,-7.493344306945801,-50.842079162597656,100.5556869506836,6.2323079109191895,-45.3978271484375,97.37903594970703,-6.6699323654174805,-46.52452850341797,97.1692123413086,Stop,Stepping
1776271847.959036,13642.93712036,6.739450454711914,-50.32394027709961,100.49768829345703,-7.880615234375,-50.52794647216797,100.87726593017578,6.555327415466309,-44.84754943847656,97.52290344238281,-7.009959697723389,-46.03272247314453,97.32363891601562,Stop,Stepping
1776271847.9790416,13642.951362525,7.0854878425598145,-49.99627685546875,100.80989837646484,-8.275766372680664,-50.20021057128906,101.19219970703125,6.8842010498046875,-44.27985382080078,97.65360260009766,-7.356003761291504,-45.52513122558594,97.46656036376953,Stop,Stepping
1776271847.9990118,13642.97552189,7.438076496124268,-49.655670166015625,101.1155014038086,-8.678374290466309,-49.8589973449707,101.49958038330078,7.218547821044922,-43.69527816772461,97.77031707763672,-7.707643985748291,-45.00220489501953,97.59722900390625,Stop,Stepping
1776271848.0190253,13642.993221697,7.796320915222168,-49.3028450012207,101.41326141357422,-9.08739948272705,-49.50499725341797,101.79813385009766,7.557475566864014,-43.09531021118164,97.87217712402344,-8.063939094543457,-44.46525573730469,97.71479034423828,Stop,Stepping
1776271848.039094,13643.011641719,8.161421775817871,-48.936439514160156,101.70369720458984,-9.5042085647583,-49.13686752319336,102.08834838867188,7.902091026306152,-42.47791290283203,97.95892333984375,-8.42603874206543,-43.91245651245117,97.819091796875,Stop,Stepping
1776271848.0590353,13643.061537106,8.531811714172363,-48.55789566040039,101.98514556884766,-9.926995277404785,-48.756065368652344,102.3685073852539,8.250873565673828,-41.84580612182617,98.02962493896484,-8.792333602905273,-43.346168518066406,97.9091567993164,Stop,Stepping
1776271848.079045,13643.063522335,8.908136367797852,-48.16646957397461,102.25768280029297,-10.356481552124023,-48.361812591552734,102.63867950439453,8.60439682006836,-41.197933197021484,98.08391571044922,-9.163421630859375,-42.765480041503906,97.98474884033203,Stop,Stepping
1776271848.0991144,13643.07262435,9.290459632873535,-47.761962890625,102.52091979980469,-10.792731285095215,-47.953941345214844,102.89842987060547,8.962692260742188,-40.53425598144531,98.12126922607422,-9.539318084716797,-42.1702880859375,98.04531860351562,Stop,Stepping
1776271848.11904,13643.092078956,9.677157402038574,-47.34605407714844,102.77342987060547,-11.233872413635254,-47.53414535522461,103.14630126953125,9.324199676513672,-39.85771942138672,98.14111328125,-9.91838264465332,-41.563236236572266,98.09027862548828,Stop,Stepping
1776271848.1390848,13643.121246615,10.06915283203125,-46.917720794677734,103.01548767089844,-11.68094539642334,-47.10139083862305,103.38253784179688,9.689760208129883,-39.1668586730957,98.14313507080078,-10.301486015319824,-40.942962646484375,98.11940002441406,Stop,Stepping
1776271848.159009,13643.136389064,10.46590805053711,-46.47752380371094,103.24644470214844,-12.133318901062012,-46.656280517578125,103.60647583007812,10.058841705322266,-38.462764739990234,98.12692260742188,-10.688056945800781,-40.31044006347656,98.13226318359375,Stop,Stepping
1776271848.1790416,13643.153221496,10.867687225341797,-46.02515411376953,103.46617126464844,-12.59127426147461,-46.19850540161133,103.81793975830078,10.431658744812012,-37.745140075683594,98.09213256835938,-11.078315734863281,-39.66536331176758,98.1285629272461,Stop,Stepping
1776271848.199029,13643.178125775,11.273126602172852,-45.56217575073242,103.67365264892578,-13.053244590759277,-45.72968292236328,104.01596069335938,10.806927680969238,-37.016605377197266,98.0385971069336,-11.470907211303711,-39.01008605957031,98.10807800292969,Stop,Stepping
1776271848.2190313,13643.191357404,11.683035850524902,-45.08773422241211,103.86912536621094,-13.520127296447754,-45.248931884765625,104.20069885253906,11.185371398925781,-36.27592849731445,97.96598052978516,-11.866579055786133,-38.34346389770508,98.07051086425781,Stop,Stepping
1776271848.2390358,13643.211527851,12.096912384033203,-44.60243606567383,104.0521011352539,-13.991333961486816,-44.756927490234375,104.37167358398438,11.566507339477539,-35.52422332763672,97.87409973144531,-12.264816284179688,-37.66647720336914,98.01570129394531,Stop,Stepping
1776271848.2590415,13643.235015357,12.513351440429688,-44.10805892944336,104.22185516357422,-14.465246200561523,-44.25545883178711,104.52818298339844,11.949023246765137,-34.76427459716797,97.76316833496094,-12.664241790771484,-36.981624603271484,97.94371032714844,Stop,Stepping
1776271848.2790525,13643.252801538,12.933782577514648,-43.60298156738281,104.37882995605469,-14.943471908569336,-43.74294662475586,104.67063903808594,12.33421802520752,-33.99371337890625,97.6326675415039,-13.066207885742188,-36.2867546081543,97.85418701171875,Stop,Stepping
1776271848.2991064,13643.278885522,13.356803894042969,-43.08901596069336,104.52240753173828,-15.424395561218262,-43.221221923828125,104.79842376708984,12.720792770385742,-33.2153434753418,97.48291015625,-13.46934700012207,-35.58436584472656,97.74730682373047,Stop,Stepping
1776271848.3191059,13643.295728522,13.78217887878418,-42.566593170166016,104.65242767333984,-15.907729148864746,-42.69077682495117,104.91141510009766,13.108522415161133,-32.42984390258789,97.31397247314453,-13.873420715332031,-34.87508010864258,97.62310028076172,Stop,Stepping
1776271848.3390958,13643.312855377,14.209504127502441,-42.036399841308594,104.768798828125,-16.39299201965332,-42.15230941772461,105.00951385498047,13.497030258178711,-31.638219833374023,97.12602233886719,-14.278027534484863,-34.159786224365234,97.48171997070312,Stop,Stepping
1776271848.359095,13643.338020829,14.639117240905762,-41.49814224243164,104.87157440185547,-16.88055419921875,-41.60557174682617,105.0927963256836,13.88662052154541,-30.84006690979004,96.91893768310547,-14.683485984802246,-33.4381103515625,97.32306671142578,Stop,Stepping
1776271848.3790686,13643.352923298,15.07055950164795,-40.952598571777344,104.9606704711914,-17.369863510131836,-41.05135726928711,105.1611557006836,14.276872634887695,-30.036487579345703,96.69297790527344,-15.08934211730957,-32.71104049682617,97.14732360839844,Stop,Stepping
1776271848.3990297,13643.371290707,15.502091407775879,-40.402156829833984,105.03581237792969,-17.858943939208984,-40.49214553833008,105.21444702148438,14.666215896606445,-29.230939865112305,96.44918823242188,-15.493969917297363,-31.981704711914062,96.95536041259766,Stop,Stepping
1776271848.41908,13643.419488116,15.93552017211914,-39.84473419189453,105.0974349975586,-18.349821090698242,-39.925819396972656,105.25298309326172,15.056279182434082,-28.420272827148438,96.18669128417969,-15.899057388305664,-31.24726104736328,96.74646759033203,Stop,Stepping
1776271848.4391084,13643.420915746,16.368635177612305,-39.283363342285156,105.14531707763672,-18.8399658203125,-39.355506896972656,105.2767105102539,15.445080757141113,-27.60883903503418,95.9070053100586,-16.302536010742188,-30.51164436340332,96.52188110351562,Stop,Stepping
1776271848.4590693,13643.438887246,16.801877975463867,-38.71770477294922,105.17971801757812,-19.32986831665039,-38.780887603759766,105.28585815429688,15.833024024963379,-26.79601287841797,95.61009979248047,-16.704835891723633,-29.774295806884766,96.28160095214844,Stop,Stepping
1776271848.4790478,13643.453280613,17.235321044921875,-38.14788818359375,105.2007827758789,-19.819595336914062,-38.202110290527344,105.28062438964844,16.22018814086914,-25.981836318969727,95.29611206054688,-17.10603141784668,-29.03526496887207,96.02578735351562,Stop,Stepping
1776271848.4990351,13643.471609301,17.668012619018555,-37.57537841796875,105.20869445800781,-20.30805778503418,-37.62068176269531,105.26121520996094,16.605735778808594,-25.16825294494629,94.96598815917969,-17.505252838134766,-28.296335220336914,95.75523376464844,Stop,Stepping
1776271848.5190353,13643.497085189,18.09971046447754,-37.000728607177734,105.20367431640625,-20.79496955871582,-37.03718566894531,105.2279281616211,16.989458084106445,-24.355894088745117,94.62022399902344,-17.90229034423828,-27.558073043823242,95.4703598022461,Stop,Stepping
1776271848.5390296,13643.517630678,18.529735565185547,-36.42506408691406,105.1860122680664,-21.2795467376709,-36.452789306640625,105.18109893798828,17.37078094482422,-23.54616928100586,94.25972747802734,-18.296545028686523,-26.821786880493164,95.17195892333984,Stop,Stepping
1776271848.559021,13643.5336132,18.958267211914062,-35.848365783691406,105.1559829711914,-21.761993408203125,-35.86749267578125,105.12104034423828,17.749879837036133,-22.73885726928711,93.8846664428711,-18.68820571899414,-26.087299346923828,94.86019134521484,Stop,Stepping
1776271848.5790784,13643.554375263,19.38530158996582,-35.270870208740234,105.11390686035156,-22.24228286743164,-35.28153610229492,105.0480728149414,18.12676429748535,-21.934083938598633,93.49539184570312,-19.077285766601562,-25.354736328125,94.53541564941406,Stop,Stepping
1776271848.5990338,13643.572526759,19.808536529541016,-34.695892333984375,105.06031799316406,-22.717832565307617,-34.69831085205078,104.96295928955078,18.499435424804688,-21.13626480102539,93.09442138671875,-19.461729049682617,-24.628131866455078,94.19974517822266,Stop,Stepping
1776271848.6190224,13643.592522392,20.229562759399414,-34.12151336669922,104.9954605102539,-23.19041633605957,-34.115848541259766,104.86580657958984,18.86932373046875,-20.342487335205078,92.68074035644531,-19.84300994873047,-23.90487289428711,93.85237121582031,Stop,Stepping
1776271848.639027,13643.614983216,20.647415161132812,-33.549217224121094,104.91976928710938,-23.658954620361328,-33.53571701049805,104.7572250366211,19.23560333251953,-19.55462074279785,92.25564575195312,-20.220285415649414,-23.186687469482422,93.49444580078125,Stop,Stepping
1776271848.6590424,13643.63217536,21.061704635620117,-32.97976303100586,104.8337631225586,-24.123004913330078,-32.958641052246094,104.63773345947266,19.59796142578125,-18.773452758789062,91.82000732421875,-20.593244552612305,-22.47430419921875,93.12673950195312,Stop,Stepping
1776271848.6790278,13643.651818674,21.471574783325195,-32.41449737548828,104.73799133300781,-24.58161735534668,-32.386016845703125,104.50802612304688,19.955690383911133,-18.000621795654297,91.37523651123047,-20.961156845092773,-21.769250869750977,92.7504653930664,Stop,Stepping
1776271848.6989422,13643.671650748,21.87576675415039,-31.85537338256836,104.63329315185547,-25.033374786376953,-31.819795608520508,104.36905670166016,20.307714462280273,-17.238521575927734,90.92326354980469,-21.32293701171875,-21.073745727539062,92.36731719970703,Stop,Stepping
1776271848.7190151,13643.693311922,22.278642654418945,-31.296497344970703,104.51886749267578,-25.48316764831543,-31.254047393798828,104.2197265625,20.657869338989258,-16.478940963745117,90.45962524414062,-21.68252944946289,-20.38031578063965,91.97356414794922,Stop,Stepping
1776271848.7390208,13643.72155599,22.674802780151367,-30.74551010131836,104.39664459228516,-25.92497444152832,-30.696483612060547,104.06243896484375,21.001497268676758,-15.732048988342285,89.99095916748047,-22.03515625,-19.698265075683594,91.57487487792969,Stop,Stepping
1776271848.7590313,13643.736087114,23.065635681152344,-30.200654983520508,104.26673889160156,-26.36034393310547,-30.14531707763672,103.89720153808594,21.3398380279541,-14.995223999023438,89.51626586914062,-22.38210105895996,-19.025224685668945,91.17041778564453,Stop,Stepping
1776271848.7791133,13643.754822043,23.45098876953125,-29.662281036376953,104.129638671875,-26.789121627807617,-29.600919723510742,103.72460174560547,21.672788619995117,-14.268728256225586,89.0362319946289,-22.72327995300293,-18.361478805541992,90.76087188720703,Stop,Stepping
1776271848.7991161,13643.772852179,23.830053329467773,-29.13165855407715,103.98611450195312,-27.21042251586914,-29.064537048339844,103.5455093383789,21.999692916870117,-13.55406379699707,88.55243682861328,-23.058019638061523,-17.70842170715332,90.34761810302734,Stop,Stepping
1776271848.8190086,13643.792385239,24.2017879486084,-28.6103572845459,103.83708953857422,-27.62310791015625,-28.53778648376465,103.3609848022461,22.319698333740234,-12.853156089782715,88.06682586669922,-23.385461807250977,-17.06783103942871,89.93235778808594,Stop,Stepping
1776271848.8391109,13643.82239854,24.568965911865234,-28.094621658325195,103.68191528320312,-28.03026580810547,-28.016815185546875,103.17012023925781,22.63521957397461,-12.160764694213867,87.57634735107422,-23.708093643188477,-16.43492889404297,89.51246643066406,Stop,Stepping
1776271848.8591042,13643.83408269,24.928022384643555,-27.58954429626465,103.52254486083984,-28.427963256835938,-27.50678825378418,102.97528839111328,22.943227767944336,-11.483549118041992,87.08623504638672,-24.022825241088867,-15.815851211547852,89.0925521850586,Stop,Stepping
1776271848.8791,13643.86563903,25.28083610534668,-27.092586517333984,103.35865020751953,-28.81829833984375,-27.005130767822266,102.7760009765625,23.245380401611328,-10.817946434020996,86.5945816040039,-24.33136749267578,-15.207347869873047,88.67097473144531,Stop,Stepping
1776271848.899131,13643.87382066,25.62508201599121,-26.60711669921875,103.19183349609375,-29.198726654052734,-26.515226364135742,102.5741195678711,23.539718627929688,-10.168301582336426,86.1052017211914,-24.63172721862793,-14.61341381072998,88.25104522705078,Stop,Stepping
1776271848.9190743,13643.893637729,25.961776733398438,-26.131765365600586,103.0220718383789,-29.57038116455078,-26.03568458557129,102.36959075927734,23.8271484375,-9.53266429901123,85.61729431152344,-24.924848556518555,-14.032280921936035,87.83211517333984,Stop,Stepping
1776271848.9390564,13643.925339566,26.290494918823242,-25.667221069335938,102.85009002685547,-29.932836532592773,-25.567182540893555,102.1631851196289,24.107349395751953,-8.911795616149902,85.132080078125,-25.210416793823242,-13.464668273925781,87.41529083251953,Stop,Stepping
1776271848.9590616,13643.936989607,26.611522674560547,-25.213144302368164,102.67622375488281,-30.286418914794922,-25.109357833862305,101.95523834228516,24.380596160888672,-8.30513858795166,84.64971160888672,-25.48872184753418,-12.91007137298584,87.00070190429688,Stop,Stepping
1776271848.9790397,13643.953785164,26.923568725585938,-24.771406173706055,102.50162506103516,-30.629730224609375,-24.664112091064453,101.74710845947266,24.64582633972168,-7.715092182159424,84.17273712158203,-25.758699417114258,-12.370711326599121,86.59060668945312,Stop,Stepping
1776271848.9991248,13643.97156837,27.227453231811523,-24.340913772583008,102.32630920410156,-30.963703155517578,-24.230304718017578,101.53875732421875,24.903766632080078,-7.140103816986084,83.70053100585938,-26.021099090576172,-11.845163345336914,86.18446350097656,Stop,Stepping
1776271849.0190365,13643.993800528,27.52216339111328,-23.923137664794922,102.15135955810547,-31.287256240844727,-23.809415817260742,101.33135986328125,25.15359878540039,-6.582050323486328,83.23526000976562,-26.275104522705078,-11.335165023803711,85.78417205810547,Stop,Stepping
1776271849.039041,13644.013472386,27.808347702026367,-23.5172176361084,101.97682189941406,-31.601119995117188,-23.40054702758789,101.1249771118164,25.39590072631836,-6.039712429046631,82.77650451660156,-26.521316528320312,-10.839601516723633,85.389404296875,Stop,Stepping
1776271849.0590606,13644.033791297,28.08535385131836,-23.124082565307617,101.80352020263672,-31.90460968017578,-23.004674911499023,100.92054748535156,25.63015365600586,-5.514311790466309,82.32589721679688,-26.75921630859375,-10.359596252441406,85.00159454345703,Stop,Stepping
1776271849.079133,13644.05395105,28.353010177612305,-22.744047164916992,101.63204193115234,-32.19755935668945,-22.62204360961914,100.71863555908203,25.85623550415039,-5.006185054779053,81.88432312011719,-26.98870086669922,-9.895462989807129,84.62149810791016,Stop,Stepping
1776271849.099053,13644.075189846,28.611095428466797,-22.37743377685547,101.46292877197266,-32.479759216308594,-22.253005981445312,100.5199203491211,26.073997497558594,-4.515745639801025,81.4527359008789,-27.209625244140625,-9.447578430175781,84.2499771118164,Stop,Stepping
1776271849.1190572,13644.09665291,28.860010147094727,-22.02368927001953,101.29632568359375,-32.751686096191406,-21.89698600769043,100.32450103759766,26.28380584716797,-4.0422492027282715,81.03104400634766,-27.422374725341797,-9.015254974365234,83.886962890625,Stop,Stepping
1776271849.139043,13644.130098592,29.099027633666992,-21.68389892578125,101.13313293457031,-33.01254653930664,-21.555068969726562,100.13338470458984,26.48506736755371,-3.587113380432129,80.62107849121094,-27.626358032226562,-8.599799156188965,83.53401947021484,Stop,Stepping
1776271849.1589737,13644.136269242,29.327924728393555,-21.358386993408203,100.97391510009766,-33.262149810791016,-21.227554321289062,99.94718933105469,26.677623748779297,-3.150768280029297,80.22377014160156,-27.82143783569336,-8.201592445373535,83.19200134277344,Stop,Stepping
1776271849.1790216,13644.151772433,29.548423767089844,-21.044710159301758,100.81779479980469,-33.502384185791016,-20.912006378173828,99.764892578125,26.862951278686523,-2.7299630641937256,79.83665466308594,-28.009103775024414,-7.817662715911865,82.85877227783203,Stop,Stepping
1776271849.1990287,13644.171646899,29.75861167907715,-20.745624542236328,100.66650390625,-33.731201171875,-20.611167907714844,99.58843994140625,27.03946304321289,-2.3283772468566895,79.46360778808594,-28.18777084350586,-7.451370716094971,82.53768157958984,Stop,Stepping
1776271849.2190483,13644.194613575,29.959251403808594,-20.46003532409668,100.51982116699219,-33.94944381713867,-20.323944091796875,99.41756439208984,27.20781898498535,-1.9445964097976685,79.10381317138672,-28.35811424255371,-7.101404666900635,82.22801971435547,Stop,Stepping
1776271849.2390242,13644.213049978,30.14984893798828,-20.188684463500977,100.37843322753906,-34.15660858154297,-20.051055908203125,99.25303649902344,27.367626190185547,-1.5796047449111938,78.75863647460938,-28.519744873046875,-6.768669128417969,81.93099212646484,Stop,Stepping
1776271849.2590399,13644.233800506,30.33099937438965,-19.930727005004883,100.24221801757812,-34.353363037109375,-19.791667938232422,99.09468841552734,27.519407272338867,-1.2323087453842163,78.42750549316406,-28.673200607299805,-6.452145099639893,81.64606475830078,Stop,Stepping
1776271849.2790394,13644.261110055,30.502288818359375,-19.686750411987305,100.11175537109375,-34.53927993774414,-19.546361923217773,98.94316864013672,27.662826538085938,-0.9035317897796631,78.11160278320312,-28.81815528869629,-6.152584552764893,81.3742904663086,Stop,Stepping
1776271849.2990663,13644.275712293,30.664226531982422,-19.45606231689453,99.98695373535156,-34.71492385864258,-19.31442642211914,98.79833221435547,27.798328399658203,-0.5923685431480408,77.81045532226562,-28.95505714416504,-5.869143486022949,81.11524200439453,Stop,Stepping
1776271849.3190305,13644.294639319,30.816064834594727,-19.23970603942871,99.86862182617188,-34.8795166015625,-19.09693717956543,98.6611328125,27.925308227539062,-0.3002789616584778,77.52584838867188,-29.083314895629883,-5.603151321411133,80.87046813964844,Stop,Stepping
1776271849.3390222,13644.320724394,30.95882225036621,-19.036266326904297,99.7562255859375,-35.0341682434082,-18.892425537109375,98.53089141845703,28.04462242126465,-0.025365695357322693,77.25627899169922,-29.20379638671875,-5.352863788604736,80.63866424560547,Stop,Stepping
1776271849.3590739,13644.332674323,31.09225082397461,-18.846094131469727,99.6501693725586,-35.17863464355469,-18.70126724243164,98.4080810546875,28.15608787536621,0.2318447381258011,77.0025863647461,-29.316312789916992,-5.1187567710876465,80.4205551147461,Stop,Stepping
1776271849.379075,13644.35780708,31.21649742126465,-18.66897964477539,99.55054473876953,-35.31309509277344,-18.523237228393555,98.29277801513672,28.259830474853516,0.47159937024116516,76.76480865478516,-29.421016693115234,-4.90057897567749,80.21614837646484,Stop,Stepping
1776271849.3990717,13644.396632564,31.331693649291992,-18.50473976135254,99.45740509033203,-35.43769836425781,-18.3581600189209,98.18505096435547,28.355976104736328,0.6941036581993103,76.54302978515625,-29.518020629882812,-4.698151111602783,80.02552795410156,Stop,Stepping
1776271849.4191434,13644.397693611,31.438030242919922,-18.35311508178711,99.37079620361328,-35.552669525146484,-18.20577049255371,98.08491516113281,28.444690704345703,0.8996854424476624,76.337158203125,-29.607519149780273,-4.5111613273620605,79.84861755371094,Stop,Stepping
1776271849.4391122,13644.411250195,31.535634994506836,-18.21392822265625,99.2907485961914,-35.65814971923828,-18.06588363647461,97.99241638183594,28.526086807250977,1.0885388851165771,76.14723205566406,-29.68960952758789,-4.339419841766357,79.6854248046875,Stop,Stepping
1776271849.4591215,13644.433101705,31.624876022338867,-18.086650848388672,99.21710968017578,-35.75455856323242,-17.937969207763672,97.90736389160156,28.600486755371094,1.2613526582717896,75.9727554321289,-29.764633178710938,-4.182300567626953,79.5355453491211,Stop,Stepping
1776271849.4790816,13644.452038238,31.70587158203125,-17.97113037109375,99.14990997314453,-35.84202575683594,-17.821866989135742,97.82975006103516,28.66798973083496,1.4183143377304077,75.81373596191406,-29.832693099975586,-4.039617538452148,79.39894104003906,Stop,Stepping
1776271849.4990554,13644.471738231,31.778850555419922,-17.867027282714844,99.08903503417969,-35.920814514160156,-17.71724510192871,97.75947570800781,28.728796005249023,1.5598424673080444,75.66988372802734,-29.893985748291016,-3.9109818935394287,79.275390625,Stop,Stepping
1776271849.519038,13644.494467698,31.844219207763672,-17.773778915405273,99.03427124023438,-35.99136734008789,-17.623531341552734,97.69627380371094,28.78325080871582,1.6866919994354248,75.54058837890625,-29.948869705200195,-3.7957065105438232,79.16435241699219,Stop,Stepping
1776271849.5390399,13644.51343483,31.90224266052246,-17.690998077392578,98.98546600341797,-36.05397415161133,-17.54034996032715,97.63997650146484,28.83156967163086,1.7993420362472534,75.42546844482422,-29.997570037841797,-3.6933510303497314,79.06550598144531,Stop,Stepping
1776271849.559038,13644.532242706,31.953222274780273,-17.618261337280273,98.94243621826172,-36.108970642089844,-17.46725082397461,97.59032440185547,28.874021530151367,1.8983796834945679,75.32403564453125,-30.040348052978516,-3.6033730506896973,78.97840881347656,Stop,Stepping
1776271849.5790389,13644.561035429,31.997526168823242,-17.5550537109375,98.9049301147461,-36.1567497253418,-17.403738021850586,97.54708099365234,28.91090202331543,1.984475016593933,75.23568725585938,-30.077505111694336,-3.5251638889312744,78.9025650024414,Stop,Stepping
1776271849.5990055,13644.572267128,32.03545379638672,-17.50092887878418,98.87271881103516,-36.19765090942383,-17.34935760498047,97.50994110107422,28.942472457885742,2.0582170486450195,75.1598892211914,-30.10931396484375,-3.4581832885742188,78.83749389648438,Stop,Stepping
1776271849.6190414,13644.594936592,32.067588806152344,-17.4550838470459,98.84538269042969,-36.2322998046875,-17.303274154663086,97.4784164428711,28.969215393066406,2.1207144260406494,75.09555053710938,-30.136259078979492,-3.401423215866089,78.78227233886719,Stop,Stepping
1776271849.6390617,13644.615489572,32.09416198730469,-17.41716194152832,98.8227310180664,-36.26094436645508,-17.265178680419922,97.45230865478516,28.991329193115234,2.172407865524292,75.04228210449219,-30.158533096313477,-3.354480028152466,78.7365493774414,Stop,Stepping
1776271849.6590526,13644.639586237,32.11569595336914,-17.386425018310547,98.80433654785156,-36.28416061401367,-17.23428726196289,97.43110656738281,29.009254455566406,2.2143173217773438,74.99903869628906,-30.176589965820312,-3.316418409347534,78.69943237304688,Stop,Stepping
1776271849.6790583,13644.655533049,32.13264083862305,-17.362247467041016,98.78985595703125,-36.30242919921875,-17.20999526977539,97.41441345214844,29.023351669311523,2.2472903728485107,74.96499633789062,-30.19078826904297,-3.2864696979522705,78.67021179199219,Stop,Stepping
1776271849.6991215,13644.671094344,32.145503997802734,-17.343889236450195,98.77884674072266,-36.316287994384766,-17.19154930114746,97.40172576904297,29.0340518951416,2.2723302841186523,74.93912506103516,-30.201566696166992,-3.263737916946411,78.64801788330078,Stop,Stepping
1776271849.7191176,13644.703447337,32.15478515625,-17.33064842224121,98.77090454101562,-36.326290130615234,-17.178241729736328,97.392578125,29.041772842407227,2.2903897762298584,74.92047119140625,-30.2093448638916,-3.24733567237854,78.63199615478516,Stop,Stepping
1776271849.7390676,13644.71352008,32.161033630371094,-17.321725845336914,98.76554870605469,-36.33302688598633,-17.169275283813477,97.38639831542969,29.046972274780273,2.3025591373443604,74.90788269042969,-30.214580535888672,-3.2362864017486572,78.6211929321289,Stop,Stepping
1776271849.7590873,13644.731352069,32.164825439453125,-17.316316604614258,98.76229858398438,-36.33711242675781,-17.163835525512695,97.38265228271484,29.050127029418945,2.3099427223205566,74.90025329589844,-30.21776008605957,-3.229578971862793,78.61463928222656,Stop,Stepping
1776271849.7790716,13644.752544839,32.166748046875,-17.313573837280273,98.7606430053711,-36.33918380737305,-17.161083221435547,97.38075256347656,29.051725387573242,2.3136861324310303,74.89637756347656,-30.219369888305664,-3.226184368133545,78.61132049560547,Stop,Stepping
1776271849.799056,13644.772036173,32.167423248291016,-17.312612533569336,98.76007080078125,-36.33991241455078,-17.160114288330078,97.38009643554688,29.052288055419922,2.3150007724761963,74.89501953125,-30.21993637084961,-3.2249884605407715,78.61015319824219,Stop,Stepping
