step,time,joint,joint_id,joint_pos,joint_vel,joint_pos_target,joint_vel_target,joint_effort_target,applied_torque,computed_torque,action_0,action_1,action_2,action_3,action_4,action_5,action_6,action_7,action_8,action_9,action_10,action_11
0,0.0,base_to_front_left_shoulder,2,0.006756477989256382,0.41958701610565186,0.0,0.0,0.0,-0.577393114566803,-0.577393114566803,0.0,0.0,0.0,0.0,0.0,0.0,0.0,0.0,0.0,0.0,0.0,0.0
0,0.0,front_left_shoulder_to_arm,6,-0.7873625755310059,0.15578705072402954,-0.7900000214576721,0.0,0.0,-0.21768569946289062,-0.21768569946289062,0.0,0.0,0.0,0.0,0.0,0.0,0.0,0.0,0.0,0.0,0.0,0.0
0,0.0,front_left_arm_to_hand,10,1.4992175102233887,-3.869713083304305e-08,1.5,0.0,0.0,0.06259918957948685,0.06259918957948685,0.0,0.0,0.0,0.0,0.0,0.0,0.0,0.0,0.0,0.0,0.0,0.0
1,0.02,base_to_front_left_shoulder,2,0.01137968897819519,0.07723162323236465,0.0,0.0,0.0,-0.970683753490448,-0.970683753490448,0.0,0.0,0.0,0.0,0.0,0.0,0.0,0.0,0.0,0.0,0.0,0.0
1,0.02,front_left_shoulder_to_arm,6,-0.7852976322174072,7.207101582196174e-09,-0.7900000214576721,0.0,0.0,-0.43327486515045166,-0.43327486515045166,0.0,0.0,0.0,0.0,0.0,0.0,0.0,0.0,0.0,0.0,0.0,0.0
1,0.02,front_left_arm_to_hand,10,1.4999312162399292,0.14271846413612366,1.5,0.0,0.0,0.06259918212890625,0.06259918212890625,0.0,0.0,0.0,0.0,0.0,0.0,0.0,0.0,0.0,0.0,0.0,0.0
2,0.04,base_to_front_left_shoulder,2,0.008706116117537022,-0.20258182287216187,0.0,0.0,0.0,-0.6886407732963562,-0.6886407732963562,0.0,0.0,0.0,0.0,0.0,0.0,0.0,0.0,0.0,0.0,0.0,0.0
2,0.04,front_left_shoulder_to_arm,6,-0.7852258682250977,-0.0005748884868808091,-0.7900000214576721,0.0,0.0,-0.3830068111419678,-0.3830068111419678,0.0,0.0,0.0,0.0,0.0,0.0,0.0,0.0,0.0,0.0,0.0,0.0
2,0.04,front_left_arm_to_hand,10,1.4999312162399292,-4.0346998275708756e-07,1.5,0.0,0.0,0.005502903368324041,0.005502903368324041,0.0,0.0,0.0,0.0,0.0,0.0,0.0,0.0,0.0,0.0,0.0,0.0
3,0.06,base_to_front_left_shoulder,2,0.0059999157674610615,-0.06231001392006874,0.0,0.0,0.0,-0.44595447182655334,-0.44595447182655334,0.0,0.0,0.0,0.0,0.0,0.0,0.0,0.0,0.0,0.0,0.0,0.0
3,0.06,front_left_shoulder_to_arm,6,-0.785769522190094,-0.04349181801080704,-0.7900000214576721,0.0,0.0,-0.34098026156425476,-0.34098026156425476,0.0,0.0,0.0,0.0,0.0,0.0,0.0,0.0,0.0,0.0,0.0,0.0
3,0.06,front_left_arm_to_hand,10,1.4999312162399292,1.2218602932989597e-05,1.5,0.0,0.0,0.005509193055331707,0.005509193055331707,0.0,0.0,0.0,0.0,0.0,0.0,0.0,0.0,0.0,0.0,0.0,0.0
4,0.08,base_to_front_left_shoulder,2,0.007023390382528305,0.08872629702091217,0.0,0.0,0.0,-0.5637667179107666,-0.5637667179107666,0.0,0.0,0.0,0.0,0.0,0.0,0.0,0.0,0.0,0.0,0.0,0.0
4,0.08,front_left_shoulder_to_arm,6,-0.786879301071167,-0.050153739750385284,-0.7900000214576721,0.0,0.0,-0.2339811623096466,-0.2339811623096466,0.0,0.0,0.0,0.0,0.0,0.0,0.0,0.0,0.0,0.0,0.0,0.0
4,0.08,front_left_arm_to_hand,10,1.4999312162399292,1.4045765055925585e-05,1.5,0.0,0.0,0.005502695217728615,0.005502695217728615,0.0,0.0,0.0,0.0,0.0,0.0,0.0,0.0,0.0,0.0,0.0,0.0
5,0.1,base_to_front_left_shoulder,2,0.0082924272865057,0.03673236444592476,0.0,0.0,0.0,-0.6813901662826538,-0.6813901662826538,0.0,0.0,0.0,0.0,0.0,0.0,0.0,0.0,0.0,0.0,0.0,0.0
5,0.1,front_left_shoulder_to_arm,6,-0.7870576977729797,-0.0005603706231340766,-0.7900000214576721,0.0,0.0,-0.23644191026687622,-0.23644191026687622,0.0,0.0,0.0,0.0,0.0,0.0,0.0,0.0,0.0,0.0,0.0,0.0
5,0.1,front_left_arm_to_hand,10,1.4999312162399292,-3.80288440737786e-07,1.5,0.0,0.0,0.005502904765307903,0.005502904765307903,0.0,0.0,0.0,0.0,0.0,0.0,0.0,0.0,0.0,0.0,0.0,0.0
6,0.12,base_to_front_left_shoulder,2,0.008312149904668331,-8.207889914046973e-05,0.0,0.0,0.0,-0.6645410060882568,-0.6645410060882568,0.0,0.0,0.0,0.0,0.0,0.0,0.0,0.0,0.0,0.0,0.0,0.0
6,0.12,front_left_shoulder_to_arm,6,-0.7871248722076416,-0.0005650033126585186,-0.7900000214576721,0.0,0.0,-0.23106937110424042,-0.23106937110424042,0.0,0.0,0.0,0.0,0.0,0.0,0.0,0.0,0.0,0.0,0.0,0.0
6,0.12,front_left_arm_to_hand,10,1.4999312162399292,-3.889242066179577e-07,1.5,0.0,0.0,0.005502898246049881,0.005502898246049881,0.0,0.0,0.0,0.0,0.0,0.0,0.0,0.0,0.0,0.0,0.0,0.0
7,0.14,base_to_front_left_shoulder,2,0.008332537487149239,-8.208364306483418e-05,0.0,0.0,0.0,-0.6661434769630432,-0.6661434769630432,0.0,0.0,0.0,0.0,0.0,0.0,0.0,0.0,0.0,0.0,0.0,0.0
7,0.14,front_left_shoulder_to_arm,6,-0.7871918678283691,-0.0005650131497532129,-0.7900000214576721,0.0,0.0,-0.2257097065448761,-0.2257097065448761,0.0,0.0,0.0,0.0,0.0,0.0,0.0,0.0,0.0,0.0,0.0,0.0
7,0.14,front_left_arm_to_hand,10,1.4999312162399292,-3.895050326718774e-07,1.5,0.0,0.0,0.005502889398485422,0.005502889398485422,0.0,0.0,0.0,0.0,0.0,0.0,0.0,0.0,0.0,0.0,0.0,0.0
8,0.16,base_to_front_left_shoulder,2,0.00835434440523386,-8.209471707232296e-05,0.0,0.0,0.0,-0.6678597331047058,-0.6678597331047058,0.0,0.0,0.0,0.0,0.0,0.0,0.0,0.0,0.0,0.0,0.0,0.0
8,0.16,front_left_shoulder_to_arm,6,-0.7872588634490967,-0.0005650302628055215,-0.7900000214576721,0.0,0.0,-0.22035005688667297,-0.22035005688667297,0.0,0.0,0.0,0.0,0.0,0.0,0.0,0.0,0.0,0.0,0.0,0.0
8,0.16,front_left_arm_to_hand,10,1.4999312162399292,-3.795017278207524e-07,1.5,0.0,0.0,0.005502893589437008,0.005502893589437008,0.0,0.0,0.0,0.0,0.0,0.0,0.0,0.0,0.0,0.0,0.0,0.0
9,0.18,base_to_front_left_shoulder,2,0.00837757345288992,-8.211773092625663e-05,0.0,0.0,0.0,-0.6696895956993103,-0.6696895956993103,0.0,0.0,0.0,0.0,0.0,0.0,0.0,0.0,0.0,0.0,0.0,0.0
9,0.18,front_left_shoulder_to_arm,6,-0.7873258590698242,-0.0005650426610372961,-0.7900000214576721,0.0,0.0,-0.21499039232730865,-0.21499039232730865,0.0,0.0,0.0,0.0,0.0,0.0,0.0,0.0,0.0,0.0,0.0,0.0
9,0.18,front_left_arm_to_hand,10,1.4999312162399292,-3.7918050566077e-07,1.5,0.0,0.0,0.005502896849066019,0.005502896849066019,0.0,0.0,0.0,0.0,0.0,0.0,0.0,0.0,0.0,0.0,0.0,0.0
10,0.2,base_to_front_left_shoulder,2,0.008402224630117416,-8.211131353164092e-05,0.0,0.0,0.0,-0.6716331839561462,-0.6716331839561462,0.0,0.0,0.0,0.0,0.0,0.0,0.0,0.0,0.0,0.0,0.0,0.0
10,0.2,front_left_shoulder_to_arm,6,-0.7873928546905518,-0.0005650402745231986,-0.7900000214576721,0.0,0.0,-0.20963072776794434,-0.20963072776794434,0.0,0.0,0.0,0.0,0.0,0.0,0.0,0.0,0.0,0.0,0.0,0.0
10,0.2,front_left_arm_to_hand,10,1.4999312162399292,-3.8513786648763926e-07,1.5,0.0,0.0,0.005502904299646616,0.005502904299646616,0.0,0.0,0.0,0.0,0.0,0.0,0.0,0.0,0.0,0.0,0.0,0.0
11,0.22,base_to_front_left_shoulder,2,0.008428297005593777,-8.213246474042535e-05,0.0,0.0,0.0,-0.6736905574798584,-0.6736905574798584,0.0,0.0,0.0,0.0,0.0,0.0,0.0,0.0,0.0,0.0,0.0,0.0
11,0.22,front_left_shoulder_to_arm,6,-0.7874598503112793,-0.0005650806124322116,-0.7900000214576721,0.0,0.0,-0.2042710781097412,-0.2042710781097412,0.0,0.0,0.0,0.0,0.0,0.0,0.0,0.0,0.0,0.0,0.0,0.0
11,0.22,front_left_arm_to_hand,10,1.4999312162399292,-3.815767968262662e-07,1.5,0.0,0.0,0.005502890795469284,0.005502890795469284,0.0,0.0,0.0,0.0,0.0,0.0,0.0,0.0,0.0,0.0,0.0,0.0
12,0.24,base_to_front_left_shoulder,2,0.00845510233193636,0.00023859593784436584,0.0,0.0,0.0,-0.6759967803955078,-0.6759967803955078,0.0,0.0,0.0,0.0,0.0,0.0,0.0,0.0,0.0,0.0,0.0,0.0
12,0.24,front_left_shoulder_to_arm,6,-0.7873972058296204,0.0016408530063927174,-0.7900000214576721,0.0,0.0,-0.20511581003665924,-0.20511581003665924,0.0,0.0,0.0,0.0,0.0,0.0,0.0,0.0,0.0,0.0,0.0,0.0
12,0.24,front_left_arm_to_hand,10,1.4999312162399292,1.1140716651425464e-06,1.5,0.0,0.0,0.005502158310264349,0.005502158310264349,0.0,0.0,0.0,0.0,0.0,0.0,0.0,0.0,0.0,0.0,0.0,0.0
13,0.26,base_to_front_left_shoulder,2,0.008481441996991634,-8.214556874008849e-05,0.0,0.0,0.0,-0.6779411435127258,-0.6779411435127258,0.0,0.0,0.0,0.0,0.0,0.0,0.0,0.0,0.0,0.0,0.0,0.0
13,0.26,front_left_shoulder_to_arm,6,-0.7874622941017151,-0.0005650540697388351,-0.7900000214576721,0.0,0.0,-0.20407558977603912,-0.20407558977603912,0.0,0.0,0.0,0.0,0.0,0.0,0.0,0.0,0.0,0.0,0.0,0.0
13,0.26,front_left_arm_to_hand,10,1.4999312162399292,-3.989105152868433e-07,1.5,0.0,0.0,0.005502893589437008,0.005502893589437008,0.0,0.0,0.0,0.0,0.0,0.0,0.0,0.0,0.0,0.0,0.0,0.0
14,0.28,base_to_front_left_shoulder,2,0.008508295752108097,0.0002391976595390588,0.0,0.0,0.0,-0.6802515387535095,-0.6802515387535095,0.0,0.0,0.0,0.0,0.0,0.0,0.0,0.0,0.0,0.0,0.0,0.0
14,0.28,front_left_shoulder_to_arm,6,-0.7873994708061218,0.00164510915055871,-0.7900000214576721,0.0,0.0,-0.20492713153362274,-0.20492713153362274,0.0,0.0,0.0,0.0,0.0,0.0,0.0,0.0,0.0,0.0,0.0,0.0
14,0.28,front_left_arm_to_hand,10,1.4999312162399292,1.1102010830654763e-06,1.5,0.0,0.0,0.005502158310264349,0.005502158310264349,0.0,0.0,0.0,0.0,0.0,0.0,0.0,0.0,0.0,0.0,0.0,0.0
15,0.3,base_to_front_left_shoulder,2,0.008534681983292103,-8.213656838051975e-05,0.0,0.0,0.0,-0.6821994185447693,-0.6821994185447693,0.0,0.0,0.0,0.0,0.0,0.0,0.0,0.0,0.0,0.0,0.0,0.0
15,0.3,front_left_shoulder_to_arm,6,-0.7874645590782166,-0.0005650677485391498,-0.7900000214576721,0.0,0.0,-0.20389439165592194,-0.20389439165592194,0.0,0.0,0.0,0.0,0.0,0.0,0.0,0.0,0.0,0.0,0.0,0.0
15,0.3,front_left_arm_to_hand,10,1.4999312162399292,-3.808065116572834e-07,1.5,0.0,0.0,0.0055028945207595825,0.0055028945207595825,0.0,0.0,0.0,0.0,0.0,0.0,0.0,0.0,0.0,0.0,0.0,0.0
16,0.32,base_to_front_left_shoulder,2,0.008561518974602222,-8.188759238692e-05,0.0,0.0,0.0,-0.6843495965003967,-0.6843495965003967,0.0,0.0,0.0,0.0,0.0,0.0,0.0,0.0,0.0,0.0,0.0,0.0
16,0.32,front_left_shoulder_to_arm,6,-0.7874662280082703,-0.0005633403197862208,-0.7900000214576721,0.0,0.0,-0.20378653705120087,-0.20378653705120087,0.0,0.0,0.0,0.0,0.0,0.0,0.0,0.0,0.0,0.0,0.0,0.0
16,0.32,front_left_arm_to_hand,10,1.4999312162399292,-3.7917288864264265e-07,1.5,0.0,0.0,0.0055028703063726425,0.0055028703063726425,0.0,0.0,0.0,0.0,0.0,0.0,0.0,0.0,0.0,0.0,0.0,0.0
17,0.34,base_to_front_left_shoulder,2,0.008588391356170177,-8.189440268324688e-05,0.0,0.0,0.0,-0.6864987015724182,-0.6864987015724182,0.0,0.0,0.0,0.0,0.0,0.0,0.0,0.0,0.0,0.0,0.0,0.0
17,0.34,front_left_shoulder_to_arm,6,-0.7874677777290344,-0.0005633559776470065,-0.7900000214576721,0.0,0.0,-0.20366258919239044,-0.20366258919239044,0.0,0.0,0.0,0.0,0.0,0.0,0.0,0.0,0.0,0.0,0.0,0.0
17,0.34,front_left_arm_to_hand,10,1.4999312162399292,-3.652045847957197e-07,1.5,0.0,0.0,0.005502869375050068,0.005502869375050068,0.0,0.0,0.0,0.0,0.0,0.0,0.0,0.0,0.0,0.0,0.0,0.0
18,0.36,base_to_front_left_shoulder,2,0.008615297265350819,-8.187678758986294e-05,0.0,0.0,0.0,-0.6886506080627441,-0.6886506080627441,0.0,0.0,0.0,0.0,0.0,0.0,0.0,0.0,0.0,0.0,0.0,0.0
18,0.36,front_left_shoulder_to_arm,6,-0.7874693274497986,-0.0005633380496874452,-0.7900000214576721,0.0,0.0,-0.2035386562347412,-0.2035386562347412,0.0,0.0,0.0,0.0,0.0,0.0,0.0,0.0,0.0,0.0,0.0,0.0
18,0.36,front_left_arm_to_hand,10,1.4999312162399292,-3.878572556459403e-07,1.5,0.0,0.0,0.005502879619598389,0.005502879619598389,0.0,0.0,0.0,0.0,0.0,0.0,0.0,0.0,0.0,0.0,0.0,0.0
19,0.38,base_to_front_left_shoulder,2,0.008642233908176422,-8.187711500795558e-05,0.0,0.0,0.0,-0.6908049583435059,-0.6908049583435059,0.0,0.0,0.0,0.0,0.0,0.0,0.0,0.0,0.0,0.0,0.0,0.0
19,0.38,front_left_shoulder_to_arm,6,-0.7874707579612732,-0.0005633441032841802,-0.7900000214576721,0.0,0.0,-0.20342424511909485,-0.20342424511909485,0.0,0.0,0.0,0.0,0.0,0.0,0.0,0.0,0.0,0.0,0.0,0.0
19,0.38,front_left_arm_to_hand,10,1.4999312162399292,-3.8112222000563634e-07,1.5,0.0,0.0,0.005502874031662941,0.005502874031662941,0.0,0.0,0.0,0.0,0.0,0.0,0.0,0.0,0.0,0.0,0.0,0.0
20,0.4,base_to_front_left_shoulder,2,0.008668784983456135,-7.301873120013624e-05,0.0,0.0,0.0,-0.6930951476097107,-0.6930951476097107,0.0,0.0,0.0,0.0,0.0,0.0,0.0,0.0,0.0,0.0,0.0,0.0
20,0.4,front_left_shoulder_to_arm,6,-0.787406861782074,-0.0005024689598940313,-0.7900000214576721,0.0,0.0,-0.2094603031873703,-0.2094603031873703,0.0,0.0,0.0,0.0,0.0,0.0,0.0,0.0,0.0,0.0,0.0,0.0
20,0.4,front_left_arm_to_hand,10,1.4999312162399292,-3.3034513080565375e-07,1.5,0.0,0.0,0.0055021424777805805,0.0055021424777805805,0.0,0.0,0.0,0.0,0.0,0.0,0.0,0.0,0.0,0.0,0.0,0.0
21,0.42,base_to_front_left_shoulder,2,0.008695157244801521,-8.214123226935044e-05,0.0,0.0,0.0,-0.695033609867096,-0.695033609867096,0.0,0.0,0.0,0.0,0.0,0.0,0.0,0.0,0.0,0.0,0.0,0.0
21,0.42,front_left_shoulder_to_arm,6,-0.7874737977981567,-0.0005650711827911437,-0.7900000214576721,0.0,0.0,-0.2031552642583847,-0.2031552642583847,0.0,0.0,0.0,0.0,0.0,0.0,0.0,0.0,0.0,0.0,0.0,0.0
21,0.42,front_left_arm_to_hand,10,1.4999312162399292,-3.7626330140483333e-07,1.5,0.0,0.0,0.0055028898641467094,0.0055028898641467094,0.0,0.0,0.0,0.0,0.0,0.0,0.0,0.0,0.0,0.0,0.0,0.0
22,0.44,base_to_front_left_shoulder,2,0.008680365048348904,-8.211748354369774e-05,0.0,0.0,0.0,-0.6938521862030029,-0.6938521862030029,0.0,0.0,0.0,0.0,0.0,0.0,0.0,0.0,0.0,0.0,0.0,0.0
22,0.44,front_left_shoulder_to_arm,6,-0.7874691486358643,-0.0005650174571201205,-0.7900000214576721,0.0,0.0,-0.20352816581726074,-0.20352816581726074,0.0,0.0,0.0,0.0,0.0,0.0,0.0,0.0,0.0,0.0,0.0,0.0
22,0.44,front_left_arm_to_hand,10,1.4999312162399292,-3.841193461084913e-07,1.5,0.0,0.0,0.005502893589437008,0.005502893589437008,0.0,0.0,0.0,0.0,0.0,0.0,0.0,0.0,0.0,0.0,0.0,0.0
23,0.46,base_to_front_left_shoulder,2,0.008665566332638264,0.00025519102928228676,0.0,0.0,0.0,-0.6960098743438721,-0.6960098743438721,0.0,0.0,0.0,0.0,0.0,0.0,0.0,0.0,0.0,0.0,0.0,0.0
23,0.46,front_left_shoulder_to_arm,6,-0.7874019742012024,0.0017560874111950397,-0.7900000214576721,0.0,0.0,-0.20343855023384094,-0.20343855023384094,0.0,0.0,0.0,0.0,0.0,0.0,0.0,0.0,0.0,0.0,0.0,0.0
23,0.46,front_left_arm_to_hand,10,1.4999312162399292,1.2024919442410464e-06,1.5,0.0,0.0,0.0055028838105499744,0.0055028838105499744,0.0,0.0,0.0,0.0,0.0,0.0,0.0,0.0,0.0,0.0,0.0,0.0
24,0.48,base_to_front_left_shoulder,2,0.00869201309978962,-8.211885142372921e-05,0.0,0.0,0.0,-0.6947848796844482,-0.6947848796844482,0.0,0.0,0.0,0.0,0.0,0.0,0.0,0.0,0.0,0.0,0.0,0.0
24,0.48,front_left_shoulder_to_arm,6,-0.7874668836593628,-0.0005650609964504838,-0.7900000214576721,0.0,0.0,-0.20370842516422272,-0.20370842516422272,0.0,0.0,0.0,0.0,0.0,0.0,0.0,0.0,0.0,0.0,0.0,0.0
24,0.48,front_left_arm_to_hand,10,1.4999312162399292,-3.981239729000663e-07,1.5,0.0,0.0,0.0055028959177434444,0.0055028959177434444,0.0,0.0,0.0,0.0,0.0,0.0,0.0,0.0,0.0,0.0,0.0,0.0
25,0.5,base_to_front_left_shoulder,2,0.008677220903337002,-8.213445107685402e-05,0.0,0.0,0.0,-0.6936034560203552,-0.6936034560203552,0.0,0.0,0.0,0.0,0.0,0.0,0.0,0.0,0.0,0.0,0.0,0.0
25,0.5,front_left_shoulder_to_arm,6,-0.787462592124939,-0.0005650217644870281,-0.7900000214576721,0.0,0.0,-0.20405267179012299,-0.20405267179012299,0.0,0.0,0.0,0.0,0.0,0.0,0.0,0.0,0.0,0.0,0.0,0.0
25,0.5,front_left_arm_to_hand,10,1.4999312162399292,-3.738658733709599e-07,1.5,0.0,0.0,0.005502896849066019,0.005502896849066019,0.0,0.0,0.0,0.0,0.0,0.0,0.0,0.0,0.0,0.0,0.0,0.0
26,0.52,base_to_front_left_shoulder,2,0.008662692271173,0.00023967830929905176,0.0,0.0,0.0,-0.6926206946372986,-0.6926206946372986,0.0,0.0,0.0,0.0,0.0,0.0,0.0,0.0,0.0,0.0,0.0,0.0
26,0.52,front_left_shoulder_to_arm,6,-0.7873932123184204,0.001648338045924902,-0.7900000214576721,0.0,0.0,-0.2055319845676422,-0.2055319845676422,0.0,0.0,0.0,0.0,0.0,0.0,0.0,0.0,0.0,0.0,0.0,0.0
26,0.52,front_left_arm_to_hand,10,1.4999312162399292,1.126310166910116e-06,1.5,0.0,0.0,0.005502081010490656,0.005502081010490656,0.0,0.0,0.0,0.0,0.0,0.0,0.0,0.0,0.0,0.0,0.0,0.0
27,0.54,base_to_front_left_shoulder,2,0.008688945323228836,-8.212246029870585e-05,0.0,0.0,0.0,-0.6945431232452393,-0.6945431232452393,0.0,0.0,0.0,0.0,0.0,0.0,0.0,0.0,0.0,0.0,0.0,0.0
27,0.54,front_left_shoulder_to_arm,6,-0.7874583005905151,-0.0005650676321238279,-0.7900000214576721,0.0,0.0,-0.20439507067203522,-0.20439507067203522,0.0,0.0,0.0,0.0,0.0,0.0,0.0,0.0,0.0,0.0,0.0,0.0
27,0.54,front_left_arm_to_hand,10,1.4999312162399292,-3.856462740259303e-07,1.5,0.0,0.0,0.005502890329807997,0.005502890329807997,0.0,0.0,0.0,0.0,0.0,0.0,0.0,0.0,0.0,0.0,0.0,0.0
28,0.56,base_to_front_left_shoulder,2,0.008674179203808308,-8.184205944417045e-05,0.0,0.0,0.0,-0.6933681964874268,-0.6933681964874268,0.0,0.0,0.0,0.0,0.0,0.0,0.0,0.0,0.0,0.0,0.0,0.0
28,0.56,front_left_shoulder_to_arm,6,-0.7874535918235779,-0.0005631495150737464,-0.7900000214576721,0.0,0.0,-0.20480051636695862,-0.20480051636695862,0.0,0.0,0.0,0.0,0.0,0.0,0.0,0.0,0.0,0.0,0.0,0.0
28,0.56,front_left_arm_to_hand,10,1.4999312162399292,-3.828329795396712e-07,1.5,0.0,0.0,0.00550287589430809,0.00550287589430809,0.0,0.0,0.0,0.0,0.0,0.0,0.0,0.0,0.0,0.0,0.0,0.0
29,0.58,base_to_front_left_shoulder,2,0.00870085135102272,0.00023702700855210423,0.0,0.0,0.0,-0.6956585049629211,-0.6956585049629211,0.0,0.0,0.0,0.0,0.0,0.0,0.0,0.0,0.0,0.0,0.0,0.0
29,0.58,front_left_shoulder_to_arm,6,-0.7873916625976562,0.0016301344148814678,-0.7900000214576721,0.0,0.0,-0.20558735728263855,-0.20558735728263855,0.0,0.0,0.0,0.0,0.0,0.0,0.0,0.0,0.0,0.0,0.0,0.0
29,0.58,front_left_arm_to_hand,10,1.4999312162399292,1.0982345202137367e-06,1.5,0.0,0.0,0.005502159241586924,0.005502159241586924,0.0,0.0,0.0,0.0,0.0,0.0,0.0,0.0,0.0,0.0,0.0,0.0
30,0.6,base_to_front_left_shoulder,2,0.008684869855642319,-8.184211765183136e-05,0.0,0.0,0.0,-0.6942509412765503,-0.6942509412765503,0.0,0.0,0.0,0.0,0.0,0.0,0.0,0.0,0.0,0.0,0.0,0.0
30,0.6,front_left_shoulder_to_arm,6,-0.7873885631561279,-0.0005632215761579573,-0.7900000214576721,0.0,0.0,-0.21000123023986816,-0.21000123023986816,0.0,0.0,0.0,0.0,0.0,0.0,0.0,0.0,0.0,0.0,0.0,0.0
30,0.6,front_left_arm_to_hand,10,1.4999312162399292,-3.967285806538712e-07,1.5,0.0,0.0,0.005502874962985516,0.005502874962985516,0.0,0.0,0.0,0.0,0.0,0.0,0.0,0.0,0.0,0.0,0.0,0.0
31,0.62,base_to_front_left_shoulder,2,0.008669069968163967,0.00025098404148593545,0.0,0.0,0.0,-0.6962965130805969,-0.6962965130805969,0.0,0.0,0.0,0.0,0.0,0.0,0.0,0.0,0.0,0.0,0.0,0.0
31,0.62,front_left_shoulder_to_arm,6,-0.7873878479003906,0.0017272348050028086,-0.7900000214576721,0.0,0.0,-0.20461440086364746,-0.20461440086364746,0.0,0.0,0.0,0.0,0.0,0.0,0.0,0.0,0.0,0.0,0.0,0.0
31,0.62,front_left_arm_to_hand,10,1.4999312162399292,1.1792780014729942e-06,1.5,0.0,0.0,0.005502890329807997,0.005502890329807997,0.0,0.0,0.0,0.0,0.0,0.0,0.0,0.0,0.0,0.0,0.0,0.0
32,0.64,base_to_front_left_shoulder,2,0.008695214055478573,-8.212507236748934e-05,0.0,0.0,0.0,-0.6950469613075256,-0.6950469613075256,0.0,0.0,0.0,0.0,0.0,0.0,0.0,0.0,0.0,0.0,0.0,0.0
32,0.64,front_left_shoulder_to_arm,6,-0.7874528169631958,-0.0005650504026561975,-0.7900000214576721,0.0,0.0,-0.2048337757587433,-0.2048337757587433,0.0,0.0,0.0,0.0,0.0,0.0,0.0,0.0,0.0,0.0,0.0,0.0
32,0.64,front_left_arm_to_hand,10,1.4999312162399292,-3.901483296431252e-07,1.5,0.0,0.0,0.005502895452082157,0.005502895452082157,0.0,0.0,0.0,0.0,0.0,0.0,0.0,0.0,0.0,0.0,0.0,0.0
33,0.66,base_to_front_left_shoulder,2,0.00868010614067316,-8.21244902908802e-05,0.0,0.0,0.0,-0.693839967250824,-0.693839967250824,0.0,0.0,0.0,0.0,0.0,0.0,0.0,0.0,0.0,0.0,0.0,0.0
33,0.66,front_left_shoulder_to_arm,6,-0.787449300289154,-0.0005650161765515804,-0.7900000214576721,0.0,0.0,-0.20511601865291595,-0.20511601865291595,0.0,0.0,0.0,0.0,0.0,0.0,0.0,0.0,0.0,0.0,0.0,0.0
33,0.66,front_left_arm_to_hand,10,1.4999312162399292,-3.8869404761499027e-07,1.5,0.0,0.0,0.005502894055098295,0.005502894055098295,0.0,0.0,0.0,0.0,0.0,0.0,0.0,0.0,0.0,0.0,0.0,0.0
34,0.68,base_to_front_left_shoulder,2,0.008665550500154495,-7.231735798995942e-05,0.0,0.0,0.0,-0.6928315162658691,-0.6928315162658691,0.0,0.0,0.0,0.0,0.0,0.0,0.0,0.0,0.0,0.0,0.0,0.0
34,0.68,front_left_shoulder_to_arm,6,-0.7874442338943481,-0.0004976202035322785,-0.7900000214576721,0.0,0.0,-0.20653648674488068,-0.20653648674488068,0.0,0.0,0.0,0.0,0.0,0.0,0.0,0.0,0.0,0.0,0.0,0.0
34,0.68,front_left_arm_to_hand,10,1.4999312162399292,-3.2853387210707297e-07,1.5,0.0,0.0,0.005502087529748678,0.005502087529748678,0.0,0.0,0.0,0.0,0.0,0.0,0.0,0.0,0.0,0.0,0.0,0.0
35,0.7000000000000001,base_to_front_left_shoulder,2,0.008692442439496517,0.000231737649301067,0.0,0.0,0.0,-0.694822371006012,-0.694822371006012,0.0,0.0,0.0,0.0,0.0,0.0,0.0,0.0,0.0,0.0,0.0,0.0
35,0.7000000000000001,front_left_shoulder_to_arm,6,-0.7874470949172974,0.0015934982802718878,-0.7900000214576721,0.0,0.0,-0.2001654952764511,-0.2001654952764511,0.0,0.0,0.0,0.0,0.0,0.0,0.0,0.0,0.0,0.0,0.0,0.0
35,0.7000000000000001,front_left_arm_to_hand,10,1.4999312162399292,1.0821496516655316e-06,1.5,0.0,0.0,0.005502894055098295,0.005502894055098295,0.0,0.0,0.0,0.0,0.0,0.0,0.0,0.0,0.0,0.0,0.0,0.0
36,0.72,base_to_front_left_shoulder,2,0.008676906116306782,-7.27808874216862e-05,0.0,0.0,0.0,-0.6937605738639832,-0.6937605738639832,0.0,0.0,0.0,0.0,0.0,0.0,0.0,0.0,0.0,0.0,0.0,0.0
36,0.72,front_left_shoulder_to_arm,6,-0.7873782515525818,-0.0005008488660678267,-0.7900000214576721,0.0,0.0,-0.21177248656749725,-0.21177248656749725,0.0,0.0,0.0,0.0,0.0,0.0,0.0,0.0,0.0,0.0,0.0,0.0
36,0.72,front_left_arm_to_hand,10,1.4999312162399292,-3.5235729001215077e-07,1.5,0.0,0.0,0.005502123385667801,0.005502123385667801,0.0,0.0,0.0,0.0,0.0,0.0,0.0,0.0,0.0,0.0,0.0,0.0
37,0.74,base_to_front_left_shoulder,2,0.008702670224010944,-8.211395470425487e-05,0.0,0.0,0.0,-0.6956467032432556,-0.6956467032432556,0.0,0.0,0.0,0.0,0.0,0.0,0.0,0.0,0.0,0.0,0.0,0.0
37,0.74,front_left_shoulder_to_arm,6,-0.7874451875686646,-0.0005650673410855234,-0.7900000214576721,0.0,0.0,-0.2054440826177597,-0.2054440826177597,0.0,0.0,0.0,0.0,0.0,0.0,0.0,0.0,0.0,0.0,0.0,0.0
37,0.74,front_left_arm_to_hand,10,1.4999312162399292,-3.702578510456078e-07,1.5,0.0,0.0,0.005502885207533836,0.005502885207533836,0.0,0.0,0.0,0.0,0.0,0.0,0.0,0.0,0.0,0.0,0.0,0.0
38,0.76,base_to_front_left_shoulder,2,0.008687198162078857,-8.21052526589483e-05,0.0,0.0,0.0,-0.6944104433059692,-0.6944104433059692,0.0,0.0,0.0,0.0,0.0,0.0,0.0,0.0,0.0,0.0,0.0,0.0
38,0.76,front_left_shoulder_to_arm,6,-0.7874420285224915,-0.0005650100647471845,-0.7900000214576721,0.0,0.0,-0.20569774508476257,-0.20569774508476257,0.0,0.0,0.0,0.0,0.0,0.0,0.0,0.0,0.0,0.0,0.0,0.0
38,0.76,front_left_arm_to_hand,10,1.4999312162399292,-3.9029225717968075e-07,1.5,0.0,0.0,0.005502893123775721,0.005502893123775721,0.0,0.0,0.0,0.0,0.0,0.0,0.0,0.0,0.0,0.0,0.0,0.0
39,0.78,base_to_front_left_shoulder,2,0.008672244846820831,-8.184863690985367e-05,0.0,0.0,0.0,-0.6932200193405151,-0.6932200193405151,0.0,0.0,0.0,0.0,0.0,0.0,0.0,0.0,0.0,0.0,0.0,0.0
39,0.78,front_left_shoulder_to_arm,6,-0.7874382138252258,-0.0005631824606098235,-0.7900000214576721,0.0,0.0,-0.20603035390377045,-0.20603035390377045,0.0,0.0,0.0,0.0,0.0,0.0,0.0,0.0,0.0,0.0,0.0,0.0
39,0.78,front_left_arm_to_hand,10,1.4999312162399292,-3.8486996345454827e-07,1.5,0.0,0.0,0.00550287077203393,0.00550287077203393,0.0,0.0,0.0,0.0,0.0,0.0,0.0,0.0,0.0,0.0,0.0,0.0
40,0.8,base_to_front_left_shoulder,2,0.008657620288431644,0.0002631155657581985,0.0,0.0,0.0,-0.695349931716919,-0.695349931716919,0.0,0.0,0.0,0.0,0.0,0.0,0.0,0.0,0.0,0.0,0.0,0.0
40,0.8,front_left_shoulder_to_arm,6,-0.787434995174408,0.001810435438528657,-0.7900000214576721,0.0,0.0,-0.20064233243465424,-0.20064233243465424,0.0,0.0,0.0,0.0,0.0,0.0,0.0,0.0,0.0,0.0,0.0,0.0
40,0.8,front_left_arm_to_hand,10,1.4999312162399292,1.2212057072247262e-06,1.5,0.0,0.0,0.005502897314727306,0.005502897314727306,0.0,0.0,0.0,0.0,0.0,0.0,0.0,0.0,0.0,0.0,0.0,0.0
41,0.8200000000000001,base_to_front_left_shoulder,2,0.008684501051902771,0.000228946068091318,0.0,0.0,0.0,-0.6941916346549988,-0.6941916346549988,0.0,0.0,0.0,0.0,0.0,0.0,0.0,0.0,0.0,0.0,0.0,0.0
41,0.8200000000000001,front_left_shoulder_to_arm,6,-0.7874362468719482,0.0015743810217827559,-0.7900000214576721,0.0,0.0,-0.20107151567935944,-0.20107151567935944,0.0,0.0,0.0,0.0,0.0,0.0,0.0,0.0,0.0,0.0,0.0,0.0
41,0.8200000000000001,front_left_arm_to_hand,10,1.4999312162399292,1.0674505119823152e-06,1.5,0.0,0.0,0.005502899643033743,0.005502899643033743,0.0,0.0,0.0,0.0,0.0,0.0,0.0,0.0,0.0,0.0,0.0,0.0
42,0.84,base_to_front_left_shoulder,2,0.008669774048030376,-7.243099389597774e-05,0.0,0.0,0.0,-0.6931737661361694,-0.6931737661361694,0.0,0.0,0.0,0.0,0.0,0.0,0.0,0.0,0.0,0.0,0.0,0.0
42,0.84,front_left_shoulder_to_arm,6,-0.7874300479888916,-0.000498338951729238,-0.7900000214576721,0.0,0.0,-0.20765899121761322,-0.20765899121761322,0.0,0.0,0.0,0.0,0.0,0.0,0.0,0.0,0.0,0.0,0.0,0.0
42,0.84,front_left_arm_to_hand,10,1.4999312162399292,-3.395954308871296e-07,1.5,0.0,0.0,0.00550208892673254,0.00550208892673254,0.0,0.0,0.0,0.0,0.0,0.0,0.0,0.0,0.0,0.0,0.0,0.0
43,0.86,base_to_front_left_shoulder,2,0.008696367964148521,0.0002282406494487077,0.0,0.0,0.0,-0.6951422095298767,-0.6951422095298767,0.0,0.0,0.0,0.0,0.0,0.0,0.0,0.0,0.0,0.0,0.0,0.0
43,0.86,front_left_shoulder_to_arm,6,-0.7874335646629333,0.0015695302281528711,-0.7900000214576721,0.0,0.0,-0.20130036771297455,-0.20130036771297455,0.0,0.0,0.0,0.0,0.0,0.0,0.0,0.0,0.0,0.0,0.0,0.0
43,0.86,front_left_arm_to_hand,10,1.4999312162399292,1.079612616194936e-06,1.5,0.0,0.0,0.005502891261130571,0.005502891261130571,0.0,0.0,0.0,0.0,0.0,0.0,0.0,0.0,0.0,0.0,0.0,0.0
44,0.88,base_to_front_left_shoulder,2,0.008681165985763073,-8.185127808246762e-05,0.0,0.0,0.0,-0.6939378976821899,-0.6939378976821899,0.0,0.0,0.0,0.0,0.0,0.0,0.0,0.0,0.0,0.0,0.0,0.0
44,0.88,front_left_shoulder_to_arm,6,-0.7874283194541931,-0.0005631805979646742,-0.7900000214576721,0.0,0.0,-0.2068217247724533,-0.2068217247724533,0.0,0.0,0.0,0.0,0.0,0.0,0.0,0.0,0.0,0.0,0.0,0.0
44,0.88,front_left_arm_to_hand,10,1.4999312162399292,-3.848375627057976e-07,1.5,0.0,0.0,0.005502874031662941,0.005502874031662941,0.0,0.0,0.0,0.0,0.0,0.0,0.0,0.0,0.0,0.0,0.0,0.0
45,0.9,base_to_front_left_shoulder,2,0.00866625551134348,-7.246679888339713e-05,0.0,0.0,0.0,-0.6928939819335938,-0.6928939819335938,0.0,0.0,0.0,0.0,0.0,0.0,0.0,0.0,0.0,0.0,0.0,0.0
45,0.9,front_left_shoulder_to_arm,6,-0.7874243855476379,-0.0004986479179933667,-0.7900000214576721,0.0,0.0,-0.20811116695404053,-0.20811116695404053,0.0,0.0,0.0,0.0,0.0,0.0,0.0,0.0,0.0,0.0,0.0,0.0
45,0.9,front_left_arm_to_hand,10,1.4999312162399292,-3.5162355516149546e-07,1.5,0.0,0.0,0.005502097774296999,0.005502097774296999,0.0,0.0,0.0,0.0,0.0,0.0,0.0,0.0,0.0,0.0,0.0,0.0
46,0.92,base_to_front_left_shoulder,2,0.008692999370396137,-8.21403882582672e-05,0.0,0.0,0.0,-0.6948534250259399,-0.6948534250259399,0.0,0.0,0.0,0.0,0.0,0.0,0.0,0.0,0.0,0.0,0.0,0.0
46,0.92,front_left_shoulder_to_arm,6,-0.7874913215637207,-0.0005650793318636715,-0.7900000214576721,0.0,0.0,-0.20175336301326752,-0.20175336301326752,0.0,0.0,0.0,0.0,0.0,0.0,0.0,0.0,0.0,0.0,0.0,0.0
46,0.92,front_left_arm_to_hand,10,1.4999312162399292,-3.7201988334345515e-07,1.5,0.0,0.0,0.0055028959177434444,0.0055028959177434444,0.0,0.0,0.0,0.0,0.0,0.0,0.0,0.0,0.0,0.0,0.0,0.0
47,0.9400000000000001,base_to_front_left_shoulder,2,0.008677786216139793,-8.184956095647067e-05,0.0,0.0,0.0,-0.6936706304550171,-0.6936706304550171,0.0,0.0,0.0,0.0,0.0,0.0,0.0,0.0,0.0,0.0,0.0,0.0
47,0.9400000000000001,front_left_shoulder_to_arm,6,-0.7874205112457275,-0.0005632659886032343,-0.7900000214576721,0.0,0.0,-0.20744486153125763,-0.20744486153125763,0.0,0.0,0.0,0.0,0.0,0.0,0.0,0.0,0.0,0.0,0.0,0.0
47,0.9400000000000001,front_left_arm_to_hand,10,1.4999312162399292,-3.9191598943943973e-07,1.5,0.0,0.0,0.005502869375050068,0.005502869375050068,0.0,0.0,0.0,0.0,0.0,0.0,0.0,0.0,0.0,0.0,0.0,0.0
48,0.96,base_to_front_left_shoulder,2,0.008662707172334194,0.0002588163479231298,0.0,0.0,0.0,-0.6957705616950989,-0.6957705616950989,0.0,0.0,0.0,0.0,0.0,0.0,0.0,0.0,0.0,0.0,0.0,0.0
48,0.96,front_left_shoulder_to_arm,6,-0.7874181866645813,0.001780959777534008,-0.7900000214576721,0.0,0.0,-0.20205853879451752,-0.20205853879451752,0.0,0.0,0.0,0.0,0.0,0.0,0.0,0.0,0.0,0.0,0.0,0.0
48,0.96,front_left_arm_to_hand,10,1.4999312162399292,1.2093771601939807e-06,1.5,0.0,0.0,0.005502890329807997,0.005502890329807997,0.0,0.0,0.0,0.0,0.0,0.0,0.0,0.0,0.0,0.0,0.0,0.0
49,0.98,base_to_front_left_shoulder,2,0.008689499460160732,-8.213056571548805e-05,0.0,0.0,0.0,-0.6945770382881165,-0.6945770382881165,0.0,0.0,0.0,0.0,0.0,0.0,0.0,0.0,0.0,0.0,0.0,0.0
49,0.98,front_left_shoulder_to_arm,6,-0.7874830365180969,-0.0005650711827911437,-0.7900000214576721,0.0,0.0,-0.20241621136665344,-0.20241621136665344,0.0,0.0,0.0,0.0,0.0,0.0,0.0,0.0,0.0,0.0,0.0,0.0
49,0.98,front_left_arm_to_hand,10,1.4999312162399292,-3.817228844127385e-07,1.5,0.0,0.0,0.00550290010869503,0.00550290010869503,0.0,0.0,0.0,0.0,0.0,0.0,0.0,0.0,0.0,0.0,0.0,0.0
50,1.0,base_to_front_left_shoulder,2,0.09354964643716812,5.159015655517578,0.10000000149011612,0.0,0.0,0.08307933807373047,0.08307933807373047,0.0,0.0,0.4000000059604645,0.0,0.0,0.0,0.4000000059604645,0.0,0.0,0.0,0.4000000059604645,0.0
50,1.0,front_left_shoulder_to_arm,6,-0.718497097492218,6.275974750518799,-0.6899999976158142,0.0,0.0,2.1486425399780273,2.1486425399780273,0.0,0.0,0.4000000059604645,0.0,0.0,0.0,0.4000000059604645,0.0,0.0,0.0,0.4000000059604645,0.0
50,1.0,front_left_arm_to_hand,10,1.5853279829025269,2.284661054611206,1.600000023841858,0.0,0.0,0.6319007873535156,0.6319007873535156,0.0,0.0,0.4000000059604645,0.0,0.0,0.0,0.4000000059604645,0.0,0.0,0.0,0.4000000059604645,0.0
51,1.02,base_to_front_left_shoulder,2,0.15368250012397766,1.0680662393569946,0.10000000149011612,0.0,0.0,-5.107295036315918,-5.107295036315918,0.0,0.0,0.4000000059604645,0.0,0.0,0.0,0.4000000059604645,0.0,0.0,0.0,0.4000000059604645,0.0
51,1.02,front_left_shoulder_to_arm,6,-0.6280825734138489,2.609023332595825,-0.6899999976158142,0.0,0.0,-5.939041614532471,-5.939041614532471,0.0,0.0,0.4000000059604645,0.0,0.0,0.0,0.4000000059604645,0.0,0.0,0.0,0.4000000059604645,0.0
51,1.02,front_left_arm_to_hand,10,1.6254414319992065,1.4064836502075195,1.600000023841858,0.0,0.0,-2.465851306915283,-2.465851306915283,0.0,0.0,0.4000000059604645,0.0,0.0,0.0,0.4000000059604645,0.0,0.0,0.0,0.4000000059604645,0.0
52,1.04,base_to_front_left_shoulder,2,0.12284383177757263,-2.443101406097412,0.10000000149011612,0.0,0.0,-1.7553478479385376,-1.7553478479385376,0.0,0.0,0.4000000059604645,0.0,0.0,0.0,0.4000000059604645,0.0,0.0,0.0,0.4000000059604645,0.0
52,1.04,front_left_shoulder_to_arm,6,-0.6444931626319885,-2.477660655975342,-0.6899999976158142,0.0,0.0,-3.8550808429718018,-3.8550808429718018,0.0,0.0,0.4000000059604645,0.0,0.0,0.0,0.4000000059604645,0.0,0.0,0.0,0.4000000059604645,0.0
52,1.04,front_left_arm_to_hand,10,1.6197742223739624,-1.1517608165740967,1.600000023841858,0.0,0.0,-1.7053020000457764,-1.7053020000457764,0.0,0.0,0.4000000059604645,0.0,0.0,0.0,0.4000000059604645,0.0,0.0,0.0,0.4000000059604645,0.0
53,1.06,base_to_front_left_shoulder,2,0.08784663677215576,-0.9360241889953613,0.10000000149011612,0.0,0.0,1.3776860237121582,1.3776860237121582,0.0,0.0,0.4000000059604645,0.0,0.0,0.0,0.4000000059604645,0.0,0.0,0.0,0.4000000059604645,0.0
53,1.06,front_left_shoulder_to_arm,6,-0.7046027779579163,-2.635542631149292,-0.6899999976158142,0.0,0.0,1.6590373516082764,1.6590373516082764,0.0,0.0,0.4000000059604645,0.0,0.0,0.0,0.4000000059604645,0.0,0.0,0.0,0.4000000059604645,0.0
53,1.06,front_left_arm_to_hand,10,1.5917094945907593,-1.2273787260055542,1.600000023841858,0.0,0.0,0.8917149901390076,0.8917149901390076,0.0,0.0,0.4000000059604645,0.0,0.0,0.0,0.4000000059604645,0.0,0.0,0.0,0.4000000059604645,0.0
54,1.08,base_to_front_left_shoulder,2,0.09523794054985046,0.9124028086662292,0.10000000149011612,0.0,0.0,0.4218050241470337,0.4218050241470337,0.0,0.0,0.4000000059604645,0.0,0.0,0.0,0.4000000059604645,0.0,0.0,0.0,0.4000000059604645,0.0
54,1.08,front_left_shoulder_to_arm,6,-0.7199626564979553,0.4093007743358612,-0.6899999976158142,0.0,0.0,2.7350056171417236,2.7350056171417236,0.0,0.0,0.4000000059604645,0.0,0.0,0.0,0.4000000059604645,0.0,0.0,0.0,0.4000000059604645,0.0
54,1.08,front_left_arm_to_hand,10,1.584027647972107,0.15020383894443512,1.600000023841858,0.0,0.0,1.436387300491333,1.436387300491333,0.0,0.0,0.4000000059604645,0.0,0.0,0.0,0.4000000059604645,0.0,0.0,0.0,0.4000000059604645,0.0
55,1.1,base_to_front_left_shoulder,2,0.11279106140136719,0.6414421200752258,0.10000000149011612,0.0,0.0,-1.1938496828079224,-1.1938496828079224,0.0,0.0,0.4000000059604645,0.0,0.0,0.0,0.4000000059604645,0.0,0.0,0.0,0.4000000059604645,0.0
55,1.1,front_left_shoulder_to_arm,6,-0.6901822686195374,1.739150047302246,-0.6899999976158142,0.0,0.0,-0.1444675326347351,-0.1444675326347351,0.0,0.0,0.4000000059604645,0.0,0.0,0.0,0.4000000059604645,0.0,0.0,0.0,0.4000000059604645,0.0
55,1.1,front_left_arm_to_hand,10,1.5976217985153198,0.8217982649803162,1.600000023841858,0.0,0.0,0.1240658164024353,0.1240658164024353,0.0,0.0,0.4000000059604645,0.0,0.0,0.0,0.4000000059604645,0.0,0.0,0.0,0.4000000059604645,0.0
56,1.12,base_to_front_left_shoulder,2,0.11379173398017883,-0.25295984745025635,0.10000000149011612,0.0,0.0,-1.1642435789108276,-1.1642435789108276,0.0,0.0,0.4000000059604645,0.0,0.0,0.0,0.4000000059604645,0.0,0.0,0.0,0.4000000059604645,0.0
56,1.12,front_left_shoulder_to_arm,6,-0.6691024899482727,0.45248886942863464,-0.6899999976158142,0.0,0.0,-1.9365192651748657,-1.9365192651748657,0.0,0.0,0.4000000059604645,0.0,0.0,0.0,0.4000000059604645,0.0,0.0,0.0,0.4000000059604645,0.0
56,1.12,front_left_arm_to_hand,10,1.6080974340438843,0.24354353547096252,1.600000023841858,0.0,0.0,-0.7764649987220764,-0.7764649987220764,0.0,0.0,0.4000000059604645,0.0,0.0,0.0,0.4000000059604645,0.0,0.0,0.0,0.4000000059604645,0.0
57,1.1400000000000001,base_to_front_left_shoulder,2,0.10618668794631958,-0.34610897302627563,0.10000000149011612,0.0,0.0,-0.4330545663833618,-0.4330545663833618,0.0,0.0,0.4000000059604645,0.0,0.0,0.0,0.4000000059604645,0.0,0.0,0.0,0.4000000059604645,0.0
57,1.1400000000000001,front_left_shoulder_to_arm,6,-0.6783921122550964,-0.8480901718139648,-0.6899999976158142,0.0,0.0,-0.9372075796127319,-0.9372075796127319,0.0,0.0,0.4000000059604645,0.0,0.0,0.0,0.4000000059604645,0.0,0.0,0.0,0.4000000059604645,0.0
57,1.1400000000000001,front_left_arm_to_hand,10,1.6039537191390991,-0.3947039544582367,1.600000023841858,0.0,0.0,-0.329345166683197,-0.329345166683197,0.0,0.0,0.4000000059604645,0.0,0.0,0.0,0.4000000059604645,0.0,0.0,0.0,0.4000000059604645,0.0
58,1.16,base_to_front_left_shoulder,2,0.10371583700180054,6.01767169428058e-09,0.10000000149011612,0.0,0.0,-0.2632913589477539,-0.2632913589477539,0.0,0.0,0.4000000059604645,0.0,0.0,0.0,0.4000000059604645,0.0,0.0,0.0,0.4000000059604645,0.0
58,1.16,front_left_shoulder_to_arm,6,-0.6943880915641785,-0.5956958532333374,-0.6899999976158142,0.0,0.0,0.5032666921615601,0.5032666921615601,0.0,0.0,0.4000000059604645,0.0,0.0,0.0,0.4000000059604645,0.0,0.0,0.0,0.4000000059604645,0.0
58,1.16,front_left_arm_to_hand,10,1.5961560010910034,-0.2982740104198456,1.600000023841858,0.0,0.0,0.37950289249420166,0.37950289249420166,0.0,0.0,0.4000000059604645,0.0,0.0,0.0,0.4000000059604645,0.0,0.0,0.0,0.4000000059604645,0.0
59,1.18,base_to_front_left_shoulder,2,0.1060437560081482,0.13955852389335632,0.10000000149011612,0.0,0.0,-0.4966520667076111,-0.4966520667076111,0.0,0.0,0.4000000059604645,0.0,0.0,0.0,0.4000000059604645,0.0,0.0,0.0,0.4000000059604645,0.0
59,1.18,front_left_shoulder_to_arm,6,-0.6950563788414001,0.31544941663742065,-0.6899999976158142,0.0,0.0,0.4815989136695862,0.4815989136695862,0.0,0.0,0.4000000059604645,0.0,0.0,0.0,0.4000000059604645,0.0,0.0,0.0,0.4000000059604645,0.0
59,1.18,front_left_arm_to_hand,10,1.5952199697494507,3.740569809451699e-08,1.600000023841858,0.0,0.0,0.3824043273925781,0.3824043273925781,0.0,0.0,0.4000000059604645,0.0,0.0,0.0,0.4000000059604645,0.0,0.0,0.0,0.4000000059604645,0.0
60,1.2,base_to_front_left_shoulder,2,0.10794979333877563,0.04985317960381508,0.10000000149011612,0.0,0.0,-0.6571760773658752,-0.6571760773658752,0.0,0.0,0.4000000059604645,0.0,0.0,0.0,0.4000000059604645,0.0,0.0,0.0,0.4000000059604645,0.0
60,1.2,front_left_shoulder_to_arm,6,-0.6863049864768982,0.4490700364112854,-0.6899999976158142,0.0,0.0,-0.3542024791240692,-0.3542024791240692,0.0,0.0,0.4000000059604645,0.0,0.0,0.0,0.4000000059604645,0.0,0.0,0.0,0.4000000059604645,0.0
60,1.2,front_left_arm_to_hand,10,1.599953532218933,0.22092418372631073,1.600000023841858,0.0,0.0,-0.033391356468200684,-0.033391356468200684,0.0,0.0,0.4000000059604645,0.0,0.0,0.0,0.4000000059604645,0.0,0.0,0.0,0.4000000059604645,0.0
61,1.22,base_to_front_left_shoulder,2,0.10794644802808762,0.0001470814022468403,0.10000000149011612,0.0,0.0,-0.6357103586196899,-0.6357103586196899,0.0,0.0,0.4000000059604645,0.0,0.0,0.0,0.4000000059604645,0.0,0.0,0.0,0.4000000059604645,0.0
61,1.22,front_left_shoulder_to_arm,6,-0.6821994781494141,0.0012144867796450853,-0.6899999976158142,0.0,0.0,-0.7075443267822266,-0.7075443267822266,0.0,0.0,0.4000000059604645,0.0,0.0,0.0,0.4000000059604645,0.0,0.0,0.0,0.4000000059604645,0.0
61,1.22,front_left_arm_to_hand,10,1.6015247106552124,8.801239346212242e-07,1.600000023841858,0.0,0.0,-0.12197493761777878,-0.12197493761777878,0.0,0.0,0.4000000059604645,0.0,0.0,0.0,0.4000000059604645,0.0,0.0,0.0,0.4000000059604645,0.0
62,1.24,base_to_front_left_shoulder,2,0.10778237134218216,-0.034505996853113174,0.10000000149011612,0.0,0.0,-0.6363916397094727,-0.6363916397094727,0.0,0.0,0.4000000059604645,0.0,0.0,0.0,0.4000000059604645,0.0,0.0,0.0,0.4000000059604645,0.0
62,1.24,front_left_shoulder_to_arm,6,-0.686210036277771,-0.19401563704013824,-0.6899999976158142,0.0,0.0,-0.2475014328956604,-0.2475014328956604,0.0,0.0,0.4000000059604645,0.0,0.0,0.0,0.4000000059604645,0.0,0.0,0.0,0.4000000059604645,0.0
62,1.24,front_left_arm_to_hand,10,1.6005123853683472,-0.20248478651046753,1.600000023841858,0.0,0.0,-0.12197494506835938,-0.12197494506835938,0.0,0.0,0.4000000059604645,0.0,0.0,0.0,0.4000000059604645,0.0,0.0,0.0,0.4000000059604645,0.0
63,1.26,base_to_front_left_shoulder,2,0.10662303119897842,-0.0654812753200531,0.10000000149011612,0.0,0.0,-0.5261147022247314,-0.5261147022247314,0.0,0.0,0.4000000059604645,0.0,0.0,0.0,0.4000000059604645,0.0,0.0,0.0,0.4000000059604645,0.0
63,1.26,front_left_shoulder_to_arm,6,-0.689268171787262,-1.5057189273193217e-08,-0.6899999976158142,0.0,0.0,0.02875325083732605,0.02875325083732605,0.0,0.0,0.4000000059604645,0.0,0.0,0.0,0.4000000059604645,0.0,0.0,0.0,0.4000000059604645,0.0
63,1.26,front_left_arm_to_hand,10,1.5986875295639038,-0.18274739384651184,1.600000023841858,0.0,0.0,0.03190993890166283,0.03190993890166283,0.0,0.0,0.4000000059604645,0.0,0.0,0.0,0.4000000059604645,0.0,0.0,0.0,0.4000000059604645,0.0
64,1.28,base_to_front_left_shoulder,2,0.10639450699090958,1.4831584849162027e-09,0.10000000149011612,0.0,0.0,-0.5117416381835938,-0.5117416381835938,0.0,0.0,0.4000000059604645,0.0,0.0,0.0,0.4000000059604645,0.0,0.0,0.0,0.4000000059604645,0.0
64,1.28,front_left_shoulder_to_arm,6,-0.6881781220436096,0.10842671245336533,-0.6899999976158142,0.0,0.0,-0.145176500082016,-0.145176500082016,0.0,0.0,0.4000000059604645,0.0,0.0,0.0,0.4000000059604645,0.0,0.0,0.0,0.4000000059604645,0.0
64,1.28,front_left_arm_to_hand,10,1.5986875295639038,3.1128175592698426e-09,1.600000023841858,0.0,0.0,0.10499954968690872,0.10499954968690872,0.0,0.0,0.4000000059604645,0.0,0.0,0.0,0.4000000059604645,0.0,0.0,0.0,0.4000000059604645,0.0
65,1.3,base_to_front_left_shoulder,2,0.10638707876205444,-4.152570909354836e-08,0.10000000149011612,0.0,0.0,-0.5112016201019287,-0.5112016201019287,0.0,0.0,0.4000000059604645,0.0,0.0,0.0,0.4000000059604645,0.0,0.0,0.0,0.4000000059604645,0.0
65,1.3,front_left_shoulder_to_arm,6,-0.6868155002593994,0.05799461156129837,-0.6899999976158142,0.0,0.0,-0.23347854614257812,-0.23347854614257812,0.0,0.0,0.4000000059604645,0.0,0.0,0.0,0.4000000059604645,0.0,0.0,0.0,0.4000000059604645,0.0
65,1.3,front_left_arm_to_hand,10,1.5994867086410522,-5.704897887426341e-09,1.600000023841858,0.0,0.0,-0.03883077949285507,-0.03883077949285507,0.0,0.0,0.4000000059604645,0.0,0.0,0.0,0.4000000059604645,0.0,0.0,0.0,0.4000000059604645,0.0
66,1.32,base_to_front_left_shoulder,2,0.10638070106506348,6.645636858593207e-06,0.10000000149011612,0.0,0.0,-0.5106768608093262,-0.5106768608093262,0.0,0.0,0.4000000059604645,0.0,0.0,0.0,0.4000000059604645,0.0,0.0,0.0,0.4000000059604645,0.0
66,1.32,front_left_shoulder_to_arm,6,-0.6866893172264099,5.4269039537757635e-05,-0.6899999976158142,0.0,0.0,-0.2647530436515808,-0.2647530436515808,0.0,0.0,0.4000000059604645,0.0,0.0,0.0,0.4000000059604645,0.0,0.0,0.0,0.4000000059604645,0.0
66,1.32,front_left_arm_to_hand,10,1.5994867086410522,4.8272088548628744e-08,1.600000023841858,0.0,0.0,0.041065193712711334,0.041065193712711334,0.0,0.0,0.4000000059604645,0.0,0.0,0.0,0.4000000059604645,0.0,0.0,0.0,0.4000000059604645,0.0
67,1.34,base_to_front_left_shoulder,2,0.10636977851390839,6.605173439311329e-06,0.10000000149011612,0.0,0.0,-0.5098047852516174,-0.5098047852516174,0.0,0.0,0.4000000059604645,0.0,0.0,0.0,0.4000000059604645,0.0,0.0,0.0,0.4000000059604645,0.0
67,1.34,front_left_shoulder_to_arm,6,-0.6866826415061951,5.3998257499188185e-05,-0.6899999976158142,0.0,0.0,-0.2652819752693176,-0.2652819752693176,0.0,0.0,0.4000000059604645,0.0,0.0,0.0,0.4000000059604645,0.0,0.0,0.0,0.4000000059604645,0.0
67,1.34,front_left_arm_to_hand,10,1.5994867086410522,3.360357681003734e-08,1.600000023841858,0.0,0.0,0.041065189987421036,0.041065189987421036,0.0,0.0,0.4000000059604645,0.0,0.0,0.0,0.4000000059604645,0.0,0.0,0.0,0.4000000059604645,0.0
68,1.36,base_to_front_left_shoulder,2,0.10635873675346375,6.603000656468794e-06,0.10000000149011612,0.0,0.0,-0.5089238286018372,-0.5089238286018372,0.0,0.0,0.4000000059604645,0.0,0.0,0.0,0.4000000059604645,0.0,0.0,0.0,0.4000000059604645,0.0
68,1.36,front_left_shoulder_to_arm,6,-0.6866759657859802,5.400722875492647e-05,-0.6899999976158142,0.0,0.0,-0.2658160328865051,-0.2658160328865051,0.0,0.0,0.4000000059604645,0.0,0.0,0.0,0.4000000059604645,0.0,0.0,0.0,0.4000000059604645,0.0
68,1.36,front_left_arm_to_hand,10,1.5994867086410522,4.045168822131018e-08,1.600000023841858,0.0,0.0,0.041065193712711334,0.041065193712711334,0.0,0.0,0.4000000059604645,0.0,0.0,0.0,0.4000000059604645,0.0,0.0,0.0,0.4000000059604645,0.0
69,1.3800000000000001,base_to_front_left_shoulder,2,0.10634757578372955,6.602370376640465e-06,0.10000000149011612,0.0,0.0,-0.5080333352088928,-0.5080333352088928,0.0,0.0,0.4000000059604645,0.0,0.0,0.0,0.4000000059604645,0.0,0.0,0.0,0.4000000059604645,0.0
69,1.3800000000000001,front_left_shoulder_to_arm,6,-0.6866692900657654,5.3979820222593844e-05,-0.6899999976158142,0.0,0.0,-0.2663500905036926,-0.2663500905036926,0.0,0.0,0.4000000059604645,0.0,0.0,0.0,0.4000000059604645,0.0,0.0,0.0,0.4000000059604645,0.0
69,1.3800000000000001,front_left_arm_to_hand,10,1.5994867086410522,4.403046816037204e-08,1.600000023841858,0.0,0.0,0.041065193712711334,0.041065193712711334,0.0,0.0,0.4000000059604645,0.0,0.0,0.0,0.4000000059604645,0.0,0.0,0.0,0.4000000059604645,0.0
70,1.4000000000000001,base_to_front_left_shoulder,2,0.10633629560470581,6.610849595745094e-06,0.10000000149011612,0.0,0.0,-0.5071333050727844,-0.5071333050727844,0.0,0.0,0.4000000059604645,0.0,0.0,0.0,0.4000000059604645,0.0,0.0,0.0,0.4000000059604645,0.0
70,1.4000000000000001,front_left_shoulder_to_arm,6,-0.6866626143455505,5.400051304604858e-05,-0.6899999976158142,0.0,0.0,-0.2668841481208801,-0.2668841481208801,0.0,0.0,0.4000000059604645,0.0,0.0,0.0,0.4000000059604645,0.0,0.0,0.0,0.4000000059604645,0.0
70,1.4000000000000001,front_left_arm_to_hand,10,1.5994867086410522,4.183764801268808e-08,1.600000023841858,0.0,0.0,0.04106519743800163,0.04106519743800163,0.0,0.0,0.4000000059604645,0.0,0.0,0.0,0.4000000059604645,0.0,0.0,0.0,0.4000000059604645,0.0
71,1.42,base_to_front_left_shoulder,2,0.10632489621639252,6.6148895712103695e-06,0.10000000149011612,0.0,0.0,-0.506223738193512,-0.506223738193512,0.0,0.0,0.4000000059604645,0.0,0.0,0.0,0.4000000059604645,0.0,0.0,0.0,0.4000000059604645,0.0
71,1.42,front_left_shoulder_to_arm,6,-0.6866559386253357,5.4018346418160945e-05,-0.6899999976158142,0.0,0.0,-0.2674182057380676,-0.2674182057380676,0.0,0.0,0.4000000059604645,0.0,0.0,0.0,0.4000000059604645,0.0,0.0,0.0,0.4000000059604645,0.0
71,1.42,front_left_arm_to_hand,10,1.5994867086410522,3.608760223983154e-08,1.600000023841858,0.0,0.0,0.04106520116329193,0.04106520116329193,0.0,0.0,0.4000000059604645,0.0,0.0,0.0,0.4000000059604645,0.0,0.0,0.0,0.4000000059604645,0.0
72,1.44,base_to_front_left_shoulder,2,0.10631339251995087,6.614223821088672e-06,0.10000000149011612,0.0,0.0,-0.5053052306175232,-0.5053052306175232,0.0,0.0,0.4000000059604645,0.0,0.0,0.0,0.4000000059604645,0.0,0.0,0.0,0.4000000059604645,0.0
72,1.44,front_left_shoulder_to_arm,6,-0.6866492629051208,5.4007250582799315e-05,-0.6899999976158142,0.0,0.0,-0.2679522633552551,-0.2679522633552551,0.0,0.0,0.4000000059604645,0.0,0.0,0.0,0.4000000059604645,0.0,0.0,0.0,0.4000000059604645,0.0
72,1.44,front_left_arm_to_hand,10,1.5994867086410522,5.577370032483486e-08,1.600000023841858,0.0,0.0,0.041065193712711334,0.041065193712711334,0.0,0.0,0.4000000059604645,0.0,0.0,0.0,0.4000000059604645,0.0,0.0,0.0,0.4000000059604645,0.0
73,1.46,base_to_front_left_shoulder,2,0.10630178451538086,6.603381734748837e-06,0.10000000149011612,0.0,0.0,-0.5043789744377136,-0.5043789744377136,0.0,0.0,0.4000000059604645,0.0,0.0,0.0,0.4000000059604645,0.0,0.0,0.0,0.4000000059604645,0.0
73,1.46,front_left_shoulder_to_arm,6,-0.686642587184906,5.40111941518262e-05,-0.6899999976158142,0.0,0.0,-0.2684863209724426,-0.2684863209724426,0.0,0.0,0.4000000059604645,0.0,0.0,0.0,0.4000000059604645,0.0,0.0,0.0,0.4000000059604645,0.0
73,1.46,front_left_arm_to_hand,10,1.5994867086410522,3.9706023358121456e-08,1.600000023841858,0.0,0.0,0.041065193712711334,0.041065193712711334,0.0,0.0,0.4000000059604645,0.0,0.0,0.0,0.4000000059604645,0.0,0.0,0.0,0.4000000059604645,0.0
74,1.48,base_to_front_left_shoulder,2,0.1062900573015213,6.61426383885555e-06,0.10000000149011612,0.0,0.0,-0.50344318151474,-0.50344318151474,0.0,0.0,0.4000000059604645,0.0,0.0,0.0,0.4000000059604645,0.0,0.0,0.0,0.4000000059604645,0.0
74,1.48,front_left_shoulder_to_arm,6,-0.6866359114646912,5.4013180488254875e-05,-0.6899999976158142,0.0,0.0,-0.2690203785896301,-0.2690203785896301,0.0,0.0,0.4000000059604645,0.0,0.0,0.0,0.4000000059604645,0.0,0.0,0.0,0.4000000059604645,0.0
74,1.48,front_left_arm_to_hand,10,1.5994867086410522,4.2078308837290024e-08,1.600000023841858,0.0,0.0,0.041065193712711334,0.041065193712711334,0.0,0.0,0.4000000059604645,0.0,0.0,0.0,0.4000000059604645,0.0,0.0,0.0,0.4000000059604645,0.0
75,1.5,base_to_front_left_shoulder,2,0.10627821087837219,6.6145566961495206e-06,0.10000000149011612,0.0,0.0,-0.5024978518486023,-0.5024978518486023,0.0,0.0,0.4000000059604645,0.0,0.0,0.0,0.4000000059604645,0.0,0.0,0.0,0.4000000059604645,0.0
75,1.5,front_left_shoulder_to_arm,6,-0.6866292357444763,5.399847577791661e-05,-0.6899999976158142,0.0,0.0,-0.2695544362068176,-0.2695544362068176,0.0,0.0,0.4000000059604645,0.0,0.0,0.0,0.4000000059604645,0.0,0.0,0.0,0.4000000059604645,0.0
75,1.5,front_left_arm_to_hand,10,1.5994867086410522,2.7142924352574482e-08,1.600000023841858,0.0,0.0,0.04106519743800163,0.04106519743800163,0.0,0.0,0.4000000059604645,0.0,0.0,0.0,0.4000000059604645,0.0,0.0,0.0,0.4000000059604645,0.0
76,1.52,base_to_front_left_shoulder,2,0.10626624524593353,6.602908797503915e-06,0.10000000149011612,0.0,0.0,-0.5015429854393005,-0.5015429854393005,0.0,0.0,0.4000000059604645,0.0,0.0,0.0,0.4000000059604645,0.0,0.0,0.0,0.4000000059604645,0.0
76,1.52,front_left_shoulder_to_arm,6,-0.6866225600242615,5.401825183071196e-05,-0.6899999976158142,0.0,0.0,-0.2700884938240051,-0.2700884938240051,0.0,0.0,0.4000000059604645,0.0,0.0,0.0,0.4000000059604645,0.0,0.0,0.0,0.4000000059604645,0.0
76,1.52,front_left_arm_to_hand,10,1.5994867086410522,4.0550357738311504e-08,1.600000023841858,0.0,0.0,0.041065193712711334,0.041065193712711334,0.0,0.0,0.4000000059604645,0.0,0.0,0.0,0.4000000059604645,0.0,0.0,0.0,0.4000000059604645,0.0
77,1.54,base_to_front_left_shoulder,2,0.10625416040420532,6.608524017792661e-06,0.10000000149011612,0.0,0.0,-0.5005785822868347,-0.5005785822868347,0.0,0.0,0.4000000059604645,0.0,0.0,0.0,0.4000000059604645,0.0,0.0,0.0,0.4000000059604645,0.0
77,1.54,front_left_shoulder_to_arm,6,-0.6866158843040466,5.4016243666410446e-05,-0.6899999976158142,0.0,0.0,-0.2706225514411926,-0.2706225514411926,0.0,0.0,0.4000000059604645,0.0,0.0,0.0,0.4000000059604645,0.0,0.0,0.0,0.4000000059604645,0.0
77,1.54,front_left_arm_to_hand,10,1.5994867086410522,3.055926001138687e-08,1.600000023841858,0.0,0.0,0.041065193712711334,0.041065193712711334,0.0,0.0,0.4000000059604645,0.0,0.0,0.0,0.4000000059604645,0.0,0.0,0.0,0.4000000059604645,0.0
78,1.56,base_to_front_left_shoulder,2,0.10624195635318756,6.618166480620857e-06,0.10000000149011612,0.0,0.0,-0.4996046721935272,-0.4996046721935272,0.0,0.0,0.4000000059604645,0.0,0.0,0.0,0.4000000059604645,0.0,0.0,0.0,0.4000000059604645,0.0
78,1.56,front_left_shoulder_to_arm,6,-0.6866092085838318,5.402548413258046e-05,-0.6899999976158142,0.0,0.0,-0.2711566090583801,-0.2711566090583801,0.0,0.0,0.4000000059604645,0.0,0.0,0.0,0.4000000059604645,0.0,0.0,0.0,0.4000000059604645,0.0
78,1.56,front_left_arm_to_hand,10,1.5994867086410522,4.461858793547435e-08,1.600000023841858,0.0,0.0,0.041065193712711334,0.041065193712711334,0.0,0.0,0.4000000059604645,0.0,0.0,0.0,0.4000000059604645,0.0,0.0,0.0,0.4000000059604645,0.0
79,1.58,base_to_front_left_shoulder,2,0.10622963309288025,6.614617632294539e-06,0.10000000149011612,0.0,0.0,-0.4986211955547333,-0.4986211955547333,0.0,0.0,0.4000000059604645,0.0,0.0,0.0,0.4000000059604645,0.0,0.0,0.0,0.4000000059604645,0.0
79,1.58,front_left_shoulder_to_arm,6,-0.6866025328636169,5.401606176747009e-05,-0.6899999976158142,0.0,0.0,-0.2716906666755676,-0.2716906666755676,0.0,0.0,0.4000000059604645,0.0,0.0,0.0,0.4000000059604645,0.0,0.0,0.0,0.4000000059604645,0.0
79,1.58,front_left_arm_to_hand,10,1.5994867086410522,4.94833649611337e-08,1.600000023841858,0.0,0.0,0.04106520116329193,0.04106520116329193,0.0,0.0,0.4000000059604645,0.0,0.0,0.0,0.4000000059604645,0.0,0.0,0.0,0.4000000059604645,0.0
80,1.6,base_to_front_left_shoulder,2,0.10621719062328339,6.605558155570179e-06,0.10000000149011612,0.0,0.0,-0.49762818217277527,-0.49762818217277527,0.0,0.0,0.4000000059604645,0.0,0.0,0.0,0.4000000059604645,0.0,0.0,0.0,0.4000000059604645,0.0
80,1.6,front_left_shoulder_to_arm,6,-0.6865958571434021,5.401684029493481e-05,-0.6899999976158142,0.0,0.0,-0.2722247242927551,-0.2722247242927551,0.0,0.0,0.4000000059604645,0.0,0.0,0.0,0.4000000059604645,0.0,0.0,0.0,0.4000000059604645,0.0
80,1.6,front_left_arm_to_hand,10,1.5994867086410522,4.25117043789669e-08,1.600000023841858,0.0,0.0,0.04106519743800163,0.04106519743800163,0.0,0.0,0.4000000059604645,0.0,0.0,0.0,0.4000000059604645,0.0,0.0,0.0,0.4000000059604645,0.0
81,1.62,base_to_front_left_shoulder,2,0.10620464384555817,6.5976628320640884e-06,0.10000000149011612,0.0,0.0,-0.49662622809410095,-0.49662622809410095,0.0,0.0,0.4000000059604645,0.0,0.0,0.0,0.4000000059604645,0.0,0.0,0.0,0.4000000059604645,0.0
81,1.62,front_left_shoulder_to_arm,6,-0.6865891814231873,5.402260285336524e-05,-0.6899999976158142,0.0,0.0,-0.2727587819099426,-0.2727587819099426,0.0,0.0,0.4000000059604645,0.0,0.0,0.0,0.4000000059604645,0.0,0.0,0.0,0.4000000059604645,0.0
81,1.62,front_left_arm_to_hand,10,1.5994867086410522,4.388974161884107e-08,1.600000023841858,0.0,0.0,0.041065193712711334,0.041065193712711334,0.0,0.0,0.4000000059604645,0.0,0.0,0.0,0.4000000059604645,0.0,0.0,0.0,0.4000000059604645,0.0
82,1.6400000000000001,base_to_front_left_shoulder,2,0.10619199275970459,6.595417289645411e-06,0.10000000149011612,0.0,0.0,-0.49561652541160583,-0.49561652541160583,0.0,0.0,0.4000000059604645,0.0,0.0,0.0,0.4000000059604645,0.0,0.0,0.0,0.4000000059604645,0.0
82,1.6400000000000001,front_left_shoulder_to_arm,6,-0.6865825057029724,5.400781810749322e-05,-0.6899999976158142,0.0,0.0,-0.2732928395271301,-0.2732928395271301,0.0,0.0,0.4000000059604645,0.0,0.0,0.0,0.4000000059604645,0.0,0.0,0.0,0.4000000059604645,0.0
82,1.6400000000000001,front_left_arm_to_hand,10,1.5994867086410522,3.40079822080952e-08,1.600000023841858,0.0,0.0,0.04106519743800163,0.04106519743800163,0.0,0.0,0.4000000059604645,0.0,0.0,0.0,0.4000000059604645,0.0,0.0,0.0,0.4000000059604645,0.0
83,1.6600000000000001,base_to_front_left_shoulder,2,0.10617920756340027,6.6058255470125005e-06,0.10000000149011612,0.0,0.0,-0.4945966899394989,-0.4945966899394989,0.0,0.0,0.4000000059604645,0.0,0.0,0.0,0.4000000059604645,0.0,0.0,0.0,0.4000000059604645,0.0
83,1.6600000000000001,front_left_shoulder_to_arm,6,-0.6865758299827576,5.40299151907675e-05,-0.6899999976158142,0.0,0.0,-0.2738268971443176,-0.2738268971443176,0.0,0.0,0.4000000059604645,0.0,0.0,0.0,0.4000000059604645,0.0,0.0,0.0,0.4000000059604645,0.0
83,1.6600000000000001,front_left_arm_to_hand,10,1.5994867086410522,3.4316677499646175e-08,1.600000023841858,0.0,0.0,0.041065193712711334,0.041065193712711334,0.0,0.0,0.4000000059604645,0.0,0.0,0.0,0.4000000059604645,0.0,0.0,0.0,0.4000000059604645,0.0
84,1.68,base_to_front_left_shoulder,2,0.1061662882566452,6.595789272978436e-06,0.10000000149011612,0.0,0.0,-0.49356552958488464,-0.49356552958488464,0.0,0.0,0.4000000059604645,0.0,0.0,0.0,0.4000000059604645,0.0,0.0,0.0,0.4000000059604645,0.0
84,1.68,front_left_shoulder_to_arm,6,-0.6865691542625427,5.4017022193875164e-05,-0.6899999976158142,0.0,0.0,-0.2743609845638275,-0.2743609845638275,0.0,0.0,0.4000000059604645,0.0,0.0,0.0,0.4000000059604645,0.0,0.0,0.0,0.4000000059604645,0.0
84,1.68,front_left_arm_to_hand,10,1.5994867086410522,4.166932399130019e-08,1.600000023841858,0.0,0.0,0.04106520488858223,0.04106520488858223,0.0,0.0,0.4000000059604645,0.0,0.0,0.0,0.4000000059604645,0.0,0.0,0.0,0.4000000059604645,0.0
85,1.7,base_to_front_left_shoulder,2,0.10615324974060059,6.595721060875803e-06,0.10000000149011612,0.0,0.0,-0.4925248324871063,-0.4925248324871063,0.0,0.0,0.4000000059604645,0.0,0.0,0.0,0.4000000059604645,0.0,0.0,0.0,0.4000000059604645,0.0
85,1.7,front_left_shoulder_to_arm,6,-0.6865624785423279,5.4025702411308885e-05,-0.6899999976158142,0.0,0.0,-0.274895042181015,-0.274895042181015,0.0,0.0,0.4000000059604645,0.0,0.0,0.0,0.4000000059604645,0.0,0.0,0.0,0.4000000059604645,0.0
85,1.7,front_left_arm_to_hand,10,1.5994867086410522,4.4752511030310416e-08,1.600000023841858,0.0,0.0,0.04106519743800163,0.04106519743800163,0.0,0.0,0.4000000059604645,0.0,0.0,0.0,0.4000000059604645,0.0,0.0,0.0,0.4000000059604645,0.0
86,1.72,base_to_front_left_shoulder,2,0.10614009201526642,6.600927918043453e-06,0.10000000149011612,0.0,0.0,-0.49147459864616394,-0.49147459864616394,0.0,0.0,0.4000000059604645,0.0,0.0,0.0,0.4000000059604645,0.0,0.0,0.0,0.4000000059604645,0.0
86,1.72,front_left_shoulder_to_arm,6,-0.686555802822113,5.403162504080683e-05,-0.6899999976158142,0.0,0.0,-0.2754290699958801,-0.2754290699958801,0.0,0.0,0.4000000059604645,0.0,0.0,0.0,0.4000000059604645,0.0,0.0,0.0,0.4000000059604645,0.0
86,1.72,front_left_arm_to_hand,10,1.5994867086410522,2.9587958749743848e-08,1.600000023841858,0.0,0.0,0.041065193712711334,0.041065193712711334,0.0,0.0,0.4000000059604645,0.0,0.0,0.0,0.4000000059604645,0.0,0.0,0.0,0.4000000059604645,0.0
87,1.74,base_to_front_left_shoulder,2,0.1061268150806427,6.616938662773464e-06,0.10000000149011612,0.0,0.0,-0.4904148280620575,-0.4904148280620575,0.0,0.0,0.4000000059604645,0.0,0.0,0.0,0.4000000059604645,0.0,0.0,0.0,0.4000000059604645,0.0
87,1.74,front_left_shoulder_to_arm,6,-0.6865491271018982,5.403501563705504e-05,-0.6899999976158142,0.0,0.0,-0.27596315741539,-0.27596315741539,0.0,0.0,0.4000000059604645,0.0,0.0,0.0,0.4000000059604645,0.0,0.0,0.0,0.4000000059604645,0.0
87,1.74,front_left_arm_to_hand,10,1.5994867086410522,3.43642341249506e-08,1.600000023841858,0.0,0.0,0.041065193712711334,0.041065193712711334,0.0,0.0,0.4000000059604645,0.0,0.0,0.0,0.4000000059604645,0.0,0.0,0.0,0.4000000059604645,0.0
88,1.76,base_to_front_left_shoulder,2,0.10611341893672943,6.616729478992056e-06,0.10000000149011612,0.0,0.0,-0.489345520734787,-0.489345520734787,0.0,0.0,0.4000000059604645,0.0,0.0,0.0,0.4000000059604645,0.0,0.0,0.0,0.4000000059604645,0.0
88,1.76,front_left_shoulder_to_arm,6,-0.6865424513816833,5.403067189035937e-05,-0.6899999976158142,0.0,0.0,-0.2764971852302551,-0.2764971852302551,0.0,0.0,0.4000000059604645,0.0,0.0,0.0,0.4000000059604645,0.0,0.0,0.0,0.4000000059604645,0.0
88,1.76,front_left_arm_to_hand,10,1.5994867086410522,3.683425475742297e-08,1.600000023841858,0.0,0.0,0.04106520488858223,0.04106520488858223,0.0,0.0,0.4000000059604645,0.0,0.0,0.0,0.4000000059604645,0.0,0.0,0.0,0.4000000059604645,0.0
89,1.78,base_to_front_left_shoulder,2,0.10609990358352661,6.596167622774374e-06,0.10000000149011612,0.0,0.0,-0.4882666766643524,-0.4882666766643524,0.0,0.0,0.4000000059604645,0.0,0.0,0.0,0.4000000059604645,0.0,0.0,0.0,0.4000000059604645,0.0
89,1.78,front_left_shoulder_to_arm,6,-0.6865357756614685,5.401880480349064e-05,-0.6899999976158142,0.0,0.0,-0.2770312428474426,-0.2770312428474426,0.0,0.0,0.4000000059604645,0.0,0.0,0.0,0.4000000059604645,0.0,0.0,0.0,0.4000000059604645,0.0
89,1.78,front_left_arm_to_hand,10,1.5994867086410522,4.835733946606524e-08,1.600000023841858,0.0,0.0,0.04106520488858223,0.04106520488858223,0.0,0.0,0.4000000059604645,0.0,0.0,0.0,0.4000000059604645,0.0,0.0,0.0,0.4000000059604645,0.0
90,1.8,base_to_front_left_shoulder,2,0.10608629137277603,6.599367225135211e-06,0.10000000149011612,0.0,0.0,-0.4871794879436493,-0.4871794879436493,0.0,0.0,0.4000000059604645,0.0,0.0,0.0,0.4000000059604645,0.0,0.0,0.0,0.4000000059604645,0.0
90,1.8,front_left_shoulder_to_arm,6,-0.6865290999412537,5.403676914284006e-05,-0.6899999976158142,0.0,0.0,-0.2775653302669525,-0.2775653302669525,0.0,0.0,0.4000000059604645,0.0,0.0,0.0,0.4000000059604645,0.0,0.0,0.0,0.4000000059604645,0.0
90,1.8,front_left_arm_to_hand,10,1.5994867086410522,4.111571882958742e-08,1.600000023841858,0.0,0.0,0.04106520116329193,0.04106520116329193,0.0,0.0,0.4000000059604645,0.0,0.0,0.0,0.4000000059604645,0.0,0.0,0.0,0.4000000059604645,0.0
91,1.82,base_to_front_left_shoulder,2,0.1060725674033165,6.6040593083016574e-06,0.10000000149011612,0.0,0.0,-0.4860839545726776,-0.4860839545726776,0.0,0.0,0.4000000059604645,0.0,0.0,0.0,0.4000000059604645,0.0,0.0,0.0,0.4000000059604645,0.0
91,1.82,front_left_shoulder_to_arm,6,-0.6865224242210388,5.403329851105809e-05,-0.6899999976158142,0.0,0.0,-0.27809938788414,-0.27809938788414,0.0,0.0,0.4000000059604645,0.0,0.0,0.0,0.4000000059604645,0.0,0.0,0.0,0.4000000059604645,0.0
91,1.82,front_left_arm_to_hand,10,1.5994867086410522,4.562422972753666e-08,1.600000023841858,0.0,0.0,0.04106520116329193,0.04106520116329193,0.0,0.0,0.4000000059604645,0.0,0.0,0.0,0.4000000059604645,0.0,0.0,0.0,0.4000000059604645,0.0
92,1.84,base_to_front_left_shoulder,2,0.10605872422456741,6.598728759854566e-06,0.10000000149011612,0.0,0.0,-0.48497888445854187,-0.48497888445854187,0.0,0.0,0.4000000059604645,0.0,0.0,0.0,0.4000000059604645,0.0,0.0,0.0,0.4000000059604645,0.0
92,1.84,front_left_shoulder_to_arm,6,-0.686515748500824,5.402632086770609e-05,-0.6899999976158142,0.0,0.0,-0.2786334455013275,-0.2786334455013275,0.0,0.0,0.4000000059604645,0.0,0.0,0.0,0.4000000059604645,0.0,0.0,0.0,0.4000000059604645,0.0
92,1.84,front_left_arm_to_hand,10,1.5994867086410522,3.598056963483032e-08,1.600000023841858,0.0,0.0,0.041065193712711334,0.041065193712711334,0.0,0.0,0.4000000059604645,0.0,0.0,0.0,0.4000000059604645,0.0,0.0,0.0,0.4000000059604645,0.0
93,1.86,base_to_front_left_shoulder,2,0.10604476183652878,6.611051503568888e-06,0.10000000149011612,0.0,0.0,-0.48386427760124207,-0.48386427760124207,0.0,0.0,0.4000000059604645,0.0,0.0,0.0,0.4000000059604645,0.0,0.0,0.0,0.4000000059604645,0.0
93,1.86,front_left_shoulder_to_arm,6,-0.6865090727806091,5.404648982221261e-05,-0.6899999976158142,0.0,0.0,-0.2791674733161926,-0.2791674733161926,0.0,0.0,0.4000000059604645,0.0,0.0,0.0,0.4000000059604645,0.0,0.0,0.0,0.4000000059604645,0.0
93,1.86,front_left_arm_to_hand,10,1.5994867086410522,3.849139673661739e-08,1.600000023841858,0.0,0.0,0.04106518626213074,0.04106518626213074,0.0,0.0,0.4000000059604645,0.0,0.0,0.0,0.4000000059604645,0.0,0.0,0.0,0.4000000059604645,0.0
94,1.8800000000000001,base_to_front_left_shoulder,2,0.10603068023920059,6.616509381274227e-06,0.10000000149011612,0.0,0.0,-0.4827401340007782,-0.4827401340007782,0.0,0.0,0.4000000059604645,0.0,0.0,0.0,0.4000000059604645,0.0,0.0,0.0,0.4000000059604645,0.0
94,1.8800000000000001,front_left_shoulder_to_arm,6,-0.6865023970603943,5.404418334364891e-05,-0.6899999976158142,0.0,0.0,-0.2797015607357025,-0.2797015607357025,0.0,0.0,0.4000000059604645,0.0,0.0,0.0,0.4000000059604645,0.0,0.0,0.0,0.4000000059604645,0.0
94,1.8800000000000001,front_left_arm_to_hand,10,1.5994867086410522,4.774884132530133e-08,1.600000023841858,0.0,0.0,0.04106520116329193,0.04106520116329193,0.0,0.0,0.4000000059604645,0.0,0.0,0.0,0.4000000059604645,0.0,0.0,0.0,0.4000000059604645,0.0
95,1.9000000000000001,base_to_front_left_shoulder,2,0.10601647943258286,6.605730050068814e-06,0.10000000149011612,0.0,0.0,-0.48160645365715027,-0.48160645365715027,0.0,0.0,0.4000000059604645,0.0,0.0,0.0,0.4000000059604645,0.0,0.0,0.0,0.4000000059604645,0.0
95,1.9000000000000001,front_left_shoulder_to_arm,6,-0.6864957213401794,5.4046242439653724e-05,-0.6899999976158142,0.0,0.0,-0.28023561835289,-0.28023561835289,0.0,0.0,0.4000000059604645,0.0,0.0,0.0,0.4000000059604645,0.0,0.0,0.0,0.4000000059604645,0.0
95,1.9000000000000001,front_left_arm_to_hand,10,1.5994867086410522,3.67889008145994e-08,1.600000023841858,0.0,0.0,0.041065193712711334,0.041065193712711334,0.0,0.0,0.4000000059604645,0.0,0.0,0.0,0.4000000059604645,0.0,0.0,0.0,0.4000000059604645,0.0
96,1.92,base_to_front_left_shoulder,2,0.10600215941667557,6.605061571463011e-06,0.10000000149011612,0.0,0.0,-0.4804632365703583,-0.4804632365703583,0.0,0.0,0.4000000059604645,0.0,0.0,0.0,0.4000000059604645,0.0,0.0,0.0,0.4000000059604645,0.0
96,1.92,front_left_shoulder_to_arm,6,-0.6864890456199646,5.4042662668507546e-05,-0.6899999976158142,0.0,0.0,-0.2807696461677551,-0.2807696461677551,0.0,0.0,0.4000000059604645,0.0,0.0,0.0,0.4000000059604645,0.0,0.0,0.0,0.4000000059604645,0.0
96,1.92,front_left_arm_to_hand,10,1.5994867086410522,4.8103288463607896e-08,1.600000023841858,0.0,0.0,0.04106519743800163,0.04106519743800163,0.0,0.0,0.4000000059604645,0.0,0.0,0.0,0.4000000059604645,0.0,0.0,0.0,0.4000000059604645,0.0
97,1.94,base_to_front_left_shoulder,2,0.10598772019147873,6.597096216864884e-06,0.10000000149011612,0.0,0.0,-0.4793104827404022,-0.4793104827404022,0.0,0.0,0.4000000059604645,0.0,0.0,0.0,0.4000000059604645,0.0,0.0,0.0,0.4000000059604645,0.0
97,1.94,front_left_shoulder_to_arm,6,-0.6864823698997498,5.4037671361584216e-05,-0.6899999976158142,0.0,0.0,-0.281303733587265,-0.281303733587265,0.0,0.0,0.4000000059604645,0.0,0.0,0.0,0.4000000059604645,0.0,0.0,0.0,0.4000000059604645,0.0
97,1.94,front_left_arm_to_hand,10,1.5994867086410522,3.7826183074685105e-08,1.600000023841858,0.0,0.0,0.04106519743800163,0.04106519743800163,0.0,0.0,0.4000000059604645,0.0,0.0,0.0,0.4000000059604645,0.0,0.0,0.0,0.4000000059604645,0.0
98,1.96,base_to_front_left_shoulder,2,0.10597316920757294,6.601815584872384e-06,0.10000000149011612,0.0,0.0,-0.4781481921672821,-0.4781481921672821,0.0,0.0,0.4000000059604645,0.0,0.0,0.0,0.4000000059604645,0.0,0.0,0.0,0.4000000059604645,0.0
98,1.96,front_left_shoulder_to_arm,6,-0.6864756941795349,5.404729017755017e-05,-0.6899999976158142,0.0,0.0,-0.2818377912044525,-0.2818377912044525,0.0,0.0,0.4000000059604645,0.0,0.0,0.0,0.4000000059604645,0.0,0.0,0.0,0.4000000059604645,0.0
98,1.96,front_left_arm_to_hand,10,1.5994867086410522,3.0103176840157175e-08,1.600000023841858,0.0,0.0,0.04106520116329193,0.04106520116329193,0.0,0.0,0.4000000059604645,0.0,0.0,0.0,0.4000000059604645,0.0,0.0,0.0,0.4000000059604645,0.0
99,1.98,base_to_front_left_shoulder,2,0.10595852136611938,6.608991498069372e-06,0.10000000149011612,0.0,0.0,-0.47697874903678894,-0.47697874903678894,0.0,0.0,0.4000000059604645,0.0,0.0,0.0,0.4000000059604645,0.0,0.0,0.0,0.4000000059604645,0.0
99,1.98,front_left_shoulder_to_arm,6,-0.6864690184593201,5.4043353884480894e-05,-0.6899999976158142,0.0,0.0,-0.28237184882164,-0.28237184882164,0.0,0.0,0.4000000059604645,0.0,0.0,0.0,0.4000000059604645,0.0,0.0,0.0,0.4000000059604645,0.0
99,1.98,front_left_arm_to_hand,10,1.5994867086410522,2.864576842398492e-08,1.600000023841858,0.0,0.0,0.04106519743800163,0.04106519743800163,0.0,0.0,0.4000000059604645,0.0,0.0,0.0,0.4000000059604645,0.0,0.0,0.0,0.4000000059604645,0.0
100,2.0,base_to_front_left_shoulder,2,0.10594375431537628,6.595757440663874e-06,0.10000000149011612,0.0,0.0,-0.4757997691631317,-0.4757997691631317,0.0,0.0,0.4000000059604645,0.0,0.0,0.0,0.4000000059604645,0.0,0.0,0.0,0.4000000059604645,0.0
100,2.0,front_left_shoulder_to_arm,6,-0.6864623427391052,5.404790135798976e-05,-0.6899999976158142,0.0,0.0,-0.2829059064388275,-0.2829059064388275,0.0,0.0,0.4000000059604645,0.0,0.0,0.0,0.4000000059604645,0.0,0.0,0.0,0.4000000059604645,0.0
100,2.0,front_left_arm_to_hand,10,1.5994867086410522,3.583064156487126e-08,1.600000023841858,0.0,0.0,0.04106519743800163,0.04106519743800163,0.0,0.0,0.4000000059604645,0.0,0.0,0.0,0.4000000059604645,0.0,0.0,0.0,0.4000000059604645,0.0
101,2.02,base_to_front_left_shoulder,2,0.10592886805534363,6.598901563847903e-06,0.10000000149011612,0.0,0.0,-0.4746112525463104,-0.4746112525463104,0.0,0.0,0.4000000059604645,0.0,0.0,0.0,0.4000000059604645,0.0,0.0,0.0,0.4000000059604645,0.0
101,2.02,front_left_shoulder_to_arm,6,-0.6864556670188904,5.4050608014222234e-05,-0.6899999976158142,0.0,0.0,-0.283439964056015,-0.283439964056015,0.0,0.0,0.4000000059604645,0.0,0.0,0.0,0.4000000059604645,0.0,0.0,0.0,0.4000000059604645,0.0
101,2.02,front_left_arm_to_hand,10,1.5994867086410522,4.222128069386599e-08,1.600000023841858,0.0,0.0,0.041065189987421036,0.041065189987421036,0.0,0.0,0.4000000059604645,0.0,0.0,0.0,0.4000000059604645,0.0,0.0,0.0,0.4000000059604645,0.0
102,2.04,base_to_front_left_shoulder,2,0.10591386258602142,6.61171452520648e-06,0.10000000149011612,0.0,0.0,-0.4734131991863251,-0.4734131991863251,0.0,0.0,0.4000000059604645,0.0,0.0,0.0,0.4000000059604645,0.0,0.0,0.0,0.4000000059604645,0.0
102,2.04,front_left_shoulder_to_arm,6,-0.6864489912986755,5.4057825764175504e-05,-0.6899999976158142,0.0,0.0,-0.2839740216732025,-0.2839740216732025,0.0,0.0,0.4000000059604645,0.0,0.0,0.0,0.4000000059604645,0.0,0.0,0.0,0.4000000059604645,0.0
102,2.04,front_left_arm_to_hand,10,1.5994867086410522,3.891822331070216e-08,1.600000023841858,0.0,0.0,0.041065193712711334,0.041065193712711334,0.0,0.0,0.4000000059604645,0.0,0.0,0.0,0.4000000059604645,0.0,0.0,0.0,0.4000000059604645,0.0
103,2.06,base_to_front_left_shoulder,2,0.10589873790740967,6.599081643798854e-06,0.10000000149011612,0.0,0.0,-0.47220560908317566,-0.47220560908317566,0.0,0.0,0.4000000059604645,0.0,0.0,0.0,0.4000000059604645,0.0,0.0,0.0,0.4000000059604645,0.0
103,2.06,front_left_shoulder_to_arm,6,-0.6864423155784607,5.405904084909707e-05,-0.6899999976158142,0.0,0.0,-0.28450807929039,-0.28450807929039,0.0,0.0,0.4000000059604645,0.0,0.0,0.0,0.4000000059604645,0.0,0.0,0.0,0.4000000059604645,0.0
103,2.06,front_left_arm_to_hand,10,1.5994867086410522,3.0575474596616914e-08,1.600000023841858,0.0,0.0,0.041065189987421036,0.041065189987421036,0.0,0.0,0.4000000059604645,0.0,0.0,0.0,0.4000000059604645,0.0,0.0,0.0,0.4000000059604645,0.0
104,2.08,base_to_front_left_shoulder,2,0.10588349401950836,6.608395779039711e-06,0.10000000149011612,0.0,0.0,-0.4709884822368622,-0.4709884822368622,0.0,0.0,0.4000000059604645,0.0,0.0,0.0,0.4000000059604645,0.0,0.0,0.0,0.4000000059604645,0.0
104,2.08,front_left_shoulder_to_arm,6,-0.6864356398582458,5.405735282693058e-05,-0.6899999976158142,0.0,0.0,-0.2850421369075775,-0.2850421369075775,0.0,0.0,0.4000000059604645,0.0,0.0,0.0,0.4000000059604645,0.0,0.0,0.0,0.4000000059604645,0.0
104,2.08,front_left_arm_to_hand,10,1.5994867086410522,3.921805458162453e-08,1.600000023841858,0.0,0.0,0.041065193712711334,0.041065193712711334,0.0,0.0,0.4000000059604645,0.0,0.0,0.0,0.4000000059604645,0.0,0.0,0.0,0.4000000059604645,0.0
105,2.1,base_to_front_left_shoulder,2,0.10586810111999512,6.604360351047944e-06,0.10000000149011612,0.0,0.0,-0.4697600305080414,-0.4697600305080414,0.0,0.0,0.4000000059604645,0.0,0.0,0.0,0.4000000059604645,0.0,0.0,0.0,0.4000000059604645,0.0
105,2.1,front_left_shoulder_to_arm,6,-0.686428964138031,5.4065443691797554e-05,-0.6899999976158142,0.0,0.0,-0.285576194524765,-0.285576194524765,0.0,0.0,0.4000000059604645,0.0,0.0,0.0,0.4000000059604645,0.0,0.0,0.0,0.4000000059604645,0.0
105,2.1,front_left_arm_to_hand,10,1.5994867086410522,3.8609350383467245e-08,1.600000023841858,0.0,0.0,0.041065193712711334,0.041065193712711334,0.0,0.0,0.4000000059604645,0.0,0.0,0.0,0.4000000059604645,0.0,0.0,0.0,0.4000000059604645,0.0
106,2.12,base_to_front_left_shoulder,2,0.10585258901119232,6.611563549085986e-06,0.10000000149011612,0.0,0.0,-0.46852144598960876,-0.46852144598960876,0.0,0.0,0.4000000059604645,0.0,0.0,0.0,0.4000000059604645,0.0,0.0,0.0,0.4000000059604645,0.0
106,2.12,front_left_shoulder_to_arm,6,-0.6864222884178162,5.406002310337499e-05,-0.6899999976158142,0.0,0.0,-0.2861102521419525,-0.2861102521419525,0.0,0.0,0.4000000059604645,0.0,0.0,0.0,0.4000000059604645,0.0,0.0,0.0,0.4000000059604645,0.0
106,2.12,front_left_arm_to_hand,10,1.5994867086410522,4.009646303870795e-08,1.600000023841858,0.0,0.0,0.041065193712711334,0.041065193712711334,0.0,0.0,0.4000000059604645,0.0,0.0,0.0,0.4000000059604645,0.0,0.0,0.0,0.4000000059604645,0.0
107,2.14,base_to_front_left_shoulder,2,0.10583698004484177,6.612364813918248e-06,0.10000000149011612,0.0,0.0,-0.4672745168209076,-0.4672745168209076,0.0,0.0,0.4000000059604645,0.0,0.0,0.0,0.4000000059604645,0.0,0.0,0.0,0.4000000059604645,0.0
107,2.14,front_left_shoulder_to_arm,6,-0.6864156126976013,5.405277624959126e-05,-0.6899999976158142,0.0,0.0,-0.28664430975914,-0.28664430975914,0.0,0.0,0.4000000059604645,0.0,0.0,0.0,0.4000000059604645,0.0,0.0,0.0,0.4000000059604645,0.0
107,2.14,front_left_arm_to_hand,10,1.5994867086410522,4.0053333094647314e-08,1.600000023841858,0.0,0.0,0.041065193712711334,0.041065193712711334,0.0,0.0,0.4000000059604645,0.0,0.0,0.0,0.4000000059604645,0.0,0.0,0.0,0.4000000059604645,0.0
108,2.16,base_to_front_left_shoulder,2,0.10582125931978226,6.604266673093662e-06,0.10000000149011612,0.0,0.0,-0.46601924300193787,-0.46601924300193787,0.0,0.0,0.4000000059604645,0.0,0.0,0.0,0.4000000059604645,0.0,0.0,0.0,0.4000000059604645,0.0
108,2.16,front_left_shoulder_to_arm,6,-0.6864089369773865,5.4065181757323444e-05,-0.6899999976158142,0.0,0.0,-0.2871783673763275,-0.2871783673763275,0.0,0.0,0.4000000059604645,0.0,0.0,0.0,0.4000000059604645,0.0,0.0,0.0,0.4000000059604645,0.0
108,2.16,front_left_arm_to_hand,10,1.5994867086410522,3.4929481529388795e-08,1.600000023841858,0.0,0.0,0.04106519743800163,0.04106519743800163,0.0,0.0,0.4000000059604645,0.0,0.0,0.0,0.4000000059604645,0.0,0.0,0.0,0.4000000059604645,0.0
109,2.18,base_to_front_left_shoulder,2,0.1058054193854332,6.600717824767344e-06,0.10000000149011612,0.0,0.0,-0.4647544324398041,-0.4647544324398041,0.0,0.0,0.4000000059604645,0.0,0.0,0.0,0.4000000059604645,0.0,0.0,0.0,0.4000000059604645,0.0
109,2.18,front_left_shoulder_to_arm,6,-0.6864022612571716,5.4046955483499914e-05,-0.6899999976158142,0.0,0.0,-0.287712424993515,-0.287712424993515,0.0,0.0,0.4000000059604645,0.0,0.0,0.0,0.4000000059604645,0.0,0.0,0.0,0.4000000059604645,0.0
109,2.18,front_left_arm_to_hand,10,1.5994867086410522,3.696808548170338e-08,1.600000023841858,0.0,0.0,0.041065193712711334,0.041065193712711334,0.0,0.0,0.4000000059604645,0.0,0.0,0.0,0.4000000059604645,0.0,0.0,0.0,0.4000000059604645,0.0
110,2.2,base_to_front_left_shoulder,2,0.10583179444074631,4.971512680640444e-06,0.10000000149011612,0.0,0.0,-0.4634800851345062,-0.4634800851345062,0.0,0.0,0.4000000059604645,0.0,0.0,0.0,0.4000000059604645,0.0,0.0,0.0,0.4000000059604645,0.0
110,2.2,front_left_shoulder_to_arm,6,-0.6863955855369568,4.017680839751847e-05,-0.6899999976158142,0.0,0.0,-0.2882464826107025,-0.2882464826107025,0.0,0.0,0.4000000059604645,0.0,0.0,0.0,0.4000000059604645,0.0,0.0,0.0,0.4000000059604645,0.0
110,2.2,front_left_arm_to_hand,10,1.5994867086410522,3.402100645644168e-08,1.600000023841858,0.0,0.0,0.04106519743800163,0.04106519743800163,0.0,0.0,0.4000000059604645,0.0,0.0,0.0,0.4000000059604645,0.0,0.0,0.0,0.4000000059604645,0.0
111,2.22,base_to_front_left_shoulder,2,0.10581571608781815,6.617526196350809e-06,0.10000000149011612,0.0,0.0,-0.465582937002182,-0.465582937002182,0.0,0.0,0.4000000059604645,0.0,0.0,0.0,0.4000000059604645,0.0,0.0,0.0,0.4000000059604645,0.0
111,2.22,front_left_shoulder_to_arm,6,-0.6863889098167419,5.4077303502708673e-05,-0.6899999976158142,0.0,0.0,-0.28878054022789,-0.28878054022789,0.0,0.0,0.4000000059604645,0.0,0.0,0.0,0.4000000059604645,0.0,0.0,0.0,0.4000000059604645,0.0
111,2.22,front_left_arm_to_hand,10,1.5994867086410522,3.1910399655998845e-08,1.600000023841858,0.0,0.0,0.041065189987421036,0.041065189987421036,0.0,0.0,0.4000000059604645,0.0,0.0,0.0,0.4000000059604645,0.0,0.0,0.0,0.4000000059604645,0.0
112,2.24,base_to_front_left_shoulder,2,0.10579951852560043,6.613914592890069e-06,0.10000000149011612,0.0,0.0,-0.46428951621055603,-0.46428951621055603,0.0,0.0,0.4000000059604645,0.0,0.0,0.0,0.4000000059604645,0.0,0.0,0.0,0.4000000059604645,0.0
112,2.24,front_left_shoulder_to_arm,6,-0.6863822340965271,5.4065982112661004e-05,-0.6899999976158142,0.0,0.0,-0.2893145978450775,-0.2893145978450775,0.0,0.0,0.4000000059604645,0.0,0.0,0.0,0.4000000059604645,0.0,0.0,0.0,0.4000000059604645,0.0
112,2.24,front_left_arm_to_hand,10,1.5994867086410522,4.9548994240922184e-08,1.600000023841858,0.0,0.0,0.041065193712711334,0.041065193712711334,0.0,0.0,0.4000000059604645,0.0,0.0,0.0,0.4000000059604645,0.0,0.0,0.0,0.4000000059604645,0.0
113,2.2600000000000002,base_to_front_left_shoulder,2,0.10582554340362549,6.596862476726528e-06,0.10000000149011612,0.0,0.0,-0.46637386083602905,-0.46637386083602905,0.0,0.0,0.4000000059604645,0.0,0.0,0.0,0.4000000059604645,0.0,0.0,0.0,0.4000000059604645,0.0
113,2.2600000000000002,front_left_shoulder_to_arm,6,-0.6863755583763123,5.406893615145236e-05,-0.6899999976158142,0.0,0.0,-0.2898484766483307,-0.2898484766483307,0.0,0.0,0.4000000059604645,0.0,0.0,0.0,0.4000000059604645,0.0,0.0,0.0,0.4000000059604645,0.0
113,2.2600000000000002,front_left_arm_to_hand,10,1.5994867086410522,4.651174023706517e-08,1.600000023841858,0.0,0.0,0.041065189987421036,0.041065189987421036,0.0,0.0,0.4000000059604645,0.0,0.0,0.0,0.4000000059604645,0.0,0.0,0.0,0.4000000059604645,0.0
114,2.2800000000000002,base_to_front_left_shoulder,2,0.10580910742282867,6.6130151026300155e-06,0.10000000149011612,0.0,0.0,-0.46506139636039734,-0.46506139636039734,0.0,0.0,0.4000000059604645,0.0,0.0,0.0,0.4000000059604645,0.0,0.0,0.0,0.4000000059604645,0.0
114,2.2800000000000002,front_left_shoulder_to_arm,6,-0.6863688826560974,5.4076437663752586e-05,-0.6899999976158142,0.0,0.0,-0.2903827130794525,-0.2903827130794525,0.0,0.0,0.4000000059604645,0.0,0.0,0.0,0.4000000059604645,0.0,0.0,0.0,0.4000000059604645,0.0
114,2.2800000000000002,front_left_arm_to_hand,10,1.5994867086410522,4.4092079320989797e-08,1.600000023841858,0.0,0.0,0.041065193712711334,0.041065193712711334,0.0,0.0,0.4000000059604645,0.0,0.0,0.0,0.4000000059604645,0.0,0.0,0.0,0.4000000059604645,0.0
115,2.3000000000000003,base_to_front_left_shoulder,2,0.10583478212356567,6.558972927450668e-06,0.10000000149011612,0.0,0.0,-0.46711692214012146,-0.46711692214012146,0.0,0.0,0.4000000059604645,0.0,0.0,0.0,0.4000000059604645,0.0,0.0,0.0,0.4000000059604645,0.0
115,2.3000000000000003,front_left_shoulder_to_arm,6,-0.6863622069358826,5.3726085752714425e-05,-0.6899999976158142,0.0,0.0,-0.29090985655784607,-0.29090985655784607,0.0,0.0,0.4000000059604645,0.0,0.0,0.0,0.4000000059604645,0.0,0.0,0.0,0.4000000059604645,0.0
115,2.3000000000000003,front_left_arm_to_hand,10,1.5994867086410522,3.576272433747363e-08,1.600000023841858,0.0,0.0,0.04106520116329193,0.04106520116329193,0.0,0.0,0.4000000059604645,0.0,0.0,0.0,0.4000000059604645,0.0,0.0,0.0,0.4000000059604645,0.0
116,2.32,base_to_front_left_shoulder,2,0.10581813007593155,6.603821020689793e-06,0.10000000149011612,0.0,0.0,-0.4657873809337616,-0.4657873809337616,0.0,0.0,0.4000000059604645,0.0,0.0,0.0,0.4000000059604645,0.0,0.0,0.0,0.4000000059604645,0.0
116,2.32,front_left_shoulder_to_arm,6,-0.6863555312156677,5.406994023360312e-05,-0.6899999976158142,0.0,0.0,-0.2914508581161499,-0.2914508581161499,0.0,0.0,0.4000000059604645,0.0,0.0,0.0,0.4000000059604645,0.0,0.0,0.0,0.4000000059604645,0.0
116,2.32,front_left_arm_to_hand,10,1.5994867086410522,2.253219122394512e-08,1.600000023841858,0.0,0.0,0.04106519743800163,0.04106519743800163,0.0,0.0,0.4000000059604645,0.0,0.0,0.0,0.4000000059604645,0.0,0.0,0.0,0.4000000059604645,0.0
117,2.34,base_to_front_left_shoulder,2,0.10580136626958847,6.604898771911394e-06,0.10000000149011612,0.0,0.0,-0.4644486606121063,-0.4644486606121063,0.0,0.0,0.4000000059604645,0.0,0.0,0.0,0.4000000059604645,0.0,0.0,0.0,0.4000000059604645,0.0
117,2.34,front_left_shoulder_to_arm,6,-0.6863488554954529,5.4073861974757165e-05,-0.6899999976158142,0.0,0.0,-0.291984885931015,-0.291984885931015,0.0,0.0,0.4000000059604645,0.0,0.0,0.0,0.4000000059604645,0.0,0.0,0.0,0.4000000059604645,0.0
117,2.34,front_left_arm_to_hand,10,1.5994867086410522,4.288174082489604e-08,1.600000023841858,0.0,0.0,0.041065193712711334,0.041065193712711334,0.0,0.0,0.4000000059604645,0.0,0.0,0.0,0.4000000059604645,0.0,0.0,0.0,0.4000000059604645,0.0
118,2.36,base_to_front_left_shoulder,2,0.10582675784826279,6.614715857722331e-06,0.10000000149011612,0.0,0.0,-0.46648237109184265,-0.46648237109184265,0.0,0.0,0.4000000059604645,0.0,0.0,0.0,0.4000000059604645,0.0,0.0,0.0,0.4000000059604645,0.0
118,2.36,front_left_shoulder_to_arm,6,-0.686342179775238,5.408371362136677e-05,-0.6899999976158142,0.0,0.0,-0.2925189435482025,-0.2925189435482025,0.0,0.0,0.4000000059604645,0.0,0.0,0.0,0.4000000059604645,0.0,0.0,0.0,0.4000000059604645,0.0
118,2.36,front_left_arm_to_hand,10,1.5994867086410522,4.856378410522666e-08,1.600000023841858,0.0,0.0,0.04106519743800163,0.04106519743800163,0.0,0.0,0.4000000059604645,0.0,0.0,0.0,0.4000000059604645,0.0,0.0,0.0,0.4000000059604645,0.0
119,2.38,base_to_front_left_shoulder,2,0.1058097556233406,6.618968654947821e-06,0.10000000149011612,0.0,0.0,-0.46512457728385925,-0.46512457728385925,0.0,0.0,0.4000000059604645,0.0,0.0,0.0,0.4000000059604645,0.0,0.0,0.0,0.4000000059604645,0.0
119,2.38,front_left_shoulder_to_arm,6,-0.6863355040550232,5.40834225830622e-05,-0.6899999976158142,0.0,0.0,-0.2930530309677124,-0.2930530309677124,0.0,0.0,0.4000000059604645,0.0,0.0,0.0,0.4000000059604645,0.0,0.0,0.0,0.4000000059604645,0.0
119,2.38,front_left_arm_to_hand,10,1.5994867086410522,5.127198221543949e-08,1.600000023841858,0.0,0.0,0.04106519743800163,0.04106519743800163,0.0,0.0,0.4000000059604645,0.0,0.0,0.0,0.4000000059604645,0.0,0.0,0.0,0.4000000059604645,0.0
120,2.4,base_to_front_left_shoulder,2,0.10583499073982239,6.562885573657695e-06,0.10000000149011612,0.0,0.0,-0.4671449363231659,-0.4671449363231659,0.0,0.0,0.4000000059604645,0.0,0.0,0.0,0.4000000059604645,0.0,0.0,0.0,0.4000000059604645,0.0
120,2.4,front_left_shoulder_to_arm,6,-0.6863288283348083,5.371977749746293e-05,-0.6899999976158142,0.0,0.0,-0.2935801148414612,-0.2935801148414612,0.0,0.0,0.4000000059604645,0.0,0.0,0.0,0.4000000059604645,0.0,0.0,0.0,0.4000000059604645,0.0
120,2.4,front_left_arm_to_hand,10,1.5994867086410522,3.7340594616352973e-08,1.600000023841858,0.0,0.0,0.04106520488858223,0.04106520488858223,0.0,0.0,0.4000000059604645,0.0,0.0,0.0,0.4000000059604645,0.0,0.0,0.0,0.4000000059604645,0.0
121,2.42,base_to_front_left_shoulder,2,0.1058177500963211,6.6164075178676285e-06,0.10000000149011612,0.0,0.0,-0.4657689034938812,-0.4657689034938812,0.0,0.0,0.4000000059604645,0.0,0.0,0.0,0.4000000059604645,0.0,0.0,0.0,0.4000000059604645,0.0
121,2.42,front_left_shoulder_to_arm,6,-0.6863221526145935,5.410257290350273e-05,-0.6899999976158142,0.0,0.0,-0.2941211462020874,-0.2941211462020874,0.0,0.0,0.4000000059604645,0.0,0.0,0.0,0.4000000059604645,0.0,0.0,0.0,0.4000000059604645,0.0
121,2.42,front_left_arm_to_hand,10,1.5994867086410522,3.4150843930547126e-08,1.600000023841858,0.0,0.0,0.041065189987421036,0.041065189987421036,0.0,0.0,0.4000000059604645,0.0,0.0,0.0,0.4000000059604645,0.0,0.0,0.0,0.4000000059604645,0.0
122,2.44,base_to_front_left_shoulder,2,0.1058426946401596,4.955370968673378e-06,0.10000000149011612,0.0,0.0,-0.46438249945640564,-0.46438249945640564,0.0,0.0,0.4000000059604645,0.0,0.0,0.0,0.4000000059604645,0.0,0.0,0.0,0.4000000059604645,0.0
122,2.44,front_left_shoulder_to_arm,6,-0.6863154768943787,4.019424522994086e-05,-0.6899999976158142,0.0,0.0,-0.2946551740169525,-0.2946551740169525,0.0,0.0,0.4000000059604645,0.0,0.0,0.0,0.4000000059604645,0.0,0.0,0.0,0.4000000059604645,0.0
122,2.44,front_left_arm_to_hand,10,1.5994867086410522,1.9485312918732234e-08,1.600000023841858,0.0,0.0,0.041065193712711334,0.041065193712711334,0.0,0.0,0.4000000059604645,0.0,0.0,0.0,0.4000000059604645,0.0,0.0,0.0,0.4000000059604645,0.0
123,2.46,base_to_front_left_shoulder,2,0.10582521557807922,6.608814146602526e-06,0.10000000149011612,0.0,0.0,-0.46637091040611267,-0.46637091040611267,0.0,0.0,0.4000000059604645,0.0,0.0,0.0,0.4000000059604645,0.0,0.0,0.0,0.4000000059604645,0.0
123,2.46,front_left_shoulder_to_arm,6,-0.6863088011741638,5.410020094132051e-05,-0.6899999976158142,0.0,0.0,-0.2951892614364624,-0.2951892614364624,0.0,0.0,0.4000000059604645,0.0,0.0,0.0,0.4000000059604645,0.0,0.0,0.0,0.4000000059604645,0.0
123,2.46,front_left_arm_to_hand,10,1.5994867086410522,5.031662198007325e-08,1.600000023841858,0.0,0.0,0.041065189987421036,0.041065189987421036,0.0,0.0,0.4000000059604645,0.0,0.0,0.0,0.4000000059604645,0.0,0.0,0.0,0.4000000059604645,0.0
124,2.48,base_to_front_left_shoulder,2,0.10580761730670929,6.6069669628632255e-06,0.10000000149011612,0.0,0.0,-0.46496543288230896,-0.46496543288230896,0.0,0.0,0.4000000059604645,0.0,0.0,0.0,0.4000000059604645,0.0,0.0,0.0,0.4000000059604645,0.0
124,2.48,front_left_shoulder_to_arm,6,-0.686302125453949,5.4102092690300196e-05,-0.6899999976158142,0.0,0.0,-0.2957233190536499,-0.2957233190536499,0.0,0.0,0.4000000059604645,0.0,0.0,0.0,0.4000000059604645,0.0,0.0,0.0,0.4000000059604645,0.0
124,2.48,front_left_arm_to_hand,10,1.5994867086410522,4.879560222548207e-08,1.600000023841858,0.0,0.0,0.041065193712711334,0.041065193712711334,0.0,0.0,0.4000000059604645,0.0,0.0,0.0,0.4000000059604645,0.0,0.0,0.0,0.4000000059604645,0.0
125,2.5,base_to_front_left_shoulder,2,0.10583218932151794,6.610043783439323e-06,0.10000000149011612,0.0,0.0,-0.4669329822063446,-0.4669329822063446,0.0,0.0,0.4000000059604645,0.0,0.0,0.0,0.4000000059604645,0.0,0.0,0.0,0.4000000059604645,0.0
125,2.5,front_left_shoulder_to_arm,6,-0.6862954497337341,5.4106072639115155e-05,-0.6899999976158142,0.0,0.0,-0.2962573766708374,-0.2962573766708374,0.0,0.0,0.4000000059604645,0.0,0.0,0.0,0.4000000059604645,0.0,0.0,0.0,0.4000000059604645,0.0
125,2.5,front_left_arm_to_hand,10,1.5994867086410522,2.9628782982626944e-08,1.600000023841858,0.0,0.0,0.041065189987421036,0.041065189987421036,0.0,0.0,0.4000000059604645,0.0,0.0,0.0,0.4000000059604645,0.0,0.0,0.0,0.4000000059604645,0.0
126,2.52,base_to_front_left_shoulder,2,0.1058143824338913,6.6152642830275e-06,0.10000000149011612,0.0,0.0,-0.4655108153820038,-0.4655108153820038,0.0,0.0,0.4000000059604645,0.0,0.0,0.0,0.4000000059604645,0.0,0.0,0.0,0.4000000059604645,0.0
126,2.52,front_left_shoulder_to_arm,6,-0.6862887740135193,5.4127536714076996e-05,-0.6899999976158142,0.0,0.0,-0.2967914044857025,-0.2967914044857025,0.0,0.0,0.4000000059604645,0.0,0.0,0.0,0.4000000059604645,0.0,0.0,0.0,0.4000000059604645,0.0
126,2.52,front_left_arm_to_hand,10,1.5994867086410522,3.317905594713011e-08,1.600000023841858,0.0,0.0,0.04106518626213074,0.04106518626213074,0.0,0.0,0.4000000059604645,0.0,0.0,0.0,0.4000000059604645,0.0,0.0,0.0,0.4000000059604645,0.0
127,2.54,base_to_front_left_shoulder,2,0.10583868622779846,6.602272151212674e-06,0.10000000149011612,0.0,0.0,-0.4674580693244934,-0.4674580693244934,0.0,0.0,0.4000000059604645,0.0,0.0,0.0,0.4000000059604645,0.0,0.0,0.0,0.4000000059604645,0.0
127,2.54,front_left_shoulder_to_arm,6,-0.6862820982933044,5.409174627857283e-05,-0.6899999976158142,0.0,0.0,-0.2973253130912781,-0.2973253130912781,0.0,0.0,0.4000000059604645,0.0,0.0,0.0,0.4000000059604645,0.0,0.0,0.0,0.4000000059604645,0.0
127,2.54,front_left_arm_to_hand,10,1.5994867086410522,4.02394384479976e-08,1.600000023841858,0.0,0.0,0.04106519743800163,0.04106519743800163,0.0,0.0,0.4000000059604645,0.0,0.0,0.0,0.4000000059604645,0.0,0.0,0.0,0.4000000059604645,0.0
128,2.56,base_to_front_left_shoulder,2,0.10582061111927032,6.621868124057073e-06,0.10000000149011612,0.0,0.0,-0.46601447463035583,-0.46601447463035583,0.0,0.0,0.4000000059604645,0.0,0.0,0.0,0.4000000059604645,0.0,0.0,0.0,0.4000000059604645,0.0
128,2.56,front_left_shoulder_to_arm,6,-0.6862754225730896,5.41030167369172e-05,-0.6899999976158142,0.0,0.0,-0.2978595495223999,-0.2978595495223999,0.0,0.0,0.4000000059604645,0.0,0.0,0.0,0.4000000059604645,0.0,0.0,0.0,0.4000000059604645,0.0
128,2.56,front_left_arm_to_hand,10,1.5994867086410522,5.680213632786035e-08,1.600000023841858,0.0,0.0,0.041065193712711334,0.041065193712711334,0.0,0.0,0.4000000059604645,0.0,0.0,0.0,0.4000000059604645,0.0,0.0,0.0,0.4000000059604645,0.0
129,2.58,base_to_front_left_shoulder,2,0.10584468394517899,6.572708116436843e-06,0.10000000149011612,0.0,0.0,-0.46794185042381287,-0.46794185042381287,0.0,0.0,0.4000000059604645,0.0,0.0,0.0,0.4000000059604645,0.0,0.0,0.0,0.4000000059604645,0.0
129,2.58,front_left_shoulder_to_arm,6,-0.6862687468528748,5.373814929043874e-05,-0.6899999976158142,0.0,0.0,-0.29838666319847107,-0.29838666319847107,0.0,0.0,0.4000000059604645,0.0,0.0,0.0,0.4000000059604645,0.0,0.0,0.0,0.4000000059604645,0.0
129,2.58,front_left_arm_to_hand,10,1.5994867086410522,5.0293827769110067e-08,1.600000023841858,0.0,0.0,0.04106520861387253,0.04106520861387253,0.0,0.0,0.4000000059604645,0.0,0.0,0.0,0.4000000059604645,0.0,0.0,0.0,0.4000000059604645,0.0
130,2.6,base_to_front_left_shoulder,2,0.10582637041807175,6.6018319557770155e-06,0.10000000149011612,0.0,0.0,-0.46647998690605164,-0.46647998690605164,0.0,0.0,0.4000000059604645,0.0,0.0,0.0,0.4000000059604645,0.0,0.0,0.0,0.4000000059604645,0.0
130,2.6,front_left_shoulder_to_arm,6,-0.6862620711326599,5.413324834080413e-05,-0.6899999976158142,0.0,0.0,-0.2989276647567749,-0.2989276647567749,0.0,0.0,0.4000000059604645,0.0,0.0,0.0,0.4000000059604645,0.0,0.0,0.0,0.4000000059604645,0.0
130,2.6,front_left_arm_to_hand,10,1.5994867086410522,4.261844921416014e-08,1.600000023841858,0.0,0.0,0.04106520116329193,0.04106520116329193,0.0,0.0,0.4000000059604645,0.0,0.0,0.0,0.4000000059604645,0.0,0.0,0.0,0.4000000059604645,0.0
131,2.62,base_to_front_left_shoulder,2,0.10585024207830429,4.967564564140048e-06,0.10000000149011612,0.0,0.0,-0.4650077521800995,-0.4650077521800995,0.0,0.0,0.4000000059604645,0.0,0.0,0.0,0.4000000059604645,0.0,0.0,0.0,0.4000000059604645,0.0
131,2.62,front_left_shoulder_to_arm,6,-0.6862553954124451,4.0219947550212964e-05,-0.6899999976158142,0.0,0.0,-0.2994617223739624,-0.2994617223739624,0.0,0.0,0.4000000059604645,0.0,0.0,0.0,0.4000000059604645,0.0,0.0,0.0,0.4000000059604645,0.0
131,2.62,front_left_arm_to_hand,10,1.5994867086410522,4.3199747778999154e-08,1.600000023841858,0.0,0.0,0.041065193712711334,0.041065193712711334,0.0,0.0,0.4000000059604645,0.0,0.0,0.0,0.4000000059604645,0.0,0.0,0.0,0.4000000059604645,0.0
132,2.64,base_to_front_left_shoulder,2,0.10583169013261795,6.609916454181075e-06,0.10000000149011612,0.0,0.0,-0.46691033244132996,-0.46691033244132996,0.0,0.0,0.4000000059604645,0.0,0.0,0.0,0.4000000059604645,0.0,0.0,0.0,0.4000000059604645,0.0
132,2.64,front_left_shoulder_to_arm,6,-0.6862487196922302,5.4128839110489935e-05,-0.6899999976158142,0.0,0.0,-0.2999957799911499,-0.2999957799911499,0.0,0.0,0.4000000059604645,0.0,0.0,0.0,0.4000000059604645,0.0,0.0,0.0,0.4000000059604645,0.0
132,2.64,front_left_arm_to_hand,10,1.5994867086410522,2.561053946692482e-08,1.600000023841858,0.0,0.0,0.04106520116329193,0.04106520116329193,0.0,0.0,0.4000000059604645,0.0,0.0,0.0,0.4000000059604645,0.0,0.0,0.0,0.4000000059604645,0.0
133,2.66,base_to_front_left_shoulder,2,0.10581301897764206,6.613524419663008e-06,0.10000000149011612,0.0,0.0,-0.4654190242290497,-0.4654190242290497,0.0,0.0,0.4000000059604645,0.0,0.0,0.0,0.4000000059604645,0.0,0.0,0.0,0.4000000059604645,0.0
133,2.66,front_left_shoulder_to_arm,6,-0.6862420439720154,5.4129901400301605e-05,-0.6899999976158142,0.0,0.0,-0.3005298376083374,-0.3005298376083374,0.0,0.0,0.4000000059604645,0.0,0.0,0.0,0.4000000059604645,0.0,0.0,0.0,0.4000000059604645,0.0
133,2.66,front_left_arm_to_hand,10,1.5994867086410522,3.6709277395630124e-08,1.600000023841858,0.0,0.0,0.041065193712711334,0.041065193712711334,0.0,0.0,0.4000000059604645,0.0,0.0,0.0,0.4000000059604645,0.0,0.0,0.0,0.4000000059604645,0.0
134,2.68,base_to_front_left_shoulder,2,0.10583659261465073,6.601309905818198e-06,0.10000000149011612,0.0,0.0,-0.4673067033290863,-0.4673067033290863,0.0,0.0,0.4000000059604645,0.0,0.0,0.0,0.4000000059604645,0.0,0.0,0.0,0.4000000059604645,0.0
134,2.68,front_left_shoulder_to_arm,6,-0.6862353682518005,5.4129326599650085e-05,-0.6899999976158142,0.0,0.0,-0.3010638952255249,-0.3010638952255249,0.0,0.0,0.4000000059604645,0.0,0.0,0.0,0.4000000059604645,0.0,0.0,0.0,0.4000000059604645,0.0
134,2.68,front_left_arm_to_hand,10,1.5994867086410522,4.7638074818223686e-08,1.600000023841858,0.0,0.0,0.04106519743800163,0.04106519743800163,0.0,0.0,0.4000000059604645,0.0,0.0,0.0,0.4000000059604645,0.0,0.0,0.0,0.4000000059604645,0.0
135,2.7,base_to_front_left_shoulder,2,0.10581771284341812,6.614512130909134e-06,0.10000000149011612,0.0,0.0,-0.4657987058162689,-0.4657987058162689,0.0,0.0,0.4000000059604645,0.0,0.0,0.0,0.4000000059604645,0.0,0.0,0.0,0.4000000059604645,0.0
135,2.7,front_left_shoulder_to_arm,6,-0.6862286925315857,5.4149139032233506e-05,-0.6899999976158142,0.0,0.0,-0.3015979528427124,-0.3015979528427124,0.0,0.0,0.4000000059604645,0.0,0.0,0.0,0.4000000059604645,0.0,0.0,0.0,0.4000000059604645,0.0
135,2.7,front_left_arm_to_hand,10,1.5994867086410522,3.731103959125903e-08,1.600000023841858,0.0,0.0,0.04106520116329193,0.04106520116329193,0.0,0.0,0.4000000059604645,0.0,0.0,0.0,0.4000000059604645,0.0,0.0,0.0,0.4000000059604645,0.0
136,2.72,base_to_front_left_shoulder,2,0.10584095865488052,6.6186066760565154e-06,0.10000000149011612,0.0,0.0,-0.4676607549190521,-0.4676607549190521,0.0,0.0,0.4000000059604645,0.0,0.0,0.0,0.4000000059604645,0.0,0.0,0.0,0.4000000059604645,0.0
136,2.72,front_left_shoulder_to_arm,6,-0.6862220168113708,5.413812323240563e-05,-0.6899999976158142,0.0,0.0,-0.3021320104598999,-0.3021320104598999,0.0,0.0,0.4000000059604645,0.0,0.0,0.0,0.4000000059604645,0.0,0.0,0.0,0.4000000059604645,0.0
136,2.72,front_left_arm_to_hand,10,1.5994867086410522,4.10885405699446e-08,1.600000023841858,0.0,0.0,0.041065193712711334,0.041065193712711334,0.0,0.0,0.4000000059604645,0.0,0.0,0.0,0.4000000059604645,0.0,0.0,0.0,0.4000000059604645,0.0
137,2.74,base_to_front_left_shoulder,2,0.10582184046506882,6.614911399083212e-06,0.10000000149011612,0.0,0.0,-0.4661336839199066,-0.4661336839199066,0.0,0.0,0.4000000059604645,0.0,0.0,0.0,0.4000000059604645,0.0,0.0,0.0,0.4000000059604645,0.0
137,2.74,front_left_shoulder_to_arm,6,-0.686215341091156,5.4144664318300784e-05,-0.6899999976158142,0.0,0.0,-0.3026660680770874,-0.3026660680770874,0.0,0.0,0.4000000059604645,0.0,0.0,0.0,0.4000000059604645,0.0,0.0,0.0,0.4000000059604645,0.0
137,2.74,front_left_arm_to_hand,10,1.5994867086410522,3.264366910116223e-08,1.600000023841858,0.0,0.0,0.041065189987421036,0.041065189987421036,0.0,0.0,0.4000000059604645,0.0,0.0,0.0,0.4000000059604645,0.0,0.0,0.0,0.4000000059604645,0.0
138,2.7600000000000002,base_to_front_left_shoulder,2,0.10584493726491928,6.6152897488791496e-06,0.10000000149011612,0.0,0.0,-0.46798378229141235,-0.46798378229141235,0.0,0.0,0.4000000059604645,0.0,0.0,0.0,0.4000000059604645,0.0,0.0,0.0,0.4000000059604645,0.0
138,2.7600000000000002,front_left_shoulder_to_arm,6,-0.6862086653709412,5.4144686146173626e-05,-0.6899999976158142,0.0,0.0,-0.3031999468803406,-0.3031999468803406,0.0,0.0,0.4000000059604645,0.0,0.0,0.0,0.4000000059604645,0.0,0.0,0.0,0.4000000059604645,0.0
138,2.7600000000000002,front_left_arm_to_hand,10,1.5994867086410522,4.625752936249228e-08,1.600000023841858,0.0,0.0,0.04106519743800163,0.04106519743800163,0.0,0.0,0.4000000059604645,0.0,0.0,0.0,0.4000000059604645,0.0,0.0,0.0,0.4000000059604645,0.0
139,2.7800000000000002,base_to_front_left_shoulder,2,0.10582558065652847,6.611610842810478e-06,0.10000000149011612,0.0,0.0,-0.4664376676082611,-0.4664376676082611,0.0,0.0,0.4000000059604645,0.0,0.0,0.0,0.4000000059604645,0.0,0.0,0.0,0.4000000059604645,0.0
139,2.7800000000000002,front_left_shoulder_to_arm,6,-0.6862019896507263,5.4140873544383794e-05,-0.6899999976158142,0.0,0.0,-0.3037341833114624,-0.3037341833114624,0.0,0.0,0.4000000059604645,0.0,0.0,0.0,0.4000000059604645,0.0,0.0,0.0,0.4000000059604645,0.0
139,2.7800000000000002,front_left_arm_to_hand,10,1.5994867086410522,3.169710893757838e-08,1.600000023841858,0.0,0.0,0.041065193712711334,0.041065193712711334,0.0,0.0,0.4000000059604645,0.0,0.0,0.0,0.4000000059604645,0.0,0.0,0.0,0.4000000059604645,0.0
140,2.8000000000000003,base_to_front_left_shoulder,2,0.10584837943315506,6.612452125409618e-06,0.10000000149011612,0.0,0.0,-0.4682639241218567,-0.4682639241218567,0.0,0.0,0.4000000059604645,0.0,0.0,0.0,0.4000000059604645,0.0,0.0,0.0,0.4000000059604645,0.0
140,2.8000000000000003,front_left_shoulder_to_arm,6,-0.6861953139305115,5.413249891716987e-05,-0.6899999976158142,0.0,0.0,-0.3042680621147156,-0.3042680621147156,0.0,0.0,0.4000000059604645,0.0,0.0,0.0,0.4000000059604645,0.0,0.0,0.0,0.4000000059604645,0.0
140,2.8000000000000003,front_left_arm_to_hand,10,1.5994867086410522,2.2362105056572545e-08,1.600000023841858,0.0,0.0,0.041065193712711334,0.041065193712711334,0.0,0.0,0.4000000059604645,0.0,0.0,0.0,0.4000000059604645,0.0,0.0,0.0,0.4000000059604645,0.0
141,2.82,base_to_front_left_shoulder,2,0.10582878440618515,6.606695023947395e-06,0.10000000149011612,0.0,0.0,-0.4666987359523773,-0.4666987359523773,0.0,0.0,0.4000000059604645,0.0,0.0,0.0,0.4000000059604645,0.0,0.0,0.0,0.4000000059604645,0.0
141,2.82,front_left_shoulder_to_arm,6,-0.6861886382102966,5.4163676395546645e-05,-0.6899999976158142,0.0,0.0,-0.3048023283481598,-0.3048023283481598,0.0,0.0,0.4000000059604645,0.0,0.0,0.0,0.4000000059604645,0.0,0.0,0.0,0.4000000059604645,0.0
141,2.82,front_left_arm_to_hand,10,1.5994867086410522,4.153124422145993e-08,1.600000023841858,0.0,0.0,0.041065193712711334,0.041065193712711334,0.0,0.0,0.4000000059604645,0.0,0.0,0.0,0.4000000059604645,0.0,0.0,0.0,0.4000000059604645,0.0
142,2.84,base_to_front_left_shoulder,2,0.10585129261016846,6.612413017137442e-06,0.10000000149011612,0.0,0.0,-0.4685017466545105,-0.4685017466545105,0.0,0.0,0.4000000059604645,0.0,0.0,0.0,0.4000000059604645,0.0,0.0,0.0,0.4000000059604645,0.0
142,2.84,front_left_shoulder_to_arm,6,-0.6861819624900818,5.415488703874871e-05,-0.6899999976158142,0.0,0.0,-0.30533620715141296,-0.30533620715141296,0.0,0.0,0.4000000059604645,0.0,0.0,0.0,0.4000000059604645,0.0,0.0,0.0,0.4000000059604645,0.0
142,2.84,front_left_arm_to_hand,10,1.5994867086410522,3.576260354520855e-08,1.600000023841858,0.0,0.0,0.04106520488858223,0.04106520488858223,0.0,0.0,0.4000000059604645,0.0,0.0,0.0,0.4000000059604645,0.0,0.0,0.0,0.4000000059604645,0.0
143,2.86,base_to_front_left_shoulder,2,0.10583148151636124,6.614692210860085e-06,0.10000000149011612,0.0,0.0,-0.4669186770915985,-0.4669186770915985,0.0,0.0,0.4000000059604645,0.0,0.0,0.0,0.4000000059604645,0.0,0.0,0.0,0.4000000059604645,0.0
143,2.86,front_left_shoulder_to_arm,6,-0.6861752867698669,5.415384657680988e-05,-0.6899999976158142,0.0,0.0,-0.3058704435825348,-0.3058704435825348,0.0,0.0,0.4000000059604645,0.0,0.0,0.0,0.4000000059604645,0.0,0.0,0.0,0.4000000059604645,0.0
143,2.86,front_left_arm_to_hand,10,1.5994867086410522,5.7864536273655176e-08,1.600000023841858,0.0,0.0,0.04106520116329193,0.04106520116329193,0.0,0.0,0.4000000059604645,0.0,0.0,0.0,0.4000000059604645,0.0,0.0,0.0,0.4000000059604645,0.0
144,2.88,base_to_front_left_shoulder,2,0.10585392266511917,6.57890359434532e-06,0.10000000149011612,0.0,0.0,-0.46871551871299744,-0.46871551871299744,0.0,0.0,0.4000000059604645,0.0,0.0,0.0,0.4000000059604645,0.0,0.0,0.0,0.4000000059604645,0.0
144,2.88,front_left_shoulder_to_arm,6,-0.6861686706542969,5.3790317906532437e-05,-0.6899999976158142,0.0,0.0,-0.30639752745628357,-0.30639752745628357,0.0,0.0,0.4000000059604645,0.0,0.0,0.0,0.4000000059604645,0.0,0.0,0.0,0.4000000059604645,0.0
144,2.88,front_left_arm_to_hand,10,1.5994867086410522,3.333364162472208e-08,1.600000023841858,0.0,0.0,0.04106520116329193,0.04106520116329193,0.0,0.0,0.4000000059604645,0.0,0.0,0.0,0.4000000059604645,0.0,0.0,0.0,0.4000000059604645,0.0
145,2.9,base_to_front_left_shoulder,2,0.10583388060331345,6.5996009652735665e-06,0.10000000149011612,0.0,0.0,-0.4671153724193573,-0.4671153724193573,0.0,0.0,0.4000000059604645,0.0,0.0,0.0,0.4000000059604645,0.0,0.0,0.0,0.4000000059604645,0.0
145,2.9,front_left_shoulder_to_arm,6,-0.686161994934082,5.4149066272657365e-05,-0.6899999976158142,0.0,0.0,-0.30693379044532776,-0.30693379044532776,0.0,0.0,0.4000000059604645,0.0,0.0,0.0,0.4000000059604645,0.0,0.0,0.0,0.4000000059604645,0.0
145,2.9,front_left_arm_to_hand,10,1.5994867086410522,5.6414041438301865e-08,1.600000023841858,0.0,0.0,0.041065189987421036,0.041065189987421036,0.0,0.0,0.4000000059604645,0.0,0.0,0.0,0.4000000059604645,0.0,0.0,0.0,0.4000000059604645,0.0
146,2.92,base_to_front_left_shoulder,2,0.10585606843233109,6.563023816852365e-06,0.10000000149011612,0.0,0.0,-0.4688919484615326,-0.4688919484615326,0.0,0.0,0.4000000059604645,0.0,0.0,0.0,0.4000000059604645,0.0,0.0,0.0,0.4000000059604645,0.0
146,2.92,front_left_shoulder_to_arm,6,-0.686155378818512,5.378889909479767e-05,-0.6899999976158142,0.0,0.0,-0.30746087431907654,-0.30746087431907654,0.0,0.0,0.4000000059604645,0.0,0.0,0.0,0.4000000059604645,0.0,0.0,0.0,0.4000000059604645,0.0
146,2.92,front_left_arm_to_hand,10,1.5994867086410522,4.6861426739042145e-08,1.600000023841858,0.0,0.0,0.04106520116329193,0.04106520116329193,0.0,0.0,0.4000000059604645,0.0,0.0,0.0,0.4000000059604645,0.0,0.0,0.0,0.4000000059604645,0.0
147,2.94,base_to_front_left_shoulder,2,0.10583578795194626,6.627578841289505e-06,0.10000000149011612,0.0,0.0,-0.46727272868156433,-0.46727272868156433,0.0,0.0,0.4000000059604645,0.0,0.0,0.0,0.4000000059604645,0.0,0.0,0.0,0.4000000059604645,0.0
147,2.94,front_left_shoulder_to_arm,6,-0.6861487030982971,5.41606787010096e-05,-0.6899999976158142,0.0,0.0,-0.3079971373081207,-0.3079971373081207,0.0,0.0,0.4000000059604645,0.0,0.0,0.0,0.4000000059604645,0.0,0.0,0.0,0.4000000059604645,0.0
147,2.94,front_left_arm_to_hand,10,1.5994867086410522,2.4384618768635846e-08,1.600000023841858,0.0,0.0,0.04106519743800163,0.04106519743800163,0.0,0.0,0.4000000059604645,0.0,0.0,0.0,0.4000000059604645,0.0,0.0,0.0,0.4000000059604645,0.0
148,2.96,base_to_front_left_shoulder,2,0.10585805773735046,1.2741728028231591e-07,0.10000000149011612,0.0,0.0,-0.4689219892024994,-0.4689219892024994,0.0,0.0,0.4000000059604645,0.0,0.0,0.0,0.4000000059604645,0.0,0.0,0.0,0.4000000059604645,0.0
148,2.96,front_left_shoulder_to_arm,6,-0.6862073540687561,1.0950334399240091e-06,-0.6899999976158142,0.0,0.0,-0.30242398381233215,-0.30242398381233215,0.0,0.0,0.4000000059604645,0.0,0.0,0.0,0.4000000059604645,0.0,0.0,0.0,0.4000000059604645,0.0
148,2.96,front_left_arm_to_hand,10,1.5994867086410522,-1.661295434551846e-09,1.600000023841858,0.0,0.0,0.04106592759490013,0.04106592759490013,0.0,0.0,0.4000000059604645,0.0,0.0,0.0,0.4000000059604645,0.0,0.0,0.0,0.4000000059604645,0.0
149,2.98,base_to_front_left_shoulder,2,0.10583867132663727,6.610845048271585e-06,0.10000000149011612,0.0,0.0,-0.4674855172634125,-0.4674855172634125,0.0,0.0,0.4000000059604645,0.0,0.0,0.0,0.4000000059604645,0.0,0.0,0.0,0.4000000059604645,0.0
149,2.98,front_left_shoulder_to_arm,6,-0.686200737953186,5.413385224528611e-05,-0.6899999976158142,0.0,0.0,-0.30383431911468506,-0.30383431911468506,0.0,0.0,0.4000000059604645,0.0,0.0,0.0,0.4000000059604645,0.0,0.0,0.0,0.4000000059604645,0.0
149,2.98,front_left_arm_to_hand,10,1.5994867086410522,5.1040448312278386e-08,1.600000023841858,0.0,0.0,0.04106520488858223,0.04106520488858223,0.0,0.0,0.4000000059604645,0.0,0.0,0.0,0.4000000059604645,0.0,0.0,0.0,0.4000000059604645,0.0
150,3.0,base_to_front_left_shoulder,2,0.10581917315721512,6.61696230963571e-06,0.10000000149011612,0.0,0.0,-0.46592745184898376,-0.46592745184898376,0.0,0.0,0.4000000059604645,0.0,0.0,0.0,0.4000000059604645,0.0,0.0,0.0,0.4000000059604645,0.0
150,3.0,front_left_shoulder_to_arm,6,-0.6861940622329712,5.4144373279996216e-05,-0.6899999976158142,0.0,0.0,-0.30436837673187256,-0.30436837673187256,0.0,0.0,0.4000000059604645,0.0,0.0,0.0,0.4000000059604645,0.0,0.0,0.0,0.4000000059604645,0.0
150,3.0,front_left_arm_to_hand,10,1.5994867086410522,4.231440087210103e-08,1.600000023841858,0.0,0.0,0.04106519743800163,0.04106519743800163,0.0,0.0,0.4000000059604645,0.0,0.0,0.0,0.4000000059604645,0.0,0.0,0.0,0.4000000059604645,0.0
151,3.02,base_to_front_left_shoulder,2,0.10584191977977753,6.611631761188619e-06,0.10000000149011612,0.0,0.0,-0.46774956583976746,-0.46774956583976746,0.0,0.0,0.4000000059604645,0.0,0.0,0.0,0.4000000059604645,0.0,0.0,0.0,0.4000000059604645,0.0
151,3.02,front_left_shoulder_to_arm,6,-0.6861873865127563,5.415182386059314e-05,-0.6899999976158142,0.0,0.0,-0.30490243434906006,-0.30490243434906006,0.0,0.0,0.4000000059604645,0.0,0.0,0.0,0.4000000059604645,0.0,0.0,0.0,0.4000000059604645,0.0
151,3.02,front_left_arm_to_hand,10,1.5994867086410522,3.80758855555996e-08,1.600000023841858,0.0,0.0,0.04106519743800163,0.04106519743800163,0.0,0.0,0.4000000059604645,0.0,0.0,0.0,0.4000000059604645,0.0,0.0,0.0,0.4000000059604645,0.0
152,3.04,base_to_front_left_shoulder,2,0.10582220554351807,6.6050361056113616e-06,0.10000000149011612,0.0,0.0,-0.46617481112480164,-0.46617481112480164,0.0,0.0,0.4000000059604645,0.0,0.0,0.0,0.4000000059604645,0.0,0.0,0.0,0.4000000059604645,0.0
152,3.04,front_left_shoulder_to_arm,6,-0.6861807107925415,5.4148214985616505e-05,-0.6899999976158142,0.0,0.0,-0.30543649196624756,-0.30543649196624756,0.0,0.0,0.4000000059604645,0.0,0.0,0.0,0.4000000059604645,0.0,0.0,0.0,0.4000000059604645,0.0
152,3.04,front_left_arm_to_hand,10,1.5994867086410522,4.09249274468948e-08,1.600000023841858,0.0,0.0,0.041065193712711334,0.041065193712711334,0.0,0.0,0.4000000059604645,0.0,0.0,0.0,0.4000000059604645,0.0,0.0,0.0,0.4000000059604645,0.0
153,3.06,base_to_front_left_shoulder,2,0.10584467649459839,6.609247975575272e-06,0.10000000149011612,0.0,0.0,-0.46797487139701843,-0.46797487139701843,0.0,0.0,0.4000000059604645,0.0,0.0,0.0,0.4000000059604645,0.0,0.0,0.0,0.4000000059604645,0.0
153,3.06,front_left_shoulder_to_arm,6,-0.6861740350723267,5.416457133833319e-05,-0.6899999976158142,0.0,0.0,-0.30597057938575745,-0.30597057938575745,0.0,0.0,0.4000000059604645,0.0,0.0,0.0,0.4000000059604645,0.0,0.0,0.0,0.4000000059604645,0.0
153,3.06,front_left_arm_to_hand,10,1.5994867086410522,3.3154247347511046e-08,1.600000023841858,0.0,0.0,0.041065193712711334,0.041065193712711334,0.0,0.0,0.4000000059604645,0.0,0.0,0.0,0.4000000059604645,0.0,0.0,0.0,0.4000000059604645,0.0
154,3.08,base_to_front_left_shoulder,2,0.10582472383975983,6.605087946809363e-06,0.10000000149011612,0.0,0.0,-0.4663810431957245,-0.4663810431957245,0.0,0.0,0.4000000059604645,0.0,0.0,0.0,0.4000000059604645,0.0,0.0,0.0,0.4000000059604645,0.0
154,3.08,front_left_shoulder_to_arm,6,-0.6861673593521118,5.4158408602233976e-05,-0.6899999976158142,0.0,0.0,-0.30650463700294495,-0.30650463700294495,0.0,0.0,0.4000000059604645,0.0,0.0,0.0,0.4000000059604645,0.0,0.0,0.0,0.4000000059604645,0.0
154,3.08,front_left_arm_to_hand,10,1.5994867086410522,3.457988384525379e-08,1.600000023841858,0.0,0.0,0.041065189987421036,0.041065189987421036,0.0,0.0,0.4000000059604645,0.0,0.0,0.0,0.4000000059604645,0.0,0.0,0.0,0.4000000059604645,0.0
155,3.1,base_to_front_left_shoulder,2,0.10584693402051926,6.611751814489253e-06,0.10000000149011612,0.0,0.0,-0.4681602418422699,-0.4681602418422699,0.0,0.0,0.4000000059604645,0.0,0.0,0.0,0.4000000059604645,0.0,0.0,0.0,0.4000000059604645,0.0
155,3.1,front_left_shoulder_to_arm,6,-0.6861607432365417,5.4151831136550754e-05,-0.6899999976158142,0.0,0.0,-0.307033896446228,-0.307033896446228,0.0,0.0,0.4000000059604645,0.0,0.0,0.0,0.4000000059604645,0.0,0.0,0.0,0.4000000059604645,0.0
155,3.1,front_left_arm_to_hand,10,1.5994867086410522,4.084770210965871e-08,1.600000023841858,0.0,0.0,0.04106519743800163,0.04106519743800163,0.0,0.0,0.4000000059604645,0.0,0.0,0.0,0.4000000059604645,0.0,0.0,0.0,0.4000000059604645,0.0
156,3.12,base_to_front_left_shoulder,2,0.10582674294710159,6.603567271667998e-06,0.10000000149011612,0.0,0.0,-0.4665473401546478,-0.4665473401546478,0.0,0.0,0.4000000059604645,0.0,0.0,0.0,0.4000000059604645,0.0,0.0,0.0,0.4000000059604645,0.0
156,3.12,front_left_shoulder_to_arm,6,-0.6861540675163269,5.416980275185779e-05,-0.6899999976158142,0.0,0.0,-0.3075679838657379,-0.3075679838657379,0.0,0.0,0.4000000059604645,0.0,0.0,0.0,0.4000000059604645,0.0,0.0,0.0,0.4000000059604645,0.0
156,3.12,front_left_arm_to_hand,10,1.5994867086410522,4.857059465734892e-08,1.600000023841858,0.0,0.0,0.041065189987421036,0.041065189987421036,0.0,0.0,0.4000000059604645,0.0,0.0,0.0,0.4000000059604645,0.0,0.0,0.0,0.4000000059604645,0.0
157,3.14,base_to_front_left_shoulder,2,0.10584869235754013,6.6185984906041995e-06,0.10000000149011612,0.0,0.0,-0.46830567717552185,-0.46830567717552185,0.0,0.0,0.4000000059604645,0.0,0.0,0.0,0.4000000059604645,0.0,0.0,0.0,0.4000000059604645,0.0
157,3.14,front_left_shoulder_to_arm,6,-0.6861474514007568,5.41657573194243e-05,-0.6899999976158142,0.0,0.0,-0.308097243309021,-0.308097243309021,0.0,0.0,0.4000000059604645,0.0,0.0,0.0,0.4000000059604645,0.0,0.0,0.0,0.4000000059604645,0.0
157,3.14,front_left_arm_to_hand,10,1.5994867086410522,2.9116009159224632e-08,1.600000023841858,0.0,0.0,0.041065193712711334,0.041065193712711334,0.0,0.0,0.4000000059604645,0.0,0.0,0.0,0.4000000059604645,0.0,0.0,0.0,0.4000000059604645,0.0
158,3.16,base_to_front_left_shoulder,2,0.10582824796438217,6.6163474912173115e-06,0.10000000149011612,0.0,0.0,-0.4666731059551239,-0.4666731059551239,0.0,0.0,0.4000000059604645,0.0,0.0,0.0,0.4000000059604645,0.0,0.0,0.0,0.4000000059604645,0.0
158,3.16,front_left_shoulder_to_arm,6,-0.686140775680542,5.417636566562578e-05,-0.6899999976158142,0.0,0.0,-0.3086313307285309,-0.3086313307285309,0.0,0.0,0.4000000059604645,0.0,0.0,0.0,0.4000000059604645,0.0,0.0,0.0,0.4000000059604645,0.0
158,3.16,front_left_arm_to_hand,10,1.5994867086410522,4.346762239038071e-08,1.600000023841858,0.0,0.0,0.041065193712711334,0.041065193712711334,0.0,0.0,0.4000000059604645,0.0,0.0,0.0,0.4000000059604645,0.0,0.0,0.0,0.4000000059604645,0.0
159,3.18,base_to_front_left_shoulder,2,0.10585087537765503,6.598212166863959e-06,0.10000000149011612,0.0,0.0,-0.4684617519378662,-0.4684617519378662,0.0,0.0,0.4000000059604645,0.0,0.0,0.0,0.4000000059604645,0.0,0.0,0.0,0.4000000059604645,0.0
159,3.18,front_left_shoulder_to_arm,6,-0.6861996650695801,5.409966252045706e-05,-0.6899999976158142,0.0,0.0,-0.3039194643497467,-0.3039194643497467,0.0,0.0,0.4000000059604645,0.0,0.0,0.0,0.4000000059604645,0.0,0.0,0.0,0.4000000059604645,0.0
159,3.18,front_left_arm_to_hand,10,1.5994867086410522,3.470706744224117e-08,1.600000023841858,0.0,0.0,0.041065193712711334,0.041065193712711334,0.0,0.0,0.4000000059604645,0.0,0.0,0.0,0.4000000059604645,0.0,0.0,0.0,0.4000000059604645,0.0
160,3.2,base_to_front_left_shoulder,2,0.10583136975765228,6.61426383885555e-06,0.10000000149011612,0.0,0.0,-0.46690377593040466,-0.46690377593040466,0.0,0.0,0.4000000059604645,0.0,0.0,0.0,0.4000000059604645,0.0,0.0,0.0,0.4000000059604645,0.0
160,3.2,front_left_shoulder_to_arm,6,-0.6861929893493652,5.414392217062414e-05,-0.6899999976158142,0.0,0.0,-0.3044542372226715,-0.3044542372226715,0.0,0.0,0.4000000059604645,0.0,0.0,0.0,0.4000000059604645,0.0,0.0,0.0,0.4000000059604645,0.0
160,3.2,front_left_arm_to_hand,10,1.5994867086410522,3.853458707681057e-08,1.600000023841858,0.0,0.0,0.04106520116329193,0.04106520116329193,0.0,0.0,0.4000000059604645,0.0,0.0,0.0,0.4000000059604645,0.0,0.0,0.0,0.4000000059604645,0.0
161,3.22,base_to_front_left_shoulder,2,0.10585403442382812,6.552225386258215e-06,0.10000000149011612,0.0,0.0,-0.4687185287475586,-0.4687185287475586,0.0,0.0,0.4000000059604645,0.0,0.0,0.0,0.4000000059604645,0.0,0.0,0.0,0.4000000059604645,0.0
161,3.22,front_left_shoulder_to_arm,6,-0.6861863136291504,5.3771116654388607e-05,-0.6899999976158142,0.0,0.0,-0.3049813210964203,-0.3049813210964203,0.0,0.0,0.4000000059604645,0.0,0.0,0.0,0.4000000059604645,0.0,0.0,0.0,0.4000000059604645,0.0
161,3.22,front_left_arm_to_hand,10,1.5994867086410522,5.000787339781709e-08,1.600000023841858,0.0,0.0,0.041065193712711334,0.041065193712711334,0.0,0.0,0.4000000059604645,0.0,0.0,0.0,0.4000000059604645,0.0,0.0,0.0,0.4000000059604645,0.0
162,3.24,base_to_front_left_shoulder,2,0.10583429038524628,6.614771336899139e-06,0.10000000149011612,0.0,0.0,-0.4671421945095062,-0.4671421945095062,0.0,0.0,0.4000000059604645,0.0,0.0,0.0,0.4000000059604645,0.0,0.0,0.0,0.4000000059604645,0.0
162,3.24,front_left_shoulder_to_arm,6,-0.6861796379089355,5.416444764705375e-05,-0.6899999976158142,0.0,0.0,-0.3055223524570465,-0.3055223524570465,0.0,0.0,0.4000000059604645,0.0,0.0,0.0,0.4000000059604645,0.0,0.0,0.0,0.4000000059604645,0.0
162,3.24,front_left_arm_to_hand,10,1.5994867086410522,2.7129317459184676e-08,1.600000023841858,0.0,0.0,0.04106519743800163,0.04106519743800163,0.0,0.0,0.4000000059604645,0.0,0.0,0.0,0.4000000059604645,0.0,0.0,0.0,0.4000000059604645,0.0
163,3.2600000000000002,base_to_front_left_shoulder,2,0.10585667937994003,6.566918273165356e-06,0.10000000149011612,0.0,0.0,-0.4689348638057709,-0.4689348638057709,0.0,0.0,0.4000000059604645,0.0,0.0,0.0,0.4000000059604645,0.0,0.0,0.0,0.4000000059604645,0.0
163,3.2600000000000002,front_left_shoulder_to_arm,6,-0.6861729621887207,5.37815285497345e-05,-0.6899999976158142,0.0,0.0,-0.3060494661331177,-0.3060494661331177,0.0,0.0,0.4000000059604645,0.0,0.0,0.0,0.4000000059604645,0.0,0.0,0.0,0.4000000059604645,0.0
163,3.2600000000000002,front_left_arm_to_hand,10,1.5994867086410522,4.2110084308433215e-08,1.600000023841858,0.0,0.0,0.04106520116329193,0.04106520116329193,0.0,0.0,0.4000000059604645,0.0,0.0,0.0,0.4000000059604645,0.0,0.0,0.0,0.4000000059604645,0.0
164,3.2800000000000002,base_to_front_left_shoulder,2,0.10583669692277908,6.61764443066204e-06,0.10000000149011612,0.0,0.0,-0.46733948588371277,-0.46733948588371277,0.0,0.0,0.4000000059604645,0.0,0.0,0.0,0.4000000059604645,0.0,0.0,0.0,0.4000000059604645,0.0
164,3.2800000000000002,front_left_shoulder_to_arm,6,-0.6861662864685059,5.4159310820978135e-05,-0.6899999976158142,0.0,0.0,-0.3065904676914215,-0.3065904676914215,0.0,0.0,0.4000000059604645,0.0,0.0,0.0,0.4000000059604645,0.0,0.0,0.0,0.4000000059604645,0.0
164,3.2800000000000002,front_left_arm_to_hand,10,1.5994867086410522,5.001682268357399e-08,1.600000023841858,0.0,0.0,0.04106519743800163,0.04106519743800163,0.0,0.0,0.4000000059604645,0.0,0.0,0.0,0.4000000059604645,0.0,0.0,0.0,0.4000000059604645,0.0
165,3.3000000000000003,base_to_front_left_shoulder,2,0.10585883259773254,6.57338387100026e-06,0.10000000149011612,0.0,0.0,-0.46911191940307617,-0.46911191940307617,0.0,0.0,0.4000000059604645,0.0,0.0,0.0,0.4000000059604645,0.0,0.0,0.0,0.4000000059604645,0.0
165,3.3000000000000003,front_left_shoulder_to_arm,6,-0.6861596703529358,5.379743379307911e-05,-0.6899999976158142,0.0,0.0,-0.3071175813674927,-0.3071175813674927,0.0,0.0,0.4000000059604645,0.0,0.0,0.0,0.4000000059604645,0.0,0.0,0.0,0.4000000059604645,0.0
165,3.3000000000000003,front_left_arm_to_hand,10,1.5994867086410522,4.57920918961463e-08,1.600000023841858,0.0,0.0,0.04106520861387253,0.04106520861387253,0.0,0.0,0.4000000059604645,0.0,0.0,0.0,0.4000000059604645,0.0,0.0,0.0,0.4000000059604645,0.0
166,3.3200000000000003,base_to_front_left_shoulder,2,0.10583863407373428,6.605047019547783e-06,0.10000000149011612,0.0,0.0,-0.46749863028526306,-0.46749863028526306,0.0,0.0,0.4000000059604645,0.0,0.0,0.0,0.4000000059604645,0.0,0.0,0.0,0.4000000059604645,0.0
166,3.3200000000000003,front_left_shoulder_to_arm,6,-0.686152994632721,5.4160373110789806e-05,-0.6899999976158142,0.0,0.0,-0.3076538145542145,-0.3076538145542145,0.0,0.0,0.4000000059604645,0.0,0.0,0.0,0.4000000059604645,0.0,0.0,0.0,0.4000000059604645,0.0
166,3.3200000000000003,front_left_arm_to_hand,10,1.5994867086410522,4.6677580911591576e-08,1.600000023841858,0.0,0.0,0.04106519743800163,0.04106519743800163,0.0,0.0,0.4000000059604645,0.0,0.0,0.0,0.4000000059604645,0.0,0.0,0.0,0.4000000059604645,0.0
167,3.34,base_to_front_left_shoulder,2,0.1058608666062355,1.4765990385967598e-07,0.10000000149011612,0.0,0.0,-0.4691459536552429,-0.4691459536552429,0.0,0.0,0.4000000059604645,0.0,0.0,0.0,0.4000000059604645,0.0,0.0,0.0,0.4000000059604645,0.0
167,3.34,front_left_shoulder_to_arm,6,-0.6862112879753113,1.2994611324756988e-06,-0.6899999976158142,0.0,0.0,-0.30210816860198975,-0.30210816860198975,0.0,0.0,0.4000000059604645,0.0,0.0,0.0,0.4000000059604645,0.0,0.0,0.0,0.4000000059604645,0.0
167,3.34,front_left_arm_to_hand,10,1.5994867086410522,-9.21375420404047e-09,1.600000023841858,0.0,0.0,0.04106592759490013,0.04106592759490013,0.0,0.0,0.4000000059604645,0.0,0.0,0.0,0.4000000059604645,0.0,0.0,0.0,0.4000000059604645,0.0
168,3.36,base_to_front_left_shoulder,2,0.10584156215190887,6.603611836908385e-06,0.10000000149011612,0.0,0.0,-0.46771499514579773,-0.46771499514579773,0.0,0.0,0.4000000059604645,0.0,0.0,0.0,0.4000000059604645,0.0,0.0,0.0,0.4000000059604645,0.0
168,3.36,front_left_shoulder_to_arm,6,-0.6862046718597412,5.414296902017668e-05,-0.6899999976158142,0.0,0.0,-0.303519606590271,-0.303519606590271,0.0,0.0,0.4000000059604645,0.0,0.0,0.0,0.4000000059604645,0.0,0.0,0.0,0.4000000059604645,0.0
168,3.36,front_left_arm_to_hand,10,1.5994867086410522,3.993529418266917e-08,1.600000023841858,0.0,0.0,0.041065193712711334,0.041065193712711334,0.0,0.0,0.4000000059604645,0.0,0.0,0.0,0.4000000059604645,0.0,0.0,0.0,0.4000000059604645,0.0
169,3.38,base_to_front_left_shoulder,2,0.10582214593887329,6.621218744840007e-06,0.10000000149011612,0.0,0.0,-0.46616408228874207,-0.46616408228874207,0.0,0.0,0.4000000059604645,0.0,0.0,0.0,0.4000000059604645,0.0,0.0,0.0,0.4000000059604645,0.0
169,3.38,front_left_shoulder_to_arm,6,-0.6861979961395264,5.4142612498253584e-05,-0.6899999976158142,0.0,0.0,-0.3040536642074585,-0.3040536642074585,0.0,0.0,0.4000000059604645,0.0,0.0,0.0,0.4000000059604645,0.0,0.0,0.0,0.4000000059604645,0.0
169,3.38,front_left_arm_to_hand,10,1.5994867086410522,5.415750337078862e-08,1.600000023841858,0.0,0.0,0.04106519743800163,0.04106519743800163,0.0,0.0,0.4000000059604645,0.0,0.0,0.0,0.4000000059604645,0.0,0.0,0.0,0.4000000059604645,0.0
170,3.4,base_to_front_left_shoulder,2,0.10584484040737152,6.612344805034809e-06,0.10000000149011612,0.0,0.0,-0.4679820239543915,-0.4679820239543915,0.0,0.0,0.4000000059604645,0.0,0.0,0.0,0.4000000059604645,0.0,0.0,0.0,0.4000000059604645,0.0
170,3.4,front_left_shoulder_to_arm,6,-0.6861913204193115,5.41514455107972e-05,-0.6899999976158142,0.0,0.0,-0.304587721824646,-0.304587721824646,0.0,0.0,0.4000000059604645,0.0,0.0,0.0,0.4000000059604645,0.0,0.0,0.0,0.4000000059604645,0.0
170,3.4,front_left_arm_to_hand,10,1.5994867086410522,3.034611495422723e-08,1.600000023841858,0.0,0.0,0.041065193712711334,0.041065193712711334,0.0,0.0,0.4000000059604645,0.0,0.0,0.0,0.4000000059604645,0.0,0.0,0.0,0.4000000059604645,0.0
171,3.42,base_to_front_left_shoulder,2,0.10582518577575684,6.615690836042631e-06,0.10000000149011612,0.0,0.0,-0.4664120376110077,-0.4664120376110077,0.0,0.0,0.4000000059604645,0.0,0.0,0.0,0.4000000059604645,0.0,0.0,0.0,0.4000000059604645,0.0
171,3.42,front_left_shoulder_to_arm,6,-0.6861846446990967,5.4151503718458116e-05,-0.6899999976158142,0.0,0.0,-0.3051217794418335,-0.3051217794418335,0.0,0.0,0.4000000059604645,0.0,0.0,0.0,0.4000000059604645,0.0,0.0,0.0,0.4000000059604645,0.0
171,3.42,front_left_arm_to_hand,10,1.5994867086410522,4.966052458144077e-08,1.600000023841858,0.0,0.0,0.041065193712711334,0.041065193712711334,0.0,0.0,0.4000000059604645,0.0,0.0,0.0,0.4000000059604645,0.0,0.0,0.0,0.4000000059604645,0.0
172,3.44,base_to_front_left_shoulder,2,0.10584777593612671,6.602329449378885e-06,0.10000000149011612,0.0,0.0,-0.46822160482406616,-0.46822160482406616,0.0,0.0,0.4000000059604645,0.0,0.0,0.0,0.4000000059604645,0.0,0.0,0.0,0.4000000059604645,0.0
172,3.44,front_left_shoulder_to_arm,6,-0.6861779689788818,5.415941996034235e-05,-0.6899999976158142,0.0,0.0,-0.30565568804740906,-0.30565568804740906,0.0,0.0,0.4000000059604645,0.0,0.0,0.0,0.4000000059604645,0.0,0.0,0.0,0.4000000059604645,0.0
172,3.44,front_left_arm_to_hand,10,1.5994867086410522,3.403500059562248e-08,1.600000023841858,0.0,0.0,0.04106519743800163,0.04106519743800163,0.0,0.0,0.4000000059604645,0.0,0.0,0.0,0.4000000059604645,0.0,0.0,0.0,0.4000000059604645,0.0
173,3.46,base_to_front_left_shoulder,2,0.10582788288593292,6.616050086449832e-06,0.10000000149011612,0.0,0.0,-0.46663257479667664,-0.46663257479667664,0.0,0.0,0.4000000059604645,0.0,0.0,0.0,0.4000000059604645,0.0,0.0,0.0,0.4000000059604645,0.0
173,3.46,front_left_shoulder_to_arm,6,-0.686171293258667,5.415498890215531e-05,-0.6899999976158142,0.0,0.0,-0.3061899244785309,-0.3061899244785309,0.0,0.0,0.4000000059604645,0.0,0.0,0.0,0.4000000059604645,0.0,0.0,0.0,0.4000000059604645,0.0
173,3.46,front_left_arm_to_hand,10,1.5994867086410522,2.9631006981389874e-08,1.600000023841858,0.0,0.0,0.04106520116329193,0.04106520116329193,0.0,0.0,0.4000000059604645,0.0,0.0,0.0,0.4000000059604645,0.0,0.0,0.0,0.4000000059604645,0.0
174,3.48,base_to_front_left_shoulder,2,0.1058502048254013,6.615342499571852e-06,0.10000000149011612,0.0,0.0,-0.46842068433761597,-0.46842068433761597,0.0,0.0,0.4000000059604645,0.0,0.0,0.0,0.4000000059604645,0.0,0.0,0.0,0.4000000059604645,0.0
174,3.48,front_left_shoulder_to_arm,6,-0.6861646771430969,5.413995677372441e-05,-0.6899999976158142,0.0,0.0,-0.306719034910202,-0.306719034910202,0.0,0.0,0.4000000059604645,0.0,0.0,0.0,0.4000000059604645,0.0,0.0,0.0,0.4000000059604645,0.0
174,3.48,front_left_arm_to_hand,10,1.5994867086410522,4.3581202646691963e-08,1.600000023841858,0.0,0.0,0.04106520488858223,0.04106520488858223,0.0,0.0,0.4000000059604645,0.0,0.0,0.0,0.4000000059604645,0.0,0.0,0.0,0.4000000059604645,0.0
175,3.5,base_to_front_left_shoulder,2,0.10583008080720901,6.608388503082097e-06,0.10000000149011612,0.0,0.0,-0.4668125808238983,-0.4668125808238983,0.0,0.0,0.4000000059604645,0.0,0.0,0.0,0.4000000059604645,0.0,0.0,0.0,0.4000000059604645,0.0
175,3.5,front_left_shoulder_to_arm,6,-0.6861580014228821,5.414817132987082e-05,-0.6899999976158142,0.0,0.0,-0.30725327134132385,-0.30725327134132385,0.0,0.0,0.4000000059604645,0.0,0.0,0.0,0.4000000059604645,0.0,0.0,0.0,0.4000000059604645,0.0
175,3.5,front_left_arm_to_hand,10,1.5994867086410522,3.813958215914681e-08,1.600000023841858,0.0,0.0,0.04106520116329193,0.04106520116329193,0.0,0.0,0.4000000059604645,0.0,0.0,0.0,0.4000000059604645,0.0,0.0,0.0,0.4000000059604645,0.0
176,3.52,base_to_front_left_shoulder,2,0.1058521717786789,6.610045602428727e-06,0.10000000149011612,0.0,0.0,-0.4685822129249573,-0.4685822129249573,0.0,0.0,0.4000000059604645,0.0,0.0,0.0,0.4000000059604645,0.0,0.0,0.0,0.4000000059604645,0.0
176,3.52,front_left_shoulder_to_arm,6,-0.686151385307312,5.415755731519312e-05,-0.6899999976158142,0.0,0.0,-0.307782381772995,-0.307782381772995,0.0,0.0,0.4000000059604645,0.0,0.0,0.0,0.4000000059604645,0.0,0.0,0.0,0.4000000059604645,0.0
176,3.52,front_left_arm_to_hand,10,1.5994867086410522,5.545377845805888e-08,1.600000023841858,0.0,0.0,0.04106520116329193,0.04106520116329193,0.0,0.0,0.4000000059604645,0.0,0.0,0.0,0.4000000059604645,0.0,0.0,0.0,0.4000000059604645,0.0
177,3.54,base_to_front_left_shoulder,2,0.10583183169364929,6.617829967581201e-06,0.10000000149011612,0.0,0.0,-0.4669574201107025,-0.4669574201107025,0.0,0.0,0.4000000059604645,0.0,0.0,0.0,0.4000000059604645,0.0,0.0,0.0,0.4000000059604645,0.0
177,3.54,front_left_shoulder_to_arm,6,-0.6861447095870972,5.416828935267404e-05,-0.6899999976158142,0.0,0.0,-0.3083166182041168,-0.3083166182041168,0.0,0.0,0.4000000059604645,0.0,0.0,0.0,0.4000000059604645,0.0,0.0,0.0,0.4000000059604645,0.0
177,3.54,front_left_arm_to_hand,10,1.5994867086410522,3.928810343722944e-08,1.600000023841858,0.0,0.0,0.041065193712711334,0.041065193712711334,0.0,0.0,0.4000000059604645,0.0,0.0,0.0,0.4000000059604645,0.0,0.0,0.0,0.4000000059604645,0.0
178,3.56,base_to_front_left_shoulder,2,0.10585428774356842,6.449356078519486e-06,0.10000000149011612,0.0,0.0,-0.4687303900718689,-0.4687303900718689,0.0,0.0,0.4000000059604645,0.0,0.0,0.0,0.4000000059604645,0.0,0.0,0.0,0.4000000059604645,0.0
178,3.56,front_left_shoulder_to_arm,6,-0.6862034797668457,5.2762254199478775e-05,-0.6899999976158142,0.0,0.0,-0.3035931885242462,-0.3035931885242462,0.0,0.0,0.4000000059604645,0.0,0.0,0.0,0.4000000059604645,0.0,0.0,0.0,0.4000000059604645,0.0
178,3.56,front_left_arm_to_hand,10,1.5994867086410522,3.9925886596847704e-08,1.600000023841858,0.0,0.0,0.041065216064453125,0.041065216064453125,0.0,0.0,0.4000000059604645,0.0,0.0,0.0,0.4000000059604645,0.0,0.0,0.0,0.4000000059604645,0.0
179,3.58,base_to_front_left_shoulder,2,0.10583484172821045,6.6176253312733024e-06,0.10000000149011612,0.0,0.0,-0.4671803414821625,-0.4671803414821625,0.0,0.0,0.4000000059604645,0.0,0.0,0.0,0.4000000059604645,0.0,0.0,0.0,0.4000000059604645,0.0
179,3.58,front_left_shoulder_to_arm,6,-0.6861968040466309,5.414694896899164e-05,-0.6899999976158142,0.0,0.0,-0.3041490614414215,-0.3041490614414215,0.0,0.0,0.4000000059604645,0.0,0.0,0.0,0.4000000059604645,0.0,0.0,0.0,0.4000000059604645,0.0
179,3.58,front_left_arm_to_hand,10,1.5994867086410522,2.9796975553608718e-08,1.600000023841858,0.0,0.0,0.04106520116329193,0.04106520116329193,0.0,0.0,0.4000000059604645,0.0,0.0,0.0,0.4000000059604645,0.0,0.0,0.0,0.4000000059604645,0.0
180,3.6,base_to_front_left_shoulder,2,0.10585760325193405,4.98003646498546e-06,0.10000000149011612,0.0,0.0,-0.46561750769615173,-0.46561750769615173,0.0,0.0,0.4000000059604645,0.0,0.0,0.0,0.4000000059604645,0.0,0.0,0.0,0.4000000059604645,0.0
180,3.6,front_left_shoulder_to_arm,6,-0.686190128326416,4.025553789688274e-05,-0.6899999976158142,0.0,0.0,-0.3046830892562866,-0.3046830892562866,0.0,0.0,0.4000000059604645,0.0,0.0,0.0,0.4000000059604645,0.0,0.0,0.0,0.4000000059604645,0.0
180,3.6,front_left_arm_to_hand,10,1.5994867086410522,3.9379010274842585e-08,1.600000023841858,0.0,0.0,0.04106519743800163,0.04106519743800163,0.0,0.0,0.4000000059604645,0.0,0.0,0.0,0.4000000059604645,0.0,0.0,0.0,0.4000000059604645,0.0
181,3.62,base_to_front_left_shoulder,2,0.10583791881799698,6.6164357122033834e-06,0.10000000149011612,0.0,0.0,-0.46743127703666687,-0.46743127703666687,0.0,0.0,0.4000000059604645,0.0,0.0,0.0,0.4000000059604645,0.0,0.0,0.0,0.4000000059604645,0.0
181,3.62,front_left_shoulder_to_arm,6,-0.6861834526062012,5.415113264461979e-05,-0.6899999976158142,0.0,0.0,-0.3052171766757965,-0.3052171766757965,0.0,0.0,0.4000000059604645,0.0,0.0,0.0,0.4000000059604645,0.0,0.0,0.0,0.4000000059604645,0.0
181,3.62,front_left_arm_to_hand,10,1.5994867086410522,3.356296573997497e-08,1.600000023841858,0.0,0.0,0.04106519743800163,0.04106519743800163,0.0,0.0,0.4000000059604645,0.0,0.0,0.0,0.4000000059604645,0.0,0.0,0.0,0.4000000059604645,0.0
182,3.64,base_to_front_left_shoulder,2,0.1058604046702385,4.969956535205711e-06,0.10000000149011612,0.0,0.0,-0.465849369764328,-0.465849369764328,0.0,0.0,0.4000000059604645,0.0,0.0,0.0,0.4000000059604645,0.0,0.0,0.0,0.4000000059604645,0.0
182,3.64,front_left_shoulder_to_arm,6,-0.6861767768859863,4.026681199320592e-05,-0.6899999976158142,0.0,0.0,-0.3057512044906616,-0.3057512044906616,0.0,0.0,0.4000000059604645,0.0,0.0,0.0,0.4000000059604645,0.0,0.0,0.0,0.4000000059604645,0.0
182,3.64,front_left_arm_to_hand,10,1.5994867086410522,1.6173100192418133e-08,1.600000023841858,0.0,0.0,0.041065193712711334,0.041065193712711334,0.0,0.0,0.4000000059604645,0.0,0.0,0.0,0.4000000059604645,0.0,0.0,0.0,0.4000000059604645,0.0
183,3.66,base_to_front_left_shoulder,2,0.10584049671888351,6.614734957111068e-06,0.10000000149011612,0.0,0.0,-0.467641681432724,-0.467641681432724,0.0,0.0,0.4000000059604645,0.0,0.0,0.0,0.4000000059604645,0.0,0.0,0.0,0.4000000059604645,0.0
183,3.66,front_left_shoulder_to_arm,6,-0.6861701011657715,5.415741907199845e-05,-0.6899999976158142,0.0,0.0,-0.3062852919101715,-0.3062852919101715,0.0,0.0,0.4000000059604645,0.0,0.0,0.0,0.4000000059604645,0.0,0.0,0.0,0.4000000059604645,0.0
183,3.66,front_left_arm_to_hand,10,1.5994867086410522,3.83393121694553e-08,1.600000023841858,0.0,0.0,0.041065193712711334,0.041065193712711334,0.0,0.0,0.4000000059604645,0.0,0.0,0.0,0.4000000059604645,0.0,0.0,0.0,0.4000000059604645,0.0
184,3.68,base_to_front_left_shoulder,2,0.10586274415254593,4.96465690957848e-06,0.10000000149011612,0.0,0.0,-0.466043084859848,-0.466043084859848,0.0,0.0,0.4000000059604645,0.0,0.0,0.0,0.4000000059604645,0.0,0.0,0.0,0.4000000059604645,0.0
184,3.68,front_left_shoulder_to_arm,6,-0.6861634254455566,4.027065369882621e-05,-0.6899999976158142,0.0,0.0,-0.306819349527359,-0.306819349527359,0.0,0.0,0.4000000059604645,0.0,0.0,0.0,0.4000000059604645,0.0,0.0,0.0,0.4000000059604645,0.0
184,3.68,front_left_arm_to_hand,10,1.5994867086410522,3.7519480855507936e-08,1.600000023841858,0.0,0.0,0.041065193712711334,0.041065193712711334,0.0,0.0,0.4000000059604645,0.0,0.0,0.0,0.4000000059604645,0.0,0.0,0.0,0.4000000059604645,0.0
185,3.7,base_to_front_left_shoulder,2,0.10584261268377304,6.625061359954998e-06,0.10000000149011612,0.0,0.0,-0.46781572699546814,-0.46781572699546814,0.0,0.0,0.4000000059604645,0.0,0.0,0.0,0.4000000059604645,0.0,0.0,0.0,0.4000000059604645,0.0
185,3.7,front_left_shoulder_to_arm,6,-0.6861568093299866,5.417286593001336e-05,-0.6899999976158142,0.0,0.0,-0.3073486387729645,-0.3073486387729645,0.0,0.0,0.4000000059604645,0.0,0.0,0.0,0.4000000059604645,0.0,0.0,0.0,0.4000000059604645,0.0
185,3.7,front_left_arm_to_hand,10,1.5994867086410522,4.2545710954300375e-08,1.600000023841858,0.0,0.0,0.04106519743800163,0.04106519743800163,0.0,0.0,0.4000000059604645,0.0,0.0,0.0,0.4000000059604645,0.0,0.0,0.0,0.4000000059604645,0.0
186,3.72,base_to_front_left_shoulder,2,0.10586481541395187,-0.00024121333262883127,0.10000000149011612,0.0,0.0,-0.46619805693626404,-0.46619805693626404,0.0,0.0,0.4000000059604645,0.0,0.0,0.0,0.4000000059604645,0.0,0.0,0.0,0.4000000059604645,0.0
186,3.72,front_left_shoulder_to_arm,6,-0.6862133741378784,-0.0019738588016480207,-0.6899999976158142,0.0,0.0,-0.307882696390152,-0.307882696390152,0.0,0.0,0.4000000059604645,0.0,0.0,0.0,0.4000000059604645,0.0,0.0,0.0,0.4000000059604645,0.0
186,3.72,front_left_arm_to_hand,10,1.5994867086410522,-1.4005913726578e-06,1.600000023841858,0.0,0.0,0.041065193712711334,0.041065193712711334,0.0,0.0,0.4000000059604645,0.0,0.0,0.0,0.4000000059604645,0.0,0.0,0.0,0.4000000059604645,0.0
187,3.74,base_to_front_left_shoulder,2,0.10584541410207748,6.613872756133787e-06,0.10000000149011612,0.0,0.0,-0.468021959066391,-0.468021959066391,0.0,0.0,0.4000000059604645,0.0,0.0,0.0,0.4000000059604645,0.0,0.0,0.0,0.4000000059604645,0.0
187,3.74,front_left_shoulder_to_arm,6,-0.6862084269523621,5.413257167674601e-05,-0.6899999976158142,0.0,0.0,-0.303219199180603,-0.303219199180603,0.0,0.0,0.4000000059604645,0.0,0.0,0.0,0.4000000059604645,0.0,0.0,0.0,0.4000000059604645,0.0
187,3.74,front_left_arm_to_hand,10,1.5994867086410522,4.2448238701808805e-08,1.600000023841858,0.0,0.0,0.04106520116329193,0.04106520116329193,0.0,0.0,0.4000000059604645,0.0,0.0,0.0,0.4000000059604645,0.0,0.0,0.0,0.4000000059604645,0.0
188,3.7600000000000002,base_to_front_left_shoulder,2,0.10582605749368668,6.620854946959298e-06,0.10000000149011612,0.0,0.0,-0.46647581458091736,-0.46647581458091736,0.0,0.0,0.4000000059604645,0.0,0.0,0.0,0.4000000059604645,0.0,0.0,0.0,0.4000000059604645,0.0
188,3.7600000000000002,front_left_shoulder_to_arm,6,-0.6862017512321472,5.4148003982845694e-05,-0.6899999976158142,0.0,0.0,-0.3037532567977905,-0.3037532567977905,0.0,0.0,0.4000000059604645,0.0,0.0,0.0,0.4000000059604645,0.0,0.0,0.0,0.4000000059604645,0.0
188,3.7600000000000002,front_left_arm_to_hand,10,1.5994867086410522,2.663675857661474e-08,1.600000023841858,0.0,0.0,0.04106519743800163,0.04106519743800163,0.0,0.0,0.4000000059604645,0.0,0.0,0.0,0.4000000059604645,0.0,0.0,0.0,0.4000000059604645,0.0
189,3.7800000000000002,base_to_front_left_shoulder,2,0.10584883391857147,6.615198799408972e-06,0.10000000149011612,0.0,0.0,-0.4683002829551697,-0.4683002829551697,0.0,0.0,0.4000000059604645,0.0,0.0,0.0,0.4000000059604645,0.0,0.0,0.0,0.4000000059604645,0.0
189,3.7800000000000002,front_left_shoulder_to_arm,6,-0.6861950755119324,5.414392217062414e-05,-0.6899999976158142,0.0,0.0,-0.3042871356010437,-0.3042871356010437,0.0,0.0,0.4000000059604645,0.0,0.0,0.0,0.4000000059604645,0.0,0.0,0.0,0.4000000059604645,0.0
189,3.7800000000000002,front_left_arm_to_hand,10,1.5994867086410522,4.048440516157825e-08,1.600000023841858,0.0,0.0,0.04106520116329193,0.04106520116329193,0.0,0.0,0.4000000059604645,0.0,0.0,0.0,0.4000000059604645,0.0,0.0,0.0,0.4000000059604645,0.0
190,3.8000000000000003,base_to_front_left_shoulder,2,0.10582923889160156,6.612062861677259e-06,0.10000000149011612,0.0,0.0,-0.4667350947856903,-0.4667350947856903,0.0,0.0,0.4000000059604645,0.0,0.0,0.0,0.4000000059604645,0.0,0.0,0.0,0.4000000059604645,0.0
190,3.8000000000000003,front_left_shoulder_to_arm,6,-0.6861883997917175,5.41516492376104e-05,-0.6899999976158142,0.0,0.0,-0.3048213720321655,-0.3048213720321655,0.0,0.0,0.4000000059604645,0.0,0.0,0.0,0.4000000059604645,0.0,0.0,0.0,0.4000000059604645,0.0
190,3.8000000000000003,front_left_arm_to_hand,10,1.5994867086410522,4.493843519526308e-08,1.600000023841858,0.0,0.0,0.041065189987421036,0.041065189987421036,0.0,0.0,0.4000000059604645,0.0,0.0,0.0,0.4000000059604645,0.0,0.0,0.0,0.4000000059604645,0.0
191,3.8200000000000003,base_to_front_left_shoulder,2,0.10585173219442368,6.615673555643298e-06,0.10000000149011612,0.0,0.0,-0.468536913394928,-0.468536913394928,0.0,0.0,0.4000000059604645,0.0,0.0,0.0,0.4000000059604645,0.0,0.0,0.0,0.4000000059604645,0.0
191,3.8200000000000003,front_left_shoulder_to_arm,6,-0.6861817240715027,5.4134441597852856e-05,-0.6899999976158142,0.0,0.0,-0.3053552806377411,-0.3053552806377411,0.0,0.0,0.4000000059604645,0.0,0.0,0.0,0.4000000059604645,0.0,0.0,0.0,0.4000000059604645,0.0
191,3.8200000000000003,front_left_arm_to_hand,10,1.5994867086410522,4.002817988180141e-08,1.600000023841858,0.0,0.0,0.041065189987421036,0.041065189987421036,0.0,0.0,0.4000000059604645,0.0,0.0,0.0,0.4000000059604645,0.0,0.0,0.0,0.4000000059604645,0.0
192,3.84,base_to_front_left_shoulder,2,0.10583189874887466,6.602075700357091e-06,0.10000000149011612,0.0,0.0,-0.4669526517391205,-0.4669526517391205,0.0,0.0,0.4000000059604645,0.0,0.0,0.0,0.4000000059604645,0.0,0.0,0.0,0.4000000059604645,0.0
192,3.84,front_left_shoulder_to_arm,6,-0.6861750483512878,5.415138730313629e-05,-0.6899999976158142,0.0,0.0,-0.3058894872665405,-0.3058894872665405,0.0,0.0,0.4000000059604645,0.0,0.0,0.0,0.4000000059604645,0.0,0.0,0.0,0.4000000059604645,0.0
192,3.84,front_left_arm_to_hand,10,1.5994867086410522,3.268434412007082e-08,1.600000023841858,0.0,0.0,0.041065193712711334,0.041065193712711334,0.0,0.0,0.4000000059604645,0.0,0.0,0.0,0.4000000059604645,0.0,0.0,0.0,0.4000000059604645,0.0
193,3.86,base_to_front_left_shoulder,2,0.10585430264472961,6.572642632818315e-06,0.10000000149011612,0.0,0.0,-0.46874651312828064,-0.46874651312828064,0.0,0.0,0.4000000059604645,0.0,0.0,0.0,0.4000000059604645,0.0,0.0,0.0,0.4000000059604645,0.0
193,3.86,front_left_shoulder_to_arm,6,-0.6861684322357178,5.380022048484534e-05,-0.6899999976158142,0.0,0.0,-0.3064166009426117,-0.3064166009426117,0.0,0.0,0.4000000059604645,0.0,0.0,0.0,0.4000000059604645,0.0,0.0,0.0,0.4000000059604645,0.0
193,3.86,front_left_arm_to_hand,10,1.5994867086410522,2.7483554987384196e-08,1.600000023841858,0.0,0.0,0.04106520116329193,0.04106520116329193,0.0,0.0,0.4000000059604645,0.0,0.0,0.0,0.4000000059604645,0.0,0.0,0.0,0.4000000059604645,0.0
194,3.88,base_to_front_left_shoulder,2,0.10583426058292389,6.602232133445796e-06,0.10000000149011612,0.0,0.0,-0.46714577078819275,-0.46714577078819275,0.0,0.0,0.4000000059604645,0.0,0.0,0.0,0.4000000059604645,0.0,0.0,0.0,0.4000000059604645,0.0
194,3.88,front_left_shoulder_to_arm,6,-0.6861617565155029,5.4170093790162355e-05,-0.6899999976158142,0.0,0.0,-0.3069528639316559,-0.3069528639316559,0.0,0.0,0.4000000059604645,0.0,0.0,0.0,0.4000000059604645,0.0,0.0,0.0,0.4000000059604645,0.0
194,3.88,front_left_arm_to_hand,10,1.5994867086410522,4.5413205640443266e-08,1.600000023841858,0.0,0.0,0.041065193712711334,0.041065193712711334,0.0,0.0,0.4000000059604645,0.0,0.0,0.0,0.4000000059604645,0.0,0.0,0.0,0.4000000059604645,0.0
195,3.9,base_to_front_left_shoulder,2,0.10585643351078033,6.5798549258033745e-06,0.10000000149011612,0.0,0.0,-0.46892115473747253,-0.46892115473747253,0.0,0.0,0.4000000059604645,0.0,0.0,0.0,0.4000000059604645,0.0,0.0,0.0,0.4000000059604645,0.0
195,3.9,front_left_shoulder_to_arm,6,-0.6861551403999329,5.379655340220779e-05,-0.6899999976158142,0.0,0.0,-0.30747994780540466,-0.30747994780540466,0.0,0.0,0.4000000059604645,0.0,0.0,0.0,0.4000000059604645,0.0,0.0,0.0,0.4000000059604645,0.0
195,3.9,front_left_arm_to_hand,10,1.5994867086410522,2.6786434403902604e-08,1.600000023841858,0.0,0.0,0.04106520488858223,0.04106520488858223,0.0,0.0,0.4000000059604645,0.0,0.0,0.0,0.4000000059604645,0.0,0.0,0.0,0.4000000059604645,0.0
196,3.92,base_to_front_left_shoulder,2,0.10583615303039551,6.626157301070634e-06,0.10000000149011612,0.0,0.0,-0.4673019349575043,-0.4673019349575043,0.0,0.0,0.4000000059604645,0.0,0.0,0.0,0.4000000059604645,0.0,0.0,0.0,0.4000000059604645,0.0
196,3.92,front_left_shoulder_to_arm,6,-0.686148464679718,5.417237844085321e-05,-0.6899999976158142,0.0,0.0,-0.30801618099212646,-0.30801618099212646,0.0,0.0,0.4000000059604645,0.0,0.0,0.0,0.4000000059604645,0.0,0.0,0.0,0.4000000059604645,0.0
196,3.92,front_left_arm_to_hand,10,1.5994867086410522,4.40599698947608e-08,1.600000023841858,0.0,0.0,0.041065189987421036,0.041065189987421036,0.0,0.0,0.4000000059604645,0.0,0.0,0.0,0.4000000059604645,0.0,0.0,0.0,0.4000000059604645,0.0
197,3.94,base_to_front_left_shoulder,2,0.10585840791463852,1.2665378790188697e-07,0.10000000149011612,0.0,0.0,-0.46894997358322144,-0.46894997358322144,0.0,0.0,0.4000000059604645,0.0,0.0,0.0,0.4000000059604645,0.0,0.0,0.0,0.4000000059604645,0.0
197,3.94,front_left_shoulder_to_arm,6,-0.686207115650177,1.0881383332161931e-06,-0.6899999976158142,0.0,0.0,-0.30244287848472595,-0.30244287848472595,0.0,0.0,0.4000000059604645,0.0,0.0,0.0,0.4000000059604645,0.0,0.0,0.0,0.4000000059604645,0.0
197,3.94,front_left_arm_to_hand,10,1.5994867086410522,-4.9681649905153336e-09,1.600000023841858,0.0,0.0,0.041065916419029236,0.041065916419029236,0.0,0.0,0.4000000059604645,0.0,0.0,0.0,0.4000000059604645,0.0,0.0,0.0,0.4000000059604645,0.0
198,3.96,base_to_front_left_shoulder,2,0.10583902150392532,6.6211459852638654e-06,0.10000000149011612,0.0,0.0,-0.4675135314464569,-0.4675135314464569,0.0,0.0,0.4000000059604645,0.0,0.0,0.0,0.4000000059604645,0.0,0.0,0.0,0.4000000059604645,0.0
198,3.96,front_left_shoulder_to_arm,6,-0.6862004995346069,5.413465260062367e-05,-0.6899999976158142,0.0,0.0,-0.3038533926010132,-0.3038533926010132,0.0,0.0,0.4000000059604645,0.0,0.0,0.0,0.4000000059604645,0.0,0.0,0.0,0.4000000059604645,0.0
198,3.96,front_left_arm_to_hand,10,1.5994867086410522,3.814378501942883e-08,1.600000023841858,0.0,0.0,0.04106519743800163,0.04106519743800163,0.0,0.0,0.4000000059604645,0.0,0.0,0.0,0.4000000059604645,0.0,0.0,0.0,0.4000000059604645,0.0
199,3.98,base_to_front_left_shoulder,2,0.10581951588392258,6.617894541705027e-06,0.10000000149011612,0.0,0.0,-0.4659554660320282,-0.4659554660320282,0.0,0.0,0.4000000059604645,0.0,0.0,0.0,0.4000000059604645,0.0,0.0,0.0,0.4000000059604645,0.0
199,3.98,front_left_shoulder_to_arm,6,-0.6861938238143921,5.414003680925816e-05,-0.6899999976158142,0.0,0.0,-0.3043874502182007,-0.3043874502182007,0.0,0.0,0.4000000059604645,0.0,0.0,0.0,0.4000000059604645,0.0,0.0,0.0,0.4000000059604645,0.0
199,3.98,front_left_arm_to_hand,10,1.5994867086410522,3.680706583963911e-08,1.600000023841858,0.0,0.0,0.04106520488858223,0.04106520488858223,0.0,0.0,0.4000000059604645,0.0,0.0,0.0,0.4000000059604645,0.0,0.0,0.0,0.4000000059604645,0.0
200,4.0,base_to_front_left_shoulder,2,0.1058422327041626,6.613478035433218e-06,0.10000000149011612,0.0,0.0,-0.4677751958370209,-0.4677751958370209,0.0,0.0,0.4000000059604645,0.0,0.0,0.0,0.4000000059604645,0.0,0.0,0.0,0.4000000059604645,0.0
200,4.0,front_left_shoulder_to_arm,6,-0.6861871480941772,5.414528277469799e-05,-0.6899999976158142,0.0,0.0,-0.3049215078353882,-0.3049215078353882,0.0,0.0,0.4000000059604645,0.0,0.0,0.0,0.4000000059604645,0.0,0.0,0.0,0.4000000059604645,0.0
200,4.0,front_left_arm_to_hand,10,1.5994867086410522,3.1038638326208456e-08,1.600000023841858,0.0,0.0,0.041065193712711334,0.041065193712711334,0.0,0.0,0.4000000059604645,0.0,0.0,0.0,0.4000000059604645,0.0,0.0,0.0,0.4000000059604645,0.0
201,4.0200000000000005,base_to_front_left_shoulder,2,0.10582251846790314,6.610132913920097e-06,0.10000000149011612,0.0,0.0,-0.4661998450756073,-0.4661998450756073,0.0,0.0,0.4000000059604645,0.0,0.0,0.0,0.4000000059604645,0.0,0.0,0.0,0.4000000059604645,0.0
201,4.0200000000000005,front_left_shoulder_to_arm,6,-0.6861804723739624,5.4151678341440856e-05,-0.6899999976158142,0.0,0.0,-0.3054555654525757,-0.3054555654525757,0.0,0.0,0.4000000059604645,0.0,0.0,0.0,0.4000000059604645,0.0,0.0,0.0,0.4000000059604645,0.0
201,4.0200000000000005,front_left_arm_to_hand,10,1.5994867086410522,4.293390531984187e-08,1.600000023841858,0.0,0.0,0.04106519743800163,0.04106519743800163,0.0,0.0,0.4000000059604645,0.0,0.0,0.0,0.4000000059604645,0.0,0.0,0.0,0.4000000059604645,0.0
202,4.04,base_to_front_left_shoulder,2,0.10584497451782227,6.615430720557924e-06,0.10000000149011612,0.0,0.0,-0.4679987132549286,-0.4679987132549286,0.0,0.0,0.4000000059604645,0.0,0.0,0.0,0.4000000059604645,0.0,0.0,0.0,0.4000000059604645,0.0
202,4.04,front_left_shoulder_to_arm,6,-0.6861737966537476,5.415912892203778e-05,-0.6899999976158142,0.0,0.0,-0.3059896230697632,-0.3059896230697632,0.0,0.0,0.4000000059604645,0.0,0.0,0.0,0.4000000059604645,0.0,0.0,0.0,0.4000000059604645,0.0
202,4.04,front_left_arm_to_hand,10,1.5994867086410522,4.643701601025896e-08,1.600000023841858,0.0,0.0,0.04106519743800163,0.04106519743800163,0.0,0.0,0.4000000059604645,0.0,0.0,0.0,0.4000000059604645,0.0,0.0,0.0,0.4000000059604645,0.0
203,4.0600000000000005,base_to_front_left_shoulder,2,0.1058250218629837,6.60371188132558e-06,0.10000000149011612,0.0,0.0,-0.46640488505363464,-0.46640488505363464,0.0,0.0,0.4000000059604645,0.0,0.0,0.0,0.4000000059604645,0.0,0.0,0.0,0.4000000059604645,0.0
203,4.0600000000000005,front_left_shoulder_to_arm,6,-0.6861671209335327,5.414678162196651e-05,-0.6899999976158142,0.0,0.0,-0.3065236806869507,-0.3065236806869507,0.0,0.0,0.4000000059604645,0.0,0.0,0.0,0.4000000059604645,0.0,0.0,0.0,0.4000000059604645,0.0
203,4.0600000000000005,front_left_arm_to_hand,10,1.5994867086410522,4.213688242771241e-08,1.600000023841858,0.0,0.0,0.041065193712711334,0.041065193712711334,0.0,0.0,0.4000000059604645,0.0,0.0,0.0,0.4000000059604645,0.0,0.0,0.0,0.4000000059604645,0.0
204,4.08,base_to_front_left_shoulder,2,0.10584721714258194,6.610985110455658e-06,0.10000000149011612,0.0,0.0,-0.46818289160728455,-0.46818289160728455,0.0,0.0,0.4000000059604645,0.0,0.0,0.0,0.4000000059604645,0.0,0.0,0.0,0.4000000059604645,0.0
204,4.08,front_left_shoulder_to_arm,6,-0.6861605048179626,5.416819476522505e-05,-0.6899999976158142,0.0,0.0,-0.30705296993255615,-0.30705296993255615,0.0,0.0,0.4000000059604645,0.0,0.0,0.0,0.4000000059604645,0.0,0.0,0.0,0.4000000059604645,0.0
204,4.08,front_left_arm_to_hand,10,1.5994867086410522,2.825095535285982e-08,1.600000023841858,0.0,0.0,0.04106519743800163,0.04106519743800163,0.0,0.0,0.4000000059604645,0.0,0.0,0.0,0.4000000059604645,0.0,0.0,0.0,0.4000000059604645,0.0
205,4.1,base_to_front_left_shoulder,2,0.10582702606916428,6.611424396396615e-06,0.10000000149011612,0.0,0.0,-0.4665699899196625,-0.4665699899196625,0.0,0.0,0.4000000059604645,0.0,0.0,0.0,0.4000000059604645,0.0,0.0,0.0,0.4000000059604645,0.0
205,4.1,front_left_shoulder_to_arm,6,-0.6861538290977478,5.4157833801582456e-05,-0.6899999976158142,0.0,0.0,-0.30758702754974365,-0.30758702754974365,0.0,0.0,0.4000000059604645,0.0,0.0,0.0,0.4000000059604645,0.0,0.0,0.0,0.4000000059604645,0.0
205,4.1,front_left_arm_to_hand,10,1.5994867086410522,3.3978469815565404e-08,1.600000023841858,0.0,0.0,0.041065189987421036,0.041065189987421036,0.0,0.0,0.4000000059604645,0.0,0.0,0.0,0.4000000059604645,0.0,0.0,0.0,0.4000000059604645,0.0
206,4.12,base_to_front_left_shoulder,2,0.10584896802902222,6.620907697652001e-06,0.10000000149011612,0.0,0.0,-0.46832773089408875,-0.46832773089408875,0.0,0.0,0.4000000059604645,0.0,0.0,0.0,0.4000000059604645,0.0,0.0,0.0,0.4000000059604645,0.0
206,4.12,front_left_shoulder_to_arm,6,-0.6861472129821777,5.416316707851365e-05,-0.6899999976158142,0.0,0.0,-0.3081163465976715,-0.3081163465976715,0.0,0.0,0.4000000059604645,0.0,0.0,0.0,0.4000000059604645,0.0,0.0,0.0,0.4000000059604645,0.0
206,4.12,front_left_arm_to_hand,10,1.5994867086410522,3.6359839583610665e-08,1.600000023841858,0.0,0.0,0.04106519743800163,0.04106519743800163,0.0,0.0,0.4000000059604645,0.0,0.0,0.0,0.4000000059604645,0.0,0.0,0.0,0.4000000059604645,0.0
207,4.14,base_to_front_left_shoulder,2,0.10582852363586426,6.602082976314705e-06,0.10000000149011612,0.0,0.0,-0.4666951596736908,-0.4666951596736908,0.0,0.0,0.4000000059604645,0.0,0.0,0.0,0.4000000059604645,0.0,0.0,0.0,0.4000000059604645,0.0
207,4.14,front_left_shoulder_to_arm,6,-0.6861405372619629,5.417349893832579e-05,-0.6899999976158142,0.0,0.0,-0.308650404214859,-0.308650404214859,0.0,0.0,0.4000000059604645,0.0,0.0,0.0,0.4000000059604645,0.0,0.0,0.0,0.4000000059604645,0.0
207,4.14,front_left_arm_to_hand,10,1.5994867086410522,4.163111100297101e-08,1.600000023841858,0.0,0.0,0.04106520116329193,0.04106520116329193,0.0,0.0,0.4000000059604645,0.0,0.0,0.0,0.4000000059604645,0.0,0.0,0.0,0.4000000059604645,0.0
208,4.16,base_to_front_left_shoulder,2,0.10585114359855652,6.5980348153971136e-06,0.10000000149011612,0.0,0.0,-0.46848320960998535,-0.46848320960998535,0.0,0.0,0.4000000059604645,0.0,0.0,0.0,0.4000000059604645,0.0,0.0,0.0,0.4000000059604645,0.0
208,4.16,front_left_shoulder_to_arm,6,-0.6861994862556458,5.41110712219961e-05,-0.6899999976158142,0.0,0.0,-0.3039337694644928,-0.3039337694644928,0.0,0.0,0.4000000059604645,0.0,0.0,0.0,0.4000000059604645,0.0,0.0,0.0,0.4000000059604645,0.0
208,4.16,front_left_arm_to_hand,10,1.5994867086410522,3.799427972239755e-08,1.600000023841858,0.0,0.0,0.041065193712711334,0.041065193712711334,0.0,0.0,0.4000000059604645,0.0,0.0,0.0,0.4000000059604645,0.0,0.0,0.0,0.4000000059604645,0.0
209,4.18,base_to_front_left_shoulder,2,0.10583163797855377,6.621082320634741e-06,0.10000000149011612,0.0,0.0,-0.4669252336025238,-0.4669252336025238,0.0,0.0,0.4000000059604645,0.0,0.0,0.0,0.4000000059604645,0.0,0.0,0.0,0.4000000059604645,0.0
209,4.18,front_left_shoulder_to_arm,6,-0.6861928105354309,5.4140473366715014e-05,-0.6899999976158142,0.0,0.0,-0.3044685125350952,-0.3044685125350952,0.0,0.0,0.4000000059604645,0.0,0.0,0.0,0.4000000059604645,0.0,0.0,0.0,0.4000000059604645,0.0
209,4.18,front_left_arm_to_hand,10,1.5994867086410522,2.666184428790075e-08,1.600000023841858,0.0,0.0,0.04106519743800163,0.04106519743800163,0.0,0.0,0.4000000059604645,0.0,0.0,0.0,0.4000000059604645,0.0,0.0,0.0,0.4000000059604645,0.0
210,4.2,base_to_front_left_shoulder,2,0.10585429519414902,6.560303518199362e-06,0.10000000149011612,0.0,0.0,-0.4687393605709076,-0.4687393605709076,0.0,0.0,0.4000000059604645,0.0,0.0,0.0,0.4000000059604645,0.0,0.0,0.0,0.4000000059604645,0.0
210,4.2,front_left_shoulder_to_arm,6,-0.6861861348152161,5.378366768127307e-05,-0.6899999976158142,0.0,0.0,-0.30499565601348877,-0.30499565601348877,0.0,0.0,0.4000000059604645,0.0,0.0,0.0,0.4000000059604645,0.0,0.0,0.0,0.4000000059604645,0.0
210,4.2,front_left_arm_to_hand,10,1.5994867086410522,3.262747583221426e-08,1.600000023841858,0.0,0.0,0.04106519743800163,0.04106519743800163,0.0,0.0,0.4000000059604645,0.0,0.0,0.0,0.4000000059604645,0.0,0.0,0.0,0.4000000059604645,0.0
211,4.22,base_to_front_left_shoulder,2,0.10583455115556717,6.616255632252432e-06,0.10000000149011612,0.0,0.0,-0.4671630561351776,-0.4671630561351776,0.0,0.0,0.4000000059604645,0.0,0.0,0.0,0.4000000059604645,0.0,0.0,0.0,0.4000000059604645,0.0
211,4.22,front_left_shoulder_to_arm,6,-0.6861794590950012,5.4151256335899234e-05,-0.6899999976158142,0.0,0.0,-0.3055366277694702,-0.3055366277694702,0.0,0.0,0.4000000059604645,0.0,0.0,0.0,0.4000000059604645,0.0,0.0,0.0,0.4000000059604645,0.0
211,4.22,front_left_arm_to_hand,10,1.5994867086410522,2.7165633298409375e-08,1.600000023841858,0.0,0.0,0.041065193712711334,0.041065193712711334,0.0,0.0,0.4000000059604645,0.0,0.0,0.0,0.4000000059604645,0.0,0.0,0.0,0.4000000059604645,0.0
212,4.24,base_to_front_left_shoulder,2,0.10585693269968033,6.567573109350633e-06,0.10000000149011612,0.0,0.0,-0.4689551293849945,-0.4689551293849945,0.0,0.0,0.4000000059604645,0.0,0.0,0.0,0.4000000059604645,0.0,0.0,0.0,0.4000000059604645,0.0
212,4.24,front_left_shoulder_to_arm,6,-0.6861727833747864,5.378663627197966e-05,-0.6899999976158142,0.0,0.0,-0.30606377124786377,-0.30606377124786377,0.0,0.0,0.4000000059604645,0.0,0.0,0.0,0.4000000059604645,0.0,0.0,0.0,0.4000000059604645,0.0
212,4.24,front_left_arm_to_hand,10,1.5994867086410522,3.912258961236148e-08,1.600000023841858,0.0,0.0,0.04106520116329193,0.04106520116329193,0.0,0.0,0.4000000059604645,0.0,0.0,0.0,0.4000000059604645,0.0,0.0,0.0,0.4000000059604645,0.0
213,4.26,base_to_front_left_shoulder,2,0.10583695024251938,6.6138763941125944e-06,0.10000000149011612,0.0,0.0,-0.4673597514629364,-0.4673597514629364,0.0,0.0,0.4000000059604645,0.0,0.0,0.0,0.4000000059604645,0.0,0.0,0.0,0.4000000059604645,0.0
213,4.26,front_left_shoulder_to_arm,6,-0.6861661076545715,5.415982741396874e-05,-0.6899999976158142,0.0,0.0,-0.3066047728061676,-0.3066047728061676,0.0,0.0,0.4000000059604645,0.0,0.0,0.0,0.4000000059604645,0.0,0.0,0.0,0.4000000059604645,0.0
213,4.26,front_left_arm_to_hand,10,1.5994867086410522,3.9322202383118565e-08,1.600000023841858,0.0,0.0,0.041065193712711334,0.041065193712711334,0.0,0.0,0.4000000059604645,0.0,0.0,0.0,0.4000000059604645,0.0,0.0,0.0,0.4000000059604645,0.0
214,4.28,base_to_front_left_shoulder,2,0.10585907101631165,6.558308086823672e-06,0.10000000149011612,0.0,0.0,-0.4691309630870819,-0.4691309630870819,0.0,0.0,0.4000000059604645,0.0,0.0,0.0,0.4000000059604645,0.0,0.0,0.0,0.4000000059604645,0.0
214,4.28,front_left_shoulder_to_arm,6,-0.6861594915390015,5.377899651648477e-05,-0.6899999976158142,0.0,0.0,-0.30713188648223877,-0.30713188648223877,0.0,0.0,0.4000000059604645,0.0,0.0,0.0,0.4000000059604645,0.0,0.0,0.0,0.4000000059604645,0.0
214,4.28,front_left_arm_to_hand,10,1.5994867086410522,4.458894409253844e-08,1.600000023841858,0.0,0.0,0.04106520488858223,0.04106520488858223,0.0,0.0,0.4000000059604645,0.0,0.0,0.0,0.4000000059604645,0.0,0.0,0.0,0.4000000059604645,0.0
215,4.3,base_to_front_left_shoulder,2,0.1058388501405716,6.608129297092091e-06,0.10000000149011612,0.0,0.0,-0.4675165116786957,-0.4675165116786957,0.0,0.0,0.4000000059604645,0.0,0.0,0.0,0.4000000059604645,0.0,0.0,0.0,0.4000000059604645,0.0
215,4.3,front_left_shoulder_to_arm,6,-0.6861528158187866,5.415874329628423e-05,-0.6899999976158142,0.0,0.0,-0.30766811966896057,-0.30766811966896057,0.0,0.0,0.4000000059604645,0.0,0.0,0.0,0.4000000059604645,0.0,0.0,0.0,0.4000000059604645,0.0
215,4.3,front_left_arm_to_hand,10,1.5994867086410522,4.282053467363767e-08,1.600000023841858,0.0,0.0,0.04106518626213074,0.04106518626213074,0.0,0.0,0.4000000059604645,0.0,0.0,0.0,0.4000000059604645,0.0,0.0,0.0,0.4000000059604645,0.0
216,4.32,base_to_front_left_shoulder,2,0.10586107522249222,1.4604199805035023e-07,0.10000000149011612,0.0,0.0,-0.46916264295578003,-0.46916264295578003,0.0,0.0,0.4000000059604645,0.0,0.0,0.0,0.4000000059604645,0.0,0.0,0.0,0.4000000059604645,0.0
216,4.32,front_left_shoulder_to_arm,6,-0.686211109161377,1.2622590475075413e-06,-0.6899999976158142,0.0,0.0,-0.3021223545074463,-0.3021223545074463,0.0,0.0,0.4000000059604645,0.0,0.0,0.0,0.4000000059604645,0.0,0.0,0.0,0.4000000059604645,0.0
216,4.32,front_left_arm_to_hand,10,1.5994867086410522,-9.804303147120663e-09,1.600000023841858,0.0,0.0,0.041065920144319534,0.041065920144319534,0.0,0.0,0.4000000059604645,0.0,0.0,0.0,0.4000000059604645,0.0,0.0,0.0,0.4000000059604645,0.0
217,4.34,base_to_front_left_shoulder,2,0.10584177076816559,6.624375600949861e-06,0.10000000149011612,0.0,0.0,-0.46773168444633484,-0.46773168444633484,0.0,0.0,0.4000000059604645,0.0,0.0,0.0,0.4000000059604645,0.0,0.0,0.0,0.4000000059604645,0.0
217,4.34,front_left_shoulder_to_arm,6,-0.6862044930458069,5.413794860942289e-05,-0.6899999976158142,0.0,0.0,-0.3035339117050171,-0.3035339117050171,0.0,0.0,0.4000000059604645,0.0,0.0,0.0,0.4000000059604645,0.0,0.0,0.0,0.4000000059604645,0.0
217,4.34,front_left_arm_to_hand,10,1.5994867086410522,4.0725286254428283e-08,1.600000023841858,0.0,0.0,0.041065189987421036,0.041065189987421036,0.0,0.0,0.4000000059604645,0.0,0.0,0.0,0.4000000059604645,0.0,0.0,0.0,0.4000000059604645,0.0
218,4.36,base_to_front_left_shoulder,2,0.10582235455513,6.606167517020367e-06,0.10000000149011612,0.0,0.0,-0.4661807715892792,-0.4661807715892792,0.0,0.0,0.4000000059604645,0.0,0.0,0.0,0.4000000059604645,0.0,0.0,0.0,0.4000000059604645,0.0
218,4.36,front_left_shoulder_to_arm,6,-0.686197817325592,5.4132404329720885e-05,-0.6899999976158142,0.0,0.0,-0.3040679693222046,-0.3040679693222046,0.0,0.0,0.4000000059604645,0.0,0.0,0.0,0.4000000059604645,0.0,0.0,0.0,0.4000000059604645,0.0
218,4.36,front_left_arm_to_hand,10,1.5994867086410522,3.914307811214712e-08,1.600000023841858,0.0,0.0,0.041065193712711334,0.041065193712711334,0.0,0.0,0.4000000059604645,0.0,0.0,0.0,0.4000000059604645,0.0,0.0,0.0,0.4000000059604645,0.0
219,4.38,base_to_front_left_shoulder,2,0.10584504157304764,6.614035555685405e-06,0.10000000149011612,0.0,0.0,-0.46799811720848083,-0.46799811720848083,0.0,0.0,0.4000000059604645,0.0,0.0,0.0,0.4000000059604645,0.0,0.0,0.0,0.4000000059604645,0.0
219,4.38,front_left_shoulder_to_arm,6,-0.6861911416053772,5.414152838056907e-05,-0.6899999976158142,0.0,0.0,-0.3046020269393921,-0.3046020269393921,0.0,0.0,0.4000000059604645,0.0,0.0,0.0,0.4000000059604645,0.0,0.0,0.0,0.4000000059604645,0.0
219,4.38,front_left_arm_to_hand,10,1.5994867086410522,4.828703481507546e-08,1.600000023841858,0.0,0.0,0.04106519743800163,0.04106519743800163,0.0,0.0,0.4000000059604645,0.0,0.0,0.0,0.4000000059604645,0.0,0.0,0.0,0.4000000059604645,0.0
220,4.4,base_to_front_left_shoulder,2,0.10582538694143295,6.6188467826577835e-06,0.10000000149011612,0.0,0.0,-0.46642813086509705,-0.46642813086509705,0.0,0.0,0.4000000059604645,0.0,0.0,0.0,0.4000000059604645,0.0,0.0,0.0,0.4000000059604645,0.0
220,4.4,front_left_shoulder_to_arm,6,-0.6861844658851624,5.416243220679462e-05,-0.6899999976158142,0.0,0.0,-0.3051360845565796,-0.3051360845565796,0.0,0.0,0.4000000059604645,0.0,0.0,0.0,0.4000000059604645,0.0,0.0,0.0,0.4000000059604645,0.0
220,4.4,front_left_arm_to_hand,10,1.5994867086410522,2.7887647746638322e-08,1.600000023841858,0.0,0.0,0.041065193712711334,0.041065193712711334,0.0,0.0,0.4000000059604645,0.0,0.0,0.0,0.4000000059604645,0.0,0.0,0.0,0.4000000059604645,0.0
221,4.42,base_to_front_left_shoulder,2,0.10584796965122223,6.615108759433497e-06,0.10000000149011612,0.0,0.0,-0.46823710203170776,-0.46823710203170776,0.0,0.0,0.4000000059604645,0.0,0.0,0.0,0.4000000059604645,0.0,0.0,0.0,0.4000000059604645,0.0
221,4.42,front_left_shoulder_to_arm,6,-0.6861777901649475,5.41394401807338e-05,-0.6899999976158142,0.0,0.0,-0.30566996335983276,-0.30566996335983276,0.0,0.0,0.4000000059604645,0.0,0.0,0.0,0.4000000059604645,0.0,0.0,0.0,0.4000000059604645,0.0
221,4.42,front_left_arm_to_hand,10,1.5994867086410522,3.2443704611750945e-08,1.600000023841858,0.0,0.0,0.041065193712711334,0.041065193712711334,0.0,0.0,0.4000000059604645,0.0,0.0,0.0,0.4000000059604645,0.0,0.0,0.0,0.4000000059604645,0.0
222,4.44,base_to_front_left_shoulder,2,0.10582807660102844,6.620275598834269e-06,0.10000000149011612,0.0,0.0,-0.46664807200431824,-0.46664807200431824,0.0,0.0,0.4000000059604645,0.0,0.0,0.0,0.4000000059604645,0.0,0.0,0.0,0.4000000059604645,0.0
222,4.44,front_left_shoulder_to_arm,6,-0.6861711144447327,5.4165466281119734e-05,-0.6899999976158142,0.0,0.0,-0.306204229593277,-0.306204229593277,0.0,0.0,0.4000000059604645,0.0,0.0,0.0,0.4000000059604645,0.0,0.0,0.0,0.4000000059604645,0.0
222,4.44,front_left_arm_to_hand,10,1.5994867086410522,4.2804757072190114e-08,1.600000023841858,0.0,0.0,0.04106519743800163,0.04106519743800163,0.0,0.0,0.4000000059604645,0.0,0.0,0.0,0.4000000059604645,0.0,0.0,0.0,0.4000000059604645,0.0
223,4.46,base_to_front_left_shoulder,2,0.10585039108991623,6.608488547499292e-06,0.10000000149011612,0.0,0.0,-0.4684355854988098,-0.4684355854988098,0.0,0.0,0.4000000059604645,0.0,0.0,0.0,0.4000000059604645,0.0,0.0,0.0,0.4000000059604645,0.0
223,4.46,front_left_shoulder_to_arm,6,-0.6861644983291626,5.414336919784546e-05,-0.6899999976158142,0.0,0.0,-0.3067333400249481,-0.3067333400249481,0.0,0.0,0.4000000059604645,0.0,0.0,0.0,0.4000000059604645,0.0,0.0,0.0,0.4000000059604645,0.0
223,4.46,front_left_arm_to_hand,10,1.5994867086410522,3.028469564014813e-08,1.600000023841858,0.0,0.0,0.04106520488858223,0.04106520488858223,0.0,0.0,0.4000000059604645,0.0,0.0,0.0,0.4000000059604645,0.0,0.0,0.0,0.4000000059604645,0.0
224,4.48,base_to_front_left_shoulder,2,0.10583025962114334,6.6033580878865905e-06,0.10000000149011612,0.0,0.0,-0.46682748198509216,-0.46682748198509216,0.0,0.0,0.4000000059604645,0.0,0.0,0.0,0.4000000059604645,0.0,0.0,0.0,0.4000000059604645,0.0
224,4.48,front_left_shoulder_to_arm,6,-0.6861578226089478,5.416513158706948e-05,-0.6899999976158142,0.0,0.0,-0.30726754665374756,-0.30726754665374756,0.0,0.0,0.4000000059604645,0.0,0.0,0.0,0.4000000059604645,0.0,0.0,0.0,0.4000000059604645,0.0
224,4.48,front_left_arm_to_hand,10,1.5994867086410522,3.2559601237380775e-08,1.600000023841858,0.0,0.0,0.04106518626213074,0.04106518626213074,0.0,0.0,0.4000000059604645,0.0,0.0,0.0,0.4000000059604645,0.0,0.0,0.0,0.4000000059604645,0.0
225,4.5,base_to_front_left_shoulder,2,0.10585232824087143,6.615675374632701e-06,0.10000000149011612,0.0,0.0,-0.4685947299003601,-0.4685947299003601,0.0,0.0,0.4000000059604645,0.0,0.0,0.0,0.4000000059604645,0.0,0.0,0.0,0.4000000059604645,0.0
225,4.5,front_left_shoulder_to_arm,6,-0.6861512064933777,5.413818871602416e-05,-0.6899999976158142,0.0,0.0,-0.3077966868877411,-0.3077966868877411,0.0,0.0,0.4000000059604645,0.0,0.0,0.0,0.4000000059604645,0.0,0.0,0.0,0.4000000059604645,0.0
225,4.5,front_left_arm_to_hand,10,1.5994867086410522,4.0373294041273766e-08,1.600000023841858,0.0,0.0,0.04106520116329193,0.04106520116329193,0.0,0.0,0.4000000059604645,0.0,0.0,0.0,0.4000000059604645,0.0,0.0,0.0,0.4000000059604645,0.0
226,4.5200000000000005,base_to_front_left_shoulder,2,0.10583198815584183,6.616209248022642e-06,0.10000000149011612,0.0,0.0,-0.46696993708610535,-0.46696993708610535,0.0,0.0,0.4000000059604645,0.0,0.0,0.0,0.4000000059604645,0.0,0.0,0.0,0.4000000059604645,0.0
226,4.5200000000000005,front_left_shoulder_to_arm,6,-0.6861445307731628,5.4166754125617445e-05,-0.6899999976158142,0.0,0.0,-0.3083309233188629,-0.3083309233188629,0.0,0.0,0.4000000059604645,0.0,0.0,0.0,0.4000000059604645,0.0,0.0,0.0,0.4000000059604645,0.0
226,4.5200000000000005,front_left_arm_to_hand,10,1.5994867086410522,3.6774942202555394e-08,1.600000023841858,0.0,0.0,0.04106519743800163,0.04106519743800163,0.0,0.0,0.4000000059604645,0.0,0.0,0.0,0.4000000059604645,0.0,0.0,0.0,0.4000000059604645,0.0
227,4.54,base_to_front_left_shoulder,2,0.10585443675518036,6.441007826651912e-06,0.10000000149011612,0.0,0.0,-0.468742311000824,-0.468742311000824,0.0,0.0,0.4000000059604645,0.0,0.0,0.0,0.4000000059604645,0.0,0.0,0.0,0.4000000059604645,0.0
227,4.54,front_left_shoulder_to_arm,6,-0.6862033009529114,5.2760879043489695e-05,-0.6899999976158142,0.0,0.0,-0.3036074638366699,-0.3036074638366699,0.0,0.0,0.4000000059604645,0.0,0.0,0.0,0.4000000059604645,0.0,0.0,0.0,0.4000000059604645,0.0
227,4.54,front_left_arm_to_hand,10,1.5994867086410522,2.4597969883188853e-08,1.600000023841858,0.0,0.0,0.04106521978974342,0.04106521978974342,0.0,0.0,0.4000000059604645,0.0,0.0,0.0,0.4000000059604645,0.0,0.0,0.0,0.4000000059604645,0.0
228,4.5600000000000005,base_to_front_left_shoulder,2,0.10583499073982239,6.61435115034692e-06,0.10000000149011612,0.0,0.0,-0.46719226241111755,-0.46719226241111755,0.0,0.0,0.4000000059604645,0.0,0.0,0.0,0.4000000059604645,0.0,0.0,0.0,0.4000000059604645,0.0
228,4.5600000000000005,front_left_shoulder_to_arm,6,-0.6861966252326965,5.4147050832398236e-05,-0.6899999976158142,0.0,0.0,-0.3041633665561676,-0.3041633665561676,0.0,0.0,0.4000000059604645,0.0,0.0,0.0,0.4000000059604645,0.0,0.0,0.0,0.4000000059604645,0.0
228,4.5600000000000005,front_left_arm_to_hand,10,1.5994867086410522,4.826404165214626e-08,1.600000023841858,0.0,0.0,0.04106520488858223,0.04106520488858223,0.0,0.0,0.4000000059604645,0.0,0.0,0.0,0.4000000059604645,0.0,0.0,0.0,0.4000000059604645,0.0
229,4.58,base_to_front_left_shoulder,2,0.1058577448129654,4.965993866790086e-06,0.10000000149011612,0.0,0.0,-0.4656294286251068,-0.4656294286251068,0.0,0.0,0.4000000059604645,0.0,0.0,0.0,0.4000000059604645,0.0,0.0,0.0,0.4000000059604645,0.0
229,4.58,front_left_shoulder_to_arm,6,-0.6861899495124817,4.024245936307125e-05,-0.6899999976158142,0.0,0.0,-0.3046973943710327,-0.3046973943710327,0.0,0.0,0.4000000059604645,0.0,0.0,0.0,0.4000000059604645,0.0,0.0,0.0,0.4000000059604645,0.0
229,4.58,front_left_arm_to_hand,10,1.5994867086410522,4.857070834418664e-08,1.600000023841858,0.0,0.0,0.041065189987421036,0.041065189987421036,0.0,0.0,0.4000000059604645,0.0,0.0,0.0,0.4000000059604645,0.0,0.0,0.0,0.4000000059604645,0.0
230,4.6000000000000005,base_to_front_left_shoulder,2,0.10583806037902832,6.626340109505691e-06,0.10000000149011612,0.0,0.0,-0.4674426019191742,-0.4674426019191742,0.0,0.0,0.4000000059604645,0.0,0.0,0.0,0.4000000059604645,0.0,0.0,0.0,0.4000000059604645,0.0
230,4.6000000000000005,front_left_shoulder_to_arm,6,-0.6861832737922668,5.414914630819112e-05,-0.6899999976158142,0.0,0.0,-0.3052314817905426,-0.3052314817905426,0.0,0.0,0.4000000059604645,0.0,0.0,0.0,0.4000000059604645,0.0,0.0,0.0,0.4000000059604645,0.0
230,4.6000000000000005,front_left_arm_to_hand,10,1.5994867086410522,5.6382351232286965e-08,1.600000023841858,0.0,0.0,0.041065193712711334,0.041065193712711334,0.0,0.0,0.4000000059604645,0.0,0.0,0.0,0.4000000059604645,0.0,0.0,0.0,0.4000000059604645,0.0
231,4.62,base_to_front_left_shoulder,2,0.10586053878068924,4.970800546288956e-06,0.10000000149011612,0.0,0.0,-0.4658606946468353,-0.4658606946468353,0.0,0.0,0.4000000059604645,0.0,0.0,0.0,0.4000000059604645,0.0,0.0,0.0,0.4000000059604645,0.0
231,4.62,front_left_shoulder_to_arm,6,-0.686176598072052,4.0275186620419845e-05,-0.6899999976158142,0.0,0.0,-0.3057655096054077,-0.3057655096054077,0.0,0.0,0.4000000059604645,0.0,0.0,0.0,0.4000000059604645,0.0,0.0,0.0,0.4000000059604645,0.0
231,4.62,front_left_arm_to_hand,10,1.5994867086410522,2.1249135784273676e-08,1.600000023841858,0.0,0.0,0.04106519743800163,0.04106519743800163,0.0,0.0,0.4000000059604645,0.0,0.0,0.0,0.4000000059604645,0.0,0.0,0.0,0.4000000059604645,0.0
232,4.64,base_to_front_left_shoulder,2,0.10584061592817307,6.612626748392358e-06,0.10000000149011612,0.0,0.0,-0.4676518142223358,-0.4676518142223358,0.0,0.0,0.4000000059604645,0.0,0.0,0.0,0.4000000059604645,0.0,0.0,0.0,0.4000000059604645,0.0
232,4.64,front_left_shoulder_to_arm,6,-0.6861699223518372,5.416100611910224e-05,-0.6899999976158142,0.0,0.0,-0.3062995970249176,-0.3062995970249176,0.0,0.0,0.4000000059604645,0.0,0.0,0.0,0.4000000059604645,0.0,0.0,0.0,0.4000000059604645,0.0
232,4.64,front_left_arm_to_hand,10,1.5994867086410522,4.508615703002761e-08,1.600000023841858,0.0,0.0,0.041065193712711334,0.041065193712711334,0.0,0.0,0.4000000059604645,0.0,0.0,0.0,0.4000000059604645,0.0,0.0,0.0,0.4000000059604645,0.0
233,4.66,base_to_front_left_shoulder,2,0.10586285591125488,4.9778918764786795e-06,0.10000000149011612,0.0,0.0,-0.46605202555656433,-0.46605202555656433,0.0,0.0,0.4000000059604645,0.0,0.0,0.0,0.4000000059604645,0.0,0.0,0.0,0.4000000059604645,0.0
233,4.66,front_left_shoulder_to_arm,6,-0.6861632466316223,4.0276012441609055e-05,-0.6899999976158142,0.0,0.0,-0.3068336546421051,-0.3068336546421051,0.0,0.0,0.4000000059604645,0.0,0.0,0.0,0.4000000059604645,0.0,0.0,0.0,0.4000000059604645,0.0
233,4.66,front_left_arm_to_hand,10,1.5994867086410522,2.9117778410636674e-08,1.600000023841858,0.0,0.0,0.04106519743800163,0.04106519743800163,0.0,0.0,0.4000000059604645,0.0,0.0,0.0,0.4000000059604645,0.0,0.0,0.0,0.4000000059604645,0.0
234,4.68,base_to_front_left_shoulder,2,0.105842724442482,6.609879164898302e-06,0.10000000149011612,0.0,0.0,-0.46782466769218445,-0.46782466769218445,0.0,0.0,0.4000000059604645,0.0,0.0,0.0,0.4000000059604645,0.0,0.0,0.0,0.4000000059604645,0.0
234,4.68,front_left_shoulder_to_arm,6,-0.6861566305160522,5.41707340744324e-05,-0.6899999976158142,0.0,0.0,-0.30736294388771057,-0.30736294388771057,0.0,0.0,0.4000000059604645,0.0,0.0,0.0,0.4000000059604645,0.0,0.0,0.0,0.4000000059604645,0.0
234,4.68,front_left_arm_to_hand,10,1.5994867086410522,2.2523266807183973e-08,1.600000023841858,0.0,0.0,0.04106520116329193,0.04106520116329193,0.0,0.0,0.4000000059604645,0.0,0.0,0.0,0.4000000059604645,0.0,0.0,0.0,0.4000000059604645,0.0
235,4.7,base_to_front_left_shoulder,2,0.10586492717266083,-0.0002412456669844687,0.10000000149011612,0.0,0.0,-0.46620699763298035,-0.46620699763298035,0.0,0.0,0.4000000059604645,0.0,0.0,0.0,0.4000000059604645,0.0,0.0,0.0,0.4000000059604645,0.0
235,4.7,front_left_shoulder_to_arm,6,-0.6862131953239441,-0.0019741521682590246,-0.6899999976158142,0.0,0.0,-0.30789700150489807,-0.30789700150489807,0.0,0.0,0.4000000059604645,0.0,0.0,0.0,0.4000000059604645,0.0,0.0,0.0,0.4000000059604645,0.0
235,4.7,front_left_arm_to_hand,10,1.5994867086410522,-1.40484917210415e-06,1.600000023841858,0.0,0.0,0.041065189987421036,0.041065189987421036,0.0,0.0,0.4000000059604645,0.0,0.0,0.0,0.4000000059604645,0.0,0.0,0.0,0.4000000059604645,0.0
236,4.72,base_to_front_left_shoulder,2,0.10584551841020584,6.606512215512339e-06,0.10000000149011612,0.0,0.0,-0.46803030371665955,-0.46803030371665955,0.0,0.0,0.4000000059604645,0.0,0.0,0.0,0.4000000059604645,0.0,0.0,0.0,0.4000000059604645,0.0
236,4.72,front_left_shoulder_to_arm,6,-0.6862082481384277,5.414276529336348e-05,-0.6899999976158142,0.0,0.0,-0.3032335042953491,-0.3032335042953491,0.0,0.0,0.4000000059604645,0.0,0.0,0.0,0.4000000059604645,0.0,0.0,0.0,0.4000000059604645,0.0
236,4.72,front_left_arm_to_hand,10,1.5994867086410522,3.9229146153729744e-08,1.600000023841858,0.0,0.0,0.04106519743800163,0.04106519743800163,0.0,0.0,0.4000000059604645,0.0,0.0,0.0,0.4000000059604645,0.0,0.0,0.0,0.4000000059604645,0.0
237,4.74,base_to_front_left_shoulder,2,0.10582616180181503,6.608766852878034e-06,0.10000000149011612,0.0,0.0,-0.4664841592311859,-0.4664841592311859,0.0,0.0,0.4000000059604645,0.0,0.0,0.0,0.4000000059604645,0.0,0.0,0.0,0.4000000059604645,0.0
237,4.74,front_left_shoulder_to_arm,6,-0.6862015724182129,5.41414410690777e-05,-0.6899999976158142,0.0,0.0,-0.3037675619125366,-0.3037675619125366,0.0,0.0,0.4000000059604645,0.0,0.0,0.0,0.4000000059604645,0.0,0.0,0.0,0.4000000059604645,0.0
237,4.74,front_left_arm_to_hand,10,1.5994867086410522,4.4198472437528835e-08,1.600000023841858,0.0,0.0,0.04106520488858223,0.04106520488858223,0.0,0.0,0.4000000059604645,0.0,0.0,0.0,0.4000000059604645,0.0,0.0,0.0,0.4000000059604645,0.0
238,4.76,base_to_front_left_shoulder,2,0.10584893822669983,6.6024394982378e-06,0.10000000149011612,0.0,0.0,-0.46830862760543823,-0.46830862760543823,0.0,0.0,0.4000000059604645,0.0,0.0,0.0,0.4000000059604645,0.0,0.0,0.0,0.4000000059604645,0.0
238,4.76,front_left_shoulder_to_arm,6,-0.686194896697998,5.4134368838276714e-05,-0.6899999976158142,0.0,0.0,-0.3043014407157898,-0.3043014407157898,0.0,0.0,0.4000000059604645,0.0,0.0,0.0,0.4000000059604645,0.0,0.0,0.0,0.4000000059604645,0.0
238,4.76,front_left_arm_to_hand,10,1.5994867086410522,3.6137141279368734e-08,1.600000023841858,0.0,0.0,0.04106519743800163,0.04106519743800163,0.0,0.0,0.4000000059604645,0.0,0.0,0.0,0.4000000059604645,0.0,0.0,0.0,0.4000000059604645,0.0
239,4.78,base_to_front_left_shoulder,2,0.10582934319972992,6.60629211779451e-06,0.10000000149011612,0.0,0.0,-0.46674343943595886,-0.46674343943595886,0.0,0.0,0.4000000059604645,0.0,0.0,0.0,0.4000000059604645,0.0,0.0,0.0,0.4000000059604645,0.0
239,4.78,front_left_shoulder_to_arm,6,-0.6861882209777832,5.414201586972922e-05,-0.6899999976158142,0.0,0.0,-0.304835706949234,-0.304835706949234,0.0,0.0,0.4000000059604645,0.0,0.0,0.0,0.4000000059604645,0.0,0.0,0.0,0.4000000059604645,0.0
239,4.78,front_left_arm_to_hand,10,1.5994867086410522,3.7894359650181286e-08,1.600000023841858,0.0,0.0,0.041065193712711334,0.041065193712711334,0.0,0.0,0.4000000059604645,0.0,0.0,0.0,0.4000000059604645,0.0,0.0,0.0,0.4000000059604645,0.0
240,4.8,base_to_front_left_shoulder,2,0.10585200786590576,6.575704901479185e-06,0.10000000149011612,0.0,0.0,-0.4685581624507904,-0.4685581624507904,0.0,0.0,0.4000000059604645,0.0,0.0,0.0,0.4000000059604645,0.0,0.0,0.0,0.4000000059604645,0.0
240,4.8,front_left_shoulder_to_arm,6,-0.6861815452575684,5.3804149501957e-05,-0.6899999976158142,0.0,0.0,-0.3053627908229828,-0.3053627908229828,0.0,0.0,0.4000000059604645,0.0,0.0,0.0,0.4000000059604645,0.0,0.0,0.0,0.4000000059604645,0.0
240,4.8,front_left_arm_to_hand,10,1.5994867086410522,4.510194173690252e-08,1.600000023841858,0.0,0.0,0.04106520861387253,0.04106520861387253,0.0,0.0,0.4000000059604645,0.0,0.0,0.0,0.4000000059604645,0.0,0.0,0.0,0.4000000059604645,0.0
241,4.82,base_to_front_left_shoulder,2,0.10583217442035675,6.617378858209122e-06,0.10000000149011612,0.0,0.0,-0.4669747054576874,-0.4669747054576874,0.0,0.0,0.4000000059604645,0.0,0.0,0.0,0.4000000059604645,0.0,0.0,0.0,0.4000000059604645,0.0
241,4.82,front_left_shoulder_to_arm,6,-0.6861748695373535,5.416019121184945e-05,-0.6899999976158142,0.0,0.0,-0.305903822183609,-0.305903822183609,0.0,0.0,0.4000000059604645,0.0,0.0,0.0,0.4000000059604645,0.0,0.0,0.0,0.4000000059604645,0.0
241,4.82,front_left_arm_to_hand,10,1.5994867086410522,2.7622046872011197e-08,1.600000023841858,0.0,0.0,0.04106519743800163,0.04106519743800163,0.0,0.0,0.4000000059604645,0.0,0.0,0.0,0.4000000059604645,0.0,0.0,0.0,0.4000000059604645,0.0
242,4.84,base_to_front_left_shoulder,2,0.1058545708656311,6.551266778842546e-06,0.10000000149011612,0.0,0.0,-0.4687679708003998,-0.4687679708003998,0.0,0.0,0.4000000059604645,0.0,0.0,0.0,0.4000000059604645,0.0,0.0,0.0,0.4000000059604645,0.0
242,4.84,front_left_shoulder_to_arm,6,-0.6861682534217834,5.378602509154007e-05,-0.6899999976158142,0.0,0.0,-0.3064309060573578,-0.3064309060573578,0.0,0.0,0.4000000059604645,0.0,0.0,0.0,0.4000000059604645,0.0,0.0,0.0,0.4000000059604645,0.0
242,4.84,front_left_arm_to_hand,10,1.5994867086410522,4.962625865800874e-08,1.600000023841858,0.0,0.0,0.04106520116329193,0.04106520116329193,0.0,0.0,0.4000000059604645,0.0,0.0,0.0,0.4000000059604645,0.0,0.0,0.0,0.4000000059604645,0.0
243,4.86,base_to_front_left_shoulder,2,0.10583452135324478,6.6078519012080505e-06,0.10000000149011612,0.0,0.0,-0.46716663241386414,-0.46716663241386414,0.0,0.0,0.4000000059604645,0.0,0.0,0.0,0.4000000059604645,0.0,0.0,0.0,0.4000000059604645,0.0
243,4.86,front_left_shoulder_to_arm,6,-0.6861615777015686,5.416258500190452e-05,-0.6899999976158142,0.0,0.0,-0.3069671392440796,-0.3069671392440796,0.0,0.0,0.4000000059604645,0.0,0.0,0.0,0.4000000059604645,0.0,0.0,0.0,0.4000000059604645,0.0
243,4.86,front_left_arm_to_hand,10,1.5994867086410522,4.845952616960858e-08,1.600000023841858,0.0,0.0,0.04106519743800163,0.04106519743800163,0.0,0.0,0.4000000059604645,0.0,0.0,0.0,0.4000000059604645,0.0,0.0,0.0,0.4000000059604645,0.0
244,4.88,base_to_front_left_shoulder,2,0.10585668683052063,6.573513928742614e-06,0.10000000149011612,0.0,0.0,-0.46894142031669617,-0.46894142031669617,0.0,0.0,0.4000000059604645,0.0,0.0,0.0,0.4000000059604645,0.0,0.0,0.0,0.4000000059604645,0.0
244,4.88,front_left_shoulder_to_arm,6,-0.6861549615859985,5.380286165745929e-05,-0.6899999976158142,0.0,0.0,-0.30749425292015076,-0.30749425292015076,0.0,0.0,0.4000000059604645,0.0,0.0,0.0,0.4000000059604645,0.0,0.0,0.0,0.4000000059604645,0.0
244,4.88,front_left_arm_to_hand,10,1.5994867086410522,5.260720925548412e-08,1.600000023841858,0.0,0.0,0.04106520116329193,0.04106520116329193,0.0,0.0,0.4000000059604645,0.0,0.0,0.0,0.4000000059604645,0.0,0.0,0.0,0.4000000059604645,0.0
245,4.9,base_to_front_left_shoulder,2,0.1058364063501358,6.624559318879619e-06,0.10000000149011612,0.0,0.0,-0.4673222005367279,-0.4673222005367279,0.0,0.0,0.4000000059604645,0.0,0.0,0.0,0.4000000059604645,0.0,0.0,0.0,0.4000000059604645,0.0
245,4.9,front_left_shoulder_to_arm,6,-0.6861482858657837,5.416123167378828e-05,-0.6899999976158142,0.0,0.0,-0.30803051590919495,-0.30803051590919495,0.0,0.0,0.4000000059604645,0.0,0.0,0.0,0.4000000059604645,0.0,0.0,0.0,0.4000000059604645,0.0
245,4.9,front_left_arm_to_hand,10,1.5994867086410522,4.765351491187175e-08,1.600000023841858,0.0,0.0,0.04106520488858223,0.04106520488858223,0.0,0.0,0.4000000059604645,0.0,0.0,0.0,0.4000000059604645,0.0,0.0,0.0,0.4000000059604645,0.0
246,4.92,base_to_front_left_shoulder,2,0.10585865378379822,1.3434603829409753e-07,0.10000000149011612,0.0,0.0,-0.4689696431159973,-0.4689696431159973,0.0,0.0,0.4000000059604645,0.0,0.0,0.0,0.4000000059604645,0.0,0.0,0.0,0.4000000059604645,0.0
246,4.92,front_left_shoulder_to_arm,6,-0.6862069368362427,1.0694683396650362e-06,-0.6899999976158142,0.0,0.0,-0.3024570643901825,-0.3024570643901825,0.0,0.0,0.4000000059604645,0.0,0.0,0.0,0.4000000059604645,0.0,0.0,0.0,0.4000000059604645,0.0
246,4.92,front_left_arm_to_hand,10,1.5994867086410522,5.496732402576754e-09,1.600000023841858,0.0,0.0,0.041065916419029236,0.041065916419029236,0.0,0.0,0.4000000059604645,0.0,0.0,0.0,0.4000000059604645,0.0,0.0,0.0,0.4000000059604645,0.0
247,4.94,base_to_front_left_shoulder,2,0.10583926737308502,6.613382538489532e-06,0.10000000149011612,0.0,0.0,-0.4675332009792328,-0.4675332009792328,0.0,0.0,0.4000000059604645,0.0,0.0,0.0,0.4000000059604645,0.0,0.0,0.0,0.4000000059604645,0.0
247,4.94,front_left_shoulder_to_arm,6,-0.6862003207206726,5.413733015302569e-05,-0.6899999976158142,0.0,0.0,-0.3038676977157593,-0.3038676977157593,0.0,0.0,0.4000000059604645,0.0,0.0,0.0,0.4000000059604645,0.0,0.0,0.0,0.4000000059604645,0.0
247,4.94,front_left_arm_to_hand,10,1.5994867086410522,4.291359090302649e-08,1.600000023841858,0.0,0.0,0.041065193712711334,0.041065193712711334,0.0,0.0,0.4000000059604645,0.0,0.0,0.0,0.4000000059604645,0.0,0.0,0.0,0.4000000059604645,0.0
248,4.96,base_to_front_left_shoulder,2,0.10581976175308228,6.6048505686922e-06,0.10000000149011612,0.0,0.0,-0.4659751355648041,-0.4659751355648041,0.0,0.0,0.4000000059604645,0.0,0.0,0.0,0.4000000059604645,0.0,0.0,0.0,0.4000000059604645,0.0
248,4.96,front_left_shoulder_to_arm,6,-0.6861936450004578,5.415568739408627e-05,-0.6899999976158142,0.0,0.0,-0.3044017553329468,-0.3044017553329468,0.0,0.0,0.4000000059604645,0.0,0.0,0.0,0.4000000059604645,0.0,0.0,0.0,0.4000000059604645,0.0
248,4.96,front_left_arm_to_hand,10,1.5994867086410522,3.5892053773523e-08,1.600000023841858,0.0,0.0,0.04106519743800163,0.04106519743800163,0.0,0.0,0.4000000059604645,0.0,0.0,0.0,0.4000000059604645,0.0,0.0,0.0,0.4000000059604645,0.0
249,4.98,base_to_front_left_shoulder,2,0.1058424711227417,6.616845894313883e-06,0.10000000149011612,0.0,0.0,-0.467794269323349,-0.467794269323349,0.0,0.0,0.4000000059604645,0.0,0.0,0.0,0.4000000059604645,0.0,0.0,0.0,0.4000000059604645,0.0
249,4.98,front_left_shoulder_to_arm,6,-0.6861869692802429,5.414788029156625e-05,-0.6899999976158142,0.0,0.0,-0.3049358129501343,-0.3049358129501343,0.0,0.0,0.4000000059604645,0.0,0.0,0.0,0.4000000059604645,0.0,0.0,0.0,0.4000000059604645,0.0
249,4.98,front_left_arm_to_hand,10,1.5994867086410522,4.599652214665184e-08,1.600000023841858,0.0,0.0,0.04106520116329193,0.04106520116329193,0.0,0.0,0.4000000059604645,0.0,0.0,0.0,0.4000000059604645,0.0,0.0,0.0,0.4000000059604645,0.0
250,5.0,base_to_front_left_shoulder,2,0.10582272708415985,6.613149707845878e-06,0.10000000149011612,0.0,0.0,-0.46621713042259216,-0.46621713042259216,0.0,0.0,0.4000000059604645,0.0,0.0,0.0,0.4000000059604645,0.0,0.0,0.0,0.4000000059604645,0.0
250,5.0,front_left_shoulder_to_arm,6,-0.6861802935600281,5.4150630603544414e-05,-0.6899999976158142,0.0,0.0,-0.30546990036964417,-0.30546990036964417,0.0,0.0,0.4000000059604645,0.0,0.0,0.0,0.4000000059604645,0.0,0.0,0.0,0.4000000059604645,0.0
250,5.0,front_left_arm_to_hand,10,1.5994867086410522,4.365809402884224e-08,1.600000023841858,0.0,0.0,0.04106520116329193,0.04106520116329193,0.0,0.0,0.4000000059604645,0.0,0.0,0.0,0.4000000059604645,0.0,0.0,0.0,0.4000000059604645,0.0
251,5.0200000000000005,base_to_front_left_shoulder,2,0.10584517568349838,6.616745849896688e-06,0.10000000149011612,0.0,0.0,-0.46801480650901794,-0.46801480650901794,0.0,0.0,0.4000000059604645,0.0,0.0,0.0,0.4000000059604645,0.0,0.0,0.0,0.4000000059604645,0.0
251,5.0200000000000005,front_left_shoulder_to_arm,6,-0.6861736178398132,5.416705971583724e-05,-0.6899999976158142,0.0,0.0,-0.3060039281845093,-0.3060039281845093,0.0,0.0,0.4000000059604645,0.0,0.0,0.0,0.4000000059604645,0.0,0.0,0.0,0.4000000059604645,0.0
251,5.0200000000000005,front_left_arm_to_hand,10,1.5994867086410522,4.4618634120752176e-08,1.600000023841858,0.0,0.0,0.04106519743800163,0.04106519743800163,0.0,0.0,0.4000000059604645,0.0,0.0,0.0,0.4000000059604645,0.0,0.0,0.0,0.4000000059604645,0.0
252,5.04,base_to_front_left_shoulder,2,0.10582522302865982,6.617551662202459e-06,0.10000000149011612,0.0,0.0,-0.466420978307724,-0.466420978307724,0.0,0.0,0.4000000059604645,0.0,0.0,0.0,0.4000000059604645,0.0,0.0,0.0,0.4000000059604645,0.0
252,5.04,front_left_shoulder_to_arm,6,-0.6861669421195984,5.417517968453467e-05,-0.6899999976158142,0.0,0.0,-0.30653801560401917,-0.30653801560401917,0.0,0.0,0.4000000059604645,0.0,0.0,0.0,0.4000000059604645,0.0,0.0,0.0,0.4000000059604645,0.0
252,5.04,front_left_arm_to_hand,10,1.5994867086410522,3.404859683087125e-08,1.600000023841858,0.0,0.0,0.04106519743800163,0.04106519743800163,0.0,0.0,0.4000000059604645,0.0,0.0,0.0,0.4000000059604645,0.0,0.0,0.0,0.4000000059604645,0.0
253,5.0600000000000005,base_to_front_left_shoulder,2,0.10584741085767746,6.594909791601822e-06,0.10000000149011612,0.0,0.0,-0.46819838881492615,-0.46819838881492615,0.0,0.0,0.4000000059604645,0.0,0.0,0.0,0.4000000059604645,0.0,0.0,0.0,0.4000000059604645,0.0
253,5.0600000000000005,front_left_shoulder_to_arm,6,-0.6861603260040283,5.414197948994115e-05,-0.6899999976158142,0.0,0.0,-0.30706730484962463,-0.30706730484962463,0.0,0.0,0.4000000059604645,0.0,0.0,0.0,0.4000000059604645,0.0,0.0,0.0,0.4000000059604645,0.0
253,5.0600000000000005,front_left_arm_to_hand,10,1.5994867086410522,3.639615897554904e-08,1.600000023841858,0.0,0.0,0.04106520116329193,0.04106520116329193,0.0,0.0,0.4000000059604645,0.0,0.0,0.0,0.4000000059604645,0.0,0.0,0.0,0.4000000059604645,0.0
254,5.08,base_to_front_left_shoulder,2,0.1058272197842598,6.614181074837688e-06,0.10000000149011612,0.0,0.0,-0.4665854871273041,-0.4665854871273041,0.0,0.0,0.4000000059604645,0.0,0.0,0.0,0.4000000059604645,0.0,0.0,0.0,0.4000000059604645,0.0
254,5.08,front_left_shoulder_to_arm,6,-0.6861536502838135,5.416405474534258e-05,-0.6899999976158142,0.0,0.0,-0.30760136246681213,-0.30760136246681213,0.0,0.0,0.4000000059604645,0.0,0.0,0.0,0.4000000059604645,0.0,0.0,0.0,0.4000000059604645,0.0
254,5.08,front_left_arm_to_hand,10,1.5994867086410522,4.5326874698048414e-08,1.600000023841858,0.0,0.0,0.041065193712711334,0.041065193712711334,0.0,0.0,0.4000000059604645,0.0,0.0,0.0,0.4000000059604645,0.0,0.0,0.0,0.4000000059604645,0.0
255,5.1000000000000005,base_to_front_left_shoulder,2,0.10584915429353714,6.618559382332023e-06,0.10000000149011612,0.0,0.0,-0.4683426320552826,-0.4683426320552826,0.0,0.0,0.4000000059604645,0.0,0.0,0.0,0.4000000059604645,0.0,0.0,0.0,0.4000000059604645,0.0
255,5.1000000000000005,front_left_shoulder_to_arm,6,-0.6861470341682434,5.4165589972399175e-05,-0.6899999976158142,0.0,0.0,-0.3081306517124176,-0.3081306517124176,0.0,0.0,0.4000000059604645,0.0,0.0,0.0,0.4000000059604645,0.0,0.0,0.0,0.4000000059604645,0.0
255,5.1000000000000005,front_left_arm_to_hand,10,1.5994867086410522,4.800108399649616e-08,1.600000023841858,0.0,0.0,0.04106518626213074,0.04106518626213074,0.0,0.0,0.4000000059604645,0.0,0.0,0.0,0.4000000059604645,0.0,0.0,0.0,0.4000000059604645,0.0
256,5.12,base_to_front_left_shoulder,2,0.10582870990037918,6.616411155846436e-06,0.10000000149011612,0.0,0.0,-0.46671006083488464,-0.46671006083488464,0.0,0.0,0.4000000059604645,0.0,0.0,0.0,0.4000000059604645,0.0,0.0,0.0,0.4000000059604645,0.0
256,5.12,front_left_shoulder_to_arm,6,-0.6861403584480286,5.416689964476973e-05,-0.6899999976158142,0.0,0.0,-0.3086647093296051,-0.3086647093296051,0.0,0.0,0.4000000059604645,0.0,0.0,0.0,0.4000000059604645,0.0,0.0,0.0,0.4000000059604645,0.0
256,5.12,front_left_arm_to_hand,10,1.5994867086410522,4.301778133708467e-08,1.600000023841858,0.0,0.0,0.04106520116329193,0.04106520116329193,0.0,0.0,0.4000000059604645,0.0,0.0,0.0,0.4000000059604645,0.0,0.0,0.0,0.4000000059604645,0.0
257,5.14,base_to_front_left_shoulder,2,0.10585132241249084,6.606029273825698e-06,0.10000000149011612,0.0,0.0,-0.46849751472473145,-0.46849751472473145,0.0,0.0,0.4000000059604645,0.0,0.0,0.0,0.4000000059604645,0.0,0.0,0.0,0.4000000059604645,0.0
257,5.14,front_left_shoulder_to_arm,6,-0.6861993074417114,5.4102369176689535e-05,-0.6899999976158142,0.0,0.0,-0.3039480745792389,-0.3039480745792389,0.0,0.0,0.4000000059604645,0.0,0.0,0.0,0.4000000059604645,0.0,0.0,0.0,0.4000000059604645,0.0
257,5.14,front_left_arm_to_hand,10,1.5994867086410522,3.32292664495526e-08,1.600000023841858,0.0,0.0,0.04106519743800163,0.04106519743800163,0.0,0.0,0.4000000059604645,0.0,0.0,0.0,0.4000000059604645,0.0,0.0,0.0,0.4000000059604645,0.0
258,5.16,base_to_front_left_shoulder,2,0.1058318167924881,6.615933671128005e-06,0.10000000149011612,0.0,0.0,-0.4669395387172699,-0.4669395387172699,0.0,0.0,0.4000000059604645,0.0,0.0,0.0,0.4000000059604645,0.0,0.0,0.0,0.4000000059604645,0.0
258,5.16,front_left_shoulder_to_arm,6,-0.6861926317214966,5.413741746451706e-05,-0.6899999976158142,0.0,0.0,-0.3044828176498413,-0.3044828176498413,0.0,0.0,0.4000000059604645,0.0,0.0,0.0,0.4000000059604645,0.0,0.0,0.0,0.4000000059604645,0.0
258,5.16,front_left_arm_to_hand,10,1.5994867086410522,3.401031634098217e-08,1.600000023841858,0.0,0.0,0.04106519743800163,0.04106519743800163,0.0,0.0,0.4000000059604645,0.0,0.0,0.0,0.4000000059604645,0.0,0.0,0.0,0.4000000059604645,0.0
259,5.18,base_to_front_left_shoulder,2,0.10585446655750275,6.575574843736831e-06,0.10000000149011612,0.0,0.0,-0.46875306963920593,-0.46875306963920593,0.0,0.0,0.4000000059604645,0.0,0.0,0.0,0.4000000059604645,0.0,0.0,0.0,0.4000000059604645,0.0
259,5.18,front_left_shoulder_to_arm,6,-0.6861859560012817,5.381136725191027e-05,-0.6899999976158142,0.0,0.0,-0.30500996112823486,-0.30500996112823486,0.0,0.0,0.4000000059604645,0.0,0.0,0.0,0.4000000059604645,0.0,0.0,0.0,0.4000000059604645,0.0
259,5.18,front_left_arm_to_hand,10,1.5994867086410522,3.03346077146216e-08,1.600000023841858,0.0,0.0,0.04106520488858223,0.04106520488858223,0.0,0.0,0.4000000059604645,0.0,0.0,0.0,0.4000000059604645,0.0,0.0,0.0,0.4000000059604645,0.0
260,5.2,base_to_front_left_shoulder,2,0.1058347225189209,6.61027297610417e-06,0.10000000149011612,0.0,0.0,-0.46717676520347595,-0.46717676520347595,0.0,0.0,0.4000000059604645,0.0,0.0,0.0,0.4000000059604645,0.0,0.0,0.0,0.4000000059604645,0.0
260,5.2,front_left_shoulder_to_arm,6,-0.6861792802810669,5.415327905211598e-05,-0.6899999976158142,0.0,0.0,-0.3055509328842163,-0.3055509328842163,0.0,0.0,0.4000000059604645,0.0,0.0,0.0,0.4000000059604645,0.0,0.0,0.0,0.4000000059604645,0.0
260,5.2,front_left_arm_to_hand,10,1.5994867086410522,4.967627020846521e-08,1.600000023841858,0.0,0.0,0.04106519743800163,0.04106519743800163,0.0,0.0,0.4000000059604645,0.0,0.0,0.0,0.4000000059604645,0.0,0.0,0.0,0.4000000059604645,0.0
261,5.22,base_to_front_left_shoulder,2,0.10585709661245346,6.581316483789124e-06,0.10000000149011612,0.0,0.0,-0.4689682424068451,-0.4689682424068451,0.0,0.0,0.4000000059604645,0.0,0.0,0.0,0.4000000059604645,0.0,0.0,0.0,0.4000000059604645,0.0
261,5.22,front_left_shoulder_to_arm,6,-0.686172604560852,5.379947106121108e-05,-0.6899999976158142,0.0,0.0,-0.30607807636260986,-0.30607807636260986,0.0,0.0,0.4000000059604645,0.0,0.0,0.0,0.4000000059604645,0.0,0.0,0.0,0.4000000059604645,0.0
261,5.22,front_left_arm_to_hand,10,1.5994867086410522,3.304316820162967e-08,1.600000023841858,0.0,0.0,0.04106520116329193,0.04106520116329193,0.0,0.0,0.4000000059604645,0.0,0.0,0.0,0.4000000059604645,0.0,0.0,0.0,0.4000000059604645,0.0
262,5.24,base_to_front_left_shoulder,2,0.10583711415529251,6.614763151446823e-06,0.10000000149011612,0.0,0.0,-0.467372864484787,-0.467372864484787,0.0,0.0,0.4000000059604645,0.0,0.0,0.0,0.4000000059604645,0.0,0.0,0.0,0.4000000059604645,0.0
262,5.24,front_left_shoulder_to_arm,6,-0.6861659288406372,5.415836494648829e-05,-0.6899999976158142,0.0,0.0,-0.3066190481185913,-0.3066190481185913,0.0,0.0,0.4000000059604645,0.0,0.0,0.0,0.4000000059604645,0.0,0.0,0.0,0.4000000059604645,0.0
262,5.24,front_left_arm_to_hand,10,1.5994867086410522,5.4287148998355406e-08,1.600000023841858,0.0,0.0,0.04106520488858223,0.04106520488858223,0.0,0.0,0.4000000059604645,0.0,0.0,0.0,0.4000000059604645,0.0,0.0,0.0,0.4000000059604645,0.0
263,5.26,base_to_front_left_shoulder,2,0.10585922747850418,6.5702624851837754e-06,0.10000000149011612,0.0,0.0,-0.46914348006248474,-0.46914348006248474,0.0,0.0,0.4000000059604645,0.0,0.0,0.0,0.4000000059604645,0.0,0.0,0.0,0.4000000059604645,0.0
263,5.26,front_left_shoulder_to_arm,6,-0.6861593127250671,5.380689981393516e-05,-0.6899999976158142,0.0,0.0,-0.30714619159698486,-0.30714619159698486,0.0,0.0,0.4000000059604645,0.0,0.0,0.0,0.4000000059604645,0.0,0.0,0.0,0.4000000059604645,0.0
263,5.26,front_left_arm_to_hand,10,1.5994867086410522,3.9258644335404824e-08,1.600000023841858,0.0,0.0,0.04106520861387253,0.04106520861387253,0.0,0.0,0.4000000059604645,0.0,0.0,0.0,0.4000000059604645,0.0,0.0,0.0,0.4000000059604645,0.0
264,5.28,base_to_front_left_shoulder,2,0.10583900660276413,6.616256541747134e-06,0.10000000149011612,0.0,0.0,-0.4675290286540985,-0.4675290286540985,0.0,0.0,0.4000000059604645,0.0,0.0,0.0,0.4000000059604645,0.0,0.0,0.0,0.4000000059604645,0.0
264,5.28,front_left_shoulder_to_arm,6,-0.6861526370048523,5.4162352171260864e-05,-0.6899999976158142,0.0,0.0,-0.30768242478370667,-0.30768242478370667,0.0,0.0,0.4000000059604645,0.0,0.0,0.0,0.4000000059604645,0.0,0.0,0.0,0.4000000059604645,0.0
264,5.28,front_left_arm_to_hand,10,1.5994867086410522,4.5996422670668835e-08,1.600000023841858,0.0,0.0,0.04106519743800163,0.04106519743800163,0.0,0.0,0.4000000059604645,0.0,0.0,0.0,0.4000000059604645,0.0,0.0,0.0,0.4000000059604645,0.0
265,5.3,base_to_front_left_shoulder,2,0.10586120933294296,1.4963032413106703e-07,0.10000000149011612,0.0,0.0,-0.4691733419895172,-0.4691733419895172,0.0,0.0,0.4000000059604645,0.0,0.0,0.0,0.4000000059604645,0.0,0.0,0.0,0.4000000059604645,0.0
265,5.3,front_left_shoulder_to_arm,6,-0.6862109303474426,1.2437297982614837e-06,-0.6899999976158142,0.0,0.0,-0.30213651061058044,-0.30213651061058044,0.0,0.0,0.4000000059604645,0.0,0.0,0.0,0.4000000059604645,0.0,0.0,0.0,0.4000000059604645,0.0
265,5.3,front_left_arm_to_hand,10,1.5994867086410522,4.86631801521753e-09,1.600000023841858,0.0,0.0,0.041065920144319534,0.041065920144319534,0.0,0.0,0.4000000059604645,0.0,0.0,0.0,0.4000000059604645,0.0,0.0,0.0,0.4000000059604645,0.0
266,5.32,base_to_front_left_shoulder,2,0.10584188252687454,6.6049524320987985e-06,0.10000000149011612,0.0,0.0,-0.4677412211894989,-0.4677412211894989,0.0,0.0,0.4000000059604645,0.0,0.0,0.0,0.4000000059604645,0.0,0.0,0.0,0.4000000059604645,0.0
266,5.32,front_left_shoulder_to_arm,6,-0.6862043142318726,5.412106838775799e-05,-0.6899999976158142,0.0,0.0,-0.3035482168197632,-0.3035482168197632,0.0,0.0,0.4000000059604645,0.0,0.0,0.0,0.4000000059604645,0.0,0.0,0.0,0.4000000059604645,0.0
266,5.32,front_left_arm_to_hand,10,1.5994867086410522,4.1737781231176996e-08,1.600000023841858,0.0,0.0,0.041065193712711334,0.041065193712711334,0.0,0.0,0.4000000059604645,0.0,0.0,0.0,0.4000000059604645,0.0,0.0,0.0,0.4000000059604645,0.0
267,5.34,base_to_front_left_shoulder,2,0.10582245886325836,6.607398063351866e-06,0.10000000149011612,0.0,0.0,-0.46618911623954773,-0.46618911623954773,0.0,0.0,0.4000000059604645,0.0,0.0,0.0,0.4000000059604645,0.0,0.0,0.0,0.4000000059604645,0.0
267,5.34,front_left_shoulder_to_arm,6,-0.6861976385116577,5.41457484359853e-05,-0.6899999976158142,0.0,0.0,-0.3040822744369507,-0.3040822744369507,0.0,0.0,0.4000000059604645,0.0,0.0,0.0,0.4000000059604645,0.0,0.0,0.0,0.4000000059604645,0.0
267,5.34,front_left_arm_to_hand,10,1.5994867086410522,3.6017091531448386e-08,1.600000023841858,0.0,0.0,0.04106519743800163,0.04106519743800163,0.0,0.0,0.4000000059604645,0.0,0.0,0.0,0.4000000059604645,0.0,0.0,0.0,0.4000000059604645,0.0
268,5.36,base_to_front_left_shoulder,2,0.105845145881176,6.61843478155788e-06,0.10000000149011612,0.0,0.0,-0.4680064618587494,-0.4680064618587494,0.0,0.0,0.4000000059604645,0.0,0.0,0.0,0.4000000059604645,0.0,0.0,0.0,0.4000000059604645,0.0
268,5.36,front_left_shoulder_to_arm,6,-0.6861909627914429,5.415483610704541e-05,-0.6899999976158142,0.0,0.0,-0.3046163320541382,-0.3046163320541382,0.0,0.0,0.4000000059604645,0.0,0.0,0.0,0.4000000059604645,0.0,0.0,0.0,0.4000000059604645,0.0
268,5.36,front_left_arm_to_hand,10,1.5994867086410522,4.6014783094960876e-08,1.600000023841858,0.0,0.0,0.04106520116329193,0.04106520116329193,0.0,0.0,0.4000000059604645,0.0,0.0,0.0,0.4000000059604645,0.0,0.0,0.0,0.4000000059604645,0.0
269,5.38,base_to_front_left_shoulder,2,0.10582549124956131,6.6130069171776995e-06,0.10000000149011612,0.0,0.0,-0.4664364755153656,-0.4664364755153656,0.0,0.0,0.4000000059604645,0.0,0.0,0.0,0.4000000059604645,0.0,0.0,0.0,0.4000000059604645,0.0
269,5.38,front_left_shoulder_to_arm,6,-0.686184287071228,5.41484187124297e-05,-0.6899999976158142,0.0,0.0,-0.30515041947364807,-0.30515041947364807,0.0,0.0,0.4000000059604645,0.0,0.0,0.0,0.4000000059604645,0.0,0.0,0.0,0.4000000059604645,0.0
269,5.38,front_left_arm_to_hand,10,1.5994867086410522,3.3072328875505264e-08,1.600000023841858,0.0,0.0,0.041065193712711334,0.041065193712711334,0.0,0.0,0.4000000059604645,0.0,0.0,0.0,0.4000000059604645,0.0,0.0,0.0,0.4000000059604645,0.0
270,5.4,base_to_front_left_shoulder,2,0.10584806650876999,6.609650881728157e-06,0.10000000149011612,0.0,0.0,-0.46824485063552856,-0.46824485063552856,0.0,0.0,0.4000000059604645,0.0,0.0,0.0,0.4000000059604645,0.0,0.0,0.0,0.4000000059604645,0.0
270,5.4,front_left_shoulder_to_arm,6,-0.6861776113510132,5.414605402620509e-05,-0.6899999976158142,0.0,0.0,-0.30568429827690125,-0.30568429827690125,0.0,0.0,0.4000000059604645,0.0,0.0,0.0,0.4000000059604645,0.0,0.0,0.0,0.4000000059604645,0.0
270,5.4,front_left_arm_to_hand,10,1.5994867086410522,3.337678577963743e-08,1.600000023841858,0.0,0.0,0.04106520116329193,0.04106520116329193,0.0,0.0,0.4000000059604645,0.0,0.0,0.0,0.4000000059604645,0.0,0.0,0.0,0.4000000059604645,0.0
271,5.42,base_to_front_left_shoulder,2,0.1058281734585762,6.604838745261077e-06,0.10000000149011612,0.0,0.0,-0.46665582060813904,-0.46665582060813904,0.0,0.0,0.4000000059604645,0.0,0.0,0.0,0.4000000059604645,0.0,0.0,0.0,0.4000000059604645,0.0
271,5.42,front_left_shoulder_to_arm,6,-0.6861709356307983,5.415488703874871e-05,-0.6899999976158142,0.0,0.0,-0.3062185049057007,-0.3062185049057007,0.0,0.0,0.4000000059604645,0.0,0.0,0.0,0.4000000059604645,0.0,0.0,0.0,0.4000000059604645,0.0
271,5.42,front_left_arm_to_hand,10,1.5994867086410522,1.3912863749965254e-08,1.600000023841858,0.0,0.0,0.041065193712711334,0.041065193712711334,0.0,0.0,0.4000000059604645,0.0,0.0,0.0,0.4000000059604645,0.0,0.0,0.0,0.4000000059604645,0.0
272,5.44,base_to_front_left_shoulder,2,0.10585048049688339,6.612120159843471e-06,0.10000000149011612,0.0,0.0,-0.46844273805618286,-0.46844273805618286,0.0,0.0,0.4000000059604645,0.0,0.0,0.0,0.4000000059604645,0.0,0.0,0.0,0.4000000059604645,0.0
272,5.44,front_left_shoulder_to_arm,6,-0.6861643195152283,5.4137919505592436e-05,-0.6899999976158142,0.0,0.0,-0.3067476153373718,-0.3067476153373718,0.0,0.0,0.4000000059604645,0.0,0.0,0.0,0.4000000059604645,0.0,0.0,0.0,0.4000000059604645,0.0
272,5.44,front_left_arm_to_hand,10,1.5994867086410522,4.395546682189888e-08,1.600000023841858,0.0,0.0,0.04106519743800163,0.04106519743800163,0.0,0.0,0.4000000059604645,0.0,0.0,0.0,0.4000000059604645,0.0,0.0,0.0,0.4000000059604645,0.0
273,5.46,base_to_front_left_shoulder,2,0.1058303490281105,6.612021024920978e-06,0.10000000149011612,0.0,0.0,-0.4668346345424652,-0.4668346345424652,0.0,0.0,0.4000000059604645,0.0,0.0,0.0,0.4000000059604645,0.0,0.0,0.0,0.4000000059604645,0.0
273,5.46,front_left_shoulder_to_arm,6,-0.6861576437950134,5.415290070232004e-05,-0.6899999976158142,0.0,0.0,-0.30728188157081604,-0.30728188157081604,0.0,0.0,0.4000000059604645,0.0,0.0,0.0,0.4000000059604645,0.0,0.0,0.0,0.4000000059604645,0.0
273,5.46,front_left_arm_to_hand,10,1.5994867086410522,3.962870209761604e-08,1.600000023841858,0.0,0.0,0.04106519743800163,0.04106519743800163,0.0,0.0,0.4000000059604645,0.0,0.0,0.0,0.4000000059604645,0.0,0.0,0.0,0.4000000059604645,0.0
274,5.48,base_to_front_left_shoulder,2,0.105852410197258,6.6209895521751605e-06,0.10000000149011612,0.0,0.0,-0.46860188245773315,-0.46860188245773315,0.0,0.0,0.4000000059604645,0.0,0.0,0.0,0.4000000059604645,0.0,0.0,0.0,0.4000000059604645,0.0
274,5.48,front_left_shoulder_to_arm,6,-0.6861510276794434,5.415755731519312e-05,-0.6899999976158142,0.0,0.0,-0.3078109920024872,-0.3078109920024872,0.0,0.0,0.4000000059604645,0.0,0.0,0.0,0.4000000059604645,0.0,0.0,0.0,0.4000000059604645,0.0
274,5.48,front_left_arm_to_hand,10,1.5994867086410522,3.653672919767814e-08,1.600000023841858,0.0,0.0,0.04106519743800163,0.04106519743800163,0.0,0.0,0.4000000059604645,0.0,0.0,0.0,0.4000000059604645,0.0,0.0,0.0,0.4000000059604645,0.0
275,5.5,base_to_front_left_shoulder,2,0.1058320626616478,6.615659003728069e-06,0.10000000149011612,0.0,0.0,-0.4669758975505829,-0.4669758975505829,0.0,0.0,0.4000000059604645,0.0,0.0,0.0,0.4000000059604645,0.0,0.0,0.0,0.4000000059604645,0.0
275,5.5,front_left_shoulder_to_arm,6,-0.6861443519592285,5.4163887398317456e-05,-0.6899999976158142,0.0,0.0,-0.308345228433609,-0.308345228433609,0.0,0.0,0.4000000059604645,0.0,0.0,0.0,0.4000000059604645,0.0,0.0,0.0,0.4000000059604645,0.0
275,5.5,front_left_arm_to_hand,10,1.5994867086410522,3.177610352622651e-08,1.600000023841858,0.0,0.0,0.041065189987421036,0.041065189987421036,0.0,0.0,0.4000000059604645,0.0,0.0,0.0,0.4000000059604645,0.0,0.0,0.0,0.4000000059604645,0.0
276,5.5200000000000005,base_to_front_left_shoulder,2,0.10585450381040573,6.4433215811732225e-06,0.10000000149011612,0.0,0.0,-0.46874767541885376,-0.46874767541885376,0.0,0.0,0.4000000059604645,0.0,0.0,0.0,0.4000000059604645,0.0,0.0,0.0,0.4000000059604645,0.0
276,5.5200000000000005,front_left_shoulder_to_arm,6,-0.6862031817436218,5.275510920910165e-05,-0.6899999976158142,0.0,0.0,-0.303617000579834,-0.303617000579834,0.0,0.0,0.4000000059604645,0.0,0.0,0.0,0.4000000059604645,0.0,0.0,0.0,0.4000000059604645,0.0
276,5.5200000000000005,front_left_arm_to_hand,10,1.5994867086410522,4.076181880918739e-08,1.600000023841858,0.0,0.0,0.04106521978974342,0.04106521978974342,0.0,0.0,0.4000000059604645,0.0,0.0,0.0,0.4000000059604645,0.0,0.0,0.0,0.4000000059604645,0.0
277,5.54,base_to_front_left_shoulder,2,0.10583505779504776,6.612695869989693e-06,0.10000000149011612,0.0,0.0,-0.46719762682914734,-0.46719762682914734,0.0,0.0,0.4000000059604645,0.0,0.0,0.0,0.4000000059604645,0.0,0.0,0.0,0.4000000059604645,0.0
277,5.54,front_left_shoulder_to_arm,6,-0.686196506023407,5.413737380877137e-05,-0.6899999976158142,0.0,0.0,-0.3041728734970093,-0.3041728734970093,0.0,0.0,0.4000000059604645,0.0,0.0,0.0,0.4000000059604645,0.0,0.0,0.0,0.4000000059604645,0.0
277,5.54,front_left_arm_to_hand,10,1.5994867086410522,5.131286684445513e-08,1.600000023841858,0.0,0.0,0.041065189987421036,0.041065189987421036,0.0,0.0,0.4000000059604645,0.0,0.0,0.0,0.4000000059604645,0.0,0.0,0.0,0.4000000059604645,0.0
278,5.5600000000000005,base_to_front_left_shoulder,2,0.10585781186819077,4.964588697475847e-06,0.10000000149011612,0.0,0.0,-0.4656347930431366,-0.4656347930431366,0.0,0.0,0.4000000059604645,0.0,0.0,0.0,0.4000000059604645,0.0,0.0,0.0,0.4000000059604645,0.0
278,5.5600000000000005,front_left_shoulder_to_arm,6,-0.6861898303031921,4.024503141408786e-05,-0.6899999976158142,0.0,0.0,-0.3047069311141968,-0.3047069311141968,0.0,0.0,0.4000000059604645,0.0,0.0,0.0,0.4000000059604645,0.0,0.0,0.0,0.4000000059604645,0.0
278,5.5600000000000005,front_left_arm_to_hand,10,1.5994867086410522,3.104509360696284e-08,1.600000023841858,0.0,0.0,0.04106519743800163,0.04106519743800163,0.0,0.0,0.4000000059604645,0.0,0.0,0.0,0.4000000059604645,0.0,0.0,0.0,0.4000000059604645,0.0
279,5.58,base_to_front_left_shoulder,2,0.10583812743425369,6.627472430409398e-06,0.10000000149011612,0.0,0.0,-0.467447966337204,-0.467447966337204,0.0,0.0,0.4000000059604645,0.0,0.0,0.0,0.4000000059604645,0.0,0.0,0.0,0.4000000059604645,0.0
279,5.58,front_left_shoulder_to_arm,6,-0.6861831545829773,5.414734914666042e-05,-0.6899999976158142,0.0,0.0,-0.30524101853370667,-0.30524101853370667,0.0,0.0,0.4000000059604645,0.0,0.0,0.0,0.4000000059604645,0.0,0.0,0.0,0.4000000059604645,0.0
279,5.58,front_left_arm_to_hand,10,1.5994867086410522,2.6866064928299238e-08,1.600000023841858,0.0,0.0,0.04106519743800163,0.04106519743800163,0.0,0.0,0.4000000059604645,0.0,0.0,0.0,0.4000000059604645,0.0,0.0,0.0,0.4000000059604645,0.0
280,5.6000000000000005,base_to_front_left_shoulder,2,0.10586060583591461,4.973910108674318e-06,0.10000000149011612,0.0,0.0,-0.4658660590648651,-0.4658660590648651,0.0,0.0,0.4000000059604645,0.0,0.0,0.0,0.4000000059604645,0.0,0.0,0.0,0.4000000059604645,0.0
280,5.6000000000000005,front_left_shoulder_to_arm,6,-0.6861764788627625,4.026093301945366e-05,-0.6899999976158142,0.0,0.0,-0.30577507615089417,-0.30577507615089417,0.0,0.0,0.4000000059604645,0.0,0.0,0.0,0.4000000059604645,0.0,0.0,0.0,0.4000000059604645,0.0
280,5.6000000000000005,front_left_arm_to_hand,10,1.5994867086410522,1.4657231872661214e-08,1.600000023841858,0.0,0.0,0.041065193712711334,0.041065193712711334,0.0,0.0,0.4000000059604645,0.0,0.0,0.0,0.4000000059604645,0.0,0.0,0.0,0.4000000059604645,0.0
281,5.62,base_to_front_left_shoulder,2,0.10584068298339844,6.616088285227306e-06,0.10000000149011612,0.0,0.0,-0.4676571786403656,-0.4676571786403656,0.0,0.0,0.4000000059604645,0.0,0.0,0.0,0.4000000059604645,0.0,0.0,0.0,0.4000000059604645,0.0
281,5.62,front_left_shoulder_to_arm,6,-0.6861698031425476,5.415968917077407e-05,-0.6899999976158142,0.0,0.0,-0.30630913376808167,-0.30630913376808167,0.0,0.0,0.4000000059604645,0.0,0.0,0.0,0.4000000059604645,0.0,0.0,0.0,0.4000000059604645,0.0
281,5.62,front_left_arm_to_hand,10,1.5994867086410522,3.8266662727437506e-08,1.600000023841858,0.0,0.0,0.04106520488858223,0.04106520488858223,0.0,0.0,0.4000000059604645,0.0,0.0,0.0,0.4000000059604645,0.0,0.0,0.0,0.4000000059604645,0.0
282,5.64,base_to_front_left_shoulder,2,0.10586290061473846,4.978670403943397e-06,0.10000000149011612,0.0,0.0,-0.4660561978816986,-0.4660561978816986,0.0,0.0,0.4000000059604645,0.0,0.0,0.0,0.4000000059604645,0.0,0.0,0.0,0.4000000059604645,0.0
282,5.64,front_left_shoulder_to_arm,6,-0.6861631274223328,4.0280152461491525e-05,-0.6899999976158142,0.0,0.0,-0.30684319138526917,-0.30684319138526917,0.0,0.0,0.4000000059604645,0.0,0.0,0.0,0.4000000059604645,0.0,0.0,0.0,0.4000000059604645,0.0
282,5.64,front_left_arm_to_hand,10,1.5994867086410522,2.834141099583576e-08,1.600000023841858,0.0,0.0,0.041065193712711334,0.041065193712711334,0.0,0.0,0.4000000059604645,0.0,0.0,0.0,0.4000000059604645,0.0,0.0,0.0,0.4000000059604645,0.0
283,5.66,base_to_front_left_shoulder,2,0.10584276169538498,6.615119673369918e-06,0.10000000149011612,0.0,0.0,-0.4678276479244232,-0.4678276479244232,0.0,0.0,0.4000000059604645,0.0,0.0,0.0,0.4000000059604645,0.0,0.0,0.0,0.4000000059604645,0.0
283,5.66,front_left_shoulder_to_arm,6,-0.6861565113067627,5.417224019765854e-05,-0.6899999976158142,0.0,0.0,-0.30737248063087463,-0.30737248063087463,0.0,0.0,0.4000000059604645,0.0,0.0,0.0,0.4000000059604645,0.0,0.0,0.0,0.4000000059604645,0.0
283,5.66,front_left_arm_to_hand,10,1.5994867086410522,3.406461601684896e-08,1.600000023841858,0.0,0.0,0.04106519743800163,0.04106519743800163,0.0,0.0,0.4000000059604645,0.0,0.0,0.0,0.4000000059604645,0.0,0.0,0.0,0.4000000059604645,0.0
284,5.68,base_to_front_left_shoulder,2,0.10586495697498322,-0.00024126702919602394,0.10000000149011612,0.0,0.0,-0.4662099778652191,-0.4662099778652191,0.0,0.0,0.4000000059604645,0.0,0.0,0.0,0.4000000059604645,0.0,0.0,0.0,0.4000000059604645,0.0
284,5.68,front_left_shoulder_to_arm,6,-0.6862130761146545,-0.0019743347074836493,-0.6899999976158142,0.0,0.0,-0.30790653824806213,-0.30790653824806213,0.0,0.0,0.4000000059604645,0.0,0.0,0.0,0.4000000059604645,0.0,0.0,0.0,0.4000000059604645,0.0
284,5.68,front_left_arm_to_hand,10,1.5994867086410522,-1.4079782886255998e-06,1.600000023841858,0.0,0.0,0.04106519743800163,0.04106519743800163,0.0,0.0,0.4000000059604645,0.0,0.0,0.0,0.4000000059604645,0.0,0.0,0.0,0.4000000059604645,0.0
285,5.7,base_to_front_left_shoulder,2,0.10584554821252823,6.61014473735122e-06,0.10000000149011612,0.0,0.0,-0.46803268790245056,-0.46803268790245056,0.0,0.0,0.4000000059604645,0.0,0.0,0.0,0.4000000059604645,0.0,0.0,0.0,0.4000000059604645,0.0
285,5.7,front_left_shoulder_to_arm,6,-0.6862081289291382,5.4147189075592905e-05,-0.6899999976158142,0.0,0.0,-0.3032430410385132,-0.3032430410385132,0.0,0.0,0.4000000059604645,0.0,0.0,0.0,0.4000000059604645,0.0,0.0,0.0,0.4000000059604645,0.0
285,5.7,front_left_arm_to_hand,10,1.5994867086410522,2.86503301083485e-08,1.600000023841858,0.0,0.0,0.04106520488858223,0.04106520488858223,0.0,0.0,0.4000000059604645,0.0,0.0,0.0,0.4000000059604645,0.0,0.0,0.0,0.4000000059604645,0.0
286,5.72,base_to_front_left_shoulder,2,0.10582619160413742,6.6052525653503835e-06,0.10000000149011612,0.0,0.0,-0.46648654341697693,-0.46648654341697693,0.0,0.0,0.4000000059604645,0.0,0.0,0.0,0.4000000059604645,0.0,0.0,0.0,0.4000000059604645,0.0
286,5.72,front_left_shoulder_to_arm,6,-0.6862014532089233,5.414277984527871e-05,-0.6899999976158142,0.0,0.0,-0.3037770986557007,-0.3037770986557007,0.0,0.0,0.4000000059604645,0.0,0.0,0.0,0.4000000059604645,0.0,0.0,0.0,0.4000000059604645,0.0
286,5.72,front_left_arm_to_hand,10,1.5994867086410522,4.2500396091327275e-08,1.600000023841858,0.0,0.0,0.04106519743800163,0.04106519743800163,0.0,0.0,0.4000000059604645,0.0,0.0,0.0,0.4000000059604645,0.0,0.0,0.0,0.4000000059604645,0.0
287,5.74,base_to_front_left_shoulder,2,0.10584896802902222,6.62549336993834e-06,0.10000000149011612,0.0,0.0,-0.46831101179122925,-0.46831101179122925,0.0,0.0,0.4000000059604645,0.0,0.0,0.0,0.4000000059604645,0.0,0.0,0.0,0.4000000059604645,0.0
287,5.74,front_left_shoulder_to_arm,6,-0.6861947774887085,5.414050247054547e-05,-0.6899999976158142,0.0,0.0,-0.30431097745895386,-0.30431097745895386,0.0,0.0,0.4000000059604645,0.0,0.0,0.0,0.4000000059604645,0.0,0.0,0.0,0.4000000059604645,0.0
287,5.74,front_left_arm_to_hand,10,1.5994867086410522,4.541293563420368e-08,1.600000023841858,0.0,0.0,0.04106520116329193,0.04106520116329193,0.0,0.0,0.4000000059604645,0.0,0.0,0.0,0.4000000059604645,0.0,0.0,0.0,0.4000000059604645,0.0
288,5.76,base_to_front_left_shoulder,2,0.10582937300205231,6.624959496548399e-06,0.10000000149011612,0.0,0.0,-0.4667458236217499,-0.4667458236217499,0.0,0.0,0.4000000059604645,0.0,0.0,0.0,0.4000000059604645,0.0,0.0,0.0,0.4000000059604645,0.0
288,5.76,front_left_shoulder_to_arm,6,-0.6861881017684937,5.414485349319875e-05,-0.6899999976158142,0.0,0.0,-0.3048452138900757,-0.3048452138900757,0.0,0.0,0.4000000059604645,0.0,0.0,0.0,0.4000000059604645,0.0,0.0,0.0,0.4000000059604645,0.0
288,5.76,front_left_arm_to_hand,10,1.5994867086410522,3.793739011825892e-08,1.600000023841858,0.0,0.0,0.041065193712711334,0.041065193712711334,0.0,0.0,0.4000000059604645,0.0,0.0,0.0,0.4000000059604645,0.0,0.0,0.0,0.4000000059604645,0.0
289,5.78,base_to_front_left_shoulder,2,0.10585203766822815,6.572056918230373e-06,0.10000000149011612,0.0,0.0,-0.4685605466365814,-0.4685605466365814,0.0,0.0,0.4000000059604645,0.0,0.0,0.0,0.4000000059604645,0.0,0.0,0.0,0.4000000059604645,0.0
289,5.78,front_left_shoulder_to_arm,6,-0.6861814260482788,5.380823859013617e-05,-0.6899999976158142,0.0,0.0,-0.30537232756614685,-0.30537232756614685,0.0,0.0,0.4000000059604645,0.0,0.0,0.0,0.4000000059604645,0.0,0.0,0.0,0.4000000059604645,0.0
289,5.78,front_left_arm_to_hand,10,1.5994867086410522,3.3778487562585724e-08,1.600000023841858,0.0,0.0,0.04106520116329193,0.04106520116329193,0.0,0.0,0.4000000059604645,0.0,0.0,0.0,0.4000000059604645,0.0,0.0,0.0,0.4000000059604645,0.0
290,5.8,base_to_front_left_shoulder,2,0.10583220422267914,6.61707508697873e-06,0.10000000149011612,0.0,0.0,-0.4669770896434784,-0.4669770896434784,0.0,0.0,0.4000000059604645,0.0,0.0,0.0,0.4000000059604645,0.0,0.0,0.0,0.4000000059604645,0.0
290,5.8,front_left_shoulder_to_arm,6,-0.686174750328064,5.4165451729204506e-05,-0.6899999976158142,0.0,0.0,-0.3059133291244507,-0.3059133291244507,0.0,0.0,0.4000000059604645,0.0,0.0,0.0,0.4000000059604645,0.0,0.0,0.0,0.4000000059604645,0.0
290,5.8,front_left_arm_to_hand,10,1.5994867086410522,4.134500031227617e-08,1.600000023841858,0.0,0.0,0.041065193712711334,0.041065193712711334,0.0,0.0,0.4000000059604645,0.0,0.0,0.0,0.4000000059604645,0.0,0.0,0.0,0.4000000059604645,0.0
291,5.82,base_to_front_left_shoulder,2,0.10585460066795349,6.571954145329073e-06,0.10000000149011612,0.0,0.0,-0.4687703549861908,-0.4687703549861908,0.0,0.0,0.4000000059604645,0.0,0.0,0.0,0.4000000059604645,0.0,0.0,0.0,0.4000000059604645,0.0
291,5.82,front_left_shoulder_to_arm,6,-0.6861681342124939,5.378589412430301e-05,-0.6899999976158142,0.0,0.0,-0.30644044280052185,-0.30644044280052185,0.0,0.0,0.4000000059604645,0.0,0.0,0.0,0.4000000059604645,0.0,0.0,0.0,0.4000000059604645,0.0
291,5.82,front_left_arm_to_hand,10,1.5994867086410522,5.196678642960251e-08,1.600000023841858,0.0,0.0,0.04106520116329193,0.04106520116329193,0.0,0.0,0.4000000059604645,0.0,0.0,0.0,0.4000000059604645,0.0,0.0,0.0,0.4000000059604645,0.0
292,5.84,base_to_front_left_shoulder,2,0.10583453625440598,6.615487109229434e-06,0.10000000149011612,0.0,0.0,-0.46716782450675964,-0.46716782450675964,0.0,0.0,0.4000000059604645,0.0,0.0,0.0,0.4000000059604645,0.0,0.0,0.0,0.4000000059604645,0.0
292,5.84,front_left_shoulder_to_arm,6,-0.686161458492279,5.415616760728881e-05,-0.6899999976158142,0.0,0.0,-0.30697667598724365,-0.30697667598724365,0.0,0.0,0.4000000059604645,0.0,0.0,0.0,0.4000000059604645,0.0,0.0,0.0,0.4000000059604645,0.0
292,5.84,front_left_arm_to_hand,10,1.5994867086410522,2.9324549899456542e-08,1.600000023841858,0.0,0.0,0.041065189987421036,0.041065189987421036,0.0,0.0,0.4000000059604645,0.0,0.0,0.0,0.4000000059604645,0.0,0.0,0.0,0.4000000059604645,0.0
293,5.86,base_to_front_left_shoulder,2,0.10585670173168182,6.571614903805312e-06,0.10000000149011612,0.0,0.0,-0.4689426124095917,-0.4689426124095917,0.0,0.0,0.4000000059604645,0.0,0.0,0.0,0.4000000059604645,0.0,0.0,0.0,0.4000000059604645,0.0
293,5.86,front_left_shoulder_to_arm,6,-0.686154842376709,5.380724178394303e-05,-0.6899999976158142,0.0,0.0,-0.3075038194656372,-0.3075038194656372,0.0,0.0,0.4000000059604645,0.0,0.0,0.0,0.4000000059604645,0.0,0.0,0.0,0.4000000059604645,0.0
293,5.86,front_left_arm_to_hand,10,1.5994867086410522,3.883883792354936e-08,1.600000023841858,0.0,0.0,0.04106520116329193,0.04106520116329193,0.0,0.0,0.4000000059604645,0.0,0.0,0.0,0.4000000059604645,0.0,0.0,0.0,0.4000000059604645,0.0
294,5.88,base_to_front_left_shoulder,2,0.105836421251297,6.61076046526432e-06,0.10000000149011612,0.0,0.0,-0.4673233926296234,-0.4673233926296234,0.0,0.0,0.4000000059604645,0.0,0.0,0.0,0.4000000059604645,0.0,0.0,0.0,0.4000000059604645,0.0
294,5.88,front_left_shoulder_to_arm,6,-0.6861481666564941,5.41587796760723e-05,-0.6899999976158142,0.0,0.0,-0.308040052652359,-0.308040052652359,0.0,0.0,0.4000000059604645,0.0,0.0,0.0,0.4000000059604645,0.0,0.0,0.0,0.4000000059604645,0.0
294,5.88,front_left_arm_to_hand,10,1.5994867086410522,2.1578770770247502e-08,1.600000023841858,0.0,0.0,0.04106519743800163,0.04106519743800163,0.0,0.0,0.4000000059604645,0.0,0.0,0.0,0.4000000059604645,0.0,0.0,0.0,0.4000000059604645,0.0
295,5.9,base_to_front_left_shoulder,2,0.10585866123437881,1.2508874647210177e-07,0.10000000149011612,0.0,0.0,-0.4689708352088928,-0.4689708352088928,0.0,0.0,0.4000000059604645,0.0,0.0,0.0,0.4000000059604645,0.0,0.0,0.0,0.4000000059604645,0.0
295,5.9,front_left_shoulder_to_arm,6,-0.6862068176269531,1.058806788023503e-06,-0.6899999976158142,0.0,0.0,-0.302466481924057,-0.302466481924057,0.0,0.0,0.4000000059604645,0.0,0.0,0.0,0.4000000059604645,0.0,0.0,0.0,0.4000000059604645,0.0
295,5.9,front_left_arm_to_hand,10,1.5994867086410522,2.272835253336325e-09,1.600000023841858,0.0,0.0,0.04106592386960983,0.04106592386960983,0.0,0.0,0.4000000059604645,0.0,0.0,0.0,0.4000000059604645,0.0,0.0,0.0,0.4000000059604645,0.0
296,5.92,base_to_front_left_shoulder,2,0.10583927482366562,6.621903594350442e-06,0.10000000149011612,0.0,0.0,-0.46753379702568054,-0.46753379702568054,0.0,0.0,0.4000000059604645,0.0,0.0,0.0,0.4000000059604645,0.0,0.0,0.0,0.4000000059604645,0.0
296,5.92,front_left_shoulder_to_arm,6,-0.6862002015113831,5.414411862147972e-05,-0.6899999976158142,0.0,0.0,-0.30387723445892334,-0.30387723445892334,0.0,0.0,0.4000000059604645,0.0,0.0,0.0,0.4000000059604645,0.0,0.0,0.0,0.4000000059604645,0.0
296,5.92,front_left_arm_to_hand,10,1.5994867086410522,5.05684596419087e-08,1.600000023841858,0.0,0.0,0.04106519743800163,0.04106519743800163,0.0,0.0,0.4000000059604645,0.0,0.0,0.0,0.4000000059604645,0.0,0.0,0.0,0.4000000059604645,0.0
297,5.94,base_to_front_left_shoulder,2,0.10581976920366287,6.608586772927083e-06,0.10000000149011612,0.0,0.0,-0.46597573161125183,-0.46597573161125183,0.0,0.0,0.4000000059604645,0.0,0.0,0.0,0.4000000059604645,0.0,0.0,0.0,0.4000000059604645,0.0
297,5.94,front_left_shoulder_to_arm,6,-0.6861935257911682,5.413509643403813e-05,-0.6899999976158142,0.0,0.0,-0.30441129207611084,-0.30441129207611084,0.0,0.0,0.4000000059604645,0.0,0.0,0.0,0.4000000059604645,0.0,0.0,0.0,0.4000000059604645,0.0
297,5.94,front_left_arm_to_hand,10,1.5994867086410522,4.786019403013597e-08,1.600000023841858,0.0,0.0,0.04106519743800163,0.04106519743800163,0.0,0.0,0.4000000059604645,0.0,0.0,0.0,0.4000000059604645,0.0,0.0,0.0,0.4000000059604645,0.0
298,5.96,base_to_front_left_shoulder,2,0.1058424785733223,6.611511707887985e-06,0.10000000149011612,0.0,0.0,-0.46779486536979675,-0.46779486536979675,0.0,0.0,0.4000000059604645,0.0,0.0,0.0,0.4000000059604645,0.0,0.0,0.0,0.4000000059604645,0.0
298,5.96,front_left_shoulder_to_arm,6,-0.6861868500709534,5.414598126662895e-05,-0.6899999976158142,0.0,0.0,-0.30494534969329834,-0.30494534969329834,0.0,0.0,0.4000000059604645,0.0,0.0,0.0,0.4000000059604645,0.0,0.0,0.0,0.4000000059604645,0.0
298,5.96,front_left_arm_to_hand,10,1.5994867086410522,4.637786688022061e-08,1.600000023841858,0.0,0.0,0.041065193712711334,0.041065193712711334,0.0,0.0,0.4000000059604645,0.0,0.0,0.0,0.4000000059604645,0.0,0.0,0.0,0.4000000059604645,0.0
299,5.98,base_to_front_left_shoulder,2,0.10582273453474045,6.613655386900064e-06,0.10000000149011612,0.0,0.0,-0.4662177264690399,-0.4662177264690399,0.0,0.0,0.4000000059604645,0.0,0.0,0.0,0.4000000059604645,0.0,0.0,0.0,0.4000000059604645,0.0
299,5.98,front_left_shoulder_to_arm,6,-0.6861801743507385,5.4157870181370527e-05,-0.6899999976158142,0.0,0.0,-0.3054794371128082,-0.3054794371128082,0.0,0.0,0.4000000059604645,0.0,0.0,0.0,0.4000000059604645,0.0,0.0,0.0,0.4000000059604645,0.0
299,5.98,front_left_arm_to_hand,10,1.5994867086410522,3.774675505496816e-08,1.600000023841858,0.0,0.0,0.04106519743800163,0.04106519743800163,0.0,0.0,0.4000000059604645,0.0,0.0,0.0,0.4000000059604645,0.0,0.0,0.0,0.4000000059604645,0.0
300,6.0,base_to_front_left_shoulder,2,0.10584517568349838,6.616800419578794e-06,0.10000000149011612,0.0,0.0,-0.46801480650901794,-0.46801480650901794,0.0,0.0,0.4000000059604645,0.0,0.0,0.0,0.4000000059604645,0.0,0.0,0.0,0.4000000059604645,0.0
300,6.0,front_left_shoulder_to_arm,6,-0.6861734986305237,5.414905899669975e-05,-0.6899999976158142,0.0,0.0,-0.30601346492767334,-0.30601346492767334,0.0,0.0,0.4000000059604645,0.0,0.0,0.0,0.4000000059604645,0.0,0.0,0.0,0.4000000059604645,0.0
300,6.0,front_left_arm_to_hand,10,1.5994867086410522,4.51585719929426e-08,1.600000023841858,0.0,0.0,0.041065189987421036,0.041065189987421036,0.0,0.0,0.4000000059604645,0.0,0.0,0.0,0.4000000059604645,0.0,0.0,0.0,0.4000000059604645,0.0
301,6.0200000000000005,base_to_front_left_shoulder,2,0.10582522302865982,6.605618182220496e-06,0.10000000149011612,0.0,0.0,-0.466420978307724,-0.466420978307724,0.0,0.0,0.4000000059604645,0.0,0.0,0.0,0.4000000059604645,0.0,0.0,0.0,0.4000000059604645,0.0
301,6.0200000000000005,front_left_shoulder_to_arm,6,-0.6861668229103088,5.415987106971443e-05,-0.6899999976158142,0.0,0.0,-0.3065475523471832,-0.3065475523471832,0.0,0.0,0.4000000059604645,0.0,0.0,0.0,0.4000000059604645,0.0,0.0,0.0,0.4000000059604645,0.0
301,6.0200000000000005,front_left_arm_to_hand,10,1.5994867086410522,3.6307355344433745e-08,1.600000023841858,0.0,0.0,0.04106520116329193,0.04106520116329193,0.0,0.0,0.4000000059604645,0.0,0.0,0.0,0.4000000059604645,0.0,0.0,0.0,0.4000000059604645,0.0
302,6.04,base_to_front_left_shoulder,2,0.10584741085767746,6.607537216041237e-06,0.10000000149011612,0.0,0.0,-0.46819838881492615,-0.46819838881492615,0.0,0.0,0.4000000059604645,0.0,0.0,0.0,0.4000000059604645,0.0,0.0,0.0,0.4000000059604645,0.0
302,6.04,front_left_shoulder_to_arm,6,-0.6861602067947388,5.416917701950297e-05,-0.6899999976158142,0.0,0.0,-0.3070768415927887,-0.3070768415927887,0.0,0.0,0.4000000059604645,0.0,0.0,0.0,0.4000000059604645,0.0,0.0,0.0,0.4000000059604645,0.0
302,6.04,front_left_arm_to_hand,10,1.5994867086410522,2.8493815307228942e-08,1.600000023841858,0.0,0.0,0.04106520116329193,0.04106520116329193,0.0,0.0,0.4000000059604645,0.0,0.0,0.0,0.4000000059604645,0.0,0.0,0.0,0.4000000059604645,0.0
303,6.0600000000000005,base_to_front_left_shoulder,2,0.1058272197842598,6.612278411921579e-06,0.10000000149011612,0.0,0.0,-0.4665854871273041,-0.4665854871273041,0.0,0.0,0.4000000059604645,0.0,0.0,0.0,0.4000000059604645,0.0,0.0,0.0,0.4000000059604645,0.0
303,6.0600000000000005,front_left_shoulder_to_arm,6,-0.6861535310745239,5.416530621005222e-05,-0.6899999976158142,0.0,0.0,-0.3076108992099762,-0.3076108992099762,0.0,0.0,0.4000000059604645,0.0,0.0,0.0,0.4000000059604645,0.0,0.0,0.0,0.4000000059604645,0.0
303,6.0600000000000005,front_left_arm_to_hand,10,1.5994867086410522,3.743588550264576e-08,1.600000023841858,0.0,0.0,0.041065193712711334,0.041065193712711334,0.0,0.0,0.4000000059604645,0.0,0.0,0.0,0.4000000059604645,0.0,0.0,0.0,0.4000000059604645,0.0
304,6.08,base_to_front_left_shoulder,2,0.10584915429353714,6.616594873776194e-06,0.10000000149011612,0.0,0.0,-0.4683426320552826,-0.4683426320552826,0.0,0.0,0.4000000059604645,0.0,0.0,0.0,0.4000000059604645,0.0,0.0,0.0,0.4000000059604645,0.0
304,6.08,front_left_shoulder_to_arm,6,-0.6861469149589539,5.416864587459713e-05,-0.6899999976158142,0.0,0.0,-0.30814018845558167,-0.30814018845558167,0.0,0.0,0.4000000059604645,0.0,0.0,0.0,0.4000000059604645,0.0,0.0,0.0,0.4000000059604645,0.0
304,6.08,front_left_arm_to_hand,10,1.5994867086410522,4.2300793978711226e-08,1.600000023841858,0.0,0.0,0.04106519743800163,0.04106519743800163,0.0,0.0,0.4000000059604645,0.0,0.0,0.0,0.4000000059604645,0.0,0.0,0.0,0.4000000059604645,0.0
305,6.1000000000000005,base_to_front_left_shoulder,2,0.10582870990037918,6.6046441133948974e-06,0.10000000149011612,0.0,0.0,-0.46671006083488464,-0.46671006083488464,0.0,0.0,0.4000000059604645,0.0,0.0,0.0,0.4000000059604645,0.0,0.0,0.0,0.4000000059604645,0.0
305,6.1000000000000005,front_left_shoulder_to_arm,6,-0.686140239238739,5.4160249419510365e-05,-0.6899999976158142,0.0,0.0,-0.30867424607276917,-0.30867424607276917,0.0,0.0,0.4000000059604645,0.0,0.0,0.0,0.4000000059604645,0.0,0.0,0.0,0.4000000059604645,0.0
305,6.1000000000000005,front_left_arm_to_hand,10,1.5994867086410522,3.818242433339947e-08,1.600000023841858,0.0,0.0,0.04106520861387253,0.04106520861387253,0.0,0.0,0.4000000059604645,0.0,0.0,0.0,0.4000000059604645,0.0,0.0,0.0,0.4000000059604645,0.0
306,6.12,base_to_front_left_shoulder,2,0.10585131496191025,6.59681700199144e-06,0.10000000149011612,0.0,0.0,-0.46849751472473145,-0.46849751472473145,0.0,0.0,0.4000000059604645,0.0,0.0,0.0,0.4000000059604645,0.0,0.0,0.0,0.4000000059604645,0.0
306,6.12,front_left_shoulder_to_arm,6,-0.6861991882324219,5.410704034147784e-05,-0.6899999976158142,0.0,0.0,-0.30395761132240295,-0.30395761132240295,0.0,0.0,0.4000000059604645,0.0,0.0,0.0,0.4000000059604645,0.0,0.0,0.0,0.4000000059604645,0.0
306,6.12,front_left_arm_to_hand,10,1.5994867086410522,3.5590240088367864e-08,1.600000023841858,0.0,0.0,0.04106519743800163,0.04106519743800163,0.0,0.0,0.4000000059604645,0.0,0.0,0.0,0.4000000059604645,0.0,0.0,0.0,0.4000000059604645,0.0
307,6.140000000000001,base_to_front_left_shoulder,2,0.1058318093419075,6.606824172195047e-06,0.10000000149011612,0.0,0.0,-0.46693894267082214,-0.46693894267082214,0.0,0.0,0.4000000059604645,0.0,0.0,0.0,0.4000000059604645,0.0,0.0,0.0,0.4000000059604645,0.0
307,6.140000000000001,front_left_shoulder_to_arm,6,-0.686192512512207,5.4149379138834774e-05,-0.6899999976158142,0.0,0.0,-0.30449238419532776,-0.30449238419532776,0.0,0.0,0.4000000059604645,0.0,0.0,0.0,0.4000000059604645,0.0,0.0,0.0,0.4000000059604645,0.0
307,6.140000000000001,front_left_arm_to_hand,10,1.5994867086410522,4.0861287686766445e-08,1.600000023841858,0.0,0.0,0.04106519743800163,0.04106519743800163,0.0,0.0,0.4000000059604645,0.0,0.0,0.0,0.4000000059604645,0.0,0.0,0.0,0.4000000059604645,0.0
308,6.16,base_to_front_left_shoulder,2,0.10585445910692215,6.57677992421668e-06,0.10000000149011612,0.0,0.0,-0.4687524735927582,-0.4687524735927582,0.0,0.0,0.4000000059604645,0.0,0.0,0.0,0.4000000059604645,0.0,0.0,0.0,0.4000000059604645,0.0
308,6.16,front_left_shoulder_to_arm,6,-0.6861858367919922,5.3788069635629654e-05,-0.6899999976158142,0.0,0.0,-0.30501946806907654,-0.30501946806907654,0.0,0.0,0.4000000059604645,0.0,0.0,0.0,0.4000000059604645,0.0,0.0,0.0,0.4000000059604645,0.0
308,6.16,front_left_arm_to_hand,10,1.5994867086410522,4.449352175583954e-08,1.600000023841858,0.0,0.0,0.04106519743800163,0.04106519743800163,0.0,0.0,0.4000000059604645,0.0,0.0,0.0,0.4000000059604645,0.0,0.0,0.0,0.4000000059604645,0.0
309,6.18,base_to_front_left_shoulder,2,0.1058347150683403,6.616658538405318e-06,0.10000000149011612,0.0,0.0,-0.4671761691570282,-0.4671761691570282,0.0,0.0,0.4000000059604645,0.0,0.0,0.0,0.4000000059604645,0.0,0.0,0.0,0.4000000059604645,0.0
309,6.18,front_left_shoulder_to_arm,6,-0.6861791610717773,5.4146075854077935e-05,-0.6899999976158142,0.0,0.0,-0.30556049942970276,-0.30556049942970276,0.0,0.0,0.4000000059604645,0.0,0.0,0.0,0.4000000059604645,0.0,0.0,0.0,0.4000000059604645,0.0
309,6.18,front_left_arm_to_hand,10,1.5994867086410522,4.996685731839534e-08,1.600000023841858,0.0,0.0,0.04106520116329193,0.04106520116329193,0.0,0.0,0.4000000059604645,0.0,0.0,0.0,0.4000000059604645,0.0,0.0,0.0,0.4000000059604645,0.0
310,6.2,base_to_front_left_shoulder,2,0.10585708916187286,6.568547178176232e-06,0.10000000149011612,0.0,0.0,-0.46896764636039734,-0.46896764636039734,0.0,0.0,0.4000000059604645,0.0,0.0,0.0,0.4000000059604645,0.0,0.0,0.0,0.4000000059604645,0.0
310,6.2,front_left_shoulder_to_arm,6,-0.6861724853515625,5.378647620091215e-05,-0.6899999976158142,0.0,0.0,-0.3060876131057739,-0.3060876131057739,0.0,0.0,0.4000000059604645,0.0,0.0,0.0,0.4000000059604645,0.0,0.0,0.0,0.4000000059604645,0.0
310,6.2,front_left_arm_to_hand,10,1.5994867086410522,4.199884884314997e-08,1.600000023841858,0.0,0.0,0.04106520116329193,0.04106520116329193,0.0,0.0,0.4000000059604645,0.0,0.0,0.0,0.4000000059604645,0.0,0.0,0.0,0.4000000059604645,0.0
311,6.22,base_to_front_left_shoulder,2,0.10583710670471191,6.630953066633083e-06,0.10000000149011612,0.0,0.0,-0.46737226843833923,-0.46737226843833923,0.0,0.0,0.4000000059604645,0.0,0.0,0.0,0.4000000059604645,0.0,0.0,0.0,0.4000000059604645,0.0
311,6.22,front_left_shoulder_to_arm,6,-0.6861658096313477,5.416342173703015e-05,-0.6899999976158142,0.0,0.0,-0.30662861466407776,-0.30662861466407776,0.0,0.0,0.4000000059604645,0.0,0.0,0.0,0.4000000059604645,0.0,0.0,0.0,0.4000000059604645,0.0
311,6.22,front_left_arm_to_hand,10,1.5994867086410522,3.970604467440353e-08,1.600000023841858,0.0,0.0,0.041065193712711334,0.041065193712711334,0.0,0.0,0.4000000059604645,0.0,0.0,0.0,0.4000000059604645,0.0,0.0,0.0,0.4000000059604645,0.0
312,6.24,base_to_front_left_shoulder,2,0.10585922002792358,6.567950549651869e-06,0.10000000149011612,0.0,0.0,-0.4691429138183594,-0.4691429138183594,0.0,0.0,0.4000000059604645,0.0,0.0,0.0,0.4000000059604645,0.0,0.0,0.0,0.4000000059604645,0.0
312,6.24,front_left_shoulder_to_arm,6,-0.6861591935157776,5.379530193749815e-05,-0.6899999976158142,0.0,0.0,-0.3071557283401489,-0.3071557283401489,0.0,0.0,0.4000000059604645,0.0,0.0,0.0,0.4000000059604645,0.0,0.0,0.0,0.4000000059604645,0.0
312,6.24,front_left_arm_to_hand,10,1.5994867086410522,3.91542265276712e-08,1.600000023841858,0.0,0.0,0.04106520116329193,0.04106520116329193,0.0,0.0,0.4000000059604645,0.0,0.0,0.0,0.4000000059604645,0.0,0.0,0.0,0.4000000059604645,0.0
313,6.26,base_to_front_left_shoulder,2,0.10583899915218353,6.616235623368993e-06,0.10000000149011612,0.0,0.0,-0.46752843260765076,-0.46752843260765076,0.0,0.0,0.4000000059604645,0.0,0.0,0.0,0.4000000059604645,0.0,0.0,0.0,0.4000000059604645,0.0
313,6.26,front_left_shoulder_to_arm,6,-0.6861525177955627,5.4164913308341056e-05,-0.6899999976158142,0.0,0.0,-0.3076919615268707,-0.3076919615268707,0.0,0.0,0.4000000059604645,0.0,0.0,0.0,0.4000000059604645,0.0,0.0,0.0,0.4000000059604645,0.0
313,6.26,front_left_arm_to_hand,10,1.5994867086410522,3.7245044381961634e-08,1.600000023841858,0.0,0.0,0.041065193712711334,0.041065193712711334,0.0,0.0,0.4000000059604645,0.0,0.0,0.0,0.4000000059604645,0.0,0.0,0.0,0.4000000059604645,0.0
314,6.28,base_to_front_left_shoulder,2,0.10586120188236237,1.543880614462978e-07,0.10000000149011612,0.0,0.0,-0.46917274594306946,-0.46917274594306946,0.0,0.0,0.4000000059604645,0.0,0.0,0.0,0.4000000059604645,0.0,0.0,0.0,0.4000000059604645,0.0
314,6.28,front_left_shoulder_to_arm,6,-0.6862108111381531,1.2359588481558603e-06,-0.6899999976158142,0.0,0.0,-0.30214595794677734,-0.30214595794677734,0.0,0.0,0.4000000059604645,0.0,0.0,0.0,0.4000000059604645,0.0,0.0,0.0,0.4000000059604645,0.0
314,6.28,front_left_arm_to_hand,10,1.5994867086410522,-1.7886907510700212e-09,1.600000023841858,0.0,0.0,0.041065920144319534,0.041065920144319534,0.0,0.0,0.4000000059604645,0.0,0.0,0.0,0.4000000059604645,0.0,0.0,0.0,0.4000000059604645,0.0
315,6.3,base_to_front_left_shoulder,2,0.10584187507629395,6.62280035612639e-06,0.10000000149011612,0.0,0.0,-0.46774062514305115,-0.46774062514305115,0.0,0.0,0.4000000059604645,0.0,0.0,0.0,0.4000000059604645,0.0,0.0,0.0,0.4000000059604645,0.0
315,6.3,front_left_shoulder_to_arm,6,-0.686204195022583,5.4149364586919546e-05,-0.6899999976158142,0.0,0.0,-0.30355775356292725,-0.30355775356292725,0.0,0.0,0.4000000059604645,0.0,0.0,0.0,0.4000000059604645,0.0,0.0,0.0,0.4000000059604645,0.0
315,6.3,front_left_arm_to_hand,10,1.5994867086410522,3.009449045521251e-08,1.600000023841858,0.0,0.0,0.04106520116329193,0.04106520116329193,0.0,0.0,0.4000000059604645,0.0,0.0,0.0,0.4000000059604645,0.0,0.0,0.0,0.4000000059604645,0.0
316,6.32,base_to_front_left_shoulder,2,0.10582243651151657,6.6099228206439875e-06,0.10000000149011612,0.0,0.0,-0.46618732810020447,-0.46618732810020447,0.0,0.0,0.4000000059604645,0.0,0.0,0.0,0.4000000059604645,0.0,0.0,0.0,0.4000000059604645,0.0
316,6.32,front_left_shoulder_to_arm,6,-0.6861975193023682,5.4138457926455885e-05,-0.6899999976158142,0.0,0.0,-0.30409181118011475,-0.30409181118011475,0.0,0.0,0.4000000059604645,0.0,0.0,0.0,0.4000000059604645,0.0,0.0,0.0,0.4000000059604645,0.0
316,6.32,front_left_arm_to_hand,10,1.5994867086410522,3.061645514890188e-08,1.600000023841858,0.0,0.0,0.04106518626213074,0.04106518626213074,0.0,0.0,0.4000000059604645,0.0,0.0,0.0,0.4000000059604645,0.0,0.0,0.0,0.4000000059604645,0.0
317,6.34,base_to_front_left_shoulder,2,0.10584511607885361,6.616759492317215e-06,0.10000000149011612,0.0,0.0,-0.4680040776729584,-0.4680040776729584,0.0,0.0,0.4000000059604645,0.0,0.0,0.0,0.4000000059604645,0.0,0.0,0.0,0.4000000059604645,0.0
317,6.34,front_left_shoulder_to_arm,6,-0.6861908435821533,5.4164374887477607e-05,-0.6899999976158142,0.0,0.0,-0.30462586879730225,-0.30462586879730225,0.0,0.0,0.4000000059604645,0.0,0.0,0.0,0.4000000059604645,0.0,0.0,0.0,0.4000000059604645,0.0
317,6.34,front_left_arm_to_hand,10,1.5994867086410522,2.8407615815240206e-08,1.600000023841858,0.0,0.0,0.04106519743800163,0.04106519743800163,0.0,0.0,0.4000000059604645,0.0,0.0,0.0,0.4000000059604645,0.0,0.0,0.0,0.4000000059604645,0.0
318,6.36,base_to_front_left_shoulder,2,0.10582546144723892,6.615173333557323e-06,0.10000000149011612,0.0,0.0,-0.4664340913295746,-0.4664340913295746,0.0,0.0,0.4000000059604645,0.0,0.0,0.0,0.4000000059604645,0.0,0.0,0.0,0.4000000059604645,0.0
318,6.36,front_left_shoulder_to_arm,6,-0.6861841678619385,5.4130738135427237e-05,-0.6899999976158142,0.0,0.0,-0.30515995621681213,-0.30515995621681213,0.0,0.0,0.4000000059604645,0.0,0.0,0.0,0.4000000059604645,0.0,0.0,0.0,0.4000000059604645,0.0
318,6.36,front_left_arm_to_hand,10,1.5994867086410522,4.208249038128997e-08,1.600000023841858,0.0,0.0,0.04106520116329193,0.04106520116329193,0.0,0.0,0.4000000059604645,0.0,0.0,0.0,0.4000000059604645,0.0,0.0,0.0,0.4000000059604645,0.0
319,6.38,base_to_front_left_shoulder,2,0.1058480367064476,6.607750037801452e-06,0.10000000149011612,0.0,0.0,-0.46824246644973755,-0.46824246644973755,0.0,0.0,0.4000000059604645,0.0,0.0,0.0,0.4000000059604645,0.0,0.0,0.0,0.4000000059604645,0.0
319,6.38,front_left_shoulder_to_arm,6,-0.6861774921417236,5.414110637502745e-05,-0.6899999976158142,0.0,0.0,-0.3056938052177429,-0.3056938052177429,0.0,0.0,0.4000000059604645,0.0,0.0,0.0,0.4000000059604645,0.0,0.0,0.0,0.4000000059604645,0.0
319,6.38,front_left_arm_to_hand,10,1.5994867086410522,4.243691265060079e-08,1.600000023841858,0.0,0.0,0.041065189987421036,0.041065189987421036,0.0,0.0,0.4000000059604645,0.0,0.0,0.0,0.4000000059604645,0.0,0.0,0.0,0.4000000059604645,0.0
320,6.4,base_to_front_left_shoulder,2,0.10582814365625381,6.619399755436461e-06,0.10000000149011612,0.0,0.0,-0.466653436422348,-0.466653436422348,0.0,0.0,0.4000000059604645,0.0,0.0,0.0,0.4000000059604645,0.0,0.0,0.0,0.4000000059604645,0.0
320,6.4,front_left_shoulder_to_arm,6,-0.6861708164215088,5.4146621550899e-05,-0.6899999976158142,0.0,0.0,-0.30622804164886475,-0.30622804164886475,0.0,0.0,0.4000000059604645,0.0,0.0,0.0,0.4000000059604645,0.0,0.0,0.0,0.4000000059604645,0.0
320,6.4,front_left_arm_to_hand,10,1.5994867086410522,4.163763378528529e-08,1.600000023841858,0.0,0.0,0.04106520488858223,0.04106520488858223,0.0,0.0,0.4000000059604645,0.0,0.0,0.0,0.4000000059604645,0.0,0.0,0.0,0.4000000059604645,0.0
321,6.42,base_to_front_left_shoulder,2,0.1058504581451416,6.626899448747281e-06,0.10000000149011612,0.0,0.0,-0.4684409499168396,-0.4684409499168396,0.0,0.0,0.4000000059604645,0.0,0.0,0.0,0.4000000059604645,0.0,0.0,0.0,0.4000000059604645,0.0
321,6.42,front_left_shoulder_to_arm,6,-0.6861642003059387,5.415098712546751e-05,-0.6899999976158142,0.0,0.0,-0.3067571520805359,-0.3067571520805359,0.0,0.0,0.4000000059604645,0.0,0.0,0.0,0.4000000059604645,0.0,0.0,0.0,0.4000000059604645,0.0
321,6.42,front_left_arm_to_hand,10,1.5994867086410522,3.9474201685152366e-08,1.600000023841858,0.0,0.0,0.04106520116329193,0.04106520116329193,0.0,0.0,0.4000000059604645,0.0,0.0,0.0,0.4000000059604645,0.0,0.0,0.0,0.4000000059604645,0.0
322,6.44,base_to_front_left_shoulder,2,0.10583032667636871,6.6095190049964e-06,0.10000000149011612,0.0,0.0,-0.46683284640312195,-0.46683284640312195,0.0,0.0,0.4000000059604645,0.0,0.0,0.0,0.4000000059604645,0.0,0.0,0.0,0.4000000059604645,0.0
322,6.44,front_left_shoulder_to_arm,6,-0.6861575245857239,5.4164927860256284e-05,-0.6899999976158142,0.0,0.0,-0.3072914183139801,-0.3072914183139801,0.0,0.0,0.4000000059604645,0.0,0.0,0.0,0.4000000059604645,0.0,0.0,0.0,0.4000000059604645,0.0
322,6.44,front_left_arm_to_hand,10,1.5994867086410522,3.217357047446967e-08,1.600000023841858,0.0,0.0,0.04106520488858223,0.04106520488858223,0.0,0.0,0.4000000059604645,0.0,0.0,0.0,0.4000000059604645,0.0,0.0,0.0,0.4000000059604645,0.0
323,6.46,base_to_front_left_shoulder,2,0.1058523878455162,6.6210095610585995e-06,0.10000000149011612,0.0,0.0,-0.4686000943183899,-0.4686000943183899,0.0,0.0,0.4000000059604645,0.0,0.0,0.0,0.4000000059604645,0.0,0.0,0.0,0.4000000059604645,0.0
323,6.46,front_left_shoulder_to_arm,6,-0.6861509084701538,5.414556653704494e-05,-0.6899999976158142,0.0,0.0,-0.30782052874565125,-0.30782052874565125,0.0,0.0,0.4000000059604645,0.0,0.0,0.0,0.4000000059604645,0.0,0.0,0.0,0.4000000059604645,0.0
323,6.46,front_left_arm_to_hand,10,1.5994867086410522,4.438232892312044e-08,1.600000023841858,0.0,0.0,0.041065193712711334,0.041065193712711334,0.0,0.0,0.4000000059604645,0.0,0.0,0.0,0.4000000059604645,0.0,0.0,0.0,0.4000000059604645,0.0
324,6.48,base_to_front_left_shoulder,2,0.10583201795816422,6.6072034314856865e-06,0.10000000149011612,0.0,0.0,-0.4669729173183441,-0.4669729173183441,0.0,0.0,0.4000000059604645,0.0,0.0,0.0,0.4000000059604645,0.0,0.0,0.0,0.4000000059604645,0.0
324,6.48,front_left_shoulder_to_arm,6,-0.686144232749939,5.417109787231311e-05,-0.6899999976158142,0.0,0.0,-0.30835476517677307,-0.30835476517677307,0.0,0.0,0.4000000059604645,0.0,0.0,0.0,0.4000000059604645,0.0,0.0,0.0,0.4000000059604645,0.0
324,6.48,front_left_arm_to_hand,10,1.5994867086410522,4.5465306186542875e-08,1.600000023841858,0.0,0.0,0.041065193712711334,0.041065193712711334,0.0,0.0,0.4000000059604645,0.0,0.0,0.0,0.4000000059604645,0.0,0.0,0.0,0.4000000059604645,0.0
325,6.5,base_to_front_left_shoulder,2,0.10585445165634155,6.458019015553873e-06,0.10000000149011612,0.0,0.0,-0.46874409914016724,-0.46874409914016724,0.0,0.0,0.4000000059604645,0.0,0.0,0.0,0.4000000059604645,0.0,0.0,0.0,0.4000000059604645,0.0
325,6.5,front_left_shoulder_to_arm,6,-0.6862030625343323,5.277373566059396e-05,-0.6899999976158142,0.0,0.0,-0.30362653732299805,-0.30362653732299805,0.0,0.0,0.4000000059604645,0.0,0.0,0.0,0.4000000059604645,0.0,0.0,0.0,0.4000000059604645,0.0
325,6.5,front_left_arm_to_hand,10,1.5994867086410522,3.2012465567277104e-08,1.600000023841858,0.0,0.0,0.04106521233916283,0.04106521233916283,0.0,0.0,0.4000000059604645,0.0,0.0,0.0,0.4000000059604645,0.0,0.0,0.0,0.4000000059604645,0.0
326,6.5200000000000005,base_to_front_left_shoulder,2,0.10583500564098358,6.61085778119741e-06,0.10000000149011612,0.0,0.0,-0.46719345450401306,-0.46719345450401306,0.0,0.0,0.4000000059604645,0.0,0.0,0.0,0.4000000059604645,0.0,0.0,0.0,0.4000000059604645,0.0
326,6.5200000000000005,front_left_shoulder_to_arm,6,-0.6861963868141174,5.4154807003214955e-05,-0.6899999976158142,0.0,0.0,-0.30418241024017334,-0.30418241024017334,0.0,0.0,0.4000000059604645,0.0,0.0,0.0,0.4000000059604645,0.0,0.0,0.0,0.4000000059604645,0.0
326,6.5200000000000005,front_left_arm_to_hand,10,1.5994867086410522,3.61778873525509e-08,1.600000023841858,0.0,0.0,0.04106520116329193,0.04106520116329193,0.0,0.0,0.4000000059604645,0.0,0.0,0.0,0.4000000059604645,0.0,0.0,0.0,0.4000000059604645,0.0
327,6.54,base_to_front_left_shoulder,2,0.10585775971412659,4.9772870625020005e-06,0.10000000149011612,0.0,0.0,-0.4656306207180023,-0.4656306207180023,0.0,0.0,0.4000000059604645,0.0,0.0,0.0,0.4000000059604645,0.0,0.0,0.0,0.4000000059604645,0.0
327,6.54,front_left_shoulder_to_arm,6,-0.6861897110939026,4.0252543840324506e-05,-0.6899999976158142,0.0,0.0,-0.30471646785736084,-0.30471646785736084,0.0,0.0,0.4000000059604645,0.0,0.0,0.0,0.4000000059604645,0.0,0.0,0.0,0.4000000059604645,0.0
327,6.54,front_left_arm_to_hand,10,1.5994867086410522,1.7744369529282267e-08,1.600000023841858,0.0,0.0,0.041065193712711334,0.041065193712711334,0.0,0.0,0.4000000059604645,0.0,0.0,0.0,0.4000000059604645,0.0,0.0,0.0,0.4000000059604645,0.0
328,6.5600000000000005,base_to_front_left_shoulder,2,0.10583807528018951,6.604956979572307e-06,0.10000000149011612,0.0,0.0,-0.4674437940120697,-0.4674437940120697,0.0,0.0,0.4000000059604645,0.0,0.0,0.0,0.4000000059604645,0.0,0.0,0.0,0.4000000059604645,0.0
328,6.5600000000000005,front_left_shoulder_to_arm,6,-0.6861830353736877,5.4137708502821624e-05,-0.6899999976158142,0.0,0.0,-0.30525052547454834,-0.30525052547454834,0.0,0.0,0.4000000059604645,0.0,0.0,0.0,0.4000000059604645,0.0,0.0,0.0,0.4000000059604645,0.0
328,6.5600000000000005,front_left_arm_to_hand,10,1.5994867086410522,5.02961015058645e-08,1.600000023841858,0.0,0.0,0.04106520116329193,0.04106520116329193,0.0,0.0,0.4000000059604645,0.0,0.0,0.0,0.4000000059604645,0.0,0.0,0.0,0.4000000059604645,0.0
329,6.58,base_to_front_left_shoulder,2,0.10586055368185043,4.970928785041906e-06,0.10000000149011612,0.0,0.0,-0.46586188673973083,-0.46586188673973083,0.0,0.0,0.4000000059604645,0.0,0.0,0.0,0.4000000059604645,0.0,0.0,0.0,0.4000000059604645,0.0
329,6.58,front_left_shoulder_to_arm,6,-0.6861763596534729,4.025057205581106e-05,-0.6899999976158142,0.0,0.0,-0.30578458309173584,-0.30578458309173584,0.0,0.0,0.4000000059604645,0.0,0.0,0.0,0.4000000059604645,0.0,0.0,0.0,0.4000000059604645,0.0
329,6.58,front_left_arm_to_hand,10,1.5994867086410522,2.7388136203398972e-08,1.600000023841858,0.0,0.0,0.041065193712711334,0.041065193712711334,0.0,0.0,0.4000000059604645,0.0,0.0,0.0,0.4000000059604645,0.0,0.0,0.0,0.4000000059604645,0.0
330,6.6000000000000005,base_to_front_left_shoulder,2,0.10584063082933426,6.62233833281789e-06,0.10000000149011612,0.0,0.0,-0.4676530063152313,-0.4676530063152313,0.0,0.0,0.4000000059604645,0.0,0.0,0.0,0.4000000059604645,0.0,0.0,0.0,0.4000000059604645,0.0
330,6.6000000000000005,front_left_shoulder_to_arm,6,-0.6861696839332581,5.415105260908604e-05,-0.6899999976158142,0.0,0.0,-0.3063186705112457,-0.3063186705112457,0.0,0.0,0.4000000059604645,0.0,0.0,0.0,0.4000000059604645,0.0,0.0,0.0,0.4000000059604645,0.0
330,6.6000000000000005,front_left_arm_to_hand,10,1.5994867086410522,5.205075481740096e-08,1.600000023841858,0.0,0.0,0.04106520488858223,0.04106520488858223,0.0,0.0,0.4000000059604645,0.0,0.0,0.0,0.4000000059604645,0.0,0.0,0.0,0.4000000059604645,0.0
331,6.62,base_to_front_left_shoulder,2,0.10586285591125488,4.9687478167470545e-06,0.10000000149011612,0.0,0.0,-0.46605202555656433,-0.46605202555656433,0.0,0.0,0.4000000059604645,0.0,0.0,0.0,0.4000000059604645,0.0,0.0,0.0,0.4000000059604645,0.0
331,6.62,front_left_shoulder_to_arm,6,-0.6861630082130432,4.0256596548715606e-05,-0.6899999976158142,0.0,0.0,-0.30685269832611084,-0.30685269832611084,0.0,0.0,0.4000000059604645,0.0,0.0,0.0,0.4000000059604645,0.0,0.0,0.0,0.4000000059604645,0.0
331,6.62,front_left_arm_to_hand,10,1.5994867086410522,3.6783909251880686e-08,1.600000023841858,0.0,0.0,0.041065189987421036,0.041065189987421036,0.0,0.0,0.4000000059604645,0.0,0.0,0.0,0.4000000059604645,0.0,0.0,0.0,0.4000000059604645,0.0
332,6.640000000000001,base_to_front_left_shoulder,2,0.1058427169919014,6.610188393096905e-06,0.10000000149011612,0.0,0.0,-0.4678240716457367,-0.4678240716457367,0.0,0.0,0.4000000059604645,0.0,0.0,0.0,0.4000000059604645,0.0,0.0,0.0,0.4000000059604645,0.0
332,6.640000000000001,front_left_shoulder_to_arm,6,-0.6861563920974731,5.4156582336872816e-05,-0.6899999976158142,0.0,0.0,-0.3073820173740387,-0.3073820173740387,0.0,0.0,0.4000000059604645,0.0,0.0,0.0,0.4000000059604645,0.0,0.0,0.0,0.4000000059604645,0.0
332,6.640000000000001,front_left_arm_to_hand,10,1.5994867086410522,4.082057003529371e-08,1.600000023841858,0.0,0.0,0.04106520116329193,0.04106520116329193,0.0,0.0,0.4000000059604645,0.0,0.0,0.0,0.4000000059604645,0.0,0.0,0.0,0.4000000059604645,0.0
333,6.66,base_to_front_left_shoulder,2,0.10586491972208023,-0.00024129156372509897,0.10000000149011612,0.0,0.0,-0.4662064015865326,-0.4662064015865326,0.0,0.0,0.4000000059604645,0.0,0.0,0.0,0.4000000059604645,0.0,0.0,0.0,0.4000000059604645,0.0
333,6.66,front_left_shoulder_to_arm,6,-0.686212956905365,-0.001974535873159766,-0.6899999976158142,0.0,0.0,-0.3079160749912262,-0.3079160749912262,0.0,0.0,0.4000000059604645,0.0,0.0,0.0,0.4000000059604645,0.0,0.0,0.0,0.4000000059604645,0.0
333,6.66,front_left_arm_to_hand,10,1.5994867086410522,-1.4022712093719747e-06,1.600000023841858,0.0,0.0,0.041065193712711334,0.041065193712711334,0.0,0.0,0.4000000059604645,0.0,0.0,0.0,0.4000000059604645,0.0,0.0,0.0,0.4000000059604645,0.0
334,6.68,base_to_front_left_shoulder,2,0.10584551095962524,6.624019988521468e-06,0.10000000149011612,0.0,0.0,-0.4680297076702118,-0.4680297076702118,0.0,0.0,0.4000000059604645,0.0,0.0,0.0,0.4000000059604645,0.0,0.0,0.0,0.4000000059604645,0.0
334,6.68,front_left_shoulder_to_arm,6,-0.6862080097198486,5.415709892986342e-05,-0.6899999976158142,0.0,0.0,-0.30325257778167725,-0.30325257778167725,0.0,0.0,0.4000000059604645,0.0,0.0,0.0,0.4000000059604645,0.0,0.0,0.0,0.4000000059604645,0.0
334,6.68,front_left_arm_to_hand,10,1.5994867086410522,3.364232270541834e-08,1.600000023841858,0.0,0.0,0.04106519743800163,0.04106519743800163,0.0,0.0,0.4000000059604645,0.0,0.0,0.0,0.4000000059604645,0.0,0.0,0.0,0.4000000059604645,0.0
335,6.7,base_to_front_left_shoulder,2,0.10582615435123444,6.609167030546814e-06,0.10000000149011612,0.0,0.0,-0.46648356318473816,-0.46648356318473816,0.0,0.0,0.4000000059604645,0.0,0.0,0.0,0.4000000059604645,0.0,0.0,0.0,0.4000000059604645,0.0
335,6.7,front_left_shoulder_to_arm,6,-0.6862013339996338,5.413655890151858e-05,-0.6899999976158142,0.0,0.0,-0.30378663539886475,-0.30378663539886475,0.0,0.0,0.4000000059604645,0.0,0.0,0.0,0.4000000059604645,0.0,0.0,0.0,0.4000000059604645,0.0
335,6.7,front_left_arm_to_hand,10,1.5994867086410522,4.109291040776952e-08,1.600000023841858,0.0,0.0,0.041065193712711334,0.041065193712711334,0.0,0.0,0.4000000059604645,0.0,0.0,0.0,0.4000000059604645,0.0,0.0,0.0,0.4000000059604645,0.0
336,6.72,base_to_front_left_shoulder,2,0.10584893077611923,6.6164475356345065e-06,0.10000000149011612,0.0,0.0,-0.4683080315589905,-0.4683080315589905,0.0,0.0,0.4000000059604645,0.0,0.0,0.0,0.4000000059604645,0.0,0.0,0.0,0.4000000059604645,0.0
336,6.72,front_left_shoulder_to_arm,6,-0.686194658279419,5.414470797404647e-05,-0.6899999976158142,0.0,0.0,-0.3043205142021179,-0.3043205142021179,0.0,0.0,0.4000000059604645,0.0,0.0,0.0,0.4000000059604645,0.0,0.0,0.0,0.4000000059604645,0.0
336,6.72,front_left_arm_to_hand,10,1.5994867086410522,3.445954988023914e-08,1.600000023841858,0.0,0.0,0.041065193712711334,0.041065193712711334,0.0,0.0,0.4000000059604645,0.0,0.0,0.0,0.4000000059604645,0.0,0.0,0.0,0.4000000059604645,0.0
337,6.74,base_to_front_left_shoulder,2,0.10582933574914932,6.603088877454866e-06,0.10000000149011612,0.0,0.0,-0.4667428433895111,-0.4667428433895111,0.0,0.0,0.4000000059604645,0.0,0.0,0.0,0.4000000059604645,0.0,0.0,0.0,0.4000000059604645,0.0
337,6.74,front_left_shoulder_to_arm,6,-0.6861879825592041,5.414374027168378e-05,-0.6899999976158142,0.0,0.0,-0.30485475063323975,-0.30485475063323975,0.0,0.0,0.4000000059604645,0.0,0.0,0.0,0.4000000059604645,0.0,0.0,0.0,0.4000000059604645,0.0
337,6.74,front_left_arm_to_hand,10,1.5994867086410522,4.168083833633318e-08,1.600000023841858,0.0,0.0,0.04106519743800163,0.04106519743800163,0.0,0.0,0.4000000059604645,0.0,0.0,0.0,0.4000000059604645,0.0,0.0,0.0,0.4000000059604645,0.0
338,6.76,base_to_front_left_shoulder,2,0.10585200041532516,6.567255695699714e-06,0.10000000149011612,0.0,0.0,-0.46855756640434265,-0.46855756640434265,0.0,0.0,0.4000000059604645,0.0,0.0,0.0,0.4000000059604645,0.0,0.0,0.0,0.4000000059604645,0.0
338,6.76,front_left_shoulder_to_arm,6,-0.6861813068389893,5.379290087148547e-05,-0.6899999976158142,0.0,0.0,-0.3053818643093109,-0.3053818643093109,0.0,0.0,0.4000000059604645,0.0,0.0,0.0,0.4000000059604645,0.0,0.0,0.0,0.4000000059604645,0.0
338,6.76,front_left_arm_to_hand,10,1.5994867086410522,5.061164287667452e-08,1.600000023841858,0.0,0.0,0.04106520116329193,0.04106520116329193,0.0,0.0,0.4000000059604645,0.0,0.0,0.0,0.4000000059604645,0.0,0.0,0.0,0.4000000059604645,0.0
339,6.78,base_to_front_left_shoulder,2,0.10583216696977615,6.618445695494302e-06,0.10000000149011612,0.0,0.0,-0.4669741094112396,-0.4669741094112396,0.0,0.0,0.4000000059604645,0.0,0.0,0.0,0.4000000059604645,0.0,0.0,0.0,0.4000000059604645,0.0
339,6.78,front_left_shoulder_to_arm,6,-0.6861746311187744,5.415603664005175e-05,-0.6899999976158142,0.0,0.0,-0.30592289566993713,-0.30592289566993713,0.0,0.0,0.4000000059604645,0.0,0.0,0.0,0.4000000059604645,0.0,0.0,0.0,0.4000000059604645,0.0
339,6.78,front_left_arm_to_hand,10,1.5994867086410522,4.30271782647651e-08,1.600000023841858,0.0,0.0,0.04106519743800163,0.04106519743800163,0.0,0.0,0.4000000059604645,0.0,0.0,0.0,0.4000000059604645,0.0,0.0,0.0,0.4000000059604645,0.0
340,6.8,base_to_front_left_shoulder,2,0.1058545634150505,6.569764082087204e-06,0.10000000149011612,0.0,0.0,-0.468767374753952,-0.468767374753952,0.0,0.0,0.4000000059604645,0.0,0.0,0.0,0.4000000059604645,0.0,0.0,0.0,0.4000000059604645,0.0
340,6.8,front_left_shoulder_to_arm,6,-0.6861680150032043,5.3789983212482184e-05,-0.6899999976158142,0.0,0.0,-0.3064499795436859,-0.3064499795436859,0.0,0.0,0.4000000059604645,0.0,0.0,0.0,0.4000000059604645,0.0,0.0,0.0,0.4000000059604645,0.0
340,6.8,front_left_arm_to_hand,10,1.5994867086410522,3.586695385138228e-08,1.600000023841858,0.0,0.0,0.04106520116329193,0.04106520116329193,0.0,0.0,0.4000000059604645,0.0,0.0,0.0,0.4000000059604645,0.0,0.0,0.0,0.4000000059604645,0.0
341,6.82,base_to_front_left_shoulder,2,0.1058344915509224,6.617299732170068e-06,0.10000000149011612,0.0,0.0,-0.4671648442745209,-0.4671648442745209,0.0,0.0,0.4000000059604645,0.0,0.0,0.0,0.4000000059604645,0.0,0.0,0.0,0.4000000059604645,0.0
341,6.82,front_left_shoulder_to_arm,6,-0.6861613392829895,5.4156356782186776e-05,-0.6899999976158142,0.0,0.0,-0.3069862425327301,-0.3069862425327301,0.0,0.0,0.4000000059604645,0.0,0.0,0.0,0.4000000059604645,0.0,0.0,0.0,0.4000000059604645,0.0
341,6.82,front_left_arm_to_hand,10,1.5994867086410522,4.4552621147886384e-08,1.600000023841858,0.0,0.0,0.04106520488858223,0.04106520488858223,0.0,0.0,0.4000000059604645,0.0,0.0,0.0,0.4000000059604645,0.0,0.0,0.0,0.4000000059604645,0.0
342,6.84,base_to_front_left_shoulder,2,0.10585664212703705,6.572031452378724e-06,0.10000000149011612,0.0,0.0,-0.4689384400844574,-0.4689384400844574,0.0,0.0,0.4000000059604645,0.0,0.0,0.0,0.4000000059604645,0.0,0.0,0.0,0.4000000059604645,0.0
342,6.84,front_left_shoulder_to_arm,6,-0.6861547231674194,5.381766823120415e-05,-0.6899999976158142,0.0,0.0,-0.30751335620880127,-0.30751335620880127,0.0,0.0,0.4000000059604645,0.0,0.0,0.0,0.4000000059604645,0.0,0.0,0.0,0.4000000059604645,0.0
342,6.84,front_left_arm_to_hand,10,1.5994867086410522,3.582828966841589e-08,1.600000023841858,0.0,0.0,0.04106520488858223,0.04106520488858223,0.0,0.0,0.4000000059604645,0.0,0.0,0.0,0.4000000059604645,0.0,0.0,0.0,0.4000000059604645,0.0
343,6.86,base_to_front_left_shoulder,2,0.10583636164665222,6.61655212752521e-06,0.10000000149011612,0.0,0.0,-0.4673186242580414,-0.4673186242580414,0.0,0.0,0.4000000059604645,0.0,0.0,0.0,0.4000000059604645,0.0,0.0,0.0,0.4000000059604645,0.0
343,6.86,front_left_shoulder_to_arm,6,-0.6861480474472046,5.416250496637076e-05,-0.6899999976158142,0.0,0.0,-0.30804958939552307,-0.30804958939552307,0.0,0.0,0.4000000059604645,0.0,0.0,0.0,0.4000000059604645,0.0,0.0,0.0,0.4000000059604645,0.0
343,6.86,front_left_arm_to_hand,10,1.5994867086410522,2.7033891569772095e-08,1.600000023841858,0.0,0.0,0.04106520116329193,0.04106520116329193,0.0,0.0,0.4000000059604645,0.0,0.0,0.0,0.4000000059604645,0.0,0.0,0.0,0.4000000059604645,0.0
344,6.88,base_to_front_left_shoulder,2,0.10585860162973404,1.2934282267451636e-07,0.10000000149011612,0.0,0.0,-0.4689660370349884,-0.4689660370349884,0.0,0.0,0.4000000059604645,0.0,0.0,0.0,0.4000000059604645,0.0,0.0,0.0,0.4000000059604645,0.0
344,6.88,front_left_shoulder_to_arm,6,-0.6862067580223083,1.0510801757845911e-06,-0.6899999976158142,0.0,0.0,-0.3024711608886719,-0.3024711608886719,0.0,0.0,0.4000000059604645,0.0,0.0,0.0,0.4000000059604645,0.0,0.0,0.0,0.4000000059604645,0.0
344,6.88,front_left_arm_to_hand,10,1.5994867086410522,-3.1550029255811296e-10,1.600000023841858,0.0,0.0,0.04106592386960983,0.04106592386960983,0.0,0.0,0.4000000059604645,0.0,0.0,0.0,0.4000000059604645,0.0,0.0,0.0,0.4000000059604645,0.0
345,6.9,base_to_front_left_shoulder,2,0.10583921521902084,6.619296073040459e-06,0.10000000149011612,0.0,0.0,-0.4675290286540985,-0.4675290286540985,0.0,0.0,0.4000000059604645,0.0,0.0,0.0,0.4000000059604645,0.0,0.0,0.0,0.4000000059604645,0.0
345,6.9,front_left_shoulder_to_arm,6,-0.6862001419067383,5.4152194934431463e-05,-0.6899999976158142,0.0,0.0,-0.30388200283050537,-0.30388200283050537,0.0,0.0,0.4000000059604645,0.0,0.0,0.0,0.4000000059604645,0.0,0.0,0.0,0.4000000059604645,0.0
345,6.9,front_left_arm_to_hand,10,1.5994867086410522,3.573087781205686e-08,1.600000023841858,0.0,0.0,0.041065193712711334,0.041065193712711334,0.0,0.0,0.4000000059604645,0.0,0.0,0.0,0.4000000059604645,0.0,0.0,0.0,0.4000000059604645,0.0
346,6.92,base_to_front_left_shoulder,2,0.1058197095990181,6.606604074477218e-06,0.10000000149011612,0.0,0.0,-0.4659709632396698,-0.4659709632396698,0.0,0.0,0.4000000059604645,0.0,0.0,0.0,0.4000000059604645,0.0,0.0,0.0,0.4000000059604645,0.0
346,6.92,front_left_shoulder_to_arm,6,-0.6861934661865234,5.414618499344215e-05,-0.6899999976158142,0.0,0.0,-0.30441606044769287,-0.30441606044769287,0.0,0.0,0.4000000059604645,0.0,0.0,0.0,0.4000000059604645,0.0,0.0,0.0,0.4000000059604645,0.0
346,6.92,front_left_arm_to_hand,10,1.5994867086410522,3.5095222727932196e-08,1.600000023841858,0.0,0.0,0.04106520116329193,0.04106520116329193,0.0,0.0,0.4000000059604645,0.0,0.0,0.0,0.4000000059604645,0.0,0.0,0.0,0.4000000059604645,0.0
347,6.94,base_to_front_left_shoulder,2,0.10584241896867752,6.632873009948526e-06,0.10000000149011612,0.0,0.0,-0.4677900969982147,-0.4677900969982147,0.0,0.0,0.4000000059604645,0.0,0.0,0.0,0.4000000059604645,0.0,0.0,0.0,0.4000000059604645,0.0
347,6.94,front_left_shoulder_to_arm,6,-0.6861867904663086,5.415761552285403e-05,-0.6899999976158142,0.0,0.0,-0.30495011806488037,-0.30495011806488037,0.0,0.0,0.4000000059604645,0.0,0.0,0.0,0.4000000059604645,0.0,0.0,0.0,0.4000000059604645,0.0
347,6.94,front_left_arm_to_hand,10,1.5994867086410522,4.258449592953184e-08,1.600000023841858,0.0,0.0,0.041065193712711334,0.041065193712711334,0.0,0.0,0.4000000059604645,0.0,0.0,0.0,0.4000000059604645,0.0,0.0,0.0,0.4000000059604645,0.0
348,6.96,base_to_front_left_shoulder,2,0.10582267493009567,6.612942343053874e-06,0.10000000149011612,0.0,0.0,-0.4662129580974579,-0.4662129580974579,0.0,0.0,0.4000000059604645,0.0,0.0,0.0,0.4000000059604645,0.0,0.0,0.0,0.4000000059604645,0.0
348,6.96,front_left_shoulder_to_arm,6,-0.6861801147460938,5.4164265748113394e-05,-0.6899999976158142,0.0,0.0,-0.30548420548439026,-0.30548420548439026,0.0,0.0,0.4000000059604645,0.0,0.0,0.0,0.4000000059604645,0.0,0.0,0.0,0.4000000059604645,0.0
348,6.96,front_left_arm_to_hand,10,1.5994867086410522,2.858448056031193e-08,1.600000023841858,0.0,0.0,0.04106519743800163,0.04106519743800163,0.0,0.0,0.4000000059604645,0.0,0.0,0.0,0.4000000059604645,0.0,0.0,0.0,0.4000000059604645,0.0
349,6.98,base_to_front_left_shoulder,2,0.10584510862827301,6.6223356043337844e-06,0.10000000149011612,0.0,0.0,-0.4680100381374359,-0.4680100381374359,0.0,0.0,0.4000000059604645,0.0,0.0,0.0,0.4000000059604645,0.0,0.0,0.0,0.4000000059604645,0.0
349,6.98,front_left_shoulder_to_arm,6,-0.6861734390258789,5.413439794210717e-05,-0.6899999976158142,0.0,0.0,-0.30601823329925537,-0.30601823329925537,0.0,0.0,0.4000000059604645,0.0,0.0,0.0,0.4000000059604645,0.0,0.0,0.0,0.4000000059604645,0.0
349,6.98,front_left_arm_to_hand,10,1.5994867086410522,4.8152877241136594e-08,1.600000023841858,0.0,0.0,0.041065193712711334,0.041065193712711334,0.0,0.0,0.4000000059604645,0.0,0.0,0.0,0.4000000059604645,0.0,0.0,0.0,0.4000000059604645,0.0
350,7.0,base_to_front_left_shoulder,2,0.10582515597343445,6.6130633058492094e-06,0.10000000149011612,0.0,0.0,-0.4664156138896942,-0.4664156138896942,0.0,0.0,0.4000000059604645,0.0,0.0,0.0,0.4000000059604645,0.0,0.0,0.0,0.4000000059604645,0.0
350,7.0,front_left_shoulder_to_arm,6,-0.6861667633056641,5.414797487901524e-05,-0.6899999976158142,0.0,0.0,-0.30655232071876526,-0.30655232071876526,0.0,0.0,0.4000000059604645,0.0,0.0,0.0,0.4000000059604645,0.0,0.0,0.0,0.4000000059604645,0.0
350,7.0,front_left_arm_to_hand,10,1.5994867086410522,4.128575881168217e-08,1.600000023841858,0.0,0.0,0.041065193712711334,0.041065193712711334,0.0,0.0,0.4000000059604645,0.0,0.0,0.0,0.4000000059604645,0.0,0.0,0.0,0.4000000059604645,0.0
351,7.0200000000000005,base_to_front_left_shoulder,2,0.10584735125303268,6.608946932828985e-06,0.10000000149011612,0.0,0.0,-0.4681936204433441,-0.4681936204433441,0.0,0.0,0.4000000059604645,0.0,0.0,0.0,0.4000000059604645,0.0,0.0,0.0,0.4000000059604645,0.0
351,7.0200000000000005,front_left_shoulder_to_arm,6,-0.686160147190094,5.415622581494972e-05,-0.6899999976158142,0.0,0.0,-0.3070816099643707,-0.3070816099643707,0.0,0.0,0.4000000059604645,0.0,0.0,0.0,0.4000000059604645,0.0,0.0,0.0,0.4000000059604645,0.0
351,7.0200000000000005,front_left_arm_to_hand,10,1.5994867086410522,4.197839587050112e-08,1.600000023841858,0.0,0.0,0.041065193712711334,0.041065193712711334,0.0,0.0,0.4000000059604645,0.0,0.0,0.0,0.4000000059604645,0.0,0.0,0.0,0.4000000059604645,0.0
352,7.04,base_to_front_left_shoulder,2,0.10582716017961502,6.615372512897011e-06,0.10000000149011612,0.0,0.0,-0.46658071875572205,-0.46658071875572205,0.0,0.0,0.4000000059604645,0.0,0.0,0.0,0.4000000059604645,0.0,0.0,0.0,0.4000000059604645,0.0
352,7.04,front_left_shoulder_to_arm,6,-0.6861534714698792,5.41494446224533e-05,-0.6899999976158142,0.0,0.0,-0.3076156675815582,-0.3076156675815582,0.0,0.0,0.4000000059604645,0.0,0.0,0.0,0.4000000059604645,0.0,0.0,0.0,0.4000000059604645,0.0
352,7.04,front_left_arm_to_hand,10,1.5994867086410522,3.83484781707466e-08,1.600000023841858,0.0,0.0,0.04106520116329193,0.04106520116329193,0.0,0.0,0.4000000059604645,0.0,0.0,0.0,0.4000000059604645,0.0,0.0,0.0,0.4000000059604645,0.0
353,7.0600000000000005,base_to_front_left_shoulder,2,0.10584910213947296,6.6205529947183095e-06,0.10000000149011612,0.0,0.0,-0.4683384597301483,-0.4683384597301483,0.0,0.0,0.4000000059604645,0.0,0.0,0.0,0.4000000059604645,0.0,0.0,0.0,0.4000000059604645,0.0
353,7.0600000000000005,front_left_shoulder_to_arm,6,-0.6861468553543091,5.416847125161439e-05,-0.6899999976158142,0.0,0.0,-0.3081449568271637,-0.3081449568271637,0.0,0.0,0.4000000059604645,0.0,0.0,0.0,0.4000000059604645,0.0,0.0,0.0,0.4000000059604645,0.0
353,7.0600000000000005,front_left_arm_to_hand,10,1.5994867086410522,2.5946743420490748e-08,1.600000023841858,0.0,0.0,0.04106519743800163,0.04106519743800163,0.0,0.0,0.4000000059604645,0.0,0.0,0.0,0.4000000059604645,0.0,0.0,0.0,0.4000000059604645,0.0
354,7.08,base_to_front_left_shoulder,2,0.105828657746315,6.601361747016199e-06,0.10000000149011612,0.0,0.0,-0.46670588850975037,-0.46670588850975037,0.0,0.0,0.4000000059604645,0.0,0.0,0.0,0.4000000059604645,0.0,0.0,0.0,0.4000000059604645,0.0
354,7.08,front_left_shoulder_to_arm,6,-0.6861401796340942,5.4157710110303015e-05,-0.6899999976158142,0.0,0.0,-0.3086790144443512,-0.3086790144443512,0.0,0.0,0.4000000059604645,0.0,0.0,0.0,0.4000000059604645,0.0,0.0,0.0,0.4000000059604645,0.0
354,7.08,front_left_arm_to_hand,10,1.5994867086410522,4.003291564913525e-08,1.600000023841858,0.0,0.0,0.04106520116329193,0.04106520116329193,0.0,0.0,0.4000000059604645,0.0,0.0,0.0,0.4000000059604645,0.0,0.0,0.0,0.4000000059604645,0.0
355,7.1000000000000005,base_to_front_left_shoulder,2,0.10585126280784607,6.59941815683851e-06,0.10000000149011612,0.0,0.0,-0.46849334239959717,-0.46849334239959717,0.0,0.0,0.4000000059604645,0.0,0.0,0.0,0.4000000059604645,0.0,0.0,0.0,0.4000000059604645,0.0
355,7.1000000000000005,front_left_shoulder_to_arm,6,-0.6861991286277771,5.410177254816517e-05,-0.6899999976158142,0.0,0.0,-0.303962379693985,-0.303962379693985,0.0,0.0,0.4000000059604645,0.0,0.0,0.0,0.4000000059604645,0.0,0.0,0.0,0.4000000059604645,0.0
355,7.1000000000000005,front_left_arm_to_hand,10,1.5994867086410522,3.874115606095074e-08,1.600000023841858,0.0,0.0,0.041065189987421036,0.041065189987421036,0.0,0.0,0.4000000059604645,0.0,0.0,0.0,0.4000000059604645,0.0,0.0,0.0,0.4000000059604645,0.0
356,7.12,base_to_front_left_shoulder,2,0.10583174973726273,6.612038305320311e-06,0.10000000149011612,0.0,0.0,-0.4669341742992401,-0.4669341742992401,0.0,0.0,0.4000000059604645,0.0,0.0,0.0,0.4000000059604645,0.0,0.0,0.0,0.4000000059604645,0.0
356,7.12,front_left_shoulder_to_arm,6,-0.6861924529075623,5.414338374976069e-05,-0.6899999976158142,0.0,0.0,-0.3044971227645874,-0.3044971227645874,0.0,0.0,0.4000000059604645,0.0,0.0,0.0,0.4000000059604645,0.0,0.0,0.0,0.4000000059604645,0.0
356,7.12,front_left_arm_to_hand,10,1.5994867086410522,4.065018543997212e-08,1.600000023841858,0.0,0.0,0.041065193712711334,0.041065193712711334,0.0,0.0,0.4000000059604645,0.0,0.0,0.0,0.4000000059604645,0.0,0.0,0.0,0.4000000059604645,0.0
357,7.140000000000001,base_to_front_left_shoulder,2,0.10585439950227737,6.577070053026546e-06,0.10000000149011612,0.0,0.0,-0.46874770522117615,-0.46874770522117615,0.0,0.0,0.4000000059604645,0.0,0.0,0.0,0.4000000059604645,0.0,0.0,0.0,0.4000000059604645,0.0
357,7.140000000000001,front_left_shoulder_to_arm,6,-0.6861857771873474,5.377823981689289e-05,-0.6899999976158142,0.0,0.0,-0.30502426624298096,-0.30502426624298096,0.0,0.0,0.4000000059604645,0.0,0.0,0.0,0.4000000059604645,0.0,0.0,0.0,0.4000000059604645,0.0
357,7.140000000000001,front_left_arm_to_hand,10,1.5994867086410522,4.2811361566919004e-08,1.600000023841858,0.0,0.0,0.04106520116329193,0.04106520116329193,0.0,0.0,0.4000000059604645,0.0,0.0,0.0,0.4000000059604645,0.0,0.0,0.0,0.4000000059604645,0.0
358,7.16,base_to_front_left_shoulder,2,0.10583465546369553,6.607724571949802e-06,0.10000000149011612,0.0,0.0,-0.46717140078544617,-0.46717140078544617,0.0,0.0,0.4000000059604645,0.0,0.0,0.0,0.4000000059604645,0.0,0.0,0.0,0.4000000059604645,0.0
358,7.16,front_left_shoulder_to_arm,6,-0.6861791014671326,5.415680061560124e-05,-0.6899999976158142,0.0,0.0,-0.3055652678012848,-0.3055652678012848,0.0,0.0,0.4000000059604645,0.0,0.0,0.0,0.4000000059604645,0.0,0.0,0.0,0.4000000059604645,0.0
358,7.16,front_left_arm_to_hand,10,1.5994867086410522,4.245307394512565e-08,1.600000023841858,0.0,0.0,0.04106520488858223,0.04106520488858223,0.0,0.0,0.4000000059604645,0.0,0.0,0.0,0.4000000059604645,0.0,0.0,0.0,0.4000000059604645,0.0
359,7.18,base_to_front_left_shoulder,2,0.10585702955722809,6.564713658008259e-06,0.10000000149011612,0.0,0.0,-0.4689628779888153,-0.4689628779888153,0.0,0.0,0.4000000059604645,0.0,0.0,0.0,0.4000000059604645,0.0,0.0,0.0,0.4000000059604645,0.0
359,7.18,front_left_shoulder_to_arm,6,-0.6861724257469177,5.377626803237945e-05,-0.6899999976158142,0.0,0.0,-0.30609238147735596,-0.30609238147735596,0.0,0.0,0.4000000059604645,0.0,0.0,0.0,0.4000000059604645,0.0,0.0,0.0,0.4000000059604645,0.0
359,7.18,front_left_arm_to_hand,10,1.5994867086410522,5.611909514868785e-08,1.600000023841858,0.0,0.0,0.04106520488858223,0.04106520488858223,0.0,0.0,0.4000000059604645,0.0,0.0,0.0,0.4000000059604645,0.0,0.0,0.0,0.4000000059604645,0.0
360,7.2,base_to_front_left_shoulder,2,0.10583704710006714,6.613664481847081e-06,0.10000000149011612,0.0,0.0,-0.4673675000667572,-0.4673675000667572,0.0,0.0,0.4000000059604645,0.0,0.0,0.0,0.4000000059604645,0.0,0.0,0.0,0.4000000059604645,0.0
360,7.2,front_left_shoulder_to_arm,6,-0.6861657500267029,5.415800114860758e-05,-0.6899999976158142,0.0,0.0,-0.3066333830356598,-0.3066333830356598,0.0,0.0,0.4000000059604645,0.0,0.0,0.0,0.4000000059604645,0.0,0.0,0.0,0.4000000059604645,0.0
360,7.2,front_left_arm_to_hand,10,1.5994867086410522,4.0890821395578314e-08,1.600000023841858,0.0,0.0,0.04106519743800163,0.04106519743800163,0.0,0.0,0.4000000059604645,0.0,0.0,0.0,0.4000000059604645,0.0,0.0,0.0,0.4000000059604645,0.0
361,7.22,base_to_front_left_shoulder,2,0.10585916042327881,6.57249620417133e-06,0.10000000149011612,0.0,0.0,-0.46913814544677734,-0.46913814544677734,0.0,0.0,0.4000000059604645,0.0,0.0,0.0,0.4000000059604645,0.0,0.0,0.0,0.4000000059604645,0.0
361,7.22,front_left_shoulder_to_arm,6,-0.6861591339111328,5.380644870456308e-05,-0.6899999976158142,0.0,0.0,-0.30716049671173096,-0.30716049671173096,0.0,0.0,0.4000000059604645,0.0,0.0,0.0,0.4000000059604645,0.0,0.0,0.0,0.4000000059604645,0.0
361,7.22,front_left_arm_to_hand,10,1.5994867086410522,3.796017011836739e-08,1.600000023841858,0.0,0.0,0.04106520488858223,0.04106520488858223,0.0,0.0,0.4000000059604645,0.0,0.0,0.0,0.4000000059604645,0.0,0.0,0.0,0.4000000059604645,0.0
362,7.24,base_to_front_left_shoulder,2,0.10583893954753876,6.614791345782578e-06,0.10000000149011612,0.0,0.0,-0.4675236642360687,-0.4675236642360687,0.0,0.0,0.4000000059604645,0.0,0.0,0.0,0.4000000059604645,0.0,0.0,0.0,0.4000000059604645,0.0
362,7.24,front_left_shoulder_to_arm,6,-0.686152458190918,5.4164702305570245e-05,-0.6899999976158142,0.0,0.0,-0.30769670009613037,-0.30769670009613037,0.0,0.0,0.4000000059604645,0.0,0.0,0.0,0.4000000059604645,0.0,0.0,0.0,0.4000000059604645,0.0
362,7.24,front_left_arm_to_hand,10,1.5994867086410522,3.6014608184586905e-08,1.600000023841858,0.0,0.0,0.041065193712711334,0.041065193712711334,0.0,0.0,0.4000000059604645,0.0,0.0,0.0,0.4000000059604645,0.0,0.0,0.0,0.4000000059604645,0.0
363,7.26,base_to_front_left_shoulder,2,0.10586114972829819,1.4242908719097613e-07,0.10000000149011612,0.0,0.0,-0.4691685438156128,-0.4691685438156128,0.0,0.0,0.4000000059604645,0.0,0.0,0.0,0.4000000059604645,0.0,0.0,0.0,0.4000000059604645,0.0
363,7.26,front_left_shoulder_to_arm,6,-0.6862107515335083,1.2567379599204287e-06,-0.6899999976158142,0.0,0.0,-0.302150696516037,-0.302150696516037,0.0,0.0,0.4000000059604645,0.0,0.0,0.0,0.4000000059604645,0.0,0.0,0.0,0.4000000059604645,0.0
363,7.26,front_left_arm_to_hand,10,1.5994867086410522,2.7640212341140113e-10,1.600000023841858,0.0,0.0,0.04106592386960983,0.04106592386960983,0.0,0.0,0.4000000059604645,0.0,0.0,0.0,0.4000000059604645,0.0,0.0,0.0,0.4000000059604645,0.0
364,7.28,base_to_front_left_shoulder,2,0.10584182292222977,6.6209377109771594e-06,0.10000000149011612,0.0,0.0,-0.46773645281791687,-0.46773645281791687,0.0,0.0,0.4000000059604645,0.0,0.0,0.0,0.4000000059604645,0.0,0.0,0.0,0.4000000059604645,0.0
364,7.28,front_left_shoulder_to_arm,6,-0.6862041354179382,5.4145537433214486e-05,-0.6899999976158142,0.0,0.0,-0.3035625219345093,-0.3035625219345093,0.0,0.0,0.4000000059604645,0.0,0.0,0.0,0.4000000059604645,0.0,0.0,0.0,0.4000000059604645,0.0
364,7.28,front_left_arm_to_hand,10,1.5994867086410522,4.6521172691882384e-08,1.600000023841858,0.0,0.0,0.04106520116329193,0.04106520116329193,0.0,0.0,0.4000000059604645,0.0,0.0,0.0,0.4000000059604645,0.0,0.0,0.0,0.4000000059604645,0.0
365,7.3,base_to_front_left_shoulder,2,0.1058223769068718,6.6120219344156794e-06,0.10000000149011612,0.0,0.0,-0.4661831557750702,-0.4661831557750702,0.0,0.0,0.4000000059604645,0.0,0.0,0.0,0.4000000059604645,0.0,0.0,0.0,0.4000000059604645,0.0
365,7.3,front_left_shoulder_to_arm,6,-0.6861974596977234,5.4155956604517996e-05,-0.6899999976158142,0.0,0.0,-0.3040965795516968,-0.3040965795516968,0.0,0.0,0.4000000059604645,0.0,0.0,0.0,0.4000000059604645,0.0,0.0,0.0,0.4000000059604645,0.0
365,7.3,front_left_arm_to_hand,10,1.5994867086410522,4.740606485142962e-08,1.600000023841858,0.0,0.0,0.041065193712711334,0.041065193712711334,0.0,0.0,0.4000000059604645,0.0,0.0,0.0,0.4000000059604645,0.0,0.0,0.0,0.4000000059604645,0.0
366,7.32,base_to_front_left_shoulder,2,0.10584505647420883,6.615549864363857e-06,0.10000000149011612,0.0,0.0,-0.46799930930137634,-0.46799930930137634,0.0,0.0,0.4000000059604645,0.0,0.0,0.0,0.4000000059604645,0.0,0.0,0.0,0.4000000059604645,0.0
366,7.32,front_left_shoulder_to_arm,6,-0.6861907839775085,5.4149502830114216e-05,-0.6899999976158142,0.0,0.0,-0.3046306371688843,-0.3046306371688843,0.0,0.0,0.4000000059604645,0.0,0.0,0.0,0.4000000059604645,0.0,0.0,0.0,0.4000000059604645,0.0
366,7.32,front_left_arm_to_hand,10,1.5994867086410522,4.463906932983264e-08,1.600000023841858,0.0,0.0,0.04106520116329193,0.04106520116329193,0.0,0.0,0.4000000059604645,0.0,0.0,0.0,0.4000000059604645,0.0,0.0,0.0,0.4000000059604645,0.0
367,7.34,base_to_front_left_shoulder,2,0.10582540184259415,6.612783181481063e-06,0.10000000149011612,0.0,0.0,-0.46642932295799255,-0.46642932295799255,0.0,0.0,0.4000000059604645,0.0,0.0,0.0,0.4000000059604645,0.0,0.0,0.0,0.4000000059604645,0.0
367,7.34,front_left_shoulder_to_arm,6,-0.6861841082572937,5.415013583842665e-05,-0.6899999976158142,0.0,0.0,-0.3051646947860718,-0.3051646947860718,0.0,0.0,0.4000000059604645,0.0,0.0,0.0,0.4000000059604645,0.0,0.0,0.0,0.4000000059604645,0.0
367,7.34,front_left_arm_to_hand,10,1.5994867086410522,3.2214220624382506e-08,1.600000023841858,0.0,0.0,0.04106520116329193,0.04106520116329193,0.0,0.0,0.4000000059604645,0.0,0.0,0.0,0.4000000059604645,0.0,0.0,0.0,0.4000000059604645,0.0
368,7.36,base_to_front_left_shoulder,2,0.10584798455238342,6.602876965189353e-06,0.10000000149011612,0.0,0.0,-0.46823829412460327,-0.46823829412460327,0.0,0.0,0.4000000059604645,0.0,0.0,0.0,0.4000000059604645,0.0,0.0,0.0,0.4000000059604645,0.0
368,7.36,front_left_shoulder_to_arm,6,-0.6861774325370789,5.41483677807264e-05,-0.6899999976158142,0.0,0.0,-0.30569857358932495,-0.30569857358932495,0.0,0.0,0.4000000059604645,0.0,0.0,0.0,0.4000000059604645,0.0,0.0,0.0,0.4000000059604645,0.0
368,7.36,front_left_arm_to_hand,10,1.5994867086410522,4.302260947497416e-08,1.600000023841858,0.0,0.0,0.041065193712711334,0.041065193712711334,0.0,0.0,0.4000000059604645,0.0,0.0,0.0,0.4000000059604645,0.0,0.0,0.0,0.4000000059604645,0.0
369,7.38,base_to_front_left_shoulder,2,0.10582809150218964,6.603462679777294e-06,0.10000000149011612,0.0,0.0,-0.46664926409721375,-0.46664926409721375,0.0,0.0,0.4000000059604645,0.0,0.0,0.0,0.4000000059604645,0.0,0.0,0.0,0.4000000059604645,0.0
369,7.38,front_left_shoulder_to_arm,6,-0.686170756816864,5.415382474893704e-05,-0.6899999976158142,0.0,0.0,-0.30623283982276917,-0.30623283982276917,0.0,0.0,0.4000000059604645,0.0,0.0,0.0,0.4000000059604645,0.0,0.0,0.0,0.4000000059604645,0.0
369,7.38,front_left_arm_to_hand,10,1.5994867086410522,2.9789820388259614e-08,1.600000023841858,0.0,0.0,0.04106520488858223,0.04106520488858223,0.0,0.0,0.4000000059604645,0.0,0.0,0.0,0.4000000059604645,0.0,0.0,0.0,0.4000000059604645,0.0
370,7.4,base_to_front_left_shoulder,2,0.10585040599107742,6.596891580556985e-06,0.10000000149011612,0.0,0.0,-0.4684367775917053,-0.4684367775917053,0.0,0.0,0.4000000059604645,0.0,0.0,0.0,0.4000000059604645,0.0,0.0,0.0,0.4000000059604645,0.0
370,7.4,front_left_shoulder_to_arm,6,-0.686164140701294,5.414396582636982e-05,-0.6899999976158142,0.0,0.0,-0.3067619204521179,-0.3067619204521179,0.0,0.0,0.4000000059604645,0.0,0.0,0.0,0.4000000059604645,0.0,0.0,0.0,0.4000000059604645,0.0
370,7.4,front_left_arm_to_hand,10,1.5994867086410522,4.7138360770304644e-08,1.600000023841858,0.0,0.0,0.04106519743800163,0.04106519743800163,0.0,0.0,0.4000000059604645,0.0,0.0,0.0,0.4000000059604645,0.0,0.0,0.0,0.4000000059604645,0.0
371,7.42,base_to_front_left_shoulder,2,0.10583027452230453,6.607981958950404e-06,0.10000000149011612,0.0,0.0,-0.46682867407798767,-0.46682867407798767,0.0,0.0,0.4000000059604645,0.0,0.0,0.0,0.4000000059604645,0.0,0.0,0.0,0.4000000059604645,0.0
371,7.42,front_left_shoulder_to_arm,6,-0.6861574649810791,5.4168231145013124e-05,-0.6899999976158142,0.0,0.0,-0.30729618668556213,-0.30729618668556213,0.0,0.0,0.4000000059604645,0.0,0.0,0.0,0.4000000059604645,0.0,0.0,0.0,0.4000000059604645,0.0
371,7.42,front_left_arm_to_hand,10,1.5994867086410522,3.310432461489654e-08,1.600000023841858,0.0,0.0,0.04106519743800163,0.04106519743800163,0.0,0.0,0.4000000059604645,0.0,0.0,0.0,0.4000000059604645,0.0,0.0,0.0,0.4000000059604645,0.0
372,7.44,base_to_front_left_shoulder,2,0.10585233569145203,6.605961971217766e-06,0.10000000149011612,0.0,0.0,-0.4685959219932556,-0.4685959219932556,0.0,0.0,0.4000000059604645,0.0,0.0,0.0,0.4000000059604645,0.0,0.0,0.0,0.4000000059604645,0.0
372,7.44,front_left_shoulder_to_arm,6,-0.686150848865509,5.414128099801019e-05,-0.6899999976158142,0.0,0.0,-0.3078252971172333,-0.3078252971172333,0.0,0.0,0.4000000059604645,0.0,0.0,0.0,0.4000000059604645,0.0,0.0,0.0,0.4000000059604645,0.0
372,7.44,front_left_arm_to_hand,10,1.5994867086410522,3.767436496104892e-08,1.600000023841858,0.0,0.0,0.04106520116329193,0.04106520116329193,0.0,0.0,0.4000000059604645,0.0,0.0,0.0,0.4000000059604645,0.0,0.0,0.0,0.4000000059604645,0.0
373,7.46,base_to_front_left_shoulder,2,0.10583196580410004,6.608882358705159e-06,0.10000000149011612,0.0,0.0,-0.46696874499320984,-0.46696874499320984,0.0,0.0,0.4000000059604645,0.0,0.0,0.0,0.4000000059604645,0.0,0.0,0.0,0.4000000059604645,0.0
373,7.46,front_left_shoulder_to_arm,6,-0.6861441731452942,5.415937630459666e-05,-0.6899999976158142,0.0,0.0,-0.3083595335483551,-0.3083595335483551,0.0,0.0,0.4000000059604645,0.0,0.0,0.0,0.4000000059604645,0.0,0.0,0.0,0.4000000059604645,0.0
373,7.46,front_left_arm_to_hand,10,1.5994867086410522,3.498862355399979e-08,1.600000023841858,0.0,0.0,0.04106519743800163,0.04106519743800163,0.0,0.0,0.4000000059604645,0.0,0.0,0.0,0.4000000059604645,0.0,0.0,0.0,0.4000000059604645,0.0
374,7.48,base_to_front_left_shoulder,2,0.10585440695285797,6.4384112192783505e-06,0.10000000149011612,0.0,0.0,-0.4687405228614807,-0.4687405228614807,0.0,0.0,0.4000000059604645,0.0,0.0,0.0,0.4000000059604645,0.0,0.0,0.0,0.4000000059604645,0.0
374,7.48,front_left_shoulder_to_arm,6,-0.6862030029296875,5.2750168833881617e-05,-0.6899999976158142,0.0,0.0,-0.30363133549690247,-0.30363133549690247,0.0,0.0,0.4000000059604645,0.0,0.0,0.0,0.4000000059604645,0.0,0.0,0.0,0.4000000059604645,0.0
374,7.48,front_left_arm_to_hand,10,1.5994867086410522,4.40555290026623e-08,1.600000023841858,0.0,0.0,0.04106521978974342,0.04106521978974342,0.0,0.0,0.4000000059604645,0.0,0.0,0.0,0.4000000059604645,0.0,0.0,0.0,0.4000000059604645,0.0
375,7.5,base_to_front_left_shoulder,2,0.1058349609375,6.6135316956206225e-06,0.10000000149011612,0.0,0.0,-0.46718987822532654,-0.46718987822532654,0.0,0.0,0.4000000059604645,0.0,0.0,0.0,0.4000000059604645,0.0,0.0,0.0,0.4000000059604645,0.0
375,7.5,front_left_shoulder_to_arm,6,-0.6861963272094727,5.4156320402398705e-05,-0.6899999976158142,0.0,0.0,-0.30418717861175537,-0.30418717861175537,0.0,0.0,0.4000000059604645,0.0,0.0,0.0,0.4000000059604645,0.0,0.0,0.0,0.4000000059604645,0.0
375,7.5,front_left_arm_to_hand,10,1.5994867086410522,4.619189652999012e-08,1.600000023841858,0.0,0.0,0.041065193712711334,0.041065193712711334,0.0,0.0,0.4000000059604645,0.0,0.0,0.0,0.4000000059604645,0.0,0.0,0.0,0.4000000059604645,0.0
376,7.5200000000000005,base_to_front_left_shoulder,2,0.1058577224612236,4.972775059286505e-06,0.10000000149011612,0.0,0.0,-0.4656270444393158,-0.4656270444393158,0.0,0.0,0.4000000059604645,0.0,0.0,0.0,0.4000000059604645,0.0,0.0,0.0,0.4000000059604645,0.0
376,7.5200000000000005,front_left_shoulder_to_arm,6,-0.6861896514892578,4.02326877519954e-05,-0.6899999976158142,0.0,0.0,-0.30472126603126526,-0.30472126603126526,0.0,0.0,0.4000000059604645,0.0,0.0,0.0,0.4000000059604645,0.0,0.0,0.0,0.4000000059604645,0.0
376,7.5200000000000005,front_left_arm_to_hand,10,1.5994867086410522,4.34810480953729e-08,1.600000023841858,0.0,0.0,0.04106519743800163,0.04106519743800163,0.0,0.0,0.4000000059604645,0.0,0.0,0.0,0.4000000059604645,0.0,0.0,0.0,0.4000000059604645,0.0
377,7.54,base_to_front_left_shoulder,2,0.10583803802728653,6.612784090975765e-06,0.10000000149011612,0.0,0.0,-0.46744081377983093,-0.46744081377983093,0.0,0.0,0.4000000059604645,0.0,0.0,0.0,0.4000000059604645,0.0,0.0,0.0,0.4000000059604645,0.0
377,7.54,front_left_shoulder_to_arm,6,-0.686182975769043,5.415215127868578e-05,-0.6899999976158142,0.0,0.0,-0.30525532364845276,-0.30525532364845276,0.0,0.0,0.4000000059604645,0.0,0.0,0.0,0.4000000059604645,0.0,0.0,0.0,0.4000000059604645,0.0
377,7.54,front_left_arm_to_hand,10,1.5994867086410522,5.056624630128681e-08,1.600000023841858,0.0,0.0,0.041065193712711334,0.041065193712711334,0.0,0.0,0.4000000059604645,0.0,0.0,0.0,0.4000000059604645,0.0,0.0,0.0,0.4000000059604645,0.0
378,7.5600000000000005,base_to_front_left_shoulder,2,0.10586051642894745,4.973549039277714e-06,0.10000000149011612,0.0,0.0,-0.46585890650749207,-0.46585890650749207,0.0,0.0,0.4000000059604645,0.0,0.0,0.0,0.4000000059604645,0.0,0.0,0.0,0.4000000059604645,0.0
378,7.5600000000000005,front_left_shoulder_to_arm,6,-0.6861763000488281,4.025419184472412e-05,-0.6899999976158142,0.0,0.0,-0.30578935146331787,-0.30578935146331787,0.0,0.0,0.4000000059604645,0.0,0.0,0.0,0.4000000059604645,0.0,0.0,0.0,0.4000000059604645,0.0
378,7.5600000000000005,front_left_arm_to_hand,10,1.5994867086410522,3.7885268255877236e-08,1.600000023841858,0.0,0.0,0.041065193712711334,0.041065193712711334,0.0,0.0,0.4000000059604645,0.0,0.0,0.0,0.4000000059604645,0.0,0.0,0.0,0.4000000059604645,0.0
379,7.58,base_to_front_left_shoulder,2,0.10584059357643127,6.627811671933159e-06,0.10000000149011612,0.0,0.0,-0.46765002608299255,-0.46765002608299255,0.0,0.0,0.4000000059604645,0.0,0.0,0.0,0.4000000059604645,0.0,0.0,0.0,0.4000000059604645,0.0
379,7.58,front_left_shoulder_to_arm,6,-0.6861696243286133,5.416612111730501e-05,-0.6899999976158142,0.0,0.0,-0.30632340908050537,-0.30632340908050537,0.0,0.0,0.4000000059604645,0.0,0.0,0.0,0.4000000059604645,0.0,0.0,0.0,0.4000000059604645,0.0
379,7.58,front_left_arm_to_hand,10,1.5994867086410522,4.5120021496813933e-08,1.600000023841858,0.0,0.0,0.041065193712711334,0.041065193712711334,0.0,0.0,0.4000000059604645,0.0,0.0,0.0,0.4000000059604645,0.0,0.0,0.0,0.4000000059604645,0.0
380,7.6000000000000005,base_to_front_left_shoulder,2,0.1058628186583519,4.9585623855818994e-06,0.10000000149011612,0.0,0.0,-0.46604904532432556,-0.46604904532432556,0.0,0.0,0.4000000059604645,0.0,0.0,0.0,0.4000000059604645,0.0,0.0,0.0,0.4000000059604645,0.0
380,7.6000000000000005,front_left_shoulder_to_arm,6,-0.6861629486083984,4.02701880375389e-05,-0.6899999976158142,0.0,0.0,-0.30685749650001526,-0.30685749650001526,0.0,0.0,0.4000000059604645,0.0,0.0,0.0,0.4000000059604645,0.0,0.0,0.0,0.4000000059604645,0.0
380,7.6000000000000005,front_left_arm_to_hand,10,1.5994867086410522,2.6359710858514518e-08,1.600000023841858,0.0,0.0,0.04106519743800163,0.04106519743800163,0.0,0.0,0.4000000059604645,0.0,0.0,0.0,0.4000000059604645,0.0,0.0,0.0,0.4000000059604645,0.0
381,7.62,base_to_front_left_shoulder,2,0.10584267228841782,6.613547157030553e-06,0.10000000149011612,0.0,0.0,-0.46782049536705017,-0.46782049536705017,0.0,0.0,0.4000000059604645,0.0,0.0,0.0,0.4000000059604645,0.0,0.0,0.0,0.4000000059604645,0.0
381,7.62,front_left_shoulder_to_arm,6,-0.6861563324928284,5.416744534159079e-05,-0.6899999976158142,0.0,0.0,-0.3073867857456207,-0.3073867857456207,0.0,0.0,0.4000000059604645,0.0,0.0,0.0,0.4000000059604645,0.0,0.0,0.0,0.4000000059604645,0.0
381,7.62,front_left_arm_to_hand,10,1.5994867086410522,3.5776327678149755e-08,1.600000023841858,0.0,0.0,0.04106519743800163,0.04106519743800163,0.0,0.0,0.4000000059604645,0.0,0.0,0.0,0.4000000059604645,0.0,0.0,0.0,0.4000000059604645,0.0
382,7.640000000000001,base_to_front_left_shoulder,2,0.10586487501859665,-0.0002413135371170938,0.10000000149011612,0.0,0.0,-0.46620282530784607,-0.46620282530784607,0.0,0.0,0.4000000059604645,0.0,0.0,0.0,0.4000000059604645,0.0,0.0,0.0,0.4000000059604645,0.0
382,7.640000000000001,front_left_shoulder_to_arm,6,-0.6862128973007202,-0.0019746245816349983,-0.6899999976158142,0.0,0.0,-0.3079208433628082,-0.3079208433628082,0.0,0.0,0.4000000059604645,0.0,0.0,0.0,0.4000000059604645,0.0,0.0,0.0,0.4000000059604645,0.0
382,7.640000000000001,front_left_arm_to_hand,10,1.5994867086410522,-1.4115175872575492e-06,1.600000023841858,0.0,0.0,0.04106519743800163,0.04106519743800163,0.0,0.0,0.4000000059604645,0.0,0.0,0.0,0.4000000059604645,0.0,0.0,0.0,0.4000000059604645,0.0
383,7.66,base_to_front_left_shoulder,2,0.10584546625614166,6.6179336499772035e-06,0.10000000149011612,0.0,0.0,-0.46802613139152527,-0.46802613139152527,0.0,0.0,0.4000000059604645,0.0,0.0,0.0,0.4000000059604645,0.0,0.0,0.0,0.4000000059604645,0.0
383,7.66,front_left_shoulder_to_arm,6,-0.6862079501152039,5.413313920143992e-05,-0.6899999976158142,0.0,0.0,-0.3032573163509369,-0.3032573163509369,0.0,0.0,0.4000000059604645,0.0,0.0,0.0,0.4000000059604645,0.0,0.0,0.0,0.4000000059604645,0.0
383,7.66,front_left_arm_to_hand,10,1.5994867086410522,3.554911387482207e-08,1.600000023841858,0.0,0.0,0.04106520116329193,0.04106520116329193,0.0,0.0,0.4000000059604645,0.0,0.0,0.0,0.4000000059604645,0.0,0.0,0.0,0.4000000059604645,0.0
384,7.68,base_to_front_left_shoulder,2,0.10582610964775085,6.618100087507628e-06,0.10000000149011612,0.0,0.0,-0.46647998690605164,-0.46647998690605164,0.0,0.0,0.4000000059604645,0.0,0.0,0.0,0.4000000059604645,0.0,0.0,0.0,0.4000000059604645,0.0
384,7.68,front_left_shoulder_to_arm,6,-0.686201274394989,5.415232590166852e-05,-0.6899999976158142,0.0,0.0,-0.3037914037704468,-0.3037914037704468,0.0,0.0,0.4000000059604645,0.0,0.0,0.0,0.4000000059604645,0.0,0.0,0.0,0.4000000059604645,0.0
384,7.68,front_left_arm_to_hand,10,1.5994867086410522,3.831654993291522e-08,1.600000023841858,0.0,0.0,0.04106519743800163,0.04106519743800163,0.0,0.0,0.4000000059604645,0.0,0.0,0.0,0.4000000059604645,0.0,0.0,0.0,0.4000000059604645,0.0
385,7.7,base_to_front_left_shoulder,2,0.10584888607263565,6.611974640691187e-06,0.10000000149011612,0.0,0.0,-0.46830445528030396,-0.46830445528030396,0.0,0.0,0.4000000059604645,0.0,0.0,0.0,0.4000000059604645,0.0,0.0,0.0,0.4000000059604645,0.0
385,7.7,front_left_shoulder_to_arm,6,-0.6861945986747742,5.4137621191330254e-05,-0.6899999976158142,0.0,0.0,-0.30432528257369995,-0.30432528257369995,0.0,0.0,0.4000000059604645,0.0,0.0,0.0,0.4000000059604645,0.0,0.0,0.0,0.4000000059604645,0.0
385,7.7,front_left_arm_to_hand,10,1.5994867086410522,3.956508365376976e-08,1.600000023841858,0.0,0.0,0.04106520116329193,0.04106520116329193,0.0,0.0,0.4000000059604645,0.0,0.0,0.0,0.4000000059604645,0.0,0.0,0.0,0.4000000059604645,0.0
386,7.72,base_to_front_left_shoulder,2,0.10582929104566574,6.6071834226022474e-06,0.10000000149011612,0.0,0.0,-0.4667392671108246,-0.4667392671108246,0.0,0.0,0.4000000059604645,0.0,0.0,0.0,0.4000000059604645,0.0,0.0,0.0,0.4000000059604645,0.0
386,7.72,front_left_shoulder_to_arm,6,-0.6861879229545593,5.4151430958881974e-05,-0.6899999976158142,0.0,0.0,-0.3048595190048218,-0.3048595190048218,0.0,0.0,0.4000000059604645,0.0,0.0,0.0,0.4000000059604645,0.0,0.0,0.0,0.4000000059604645,0.0
386,7.72,front_left_arm_to_hand,10,1.5994867086410522,4.796454078359602e-08,1.600000023841858,0.0,0.0,0.04106520116329193,0.04106520116329193,0.0,0.0,0.4000000059604645,0.0,0.0,0.0,0.4000000059604645,0.0,0.0,0.0,0.4000000059604645,0.0
387,7.74,base_to_front_left_shoulder,2,0.10585178434848785,6.605576345464215e-06,0.10000000149011612,0.0,0.0,-0.46854108572006226,-0.46854108572006226,0.0,0.0,0.4000000059604645,0.0,0.0,0.0,0.4000000059604645,0.0,0.0,0.0,0.4000000059604645,0.0
387,7.74,front_left_shoulder_to_arm,6,-0.6861812472343445,5.413580947788432e-05,-0.6899999976158142,0.0,0.0,-0.30539339780807495,-0.30539339780807495,0.0,0.0,0.4000000059604645,0.0,0.0,0.0,0.4000000059604645,0.0,0.0,0.0,0.4000000059604645,0.0
387,7.74,front_left_arm_to_hand,10,1.5994867086410522,4.043690182697901e-08,1.600000023841858,0.0,0.0,0.04106519743800163,0.04106519743800163,0.0,0.0,0.4000000059604645,0.0,0.0,0.0,0.4000000059604645,0.0,0.0,0.0,0.4000000059604645,0.0
388,7.76,base_to_front_left_shoulder,2,0.10583195090293884,6.611554454138968e-06,0.10000000149011612,0.0,0.0,-0.46695682406425476,-0.46695682406425476,0.0,0.0,0.4000000059604645,0.0,0.0,0.0,0.4000000059604645,0.0,0.0,0.0,0.4000000059604645,0.0
388,7.76,front_left_shoulder_to_arm,6,-0.6861745715141296,5.414126644609496e-05,-0.6899999976158142,0.0,0.0,-0.30592766404151917,-0.30592766404151917,0.0,0.0,0.4000000059604645,0.0,0.0,0.0,0.4000000059604645,0.0,0.0,0.0,0.4000000059604645,0.0
388,7.76,front_left_arm_to_hand,10,1.5994867086410522,4.361710637112992e-08,1.600000023841858,0.0,0.0,0.04106519743800163,0.04106519743800163,0.0,0.0,0.4000000059604645,0.0,0.0,0.0,0.4000000059604645,0.0,0.0,0.0,0.4000000059604645,0.0
389,7.78,base_to_front_left_shoulder,2,0.10585435479879379,6.572126039827708e-06,0.10000000149011612,0.0,0.0,-0.4687506854534149,-0.4687506854534149,0.0,0.0,0.4000000059604645,0.0,0.0,0.0,0.4000000059604645,0.0,0.0,0.0,0.4000000059604645,0.0
389,7.78,front_left_shoulder_to_arm,6,-0.6861679553985596,5.379410140449181e-05,-0.6899999976158142,0.0,0.0,-0.30645474791526794,-0.30645474791526794,0.0,0.0,0.4000000059604645,0.0,0.0,0.0,0.4000000059604645,0.0,0.0,0.0,0.4000000059604645,0.0
389,7.78,front_left_arm_to_hand,10,1.5994867086410522,3.8597921303562543e-08,1.600000023841858,0.0,0.0,0.04106519743800163,0.04106519743800163,0.0,0.0,0.4000000059604645,0.0,0.0,0.0,0.4000000059604645,0.0,0.0,0.0,0.4000000059604645,0.0
390,7.8,base_to_front_left_shoulder,2,0.10583428293466568,6.606197530345526e-06,0.10000000149011612,0.0,0.0,-0.46714815497398376,-0.46714815497398376,0.0,0.0,0.4000000059604645,0.0,0.0,0.0,0.4000000059604645,0.0,0.0,0.0,0.4000000059604645,0.0
390,7.8,front_left_shoulder_to_arm,6,-0.6861612796783447,5.4155083489604294e-05,-0.6899999976158142,0.0,0.0,-0.30699101090431213,-0.30699101090431213,0.0,0.0,0.4000000059604645,0.0,0.0,0.0,0.4000000059604645,0.0,0.0,0.0,0.4000000059604645,0.0
390,7.8,front_left_arm_to_hand,10,1.5994867086410522,3.410540472259527e-08,1.600000023841858,0.0,0.0,0.04106519743800163,0.04106519743800163,0.0,0.0,0.4000000059604645,0.0,0.0,0.0,0.4000000059604645,0.0,0.0,0.0,0.4000000059604645,0.0
391,7.82,base_to_front_left_shoulder,2,0.10585643351078033,6.5728136178222485e-06,0.10000000149011612,0.0,0.0,-0.4689217507839203,-0.4689217507839203,0.0,0.0,0.4000000059604645,0.0,0.0,0.0,0.4000000059604645,0.0,0.0,0.0,0.4000000059604645,0.0
391,7.82,front_left_shoulder_to_arm,6,-0.6861546635627747,5.380663787946105e-05,-0.6899999976158142,0.0,0.0,-0.3075181245803833,-0.3075181245803833,0.0,0.0,0.4000000059604645,0.0,0.0,0.0,0.4000000059604645,0.0,0.0,0.0,0.4000000059604645,0.0
391,7.82,front_left_arm_to_hand,10,1.5994867086410522,2.989446556966868e-08,1.600000023841858,0.0,0.0,0.04106520116329193,0.04106520116329193,0.0,0.0,0.4000000059604645,0.0,0.0,0.0,0.4000000059604645,0.0,0.0,0.0,0.4000000059604645,0.0
392,7.84,base_to_front_left_shoulder,2,0.10583615303039551,6.612649485759903e-06,0.10000000149011612,0.0,0.0,-0.4673019349575043,-0.4673019349575043,0.0,0.0,0.4000000059604645,0.0,0.0,0.0,0.4000000059604645,0.0,0.0,0.0,0.4000000059604645,0.0
392,7.84,front_left_shoulder_to_arm,6,-0.6861479878425598,5.4167641792446375e-05,-0.6899999976158142,0.0,0.0,-0.3080543577671051,-0.3080543577671051,0.0,0.0,0.4000000059604645,0.0,0.0,0.0,0.4000000059604645,0.0,0.0,0.0,0.4000000059604645,0.0
392,7.84,front_left_arm_to_hand,10,1.5994867086410522,4.318365043332051e-08,1.600000023841858,0.0,0.0,0.04106520116329193,0.04106520116329193,0.0,0.0,0.4000000059604645,0.0,0.0,0.0,0.4000000059604645,0.0,0.0,0.0,0.4000000059604645,0.0
393,7.86,base_to_front_left_shoulder,2,0.10585840046405792,1.2235113899805583e-07,0.10000000149011612,0.0,0.0,-0.46894994378089905,-0.46894994378089905,0.0,0.0,0.4000000059604645,0.0,0.0,0.0,0.4000000059604645,0.0,0.0,0.0,0.4000000059604645,0.0
393,7.86,front_left_shoulder_to_arm,6,-0.6862066984176636,1.0753202559499186e-06,-0.6899999976158142,0.0,0.0,-0.30247586965560913,-0.30247586965560913,0.0,0.0,0.4000000059604645,0.0,0.0,0.0,0.4000000059604645,0.0,0.0,0.0,0.4000000059604645,0.0
393,7.86,front_left_arm_to_hand,10,1.5994867086410522,5.398893554442452e-10,1.600000023841858,0.0,0.0,0.04106592386960983,0.04106592386960983,0.0,0.0,0.4000000059604645,0.0,0.0,0.0,0.4000000059604645,0.0,0.0,0.0,0.4000000059604645,0.0
394,7.88,base_to_front_left_shoulder,2,0.10583901405334473,6.611821845581289e-06,0.10000000149011612,0.0,0.0,-0.46751293540000916,-0.46751293540000916,0.0,0.0,0.4000000059604645,0.0,0.0,0.0,0.4000000059604645,0.0,0.0,0.0,0.4000000059604645,0.0
394,7.88,front_left_shoulder_to_arm,6,-0.6862000823020935,5.412771861301735e-05,-0.6899999976158142,0.0,0.0,-0.3038867712020874,-0.3038867712020874,0.0,0.0,0.4000000059604645,0.0,0.0,0.0,0.4000000059604645,0.0,0.0,0.0,0.4000000059604645,0.0
394,7.88,front_left_arm_to_hand,10,1.5994867086410522,4.400548547778271e-08,1.600000023841858,0.0,0.0,0.04106519743800163,0.04106519743800163,0.0,0.0,0.4000000059604645,0.0,0.0,0.0,0.4000000059604645,0.0,0.0,0.0,0.4000000059604645,0.0
395,7.9,base_to_front_left_shoulder,2,0.10581950843334198,6.6094098656321876e-06,0.10000000149011612,0.0,0.0,-0.46595486998558044,-0.46595486998558044,0.0,0.0,0.4000000059604645,0.0,0.0,0.0,0.4000000059604645,0.0,0.0,0.0,0.4000000059604645,0.0
395,7.9,front_left_shoulder_to_arm,6,-0.6861934065818787,5.4143725719768554e-05,-0.6899999976158142,0.0,0.0,-0.3044208288192749,-0.3044208288192749,0.0,0.0,0.4000000059604645,0.0,0.0,0.0,0.4000000059604645,0.0,0.0,0.0,0.4000000059604645,0.0
395,7.9,front_left_arm_to_hand,10,1.5994867086410522,4.681156440256018e-08,1.600000023841858,0.0,0.0,0.041065193712711334,0.041065193712711334,0.0,0.0,0.4000000059604645,0.0,0.0,0.0,0.4000000059604645,0.0,0.0,0.0,0.4000000059604645,0.0
396,7.92,base_to_front_left_shoulder,2,0.105842225253582,6.6157144829048775e-06,0.10000000149011612,0.0,0.0,-0.4677745997905731,-0.4677745997905731,0.0,0.0,0.4000000059604645,0.0,0.0,0.0,0.4000000059604645,0.0,0.0,0.0,0.4000000059604645,0.0
396,7.92,front_left_shoulder_to_arm,6,-0.6861867308616638,5.413134931586683e-05,-0.6899999976158142,0.0,0.0,-0.3049548864364624,-0.3049548864364624,0.0,0.0,0.4000000059604645,0.0,0.0,0.0,0.4000000059604645,0.0,0.0,0.0,0.4000000059604645,0.0
396,7.92,front_left_arm_to_hand,10,1.5994867086410522,3.514751512057046e-08,1.600000023841858,0.0,0.0,0.041065193712711334,0.041065193712711334,0.0,0.0,0.4000000059604645,0.0,0.0,0.0,0.4000000059604645,0.0,0.0,0.0,0.4000000059604645,0.0
397,7.94,base_to_front_left_shoulder,2,0.10582248121500015,6.610805939999409e-06,0.10000000149011612,0.0,0.0,-0.4661974608898163,-0.4661974608898163,0.0,0.0,0.4000000059604645,0.0,0.0,0.0,0.4000000059604645,0.0,0.0,0.0,0.4000000059604645,0.0
397,7.94,front_left_shoulder_to_arm,6,-0.686180055141449,5.4155156249180436e-05,-0.6899999976158142,0.0,0.0,-0.3054889440536499,-0.3054889440536499,0.0,0.0,0.4000000059604645,0.0,0.0,0.0,0.4000000059604645,0.0,0.0,0.0,0.4000000059604645,0.0
397,7.94,front_left_arm_to_hand,10,1.5994867086410522,4.360120797741729e-08,1.600000023841858,0.0,0.0,0.04106519743800163,0.04106519743800163,0.0,0.0,0.4000000059604645,0.0,0.0,0.0,0.4000000059604645,0.0,0.0,0.0,0.4000000059604645,0.0
398,7.96,base_to_front_left_shoulder,2,0.10584492236375809,6.6195598265039735e-06,0.10000000149011612,0.0,0.0,-0.46799513697624207,-0.46799513697624207,0.0,0.0,0.4000000059604645,0.0,0.0,0.0,0.4000000059604645,0.0,0.0,0.0,0.4000000059604645,0.0
398,7.96,front_left_shoulder_to_arm,6,-0.6861733794212341,5.414832412498072e-05,-0.6899999976158142,0.0,0.0,-0.3060230016708374,-0.3060230016708374,0.0,0.0,0.4000000059604645,0.0,0.0,0.0,0.4000000059604645,0.0,0.0,0.0,0.4000000059604645,0.0
398,7.96,front_left_arm_to_hand,10,1.5994867086410522,3.167894746525235e-08,1.600000023841858,0.0,0.0,0.04106520116329193,0.04106520116329193,0.0,0.0,0.4000000059604645,0.0,0.0,0.0,0.4000000059604645,0.0,0.0,0.0,0.4000000059604645,0.0
399,7.98,base_to_front_left_shoulder,2,0.10582496225833893,6.6098145907744765e-06,0.10000000149011612,0.0,0.0,-0.4664001166820526,-0.4664001166820526,0.0,0.0,0.4000000059604645,0.0,0.0,0.0,0.4000000059604645,0.0,0.0,0.0,0.4000000059604645,0.0
399,7.98,front_left_shoulder_to_arm,6,-0.6861667037010193,5.4154268582351506e-05,-0.6899999976158142,0.0,0.0,-0.3065570890903473,-0.3065570890903473,0.0,0.0,0.4000000059604645,0.0,0.0,0.0,0.4000000059604645,0.0,0.0,0.0,0.4000000059604645,0.0
399,7.98,front_left_arm_to_hand,10,1.5994867086410522,3.124051062286526e-08,1.600000023841858,0.0,0.0,0.04106520116329193,0.04106520116329193,0.0,0.0,0.4000000059604645,0.0,0.0,0.0,0.4000000059604645,0.0,0.0,0.0,0.4000000059604645,0.0
400,8.0,base_to_front_left_shoulder,2,0.10584715753793716,6.608002877328545e-06,0.10000000149011612,0.0,0.0,-0.4681781232357025,-0.4681781232357025,0.0,0.0,0.4000000059604645,0.0,0.0,0.0,0.4000000059604645,0.0,0.0,0.0,0.4000000059604645,0.0
400,8.0,front_left_shoulder_to_arm,6,-0.6861600875854492,5.415768828243017e-05,-0.6899999976158142,0.0,0.0,-0.30708637833595276,-0.30708637833595276,0.0,0.0,0.4000000059604645,0.0,0.0,0.0,0.4000000059604645,0.0,0.0,0.0,0.4000000059604645,0.0
400,8.0,front_left_arm_to_hand,10,1.5994867086410522,4.656409657854965e-08,1.600000023841858,0.0,0.0,0.04106519743800163,0.04106519743800163,0.0,0.0,0.4000000059604645,0.0,0.0,0.0,0.4000000059604645,0.0,0.0,0.0,0.4000000059604645,0.0
401,8.02,base_to_front_left_shoulder,2,0.1058269664645195,6.612043762288522e-06,0.10000000149011612,0.0,0.0,-0.46656522154808044,-0.46656522154808044,0.0,0.0,0.4000000059604645,0.0,0.0,0.0,0.4000000059604645,0.0,0.0,0.0,0.4000000059604645,0.0
401,8.02,front_left_shoulder_to_arm,6,-0.6861534118652344,5.4164200264494866e-05,-0.6899999976158142,0.0,0.0,-0.30762040615081787,-0.30762040615081787,0.0,0.0,0.4000000059604645,0.0,0.0,0.0,0.4000000059604645,0.0,0.0,0.0,0.4000000059604645,0.0
401,8.02,front_left_arm_to_hand,10,1.5994867086410522,4.322017232993858e-08,1.600000023841858,0.0,0.0,0.041065189987421036,0.041065189987421036,0.0,0.0,0.4000000059604645,0.0,0.0,0.0,0.4000000059604645,0.0,0.0,0.0,0.4000000059604645,0.0
402,8.040000000000001,base_to_front_left_shoulder,2,0.10584890842437744,6.6142929426860064e-06,0.10000000149011612,0.0,0.0,-0.4683229625225067,-0.4683229625225067,0.0,0.0,0.4000000059604645,0.0,0.0,0.0,0.4000000059604645,0.0,0.0,0.0,0.4000000059604645,0.0
402,8.040000000000001,front_left_shoulder_to_arm,6,-0.6861467957496643,5.41790941497311e-05,-0.6899999976158142,0.0,0.0,-0.3081497251987457,-0.3081497251987457,0.0,0.0,0.4000000059604645,0.0,0.0,0.0,0.4000000059604645,0.0,0.0,0.0,0.4000000059604645,0.0
402,8.040000000000001,front_left_arm_to_hand,10,1.5994867086410522,4.103833006752211e-08,1.600000023841858,0.0,0.0,0.04106519743800163,0.04106519743800163,0.0,0.0,0.4000000059604645,0.0,0.0,0.0,0.4000000059604645,0.0,0.0,0.0,0.4000000059604645,0.0
403,8.06,base_to_front_left_shoulder,2,0.10582846403121948,6.6006587076117285e-06,0.10000000149011612,0.0,0.0,-0.46669039130210876,-0.46669039130210876,0.0,0.0,0.4000000059604645,0.0,0.0,0.0,0.4000000059604645,0.0,0.0,0.0,0.4000000059604645,0.0
403,8.06,front_left_shoulder_to_arm,6,-0.6861401200294495,5.4154093959368765e-05,-0.6899999976158142,0.0,0.0,-0.3086837828159332,-0.3086837828159332,0.0,0.0,0.4000000059604645,0.0,0.0,0.0,0.4000000059604645,0.0,0.0,0.0,0.4000000059604645,0.0
403,8.06,front_left_arm_to_hand,10,1.5994867086410522,4.094319905334487e-08,1.600000023841858,0.0,0.0,0.04106519743800163,0.04106519743800163,0.0,0.0,0.4000000059604645,0.0,0.0,0.0,0.4000000059604645,0.0,0.0,0.0,0.4000000059604645,0.0
404,8.08,base_to_front_left_shoulder,2,0.10585107654333115,6.602774192288052e-06,0.10000000149011612,0.0,0.0,-0.4684784412384033,-0.4684784412384033,0.0,0.0,0.4000000059604645,0.0,0.0,0.0,0.4000000059604645,0.0,0.0,0.0,0.4000000059604645,0.0
404,8.08,front_left_shoulder_to_arm,6,-0.6861990690231323,5.4100055422168225e-05,-0.6899999976158142,0.0,0.0,-0.303967148065567,-0.303967148065567,0.0,0.0,0.4000000059604645,0.0,0.0,0.0,0.4000000059604645,0.0,0.0,0.0,0.4000000059604645,0.0
404,8.08,front_left_arm_to_hand,10,1.5994867086410522,3.225084554969726e-08,1.600000023841858,0.0,0.0,0.04106519743800163,0.04106519743800163,0.0,0.0,0.4000000059604645,0.0,0.0,0.0,0.4000000059604645,0.0,0.0,0.0,0.4000000059604645,0.0
405,8.1,base_to_front_left_shoulder,2,0.1058315560221672,6.61385365674505e-06,0.10000000149011612,0.0,0.0,-0.4669186770915985,-0.4669186770915985,0.0,0.0,0.4000000059604645,0.0,0.0,0.0,0.4000000059604645,0.0,0.0,0.0,0.4000000059604645,0.0
405,8.1,front_left_shoulder_to_arm,6,-0.6861923933029175,5.4146163165569305e-05,-0.6899999976158142,0.0,0.0,-0.30450189113616943,-0.30450189113616943,0.0,0.0,0.4000000059604645,0.0,0.0,0.0,0.4000000059604645,0.0,0.0,0.0,0.4000000059604645,0.0
405,8.1,front_left_arm_to_hand,10,1.5994867086410522,3.8443637606633274e-08,1.600000023841858,0.0,0.0,0.041065189987421036,0.041065189987421036,0.0,0.0,0.4000000059604645,0.0,0.0,0.0,0.4000000059604645,0.0,0.0,0.0,0.4000000059604645,0.0
406,8.120000000000001,base_to_front_left_shoulder,2,0.10585421323776245,6.5637777879601344e-06,0.10000000149011612,0.0,0.0,-0.4687328040599823,-0.4687328040599823,0.0,0.0,0.4000000059604645,0.0,0.0,0.0,0.4000000059604645,0.0,0.0,0.0,0.4000000059604645,0.0
406,8.120000000000001,front_left_shoulder_to_arm,6,-0.6861857175827026,5.378215428208932e-05,-0.6899999976158142,0.0,0.0,-0.3050290048122406,-0.3050290048122406,0.0,0.0,0.4000000059604645,0.0,0.0,0.0,0.4000000059604645,0.0,0.0,0.0,0.4000000059604645,0.0
406,8.120000000000001,front_left_arm_to_hand,10,1.5994867086410522,3.788737856780244e-08,1.600000023841858,0.0,0.0,0.04106520116329193,0.04106520116329193,0.0,0.0,0.4000000059604645,0.0,0.0,0.0,0.4000000059604645,0.0,0.0,0.0,0.4000000059604645,0.0
407,8.14,base_to_front_left_shoulder,2,0.1058344691991806,6.60666137264343e-06,0.10000000149011612,0.0,0.0,-0.4671564996242523,-0.4671564996242523,0.0,0.0,0.4000000059604645,0.0,0.0,0.0,0.4000000059604645,0.0,0.0,0.0,0.4000000059604645,0.0
407,8.14,front_left_shoulder_to_arm,6,-0.6861790418624878,5.416569911176339e-05,-0.6899999976158142,0.0,0.0,-0.3055700361728668,-0.3055700361728668,0.0,0.0,0.4000000059604645,0.0,0.0,0.0,0.4000000059604645,0.0,0.0,0.0,0.4000000059604645,0.0
407,8.14,front_left_arm_to_hand,10,1.5994867086410522,3.010796234548252e-08,1.600000023841858,0.0,0.0,0.04106519743800163,0.04106519743800163,0.0,0.0,0.4000000059604645,0.0,0.0,0.0,0.4000000059604645,0.0,0.0,0.0,0.4000000059604645,0.0
408,8.16,base_to_front_left_shoulder,2,0.10585685074329376,6.574236067535821e-06,0.10000000149011612,0.0,0.0,-0.4689485728740692,-0.4689485728740692,0.0,0.0,0.4000000059604645,0.0,0.0,0.0,0.4000000059604645,0.0,0.0,0.0,0.4000000059604645,0.0
408,8.16,front_left_shoulder_to_arm,6,-0.686172366142273,5.3777112043462694e-05,-0.6899999976158142,0.0,0.0,-0.306097149848938,-0.306097149848938,0.0,0.0,0.4000000059604645,0.0,0.0,0.0,0.4000000059604645,0.0,0.0,0.0,0.4000000059604645,0.0
408,8.16,front_left_arm_to_hand,10,1.5994867086410522,4.312004975304262e-08,1.600000023841858,0.0,0.0,0.04106519743800163,0.04106519743800163,0.0,0.0,0.4000000059604645,0.0,0.0,0.0,0.4000000059604645,0.0,0.0,0.0,0.4000000059604645,0.0
409,8.18,base_to_front_left_shoulder,2,0.10583686828613281,6.603986548725516e-06,0.10000000149011612,0.0,0.0,-0.4673531949520111,-0.4673531949520111,0.0,0.0,0.4000000059604645,0.0,0.0,0.0,0.4000000059604645,0.0,0.0,0.0,0.4000000059604645,0.0
409,8.18,front_left_shoulder_to_arm,6,-0.6861656904220581,5.4170835937839e-05,-0.6899999976158142,0.0,0.0,-0.30663812160491943,-0.30663812160491943,0.0,0.0,0.4000000059604645,0.0,0.0,0.0,0.4000000059604645,0.0,0.0,0.0,0.4000000059604645,0.0
409,8.18,front_left_arm_to_hand,10,1.5994867086410522,4.174668077894239e-08,1.600000023841858,0.0,0.0,0.04106520488858223,0.04106520488858223,0.0,0.0,0.4000000059604645,0.0,0.0,0.0,0.4000000059604645,0.0,0.0,0.0,0.4000000059604645,0.0
410,8.2,base_to_front_left_shoulder,2,0.10585898905992508,6.572002348548267e-06,0.10000000149011612,0.0,0.0,-0.4691244065761566,-0.4691244065761566,0.0,0.0,0.4000000059604645,0.0,0.0,0.0,0.4000000059604645,0.0,0.0,0.0,0.4000000059604645,0.0
410,8.2,front_left_shoulder_to_arm,6,-0.686159074306488,5.379456706577912e-05,-0.6899999976158142,0.0,0.0,-0.307165265083313,-0.307165265083313,0.0,0.0,0.4000000059604645,0.0,0.0,0.0,0.4000000059604645,0.0,0.0,0.0,0.4000000059604645,0.0
410,8.2,front_left_arm_to_hand,10,1.5994867086410522,3.8598059859396017e-08,1.600000023841858,0.0,0.0,0.04106520116329193,0.04106520116329193,0.0,0.0,0.4000000059604645,0.0,0.0,0.0,0.4000000059604645,0.0,0.0,0.0,0.4000000059604645,0.0
411,8.22,base_to_front_left_shoulder,2,0.10583876818418503,6.62409274809761e-06,0.10000000149011612,0.0,0.0,-0.4675099551677704,-0.4675099551677704,0.0,0.0,0.4000000059604645,0.0,0.0,0.0,0.4000000059604645,0.0,0.0,0.0,0.4000000059604645,0.0
411,8.22,front_left_shoulder_to_arm,6,-0.6861523985862732,5.4145086323842406e-05,-0.6899999976158142,0.0,0.0,-0.3077014982700348,-0.3077014982700348,0.0,0.0,0.4000000059604645,0.0,0.0,0.0,0.4000000059604645,0.0,0.0,0.0,0.4000000059604645,0.0
411,8.22,front_left_arm_to_hand,10,1.5994867086410522,4.846399193070283e-08,1.600000023841858,0.0,0.0,0.041065193712711334,0.041065193712711334,0.0,0.0,0.4000000059604645,0.0,0.0,0.0,0.4000000059604645,0.0,0.0,0.0,0.4000000059604645,0.0
412,8.24,base_to_front_left_shoulder,2,0.10586098581552505,1.3914137753090472e-07,0.10000000149011612,0.0,0.0,-0.4691554605960846,-0.4691554605960846,0.0,0.0,0.4000000059604645,0.0,0.0,0.0,0.4000000059604645,0.0,0.0,0.0,0.4000000059604645,0.0
412,8.24,front_left_shoulder_to_arm,6,-0.6862106919288635,1.2393879842420574e-06,-0.6899999976158142,0.0,0.0,-0.30215537548065186,-0.30215537548065186,0.0,0.0,0.4000000059604645,0.0,0.0,0.0,0.4000000059604645,0.0,0.0,0.0,0.4000000059604645,0.0
412,8.24,front_left_arm_to_hand,10,1.5994867086410522,8.128523631967255e-09,1.600000023841858,0.0,0.0,0.04106592759490013,0.04106592759490013,0.0,0.0,0.4000000059604645,0.0,0.0,0.0,0.4000000059604645,0.0,0.0,0.0,0.4000000059604645,0.0
413,8.26,base_to_front_left_shoulder,2,0.10584165900945663,6.610110176552553e-06,0.10000000149011612,0.0,0.0,-0.4677233397960663,-0.4677233397960663,0.0,0.0,0.4000000059604645,0.0,0.0,0.0,0.4000000059604645,0.0,0.0,0.0,0.4000000059604645,0.0
413,8.26,front_left_shoulder_to_arm,6,-0.6862040758132935,5.4148891649674624e-05,-0.6899999976158142,0.0,0.0,-0.3035672903060913,-0.3035672903060913,0.0,0.0,0.4000000059604645,0.0,0.0,0.0,0.4000000059604645,0.0,0.0,0.0,0.4000000059604645,0.0
413,8.26,front_left_arm_to_hand,10,1.5994867086410522,4.0318795413440967e-08,1.600000023841858,0.0,0.0,0.04106519743800163,0.04106519743800163,0.0,0.0,0.4000000059604645,0.0,0.0,0.0,0.4000000059604645,0.0,0.0,0.0,0.4000000059604645,0.0
414,8.28,base_to_front_left_shoulder,2,0.10582221299409866,6.610425771214068e-06,0.10000000149011612,0.0,0.0,-0.4661700427532196,-0.4661700427532196,0.0,0.0,0.4000000059604645,0.0,0.0,0.0,0.4000000059604645,0.0,0.0,0.0,0.4000000059604645,0.0
414,8.28,front_left_shoulder_to_arm,6,-0.6861974000930786,5.4156094847712666e-05,-0.6899999976158142,0.0,0.0,-0.3041013479232788,-0.3041013479232788,0.0,0.0,0.4000000059604645,0.0,0.0,0.0,0.4000000059604645,0.0,0.0,0.0,0.4000000059604645,0.0
414,8.28,front_left_arm_to_hand,10,1.5994867086410522,4.3204035904409466e-08,1.600000023841858,0.0,0.0,0.041065193712711334,0.041065193712711334,0.0,0.0,0.4000000059604645,0.0,0.0,0.0,0.4000000059604645,0.0,0.0,0.0,0.4000000059604645,0.0
415,8.3,base_to_front_left_shoulder,2,0.1058449000120163,6.626419235544745e-06,0.10000000149011612,0.0,0.0,-0.4679867923259735,-0.4679867923259735,0.0,0.0,0.4000000059604645,0.0,0.0,0.0,0.4000000059604645,0.0,0.0,0.0,0.4000000059604645,0.0
415,8.3,front_left_shoulder_to_arm,6,-0.6861907243728638,5.413901089923456e-05,-0.6899999976158142,0.0,0.0,-0.3046354055404663,-0.3046354055404663,0.0,0.0,0.4000000059604645,0.0,0.0,0.0,0.4000000059604645,0.0,0.0,0.0,0.4000000059604645,0.0
415,8.3,front_left_arm_to_hand,10,1.5994867086410522,2.9176973725952848e-08,1.600000023841858,0.0,0.0,0.041065193712711334,0.041065193712711334,0.0,0.0,0.4000000059604645,0.0,0.0,0.0,0.4000000059604645,0.0,0.0,0.0,0.4000000059604645,0.0
416,8.32,base_to_front_left_shoulder,2,0.10582524538040161,6.615655365749262e-06,0.10000000149011612,0.0,0.0,-0.4664168059825897,-0.4664168059825897,0.0,0.0,0.4000000059604645,0.0,0.0,0.0,0.4000000059604645,0.0,0.0,0.0,0.4000000059604645,0.0
416,8.32,front_left_shoulder_to_arm,6,-0.6861840486526489,5.413733015302569e-05,-0.6899999976158142,0.0,0.0,-0.3051694929599762,-0.3051694929599762,0.0,0.0,0.4000000059604645,0.0,0.0,0.0,0.4000000059604645,0.0,0.0,0.0,0.4000000059604645,0.0
416,8.32,front_left_arm_to_hand,10,1.5994867086410522,4.651380791642623e-08,1.600000023841858,0.0,0.0,0.04106520116329193,0.04106520116329193,0.0,0.0,0.4000000059604645,0.0,0.0,0.0,0.4000000059604645,0.0,0.0,0.0,0.4000000059604645,0.0
417,8.34,base_to_front_left_shoulder,2,0.10584782809019089,6.617641702177934e-06,0.10000000149011612,0.0,0.0,-0.46822577714920044,-0.46822577714920044,0.0,0.0,0.4000000059604645,0.0,0.0,0.0,0.4000000059604645,0.0,0.0,0.0,0.4000000059604645,0.0
417,8.34,front_left_shoulder_to_arm,6,-0.6861773729324341,5.4134492529556155e-05,-0.6899999976158142,0.0,0.0,-0.30570337176322937,-0.30570337176322937,0.0,0.0,0.4000000059604645,0.0,0.0,0.0,0.4000000059604645,0.0,0.0,0.0,0.4000000059604645,0.0
417,8.34,front_left_arm_to_hand,10,1.5994867086410522,4.1210959977888706e-08,1.600000023841858,0.0,0.0,0.04106520116329193,0.04106520116329193,0.0,0.0,0.4000000059604645,0.0,0.0,0.0,0.4000000059604645,0.0,0.0,0.0,0.4000000059604645,0.0
418,8.36,base_to_front_left_shoulder,2,0.1058279350399971,6.602497705898713e-06,0.10000000149011612,0.0,0.0,-0.4666367471218109,-0.4666367471218109,0.0,0.0,0.4000000059604645,0.0,0.0,0.0,0.4000000059604645,0.0,0.0,0.0,0.4000000059604645,0.0
418,8.36,front_left_shoulder_to_arm,6,-0.6861706972122192,5.41453409823589e-05,-0.6899999976158142,0.0,0.0,-0.3062376081943512,-0.3062376081943512,0.0,0.0,0.4000000059604645,0.0,0.0,0.0,0.4000000059604645,0.0,0.0,0.0,0.4000000059604645,0.0
418,8.36,front_left_arm_to_hand,10,1.5994867086410522,3.9272325835781885e-08,1.600000023841858,0.0,0.0,0.04106519743800163,0.04106519743800163,0.0,0.0,0.4000000059604645,0.0,0.0,0.0,0.4000000059604645,0.0,0.0,0.0,0.4000000059604645,0.0
419,8.38,base_to_front_left_shoulder,2,0.10585025697946548,6.6079364842153154e-06,0.10000000149011612,0.0,0.0,-0.46842485666275024,-0.46842485666275024,0.0,0.0,0.4000000059604645,0.0,0.0,0.0,0.4000000059604645,0.0,0.0,0.0,0.4000000059604645,0.0
419,8.38,front_left_shoulder_to_arm,6,-0.6861640810966492,5.417046486400068e-05,-0.6899999976158142,0.0,0.0,-0.30676668882369995,-0.30676668882369995,0.0,0.0,0.4000000059604645,0.0,0.0,0.0,0.4000000059604645,0.0,0.0,0.0,0.4000000059604645,0.0
419,8.38,front_left_arm_to_hand,10,1.5994867086410522,4.322920688082377e-08,1.600000023841858,0.0,0.0,0.04106519743800163,0.04106519743800163,0.0,0.0,0.4000000059604645,0.0,0.0,0.0,0.4000000059604645,0.0,0.0,0.0,0.4000000059604645,0.0
420,8.4,base_to_front_left_shoulder,2,0.1058301255106926,6.611962817260064e-06,0.10000000149011612,0.0,0.0,-0.4668167531490326,-0.4668167531490326,0.0,0.0,0.4000000059604645,0.0,0.0,0.0,0.4000000059604645,0.0,0.0,0.0,0.4000000059604645,0.0
420,8.4,front_left_shoulder_to_arm,6,-0.6861574053764343,5.416356725618243e-05,-0.6899999976158142,0.0,0.0,-0.30730095505714417,-0.30730095505714417,0.0,0.0,0.4000000059604645,0.0,0.0,0.0,0.4000000059604645,0.0,0.0,0.0,0.4000000059604645,0.0
420,8.4,front_left_arm_to_hand,10,1.5994867086410522,3.2934213578528215e-08,1.600000023841858,0.0,0.0,0.04106520488858223,0.04106520488858223,0.0,0.0,0.4000000059604645,0.0,0.0,0.0,0.4000000059604645,0.0,0.0,0.0,0.4000000059604645,0.0
421,8.42,base_to_front_left_shoulder,2,0.10585219413042068,6.61084231978748e-06,0.10000000149011612,0.0,0.0,-0.4685845971107483,-0.4685845971107483,0.0,0.0,0.4000000059604645,0.0,0.0,0.0,0.4000000059604645,0.0,0.0,0.0,0.4000000059604645,0.0
421,8.42,front_left_shoulder_to_arm,6,-0.6861507892608643,5.4156094847712666e-05,-0.6899999976158142,0.0,0.0,-0.3078300654888153,-0.3078300654888153,0.0,0.0,0.4000000059604645,0.0,0.0,0.0,0.4000000059604645,0.0,0.0,0.0,0.4000000059604645,0.0
421,8.42,front_left_arm_to_hand,10,1.5994867086410522,3.254154989917879e-08,1.600000023841858,0.0,0.0,0.04106519743800163,0.04106519743800163,0.0,0.0,0.4000000059604645,0.0,0.0,0.0,0.4000000059604645,0.0,0.0,0.0,0.4000000059604645,0.0
422,8.44,base_to_front_left_shoulder,2,0.1058318242430687,6.609895535802934e-06,0.10000000149011612,0.0,0.0,-0.4669574201107025,-0.4669574201107025,0.0,0.0,0.4000000059604645,0.0,0.0,0.0,0.4000000059604645,0.0,0.0,0.0,0.4000000059604645,0.0
422,8.44,front_left_shoulder_to_arm,6,-0.6861441135406494,5.416490603238344e-05,-0.6899999976158142,0.0,0.0,-0.30836430191993713,-0.30836430191993713,0.0,0.0,0.4000000059604645,0.0,0.0,0.0,0.4000000059604645,0.0,0.0,0.0,0.4000000059604645,0.0
422,8.44,front_left_arm_to_hand,10,1.5994867086410522,3.608736420801506e-08,1.600000023841858,0.0,0.0,0.04106519743800163,0.04106519743800163,0.0,0.0,0.4000000059604645,0.0,0.0,0.0,0.4000000059604645,0.0,0.0,0.0,0.4000000059604645,0.0
423,8.46,base_to_front_left_shoulder,2,0.10585425794124603,6.435016985051334e-06,0.10000000149011612,0.0,0.0,-0.46872860193252563,-0.46872860193252563,0.0,0.0,0.4000000059604645,0.0,0.0,0.0,0.4000000059604645,0.0,0.0,0.0,0.4000000059604645,0.0
423,8.46,front_left_shoulder_to_arm,6,-0.6862029433250427,5.276073352433741e-05,-0.6899999976158142,0.0,0.0,-0.3036360740661621,-0.3036360740661621,0.0,0.0,0.4000000059604645,0.0,0.0,0.0,0.4000000059604645,0.0,0.0,0.0,0.4000000059604645,0.0
423,8.46,front_left_arm_to_hand,10,1.5994867086410522,4.625754357334699e-08,1.600000023841858,0.0,0.0,0.04106521233916283,0.04106521233916283,0.0,0.0,0.4000000059604645,0.0,0.0,0.0,0.4000000059604645,0.0,0.0,0.0,0.4000000059604645,0.0
424,8.48,base_to_front_left_shoulder,2,0.10583481192588806,6.595541890419554e-06,0.10000000149011612,0.0,0.0,-0.46717795729637146,-0.46717795729637146,0.0,0.0,0.4000000059604645,0.0,0.0,0.0,0.4000000059604645,0.0,0.0,0.0,0.4000000059604645,0.0
424,8.48,front_left_shoulder_to_arm,6,-0.6861962676048279,5.4159398132469505e-05,-0.6899999976158142,0.0,0.0,-0.3041919767856598,-0.3041919767856598,0.0,0.0,0.4000000059604645,0.0,0.0,0.0,0.4000000059604645,0.0,0.0,0.0,0.4000000059604645,0.0
424,8.48,front_left_arm_to_hand,10,1.5994867086410522,3.1092991292780425e-08,1.600000023841858,0.0,0.0,0.04106520116329193,0.04106520116329193,0.0,0.0,0.4000000059604645,0.0,0.0,0.0,0.4000000059604645,0.0,0.0,0.0,0.4000000059604645,0.0
425,8.5,base_to_front_left_shoulder,2,0.10585757344961166,4.966515916748904e-06,0.10000000149011612,0.0,0.0,-0.4656151235103607,-0.4656151235103607,0.0,0.0,0.4000000059604645,0.0,0.0,0.0,0.4000000059604645,0.0,0.0,0.0,0.4000000059604645,0.0
425,8.5,front_left_shoulder_to_arm,6,-0.686189591884613,4.022772191092372e-05,-0.6899999976158142,0.0,0.0,-0.3047260344028473,-0.3047260344028473,0.0,0.0,0.4000000059604645,0.0,0.0,0.0,0.4000000059604645,0.0,0.0,0.0,0.4000000059604645,0.0
425,8.5,front_left_arm_to_hand,10,1.5994867086410522,2.2999753213071017e-08,1.600000023841858,0.0,0.0,0.041065193712711334,0.041065193712711334,0.0,0.0,0.4000000059604645,0.0,0.0,0.0,0.4000000059604645,0.0,0.0,0.0,0.4000000059604645,0.0
426,8.52,base_to_front_left_shoulder,2,0.10583788901567459,6.616236532863695e-06,0.10000000149011612,0.0,0.0,-0.46742889285087585,-0.46742889285087585,0.0,0.0,0.4000000059604645,0.0,0.0,0.0,0.4000000059604645,0.0,0.0,0.0,0.4000000059604645,0.0
426,8.52,front_left_shoulder_to_arm,6,-0.6861829161643982,5.414902261691168e-05,-0.6899999976158142,0.0,0.0,-0.3052600920200348,-0.3052600920200348,0.0,0.0,0.4000000059604645,0.0,0.0,0.0,0.4000000059604645,0.0,0.0,0.0,0.4000000059604645,0.0
426,8.52,front_left_arm_to_hand,10,1.5994867086410522,4.8209830794121444e-08,1.600000023841858,0.0,0.0,0.04106520116329193,0.04106520116329193,0.0,0.0,0.4000000059604645,0.0,0.0,0.0,0.4000000059604645,0.0,0.0,0.0,0.4000000059604645,0.0
427,8.540000000000001,base_to_front_left_shoulder,2,0.10586037486791611,4.9693562687025405e-06,0.10000000149011612,0.0,0.0,-0.465846985578537,-0.465846985578537,0.0,0.0,0.4000000059604645,0.0,0.0,0.0,0.4000000059604645,0.0,0.0,0.0,0.4000000059604645,0.0
427,8.540000000000001,front_left_shoulder_to_arm,6,-0.6861762404441833,4.025026646559127e-05,-0.6899999976158142,0.0,0.0,-0.3057941496372223,-0.3057941496372223,0.0,0.0,0.4000000059604645,0.0,0.0,0.0,0.4000000059604645,0.0,0.0,0.0,0.4000000059604645,0.0
427,8.540000000000001,front_left_arm_to_hand,10,1.5994867086410522,2.674115506806629e-08,1.600000023841858,0.0,0.0,0.041065193712711334,0.041065193712711334,0.0,0.0,0.4000000059604645,0.0,0.0,0.0,0.4000000059604645,0.0,0.0,0.0,0.4000000059604645,0.0
428,8.56,base_to_front_left_shoulder,2,0.10584045201539993,6.609283445868641e-06,0.10000000149011612,0.0,0.0,-0.46763870120048523,-0.46763870120048523,0.0,0.0,0.4000000059604645,0.0,0.0,0.0,0.4000000059604645,0.0,0.0,0.0,0.4000000059604645,0.0
428,8.56,front_left_shoulder_to_arm,6,-0.6861695647239685,5.414788029156625e-05,-0.6899999976158142,0.0,0.0,-0.3063281774520874,-0.3063281774520874,0.0,0.0,0.4000000059604645,0.0,0.0,0.0,0.4000000059604645,0.0,0.0,0.0,0.4000000059604645,0.0
428,8.56,front_left_arm_to_hand,10,1.5994867086410522,4.7608128994625076e-08,1.600000023841858,0.0,0.0,0.041065193712711334,0.041065193712711334,0.0,0.0,0.4000000059604645,0.0,0.0,0.0,0.4000000059604645,0.0,0.0,0.0,0.4000000059604645,0.0
429,8.58,base_to_front_left_shoulder,2,0.10586267709732056,4.961663762514945e-06,0.10000000149011612,0.0,0.0,-0.46603772044181824,-0.46603772044181824,0.0,0.0,0.4000000059604645,0.0,0.0,0.0,0.4000000059604645,0.0,0.0,0.0,0.4000000059604645,0.0
429,8.58,front_left_shoulder_to_arm,6,-0.6861628890037537,4.027471732115373e-05,-0.6899999976158142,0.0,0.0,-0.3068622648715973,-0.3068622648715973,0.0,0.0,0.4000000059604645,0.0,0.0,0.0,0.4000000059604645,0.0,0.0,0.0,0.4000000059604645,0.0
429,8.58,front_left_arm_to_hand,10,1.5994867086410522,1.7699171905860567e-08,1.600000023841858,0.0,0.0,0.04106519743800163,0.04106519743800163,0.0,0.0,0.4000000059604645,0.0,0.0,0.0,0.4000000059604645,0.0,0.0,0.0,0.4000000059604645,0.0
430,8.6,base_to_front_left_shoulder,2,0.10584251582622528,6.612080142076593e-06,0.10000000149011612,0.0,0.0,-0.4678085744380951,-0.4678085744380951,0.0,0.0,0.4000000059604645,0.0,0.0,0.0,0.4000000059604645,0.0,0.0,0.0,0.4000000059604645,0.0
430,8.6,front_left_shoulder_to_arm,6,-0.6861562728881836,5.4148629715200514e-05,-0.6899999976158142,0.0,0.0,-0.30739155411720276,-0.30739155411720276,0.0,0.0,0.4000000059604645,0.0,0.0,0.0,0.4000000059604645,0.0,0.0,0.0,0.4000000059604645,0.0
430,8.6,front_left_arm_to_hand,10,1.5994867086410522,3.330867315298747e-08,1.600000023841858,0.0,0.0,0.04106519743800163,0.04106519743800163,0.0,0.0,0.4000000059604645,0.0,0.0,0.0,0.4000000059604645,0.0,0.0,0.0,0.4000000059604645,0.0
431,8.620000000000001,base_to_front_left_shoulder,2,0.10586472600698471,-0.00024130978272296488,0.10000000149011612,0.0,0.0,-0.46619030833244324,-0.46619030833244324,0.0,0.0,0.4000000059604645,0.0,0.0,0.0,0.4000000059604645,0.0,0.0,0.0,0.4000000059604645,0.0
431,8.620000000000001,front_left_shoulder_to_arm,6,-0.6862128376960754,-0.0019747347105294466,-0.6899999976158142,0.0,0.0,-0.30792558193206787,-0.30792558193206787,0.0,0.0,0.4000000059604645,0.0,0.0,0.0,0.4000000059604645,0.0,0.0,0.0,0.4000000059604645,0.0
431,8.620000000000001,front_left_arm_to_hand,10,1.5994867086410522,-1.4053666745894589e-06,1.600000023841858,0.0,0.0,0.041065193712711334,0.041065193712711334,0.0,0.0,0.4000000059604645,0.0,0.0,0.0,0.4000000059604645,0.0,0.0,0.0,0.4000000059604645,0.0
432,8.64,base_to_front_left_shoulder,2,0.10584531724452972,6.622454748139717e-06,0.10000000149011612,0.0,0.0,-0.4680142104625702,-0.4680142104625702,0.0,0.0,0.4000000059604645,0.0,0.0,0.0,0.4000000059604645,0.0,0.0,0.0,0.4000000059604645,0.0
432,8.64,front_left_shoulder_to_arm,6,-0.6862078905105591,5.414321640273556e-05,-0.6899999976158142,0.0,0.0,-0.3032620847225189,-0.3032620847225189,0.0,0.0,0.4000000059604645,0.0,0.0,0.0,0.4000000059604645,0.0,0.0,0.0,0.4000000059604645,0.0
432,8.64,front_left_arm_to_hand,10,1.5994867086410522,3.286808336611102e-08,1.600000023841858,0.0,0.0,0.04106519743800163,0.04106519743800163,0.0,0.0,0.4000000059604645,0.0,0.0,0.0,0.4000000059604645,0.0,0.0,0.0,0.4000000059604645,0.0
433,8.66,base_to_front_left_shoulder,2,0.10582596063613892,6.621608918067068e-06,0.10000000149011612,0.0,0.0,-0.46646806597709656,-0.46646806597709656,0.0,0.0,0.4000000059604645,0.0,0.0,0.0,0.4000000059604645,0.0,0.0,0.0,0.4000000059604645,0.0
433,8.66,front_left_shoulder_to_arm,6,-0.6862012147903442,5.4129726777318865e-05,-0.6899999976158142,0.0,0.0,-0.3037961721420288,-0.3037961721420288,0.0,0.0,0.4000000059604645,0.0,0.0,0.0,0.4000000059604645,0.0,0.0,0.0,0.4000000059604645,0.0
433,8.66,front_left_arm_to_hand,10,1.5994867086410522,3.4000951387724854e-08,1.600000023841858,0.0,0.0,0.04106519743800163,0.04106519743800163,0.0,0.0,0.4000000059604645,0.0,0.0,0.0,0.4000000059604645,0.0,0.0,0.0,0.4000000059604645,0.0
434,8.68,base_to_front_left_shoulder,2,0.10584874451160431,6.61960439174436e-06,0.10000000149011612,0.0,0.0,-0.46829313039779663,-0.46829313039779663,0.0,0.0,0.4000000059604645,0.0,0.0,0.0,0.4000000059604645,0.0,0.0,0.0,0.4000000059604645,0.0
434,8.68,front_left_shoulder_to_arm,6,-0.6861945390701294,5.41496483492665e-05,-0.6899999976158142,0.0,0.0,-0.304330050945282,-0.304330050945282,0.0,0.0,0.4000000059604645,0.0,0.0,0.0,0.4000000059604645,0.0,0.0,0.0,0.4000000059604645,0.0
434,8.68,front_left_arm_to_hand,10,1.5994867086410522,4.103857520476595e-08,1.600000023841858,0.0,0.0,0.04106520116329193,0.04106520116329193,0.0,0.0,0.4000000059604645,0.0,0.0,0.0,0.4000000059604645,0.0,0.0,0.0,0.4000000059604645,0.0
435,8.700000000000001,base_to_front_left_shoulder,2,0.1058291494846344,6.602735993510578e-06,0.10000000149011612,0.0,0.0,-0.46672794222831726,-0.46672794222831726,0.0,0.0,0.4000000059604645,0.0,0.0,0.0,0.4000000059604645,0.0,0.0,0.0,0.4000000059604645,0.0
435,8.700000000000001,front_left_shoulder_to_arm,6,-0.6861878633499146,5.414903716882691e-05,-0.6899999976158142,0.0,0.0,-0.3048642873764038,-0.3048642873764038,0.0,0.0,0.4000000059604645,0.0,0.0,0.0,0.4000000059604645,0.0,0.0,0.0,0.4000000059604645,0.0
435,8.700000000000001,front_left_arm_to_hand,10,1.5994867086410522,4.9453767303475615e-08,1.600000023841858,0.0,0.0,0.04106520116329193,0.04106520116329193,0.0,0.0,0.4000000059604645,0.0,0.0,0.0,0.4000000059604645,0.0,0.0,0.0,0.4000000059604645,0.0
436,8.72,base_to_front_left_shoulder,2,0.10585165023803711,6.610989657929167e-06,0.10000000149011612,0.0,0.0,-0.4685303568840027,-0.4685303568840027,0.0,0.0,0.4000000059604645,0.0,0.0,0.0,0.4000000059604645,0.0,0.0,0.0,0.4000000059604645,0.0
436,8.72,front_left_shoulder_to_arm,6,-0.6861811876296997,5.413695180322975e-05,-0.6899999976158142,0.0,0.0,-0.30539819598197937,-0.30539819598197937,0.0,0.0,0.4000000059604645,0.0,0.0,0.0,0.4000000059604645,0.0,0.0,0.0,0.4000000059604645,0.0
436,8.72,front_left_arm_to_hand,10,1.5994867086410522,4.760122251923349e-08,1.600000023841858,0.0,0.0,0.04106519743800163,0.04106519743800163,0.0,0.0,0.4000000059604645,0.0,0.0,0.0,0.4000000059604645,0.0,0.0,0.0,0.4000000059604645,0.0
437,8.74,base_to_front_left_shoulder,2,0.1058318167924881,6.612864126509521e-06,0.10000000149011612,0.0,0.0,-0.4669460952281952,-0.4669460952281952,0.0,0.0,0.4000000059604645,0.0,0.0,0.0,0.4000000059604645,0.0,0.0,0.0,0.4000000059604645,0.0
437,8.74,front_left_shoulder_to_arm,6,-0.6861745119094849,5.4137468396220356e-05,-0.6899999976158142,0.0,0.0,-0.3059324026107788,-0.3059324026107788,0.0,0.0,0.4000000059604645,0.0,0.0,0.0,0.4000000059604645,0.0,0.0,0.0,0.4000000059604645,0.0
437,8.74,front_left_arm_to_hand,10,1.5994867086410522,4.8740947278247404e-08,1.600000023841858,0.0,0.0,0.04106520116329193,0.04106520116329193,0.0,0.0,0.4000000059604645,0.0,0.0,0.0,0.4000000059604645,0.0,0.0,0.0,0.4000000059604645,0.0
438,8.76,base_to_front_left_shoulder,2,0.10585422068834305,6.576640771527309e-06,0.10000000149011612,0.0,0.0,-0.46873995661735535,-0.46873995661735535,0.0,0.0,0.4000000059604645,0.0,0.0,0.0,0.4000000059604645,0.0,0.0,0.0,0.4000000059604645,0.0
438,8.76,front_left_shoulder_to_arm,6,-0.6861678957939148,5.3798350563738495e-05,-0.6899999976158142,0.0,0.0,-0.30645951628685,-0.30645951628685,0.0,0.0,0.4000000059604645,0.0,0.0,0.0,0.4000000059604645,0.0,0.0,0.0,0.4000000059604645,0.0
438,8.76,front_left_arm_to_hand,10,1.5994867086410522,2.1447405629260174e-08,1.600000023841858,0.0,0.0,0.04106520861387253,0.04106520861387253,0.0,0.0,0.4000000059604645,0.0,0.0,0.0,0.4000000059604645,0.0,0.0,0.0,0.4000000059604645,0.0
439,8.78,base_to_front_left_shoulder,2,0.10583414882421494,6.610212949453853e-06,0.10000000149011612,0.0,0.0,-0.4671374261379242,-0.4671374261379242,0.0,0.0,0.4000000059604645,0.0,0.0,0.0,0.4000000059604645,0.0,0.0,0.0,0.4000000059604645,0.0
439,8.78,front_left_shoulder_to_arm,6,-0.6861612200737,5.416967178462073e-05,-0.6899999976158142,0.0,0.0,-0.30699577927589417,-0.30699577927589417,0.0,0.0,0.4000000059604645,0.0,0.0,0.0,0.4000000059604645,0.0,0.0,0.0,0.4000000059604645,0.0
439,8.78,front_left_arm_to_hand,10,1.5994867086410522,2.683640687450861e-08,1.600000023841858,0.0,0.0,0.041065189987421036,0.041065189987421036,0.0,0.0,0.4000000059604645,0.0,0.0,0.0,0.4000000059604645,0.0,0.0,0.0,0.4000000059604645,0.0
440,8.8,base_to_front_left_shoulder,2,0.10585629940032959,6.560095243912656e-06,0.10000000149011612,0.0,0.0,-0.4689110219478607,-0.4689110219478607,0.0,0.0,0.4000000059604645,0.0,0.0,0.0,0.4000000059604645,0.0,0.0,0.0,0.4000000059604645,0.0
440,8.8,front_left_shoulder_to_arm,6,-0.6861546039581299,5.3807583753950894e-05,-0.6899999976158142,0.0,0.0,-0.30752286314964294,-0.30752286314964294,0.0,0.0,0.4000000059604645,0.0,0.0,0.0,0.4000000059604645,0.0,0.0,0.0,0.4000000059604645,0.0
440,8.8,front_left_arm_to_hand,10,1.5994867086410522,1.89796480754012e-08,1.600000023841858,0.0,0.0,0.04106520116329193,0.04106520116329193,0.0,0.0,0.4000000059604645,0.0,0.0,0.0,0.4000000059604645,0.0,0.0,0.0,0.4000000059604645,0.0
441,8.82,base_to_front_left_shoulder,2,0.10583601891994476,6.614000994886737e-06,0.10000000149011612,0.0,0.0,-0.4672912061214447,-0.4672912061214447,0.0,0.0,0.4000000059604645,0.0,0.0,0.0,0.4000000059604645,0.0,0.0,0.0,0.4000000059604645,0.0
441,8.82,front_left_shoulder_to_arm,6,-0.686147928237915,5.416214116849005e-05,-0.6899999976158142,0.0,0.0,-0.30805912613868713,-0.30805912613868713,0.0,0.0,0.4000000059604645,0.0,0.0,0.0,0.4000000059604645,0.0,0.0,0.0,0.4000000059604645,0.0
441,8.82,front_left_arm_to_hand,10,1.5994867086410522,6.268862051683755e-08,1.600000023841858,0.0,0.0,0.041065193712711334,0.041065193712711334,0.0,0.0,0.4000000059604645,0.0,0.0,0.0,0.4000000059604645,0.0,0.0,0.0,0.4000000059604645,0.0
442,8.84,base_to_front_left_shoulder,2,0.10585827380418777,1.1836669955300749e-07,0.10000000149011612,0.0,0.0,-0.46893981099128723,-0.46893981099128723,0.0,0.0,0.4000000059604645,0.0,0.0,0.0,0.4000000059604645,0.0,0.0,0.0,0.4000000059604645,0.0
442,8.84,front_left_shoulder_to_arm,6,-0.6862066388130188,1.063606873685785e-06,-0.6899999976158142,0.0,0.0,-0.3024805784225464,-0.3024805784225464,0.0,0.0,0.4000000059604645,0.0,0.0,0.0,0.4000000059604645,0.0,0.0,0.0,0.4000000059604645,0.0
442,8.84,front_left_arm_to_hand,10,1.5994867086410522,-1.1637099062156153e-09,1.600000023841858,0.0,0.0,0.04106592386960983,0.04106592386960983,0.0,0.0,0.4000000059604645,0.0,0.0,0.0,0.4000000059604645,0.0,0.0,0.0,0.4000000059604645,0.0
443,8.86,base_to_front_left_shoulder,2,0.10583888739347458,6.618565748794936e-06,0.10000000149011612,0.0,0.0,-0.46750280261039734,-0.46750280261039734,0.0,0.0,0.4000000059604645,0.0,0.0,0.0,0.4000000059604645,0.0,0.0,0.0,0.4000000059604645,0.0
443,8.86,front_left_shoulder_to_arm,6,-0.6862000226974487,5.413108738139272e-05,-0.6899999976158142,0.0,0.0,-0.30389153957366943,-0.30389153957366943,0.0,0.0,0.4000000059604645,0.0,0.0,0.0,0.4000000059604645,0.0,0.0,0.0,0.4000000059604645,0.0
443,8.86,front_left_arm_to_hand,10,1.5994867086410522,5.604175612461404e-08,1.600000023841858,0.0,0.0,0.04106520116329193,0.04106520116329193,0.0,0.0,0.4000000059604645,0.0,0.0,0.0,0.4000000059604645,0.0,0.0,0.0,0.4000000059604645,0.0
444,8.88,base_to_front_left_shoulder,2,0.10581938177347183,6.605445378227159e-06,0.10000000149011612,0.0,0.0,-0.46594473719596863,-0.46594473719596863,0.0,0.0,0.4000000059604645,0.0,0.0,0.0,0.4000000059604645,0.0,0.0,0.0,0.4000000059604645,0.0
444,8.88,front_left_shoulder_to_arm,6,-0.6861933469772339,5.414833140093833e-05,-0.6899999976158142,0.0,0.0,-0.30442559719085693,-0.30442559719085693,0.0,0.0,0.4000000059604645,0.0,0.0,0.0,0.4000000059604645,0.0,0.0,0.0,0.4000000059604645,0.0
444,8.88,front_left_arm_to_hand,10,1.5994867086410522,4.741299264310328e-08,1.600000023841858,0.0,0.0,0.041065193712711334,0.041065193712711334,0.0,0.0,0.4000000059604645,0.0,0.0,0.0,0.4000000059604645,0.0,0.0,0.0,0.4000000059604645,0.0
445,8.9,base_to_front_left_shoulder,2,0.10584210604429245,6.605239832424559e-06,0.10000000149011612,0.0,0.0,-0.46776506304740906,-0.46776506304740906,0.0,0.0,0.4000000059604645,0.0,0.0,0.0,0.4000000059604645,0.0,0.0,0.0,0.4000000059604645,0.0
445,8.9,front_left_shoulder_to_arm,6,-0.686186671257019,5.414761835709214e-05,-0.6899999976158142,0.0,0.0,-0.30495965480804443,-0.30495965480804443,0.0,0.0,0.4000000059604645,0.0,0.0,0.0,0.4000000059604645,0.0,0.0,0.0,0.4000000059604645,0.0
445,8.9,front_left_arm_to_hand,10,1.5994867086410522,3.3279178524026065e-08,1.600000023841858,0.0,0.0,0.041065189987421036,0.041065189987421036,0.0,0.0,0.4000000059604645,0.0,0.0,0.0,0.4000000059604645,0.0,0.0,0.0,0.4000000059604645,0.0
446,8.92,base_to_front_left_shoulder,2,0.1058223620057106,6.61355625197757e-06,0.10000000149011612,0.0,0.0,-0.4661879241466522,-0.4661879241466522,0.0,0.0,0.4000000059604645,0.0,0.0,0.0,0.4000000059604645,0.0,0.0,0.0,0.4000000059604645,0.0
446,8.92,front_left_shoulder_to_arm,6,-0.6861799955368042,5.415304622147232e-05,-0.6899999976158142,0.0,0.0,-0.30549371242523193,-0.30549371242523193,0.0,0.0,0.4000000059604645,0.0,0.0,0.0,0.4000000059604645,0.0,0.0,0.0,0.4000000059604645,0.0
446,8.92,front_left_arm_to_hand,10,1.5994867086410522,4.136514419883497e-08,1.600000023841858,0.0,0.0,0.04106520116329193,0.04106520116329193,0.0,0.0,0.4000000059604645,0.0,0.0,0.0,0.4000000059604645,0.0,0.0,0.0,0.4000000059604645,0.0
447,8.94,base_to_front_left_shoulder,2,0.10584480315446854,6.613959158130456e-06,0.10000000149011612,0.0,0.0,-0.467985600233078,-0.467985600233078,0.0,0.0,0.4000000059604645,0.0,0.0,0.0,0.4000000059604645,0.0,0.0,0.0,0.4000000059604645,0.0
447,8.94,front_left_shoulder_to_arm,6,-0.6861733198165894,5.415126361185685e-05,-0.6899999976158142,0.0,0.0,-0.3060277998447418,-0.3060277998447418,0.0,0.0,0.4000000059604645,0.0,0.0,0.0,0.4000000059604645,0.0,0.0,0.0,0.4000000059604645,0.0
447,8.94,front_left_arm_to_hand,10,1.5994867086410522,4.3458637577487025e-08,1.600000023841858,0.0,0.0,0.041065189987421036,0.041065189987421036,0.0,0.0,0.4000000059604645,0.0,0.0,0.0,0.4000000059604645,0.0,0.0,0.0,0.4000000059604645,0.0
448,8.96,base_to_front_left_shoulder,2,0.10582483559846878,6.609523552469909e-06,0.10000000149011612,0.0,0.0,-0.4663899838924408,-0.4663899838924408,0.0,0.0,0.4000000059604645,0.0,0.0,0.0,0.4000000059604645,0.0,0.0,0.0,0.4000000059604645,0.0
448,8.96,front_left_shoulder_to_arm,6,-0.6861666440963745,5.4148469644133e-05,-0.6899999976158142,0.0,0.0,-0.30656182765960693,-0.30656182765960693,0.0,0.0,0.4000000059604645,0.0,0.0,0.0,0.4000000059604645,0.0,0.0,0.0,0.4000000059604645,0.0
448,8.96,front_left_arm_to_hand,10,1.5994867086410522,4.6538911391280635e-08,1.600000023841858,0.0,0.0,0.04106519743800163,0.04106519743800163,0.0,0.0,0.4000000059604645,0.0,0.0,0.0,0.4000000059604645,0.0,0.0,0.0,0.4000000059604645,0.0
449,8.98,base_to_front_left_shoulder,2,0.10584703832864761,6.606052011193242e-06,0.10000000149011612,0.0,0.0,-0.46816858649253845,-0.46816858649253845,0.0,0.0,0.4000000059604645,0.0,0.0,0.0,0.4000000059604645,0.0,0.0,0.0,0.4000000059604645,0.0
449,8.98,front_left_shoulder_to_arm,6,-0.6861600279808044,5.41433910257183e-05,-0.6899999976158142,0.0,0.0,-0.3070911169052124,-0.3070911169052124,0.0,0.0,0.4000000059604645,0.0,0.0,0.0,0.4000000059604645,0.0,0.0,0.0,0.4000000059604645,0.0
449,8.98,front_left_arm_to_hand,10,1.5994867086410522,4.6639378581403435e-08,1.600000023841858,0.0,0.0,0.041065189987421036,0.041065189987421036,0.0,0.0,0.4000000059604645,0.0,0.0,0.0,0.4000000059604645,0.0,0.0,0.0,0.4000000059604645,0.0
450,9.0,base_to_front_left_shoulder,2,0.10582684725522995,6.626135473197792e-06,0.10000000149011612,0.0,0.0,-0.4665556848049164,-0.4665556848049164,0.0,0.0,0.4000000059604645,0.0,0.0,0.0,0.4000000059604645,0.0,0.0,0.0,0.4000000059604645,0.0
450,9.0,front_left_shoulder_to_arm,6,-0.6861533522605896,5.417207285063341e-05,-0.6899999976158142,0.0,0.0,-0.3076252043247223,-0.3076252043247223,0.0,0.0,0.4000000059604645,0.0,0.0,0.0,0.4000000059604645,0.0,0.0,0.0,0.4000000059604645,0.0
450,9.0,front_left_arm_to_hand,10,1.5994867086410522,3.979229745709745e-08,1.600000023841858,0.0,0.0,0.04106519743800163,0.04106519743800163,0.0,0.0,0.4000000059604645,0.0,0.0,0.0,0.4000000059604645,0.0,0.0,0.0,0.4000000059604645,0.0
451,9.02,base_to_front_left_shoulder,2,0.10584879666566849,6.62109687254997e-06,0.10000000149011612,0.0,0.0,-0.4683140218257904,-0.4683140218257904,0.0,0.0,0.4000000059604645,0.0,0.0,0.0,0.4000000059604645,0.0,0.0,0.0,0.4000000059604645,0.0
451,9.02,front_left_shoulder_to_arm,6,-0.6861467361450195,5.417546344688162e-05,-0.6899999976158142,0.0,0.0,-0.30815446376800537,-0.30815446376800537,0.0,0.0,0.4000000059604645,0.0,0.0,0.0,0.4000000059604645,0.0,0.0,0.0,0.4000000059604645,0.0
451,9.02,front_left_arm_to_hand,10,1.5994867086410522,4.824377697332238e-08,1.600000023841858,0.0,0.0,0.041065193712711334,0.041065193712711334,0.0,0.0,0.4000000059604645,0.0,0.0,0.0,0.4000000059604645,0.0,0.0,0.0,0.4000000059604645,0.0
452,9.040000000000001,base_to_front_left_shoulder,2,0.10582835227251053,6.623246918024961e-06,0.10000000149011612,0.0,0.0,-0.46668145060539246,-0.46668145060539246,0.0,0.0,0.4000000059604645,0.0,0.0,0.0,0.4000000059604645,0.0,0.0,0.0,0.4000000059604645,0.0
452,9.040000000000001,front_left_shoulder_to_arm,6,-0.6861400604248047,5.4170144721865654e-05,-0.6899999976158142,0.0,0.0,-0.30868855118751526,-0.30868855118751526,0.0,0.0,0.4000000059604645,0.0,0.0,0.0,0.4000000059604645,0.0,0.0,0.0,0.4000000059604645,0.0
452,9.040000000000001,front_left_arm_to_hand,10,1.5994867086410522,3.4437015017374506e-08,1.600000023841858,0.0,0.0,0.041065193712711334,0.041065193712711334,0.0,0.0,0.4000000059604645,0.0,0.0,0.0,0.4000000059604645,0.0,0.0,0.0,0.4000000059604645,0.0
453,9.06,base_to_front_left_shoulder,2,0.10585097223520279,6.599983862543013e-06,0.10000000149011612,0.0,0.0,-0.46847009658813477,-0.46847009658813477,0.0,0.0,0.4000000059604645,0.0,0.0,0.0,0.4000000059604645,0.0,0.0,0.0,0.4000000059604645,0.0
453,9.06,front_left_shoulder_to_arm,6,-0.6861990094184875,5.4104995797388256e-05,-0.6899999976158142,0.0,0.0,-0.30397191643714905,-0.30397191643714905,0.0,0.0,0.4000000059604645,0.0,0.0,0.0,0.4000000059604645,0.0,0.0,0.0,0.4000000059604645,0.0
453,9.06,front_left_arm_to_hand,10,1.5994867086410522,4.3045101705274647e-08,1.600000023841858,0.0,0.0,0.041065189987421036,0.041065189987421036,0.0,0.0,0.4000000059604645,0.0,0.0,0.0,0.4000000059604645,0.0,0.0,0.0,0.4000000059604645,0.0
454,9.08,base_to_front_left_shoulder,2,0.10583143681287766,6.617337930947542e-06,0.10000000149011612,0.0,0.0,-0.4669097363948822,-0.4669097363948822,0.0,0.0,0.4000000059604645,0.0,0.0,0.0,0.4000000059604645,0.0,0.0,0.0,0.4000000059604645,0.0
454,9.08,front_left_shoulder_to_arm,6,-0.6861923336982727,5.413921462604776e-05,-0.6899999976158142,0.0,0.0,-0.30450665950775146,-0.30450665950775146,0.0,0.0,0.4000000059604645,0.0,0.0,0.0,0.4000000059604645,0.0,0.0,0.0,0.4000000059604645,0.0
454,9.08,front_left_arm_to_hand,10,1.5994867086410522,2.833492374065827e-08,1.600000023841858,0.0,0.0,0.04106519743800163,0.04106519743800163,0.0,0.0,0.4000000059604645,0.0,0.0,0.0,0.4000000059604645,0.0,0.0,0.0,0.4000000059604645,0.0
455,9.1,base_to_front_left_shoulder,2,0.1058540940284729,6.565644980582874e-06,0.10000000149011612,0.0,0.0,-0.46872326731681824,-0.46872326731681824,0.0,0.0,0.4000000059604645,0.0,0.0,0.0,0.4000000059604645,0.0,0.0,0.0,0.4000000059604645,0.0
455,9.1,front_left_shoulder_to_arm,6,-0.6861856579780579,5.377837078412995e-05,-0.6899999976158142,0.0,0.0,-0.305033802986145,-0.305033802986145,0.0,0.0,0.4000000059604645,0.0,0.0,0.0,0.4000000059604645,0.0,0.0,0.0,0.4000000059604645,0.0
455,9.1,front_left_arm_to_hand,10,1.5994867086410522,4.658655683442703e-08,1.600000023841858,0.0,0.0,0.04106520861387253,0.04106520861387253,0.0,0.0,0.4000000059604645,0.0,0.0,0.0,0.4000000059604645,0.0,0.0,0.0,0.4000000059604645,0.0
456,9.120000000000001,base_to_front_left_shoulder,2,0.10583434998989105,6.610161108255852e-06,0.10000000149011612,0.0,0.0,-0.46714696288108826,-0.46714696288108826,0.0,0.0,0.4000000059604645,0.0,0.0,0.0,0.4000000059604645,0.0,0.0,0.0,0.4000000059604645,0.0
456,9.120000000000001,front_left_shoulder_to_arm,6,-0.686178982257843,5.4146024922374636e-05,-0.6899999976158142,0.0,0.0,-0.30557480454444885,-0.30557480454444885,0.0,0.0,0.4000000059604645,0.0,0.0,0.0,0.4000000059604645,0.0,0.0,0.0,0.4000000059604645,0.0
456,9.120000000000001,front_left_arm_to_hand,10,1.5994867086410522,3.6418931870230153e-08,1.600000023841858,0.0,0.0,0.04106519743800163,0.04106519743800163,0.0,0.0,0.4000000059604645,0.0,0.0,0.0,0.4000000059604645,0.0,0.0,0.0,0.4000000059604645,0.0
457,9.14,base_to_front_left_shoulder,2,0.10585673898458481,6.558903805853333e-06,0.10000000149011612,0.0,0.0,-0.4689396619796753,-0.4689396619796753,0.0,0.0,0.4000000059604645,0.0,0.0,0.0,0.4000000059604645,0.0,0.0,0.0,0.4000000059604645,0.0
457,9.14,front_left_shoulder_to_arm,6,-0.6861723065376282,5.377946945372969e-05,-0.6899999976158142,0.0,0.0,-0.30610191822052,-0.30610191822052,0.0,0.0,0.4000000059604645,0.0,0.0,0.0,0.4000000059604645,0.0,0.0,0.0,0.4000000059604645,0.0
457,9.14,front_left_arm_to_hand,10,1.5994867086410522,5.1785146837346474e-08,1.600000023841858,0.0,0.0,0.04106519743800163,0.04106519743800163,0.0,0.0,0.4000000059604645,0.0,0.0,0.0,0.4000000059604645,0.0,0.0,0.0,0.4000000059604645,0.0
458,9.16,base_to_front_left_shoulder,2,0.10583675652742386,6.620074600505177e-06,0.10000000149011612,0.0,0.0,-0.4673442542552948,-0.4673442542552948,0.0,0.0,0.4000000059604645,0.0,0.0,0.0,0.4000000059604645,0.0,0.0,0.0,0.4000000059604645,0.0
458,9.16,front_left_shoulder_to_arm,6,-0.6861656308174133,5.414989573182538e-05,-0.6899999976158142,0.0,0.0,-0.30664288997650146,-0.30664288997650146,0.0,0.0,0.4000000059604645,0.0,0.0,0.0,0.4000000059604645,0.0,0.0,0.0,0.4000000059604645,0.0
458,9.16,front_left_arm_to_hand,10,1.5994867086410522,4.430060585036699e-08,1.600000023841858,0.0,0.0,0.04106519743800163,0.04106519743800163,0.0,0.0,0.4000000059604645,0.0,0.0,0.0,0.4000000059604645,0.0,0.0,0.0,0.4000000059604645,0.0
459,9.18,base_to_front_left_shoulder,2,0.10585888475179672,6.567584023287054e-06,0.10000000149011612,0.0,0.0,-0.46911609172821045,-0.46911609172821045,0.0,0.0,0.4000000059604645,0.0,0.0,0.0,0.4000000059604645,0.0,0.0,0.0,0.4000000059604645,0.0
459,9.18,front_left_shoulder_to_arm,6,-0.6861590147018433,5.3794748964719474e-05,-0.6899999976158142,0.0,0.0,-0.307170033454895,-0.307170033454895,0.0,0.0,0.4000000059604645,0.0,0.0,0.0,0.4000000059604645,0.0,0.0,0.0,0.4000000059604645,0.0
459,9.18,front_left_arm_to_hand,10,1.5994867086410522,3.7127012575410845e-08,1.600000023841858,0.0,0.0,0.04106520116329193,0.04106520116329193,0.0,0.0,0.4000000059604645,0.0,0.0,0.0,0.4000000059604645,0.0,0.0,0.0,0.4000000059604645,0.0
460,9.200000000000001,base_to_front_left_shoulder,2,0.10583866387605667,6.61028298054589e-06,0.10000000149011612,0.0,0.0,-0.46750161051750183,-0.46750161051750183,0.0,0.0,0.4000000059604645,0.0,0.0,0.0,0.4000000059604645,0.0,0.0,0.0,0.4000000059604645,0.0
460,9.200000000000001,front_left_shoulder_to_arm,6,-0.6861523389816284,5.415038322098553e-05,-0.6899999976158142,0.0,0.0,-0.30770623683929443,-0.30770623683929443,0.0,0.0,0.4000000059604645,0.0,0.0,0.0,0.4000000059604645,0.0,0.0,0.0,0.4000000059604645,0.0
460,9.200000000000001,front_left_arm_to_hand,10,1.5994867086410522,4.1247243842690295e-08,1.600000023841858,0.0,0.0,0.041065189987421036,0.041065189987421036,0.0,0.0,0.4000000059604645,0.0,0.0,0.0,0.4000000059604645,0.0,0.0,0.0,0.4000000059604645,0.0
461,9.22,base_to_front_left_shoulder,2,0.1058608815073967,1.419665238699963e-07,0.10000000149011612,0.0,0.0,-0.46914708614349365,-0.46914708614349365,0.0,0.0,0.4000000059604645,0.0,0.0,0.0,0.4000000059604645,0.0,0.0,0.0,0.4000000059604645,0.0
461,9.22,front_left_shoulder_to_arm,6,-0.6862106323242188,1.2473674360080622e-06,-0.6899999976158142,0.0,0.0,-0.3021600842475891,-0.3021600842475891,0.0,0.0,0.4000000059604645,0.0,0.0,0.0,0.4000000059604645,0.0,0.0,0.0,0.4000000059604645,0.0
461,9.22,front_left_arm_to_hand,10,1.5994867086410522,2.072389815310771e-09,1.600000023841858,0.0,0.0,0.04106592759490013,0.04106592759490013,0.0,0.0,0.4000000059604645,0.0,0.0,0.0,0.4000000059604645,0.0,0.0,0.0,0.4000000059604645,0.0
462,9.24,base_to_front_left_shoulder,2,0.10584155470132828,6.608946932828985e-06,0.10000000149011612,0.0,0.0,-0.46771499514579773,-0.46771499514579773,0.0,0.0,0.4000000059604645,0.0,0.0,0.0,0.4000000059604645,0.0,0.0,0.0,0.4000000059604645,0.0
462,9.24,front_left_shoulder_to_arm,6,-0.6862040162086487,5.415812483988702e-05,-0.6899999976158142,0.0,0.0,-0.30357205867767334,-0.30357205867767334,0.0,0.0,0.4000000059604645,0.0,0.0,0.0,0.4000000059604645,0.0,0.0,0.0,0.4000000059604645,0.0
462,9.24,front_left_arm_to_hand,10,1.5994867086410522,2.445963431796372e-08,1.600000023841858,0.0,0.0,0.041065193712711334,0.041065193712711334,0.0,0.0,0.4000000059604645,0.0,0.0,0.0,0.4000000059604645,0.0,0.0,0.0,0.4000000059604645,0.0
463,9.26,base_to_front_left_shoulder,2,0.1058221086859703,6.610396667383611e-06,0.10000000149011612,0.0,0.0,-0.46616169810295105,-0.46616169810295105,0.0,0.0,0.4000000059604645,0.0,0.0,0.0,0.4000000059604645,0.0,0.0,0.0,0.4000000059604645,0.0
463,9.26,front_left_shoulder_to_arm,6,-0.6861973404884338,5.4137482948135585e-05,-0.6899999976158142,0.0,0.0,-0.30410611629486084,-0.30410611629486084,0.0,0.0,0.4000000059604645,0.0,0.0,0.0,0.4000000059604645,0.0,0.0,0.0,0.4000000059604645,0.0
463,9.26,front_left_arm_to_hand,10,1.5994867086410522,4.6225405725408564e-08,1.600000023841858,0.0,0.0,0.041065193712711334,0.041065193712711334,0.0,0.0,0.4000000059604645,0.0,0.0,0.0,0.4000000059604645,0.0,0.0,0.0,0.4000000059604645,0.0
464,9.28,base_to_front_left_shoulder,2,0.10584478825330734,6.624676643696148e-06,0.10000000149011612,0.0,0.0,-0.4679778516292572,-0.4679778516292572,0.0,0.0,0.4000000059604645,0.0,0.0,0.0,0.4000000059604645,0.0,0.0,0.0,0.4000000059604645,0.0
464,9.28,front_left_shoulder_to_arm,6,-0.686190664768219,5.414895713329315e-05,-0.6899999976158142,0.0,0.0,-0.30464017391204834,-0.30464017391204834,0.0,0.0,0.4000000059604645,0.0,0.0,0.0,0.4000000059604645,0.0,0.0,0.0,0.4000000059604645,0.0
464,9.28,front_left_arm_to_hand,10,1.5994867086410522,2.437110069308801e-08,1.600000023841858,0.0,0.0,0.041065193712711334,0.041065193712711334,0.0,0.0,0.4000000059604645,0.0,0.0,0.0,0.4000000059604645,0.0,0.0,0.0,0.4000000059604645,0.0
465,9.3,base_to_front_left_shoulder,2,0.10582513362169266,6.615330676140729e-06,0.10000000149011612,0.0,0.0,-0.4664078652858734,-0.4664078652858734,0.0,0.0,0.4000000059604645,0.0,0.0,0.0,0.4000000059604645,0.0,0.0,0.0,0.4000000059604645,0.0
465,9.3,front_left_shoulder_to_arm,6,-0.6861839890480042,5.4154807003214955e-05,-0.6899999976158142,0.0,0.0,-0.30517423152923584,-0.30517423152923584,0.0,0.0,0.4000000059604645,0.0,0.0,0.0,0.4000000059604645,0.0,0.0,0.0,0.4000000059604645,0.0
465,9.3,front_left_arm_to_hand,10,1.5994867086410522,4.527451480385025e-08,1.600000023841858,0.0,0.0,0.04106519743800163,0.04106519743800163,0.0,0.0,0.4000000059604645,0.0,0.0,0.0,0.4000000059604645,0.0,0.0,0.0,0.4000000059604645,0.0
466,9.32,base_to_front_left_shoulder,2,0.10584772378206253,6.610254786210135e-06,0.10000000149011612,0.0,0.0,-0.4682174324989319,-0.4682174324989319,0.0,0.0,0.4000000059604645,0.0,0.0,0.0,0.4000000059604645,0.0,0.0,0.0,0.4000000059604645,0.0
466,9.32,front_left_shoulder_to_arm,6,-0.6861773133277893,5.4121694120112807e-05,-0.6899999976158142,0.0,0.0,-0.3057081401348114,-0.3057081401348114,0.0,0.0,0.4000000059604645,0.0,0.0,0.0,0.4000000059604645,0.0,0.0,0.0,0.4000000059604645,0.0
466,9.32,front_left_arm_to_hand,10,1.5994867086410522,3.6784211232543385e-08,1.600000023841858,0.0,0.0,0.04106519743800163,0.04106519743800163,0.0,0.0,0.4000000059604645,0.0,0.0,0.0,0.4000000059604645,0.0,0.0,0.0,0.4000000059604645,0.0
467,9.34,base_to_front_left_shoulder,2,0.10582783073186874,6.621341526624747e-06,0.10000000149011612,0.0,0.0,-0.46662840247154236,-0.46662840247154236,0.0,0.0,0.4000000059604645,0.0,0.0,0.0,0.4000000059604645,0.0,0.0,0.0,0.4000000059604645,0.0
467,9.34,front_left_shoulder_to_arm,6,-0.6861706376075745,5.416930071078241e-05,-0.6899999976158142,0.0,0.0,-0.3062423765659332,-0.3062423765659332,0.0,0.0,0.4000000059604645,0.0,0.0,0.0,0.4000000059604645,0.0,0.0,0.0,0.4000000059604645,0.0
467,9.34,front_left_arm_to_hand,10,1.5994867086410522,3.56128744272155e-08,1.600000023841858,0.0,0.0,0.041065193712711334,0.041065193712711334,0.0,0.0,0.4000000059604645,0.0,0.0,0.0,0.4000000059604645,0.0,0.0,0.0,0.4000000059604645,0.0
468,9.36,base_to_front_left_shoulder,2,0.10585015267133713,6.603861038456671e-06,0.10000000149011612,0.0,0.0,-0.4684165120124817,-0.4684165120124817,0.0,0.0,0.4000000059604645,0.0,0.0,0.0,0.4000000059604645,0.0,0.0,0.0,0.4000000059604645,0.0
468,9.36,front_left_shoulder_to_arm,6,-0.6861640214920044,5.415371560957283e-05,-0.6899999976158142,0.0,0.0,-0.306771457195282,-0.306771457195282,0.0,0.0,0.4000000059604645,0.0,0.0,0.0,0.4000000059604645,0.0,0.0,0.0,0.4000000059604645,0.0
468,9.36,front_left_arm_to_hand,10,1.5994867086410522,3.8725225692815e-08,1.600000023841858,0.0,0.0,0.04106519743800163,0.04106519743800163,0.0,0.0,0.4000000059604645,0.0,0.0,0.0,0.4000000059604645,0.0,0.0,0.0,0.4000000059604645,0.0
469,9.38,base_to_front_left_shoulder,2,0.10583002120256424,6.61031390336575e-06,0.10000000149011612,0.0,0.0,-0.46680840849876404,-0.46680840849876404,0.0,0.0,0.4000000059604645,0.0,0.0,0.0,0.4000000059604645,0.0,0.0,0.0,0.4000000059604645,0.0
469,9.38,front_left_shoulder_to_arm,6,-0.6861573457717896,5.4152995289769024e-05,-0.6899999976158142,0.0,0.0,-0.3073057234287262,-0.3073057234287262,0.0,0.0,0.4000000059604645,0.0,0.0,0.0,0.4000000059604645,0.0,0.0,0.0,0.4000000059604645,0.0
469,9.38,front_left_arm_to_hand,10,1.5994867086410522,3.8082674791439786e-08,1.600000023841858,0.0,0.0,0.04106520116329193,0.04106520116329193,0.0,0.0,0.4000000059604645,0.0,0.0,0.0,0.4000000059604645,0.0,0.0,0.0,0.4000000059604645,0.0
470,9.4,base_to_front_left_shoulder,2,0.10585208982229233,6.5972863012575544e-06,0.10000000149011612,0.0,0.0,-0.46857625246047974,-0.46857625246047974,0.0,0.0,0.4000000059604645,0.0,0.0,0.0,0.4000000059604645,0.0,0.0,0.0,0.4000000059604645,0.0
470,9.4,front_left_shoulder_to_arm,6,-0.6861507296562195,5.41576519026421e-05,-0.6899999976158142,0.0,0.0,-0.30783483386039734,-0.30783483386039734,0.0,0.0,0.4000000059604645,0.0,0.0,0.0,0.4000000059604645,0.0,0.0,0.0,0.4000000059604645,0.0
470,9.4,front_left_arm_to_hand,10,1.5994867086410522,4.5544894078375364e-08,1.600000023841858,0.0,0.0,0.04106519743800163,0.04106519743800163,0.0,0.0,0.4000000059604645,0.0,0.0,0.0,0.4000000059604645,0.0,0.0,0.0,0.4000000059604645,0.0
471,9.42,base_to_front_left_shoulder,2,0.10583171993494034,6.6068787418771535e-06,0.10000000149011612,0.0,0.0,-0.46694907546043396,-0.46694907546043396,0.0,0.0,0.4000000059604645,0.0,0.0,0.0,0.4000000059604645,0.0,0.0,0.0,0.4000000059604645,0.0
471,9.42,front_left_shoulder_to_arm,6,-0.6861440539360046,5.416269414126873e-05,-0.6899999976158142,0.0,0.0,-0.30836907029151917,-0.30836907029151917,0.0,0.0,0.4000000059604645,0.0,0.0,0.0,0.4000000059604645,0.0,0.0,0.0,0.4000000059604645,0.0
471,9.42,front_left_arm_to_hand,10,1.5994867086410522,4.461399427668766e-08,1.600000023841858,0.0,0.0,0.04106519743800163,0.04106519743800163,0.0,0.0,0.4000000059604645,0.0,0.0,0.0,0.4000000059604645,0.0,0.0,0.0,0.4000000059604645,0.0
472,9.44,base_to_front_left_shoulder,2,0.10585416853427887,6.438802302000113e-06,0.10000000149011612,0.0,0.0,-0.4687214493751526,-0.4687214493751526,0.0,0.0,0.4000000059604645,0.0,0.0,0.0,0.4000000059604645,0.0,0.0,0.0,0.4000000059604645,0.0
472,9.44,front_left_shoulder_to_arm,6,-0.6862029433250427,5.2764669817406684e-05,-0.6899999976158142,0.0,0.0,-0.3036360740661621,-0.3036360740661621,0.0,0.0,0.4000000059604645,0.0,0.0,0.0,0.4000000059604645,0.0,0.0,0.0,0.4000000059604645,0.0
472,9.44,front_left_arm_to_hand,10,1.5994867086410522,3.4387017677772747e-08,1.600000023841858,0.0,0.0,0.04106520861387253,0.04106520861387253,0.0,0.0,0.4000000059604645,0.0,0.0,0.0,0.4000000059604645,0.0,0.0,0.0,0.4000000059604645,0.0
473,9.46,base_to_front_left_shoulder,2,0.1058347225189209,6.615501661144663e-06,0.10000000149011612,0.0,0.0,-0.4671708047389984,-0.4671708047389984,0.0,0.0,0.4000000059604645,0.0,0.0,0.0,0.4000000059604645,0.0,0.0,0.0,0.4000000059604645,0.0
473,9.46,front_left_shoulder_to_arm,6,-0.6861962676048279,5.414712359197438e-05,-0.6899999976158142,0.0,0.0,-0.3041919469833374,-0.3041919469833374,0.0,0.0,0.4000000059604645,0.0,0.0,0.0,0.4000000059604645,0.0,0.0,0.0,0.4000000059604645,0.0
473,9.46,front_left_arm_to_hand,10,1.5994867086410522,4.708381240448034e-08,1.600000023841858,0.0,0.0,0.04106520116329193,0.04106520116329193,0.0,0.0,0.4000000059604645,0.0,0.0,0.0,0.4000000059604645,0.0,0.0,0.0,0.4000000059604645,0.0
474,9.48,base_to_front_left_shoulder,2,0.1058574914932251,4.962911589245778e-06,0.10000000149011612,0.0,0.0,-0.46560797095298767,-0.46560797095298767,0.0,0.0,0.4000000059604645,0.0,0.0,0.0,0.4000000059604645,0.0,0.0,0.0,0.4000000059604645,0.0
474,9.48,front_left_shoulder_to_arm,6,-0.686189591884613,4.024377994937822e-05,-0.6899999976158142,0.0,0.0,-0.3047260046005249,-0.3047260046005249,0.0,0.0,0.4000000059604645,0.0,0.0,0.0,0.4000000059604645,0.0,0.0,0.0,0.4000000059604645,0.0
474,9.48,front_left_arm_to_hand,10,1.5994867086410522,2.2943016375620573e-08,1.600000023841858,0.0,0.0,0.041065193712711334,0.041065193712711334,0.0,0.0,0.4000000059604645,0.0,0.0,0.0,0.4000000059604645,0.0,0.0,0.0,0.4000000059604645,0.0
475,9.5,base_to_front_left_shoulder,2,0.10583780705928802,6.620642125199083e-06,0.10000000149011612,0.0,0.0,-0.46742233633995056,-0.46742233633995056,0.0,0.0,0.4000000059604645,0.0,0.0,0.0,0.4000000059604645,0.0,0.0,0.0,0.4000000059604645,0.0
475,9.5,front_left_shoulder_to_arm,6,-0.6861829161643982,5.416110798250884e-05,-0.6899999976158142,0.0,0.0,-0.3052600622177124,-0.3052600622177124,0.0,0.0,0.4000000059604645,0.0,0.0,0.0,0.4000000059604645,0.0,0.0,0.0,0.4000000059604645,0.0
475,9.5,front_left_arm_to_hand,10,1.5994867086410522,3.06662748528197e-08,1.600000023841858,0.0,0.0,0.041065189987421036,0.041065189987421036,0.0,0.0,0.4000000059604645,0.0,0.0,0.0,0.4000000059604645,0.0,0.0,0.0,0.4000000059604645,0.0
476,9.52,base_to_front_left_shoulder,2,0.10586029291152954,4.972323040419724e-06,0.10000000149011612,0.0,0.0,-0.4658404290676117,-0.4658404290676117,0.0,0.0,0.4000000059604645,0.0,0.0,0.0,0.4000000059604645,0.0,0.0,0.0,0.4000000059604645,0.0
476,9.52,front_left_shoulder_to_arm,6,-0.6861762404441833,4.025280577479862e-05,-0.6899999976158142,0.0,0.0,-0.3057941496372223,-0.3057941496372223,0.0,0.0,0.4000000059604645,0.0,0.0,0.0,0.4000000059604645,0.0,0.0,0.0,0.4000000059604645,0.0
476,9.52,front_left_arm_to_hand,10,1.5994867086410522,3.1844407999415125e-08,1.600000023841858,0.0,0.0,0.04106520116329193,0.04106520116329193,0.0,0.0,0.4000000059604645,0.0,0.0,0.0,0.4000000059604645,0.0,0.0,0.0,0.4000000059604645,0.0
477,9.540000000000001,base_to_front_left_shoulder,2,0.10584037005901337,6.617672624997795e-06,0.10000000149011612,0.0,0.0,-0.46763214468955994,-0.46763214468955994,0.0,0.0,0.4000000059604645,0.0,0.0,0.0,0.4000000059604645,0.0,0.0,0.0,0.4000000059604645,0.0
477,9.540000000000001,front_left_shoulder_to_arm,6,-0.6861695647239685,5.414752376964316e-05,-0.6899999976158142,0.0,0.0,-0.3063282072544098,-0.3063282072544098,0.0,0.0,0.4000000059604645,0.0,0.0,0.0,0.4000000059604645,0.0,0.0,0.0,0.4000000059604645,0.0
477,9.540000000000001,front_left_arm_to_hand,10,1.5994867086410522,3.9540456242548316e-08,1.600000023841858,0.0,0.0,0.04106520116329193,0.04106520116329193,0.0,0.0,0.4000000059604645,0.0,0.0,0.0,0.4000000059604645,0.0,0.0,0.0,0.4000000059604645,0.0
478,9.56,base_to_front_left_shoulder,2,0.10586260259151459,4.974805960955564e-06,0.10000000149011612,0.0,0.0,-0.46603116393089294,-0.46603116393089294,0.0,0.0,0.4000000059604645,0.0,0.0,0.0,0.4000000059604645,0.0,0.0,0.0,0.4000000059604645,0.0
478,9.56,front_left_shoulder_to_arm,6,-0.6861628890037537,4.0282302506966516e-05,-0.6899999976158142,0.0,0.0,-0.3068622648715973,-0.3068622648715973,0.0,0.0,0.4000000059604645,0.0,0.0,0.0,0.4000000059604645,0.0,0.0,0.0,0.4000000059604645,0.0
478,9.56,front_left_arm_to_hand,10,1.5994867086410522,2.9878432172836256e-08,1.600000023841858,0.0,0.0,0.04106519743800163,0.04106519743800163,0.0,0.0,0.4000000059604645,0.0,0.0,0.0,0.4000000059604645,0.0,0.0,0.0,0.4000000059604645,0.0
479,9.58,base_to_front_left_shoulder,2,0.10584244877099991,6.6192314989166334e-06,0.10000000149011612,0.0,0.0,-0.46780261397361755,-0.46780261397361755,0.0,0.0,0.4000000059604645,0.0,0.0,0.0,0.4000000059604645,0.0,0.0,0.0,0.4000000059604645,0.0
479,9.58,front_left_shoulder_to_arm,6,-0.6861562728881836,5.415528721641749e-05,-0.6899999976158142,0.0,0.0,-0.30739155411720276,-0.30739155411720276,0.0,0.0,0.4000000059604645,0.0,0.0,0.0,0.4000000059604645,0.0,0.0,0.0,0.4000000059604645,0.0
479,9.58,front_left_arm_to_hand,10,1.5994867086410522,3.100903001040933e-08,1.600000023841858,0.0,0.0,0.041065189987421036,0.041065189987421036,0.0,0.0,0.4000000059604645,0.0,0.0,0.0,0.4000000059604645,0.0,0.0,0.0,0.4000000059604645,0.0
480,9.6,base_to_front_left_shoulder,2,0.10586465895175934,-0.00024131909594871104,0.10000000149011612,0.0,0.0,-0.46618494391441345,-0.46618494391441345,0.0,0.0,0.4000000059604645,0.0,0.0,0.0,0.4000000059604645,0.0,0.0,0.0,0.4000000059604645,0.0
480,9.6,front_left_shoulder_to_arm,6,-0.6862128376960754,-0.001974745886400342,-0.6899999976158142,0.0,0.0,-0.30792561173439026,-0.30792561173439026,0.0,0.0,0.4000000059604645,0.0,0.0,0.0,0.4000000059604645,0.0,0.0,0.0,0.4000000059604645,0.0
480,9.6,front_left_arm_to_hand,10,1.5994867086410522,-1.4166466826281976e-06,1.600000023841858,0.0,0.0,0.041065193712711334,0.041065193712711334,0.0,0.0,0.4000000059604645,0.0,0.0,0.0,0.4000000059604645,0.0,0.0,0.0,0.4000000059604645,0.0
481,9.620000000000001,base_to_front_left_shoulder,2,0.10584525018930435,6.607640898437239e-06,0.10000000149011612,0.0,0.0,-0.4680088460445404,-0.4680088460445404,0.0,0.0,0.4000000059604645,0.0,0.0,0.0,0.4000000059604645,0.0,0.0,0.0,0.4000000059604645,0.0
481,9.620000000000001,front_left_shoulder_to_arm,6,-0.6862078905105591,5.414021870819852e-05,-0.6899999976158142,0.0,0.0,-0.3032621145248413,-0.3032621145248413,0.0,0.0,0.4000000059604645,0.0,0.0,0.0,0.4000000059604645,0.0,0.0,0.0,0.4000000059604645,0.0
481,9.620000000000001,front_left_arm_to_hand,10,1.5994867086410522,2.754233818791363e-08,1.600000023841858,0.0,0.0,0.04106520116329193,0.04106520116329193,0.0,0.0,0.4000000059604645,0.0,0.0,0.0,0.4000000059604645,0.0,0.0,0.0,0.4000000059604645,0.0
482,9.64,base_to_front_left_shoulder,2,0.10582589358091354,6.60430669086054e-06,0.10000000149011612,0.0,0.0,-0.4664627015590668,-0.4664627015590668,0.0,0.0,0.4000000059604645,0.0,0.0,0.0,0.4000000059604645,0.0,0.0,0.0,0.4000000059604645,0.0
482,9.64,front_left_shoulder_to_arm,6,-0.6862012147903442,5.414346378529444e-05,-0.6899999976158142,0.0,0.0,-0.3037961721420288,-0.3037961721420288,0.0,0.0,0.4000000059604645,0.0,0.0,0.0,0.4000000059604645,0.0,0.0,0.0,0.4000000059604645,0.0
482,9.64,front_left_arm_to_hand,10,1.5994867086410522,4.01348820844305e-08,1.600000023841858,0.0,0.0,0.041065193712711334,0.041065193712711334,0.0,0.0,0.4000000059604645,0.0,0.0,0.0,0.4000000059604645,0.0,0.0,0.0,0.4000000059604645,0.0
483,9.66,base_to_front_left_shoulder,2,0.10584867745637894,6.621680768148508e-06,0.10000000149011612,0.0,0.0,-0.46828776597976685,-0.46828776597976685,0.0,0.0,0.4000000059604645,0.0,0.0,0.0,0.4000000059604645,0.0,0.0,0.0,0.4000000059604645,0.0
483,9.66,front_left_shoulder_to_arm,6,-0.6861945390701294,5.414878251031041e-05,-0.6899999976158142,0.0,0.0,-0.304330050945282,-0.304330050945282,0.0,0.0,0.4000000059604645,0.0,0.0,0.0,0.4000000059604645,0.0,0.0,0.0,0.4000000059604645,0.0
483,9.66,front_left_arm_to_hand,10,1.5994867086410522,4.0364380282653656e-08,1.600000023841858,0.0,0.0,0.041065193712711334,0.041065193712711334,0.0,0.0,0.4000000059604645,0.0,0.0,0.0,0.4000000059604645,0.0,0.0,0.0,0.4000000059604645,0.0
484,9.68,base_to_front_left_shoulder,2,0.10582908242940903,6.603656402148772e-06,0.10000000149011612,0.0,0.0,-0.4667225778102875,-0.4667225778102875,0.0,0.0,0.4000000059604645,0.0,0.0,0.0,0.4000000059604645,0.0,0.0,0.0,0.4000000059604645,0.0
484,9.68,front_left_shoulder_to_arm,6,-0.6861878633499146,5.414635961642489e-05,-0.6899999976158142,0.0,0.0,-0.3048643171787262,-0.3048643171787262,0.0,0.0,0.4000000059604645,0.0,0.0,0.0,0.4000000059604645,0.0,0.0,0.0,0.4000000059604645,0.0
484,9.68,front_left_arm_to_hand,10,1.5994867086410522,4.163316447147736e-08,1.600000023841858,0.0,0.0,0.04106519743800163,0.04106519743800163,0.0,0.0,0.4000000059604645,0.0,0.0,0.0,0.4000000059604645,0.0,0.0,0.0,0.4000000059604645,0.0
485,9.700000000000001,base_to_front_left_shoulder,2,0.10585158318281174,6.612203833356034e-06,0.10000000149011612,0.0,0.0,-0.4685249924659729,-0.4685249924659729,0.0,0.0,0.4000000059604645,0.0,0.0,0.0,0.4000000059604645,0.0,0.0,0.0,0.4000000059604645,0.0
485,9.700000000000001,front_left_shoulder_to_arm,6,-0.6861811876296997,5.4150666983332485e-05,-0.6899999976158142,0.0,0.0,-0.30539819598197937,-0.30539819598197937,0.0,0.0,0.4000000059604645,0.0,0.0,0.0,0.4000000059604645,0.0,0.0,0.0,0.4000000059604645,0.0
485,9.700000000000001,front_left_arm_to_hand,10,1.5994867086410522,3.9260715567479565e-08,1.600000023841858,0.0,0.0,0.041065189987421036,0.041065189987421036,0.0,0.0,0.4000000059604645,0.0,0.0,0.0,0.4000000059604645,0.0,0.0,0.0,0.4000000059604645,0.0
486,9.72,base_to_front_left_shoulder,2,0.10583174973726273,6.616885912080761e-06,0.10000000149011612,0.0,0.0,-0.4669407308101654,-0.4669407308101654,0.0,0.0,0.4000000059604645,0.0,0.0,0.0,0.4000000059604645,0.0,0.0,0.0,0.4000000059604645,0.0
486,9.72,front_left_shoulder_to_arm,6,-0.6861745119094849,5.413717735791579e-05,-0.6899999976158142,0.0,0.0,-0.3059324324131012,-0.3059324324131012,0.0,0.0,0.4000000059604645,0.0,0.0,0.0,0.4000000059604645,0.0,0.0,0.0,0.4000000059604645,0.0
486,9.72,front_left_arm_to_hand,10,1.5994867086410522,3.5185980351570834e-08,1.600000023841858,0.0,0.0,0.041065189987421036,0.041065189987421036,0.0,0.0,0.4000000059604645,0.0,0.0,0.0,0.4000000059604645,0.0,0.0,0.0,0.4000000059604645,0.0
487,9.74,base_to_front_left_shoulder,2,0.10585416108369827,6.574119652213994e-06,0.10000000149011612,0.0,0.0,-0.4687352180480957,-0.4687352180480957,0.0,0.0,0.4000000059604645,0.0,0.0,0.0,0.4000000059604645,0.0,0.0,0.0,0.4000000059604645,0.0
487,9.74,front_left_shoulder_to_arm,6,-0.6861678957939148,5.379803042160347e-05,-0.6899999976158142,0.0,0.0,-0.30645951628685,-0.30645951628685,0.0,0.0,0.4000000059604645,0.0,0.0,0.0,0.4000000059604645,0.0,0.0,0.0,0.4000000059604645,0.0
487,9.74,front_left_arm_to_hand,10,1.5994867086410522,3.1681153700446885e-08,1.600000023841858,0.0,0.0,0.04106520488858223,0.04106520488858223,0.0,0.0,0.4000000059604645,0.0,0.0,0.0,0.4000000059604645,0.0,0.0,0.0,0.4000000059604645,0.0
488,9.76,base_to_front_left_shoulder,2,0.10583408921957016,6.624776688113343e-06,0.10000000149011612,0.0,0.0,-0.46713265776634216,-0.46713265776634216,0.0,0.0,0.4000000059604645,0.0,0.0,0.0,0.4000000059604645,0.0,0.0,0.0,0.4000000059604645,0.0
488,9.76,front_left_shoulder_to_arm,6,-0.6861612200737,5.416019121184945e-05,-0.6899999976158142,0.0,0.0,-0.30699577927589417,-0.30699577927589417,0.0,0.0,0.4000000059604645,0.0,0.0,0.0,0.4000000059604645,0.0,0.0,0.0,0.4000000059604645,0.0
488,9.76,front_left_arm_to_hand,10,1.5994867086410522,2.7749003095323133e-08,1.600000023841858,0.0,0.0,0.04106520116329193,0.04106520116329193,0.0,0.0,0.4000000059604645,0.0,0.0,0.0,0.4000000059604645,0.0,0.0,0.0,0.4000000059604645,0.0
489,9.78,base_to_front_left_shoulder,2,0.10585624724626541,6.580443368875422e-06,0.10000000149011612,0.0,0.0,-0.46890684962272644,-0.46890684962272644,0.0,0.0,0.4000000059604645,0.0,0.0,0.0,0.4000000059604645,0.0,0.0,0.0,0.4000000059604645,0.0
489,9.78,front_left_shoulder_to_arm,6,-0.6861546039581299,5.3800315072294325e-05,-0.6899999976158142,0.0,0.0,-0.30752286314964294,-0.30752286314964294,0.0,0.0,0.4000000059604645,0.0,0.0,0.0,0.4000000059604645,0.0,0.0,0.0,0.4000000059604645,0.0
489,9.78,front_left_arm_to_hand,10,1.5994867086410522,3.9247414207466136e-08,1.600000023841858,0.0,0.0,0.04106519743800163,0.04106519743800163,0.0,0.0,0.4000000059604645,0.0,0.0,0.0,0.4000000059604645,0.0,0.0,0.0,0.4000000059604645,0.0
490,9.8,base_to_front_left_shoulder,2,0.10583596676588058,6.611159733438399e-06,0.10000000149011612,0.0,0.0,-0.4672870337963104,-0.4672870337963104,0.0,0.0,0.4000000059604645,0.0,0.0,0.0,0.4000000059604645,0.0,0.0,0.0,0.4000000059604645,0.0
490,9.8,front_left_shoulder_to_arm,6,-0.686147928237915,5.416554631665349e-05,-0.6899999976158142,0.0,0.0,-0.30805912613868713,-0.30805912613868713,0.0,0.0,0.4000000059604645,0.0,0.0,0.0,0.4000000059604645,0.0,0.0,0.0,0.4000000059604645,0.0
490,9.8,front_left_arm_to_hand,10,1.5994867086410522,4.2981632475402876e-08,1.600000023841858,0.0,0.0,0.04106519743800163,0.04106519743800163,0.0,0.0,0.4000000059604645,0.0,0.0,0.0,0.4000000059604645,0.0,0.0,0.0,0.4000000059604645,0.0
491,9.82,base_to_front_left_shoulder,2,0.1058582216501236,1.2172452557024371e-07,0.10000000149011612,0.0,0.0,-0.46893563866615295,-0.46893563866615295,0.0,0.0,0.4000000059604645,0.0,0.0,0.0,0.4000000059604645,0.0,0.0,0.0,0.4000000059604645,0.0
491,9.82,front_left_shoulder_to_arm,6,-0.6862066388130188,1.0590188139758538e-06,-0.6899999976158142,0.0,0.0,-0.3024805784225464,-0.3024805784225464,0.0,0.0,0.4000000059604645,0.0,0.0,0.0,0.4000000059604645,0.0,0.0,0.0,0.4000000059604645,0.0
491,9.82,front_left_arm_to_hand,10,1.5994867086410522,1.064665866579162e-08,1.600000023841858,0.0,0.0,0.041065920144319534,0.041065920144319534,0.0,0.0,0.4000000059604645,0.0,0.0,0.0,0.4000000059604645,0.0,0.0,0.0,0.4000000059604645,0.0
492,9.84,base_to_front_left_shoulder,2,0.1058388352394104,6.6118691393057816e-06,0.10000000149011612,0.0,0.0,-0.46749863028526306,-0.46749863028526306,0.0,0.0,0.4000000059604645,0.0,0.0,0.0,0.4000000059604645,0.0,0.0,0.0,0.4000000059604645,0.0
492,9.84,front_left_shoulder_to_arm,6,-0.6862000226974487,5.413331382442266e-05,-0.6899999976158142,0.0,0.0,-0.30389153957366943,-0.30389153957366943,0.0,0.0,0.4000000059604645,0.0,0.0,0.0,0.4000000059604645,0.0,0.0,0.0,0.4000000059604645,0.0
492,9.84,front_left_arm_to_hand,10,1.5994867086410522,4.33516724740457e-08,1.600000023841858,0.0,0.0,0.04106519743800163,0.04106519743800163,0.0,0.0,0.4000000059604645,0.0,0.0,0.0,0.4000000059604645,0.0,0.0,0.0,0.4000000059604645,0.0
493,9.86,base_to_front_left_shoulder,2,0.10581932961940765,6.612803190364502e-06,0.10000000149011612,0.0,0.0,-0.46594056487083435,-0.46594056487083435,0.0,0.0,0.4000000059604645,0.0,0.0,0.0,0.4000000059604645,0.0,0.0,0.0,0.4000000059604645,0.0
493,9.86,front_left_shoulder_to_arm,6,-0.6861933469772339,5.414684710558504e-05,-0.6899999976158142,0.0,0.0,-0.30442559719085693,-0.30442559719085693,0.0,0.0,0.4000000059604645,0.0,0.0,0.0,0.4000000059604645,0.0,0.0,0.0,0.4000000059604645,0.0
493,9.86,front_left_arm_to_hand,10,1.5994867086410522,2.7774046174044997e-08,1.600000023841858,0.0,0.0,0.04106519743800163,0.04106519743800163,0.0,0.0,0.4000000059604645,0.0,0.0,0.0,0.4000000059604645,0.0,0.0,0.0,0.4000000059604645,0.0
494,9.88,base_to_front_left_shoulder,2,0.10584205389022827,6.610508535231929e-06,0.10000000149011612,0.0,0.0,-0.4677608907222748,-0.4677608907222748,0.0,0.0,0.4000000059604645,0.0,0.0,0.0,0.4000000059604645,0.0,0.0,0.0,0.4000000059604645,0.0
494,9.88,front_left_shoulder_to_arm,6,-0.686186671257019,5.415399937191978e-05,-0.6899999976158142,0.0,0.0,-0.30495965480804443,-0.30495965480804443,0.0,0.0,0.4000000059604645,0.0,0.0,0.0,0.4000000059604645,0.0,0.0,0.0,0.4000000059604645,0.0
494,9.88,front_left_arm_to_hand,10,1.5994867086410522,2.703855628283236e-08,1.600000023841858,0.0,0.0,0.041065189987421036,0.041065189987421036,0.0,0.0,0.4000000059604645,0.0,0.0,0.0,0.4000000059604645,0.0,0.0,0.0,0.4000000059604645,0.0
495,9.9,base_to_front_left_shoulder,2,0.10582230985164642,6.634942110395059e-06,0.10000000149011612,0.0,0.0,-0.46618375182151794,-0.46618375182151794,0.0,0.0,0.4000000059604645,0.0,0.0,0.0,0.4000000059604645,0.0,0.0,0.0,0.4000000059604645,0.0
495,9.9,front_left_shoulder_to_arm,6,-0.6861799955368042,5.4136544349603355e-05,-0.6899999976158142,0.0,0.0,-0.30549371242523193,-0.30549371242523193,0.0,0.0,0.4000000059604645,0.0,0.0,0.0,0.4000000059604645,0.0,0.0,0.0,0.4000000059604645,0.0
495,9.9,front_left_arm_to_hand,10,1.5994867086410522,5.3925777621088855e-08,1.600000023841858,0.0,0.0,0.041065193712711334,0.041065193712711334,0.0,0.0,0.4000000059604645,0.0,0.0,0.0,0.4000000059604645,0.0,0.0,0.0,0.4000000059604645,0.0
496,9.92,base_to_front_left_shoulder,2,0.10584475100040436,6.602776011277456e-06,0.10000000149011612,0.0,0.0,-0.4679814279079437,-0.4679814279079437,0.0,0.0,0.4000000059604645,0.0,0.0,0.0,0.4000000059604645,0.0,0.0,0.0,0.4000000059604645,0.0
496,9.92,front_left_shoulder_to_arm,6,-0.6861733198165894,5.415366467786953e-05,-0.6899999976158142,0.0,0.0,-0.30602777004241943,-0.30602777004241943,0.0,0.0,0.4000000059604645,0.0,0.0,0.0,0.4000000059604645,0.0,0.0,0.0,0.4000000059604645,0.0
496,9.92,front_left_arm_to_hand,10,1.5994867086410522,2.69616116099769e-08,1.600000023841858,0.0,0.0,0.04106520116329193,0.04106520116329193,0.0,0.0,0.4000000059604645,0.0,0.0,0.0,0.4000000059604645,0.0,0.0,0.0,0.4000000059604645,0.0
497,9.94,base_to_front_left_shoulder,2,0.1058247834444046,6.612824108742643e-06,0.10000000149011612,0.0,0.0,-0.4663858115673065,-0.4663858115673065,0.0,0.0,0.4000000059604645,0.0,0.0,0.0,0.4000000059604645,0.0,0.0,0.0,0.4000000059604645,0.0
497,9.94,front_left_shoulder_to_arm,6,-0.6861666440963745,5.414460611063987e-05,-0.6899999976158142,0.0,0.0,-0.30656182765960693,-0.30656182765960693,0.0,0.0,0.4000000059604645,0.0,0.0,0.0,0.4000000059604645,0.0,0.0,0.0,0.4000000059604645,0.0
497,9.94,front_left_arm_to_hand,10,1.5994867086410522,5.1903263909025554e-08,1.600000023841858,0.0,0.0,0.04106519743800163,0.04106519743800163,0.0,0.0,0.4000000059604645,0.0,0.0,0.0,0.4000000059604645,0.0,0.0,0.0,0.4000000059604645,0.0
498,9.96,base_to_front_left_shoulder,2,0.10584698617458344,6.605126145586837e-06,0.10000000149011612,0.0,0.0,-0.4681644141674042,-0.4681644141674042,0.0,0.0,0.4000000059604645,0.0,0.0,0.0,0.4000000059604645,0.0,0.0,0.0,0.4000000059604645,0.0
498,9.96,front_left_shoulder_to_arm,6,-0.6861600279808044,5.416027124738321e-05,-0.6899999976158142,0.0,0.0,-0.3070911169052124,-0.3070911169052124,0.0,0.0,0.4000000059604645,0.0,0.0,0.0,0.4000000059604645,0.0,0.0,0.0,0.4000000059604645,0.0
498,9.96,front_left_arm_to_hand,10,1.5994867086410522,3.738403364650367e-08,1.600000023841858,0.0,0.0,0.04106520116329193,0.04106520116329193,0.0,0.0,0.4000000059604645,0.0,0.0,0.0,0.4000000059604645,0.0,0.0,0.0,0.4000000059604645,0.0
499,9.98,base_to_front_left_shoulder,2,0.10582679510116577,6.60766181681538e-06,0.10000000149011612,0.0,0.0,-0.4665515124797821,-0.4665515124797821,0.0,0.0,0.4000000059604645,0.0,0.0,0.0,0.4000000059604645,0.0,0.0,0.0,0.4000000059604645,0.0
499,9.98,front_left_shoulder_to_arm,6,-0.6861533522605896,5.4177522542886436e-05,-0.6899999976158142,0.0,0.0,-0.3076252043247223,-0.3076252043247223,0.0,0.0,0.4000000059604645,0.0,0.0,0.0,0.4000000059604645,0.0,0.0,0.0,0.4000000059604645,0.0
499,9.98,front_left_arm_to_hand,10,1.5994867086410522,3.578777807433653e-08,1.600000023841858,0.0,0.0,0.04106519743800163,0.04106519743800163,0.0,0.0,0.4000000059604645,0.0,0.0,0.0,0.4000000059604645,0.0,0.0,0.0,0.4000000059604645,0.0
500,10.0,base_to_front_left_shoulder,2,0.10584874451160431,6.605585440411232e-06,0.10000000149011612,0.0,0.0,-0.46830984950065613,-0.46830984950065613,0.0,0.0,0.4000000059604645,0.0,0.0,0.0,0.4000000059604645,0.0,0.0,0.0,0.4000000059604645,0.0
500,10.0,front_left_shoulder_to_arm,6,-0.6861467361450195,5.417930515250191e-05,-0.6899999976158142,0.0,0.0,-0.30815449357032776,-0.30815449357032776,0.0,0.0,0.4000000059604645,0.0,0.0,0.0,0.4000000059604645,0.0,0.0,0.0,0.4000000059604645,0.0
500,10.0,front_left_arm_to_hand,10,1.5994867086410522,4.2768206753862614e-08,1.600000023841858,0.0,0.0,0.041065193712711334,0.041065193712711334,0.0,0.0,0.4000000059604645,0.0,0.0,0.0,0.4000000059604645,0.0,0.0,0.0,0.4000000059604645,0.0
501,10.02,base_to_front_left_shoulder,2,0.10582830011844635,6.611518983845599e-06,0.10000000149011612,0.0,0.0,-0.4666772782802582,-0.4666772782802582,0.0,0.0,0.4000000059604645,0.0,0.0,0.0,0.4000000059604645,0.0,0.0,0.0,0.4000000059604645,0.0
501,10.02,front_left_shoulder_to_arm,6,-0.6861400604248047,5.41721165063791e-05,-0.6899999976158142,0.0,0.0,-0.30868855118751526,-0.30868855118751526,0.0,0.0,0.4000000059604645,0.0,0.0,0.0,0.4000000059604645,0.0,0.0,0.0,0.4000000059604645,0.0
501,10.02,front_left_arm_to_hand,10,1.5994867086410522,4.205539738677544e-08,1.600000023841858,0.0,0.0,0.04106519743800163,0.04106519743800163,0.0,0.0,0.4000000059604645,0.0,0.0,0.0,0.4000000059604645,0.0,0.0,0.0,0.4000000059604645,0.0
502,10.040000000000001,base_to_front_left_shoulder,2,0.10585092008113861,6.611910976062063e-06,0.10000000149011612,0.0,0.0,-0.4684659242630005,-0.4684659242630005,0.0,0.0,0.4000000059604645,0.0,0.0,0.0,0.4000000059604645,0.0,0.0,0.0,0.4000000059604645,0.0
502,10.040000000000001,front_left_shoulder_to_arm,6,-0.6861990094184875,5.41189729119651e-05,-0.6899999976158142,0.0,0.0,-0.30397191643714905,-0.30397191643714905,0.0,0.0,0.4000000059604645,0.0,0.0,0.0,0.4000000059604645,0.0,0.0,0.0,0.4000000059604645,0.0
502,10.040000000000001,front_left_arm_to_hand,10,1.5994867086410522,3.974656337391025e-08,1.600000023841858,0.0,0.0,0.04106520116329193,0.04106520116329193,0.0,0.0,0.4000000059604645,0.0,0.0,0.0,0.4000000059604645,0.0,0.0,0.0,0.4000000059604645,0.0
503,10.06,base_to_front_left_shoulder,2,0.10583138465881348,6.594745173060801e-06,0.10000000149011612,0.0,0.0,-0.4669055640697479,-0.4669055640697479,0.0,0.0,0.4000000059604645,0.0,0.0,0.0,0.4000000059604645,0.0,0.0,0.0,0.4000000059604645,0.0
503,10.06,front_left_shoulder_to_arm,6,-0.6861923336982727,5.414763290900737e-05,-0.6899999976158142,0.0,0.0,-0.30450665950775146,-0.30450665950775146,0.0,0.0,0.4000000059604645,0.0,0.0,0.0,0.4000000059604645,0.0,0.0,0.0,0.4000000059604645,0.0
503,10.06,front_left_arm_to_hand,10,1.5994867086410522,2.9726521688644425e-08,1.600000023841858,0.0,0.0,0.041065189987421036,0.041065189987421036,0.0,0.0,0.4000000059604645,0.0,0.0,0.0,0.4000000059604645,0.0,0.0,0.0,0.4000000059604645,0.0
504,10.08,base_to_front_left_shoulder,2,0.10585404932498932,6.577360181836411e-06,0.10000000149011612,0.0,0.0,-0.4687196910381317,-0.4687196910381317,0.0,0.0,0.4000000059604645,0.0,0.0,0.0,0.4000000059604645,0.0,0.0,0.0,0.4000000059604645,0.0
504,10.08,front_left_shoulder_to_arm,6,-0.6861856579780579,5.37909145350568e-05,-0.6899999976158142,0.0,0.0,-0.30503377318382263,-0.30503377318382263,0.0,0.0,0.4000000059604645,0.0,0.0,0.0,0.4000000059604645,0.0,0.0,0.0,0.4000000059604645,0.0
504,10.08,front_left_arm_to_hand,10,1.5994867086410522,4.921762908338678e-08,1.600000023841858,0.0,0.0,0.04106520116329193,0.04106520116329193,0.0,0.0,0.4000000059604645,0.0,0.0,0.0,0.4000000059604645,0.0,0.0,0.0,0.4000000059604645,0.0
505,10.1,base_to_front_left_shoulder,2,0.10583430528640747,6.614912308577914e-06,0.10000000149011612,0.0,0.0,-0.46714338660240173,-0.46714338660240173,0.0,0.0,0.4000000059604645,0.0,0.0,0.0,0.4000000059604645,0.0,0.0,0.0,0.4000000059604645,0.0
505,10.1,front_left_shoulder_to_arm,6,-0.686178982257843,5.4145675676409155e-05,-0.6899999976158142,0.0,0.0,-0.30557480454444885,-0.30557480454444885,0.0,0.0,0.4000000059604645,0.0,0.0,0.0,0.4000000059604645,0.0,0.0,0.0,0.4000000059604645,0.0
505,10.1,front_left_arm_to_hand,10,1.5994867086410522,2.8537023410990514e-08,1.600000023841858,0.0,0.0,0.041065193712711334,0.041065193712711334,0.0,0.0,0.4000000059604645,0.0,0.0,0.0,0.4000000059604645,0.0,0.0,0.0,0.4000000059604645,0.0
506,10.120000000000001,base_to_front_left_shoulder,2,0.10585669428110123,6.557191227329895e-06,0.10000000149011612,0.0,0.0,-0.4689360558986664,-0.4689360558986664,0.0,0.0,0.4000000059604645,0.0,0.0,0.0,0.4000000059604645,0.0,0.0,0.0,0.4000000059604645,0.0
506,10.120000000000001,front_left_shoulder_to_arm,6,-0.6861723065376282,5.3787342039868236e-05,-0.6899999976158142,0.0,0.0,-0.30610191822052,-0.30610191822052,0.0,0.0,0.4000000059604645,0.0,0.0,0.0,0.4000000059604645,0.0,0.0,0.0,0.4000000059604645,0.0
506,10.120000000000001,front_left_arm_to_hand,10,1.5994867086410522,4.194187042116937e-08,1.600000023841858,0.0,0.0,0.04106519743800163,0.04106519743800163,0.0,0.0,0.4000000059604645,0.0,0.0,0.0,0.4000000059604645,0.0,0.0,0.0,0.4000000059604645,0.0
507,10.14,base_to_front_left_shoulder,2,0.10583671182394028,6.6009388319798745e-06,0.10000000149011612,0.0,0.0,-0.4673406779766083,-0.4673406779766083,0.0,0.0,0.4000000059604645,0.0,0.0,0.0,0.4000000059604645,0.0,0.0,0.0,0.4000000059604645,0.0
507,10.14,front_left_shoulder_to_arm,6,-0.6861656308174133,5.414702900452539e-05,-0.6899999976158142,0.0,0.0,-0.30664288997650146,-0.30664288997650146,0.0,0.0,0.4000000059604645,0.0,0.0,0.0,0.4000000059604645,0.0,0.0,0.0,0.4000000059604645,0.0
507,10.14,front_left_arm_to_hand,10,1.5994867086410522,4.6443631163128885e-08,1.600000023841858,0.0,0.0,0.04106520116329193,0.04106520116329193,0.0,0.0,0.4000000059604645,0.0,0.0,0.0,0.4000000059604645,0.0,0.0,0.0,0.4000000059604645,0.0
508,10.16,base_to_front_left_shoulder,2,0.10585884749889374,6.570441655640025e-06,0.10000000149011612,0.0,0.0,-0.4691130816936493,-0.4691130816936493,0.0,0.0,0.4000000059604645,0.0,0.0,0.0,0.4000000059604645,0.0,0.0,0.0,0.4000000059604645,0.0
508,10.16,front_left_shoulder_to_arm,6,-0.6861590147018433,5.378519563237205e-05,-0.6899999976158142,0.0,0.0,-0.307170033454895,-0.307170033454895,0.0,0.0,0.4000000059604645,0.0,0.0,0.0,0.4000000059604645,0.0,0.0,0.0,0.4000000059604645,0.0
508,10.16,front_left_arm_to_hand,10,1.5994867086410522,4.3889730960700035e-08,1.600000023841858,0.0,0.0,0.04106520116329193,0.04106520116329193,0.0,0.0,0.4000000059604645,0.0,0.0,0.0,0.4000000059604645,0.0,0.0,0.0,0.4000000059604645,0.0
509,10.18,base_to_front_left_shoulder,2,0.10583862662315369,6.6048505686922e-06,0.10000000149011612,0.0,0.0,-0.46749863028526306,-0.46749863028526306,0.0,0.0,0.4000000059604645,0.0,0.0,0.0,0.4000000059604645,0.0,0.0,0.0,0.4000000059604645,0.0
509,10.18,front_left_shoulder_to_arm,6,-0.6861523389816284,5.414312181528658e-05,-0.6899999976158142,0.0,0.0,-0.30770623683929443,-0.30770623683929443,0.0,0.0,0.4000000059604645,0.0,0.0,0.0,0.4000000059604645,0.0,0.0,0.0,0.4000000059604645,0.0
509,10.18,front_left_arm_to_hand,10,1.5994867086410522,3.3966919943395624e-08,1.600000023841858,0.0,0.0,0.041065193712711334,0.041065193712711334,0.0,0.0,0.4000000059604645,0.0,0.0,0.0,0.4000000059604645,0.0,0.0,0.0,0.4000000059604645,0.0
510,10.200000000000001,base_to_front_left_shoulder,2,0.10586084425449371,1.4169978612699197e-07,0.10000000149011612,0.0,0.0,-0.4691441059112549,-0.4691441059112549,0.0,0.0,0.4000000059604645,0.0,0.0,0.0,0.4000000059604645,0.0,0.0,0.0,0.4000000059604645,0.0
510,10.200000000000001,front_left_shoulder_to_arm,6,-0.6862106323242188,1.2411107945808908e-06,-0.6899999976158142,0.0,0.0,-0.3021600842475891,-0.3021600842475891,0.0,0.0,0.4000000059604645,0.0,0.0,0.0,0.4000000059604645,0.0,0.0,0.0,0.4000000059604645,0.0
510,10.200000000000001,front_left_arm_to_hand,10,1.5994867086410522,6.81964573701066e-09,1.600000023841858,0.0,0.0,0.04106593132019043,0.04106593132019043,0.0,0.0,0.4000000059604645,0.0,0.0,0.0,0.4000000059604645,0.0,0.0,0.0,0.4000000059604645,0.0
511,10.22,base_to_front_left_shoulder,2,0.10584151744842529,6.616154678340536e-06,0.10000000149011612,0.0,0.0,-0.46771201491355896,-0.46771201491355896,0.0,0.0,0.4000000059604645,0.0,0.0,0.0,0.4000000059604645,0.0,0.0,0.0,0.4000000059604645,0.0
511,10.22,front_left_shoulder_to_arm,6,-0.6862040162086487,5.4144562454894185e-05,-0.6899999976158142,0.0,0.0,-0.30357205867767334,-0.30357205867767334,0.0,0.0,0.4000000059604645,0.0,0.0,0.0,0.4000000059604645,0.0,0.0,0.0,0.4000000059604645,0.0
511,10.22,front_left_arm_to_hand,10,1.5994867086410522,2.1853523435311217e-08,1.600000023841858,0.0,0.0,0.041065193712711334,0.041065193712711334,0.0,0.0,0.4000000059604645,0.0,0.0,0.0,0.4000000059604645,0.0,0.0,0.0,0.4000000059604645,0.0
512,10.24,base_to_front_left_shoulder,2,0.10582207143306732,6.611239768972155e-06,0.10000000149011612,0.0,0.0,-0.4661587178707123,-0.4661587178707123,0.0,0.0,0.4000000059604645,0.0,0.0,0.0,0.4000000059604645,0.0,0.0,0.0,0.4000000059604645,0.0
512,10.24,front_left_shoulder_to_arm,6,-0.6861973404884338,5.414957558969036e-05,-0.6899999976158142,0.0,0.0,-0.30410611629486084,-0.30410611629486084,0.0,0.0,0.4000000059604645,0.0,0.0,0.0,0.4000000059604645,0.0,0.0,0.0,0.4000000059604645,0.0
512,10.24,front_left_arm_to_hand,10,1.5994867086410522,4.585765367437489e-08,1.600000023841858,0.0,0.0,0.041065193712711334,0.041065193712711334,0.0,0.0,0.4000000059604645,0.0,0.0,0.0,0.4000000059604645,0.0,0.0,0.0,0.4000000059604645,0.0
513,10.26,base_to_front_left_shoulder,2,0.10584475845098495,6.617668077524286e-06,0.10000000149011612,0.0,0.0,-0.4679754674434662,-0.4679754674434662,0.0,0.0,0.4000000059604645,0.0,0.0,0.0,0.4000000059604645,0.0,0.0,0.0,0.4000000059604645,0.0
513,10.26,front_left_shoulder_to_arm,6,-0.686190664768219,5.4147989430930465e-05,-0.6899999976158142,0.0,0.0,-0.3046402037143707,-0.3046402037143707,0.0,0.0,0.4000000059604645,0.0,0.0,0.0,0.4000000059604645,0.0,0.0,0.0,0.4000000059604645,0.0
513,10.26,front_left_arm_to_hand,10,1.5994867086410522,2.9526560751946818e-08,1.600000023841858,0.0,0.0,0.04106519743800163,0.04106519743800163,0.0,0.0,0.4000000059604645,0.0,0.0,0.0,0.4000000059604645,0.0,0.0,0.0,0.4000000059604645,0.0
514,10.28,base_to_front_left_shoulder,2,0.10582510381937027,6.6128586695413105e-06,0.10000000149011612,0.0,0.0,-0.4664054811000824,-0.4664054811000824,0.0,0.0,0.4000000059604645,0.0,0.0,0.0,0.4000000059604645,0.0,0.0,0.0,0.4000000059604645,0.0
514,10.28,front_left_shoulder_to_arm,6,-0.6861839890480042,5.415722989710048e-05,-0.6899999976158142,0.0,0.0,-0.3051742613315582,-0.3051742613315582,0.0,0.0,0.4000000059604645,0.0,0.0,0.0,0.4000000059604645,0.0,0.0,0.0,0.4000000059604645,0.0
514,10.28,front_left_arm_to_hand,10,1.5994867086410522,4.313148949108836e-08,1.600000023841858,0.0,0.0,0.04106519743800163,0.04106519743800163,0.0,0.0,0.4000000059604645,0.0,0.0,0.0,0.4000000059604645,0.0,0.0,0.0,0.4000000059604645,0.0
515,10.3,base_to_front_left_shoulder,2,0.10584769397974014,6.6094180510845035e-06,0.10000000149011612,0.0,0.0,-0.46821504831314087,-0.46821504831314087,0.0,0.0,0.4000000059604645,0.0,0.0,0.0,0.4000000059604645,0.0,0.0,0.0,0.4000000059604645,0.0
515,10.3,front_left_shoulder_to_arm,6,-0.6861773133277893,5.414445331552997e-05,-0.6899999976158142,0.0,0.0,-0.305708110332489,-0.305708110332489,0.0,0.0,0.4000000059604645,0.0,0.0,0.0,0.4000000059604645,0.0,0.0,0.0,0.4000000059604645,0.0
515,10.3,front_left_arm_to_hand,10,1.5994867086410522,3.658217551105736e-08,1.600000023841858,0.0,0.0,0.041065189987421036,0.041065189987421036,0.0,0.0,0.4000000059604645,0.0,0.0,0.0,0.4000000059604645,0.0,0.0,0.0,0.4000000059604645,0.0
516,10.32,base_to_front_left_shoulder,2,0.10582780092954636,6.623827175644692e-06,0.10000000149011612,0.0,0.0,-0.46662601828575134,-0.46662601828575134,0.0,0.0,0.4000000059604645,0.0,0.0,0.0,0.4000000059604645,0.0,0.0,0.0,0.4000000059604645,0.0
516,10.32,front_left_shoulder_to_arm,6,-0.6861706376075745,5.414406768977642e-05,-0.6899999976158142,0.0,0.0,-0.3062423765659332,-0.3062423765659332,0.0,0.0,0.4000000059604645,0.0,0.0,0.0,0.4000000059604645,0.0,0.0,0.0,0.4000000059604645,0.0
516,10.32,front_left_arm_to_hand,10,1.5994867086410522,5.0620727165551216e-08,1.600000023841858,0.0,0.0,0.041065193712711334,0.041065193712711334,0.0,0.0,0.4000000059604645,0.0,0.0,0.0,0.4000000059604645,0.0,0.0,0.0,0.4000000059604645,0.0
517,10.34,base_to_front_left_shoulder,2,0.10585012286901474,6.593214493477717e-06,0.10000000149011612,0.0,0.0,-0.4684141278266907,-0.4684141278266907,0.0,0.0,0.4000000059604645,0.0,0.0,0.0,0.4000000059604645,0.0,0.0,0.0,0.4000000059604645,0.0
517,10.34,front_left_shoulder_to_arm,6,-0.6861640214920044,5.415323539637029e-05,-0.6899999976158142,0.0,0.0,-0.30677148699760437,-0.30677148699760437,0.0,0.0,0.4000000059604645,0.0,0.0,0.0,0.4000000059604645,0.0,0.0,0.0,0.4000000059604645,0.0
517,10.34,front_left_arm_to_hand,10,1.5994867086410522,3.455491537351918e-08,1.600000023841858,0.0,0.0,0.04106520488858223,0.04106520488858223,0.0,0.0,0.4000000059604645,0.0,0.0,0.0,0.4000000059604645,0.0,0.0,0.0,0.4000000059604645,0.0
518,10.36,base_to_front_left_shoulder,2,0.10582999140024185,6.609649062738754e-06,0.10000000149011612,0.0,0.0,-0.466806024312973,-0.466806024312973,0.0,0.0,0.4000000059604645,0.0,0.0,0.0,0.4000000059604645,0.0,0.0,0.0,0.4000000059604645,0.0
518,10.36,front_left_shoulder_to_arm,6,-0.6861573457717896,5.4148425988387316e-05,-0.6899999976158142,0.0,0.0,-0.3073056936264038,-0.3073056936264038,0.0,0.0,0.4000000059604645,0.0,0.0,0.0,0.4000000059604645,0.0,0.0,0.0,0.4000000059604645,0.0
518,10.36,front_left_arm_to_hand,10,1.5994867086410522,4.7351580434451535e-08,1.600000023841858,0.0,0.0,0.041065189987421036,0.041065189987421036,0.0,0.0,0.4000000059604645,0.0,0.0,0.0,0.4000000059604645,0.0,0.0,0.0,0.4000000059604645,0.0
519,10.38,base_to_front_left_shoulder,2,0.10585206747055054,6.616288374061696e-06,0.10000000149011612,0.0,0.0,-0.4685744643211365,-0.4685744643211365,0.0,0.0,0.4000000059604645,0.0,0.0,0.0,0.4000000059604645,0.0,0.0,0.0,0.4000000059604645,0.0
519,10.38,front_left_shoulder_to_arm,6,-0.6861507296562195,5.415821942733601e-05,-0.6899999976158142,0.0,0.0,-0.30783483386039734,-0.30783483386039734,0.0,0.0,0.4000000059604645,0.0,0.0,0.0,0.4000000059604645,0.0,0.0,0.0,0.4000000059604645,0.0
519,10.38,front_left_arm_to_hand,10,1.5994867086410522,3.874358966982072e-08,1.600000023841858,0.0,0.0,0.04106519743800163,0.04106519743800163,0.0,0.0,0.4000000059604645,0.0,0.0,0.0,0.4000000059604645,0.0,0.0,0.0,0.4000000059604645,0.0
520,10.4,base_to_front_left_shoulder,2,0.10583169758319855,6.612137440242805e-06,0.10000000149011612,0.0,0.0,-0.4669472873210907,-0.4669472873210907,0.0,0.0,0.4000000059604645,0.0,0.0,0.0,0.4000000059604645,0.0,0.0,0.0,0.4000000059604645,0.0
520,10.4,front_left_shoulder_to_arm,6,-0.6861440539360046,5.4168303904589266e-05,-0.6899999976158142,0.0,0.0,-0.30836907029151917,-0.30836907029151917,0.0,0.0,0.4000000059604645,0.0,0.0,0.0,0.4000000059604645,0.0,0.0,0.0,0.4000000059604645,0.0
520,10.4,front_left_arm_to_hand,10,1.5994867086410522,3.040074147975247e-08,1.600000023841858,0.0,0.0,0.04106519743800163,0.04106519743800163,0.0,0.0,0.4000000059604645,0.0,0.0,0.0,0.4000000059604645,0.0,0.0,0.0,0.4000000059604645,0.0
521,10.42,base_to_front_left_shoulder,2,0.10585414618253708,6.436331204895396e-06,0.10000000149011612,0.0,0.0,-0.4687196612358093,-0.4687196612358093,0.0,0.0,0.4000000059604645,0.0,0.0,0.0,0.4000000059604645,0.0,0.0,0.0,0.4000000059604645,0.0
521,10.42,front_left_shoulder_to_arm,6,-0.6862029433250427,5.275198054732755e-05,-0.6899999976158142,0.0,0.0,-0.3036360740661621,-0.3036360740661621,0.0,0.0,0.4000000059604645,0.0,0.0,0.0,0.4000000059604645,0.0,0.0,0.0,0.4000000059604645,0.0
521,10.42,front_left_arm_to_hand,10,1.5994867086410522,3.402607262614765e-08,1.600000023841858,0.0,0.0,0.04106520861387253,0.04106520861387253,0.0,0.0,0.4000000059604645,0.0,0.0,0.0,0.4000000059604645,0.0,0.0,0.0,0.4000000059604645,0.0
522,10.44,base_to_front_left_shoulder,2,0.10583470016717911,6.603866495424882e-06,0.10000000149011612,0.0,0.0,-0.46716901659965515,-0.46716901659965515,0.0,0.0,0.4000000059604645,0.0,0.0,0.0,0.4000000059604645,0.0,0.0,0.0,0.4000000059604645,0.0
522,10.44,front_left_shoulder_to_arm,6,-0.6861962676048279,5.414304177975282e-05,-0.6899999976158142,0.0,0.0,-0.3041919469833374,-0.3041919469833374,0.0,0.0,0.4000000059604645,0.0,0.0,0.0,0.4000000059604645,0.0,0.0,0.0,0.4000000059604645,0.0
522,10.44,front_left_arm_to_hand,10,1.5994867086410522,3.95469612612942e-08,1.600000023841858,0.0,0.0,0.04106520116329193,0.04106520116329193,0.0,0.0,0.4000000059604645,0.0,0.0,0.0,0.4000000059604645,0.0,0.0,0.0,0.4000000059604645,0.0
523,10.46,base_to_front_left_shoulder,2,0.1058574691414833,4.968192115484271e-06,0.10000000149011612,0.0,0.0,-0.4656061828136444,-0.4656061828136444,0.0,0.0,0.4000000059604645,0.0,0.0,0.0,0.4000000059604645,0.0,0.0,0.0,0.4000000059604645,0.0
523,10.46,front_left_shoulder_to_arm,6,-0.686189591884613,4.022537177661434e-05,-0.6899999976158142,0.0,0.0,-0.3047260046005249,-0.3047260046005249,0.0,0.0,0.4000000059604645,0.0,0.0,0.0,0.4000000059604645,0.0,0.0,0.0,0.4000000059604645,0.0
523,10.46,front_left_arm_to_hand,10,1.5994867086410522,3.290667649480383e-08,1.600000023841858,0.0,0.0,0.041065193712711334,0.041065193712711334,0.0,0.0,0.4000000059604645,0.0,0.0,0.0,0.4000000059604645,0.0,0.0,0.0,0.4000000059604645,0.0
524,10.48,base_to_front_left_shoulder,2,0.10583778470754623,6.618939551117364e-06,0.10000000149011612,0.0,0.0,-0.4674205482006073,-0.4674205482006073,0.0,0.0,0.4000000059604645,0.0,0.0,0.0,0.4000000059604645,0.0,0.0,0.0,0.4000000059604645,0.0
524,10.48,front_left_shoulder_to_arm,6,-0.6861829161643982,5.414654879132286e-05,-0.6899999976158142,0.0,0.0,-0.3052600920200348,-0.3052600920200348,0.0,0.0,0.4000000059604645,0.0,0.0,0.0,0.4000000059604645,0.0,0.0,0.0,0.4000000059604645,0.0
524,10.48,front_left_arm_to_hand,10,1.5994867086410522,3.140862148143242e-08,1.600000023841858,0.0,0.0,0.04106519743800163,0.04106519743800163,0.0,0.0,0.4000000059604645,0.0,0.0,0.0,0.4000000059604645,0.0,0.0,0.0,0.4000000059604645,0.0
525,10.5,base_to_front_left_shoulder,2,0.10586027801036835,4.958214958605822e-06,0.10000000149011612,0.0,0.0,-0.46583864092826843,-0.46583864092826843,0.0,0.0,0.4000000059604645,0.0,0.0,0.0,0.4000000059604645,0.0,0.0,0.0,0.4000000059604645,0.0
525,10.5,front_left_shoulder_to_arm,6,-0.6861762404441833,4.025872112833895e-05,-0.6899999976158142,0.0,0.0,-0.3057941496372223,-0.3057941496372223,0.0,0.0,0.4000000059604645,0.0,0.0,0.0,0.4000000059604645,0.0,0.0,0.0,0.4000000059604645,0.0
525,10.5,front_left_arm_to_hand,10,1.5994867086410522,3.596448294729271e-08,1.600000023841858,0.0,0.0,0.041065193712711334,0.041065193712711334,0.0,0.0,0.4000000059604645,0.0,0.0,0.0,0.4000000059604645,0.0,0.0,0.0,0.4000000059604645,0.0
526,10.52,base_to_front_left_shoulder,2,0.10584035515785217,6.624327397730667e-06,0.10000000149011612,0.0,0.0,-0.46763095259666443,-0.46763095259666443,0.0,0.0,0.4000000059604645,0.0,0.0,0.0,0.4000000059604645,0.0,0.0,0.0,0.4000000059604645,0.0
526,10.52,front_left_shoulder_to_arm,6,-0.6861695647239685,5.416879866970703e-05,-0.6899999976158142,0.0,0.0,-0.3063281774520874,-0.3063281774520874,0.0,0.0,0.4000000059604645,0.0,0.0,0.0,0.4000000059604645,0.0,0.0,0.0,0.4000000059604645,0.0
526,10.52,front_left_arm_to_hand,10,1.5994867086410522,3.045535379442299e-08,1.600000023841858,0.0,0.0,0.041065193712711334,0.041065193712711334,0.0,0.0,0.4000000059604645,0.0,0.0,0.0,0.4000000059604645,0.0,0.0,0.0,0.4000000059604645,0.0
527,10.540000000000001,base_to_front_left_shoulder,2,0.1058625876903534,4.974513103661593e-06,0.10000000149011612,0.0,0.0,-0.46602997183799744,-0.46602997183799744,0.0,0.0,0.4000000059604645,0.0,0.0,0.0,0.4000000059604645,0.0,0.0,0.0,0.4000000059604645,0.0
527,10.540000000000001,front_left_shoulder_to_arm,6,-0.6861628890037537,4.028319744975306e-05,-0.6899999976158142,0.0,0.0,-0.3068622648715973,-0.3068622648715973,0.0,0.0,0.4000000059604645,0.0,0.0,0.0,0.4000000059604645,0.0,0.0,0.0,0.4000000059604645,0.0
527,10.540000000000001,front_left_arm_to_hand,10,1.5994867086410522,2.833246171007886e-08,1.600000023841858,0.0,0.0,0.04106519743800163,0.04106519743800163,0.0,0.0,0.4000000059604645,0.0,0.0,0.0,0.4000000059604645,0.0,0.0,0.0,0.4000000059604645,0.0
528,10.56,base_to_front_left_shoulder,2,0.10584242641925812,6.615930033149198e-06,0.10000000149011612,0.0,0.0,-0.46780142188072205,-0.46780142188072205,0.0,0.0,0.4000000059604645,0.0,0.0,0.0,0.4000000059604645,0.0,0.0,0.0,0.4000000059604645,0.0
528,10.56,front_left_shoulder_to_arm,6,-0.6861562728881836,5.415831401478499e-05,-0.6899999976158142,0.0,0.0,-0.30739155411720276,-0.30739155411720276,0.0,0.0,0.4000000059604645,0.0,0.0,0.0,0.4000000059604645,0.0,0.0,0.0,0.4000000059604645,0.0
528,10.56,front_left_arm_to_hand,10,1.5994867086410522,3.5885296512105924e-08,1.600000023841858,0.0,0.0,0.041065193712711334,0.041065193712711334,0.0,0.0,0.4000000059604645,0.0,0.0,0.0,0.4000000059604645,0.0,0.0,0.0,0.4000000059604645,0.0
529,10.58,base_to_front_left_shoulder,2,0.10586463660001755,-0.000241312722209841,0.10000000149011612,0.0,0.0,-0.4661831557750702,-0.4661831557750702,0.0,0.0,0.4000000059604645,0.0,0.0,0.0,0.4000000059604645,0.0,0.0,0.0,0.4000000059604645,0.0
529,10.58,front_left_shoulder_to_arm,6,-0.6862128376960754,-0.0019747538026422262,-0.6899999976158142,0.0,0.0,-0.30792561173439026,-0.30792561173439026,0.0,0.0,0.4000000059604645,0.0,0.0,0.0,0.4000000059604645,0.0,0.0,0.0,0.4000000059604645,0.0
529,10.58,front_left_arm_to_hand,10,1.5994867086410522,-1.3968583516543731e-06,1.600000023841858,0.0,0.0,0.04106518626213074,0.04106518626213074,0.0,0.0,0.4000000059604645,0.0,0.0,0.0,0.4000000059604645,0.0,0.0,0.0,0.4000000059604645,0.0
530,10.6,base_to_front_left_shoulder,2,0.10584522783756256,6.606952410947997e-06,0.10000000149011612,0.0,0.0,-0.46800705790519714,-0.46800705790519714,0.0,0.0,0.4000000059604645,0.0,0.0,0.0,0.4000000059604645,0.0,0.0,0.0,0.4000000059604645,0.0
530,10.6,front_left_shoulder_to_arm,6,-0.6862078905105591,5.4129384807311e-05,-0.6899999976158142,0.0,0.0,-0.3032621145248413,-0.3032621145248413,0.0,0.0,0.4000000059604645,0.0,0.0,0.0,0.4000000059604645,0.0,0.0,0.0,0.4000000059604645,0.0
530,10.6,front_left_arm_to_hand,10,1.5994867086410522,3.1313057036186365e-08,1.600000023841858,0.0,0.0,0.041065189987421036,0.041065189987421036,0.0,0.0,0.4000000059604645,0.0,0.0,0.0,0.4000000059604645,0.0,0.0,0.0,0.4000000059604645,0.0
531,10.620000000000001,base_to_front_left_shoulder,2,0.10582587122917175,6.609222509723622e-06,0.10000000149011612,0.0,0.0,-0.4664609134197235,-0.4664609134197235,0.0,0.0,0.4000000059604645,0.0,0.0,0.0,0.4000000059604645,0.0,0.0,0.0,0.4000000059604645,0.0
531,10.620000000000001,front_left_shoulder_to_arm,6,-0.6862012147903442,5.413741018855944e-05,-0.6899999976158142,0.0,0.0,-0.3037961721420288,-0.3037961721420288,0.0,0.0,0.4000000059604645,0.0,0.0,0.0,0.4000000059604645,0.0,0.0,0.0,0.4000000059604645,0.0
531,10.620000000000001,front_left_arm_to_hand,10,1.5994867086410522,2.6357444227187443e-08,1.600000023841858,0.0,0.0,0.041065189987421036,0.041065189987421036,0.0,0.0,0.4000000059604645,0.0,0.0,0.0,0.4000000059604645,0.0,0.0,0.0,0.4000000059604645,0.0
532,10.64,base_to_front_left_shoulder,2,0.10584865510463715,6.618551196879707e-06,0.10000000149011612,0.0,0.0,-0.4682859778404236,-0.4682859778404236,0.0,0.0,0.4000000059604645,0.0,0.0,0.0,0.4000000059604645,0.0,0.0,0.0,0.4000000059604645,0.0
532,10.64,front_left_shoulder_to_arm,6,-0.6861945390701294,5.413950566435233e-05,-0.6899999976158142,0.0,0.0,-0.304330050945282,-0.304330050945282,0.0,0.0,0.4000000059604645,0.0,0.0,0.0,0.4000000059604645,0.0,0.0,0.0,0.4000000059604645,0.0
532,10.64,front_left_arm_to_hand,10,1.5994867086410522,4.765151473407059e-08,1.600000023841858,0.0,0.0,0.04106520116329193,0.04106520116329193,0.0,0.0,0.4000000059604645,0.0,0.0,0.0,0.4000000059604645,0.0,0.0,0.0,0.4000000059604645,0.0
533,10.66,base_to_front_left_shoulder,2,0.10582906007766724,6.606699571420904e-06,0.10000000149011612,0.0,0.0,-0.4667207896709442,-0.4667207896709442,0.0,0.0,0.4000000059604645,0.0,0.0,0.0,0.4000000059604645,0.0,0.0,0.0,0.4000000059604645,0.0
533,10.66,front_left_shoulder_to_arm,6,-0.6861878633499146,5.4132789955474436e-05,-0.6899999976158142,0.0,0.0,-0.3048642873764038,-0.3048642873764038,0.0,0.0,0.4000000059604645,0.0,0.0,0.0,0.4000000059604645,0.0,0.0,0.0,0.4000000059604645,0.0
533,10.66,front_left_arm_to_hand,10,1.5994867086410522,4.577163537078377e-08,1.600000023841858,0.0,0.0,0.04106520116329193,0.04106520116329193,0.0,0.0,0.4000000059604645,0.0,0.0,0.0,0.4000000059604645,0.0,0.0,0.0,0.4000000059604645,0.0
534,10.68,base_to_front_left_shoulder,2,0.10585156083106995,6.612996003241278e-06,0.10000000149011612,0.0,0.0,-0.46852320432662964,-0.46852320432662964,0.0,0.0,0.4000000059604645,0.0,0.0,0.0,0.4000000059604645,0.0,0.0,0.0,0.4000000059604645,0.0
534,10.68,front_left_shoulder_to_arm,6,-0.6861811876296997,5.415151099441573e-05,-0.6899999976158142,0.0,0.0,-0.30539819598197937,-0.30539819598197937,0.0,0.0,0.4000000059604645,0.0,0.0,0.0,0.4000000059604645,0.0,0.0,0.0,0.4000000059604645,0.0
534,10.68,front_left_arm_to_hand,10,1.5994867086410522,3.827547345736093e-08,1.600000023841858,0.0,0.0,0.04106518626213074,0.04106518626213074,0.0,0.0,0.4000000059604645,0.0,0.0,0.0,0.4000000059604645,0.0,0.0,0.0,0.4000000059604645,0.0
535,10.700000000000001,base_to_front_left_shoulder,2,0.10583172738552094,6.6114571382058784e-06,0.10000000149011612,0.0,0.0,-0.46693894267082214,-0.46693894267082214,0.0,0.0,0.4000000059604645,0.0,0.0,0.0,0.4000000059604645,0.0,0.0,0.0,0.4000000059604645,0.0
535,10.700000000000001,front_left_shoulder_to_arm,6,-0.6861745119094849,5.414593033492565e-05,-0.6899999976158142,0.0,0.0,-0.3059324324131012,-0.3059324324131012,0.0,0.0,0.4000000059604645,0.0,0.0,0.0,0.4000000059604645,0.0,0.0,0.0,0.4000000059604645,0.0
535,10.700000000000001,front_left_arm_to_hand,10,1.5994867086410522,4.9372054888863204e-08,1.600000023841858,0.0,0.0,0.04106520116329193,0.04106520116329193,0.0,0.0,0.4000000059604645,0.0,0.0,0.0,0.4000000059604645,0.0,0.0,0.0,0.4000000059604645,0.0
536,10.72,base_to_front_left_shoulder,2,0.10585413873195648,6.575073712156154e-06,0.10000000149011612,0.0,0.0,-0.46873340010643005,-0.46873340010643005,0.0,0.0,0.4000000059604645,0.0,0.0,0.0,0.4000000059604645,0.0,0.0,0.0,0.4000000059604645,0.0
536,10.72,front_left_shoulder_to_arm,6,-0.6861678957939148,5.379267531679943e-05,-0.6899999976158142,0.0,0.0,-0.30645951628685,-0.30645951628685,0.0,0.0,0.4000000059604645,0.0,0.0,0.0,0.4000000059604645,0.0,0.0,0.0,0.4000000059604645,0.0
536,10.72,front_left_arm_to_hand,10,1.5994867086410522,2.3422408901296876e-08,1.600000023841858,0.0,0.0,0.04106520488858223,0.04106520488858223,0.0,0.0,0.4000000059604645,0.0,0.0,0.0,0.4000000059604645,0.0,0.0,0.0,0.4000000059604645,0.0
537,10.74,base_to_front_left_shoulder,2,0.10583406686782837,6.6063139456673525e-06,0.10000000149011612,0.0,0.0,-0.4671308696269989,-0.4671308696269989,0.0,0.0,0.4000000059604645,0.0,0.0,0.0,0.4000000059604645,0.0,0.0,0.0,0.4000000059604645,0.0
537,10.74,front_left_shoulder_to_arm,6,-0.6861612200737,5.415820487542078e-05,-0.6899999976158142,0.0,0.0,-0.30699577927589417,-0.30699577927589417,0.0,0.0,0.4000000059604645,0.0,0.0,0.0,0.4000000059604645,0.0,0.0,0.0,0.4000000059604645,0.0
537,10.74,front_left_arm_to_hand,10,1.5994867086410522,2.7932902213478883e-08,1.600000023841858,0.0,0.0,0.04106520116329193,0.04106520116329193,0.0,0.0,0.4000000059604645,0.0,0.0,0.0,0.4000000059604645,0.0,0.0,0.0,0.4000000059604645,0.0
538,10.76,base_to_front_left_shoulder,2,0.10585622489452362,6.572562597284559e-06,0.10000000149011612,0.0,0.0,-0.4689050614833832,-0.4689050614833832,0.0,0.0,0.4000000059604645,0.0,0.0,0.0,0.4000000059604645,0.0,0.0,0.0,0.4000000059604645,0.0
538,10.76,front_left_shoulder_to_arm,6,-0.6861546039581299,5.3809322707820684e-05,-0.6899999976158142,0.0,0.0,-0.30752286314964294,-0.30752286314964294,0.0,0.0,0.4000000059604645,0.0,0.0,0.0,0.4000000059604645,0.0,0.0,0.0,0.4000000059604645,0.0
538,10.76,front_left_arm_to_hand,10,1.5994867086410522,4.122243169035755e-08,1.600000023841858,0.0,0.0,0.04106520488858223,0.04106520488858223,0.0,0.0,0.4000000059604645,0.0,0.0,0.0,0.4000000059604645,0.0,0.0,0.0,0.4000000059604645,0.0
539,10.78,base_to_front_left_shoulder,2,0.1058359444141388,6.624971319979522e-06,0.10000000149011612,0.0,0.0,-0.46728524565696716,-0.46728524565696716,0.0,0.0,0.4000000059604645,0.0,0.0,0.0,0.4000000059604645,0.0,0.0,0.0,0.4000000059604645,0.0
539,10.78,front_left_shoulder_to_arm,6,-0.686147928237915,5.417152715381235e-05,-0.6899999976158142,0.0,0.0,-0.30805912613868713,-0.30805912613868713,0.0,0.0,0.4000000059604645,0.0,0.0,0.0,0.4000000059604645,0.0,0.0,0.0,0.4000000059604645,0.0
539,10.78,front_left_arm_to_hand,10,1.5994867086410522,3.3117878217581165e-08,1.600000023841858,0.0,0.0,0.04106519743800163,0.04106519743800163,0.0,0.0,0.4000000059604645,0.0,0.0,0.0,0.4000000059604645,0.0,0.0,0.0,0.4000000059604645,0.0
540,10.8,base_to_front_left_shoulder,2,0.1058581992983818,1.1892106499544752e-07,0.10000000149011612,0.0,0.0,-0.4689338505268097,-0.4689338505268097,0.0,0.0,0.4000000059604645,0.0,0.0,0.0,0.4000000059604645,0.0,0.0,0.0,0.4000000059604645,0.0
540,10.8,front_left_shoulder_to_arm,6,-0.6862066388130188,1.0546706334935152e-06,-0.6899999976158142,0.0,0.0,-0.3024805784225464,-0.3024805784225464,0.0,0.0,0.4000000059604645,0.0,0.0,0.0,0.4000000059604645,0.0,0.0,0.0,0.4000000059604645,0.0
540,10.8,front_left_arm_to_hand,10,1.5994867086410522,8.979255561314403e-09,1.600000023841858,0.0,0.0,0.04106592759490013,0.04106592759490013,0.0,0.0,0.4000000059604645,0.0,0.0,0.0,0.4000000059604645,0.0,0.0,0.0,0.4000000059604645,0.0
541,10.82,base_to_front_left_shoulder,2,0.10583881288766861,6.620309250138234e-06,0.10000000149011612,0.0,0.0,-0.4674968421459198,-0.4674968421459198,0.0,0.0,0.4000000059604645,0.0,0.0,0.0,0.4000000059604645,0.0,0.0,0.0,0.4000000059604645,0.0
541,10.82,front_left_shoulder_to_arm,6,-0.6862000226974487,5.413796316133812e-05,-0.6899999976158142,0.0,0.0,-0.30389153957366943,-0.30389153957366943,0.0,0.0,0.4000000059604645,0.0,0.0,0.0,0.4000000059604645,0.0,0.0,0.0,0.4000000059604645,0.0
541,10.82,front_left_arm_to_hand,10,1.5994867086410522,4.0643413967700326e-08,1.600000023841858,0.0,0.0,0.041065189987421036,0.041065189987421036,0.0,0.0,0.4000000059604645,0.0,0.0,0.0,0.4000000059604645,0.0,0.0,0.0,0.4000000059604645,0.0
542,10.84,base_to_front_left_shoulder,2,0.10581930726766586,6.608557669096626e-06,0.10000000149011612,0.0,0.0,-0.4659387767314911,-0.4659387767314911,0.0,0.0,0.4000000059604645,0.0,0.0,0.0,0.4000000059604645,0.0,0.0,0.0,0.4000000059604645,0.0
542,10.84,front_left_shoulder_to_arm,6,-0.6861933469772339,5.412897007772699e-05,-0.6899999976158142,0.0,0.0,-0.30442559719085693,-0.30442559719085693,0.0,0.0,0.4000000059604645,0.0,0.0,0.0,0.4000000059604645,0.0,0.0,0.0,0.4000000059604645,0.0
542,10.84,front_left_arm_to_hand,10,1.5994867086410522,4.937664854764989e-08,1.600000023841858,0.0,0.0,0.04106520116329193,0.04106520116329193,0.0,0.0,0.4000000059604645,0.0,0.0,0.0,0.4000000059604645,0.0,0.0,0.0,0.4000000059604645,0.0
543,10.86,base_to_front_left_shoulder,2,0.10584203153848648,6.60760542814387e-06,0.10000000149011612,0.0,0.0,-0.4677591025829315,-0.4677591025829315,0.0,0.0,0.4000000059604645,0.0,0.0,0.0,0.4000000059604645,0.0,0.0,0.0,0.4000000059604645,0.0
543,10.86,front_left_shoulder_to_arm,6,-0.686186671257019,5.414455517893657e-05,-0.6899999976158142,0.0,0.0,-0.30495965480804443,-0.30495965480804443,0.0,0.0,0.4000000059604645,0.0,0.0,0.0,0.4000000059604645,0.0,0.0,0.0,0.4000000059604645,0.0
543,10.86,front_left_arm_to_hand,10,1.5994867086410522,4.303166534214142e-08,1.600000023841858,0.0,0.0,0.041065193712711334,0.041065193712711334,0.0,0.0,0.4000000059604645,0.0,0.0,0.0,0.4000000059604645,0.0,0.0,0.0,0.4000000059604645,0.0
544,10.88,base_to_front_left_shoulder,2,0.10582228749990463,6.616170139750466e-06,0.10000000149011612,0.0,0.0,-0.4661819636821747,-0.4661819636821747,0.0,0.0,0.4000000059604645,0.0,0.0,0.0,0.4000000059604645,0.0,0.0,0.0,0.4000000059604645,0.0
544,10.88,front_left_shoulder_to_arm,6,-0.6861799955368042,5.4153642849996686e-05,-0.6899999976158142,0.0,0.0,-0.3054937422275543,-0.3054937422275543,0.0,0.0,0.4000000059604645,0.0,0.0,0.0,0.4000000059604645,0.0,0.0,0.0,0.4000000059604645,0.0
544,10.88,front_left_arm_to_hand,10,1.5994867086410522,3.018019256728621e-08,1.600000023841858,0.0,0.0,0.04106520116329193,0.04106520116329193,0.0,0.0,0.4000000059604645,0.0,0.0,0.0,0.4000000059604645,0.0,0.0,0.0,0.4000000059604645,0.0
545,10.9,base_to_front_left_shoulder,2,0.10584473609924316,6.6023485487676226e-06,0.10000000149011612,0.0,0.0,-0.4679802358150482,-0.4679802358150482,0.0,0.0,0.4000000059604645,0.0,0.0,0.0,0.4000000059604645,0.0,0.0,0.0,0.4000000059604645,0.0
545,10.9,front_left_shoulder_to_arm,6,-0.6861733198165894,5.4133030062075704e-05,-0.6899999976158142,0.0,0.0,-0.30602777004241943,-0.30602777004241943,0.0,0.0,0.4000000059604645,0.0,0.0,0.0,0.4000000059604645,0.0,0.0,0.0,0.4000000059604645,0.0
545,10.9,front_left_arm_to_hand,10,1.5994867086410522,4.485252347308233e-08,1.600000023841858,0.0,0.0,0.041065193712711334,0.041065193712711334,0.0,0.0,0.4000000059604645,0.0,0.0,0.0,0.4000000059604645,0.0,0.0,0.0,0.4000000059604645,0.0
546,10.92,base_to_front_left_shoulder,2,0.10582476854324341,6.611397111555561e-06,0.10000000149011612,0.0,0.0,-0.466384619474411,-0.466384619474411,0.0,0.0,0.4000000059604645,0.0,0.0,0.0,0.4000000059604645,0.0,0.0,0.0,0.4000000059604645,0.0
546,10.92,front_left_shoulder_to_arm,6,-0.6861666440963745,5.414851329987869e-05,-0.6899999976158142,0.0,0.0,-0.30656182765960693,-0.30656182765960693,0.0,0.0,0.4000000059604645,0.0,0.0,0.0,0.4000000059604645,0.0,0.0,0.0,0.4000000059604645,0.0
546,10.92,front_left_arm_to_hand,10,1.5994867086410522,3.515190627467746e-08,1.600000023841858,0.0,0.0,0.04106520488858223,0.04106520488858223,0.0,0.0,0.4000000059604645,0.0,0.0,0.0,0.4000000059604645,0.0,0.0,0.0,0.4000000059604645,0.0
547,10.94,base_to_front_left_shoulder,2,0.10584697127342224,6.614285666728392e-06,0.10000000149011612,0.0,0.0,-0.46816322207450867,-0.46816322207450867,0.0,0.0,0.4000000059604645,0.0,0.0,0.0,0.4000000059604645,0.0,0.0,0.0,0.4000000059604645,0.0
547,10.94,front_left_shoulder_to_arm,6,-0.6861600279808044,5.4147138143889606e-05,-0.6899999976158142,0.0,0.0,-0.3070911467075348,-0.3070911467075348,0.0,0.0,0.4000000059604645,0.0,0.0,0.0,0.4000000059604645,0.0,0.0,0.0,0.4000000059604645,0.0
547,10.94,front_left_arm_to_hand,10,1.5994867086410522,3.1872133376964484e-08,1.600000023841858,0.0,0.0,0.04106520488858223,0.04106520488858223,0.0,0.0,0.4000000059604645,0.0,0.0,0.0,0.4000000059604645,0.0,0.0,0.0,0.4000000059604645,0.0
548,10.96,base_to_front_left_shoulder,2,0.10582678020000458,6.616172868234571e-06,0.10000000149011612,0.0,0.0,-0.4665503203868866,-0.4665503203868866,0.0,0.0,0.4000000059604645,0.0,0.0,0.0,0.4000000059604645,0.0,0.0,0.0,0.4000000059604645,0.0
548,10.96,front_left_shoulder_to_arm,6,-0.6861533522605896,5.415709165390581e-05,-0.6899999976158142,0.0,0.0,-0.3076252043247223,-0.3076252043247223,0.0,0.0,0.4000000059604645,0.0,0.0,0.0,0.4000000059604645,0.0,0.0,0.0,0.4000000059604645,0.0
548,10.96,front_left_arm_to_hand,10,1.5994867086410522,4.515889884260105e-08,1.600000023841858,0.0,0.0,0.04106519743800163,0.04106519743800163,0.0,0.0,0.4000000059604645,0.0,0.0,0.0,0.4000000059604645,0.0,0.0,0.0,0.4000000059604645,0.0
549,10.98,base_to_front_left_shoulder,2,0.10584872961044312,6.608511284866836e-06,0.10000000149011612,0.0,0.0,-0.4683086574077606,-0.4683086574077606,0.0,0.0,0.4000000059604645,0.0,0.0,0.0,0.4000000059604645,0.0,0.0,0.0,0.4000000059604645,0.0
549,10.98,front_left_shoulder_to_arm,6,-0.6861467361450195,5.4168842325452715e-05,-0.6899999976158142,0.0,0.0,-0.30815449357032776,-0.30815449357032776,0.0,0.0,0.4000000059604645,0.0,0.0,0.0,0.4000000059604645,0.0,0.0,0.0,0.4000000059604645,0.0
549,10.98,front_left_arm_to_hand,10,1.5994867086410522,3.966718509218481e-08,1.600000023841858,0.0,0.0,0.04106520116329193,0.04106520116329193,0.0,0.0,0.4000000059604645,0.0,0.0,0.0,0.4000000059604645,0.0,0.0,0.0,0.4000000059604645,0.0
550,11.0,base_to_front_left_shoulder,2,0.10582828521728516,6.605554517591372e-06,0.10000000149011612,0.0,0.0,-0.46667608618736267,-0.46667608618736267,0.0,0.0,0.4000000059604645,0.0,0.0,0.0,0.4000000059604645,0.0,0.0,0.0,0.4000000059604645,0.0
550,11.0,front_left_shoulder_to_arm,6,-0.6861400604248047,5.4169016948435456e-05,-0.6899999976158142,0.0,0.0,-0.30868855118751526,-0.30868855118751526,0.0,0.0,0.4000000059604645,0.0,0.0,0.0,0.4000000059604645,0.0,0.0,0.0,0.4000000059604645,0.0
550,11.0,front_left_arm_to_hand,10,1.5994867086410522,3.0150832941444605e-08,1.600000023841858,0.0,0.0,0.04106520116329193,0.04106520116329193,0.0,0.0,0.4000000059604645,0.0,0.0,0.0,0.4000000059604645,0.0,0.0,0.0,0.4000000059604645,0.0
551,11.02,base_to_front_left_shoulder,2,0.10585090517997742,6.602674147870857e-06,0.10000000149011612,0.0,0.0,-0.468464732170105,-0.468464732170105,0.0,0.0,0.4000000059604645,0.0,0.0,0.0,0.4000000059604645,0.0,0.0,0.0,0.4000000059604645,0.0
551,11.02,front_left_shoulder_to_arm,6,-0.6861990094184875,5.4114920203574e-05,-0.6899999976158142,0.0,0.0,-0.30397191643714905,-0.30397191643714905,0.0,0.0,0.4000000059604645,0.0,0.0,0.0,0.4000000059604645,0.0,0.0,0.0,0.4000000059604645,0.0
551,11.02,front_left_arm_to_hand,10,1.5994867086410522,2.6888553605886045e-08,1.600000023841858,0.0,0.0,0.04106519743800163,0.04106519743800163,0.0,0.0,0.4000000059604645,0.0,0.0,0.0,0.4000000059604645,0.0,0.0,0.0,0.4000000059604645,0.0
552,11.040000000000001,base_to_front_left_shoulder,2,0.10583136975765228,6.606167517020367e-06,0.10000000149011612,0.0,0.0,-0.4669043719768524,-0.4669043719768524,0.0,0.0,0.4000000059604645,0.0,0.0,0.0,0.4000000059604645,0.0,0.0,0.0,0.4000000059604645,0.0
552,11.040000000000001,front_left_shoulder_to_arm,6,-0.6861923336982727,5.4137744882609695e-05,-0.6899999976158142,0.0,0.0,-0.30450668931007385,-0.30450668931007385,0.0,0.0,0.4000000059604645,0.0,0.0,0.0,0.4000000059604645,0.0,0.0,0.0,0.4000000059604645,0.0
552,11.040000000000001,front_left_arm_to_hand,10,1.5994867086410522,4.954023324899026e-08,1.600000023841858,0.0,0.0,0.041065193712711334,0.041065193712711334,0.0,0.0,0.4000000059604645,0.0,0.0,0.0,0.4000000059604645,0.0,0.0,0.0,0.4000000059604645,0.0
553,11.06,base_to_front_left_shoulder,2,0.10585403442382812,6.5846370489452966e-06,0.10000000149011612,0.0,0.0,-0.4687184989452362,-0.4687184989452362,0.0,0.0,0.4000000059604645,0.0,0.0,0.0,0.4000000059604645,0.0,0.0,0.0,0.4000000059604645,0.0
553,11.06,front_left_shoulder_to_arm,6,-0.6861856579780579,5.377912748372182e-05,-0.6899999976158142,0.0,0.0,-0.30503377318382263,-0.30503377318382263,0.0,0.0,0.4000000059604645,0.0,0.0,0.0,0.4000000059604645,0.0,0.0,0.0,0.4000000059604645,0.0
553,11.06,front_left_arm_to_hand,10,1.5994867086410522,3.644812096581518e-08,1.600000023841858,0.0,0.0,0.04106520488858223,0.04106520488858223,0.0,0.0,0.4000000059604645,0.0,0.0,0.0,0.4000000059604645,0.0,0.0,0.0,0.4000000059604645,0.0
554,11.08,base_to_front_left_shoulder,2,0.10583429038524628,6.608731382584665e-06,0.10000000149011612,0.0,0.0,-0.4671421945095062,-0.4671421945095062,0.0,0.0,0.4000000059604645,0.0,0.0,0.0,0.4000000059604645,0.0,0.0,0.0,0.4000000059604645,0.0
554,11.08,front_left_shoulder_to_arm,6,-0.686178982257843,5.415421037469059e-05,-0.6899999976158142,0.0,0.0,-0.30557480454444885,-0.30557480454444885,0.0,0.0,0.4000000059604645,0.0,0.0,0.0,0.4000000059604645,0.0,0.0,0.0,0.4000000059604645,0.0
554,11.08,front_left_arm_to_hand,10,1.5994867086410522,3.3374693231280617e-08,1.600000023841858,0.0,0.0,0.04106520116329193,0.04106520116329193,0.0,0.0,0.4000000059604645,0.0,0.0,0.0,0.4000000059604645,0.0,0.0,0.0,0.4000000059604645,0.0
555,11.1,base_to_front_left_shoulder,2,0.10585667937994003,6.561162990692537e-06,0.10000000149011612,0.0,0.0,-0.46893489360809326,-0.46893489360809326,0.0,0.0,0.4000000059604645,0.0,0.0,0.0,0.4000000059604645,0.0,0.0,0.0,0.4000000059604645,0.0
555,11.1,front_left_shoulder_to_arm,6,-0.6861723065376282,5.378668720368296e-05,-0.6899999976158142,0.0,0.0,-0.30610188841819763,-0.30610188841819763,0.0,0.0,0.4000000059604645,0.0,0.0,0.0,0.4000000059604645,0.0,0.0,0.0,0.4000000059604645,0.0
555,11.1,front_left_arm_to_hand,10,1.5994867086410522,3.578979246299241e-08,1.600000023841858,0.0,0.0,0.041065193712711334,0.041065193712711334,0.0,0.0,0.4000000059604645,0.0,0.0,0.0,0.4000000059604645,0.0,0.0,0.0,0.4000000059604645,0.0
556,11.120000000000001,base_to_front_left_shoulder,2,0.10583669692277908,6.625955393246841e-06,0.10000000149011612,0.0,0.0,-0.46733948588371277,-0.46733948588371277,0.0,0.0,0.4000000059604645,0.0,0.0,0.0,0.4000000059604645,0.0,0.0,0.0,0.4000000059604645,0.0
556,11.120000000000001,front_left_shoulder_to_arm,6,-0.6861656308174133,5.414465704234317e-05,-0.6899999976158142,0.0,0.0,-0.30664288997650146,-0.30664288997650146,0.0,0.0,0.4000000059604645,0.0,0.0,0.0,0.4000000059604645,0.0,0.0,0.0,0.4000000059604645,0.0
556,11.120000000000001,front_left_arm_to_hand,10,1.5994867086410522,4.580118684316403e-08,1.600000023841858,0.0,0.0,0.041065193712711334,0.041065193712711334,0.0,0.0,0.4000000059604645,0.0,0.0,0.0,0.4000000059604645,0.0,0.0,0.0,0.4000000059604645,0.0
557,11.14,base_to_front_left_shoulder,2,0.10585883259773254,6.571118319698144e-06,0.10000000149011612,0.0,0.0,-0.4691118896007538,-0.4691118896007538,0.0,0.0,0.4000000059604645,0.0,0.0,0.0,0.4000000059604645,0.0,0.0,0.0,0.4000000059604645,0.0
557,11.14,front_left_shoulder_to_arm,6,-0.6861590147018433,5.3790783567819744e-05,-0.6899999976158142,0.0,0.0,-0.307170033454895,-0.307170033454895,0.0,0.0,0.4000000059604645,0.0,0.0,0.0,0.4000000059604645,0.0,0.0,0.0,0.4000000059604645,0.0
557,11.14,front_left_arm_to_hand,10,1.5994867086410522,3.996012765128398e-08,1.600000023841858,0.0,0.0,0.04106520116329193,0.04106520116329193,0.0,0.0,0.4000000059604645,0.0,0.0,0.0,0.4000000059604645,0.0,0.0,0.0,0.4000000059604645,0.0
558,11.16,base_to_front_left_shoulder,2,0.10583861172199249,6.6237798819202e-06,0.10000000149011612,0.0,0.0,-0.46749743819236755,-0.46749743819236755,0.0,0.0,0.4000000059604645,0.0,0.0,0.0,0.4000000059604645,0.0,0.0,0.0,0.4000000059604645,0.0
558,11.16,front_left_shoulder_to_arm,6,-0.6861523389816284,5.4152769735082984e-05,-0.6899999976158142,0.0,0.0,-0.30770623683929443,-0.30770623683929443,0.0,0.0,0.4000000059604645,0.0,0.0,0.0,0.4000000059604645,0.0,0.0,0.0,0.4000000059604645,0.0
558,11.16,front_left_arm_to_hand,10,1.5994867086410522,4.48090737847906e-08,1.600000023841858,0.0,0.0,0.04106518626213074,0.04106518626213074,0.0,0.0,0.4000000059604645,0.0,0.0,0.0,0.4000000059604645,0.0,0.0,0.0,0.4000000059604645,0.0
559,11.18,base_to_front_left_shoulder,2,0.10586082935333252,1.437454386632453e-07,0.10000000149011612,0.0,0.0,-0.4691429138183594,-0.4691429138183594,0.0,0.0,0.4000000059604645,0.0,0.0,0.0,0.4000000059604645,0.0,0.0,0.0,0.4000000059604645,0.0
559,11.18,front_left_shoulder_to_arm,6,-0.6862106323242188,1.2554403383546742e-06,-0.6899999976158142,0.0,0.0,-0.3021600842475891,-0.3021600842475891,0.0,0.0,0.4000000059604645,0.0,0.0,0.0,0.4000000059604645,0.0,0.0,0.0,0.4000000059604645,0.0
559,11.18,front_left_arm_to_hand,10,1.5994867086410522,-3.886866828395341e-09,1.600000023841858,0.0,0.0,0.04106592759490013,0.04106592759490013,0.0,0.0,0.4000000059604645,0.0,0.0,0.0,0.4000000059604645,0.0,0.0,0.0,0.4000000059604645,0.0
560,11.200000000000001,base_to_front_left_shoulder,2,0.1058415025472641,6.613360710616689e-06,0.10000000149011612,0.0,0.0,-0.46771082282066345,-0.46771082282066345,0.0,0.0,0.4000000059604645,0.0,0.0,0.0,0.4000000059604645,0.0,0.0,0.0,0.4000000059604645,0.0
560,11.200000000000001,front_left_shoulder_to_arm,6,-0.6862040162086487,5.415381019702181e-05,-0.6899999976158142,0.0,0.0,-0.3035720884799957,-0.3035720884799957,0.0,0.0,0.4000000059604645,0.0,0.0,0.0,0.4000000059604645,0.0,0.0,0.0,0.4000000059604645,0.0
560,11.200000000000001,front_left_arm_to_hand,10,1.5994867086410522,3.857533670270641e-08,1.600000023841858,0.0,0.0,0.041065193712711334,0.041065193712711334,0.0,0.0,0.4000000059604645,0.0,0.0,0.0,0.4000000059604645,0.0,0.0,0.0,0.4000000059604645,0.0
561,11.22,base_to_front_left_shoulder,2,0.10582205653190613,6.610861419176217e-06,0.10000000149011612,0.0,0.0,-0.4661575257778168,-0.4661575257778168,0.0,0.0,0.4000000059604645,0.0,0.0,0.0,0.4000000059604645,0.0,0.0,0.0,0.4000000059604645,0.0
561,11.22,front_left_shoulder_to_arm,6,-0.6861973404884338,5.4162926971912384e-05,-0.6899999976158142,0.0,0.0,-0.30410611629486084,-0.30410611629486084,0.0,0.0,0.4000000059604645,0.0,0.0,0.0,0.4000000059604645,0.0,0.0,0.0,0.4000000059604645,0.0
561,11.22,front_left_arm_to_hand,10,1.5994867086410522,3.1433213365517076e-08,1.600000023841858,0.0,0.0,0.04106519743800163,0.04106519743800163,0.0,0.0,0.4000000059604645,0.0,0.0,0.0,0.4000000059604645,0.0,0.0,0.0,0.4000000059604645,0.0
562,11.24,base_to_front_left_shoulder,2,0.10584474354982376,6.631084033870138e-06,0.10000000149011612,0.0,0.0,-0.4679742753505707,-0.4679742753505707,0.0,0.0,0.4000000059604645,0.0,0.0,0.0,0.4000000059604645,0.0,0.0,0.0,0.4000000059604645,0.0
562,11.24,front_left_shoulder_to_arm,6,-0.686190664768219,5.413950566435233e-05,-0.6899999976158142,0.0,0.0,-0.30464017391204834,-0.30464017391204834,0.0,0.0,0.4000000059604645,0.0,0.0,0.0,0.4000000059604645,0.0,0.0,0.0,0.4000000059604645,0.0
562,11.24,front_left_arm_to_hand,10,1.5994867086410522,3.511793167376709e-08,1.600000023841858,0.0,0.0,0.04106519743800163,0.04106519743800163,0.0,0.0,0.4000000059604645,0.0,0.0,0.0,0.4000000059604645,0.0,0.0,0.0,0.4000000059604645,0.0
563,11.26,base_to_front_left_shoulder,2,0.10582508891820908,6.613000550714787e-06,0.10000000149011612,0.0,0.0,-0.4664042890071869,-0.4664042890071869,0.0,0.0,0.4000000059604645,0.0,0.0,0.0,0.4000000059604645,0.0,0.0,0.0,0.4000000059604645,0.0
563,11.26,front_left_shoulder_to_arm,6,-0.6861839890480042,5.41576009709388e-05,-0.6899999976158142,0.0,0.0,-0.30517423152923584,-0.30517423152923584,0.0,0.0,0.4000000059604645,0.0,0.0,0.0,0.4000000059604645,0.0,0.0,0.0,0.4000000059604645,0.0
563,11.26,front_left_arm_to_hand,10,1.5994867086410522,4.317689672461711e-08,1.600000023841858,0.0,0.0,0.041065193712711334,0.041065193712711334,0.0,0.0,0.4000000059604645,0.0,0.0,0.0,0.4000000059604645,0.0,0.0,0.0,0.4000000059604645,0.0
564,11.28,base_to_front_left_shoulder,2,0.10584767907857895,6.611123353650328e-06,0.10000000149011612,0.0,0.0,-0.46821385622024536,-0.46821385622024536,0.0,0.0,0.4000000059604645,0.0,0.0,0.0,0.4000000059604645,0.0,0.0,0.0,0.4000000059604645,0.0
564,11.28,front_left_shoulder_to_arm,6,-0.6861773133277893,5.4137293773237616e-05,-0.6899999976158142,0.0,0.0,-0.3057081401348114,-0.3057081401348114,0.0,0.0,0.4000000059604645,0.0,0.0,0.0,0.4000000059604645,0.0,0.0,0.0,0.4000000059604645,0.0
564,11.28,front_left_arm_to_hand,10,1.5994867086410522,3.965367056935065e-08,1.600000023841858,0.0,0.0,0.04106519743800163,0.04106519743800163,0.0,0.0,0.4000000059604645,0.0,0.0,0.0,0.4000000059604645,0.0,0.0,0.0,0.4000000059604645,0.0
565,11.3,base_to_front_left_shoulder,2,0.10582778602838516,6.605379894608632e-06,0.10000000149011612,0.0,0.0,-0.46662482619285583,-0.46662482619285583,0.0,0.0,0.4000000059604645,0.0,0.0,0.0,0.4000000059604645,0.0,0.0,0.0,0.4000000059604645,0.0
565,11.3,front_left_shoulder_to_arm,6,-0.6861706376075745,5.415915074991062e-05,-0.6899999976158142,0.0,0.0,-0.3062423765659332,-0.3062423765659332,0.0,0.0,0.4000000059604645,0.0,0.0,0.0,0.4000000059604645,0.0,0.0,0.0,0.4000000059604645,0.0
565,11.3,front_left_arm_to_hand,10,1.5994867086410522,3.3835355850442284e-08,1.600000023841858,0.0,0.0,0.041065193712711334,0.041065193712711334,0.0,0.0,0.4000000059604645,0.0,0.0,0.0,0.4000000059604645,0.0,0.0,0.0,0.4000000059604645,0.0
566,11.32,base_to_front_left_shoulder,2,0.10585010796785355,6.61486410535872e-06,0.10000000149011612,0.0,0.0,-0.46841293573379517,-0.46841293573379517,0.0,0.0,0.4000000059604645,0.0,0.0,0.0,0.4000000059604645,0.0,0.0,0.0,0.4000000059604645,0.0
566,11.32,front_left_shoulder_to_arm,6,-0.6861640214920044,5.415773921413347e-05,-0.6899999976158142,0.0,0.0,-0.30677148699760437,-0.30677148699760437,0.0,0.0,0.4000000059604645,0.0,0.0,0.0,0.4000000059604645,0.0,0.0,0.0,0.4000000059604645,0.0
566,11.32,front_left_arm_to_hand,10,1.5994867086410522,3.9020278563839383e-08,1.600000023841858,0.0,0.0,0.04106520116329193,0.04106520116329193,0.0,0.0,0.4000000059604645,0.0,0.0,0.0,0.4000000059604645,0.0,0.0,0.0,0.4000000059604645,0.0
567,11.34,base_to_front_left_shoulder,2,0.10582997649908066,6.616027349082287e-06,0.10000000149011612,0.0,0.0,-0.4668048322200775,-0.4668048322200775,0.0,0.0,0.4000000059604645,0.0,0.0,0.0,0.4000000059604645,0.0,0.0,0.0,0.4000000059604645,0.0
567,11.34,front_left_shoulder_to_arm,6,-0.6861573457717896,5.41494955541566e-05,-0.6899999976158142,0.0,0.0,-0.3073057234287262,-0.3073057234287262,0.0,0.0,0.4000000059604645,0.0,0.0,0.0,0.4000000059604645,0.0,0.0,0.0,0.4000000059604645,0.0
567,11.34,front_left_arm_to_hand,10,1.5994867086410522,3.666150760750497e-08,1.600000023841858,0.0,0.0,0.041065193712711334,0.041065193712711334,0.0,0.0,0.4000000059604645,0.0,0.0,0.0,0.4000000059604645,0.0,0.0,0.0,0.4000000059604645,0.0
568,11.36,base_to_front_left_shoulder,2,0.10585205256938934,6.600080268981401e-06,0.10000000149011612,0.0,0.0,-0.46857327222824097,-0.46857327222824097,0.0,0.0,0.4000000059604645,0.0,0.0,0.0,0.4000000059604645,0.0,0.0,0.0,0.4000000059604645,0.0
568,11.36,front_left_shoulder_to_arm,6,-0.6861507296562195,5.4148717026691884e-05,-0.6899999976158142,0.0,0.0,-0.30783483386039734,-0.30783483386039734,0.0,0.0,0.4000000059604645,0.0,0.0,0.0,0.4000000059604645,0.0,0.0,0.0,0.4000000059604645,0.0
568,11.36,front_left_arm_to_hand,10,1.5994867086410522,5.828717064559896e-08,1.600000023841858,0.0,0.0,0.041065193712711334,0.041065193712711334,0.0,0.0,0.4000000059604645,0.0,0.0,0.0,0.4000000059604645,0.0,0.0,0.0,0.4000000059604645,0.0
569,11.38,base_to_front_left_shoulder,2,0.10583168268203735,6.611127901123837e-06,0.10000000149011612,0.0,0.0,-0.4669460952281952,-0.4669460952281952,0.0,0.0,0.4000000059604645,0.0,0.0,0.0,0.4000000059604645,0.0,0.0,0.0,0.4000000059604645,0.0
569,11.38,front_left_shoulder_to_arm,6,-0.6861440539360046,5.416517524281517e-05,-0.6899999976158142,0.0,0.0,-0.30836907029151917,-0.30836907029151917,0.0,0.0,0.4000000059604645,0.0,0.0,0.0,0.4000000059604645,0.0,0.0,0.0,0.4000000059604645,0.0
569,11.38,front_left_arm_to_hand,10,1.5994867086410522,4.166290068496892e-08,1.600000023841858,0.0,0.0,0.04106519743800163,0.04106519743800163,0.0,0.0,0.4000000059604645,0.0,0.0,0.0,0.4000000059604645,0.0,0.0,0.0,0.4000000059604645,0.0
570,11.4,base_to_front_left_shoulder,2,0.10585412383079529,6.450808541558217e-06,0.10000000149011612,0.0,0.0,-0.46871787309646606,-0.46871787309646606,0.0,0.0,0.4000000059604645,0.0,0.0,0.0,0.4000000059604645,0.0,0.0,0.0,0.4000000059604645,0.0
570,11.4,front_left_shoulder_to_arm,6,-0.6862029433250427,5.2760915423277766e-05,-0.6899999976158142,0.0,0.0,-0.3036360740661621,-0.3036360740661621,0.0,0.0,0.4000000059604645,0.0,0.0,0.0,0.4000000059604645,0.0,0.0,0.0,0.4000000059604645,0.0
570,11.4,front_left_arm_to_hand,10,1.5994867086410522,3.406920257020829e-08,1.600000023841858,0.0,0.0,0.04106521233916283,0.04106521233916283,0.0,0.0,0.4000000059604645,0.0,0.0,0.0,0.4000000059604645,0.0,0.0,0.0,0.4000000059604645,0.0
571,11.42,base_to_front_left_shoulder,2,0.10583467781543732,6.599653715966269e-06,0.10000000149011612,0.0,0.0,-0.4671672284603119,-0.4671672284603119,0.0,0.0,0.4000000059604645,0.0,0.0,0.0,0.4000000059604645,0.0,0.0,0.0,0.4000000059604645,0.0
571,11.42,front_left_shoulder_to_arm,6,-0.6861962676048279,5.414632323663682e-05,-0.6899999976158142,0.0,0.0,-0.3041919469833374,-0.3041919469833374,0.0,0.0,0.4000000059604645,0.0,0.0,0.0,0.4000000059604645,0.0,0.0,0.0,0.4000000059604645,0.0
571,11.42,front_left_arm_to_hand,10,1.5994867086410522,3.222351452336625e-08,1.600000023841858,0.0,0.0,0.04106519743800163,0.04106519743800163,0.0,0.0,0.4000000059604645,0.0,0.0,0.0,0.4000000059604645,0.0,0.0,0.0,0.4000000059604645,0.0
572,11.44,base_to_front_left_shoulder,2,0.10585744678974152,4.960461410519201e-06,0.10000000149011612,0.0,0.0,-0.46560439467430115,-0.46560439467430115,0.0,0.0,0.4000000059604645,0.0,0.0,0.0,0.4000000059604645,0.0,0.0,0.0,0.4000000059604645,0.0
572,11.44,front_left_shoulder_to_arm,6,-0.686189591884613,4.023685687570833e-05,-0.6899999976158142,0.0,0.0,-0.3047260344028473,-0.3047260344028473,0.0,0.0,0.4000000059604645,0.0,0.0,0.0,0.4000000059604645,0.0,0.0,0.0,0.4000000059604645,0.0
572,11.44,front_left_arm_to_hand,10,1.5994867086410522,2.5571868178531076e-08,1.600000023841858,0.0,0.0,0.04106519743800163,0.04106519743800163,0.0,0.0,0.4000000059604645,0.0,0.0,0.0,0.4000000059604645,0.0,0.0,0.0,0.4000000059604645,0.0
573,11.46,base_to_front_left_shoulder,2,0.10583776235580444,6.618613042519428e-06,0.10000000149011612,0.0,0.0,-0.46741876006126404,-0.46741876006126404,0.0,0.0,0.4000000059604645,0.0,0.0,0.0,0.4000000059604645,0.0,0.0,0.0,0.4000000059604645,0.0
573,11.46,front_left_shoulder_to_arm,6,-0.6861829161643982,5.415397754404694e-05,-0.6899999976158142,0.0,0.0,-0.3052600622177124,-0.3052600622177124,0.0,0.0,0.4000000059604645,0.0,0.0,0.0,0.4000000059604645,0.0,0.0,0.0,0.4000000059604645,0.0
573,11.46,front_left_arm_to_hand,10,1.5994867086410522,4.8570790056601254e-08,1.600000023841858,0.0,0.0,0.04106520116329193,0.04106520116329193,0.0,0.0,0.4000000059604645,0.0,0.0,0.0,0.4000000059604645,0.0,0.0,0.0,0.4000000059604645,0.0
574,11.48,base_to_front_left_shoulder,2,0.10586025565862656,4.961494596500415e-06,0.10000000149011612,0.0,0.0,-0.46583685278892517,-0.46583685278892517,0.0,0.0,0.4000000059604645,0.0,0.0,0.0,0.4000000059604645,0.0,0.0,0.0,0.4000000059604645,0.0
574,11.48,front_left_shoulder_to_arm,6,-0.6861762404441833,4.0261787944473326e-05,-0.6899999976158142,0.0,0.0,-0.3057941496372223,-0.3057941496372223,0.0,0.0,0.4000000059604645,0.0,0.0,0.0,0.4000000059604645,0.0,0.0,0.0,0.4000000059604645,0.0
574,11.48,front_left_arm_to_hand,10,1.5994867086410522,4.4000739052307836e-08,1.600000023841858,0.0,0.0,0.04106520488858223,0.04106520488858223,0.0,0.0,0.4000000059604645,0.0,0.0,0.0,0.4000000059604645,0.0,0.0,0.0,0.4000000059604645,0.0
575,11.5,base_to_front_left_shoulder,2,0.10584033280611038,6.605741873499937e-06,0.10000000149011612,0.0,0.0,-0.46762916445732117,-0.46762916445732117,0.0,0.0,0.4000000059604645,0.0,0.0,0.0,0.4000000059604645,0.0,0.0,0.0,0.4000000059604645,0.0
575,11.5,front_left_shoulder_to_arm,6,-0.6861695647239685,5.414881889009848e-05,-0.6899999976158142,0.0,0.0,-0.3063282072544098,-0.3063282072544098,0.0,0.0,0.4000000059604645,0.0,0.0,0.0,0.4000000059604645,0.0,0.0,0.0,0.4000000059604645,0.0
575,11.5,front_left_arm_to_hand,10,1.5994867086410522,4.061194047721983e-08,1.600000023841858,0.0,0.0,0.041065193712711334,0.041065193712711334,0.0,0.0,0.4000000059604645,0.0,0.0,0.0,0.4000000059604645,0.0,0.0,0.0,0.4000000059604645,0.0
576,11.52,base_to_front_left_shoulder,2,0.1058625653386116,4.968776011082809e-06,0.10000000149011612,0.0,0.0,-0.4660281836986542,-0.4660281836986542,0.0,0.0,0.4000000059604645,0.0,0.0,0.0,0.4000000059604645,0.0,0.0,0.0,0.4000000059604645,0.0
576,11.52,front_left_shoulder_to_arm,6,-0.6861628890037537,4.027474278700538e-05,-0.6899999976158142,0.0,0.0,-0.3068622648715973,-0.3068622648715973,0.0,0.0,0.4000000059604645,0.0,0.0,0.0,0.4000000059604645,0.0,0.0,0.0,0.4000000059604645,0.0
576,11.52,front_left_arm_to_hand,10,1.5994867086410522,3.343344445738694e-08,1.600000023841858,0.0,0.0,0.04106519743800163,0.04106519743800163,0.0,0.0,0.4000000059604645,0.0,0.0,0.0,0.4000000059604645,0.0,0.0,0.0,0.4000000059604645,0.0
577,11.540000000000001,base_to_front_left_shoulder,2,0.10584240406751633,6.608353942283429e-06,0.10000000149011612,0.0,0.0,-0.4677996337413788,-0.4677996337413788,0.0,0.0,0.4000000059604645,0.0,0.0,0.0,0.4000000059604645,0.0,0.0,0.0,0.4000000059604645,0.0
577,11.540000000000001,front_left_shoulder_to_arm,6,-0.6861562728881836,5.416274507297203e-05,-0.6899999976158142,0.0,0.0,-0.30739155411720276,-0.30739155411720276,0.0,0.0,0.4000000059604645,0.0,0.0,0.0,0.4000000059604645,0.0,0.0,0.0,0.4000000059604645,0.0
577,11.540000000000001,front_left_arm_to_hand,10,1.5994867086410522,2.947668065189646e-08,1.600000023841858,0.0,0.0,0.04106519743800163,0.04106519743800163,0.0,0.0,0.4000000059604645,0.0,0.0,0.0,0.4000000059604645,0.0,0.0,0.0,0.4000000059604645,0.0
578,11.56,base_to_front_left_shoulder,2,0.10586461424827576,-0.00024131260579451919,0.10000000149011612,0.0,0.0,-0.46618136763572693,-0.46618136763572693,0.0,0.0,0.4000000059604645,0.0,0.0,0.0,0.4000000059604645,0.0,0.0,0.0,0.4000000059604645,0.0
578,11.56,front_left_shoulder_to_arm,6,-0.6862128376960754,-0.0019747507758438587,-0.6899999976158142,0.0,0.0,-0.30792561173439026,-0.30792561173439026,0.0,0.0,0.4000000059604645,0.0,0.0,0.0,0.4000000059604645,0.0,0.0,0.0,0.4000000059604645,0.0
578,11.56,front_left_arm_to_hand,10,1.5994867086410522,-1.4025654309079982e-06,1.600000023841858,0.0,0.0,0.041065189987421036,0.041065189987421036,0.0,0.0,0.4000000059604645,0.0,0.0,0.0,0.4000000059604645,0.0,0.0,0.0,0.4000000059604645,0.0
579,11.58,base_to_front_left_shoulder,2,0.10584520548582077,6.6113007051171735e-06,0.10000000149011612,0.0,0.0,-0.4680052697658539,-0.4680052697658539,0.0,0.0,0.4000000059604645,0.0,0.0,0.0,0.4000000059604645,0.0,0.0,0.0,0.4000000059604645,0.0
579,11.58,front_left_shoulder_to_arm,6,-0.6862078905105591,5.412604514276609e-05,-0.6899999976158142,0.0,0.0,-0.3032621145248413,-0.3032621145248413,0.0,0.0,0.4000000059604645,0.0,0.0,0.0,0.4000000059604645,0.0,0.0,0.0,0.4000000059604645,0.0
579,11.58,front_left_arm_to_hand,10,1.5994867086410522,4.032092348893457e-08,1.600000023841858,0.0,0.0,0.04106520116329193,0.04106520116329193,0.0,0.0,0.4000000059604645,0.0,0.0,0.0,0.4000000059604645,0.0,0.0,0.0,0.4000000059604645,0.0
580,11.6,base_to_front_left_shoulder,2,0.10582584887742996,6.603451765840873e-06,0.10000000149011612,0.0,0.0,-0.46645912528038025,-0.46645912528038025,0.0,0.0,0.4000000059604645,0.0,0.0,0.0,0.4000000059604645,0.0,0.0,0.0,0.4000000059604645,0.0
580,11.6,front_left_shoulder_to_arm,6,-0.6862012147903442,5.413912731455639e-05,-0.6899999976158142,0.0,0.0,-0.3037961721420288,-0.3037961721420288,0.0,0.0,0.4000000059604645,0.0,0.0,0.0,0.4000000059604645,0.0,0.0,0.0,0.4000000059604645,0.0
580,11.6,front_left_arm_to_hand,10,1.5994867086410522,3.1072499240281104e-08,1.600000023841858,0.0,0.0,0.041065189987421036,0.041065189987421036,0.0,0.0,0.4000000059604645,0.0,0.0,0.0,0.4000000059604645,0.0,0.0,0.0,0.4000000059604645,0.0
581,11.620000000000001,base_to_front_left_shoulder,2,0.10584863275289536,6.623930858040694e-06,0.10000000149011612,0.0,0.0,-0.4682841897010803,-0.4682841897010803,0.0,0.0,0.4000000059604645,0.0,0.0,0.0,0.4000000059604645,0.0,0.0,0.0,0.4000000059604645,0.0
581,11.620000000000001,front_left_shoulder_to_arm,6,-0.6861945390701294,5.4159361752681434e-05,-0.6899999976158142,0.0,0.0,-0.30433008074760437,-0.30433008074760437,0.0,0.0,0.4000000059604645,0.0,0.0,0.0,0.4000000059604645,0.0,0.0,0.0,0.4000000059604645,0.0
581,11.620000000000001,front_left_arm_to_hand,10,1.5994867086410522,3.692964511969876e-08,1.600000023841858,0.0,0.0,0.04106520488858223,0.04106520488858223,0.0,0.0,0.4000000059604645,0.0,0.0,0.0,0.4000000059604645,0.0,0.0,0.0,0.4000000059604645,0.0
582,11.64,base_to_front_left_shoulder,2,0.10582903772592545,6.613266123167705e-06,0.10000000149011612,0.0,0.0,-0.46671900153160095,-0.46671900153160095,0.0,0.0,0.4000000059604645,0.0,0.0,0.0,0.4000000059604645,0.0,0.0,0.0,0.4000000059604645,0.0
582,11.64,front_left_shoulder_to_arm,6,-0.6861878633499146,5.4144438763614744e-05,-0.6899999976158142,0.0,0.0,-0.3048643171787262,-0.3048643171787262,0.0,0.0,0.4000000059604645,0.0,0.0,0.0,0.4000000059604645,0.0,0.0,0.0,0.4000000059604645,0.0
582,11.64,front_left_arm_to_hand,10,1.5994867086410522,5.528575641733369e-08,1.600000023841858,0.0,0.0,0.041065193712711334,0.041065193712711334,0.0,0.0,0.4000000059604645,0.0,0.0,0.0,0.4000000059604645,0.0,0.0,0.0,0.4000000059604645,0.0
583,11.66,base_to_front_left_shoulder,2,0.10585153847932816,6.622438377235085e-06,0.10000000149011612,0.0,0.0,-0.4685214161872864,-0.4685214161872864,0.0,0.0,0.4000000059604645,0.0,0.0,0.0,0.4000000059604645,0.0,0.0,0.0,0.4000000059604645,0.0
583,11.66,front_left_shoulder_to_arm,6,-0.6861811876296997,5.41576009709388e-05,-0.6899999976158142,0.0,0.0,-0.305398166179657,-0.305398166179657,0.0,0.0,0.4000000059604645,0.0,0.0,0.0,0.4000000059604645,0.0,0.0,0.0,0.4000000059604645,0.0
583,11.66,front_left_arm_to_hand,10,1.5994867086410522,3.5574039713992534e-08,1.600000023841858,0.0,0.0,0.04106518626213074,0.04106518626213074,0.0,0.0,0.4000000059604645,0.0,0.0,0.0,0.4000000059604645,0.0,0.0,0.0,0.4000000059604645,0.0
584,11.68,base_to_front_left_shoulder,2,0.10583170503377914,6.609412594116293e-06,0.10000000149011612,0.0,0.0,-0.4669371545314789,-0.4669371545314789,0.0,0.0,0.4000000059604645,0.0,0.0,0.0,0.4000000059604645,0.0,0.0,0.0,0.4000000059604645,0.0
584,11.68,front_left_shoulder_to_arm,6,-0.6861745119094849,5.414848419604823e-05,-0.6899999976158142,0.0,0.0,-0.3059324324131012,-0.3059324324131012,0.0,0.0,0.4000000059604645,0.0,0.0,0.0,0.4000000059604645,0.0,0.0,0.0,0.4000000059604645,0.0
584,11.68,front_left_arm_to_hand,10,1.5994867086410522,3.4968046236372174e-08,1.600000023841858,0.0,0.0,0.04106519743800163,0.04106519743800163,0.0,0.0,0.4000000059604645,0.0,0.0,0.0,0.4000000059604645,0.0,0.0,0.0,0.4000000059604645,0.0
585,11.700000000000001,base_to_front_left_shoulder,2,0.10585411638021469,6.58047338220058e-06,0.10000000149011612,0.0,0.0,-0.4687316119670868,-0.4687316119670868,0.0,0.0,0.4000000059604645,0.0,0.0,0.0,0.4000000059604645,0.0,0.0,0.0,0.4000000059604645,0.0
585,11.700000000000001,front_left_shoulder_to_arm,6,-0.6861678957939148,5.3804244089405984e-05,-0.6899999976158142,0.0,0.0,-0.30645951628685,-0.30645951628685,0.0,0.0,0.4000000059604645,0.0,0.0,0.0,0.4000000059604645,0.0,0.0,0.0,0.4000000059604645,0.0
585,11.700000000000001,front_left_arm_to_hand,10,1.5994867086410522,3.558577077455993e-08,1.600000023841858,0.0,0.0,0.04106520116329193,0.04106520116329193,0.0,0.0,0.4000000059604645,0.0,0.0,0.0,0.4000000059604645,0.0,0.0,0.0,0.4000000059604645,0.0
586,11.72,base_to_front_left_shoulder,2,0.10583404451608658,6.611903700104449e-06,0.10000000149011612,0.0,0.0,-0.46712908148765564,-0.46712908148765564,0.0,0.0,0.4000000059604645,0.0,0.0,0.0,0.4000000059604645,0.0,0.0,0.0,0.4000000059604645,0.0
586,11.72,front_left_shoulder_to_arm,6,-0.6861612200737,5.415665509644896e-05,-0.6899999976158142,0.0,0.0,-0.30699577927589417,-0.30699577927589417,0.0,0.0,0.4000000059604645,0.0,0.0,0.0,0.4000000059604645,0.0,0.0,0.0,0.4000000059604645,0.0
586,11.72,front_left_arm_to_hand,10,1.5994867086410522,3.6575308115516236e-08,1.600000023841858,0.0,0.0,0.041065189987421036,0.041065189987421036,0.0,0.0,0.4000000059604645,0.0,0.0,0.0,0.4000000059604645,0.0,0.0,0.0,0.4000000059604645,0.0
587,11.74,base_to_front_left_shoulder,2,0.10585620254278183,6.576988198503386e-06,0.10000000149011612,0.0,0.0,-0.4689032733440399,-0.4689032733440399,0.0,0.0,0.4000000059604645,0.0,0.0,0.0,0.4000000059604645,0.0,0.0,0.0,0.4000000059604645,0.0
587,11.74,front_left_shoulder_to_arm,6,-0.6861546039581299,5.3803116315975785e-05,-0.6899999976158142,0.0,0.0,-0.30752286314964294,-0.30752286314964294,0.0,0.0,0.4000000059604645,0.0,0.0,0.0,0.4000000059604645,0.0,0.0,0.0,0.4000000059604645,0.0
587,11.74,front_left_arm_to_hand,10,1.5994867086410522,2.9517622124330956e-08,1.600000023841858,0.0,0.0,0.04106520116329193,0.04106520116329193,0.0,0.0,0.4000000059604645,0.0,0.0,0.0,0.4000000059604645,0.0,0.0,0.0,0.4000000059604645,0.0
588,11.76,base_to_front_left_shoulder,2,0.105835922062397,6.613659024878871e-06,0.10000000149011612,0.0,0.0,-0.4672834575176239,-0.4672834575176239,0.0,0.0,0.4000000059604645,0.0,0.0,0.0,0.4000000059604645,0.0,0.0,0.0,0.4000000059604645,0.0
588,11.76,front_left_shoulder_to_arm,6,-0.686147928237915,5.4158961575012654e-05,-0.6899999976158142,0.0,0.0,-0.30805912613868713,-0.30805912613868713,0.0,0.0,0.4000000059604645,0.0,0.0,0.0,0.4000000059604645,0.0,0.0,0.0,0.4000000059604645,0.0
588,11.76,front_left_arm_to_hand,10,1.5994867086410522,4.630280514561491e-08,1.600000023841858,0.0,0.0,0.041065193712711334,0.041065193712711334,0.0,0.0,0.4000000059604645,0.0,0.0,0.0,0.4000000059604645,0.0,0.0,0.0,0.4000000059604645,0.0
589,11.78,base_to_front_left_shoulder,2,0.10585817694664001,1.2394303894325276e-07,0.10000000149011612,0.0,0.0,-0.46893206238746643,-0.46893206238746643,0.0,0.0,0.4000000059604645,0.0,0.0,0.0,0.4000000059604645,0.0,0.0,0.0,0.4000000059604645,0.0
589,11.78,front_left_shoulder_to_arm,6,-0.6862066388130188,1.0694764114305144e-06,-0.6899999976158142,0.0,0.0,-0.3024805784225464,-0.3024805784225464,0.0,0.0,0.4000000059604645,0.0,0.0,0.0,0.4000000059604645,0.0,0.0,0.0,0.4000000059604645,0.0
589,11.78,front_left_arm_to_hand,10,1.5994867086410522,-3.2572577968181804e-10,1.600000023841858,0.0,0.0,0.04106592759490013,0.04106592759490013,0.0,0.0,0.4000000059604645,0.0,0.0,0.0,0.4000000059604645,0.0,0.0,0.0,0.4000000059604645,0.0
590,11.8,base_to_front_left_shoulder,2,0.10583879053592682,6.618821316806134e-06,0.10000000149011612,0.0,0.0,-0.46749505400657654,-0.46749505400657654,0.0,0.0,0.4000000059604645,0.0,0.0,0.0,0.4000000059604645,0.0,0.0,0.0,0.4000000059604645,0.0
590,11.8,front_left_shoulder_to_arm,6,-0.6862000226974487,5.414378392742947e-05,-0.6899999976158142,0.0,0.0,-0.30389153957366943,-0.30389153957366943,0.0,0.0,0.4000000059604645,0.0,0.0,0.0,0.4000000059604645,0.0,0.0,0.0,0.4000000059604645,0.0
590,11.8,front_left_arm_to_hand,10,1.5994867086410522,3.746749754895973e-08,1.600000023841858,0.0,0.0,0.04106519743800163,0.04106519743800163,0.0,0.0,0.4000000059604645,0.0,0.0,0.0,0.4000000059604645,0.0,0.0,0.0,0.4000000059604645,0.0
591,11.82,base_to_front_left_shoulder,2,0.10581928491592407,6.609323463635519e-06,0.10000000149011612,0.0,0.0,-0.4659369885921478,-0.4659369885921478,0.0,0.0,0.4000000059604645,0.0,0.0,0.0,0.4000000059604645,0.0,0.0,0.0,0.4000000059604645,0.0
591,11.82,front_left_shoulder_to_arm,6,-0.6861933469772339,5.414837505668402e-05,-0.6899999976158142,0.0,0.0,-0.30442559719085693,-0.30442559719085693,0.0,0.0,0.4000000059604645,0.0,0.0,0.0,0.4000000059604645,0.0,0.0,0.0,0.4000000059604645,0.0
591,11.82,front_left_arm_to_hand,10,1.5994867086410522,3.596018061102768e-08,1.600000023841858,0.0,0.0,0.041065193712711334,0.041065193712711334,0.0,0.0,0.4000000059604645,0.0,0.0,0.0,0.4000000059604645,0.0,0.0,0.0,0.4000000059604645,0.0
592,11.84,base_to_front_left_shoulder,2,0.10584200918674469,6.60599471302703e-06,0.10000000149011612,0.0,0.0,-0.46775731444358826,-0.46775731444358826,0.0,0.0,0.4000000059604645,0.0,0.0,0.0,0.4000000059604645,0.0,0.0,0.0,0.4000000059604645,0.0
592,11.84,front_left_shoulder_to_arm,6,-0.686186671257019,5.414655606728047e-05,-0.6899999976158142,0.0,0.0,-0.30495965480804443,-0.30495965480804443,0.0,0.0,0.4000000059604645,0.0,0.0,0.0,0.4000000059604645,0.0,0.0,0.0,0.4000000059604645,0.0
592,11.84,front_left_arm_to_hand,10,1.5994867086410522,2.4673106224781804e-08,1.600000023841858,0.0,0.0,0.041065189987421036,0.041065189987421036,0.0,0.0,0.4000000059604645,0.0,0.0,0.0,0.4000000059604645,0.0,0.0,0.0,0.4000000059604645,0.0
593,11.86,base_to_front_left_shoulder,2,0.10582226514816284,6.610294803977013e-06,0.10000000149011612,0.0,0.0,-0.4661801755428314,-0.4661801755428314,0.0,0.0,0.4000000059604645,0.0,0.0,0.0,0.4000000059604645,0.0,0.0,0.0,0.4000000059604645,0.0
593,11.86,front_left_shoulder_to_arm,6,-0.6861799955368042,5.4149677453096956e-05,-0.6899999976158142,0.0,0.0,-0.3054937422275543,-0.3054937422275543,0.0,0.0,0.4000000059604645,0.0,0.0,0.0,0.4000000059604645,0.0,0.0,0.0,0.4000000059604645,0.0
593,11.86,front_left_arm_to_hand,10,1.5994867086410522,4.8634085203502764e-08,1.600000023841858,0.0,0.0,0.04106520116329193,0.04106520116329193,0.0,0.0,0.4000000059604645,0.0,0.0,0.0,0.4000000059604645,0.0,0.0,0.0,0.4000000059604645,0.0
594,11.88,base_to_front_left_shoulder,2,0.10584471374750137,6.593190846615471e-06,0.10000000149011612,0.0,0.0,-0.46797844767570496,-0.46797844767570496,0.0,0.0,0.4000000059604645,0.0,0.0,0.0,0.4000000059604645,0.0,0.0,0.0,0.4000000059604645,0.0
594,11.88,front_left_shoulder_to_arm,6,-0.6861733198165894,5.415284977061674e-05,-0.6899999976158142,0.0,0.0,-0.30602777004241943,-0.30602777004241943,0.0,0.0,0.4000000059604645,0.0,0.0,0.0,0.4000000059604645,0.0,0.0,0.0,0.4000000059604645,0.0
594,11.88,front_left_arm_to_hand,10,1.5994867086410522,4.526795294168551e-08,1.600000023841858,0.0,0.0,0.04106518626213074,0.04106518626213074,0.0,0.0,0.4000000059604645,0.0,0.0,0.0,0.4000000059604645,0.0,0.0,0.0,0.4000000059604645,0.0
595,11.9,base_to_front_left_shoulder,2,0.10582474619150162,6.614985977648757e-06,0.10000000149011612,0.0,0.0,-0.46638283133506775,-0.46638283133506775,0.0,0.0,0.4000000059604645,0.0,0.0,0.0,0.4000000059604645,0.0,0.0,0.0,0.4000000059604645,0.0
595,11.9,front_left_shoulder_to_arm,6,-0.6861666440963745,5.413925100583583e-05,-0.6899999976158142,0.0,0.0,-0.3065618574619293,-0.3065618574619293,0.0,0.0,0.4000000059604645,0.0,0.0,0.0,0.4000000059604645,0.0,0.0,0.0,0.4000000059604645,0.0
595,11.9,front_left_arm_to_hand,10,1.5994867086410522,4.992596558395235e-08,1.600000023841858,0.0,0.0,0.04106520116329193,0.04106520116329193,0.0,0.0,0.4000000059604645,0.0,0.0,0.0,0.4000000059604645,0.0,0.0,0.0,0.4000000059604645,0.0
596,11.92,base_to_front_left_shoulder,2,0.10584694892168045,6.608095645788126e-06,0.10000000149011612,0.0,0.0,-0.4681614339351654,-0.4681614339351654,0.0,0.0,0.4000000059604645,0.0,0.0,0.0,0.4000000059604645,0.0,0.0,0.0,0.4000000059604645,0.0
596,11.92,front_left_shoulder_to_arm,6,-0.6861600279808044,5.4146978072822094e-05,-0.6899999976158142,0.0,0.0,-0.3070911169052124,-0.3070911169052124,0.0,0.0,0.4000000059604645,0.0,0.0,0.0,0.4000000059604645,0.0,0.0,0.0,0.4000000059604645,0.0
596,11.92,front_left_arm_to_hand,10,1.5994867086410522,5.227612120961567e-08,1.600000023841858,0.0,0.0,0.041065193712711334,0.041065193712711334,0.0,0.0,0.4000000059604645,0.0,0.0,0.0,0.4000000059604645,0.0,0.0,0.0,0.4000000059604645,0.0
597,11.94,base_to_front_left_shoulder,2,0.10582675784826279,6.616437531192787e-06,0.10000000149011612,0.0,0.0,-0.46654853224754333,-0.46654853224754333,0.0,0.0,0.4000000059604645,0.0,0.0,0.0,0.4000000059604645,0.0,0.0,0.0,0.4000000059604645,0.0
597,11.94,front_left_shoulder_to_arm,6,-0.6861533522605896,5.417154898168519e-05,-0.6899999976158142,0.0,0.0,-0.3076251745223999,-0.3076251745223999,0.0,0.0,0.4000000059604645,0.0,0.0,0.0,0.4000000059604645,0.0,0.0,0.0,0.4000000059604645,0.0
597,11.94,front_left_arm_to_hand,10,1.5994867086410522,3.287972916155013e-08,1.600000023841858,0.0,0.0,0.04106520116329193,0.04106520116329193,0.0,0.0,0.4000000059604645,0.0,0.0,0.0,0.4000000059604645,0.0,0.0,0.0,0.4000000059604645,0.0
598,11.96,base_to_front_left_shoulder,2,0.10584870725870132,6.6204811446368694e-06,0.10000000149011612,0.0,0.0,-0.46830686926841736,-0.46830686926841736,0.0,0.0,0.4000000059604645,0.0,0.0,0.0,0.4000000059604645,0.0,0.0,0.0,0.4000000059604645,0.0
598,11.96,front_left_shoulder_to_arm,6,-0.6861467361450195,5.4177209676709026e-05,-0.6899999976158142,0.0,0.0,-0.30815449357032776,-0.30815449357032776,0.0,0.0,0.4000000059604645,0.0,0.0,0.0,0.4000000059604645,0.0,0.0,0.0,0.4000000059604645,0.0
598,11.96,front_left_arm_to_hand,10,1.5994867086410522,4.304287415379804e-08,1.600000023841858,0.0,0.0,0.04106519743800163,0.04106519743800163,0.0,0.0,0.4000000059604645,0.0,0.0,0.0,0.4000000059604645,0.0,0.0,0.0,0.4000000059604645,0.0
599,11.98,base_to_front_left_shoulder,2,0.10582826286554337,6.619866326218471e-06,0.10000000149011612,0.0,0.0,-0.4666742980480194,-0.4666742980480194,0.0,0.0,0.4000000059604645,0.0,0.0,0.0,0.4000000059604645,0.0,0.0,0.0,0.4000000059604645,0.0
599,11.98,front_left_shoulder_to_arm,6,-0.6861400604248047,5.4174983233679086e-05,-0.6899999976158142,0.0,0.0,-0.30868855118751526,-0.30868855118751526,0.0,0.0,0.4000000059604645,0.0,0.0,0.0,0.4000000059604645,0.0,0.0,0.0,0.4000000059604645,0.0
599,11.98,front_left_arm_to_hand,10,1.5994867086410522,2.393974085634909e-08,1.600000023841858,0.0,0.0,0.041065193712711334,0.041065193712711334,0.0,0.0,0.4000000059604645,0.0,0.0,0.0,0.4000000059604645,0.0,0.0,0.0,0.4000000059604645,0.0
600,12.0,base_to_front_left_shoulder,2,0.10585088282823563,6.615888196392916e-06,0.10000000149011612,0.0,0.0,-0.4684629440307617,-0.4684629440307617,0.0,0.0,0.4000000059604645,0.0,0.0,0.0,0.4000000059604645,0.0,0.0,0.0,0.4000000059604645,0.0
600,12.0,front_left_shoulder_to_arm,6,-0.6861990094184875,5.4113639635033906e-05,-0.6899999976158142,0.0,0.0,-0.30397191643714905,-0.30397191643714905,0.0,0.0,0.4000000059604645,0.0,0.0,0.0,0.4000000059604645,0.0,0.0,0.0,0.4000000059604645,0.0
600,12.0,front_left_arm_to_hand,10,1.5994867086410522,5.1401464418177056e-08,1.600000023841858,0.0,0.0,0.041065193712711334,0.041065193712711334,0.0,0.0,0.4000000059604645,0.0,0.0,0.0,0.4000000059604645,0.0,0.0,0.0,0.4000000059604645,0.0
601,12.02,base_to_front_left_shoulder,2,0.10583134740591049,6.618439329031389e-06,0.10000000149011612,0.0,0.0,-0.46690258383750916,-0.46690258383750916,0.0,0.0,0.4000000059604645,0.0,0.0,0.0,0.4000000059604645,0.0,0.0,0.0,0.4000000059604645,0.0
601,12.02,front_left_shoulder_to_arm,6,-0.6861923336982727,5.413420149125159e-05,-0.6899999976158142,0.0,0.0,-0.30450668931007385,-0.30450668931007385,0.0,0.0,0.4000000059604645,0.0,0.0,0.0,0.4000000059604645,0.0,0.0,0.0,0.4000000059604645,0.0
601,12.02,front_left_arm_to_hand,10,1.5994867086410522,3.717707386385882e-08,1.600000023841858,0.0,0.0,0.04106519743800163,0.04106519743800163,0.0,0.0,0.4000000059604645,0.0,0.0,0.0,0.4000000059604645,0.0,0.0,0.0,0.4000000059604645,0.0
602,12.040000000000001,base_to_front_left_shoulder,2,0.10585401207208633,6.5788253778009675e-06,0.10000000149011612,0.0,0.0,-0.46871671080589294,-0.46871671080589294,0.0,0.0,0.4000000059604645,0.0,0.0,0.0,0.4000000059604645,0.0,0.0,0.0,0.4000000059604645,0.0
602,12.040000000000001,front_left_shoulder_to_arm,6,-0.6861856579780579,5.37890664418228e-05,-0.6899999976158142,0.0,0.0,-0.30503377318382263,-0.30503377318382263,0.0,0.0,0.4000000059604645,0.0,0.0,0.0,0.4000000059604645,0.0,0.0,0.0,0.4000000059604645,0.0
602,12.040000000000001,front_left_arm_to_hand,10,1.5994867086410522,3.591010866443867e-08,1.600000023841858,0.0,0.0,0.04106520488858223,0.04106520488858223,0.0,0.0,0.4000000059604645,0.0,0.0,0.0,0.4000000059604645,0.0,0.0,0.0,0.4000000059604645,0.0
603,12.06,base_to_front_left_shoulder,2,0.10583426803350449,6.614309313590638e-06,0.10000000149011612,0.0,0.0,-0.46714040637016296,-0.46714040637016296,0.0,0.0,0.4000000059604645,0.0,0.0,0.0,0.4000000059604645,0.0,0.0,0.0,0.4000000059604645,0.0
603,12.06,front_left_shoulder_to_arm,6,-0.686178982257843,5.415188934421167e-05,-0.6899999976158142,0.0,0.0,-0.30557480454444885,-0.30557480454444885,0.0,0.0,0.4000000059604645,0.0,0.0,0.0,0.4000000059604645,0.0,0.0,0.0,0.4000000059604645,0.0
603,12.06,front_left_arm_to_hand,10,1.5994867086410522,4.2259980403969166e-08,1.600000023841858,0.0,0.0,0.04106519743800163,0.04106519743800163,0.0,0.0,0.4000000059604645,0.0,0.0,0.0,0.4000000059604645,0.0,0.0,0.0,0.4000000059604645,0.0
604,12.08,base_to_front_left_shoulder,2,0.10585665702819824,6.5571130107855424e-06,0.10000000149011612,0.0,0.0,-0.4689330756664276,-0.4689330756664276,0.0,0.0,0.4000000059604645,0.0,0.0,0.0,0.4000000059604645,0.0,0.0,0.0,0.4000000059604645,0.0
604,12.08,front_left_shoulder_to_arm,6,-0.6861723065376282,5.378910282161087e-05,-0.6899999976158142,0.0,0.0,-0.30610191822052,-0.30610191822052,0.0,0.0,0.4000000059604645,0.0,0.0,0.0,0.4000000059604645,0.0,0.0,0.0,0.4000000059604645,0.0
604,12.08,front_left_arm_to_hand,10,1.5994867086410522,4.506784634372707e-08,1.600000023841858,0.0,0.0,0.041065193712711334,0.041065193712711334,0.0,0.0,0.4000000059604645,0.0,0.0,0.0,0.4000000059604645,0.0,0.0,0.0,0.4000000059604645,0.0
605,12.1,base_to_front_left_shoulder,2,0.10583667457103729,6.616301106987521e-06,0.10000000149011612,0.0,0.0,-0.4673376977443695,-0.4673376977443695,0.0,0.0,0.4000000059604645,0.0,0.0,0.0,0.4000000059604645,0.0,0.0,0.0,0.4000000059604645,0.0
605,12.1,front_left_shoulder_to_arm,6,-0.6861656308174133,5.416123167378828e-05,-0.6899999976158142,0.0,0.0,-0.30664291977882385,-0.30664291977882385,0.0,0.0,0.4000000059604645,0.0,0.0,0.0,0.4000000059604645,0.0,0.0,0.0,0.4000000059604645,0.0
605,12.1,front_left_arm_to_hand,10,1.5994867086410522,3.854119157153946e-08,1.600000023841858,0.0,0.0,0.04106520116329193,0.04106520116329193,0.0,0.0,0.4000000059604645,0.0,0.0,0.0,0.4000000059604645,0.0,0.0,0.0,0.4000000059604645,0.0
606,12.120000000000001,base_to_front_left_shoulder,2,0.10585881024599075,6.564793693542015e-06,0.10000000149011612,0.0,0.0,-0.4691101014614105,-0.4691101014614105,0.0,0.0,0.4000000059604645,0.0,0.0,0.0,0.4000000059604645,0.0,0.0,0.0,0.4000000059604645,0.0
606,12.120000000000001,front_left_shoulder_to_arm,6,-0.6861590147018433,5.378948844736442e-05,-0.6899999976158142,0.0,0.0,-0.307170033454895,-0.307170033454895,0.0,0.0,0.4000000059604645,0.0,0.0,0.0,0.4000000059604645,0.0,0.0,0.0,0.4000000059604645,0.0
606,12.120000000000001,front_left_arm_to_hand,10,1.5994867086410522,4.9660446421739834e-08,1.600000023841858,0.0,0.0,0.04106520116329193,0.04106520116329193,0.0,0.0,0.4000000059604645,0.0,0.0,0.0,0.4000000059604645,0.0,0.0,0.0,0.4000000059604645,0.0
607,12.14,base_to_front_left_shoulder,2,0.1058385893702507,6.616820428462233e-06,0.10000000149011612,0.0,0.0,-0.4674956500530243,-0.4674956500530243,0.0,0.0,0.4000000059604645,0.0,0.0,0.0,0.4000000059604645,0.0,0.0,0.0,0.4000000059604645,0.0
607,12.14,front_left_shoulder_to_arm,6,-0.6861523389816284,5.415905616246164e-05,-0.6899999976158142,0.0,0.0,-0.30770623683929443,-0.30770623683929443,0.0,0.0,0.4000000059604645,0.0,0.0,0.0,0.4000000059604645,0.0,0.0,0.0,0.4000000059604645,0.0
607,12.14,front_left_arm_to_hand,10,1.5994867086410522,3.989652341829242e-08,1.600000023841858,0.0,0.0,0.041065189987421036,0.041065189987421036,0.0,0.0,0.4000000059604645,0.0,0.0,0.0,0.4000000059604645,0.0,0.0,0.0,0.4000000059604645,0.0
608,12.16,base_to_front_left_shoulder,2,0.10586080700159073,1.4164268691274629e-07,0.10000000149011612,0.0,0.0,-0.4691411256790161,-0.4691411256790161,0.0,0.0,0.4000000059604645,0.0,0.0,0.0,0.4000000059604645,0.0,0.0,0.0,0.4000000059604645,0.0
608,12.16,front_left_shoulder_to_arm,6,-0.6862106323242188,1.2461188134693657e-06,-0.6899999976158142,0.0,0.0,-0.3021600842475891,-0.3021600842475891,0.0,0.0,0.4000000059604645,0.0,0.0,0.0,0.4000000059604645,0.0,0.0,0.0,0.4000000059604645,0.0
608,12.16,front_left_arm_to_hand,10,1.5994867086410522,8.875121748630477e-10,1.600000023841858,0.0,0.0,0.04106592759490013,0.04106592759490013,0.0,0.0,0.4000000059604645,0.0,0.0,0.0,0.4000000059604645,0.0,0.0,0.0,0.4000000059604645,0.0
609,12.18,base_to_front_left_shoulder,2,0.10584148019552231,6.612679499085061e-06,0.10000000149011612,0.0,0.0,-0.4677090346813202,-0.4677090346813202,0.0,0.0,0.4000000059604645,0.0,0.0,0.0,0.4000000059604645,0.0,0.0,0.0,0.4000000059604645,0.0
609,12.18,front_left_shoulder_to_arm,6,-0.6862040162086487,5.4141899454407394e-05,-0.6899999976158142,0.0,0.0,-0.30357205867767334,-0.30357205867767334,0.0,0.0,0.4000000059604645,0.0,0.0,0.0,0.4000000059604645,0.0,0.0,0.0,0.4000000059604645,0.0
609,12.18,front_left_arm_to_hand,10,1.5994867086410522,4.351968740934353e-08,1.600000023841858,0.0,0.0,0.04106519743800163,0.04106519743800163,0.0,0.0,0.4000000059604645,0.0,0.0,0.0,0.4000000059604645,0.0,0.0,0.0,0.4000000059604645,0.0
610,12.200000000000001,base_to_front_left_shoulder,2,0.10582203418016434,6.613749974349048e-06,0.10000000149011612,0.0,0.0,-0.4661557376384735,-0.4661557376384735,0.0,0.0,0.4000000059604645,0.0,0.0,0.0,0.4000000059604645,0.0,0.0,0.0,0.4000000059604645,0.0
610,12.200000000000001,front_left_shoulder_to_arm,6,-0.6861973404884338,5.414069164544344e-05,-0.6899999976158142,0.0,0.0,-0.30410611629486084,-0.30410611629486084,0.0,0.0,0.4000000059604645,0.0,0.0,0.0,0.4000000059604645,0.0,0.0,0.0,0.4000000059604645,0.0
610,12.200000000000001,front_left_arm_to_hand,10,1.5994867086410522,4.222996707881066e-08,1.600000023841858,0.0,0.0,0.041065189987421036,0.041065189987421036,0.0,0.0,0.4000000059604645,0.0,0.0,0.0,0.4000000059604645,0.0,0.0,0.0,0.4000000059604645,0.0
611,12.22,base_to_front_left_shoulder,2,0.10584472119808197,6.621391548833344e-06,0.10000000149011612,0.0,0.0,-0.4679724872112274,-0.4679724872112274,0.0,0.0,0.4000000059604645,0.0,0.0,0.0,0.4000000059604645,0.0,0.0,0.0,0.4000000059604645,0.0
611,12.22,front_left_shoulder_to_arm,6,-0.686190664768219,5.416302155936137e-05,-0.6899999976158142,0.0,0.0,-0.30464017391204834,-0.30464017391204834,0.0,0.0,0.4000000059604645,0.0,0.0,0.0,0.4000000059604645,0.0,0.0,0.0,0.4000000059604645,0.0
611,12.22,front_left_arm_to_hand,10,1.5994867086410522,2.545620247929037e-08,1.600000023841858,0.0,0.0,0.04106520116329193,0.04106520116329193,0.0,0.0,0.4000000059604645,0.0,0.0,0.0,0.4000000059604645,0.0,0.0,0.0,0.4000000059604645,0.0
612,12.24,base_to_front_left_shoulder,2,0.10582506656646729,6.6165839598397724e-06,0.10000000149011612,0.0,0.0,-0.46640250086784363,-0.46640250086784363,0.0,0.0,0.4000000059604645,0.0,0.0,0.0,0.4000000059604645,0.0,0.0,0.0,0.4000000059604645,0.0
612,12.24,front_left_shoulder_to_arm,6,-0.6861839890480042,5.415347550297156e-05,-0.6899999976158142,0.0,0.0,-0.30517423152923584,-0.30517423152923584,0.0,0.0,0.4000000059604645,0.0,0.0,0.0,0.4000000059604645,0.0,0.0,0.0,0.4000000059604645,0.0
612,12.24,front_left_arm_to_hand,10,1.5994867086410522,5.1490115282604165e-08,1.600000023841858,0.0,0.0,0.041065189987421036,0.041065189987421036,0.0,0.0,0.4000000059604645,0.0,0.0,0.0,0.4000000059604645,0.0,0.0,0.0,0.4000000059604645,0.0
613,12.26,base_to_front_left_shoulder,2,0.10584765672683716,6.607704563066363e-06,0.10000000149011612,0.0,0.0,-0.4682120680809021,-0.4682120680809021,0.0,0.0,0.4000000059604645,0.0,0.0,0.0,0.4000000059604645,0.0,0.0,0.0,0.4000000059604645,0.0
613,12.26,front_left_shoulder_to_arm,6,-0.6861773133277893,5.414128099801019e-05,-0.6899999976158142,0.0,0.0,-0.3057081401348114,-0.3057081401348114,0.0,0.0,0.4000000059604645,0.0,0.0,0.0,0.4000000059604645,0.0,0.0,0.0,0.4000000059604645,0.0
613,12.26,front_left_arm_to_hand,10,1.5994867086410522,5.628464450069259e-08,1.600000023841858,0.0,0.0,0.041065193712711334,0.041065193712711334,0.0,0.0,0.4000000059604645,0.0,0.0,0.0,0.4000000059604645,0.0,0.0,0.0,0.4000000059604645,0.0
614,12.280000000000001,base_to_front_left_shoulder,2,0.10582776367664337,6.619626219617203e-06,0.10000000149011612,0.0,0.0,-0.4666230380535126,-0.4666230380535126,0.0,0.0,0.4000000059604645,0.0,0.0,0.0,0.4000000059604645,0.0,0.0,0.0,0.4000000059604645,0.0
614,12.280000000000001,front_left_shoulder_to_arm,6,-0.6861706376075745,5.4150616051629186e-05,-0.6899999976158142,0.0,0.0,-0.3062423765659332,-0.3062423765659332,0.0,0.0,0.4000000059604645,0.0,0.0,0.0,0.4000000059604645,0.0,0.0,0.0,0.4000000059604645,0.0
614,12.280000000000001,front_left_arm_to_hand,10,1.5994867086410522,4.4697959111772434e-08,1.600000023841858,0.0,0.0,0.04106519743800163,0.04106519743800163,0.0,0.0,0.4000000059604645,0.0,0.0,0.0,0.4000000059604645,0.0,0.0,0.0,0.4000000059604645,0.0
615,12.3,base_to_front_left_shoulder,2,0.10585008561611176,6.595369086426217e-06,0.10000000149011612,0.0,0.0,-0.4684111475944519,-0.4684111475944519,0.0,0.0,0.4000000059604645,0.0,0.0,0.0,0.4000000059604645,0.0,0.0,0.0,0.4000000059604645,0.0
615,12.3,front_left_shoulder_to_arm,6,-0.6861640214920044,5.414983752416447e-05,-0.6899999976158142,0.0,0.0,-0.306771457195282,-0.306771457195282,0.0,0.0,0.4000000059604645,0.0,0.0,0.0,0.4000000059604645,0.0,0.0,0.0,0.4000000059604645,0.0
615,12.3,front_left_arm_to_hand,10,1.5994867086410522,4.6302854883606415e-08,1.600000023841858,0.0,0.0,0.04106519743800163,0.04106519743800163,0.0,0.0,0.4000000059604645,0.0,0.0,0.0,0.4000000059604645,0.0,0.0,0.0,0.4000000059604645,0.0
616,12.32,base_to_front_left_shoulder,2,0.10582995414733887,6.6169241108582355e-06,0.10000000149011612,0.0,0.0,-0.46680304408073425,-0.46680304408073425,0.0,0.0,0.4000000059604645,0.0,0.0,0.0,0.4000000059604645,0.0,0.0,0.0,0.4000000059604645,0.0
616,12.32,front_left_shoulder_to_arm,6,-0.6861573457717896,5.4156895203050226e-05,-0.6899999976158142,0.0,0.0,-0.3073057234287262,-0.3073057234287262,0.0,0.0,0.4000000059604645,0.0,0.0,0.0,0.4000000059604645,0.0,0.0,0.0,0.4000000059604645,0.0
616,12.32,front_left_arm_to_hand,10,1.5994867086410522,3.810535531556525e-08,1.600000023841858,0.0,0.0,0.04106520116329193,0.04106520116329193,0.0,0.0,0.4000000059604645,0.0,0.0,0.0,0.4000000059604645,0.0,0.0,0.0,0.4000000059604645,0.0
617,12.34,base_to_front_left_shoulder,2,0.10585203021764755,6.601664608751889e-06,0.10000000149011612,0.0,0.0,-0.4685714840888977,-0.4685714840888977,0.0,0.0,0.4000000059604645,0.0,0.0,0.0,0.4000000059604645,0.0,0.0,0.0,0.4000000059604645,0.0
617,12.34,front_left_shoulder_to_arm,6,-0.6861507296562195,5.415523628471419e-05,-0.6899999976158142,0.0,0.0,-0.30783480405807495,-0.30783480405807495,0.0,0.0,0.4000000059604645,0.0,0.0,0.0,0.4000000059604645,0.0,0.0,0.0,0.4000000059604645,0.0
617,12.34,front_left_arm_to_hand,10,1.5994867086410522,5.0178257993138686e-08,1.600000023841858,0.0,0.0,0.041065189987421036,0.041065189987421036,0.0,0.0,0.4000000059604645,0.0,0.0,0.0,0.4000000059604645,0.0,0.0,0.0,0.4000000059604645,0.0
618,12.36,base_to_front_left_shoulder,2,0.10583166033029556,6.611987373617012e-06,0.10000000149011612,0.0,0.0,-0.46694430708885193,-0.46694430708885193,0.0,0.0,0.4000000059604645,0.0,0.0,0.0,0.4000000059604645,0.0,0.0,0.0,0.4000000059604645,0.0
618,12.36,front_left_shoulder_to_arm,6,-0.6861440539360046,5.416623025666922e-05,-0.6899999976158142,0.0,0.0,-0.30836907029151917,-0.30836907029151917,0.0,0.0,0.4000000059604645,0.0,0.0,0.0,0.4000000059604645,0.0,0.0,0.0,0.4000000059604645,0.0
618,12.36,front_left_arm_to_hand,10,1.5994867086410522,3.577639517970965e-08,1.600000023841858,0.0,0.0,0.04106520116329193,0.04106520116329193,0.0,0.0,0.4000000059604645,0.0,0.0,0.0,0.4000000059604645,0.0,0.0,0.0,0.4000000059604645,0.0
619,12.38,base_to_front_left_shoulder,2,0.1058541014790535,6.441061486839317e-06,0.10000000149011612,0.0,0.0,-0.4687160849571228,-0.4687160849571228,0.0,0.0,0.4000000059604645,0.0,0.0,0.0,0.4000000059604645,0.0,0.0,0.0,0.4000000059604645,0.0
619,12.38,front_left_shoulder_to_arm,6,-0.6862029433250427,5.2756462537217885e-05,-0.6899999976158142,0.0,0.0,-0.3036360740661621,-0.3036360740661621,0.0,0.0,0.4000000059604645,0.0,0.0,0.0,0.4000000059604645,0.0,0.0,0.0,0.4000000059604645,0.0
619,12.38,front_left_arm_to_hand,10,1.5994867086410522,3.2496032531526e-08,1.600000023841858,0.0,0.0,0.04106521978974342,0.04106521978974342,0.0,0.0,0.4000000059604645,0.0,0.0,0.0,0.4000000059604645,0.0,0.0,0.0,0.4000000059604645,0.0
620,12.4,base_to_front_left_shoulder,2,0.10583465546369553,6.613649929931853e-06,0.10000000149011612,0.0,0.0,-0.46716544032096863,-0.46716544032096863,0.0,0.0,0.4000000059604645,0.0,0.0,0.0,0.4000000059604645,0.0,0.0,0.0,0.4000000059604645,0.0
620,12.4,front_left_shoulder_to_arm,6,-0.6861962676048279,5.414794577518478e-05,-0.6899999976158142,0.0,0.0,-0.3041919469833374,-0.3041919469833374,0.0,0.0,0.4000000059604645,0.0,0.0,0.0,0.4000000059604645,0.0,0.0,0.0,0.4000000059604645,0.0
620,12.4,front_left_arm_to_hand,10,1.5994867086410522,3.799875614163284e-08,1.600000023841858,0.0,0.0,0.04106519743800163,0.04106519743800163,0.0,0.0,0.4000000059604645,0.0,0.0,0.0,0.4000000059604645,0.0,0.0,0.0,0.4000000059604645,0.0
621,12.42,base_to_front_left_shoulder,2,0.10585742443799973,4.96758093504468e-06,0.10000000149011612,0.0,0.0,-0.4656026065349579,-0.4656026065349579,0.0,0.0,0.4000000059604645,0.0,0.0,0.0,0.4000000059604645,0.0,0.0,0.0,0.4000000059604645,0.0
621,12.42,front_left_shoulder_to_arm,6,-0.686189591884613,4.021691711386666e-05,-0.6899999976158142,0.0,0.0,-0.3047260046005249,-0.3047260046005249,0.0,0.0,0.4000000059604645,0.0,0.0,0.0,0.4000000059604645,0.0,0.0,0.0,0.4000000059604645,0.0
621,12.42,front_left_arm_to_hand,10,1.5994867086410522,2.9154094249861373e-08,1.600000023841858,0.0,0.0,0.04106519743800163,0.04106519743800163,0.0,0.0,0.4000000059604645,0.0,0.0,0.0,0.4000000059604645,0.0,0.0,0.0,0.4000000059604645,0.0
622,12.44,base_to_front_left_shoulder,2,0.10583774000406265,6.611168828385416e-06,0.10000000149011612,0.0,0.0,-0.4674169719219208,-0.4674169719219208,0.0,0.0,0.4000000059604645,0.0,0.0,0.0,0.4000000059604645,0.0,0.0,0.0,0.4000000059604645,0.0
622,12.44,front_left_shoulder_to_arm,6,-0.6861829161643982,5.414699262473732e-05,-0.6899999976158142,0.0,0.0,-0.3052600622177124,-0.3052600622177124,0.0,0.0,0.4000000059604645,0.0,0.0,0.0,0.4000000059604645,0.0,0.0,0.0,0.4000000059604645,0.0
622,12.44,front_left_arm_to_hand,10,1.5994867086410522,4.919053608887225e-08,1.600000023841858,0.0,0.0,0.04106520116329193,0.04106520116329193,0.0,0.0,0.4000000059604645,0.0,0.0,0.0,0.4000000059604645,0.0,0.0,0.0,0.4000000059604645,0.0
623,12.46,base_to_front_left_shoulder,2,0.10586023330688477,4.980101039109286e-06,0.10000000149011612,0.0,0.0,-0.4658350646495819,-0.4658350646495819,0.0,0.0,0.4000000059604645,0.0,0.0,0.0,0.4000000059604645,0.0,0.0,0.0,0.4000000059604645,0.0
623,12.46,front_left_shoulder_to_arm,6,-0.6861762404441833,4.025729504064657e-05,-0.6899999976158142,0.0,0.0,-0.3057941496372223,-0.3057941496372223,0.0,0.0,0.4000000059604645,0.0,0.0,0.0,0.4000000059604645,0.0,0.0,0.0,0.4000000059604645,0.0
623,12.46,front_left_arm_to_hand,10,1.5994867086410522,3.0938387851620064e-08,1.600000023841858,0.0,0.0,0.04106519743800163,0.04106519743800163,0.0,0.0,0.4000000059604645,0.0,0.0,0.0,0.4000000059604645,0.0,0.0,0.0,0.4000000059604645,0.0
624,12.48,base_to_front_left_shoulder,2,0.10584031045436859,6.605325324926525e-06,0.10000000149011612,0.0,0.0,-0.4676273763179779,-0.4676273763179779,0.0,0.0,0.4000000059604645,0.0,0.0,0.0,0.4000000059604645,0.0,0.0,0.0,0.4000000059604645,0.0
624,12.48,front_left_shoulder_to_arm,6,-0.6861695647239685,5.414742190623656e-05,-0.6899999976158142,0.0,0.0,-0.3063282072544098,-0.3063282072544098,0.0,0.0,0.4000000059604645,0.0,0.0,0.0,0.4000000059604645,0.0,0.0,0.0,0.4000000059604645,0.0
624,12.48,front_left_arm_to_hand,10,1.5994867086410522,3.636225542891225e-08,1.600000023841858,0.0,0.0,0.04106519743800163,0.04106519743800163,0.0,0.0,0.4000000059604645,0.0,0.0,0.0,0.4000000059604645,0.0,0.0,0.0,0.4000000059604645,0.0
625,12.5,base_to_front_left_shoulder,2,0.10586254298686981,4.975755473424215e-06,0.10000000149011612,0.0,0.0,-0.4660263955593109,-0.4660263955593109,0.0,0.0,0.4000000059604645,0.0,0.0,0.0,0.4000000059604645,0.0,0.0,0.0,0.4000000059604645,0.0
625,12.5,front_left_shoulder_to_arm,6,-0.6861628890037537,4.027359318570234e-05,-0.6899999976158142,0.0,0.0,-0.3068622350692749,-0.3068622350692749,0.0,0.0,0.4000000059604645,0.0,0.0,0.0,0.4000000059604645,0.0,0.0,0.0,0.4000000059604645,0.0
625,12.5,front_left_arm_to_hand,10,1.5994867086410522,2.9728560946296056e-08,1.600000023841858,0.0,0.0,0.04106519743800163,0.04106519743800163,0.0,0.0,0.4000000059604645,0.0,0.0,0.0,0.4000000059604645,0.0,0.0,0.0,0.4000000059604645,0.0
626,12.52,base_to_front_left_shoulder,2,0.10584238171577454,6.602344001294114e-06,0.10000000149011612,0.0,0.0,-0.4677978456020355,-0.4677978456020355,0.0,0.0,0.4000000059604645,0.0,0.0,0.0,0.4000000059604645,0.0,0.0,0.0,0.4000000059604645,0.0
626,12.52,front_left_shoulder_to_arm,6,-0.6861562728881836,5.416383646661416e-05,-0.6899999976158142,0.0,0.0,-0.30739155411720276,-0.30739155411720276,0.0,0.0,0.4000000059604645,0.0,0.0,0.0,0.4000000059604645,0.0,0.0,0.0,0.4000000059604645,0.0
626,12.52,front_left_arm_to_hand,10,1.5994867086410522,2.8961384401782198e-08,1.600000023841858,0.0,0.0,0.04106520116329193,0.04106520116329193,0.0,0.0,0.4000000059604645,0.0,0.0,0.0,0.4000000059604645,0.0,0.0,0.0,0.4000000059604645,0.0
627,12.540000000000001,base_to_front_left_shoulder,2,0.10586459189653397,-0.00024132145335897803,0.10000000149011612,0.0,0.0,-0.46617957949638367,-0.46617957949638367,0.0,0.0,0.4000000059604645,0.0,0.0,0.0,0.4000000059604645,0.0,0.0,0.0,0.4000000059604645,0.0
627,12.540000000000001,front_left_shoulder_to_arm,6,-0.6862128376960754,-0.0019747531041502953,-0.6899999976158142,0.0,0.0,-0.30792561173439026,-0.30792561173439026,0.0,0.0,0.4000000059604645,0.0,0.0,0.0,0.4000000059604645,0.0,0.0,0.0,0.4000000059604645,0.0
627,12.540000000000001,front_left_arm_to_hand,10,1.5994867086410522,-1.4114166333456524e-06,1.600000023841858,0.0,0.0,0.041065193712711334,0.041065193712711334,0.0,0.0,0.4000000059604645,0.0,0.0,0.0,0.4000000059604645,0.0,0.0,0.0,0.4000000059604645,0.0
628,12.56,base_to_front_left_shoulder,2,0.10584518313407898,6.624043635383714e-06,0.10000000149011612,0.0,0.0,-0.4680034816265106,-0.4680034816265106,0.0,0.0,0.4000000059604645,0.0,0.0,0.0,0.4000000059604645,0.0,0.0,0.0,0.4000000059604645,0.0
628,12.56,front_left_shoulder_to_arm,6,-0.6862078905105591,5.413447797764093e-05,-0.6899999976158142,0.0,0.0,-0.3032621145248413,-0.3032621145248413,0.0,0.0,0.4000000059604645,0.0,0.0,0.0,0.4000000059604645,0.0,0.0,0.0,0.4000000059604645,0.0
628,12.56,front_left_arm_to_hand,10,1.5994867086410522,3.807350168472112e-08,1.600000023841858,0.0,0.0,0.04106519743800163,0.04106519743800163,0.0,0.0,0.4000000059604645,0.0,0.0,0.0,0.4000000059604645,0.0,0.0,0.0,0.4000000059604645,0.0
629,12.58,base_to_front_left_shoulder,2,0.10582582652568817,6.608767762372736e-06,0.10000000149011612,0.0,0.0,-0.466457337141037,-0.466457337141037,0.0,0.0,0.4000000059604645,0.0,0.0,0.0,0.4000000059604645,0.0,0.0,0.0,0.4000000059604645,0.0
629,12.58,front_left_shoulder_to_arm,6,-0.6862012147903442,5.413095641415566e-05,-0.6899999976158142,0.0,0.0,-0.3037961721420288,-0.3037961721420288,0.0,0.0,0.4000000059604645,0.0,0.0,0.0,0.4000000059604645,0.0,0.0,0.0,0.4000000059604645,0.0
629,12.58,front_left_arm_to_hand,10,1.5994867086410522,4.272285281103905e-08,1.600000023841858,0.0,0.0,0.041065193712711334,0.041065193712711334,0.0,0.0,0.4000000059604645,0.0,0.0,0.0,0.4000000059604645,0.0,0.0,0.0,0.4000000059604645,0.0
630,12.6,base_to_front_left_shoulder,2,0.10584861785173416,6.605978342122398e-06,0.10000000149011612,0.0,0.0,-0.4682829976081848,-0.4682829976081848,0.0,0.0,0.4000000059604645,0.0,0.0,0.0,0.4000000059604645,0.0,0.0,0.0,0.4000000059604645,0.0
630,12.6,front_left_shoulder_to_arm,6,-0.6861945390701294,5.416022759163752e-05,-0.6899999976158142,0.0,0.0,-0.304330050945282,-0.304330050945282,0.0,0.0,0.4000000059604645,0.0,0.0,0.0,0.4000000059604645,0.0,0.0,0.0,0.4000000059604645,0.0
630,12.6,front_left_arm_to_hand,10,1.5994867086410522,3.2532415872310594e-08,1.600000023841858,0.0,0.0,0.04106519743800163,0.04106519743800163,0.0,0.0,0.4000000059604645,0.0,0.0,0.0,0.4000000059604645,0.0,0.0,0.0,0.4000000059604645,0.0
631,12.620000000000001,base_to_front_left_shoulder,2,0.10582902282476425,6.607212526432704e-06,0.10000000149011612,0.0,0.0,-0.46671780943870544,-0.46671780943870544,0.0,0.0,0.4000000059604645,0.0,0.0,0.0,0.4000000059604645,0.0,0.0,0.0,0.4000000059604645,0.0
631,12.620000000000001,front_left_shoulder_to_arm,6,-0.6861878633499146,5.415773921413347e-05,-0.6899999976158142,0.0,0.0,-0.3048642873764038,-0.3048642873764038,0.0,0.0,0.4000000059604645,0.0,0.0,0.0,0.4000000059604645,0.0,0.0,0.0,0.4000000059604645,0.0
631,12.620000000000001,front_left_arm_to_hand,10,1.5994867086410522,3.188064923165257e-08,1.600000023841858,0.0,0.0,0.041065189987421036,0.041065189987421036,0.0,0.0,0.4000000059604645,0.0,0.0,0.0,0.4000000059604645,0.0,0.0,0.0,0.4000000059604645,0.0
632,12.64,base_to_front_left_shoulder,2,0.10585152357816696,6.614844096475281e-06,0.10000000149011612,0.0,0.0,-0.46852022409439087,-0.46852022409439087,0.0,0.0,0.4000000059604645,0.0,0.0,0.0,0.4000000059604645,0.0,0.0,0.0,0.4000000059604645,0.0
632,12.64,front_left_shoulder_to_arm,6,-0.6861811876296997,5.414519546320662e-05,-0.6899999976158142,0.0,0.0,-0.30539819598197937,-0.30539819598197937,0.0,0.0,0.4000000059604645,0.0,0.0,0.0,0.4000000059604645,0.0,0.0,0.0,0.4000000059604645,0.0
632,12.64,front_left_arm_to_hand,10,1.5994867086410522,3.465463649376943e-08,1.600000023841858,0.0,0.0,0.041065189987421036,0.041065189987421036,0.0,0.0,0.4000000059604645,0.0,0.0,0.0,0.4000000059604645,0.0,0.0,0.0,0.4000000059604645,0.0
633,12.66,base_to_front_left_shoulder,2,0.10583169013261795,6.616819518967532e-06,0.10000000149011612,0.0,0.0,-0.4669359624385834,-0.4669359624385834,0.0,0.0,0.4000000059604645,0.0,0.0,0.0,0.4000000059604645,0.0,0.0,0.0,0.4000000059604645,0.0
633,12.66,front_left_shoulder_to_arm,6,-0.6861745119094849,5.414770566858351e-05,-0.6899999976158142,0.0,0.0,-0.3059324324131012,-0.3059324324131012,0.0,0.0,0.4000000059604645,0.0,0.0,0.0,0.4000000059604645,0.0,0.0,0.0,0.4000000059604645,0.0
633,12.66,front_left_arm_to_hand,10,1.5994867086410522,3.7288138798885484e-08,1.600000023841858,0.0,0.0,0.04106519743800163,0.04106519743800163,0.0,0.0,0.4000000059604645,0.0,0.0,0.0,0.4000000059604645,0.0,0.0,0.0,0.4000000059604645,0.0
634,12.68,base_to_front_left_shoulder,2,0.1058541014790535,6.57844702800503e-06,0.10000000149011612,0.0,0.0,-0.46873044967651367,-0.46873044967651367,0.0,0.0,0.4000000059604645,0.0,0.0,0.0,0.4000000059604645,0.0,0.0,0.0,0.4000000059604645,0.0
634,12.68,front_left_shoulder_to_arm,6,-0.6861678957939148,5.37920932401903e-05,-0.6899999976158142,0.0,0.0,-0.30645951628685,-0.30645951628685,0.0,0.0,0.4000000059604645,0.0,0.0,0.0,0.4000000059604645,0.0,0.0,0.0,0.4000000059604645,0.0
634,12.68,front_left_arm_to_hand,10,1.5994867086410522,3.756535704724229e-08,1.600000023841858,0.0,0.0,0.04106520488858223,0.04106520488858223,0.0,0.0,0.4000000059604645,0.0,0.0,0.0,0.4000000059604645,0.0,0.0,0.0,0.4000000059604645,0.0
635,12.700000000000001,base_to_front_left_shoulder,2,0.10583402961492538,6.628778464801144e-06,0.10000000149011612,0.0,0.0,-0.46712788939476013,-0.46712788939476013,0.0,0.0,0.4000000059604645,0.0,0.0,0.0,0.4000000059604645,0.0,0.0,0.0,0.4000000059604645,0.0
635,12.700000000000001,front_left_shoulder_to_arm,6,-0.6861612200737,5.4159660066943616e-05,-0.6899999976158142,0.0,0.0,-0.30699577927589417,-0.30699577927589417,0.0,0.0,0.4000000059604645,0.0,0.0,0.0,0.4000000059604645,0.0,0.0,0.0,0.4000000059604645,0.0
635,12.700000000000001,front_left_arm_to_hand,10,1.5994867086410522,4.458190261402706e-08,1.600000023841858,0.0,0.0,0.041065193712711334,0.041065193712711334,0.0,0.0,0.4000000059604645,0.0,0.0,0.0,0.4000000059604645,0.0,0.0,0.0,0.4000000059604645,0.0
636,12.72,base_to_front_left_shoulder,2,0.10585618764162064,6.576401574420743e-06,0.10000000149011612,0.0,0.0,-0.4689020812511444,-0.4689020812511444,0.0,0.0,0.4000000059604645,0.0,0.0,0.0,0.4000000059604645,0.0,0.0,0.0,0.4000000059604645,0.0
636,12.72,front_left_shoulder_to_arm,6,-0.6861546039581299,5.3801915782969445e-05,-0.6899999976158142,0.0,0.0,-0.30752286314964294,-0.30752286314964294,0.0,0.0,0.4000000059604645,0.0,0.0,0.0,0.4000000059604645,0.0,0.0,0.0,0.4000000059604645,0.0
636,12.72,front_left_arm_to_hand,10,1.5994867086410522,3.787168978419686e-08,1.600000023841858,0.0,0.0,0.04106519743800163,0.04106519743800163,0.0,0.0,0.4000000059604645,0.0,0.0,0.0,0.4000000059604645,0.0,0.0,0.0,0.4000000059604645,0.0
637,12.74,base_to_front_left_shoulder,2,0.10583590716123581,6.608232979488093e-06,0.10000000149011612,0.0,0.0,-0.4672822654247284,-0.4672822654247284,0.0,0.0,0.4000000059604645,0.0,0.0,0.0,0.4000000059604645,0.0,0.0,0.0,0.4000000059604645,0.0
637,12.74,front_left_shoulder_to_arm,6,-0.686147928237915,5.4161013395059854e-05,-0.6899999976158142,0.0,0.0,-0.30805912613868713,-0.30805912613868713,0.0,0.0,0.4000000059604645,0.0,0.0,0.0,0.4000000059604645,0.0,0.0,0.0,0.4000000059604645,0.0
637,12.74,front_left_arm_to_hand,10,1.5994867086410522,3.601684639420455e-08,1.600000023841858,0.0,0.0,0.04106519743800163,0.04106519743800163,0.0,0.0,0.4000000059604645,0.0,0.0,0.0,0.4000000059604645,0.0,0.0,0.0,0.4000000059604645,0.0
638,12.76,base_to_front_left_shoulder,2,0.10585816204547882,1.1869030913658207e-07,0.10000000149011612,0.0,0.0,-0.4689308702945709,-0.4689308702945709,0.0,0.0,0.4000000059604645,0.0,0.0,0.0,0.4000000059604645,0.0,0.0,0.0,0.4000000059604645,0.0
638,12.76,front_left_shoulder_to_arm,6,-0.6862066388130188,1.0477148180143558e-06,-0.6899999976158142,0.0,0.0,-0.3024805784225464,-0.3024805784225464,0.0,0.0,0.4000000059604645,0.0,0.0,0.0,0.4000000059604645,0.0,0.0,0.0,0.4000000059604645,0.0
638,12.76,front_left_arm_to_hand,10,1.5994867086410522,8.569637444111322e-09,1.600000023841858,0.0,0.0,0.041065916419029236,0.041065916419029236,0.0,0.0,0.4000000059604645,0.0,0.0,0.0,0.4000000059604645,0.0,0.0,0.0,0.4000000059604645,0.0
639,12.780000000000001,base_to_front_left_shoulder,2,0.10583877563476562,6.61399735690793e-06,0.10000000149011612,0.0,0.0,-0.46749386191368103,-0.46749386191368103,0.0,0.0,0.4000000059604645,0.0,0.0,0.0,0.4000000059604645,0.0,0.0,0.0,0.4000000059604645,0.0
639,12.780000000000001,front_left_shoulder_to_arm,6,-0.6862000226974487,5.413857434177771e-05,-0.6899999976158142,0.0,0.0,-0.30389153957366943,-0.30389153957366943,0.0,0.0,0.4000000059604645,0.0,0.0,0.0,0.4000000059604645,0.0,0.0,0.0,0.4000000059604645,0.0
639,12.780000000000001,front_left_arm_to_hand,10,1.5994867086410522,3.742211163171305e-08,1.600000023841858,0.0,0.0,0.04106519743800163,0.04106519743800163,0.0,0.0,0.4000000059604645,0.0,0.0,0.0,0.4000000059604645,0.0,0.0,0.0,0.4000000059604645,0.0
640,12.8,base_to_front_left_shoulder,2,0.10581927001476288,6.607865543628577e-06,0.10000000149011612,0.0,0.0,-0.4659357964992523,-0.4659357964992523,0.0,0.0,0.4000000059604645,0.0,0.0,0.0,0.4000000059604645,0.0,0.0,0.0,0.4000000059604645,0.0
640,12.8,front_left_shoulder_to_arm,6,-0.6861933469772339,5.414507904788479e-05,-0.6899999976158142,0.0,0.0,-0.30442559719085693,-0.30442559719085693,0.0,0.0,0.4000000059604645,0.0,0.0,0.0,0.4000000059604645,0.0,0.0,0.0,0.4000000059604645,0.0
640,12.8,front_left_arm_to_hand,10,1.5994867086410522,4.213944393427482e-08,1.600000023841858,0.0,0.0,0.041065193712711334,0.041065193712711334,0.0,0.0,0.4000000059604645,0.0,0.0,0.0,0.4000000059604645,0.0,0.0,0.0,0.4000000059604645,0.0
641,12.82,base_to_front_left_shoulder,2,0.1058419942855835,6.606544957321603e-06,0.10000000149011612,0.0,0.0,-0.46775612235069275,-0.46775612235069275,0.0,0.0,0.4000000059604645,0.0,0.0,0.0,0.4000000059604645,0.0,0.0,0.0,0.4000000059604645,0.0
641,12.82,front_left_shoulder_to_arm,6,-0.686186671257019,5.4143049055710435e-05,-0.6899999976158142,0.0,0.0,-0.30495965480804443,-0.30495965480804443,0.0,0.0,0.4000000059604645,0.0,0.0,0.0,0.4000000059604645,0.0,0.0,0.0,0.4000000059604645,0.0
641,12.82,front_left_arm_to_hand,10,1.5994867086410522,3.10885042154041e-08,1.600000023841858,0.0,0.0,0.041065193712711334,0.041065193712711334,0.0,0.0,0.4000000059604645,0.0,0.0,0.0,0.4000000059604645,0.0,0.0,0.0,0.4000000059604645,0.0
642,12.84,base_to_front_left_shoulder,2,0.10582225024700165,6.614425728912465e-06,0.10000000149011612,0.0,0.0,-0.4661789834499359,-0.4661789834499359,0.0,0.0,0.4000000059604645,0.0,0.0,0.0,0.4000000059604645,0.0,0.0,0.0,0.4000000059604645,0.0
642,12.84,front_left_shoulder_to_arm,6,-0.6861799955368042,5.41525732842274e-05,-0.6899999976158142,0.0,0.0,-0.30549371242523193,-0.30549371242523193,0.0,0.0,0.4000000059604645,0.0,0.0,0.0,0.4000000059604645,0.0,0.0,0.0,0.4000000059604645,0.0
642,12.84,front_left_arm_to_hand,10,1.5994867086410522,3.6391234914390225e-08,1.600000023841858,0.0,0.0,0.04106519743800163,0.04106519743800163,0.0,0.0,0.4000000059604645,0.0,0.0,0.0,0.4000000059604645,0.0,0.0,0.0,0.4000000059604645,0.0
643,12.86,base_to_front_left_shoulder,2,0.10584469884634018,6.619074156333227e-06,0.10000000149011612,0.0,0.0,-0.46797725558280945,-0.46797725558280945,0.0,0.0,0.4000000059604645,0.0,0.0,0.0,0.4000000059604645,0.0,0.0,0.0,0.4000000059604645,0.0
643,12.86,front_left_shoulder_to_arm,6,-0.6861733198165894,5.415069608716294e-05,-0.6899999976158142,0.0,0.0,-0.30602777004241943,-0.30602777004241943,0.0,0.0,0.4000000059604645,0.0,0.0,0.0,0.4000000059604645,0.0,0.0,0.0,0.4000000059604645,0.0
643,12.86,front_left_arm_to_hand,10,1.5994867086410522,4.32475353306927e-08,1.600000023841858,0.0,0.0,0.041065193712711334,0.041065193712711334,0.0,0.0,0.4000000059604645,0.0,0.0,0.0,0.4000000059604645,0.0,0.0,0.0,0.4000000059604645,0.0
644,12.88,base_to_front_left_shoulder,2,0.10582473129034042,6.616938662773464e-06,0.10000000149011612,0.0,0.0,-0.46638163924217224,-0.46638163924217224,0.0,0.0,0.4000000059604645,0.0,0.0,0.0,0.4000000059604645,0.0,0.0,0.0,0.4000000059604645,0.0
644,12.88,front_left_shoulder_to_arm,6,-0.6861666440963745,5.414034239947796e-05,-0.6899999976158142,0.0,0.0,-0.30656182765960693,-0.30656182765960693,0.0,0.0,0.4000000059604645,0.0,0.0,0.0,0.4000000059604645,0.0,0.0,0.0,0.4000000059604645,0.0
644,12.88,front_left_arm_to_hand,10,1.5994867086410522,3.333354214873907e-08,1.600000023841858,0.0,0.0,0.04106520488858223,0.04106520488858223,0.0,0.0,0.4000000059604645,0.0,0.0,0.0,0.4000000059604645,0.0,0.0,0.0,0.4000000059604645,0.0
645,12.9,base_to_front_left_shoulder,2,0.10584693402051926,6.614684025407769e-06,0.10000000149011612,0.0,0.0,-0.4681602418422699,-0.4681602418422699,0.0,0.0,0.4000000059604645,0.0,0.0,0.0,0.4000000059604645,0.0,0.0,0.0,0.4000000059604645,0.0
645,12.9,front_left_shoulder_to_arm,6,-0.6861600279808044,5.415992927737534e-05,-0.6899999976158142,0.0,0.0,-0.3070911169052124,-0.3070911169052124,0.0,0.0,0.4000000059604645,0.0,0.0,0.0,0.4000000059604645,0.0,0.0,0.0,0.4000000059604645,0.0
645,12.9,front_left_arm_to_hand,10,1.5994867086410522,3.900719036664668e-08,1.600000023841858,0.0,0.0,0.041065189987421036,0.041065189987421036,0.0,0.0,0.4000000059604645,0.0,0.0,0.0,0.4000000059604645,0.0,0.0,0.0,0.4000000059604645,0.0
646,12.92,base_to_front_left_shoulder,2,0.10582674294710159,6.61221201880835e-06,0.10000000149011612,0.0,0.0,-0.4665473401546478,-0.4665473401546478,0.0,0.0,0.4000000059604645,0.0,0.0,0.0,0.4000000059604645,0.0,0.0,0.0,0.4000000059604645,0.0
646,12.92,front_left_shoulder_to_arm,6,-0.6861533522605896,5.417027568910271e-05,-0.6899999976158142,0.0,0.0,-0.3076252043247223,-0.3076252043247223,0.0,0.0,0.4000000059604645,0.0,0.0,0.0,0.4000000059604645,0.0,0.0,0.0,0.4000000059604645,0.0
646,12.92,front_left_arm_to_hand,10,1.5994867086410522,4.140409259889566e-08,1.600000023841858,0.0,0.0,0.04106519743800163,0.04106519743800163,0.0,0.0,0.4000000059604645,0.0,0.0,0.0,0.4000000059604645,0.0,0.0,0.0,0.4000000059604645,0.0
647,12.94,base_to_front_left_shoulder,2,0.10584869235754013,6.610624950553756e-06,0.10000000149011612,0.0,0.0,-0.46830567717552185,-0.46830567717552185,0.0,0.0,0.4000000059604645,0.0,0.0,0.0,0.4000000059604645,0.0,0.0,0.0,0.4000000059604645,0.0
647,12.94,front_left_shoulder_to_arm,6,-0.6861467361450195,5.4155607358552516e-05,-0.6899999976158142,0.0,0.0,-0.30815449357032776,-0.30815449357032776,0.0,0.0,0.4000000059604645,0.0,0.0,0.0,0.4000000059604645,0.0,0.0,0.0,0.4000000059604645,0.0
647,12.94,front_left_arm_to_hand,10,1.5994867086410522,4.46455779012922e-08,1.600000023841858,0.0,0.0,0.04106520116329193,0.04106520116329193,0.0,0.0,0.4000000059604645,0.0,0.0,0.0,0.4000000059604645,0.0,0.0,0.0,0.4000000059604645,0.0
648,12.96,base_to_front_left_shoulder,2,0.10582824796438217,6.6249785959371366e-06,0.10000000149011612,0.0,0.0,-0.4666731059551239,-0.4666731059551239,0.0,0.0,0.4000000059604645,0.0,0.0,0.0,0.4000000059604645,0.0,0.0,0.0,0.4000000059604645,0.0
648,12.96,front_left_shoulder_to_arm,6,-0.6861400604248047,5.416589556261897e-05,-0.6899999976158142,0.0,0.0,-0.30868855118751526,-0.30868855118751526,0.0,0.0,0.4000000059604645,0.0,0.0,0.0,0.4000000059604645,0.0,0.0,0.0,0.4000000059604645,0.0
648,12.96,front_left_arm_to_hand,10,1.5994867086410522,2.303167079276136e-08,1.600000023841858,0.0,0.0,0.04106520116329193,0.04106520116329193,0.0,0.0,0.4000000059604645,0.0,0.0,0.0,0.4000000059604645,0.0,0.0,0.0,0.4000000059604645,0.0
649,12.98,base_to_front_left_shoulder,2,0.10585086792707443,6.612874130951241e-06,0.10000000149011612,0.0,0.0,-0.4684617519378662,-0.4684617519378662,0.0,0.0,0.4000000059604645,0.0,0.0,0.0,0.4000000059604645,0.0,0.0,0.0,0.4000000059604645,0.0
649,12.98,front_left_shoulder_to_arm,6,-0.6861990094184875,5.411608435679227e-05,-0.6899999976158142,0.0,0.0,-0.30397191643714905,-0.30397191643714905,0.0,0.0,0.4000000059604645,0.0,0.0,0.0,0.4000000059604645,0.0,0.0,0.0,0.4000000059604645,0.0
649,12.98,front_left_arm_to_hand,10,1.5994867086410522,3.052527830504914e-08,1.600000023841858,0.0,0.0,0.04106519743800163,0.04106519743800163,0.0,0.0,0.4000000059604645,0.0,0.0,0.0,0.4000000059604645,0.0,0.0,0.0,0.4000000059604645,0.0
650,13.0,base_to_front_left_shoulder,2,0.1058313325047493,6.61737794871442e-06,0.10000000149011612,0.0,0.0,-0.46690139174461365,-0.46690139174461365,0.0,0.0,0.4000000059604645,0.0,0.0,0.0,0.4000000059604645,0.0,0.0,0.0,0.4000000059604645,0.0
650,13.0,front_left_shoulder_to_arm,6,-0.6861923336982727,5.4149917559698224e-05,-0.6899999976158142,0.0,0.0,-0.30450665950775146,-0.30450665950775146,0.0,0.0,0.4000000059604645,0.0,0.0,0.0,0.4000000059604645,0.0,0.0,0.0,0.4000000059604645,0.0
650,13.0,front_left_arm_to_hand,10,1.5994867086410522,3.058236686115379e-08,1.600000023841858,0.0,0.0,0.041065193712711334,0.041065193712711334,0.0,0.0,0.4000000059604645,0.0,0.0,0.0,0.4000000059604645,0.0,0.0,0.0,0.4000000059604645,0.0
651,13.02,base_to_front_left_shoulder,2,0.10585399717092514,6.581895831914153e-06,0.10000000149011612,0.0,0.0,-0.4687155485153198,-0.4687155485153198,0.0,0.0,0.4000000059604645,0.0,0.0,0.0,0.4000000059604645,0.0,0.0,0.0,0.4000000059604645,0.0
651,13.02,front_left_shoulder_to_arm,6,-0.6861856579780579,5.377915658755228e-05,-0.6899999976158142,0.0,0.0,-0.30503377318382263,-0.30503377318382263,0.0,0.0,0.4000000059604645,0.0,0.0,0.0,0.4000000059604645,0.0,0.0,0.0,0.4000000059604645,0.0
651,13.02,front_left_arm_to_hand,10,1.5994867086410522,4.791230168166294e-08,1.600000023841858,0.0,0.0,0.04106519743800163,0.04106519743800163,0.0,0.0,0.4000000059604645,0.0,0.0,0.0,0.4000000059604645,0.0,0.0,0.0,0.4000000059604645,0.0
652,13.040000000000001,base_to_front_left_shoulder,2,0.10583425313234329,6.606856004509609e-06,0.10000000149011612,0.0,0.0,-0.46713921427726746,-0.46713921427726746,0.0,0.0,0.4000000059604645,0.0,0.0,0.0,0.4000000059604645,0.0,0.0,0.0,0.4000000059604645,0.0
652,13.040000000000001,front_left_shoulder_to_arm,6,-0.686178982257843,5.414234328782186e-05,-0.6899999976158142,0.0,0.0,-0.30557480454444885,-0.30557480454444885,0.0,0.0,0.4000000059604645,0.0,0.0,0.0,0.4000000059604645,0.0,0.0,0.0,0.4000000059604645,0.0
652,13.040000000000001,front_left_arm_to_hand,10,1.5994867086410522,3.709769913484706e-08,1.600000023841858,0.0,0.0,0.041065193712711334,0.041065193712711334,0.0,0.0,0.4000000059604645,0.0,0.0,0.0,0.4000000059604645,0.0,0.0,0.0,0.4000000059604645,0.0
653,13.06,base_to_front_left_shoulder,2,0.10585664212703705,6.562473572557792e-06,0.10000000149011612,0.0,0.0,-0.4689319133758545,-0.4689319133758545,0.0,0.0,0.4000000059604645,0.0,0.0,0.0,0.4000000059604645,0.0,0.0,0.0,0.4000000059604645,0.0
653,13.06,front_left_shoulder_to_arm,6,-0.6861723065376282,5.3788506193086505e-05,-0.6899999976158142,0.0,0.0,-0.30610191822052,-0.30610191822052,0.0,0.0,0.4000000059604645,0.0,0.0,0.0,0.4000000059604645,0.0,0.0,0.0,0.4000000059604645,0.0
653,13.06,front_left_arm_to_hand,10,1.5994867086410522,3.244585045081294e-08,1.600000023841858,0.0,0.0,0.041065193712711334,0.041065193712711334,0.0,0.0,0.4000000059604645,0.0,0.0,0.0,0.4000000059604645,0.0,0.0,0.0,0.4000000059604645,0.0
654,13.08,base_to_front_left_shoulder,2,0.1058366596698761,6.610100172110833e-06,0.10000000149011612,0.0,0.0,-0.467336505651474,-0.467336505651474,0.0,0.0,0.4000000059604645,0.0,0.0,0.0,0.4000000059604645,0.0,0.0,0.0,0.4000000059604645,0.0
654,13.08,front_left_shoulder_to_arm,6,-0.6861656308174133,5.416738713392988e-05,-0.6899999976158142,0.0,0.0,-0.30664291977882385,-0.30664291977882385,0.0,0.0,0.4000000059604645,0.0,0.0,0.0,0.4000000059604645,0.0,0.0,0.0,0.4000000059604645,0.0
654,13.08,front_left_arm_to_hand,10,1.5994867086410522,3.245493829240331e-08,1.600000023841858,0.0,0.0,0.04106520116329193,0.04106520116329193,0.0,0.0,0.4000000059604645,0.0,0.0,0.0,0.4000000059604645,0.0,0.0,0.0,0.4000000059604645,0.0
655,13.1,base_to_front_left_shoulder,2,0.10585879534482956,6.565256626345217e-06,0.10000000149011612,0.0,0.0,-0.469108909368515,-0.469108909368515,0.0,0.0,0.4000000059604645,0.0,0.0,0.0,0.4000000059604645,0.0,0.0,0.0,0.4000000059604645,0.0
655,13.1,front_left_shoulder_to_arm,6,-0.6861590147018433,5.379319918574765e-05,-0.6899999976158142,0.0,0.0,-0.307170033454895,-0.307170033454895,0.0,0.0,0.4000000059604645,0.0,0.0,0.0,0.4000000059604645,0.0,0.0,0.0,0.4000000059604645,0.0
655,13.1,front_left_arm_to_hand,10,1.5994867086410522,3.624393585255348e-08,1.600000023841858,0.0,0.0,0.041065193712711334,0.041065193712711334,0.0,0.0,0.4000000059604645,0.0,0.0,0.0,0.4000000059604645,0.0,0.0,0.0,0.4000000059604645,0.0
656,13.120000000000001,base_to_front_left_shoulder,2,0.10583857446908951,6.6053089540218934e-06,0.10000000149011612,0.0,0.0,-0.4674944579601288,-0.4674944579601288,0.0,0.0,0.4000000059604645,0.0,0.0,0.0,0.4000000059604645,0.0,0.0,0.0,0.4000000059604645,0.0
656,13.120000000000001,front_left_shoulder_to_arm,6,-0.6861523389816284,5.415850318968296e-05,-0.6899999976158142,0.0,0.0,-0.3077062666416168,-0.3077062666416168,0.0,0.0,0.4000000059604645,0.0,0.0,0.0,0.4000000059604645,0.0,0.0,0.0,0.4000000059604645,0.0
656,13.120000000000001,front_left_arm_to_hand,10,1.5994867086410522,3.2986228859499533e-08,1.600000023841858,0.0,0.0,0.041065189987421036,0.041065189987421036,0.0,0.0,0.4000000059604645,0.0,0.0,0.0,0.4000000059604645,0.0,0.0,0.0,0.4000000059604645,0.0
657,13.14,base_to_front_left_shoulder,2,0.10586079210042953,1.3010077282160637e-07,0.10000000149011612,0.0,0.0,-0.4691399335861206,-0.4691399335861206,0.0,0.0,0.4000000059604645,0.0,0.0,0.0,0.4000000059604645,0.0,0.0,0.0,0.4000000059604645,0.0
657,13.14,front_left_shoulder_to_arm,6,-0.6862106323242188,1.2386666412567138e-06,-0.6899999976158142,0.0,0.0,-0.3021600842475891,-0.3021600842475891,0.0,0.0,0.4000000059604645,0.0,0.0,0.0,0.4000000059604645,0.0,0.0,0.0,0.4000000059604645,0.0
657,13.14,front_left_arm_to_hand,10,1.5994867086410522,-8.557109687501452e-09,1.600000023841858,0.0,0.0,0.04106592759490013,0.04106592759490013,0.0,0.0,0.4000000059604645,0.0,0.0,0.0,0.4000000059604645,0.0,0.0,0.0,0.4000000059604645,0.0
658,13.16,base_to_front_left_shoulder,2,0.10584146529436111,6.6111842897953466e-06,0.10000000149011612,0.0,0.0,-0.4677078425884247,-0.4677078425884247,0.0,0.0,0.4000000059604645,0.0,0.0,0.0,0.4000000059604645,0.0,0.0,0.0,0.4000000059604645,0.0
658,13.16,front_left_shoulder_to_arm,6,-0.6862040162086487,5.414566840045154e-05,-0.6899999976158142,0.0,0.0,-0.3035720884799957,-0.3035720884799957,0.0,0.0,0.4000000059604645,0.0,0.0,0.0,0.4000000059604645,0.0,0.0,0.0,0.4000000059604645,0.0
658,13.16,front_left_arm_to_hand,10,1.5994867086410522,3.7962394117130316e-08,1.600000023841858,0.0,0.0,0.041065193712711334,0.041065193712711334,0.0,0.0,0.4000000059604645,0.0,0.0,0.0,0.4000000059604645,0.0,0.0,0.0,0.4000000059604645,0.0
659,13.18,base_to_front_left_shoulder,2,0.10582201927900314,6.624499292229302e-06,0.10000000149011612,0.0,0.0,-0.466154545545578,-0.466154545545578,0.0,0.0,0.4000000059604645,0.0,0.0,0.0,0.4000000059604645,0.0,0.0,0.0,0.4000000059604645,0.0
659,13.18,front_left_shoulder_to_arm,6,-0.6861973404884338,5.4144700698088855e-05,-0.6899999976158142,0.0,0.0,-0.30410611629486084,-0.30410611629486084,0.0,0.0,0.4000000059604645,0.0,0.0,0.0,0.4000000059604645,0.0,0.0,0.0,0.4000000059604645,0.0
659,13.18,front_left_arm_to_hand,10,1.5994867086410522,2.4579687618597745e-08,1.600000023841858,0.0,0.0,0.04106519743800163,0.04106519743800163,0.0,0.0,0.4000000059604645,0.0,0.0,0.0,0.4000000059604645,0.0,0.0,0.0,0.4000000059604645,0.0
660,13.200000000000001,base_to_front_left_shoulder,2,0.10584470629692078,6.619508894800674e-06,0.10000000149011612,0.0,0.0,-0.4679712951183319,-0.4679712951183319,0.0,0.0,0.4000000059604645,0.0,0.0,0.0,0.4000000059604645,0.0,0.0,0.0,0.4000000059604645,0.0
660,13.200000000000001,front_left_shoulder_to_arm,6,-0.686190664768219,5.4164578614290804e-05,-0.6899999976158142,0.0,0.0,-0.30464017391204834,-0.30464017391204834,0.0,0.0,0.4000000059604645,0.0,0.0,0.0,0.4000000059604645,0.0,0.0,0.0,0.4000000059604645,0.0
660,13.200000000000001,front_left_arm_to_hand,10,1.5994867086410522,2.7721835493821345e-08,1.600000023841858,0.0,0.0,0.041065189987421036,0.041065189987421036,0.0,0.0,0.4000000059604645,0.0,0.0,0.0,0.4000000059604645,0.0,0.0,0.0,0.4000000059604645,0.0
661,13.22,base_to_front_left_shoulder,2,0.10582505166530609,6.611807293666061e-06,0.10000000149011612,0.0,0.0,-0.4664013087749481,-0.4664013087749481,0.0,0.0,0.4000000059604645,0.0,0.0,0.0,0.4000000059604645,0.0,0.0,0.0,0.4000000059604645,0.0
661,13.22,front_left_shoulder_to_arm,6,-0.6861839890480042,5.416695785243064e-05,-0.6899999976158142,0.0,0.0,-0.3051742613315582,-0.3051742613315582,0.0,0.0,0.4000000059604645,0.0,0.0,0.0,0.4000000059604645,0.0,0.0,0.0,0.4000000059604645,0.0
661,13.22,front_left_arm_to_hand,10,1.5994867086410522,4.263887021238588e-08,1.600000023841858,0.0,0.0,0.04106519743800163,0.04106519743800163,0.0,0.0,0.4000000059604645,0.0,0.0,0.0,0.4000000059604645,0.0,0.0,0.0,0.4000000059604645,0.0
662,13.24,base_to_front_left_shoulder,2,0.10584764182567596,6.612197466893122e-06,0.10000000149011612,0.0,0.0,-0.4682108759880066,-0.4682108759880066,0.0,0.0,0.4000000059604645,0.0,0.0,0.0,0.4000000059604645,0.0,0.0,0.0,0.4000000059604645,0.0
662,13.24,front_left_shoulder_to_arm,6,-0.6861773133277893,5.412686005001888e-05,-0.6899999976158142,0.0,0.0,-0.3057081401348114,-0.3057081401348114,0.0,0.0,0.4000000059604645,0.0,0.0,0.0,0.4000000059604645,0.0,0.0,0.0,0.4000000059604645,0.0
662,13.24,front_left_arm_to_hand,10,1.5994867086410522,4.3022563289696336e-08,1.600000023841858,0.0,0.0,0.04106519743800163,0.04106519743800163,0.0,0.0,0.4000000059604645,0.0,0.0,0.0,0.4000000059604645,0.0,0.0,0.0,0.4000000059604645,0.0
663,13.26,base_to_front_left_shoulder,2,0.10582774877548218,6.605003363802098e-06,0.10000000149011612,0.0,0.0,-0.46662184596061707,-0.46662184596061707,0.0,0.0,0.4000000059604645,0.0,0.0,0.0,0.4000000059604645,0.0,0.0,0.0,0.4000000059604645,0.0
663,13.26,front_left_shoulder_to_arm,6,-0.6861706376075745,5.416140629677102e-05,-0.6899999976158142,0.0,0.0,-0.3062423765659332,-0.3062423765659332,0.0,0.0,0.4000000059604645,0.0,0.0,0.0,0.4000000059604645,0.0,0.0,0.0,0.4000000059604645,0.0
663,13.26,front_left_arm_to_hand,10,1.5994867086410522,3.025308359383416e-08,1.600000023841858,0.0,0.0,0.04106519743800163,0.04106519743800163,0.0,0.0,0.4000000059604645,0.0,0.0,0.0,0.4000000059604645,0.0,0.0,0.0,0.4000000059604645,0.0
664,13.280000000000001,base_to_front_left_shoulder,2,0.10585007071495056,6.5994972828775644e-06,0.10000000149011612,0.0,0.0,-0.4684099555015564,-0.4684099555015564,0.0,0.0,0.4000000059604645,0.0,0.0,0.0,0.4000000059604645,0.0,0.0,0.0,0.4000000059604645,0.0
664,13.280000000000001,front_left_shoulder_to_arm,6,-0.6861640214920044,5.413981125457212e-05,-0.6899999976158142,0.0,0.0,-0.306771457195282,-0.306771457195282,0.0,0.0,0.4000000059604645,0.0,0.0,0.0,0.4000000059604645,0.0,0.0,0.0,0.4000000059604645,0.0
664,13.280000000000001,front_left_arm_to_hand,10,1.5994867086410522,3.6949927562091034e-08,1.600000023841858,0.0,0.0,0.04106520488858223,0.04106520488858223,0.0,0.0,0.4000000059604645,0.0,0.0,0.0,0.4000000059604645,0.0,0.0,0.0,0.4000000059604645,0.0
665,13.3,base_to_front_left_shoulder,2,0.10582993924617767,6.618999577767681e-06,0.10000000149011612,0.0,0.0,-0.46680185198783875,-0.46680185198783875,0.0,0.0,0.4000000059604645,0.0,0.0,0.0,0.4000000059604645,0.0,0.0,0.0,0.4000000059604645,0.0
665,13.3,front_left_shoulder_to_arm,6,-0.6861573457717896,5.414912448031828e-05,-0.6899999976158142,0.0,0.0,-0.3073057234287262,-0.3073057234287262,0.0,0.0,0.4000000059604645,0.0,0.0,0.0,0.4000000059604645,0.0,0.0,0.0,0.4000000059604645,0.0
665,13.3,front_left_arm_to_hand,10,1.5994867086410522,3.9376644167532504e-08,1.600000023841858,0.0,0.0,0.04106519743800163,0.04106519743800163,0.0,0.0,0.4000000059604645,0.0,0.0,0.0,0.4000000059604645,0.0,0.0,0.0,0.4000000059604645,0.0
666,13.32,base_to_front_left_shoulder,2,0.10585201531648636,6.60566638543969e-06,0.10000000149011612,0.0,0.0,-0.4685702919960022,-0.4685702919960022,0.0,0.0,0.4000000059604645,0.0,0.0,0.0,0.4000000059604645,0.0,0.0,0.0,0.4000000059604645,0.0
666,13.32,front_left_shoulder_to_arm,6,-0.6861507296562195,5.416032945504412e-05,-0.6899999976158142,0.0,0.0,-0.30783480405807495,-0.30783480405807495,0.0,0.0,0.4000000059604645,0.0,0.0,0.0,0.4000000059604645,0.0,0.0,0.0,0.4000000059604645,0.0
666,13.32,front_left_arm_to_hand,10,1.5994867086410522,3.632132461461879e-08,1.600000023841858,0.0,0.0,0.041065193712711334,0.041065193712711334,0.0,0.0,0.4000000059604645,0.0,0.0,0.0,0.4000000059604645,0.0,0.0,0.0,0.4000000059604645,0.0
667,13.34,base_to_front_left_shoulder,2,0.10583164542913437,6.612174729525577e-06,0.10000000149011612,0.0,0.0,-0.4669431149959564,-0.4669431149959564,0.0,0.0,0.4000000059604645,0.0,0.0,0.0,0.4000000059604645,0.0,0.0,0.0,0.4000000059604645,0.0
667,13.34,front_left_shoulder_to_arm,6,-0.6861440539360046,5.4164614994078875e-05,-0.6899999976158142,0.0,0.0,-0.30836907029151917,-0.30836907029151917,0.0,0.0,0.4000000059604645,0.0,0.0,0.0,0.4000000059604645,0.0,0.0,0.0,0.4000000059604645,0.0
667,13.34,front_left_arm_to_hand,10,1.5994867086410522,4.0241758370029856e-08,1.600000023841858,0.0,0.0,0.041065193712711334,0.041065193712711334,0.0,0.0,0.4000000059604645,0.0,0.0,0.0,0.4000000059604645,0.0,0.0,0.0,0.4000000059604645,0.0
668,13.36,base_to_front_left_shoulder,2,0.1058540940284729,6.4468940763617866e-06,0.10000000149011612,0.0,0.0,-0.46871548891067505,-0.46871548891067505,0.0,0.0,0.4000000059604645,0.0,0.0,0.0,0.4000000059604645,0.0,0.0,0.0,0.4000000059604645,0.0
668,13.36,front_left_shoulder_to_arm,6,-0.6862029433250427,5.275746661936864e-05,-0.6899999976158142,0.0,0.0,-0.3036360740661621,-0.3036360740661621,0.0,0.0,0.4000000059604645,0.0,0.0,0.0,0.4000000059604645,0.0,0.0,0.0,0.4000000059604645,0.0
668,13.36,front_left_arm_to_hand,10,1.5994867086410522,4.23006980554419e-08,1.600000023841858,0.0,0.0,0.04106520861387253,0.04106520861387253,0.0,0.0,0.4000000059604645,0.0,0.0,0.0,0.4000000059604645,0.0,0.0,0.0,0.4000000059604645,0.0
669,13.38,base_to_front_left_shoulder,2,0.10583464801311493,6.616241080337204e-06,0.10000000149011612,0.0,0.0,-0.4671648442745209,-0.4671648442745209,0.0,0.0,0.4000000059604645,0.0,0.0,0.0,0.4000000059604645,0.0,0.0,0.0,0.4000000059604645,0.0
669,13.38,front_left_shoulder_to_arm,6,-0.6861962676048279,5.415933992480859e-05,-0.6899999976158142,0.0,0.0,-0.3041919767856598,-0.3041919767856598,0.0,0.0,0.4000000059604645,0.0,0.0,0.0,0.4000000059604645,0.0,0.0,0.0,0.4000000059604645,0.0
669,13.38,front_left_arm_to_hand,10,1.5994867086410522,3.2178093078982783e-08,1.600000023841858,0.0,0.0,0.04106520116329193,0.04106520116329193,0.0,0.0,0.4000000059604645,0.0,0.0,0.0,0.4000000059604645,0.0,0.0,0.0,0.4000000059604645,0.0
670,13.4,base_to_front_left_shoulder,2,0.10585741698741913,4.96170196129242e-06,0.10000000149011612,0.0,0.0,-0.46560201048851013,-0.46560201048851013,0.0,0.0,0.4000000059604645,0.0,0.0,0.0,0.4000000059604645,0.0,0.0,0.0,0.4000000059604645,0.0
670,13.4,front_left_shoulder_to_arm,6,-0.686189591884613,4.021864879177883e-05,-0.6899999976158142,0.0,0.0,-0.3047260046005249,-0.3047260046005249,0.0,0.0,0.4000000059604645,0.0,0.0,0.0,0.4000000059604645,0.0,0.0,0.0,0.4000000059604645,0.0
670,13.4,front_left_arm_to_hand,10,1.5994867086410522,2.6044013168302627e-08,1.600000023841858,0.0,0.0,0.04106519743800163,0.04106519743800163,0.0,0.0,0.4000000059604645,0.0,0.0,0.0,0.4000000059604645,0.0,0.0,0.0,0.4000000059604645,0.0
671,13.42,base_to_front_left_shoulder,2,0.10583773255348206,6.620180101890583e-06,0.10000000149011612,0.0,0.0,-0.467416375875473,-0.467416375875473,0.0,0.0,0.4000000059604645,0.0,0.0,0.0,0.4000000059604645,0.0,0.0,0.0,0.4000000059604645,0.0
671,13.42,front_left_shoulder_to_arm,6,-0.6861829161643982,5.415335181169212e-05,-0.6899999976158142,0.0,0.0,-0.3052600622177124,-0.3052600622177124,0.0,0.0,0.4000000059604645,0.0,0.0,0.0,0.4000000059604645,0.0,0.0,0.0,0.4000000059604645,0.0
671,13.42,front_left_arm_to_hand,10,1.5994867086410522,3.5556116273482985e-08,1.600000023841858,0.0,0.0,0.04106519743800163,0.04106519743800163,0.0,0.0,0.4000000059604645,0.0,0.0,0.0,0.4000000059604645,0.0,0.0,0.0,0.4000000059604645,0.0
672,13.44,base_to_front_left_shoulder,2,0.10586022585630417,4.962862476531882e-06,0.10000000149011612,0.0,0.0,-0.46583446860313416,-0.46583446860313416,0.0,0.0,0.4000000059604645,0.0,0.0,0.0,0.4000000059604645,0.0,0.0,0.0,0.4000000059604645,0.0
672,13.44,front_left_shoulder_to_arm,6,-0.6861762404441833,4.025567614007741e-05,-0.6899999976158142,0.0,0.0,-0.3057941198348999,-0.3057941198348999,0.0,0.0,0.4000000059604645,0.0,0.0,0.0,0.4000000059604645,0.0,0.0,0.0,0.4000000059604645,0.0
672,13.44,front_left_arm_to_hand,10,1.5994867086410522,2.2520747933185703e-08,1.600000023841858,0.0,0.0,0.041065193712711334,0.041065193712711334,0.0,0.0,0.4000000059604645,0.0,0.0,0.0,0.4000000059604645,0.0,0.0,0.0,0.4000000059604645,0.0
673,13.46,base_to_front_left_shoulder,2,0.105840303003788,6.605118869629223e-06,0.10000000149011612,0.0,0.0,-0.46762678027153015,-0.46762678027153015,0.0,0.0,0.4000000059604645,0.0,0.0,0.0,0.4000000059604645,0.0,0.0,0.0,0.4000000059604645,0.0
673,13.46,front_left_shoulder_to_arm,6,-0.6861695647239685,5.4151467338670045e-05,-0.6899999976158142,0.0,0.0,-0.3063282072544098,-0.3063282072544098,0.0,0.0,0.4000000059604645,0.0,0.0,0.0,0.4000000059604645,0.0,0.0,0.0,0.4000000059604645,0.0
673,13.46,front_left_arm_to_hand,10,1.5994867086410522,3.146330129766284e-08,1.600000023841858,0.0,0.0,0.04106520488858223,0.04106520488858223,0.0,0.0,0.4000000059604645,0.0,0.0,0.0,0.4000000059604645,0.0,0.0,0.0,0.4000000059604645,0.0
674,13.48,base_to_front_left_shoulder,2,0.10586253553628922,4.958903446095064e-06,0.10000000149011612,0.0,0.0,-0.46602579951286316,-0.46602579951286316,0.0,0.0,0.4000000059604645,0.0,0.0,0.0,0.4000000059604645,0.0,0.0,0.0,0.4000000059604645,0.0
674,13.48,front_left_shoulder_to_arm,6,-0.6861628890037537,4.028796683996916e-05,-0.6899999976158142,0.0,0.0,-0.3068622648715973,-0.3068622648715973,0.0,0.0,0.4000000059604645,0.0,0.0,0.0,0.4000000059604645,0.0,0.0,0.0,0.4000000059604645,0.0
674,13.48,front_left_arm_to_hand,10,1.5994867086410522,1.8307567017927795e-08,1.600000023841858,0.0,0.0,0.04106519743800163,0.04106519743800163,0.0,0.0,0.4000000059604645,0.0,0.0,0.0,0.4000000059604645,0.0,0.0,0.0,0.4000000059604645,0.0
675,13.5,base_to_front_left_shoulder,2,0.10584237426519394,6.6162674556835555e-06,0.10000000149011612,0.0,0.0,-0.46779724955558777,-0.46779724955558777,0.0,0.0,0.4000000059604645,0.0,0.0,0.0,0.4000000059604645,0.0,0.0,0.0,0.4000000059604645,0.0
675,13.5,front_left_shoulder_to_arm,6,-0.6861562728881836,5.414757470134646e-05,-0.6899999976158142,0.0,0.0,-0.30739155411720276,-0.30739155411720276,0.0,0.0,0.4000000059604645,0.0,0.0,0.0,0.4000000059604645,0.0,0.0,0.0,0.4000000059604645,0.0
675,13.5,front_left_arm_to_hand,10,1.5994867086410522,3.185352426271493e-08,1.600000023841858,0.0,0.0,0.041065189987421036,0.041065189987421036,0.0,0.0,0.4000000059604645,0.0,0.0,0.0,0.4000000059604645,0.0,0.0,0.0,0.4000000059604645,0.0
676,13.52,base_to_front_left_shoulder,2,0.10586458444595337,-0.000241312722209841,0.10000000149011612,0.0,0.0,-0.4661789834499359,-0.4661789834499359,0.0,0.0,0.4000000059604645,0.0,0.0,0.0,0.4000000059604645,0.0,0.0,0.0,0.4000000059604645,0.0
676,13.52,front_left_shoulder_to_arm,6,-0.6862128376960754,-0.0019747628830373287,-0.6899999976158142,0.0,0.0,-0.30792561173439026,-0.30792561173439026,0.0,0.0,0.4000000059604645,0.0,0.0,0.0,0.4000000059604645,0.0,0.0,0.0,0.4000000059604645,0.0
676,13.52,front_left_arm_to_hand,10,1.5994867086410522,-1.4062907212064601e-06,1.600000023841858,0.0,0.0,0.041065189987421036,0.041065189987421036,0.0,0.0,0.4000000059604645,0.0,0.0,0.0,0.4000000059604645,0.0,0.0,0.0,0.4000000059604645,0.0
677,13.540000000000001,base_to_front_left_shoulder,2,0.10584517568349838,6.611511707887985e-06,0.10000000149011612,0.0,0.0,-0.46800288558006287,-0.46800288558006287,0.0,0.0,0.4000000059604645,0.0,0.0,0.0,0.4000000059604645,0.0,0.0,0.0,0.4000000059604645,0.0
677,13.540000000000001,front_left_shoulder_to_arm,6,-0.6862078905105591,5.4145064495969564e-05,-0.6899999976158142,0.0,0.0,-0.3032621145248413,-0.3032621145248413,0.0,0.0,0.4000000059604645,0.0,0.0,0.0,0.4000000059604645,0.0,0.0,0.0,0.4000000059604645,0.0
677,13.540000000000001,front_left_arm_to_hand,10,1.5994867086410522,2.8361849757629898e-08,1.600000023841858,0.0,0.0,0.04106519743800163,0.04106519743800163,0.0,0.0,0.4000000059604645,0.0,0.0,0.0,0.4000000059604645,0.0,0.0,0.0,0.4000000059604645,0.0
678,13.56,base_to_front_left_shoulder,2,0.10582581907510757,6.606068382097874e-06,0.10000000149011612,0.0,0.0,-0.46645674109458923,-0.46645674109458923,0.0,0.0,0.4000000059604645,0.0,0.0,0.0,0.4000000059604645,0.0,0.0,0.0,0.4000000059604645,0.0
678,13.56,front_left_shoulder_to_arm,6,-0.6862012147903442,5.413857434177771e-05,-0.6899999976158142,0.0,0.0,-0.3037961721420288,-0.3037961721420288,0.0,0.0,0.4000000059604645,0.0,0.0,0.0,0.4000000059604645,0.0,0.0,0.0,0.4000000059604645,0.0
678,13.56,front_left_arm_to_hand,10,1.5994867086410522,1.746076705444466e-08,1.600000023841858,0.0,0.0,0.041065193712711334,0.041065193712711334,0.0,0.0,0.4000000059604645,0.0,0.0,0.0,0.4000000059604645,0.0,0.0,0.0,0.4000000059604645,0.0
679,13.58,base_to_front_left_shoulder,2,0.10584861040115356,6.616558493988123e-06,0.10000000149011612,0.0,0.0,-0.46828240156173706,-0.46828240156173706,0.0,0.0,0.4000000059604645,0.0,0.0,0.0,0.4000000059604645,0.0,0.0,0.0,0.4000000059604645,0.0
679,13.58,front_left_shoulder_to_arm,6,-0.6861945390701294,5.415233317762613e-05,-0.6899999976158142,0.0,0.0,-0.304330050945282,-0.304330050945282,0.0,0.0,0.4000000059604645,0.0,0.0,0.0,0.4000000059604645,0.0,0.0,0.0,0.4000000059604645,0.0
679,13.58,front_left_arm_to_hand,10,1.5994867086410522,5.412364245671597e-08,1.600000023841858,0.0,0.0,0.04106520116329193,0.04106520116329193,0.0,0.0,0.4000000059604645,0.0,0.0,0.0,0.4000000059604645,0.0,0.0,0.0,0.4000000059604645,0.0
680,13.6,base_to_front_left_shoulder,2,0.10582901537418365,6.625060450460296e-06,0.10000000149011612,0.0,0.0,-0.4667172133922577,-0.4667172133922577,0.0,0.0,0.4000000059604645,0.0,0.0,0.0,0.4000000059604645,0.0,0.0,0.0,0.4000000059604645,0.0
680,13.6,front_left_shoulder_to_arm,6,-0.6861878633499146,5.4152005759533495e-05,-0.6899999976158142,0.0,0.0,-0.3048642873764038,-0.3048642873764038,0.0,0.0,0.4000000059604645,0.0,0.0,0.0,0.4000000059604645,0.0,0.0,0.0,0.4000000059604645,0.0
680,13.6,front_left_arm_to_hand,10,1.5994867086410522,4.2450427173434946e-08,1.600000023841858,0.0,0.0,0.04106519743800163,0.04106519743800163,0.0,0.0,0.4000000059604645,0.0,0.0,0.0,0.4000000059604645,0.0,0.0,0.0,0.4000000059604645,0.0
681,13.620000000000001,base_to_front_left_shoulder,2,0.10585151612758636,6.613775440200698e-06,0.10000000149011612,0.0,0.0,-0.4685196280479431,-0.4685196280479431,0.0,0.0,0.4000000059604645,0.0,0.0,0.0,0.4000000059604645,0.0,0.0,0.0,0.4000000059604645,0.0
681,13.620000000000001,front_left_shoulder_to_arm,6,-0.6861811876296997,5.414697079686448e-05,-0.6899999976158142,0.0,0.0,-0.30539819598197937,-0.30539819598197937,0.0,0.0,0.4000000059604645,0.0,0.0,0.0,0.4000000059604645,0.0,0.0,0.0,0.4000000059604645,0.0
681,13.620000000000001,front_left_arm_to_hand,10,1.5994867086410522,3.853202912296183e-08,1.600000023841858,0.0,0.0,0.04106519743800163,0.04106519743800163,0.0,0.0,0.4000000059604645,0.0,0.0,0.0,0.4000000059604645,0.0,0.0,0.0,0.4000000059604645,0.0
682,13.64,base_to_front_left_shoulder,2,0.10583168268203735,6.615935490117408e-06,0.10000000149011612,0.0,0.0,-0.4669353663921356,-0.4669353663921356,0.0,0.0,0.4000000059604645,0.0,0.0,0.0,0.4000000059604645,0.0,0.0,0.0,0.4000000059604645,0.0
682,13.64,front_left_shoulder_to_arm,6,-0.6861745119094849,5.414484621724114e-05,-0.6899999976158142,0.0,0.0,-0.3059324324131012,-0.3059324324131012,0.0,0.0,0.4000000059604645,0.0,0.0,0.0,0.4000000059604645,0.0,0.0,0.0,0.4000000059604645,0.0
682,13.64,front_left_arm_to_hand,10,1.5994867086410522,3.5708119128230464e-08,1.600000023841858,0.0,0.0,0.041065193712711334,0.041065193712711334,0.0,0.0,0.4000000059604645,0.0,0.0,0.0,0.4000000059604645,0.0,0.0,0.0,0.4000000059604645,0.0
683,13.66,base_to_front_left_shoulder,2,0.1058540940284729,6.5747399276006036e-06,0.10000000149011612,0.0,0.0,-0.4687298536300659,-0.4687298536300659,0.0,0.0,0.4000000059604645,0.0,0.0,0.0,0.4000000059604645,0.0,0.0,0.0,0.4000000059604645,0.0
683,13.66,front_left_shoulder_to_arm,6,-0.6861678957939148,5.379954382078722e-05,-0.6899999976158142,0.0,0.0,-0.30645951628685,-0.30645951628685,0.0,0.0,0.4000000059604645,0.0,0.0,0.0,0.4000000059604645,0.0,0.0,0.0,0.4000000059604645,0.0
683,13.66,front_left_arm_to_hand,10,1.5994867086410522,3.382189106559963e-08,1.600000023841858,0.0,0.0,0.04106520861387253,0.04106520861387253,0.0,0.0,0.4000000059604645,0.0,0.0,0.0,0.4000000059604645,0.0,0.0,0.0,0.4000000059604645,0.0
684,13.68,base_to_front_left_shoulder,2,0.10583402216434479,6.6169159254059196e-06,0.10000000149011612,0.0,0.0,-0.4671272933483124,-0.4671272933483124,0.0,0.0,0.4000000059604645,0.0,0.0,0.0,0.4000000059604645,0.0,0.0,0.0,0.4000000059604645,0.0
684,13.68,front_left_shoulder_to_arm,6,-0.6861612200737,5.4165364417713135e-05,-0.6899999976158142,0.0,0.0,-0.30699577927589417,-0.30699577927589417,0.0,0.0,0.4000000059604645,0.0,0.0,0.0,0.4000000059604645,0.0,0.0,0.0,0.4000000059604645,0.0
684,13.68,front_left_arm_to_hand,10,1.5994867086410522,3.1058725369348394e-08,1.600000023841858,0.0,0.0,0.04106519743800163,0.04106519743800163,0.0,0.0,0.4000000059604645,0.0,0.0,0.0,0.4000000059604645,0.0,0.0,0.0,0.4000000059604645,0.0
685,13.700000000000001,base_to_front_left_shoulder,2,0.10585618019104004,6.576980922545772e-06,0.10000000149011612,0.0,0.0,-0.46890148520469666,-0.46890148520469666,0.0,0.0,0.4000000059604645,0.0,0.0,0.0,0.4000000059604645,0.0,0.0,0.0,0.4000000059604645,0.0
685,13.700000000000001,front_left_shoulder_to_arm,6,-0.6861546039581299,5.3806332289241254e-05,-0.6899999976158142,0.0,0.0,-0.30752286314964294,-0.30752286314964294,0.0,0.0,0.4000000059604645,0.0,0.0,0.0,0.4000000059604645,0.0,0.0,0.0,0.4000000059604645,0.0
685,13.700000000000001,front_left_arm_to_hand,10,1.5994867086410522,2.9392751343948476e-08,1.600000023841858,0.0,0.0,0.04106520861387253,0.04106520861387253,0.0,0.0,0.4000000059604645,0.0,0.0,0.0,0.4000000059604645,0.0,0.0,0.0,0.4000000059604645,0.0
686,13.72,base_to_front_left_shoulder,2,0.10583589971065521,6.62204092805041e-06,0.10000000149011612,0.0,0.0,-0.46728166937828064,-0.46728166937828064,0.0,0.0,0.4000000059604645,0.0,0.0,0.0,0.4000000059604645,0.0,0.0,0.0,0.4000000059604645,0.0
686,13.72,front_left_shoulder_to_arm,6,-0.686147928237915,5.41678091394715e-05,-0.6899999976158142,0.0,0.0,-0.30805912613868713,-0.30805912613868713,0.0,0.0,0.4000000059604645,0.0,0.0,0.0,0.4000000059604645,0.0,0.0,0.0,0.4000000059604645,0.0
686,13.72,front_left_arm_to_hand,10,1.5994867086410522,3.8681978509202963e-08,1.600000023841858,0.0,0.0,0.04106519743800163,0.04106519743800163,0.0,0.0,0.4000000059604645,0.0,0.0,0.0,0.4000000059604645,0.0,0.0,0.0,0.4000000059604645,0.0
687,13.74,base_to_front_left_shoulder,2,0.10585815459489822,1.1010993716809025e-07,0.10000000149011612,0.0,0.0,-0.4689302444458008,-0.4689302444458008,0.0,0.0,0.4000000059604645,0.0,0.0,0.0,0.4000000059604645,0.0,0.0,0.0,0.4000000059604645,0.0
687,13.74,front_left_shoulder_to_arm,6,-0.6862066388130188,1.0602968814055203e-06,-0.6899999976158142,0.0,0.0,-0.3024805784225464,-0.3024805784225464,0.0,0.0,0.4000000059604645,0.0,0.0,0.0,0.4000000059604645,0.0,0.0,0.0,0.4000000059604645,0.0
687,13.74,front_left_arm_to_hand,10,1.5994867086410522,-1.648803982234881e-09,1.600000023841858,0.0,0.0,0.04106592386960983,0.04106592386960983,0.0,0.0,0.4000000059604645,0.0,0.0,0.0,0.4000000059604645,0.0,0.0,0.0,0.4000000059604645,0.0
688,13.76,base_to_front_left_shoulder,2,0.10583876818418503,6.615533493459225e-06,0.10000000149011612,0.0,0.0,-0.4674932658672333,-0.4674932658672333,0.0,0.0,0.4000000059604645,0.0,0.0,0.0,0.4000000059604645,0.0,0.0,0.0,0.4000000059604645,0.0
688,13.76,front_left_shoulder_to_arm,6,-0.6862000226974487,5.4118718253448606e-05,-0.6899999976158142,0.0,0.0,-0.30389153957366943,-0.30389153957366943,0.0,0.0,0.4000000059604645,0.0,0.0,0.0,0.4000000059604645,0.0,0.0,0.0,0.4000000059604645,0.0
688,13.76,front_left_arm_to_hand,10,1.5994867086410522,4.0212114527093945e-08,1.600000023841858,0.0,0.0,0.04106519743800163,0.04106519743800163,0.0,0.0,0.4000000059604645,0.0,0.0,0.0,0.4000000059604645,0.0,0.0,0.0,0.4000000059604645,0.0
689,13.780000000000001,base_to_front_left_shoulder,2,0.10581926256418228,6.614242010982707e-06,0.10000000149011612,0.0,0.0,-0.46593520045280457,-0.46593520045280457,0.0,0.0,0.4000000059604645,0.0,0.0,0.0,0.4000000059604645,0.0,0.0,0.0,0.4000000059604645,0.0
689,13.780000000000001,front_left_shoulder_to_arm,6,-0.6861933469772339,5.4148091294337064e-05,-0.6899999976158142,0.0,0.0,-0.30442559719085693,-0.30442559719085693,0.0,0.0,0.4000000059604645,0.0,0.0,0.0,0.4000000059604645,0.0,0.0,0.0,0.4000000059604645,0.0
689,13.780000000000001,front_left_arm_to_hand,10,1.5994867086410522,4.430516398201689e-08,1.600000023841858,0.0,0.0,0.041065193712711334,0.041065193712711334,0.0,0.0,0.4000000059604645,0.0,0.0,0.0,0.4000000059604645,0.0,0.0,0.0,0.4000000059604645,0.0
690,13.8,base_to_front_left_shoulder,2,0.1058419868350029,6.606629540328868e-06,0.10000000149011612,0.0,0.0,-0.467755526304245,-0.467755526304245,0.0,0.0,0.4000000059604645,0.0,0.0,0.0,0.4000000059604645,0.0,0.0,0.0,0.4000000059604645,0.0
690,13.8,front_left_shoulder_to_arm,6,-0.686186671257019,5.4148651543073356e-05,-0.6899999976158142,0.0,0.0,-0.30495965480804443,-0.30495965480804443,0.0,0.0,0.4000000059604645,0.0,0.0,0.0,0.4000000059604645,0.0,0.0,0.0,0.4000000059604645,0.0
690,13.8,front_left_arm_to_hand,10,1.5994867086410522,3.683193483539071e-08,1.600000023841858,0.0,0.0,0.041065189987421036,0.041065189987421036,0.0,0.0,0.4000000059604645,0.0,0.0,0.0,0.4000000059604645,0.0,0.0,0.0,0.4000000059604645,0.0
691,13.82,base_to_front_left_shoulder,2,0.10582224279642105,6.630036295973696e-06,0.10000000149011612,0.0,0.0,-0.46617838740348816,-0.46617838740348816,0.0,0.0,0.4000000059604645,0.0,0.0,0.0,0.4000000059604645,0.0,0.0,0.0,0.4000000059604645,0.0
691,13.82,front_left_shoulder_to_arm,6,-0.6861799955368042,5.4154545068740845e-05,-0.6899999976158142,0.0,0.0,-0.30549371242523193,-0.30549371242523193,0.0,0.0,0.4000000059604645,0.0,0.0,0.0,0.4000000059604645,0.0,0.0,0.0,0.4000000059604645,0.0
691,13.82,front_left_arm_to_hand,10,1.5994867086410522,4.808247666687748e-08,1.600000023841858,0.0,0.0,0.04106519743800163,0.04106519743800163,0.0,0.0,0.4000000059604645,0.0,0.0,0.0,0.4000000059604645,0.0,0.0,0.0,0.4000000059604645,0.0
692,13.84,base_to_front_left_shoulder,2,0.10584469139575958,6.61830654280493e-06,0.10000000149011612,0.0,0.0,-0.4679766595363617,-0.4679766595363617,0.0,0.0,0.4000000059604645,0.0,0.0,0.0,0.4000000059604645,0.0,0.0,0.0,0.4000000059604645,0.0
692,13.84,front_left_shoulder_to_arm,6,-0.6861733198165894,5.415229679783806e-05,-0.6899999976158142,0.0,0.0,-0.3060277998447418,-0.3060277998447418,0.0,0.0,0.4000000059604645,0.0,0.0,0.0,0.4000000059604645,0.0,0.0,0.0,0.4000000059604645,0.0
692,13.84,front_left_arm_to_hand,10,1.5994867086410522,3.590592356772504e-08,1.600000023841858,0.0,0.0,0.04106519743800163,0.04106519743800163,0.0,0.0,0.4000000059604645,0.0,0.0,0.0,0.4000000059604645,0.0,0.0,0.0,0.4000000059604645,0.0
693,13.86,base_to_front_left_shoulder,2,0.10582472383975983,6.616453902097419e-06,0.10000000149011612,0.0,0.0,-0.4663810431957245,-0.4663810431957245,0.0,0.0,0.4000000059604645,0.0,0.0,0.0,0.4000000059604645,0.0,0.0,0.0,0.4000000059604645,0.0
693,13.86,front_left_shoulder_to_arm,6,-0.6861666440963745,5.414008774096146e-05,-0.6899999976158142,0.0,0.0,-0.30656182765960693,-0.30656182765960693,0.0,0.0,0.4000000059604645,0.0,0.0,0.0,0.4000000059604645,0.0,0.0,0.0,0.4000000059604645,0.0
693,13.86,front_left_arm_to_hand,10,1.5994867086410522,3.5655869368156345e-08,1.600000023841858,0.0,0.0,0.04106520116329193,0.04106520116329193,0.0,0.0,0.4000000059604645,0.0,0.0,0.0,0.4000000059604645,0.0,0.0,0.0,0.4000000059604645,0.0
694,13.88,base_to_front_left_shoulder,2,0.10584693402051926,6.604525879083667e-06,0.10000000149011612,0.0,0.0,-0.4681602418422699,-0.4681602418422699,0.0,0.0,0.4000000059604645,0.0,0.0,0.0,0.4000000059604645,0.0,0.0,0.0,0.4000000059604645,0.0
694,13.88,front_left_shoulder_to_arm,6,-0.6861600279808044,5.415910709416494e-05,-0.6899999976158142,0.0,0.0,-0.3070911169052124,-0.3070911169052124,0.0,0.0,0.4000000059604645,0.0,0.0,0.0,0.4000000059604645,0.0,0.0,0.0,0.4000000059604645,0.0
694,13.88,front_left_arm_to_hand,10,1.5994867086410522,4.5944709370360215e-08,1.600000023841858,0.0,0.0,0.041065193712711334,0.041065193712711334,0.0,0.0,0.4000000059604645,0.0,0.0,0.0,0.4000000059604645,0.0,0.0,0.0,0.4000000059604645,0.0
695,13.9,base_to_front_left_shoulder,2,0.10582674294710159,6.613231562369037e-06,0.10000000149011612,0.0,0.0,-0.4665473401546478,-0.4665473401546478,0.0,0.0,0.4000000059604645,0.0,0.0,0.0,0.4000000059604645,0.0,0.0,0.0,0.4000000059604645,0.0
695,13.9,front_left_shoulder_to_arm,6,-0.6861533522605896,5.417198553914204e-05,-0.6899999976158142,0.0,0.0,-0.3076252043247223,-0.3076252043247223,0.0,0.0,0.4000000059604645,0.0,0.0,0.0,0.4000000059604645,0.0,0.0,0.0,0.4000000059604645,0.0
695,13.9,front_left_arm_to_hand,10,1.5994867086410522,3.9919427763379645e-08,1.600000023841858,0.0,0.0,0.04106520116329193,0.04106520116329193,0.0,0.0,0.4000000059604645,0.0,0.0,0.0,0.4000000059604645,0.0,0.0,0.0,0.4000000059604645,0.0
696,13.92,base_to_front_left_shoulder,2,0.10584869235754013,6.610624950553756e-06,0.10000000149011612,0.0,0.0,-0.46830567717552185,-0.46830567717552185,0.0,0.0,0.4000000059604645,0.0,0.0,0.0,0.4000000059604645,0.0,0.0,0.0,0.4000000059604645,0.0
696,13.92,front_left_shoulder_to_arm,6,-0.6861467361450195,5.4155607358552516e-05,-0.6899999976158142,0.0,0.0,-0.30815449357032776,-0.30815449357032776,0.0,0.0,0.4000000059604645,0.0,0.0,0.0,0.4000000059604645,0.0,0.0,0.0,0.4000000059604645,0.0
696,13.92,front_left_arm_to_hand,10,1.5994867086410522,4.46455779012922e-08,1.600000023841858,0.0,0.0,0.04106520116329193,0.04106520116329193,0.0,0.0,0.4000000059604645,0.0,0.0,0.0,0.4000000059604645,0.0,0.0,0.0,0.4000000059604645,0.0
697,13.94,base_to_front_left_shoulder,2,0.10582824796438217,6.6249785959371366e-06,0.10000000149011612,0.0,0.0,-0.4666731059551239,-0.4666731059551239,0.0,0.0,0.4000000059604645,0.0,0.0,0.0,0.4000000059604645,0.0,0.0,0.0,0.4000000059604645,0.0
697,13.94,front_left_shoulder_to_arm,6,-0.6861400604248047,5.416589556261897e-05,-0.6899999976158142,0.0,0.0,-0.30868855118751526,-0.30868855118751526,0.0,0.0,0.4000000059604645,0.0,0.0,0.0,0.4000000059604645,0.0,0.0,0.0,0.4000000059604645,0.0
697,13.94,front_left_arm_to_hand,10,1.5994867086410522,2.303167079276136e-08,1.600000023841858,0.0,0.0,0.04106520116329193,0.04106520116329193,0.0,0.0,0.4000000059604645,0.0,0.0,0.0,0.4000000059604645,0.0,0.0,0.0,0.4000000059604645,0.0
698,13.96,base_to_front_left_shoulder,2,0.10585086792707443,6.612874130951241e-06,0.10000000149011612,0.0,0.0,-0.4684617519378662,-0.4684617519378662,0.0,0.0,0.4000000059604645,0.0,0.0,0.0,0.4000000059604645,0.0,0.0,0.0,0.4000000059604645,0.0
698,13.96,front_left_shoulder_to_arm,6,-0.6861990094184875,5.411608435679227e-05,-0.6899999976158142,0.0,0.0,-0.30397191643714905,-0.30397191643714905,0.0,0.0,0.4000000059604645,0.0,0.0,0.0,0.4000000059604645,0.0,0.0,0.0,0.4000000059604645,0.0
698,13.96,front_left_arm_to_hand,10,1.5994867086410522,3.052527830504914e-08,1.600000023841858,0.0,0.0,0.04106519743800163,0.04106519743800163,0.0,0.0,0.4000000059604645,0.0,0.0,0.0,0.4000000059604645,0.0,0.0,0.0,0.4000000059604645,0.0
699,13.98,base_to_front_left_shoulder,2,0.1058313325047493,6.61737794871442e-06,0.10000000149011612,0.0,0.0,-0.46690139174461365,-0.46690139174461365,0.0,0.0,0.4000000059604645,0.0,0.0,0.0,0.4000000059604645,0.0,0.0,0.0,0.4000000059604645,0.0
699,13.98,front_left_shoulder_to_arm,6,-0.6861923336982727,5.4149917559698224e-05,-0.6899999976158142,0.0,0.0,-0.30450665950775146,-0.30450665950775146,0.0,0.0,0.4000000059604645,0.0,0.0,0.0,0.4000000059604645,0.0,0.0,0.0,0.4000000059604645,0.0
699,13.98,front_left_arm_to_hand,10,1.5994867086410522,3.058236686115379e-08,1.600000023841858,0.0,0.0,0.041065193712711334,0.041065193712711334,0.0,0.0,0.4000000059604645,0.0,0.0,0.0,0.4000000059604645,0.0,0.0,0.0,0.4000000059604645,0.0
700,14.0,base_to_front_left_shoulder,2,0.10585399717092514,6.581895831914153e-06,0.10000000149011612,0.0,0.0,-0.4687155485153198,-0.4687155485153198,0.0,0.0,0.4000000059604645,0.0,0.0,0.0,0.4000000059604645,0.0,0.0,0.0,0.4000000059604645,0.0
700,14.0,front_left_shoulder_to_arm,6,-0.6861856579780579,5.377915658755228e-05,-0.6899999976158142,0.0,0.0,-0.30503377318382263,-0.30503377318382263,0.0,0.0,0.4000000059604645,0.0,0.0,0.0,0.4000000059604645,0.0,0.0,0.0,0.4000000059604645,0.0
700,14.0,front_left_arm_to_hand,10,1.5994867086410522,4.791230168166294e-08,1.600000023841858,0.0,0.0,0.04106519743800163,0.04106519743800163,0.0,0.0,0.4000000059604645,0.0,0.0,0.0,0.4000000059604645,0.0,0.0,0.0,0.4000000059604645,0.0
701,14.02,base_to_front_left_shoulder,2,0.10583425313234329,6.606856004509609e-06,0.10000000149011612,0.0,0.0,-0.46713921427726746,-0.46713921427726746,0.0,0.0,0.4000000059604645,0.0,0.0,0.0,0.4000000059604645,0.0,0.0,0.0,0.4000000059604645,0.0
701,14.02,front_left_shoulder_to_arm,6,-0.686178982257843,5.414234328782186e-05,-0.6899999976158142,0.0,0.0,-0.30557480454444885,-0.30557480454444885,0.0,0.0,0.4000000059604645,0.0,0.0,0.0,0.4000000059604645,0.0,0.0,0.0,0.4000000059604645,0.0
701,14.02,front_left_arm_to_hand,10,1.5994867086410522,3.709769913484706e-08,1.600000023841858,0.0,0.0,0.041065193712711334,0.041065193712711334,0.0,0.0,0.4000000059604645,0.0,0.0,0.0,0.4000000059604645,0.0,0.0,0.0,0.4000000059604645,0.0
702,14.040000000000001,base_to_front_left_shoulder,2,0.10585664212703705,6.562473572557792e-06,0.10000000149011612,0.0,0.0,-0.4689319133758545,-0.4689319133758545,0.0,0.0,0.4000000059604645,0.0,0.0,0.0,0.4000000059604645,0.0,0.0,0.0,0.4000000059604645,0.0
702,14.040000000000001,front_left_shoulder_to_arm,6,-0.6861723065376282,5.3788506193086505e-05,-0.6899999976158142,0.0,0.0,-0.30610191822052,-0.30610191822052,0.0,0.0,0.4000000059604645,0.0,0.0,0.0,0.4000000059604645,0.0,0.0,0.0,0.4000000059604645,0.0
702,14.040000000000001,front_left_arm_to_hand,10,1.5994867086410522,3.244585045081294e-08,1.600000023841858,0.0,0.0,0.041065193712711334,0.041065193712711334,0.0,0.0,0.4000000059604645,0.0,0.0,0.0,0.4000000059604645,0.0,0.0,0.0,0.4000000059604645,0.0
703,14.06,base_to_front_left_shoulder,2,0.1058366596698761,6.610100172110833e-06,0.10000000149011612,0.0,0.0,-0.467336505651474,-0.467336505651474,0.0,0.0,0.4000000059604645,0.0,0.0,0.0,0.4000000059604645,0.0,0.0,0.0,0.4000000059604645,0.0
703,14.06,front_left_shoulder_to_arm,6,-0.6861656308174133,5.416738713392988e-05,-0.6899999976158142,0.0,0.0,-0.30664291977882385,-0.30664291977882385,0.0,0.0,0.4000000059604645,0.0,0.0,0.0,0.4000000059604645,0.0,0.0,0.0,0.4000000059604645,0.0
703,14.06,front_left_arm_to_hand,10,1.5994867086410522,3.245493829240331e-08,1.600000023841858,0.0,0.0,0.04106520116329193,0.04106520116329193,0.0,0.0,0.4000000059604645,0.0,0.0,0.0,0.4000000059604645,0.0,0.0,0.0,0.4000000059604645,0.0
704,14.08,base_to_front_left_shoulder,2,0.10585879534482956,6.565256626345217e-06,0.10000000149011612,0.0,0.0,-0.469108909368515,-0.469108909368515,0.0,0.0,0.4000000059604645,0.0,0.0,0.0,0.4000000059604645,0.0,0.0,0.0,0.4000000059604645,0.0
704,14.08,front_left_shoulder_to_arm,6,-0.6861590147018433,5.379319918574765e-05,-0.6899999976158142,0.0,0.0,-0.307170033454895,-0.307170033454895,0.0,0.0,0.4000000059604645,0.0,0.0,0.0,0.4000000059604645,0.0,0.0,0.0,0.4000000059604645,0.0
704,14.08,front_left_arm_to_hand,10,1.5994867086410522,3.624393585255348e-08,1.600000023841858,0.0,0.0,0.041065193712711334,0.041065193712711334,0.0,0.0,0.4000000059604645,0.0,0.0,0.0,0.4000000059604645,0.0,0.0,0.0,0.4000000059604645,0.0
705,14.1,base_to_front_left_shoulder,2,0.10583857446908951,6.6053089540218934e-06,0.10000000149011612,0.0,0.0,-0.4674944579601288,-0.4674944579601288,0.0,0.0,0.4000000059604645,0.0,0.0,0.0,0.4000000059604645,0.0,0.0,0.0,0.4000000059604645,0.0
705,14.1,front_left_shoulder_to_arm,6,-0.6861523389816284,5.415850318968296e-05,-0.6899999976158142,0.0,0.0,-0.3077062666416168,-0.3077062666416168,0.0,0.0,0.4000000059604645,0.0,0.0,0.0,0.4000000059604645,0.0,0.0,0.0,0.4000000059604645,0.0
705,14.1,front_left_arm_to_hand,10,1.5994867086410522,3.2986228859499533e-08,1.600000023841858,0.0,0.0,0.041065189987421036,0.041065189987421036,0.0,0.0,0.4000000059604645,0.0,0.0,0.0,0.4000000059604645,0.0,0.0,0.0,0.4000000059604645,0.0
706,14.120000000000001,base_to_front_left_shoulder,2,0.10586079210042953,1.3010077282160637e-07,0.10000000149011612,0.0,0.0,-0.4691399335861206,-0.4691399335861206,0.0,0.0,0.4000000059604645,0.0,0.0,0.0,0.4000000059604645,0.0,0.0,0.0,0.4000000059604645,0.0
706,14.120000000000001,front_left_shoulder_to_arm,6,-0.6862106323242188,1.2386666412567138e-06,-0.6899999976158142,0.0,0.0,-0.3021600842475891,-0.3021600842475891,0.0,0.0,0.4000000059604645,0.0,0.0,0.0,0.4000000059604645,0.0,0.0,0.0,0.4000000059604645,0.0
706,14.120000000000001,front_left_arm_to_hand,10,1.5994867086410522,-8.557109687501452e-09,1.600000023841858,0.0,0.0,0.04106592759490013,0.04106592759490013,0.0,0.0,0.4000000059604645,0.0,0.0,0.0,0.4000000059604645,0.0,0.0,0.0,0.4000000059604645,0.0
707,14.14,base_to_front_left_shoulder,2,0.10584146529436111,6.6111842897953466e-06,0.10000000149011612,0.0,0.0,-0.4677078425884247,-0.4677078425884247,0.0,0.0,0.4000000059604645,0.0,0.0,0.0,0.4000000059604645,0.0,0.0,0.0,0.4000000059604645,0.0
707,14.14,front_left_shoulder_to_arm,6,-0.6862040162086487,5.414566840045154e-05,-0.6899999976158142,0.0,0.0,-0.3035720884799957,-0.3035720884799957,0.0,0.0,0.4000000059604645,0.0,0.0,0.0,0.4000000059604645,0.0,0.0,0.0,0.4000000059604645,0.0
707,14.14,front_left_arm_to_hand,10,1.5994867086410522,3.7962394117130316e-08,1.600000023841858,0.0,0.0,0.041065193712711334,0.041065193712711334,0.0,0.0,0.4000000059604645,0.0,0.0,0.0,0.4000000059604645,0.0,0.0,0.0,0.4000000059604645,0.0
708,14.16,base_to_front_left_shoulder,2,0.10582201927900314,6.624499292229302e-06,0.10000000149011612,0.0,0.0,-0.466154545545578,-0.466154545545578,0.0,0.0,0.4000000059604645,0.0,0.0,0.0,0.4000000059604645,0.0,0.0,0.0,0.4000000059604645,0.0
708,14.16,front_left_shoulder_to_arm,6,-0.6861973404884338,5.4144700698088855e-05,-0.6899999976158142,0.0,0.0,-0.30410611629486084,-0.30410611629486084,0.0,0.0,0.4000000059604645,0.0,0.0,0.0,0.4000000059604645,0.0,0.0,0.0,0.4000000059604645,0.0
708,14.16,front_left_arm_to_hand,10,1.5994867086410522,2.4579687618597745e-08,1.600000023841858,0.0,0.0,0.04106519743800163,0.04106519743800163,0.0,0.0,0.4000000059604645,0.0,0.0,0.0,0.4000000059604645,0.0,0.0,0.0,0.4000000059604645,0.0
709,14.18,base_to_front_left_shoulder,2,0.10584470629692078,6.619508894800674e-06,0.10000000149011612,0.0,0.0,-0.4679712951183319,-0.4679712951183319,0.0,0.0,0.4000000059604645,0.0,0.0,0.0,0.4000000059604645,0.0,0.0,0.0,0.4000000059604645,0.0
709,14.18,front_left_shoulder_to_arm,6,-0.686190664768219,5.4164578614290804e-05,-0.6899999976158142,0.0,0.0,-0.30464017391204834,-0.30464017391204834,0.0,0.0,0.4000000059604645,0.0,0.0,0.0,0.4000000059604645,0.0,0.0,0.0,0.4000000059604645,0.0
709,14.18,front_left_arm_to_hand,10,1.5994867086410522,2.7721835493821345e-08,1.600000023841858,0.0,0.0,0.041065189987421036,0.041065189987421036,0.0,0.0,0.4000000059604645,0.0,0.0,0.0,0.4000000059604645,0.0,0.0,0.0,0.4000000059604645,0.0
710,14.200000000000001,base_to_front_left_shoulder,2,0.10582505166530609,6.611807293666061e-06,0.10000000149011612,0.0,0.0,-0.4664013087749481,-0.4664013087749481,0.0,0.0,0.4000000059604645,0.0,0.0,0.0,0.4000000059604645,0.0,0.0,0.0,0.4000000059604645,0.0
710,14.200000000000001,front_left_shoulder_to_arm,6,-0.6861839890480042,5.416695785243064e-05,-0.6899999976158142,0.0,0.0,-0.3051742613315582,-0.3051742613315582,0.0,0.0,0.4000000059604645,0.0,0.0,0.0,0.4000000059604645,0.0,0.0,0.0,0.4000000059604645,0.0
710,14.200000000000001,front_left_arm_to_hand,10,1.5994867086410522,4.263887021238588e-08,1.600000023841858,0.0,0.0,0.04106519743800163,0.04106519743800163,0.0,0.0,0.4000000059604645,0.0,0.0,0.0,0.4000000059604645,0.0,0.0,0.0,0.4000000059604645,0.0
711,14.22,base_to_front_left_shoulder,2,0.10584764182567596,6.612197466893122e-06,0.10000000149011612,0.0,0.0,-0.4682108759880066,-0.4682108759880066,0.0,0.0,0.4000000059604645,0.0,0.0,0.0,0.4000000059604645,0.0,0.0,0.0,0.4000000059604645,0.0
711,14.22,front_left_shoulder_to_arm,6,-0.6861773133277893,5.412686005001888e-05,-0.6899999976158142,0.0,0.0,-0.3057081401348114,-0.3057081401348114,0.0,0.0,0.4000000059604645,0.0,0.0,0.0,0.4000000059604645,0.0,0.0,0.0,0.4000000059604645,0.0
711,14.22,front_left_arm_to_hand,10,1.5994867086410522,4.3022563289696336e-08,1.600000023841858,0.0,0.0,0.04106519743800163,0.04106519743800163,0.0,0.0,0.4000000059604645,0.0,0.0,0.0,0.4000000059604645,0.0,0.0,0.0,0.4000000059604645,0.0
712,14.24,base_to_front_left_shoulder,2,0.10582774877548218,6.605003363802098e-06,0.10000000149011612,0.0,0.0,-0.46662184596061707,-0.46662184596061707,0.0,0.0,0.4000000059604645,0.0,0.0,0.0,0.4000000059604645,0.0,0.0,0.0,0.4000000059604645,0.0
712,14.24,front_left_shoulder_to_arm,6,-0.6861706376075745,5.416140629677102e-05,-0.6899999976158142,0.0,0.0,-0.3062423765659332,-0.3062423765659332,0.0,0.0,0.4000000059604645,0.0,0.0,0.0,0.4000000059604645,0.0,0.0,0.0,0.4000000059604645,0.0
712,14.24,front_left_arm_to_hand,10,1.5994867086410522,3.025308359383416e-08,1.600000023841858,0.0,0.0,0.04106519743800163,0.04106519743800163,0.0,0.0,0.4000000059604645,0.0,0.0,0.0,0.4000000059604645,0.0,0.0,0.0,0.4000000059604645,0.0
713,14.26,base_to_front_left_shoulder,2,0.10585007071495056,6.5994972828775644e-06,0.10000000149011612,0.0,0.0,-0.4684099555015564,-0.4684099555015564,0.0,0.0,0.4000000059604645,0.0,0.0,0.0,0.4000000059604645,0.0,0.0,0.0,0.4000000059604645,0.0
713,14.26,front_left_shoulder_to_arm,6,-0.6861640214920044,5.413981125457212e-05,-0.6899999976158142,0.0,0.0,-0.306771457195282,-0.306771457195282,0.0,0.0,0.4000000059604645,0.0,0.0,0.0,0.4000000059604645,0.0,0.0,0.0,0.4000000059604645,0.0
713,14.26,front_left_arm_to_hand,10,1.5994867086410522,3.6949927562091034e-08,1.600000023841858,0.0,0.0,0.04106520488858223,0.04106520488858223,0.0,0.0,0.4000000059604645,0.0,0.0,0.0,0.4000000059604645,0.0,0.0,0.0,0.4000000059604645,0.0
714,14.280000000000001,base_to_front_left_shoulder,2,0.10582993924617767,6.618999577767681e-06,0.10000000149011612,0.0,0.0,-0.46680185198783875,-0.46680185198783875,0.0,0.0,0.4000000059604645,0.0,0.0,0.0,0.4000000059604645,0.0,0.0,0.0,0.4000000059604645,0.0
714,14.280000000000001,front_left_shoulder_to_arm,6,-0.6861573457717896,5.414912448031828e-05,-0.6899999976158142,0.0,0.0,-0.3073057234287262,-0.3073057234287262,0.0,0.0,0.4000000059604645,0.0,0.0,0.0,0.4000000059604645,0.0,0.0,0.0,0.4000000059604645,0.0
714,14.280000000000001,front_left_arm_to_hand,10,1.5994867086410522,3.9376644167532504e-08,1.600000023841858,0.0,0.0,0.04106519743800163,0.04106519743800163,0.0,0.0,0.4000000059604645,0.0,0.0,0.0,0.4000000059604645,0.0,0.0,0.0,0.4000000059604645,0.0
715,14.3,base_to_front_left_shoulder,2,0.10585201531648636,6.60566638543969e-06,0.10000000149011612,0.0,0.0,-0.4685702919960022,-0.4685702919960022,0.0,0.0,0.4000000059604645,0.0,0.0,0.0,0.4000000059604645,0.0,0.0,0.0,0.4000000059604645,0.0
715,14.3,front_left_shoulder_to_arm,6,-0.6861507296562195,5.416032945504412e-05,-0.6899999976158142,0.0,0.0,-0.30783480405807495,-0.30783480405807495,0.0,0.0,0.4000000059604645,0.0,0.0,0.0,0.4000000059604645,0.0,0.0,0.0,0.4000000059604645,0.0
715,14.3,front_left_arm_to_hand,10,1.5994867086410522,3.632132461461879e-08,1.600000023841858,0.0,0.0,0.041065193712711334,0.041065193712711334,0.0,0.0,0.4000000059604645,0.0,0.0,0.0,0.4000000059604645,0.0,0.0,0.0,0.4000000059604645,0.0
716,14.32,base_to_front_left_shoulder,2,0.10583164542913437,6.612174729525577e-06,0.10000000149011612,0.0,0.0,-0.4669431149959564,-0.4669431149959564,0.0,0.0,0.4000000059604645,0.0,0.0,0.0,0.4000000059604645,0.0,0.0,0.0,0.4000000059604645,0.0
716,14.32,front_left_shoulder_to_arm,6,-0.6861440539360046,5.4164614994078875e-05,-0.6899999976158142,0.0,0.0,-0.30836907029151917,-0.30836907029151917,0.0,0.0,0.4000000059604645,0.0,0.0,0.0,0.4000000059604645,0.0,0.0,0.0,0.4000000059604645,0.0
716,14.32,front_left_arm_to_hand,10,1.5994867086410522,4.0241758370029856e-08,1.600000023841858,0.0,0.0,0.041065193712711334,0.041065193712711334,0.0,0.0,0.4000000059604645,0.0,0.0,0.0,0.4000000059604645,0.0,0.0,0.0,0.4000000059604645,0.0
717,14.34,base_to_front_left_shoulder,2,0.1058540940284729,6.4468940763617866e-06,0.10000000149011612,0.0,0.0,-0.46871548891067505,-0.46871548891067505,0.0,0.0,0.4000000059604645,0.0,0.0,0.0,0.4000000059604645,0.0,0.0,0.0,0.4000000059604645,0.0
717,14.34,front_left_shoulder_to_arm,6,-0.6862029433250427,5.275746661936864e-05,-0.6899999976158142,0.0,0.0,-0.3036360740661621,-0.3036360740661621,0.0,0.0,0.4000000059604645,0.0,0.0,0.0,0.4000000059604645,0.0,0.0,0.0,0.4000000059604645,0.0
717,14.34,front_left_arm_to_hand,10,1.5994867086410522,4.23006980554419e-08,1.600000023841858,0.0,0.0,0.04106520861387253,0.04106520861387253,0.0,0.0,0.4000000059604645,0.0,0.0,0.0,0.4000000059604645,0.0,0.0,0.0,0.4000000059604645,0.0
718,14.36,base_to_front_left_shoulder,2,0.10583464801311493,6.616241080337204e-06,0.10000000149011612,0.0,0.0,-0.4671648442745209,-0.4671648442745209,0.0,0.0,0.4000000059604645,0.0,0.0,0.0,0.4000000059604645,0.0,0.0,0.0,0.4000000059604645,0.0
718,14.36,front_left_shoulder_to_arm,6,-0.6861962676048279,5.415933992480859e-05,-0.6899999976158142,0.0,0.0,-0.3041919767856598,-0.3041919767856598,0.0,0.0,0.4000000059604645,0.0,0.0,0.0,0.4000000059604645,0.0,0.0,0.0,0.4000000059604645,0.0
718,14.36,front_left_arm_to_hand,10,1.5994867086410522,3.2178093078982783e-08,1.600000023841858,0.0,0.0,0.04106520116329193,0.04106520116329193,0.0,0.0,0.4000000059604645,0.0,0.0,0.0,0.4000000059604645,0.0,0.0,0.0,0.4000000059604645,0.0
719,14.38,base_to_front_left_shoulder,2,0.10585741698741913,4.96170196129242e-06,0.10000000149011612,0.0,0.0,-0.46560201048851013,-0.46560201048851013,0.0,0.0,0.4000000059604645,0.0,0.0,0.0,0.4000000059604645,0.0,0.0,0.0,0.4000000059604645,0.0
719,14.38,front_left_shoulder_to_arm,6,-0.686189591884613,4.021864879177883e-05,-0.6899999976158142,0.0,0.0,-0.3047260046005249,-0.3047260046005249,0.0,0.0,0.4000000059604645,0.0,0.0,0.0,0.4000000059604645,0.0,0.0,0.0,0.4000000059604645,0.0
719,14.38,front_left_arm_to_hand,10,1.5994867086410522,2.6044013168302627e-08,1.600000023841858,0.0,0.0,0.04106519743800163,0.04106519743800163,0.0,0.0,0.4000000059604645,0.0,0.0,0.0,0.4000000059604645,0.0,0.0,0.0,0.4000000059604645,0.0
720,14.4,base_to_front_left_shoulder,2,0.10583773255348206,6.620180101890583e-06,0.10000000149011612,0.0,0.0,-0.467416375875473,-0.467416375875473,0.0,0.0,0.4000000059604645,0.0,0.0,0.0,0.4000000059604645,0.0,0.0,0.0,0.4000000059604645,0.0
720,14.4,front_left_shoulder_to_arm,6,-0.6861829161643982,5.415335181169212e-05,-0.6899999976158142,0.0,0.0,-0.3052600622177124,-0.3052600622177124,0.0,0.0,0.4000000059604645,0.0,0.0,0.0,0.4000000059604645,0.0,0.0,0.0,0.4000000059604645,0.0
720,14.4,front_left_arm_to_hand,10,1.5994867086410522,3.5556116273482985e-08,1.600000023841858,0.0,0.0,0.04106519743800163,0.04106519743800163,0.0,0.0,0.4000000059604645,0.0,0.0,0.0,0.4000000059604645,0.0,0.0,0.0,0.4000000059604645,0.0
721,14.42,base_to_front_left_shoulder,2,0.10586022585630417,4.962862476531882e-06,0.10000000149011612,0.0,0.0,-0.46583446860313416,-0.46583446860313416,0.0,0.0,0.4000000059604645,0.0,0.0,0.0,0.4000000059604645,0.0,0.0,0.0,0.4000000059604645,0.0
721,14.42,front_left_shoulder_to_arm,6,-0.6861762404441833,4.025567614007741e-05,-0.6899999976158142,0.0,0.0,-0.3057941198348999,-0.3057941198348999,0.0,0.0,0.4000000059604645,0.0,0.0,0.0,0.4000000059604645,0.0,0.0,0.0,0.4000000059604645,0.0
721,14.42,front_left_arm_to_hand,10,1.5994867086410522,2.2520747933185703e-08,1.600000023841858,0.0,0.0,0.041065193712711334,0.041065193712711334,0.0,0.0,0.4000000059604645,0.0,0.0,0.0,0.4000000059604645,0.0,0.0,0.0,0.4000000059604645,0.0
722,14.44,base_to_front_left_shoulder,2,0.105840303003788,6.605118869629223e-06,0.10000000149011612,0.0,0.0,-0.46762678027153015,-0.46762678027153015,0.0,0.0,0.4000000059604645,0.0,0.0,0.0,0.4000000059604645,0.0,0.0,0.0,0.4000000059604645,0.0
722,14.44,front_left_shoulder_to_arm,6,-0.6861695647239685,5.4151467338670045e-05,-0.6899999976158142,0.0,0.0,-0.3063282072544098,-0.3063282072544098,0.0,0.0,0.4000000059604645,0.0,0.0,0.0,0.4000000059604645,0.0,0.0,0.0,0.4000000059604645,0.0
722,14.44,front_left_arm_to_hand,10,1.5994867086410522,3.146330129766284e-08,1.600000023841858,0.0,0.0,0.04106520488858223,0.04106520488858223,0.0,0.0,0.4000000059604645,0.0,0.0,0.0,0.4000000059604645,0.0,0.0,0.0,0.4000000059604645,0.0
723,14.46,base_to_front_left_shoulder,2,0.10586253553628922,4.958903446095064e-06,0.10000000149011612,0.0,0.0,-0.46602579951286316,-0.46602579951286316,0.0,0.0,0.4000000059604645,0.0,0.0,0.0,0.4000000059604645,0.0,0.0,0.0,0.4000000059604645,0.0
723,14.46,front_left_shoulder_to_arm,6,-0.6861628890037537,4.028796683996916e-05,-0.6899999976158142,0.0,0.0,-0.3068622648715973,-0.3068622648715973,0.0,0.0,0.4000000059604645,0.0,0.0,0.0,0.4000000059604645,0.0,0.0,0.0,0.4000000059604645,0.0
723,14.46,front_left_arm_to_hand,10,1.5994867086410522,1.8307567017927795e-08,1.600000023841858,0.0,0.0,0.04106519743800163,0.04106519743800163,0.0,0.0,0.4000000059604645,0.0,0.0,0.0,0.4000000059604645,0.0,0.0,0.0,0.4000000059604645,0.0
724,14.48,base_to_front_left_shoulder,2,0.10584237426519394,6.6162674556835555e-06,0.10000000149011612,0.0,0.0,-0.46779724955558777,-0.46779724955558777,0.0,0.0,0.4000000059604645,0.0,0.0,0.0,0.4000000059604645,0.0,0.0,0.0,0.4000000059604645,0.0
724,14.48,front_left_shoulder_to_arm,6,-0.6861562728881836,5.414757470134646e-05,-0.6899999976158142,0.0,0.0,-0.30739155411720276,-0.30739155411720276,0.0,0.0,0.4000000059604645,0.0,0.0,0.0,0.4000000059604645,0.0,0.0,0.0,0.4000000059604645,0.0
724,14.48,front_left_arm_to_hand,10,1.5994867086410522,3.185352426271493e-08,1.600000023841858,0.0,0.0,0.041065189987421036,0.041065189987421036,0.0,0.0,0.4000000059604645,0.0,0.0,0.0,0.4000000059604645,0.0,0.0,0.0,0.4000000059604645,0.0
725,14.5,base_to_front_left_shoulder,2,0.10586458444595337,-0.000241312722209841,0.10000000149011612,0.0,0.0,-0.4661789834499359,-0.4661789834499359,0.0,0.0,0.4000000059604645,0.0,0.0,0.0,0.4000000059604645,0.0,0.0,0.0,0.4000000059604645,0.0
725,14.5,front_left_shoulder_to_arm,6,-0.6862128376960754,-0.0019747628830373287,-0.6899999976158142,0.0,0.0,-0.30792561173439026,-0.30792561173439026,0.0,0.0,0.4000000059604645,0.0,0.0,0.0,0.4000000059604645,0.0,0.0,0.0,0.4000000059604645,0.0
725,14.5,front_left_arm_to_hand,10,1.5994867086410522,-1.4062907212064601e-06,1.600000023841858,0.0,0.0,0.041065189987421036,0.041065189987421036,0.0,0.0,0.4000000059604645,0.0,0.0,0.0,0.4000000059604645,0.0,0.0,0.0,0.4000000059604645,0.0
726,14.52,base_to_front_left_shoulder,2,0.10584517568349838,6.611511707887985e-06,0.10000000149011612,0.0,0.0,-0.46800288558006287,-0.46800288558006287,0.0,0.0,0.4000000059604645,0.0,0.0,0.0,0.4000000059604645,0.0,0.0,0.0,0.4000000059604645,0.0
726,14.52,front_left_shoulder_to_arm,6,-0.6862078905105591,5.4145064495969564e-05,-0.6899999976158142,0.0,0.0,-0.3032621145248413,-0.3032621145248413,0.0,0.0,0.4000000059604645,0.0,0.0,0.0,0.4000000059604645,0.0,0.0,0.0,0.4000000059604645,0.0
726,14.52,front_left_arm_to_hand,10,1.5994867086410522,2.8361849757629898e-08,1.600000023841858,0.0,0.0,0.04106519743800163,0.04106519743800163,0.0,0.0,0.4000000059604645,0.0,0.0,0.0,0.4000000059604645,0.0,0.0,0.0,0.4000000059604645,0.0
727,14.540000000000001,base_to_front_left_shoulder,2,0.10582581907510757,6.606068382097874e-06,0.10000000149011612,0.0,0.0,-0.46645674109458923,-0.46645674109458923,0.0,0.0,0.4000000059604645,0.0,0.0,0.0,0.4000000059604645,0.0,0.0,0.0,0.4000000059604645,0.0
727,14.540000000000001,front_left_shoulder_to_arm,6,-0.6862012147903442,5.413857434177771e-05,-0.6899999976158142,0.0,0.0,-0.3037961721420288,-0.3037961721420288,0.0,0.0,0.4000000059604645,0.0,0.0,0.0,0.4000000059604645,0.0,0.0,0.0,0.4000000059604645,0.0
727,14.540000000000001,front_left_arm_to_hand,10,1.5994867086410522,1.746076705444466e-08,1.600000023841858,0.0,0.0,0.041065193712711334,0.041065193712711334,0.0,0.0,0.4000000059604645,0.0,0.0,0.0,0.4000000059604645,0.0,0.0,0.0,0.4000000059604645,0.0
728,14.56,base_to_front_left_shoulder,2,0.10584861040115356,6.616558493988123e-06,0.10000000149011612,0.0,0.0,-0.46828240156173706,-0.46828240156173706,0.0,0.0,0.4000000059604645,0.0,0.0,0.0,0.4000000059604645,0.0,0.0,0.0,0.4000000059604645,0.0
728,14.56,front_left_shoulder_to_arm,6,-0.6861945390701294,5.415233317762613e-05,-0.6899999976158142,0.0,0.0,-0.304330050945282,-0.304330050945282,0.0,0.0,0.4000000059604645,0.0,0.0,0.0,0.4000000059604645,0.0,0.0,0.0,0.4000000059604645,0.0
728,14.56,front_left_arm_to_hand,10,1.5994867086410522,5.412364245671597e-08,1.600000023841858,0.0,0.0,0.04106520116329193,0.04106520116329193,0.0,0.0,0.4000000059604645,0.0,0.0,0.0,0.4000000059604645,0.0,0.0,0.0,0.4000000059604645,0.0
729,14.58,base_to_front_left_shoulder,2,0.10582901537418365,6.625060450460296e-06,0.10000000149011612,0.0,0.0,-0.4667172133922577,-0.4667172133922577,0.0,0.0,0.4000000059604645,0.0,0.0,0.0,0.4000000059604645,0.0,0.0,0.0,0.4000000059604645,0.0
729,14.58,front_left_shoulder_to_arm,6,-0.6861878633499146,5.4152005759533495e-05,-0.6899999976158142,0.0,0.0,-0.3048642873764038,-0.3048642873764038,0.0,0.0,0.4000000059604645,0.0,0.0,0.0,0.4000000059604645,0.0,0.0,0.0,0.4000000059604645,0.0
729,14.58,front_left_arm_to_hand,10,1.5994867086410522,4.2450427173434946e-08,1.600000023841858,0.0,0.0,0.04106519743800163,0.04106519743800163,0.0,0.0,0.4000000059604645,0.0,0.0,0.0,0.4000000059604645,0.0,0.0,0.0,0.4000000059604645,0.0
730,14.6,base_to_front_left_shoulder,2,0.10585151612758636,6.613775440200698e-06,0.10000000149011612,0.0,0.0,-0.4685196280479431,-0.4685196280479431,0.0,0.0,0.4000000059604645,0.0,0.0,0.0,0.4000000059604645,0.0,0.0,0.0,0.4000000059604645,0.0
730,14.6,front_left_shoulder_to_arm,6,-0.6861811876296997,5.414697079686448e-05,-0.6899999976158142,0.0,0.0,-0.30539819598197937,-0.30539819598197937,0.0,0.0,0.4000000059604645,0.0,0.0,0.0,0.4000000059604645,0.0,0.0,0.0,0.4000000059604645,0.0
730,14.6,front_left_arm_to_hand,10,1.5994867086410522,3.853202912296183e-08,1.600000023841858,0.0,0.0,0.04106519743800163,0.04106519743800163,0.0,0.0,0.4000000059604645,0.0,0.0,0.0,0.4000000059604645,0.0,0.0,0.0,0.4000000059604645,0.0
731,14.620000000000001,base_to_front_left_shoulder,2,0.10583168268203735,6.615935490117408e-06,0.10000000149011612,0.0,0.0,-0.4669353663921356,-0.4669353663921356,0.0,0.0,0.4000000059604645,0.0,0.0,0.0,0.4000000059604645,0.0,0.0,0.0,0.4000000059604645,0.0
731,14.620000000000001,front_left_shoulder_to_arm,6,-0.6861745119094849,5.414484621724114e-05,-0.6899999976158142,0.0,0.0,-0.3059324324131012,-0.3059324324131012,0.0,0.0,0.4000000059604645,0.0,0.0,0.0,0.4000000059604645,0.0,0.0,0.0,0.4000000059604645,0.0
731,14.620000000000001,front_left_arm_to_hand,10,1.5994867086410522,3.5708119128230464e-08,1.600000023841858,0.0,0.0,0.041065193712711334,0.041065193712711334,0.0,0.0,0.4000000059604645,0.0,0.0,0.0,0.4000000059604645,0.0,0.0,0.0,0.4000000059604645,0.0
732,14.64,base_to_front_left_shoulder,2,0.1058540940284729,6.5747399276006036e-06,0.10000000149011612,0.0,0.0,-0.4687298536300659,-0.4687298536300659,0.0,0.0,0.4000000059604645,0.0,0.0,0.0,0.4000000059604645,0.0,0.0,0.0,0.4000000059604645,0.0
732,14.64,front_left_shoulder_to_arm,6,-0.6861678957939148,5.379954382078722e-05,-0.6899999976158142,0.0,0.0,-0.30645951628685,-0.30645951628685,0.0,0.0,0.4000000059604645,0.0,0.0,0.0,0.4000000059604645,0.0,0.0,0.0,0.4000000059604645,0.0
732,14.64,front_left_arm_to_hand,10,1.5994867086410522,3.382189106559963e-08,1.600000023841858,0.0,0.0,0.04106520861387253,0.04106520861387253,0.0,0.0,0.4000000059604645,0.0,0.0,0.0,0.4000000059604645,0.0,0.0,0.0,0.4000000059604645,0.0
733,14.66,base_to_front_left_shoulder,2,0.10583402216434479,6.6169159254059196e-06,0.10000000149011612,0.0,0.0,-0.4671272933483124,-0.4671272933483124,0.0,0.0,0.4000000059604645,0.0,0.0,0.0,0.4000000059604645,0.0,0.0,0.0,0.4000000059604645,0.0
733,14.66,front_left_shoulder_to_arm,6,-0.6861612200737,5.4165364417713135e-05,-0.6899999976158142,0.0,0.0,-0.30699577927589417,-0.30699577927589417,0.0,0.0,0.4000000059604645,0.0,0.0,0.0,0.4000000059604645,0.0,0.0,0.0,0.4000000059604645,0.0
733,14.66,front_left_arm_to_hand,10,1.5994867086410522,3.1058725369348394e-08,1.600000023841858,0.0,0.0,0.04106519743800163,0.04106519743800163,0.0,0.0,0.4000000059604645,0.0,0.0,0.0,0.4000000059604645,0.0,0.0,0.0,0.4000000059604645,0.0
734,14.68,base_to_front_left_shoulder,2,0.10585618019104004,6.576980922545772e-06,0.10000000149011612,0.0,0.0,-0.46890148520469666,-0.46890148520469666,0.0,0.0,0.4000000059604645,0.0,0.0,0.0,0.4000000059604645,0.0,0.0,0.0,0.4000000059604645,0.0
734,14.68,front_left_shoulder_to_arm,6,-0.6861546039581299,5.3806332289241254e-05,-0.6899999976158142,0.0,0.0,-0.30752286314964294,-0.30752286314964294,0.0,0.0,0.4000000059604645,0.0,0.0,0.0,0.4000000059604645,0.0,0.0,0.0,0.4000000059604645,0.0
734,14.68,front_left_arm_to_hand,10,1.5994867086410522,2.9392751343948476e-08,1.600000023841858,0.0,0.0,0.04106520861387253,0.04106520861387253,0.0,0.0,0.4000000059604645,0.0,0.0,0.0,0.4000000059604645,0.0,0.0,0.0,0.4000000059604645,0.0
735,14.700000000000001,base_to_front_left_shoulder,2,0.10583589971065521,6.62204092805041e-06,0.10000000149011612,0.0,0.0,-0.46728166937828064,-0.46728166937828064,0.0,0.0,0.4000000059604645,0.0,0.0,0.0,0.4000000059604645,0.0,0.0,0.0,0.4000000059604645,0.0
735,14.700000000000001,front_left_shoulder_to_arm,6,-0.686147928237915,5.41678091394715e-05,-0.6899999976158142,0.0,0.0,-0.30805912613868713,-0.30805912613868713,0.0,0.0,0.4000000059604645,0.0,0.0,0.0,0.4000000059604645,0.0,0.0,0.0,0.4000000059604645,0.0
735,14.700000000000001,front_left_arm_to_hand,10,1.5994867086410522,3.8681978509202963e-08,1.600000023841858,0.0,0.0,0.04106519743800163,0.04106519743800163,0.0,0.0,0.4000000059604645,0.0,0.0,0.0,0.4000000059604645,0.0,0.0,0.0,0.4000000059604645,0.0
736,14.72,base_to_front_left_shoulder,2,0.10585815459489822,1.1010993716809025e-07,0.10000000149011612,0.0,0.0,-0.4689302444458008,-0.4689302444458008,0.0,0.0,0.4000000059604645,0.0,0.0,0.0,0.4000000059604645,0.0,0.0,0.0,0.4000000059604645,0.0
736,14.72,front_left_shoulder_to_arm,6,-0.6862066388130188,1.0602968814055203e-06,-0.6899999976158142,0.0,0.0,-0.3024805784225464,-0.3024805784225464,0.0,0.0,0.4000000059604645,0.0,0.0,0.0,0.4000000059604645,0.0,0.0,0.0,0.4000000059604645,0.0
736,14.72,front_left_arm_to_hand,10,1.5994867086410522,-1.648803982234881e-09,1.600000023841858,0.0,0.0,0.04106592386960983,0.04106592386960983,0.0,0.0,0.4000000059604645,0.0,0.0,0.0,0.4000000059604645,0.0,0.0,0.0,0.4000000059604645,0.0
737,14.74,base_to_front_left_shoulder,2,0.10583876818418503,6.615533493459225e-06,0.10000000149011612,0.0,0.0,-0.4674932658672333,-0.4674932658672333,0.0,0.0,0.4000000059604645,0.0,0.0,0.0,0.4000000059604645,0.0,0.0,0.0,0.4000000059604645,0.0
737,14.74,front_left_shoulder_to_arm,6,-0.6862000226974487,5.4118718253448606e-05,-0.6899999976158142,0.0,0.0,-0.30389153957366943,-0.30389153957366943,0.0,0.0,0.4000000059604645,0.0,0.0,0.0,0.4000000059604645,0.0,0.0,0.0,0.4000000059604645,0.0
737,14.74,front_left_arm_to_hand,10,1.5994867086410522,4.0212114527093945e-08,1.600000023841858,0.0,0.0,0.04106519743800163,0.04106519743800163,0.0,0.0,0.4000000059604645,0.0,0.0,0.0,0.4000000059604645,0.0,0.0,0.0,0.4000000059604645,0.0
738,14.76,base_to_front_left_shoulder,2,0.10581926256418228,6.614242010982707e-06,0.10000000149011612,0.0,0.0,-0.46593520045280457,-0.46593520045280457,0.0,0.0,0.4000000059604645,0.0,0.0,0.0,0.4000000059604645,0.0,0.0,0.0,0.4000000059604645,0.0
738,14.76,front_left_shoulder_to_arm,6,-0.6861933469772339,5.4148091294337064e-05,-0.6899999976158142,0.0,0.0,-0.30442559719085693,-0.30442559719085693,0.0,0.0,0.4000000059604645,0.0,0.0,0.0,0.4000000059604645,0.0,0.0,0.0,0.4000000059604645,0.0
738,14.76,front_left_arm_to_hand,10,1.5994867086410522,4.430516398201689e-08,1.600000023841858,0.0,0.0,0.041065193712711334,0.041065193712711334,0.0,0.0,0.4000000059604645,0.0,0.0,0.0,0.4000000059604645,0.0,0.0,0.0,0.4000000059604645,0.0
739,14.780000000000001,base_to_front_left_shoulder,2,0.1058419868350029,6.606629540328868e-06,0.10000000149011612,0.0,0.0,-0.467755526304245,-0.467755526304245,0.0,0.0,0.4000000059604645,0.0,0.0,0.0,0.4000000059604645,0.0,0.0,0.0,0.4000000059604645,0.0
739,14.780000000000001,front_left_shoulder_to_arm,6,-0.686186671257019,5.4148651543073356e-05,-0.6899999976158142,0.0,0.0,-0.30495965480804443,-0.30495965480804443,0.0,0.0,0.4000000059604645,0.0,0.0,0.0,0.4000000059604645,0.0,0.0,0.0,0.4000000059604645,0.0
739,14.780000000000001,front_left_arm_to_hand,10,1.5994867086410522,3.683193483539071e-08,1.600000023841858,0.0,0.0,0.041065189987421036,0.041065189987421036,0.0,0.0,0.4000000059604645,0.0,0.0,0.0,0.4000000059604645,0.0,0.0,0.0,0.4000000059604645,0.0
740,14.8,base_to_front_left_shoulder,2,0.10582224279642105,6.630036295973696e-06,0.10000000149011612,0.0,0.0,-0.46617838740348816,-0.46617838740348816,0.0,0.0,0.4000000059604645,0.0,0.0,0.0,0.4000000059604645,0.0,0.0,0.0,0.4000000059604645,0.0
740,14.8,front_left_shoulder_to_arm,6,-0.6861799955368042,5.4154545068740845e-05,-0.6899999976158142,0.0,0.0,-0.30549371242523193,-0.30549371242523193,0.0,0.0,0.4000000059604645,0.0,0.0,0.0,0.4000000059604645,0.0,0.0,0.0,0.4000000059604645,0.0
740,14.8,front_left_arm_to_hand,10,1.5994867086410522,4.808247666687748e-08,1.600000023841858,0.0,0.0,0.04106519743800163,0.04106519743800163,0.0,0.0,0.4000000059604645,0.0,0.0,0.0,0.4000000059604645,0.0,0.0,0.0,0.4000000059604645,0.0
741,14.82,base_to_front_left_shoulder,2,0.10584469139575958,6.61830654280493e-06,0.10000000149011612,0.0,0.0,-0.4679766595363617,-0.4679766595363617,0.0,0.0,0.4000000059604645,0.0,0.0,0.0,0.4000000059604645,0.0,0.0,0.0,0.4000000059604645,0.0
741,14.82,front_left_shoulder_to_arm,6,-0.6861733198165894,5.415229679783806e-05,-0.6899999976158142,0.0,0.0,-0.3060277998447418,-0.3060277998447418,0.0,0.0,0.4000000059604645,0.0,0.0,0.0,0.4000000059604645,0.0,0.0,0.0,0.4000000059604645,0.0
741,14.82,front_left_arm_to_hand,10,1.5994867086410522,3.590592356772504e-08,1.600000023841858,0.0,0.0,0.04106519743800163,0.04106519743800163,0.0,0.0,0.4000000059604645,0.0,0.0,0.0,0.4000000059604645,0.0,0.0,0.0,0.4000000059604645,0.0
742,14.84,base_to_front_left_shoulder,2,0.10582472383975983,6.616453902097419e-06,0.10000000149011612,0.0,0.0,-0.4663810431957245,-0.4663810431957245,0.0,0.0,0.4000000059604645,0.0,0.0,0.0,0.4000000059604645,0.0,0.0,0.0,0.4000000059604645,0.0
742,14.84,front_left_shoulder_to_arm,6,-0.6861666440963745,5.414008774096146e-05,-0.6899999976158142,0.0,0.0,-0.30656182765960693,-0.30656182765960693,0.0,0.0,0.4000000059604645,0.0,0.0,0.0,0.4000000059604645,0.0,0.0,0.0,0.4000000059604645,0.0
742,14.84,front_left_arm_to_hand,10,1.5994867086410522,3.5655869368156345e-08,1.600000023841858,0.0,0.0,0.04106520116329193,0.04106520116329193,0.0,0.0,0.4000000059604645,0.0,0.0,0.0,0.4000000059604645,0.0,0.0,0.0,0.4000000059604645,0.0
743,14.86,base_to_front_left_shoulder,2,0.10584693402051926,6.604525879083667e-06,0.10000000149011612,0.0,0.0,-0.4681602418422699,-0.4681602418422699,0.0,0.0,0.4000000059604645,0.0,0.0,0.0,0.4000000059604645,0.0,0.0,0.0,0.4000000059604645,0.0
743,14.86,front_left_shoulder_to_arm,6,-0.6861600279808044,5.415910709416494e-05,-0.6899999976158142,0.0,0.0,-0.3070911169052124,-0.3070911169052124,0.0,0.0,0.4000000059604645,0.0,0.0,0.0,0.4000000059604645,0.0,0.0,0.0,0.4000000059604645,0.0
743,14.86,front_left_arm_to_hand,10,1.5994867086410522,4.5944709370360215e-08,1.600000023841858,0.0,0.0,0.041065193712711334,0.041065193712711334,0.0,0.0,0.4000000059604645,0.0,0.0,0.0,0.4000000059604645,0.0,0.0,0.0,0.4000000059604645,0.0
744,14.88,base_to_front_left_shoulder,2,0.10582674294710159,6.613231562369037e-06,0.10000000149011612,0.0,0.0,-0.4665473401546478,-0.4665473401546478,0.0,0.0,0.4000000059604645,0.0,0.0,0.0,0.4000000059604645,0.0,0.0,0.0,0.4000000059604645,0.0
744,14.88,front_left_shoulder_to_arm,6,-0.6861533522605896,5.417198553914204e-05,-0.6899999976158142,0.0,0.0,-0.3076252043247223,-0.3076252043247223,0.0,0.0,0.4000000059604645,0.0,0.0,0.0,0.4000000059604645,0.0,0.0,0.0,0.4000000059604645,0.0
744,14.88,front_left_arm_to_hand,10,1.5994867086410522,3.9919427763379645e-08,1.600000023841858,0.0,0.0,0.04106520116329193,0.04106520116329193,0.0,0.0,0.4000000059604645,0.0,0.0,0.0,0.4000000059604645,0.0,0.0,0.0,0.4000000059604645,0.0
745,14.9,base_to_front_left_shoulder,2,0.10584869235754013,6.610624950553756e-06,0.10000000149011612,0.0,0.0,-0.46830567717552185,-0.46830567717552185,0.0,0.0,0.4000000059604645,0.0,0.0,0.0,0.4000000059604645,0.0,0.0,0.0,0.4000000059604645,0.0
745,14.9,front_left_shoulder_to_arm,6,-0.6861467361450195,5.4155607358552516e-05,-0.6899999976158142,0.0,0.0,-0.30815449357032776,-0.30815449357032776,0.0,0.0,0.4000000059604645,0.0,0.0,0.0,0.4000000059604645,0.0,0.0,0.0,0.4000000059604645,0.0
745,14.9,front_left_arm_to_hand,10,1.5994867086410522,4.46455779012922e-08,1.600000023841858,0.0,0.0,0.04106520116329193,0.04106520116329193,0.0,0.0,0.4000000059604645,0.0,0.0,0.0,0.4000000059604645,0.0,0.0,0.0,0.4000000059604645,0.0
746,14.92,base_to_front_left_shoulder,2,0.10582824796438217,6.6249785959371366e-06,0.10000000149011612,0.0,0.0,-0.4666731059551239,-0.4666731059551239,0.0,0.0,0.4000000059604645,0.0,0.0,0.0,0.4000000059604645,0.0,0.0,0.0,0.4000000059604645,0.0
746,14.92,front_left_shoulder_to_arm,6,-0.6861400604248047,5.416589556261897e-05,-0.6899999976158142,0.0,0.0,-0.30868855118751526,-0.30868855118751526,0.0,0.0,0.4000000059604645,0.0,0.0,0.0,0.4000000059604645,0.0,0.0,0.0,0.4000000059604645,0.0
746,14.92,front_left_arm_to_hand,10,1.5994867086410522,2.303167079276136e-08,1.600000023841858,0.0,0.0,0.04106520116329193,0.04106520116329193,0.0,0.0,0.4000000059604645,0.0,0.0,0.0,0.4000000059604645,0.0,0.0,0.0,0.4000000059604645,0.0
747,14.94,base_to_front_left_shoulder,2,0.10585086792707443,6.612874130951241e-06,0.10000000149011612,0.0,0.0,-0.4684617519378662,-0.4684617519378662,0.0,0.0,0.4000000059604645,0.0,0.0,0.0,0.4000000059604645,0.0,0.0,0.0,0.4000000059604645,0.0
747,14.94,front_left_shoulder_to_arm,6,-0.6861990094184875,5.411608435679227e-05,-0.6899999976158142,0.0,0.0,-0.30397191643714905,-0.30397191643714905,0.0,0.0,0.4000000059604645,0.0,0.0,0.0,0.4000000059604645,0.0,0.0,0.0,0.4000000059604645,0.0
747,14.94,front_left_arm_to_hand,10,1.5994867086410522,3.052527830504914e-08,1.600000023841858,0.0,0.0,0.04106519743800163,0.04106519743800163,0.0,0.0,0.4000000059604645,0.0,0.0,0.0,0.4000000059604645,0.0,0.0,0.0,0.4000000059604645,0.0
748,14.96,base_to_front_left_shoulder,2,0.1058313325047493,6.61737794871442e-06,0.10000000149011612,0.0,0.0,-0.46690139174461365,-0.46690139174461365,0.0,0.0,0.4000000059604645,0.0,0.0,0.0,0.4000000059604645,0.0,0.0,0.0,0.4000000059604645,0.0
748,14.96,front_left_shoulder_to_arm,6,-0.6861923336982727,5.4149917559698224e-05,-0.6899999976158142,0.0,0.0,-0.30450665950775146,-0.30450665950775146,0.0,0.0,0.4000000059604645,0.0,0.0,0.0,0.4000000059604645,0.0,0.0,0.0,0.4000000059604645,0.0
748,14.96,front_left_arm_to_hand,10,1.5994867086410522,3.058236686115379e-08,1.600000023841858,0.0,0.0,0.041065193712711334,0.041065193712711334,0.0,0.0,0.4000000059604645,0.0,0.0,0.0,0.4000000059604645,0.0,0.0,0.0,0.4000000059604645,0.0
749,14.98,base_to_front_left_shoulder,2,0.10585399717092514,6.581895831914153e-06,0.10000000149011612,0.0,0.0,-0.4687155485153198,-0.4687155485153198,0.0,0.0,0.4000000059604645,0.0,0.0,0.0,0.4000000059604645,0.0,0.0,0.0,0.4000000059604645,0.0
749,14.98,front_left_shoulder_to_arm,6,-0.6861856579780579,5.377915658755228e-05,-0.6899999976158142,0.0,0.0,-0.30503377318382263,-0.30503377318382263,0.0,0.0,0.4000000059604645,0.0,0.0,0.0,0.4000000059604645,0.0,0.0,0.0,0.4000000059604645,0.0
749,14.98,front_left_arm_to_hand,10,1.5994867086410522,4.791230168166294e-08,1.600000023841858,0.0,0.0,0.04106519743800163,0.04106519743800163,0.0,0.0,0.4000000059604645,0.0,0.0,0.0,0.4000000059604645,0.0,0.0,0.0,0.4000000059604645,0.0
750,15.0,base_to_front_left_shoulder,2,0.10583425313234329,6.606856004509609e-06,0.10000000149011612,0.0,0.0,-0.46713921427726746,-0.46713921427726746,0.0,0.0,0.4000000059604645,0.0,0.0,0.0,0.4000000059604645,0.0,0.0,0.0,0.4000000059604645,0.0
750,15.0,front_left_shoulder_to_arm,6,-0.686178982257843,5.414234328782186e-05,-0.6899999976158142,0.0,0.0,-0.30557480454444885,-0.30557480454444885,0.0,0.0,0.4000000059604645,0.0,0.0,0.0,0.4000000059604645,0.0,0.0,0.0,0.4000000059604645,0.0
750,15.0,front_left_arm_to_hand,10,1.5994867086410522,3.709769913484706e-08,1.600000023841858,0.0,0.0,0.041065193712711334,0.041065193712711334,0.0,0.0,0.4000000059604645,0.0,0.0,0.0,0.4000000059604645,0.0,0.0,0.0,0.4000000059604645,0.0
751,15.02,base_to_front_left_shoulder,2,0.10585664212703705,6.562473572557792e-06,0.10000000149011612,0.0,0.0,-0.4689319133758545,-0.4689319133758545,0.0,0.0,0.4000000059604645,0.0,0.0,0.0,0.4000000059604645,0.0,0.0,0.0,0.4000000059604645,0.0
751,15.02,front_left_shoulder_to_arm,6,-0.6861723065376282,5.3788506193086505e-05,-0.6899999976158142,0.0,0.0,-0.30610191822052,-0.30610191822052,0.0,0.0,0.4000000059604645,0.0,0.0,0.0,0.4000000059604645,0.0,0.0,0.0,0.4000000059604645,0.0
751,15.02,front_left_arm_to_hand,10,1.5994867086410522,3.244585045081294e-08,1.600000023841858,0.0,0.0,0.041065193712711334,0.041065193712711334,0.0,0.0,0.4000000059604645,0.0,0.0,0.0,0.4000000059604645,0.0,0.0,0.0,0.4000000059604645,0.0
752,15.040000000000001,base_to_front_left_shoulder,2,0.1058366596698761,6.610100172110833e-06,0.10000000149011612,0.0,0.0,-0.467336505651474,-0.467336505651474,0.0,0.0,0.4000000059604645,0.0,0.0,0.0,0.4000000059604645,0.0,0.0,0.0,0.4000000059604645,0.0
752,15.040000000000001,front_left_shoulder_to_arm,6,-0.6861656308174133,5.416738713392988e-05,-0.6899999976158142,0.0,0.0,-0.30664291977882385,-0.30664291977882385,0.0,0.0,0.4000000059604645,0.0,0.0,0.0,0.4000000059604645,0.0,0.0,0.0,0.4000000059604645,0.0
752,15.040000000000001,front_left_arm_to_hand,10,1.5994867086410522,3.245493829240331e-08,1.600000023841858,0.0,0.0,0.04106520116329193,0.04106520116329193,0.0,0.0,0.4000000059604645,0.0,0.0,0.0,0.4000000059604645,0.0,0.0,0.0,0.4000000059604645,0.0
753,15.06,base_to_front_left_shoulder,2,0.10585879534482956,6.565256626345217e-06,0.10000000149011612,0.0,0.0,-0.469108909368515,-0.469108909368515,0.0,0.0,0.4000000059604645,0.0,0.0,0.0,0.4000000059604645,0.0,0.0,0.0,0.4000000059604645,0.0
753,15.06,front_left_shoulder_to_arm,6,-0.6861590147018433,5.379319918574765e-05,-0.6899999976158142,0.0,0.0,-0.307170033454895,-0.307170033454895,0.0,0.0,0.4000000059604645,0.0,0.0,0.0,0.4000000059604645,0.0,0.0,0.0,0.4000000059604645,0.0
753,15.06,front_left_arm_to_hand,10,1.5994867086410522,3.624393585255348e-08,1.600000023841858,0.0,0.0,0.041065193712711334,0.041065193712711334,0.0,0.0,0.4000000059604645,0.0,0.0,0.0,0.4000000059604645,0.0,0.0,0.0,0.4000000059604645,0.0
754,15.08,base_to_front_left_shoulder,2,0.10583857446908951,6.6053089540218934e-06,0.10000000149011612,0.0,0.0,-0.4674944579601288,-0.4674944579601288,0.0,0.0,0.4000000059604645,0.0,0.0,0.0,0.4000000059604645,0.0,0.0,0.0,0.4000000059604645,0.0
754,15.08,front_left_shoulder_to_arm,6,-0.6861523389816284,5.415850318968296e-05,-0.6899999976158142,0.0,0.0,-0.3077062666416168,-0.3077062666416168,0.0,0.0,0.4000000059604645,0.0,0.0,0.0,0.4000000059604645,0.0,0.0,0.0,0.4000000059604645,0.0
754,15.08,front_left_arm_to_hand,10,1.5994867086410522,3.2986228859499533e-08,1.600000023841858,0.0,0.0,0.041065189987421036,0.041065189987421036,0.0,0.0,0.4000000059604645,0.0,0.0,0.0,0.4000000059604645,0.0,0.0,0.0,0.4000000059604645,0.0
755,15.1,base_to_front_left_shoulder,2,0.10586079210042953,1.3010077282160637e-07,0.10000000149011612,0.0,0.0,-0.4691399335861206,-0.4691399335861206,0.0,0.0,0.4000000059604645,0.0,0.0,0.0,0.4000000059604645,0.0,0.0,0.0,0.4000000059604645,0.0
755,15.1,front_left_shoulder_to_arm,6,-0.6862106323242188,1.2386666412567138e-06,-0.6899999976158142,0.0,0.0,-0.3021600842475891,-0.3021600842475891,0.0,0.0,0.4000000059604645,0.0,0.0,0.0,0.4000000059604645,0.0,0.0,0.0,0.4000000059604645,0.0
755,15.1,front_left_arm_to_hand,10,1.5994867086410522,-8.557109687501452e-09,1.600000023841858,0.0,0.0,0.04106592759490013,0.04106592759490013,0.0,0.0,0.4000000059604645,0.0,0.0,0.0,0.4000000059604645,0.0,0.0,0.0,0.4000000059604645,0.0
756,15.120000000000001,base_to_front_left_shoulder,2,0.10584146529436111,6.6111842897953466e-06,0.10000000149011612,0.0,0.0,-0.4677078425884247,-0.4677078425884247,0.0,0.0,0.4000000059604645,0.0,0.0,0.0,0.4000000059604645,0.0,0.0,0.0,0.4000000059604645,0.0
756,15.120000000000001,front_left_shoulder_to_arm,6,-0.6862040162086487,5.414566840045154e-05,-0.6899999976158142,0.0,0.0,-0.3035720884799957,-0.3035720884799957,0.0,0.0,0.4000000059604645,0.0,0.0,0.0,0.4000000059604645,0.0,0.0,0.0,0.4000000059604645,0.0
756,15.120000000000001,front_left_arm_to_hand,10,1.5994867086410522,3.7962394117130316e-08,1.600000023841858,0.0,0.0,0.041065193712711334,0.041065193712711334,0.0,0.0,0.4000000059604645,0.0,0.0,0.0,0.4000000059604645,0.0,0.0,0.0,0.4000000059604645,0.0
757,15.14,base_to_front_left_shoulder,2,0.10582201927900314,6.624499292229302e-06,0.10000000149011612,0.0,0.0,-0.466154545545578,-0.466154545545578,0.0,0.0,0.4000000059604645,0.0,0.0,0.0,0.4000000059604645,0.0,0.0,0.0,0.4000000059604645,0.0
757,15.14,front_left_shoulder_to_arm,6,-0.6861973404884338,5.4144700698088855e-05,-0.6899999976158142,0.0,0.0,-0.30410611629486084,-0.30410611629486084,0.0,0.0,0.4000000059604645,0.0,0.0,0.0,0.4000000059604645,0.0,0.0,0.0,0.4000000059604645,0.0
757,15.14,front_left_arm_to_hand,10,1.5994867086410522,2.4579687618597745e-08,1.600000023841858,0.0,0.0,0.04106519743800163,0.04106519743800163,0.0,0.0,0.4000000059604645,0.0,0.0,0.0,0.4000000059604645,0.0,0.0,0.0,0.4000000059604645,0.0
758,15.16,base_to_front_left_shoulder,2,0.10584470629692078,6.619508894800674e-06,0.10000000149011612,0.0,0.0,-0.4679712951183319,-0.4679712951183319,0.0,0.0,0.4000000059604645,0.0,0.0,0.0,0.4000000059604645,0.0,0.0,0.0,0.4000000059604645,0.0
758,15.16,front_left_shoulder_to_arm,6,-0.686190664768219,5.4164578614290804e-05,-0.6899999976158142,0.0,0.0,-0.30464017391204834,-0.30464017391204834,0.0,0.0,0.4000000059604645,0.0,0.0,0.0,0.4000000059604645,0.0,0.0,0.0,0.4000000059604645,0.0
758,15.16,front_left_arm_to_hand,10,1.5994867086410522,2.7721835493821345e-08,1.600000023841858,0.0,0.0,0.041065189987421036,0.041065189987421036,0.0,0.0,0.4000000059604645,0.0,0.0,0.0,0.4000000059604645,0.0,0.0,0.0,0.4000000059604645,0.0
759,15.18,base_to_front_left_shoulder,2,0.10582505166530609,6.611807293666061e-06,0.10000000149011612,0.0,0.0,-0.4664013087749481,-0.4664013087749481,0.0,0.0,0.4000000059604645,0.0,0.0,0.0,0.4000000059604645,0.0,0.0,0.0,0.4000000059604645,0.0
759,15.18,front_left_shoulder_to_arm,6,-0.6861839890480042,5.416695785243064e-05,-0.6899999976158142,0.0,0.0,-0.3051742613315582,-0.3051742613315582,0.0,0.0,0.4000000059604645,0.0,0.0,0.0,0.4000000059604645,0.0,0.0,0.0,0.4000000059604645,0.0
759,15.18,front_left_arm_to_hand,10,1.5994867086410522,4.263887021238588e-08,1.600000023841858,0.0,0.0,0.04106519743800163,0.04106519743800163,0.0,0.0,0.4000000059604645,0.0,0.0,0.0,0.4000000059604645,0.0,0.0,0.0,0.4000000059604645,0.0
760,15.200000000000001,base_to_front_left_shoulder,2,0.10584764182567596,6.612197466893122e-06,0.10000000149011612,0.0,0.0,-0.4682108759880066,-0.4682108759880066,0.0,0.0,0.4000000059604645,0.0,0.0,0.0,0.4000000059604645,0.0,0.0,0.0,0.4000000059604645,0.0
760,15.200000000000001,front_left_shoulder_to_arm,6,-0.6861773133277893,5.412686005001888e-05,-0.6899999976158142,0.0,0.0,-0.3057081401348114,-0.3057081401348114,0.0,0.0,0.4000000059604645,0.0,0.0,0.0,0.4000000059604645,0.0,0.0,0.0,0.4000000059604645,0.0
760,15.200000000000001,front_left_arm_to_hand,10,1.5994867086410522,4.3022563289696336e-08,1.600000023841858,0.0,0.0,0.04106519743800163,0.04106519743800163,0.0,0.0,0.4000000059604645,0.0,0.0,0.0,0.4000000059604645,0.0,0.0,0.0,0.4000000059604645,0.0
761,15.22,base_to_front_left_shoulder,2,0.10582774877548218,6.605003363802098e-06,0.10000000149011612,0.0,0.0,-0.46662184596061707,-0.46662184596061707,0.0,0.0,0.4000000059604645,0.0,0.0,0.0,0.4000000059604645,0.0,0.0,0.0,0.4000000059604645,0.0
761,15.22,front_left_shoulder_to_arm,6,-0.6861706376075745,5.416140629677102e-05,-0.6899999976158142,0.0,0.0,-0.3062423765659332,-0.3062423765659332,0.0,0.0,0.4000000059604645,0.0,0.0,0.0,0.4000000059604645,0.0,0.0,0.0,0.4000000059604645,0.0
761,15.22,front_left_arm_to_hand,10,1.5994867086410522,3.025308359383416e-08,1.600000023841858,0.0,0.0,0.04106519743800163,0.04106519743800163,0.0,0.0,0.4000000059604645,0.0,0.0,0.0,0.4000000059604645,0.0,0.0,0.0,0.4000000059604645,0.0
762,15.24,base_to_front_left_shoulder,2,0.10585007071495056,6.5994972828775644e-06,0.10000000149011612,0.0,0.0,-0.4684099555015564,-0.4684099555015564,0.0,0.0,0.4000000059604645,0.0,0.0,0.0,0.4000000059604645,0.0,0.0,0.0,0.4000000059604645,0.0
762,15.24,front_left_shoulder_to_arm,6,-0.6861640214920044,5.413981125457212e-05,-0.6899999976158142,0.0,0.0,-0.306771457195282,-0.306771457195282,0.0,0.0,0.4000000059604645,0.0,0.0,0.0,0.4000000059604645,0.0,0.0,0.0,0.4000000059604645,0.0
762,15.24,front_left_arm_to_hand,10,1.5994867086410522,3.6949927562091034e-08,1.600000023841858,0.0,0.0,0.04106520488858223,0.04106520488858223,0.0,0.0,0.4000000059604645,0.0,0.0,0.0,0.4000000059604645,0.0,0.0,0.0,0.4000000059604645,0.0
763,15.26,base_to_front_left_shoulder,2,0.10582993924617767,6.618999577767681e-06,0.10000000149011612,0.0,0.0,-0.46680185198783875,-0.46680185198783875,0.0,0.0,0.4000000059604645,0.0,0.0,0.0,0.4000000059604645,0.0,0.0,0.0,0.4000000059604645,0.0
763,15.26,front_left_shoulder_to_arm,6,-0.6861573457717896,5.414912448031828e-05,-0.6899999976158142,0.0,0.0,-0.3073057234287262,-0.3073057234287262,0.0,0.0,0.4000000059604645,0.0,0.0,0.0,0.4000000059604645,0.0,0.0,0.0,0.4000000059604645,0.0
763,15.26,front_left_arm_to_hand,10,1.5994867086410522,3.9376644167532504e-08,1.600000023841858,0.0,0.0,0.04106519743800163,0.04106519743800163,0.0,0.0,0.4000000059604645,0.0,0.0,0.0,0.4000000059604645,0.0,0.0,0.0,0.4000000059604645,0.0
764,15.280000000000001,base_to_front_left_shoulder,2,0.10585201531648636,6.60566638543969e-06,0.10000000149011612,0.0,0.0,-0.4685702919960022,-0.4685702919960022,0.0,0.0,0.4000000059604645,0.0,0.0,0.0,0.4000000059604645,0.0,0.0,0.0,0.4000000059604645,0.0
764,15.280000000000001,front_left_shoulder_to_arm,6,-0.6861507296562195,5.416032945504412e-05,-0.6899999976158142,0.0,0.0,-0.30783480405807495,-0.30783480405807495,0.0,0.0,0.4000000059604645,0.0,0.0,0.0,0.4000000059604645,0.0,0.0,0.0,0.4000000059604645,0.0
764,15.280000000000001,front_left_arm_to_hand,10,1.5994867086410522,3.632132461461879e-08,1.600000023841858,0.0,0.0,0.041065193712711334,0.041065193712711334,0.0,0.0,0.4000000059604645,0.0,0.0,0.0,0.4000000059604645,0.0,0.0,0.0,0.4000000059604645,0.0
765,15.3,base_to_front_left_shoulder,2,0.10583164542913437,6.612174729525577e-06,0.10000000149011612,0.0,0.0,-0.4669431149959564,-0.4669431149959564,0.0,0.0,0.4000000059604645,0.0,0.0,0.0,0.4000000059604645,0.0,0.0,0.0,0.4000000059604645,0.0
765,15.3,front_left_shoulder_to_arm,6,-0.6861440539360046,5.4164614994078875e-05,-0.6899999976158142,0.0,0.0,-0.30836907029151917,-0.30836907029151917,0.0,0.0,0.4000000059604645,0.0,0.0,0.0,0.4000000059604645,0.0,0.0,0.0,0.4000000059604645,0.0
765,15.3,front_left_arm_to_hand,10,1.5994867086410522,4.0241758370029856e-08,1.600000023841858,0.0,0.0,0.041065193712711334,0.041065193712711334,0.0,0.0,0.4000000059604645,0.0,0.0,0.0,0.4000000059604645,0.0,0.0,0.0,0.4000000059604645,0.0
766,15.32,base_to_front_left_shoulder,2,0.1058540940284729,6.4468940763617866e-06,0.10000000149011612,0.0,0.0,-0.46871548891067505,-0.46871548891067505,0.0,0.0,0.4000000059604645,0.0,0.0,0.0,0.4000000059604645,0.0,0.0,0.0,0.4000000059604645,0.0
766,15.32,front_left_shoulder_to_arm,6,-0.6862029433250427,5.275746661936864e-05,-0.6899999976158142,0.0,0.0,-0.3036360740661621,-0.3036360740661621,0.0,0.0,0.4000000059604645,0.0,0.0,0.0,0.4000000059604645,0.0,0.0,0.0,0.4000000059604645,0.0
766,15.32,front_left_arm_to_hand,10,1.5994867086410522,4.23006980554419e-08,1.600000023841858,0.0,0.0,0.04106520861387253,0.04106520861387253,0.0,0.0,0.4000000059604645,0.0,0.0,0.0,0.4000000059604645,0.0,0.0,0.0,0.4000000059604645,0.0
767,15.34,base_to_front_left_shoulder,2,0.10583464801311493,6.616241080337204e-06,0.10000000149011612,0.0,0.0,-0.4671648442745209,-0.4671648442745209,0.0,0.0,0.4000000059604645,0.0,0.0,0.0,0.4000000059604645,0.0,0.0,0.0,0.4000000059604645,0.0
767,15.34,front_left_shoulder_to_arm,6,-0.6861962676048279,5.415933992480859e-05,-0.6899999976158142,0.0,0.0,-0.3041919767856598,-0.3041919767856598,0.0,0.0,0.4000000059604645,0.0,0.0,0.0,0.4000000059604645,0.0,0.0,0.0,0.4000000059604645,0.0
767,15.34,front_left_arm_to_hand,10,1.5994867086410522,3.2178093078982783e-08,1.600000023841858,0.0,0.0,0.04106520116329193,0.04106520116329193,0.0,0.0,0.4000000059604645,0.0,0.0,0.0,0.4000000059604645,0.0,0.0,0.0,0.4000000059604645,0.0
768,15.36,base_to_front_left_shoulder,2,0.10585741698741913,4.96170196129242e-06,0.10000000149011612,0.0,0.0,-0.46560201048851013,-0.46560201048851013,0.0,0.0,0.4000000059604645,0.0,0.0,0.0,0.4000000059604645,0.0,0.0,0.0,0.4000000059604645,0.0
768,15.36,front_left_shoulder_to_arm,6,-0.686189591884613,4.021864879177883e-05,-0.6899999976158142,0.0,0.0,-0.3047260046005249,-0.3047260046005249,0.0,0.0,0.4000000059604645,0.0,0.0,0.0,0.4000000059604645,0.0,0.0,0.0,0.4000000059604645,0.0
768,15.36,front_left_arm_to_hand,10,1.5994867086410522,2.6044013168302627e-08,1.600000023841858,0.0,0.0,0.04106519743800163,0.04106519743800163,0.0,0.0,0.4000000059604645,0.0,0.0,0.0,0.4000000059604645,0.0,0.0,0.0,0.4000000059604645,0.0
769,15.38,base_to_front_left_shoulder,2,0.10583773255348206,6.620180101890583e-06,0.10000000149011612,0.0,0.0,-0.467416375875473,-0.467416375875473,0.0,0.0,0.4000000059604645,0.0,0.0,0.0,0.4000000059604645,0.0,0.0,0.0,0.4000000059604645,0.0
769,15.38,front_left_shoulder_to_arm,6,-0.6861829161643982,5.415335181169212e-05,-0.6899999976158142,0.0,0.0,-0.3052600622177124,-0.3052600622177124,0.0,0.0,0.4000000059604645,0.0,0.0,0.0,0.4000000059604645,0.0,0.0,0.0,0.4000000059604645,0.0
769,15.38,front_left_arm_to_hand,10,1.5994867086410522,3.5556116273482985e-08,1.600000023841858,0.0,0.0,0.04106519743800163,0.04106519743800163,0.0,0.0,0.4000000059604645,0.0,0.0,0.0,0.4000000059604645,0.0,0.0,0.0,0.4000000059604645,0.0
770,15.4,base_to_front_left_shoulder,2,0.10586022585630417,4.962862476531882e-06,0.10000000149011612,0.0,0.0,-0.46583446860313416,-0.46583446860313416,0.0,0.0,0.4000000059604645,0.0,0.0,0.0,0.4000000059604645,0.0,0.0,0.0,0.4000000059604645,0.0
770,15.4,front_left_shoulder_to_arm,6,-0.6861762404441833,4.025567614007741e-05,-0.6899999976158142,0.0,0.0,-0.3057941198348999,-0.3057941198348999,0.0,0.0,0.4000000059604645,0.0,0.0,0.0,0.4000000059604645,0.0,0.0,0.0,0.4000000059604645,0.0
770,15.4,front_left_arm_to_hand,10,1.5994867086410522,2.2520747933185703e-08,1.600000023841858,0.0,0.0,0.041065193712711334,0.041065193712711334,0.0,0.0,0.4000000059604645,0.0,0.0,0.0,0.4000000059604645,0.0,0.0,0.0,0.4000000059604645,0.0
771,15.42,base_to_front_left_shoulder,2,0.105840303003788,6.605118869629223e-06,0.10000000149011612,0.0,0.0,-0.46762678027153015,-0.46762678027153015,0.0,0.0,0.4000000059604645,0.0,0.0,0.0,0.4000000059604645,0.0,0.0,0.0,0.4000000059604645,0.0
771,15.42,front_left_shoulder_to_arm,6,-0.6861695647239685,5.4151467338670045e-05,-0.6899999976158142,0.0,0.0,-0.3063282072544098,-0.3063282072544098,0.0,0.0,0.4000000059604645,0.0,0.0,0.0,0.4000000059604645,0.0,0.0,0.0,0.4000000059604645,0.0
771,15.42,front_left_arm_to_hand,10,1.5994867086410522,3.146330129766284e-08,1.600000023841858,0.0,0.0,0.04106520488858223,0.04106520488858223,0.0,0.0,0.4000000059604645,0.0,0.0,0.0,0.4000000059604645,0.0,0.0,0.0,0.4000000059604645,0.0
772,15.44,base_to_front_left_shoulder,2,0.10586253553628922,4.958903446095064e-06,0.10000000149011612,0.0,0.0,-0.46602579951286316,-0.46602579951286316,0.0,0.0,0.4000000059604645,0.0,0.0,0.0,0.4000000059604645,0.0,0.0,0.0,0.4000000059604645,0.0
772,15.44,front_left_shoulder_to_arm,6,-0.6861628890037537,4.028796683996916e-05,-0.6899999976158142,0.0,0.0,-0.3068622648715973,-0.3068622648715973,0.0,0.0,0.4000000059604645,0.0,0.0,0.0,0.4000000059604645,0.0,0.0,0.0,0.4000000059604645,0.0
772,15.44,front_left_arm_to_hand,10,1.5994867086410522,1.8307567017927795e-08,1.600000023841858,0.0,0.0,0.04106519743800163,0.04106519743800163,0.0,0.0,0.4000000059604645,0.0,0.0,0.0,0.4000000059604645,0.0,0.0,0.0,0.4000000059604645,0.0
773,15.46,base_to_front_left_shoulder,2,0.10584237426519394,6.6162674556835555e-06,0.10000000149011612,0.0,0.0,-0.46779724955558777,-0.46779724955558777,0.0,0.0,0.4000000059604645,0.0,0.0,0.0,0.4000000059604645,0.0,0.0,0.0,0.4000000059604645,0.0
773,15.46,front_left_shoulder_to_arm,6,-0.6861562728881836,5.414757470134646e-05,-0.6899999976158142,0.0,0.0,-0.30739155411720276,-0.30739155411720276,0.0,0.0,0.4000000059604645,0.0,0.0,0.0,0.4000000059604645,0.0,0.0,0.0,0.4000000059604645,0.0
773,15.46,front_left_arm_to_hand,10,1.5994867086410522,3.185352426271493e-08,1.600000023841858,0.0,0.0,0.041065189987421036,0.041065189987421036,0.0,0.0,0.4000000059604645,0.0,0.0,0.0,0.4000000059604645,0.0,0.0,0.0,0.4000000059604645,0.0
774,15.48,base_to_front_left_shoulder,2,0.10586458444595337,-0.000241312722209841,0.10000000149011612,0.0,0.0,-0.4661789834499359,-0.4661789834499359,0.0,0.0,0.4000000059604645,0.0,0.0,0.0,0.4000000059604645,0.0,0.0,0.0,0.4000000059604645,0.0
774,15.48,front_left_shoulder_to_arm,6,-0.6862128376960754,-0.0019747628830373287,-0.6899999976158142,0.0,0.0,-0.30792561173439026,-0.30792561173439026,0.0,0.0,0.4000000059604645,0.0,0.0,0.0,0.4000000059604645,0.0,0.0,0.0,0.4000000059604645,0.0
774,15.48,front_left_arm_to_hand,10,1.5994867086410522,-1.4062907212064601e-06,1.600000023841858,0.0,0.0,0.041065189987421036,0.041065189987421036,0.0,0.0,0.4000000059604645,0.0,0.0,0.0,0.4000000059604645,0.0,0.0,0.0,0.4000000059604645,0.0
775,15.5,base_to_front_left_shoulder,2,0.10584517568349838,6.611511707887985e-06,0.10000000149011612,0.0,0.0,-0.46800288558006287,-0.46800288558006287,0.0,0.0,0.4000000059604645,0.0,0.0,0.0,0.4000000059604645,0.0,0.0,0.0,0.4000000059604645,0.0
775,15.5,front_left_shoulder_to_arm,6,-0.6862078905105591,5.4145064495969564e-05,-0.6899999976158142,0.0,0.0,-0.3032621145248413,-0.3032621145248413,0.0,0.0,0.4000000059604645,0.0,0.0,0.0,0.4000000059604645,0.0,0.0,0.0,0.4000000059604645,0.0
775,15.5,front_left_arm_to_hand,10,1.5994867086410522,2.8361849757629898e-08,1.600000023841858,0.0,0.0,0.04106519743800163,0.04106519743800163,0.0,0.0,0.4000000059604645,0.0,0.0,0.0,0.4000000059604645,0.0,0.0,0.0,0.4000000059604645,0.0
776,15.52,base_to_front_left_shoulder,2,0.10582581907510757,6.606068382097874e-06,0.10000000149011612,0.0,0.0,-0.46645674109458923,-0.46645674109458923,0.0,0.0,0.4000000059604645,0.0,0.0,0.0,0.4000000059604645,0.0,0.0,0.0,0.4000000059604645,0.0
776,15.52,front_left_shoulder_to_arm,6,-0.6862012147903442,5.413857434177771e-05,-0.6899999976158142,0.0,0.0,-0.3037961721420288,-0.3037961721420288,0.0,0.0,0.4000000059604645,0.0,0.0,0.0,0.4000000059604645,0.0,0.0,0.0,0.4000000059604645,0.0
776,15.52,front_left_arm_to_hand,10,1.5994867086410522,1.746076705444466e-08,1.600000023841858,0.0,0.0,0.041065193712711334,0.041065193712711334,0.0,0.0,0.4000000059604645,0.0,0.0,0.0,0.4000000059604645,0.0,0.0,0.0,0.4000000059604645,0.0
777,15.540000000000001,base_to_front_left_shoulder,2,0.10584861040115356,6.616558493988123e-06,0.10000000149011612,0.0,0.0,-0.46828240156173706,-0.46828240156173706,0.0,0.0,0.4000000059604645,0.0,0.0,0.0,0.4000000059604645,0.0,0.0,0.0,0.4000000059604645,0.0
777,15.540000000000001,front_left_shoulder_to_arm,6,-0.6861945390701294,5.415233317762613e-05,-0.6899999976158142,0.0,0.0,-0.304330050945282,-0.304330050945282,0.0,0.0,0.4000000059604645,0.0,0.0,0.0,0.4000000059604645,0.0,0.0,0.0,0.4000000059604645,0.0
777,15.540000000000001,front_left_arm_to_hand,10,1.5994867086410522,5.412364245671597e-08,1.600000023841858,0.0,0.0,0.04106520116329193,0.04106520116329193,0.0,0.0,0.4000000059604645,0.0,0.0,0.0,0.4000000059604645,0.0,0.0,0.0,0.4000000059604645,0.0
778,15.56,base_to_front_left_shoulder,2,0.10582901537418365,6.625060450460296e-06,0.10000000149011612,0.0,0.0,-0.4667172133922577,-0.4667172133922577,0.0,0.0,0.4000000059604645,0.0,0.0,0.0,0.4000000059604645,0.0,0.0,0.0,0.4000000059604645,0.0
778,15.56,front_left_shoulder_to_arm,6,-0.6861878633499146,5.4152005759533495e-05,-0.6899999976158142,0.0,0.0,-0.3048642873764038,-0.3048642873764038,0.0,0.0,0.4000000059604645,0.0,0.0,0.0,0.4000000059604645,0.0,0.0,0.0,0.4000000059604645,0.0
778,15.56,front_left_arm_to_hand,10,1.5994867086410522,4.2450427173434946e-08,1.600000023841858,0.0,0.0,0.04106519743800163,0.04106519743800163,0.0,0.0,0.4000000059604645,0.0,0.0,0.0,0.4000000059604645,0.0,0.0,0.0,0.4000000059604645,0.0
779,15.58,base_to_front_left_shoulder,2,0.10585151612758636,6.613775440200698e-06,0.10000000149011612,0.0,0.0,-0.4685196280479431,-0.4685196280479431,0.0,0.0,0.4000000059604645,0.0,0.0,0.0,0.4000000059604645,0.0,0.0,0.0,0.4000000059604645,0.0
779,15.58,front_left_shoulder_to_arm,6,-0.6861811876296997,5.414697079686448e-05,-0.6899999976158142,0.0,0.0,-0.30539819598197937,-0.30539819598197937,0.0,0.0,0.4000000059604645,0.0,0.0,0.0,0.4000000059604645,0.0,0.0,0.0,0.4000000059604645,0.0
779,15.58,front_left_arm_to_hand,10,1.5994867086410522,3.853202912296183e-08,1.600000023841858,0.0,0.0,0.04106519743800163,0.04106519743800163,0.0,0.0,0.4000000059604645,0.0,0.0,0.0,0.4000000059604645,0.0,0.0,0.0,0.4000000059604645,0.0
780,15.6,base_to_front_left_shoulder,2,0.10583168268203735,6.615935490117408e-06,0.10000000149011612,0.0,0.0,-0.4669353663921356,-0.4669353663921356,0.0,0.0,0.4000000059604645,0.0,0.0,0.0,0.4000000059604645,0.0,0.0,0.0,0.4000000059604645,0.0
780,15.6,front_left_shoulder_to_arm,6,-0.6861745119094849,5.414484621724114e-05,-0.6899999976158142,0.0,0.0,-0.3059324324131012,-0.3059324324131012,0.0,0.0,0.4000000059604645,0.0,0.0,0.0,0.4000000059604645,0.0,0.0,0.0,0.4000000059604645,0.0
780,15.6,front_left_arm_to_hand,10,1.5994867086410522,3.5708119128230464e-08,1.600000023841858,0.0,0.0,0.041065193712711334,0.041065193712711334,0.0,0.0,0.4000000059604645,0.0,0.0,0.0,0.4000000059604645,0.0,0.0,0.0,0.4000000059604645,0.0
781,15.620000000000001,base_to_front_left_shoulder,2,0.1058540940284729,6.5747399276006036e-06,0.10000000149011612,0.0,0.0,-0.4687298536300659,-0.4687298536300659,0.0,0.0,0.4000000059604645,0.0,0.0,0.0,0.4000000059604645,0.0,0.0,0.0,0.4000000059604645,0.0
781,15.620000000000001,front_left_shoulder_to_arm,6,-0.6861678957939148,5.379954382078722e-05,-0.6899999976158142,0.0,0.0,-0.30645951628685,-0.30645951628685,0.0,0.0,0.4000000059604645,0.0,0.0,0.0,0.4000000059604645,0.0,0.0,0.0,0.4000000059604645,0.0
781,15.620000000000001,front_left_arm_to_hand,10,1.5994867086410522,3.382189106559963e-08,1.600000023841858,0.0,0.0,0.04106520861387253,0.04106520861387253,0.0,0.0,0.4000000059604645,0.0,0.0,0.0,0.4000000059604645,0.0,0.0,0.0,0.4000000059604645,0.0
782,15.64,base_to_front_left_shoulder,2,0.10583402216434479,6.6169159254059196e-06,0.10000000149011612,0.0,0.0,-0.4671272933483124,-0.4671272933483124,0.0,0.0,0.4000000059604645,0.0,0.0,0.0,0.4000000059604645,0.0,0.0,0.0,0.4000000059604645,0.0
782,15.64,front_left_shoulder_to_arm,6,-0.6861612200737,5.4165364417713135e-05,-0.6899999976158142,0.0,0.0,-0.30699577927589417,-0.30699577927589417,0.0,0.0,0.4000000059604645,0.0,0.0,0.0,0.4000000059604645,0.0,0.0,0.0,0.4000000059604645,0.0
782,15.64,front_left_arm_to_hand,10,1.5994867086410522,3.1058725369348394e-08,1.600000023841858,0.0,0.0,0.04106519743800163,0.04106519743800163,0.0,0.0,0.4000000059604645,0.0,0.0,0.0,0.4000000059604645,0.0,0.0,0.0,0.4000000059604645,0.0
783,15.66,base_to_front_left_shoulder,2,0.10585618019104004,6.576980922545772e-06,0.10000000149011612,0.0,0.0,-0.46890148520469666,-0.46890148520469666,0.0,0.0,0.4000000059604645,0.0,0.0,0.0,0.4000000059604645,0.0,0.0,0.0,0.4000000059604645,0.0
783,15.66,front_left_shoulder_to_arm,6,-0.6861546039581299,5.3806332289241254e-05,-0.6899999976158142,0.0,0.0,-0.30752286314964294,-0.30752286314964294,0.0,0.0,0.4000000059604645,0.0,0.0,0.0,0.4000000059604645,0.0,0.0,0.0,0.4000000059604645,0.0
783,15.66,front_left_arm_to_hand,10,1.5994867086410522,2.9392751343948476e-08,1.600000023841858,0.0,0.0,0.04106520861387253,0.04106520861387253,0.0,0.0,0.4000000059604645,0.0,0.0,0.0,0.4000000059604645,0.0,0.0,0.0,0.4000000059604645,0.0
784,15.68,base_to_front_left_shoulder,2,0.10583589971065521,6.62204092805041e-06,0.10000000149011612,0.0,0.0,-0.46728166937828064,-0.46728166937828064,0.0,0.0,0.4000000059604645,0.0,0.0,0.0,0.4000000059604645,0.0,0.0,0.0,0.4000000059604645,0.0
784,15.68,front_left_shoulder_to_arm,6,-0.686147928237915,5.41678091394715e-05,-0.6899999976158142,0.0,0.0,-0.30805912613868713,-0.30805912613868713,0.0,0.0,0.4000000059604645,0.0,0.0,0.0,0.4000000059604645,0.0,0.0,0.0,0.4000000059604645,0.0
784,15.68,front_left_arm_to_hand,10,1.5994867086410522,3.8681978509202963e-08,1.600000023841858,0.0,0.0,0.04106519743800163,0.04106519743800163,0.0,0.0,0.4000000059604645,0.0,0.0,0.0,0.4000000059604645,0.0,0.0,0.0,0.4000000059604645,0.0
785,15.700000000000001,base_to_front_left_shoulder,2,0.10585815459489822,1.1010993716809025e-07,0.10000000149011612,0.0,0.0,-0.4689302444458008,-0.4689302444458008,0.0,0.0,0.4000000059604645,0.0,0.0,0.0,0.4000000059604645,0.0,0.0,0.0,0.4000000059604645,0.0
785,15.700000000000001,front_left_shoulder_to_arm,6,-0.6862066388130188,1.0602968814055203e-06,-0.6899999976158142,0.0,0.0,-0.3024805784225464,-0.3024805784225464,0.0,0.0,0.4000000059604645,0.0,0.0,0.0,0.4000000059604645,0.0,0.0,0.0,0.4000000059604645,0.0
785,15.700000000000001,front_left_arm_to_hand,10,1.5994867086410522,-1.648803982234881e-09,1.600000023841858,0.0,0.0,0.04106592386960983,0.04106592386960983,0.0,0.0,0.4000000059604645,0.0,0.0,0.0,0.4000000059604645,0.0,0.0,0.0,0.4000000059604645,0.0
786,15.72,base_to_front_left_shoulder,2,0.10583876818418503,6.615533493459225e-06,0.10000000149011612,0.0,0.0,-0.4674932658672333,-0.4674932658672333,0.0,0.0,0.4000000059604645,0.0,0.0,0.0,0.4000000059604645,0.0,0.0,0.0,0.4000000059604645,0.0
786,15.72,front_left_shoulder_to_arm,6,-0.6862000226974487,5.4118718253448606e-05,-0.6899999976158142,0.0,0.0,-0.30389153957366943,-0.30389153957366943,0.0,0.0,0.4000000059604645,0.0,0.0,0.0,0.4000000059604645,0.0,0.0,0.0,0.4000000059604645,0.0
786,15.72,front_left_arm_to_hand,10,1.5994867086410522,4.0212114527093945e-08,1.600000023841858,0.0,0.0,0.04106519743800163,0.04106519743800163,0.0,0.0,0.4000000059604645,0.0,0.0,0.0,0.4000000059604645,0.0,0.0,0.0,0.4000000059604645,0.0
787,15.74,base_to_front_left_shoulder,2,0.10581926256418228,6.614242010982707e-06,0.10000000149011612,0.0,0.0,-0.46593520045280457,-0.46593520045280457,0.0,0.0,0.4000000059604645,0.0,0.0,0.0,0.4000000059604645,0.0,0.0,0.0,0.4000000059604645,0.0
787,15.74,front_left_shoulder_to_arm,6,-0.6861933469772339,5.4148091294337064e-05,-0.6899999976158142,0.0,0.0,-0.30442559719085693,-0.30442559719085693,0.0,0.0,0.4000000059604645,0.0,0.0,0.0,0.4000000059604645,0.0,0.0,0.0,0.4000000059604645,0.0
787,15.74,front_left_arm_to_hand,10,1.5994867086410522,4.430516398201689e-08,1.600000023841858,0.0,0.0,0.041065193712711334,0.041065193712711334,0.0,0.0,0.4000000059604645,0.0,0.0,0.0,0.4000000059604645,0.0,0.0,0.0,0.4000000059604645,0.0
788,15.76,base_to_front_left_shoulder,2,0.1058419868350029,6.606629540328868e-06,0.10000000149011612,0.0,0.0,-0.467755526304245,-0.467755526304245,0.0,0.0,0.4000000059604645,0.0,0.0,0.0,0.4000000059604645,0.0,0.0,0.0,0.4000000059604645,0.0
788,15.76,front_left_shoulder_to_arm,6,-0.686186671257019,5.4148651543073356e-05,-0.6899999976158142,0.0,0.0,-0.30495965480804443,-0.30495965480804443,0.0,0.0,0.4000000059604645,0.0,0.0,0.0,0.4000000059604645,0.0,0.0,0.0,0.4000000059604645,0.0
788,15.76,front_left_arm_to_hand,10,1.5994867086410522,3.683193483539071e-08,1.600000023841858,0.0,0.0,0.041065189987421036,0.041065189987421036,0.0,0.0,0.4000000059604645,0.0,0.0,0.0,0.4000000059604645,0.0,0.0,0.0,0.4000000059604645,0.0
789,15.780000000000001,base_to_front_left_shoulder,2,0.10582224279642105,6.630036295973696e-06,0.10000000149011612,0.0,0.0,-0.46617838740348816,-0.46617838740348816,0.0,0.0,0.4000000059604645,0.0,0.0,0.0,0.4000000059604645,0.0,0.0,0.0,0.4000000059604645,0.0
789,15.780000000000001,front_left_shoulder_to_arm,6,-0.6861799955368042,5.4154545068740845e-05,-0.6899999976158142,0.0,0.0,-0.30549371242523193,-0.30549371242523193,0.0,0.0,0.4000000059604645,0.0,0.0,0.0,0.4000000059604645,0.0,0.0,0.0,0.4000000059604645,0.0
789,15.780000000000001,front_left_arm_to_hand,10,1.5994867086410522,4.808247666687748e-08,1.600000023841858,0.0,0.0,0.04106519743800163,0.04106519743800163,0.0,0.0,0.4000000059604645,0.0,0.0,0.0,0.4000000059604645,0.0,0.0,0.0,0.4000000059604645,0.0
790,15.8,base_to_front_left_shoulder,2,0.10584469139575958,6.61830654280493e-06,0.10000000149011612,0.0,0.0,-0.4679766595363617,-0.4679766595363617,0.0,0.0,0.4000000059604645,0.0,0.0,0.0,0.4000000059604645,0.0,0.0,0.0,0.4000000059604645,0.0
790,15.8,front_left_shoulder_to_arm,6,-0.6861733198165894,5.415229679783806e-05,-0.6899999976158142,0.0,0.0,-0.3060277998447418,-0.3060277998447418,0.0,0.0,0.4000000059604645,0.0,0.0,0.0,0.4000000059604645,0.0,0.0,0.0,0.4000000059604645,0.0
790,15.8,front_left_arm_to_hand,10,1.5994867086410522,3.590592356772504e-08,1.600000023841858,0.0,0.0,0.04106519743800163,0.04106519743800163,0.0,0.0,0.4000000059604645,0.0,0.0,0.0,0.4000000059604645,0.0,0.0,0.0,0.4000000059604645,0.0
791,15.82,base_to_front_left_shoulder,2,0.10582472383975983,6.616453902097419e-06,0.10000000149011612,0.0,0.0,-0.4663810431957245,-0.4663810431957245,0.0,0.0,0.4000000059604645,0.0,0.0,0.0,0.4000000059604645,0.0,0.0,0.0,0.4000000059604645,0.0
791,15.82,front_left_shoulder_to_arm,6,-0.6861666440963745,5.414008774096146e-05,-0.6899999976158142,0.0,0.0,-0.30656182765960693,-0.30656182765960693,0.0,0.0,0.4000000059604645,0.0,0.0,0.0,0.4000000059604645,0.0,0.0,0.0,0.4000000059604645,0.0
791,15.82,front_left_arm_to_hand,10,1.5994867086410522,3.5655869368156345e-08,1.600000023841858,0.0,0.0,0.04106520116329193,0.04106520116329193,0.0,0.0,0.4000000059604645,0.0,0.0,0.0,0.4000000059604645,0.0,0.0,0.0,0.4000000059604645,0.0
792,15.84,base_to_front_left_shoulder,2,0.10584693402051926,6.604525879083667e-06,0.10000000149011612,0.0,0.0,-0.4681602418422699,-0.4681602418422699,0.0,0.0,0.4000000059604645,0.0,0.0,0.0,0.4000000059604645,0.0,0.0,0.0,0.4000000059604645,0.0
792,15.84,front_left_shoulder_to_arm,6,-0.6861600279808044,5.415910709416494e-05,-0.6899999976158142,0.0,0.0,-0.3070911169052124,-0.3070911169052124,0.0,0.0,0.4000000059604645,0.0,0.0,0.0,0.4000000059604645,0.0,0.0,0.0,0.4000000059604645,0.0
792,15.84,front_left_arm_to_hand,10,1.5994867086410522,4.5944709370360215e-08,1.600000023841858,0.0,0.0,0.041065193712711334,0.041065193712711334,0.0,0.0,0.4000000059604645,0.0,0.0,0.0,0.4000000059604645,0.0,0.0,0.0,0.4000000059604645,0.0
793,15.860000000000001,base_to_front_left_shoulder,2,0.10582674294710159,6.613231562369037e-06,0.10000000149011612,0.0,0.0,-0.4665473401546478,-0.4665473401546478,0.0,0.0,0.4000000059604645,0.0,0.0,0.0,0.4000000059604645,0.0,0.0,0.0,0.4000000059604645,0.0
793,15.860000000000001,front_left_shoulder_to_arm,6,-0.6861533522605896,5.417198553914204e-05,-0.6899999976158142,0.0,0.0,-0.3076252043247223,-0.3076252043247223,0.0,0.0,0.4000000059604645,0.0,0.0,0.0,0.4000000059604645,0.0,0.0,0.0,0.4000000059604645,0.0
793,15.860000000000001,front_left_arm_to_hand,10,1.5994867086410522,3.9919427763379645e-08,1.600000023841858,0.0,0.0,0.04106520116329193,0.04106520116329193,0.0,0.0,0.4000000059604645,0.0,0.0,0.0,0.4000000059604645,0.0,0.0,0.0,0.4000000059604645,0.0
794,15.88,base_to_front_left_shoulder,2,0.10584869235754013,6.610624950553756e-06,0.10000000149011612,0.0,0.0,-0.46830567717552185,-0.46830567717552185,0.0,0.0,0.4000000059604645,0.0,0.0,0.0,0.4000000059604645,0.0,0.0,0.0,0.4000000059604645,0.0
794,15.88,front_left_shoulder_to_arm,6,-0.6861467361450195,5.4155607358552516e-05,-0.6899999976158142,0.0,0.0,-0.30815449357032776,-0.30815449357032776,0.0,0.0,0.4000000059604645,0.0,0.0,0.0,0.4000000059604645,0.0,0.0,0.0,0.4000000059604645,0.0
794,15.88,front_left_arm_to_hand,10,1.5994867086410522,4.46455779012922e-08,1.600000023841858,0.0,0.0,0.04106520116329193,0.04106520116329193,0.0,0.0,0.4000000059604645,0.0,0.0,0.0,0.4000000059604645,0.0,0.0,0.0,0.4000000059604645,0.0
795,15.9,base_to_front_left_shoulder,2,0.10582824796438217,6.6249785959371366e-06,0.10000000149011612,0.0,0.0,-0.4666731059551239,-0.4666731059551239,0.0,0.0,0.4000000059604645,0.0,0.0,0.0,0.4000000059604645,0.0,0.0,0.0,0.4000000059604645,0.0
795,15.9,front_left_shoulder_to_arm,6,-0.6861400604248047,5.416589556261897e-05,-0.6899999976158142,0.0,0.0,-0.30868855118751526,-0.30868855118751526,0.0,0.0,0.4000000059604645,0.0,0.0,0.0,0.4000000059604645,0.0,0.0,0.0,0.4000000059604645,0.0
795,15.9,front_left_arm_to_hand,10,1.5994867086410522,2.303167079276136e-08,1.600000023841858,0.0,0.0,0.04106520116329193,0.04106520116329193,0.0,0.0,0.4000000059604645,0.0,0.0,0.0,0.4000000059604645,0.0,0.0,0.0,0.4000000059604645,0.0
796,15.92,base_to_front_left_shoulder,2,0.10585086792707443,6.612874130951241e-06,0.10000000149011612,0.0,0.0,-0.4684617519378662,-0.4684617519378662,0.0,0.0,0.4000000059604645,0.0,0.0,0.0,0.4000000059604645,0.0,0.0,0.0,0.4000000059604645,0.0
796,15.92,front_left_shoulder_to_arm,6,-0.6861990094184875,5.411608435679227e-05,-0.6899999976158142,0.0,0.0,-0.30397191643714905,-0.30397191643714905,0.0,0.0,0.4000000059604645,0.0,0.0,0.0,0.4000000059604645,0.0,0.0,0.0,0.4000000059604645,0.0
796,15.92,front_left_arm_to_hand,10,1.5994867086410522,3.052527830504914e-08,1.600000023841858,0.0,0.0,0.04106519743800163,0.04106519743800163,0.0,0.0,0.4000000059604645,0.0,0.0,0.0,0.4000000059604645,0.0,0.0,0.0,0.4000000059604645,0.0
797,15.94,base_to_front_left_shoulder,2,0.1058313325047493,6.61737794871442e-06,0.10000000149011612,0.0,0.0,-0.46690139174461365,-0.46690139174461365,0.0,0.0,0.4000000059604645,0.0,0.0,0.0,0.4000000059604645,0.0,0.0,0.0,0.4000000059604645,0.0
797,15.94,front_left_shoulder_to_arm,6,-0.6861923336982727,5.4149917559698224e-05,-0.6899999976158142,0.0,0.0,-0.30450665950775146,-0.30450665950775146,0.0,0.0,0.4000000059604645,0.0,0.0,0.0,0.4000000059604645,0.0,0.0,0.0,0.4000000059604645,0.0
797,15.94,front_left_arm_to_hand,10,1.5994867086410522,3.058236686115379e-08,1.600000023841858,0.0,0.0,0.041065193712711334,0.041065193712711334,0.0,0.0,0.4000000059604645,0.0,0.0,0.0,0.4000000059604645,0.0,0.0,0.0,0.4000000059604645,0.0
798,15.96,base_to_front_left_shoulder,2,0.10585399717092514,6.581895831914153e-06,0.10000000149011612,0.0,0.0,-0.4687155485153198,-0.4687155485153198,0.0,0.0,0.4000000059604645,0.0,0.0,0.0,0.4000000059604645,0.0,0.0,0.0,0.4000000059604645,0.0
798,15.96,front_left_shoulder_to_arm,6,-0.6861856579780579,5.377915658755228e-05,-0.6899999976158142,0.0,0.0,-0.30503377318382263,-0.30503377318382263,0.0,0.0,0.4000000059604645,0.0,0.0,0.0,0.4000000059604645,0.0,0.0,0.0,0.4000000059604645,0.0
798,15.96,front_left_arm_to_hand,10,1.5994867086410522,4.791230168166294e-08,1.600000023841858,0.0,0.0,0.04106519743800163,0.04106519743800163,0.0,0.0,0.4000000059604645,0.0,0.0,0.0,0.4000000059604645,0.0,0.0,0.0,0.4000000059604645,0.0
799,15.98,base_to_front_left_shoulder,2,0.10583425313234329,6.606856004509609e-06,0.10000000149011612,0.0,0.0,-0.46713921427726746,-0.46713921427726746,0.0,0.0,0.4000000059604645,0.0,0.0,0.0,0.4000000059604645,0.0,0.0,0.0,0.4000000059604645,0.0
799,15.98,front_left_shoulder_to_arm,6,-0.686178982257843,5.414234328782186e-05,-0.6899999976158142,0.0,0.0,-0.30557480454444885,-0.30557480454444885,0.0,0.0,0.4000000059604645,0.0,0.0,0.0,0.4000000059604645,0.0,0.0,0.0,0.4000000059604645,0.0
799,15.98,front_left_arm_to_hand,10,1.5994867086410522,3.709769913484706e-08,1.600000023841858,0.0,0.0,0.041065193712711334,0.041065193712711334,0.0,0.0,0.4000000059604645,0.0,0.0,0.0,0.4000000059604645,0.0,0.0,0.0,0.4000000059604645,0.0
800,16.0,base_to_front_left_shoulder,2,0.10585664212703705,6.562473572557792e-06,0.10000000149011612,0.0,0.0,-0.4689319133758545,-0.4689319133758545,0.0,0.0,0.4000000059604645,0.0,0.0,0.0,0.4000000059604645,0.0,0.0,0.0,0.4000000059604645,0.0
800,16.0,front_left_shoulder_to_arm,6,-0.6861723065376282,5.3788506193086505e-05,-0.6899999976158142,0.0,0.0,-0.30610191822052,-0.30610191822052,0.0,0.0,0.4000000059604645,0.0,0.0,0.0,0.4000000059604645,0.0,0.0,0.0,0.4000000059604645,0.0
800,16.0,front_left_arm_to_hand,10,1.5994867086410522,3.244585045081294e-08,1.600000023841858,0.0,0.0,0.041065193712711334,0.041065193712711334,0.0,0.0,0.4000000059604645,0.0,0.0,0.0,0.4000000059604645,0.0,0.0,0.0,0.4000000059604645,0.0
801,16.02,base_to_front_left_shoulder,2,0.1058366596698761,6.610100172110833e-06,0.10000000149011612,0.0,0.0,-0.467336505651474,-0.467336505651474,0.0,0.0,0.4000000059604645,0.0,0.0,0.0,0.4000000059604645,0.0,0.0,0.0,0.4000000059604645,0.0
801,16.02,front_left_shoulder_to_arm,6,-0.6861656308174133,5.416738713392988e-05,-0.6899999976158142,0.0,0.0,-0.30664291977882385,-0.30664291977882385,0.0,0.0,0.4000000059604645,0.0,0.0,0.0,0.4000000059604645,0.0,0.0,0.0,0.4000000059604645,0.0
801,16.02,front_left_arm_to_hand,10,1.5994867086410522,3.245493829240331e-08,1.600000023841858,0.0,0.0,0.04106520116329193,0.04106520116329193,0.0,0.0,0.4000000059604645,0.0,0.0,0.0,0.4000000059604645,0.0,0.0,0.0,0.4000000059604645,0.0
802,16.04,base_to_front_left_shoulder,2,0.10585879534482956,6.565256626345217e-06,0.10000000149011612,0.0,0.0,-0.469108909368515,-0.469108909368515,0.0,0.0,0.4000000059604645,0.0,0.0,0.0,0.4000000059604645,0.0,0.0,0.0,0.4000000059604645,0.0
802,16.04,front_left_shoulder_to_arm,6,-0.6861590147018433,5.379319918574765e-05,-0.6899999976158142,0.0,0.0,-0.307170033454895,-0.307170033454895,0.0,0.0,0.4000000059604645,0.0,0.0,0.0,0.4000000059604645,0.0,0.0,0.0,0.4000000059604645,0.0
802,16.04,front_left_arm_to_hand,10,1.5994867086410522,3.624393585255348e-08,1.600000023841858,0.0,0.0,0.041065193712711334,0.041065193712711334,0.0,0.0,0.4000000059604645,0.0,0.0,0.0,0.4000000059604645,0.0,0.0,0.0,0.4000000059604645,0.0
803,16.06,base_to_front_left_shoulder,2,0.10583857446908951,6.6053089540218934e-06,0.10000000149011612,0.0,0.0,-0.4674944579601288,-0.4674944579601288,0.0,0.0,0.4000000059604645,0.0,0.0,0.0,0.4000000059604645,0.0,0.0,0.0,0.4000000059604645,0.0
803,16.06,front_left_shoulder_to_arm,6,-0.6861523389816284,5.415850318968296e-05,-0.6899999976158142,0.0,0.0,-0.3077062666416168,-0.3077062666416168,0.0,0.0,0.4000000059604645,0.0,0.0,0.0,0.4000000059604645,0.0,0.0,0.0,0.4000000059604645,0.0
803,16.06,front_left_arm_to_hand,10,1.5994867086410522,3.2986228859499533e-08,1.600000023841858,0.0,0.0,0.041065189987421036,0.041065189987421036,0.0,0.0,0.4000000059604645,0.0,0.0,0.0,0.4000000059604645,0.0,0.0,0.0,0.4000000059604645,0.0
804,16.080000000000002,base_to_front_left_shoulder,2,0.10586079210042953,1.3010077282160637e-07,0.10000000149011612,0.0,0.0,-0.4691399335861206,-0.4691399335861206,0.0,0.0,0.4000000059604645,0.0,0.0,0.0,0.4000000059604645,0.0,0.0,0.0,0.4000000059604645,0.0
804,16.080000000000002,front_left_shoulder_to_arm,6,-0.6862106323242188,1.2386666412567138e-06,-0.6899999976158142,0.0,0.0,-0.3021600842475891,-0.3021600842475891,0.0,0.0,0.4000000059604645,0.0,0.0,0.0,0.4000000059604645,0.0,0.0,0.0,0.4000000059604645,0.0
804,16.080000000000002,front_left_arm_to_hand,10,1.5994867086410522,-8.557109687501452e-09,1.600000023841858,0.0,0.0,0.04106592759490013,0.04106592759490013,0.0,0.0,0.4000000059604645,0.0,0.0,0.0,0.4000000059604645,0.0,0.0,0.0,0.4000000059604645,0.0
805,16.1,base_to_front_left_shoulder,2,0.10584146529436111,6.6111842897953466e-06,0.10000000149011612,0.0,0.0,-0.4677078425884247,-0.4677078425884247,0.0,0.0,0.4000000059604645,0.0,0.0,0.0,0.4000000059604645,0.0,0.0,0.0,0.4000000059604645,0.0
805,16.1,front_left_shoulder_to_arm,6,-0.6862040162086487,5.414566840045154e-05,-0.6899999976158142,0.0,0.0,-0.3035720884799957,-0.3035720884799957,0.0,0.0,0.4000000059604645,0.0,0.0,0.0,0.4000000059604645,0.0,0.0,0.0,0.4000000059604645,0.0
805,16.1,front_left_arm_to_hand,10,1.5994867086410522,3.7962394117130316e-08,1.600000023841858,0.0,0.0,0.041065193712711334,0.041065193712711334,0.0,0.0,0.4000000059604645,0.0,0.0,0.0,0.4000000059604645,0.0,0.0,0.0,0.4000000059604645,0.0
806,16.12,base_to_front_left_shoulder,2,0.10582201927900314,6.624499292229302e-06,0.10000000149011612,0.0,0.0,-0.466154545545578,-0.466154545545578,0.0,0.0,0.4000000059604645,0.0,0.0,0.0,0.4000000059604645,0.0,0.0,0.0,0.4000000059604645,0.0
806,16.12,front_left_shoulder_to_arm,6,-0.6861973404884338,5.4144700698088855e-05,-0.6899999976158142,0.0,0.0,-0.30410611629486084,-0.30410611629486084,0.0,0.0,0.4000000059604645,0.0,0.0,0.0,0.4000000059604645,0.0,0.0,0.0,0.4000000059604645,0.0
806,16.12,front_left_arm_to_hand,10,1.5994867086410522,2.4579687618597745e-08,1.600000023841858,0.0,0.0,0.04106519743800163,0.04106519743800163,0.0,0.0,0.4000000059604645,0.0,0.0,0.0,0.4000000059604645,0.0,0.0,0.0,0.4000000059604645,0.0
807,16.14,base_to_front_left_shoulder,2,0.10584470629692078,6.619508894800674e-06,0.10000000149011612,0.0,0.0,-0.4679712951183319,-0.4679712951183319,0.0,0.0,0.4000000059604645,0.0,0.0,0.0,0.4000000059604645,0.0,0.0,0.0,0.4000000059604645,0.0
807,16.14,front_left_shoulder_to_arm,6,-0.686190664768219,5.4164578614290804e-05,-0.6899999976158142,0.0,0.0,-0.30464017391204834,-0.30464017391204834,0.0,0.0,0.4000000059604645,0.0,0.0,0.0,0.4000000059604645,0.0,0.0,0.0,0.4000000059604645,0.0
807,16.14,front_left_arm_to_hand,10,1.5994867086410522,2.7721835493821345e-08,1.600000023841858,0.0,0.0,0.041065189987421036,0.041065189987421036,0.0,0.0,0.4000000059604645,0.0,0.0,0.0,0.4000000059604645,0.0,0.0,0.0,0.4000000059604645,0.0
808,16.16,base_to_front_left_shoulder,2,0.10582505166530609,6.611807293666061e-06,0.10000000149011612,0.0,0.0,-0.4664013087749481,-0.4664013087749481,0.0,0.0,0.4000000059604645,0.0,0.0,0.0,0.4000000059604645,0.0,0.0,0.0,0.4000000059604645,0.0
808,16.16,front_left_shoulder_to_arm,6,-0.6861839890480042,5.416695785243064e-05,-0.6899999976158142,0.0,0.0,-0.3051742613315582,-0.3051742613315582,0.0,0.0,0.4000000059604645,0.0,0.0,0.0,0.4000000059604645,0.0,0.0,0.0,0.4000000059604645,0.0
808,16.16,front_left_arm_to_hand,10,1.5994867086410522,4.263887021238588e-08,1.600000023841858,0.0,0.0,0.04106519743800163,0.04106519743800163,0.0,0.0,0.4000000059604645,0.0,0.0,0.0,0.4000000059604645,0.0,0.0,0.0,0.4000000059604645,0.0
809,16.18,base_to_front_left_shoulder,2,0.10584764182567596,6.612197466893122e-06,0.10000000149011612,0.0,0.0,-0.4682108759880066,-0.4682108759880066,0.0,0.0,0.4000000059604645,0.0,0.0,0.0,0.4000000059604645,0.0,0.0,0.0,0.4000000059604645,0.0
809,16.18,front_left_shoulder_to_arm,6,-0.6861773133277893,5.412686005001888e-05,-0.6899999976158142,0.0,0.0,-0.3057081401348114,-0.3057081401348114,0.0,0.0,0.4000000059604645,0.0,0.0,0.0,0.4000000059604645,0.0,0.0,0.0,0.4000000059604645,0.0
809,16.18,front_left_arm_to_hand,10,1.5994867086410522,4.3022563289696336e-08,1.600000023841858,0.0,0.0,0.04106519743800163,0.04106519743800163,0.0,0.0,0.4000000059604645,0.0,0.0,0.0,0.4000000059604645,0.0,0.0,0.0,0.4000000059604645,0.0
810,16.2,base_to_front_left_shoulder,2,0.10582774877548218,6.605003363802098e-06,0.10000000149011612,0.0,0.0,-0.46662184596061707,-0.46662184596061707,0.0,0.0,0.4000000059604645,0.0,0.0,0.0,0.4000000059604645,0.0,0.0,0.0,0.4000000059604645,0.0
810,16.2,front_left_shoulder_to_arm,6,-0.6861706376075745,5.416140629677102e-05,-0.6899999976158142,0.0,0.0,-0.3062423765659332,-0.3062423765659332,0.0,0.0,0.4000000059604645,0.0,0.0,0.0,0.4000000059604645,0.0,0.0,0.0,0.4000000059604645,0.0
810,16.2,front_left_arm_to_hand,10,1.5994867086410522,3.025308359383416e-08,1.600000023841858,0.0,0.0,0.04106519743800163,0.04106519743800163,0.0,0.0,0.4000000059604645,0.0,0.0,0.0,0.4000000059604645,0.0,0.0,0.0,0.4000000059604645,0.0
811,16.22,base_to_front_left_shoulder,2,0.10585007071495056,6.5994972828775644e-06,0.10000000149011612,0.0,0.0,-0.4684099555015564,-0.4684099555015564,0.0,0.0,0.4000000059604645,0.0,0.0,0.0,0.4000000059604645,0.0,0.0,0.0,0.4000000059604645,0.0
811,16.22,front_left_shoulder_to_arm,6,-0.6861640214920044,5.413981125457212e-05,-0.6899999976158142,0.0,0.0,-0.306771457195282,-0.306771457195282,0.0,0.0,0.4000000059604645,0.0,0.0,0.0,0.4000000059604645,0.0,0.0,0.0,0.4000000059604645,0.0
811,16.22,front_left_arm_to_hand,10,1.5994867086410522,3.6949927562091034e-08,1.600000023841858,0.0,0.0,0.04106520488858223,0.04106520488858223,0.0,0.0,0.4000000059604645,0.0,0.0,0.0,0.4000000059604645,0.0,0.0,0.0,0.4000000059604645,0.0
812,16.240000000000002,base_to_front_left_shoulder,2,0.10582993924617767,6.618999577767681e-06,0.10000000149011612,0.0,0.0,-0.46680185198783875,-0.46680185198783875,0.0,0.0,0.4000000059604645,0.0,0.0,0.0,0.4000000059604645,0.0,0.0,0.0,0.4000000059604645,0.0
812,16.240000000000002,front_left_shoulder_to_arm,6,-0.6861573457717896,5.414912448031828e-05,-0.6899999976158142,0.0,0.0,-0.3073057234287262,-0.3073057234287262,0.0,0.0,0.4000000059604645,0.0,0.0,0.0,0.4000000059604645,0.0,0.0,0.0,0.4000000059604645,0.0
812,16.240000000000002,front_left_arm_to_hand,10,1.5994867086410522,3.9376644167532504e-08,1.600000023841858,0.0,0.0,0.04106519743800163,0.04106519743800163,0.0,0.0,0.4000000059604645,0.0,0.0,0.0,0.4000000059604645,0.0,0.0,0.0,0.4000000059604645,0.0
813,16.26,base_to_front_left_shoulder,2,0.10585201531648636,6.60566638543969e-06,0.10000000149011612,0.0,0.0,-0.4685702919960022,-0.4685702919960022,0.0,0.0,0.4000000059604645,0.0,0.0,0.0,0.4000000059604645,0.0,0.0,0.0,0.4000000059604645,0.0
813,16.26,front_left_shoulder_to_arm,6,-0.6861507296562195,5.416032945504412e-05,-0.6899999976158142,0.0,0.0,-0.30783480405807495,-0.30783480405807495,0.0,0.0,0.4000000059604645,0.0,0.0,0.0,0.4000000059604645,0.0,0.0,0.0,0.4000000059604645,0.0
813,16.26,front_left_arm_to_hand,10,1.5994867086410522,3.632132461461879e-08,1.600000023841858,0.0,0.0,0.041065193712711334,0.041065193712711334,0.0,0.0,0.4000000059604645,0.0,0.0,0.0,0.4000000059604645,0.0,0.0,0.0,0.4000000059604645,0.0
814,16.28,base_to_front_left_shoulder,2,0.10583164542913437,6.612174729525577e-06,0.10000000149011612,0.0,0.0,-0.4669431149959564,-0.4669431149959564,0.0,0.0,0.4000000059604645,0.0,0.0,0.0,0.4000000059604645,0.0,0.0,0.0,0.4000000059604645,0.0
814,16.28,front_left_shoulder_to_arm,6,-0.6861440539360046,5.4164614994078875e-05,-0.6899999976158142,0.0,0.0,-0.30836907029151917,-0.30836907029151917,0.0,0.0,0.4000000059604645,0.0,0.0,0.0,0.4000000059604645,0.0,0.0,0.0,0.4000000059604645,0.0
814,16.28,front_left_arm_to_hand,10,1.5994867086410522,4.0241758370029856e-08,1.600000023841858,0.0,0.0,0.041065193712711334,0.041065193712711334,0.0,0.0,0.4000000059604645,0.0,0.0,0.0,0.4000000059604645,0.0,0.0,0.0,0.4000000059604645,0.0
815,16.3,base_to_front_left_shoulder,2,0.1058540940284729,6.4468940763617866e-06,0.10000000149011612,0.0,0.0,-0.46871548891067505,-0.46871548891067505,0.0,0.0,0.4000000059604645,0.0,0.0,0.0,0.4000000059604645,0.0,0.0,0.0,0.4000000059604645,0.0
815,16.3,front_left_shoulder_to_arm,6,-0.6862029433250427,5.275746661936864e-05,-0.6899999976158142,0.0,0.0,-0.3036360740661621,-0.3036360740661621,0.0,0.0,0.4000000059604645,0.0,0.0,0.0,0.4000000059604645,0.0,0.0,0.0,0.4000000059604645,0.0
815,16.3,front_left_arm_to_hand,10,1.5994867086410522,4.23006980554419e-08,1.600000023841858,0.0,0.0,0.04106520861387253,0.04106520861387253,0.0,0.0,0.4000000059604645,0.0,0.0,0.0,0.4000000059604645,0.0,0.0,0.0,0.4000000059604645,0.0
816,16.32,base_to_front_left_shoulder,2,0.10583464801311493,6.616241080337204e-06,0.10000000149011612,0.0,0.0,-0.4671648442745209,-0.4671648442745209,0.0,0.0,0.4000000059604645,0.0,0.0,0.0,0.4000000059604645,0.0,0.0,0.0,0.4000000059604645,0.0
816,16.32,front_left_shoulder_to_arm,6,-0.6861962676048279,5.415933992480859e-05,-0.6899999976158142,0.0,0.0,-0.3041919767856598,-0.3041919767856598,0.0,0.0,0.4000000059604645,0.0,0.0,0.0,0.4000000059604645,0.0,0.0,0.0,0.4000000059604645,0.0
816,16.32,front_left_arm_to_hand,10,1.5994867086410522,3.2178093078982783e-08,1.600000023841858,0.0,0.0,0.04106520116329193,0.04106520116329193,0.0,0.0,0.4000000059604645,0.0,0.0,0.0,0.4000000059604645,0.0,0.0,0.0,0.4000000059604645,0.0
817,16.34,base_to_front_left_shoulder,2,0.10585741698741913,4.96170196129242e-06,0.10000000149011612,0.0,0.0,-0.46560201048851013,-0.46560201048851013,0.0,0.0,0.4000000059604645,0.0,0.0,0.0,0.4000000059604645,0.0,0.0,0.0,0.4000000059604645,0.0
817,16.34,front_left_shoulder_to_arm,6,-0.686189591884613,4.021864879177883e-05,-0.6899999976158142,0.0,0.0,-0.3047260046005249,-0.3047260046005249,0.0,0.0,0.4000000059604645,0.0,0.0,0.0,0.4000000059604645,0.0,0.0,0.0,0.4000000059604645,0.0
817,16.34,front_left_arm_to_hand,10,1.5994867086410522,2.6044013168302627e-08,1.600000023841858,0.0,0.0,0.04106519743800163,0.04106519743800163,0.0,0.0,0.4000000059604645,0.0,0.0,0.0,0.4000000059604645,0.0,0.0,0.0,0.4000000059604645,0.0
818,16.36,base_to_front_left_shoulder,2,0.10583773255348206,6.620180101890583e-06,0.10000000149011612,0.0,0.0,-0.467416375875473,-0.467416375875473,0.0,0.0,0.4000000059604645,0.0,0.0,0.0,0.4000000059604645,0.0,0.0,0.0,0.4000000059604645,0.0
818,16.36,front_left_shoulder_to_arm,6,-0.6861829161643982,5.415335181169212e-05,-0.6899999976158142,0.0,0.0,-0.3052600622177124,-0.3052600622177124,0.0,0.0,0.4000000059604645,0.0,0.0,0.0,0.4000000059604645,0.0,0.0,0.0,0.4000000059604645,0.0
818,16.36,front_left_arm_to_hand,10,1.5994867086410522,3.5556116273482985e-08,1.600000023841858,0.0,0.0,0.04106519743800163,0.04106519743800163,0.0,0.0,0.4000000059604645,0.0,0.0,0.0,0.4000000059604645,0.0,0.0,0.0,0.4000000059604645,0.0
819,16.38,base_to_front_left_shoulder,2,0.10586022585630417,4.962862476531882e-06,0.10000000149011612,0.0,0.0,-0.46583446860313416,-0.46583446860313416,0.0,0.0,0.4000000059604645,0.0,0.0,0.0,0.4000000059604645,0.0,0.0,0.0,0.4000000059604645,0.0
819,16.38,front_left_shoulder_to_arm,6,-0.6861762404441833,4.025567614007741e-05,-0.6899999976158142,0.0,0.0,-0.3057941198348999,-0.3057941198348999,0.0,0.0,0.4000000059604645,0.0,0.0,0.0,0.4000000059604645,0.0,0.0,0.0,0.4000000059604645,0.0
819,16.38,front_left_arm_to_hand,10,1.5994867086410522,2.2520747933185703e-08,1.600000023841858,0.0,0.0,0.041065193712711334,0.041065193712711334,0.0,0.0,0.4000000059604645,0.0,0.0,0.0,0.4000000059604645,0.0,0.0,0.0,0.4000000059604645,0.0
820,16.4,base_to_front_left_shoulder,2,0.105840303003788,6.605118869629223e-06,0.10000000149011612,0.0,0.0,-0.46762678027153015,-0.46762678027153015,0.0,0.0,0.4000000059604645,0.0,0.0,0.0,0.4000000059604645,0.0,0.0,0.0,0.4000000059604645,0.0
820,16.4,front_left_shoulder_to_arm,6,-0.6861695647239685,5.4151467338670045e-05,-0.6899999976158142,0.0,0.0,-0.3063282072544098,-0.3063282072544098,0.0,0.0,0.4000000059604645,0.0,0.0,0.0,0.4000000059604645,0.0,0.0,0.0,0.4000000059604645,0.0
820,16.4,front_left_arm_to_hand,10,1.5994867086410522,3.146330129766284e-08,1.600000023841858,0.0,0.0,0.04106520488858223,0.04106520488858223,0.0,0.0,0.4000000059604645,0.0,0.0,0.0,0.4000000059604645,0.0,0.0,0.0,0.4000000059604645,0.0
821,16.42,base_to_front_left_shoulder,2,0.10586253553628922,4.958903446095064e-06,0.10000000149011612,0.0,0.0,-0.46602579951286316,-0.46602579951286316,0.0,0.0,0.4000000059604645,0.0,0.0,0.0,0.4000000059604645,0.0,0.0,0.0,0.4000000059604645,0.0
821,16.42,front_left_shoulder_to_arm,6,-0.6861628890037537,4.028796683996916e-05,-0.6899999976158142,0.0,0.0,-0.3068622648715973,-0.3068622648715973,0.0,0.0,0.4000000059604645,0.0,0.0,0.0,0.4000000059604645,0.0,0.0,0.0,0.4000000059604645,0.0
821,16.42,front_left_arm_to_hand,10,1.5994867086410522,1.8307567017927795e-08,1.600000023841858,0.0,0.0,0.04106519743800163,0.04106519743800163,0.0,0.0,0.4000000059604645,0.0,0.0,0.0,0.4000000059604645,0.0,0.0,0.0,0.4000000059604645,0.0
822,16.44,base_to_front_left_shoulder,2,0.10584237426519394,6.6162674556835555e-06,0.10000000149011612,0.0,0.0,-0.46779724955558777,-0.46779724955558777,0.0,0.0,0.4000000059604645,0.0,0.0,0.0,0.4000000059604645,0.0,0.0,0.0,0.4000000059604645,0.0
822,16.44,front_left_shoulder_to_arm,6,-0.6861562728881836,5.414757470134646e-05,-0.6899999976158142,0.0,0.0,-0.30739155411720276,-0.30739155411720276,0.0,0.0,0.4000000059604645,0.0,0.0,0.0,0.4000000059604645,0.0,0.0,0.0,0.4000000059604645,0.0
822,16.44,front_left_arm_to_hand,10,1.5994867086410522,3.185352426271493e-08,1.600000023841858,0.0,0.0,0.041065189987421036,0.041065189987421036,0.0,0.0,0.4000000059604645,0.0,0.0,0.0,0.4000000059604645,0.0,0.0,0.0,0.4000000059604645,0.0
823,16.46,base_to_front_left_shoulder,2,0.10586458444595337,-0.000241312722209841,0.10000000149011612,0.0,0.0,-0.4661789834499359,-0.4661789834499359,0.0,0.0,0.4000000059604645,0.0,0.0,0.0,0.4000000059604645,0.0,0.0,0.0,0.4000000059604645,0.0
823,16.46,front_left_shoulder_to_arm,6,-0.6862128376960754,-0.0019747628830373287,-0.6899999976158142,0.0,0.0,-0.30792561173439026,-0.30792561173439026,0.0,0.0,0.4000000059604645,0.0,0.0,0.0,0.4000000059604645,0.0,0.0,0.0,0.4000000059604645,0.0
823,16.46,front_left_arm_to_hand,10,1.5994867086410522,-1.4062907212064601e-06,1.600000023841858,0.0,0.0,0.041065189987421036,0.041065189987421036,0.0,0.0,0.4000000059604645,0.0,0.0,0.0,0.4000000059604645,0.0,0.0,0.0,0.4000000059604645,0.0
824,16.48,base_to_front_left_shoulder,2,0.10584517568349838,6.611511707887985e-06,0.10000000149011612,0.0,0.0,-0.46800288558006287,-0.46800288558006287,0.0,0.0,0.4000000059604645,0.0,0.0,0.0,0.4000000059604645,0.0,0.0,0.0,0.4000000059604645,0.0
824,16.48,front_left_shoulder_to_arm,6,-0.6862078905105591,5.4145064495969564e-05,-0.6899999976158142,0.0,0.0,-0.3032621145248413,-0.3032621145248413,0.0,0.0,0.4000000059604645,0.0,0.0,0.0,0.4000000059604645,0.0,0.0,0.0,0.4000000059604645,0.0
824,16.48,front_left_arm_to_hand,10,1.5994867086410522,2.8361849757629898e-08,1.600000023841858,0.0,0.0,0.04106519743800163,0.04106519743800163,0.0,0.0,0.4000000059604645,0.0,0.0,0.0,0.4000000059604645,0.0,0.0,0.0,0.4000000059604645,0.0
825,16.5,base_to_front_left_shoulder,2,0.10582581907510757,6.606068382097874e-06,0.10000000149011612,0.0,0.0,-0.46645674109458923,-0.46645674109458923,0.0,0.0,0.4000000059604645,0.0,0.0,0.0,0.4000000059604645,0.0,0.0,0.0,0.4000000059604645,0.0
825,16.5,front_left_shoulder_to_arm,6,-0.6862012147903442,5.413857434177771e-05,-0.6899999976158142,0.0,0.0,-0.3037961721420288,-0.3037961721420288,0.0,0.0,0.4000000059604645,0.0,0.0,0.0,0.4000000059604645,0.0,0.0,0.0,0.4000000059604645,0.0
825,16.5,front_left_arm_to_hand,10,1.5994867086410522,1.746076705444466e-08,1.600000023841858,0.0,0.0,0.041065193712711334,0.041065193712711334,0.0,0.0,0.4000000059604645,0.0,0.0,0.0,0.4000000059604645,0.0,0.0,0.0,0.4000000059604645,0.0
826,16.52,base_to_front_left_shoulder,2,0.10584861040115356,6.616558493988123e-06,0.10000000149011612,0.0,0.0,-0.46828240156173706,-0.46828240156173706,0.0,0.0,0.4000000059604645,0.0,0.0,0.0,0.4000000059604645,0.0,0.0,0.0,0.4000000059604645,0.0
826,16.52,front_left_shoulder_to_arm,6,-0.6861945390701294,5.415233317762613e-05,-0.6899999976158142,0.0,0.0,-0.304330050945282,-0.304330050945282,0.0,0.0,0.4000000059604645,0.0,0.0,0.0,0.4000000059604645,0.0,0.0,0.0,0.4000000059604645,0.0
826,16.52,front_left_arm_to_hand,10,1.5994867086410522,5.412364245671597e-08,1.600000023841858,0.0,0.0,0.04106520116329193,0.04106520116329193,0.0,0.0,0.4000000059604645,0.0,0.0,0.0,0.4000000059604645,0.0,0.0,0.0,0.4000000059604645,0.0
827,16.54,base_to_front_left_shoulder,2,0.10582901537418365,6.625060450460296e-06,0.10000000149011612,0.0,0.0,-0.4667172133922577,-0.4667172133922577,0.0,0.0,0.4000000059604645,0.0,0.0,0.0,0.4000000059604645,0.0,0.0,0.0,0.4000000059604645,0.0
827,16.54,front_left_shoulder_to_arm,6,-0.6861878633499146,5.4152005759533495e-05,-0.6899999976158142,0.0,0.0,-0.3048642873764038,-0.3048642873764038,0.0,0.0,0.4000000059604645,0.0,0.0,0.0,0.4000000059604645,0.0,0.0,0.0,0.4000000059604645,0.0
827,16.54,front_left_arm_to_hand,10,1.5994867086410522,4.2450427173434946e-08,1.600000023841858,0.0,0.0,0.04106519743800163,0.04106519743800163,0.0,0.0,0.4000000059604645,0.0,0.0,0.0,0.4000000059604645,0.0,0.0,0.0,0.4000000059604645,0.0
828,16.56,base_to_front_left_shoulder,2,0.10585151612758636,6.613775440200698e-06,0.10000000149011612,0.0,0.0,-0.4685196280479431,-0.4685196280479431,0.0,0.0,0.4000000059604645,0.0,0.0,0.0,0.4000000059604645,0.0,0.0,0.0,0.4000000059604645,0.0
828,16.56,front_left_shoulder_to_arm,6,-0.6861811876296997,5.414697079686448e-05,-0.6899999976158142,0.0,0.0,-0.30539819598197937,-0.30539819598197937,0.0,0.0,0.4000000059604645,0.0,0.0,0.0,0.4000000059604645,0.0,0.0,0.0,0.4000000059604645,0.0
828,16.56,front_left_arm_to_hand,10,1.5994867086410522,3.853202912296183e-08,1.600000023841858,0.0,0.0,0.04106519743800163,0.04106519743800163,0.0,0.0,0.4000000059604645,0.0,0.0,0.0,0.4000000059604645,0.0,0.0,0.0,0.4000000059604645,0.0
829,16.580000000000002,base_to_front_left_shoulder,2,0.10583168268203735,6.615935490117408e-06,0.10000000149011612,0.0,0.0,-0.4669353663921356,-0.4669353663921356,0.0,0.0,0.4000000059604645,0.0,0.0,0.0,0.4000000059604645,0.0,0.0,0.0,0.4000000059604645,0.0
829,16.580000000000002,front_left_shoulder_to_arm,6,-0.6861745119094849,5.414484621724114e-05,-0.6899999976158142,0.0,0.0,-0.3059324324131012,-0.3059324324131012,0.0,0.0,0.4000000059604645,0.0,0.0,0.0,0.4000000059604645,0.0,0.0,0.0,0.4000000059604645,0.0
829,16.580000000000002,front_left_arm_to_hand,10,1.5994867086410522,3.5708119128230464e-08,1.600000023841858,0.0,0.0,0.041065193712711334,0.041065193712711334,0.0,0.0,0.4000000059604645,0.0,0.0,0.0,0.4000000059604645,0.0,0.0,0.0,0.4000000059604645,0.0
830,16.6,base_to_front_left_shoulder,2,0.1058540940284729,6.5747399276006036e-06,0.10000000149011612,0.0,0.0,-0.4687298536300659,-0.4687298536300659,0.0,0.0,0.4000000059604645,0.0,0.0,0.0,0.4000000059604645,0.0,0.0,0.0,0.4000000059604645,0.0
830,16.6,front_left_shoulder_to_arm,6,-0.6861678957939148,5.379954382078722e-05,-0.6899999976158142,0.0,0.0,-0.30645951628685,-0.30645951628685,0.0,0.0,0.4000000059604645,0.0,0.0,0.0,0.4000000059604645,0.0,0.0,0.0,0.4000000059604645,0.0
830,16.6,front_left_arm_to_hand,10,1.5994867086410522,3.382189106559963e-08,1.600000023841858,0.0,0.0,0.04106520861387253,0.04106520861387253,0.0,0.0,0.4000000059604645,0.0,0.0,0.0,0.4000000059604645,0.0,0.0,0.0,0.4000000059604645,0.0
831,16.62,base_to_front_left_shoulder,2,0.10583402216434479,6.6169159254059196e-06,0.10000000149011612,0.0,0.0,-0.4671272933483124,-0.4671272933483124,0.0,0.0,0.4000000059604645,0.0,0.0,0.0,0.4000000059604645,0.0,0.0,0.0,0.4000000059604645,0.0
831,16.62,front_left_shoulder_to_arm,6,-0.6861612200737,5.4165364417713135e-05,-0.6899999976158142,0.0,0.0,-0.30699577927589417,-0.30699577927589417,0.0,0.0,0.4000000059604645,0.0,0.0,0.0,0.4000000059604645,0.0,0.0,0.0,0.4000000059604645,0.0
831,16.62,front_left_arm_to_hand,10,1.5994867086410522,3.1058725369348394e-08,1.600000023841858,0.0,0.0,0.04106519743800163,0.04106519743800163,0.0,0.0,0.4000000059604645,0.0,0.0,0.0,0.4000000059604645,0.0,0.0,0.0,0.4000000059604645,0.0
832,16.64,base_to_front_left_shoulder,2,0.10585618019104004,6.576980922545772e-06,0.10000000149011612,0.0,0.0,-0.46890148520469666,-0.46890148520469666,0.0,0.0,0.4000000059604645,0.0,0.0,0.0,0.4000000059604645,0.0,0.0,0.0,0.4000000059604645,0.0
832,16.64,front_left_shoulder_to_arm,6,-0.6861546039581299,5.3806332289241254e-05,-0.6899999976158142,0.0,0.0,-0.30752286314964294,-0.30752286314964294,0.0,0.0,0.4000000059604645,0.0,0.0,0.0,0.4000000059604645,0.0,0.0,0.0,0.4000000059604645,0.0
832,16.64,front_left_arm_to_hand,10,1.5994867086410522,2.9392751343948476e-08,1.600000023841858,0.0,0.0,0.04106520861387253,0.04106520861387253,0.0,0.0,0.4000000059604645,0.0,0.0,0.0,0.4000000059604645,0.0,0.0,0.0,0.4000000059604645,0.0
833,16.66,base_to_front_left_shoulder,2,0.10583589971065521,6.62204092805041e-06,0.10000000149011612,0.0,0.0,-0.46728166937828064,-0.46728166937828064,0.0,0.0,0.4000000059604645,0.0,0.0,0.0,0.4000000059604645,0.0,0.0,0.0,0.4000000059604645,0.0
833,16.66,front_left_shoulder_to_arm,6,-0.686147928237915,5.41678091394715e-05,-0.6899999976158142,0.0,0.0,-0.30805912613868713,-0.30805912613868713,0.0,0.0,0.4000000059604645,0.0,0.0,0.0,0.4000000059604645,0.0,0.0,0.0,0.4000000059604645,0.0
833,16.66,front_left_arm_to_hand,10,1.5994867086410522,3.8681978509202963e-08,1.600000023841858,0.0,0.0,0.04106519743800163,0.04106519743800163,0.0,0.0,0.4000000059604645,0.0,0.0,0.0,0.4000000059604645,0.0,0.0,0.0,0.4000000059604645,0.0
834,16.68,base_to_front_left_shoulder,2,0.10585815459489822,1.1010993716809025e-07,0.10000000149011612,0.0,0.0,-0.4689302444458008,-0.4689302444458008,0.0,0.0,0.4000000059604645,0.0,0.0,0.0,0.4000000059604645,0.0,0.0,0.0,0.4000000059604645,0.0
834,16.68,front_left_shoulder_to_arm,6,-0.6862066388130188,1.0602968814055203e-06,-0.6899999976158142,0.0,0.0,-0.3024805784225464,-0.3024805784225464,0.0,0.0,0.4000000059604645,0.0,0.0,0.0,0.4000000059604645,0.0,0.0,0.0,0.4000000059604645,0.0
834,16.68,front_left_arm_to_hand,10,1.5994867086410522,-1.648803982234881e-09,1.600000023841858,0.0,0.0,0.04106592386960983,0.04106592386960983,0.0,0.0,0.4000000059604645,0.0,0.0,0.0,0.4000000059604645,0.0,0.0,0.0,0.4000000059604645,0.0
835,16.7,base_to_front_left_shoulder,2,0.10583876818418503,6.615533493459225e-06,0.10000000149011612,0.0,0.0,-0.4674932658672333,-0.4674932658672333,0.0,0.0,0.4000000059604645,0.0,0.0,0.0,0.4000000059604645,0.0,0.0,0.0,0.4000000059604645,0.0
835,16.7,front_left_shoulder_to_arm,6,-0.6862000226974487,5.4118718253448606e-05,-0.6899999976158142,0.0,0.0,-0.30389153957366943,-0.30389153957366943,0.0,0.0,0.4000000059604645,0.0,0.0,0.0,0.4000000059604645,0.0,0.0,0.0,0.4000000059604645,0.0
835,16.7,front_left_arm_to_hand,10,1.5994867086410522,4.0212114527093945e-08,1.600000023841858,0.0,0.0,0.04106519743800163,0.04106519743800163,0.0,0.0,0.4000000059604645,0.0,0.0,0.0,0.4000000059604645,0.0,0.0,0.0,0.4000000059604645,0.0
836,16.72,base_to_front_left_shoulder,2,0.10581926256418228,6.614242010982707e-06,0.10000000149011612,0.0,0.0,-0.46593520045280457,-0.46593520045280457,0.0,0.0,0.4000000059604645,0.0,0.0,0.0,0.4000000059604645,0.0,0.0,0.0,0.4000000059604645,0.0
836,16.72,front_left_shoulder_to_arm,6,-0.6861933469772339,5.4148091294337064e-05,-0.6899999976158142,0.0,0.0,-0.30442559719085693,-0.30442559719085693,0.0,0.0,0.4000000059604645,0.0,0.0,0.0,0.4000000059604645,0.0,0.0,0.0,0.4000000059604645,0.0
836,16.72,front_left_arm_to_hand,10,1.5994867086410522,4.430516398201689e-08,1.600000023841858,0.0,0.0,0.041065193712711334,0.041065193712711334,0.0,0.0,0.4000000059604645,0.0,0.0,0.0,0.4000000059604645,0.0,0.0,0.0,0.4000000059604645,0.0
837,16.740000000000002,base_to_front_left_shoulder,2,0.1058419868350029,6.606629540328868e-06,0.10000000149011612,0.0,0.0,-0.467755526304245,-0.467755526304245,0.0,0.0,0.4000000059604645,0.0,0.0,0.0,0.4000000059604645,0.0,0.0,0.0,0.4000000059604645,0.0
837,16.740000000000002,front_left_shoulder_to_arm,6,-0.686186671257019,5.4148651543073356e-05,-0.6899999976158142,0.0,0.0,-0.30495965480804443,-0.30495965480804443,0.0,0.0,0.4000000059604645,0.0,0.0,0.0,0.4000000059604645,0.0,0.0,0.0,0.4000000059604645,0.0
837,16.740000000000002,front_left_arm_to_hand,10,1.5994867086410522,3.683193483539071e-08,1.600000023841858,0.0,0.0,0.041065189987421036,0.041065189987421036,0.0,0.0,0.4000000059604645,0.0,0.0,0.0,0.4000000059604645,0.0,0.0,0.0,0.4000000059604645,0.0
838,16.76,base_to_front_left_shoulder,2,0.10582224279642105,6.630036295973696e-06,0.10000000149011612,0.0,0.0,-0.46617838740348816,-0.46617838740348816,0.0,0.0,0.4000000059604645,0.0,0.0,0.0,0.4000000059604645,0.0,0.0,0.0,0.4000000059604645,0.0
838,16.76,front_left_shoulder_to_arm,6,-0.6861799955368042,5.4154545068740845e-05,-0.6899999976158142,0.0,0.0,-0.30549371242523193,-0.30549371242523193,0.0,0.0,0.4000000059604645,0.0,0.0,0.0,0.4000000059604645,0.0,0.0,0.0,0.4000000059604645,0.0
838,16.76,front_left_arm_to_hand,10,1.5994867086410522,4.808247666687748e-08,1.600000023841858,0.0,0.0,0.04106519743800163,0.04106519743800163,0.0,0.0,0.4000000059604645,0.0,0.0,0.0,0.4000000059604645,0.0,0.0,0.0,0.4000000059604645,0.0
839,16.78,base_to_front_left_shoulder,2,0.10584469139575958,6.61830654280493e-06,0.10000000149011612,0.0,0.0,-0.4679766595363617,-0.4679766595363617,0.0,0.0,0.4000000059604645,0.0,0.0,0.0,0.4000000059604645,0.0,0.0,0.0,0.4000000059604645,0.0
839,16.78,front_left_shoulder_to_arm,6,-0.6861733198165894,5.415229679783806e-05,-0.6899999976158142,0.0,0.0,-0.3060277998447418,-0.3060277998447418,0.0,0.0,0.4000000059604645,0.0,0.0,0.0,0.4000000059604645,0.0,0.0,0.0,0.4000000059604645,0.0
839,16.78,front_left_arm_to_hand,10,1.5994867086410522,3.590592356772504e-08,1.600000023841858,0.0,0.0,0.04106519743800163,0.04106519743800163,0.0,0.0,0.4000000059604645,0.0,0.0,0.0,0.4000000059604645,0.0,0.0,0.0,0.4000000059604645,0.0
840,16.8,base_to_front_left_shoulder,2,0.10582472383975983,6.616453902097419e-06,0.10000000149011612,0.0,0.0,-0.4663810431957245,-0.4663810431957245,0.0,0.0,0.4000000059604645,0.0,0.0,0.0,0.4000000059604645,0.0,0.0,0.0,0.4000000059604645,0.0
840,16.8,front_left_shoulder_to_arm,6,-0.6861666440963745,5.414008774096146e-05,-0.6899999976158142,0.0,0.0,-0.30656182765960693,-0.30656182765960693,0.0,0.0,0.4000000059604645,0.0,0.0,0.0,0.4000000059604645,0.0,0.0,0.0,0.4000000059604645,0.0
840,16.8,front_left_arm_to_hand,10,1.5994867086410522,3.5655869368156345e-08,1.600000023841858,0.0,0.0,0.04106520116329193,0.04106520116329193,0.0,0.0,0.4000000059604645,0.0,0.0,0.0,0.4000000059604645,0.0,0.0,0.0,0.4000000059604645,0.0
841,16.82,base_to_front_left_shoulder,2,0.10584693402051926,6.604525879083667e-06,0.10000000149011612,0.0,0.0,-0.4681602418422699,-0.4681602418422699,0.0,0.0,0.4000000059604645,0.0,0.0,0.0,0.4000000059604645,0.0,0.0,0.0,0.4000000059604645,0.0
841,16.82,front_left_shoulder_to_arm,6,-0.6861600279808044,5.415910709416494e-05,-0.6899999976158142,0.0,0.0,-0.3070911169052124,-0.3070911169052124,0.0,0.0,0.4000000059604645,0.0,0.0,0.0,0.4000000059604645,0.0,0.0,0.0,0.4000000059604645,0.0
841,16.82,front_left_arm_to_hand,10,1.5994867086410522,4.5944709370360215e-08,1.600000023841858,0.0,0.0,0.041065193712711334,0.041065193712711334,0.0,0.0,0.4000000059604645,0.0,0.0,0.0,0.4000000059604645,0.0,0.0,0.0,0.4000000059604645,0.0
842,16.84,base_to_front_left_shoulder,2,0.10582674294710159,6.613231562369037e-06,0.10000000149011612,0.0,0.0,-0.4665473401546478,-0.4665473401546478,0.0,0.0,0.4000000059604645,0.0,0.0,0.0,0.4000000059604645,0.0,0.0,0.0,0.4000000059604645,0.0
842,16.84,front_left_shoulder_to_arm,6,-0.6861533522605896,5.417198553914204e-05,-0.6899999976158142,0.0,0.0,-0.3076252043247223,-0.3076252043247223,0.0,0.0,0.4000000059604645,0.0,0.0,0.0,0.4000000059604645,0.0,0.0,0.0,0.4000000059604645,0.0
842,16.84,front_left_arm_to_hand,10,1.5994867086410522,3.9919427763379645e-08,1.600000023841858,0.0,0.0,0.04106520116329193,0.04106520116329193,0.0,0.0,0.4000000059604645,0.0,0.0,0.0,0.4000000059604645,0.0,0.0,0.0,0.4000000059604645,0.0
843,16.86,base_to_front_left_shoulder,2,0.10584869235754013,6.610624950553756e-06,0.10000000149011612,0.0,0.0,-0.46830567717552185,-0.46830567717552185,0.0,0.0,0.4000000059604645,0.0,0.0,0.0,0.4000000059604645,0.0,0.0,0.0,0.4000000059604645,0.0
843,16.86,front_left_shoulder_to_arm,6,-0.6861467361450195,5.4155607358552516e-05,-0.6899999976158142,0.0,0.0,-0.30815449357032776,-0.30815449357032776,0.0,0.0,0.4000000059604645,0.0,0.0,0.0,0.4000000059604645,0.0,0.0,0.0,0.4000000059604645,0.0
843,16.86,front_left_arm_to_hand,10,1.5994867086410522,4.46455779012922e-08,1.600000023841858,0.0,0.0,0.04106520116329193,0.04106520116329193,0.0,0.0,0.4000000059604645,0.0,0.0,0.0,0.4000000059604645,0.0,0.0,0.0,0.4000000059604645,0.0
844,16.88,base_to_front_left_shoulder,2,0.10582824796438217,6.6249785959371366e-06,0.10000000149011612,0.0,0.0,-0.4666731059551239,-0.4666731059551239,0.0,0.0,0.4000000059604645,0.0,0.0,0.0,0.4000000059604645,0.0,0.0,0.0,0.4000000059604645,0.0
844,16.88,front_left_shoulder_to_arm,6,-0.6861400604248047,5.416589556261897e-05,-0.6899999976158142,0.0,0.0,-0.30868855118751526,-0.30868855118751526,0.0,0.0,0.4000000059604645,0.0,0.0,0.0,0.4000000059604645,0.0,0.0,0.0,0.4000000059604645,0.0
844,16.88,front_left_arm_to_hand,10,1.5994867086410522,2.303167079276136e-08,1.600000023841858,0.0,0.0,0.04106520116329193,0.04106520116329193,0.0,0.0,0.4000000059604645,0.0,0.0,0.0,0.4000000059604645,0.0,0.0,0.0,0.4000000059604645,0.0
845,16.9,base_to_front_left_shoulder,2,0.10585086792707443,6.612874130951241e-06,0.10000000149011612,0.0,0.0,-0.4684617519378662,-0.4684617519378662,0.0,0.0,0.4000000059604645,0.0,0.0,0.0,0.4000000059604645,0.0,0.0,0.0,0.4000000059604645,0.0
845,16.9,front_left_shoulder_to_arm,6,-0.6861990094184875,5.411608435679227e-05,-0.6899999976158142,0.0,0.0,-0.30397191643714905,-0.30397191643714905,0.0,0.0,0.4000000059604645,0.0,0.0,0.0,0.4000000059604645,0.0,0.0,0.0,0.4000000059604645,0.0
845,16.9,front_left_arm_to_hand,10,1.5994867086410522,3.052527830504914e-08,1.600000023841858,0.0,0.0,0.04106519743800163,0.04106519743800163,0.0,0.0,0.4000000059604645,0.0,0.0,0.0,0.4000000059604645,0.0,0.0,0.0,0.4000000059604645,0.0
846,16.92,base_to_front_left_shoulder,2,0.1058313325047493,6.61737794871442e-06,0.10000000149011612,0.0,0.0,-0.46690139174461365,-0.46690139174461365,0.0,0.0,0.4000000059604645,0.0,0.0,0.0,0.4000000059604645,0.0,0.0,0.0,0.4000000059604645,0.0
846,16.92,front_left_shoulder_to_arm,6,-0.6861923336982727,5.4149917559698224e-05,-0.6899999976158142,0.0,0.0,-0.30450665950775146,-0.30450665950775146,0.0,0.0,0.4000000059604645,0.0,0.0,0.0,0.4000000059604645,0.0,0.0,0.0,0.4000000059604645,0.0
846,16.92,front_left_arm_to_hand,10,1.5994867086410522,3.058236686115379e-08,1.600000023841858,0.0,0.0,0.041065193712711334,0.041065193712711334,0.0,0.0,0.4000000059604645,0.0,0.0,0.0,0.4000000059604645,0.0,0.0,0.0,0.4000000059604645,0.0
847,16.94,base_to_front_left_shoulder,2,0.10585399717092514,6.581895831914153e-06,0.10000000149011612,0.0,0.0,-0.4687155485153198,-0.4687155485153198,0.0,0.0,0.4000000059604645,0.0,0.0,0.0,0.4000000059604645,0.0,0.0,0.0,0.4000000059604645,0.0
847,16.94,front_left_shoulder_to_arm,6,-0.6861856579780579,5.377915658755228e-05,-0.6899999976158142,0.0,0.0,-0.30503377318382263,-0.30503377318382263,0.0,0.0,0.4000000059604645,0.0,0.0,0.0,0.4000000059604645,0.0,0.0,0.0,0.4000000059604645,0.0
847,16.94,front_left_arm_to_hand,10,1.5994867086410522,4.791230168166294e-08,1.600000023841858,0.0,0.0,0.04106519743800163,0.04106519743800163,0.0,0.0,0.4000000059604645,0.0,0.0,0.0,0.4000000059604645,0.0,0.0,0.0,0.4000000059604645,0.0
848,16.96,base_to_front_left_shoulder,2,0.10583425313234329,6.606856004509609e-06,0.10000000149011612,0.0,0.0,-0.46713921427726746,-0.46713921427726746,0.0,0.0,0.4000000059604645,0.0,0.0,0.0,0.4000000059604645,0.0,0.0,0.0,0.4000000059604645,0.0
848,16.96,front_left_shoulder_to_arm,6,-0.686178982257843,5.414234328782186e-05,-0.6899999976158142,0.0,0.0,-0.30557480454444885,-0.30557480454444885,0.0,0.0,0.4000000059604645,0.0,0.0,0.0,0.4000000059604645,0.0,0.0,0.0,0.4000000059604645,0.0
848,16.96,front_left_arm_to_hand,10,1.5994867086410522,3.709769913484706e-08,1.600000023841858,0.0,0.0,0.041065193712711334,0.041065193712711334,0.0,0.0,0.4000000059604645,0.0,0.0,0.0,0.4000000059604645,0.0,0.0,0.0,0.4000000059604645,0.0
849,16.98,base_to_front_left_shoulder,2,0.10585664212703705,6.562473572557792e-06,0.10000000149011612,0.0,0.0,-0.4689319133758545,-0.4689319133758545,0.0,0.0,0.4000000059604645,0.0,0.0,0.0,0.4000000059604645,0.0,0.0,0.0,0.4000000059604645,0.0
849,16.98,front_left_shoulder_to_arm,6,-0.6861723065376282,5.3788506193086505e-05,-0.6899999976158142,0.0,0.0,-0.30610191822052,-0.30610191822052,0.0,0.0,0.4000000059604645,0.0,0.0,0.0,0.4000000059604645,0.0,0.0,0.0,0.4000000059604645,0.0
849,16.98,front_left_arm_to_hand,10,1.5994867086410522,3.244585045081294e-08,1.600000023841858,0.0,0.0,0.041065193712711334,0.041065193712711334,0.0,0.0,0.4000000059604645,0.0,0.0,0.0,0.4000000059604645,0.0,0.0,0.0,0.4000000059604645,0.0
850,17.0,base_to_front_left_shoulder,2,0.1058366596698761,6.610100172110833e-06,0.10000000149011612,0.0,0.0,-0.467336505651474,-0.467336505651474,0.0,0.0,0.4000000059604645,0.0,0.0,0.0,0.4000000059604645,0.0,0.0,0.0,0.4000000059604645,0.0
850,17.0,front_left_shoulder_to_arm,6,-0.6861656308174133,5.416738713392988e-05,-0.6899999976158142,0.0,0.0,-0.30664291977882385,-0.30664291977882385,0.0,0.0,0.4000000059604645,0.0,0.0,0.0,0.4000000059604645,0.0,0.0,0.0,0.4000000059604645,0.0
850,17.0,front_left_arm_to_hand,10,1.5994867086410522,3.245493829240331e-08,1.600000023841858,0.0,0.0,0.04106520116329193,0.04106520116329193,0.0,0.0,0.4000000059604645,0.0,0.0,0.0,0.4000000059604645,0.0,0.0,0.0,0.4000000059604645,0.0
851,17.02,base_to_front_left_shoulder,2,0.10585879534482956,6.565256626345217e-06,0.10000000149011612,0.0,0.0,-0.469108909368515,-0.469108909368515,0.0,0.0,0.4000000059604645,0.0,0.0,0.0,0.4000000059604645,0.0,0.0,0.0,0.4000000059604645,0.0
851,17.02,front_left_shoulder_to_arm,6,-0.6861590147018433,5.379319918574765e-05,-0.6899999976158142,0.0,0.0,-0.307170033454895,-0.307170033454895,0.0,0.0,0.4000000059604645,0.0,0.0,0.0,0.4000000059604645,0.0,0.0,0.0,0.4000000059604645,0.0
851,17.02,front_left_arm_to_hand,10,1.5994867086410522,3.624393585255348e-08,1.600000023841858,0.0,0.0,0.041065193712711334,0.041065193712711334,0.0,0.0,0.4000000059604645,0.0,0.0,0.0,0.4000000059604645,0.0,0.0,0.0,0.4000000059604645,0.0
852,17.04,base_to_front_left_shoulder,2,0.10583857446908951,6.6053089540218934e-06,0.10000000149011612,0.0,0.0,-0.4674944579601288,-0.4674944579601288,0.0,0.0,0.4000000059604645,0.0,0.0,0.0,0.4000000059604645,0.0,0.0,0.0,0.4000000059604645,0.0
852,17.04,front_left_shoulder_to_arm,6,-0.6861523389816284,5.415850318968296e-05,-0.6899999976158142,0.0,0.0,-0.3077062666416168,-0.3077062666416168,0.0,0.0,0.4000000059604645,0.0,0.0,0.0,0.4000000059604645,0.0,0.0,0.0,0.4000000059604645,0.0
852,17.04,front_left_arm_to_hand,10,1.5994867086410522,3.2986228859499533e-08,1.600000023841858,0.0,0.0,0.041065189987421036,0.041065189987421036,0.0,0.0,0.4000000059604645,0.0,0.0,0.0,0.4000000059604645,0.0,0.0,0.0,0.4000000059604645,0.0
853,17.06,base_to_front_left_shoulder,2,0.10586079210042953,1.3010077282160637e-07,0.10000000149011612,0.0,0.0,-0.4691399335861206,-0.4691399335861206,0.0,0.0,0.4000000059604645,0.0,0.0,0.0,0.4000000059604645,0.0,0.0,0.0,0.4000000059604645,0.0
853,17.06,front_left_shoulder_to_arm,6,-0.6862106323242188,1.2386666412567138e-06,-0.6899999976158142,0.0,0.0,-0.3021600842475891,-0.3021600842475891,0.0,0.0,0.4000000059604645,0.0,0.0,0.0,0.4000000059604645,0.0,0.0,0.0,0.4000000059604645,0.0
853,17.06,front_left_arm_to_hand,10,1.5994867086410522,-8.557109687501452e-09,1.600000023841858,0.0,0.0,0.04106592759490013,0.04106592759490013,0.0,0.0,0.4000000059604645,0.0,0.0,0.0,0.4000000059604645,0.0,0.0,0.0,0.4000000059604645,0.0
854,17.080000000000002,base_to_front_left_shoulder,2,0.10584146529436111,6.6111842897953466e-06,0.10000000149011612,0.0,0.0,-0.4677078425884247,-0.4677078425884247,0.0,0.0,0.4000000059604645,0.0,0.0,0.0,0.4000000059604645,0.0,0.0,0.0,0.4000000059604645,0.0
854,17.080000000000002,front_left_shoulder_to_arm,6,-0.6862040162086487,5.414566840045154e-05,-0.6899999976158142,0.0,0.0,-0.3035720884799957,-0.3035720884799957,0.0,0.0,0.4000000059604645,0.0,0.0,0.0,0.4000000059604645,0.0,0.0,0.0,0.4000000059604645,0.0
854,17.080000000000002,front_left_arm_to_hand,10,1.5994867086410522,3.7962394117130316e-08,1.600000023841858,0.0,0.0,0.041065193712711334,0.041065193712711334,0.0,0.0,0.4000000059604645,0.0,0.0,0.0,0.4000000059604645,0.0,0.0,0.0,0.4000000059604645,0.0
855,17.1,base_to_front_left_shoulder,2,0.10582201927900314,6.624499292229302e-06,0.10000000149011612,0.0,0.0,-0.466154545545578,-0.466154545545578,0.0,0.0,0.4000000059604645,0.0,0.0,0.0,0.4000000059604645,0.0,0.0,0.0,0.4000000059604645,0.0
855,17.1,front_left_shoulder_to_arm,6,-0.6861973404884338,5.4144700698088855e-05,-0.6899999976158142,0.0,0.0,-0.30410611629486084,-0.30410611629486084,0.0,0.0,0.4000000059604645,0.0,0.0,0.0,0.4000000059604645,0.0,0.0,0.0,0.4000000059604645,0.0
855,17.1,front_left_arm_to_hand,10,1.5994867086410522,2.4579687618597745e-08,1.600000023841858,0.0,0.0,0.04106519743800163,0.04106519743800163,0.0,0.0,0.4000000059604645,0.0,0.0,0.0,0.4000000059604645,0.0,0.0,0.0,0.4000000059604645,0.0
856,17.12,base_to_front_left_shoulder,2,0.10584470629692078,6.619508894800674e-06,0.10000000149011612,0.0,0.0,-0.4679712951183319,-0.4679712951183319,0.0,0.0,0.4000000059604645,0.0,0.0,0.0,0.4000000059604645,0.0,0.0,0.0,0.4000000059604645,0.0
856,17.12,front_left_shoulder_to_arm,6,-0.686190664768219,5.4164578614290804e-05,-0.6899999976158142,0.0,0.0,-0.30464017391204834,-0.30464017391204834,0.0,0.0,0.4000000059604645,0.0,0.0,0.0,0.4000000059604645,0.0,0.0,0.0,0.4000000059604645,0.0
856,17.12,front_left_arm_to_hand,10,1.5994867086410522,2.7721835493821345e-08,1.600000023841858,0.0,0.0,0.041065189987421036,0.041065189987421036,0.0,0.0,0.4000000059604645,0.0,0.0,0.0,0.4000000059604645,0.0,0.0,0.0,0.4000000059604645,0.0
857,17.14,base_to_front_left_shoulder,2,0.10582505166530609,6.611807293666061e-06,0.10000000149011612,0.0,0.0,-0.4664013087749481,-0.4664013087749481,0.0,0.0,0.4000000059604645,0.0,0.0,0.0,0.4000000059604645,0.0,0.0,0.0,0.4000000059604645,0.0
857,17.14,front_left_shoulder_to_arm,6,-0.6861839890480042,5.416695785243064e-05,-0.6899999976158142,0.0,0.0,-0.3051742613315582,-0.3051742613315582,0.0,0.0,0.4000000059604645,0.0,0.0,0.0,0.4000000059604645,0.0,0.0,0.0,0.4000000059604645,0.0
857,17.14,front_left_arm_to_hand,10,1.5994867086410522,4.263887021238588e-08,1.600000023841858,0.0,0.0,0.04106519743800163,0.04106519743800163,0.0,0.0,0.4000000059604645,0.0,0.0,0.0,0.4000000059604645,0.0,0.0,0.0,0.4000000059604645,0.0
858,17.16,base_to_front_left_shoulder,2,0.10584764182567596,6.612197466893122e-06,0.10000000149011612,0.0,0.0,-0.4682108759880066,-0.4682108759880066,0.0,0.0,0.4000000059604645,0.0,0.0,0.0,0.4000000059604645,0.0,0.0,0.0,0.4000000059604645,0.0
858,17.16,front_left_shoulder_to_arm,6,-0.6861773133277893,5.412686005001888e-05,-0.6899999976158142,0.0,0.0,-0.3057081401348114,-0.3057081401348114,0.0,0.0,0.4000000059604645,0.0,0.0,0.0,0.4000000059604645,0.0,0.0,0.0,0.4000000059604645,0.0
858,17.16,front_left_arm_to_hand,10,1.5994867086410522,4.3022563289696336e-08,1.600000023841858,0.0,0.0,0.04106519743800163,0.04106519743800163,0.0,0.0,0.4000000059604645,0.0,0.0,0.0,0.4000000059604645,0.0,0.0,0.0,0.4000000059604645,0.0
859,17.18,base_to_front_left_shoulder,2,0.10582774877548218,6.605003363802098e-06,0.10000000149011612,0.0,0.0,-0.46662184596061707,-0.46662184596061707,0.0,0.0,0.4000000059604645,0.0,0.0,0.0,0.4000000059604645,0.0,0.0,0.0,0.4000000059604645,0.0
859,17.18,front_left_shoulder_to_arm,6,-0.6861706376075745,5.416140629677102e-05,-0.6899999976158142,0.0,0.0,-0.3062423765659332,-0.3062423765659332,0.0,0.0,0.4000000059604645,0.0,0.0,0.0,0.4000000059604645,0.0,0.0,0.0,0.4000000059604645,0.0
859,17.18,front_left_arm_to_hand,10,1.5994867086410522,3.025308359383416e-08,1.600000023841858,0.0,0.0,0.04106519743800163,0.04106519743800163,0.0,0.0,0.4000000059604645,0.0,0.0,0.0,0.4000000059604645,0.0,0.0,0.0,0.4000000059604645,0.0
860,17.2,base_to_front_left_shoulder,2,0.10585007071495056,6.5994972828775644e-06,0.10000000149011612,0.0,0.0,-0.4684099555015564,-0.4684099555015564,0.0,0.0,0.4000000059604645,0.0,0.0,0.0,0.4000000059604645,0.0,0.0,0.0,0.4000000059604645,0.0
860,17.2,front_left_shoulder_to_arm,6,-0.6861640214920044,5.413981125457212e-05,-0.6899999976158142,0.0,0.0,-0.306771457195282,-0.306771457195282,0.0,0.0,0.4000000059604645,0.0,0.0,0.0,0.4000000059604645,0.0,0.0,0.0,0.4000000059604645,0.0
860,17.2,front_left_arm_to_hand,10,1.5994867086410522,3.6949927562091034e-08,1.600000023841858,0.0,0.0,0.04106520488858223,0.04106520488858223,0.0,0.0,0.4000000059604645,0.0,0.0,0.0,0.4000000059604645,0.0,0.0,0.0,0.4000000059604645,0.0
861,17.22,base_to_front_left_shoulder,2,0.10582993924617767,6.618999577767681e-06,0.10000000149011612,0.0,0.0,-0.46680185198783875,-0.46680185198783875,0.0,0.0,0.4000000059604645,0.0,0.0,0.0,0.4000000059604645,0.0,0.0,0.0,0.4000000059604645,0.0
861,17.22,front_left_shoulder_to_arm,6,-0.6861573457717896,5.414912448031828e-05,-0.6899999976158142,0.0,0.0,-0.3073057234287262,-0.3073057234287262,0.0,0.0,0.4000000059604645,0.0,0.0,0.0,0.4000000059604645,0.0,0.0,0.0,0.4000000059604645,0.0
861,17.22,front_left_arm_to_hand,10,1.5994867086410522,3.9376644167532504e-08,1.600000023841858,0.0,0.0,0.04106519743800163,0.04106519743800163,0.0,0.0,0.4000000059604645,0.0,0.0,0.0,0.4000000059604645,0.0,0.0,0.0,0.4000000059604645,0.0
862,17.240000000000002,base_to_front_left_shoulder,2,0.10585201531648636,6.60566638543969e-06,0.10000000149011612,0.0,0.0,-0.4685702919960022,-0.4685702919960022,0.0,0.0,0.4000000059604645,0.0,0.0,0.0,0.4000000059604645,0.0,0.0,0.0,0.4000000059604645,0.0
862,17.240000000000002,front_left_shoulder_to_arm,6,-0.6861507296562195,5.416032945504412e-05,-0.6899999976158142,0.0,0.0,-0.30783480405807495,-0.30783480405807495,0.0,0.0,0.4000000059604645,0.0,0.0,0.0,0.4000000059604645,0.0,0.0,0.0,0.4000000059604645,0.0
862,17.240000000000002,front_left_arm_to_hand,10,1.5994867086410522,3.632132461461879e-08,1.600000023841858,0.0,0.0,0.041065193712711334,0.041065193712711334,0.0,0.0,0.4000000059604645,0.0,0.0,0.0,0.4000000059604645,0.0,0.0,0.0,0.4000000059604645,0.0
863,17.26,base_to_front_left_shoulder,2,0.10583164542913437,6.612174729525577e-06,0.10000000149011612,0.0,0.0,-0.4669431149959564,-0.4669431149959564,0.0,0.0,0.4000000059604645,0.0,0.0,0.0,0.4000000059604645,0.0,0.0,0.0,0.4000000059604645,0.0
863,17.26,front_left_shoulder_to_arm,6,-0.6861440539360046,5.4164614994078875e-05,-0.6899999976158142,0.0,0.0,-0.30836907029151917,-0.30836907029151917,0.0,0.0,0.4000000059604645,0.0,0.0,0.0,0.4000000059604645,0.0,0.0,0.0,0.4000000059604645,0.0
863,17.26,front_left_arm_to_hand,10,1.5994867086410522,4.0241758370029856e-08,1.600000023841858,0.0,0.0,0.041065193712711334,0.041065193712711334,0.0,0.0,0.4000000059604645,0.0,0.0,0.0,0.4000000059604645,0.0,0.0,0.0,0.4000000059604645,0.0
864,17.28,base_to_front_left_shoulder,2,0.1058540940284729,6.4468940763617866e-06,0.10000000149011612,0.0,0.0,-0.46871548891067505,-0.46871548891067505,0.0,0.0,0.4000000059604645,0.0,0.0,0.0,0.4000000059604645,0.0,0.0,0.0,0.4000000059604645,0.0
864,17.28,front_left_shoulder_to_arm,6,-0.6862029433250427,5.275746661936864e-05,-0.6899999976158142,0.0,0.0,-0.3036360740661621,-0.3036360740661621,0.0,0.0,0.4000000059604645,0.0,0.0,0.0,0.4000000059604645,0.0,0.0,0.0,0.4000000059604645,0.0
864,17.28,front_left_arm_to_hand,10,1.5994867086410522,4.23006980554419e-08,1.600000023841858,0.0,0.0,0.04106520861387253,0.04106520861387253,0.0,0.0,0.4000000059604645,0.0,0.0,0.0,0.4000000059604645,0.0,0.0,0.0,0.4000000059604645,0.0
865,17.3,base_to_front_left_shoulder,2,0.10583464801311493,6.616241080337204e-06,0.10000000149011612,0.0,0.0,-0.4671648442745209,-0.4671648442745209,0.0,0.0,0.4000000059604645,0.0,0.0,0.0,0.4000000059604645,0.0,0.0,0.0,0.4000000059604645,0.0
865,17.3,front_left_shoulder_to_arm,6,-0.6861962676048279,5.415933992480859e-05,-0.6899999976158142,0.0,0.0,-0.3041919767856598,-0.3041919767856598,0.0,0.0,0.4000000059604645,0.0,0.0,0.0,0.4000000059604645,0.0,0.0,0.0,0.4000000059604645,0.0
865,17.3,front_left_arm_to_hand,10,1.5994867086410522,3.2178093078982783e-08,1.600000023841858,0.0,0.0,0.04106520116329193,0.04106520116329193,0.0,0.0,0.4000000059604645,0.0,0.0,0.0,0.4000000059604645,0.0,0.0,0.0,0.4000000059604645,0.0
866,17.32,base_to_front_left_shoulder,2,0.10585741698741913,4.96170196129242e-06,0.10000000149011612,0.0,0.0,-0.46560201048851013,-0.46560201048851013,0.0,0.0,0.4000000059604645,0.0,0.0,0.0,0.4000000059604645,0.0,0.0,0.0,0.4000000059604645,0.0
866,17.32,front_left_shoulder_to_arm,6,-0.686189591884613,4.021864879177883e-05,-0.6899999976158142,0.0,0.0,-0.3047260046005249,-0.3047260046005249,0.0,0.0,0.4000000059604645,0.0,0.0,0.0,0.4000000059604645,0.0,0.0,0.0,0.4000000059604645,0.0
866,17.32,front_left_arm_to_hand,10,1.5994867086410522,2.6044013168302627e-08,1.600000023841858,0.0,0.0,0.04106519743800163,0.04106519743800163,0.0,0.0,0.4000000059604645,0.0,0.0,0.0,0.4000000059604645,0.0,0.0,0.0,0.4000000059604645,0.0
867,17.34,base_to_front_left_shoulder,2,0.10583773255348206,6.620180101890583e-06,0.10000000149011612,0.0,0.0,-0.467416375875473,-0.467416375875473,0.0,0.0,0.4000000059604645,0.0,0.0,0.0,0.4000000059604645,0.0,0.0,0.0,0.4000000059604645,0.0
867,17.34,front_left_shoulder_to_arm,6,-0.6861829161643982,5.415335181169212e-05,-0.6899999976158142,0.0,0.0,-0.3052600622177124,-0.3052600622177124,0.0,0.0,0.4000000059604645,0.0,0.0,0.0,0.4000000059604645,0.0,0.0,0.0,0.4000000059604645,0.0
867,17.34,front_left_arm_to_hand,10,1.5994867086410522,3.5556116273482985e-08,1.600000023841858,0.0,0.0,0.04106519743800163,0.04106519743800163,0.0,0.0,0.4000000059604645,0.0,0.0,0.0,0.4000000059604645,0.0,0.0,0.0,0.4000000059604645,0.0
868,17.36,base_to_front_left_shoulder,2,0.10586022585630417,4.962862476531882e-06,0.10000000149011612,0.0,0.0,-0.46583446860313416,-0.46583446860313416,0.0,0.0,0.4000000059604645,0.0,0.0,0.0,0.4000000059604645,0.0,0.0,0.0,0.4000000059604645,0.0
868,17.36,front_left_shoulder_to_arm,6,-0.6861762404441833,4.025567614007741e-05,-0.6899999976158142,0.0,0.0,-0.3057941198348999,-0.3057941198348999,0.0,0.0,0.4000000059604645,0.0,0.0,0.0,0.4000000059604645,0.0,0.0,0.0,0.4000000059604645,0.0
868,17.36,front_left_arm_to_hand,10,1.5994867086410522,2.2520747933185703e-08,1.600000023841858,0.0,0.0,0.041065193712711334,0.041065193712711334,0.0,0.0,0.4000000059604645,0.0,0.0,0.0,0.4000000059604645,0.0,0.0,0.0,0.4000000059604645,0.0
869,17.38,base_to_front_left_shoulder,2,0.105840303003788,6.605118869629223e-06,0.10000000149011612,0.0,0.0,-0.46762678027153015,-0.46762678027153015,0.0,0.0,0.4000000059604645,0.0,0.0,0.0,0.4000000059604645,0.0,0.0,0.0,0.4000000059604645,0.0
869,17.38,front_left_shoulder_to_arm,6,-0.6861695647239685,5.4151467338670045e-05,-0.6899999976158142,0.0,0.0,-0.3063282072544098,-0.3063282072544098,0.0,0.0,0.4000000059604645,0.0,0.0,0.0,0.4000000059604645,0.0,0.0,0.0,0.4000000059604645,0.0
869,17.38,front_left_arm_to_hand,10,1.5994867086410522,3.146330129766284e-08,1.600000023841858,0.0,0.0,0.04106520488858223,0.04106520488858223,0.0,0.0,0.4000000059604645,0.0,0.0,0.0,0.4000000059604645,0.0,0.0,0.0,0.4000000059604645,0.0
870,17.400000000000002,base_to_front_left_shoulder,2,0.10586253553628922,4.958903446095064e-06,0.10000000149011612,0.0,0.0,-0.46602579951286316,-0.46602579951286316,0.0,0.0,0.4000000059604645,0.0,0.0,0.0,0.4000000059604645,0.0,0.0,0.0,0.4000000059604645,0.0
870,17.400000000000002,front_left_shoulder_to_arm,6,-0.6861628890037537,4.028796683996916e-05,-0.6899999976158142,0.0,0.0,-0.3068622648715973,-0.3068622648715973,0.0,0.0,0.4000000059604645,0.0,0.0,0.0,0.4000000059604645,0.0,0.0,0.0,0.4000000059604645,0.0
870,17.400000000000002,front_left_arm_to_hand,10,1.5994867086410522,1.8307567017927795e-08,1.600000023841858,0.0,0.0,0.04106519743800163,0.04106519743800163,0.0,0.0,0.4000000059604645,0.0,0.0,0.0,0.4000000059604645,0.0,0.0,0.0,0.4000000059604645,0.0
871,17.42,base_to_front_left_shoulder,2,0.10584237426519394,6.6162674556835555e-06,0.10000000149011612,0.0,0.0,-0.46779724955558777,-0.46779724955558777,0.0,0.0,0.4000000059604645,0.0,0.0,0.0,0.4000000059604645,0.0,0.0,0.0,0.4000000059604645,0.0
871,17.42,front_left_shoulder_to_arm,6,-0.6861562728881836,5.414757470134646e-05,-0.6899999976158142,0.0,0.0,-0.30739155411720276,-0.30739155411720276,0.0,0.0,0.4000000059604645,0.0,0.0,0.0,0.4000000059604645,0.0,0.0,0.0,0.4000000059604645,0.0
871,17.42,front_left_arm_to_hand,10,1.5994867086410522,3.185352426271493e-08,1.600000023841858,0.0,0.0,0.041065189987421036,0.041065189987421036,0.0,0.0,0.4000000059604645,0.0,0.0,0.0,0.4000000059604645,0.0,0.0,0.0,0.4000000059604645,0.0
872,17.44,base_to_front_left_shoulder,2,0.10586458444595337,-0.000241312722209841,0.10000000149011612,0.0,0.0,-0.4661789834499359,-0.4661789834499359,0.0,0.0,0.4000000059604645,0.0,0.0,0.0,0.4000000059604645,0.0,0.0,0.0,0.4000000059604645,0.0
872,17.44,front_left_shoulder_to_arm,6,-0.6862128376960754,-0.0019747628830373287,-0.6899999976158142,0.0,0.0,-0.30792561173439026,-0.30792561173439026,0.0,0.0,0.4000000059604645,0.0,0.0,0.0,0.4000000059604645,0.0,0.0,0.0,0.4000000059604645,0.0
872,17.44,front_left_arm_to_hand,10,1.5994867086410522,-1.4062907212064601e-06,1.600000023841858,0.0,0.0,0.041065189987421036,0.041065189987421036,0.0,0.0,0.4000000059604645,0.0,0.0,0.0,0.4000000059604645,0.0,0.0,0.0,0.4000000059604645,0.0
873,17.46,base_to_front_left_shoulder,2,0.10584517568349838,6.611511707887985e-06,0.10000000149011612,0.0,0.0,-0.46800288558006287,-0.46800288558006287,0.0,0.0,0.4000000059604645,0.0,0.0,0.0,0.4000000059604645,0.0,0.0,0.0,0.4000000059604645,0.0
873,17.46,front_left_shoulder_to_arm,6,-0.6862078905105591,5.4145064495969564e-05,-0.6899999976158142,0.0,0.0,-0.3032621145248413,-0.3032621145248413,0.0,0.0,0.4000000059604645,0.0,0.0,0.0,0.4000000059604645,0.0,0.0,0.0,0.4000000059604645,0.0
873,17.46,front_left_arm_to_hand,10,1.5994867086410522,2.8361849757629898e-08,1.600000023841858,0.0,0.0,0.04106519743800163,0.04106519743800163,0.0,0.0,0.4000000059604645,0.0,0.0,0.0,0.4000000059604645,0.0,0.0,0.0,0.4000000059604645,0.0
874,17.48,base_to_front_left_shoulder,2,0.10582581907510757,6.606068382097874e-06,0.10000000149011612,0.0,0.0,-0.46645674109458923,-0.46645674109458923,0.0,0.0,0.4000000059604645,0.0,0.0,0.0,0.4000000059604645,0.0,0.0,0.0,0.4000000059604645,0.0
874,17.48,front_left_shoulder_to_arm,6,-0.6862012147903442,5.413857434177771e-05,-0.6899999976158142,0.0,0.0,-0.3037961721420288,-0.3037961721420288,0.0,0.0,0.4000000059604645,0.0,0.0,0.0,0.4000000059604645,0.0,0.0,0.0,0.4000000059604645,0.0
874,17.48,front_left_arm_to_hand,10,1.5994867086410522,1.746076705444466e-08,1.600000023841858,0.0,0.0,0.041065193712711334,0.041065193712711334,0.0,0.0,0.4000000059604645,0.0,0.0,0.0,0.4000000059604645,0.0,0.0,0.0,0.4000000059604645,0.0
875,17.5,base_to_front_left_shoulder,2,0.10584861040115356,6.616558493988123e-06,0.10000000149011612,0.0,0.0,-0.46828240156173706,-0.46828240156173706,0.0,0.0,0.4000000059604645,0.0,0.0,0.0,0.4000000059604645,0.0,0.0,0.0,0.4000000059604645,0.0
875,17.5,front_left_shoulder_to_arm,6,-0.6861945390701294,5.415233317762613e-05,-0.6899999976158142,0.0,0.0,-0.304330050945282,-0.304330050945282,0.0,0.0,0.4000000059604645,0.0,0.0,0.0,0.4000000059604645,0.0,0.0,0.0,0.4000000059604645,0.0
875,17.5,front_left_arm_to_hand,10,1.5994867086410522,5.412364245671597e-08,1.600000023841858,0.0,0.0,0.04106520116329193,0.04106520116329193,0.0,0.0,0.4000000059604645,0.0,0.0,0.0,0.4000000059604645,0.0,0.0,0.0,0.4000000059604645,0.0
876,17.52,base_to_front_left_shoulder,2,0.10582901537418365,6.625060450460296e-06,0.10000000149011612,0.0,0.0,-0.4667172133922577,-0.4667172133922577,0.0,0.0,0.4000000059604645,0.0,0.0,0.0,0.4000000059604645,0.0,0.0,0.0,0.4000000059604645,0.0
876,17.52,front_left_shoulder_to_arm,6,-0.6861878633499146,5.4152005759533495e-05,-0.6899999976158142,0.0,0.0,-0.3048642873764038,-0.3048642873764038,0.0,0.0,0.4000000059604645,0.0,0.0,0.0,0.4000000059604645,0.0,0.0,0.0,0.4000000059604645,0.0
876,17.52,front_left_arm_to_hand,10,1.5994867086410522,4.2450427173434946e-08,1.600000023841858,0.0,0.0,0.04106519743800163,0.04106519743800163,0.0,0.0,0.4000000059604645,0.0,0.0,0.0,0.4000000059604645,0.0,0.0,0.0,0.4000000059604645,0.0
877,17.54,base_to_front_left_shoulder,2,0.10585151612758636,6.613775440200698e-06,0.10000000149011612,0.0,0.0,-0.4685196280479431,-0.4685196280479431,0.0,0.0,0.4000000059604645,0.0,0.0,0.0,0.4000000059604645,0.0,0.0,0.0,0.4000000059604645,0.0
877,17.54,front_left_shoulder_to_arm,6,-0.6861811876296997,5.414697079686448e-05,-0.6899999976158142,0.0,0.0,-0.30539819598197937,-0.30539819598197937,0.0,0.0,0.4000000059604645,0.0,0.0,0.0,0.4000000059604645,0.0,0.0,0.0,0.4000000059604645,0.0
877,17.54,front_left_arm_to_hand,10,1.5994867086410522,3.853202912296183e-08,1.600000023841858,0.0,0.0,0.04106519743800163,0.04106519743800163,0.0,0.0,0.4000000059604645,0.0,0.0,0.0,0.4000000059604645,0.0,0.0,0.0,0.4000000059604645,0.0
878,17.56,base_to_front_left_shoulder,2,0.10583168268203735,6.615935490117408e-06,0.10000000149011612,0.0,0.0,-0.4669353663921356,-0.4669353663921356,0.0,0.0,0.4000000059604645,0.0,0.0,0.0,0.4000000059604645,0.0,0.0,0.0,0.4000000059604645,0.0
878,17.56,front_left_shoulder_to_arm,6,-0.6861745119094849,5.414484621724114e-05,-0.6899999976158142,0.0,0.0,-0.3059324324131012,-0.3059324324131012,0.0,0.0,0.4000000059604645,0.0,0.0,0.0,0.4000000059604645,0.0,0.0,0.0,0.4000000059604645,0.0
878,17.56,front_left_arm_to_hand,10,1.5994867086410522,3.5708119128230464e-08,1.600000023841858,0.0,0.0,0.041065193712711334,0.041065193712711334,0.0,0.0,0.4000000059604645,0.0,0.0,0.0,0.4000000059604645,0.0,0.0,0.0,0.4000000059604645,0.0
879,17.580000000000002,base_to_front_left_shoulder,2,0.1058540940284729,6.5747399276006036e-06,0.10000000149011612,0.0,0.0,-0.4687298536300659,-0.4687298536300659,0.0,0.0,0.4000000059604645,0.0,0.0,0.0,0.4000000059604645,0.0,0.0,0.0,0.4000000059604645,0.0
879,17.580000000000002,front_left_shoulder_to_arm,6,-0.6861678957939148,5.379954382078722e-05,-0.6899999976158142,0.0,0.0,-0.30645951628685,-0.30645951628685,0.0,0.0,0.4000000059604645,0.0,0.0,0.0,0.4000000059604645,0.0,0.0,0.0,0.4000000059604645,0.0
879,17.580000000000002,front_left_arm_to_hand,10,1.5994867086410522,3.382189106559963e-08,1.600000023841858,0.0,0.0,0.04106520861387253,0.04106520861387253,0.0,0.0,0.4000000059604645,0.0,0.0,0.0,0.4000000059604645,0.0,0.0,0.0,0.4000000059604645,0.0
880,17.6,base_to_front_left_shoulder,2,0.10583402216434479,6.6169159254059196e-06,0.10000000149011612,0.0,0.0,-0.4671272933483124,-0.4671272933483124,0.0,0.0,0.4000000059604645,0.0,0.0,0.0,0.4000000059604645,0.0,0.0,0.0,0.4000000059604645,0.0
880,17.6,front_left_shoulder_to_arm,6,-0.6861612200737,5.4165364417713135e-05,-0.6899999976158142,0.0,0.0,-0.30699577927589417,-0.30699577927589417,0.0,0.0,0.4000000059604645,0.0,0.0,0.0,0.4000000059604645,0.0,0.0,0.0,0.4000000059604645,0.0
880,17.6,front_left_arm_to_hand,10,1.5994867086410522,3.1058725369348394e-08,1.600000023841858,0.0,0.0,0.04106519743800163,0.04106519743800163,0.0,0.0,0.4000000059604645,0.0,0.0,0.0,0.4000000059604645,0.0,0.0,0.0,0.4000000059604645,0.0
881,17.62,base_to_front_left_shoulder,2,0.10585618019104004,6.576980922545772e-06,0.10000000149011612,0.0,0.0,-0.46890148520469666,-0.46890148520469666,0.0,0.0,0.4000000059604645,0.0,0.0,0.0,0.4000000059604645,0.0,0.0,0.0,0.4000000059604645,0.0
881,17.62,front_left_shoulder_to_arm,6,-0.6861546039581299,5.3806332289241254e-05,-0.6899999976158142,0.0,0.0,-0.30752286314964294,-0.30752286314964294,0.0,0.0,0.4000000059604645,0.0,0.0,0.0,0.4000000059604645,0.0,0.0,0.0,0.4000000059604645,0.0
881,17.62,front_left_arm_to_hand,10,1.5994867086410522,2.9392751343948476e-08,1.600000023841858,0.0,0.0,0.04106520861387253,0.04106520861387253,0.0,0.0,0.4000000059604645,0.0,0.0,0.0,0.4000000059604645,0.0,0.0,0.0,0.4000000059604645,0.0
882,17.64,base_to_front_left_shoulder,2,0.10583589971065521,6.62204092805041e-06,0.10000000149011612,0.0,0.0,-0.46728166937828064,-0.46728166937828064,0.0,0.0,0.4000000059604645,0.0,0.0,0.0,0.4000000059604645,0.0,0.0,0.0,0.4000000059604645,0.0
882,17.64,front_left_shoulder_to_arm,6,-0.686147928237915,5.41678091394715e-05,-0.6899999976158142,0.0,0.0,-0.30805912613868713,-0.30805912613868713,0.0,0.0,0.4000000059604645,0.0,0.0,0.0,0.4000000059604645,0.0,0.0,0.0,0.4000000059604645,0.0
882,17.64,front_left_arm_to_hand,10,1.5994867086410522,3.8681978509202963e-08,1.600000023841858,0.0,0.0,0.04106519743800163,0.04106519743800163,0.0,0.0,0.4000000059604645,0.0,0.0,0.0,0.4000000059604645,0.0,0.0,0.0,0.4000000059604645,0.0
883,17.66,base_to_front_left_shoulder,2,0.10585815459489822,1.1010993716809025e-07,0.10000000149011612,0.0,0.0,-0.4689302444458008,-0.4689302444458008,0.0,0.0,0.4000000059604645,0.0,0.0,0.0,0.4000000059604645,0.0,0.0,0.0,0.4000000059604645,0.0
883,17.66,front_left_shoulder_to_arm,6,-0.6862066388130188,1.0602968814055203e-06,-0.6899999976158142,0.0,0.0,-0.3024805784225464,-0.3024805784225464,0.0,0.0,0.4000000059604645,0.0,0.0,0.0,0.4000000059604645,0.0,0.0,0.0,0.4000000059604645,0.0
883,17.66,front_left_arm_to_hand,10,1.5994867086410522,-1.648803982234881e-09,1.600000023841858,0.0,0.0,0.04106592386960983,0.04106592386960983,0.0,0.0,0.4000000059604645,0.0,0.0,0.0,0.4000000059604645,0.0,0.0,0.0,0.4000000059604645,0.0
884,17.68,base_to_front_left_shoulder,2,0.10583876818418503,6.615533493459225e-06,0.10000000149011612,0.0,0.0,-0.4674932658672333,-0.4674932658672333,0.0,0.0,0.4000000059604645,0.0,0.0,0.0,0.4000000059604645,0.0,0.0,0.0,0.4000000059604645,0.0
884,17.68,front_left_shoulder_to_arm,6,-0.6862000226974487,5.4118718253448606e-05,-0.6899999976158142,0.0,0.0,-0.30389153957366943,-0.30389153957366943,0.0,0.0,0.4000000059604645,0.0,0.0,0.0,0.4000000059604645,0.0,0.0,0.0,0.4000000059604645,0.0
884,17.68,front_left_arm_to_hand,10,1.5994867086410522,4.0212114527093945e-08,1.600000023841858,0.0,0.0,0.04106519743800163,0.04106519743800163,0.0,0.0,0.4000000059604645,0.0,0.0,0.0,0.4000000059604645,0.0,0.0,0.0,0.4000000059604645,0.0
885,17.7,base_to_front_left_shoulder,2,0.10581926256418228,6.614242010982707e-06,0.10000000149011612,0.0,0.0,-0.46593520045280457,-0.46593520045280457,0.0,0.0,0.4000000059604645,0.0,0.0,0.0,0.4000000059604645,0.0,0.0,0.0,0.4000000059604645,0.0
885,17.7,front_left_shoulder_to_arm,6,-0.6861933469772339,5.4148091294337064e-05,-0.6899999976158142,0.0,0.0,-0.30442559719085693,-0.30442559719085693,0.0,0.0,0.4000000059604645,0.0,0.0,0.0,0.4000000059604645,0.0,0.0,0.0,0.4000000059604645,0.0
885,17.7,front_left_arm_to_hand,10,1.5994867086410522,4.430516398201689e-08,1.600000023841858,0.0,0.0,0.041065193712711334,0.041065193712711334,0.0,0.0,0.4000000059604645,0.0,0.0,0.0,0.4000000059604645,0.0,0.0,0.0,0.4000000059604645,0.0
886,17.72,base_to_front_left_shoulder,2,0.1058419868350029,6.606629540328868e-06,0.10000000149011612,0.0,0.0,-0.467755526304245,-0.467755526304245,0.0,0.0,0.4000000059604645,0.0,0.0,0.0,0.4000000059604645,0.0,0.0,0.0,0.4000000059604645,0.0
886,17.72,front_left_shoulder_to_arm,6,-0.686186671257019,5.4148651543073356e-05,-0.6899999976158142,0.0,0.0,-0.30495965480804443,-0.30495965480804443,0.0,0.0,0.4000000059604645,0.0,0.0,0.0,0.4000000059604645,0.0,0.0,0.0,0.4000000059604645,0.0
886,17.72,front_left_arm_to_hand,10,1.5994867086410522,3.683193483539071e-08,1.600000023841858,0.0,0.0,0.041065189987421036,0.041065189987421036,0.0,0.0,0.4000000059604645,0.0,0.0,0.0,0.4000000059604645,0.0,0.0,0.0,0.4000000059604645,0.0
887,17.740000000000002,base_to_front_left_shoulder,2,0.10582224279642105,6.630036295973696e-06,0.10000000149011612,0.0,0.0,-0.46617838740348816,-0.46617838740348816,0.0,0.0,0.4000000059604645,0.0,0.0,0.0,0.4000000059604645,0.0,0.0,0.0,0.4000000059604645,0.0
887,17.740000000000002,front_left_shoulder_to_arm,6,-0.6861799955368042,5.4154545068740845e-05,-0.6899999976158142,0.0,0.0,-0.30549371242523193,-0.30549371242523193,0.0,0.0,0.4000000059604645,0.0,0.0,0.0,0.4000000059604645,0.0,0.0,0.0,0.4000000059604645,0.0
887,17.740000000000002,front_left_arm_to_hand,10,1.5994867086410522,4.808247666687748e-08,1.600000023841858,0.0,0.0,0.04106519743800163,0.04106519743800163,0.0,0.0,0.4000000059604645,0.0,0.0,0.0,0.4000000059604645,0.0,0.0,0.0,0.4000000059604645,0.0
888,17.76,base_to_front_left_shoulder,2,0.10584469139575958,6.61830654280493e-06,0.10000000149011612,0.0,0.0,-0.4679766595363617,-0.4679766595363617,0.0,0.0,0.4000000059604645,0.0,0.0,0.0,0.4000000059604645,0.0,0.0,0.0,0.4000000059604645,0.0
888,17.76,front_left_shoulder_to_arm,6,-0.6861733198165894,5.415229679783806e-05,-0.6899999976158142,0.0,0.0,-0.3060277998447418,-0.3060277998447418,0.0,0.0,0.4000000059604645,0.0,0.0,0.0,0.4000000059604645,0.0,0.0,0.0,0.4000000059604645,0.0
888,17.76,front_left_arm_to_hand,10,1.5994867086410522,3.590592356772504e-08,1.600000023841858,0.0,0.0,0.04106519743800163,0.04106519743800163,0.0,0.0,0.4000000059604645,0.0,0.0,0.0,0.4000000059604645,0.0,0.0,0.0,0.4000000059604645,0.0
889,17.78,base_to_front_left_shoulder,2,0.10582472383975983,6.616453902097419e-06,0.10000000149011612,0.0,0.0,-0.4663810431957245,-0.4663810431957245,0.0,0.0,0.4000000059604645,0.0,0.0,0.0,0.4000000059604645,0.0,0.0,0.0,0.4000000059604645,0.0
889,17.78,front_left_shoulder_to_arm,6,-0.6861666440963745,5.414008774096146e-05,-0.6899999976158142,0.0,0.0,-0.30656182765960693,-0.30656182765960693,0.0,0.0,0.4000000059604645,0.0,0.0,0.0,0.4000000059604645,0.0,0.0,0.0,0.4000000059604645,0.0
889,17.78,front_left_arm_to_hand,10,1.5994867086410522,3.5655869368156345e-08,1.600000023841858,0.0,0.0,0.04106520116329193,0.04106520116329193,0.0,0.0,0.4000000059604645,0.0,0.0,0.0,0.4000000059604645,0.0,0.0,0.0,0.4000000059604645,0.0
890,17.8,base_to_front_left_shoulder,2,0.10584693402051926,6.604525879083667e-06,0.10000000149011612,0.0,0.0,-0.4681602418422699,-0.4681602418422699,0.0,0.0,0.4000000059604645,0.0,0.0,0.0,0.4000000059604645,0.0,0.0,0.0,0.4000000059604645,0.0
890,17.8,front_left_shoulder_to_arm,6,-0.6861600279808044,5.415910709416494e-05,-0.6899999976158142,0.0,0.0,-0.3070911169052124,-0.3070911169052124,0.0,0.0,0.4000000059604645,0.0,0.0,0.0,0.4000000059604645,0.0,0.0,0.0,0.4000000059604645,0.0
890,17.8,front_left_arm_to_hand,10,1.5994867086410522,4.5944709370360215e-08,1.600000023841858,0.0,0.0,0.041065193712711334,0.041065193712711334,0.0,0.0,0.4000000059604645,0.0,0.0,0.0,0.4000000059604645,0.0,0.0,0.0,0.4000000059604645,0.0
891,17.82,base_to_front_left_shoulder,2,0.10582674294710159,6.613231562369037e-06,0.10000000149011612,0.0,0.0,-0.4665473401546478,-0.4665473401546478,0.0,0.0,0.4000000059604645,0.0,0.0,0.0,0.4000000059604645,0.0,0.0,0.0,0.4000000059604645,0.0
891,17.82,front_left_shoulder_to_arm,6,-0.6861533522605896,5.417198553914204e-05,-0.6899999976158142,0.0,0.0,-0.3076252043247223,-0.3076252043247223,0.0,0.0,0.4000000059604645,0.0,0.0,0.0,0.4000000059604645,0.0,0.0,0.0,0.4000000059604645,0.0
891,17.82,front_left_arm_to_hand,10,1.5994867086410522,3.9919427763379645e-08,1.600000023841858,0.0,0.0,0.04106520116329193,0.04106520116329193,0.0,0.0,0.4000000059604645,0.0,0.0,0.0,0.4000000059604645,0.0,0.0,0.0,0.4000000059604645,0.0
892,17.84,base_to_front_left_shoulder,2,0.10584869235754013,6.610624950553756e-06,0.10000000149011612,0.0,0.0,-0.46830567717552185,-0.46830567717552185,0.0,0.0,0.4000000059604645,0.0,0.0,0.0,0.4000000059604645,0.0,0.0,0.0,0.4000000059604645,0.0
892,17.84,front_left_shoulder_to_arm,6,-0.6861467361450195,5.4155607358552516e-05,-0.6899999976158142,0.0,0.0,-0.30815449357032776,-0.30815449357032776,0.0,0.0,0.4000000059604645,0.0,0.0,0.0,0.4000000059604645,0.0,0.0,0.0,0.4000000059604645,0.0
892,17.84,front_left_arm_to_hand,10,1.5994867086410522,4.46455779012922e-08,1.600000023841858,0.0,0.0,0.04106520116329193,0.04106520116329193,0.0,0.0,0.4000000059604645,0.0,0.0,0.0,0.4000000059604645,0.0,0.0,0.0,0.4000000059604645,0.0
893,17.86,base_to_front_left_shoulder,2,0.10582824796438217,6.6249785959371366e-06,0.10000000149011612,0.0,0.0,-0.4666731059551239,-0.4666731059551239,0.0,0.0,0.4000000059604645,0.0,0.0,0.0,0.4000000059604645,0.0,0.0,0.0,0.4000000059604645,0.0
893,17.86,front_left_shoulder_to_arm,6,-0.6861400604248047,5.416589556261897e-05,-0.6899999976158142,0.0,0.0,-0.30868855118751526,-0.30868855118751526,0.0,0.0,0.4000000059604645,0.0,0.0,0.0,0.4000000059604645,0.0,0.0,0.0,0.4000000059604645,0.0
893,17.86,front_left_arm_to_hand,10,1.5994867086410522,2.303167079276136e-08,1.600000023841858,0.0,0.0,0.04106520116329193,0.04106520116329193,0.0,0.0,0.4000000059604645,0.0,0.0,0.0,0.4000000059604645,0.0,0.0,0.0,0.4000000059604645,0.0
894,17.88,base_to_front_left_shoulder,2,0.10585086792707443,6.612874130951241e-06,0.10000000149011612,0.0,0.0,-0.4684617519378662,-0.4684617519378662,0.0,0.0,0.4000000059604645,0.0,0.0,0.0,0.4000000059604645,0.0,0.0,0.0,0.4000000059604645,0.0
894,17.88,front_left_shoulder_to_arm,6,-0.6861990094184875,5.411608435679227e-05,-0.6899999976158142,0.0,0.0,-0.30397191643714905,-0.30397191643714905,0.0,0.0,0.4000000059604645,0.0,0.0,0.0,0.4000000059604645,0.0,0.0,0.0,0.4000000059604645,0.0
894,17.88,front_left_arm_to_hand,10,1.5994867086410522,3.052527830504914e-08,1.600000023841858,0.0,0.0,0.04106519743800163,0.04106519743800163,0.0,0.0,0.4000000059604645,0.0,0.0,0.0,0.4000000059604645,0.0,0.0,0.0,0.4000000059604645,0.0
895,17.900000000000002,base_to_front_left_shoulder,2,0.1058313325047493,6.61737794871442e-06,0.10000000149011612,0.0,0.0,-0.46690139174461365,-0.46690139174461365,0.0,0.0,0.4000000059604645,0.0,0.0,0.0,0.4000000059604645,0.0,0.0,0.0,0.4000000059604645,0.0
895,17.900000000000002,front_left_shoulder_to_arm,6,-0.6861923336982727,5.4149917559698224e-05,-0.6899999976158142,0.0,0.0,-0.30450665950775146,-0.30450665950775146,0.0,0.0,0.4000000059604645,0.0,0.0,0.0,0.4000000059604645,0.0,0.0,0.0,0.4000000059604645,0.0
895,17.900000000000002,front_left_arm_to_hand,10,1.5994867086410522,3.058236686115379e-08,1.600000023841858,0.0,0.0,0.041065193712711334,0.041065193712711334,0.0,0.0,0.4000000059604645,0.0,0.0,0.0,0.4000000059604645,0.0,0.0,0.0,0.4000000059604645,0.0
896,17.92,base_to_front_left_shoulder,2,0.10585399717092514,6.581895831914153e-06,0.10000000149011612,0.0,0.0,-0.4687155485153198,-0.4687155485153198,0.0,0.0,0.4000000059604645,0.0,0.0,0.0,0.4000000059604645,0.0,0.0,0.0,0.4000000059604645,0.0
896,17.92,front_left_shoulder_to_arm,6,-0.6861856579780579,5.377915658755228e-05,-0.6899999976158142,0.0,0.0,-0.30503377318382263,-0.30503377318382263,0.0,0.0,0.4000000059604645,0.0,0.0,0.0,0.4000000059604645,0.0,0.0,0.0,0.4000000059604645,0.0
896,17.92,front_left_arm_to_hand,10,1.5994867086410522,4.791230168166294e-08,1.600000023841858,0.0,0.0,0.04106519743800163,0.04106519743800163,0.0,0.0,0.4000000059604645,0.0,0.0,0.0,0.4000000059604645,0.0,0.0,0.0,0.4000000059604645,0.0
897,17.94,base_to_front_left_shoulder,2,0.10583425313234329,6.606856004509609e-06,0.10000000149011612,0.0,0.0,-0.46713921427726746,-0.46713921427726746,0.0,0.0,0.4000000059604645,0.0,0.0,0.0,0.4000000059604645,0.0,0.0,0.0,0.4000000059604645,0.0
897,17.94,front_left_shoulder_to_arm,6,-0.686178982257843,5.414234328782186e-05,-0.6899999976158142,0.0,0.0,-0.30557480454444885,-0.30557480454444885,0.0,0.0,0.4000000059604645,0.0,0.0,0.0,0.4000000059604645,0.0,0.0,0.0,0.4000000059604645,0.0
897,17.94,front_left_arm_to_hand,10,1.5994867086410522,3.709769913484706e-08,1.600000023841858,0.0,0.0,0.041065193712711334,0.041065193712711334,0.0,0.0,0.4000000059604645,0.0,0.0,0.0,0.4000000059604645,0.0,0.0,0.0,0.4000000059604645,0.0
898,17.96,base_to_front_left_shoulder,2,0.10585664212703705,6.562473572557792e-06,0.10000000149011612,0.0,0.0,-0.4689319133758545,-0.4689319133758545,0.0,0.0,0.4000000059604645,0.0,0.0,0.0,0.4000000059604645,0.0,0.0,0.0,0.4000000059604645,0.0
898,17.96,front_left_shoulder_to_arm,6,-0.6861723065376282,5.3788506193086505e-05,-0.6899999976158142,0.0,0.0,-0.30610191822052,-0.30610191822052,0.0,0.0,0.4000000059604645,0.0,0.0,0.0,0.4000000059604645,0.0,0.0,0.0,0.4000000059604645,0.0
898,17.96,front_left_arm_to_hand,10,1.5994867086410522,3.244585045081294e-08,1.600000023841858,0.0,0.0,0.041065193712711334,0.041065193712711334,0.0,0.0,0.4000000059604645,0.0,0.0,0.0,0.4000000059604645,0.0,0.0,0.0,0.4000000059604645,0.0
899,17.98,base_to_front_left_shoulder,2,0.1058366596698761,6.610100172110833e-06,0.10000000149011612,0.0,0.0,-0.467336505651474,-0.467336505651474,0.0,0.0,0.4000000059604645,0.0,0.0,0.0,0.4000000059604645,0.0,0.0,0.0,0.4000000059604645,0.0
899,17.98,front_left_shoulder_to_arm,6,-0.6861656308174133,5.416738713392988e-05,-0.6899999976158142,0.0,0.0,-0.30664291977882385,-0.30664291977882385,0.0,0.0,0.4000000059604645,0.0,0.0,0.0,0.4000000059604645,0.0,0.0,0.0,0.4000000059604645,0.0
899,17.98,front_left_arm_to_hand,10,1.5994867086410522,3.245493829240331e-08,1.600000023841858,0.0,0.0,0.04106520116329193,0.04106520116329193,0.0,0.0,0.4000000059604645,0.0,0.0,0.0,0.4000000059604645,0.0,0.0,0.0,0.4000000059604645,0.0
900,18.0,base_to_front_left_shoulder,2,0.10585879534482956,6.565256626345217e-06,0.10000000149011612,0.0,0.0,-0.469108909368515,-0.469108909368515,0.0,0.0,0.4000000059604645,0.0,0.0,0.0,0.4000000059604645,0.0,0.0,0.0,0.4000000059604645,0.0
900,18.0,front_left_shoulder_to_arm,6,-0.6861590147018433,5.379319918574765e-05,-0.6899999976158142,0.0,0.0,-0.307170033454895,-0.307170033454895,0.0,0.0,0.4000000059604645,0.0,0.0,0.0,0.4000000059604645,0.0,0.0,0.0,0.4000000059604645,0.0
900,18.0,front_left_arm_to_hand,10,1.5994867086410522,3.624393585255348e-08,1.600000023841858,0.0,0.0,0.041065193712711334,0.041065193712711334,0.0,0.0,0.4000000059604645,0.0,0.0,0.0,0.4000000059604645,0.0,0.0,0.0,0.4000000059604645,0.0
901,18.02,base_to_front_left_shoulder,2,0.10583857446908951,6.6053089540218934e-06,0.10000000149011612,0.0,0.0,-0.4674944579601288,-0.4674944579601288,0.0,0.0,0.4000000059604645,0.0,0.0,0.0,0.4000000059604645,0.0,0.0,0.0,0.4000000059604645,0.0
901,18.02,front_left_shoulder_to_arm,6,-0.6861523389816284,5.415850318968296e-05,-0.6899999976158142,0.0,0.0,-0.3077062666416168,-0.3077062666416168,0.0,0.0,0.4000000059604645,0.0,0.0,0.0,0.4000000059604645,0.0,0.0,0.0,0.4000000059604645,0.0
901,18.02,front_left_arm_to_hand,10,1.5994867086410522,3.2986228859499533e-08,1.600000023841858,0.0,0.0,0.041065189987421036,0.041065189987421036,0.0,0.0,0.4000000059604645,0.0,0.0,0.0,0.4000000059604645,0.0,0.0,0.0,0.4000000059604645,0.0
902,18.04,base_to_front_left_shoulder,2,0.10586079210042953,1.3010077282160637e-07,0.10000000149011612,0.0,0.0,-0.4691399335861206,-0.4691399335861206,0.0,0.0,0.4000000059604645,0.0,0.0,0.0,0.4000000059604645,0.0,0.0,0.0,0.4000000059604645,0.0
902,18.04,front_left_shoulder_to_arm,6,-0.6862106323242188,1.2386666412567138e-06,-0.6899999976158142,0.0,0.0,-0.3021600842475891,-0.3021600842475891,0.0,0.0,0.4000000059604645,0.0,0.0,0.0,0.4000000059604645,0.0,0.0,0.0,0.4000000059604645,0.0
902,18.04,front_left_arm_to_hand,10,1.5994867086410522,-8.557109687501452e-09,1.600000023841858,0.0,0.0,0.04106592759490013,0.04106592759490013,0.0,0.0,0.4000000059604645,0.0,0.0,0.0,0.4000000059604645,0.0,0.0,0.0,0.4000000059604645,0.0
903,18.06,base_to_front_left_shoulder,2,0.10584146529436111,6.6111842897953466e-06,0.10000000149011612,0.0,0.0,-0.4677078425884247,-0.4677078425884247,0.0,0.0,0.4000000059604645,0.0,0.0,0.0,0.4000000059604645,0.0,0.0,0.0,0.4000000059604645,0.0
903,18.06,front_left_shoulder_to_arm,6,-0.6862040162086487,5.414566840045154e-05,-0.6899999976158142,0.0,0.0,-0.3035720884799957,-0.3035720884799957,0.0,0.0,0.4000000059604645,0.0,0.0,0.0,0.4000000059604645,0.0,0.0,0.0,0.4000000059604645,0.0
903,18.06,front_left_arm_to_hand,10,1.5994867086410522,3.7962394117130316e-08,1.600000023841858,0.0,0.0,0.041065193712711334,0.041065193712711334,0.0,0.0,0.4000000059604645,0.0,0.0,0.0,0.4000000059604645,0.0,0.0,0.0,0.4000000059604645,0.0
904,18.080000000000002,base_to_front_left_shoulder,2,0.10582201927900314,6.624499292229302e-06,0.10000000149011612,0.0,0.0,-0.466154545545578,-0.466154545545578,0.0,0.0,0.4000000059604645,0.0,0.0,0.0,0.4000000059604645,0.0,0.0,0.0,0.4000000059604645,0.0
904,18.080000000000002,front_left_shoulder_to_arm,6,-0.6861973404884338,5.4144700698088855e-05,-0.6899999976158142,0.0,0.0,-0.30410611629486084,-0.30410611629486084,0.0,0.0,0.4000000059604645,0.0,0.0,0.0,0.4000000059604645,0.0,0.0,0.0,0.4000000059604645,0.0
904,18.080000000000002,front_left_arm_to_hand,10,1.5994867086410522,2.4579687618597745e-08,1.600000023841858,0.0,0.0,0.04106519743800163,0.04106519743800163,0.0,0.0,0.4000000059604645,0.0,0.0,0.0,0.4000000059604645,0.0,0.0,0.0,0.4000000059604645,0.0
905,18.1,base_to_front_left_shoulder,2,0.10584470629692078,6.619508894800674e-06,0.10000000149011612,0.0,0.0,-0.4679712951183319,-0.4679712951183319,0.0,0.0,0.4000000059604645,0.0,0.0,0.0,0.4000000059604645,0.0,0.0,0.0,0.4000000059604645,0.0
905,18.1,front_left_shoulder_to_arm,6,-0.686190664768219,5.4164578614290804e-05,-0.6899999976158142,0.0,0.0,-0.30464017391204834,-0.30464017391204834,0.0,0.0,0.4000000059604645,0.0,0.0,0.0,0.4000000059604645,0.0,0.0,0.0,0.4000000059604645,0.0
905,18.1,front_left_arm_to_hand,10,1.5994867086410522,2.7721835493821345e-08,1.600000023841858,0.0,0.0,0.041065189987421036,0.041065189987421036,0.0,0.0,0.4000000059604645,0.0,0.0,0.0,0.4000000059604645,0.0,0.0,0.0,0.4000000059604645,0.0
906,18.12,base_to_front_left_shoulder,2,0.10582505166530609,6.611807293666061e-06,0.10000000149011612,0.0,0.0,-0.4664013087749481,-0.4664013087749481,0.0,0.0,0.4000000059604645,0.0,0.0,0.0,0.4000000059604645,0.0,0.0,0.0,0.4000000059604645,0.0
906,18.12,front_left_shoulder_to_arm,6,-0.6861839890480042,5.416695785243064e-05,-0.6899999976158142,0.0,0.0,-0.3051742613315582,-0.3051742613315582,0.0,0.0,0.4000000059604645,0.0,0.0,0.0,0.4000000059604645,0.0,0.0,0.0,0.4000000059604645,0.0
906,18.12,front_left_arm_to_hand,10,1.5994867086410522,4.263887021238588e-08,1.600000023841858,0.0,0.0,0.04106519743800163,0.04106519743800163,0.0,0.0,0.4000000059604645,0.0,0.0,0.0,0.4000000059604645,0.0,0.0,0.0,0.4000000059604645,0.0
907,18.14,base_to_front_left_shoulder,2,0.10584764182567596,6.612197466893122e-06,0.10000000149011612,0.0,0.0,-0.4682108759880066,-0.4682108759880066,0.0,0.0,0.4000000059604645,0.0,0.0,0.0,0.4000000059604645,0.0,0.0,0.0,0.4000000059604645,0.0
907,18.14,front_left_shoulder_to_arm,6,-0.6861773133277893,5.412686005001888e-05,-0.6899999976158142,0.0,0.0,-0.3057081401348114,-0.3057081401348114,0.0,0.0,0.4000000059604645,0.0,0.0,0.0,0.4000000059604645,0.0,0.0,0.0,0.4000000059604645,0.0
907,18.14,front_left_arm_to_hand,10,1.5994867086410522,4.3022563289696336e-08,1.600000023841858,0.0,0.0,0.04106519743800163,0.04106519743800163,0.0,0.0,0.4000000059604645,0.0,0.0,0.0,0.4000000059604645,0.0,0.0,0.0,0.4000000059604645,0.0
908,18.16,base_to_front_left_shoulder,2,0.10582774877548218,6.605003363802098e-06,0.10000000149011612,0.0,0.0,-0.46662184596061707,-0.46662184596061707,0.0,0.0,0.4000000059604645,0.0,0.0,0.0,0.4000000059604645,0.0,0.0,0.0,0.4000000059604645,0.0
908,18.16,front_left_shoulder_to_arm,6,-0.6861706376075745,5.416140629677102e-05,-0.6899999976158142,0.0,0.0,-0.3062423765659332,-0.3062423765659332,0.0,0.0,0.4000000059604645,0.0,0.0,0.0,0.4000000059604645,0.0,0.0,0.0,0.4000000059604645,0.0
908,18.16,front_left_arm_to_hand,10,1.5994867086410522,3.025308359383416e-08,1.600000023841858,0.0,0.0,0.04106519743800163,0.04106519743800163,0.0,0.0,0.4000000059604645,0.0,0.0,0.0,0.4000000059604645,0.0,0.0,0.0,0.4000000059604645,0.0
909,18.18,base_to_front_left_shoulder,2,0.10585007071495056,6.5994972828775644e-06,0.10000000149011612,0.0,0.0,-0.4684099555015564,-0.4684099555015564,0.0,0.0,0.4000000059604645,0.0,0.0,0.0,0.4000000059604645,0.0,0.0,0.0,0.4000000059604645,0.0
909,18.18,front_left_shoulder_to_arm,6,-0.6861640214920044,5.413981125457212e-05,-0.6899999976158142,0.0,0.0,-0.306771457195282,-0.306771457195282,0.0,0.0,0.4000000059604645,0.0,0.0,0.0,0.4000000059604645,0.0,0.0,0.0,0.4000000059604645,0.0
909,18.18,front_left_arm_to_hand,10,1.5994867086410522,3.6949927562091034e-08,1.600000023841858,0.0,0.0,0.04106520488858223,0.04106520488858223,0.0,0.0,0.4000000059604645,0.0,0.0,0.0,0.4000000059604645,0.0,0.0,0.0,0.4000000059604645,0.0
910,18.2,base_to_front_left_shoulder,2,0.10582993924617767,6.618999577767681e-06,0.10000000149011612,0.0,0.0,-0.46680185198783875,-0.46680185198783875,0.0,0.0,0.4000000059604645,0.0,0.0,0.0,0.4000000059604645,0.0,0.0,0.0,0.4000000059604645,0.0
910,18.2,front_left_shoulder_to_arm,6,-0.6861573457717896,5.414912448031828e-05,-0.6899999976158142,0.0,0.0,-0.3073057234287262,-0.3073057234287262,0.0,0.0,0.4000000059604645,0.0,0.0,0.0,0.4000000059604645,0.0,0.0,0.0,0.4000000059604645,0.0
910,18.2,front_left_arm_to_hand,10,1.5994867086410522,3.9376644167532504e-08,1.600000023841858,0.0,0.0,0.04106519743800163,0.04106519743800163,0.0,0.0,0.4000000059604645,0.0,0.0,0.0,0.4000000059604645,0.0,0.0,0.0,0.4000000059604645,0.0
911,18.22,base_to_front_left_shoulder,2,0.10585201531648636,6.60566638543969e-06,0.10000000149011612,0.0,0.0,-0.4685702919960022,-0.4685702919960022,0.0,0.0,0.4000000059604645,0.0,0.0,0.0,0.4000000059604645,0.0,0.0,0.0,0.4000000059604645,0.0
911,18.22,front_left_shoulder_to_arm,6,-0.6861507296562195,5.416032945504412e-05,-0.6899999976158142,0.0,0.0,-0.30783480405807495,-0.30783480405807495,0.0,0.0,0.4000000059604645,0.0,0.0,0.0,0.4000000059604645,0.0,0.0,0.0,0.4000000059604645,0.0
911,18.22,front_left_arm_to_hand,10,1.5994867086410522,3.632132461461879e-08,1.600000023841858,0.0,0.0,0.041065193712711334,0.041065193712711334,0.0,0.0,0.4000000059604645,0.0,0.0,0.0,0.4000000059604645,0.0,0.0,0.0,0.4000000059604645,0.0
912,18.240000000000002,base_to_front_left_shoulder,2,0.10583164542913437,6.612174729525577e-06,0.10000000149011612,0.0,0.0,-0.4669431149959564,-0.4669431149959564,0.0,0.0,0.4000000059604645,0.0,0.0,0.0,0.4000000059604645,0.0,0.0,0.0,0.4000000059604645,0.0
912,18.240000000000002,front_left_shoulder_to_arm,6,-0.6861440539360046,5.4164614994078875e-05,-0.6899999976158142,0.0,0.0,-0.30836907029151917,-0.30836907029151917,0.0,0.0,0.4000000059604645,0.0,0.0,0.0,0.4000000059604645,0.0,0.0,0.0,0.4000000059604645,0.0
912,18.240000000000002,front_left_arm_to_hand,10,1.5994867086410522,4.0241758370029856e-08,1.600000023841858,0.0,0.0,0.041065193712711334,0.041065193712711334,0.0,0.0,0.4000000059604645,0.0,0.0,0.0,0.4000000059604645,0.0,0.0,0.0,0.4000000059604645,0.0
913,18.26,base_to_front_left_shoulder,2,0.1058540940284729,6.4468940763617866e-06,0.10000000149011612,0.0,0.0,-0.46871548891067505,-0.46871548891067505,0.0,0.0,0.4000000059604645,0.0,0.0,0.0,0.4000000059604645,0.0,0.0,0.0,0.4000000059604645,0.0
913,18.26,front_left_shoulder_to_arm,6,-0.6862029433250427,5.275746661936864e-05,-0.6899999976158142,0.0,0.0,-0.3036360740661621,-0.3036360740661621,0.0,0.0,0.4000000059604645,0.0,0.0,0.0,0.4000000059604645,0.0,0.0,0.0,0.4000000059604645,0.0
913,18.26,front_left_arm_to_hand,10,1.5994867086410522,4.23006980554419e-08,1.600000023841858,0.0,0.0,0.04106520861387253,0.04106520861387253,0.0,0.0,0.4000000059604645,0.0,0.0,0.0,0.4000000059604645,0.0,0.0,0.0,0.4000000059604645,0.0
914,18.28,base_to_front_left_shoulder,2,0.10583464801311493,6.616241080337204e-06,0.10000000149011612,0.0,0.0,-0.4671648442745209,-0.4671648442745209,0.0,0.0,0.4000000059604645,0.0,0.0,0.0,0.4000000059604645,0.0,0.0,0.0,0.4000000059604645,0.0
914,18.28,front_left_shoulder_to_arm,6,-0.6861962676048279,5.415933992480859e-05,-0.6899999976158142,0.0,0.0,-0.3041919767856598,-0.3041919767856598,0.0,0.0,0.4000000059604645,0.0,0.0,0.0,0.4000000059604645,0.0,0.0,0.0,0.4000000059604645,0.0
914,18.28,front_left_arm_to_hand,10,1.5994867086410522,3.2178093078982783e-08,1.600000023841858,0.0,0.0,0.04106520116329193,0.04106520116329193,0.0,0.0,0.4000000059604645,0.0,0.0,0.0,0.4000000059604645,0.0,0.0,0.0,0.4000000059604645,0.0
915,18.3,base_to_front_left_shoulder,2,0.10585741698741913,4.96170196129242e-06,0.10000000149011612,0.0,0.0,-0.46560201048851013,-0.46560201048851013,0.0,0.0,0.4000000059604645,0.0,0.0,0.0,0.4000000059604645,0.0,0.0,0.0,0.4000000059604645,0.0
915,18.3,front_left_shoulder_to_arm,6,-0.686189591884613,4.021864879177883e-05,-0.6899999976158142,0.0,0.0,-0.3047260046005249,-0.3047260046005249,0.0,0.0,0.4000000059604645,0.0,0.0,0.0,0.4000000059604645,0.0,0.0,0.0,0.4000000059604645,0.0
915,18.3,front_left_arm_to_hand,10,1.5994867086410522,2.6044013168302627e-08,1.600000023841858,0.0,0.0,0.04106519743800163,0.04106519743800163,0.0,0.0,0.4000000059604645,0.0,0.0,0.0,0.4000000059604645,0.0,0.0,0.0,0.4000000059604645,0.0
916,18.32,base_to_front_left_shoulder,2,0.10583773255348206,6.620180101890583e-06,0.10000000149011612,0.0,0.0,-0.467416375875473,-0.467416375875473,0.0,0.0,0.4000000059604645,0.0,0.0,0.0,0.4000000059604645,0.0,0.0,0.0,0.4000000059604645,0.0
916,18.32,front_left_shoulder_to_arm,6,-0.6861829161643982,5.415335181169212e-05,-0.6899999976158142,0.0,0.0,-0.3052600622177124,-0.3052600622177124,0.0,0.0,0.4000000059604645,0.0,0.0,0.0,0.4000000059604645,0.0,0.0,0.0,0.4000000059604645,0.0
916,18.32,front_left_arm_to_hand,10,1.5994867086410522,3.5556116273482985e-08,1.600000023841858,0.0,0.0,0.04106519743800163,0.04106519743800163,0.0,0.0,0.4000000059604645,0.0,0.0,0.0,0.4000000059604645,0.0,0.0,0.0,0.4000000059604645,0.0
917,18.34,base_to_front_left_shoulder,2,0.10586022585630417,4.962862476531882e-06,0.10000000149011612,0.0,0.0,-0.46583446860313416,-0.46583446860313416,0.0,0.0,0.4000000059604645,0.0,0.0,0.0,0.4000000059604645,0.0,0.0,0.0,0.4000000059604645,0.0
917,18.34,front_left_shoulder_to_arm,6,-0.6861762404441833,4.025567614007741e-05,-0.6899999976158142,0.0,0.0,-0.3057941198348999,-0.3057941198348999,0.0,0.0,0.4000000059604645,0.0,0.0,0.0,0.4000000059604645,0.0,0.0,0.0,0.4000000059604645,0.0
917,18.34,front_left_arm_to_hand,10,1.5994867086410522,2.2520747933185703e-08,1.600000023841858,0.0,0.0,0.041065193712711334,0.041065193712711334,0.0,0.0,0.4000000059604645,0.0,0.0,0.0,0.4000000059604645,0.0,0.0,0.0,0.4000000059604645,0.0
918,18.36,base_to_front_left_shoulder,2,0.105840303003788,6.605118869629223e-06,0.10000000149011612,0.0,0.0,-0.46762678027153015,-0.46762678027153015,0.0,0.0,0.4000000059604645,0.0,0.0,0.0,0.4000000059604645,0.0,0.0,0.0,0.4000000059604645,0.0
918,18.36,front_left_shoulder_to_arm,6,-0.6861695647239685,5.4151467338670045e-05,-0.6899999976158142,0.0,0.0,-0.3063282072544098,-0.3063282072544098,0.0,0.0,0.4000000059604645,0.0,0.0,0.0,0.4000000059604645,0.0,0.0,0.0,0.4000000059604645,0.0
918,18.36,front_left_arm_to_hand,10,1.5994867086410522,3.146330129766284e-08,1.600000023841858,0.0,0.0,0.04106520488858223,0.04106520488858223,0.0,0.0,0.4000000059604645,0.0,0.0,0.0,0.4000000059604645,0.0,0.0,0.0,0.4000000059604645,0.0
919,18.38,base_to_front_left_shoulder,2,0.10586253553628922,4.958903446095064e-06,0.10000000149011612,0.0,0.0,-0.46602579951286316,-0.46602579951286316,0.0,0.0,0.4000000059604645,0.0,0.0,0.0,0.4000000059604645,0.0,0.0,0.0,0.4000000059604645,0.0
919,18.38,front_left_shoulder_to_arm,6,-0.6861628890037537,4.028796683996916e-05,-0.6899999976158142,0.0,0.0,-0.3068622648715973,-0.3068622648715973,0.0,0.0,0.4000000059604645,0.0,0.0,0.0,0.4000000059604645,0.0,0.0,0.0,0.4000000059604645,0.0
919,18.38,front_left_arm_to_hand,10,1.5994867086410522,1.8307567017927795e-08,1.600000023841858,0.0,0.0,0.04106519743800163,0.04106519743800163,0.0,0.0,0.4000000059604645,0.0,0.0,0.0,0.4000000059604645,0.0,0.0,0.0,0.4000000059604645,0.0
920,18.400000000000002,base_to_front_left_shoulder,2,0.10584237426519394,6.6162674556835555e-06,0.10000000149011612,0.0,0.0,-0.46779724955558777,-0.46779724955558777,0.0,0.0,0.4000000059604645,0.0,0.0,0.0,0.4000000059604645,0.0,0.0,0.0,0.4000000059604645,0.0
920,18.400000000000002,front_left_shoulder_to_arm,6,-0.6861562728881836,5.414757470134646e-05,-0.6899999976158142,0.0,0.0,-0.30739155411720276,-0.30739155411720276,0.0,0.0,0.4000000059604645,0.0,0.0,0.0,0.4000000059604645,0.0,0.0,0.0,0.4000000059604645,0.0
920,18.400000000000002,front_left_arm_to_hand,10,1.5994867086410522,3.185352426271493e-08,1.600000023841858,0.0,0.0,0.041065189987421036,0.041065189987421036,0.0,0.0,0.4000000059604645,0.0,0.0,0.0,0.4000000059604645,0.0,0.0,0.0,0.4000000059604645,0.0
921,18.42,base_to_front_left_shoulder,2,0.10586458444595337,-0.000241312722209841,0.10000000149011612,0.0,0.0,-0.4661789834499359,-0.4661789834499359,0.0,0.0,0.4000000059604645,0.0,0.0,0.0,0.4000000059604645,0.0,0.0,0.0,0.4000000059604645,0.0
921,18.42,front_left_shoulder_to_arm,6,-0.6862128376960754,-0.0019747628830373287,-0.6899999976158142,0.0,0.0,-0.30792561173439026,-0.30792561173439026,0.0,0.0,0.4000000059604645,0.0,0.0,0.0,0.4000000059604645,0.0,0.0,0.0,0.4000000059604645,0.0
921,18.42,front_left_arm_to_hand,10,1.5994867086410522,-1.4062907212064601e-06,1.600000023841858,0.0,0.0,0.041065189987421036,0.041065189987421036,0.0,0.0,0.4000000059604645,0.0,0.0,0.0,0.4000000059604645,0.0,0.0,0.0,0.4000000059604645,0.0
922,18.44,base_to_front_left_shoulder,2,0.10584517568349838,6.611511707887985e-06,0.10000000149011612,0.0,0.0,-0.46800288558006287,-0.46800288558006287,0.0,0.0,0.4000000059604645,0.0,0.0,0.0,0.4000000059604645,0.0,0.0,0.0,0.4000000059604645,0.0
922,18.44,front_left_shoulder_to_arm,6,-0.6862078905105591,5.4145064495969564e-05,-0.6899999976158142,0.0,0.0,-0.3032621145248413,-0.3032621145248413,0.0,0.0,0.4000000059604645,0.0,0.0,0.0,0.4000000059604645,0.0,0.0,0.0,0.4000000059604645,0.0
922,18.44,front_left_arm_to_hand,10,1.5994867086410522,2.8361849757629898e-08,1.600000023841858,0.0,0.0,0.04106519743800163,0.04106519743800163,0.0,0.0,0.4000000059604645,0.0,0.0,0.0,0.4000000059604645,0.0,0.0,0.0,0.4000000059604645,0.0
923,18.46,base_to_front_left_shoulder,2,0.10582581907510757,6.606068382097874e-06,0.10000000149011612,0.0,0.0,-0.46645674109458923,-0.46645674109458923,0.0,0.0,0.4000000059604645,0.0,0.0,0.0,0.4000000059604645,0.0,0.0,0.0,0.4000000059604645,0.0
923,18.46,front_left_shoulder_to_arm,6,-0.6862012147903442,5.413857434177771e-05,-0.6899999976158142,0.0,0.0,-0.3037961721420288,-0.3037961721420288,0.0,0.0,0.4000000059604645,0.0,0.0,0.0,0.4000000059604645,0.0,0.0,0.0,0.4000000059604645,0.0
923,18.46,front_left_arm_to_hand,10,1.5994867086410522,1.746076705444466e-08,1.600000023841858,0.0,0.0,0.041065193712711334,0.041065193712711334,0.0,0.0,0.4000000059604645,0.0,0.0,0.0,0.4000000059604645,0.0,0.0,0.0,0.4000000059604645,0.0
924,18.48,base_to_front_left_shoulder,2,0.10584861040115356,6.616558493988123e-06,0.10000000149011612,0.0,0.0,-0.46828240156173706,-0.46828240156173706,0.0,0.0,0.4000000059604645,0.0,0.0,0.0,0.4000000059604645,0.0,0.0,0.0,0.4000000059604645,0.0
924,18.48,front_left_shoulder_to_arm,6,-0.6861945390701294,5.415233317762613e-05,-0.6899999976158142,0.0,0.0,-0.304330050945282,-0.304330050945282,0.0,0.0,0.4000000059604645,0.0,0.0,0.0,0.4000000059604645,0.0,0.0,0.0,0.4000000059604645,0.0
924,18.48,front_left_arm_to_hand,10,1.5994867086410522,5.412364245671597e-08,1.600000023841858,0.0,0.0,0.04106520116329193,0.04106520116329193,0.0,0.0,0.4000000059604645,0.0,0.0,0.0,0.4000000059604645,0.0,0.0,0.0,0.4000000059604645,0.0
925,18.5,base_to_front_left_shoulder,2,0.10582901537418365,6.625060450460296e-06,0.10000000149011612,0.0,0.0,-0.4667172133922577,-0.4667172133922577,0.0,0.0,0.4000000059604645,0.0,0.0,0.0,0.4000000059604645,0.0,0.0,0.0,0.4000000059604645,0.0
925,18.5,front_left_shoulder_to_arm,6,-0.6861878633499146,5.4152005759533495e-05,-0.6899999976158142,0.0,0.0,-0.3048642873764038,-0.3048642873764038,0.0,0.0,0.4000000059604645,0.0,0.0,0.0,0.4000000059604645,0.0,0.0,0.0,0.4000000059604645,0.0
925,18.5,front_left_arm_to_hand,10,1.5994867086410522,4.2450427173434946e-08,1.600000023841858,0.0,0.0,0.04106519743800163,0.04106519743800163,0.0,0.0,0.4000000059604645,0.0,0.0,0.0,0.4000000059604645,0.0,0.0,0.0,0.4000000059604645,0.0
926,18.52,base_to_front_left_shoulder,2,0.10585151612758636,6.613775440200698e-06,0.10000000149011612,0.0,0.0,-0.4685196280479431,-0.4685196280479431,0.0,0.0,0.4000000059604645,0.0,0.0,0.0,0.4000000059604645,0.0,0.0,0.0,0.4000000059604645,0.0
926,18.52,front_left_shoulder_to_arm,6,-0.6861811876296997,5.414697079686448e-05,-0.6899999976158142,0.0,0.0,-0.30539819598197937,-0.30539819598197937,0.0,0.0,0.4000000059604645,0.0,0.0,0.0,0.4000000059604645,0.0,0.0,0.0,0.4000000059604645,0.0
926,18.52,front_left_arm_to_hand,10,1.5994867086410522,3.853202912296183e-08,1.600000023841858,0.0,0.0,0.04106519743800163,0.04106519743800163,0.0,0.0,0.4000000059604645,0.0,0.0,0.0,0.4000000059604645,0.0,0.0,0.0,0.4000000059604645,0.0
927,18.54,base_to_front_left_shoulder,2,0.10583168268203735,6.615935490117408e-06,0.10000000149011612,0.0,0.0,-0.4669353663921356,-0.4669353663921356,0.0,0.0,0.4000000059604645,0.0,0.0,0.0,0.4000000059604645,0.0,0.0,0.0,0.4000000059604645,0.0
927,18.54,front_left_shoulder_to_arm,6,-0.6861745119094849,5.414484621724114e-05,-0.6899999976158142,0.0,0.0,-0.3059324324131012,-0.3059324324131012,0.0,0.0,0.4000000059604645,0.0,0.0,0.0,0.4000000059604645,0.0,0.0,0.0,0.4000000059604645,0.0
927,18.54,front_left_arm_to_hand,10,1.5994867086410522,3.5708119128230464e-08,1.600000023841858,0.0,0.0,0.041065193712711334,0.041065193712711334,0.0,0.0,0.4000000059604645,0.0,0.0,0.0,0.4000000059604645,0.0,0.0,0.0,0.4000000059604645,0.0
928,18.56,base_to_front_left_shoulder,2,0.1058540940284729,6.5747399276006036e-06,0.10000000149011612,0.0,0.0,-0.4687298536300659,-0.4687298536300659,0.0,0.0,0.4000000059604645,0.0,0.0,0.0,0.4000000059604645,0.0,0.0,0.0,0.4000000059604645,0.0
928,18.56,front_left_shoulder_to_arm,6,-0.6861678957939148,5.379954382078722e-05,-0.6899999976158142,0.0,0.0,-0.30645951628685,-0.30645951628685,0.0,0.0,0.4000000059604645,0.0,0.0,0.0,0.4000000059604645,0.0,0.0,0.0,0.4000000059604645,0.0
928,18.56,front_left_arm_to_hand,10,1.5994867086410522,3.382189106559963e-08,1.600000023841858,0.0,0.0,0.04106520861387253,0.04106520861387253,0.0,0.0,0.4000000059604645,0.0,0.0,0.0,0.4000000059604645,0.0,0.0,0.0,0.4000000059604645,0.0
929,18.580000000000002,base_to_front_left_shoulder,2,0.10583402216434479,6.6169159254059196e-06,0.10000000149011612,0.0,0.0,-0.4671272933483124,-0.4671272933483124,0.0,0.0,0.4000000059604645,0.0,0.0,0.0,0.4000000059604645,0.0,0.0,0.0,0.4000000059604645,0.0
929,18.580000000000002,front_left_shoulder_to_arm,6,-0.6861612200737,5.4165364417713135e-05,-0.6899999976158142,0.0,0.0,-0.30699577927589417,-0.30699577927589417,0.0,0.0,0.4000000059604645,0.0,0.0,0.0,0.4000000059604645,0.0,0.0,0.0,0.4000000059604645,0.0
929,18.580000000000002,front_left_arm_to_hand,10,1.5994867086410522,3.1058725369348394e-08,1.600000023841858,0.0,0.0,0.04106519743800163,0.04106519743800163,0.0,0.0,0.4000000059604645,0.0,0.0,0.0,0.4000000059604645,0.0,0.0,0.0,0.4000000059604645,0.0
930,18.6,base_to_front_left_shoulder,2,0.10585618019104004,6.576980922545772e-06,0.10000000149011612,0.0,0.0,-0.46890148520469666,-0.46890148520469666,0.0,0.0,0.4000000059604645,0.0,0.0,0.0,0.4000000059604645,0.0,0.0,0.0,0.4000000059604645,0.0
930,18.6,front_left_shoulder_to_arm,6,-0.6861546039581299,5.3806332289241254e-05,-0.6899999976158142,0.0,0.0,-0.30752286314964294,-0.30752286314964294,0.0,0.0,0.4000000059604645,0.0,0.0,0.0,0.4000000059604645,0.0,0.0,0.0,0.4000000059604645,0.0
930,18.6,front_left_arm_to_hand,10,1.5994867086410522,2.9392751343948476e-08,1.600000023841858,0.0,0.0,0.04106520861387253,0.04106520861387253,0.0,0.0,0.4000000059604645,0.0,0.0,0.0,0.4000000059604645,0.0,0.0,0.0,0.4000000059604645,0.0
931,18.62,base_to_front_left_shoulder,2,0.10583589971065521,6.62204092805041e-06,0.10000000149011612,0.0,0.0,-0.46728166937828064,-0.46728166937828064,0.0,0.0,0.4000000059604645,0.0,0.0,0.0,0.4000000059604645,0.0,0.0,0.0,0.4000000059604645,0.0
931,18.62,front_left_shoulder_to_arm,6,-0.686147928237915,5.41678091394715e-05,-0.6899999976158142,0.0,0.0,-0.30805912613868713,-0.30805912613868713,0.0,0.0,0.4000000059604645,0.0,0.0,0.0,0.4000000059604645,0.0,0.0,0.0,0.4000000059604645,0.0
931,18.62,front_left_arm_to_hand,10,1.5994867086410522,3.8681978509202963e-08,1.600000023841858,0.0,0.0,0.04106519743800163,0.04106519743800163,0.0,0.0,0.4000000059604645,0.0,0.0,0.0,0.4000000059604645,0.0,0.0,0.0,0.4000000059604645,0.0
932,18.64,base_to_front_left_shoulder,2,0.10585815459489822,1.1010993716809025e-07,0.10000000149011612,0.0,0.0,-0.4689302444458008,-0.4689302444458008,0.0,0.0,0.4000000059604645,0.0,0.0,0.0,0.4000000059604645,0.0,0.0,0.0,0.4000000059604645,0.0
932,18.64,front_left_shoulder_to_arm,6,-0.6862066388130188,1.0602968814055203e-06,-0.6899999976158142,0.0,0.0,-0.3024805784225464,-0.3024805784225464,0.0,0.0,0.4000000059604645,0.0,0.0,0.0,0.4000000059604645,0.0,0.0,0.0,0.4000000059604645,0.0
932,18.64,front_left_arm_to_hand,10,1.5994867086410522,-1.648803982234881e-09,1.600000023841858,0.0,0.0,0.04106592386960983,0.04106592386960983,0.0,0.0,0.4000000059604645,0.0,0.0,0.0,0.4000000059604645,0.0,0.0,0.0,0.4000000059604645,0.0
933,18.66,base_to_front_left_shoulder,2,0.10583876818418503,6.615533493459225e-06,0.10000000149011612,0.0,0.0,-0.4674932658672333,-0.4674932658672333,0.0,0.0,0.4000000059604645,0.0,0.0,0.0,0.4000000059604645,0.0,0.0,0.0,0.4000000059604645,0.0
933,18.66,front_left_shoulder_to_arm,6,-0.6862000226974487,5.4118718253448606e-05,-0.6899999976158142,0.0,0.0,-0.30389153957366943,-0.30389153957366943,0.0,0.0,0.4000000059604645,0.0,0.0,0.0,0.4000000059604645,0.0,0.0,0.0,0.4000000059604645,0.0
933,18.66,front_left_arm_to_hand,10,1.5994867086410522,4.0212114527093945e-08,1.600000023841858,0.0,0.0,0.04106519743800163,0.04106519743800163,0.0,0.0,0.4000000059604645,0.0,0.0,0.0,0.4000000059604645,0.0,0.0,0.0,0.4000000059604645,0.0
934,18.68,base_to_front_left_shoulder,2,0.10581926256418228,6.614242010982707e-06,0.10000000149011612,0.0,0.0,-0.46593520045280457,-0.46593520045280457,0.0,0.0,0.4000000059604645,0.0,0.0,0.0,0.4000000059604645,0.0,0.0,0.0,0.4000000059604645,0.0
934,18.68,front_left_shoulder_to_arm,6,-0.6861933469772339,5.4148091294337064e-05,-0.6899999976158142,0.0,0.0,-0.30442559719085693,-0.30442559719085693,0.0,0.0,0.4000000059604645,0.0,0.0,0.0,0.4000000059604645,0.0,0.0,0.0,0.4000000059604645,0.0
934,18.68,front_left_arm_to_hand,10,1.5994867086410522,4.430516398201689e-08,1.600000023841858,0.0,0.0,0.041065193712711334,0.041065193712711334,0.0,0.0,0.4000000059604645,0.0,0.0,0.0,0.4000000059604645,0.0,0.0,0.0,0.4000000059604645,0.0
935,18.7,base_to_front_left_shoulder,2,0.1058419868350029,6.606629540328868e-06,0.10000000149011612,0.0,0.0,-0.467755526304245,-0.467755526304245,0.0,0.0,0.4000000059604645,0.0,0.0,0.0,0.4000000059604645,0.0,0.0,0.0,0.4000000059604645,0.0
935,18.7,front_left_shoulder_to_arm,6,-0.686186671257019,5.4148651543073356e-05,-0.6899999976158142,0.0,0.0,-0.30495965480804443,-0.30495965480804443,0.0,0.0,0.4000000059604645,0.0,0.0,0.0,0.4000000059604645,0.0,0.0,0.0,0.4000000059604645,0.0
935,18.7,front_left_arm_to_hand,10,1.5994867086410522,3.683193483539071e-08,1.600000023841858,0.0,0.0,0.041065189987421036,0.041065189987421036,0.0,0.0,0.4000000059604645,0.0,0.0,0.0,0.4000000059604645,0.0,0.0,0.0,0.4000000059604645,0.0
936,18.72,base_to_front_left_shoulder,2,0.10582224279642105,6.630036295973696e-06,0.10000000149011612,0.0,0.0,-0.46617838740348816,-0.46617838740348816,0.0,0.0,0.4000000059604645,0.0,0.0,0.0,0.4000000059604645,0.0,0.0,0.0,0.4000000059604645,0.0
936,18.72,front_left_shoulder_to_arm,6,-0.6861799955368042,5.4154545068740845e-05,-0.6899999976158142,0.0,0.0,-0.30549371242523193,-0.30549371242523193,0.0,0.0,0.4000000059604645,0.0,0.0,0.0,0.4000000059604645,0.0,0.0,0.0,0.4000000059604645,0.0
936,18.72,front_left_arm_to_hand,10,1.5994867086410522,4.808247666687748e-08,1.600000023841858,0.0,0.0,0.04106519743800163,0.04106519743800163,0.0,0.0,0.4000000059604645,0.0,0.0,0.0,0.4000000059604645,0.0,0.0,0.0,0.4000000059604645,0.0
937,18.740000000000002,base_to_front_left_shoulder,2,0.10584469139575958,6.61830654280493e-06,0.10000000149011612,0.0,0.0,-0.4679766595363617,-0.4679766595363617,0.0,0.0,0.4000000059604645,0.0,0.0,0.0,0.4000000059604645,0.0,0.0,0.0,0.4000000059604645,0.0
937,18.740000000000002,front_left_shoulder_to_arm,6,-0.6861733198165894,5.415229679783806e-05,-0.6899999976158142,0.0,0.0,-0.3060277998447418,-0.3060277998447418,0.0,0.0,0.4000000059604645,0.0,0.0,0.0,0.4000000059604645,0.0,0.0,0.0,0.4000000059604645,0.0
937,18.740000000000002,front_left_arm_to_hand,10,1.5994867086410522,3.590592356772504e-08,1.600000023841858,0.0,0.0,0.04106519743800163,0.04106519743800163,0.0,0.0,0.4000000059604645,0.0,0.0,0.0,0.4000000059604645,0.0,0.0,0.0,0.4000000059604645,0.0
938,18.76,base_to_front_left_shoulder,2,0.10582472383975983,6.616453902097419e-06,0.10000000149011612,0.0,0.0,-0.4663810431957245,-0.4663810431957245,0.0,0.0,0.4000000059604645,0.0,0.0,0.0,0.4000000059604645,0.0,0.0,0.0,0.4000000059604645,0.0
938,18.76,front_left_shoulder_to_arm,6,-0.6861666440963745,5.414008774096146e-05,-0.6899999976158142,0.0,0.0,-0.30656182765960693,-0.30656182765960693,0.0,0.0,0.4000000059604645,0.0,0.0,0.0,0.4000000059604645,0.0,0.0,0.0,0.4000000059604645,0.0
938,18.76,front_left_arm_to_hand,10,1.5994867086410522,3.5655869368156345e-08,1.600000023841858,0.0,0.0,0.04106520116329193,0.04106520116329193,0.0,0.0,0.4000000059604645,0.0,0.0,0.0,0.4000000059604645,0.0,0.0,0.0,0.4000000059604645,0.0
939,18.78,base_to_front_left_shoulder,2,0.10584693402051926,6.604525879083667e-06,0.10000000149011612,0.0,0.0,-0.4681602418422699,-0.4681602418422699,0.0,0.0,0.4000000059604645,0.0,0.0,0.0,0.4000000059604645,0.0,0.0,0.0,0.4000000059604645,0.0
939,18.78,front_left_shoulder_to_arm,6,-0.6861600279808044,5.415910709416494e-05,-0.6899999976158142,0.0,0.0,-0.3070911169052124,-0.3070911169052124,0.0,0.0,0.4000000059604645,0.0,0.0,0.0,0.4000000059604645,0.0,0.0,0.0,0.4000000059604645,0.0
939,18.78,front_left_arm_to_hand,10,1.5994867086410522,4.5944709370360215e-08,1.600000023841858,0.0,0.0,0.041065193712711334,0.041065193712711334,0.0,0.0,0.4000000059604645,0.0,0.0,0.0,0.4000000059604645,0.0,0.0,0.0,0.4000000059604645,0.0
940,18.8,base_to_front_left_shoulder,2,0.10582674294710159,6.613231562369037e-06,0.10000000149011612,0.0,0.0,-0.4665473401546478,-0.4665473401546478,0.0,0.0,0.4000000059604645,0.0,0.0,0.0,0.4000000059604645,0.0,0.0,0.0,0.4000000059604645,0.0
940,18.8,front_left_shoulder_to_arm,6,-0.6861533522605896,5.417198553914204e-05,-0.6899999976158142,0.0,0.0,-0.3076252043247223,-0.3076252043247223,0.0,0.0,0.4000000059604645,0.0,0.0,0.0,0.4000000059604645,0.0,0.0,0.0,0.4000000059604645,0.0
940,18.8,front_left_arm_to_hand,10,1.5994867086410522,3.9919427763379645e-08,1.600000023841858,0.0,0.0,0.04106520116329193,0.04106520116329193,0.0,0.0,0.4000000059604645,0.0,0.0,0.0,0.4000000059604645,0.0,0.0,0.0,0.4000000059604645,0.0
941,18.82,base_to_front_left_shoulder,2,0.10584869235754013,6.610624950553756e-06,0.10000000149011612,0.0,0.0,-0.46830567717552185,-0.46830567717552185,0.0,0.0,0.4000000059604645,0.0,0.0,0.0,0.4000000059604645,0.0,0.0,0.0,0.4000000059604645,0.0
941,18.82,front_left_shoulder_to_arm,6,-0.6861467361450195,5.4155607358552516e-05,-0.6899999976158142,0.0,0.0,-0.30815449357032776,-0.30815449357032776,0.0,0.0,0.4000000059604645,0.0,0.0,0.0,0.4000000059604645,0.0,0.0,0.0,0.4000000059604645,0.0
941,18.82,front_left_arm_to_hand,10,1.5994867086410522,4.46455779012922e-08,1.600000023841858,0.0,0.0,0.04106520116329193,0.04106520116329193,0.0,0.0,0.4000000059604645,0.0,0.0,0.0,0.4000000059604645,0.0,0.0,0.0,0.4000000059604645,0.0
942,18.84,base_to_front_left_shoulder,2,0.10582824796438217,6.6249785959371366e-06,0.10000000149011612,0.0,0.0,-0.4666731059551239,-0.4666731059551239,0.0,0.0,0.4000000059604645,0.0,0.0,0.0,0.4000000059604645,0.0,0.0,0.0,0.4000000059604645,0.0
942,18.84,front_left_shoulder_to_arm,6,-0.6861400604248047,5.416589556261897e-05,-0.6899999976158142,0.0,0.0,-0.30868855118751526,-0.30868855118751526,0.0,0.0,0.4000000059604645,0.0,0.0,0.0,0.4000000059604645,0.0,0.0,0.0,0.4000000059604645,0.0
942,18.84,front_left_arm_to_hand,10,1.5994867086410522,2.303167079276136e-08,1.600000023841858,0.0,0.0,0.04106520116329193,0.04106520116329193,0.0,0.0,0.4000000059604645,0.0,0.0,0.0,0.4000000059604645,0.0,0.0,0.0,0.4000000059604645,0.0
943,18.86,base_to_front_left_shoulder,2,0.10585086792707443,6.612874130951241e-06,0.10000000149011612,0.0,0.0,-0.4684617519378662,-0.4684617519378662,0.0,0.0,0.4000000059604645,0.0,0.0,0.0,0.4000000059604645,0.0,0.0,0.0,0.4000000059604645,0.0
943,18.86,front_left_shoulder_to_arm,6,-0.6861990094184875,5.411608435679227e-05,-0.6899999976158142,0.0,0.0,-0.30397191643714905,-0.30397191643714905,0.0,0.0,0.4000000059604645,0.0,0.0,0.0,0.4000000059604645,0.0,0.0,0.0,0.4000000059604645,0.0
943,18.86,front_left_arm_to_hand,10,1.5994867086410522,3.052527830504914e-08,1.600000023841858,0.0,0.0,0.04106519743800163,0.04106519743800163,0.0,0.0,0.4000000059604645,0.0,0.0,0.0,0.4000000059604645,0.0,0.0,0.0,0.4000000059604645,0.0
944,18.88,base_to_front_left_shoulder,2,0.1058313325047493,6.61737794871442e-06,0.10000000149011612,0.0,0.0,-0.46690139174461365,-0.46690139174461365,0.0,0.0,0.4000000059604645,0.0,0.0,0.0,0.4000000059604645,0.0,0.0,0.0,0.4000000059604645,0.0
944,18.88,front_left_shoulder_to_arm,6,-0.6861923336982727,5.4149917559698224e-05,-0.6899999976158142,0.0,0.0,-0.30450665950775146,-0.30450665950775146,0.0,0.0,0.4000000059604645,0.0,0.0,0.0,0.4000000059604645,0.0,0.0,0.0,0.4000000059604645,0.0
944,18.88,front_left_arm_to_hand,10,1.5994867086410522,3.058236686115379e-08,1.600000023841858,0.0,0.0,0.041065193712711334,0.041065193712711334,0.0,0.0,0.4000000059604645,0.0,0.0,0.0,0.4000000059604645,0.0,0.0,0.0,0.4000000059604645,0.0
945,18.900000000000002,base_to_front_left_shoulder,2,0.10585399717092514,6.581895831914153e-06,0.10000000149011612,0.0,0.0,-0.4687155485153198,-0.4687155485153198,0.0,0.0,0.4000000059604645,0.0,0.0,0.0,0.4000000059604645,0.0,0.0,0.0,0.4000000059604645,0.0
945,18.900000000000002,front_left_shoulder_to_arm,6,-0.6861856579780579,5.377915658755228e-05,-0.6899999976158142,0.0,0.0,-0.30503377318382263,-0.30503377318382263,0.0,0.0,0.4000000059604645,0.0,0.0,0.0,0.4000000059604645,0.0,0.0,0.0,0.4000000059604645,0.0
945,18.900000000000002,front_left_arm_to_hand,10,1.5994867086410522,4.791230168166294e-08,1.600000023841858,0.0,0.0,0.04106519743800163,0.04106519743800163,0.0,0.0,0.4000000059604645,0.0,0.0,0.0,0.4000000059604645,0.0,0.0,0.0,0.4000000059604645,0.0
946,18.92,base_to_front_left_shoulder,2,0.10583425313234329,6.606856004509609e-06,0.10000000149011612,0.0,0.0,-0.46713921427726746,-0.46713921427726746,0.0,0.0,0.4000000059604645,0.0,0.0,0.0,0.4000000059604645,0.0,0.0,0.0,0.4000000059604645,0.0
946,18.92,front_left_shoulder_to_arm,6,-0.686178982257843,5.414234328782186e-05,-0.6899999976158142,0.0,0.0,-0.30557480454444885,-0.30557480454444885,0.0,0.0,0.4000000059604645,0.0,0.0,0.0,0.4000000059604645,0.0,0.0,0.0,0.4000000059604645,0.0
946,18.92,front_left_arm_to_hand,10,1.5994867086410522,3.709769913484706e-08,1.600000023841858,0.0,0.0,0.041065193712711334,0.041065193712711334,0.0,0.0,0.4000000059604645,0.0,0.0,0.0,0.4000000059604645,0.0,0.0,0.0,0.4000000059604645,0.0
947,18.94,base_to_front_left_shoulder,2,0.10585664212703705,6.562473572557792e-06,0.10000000149011612,0.0,0.0,-0.4689319133758545,-0.4689319133758545,0.0,0.0,0.4000000059604645,0.0,0.0,0.0,0.4000000059604645,0.0,0.0,0.0,0.4000000059604645,0.0
947,18.94,front_left_shoulder_to_arm,6,-0.6861723065376282,5.3788506193086505e-05,-0.6899999976158142,0.0,0.0,-0.30610191822052,-0.30610191822052,0.0,0.0,0.4000000059604645,0.0,0.0,0.0,0.4000000059604645,0.0,0.0,0.0,0.4000000059604645,0.0
947,18.94,front_left_arm_to_hand,10,1.5994867086410522,3.244585045081294e-08,1.600000023841858,0.0,0.0,0.041065193712711334,0.041065193712711334,0.0,0.0,0.4000000059604645,0.0,0.0,0.0,0.4000000059604645,0.0,0.0,0.0,0.4000000059604645,0.0
948,18.96,base_to_front_left_shoulder,2,0.1058366596698761,6.610100172110833e-06,0.10000000149011612,0.0,0.0,-0.467336505651474,-0.467336505651474,0.0,0.0,0.4000000059604645,0.0,0.0,0.0,0.4000000059604645,0.0,0.0,0.0,0.4000000059604645,0.0
948,18.96,front_left_shoulder_to_arm,6,-0.6861656308174133,5.416738713392988e-05,-0.6899999976158142,0.0,0.0,-0.30664291977882385,-0.30664291977882385,0.0,0.0,0.4000000059604645,0.0,0.0,0.0,0.4000000059604645,0.0,0.0,0.0,0.4000000059604645,0.0
948,18.96,front_left_arm_to_hand,10,1.5994867086410522,3.245493829240331e-08,1.600000023841858,0.0,0.0,0.04106520116329193,0.04106520116329193,0.0,0.0,0.4000000059604645,0.0,0.0,0.0,0.4000000059604645,0.0,0.0,0.0,0.4000000059604645,0.0
949,18.98,base_to_front_left_shoulder,2,0.10585879534482956,6.565256626345217e-06,0.10000000149011612,0.0,0.0,-0.469108909368515,-0.469108909368515,0.0,0.0,0.4000000059604645,0.0,0.0,0.0,0.4000000059604645,0.0,0.0,0.0,0.4000000059604645,0.0
949,18.98,front_left_shoulder_to_arm,6,-0.6861590147018433,5.379319918574765e-05,-0.6899999976158142,0.0,0.0,-0.307170033454895,-0.307170033454895,0.0,0.0,0.4000000059604645,0.0,0.0,0.0,0.4000000059604645,0.0,0.0,0.0,0.4000000059604645,0.0
949,18.98,front_left_arm_to_hand,10,1.5994867086410522,3.624393585255348e-08,1.600000023841858,0.0,0.0,0.041065193712711334,0.041065193712711334,0.0,0.0,0.4000000059604645,0.0,0.0,0.0,0.4000000059604645,0.0,0.0,0.0,0.4000000059604645,0.0
950,19.0,base_to_front_left_shoulder,2,0.10583857446908951,6.6053089540218934e-06,0.10000000149011612,0.0,0.0,-0.4674944579601288,-0.4674944579601288,0.0,0.0,0.4000000059604645,0.0,0.0,0.0,0.4000000059604645,0.0,0.0,0.0,0.4000000059604645,0.0
950,19.0,front_left_shoulder_to_arm,6,-0.6861523389816284,5.415850318968296e-05,-0.6899999976158142,0.0,0.0,-0.3077062666416168,-0.3077062666416168,0.0,0.0,0.4000000059604645,0.0,0.0,0.0,0.4000000059604645,0.0,0.0,0.0,0.4000000059604645,0.0
950,19.0,front_left_arm_to_hand,10,1.5994867086410522,3.2986228859499533e-08,1.600000023841858,0.0,0.0,0.041065189987421036,0.041065189987421036,0.0,0.0,0.4000000059604645,0.0,0.0,0.0,0.4000000059604645,0.0,0.0,0.0,0.4000000059604645,0.0
951,19.02,base_to_front_left_shoulder,2,0.10586079210042953,1.3010077282160637e-07,0.10000000149011612,0.0,0.0,-0.4691399335861206,-0.4691399335861206,0.0,0.0,0.4000000059604645,0.0,0.0,0.0,0.4000000059604645,0.0,0.0,0.0,0.4000000059604645,0.0
951,19.02,front_left_shoulder_to_arm,6,-0.6862106323242188,1.2386666412567138e-06,-0.6899999976158142,0.0,0.0,-0.3021600842475891,-0.3021600842475891,0.0,0.0,0.4000000059604645,0.0,0.0,0.0,0.4000000059604645,0.0,0.0,0.0,0.4000000059604645,0.0
951,19.02,front_left_arm_to_hand,10,1.5994867086410522,-8.557109687501452e-09,1.600000023841858,0.0,0.0,0.04106592759490013,0.04106592759490013,0.0,0.0,0.4000000059604645,0.0,0.0,0.0,0.4000000059604645,0.0,0.0,0.0,0.4000000059604645,0.0
952,19.04,base_to_front_left_shoulder,2,0.10584146529436111,6.6111842897953466e-06,0.10000000149011612,0.0,0.0,-0.4677078425884247,-0.4677078425884247,0.0,0.0,0.4000000059604645,0.0,0.0,0.0,0.4000000059604645,0.0,0.0,0.0,0.4000000059604645,0.0
952,19.04,front_left_shoulder_to_arm,6,-0.6862040162086487,5.414566840045154e-05,-0.6899999976158142,0.0,0.0,-0.3035720884799957,-0.3035720884799957,0.0,0.0,0.4000000059604645,0.0,0.0,0.0,0.4000000059604645,0.0,0.0,0.0,0.4000000059604645,0.0
952,19.04,front_left_arm_to_hand,10,1.5994867086410522,3.7962394117130316e-08,1.600000023841858,0.0,0.0,0.041065193712711334,0.041065193712711334,0.0,0.0,0.4000000059604645,0.0,0.0,0.0,0.4000000059604645,0.0,0.0,0.0,0.4000000059604645,0.0
953,19.06,base_to_front_left_shoulder,2,0.10582201927900314,6.624499292229302e-06,0.10000000149011612,0.0,0.0,-0.466154545545578,-0.466154545545578,0.0,0.0,0.4000000059604645,0.0,0.0,0.0,0.4000000059604645,0.0,0.0,0.0,0.4000000059604645,0.0
953,19.06,front_left_shoulder_to_arm,6,-0.6861973404884338,5.4144700698088855e-05,-0.6899999976158142,0.0,0.0,-0.30410611629486084,-0.30410611629486084,0.0,0.0,0.4000000059604645,0.0,0.0,0.0,0.4000000059604645,0.0,0.0,0.0,0.4000000059604645,0.0
953,19.06,front_left_arm_to_hand,10,1.5994867086410522,2.4579687618597745e-08,1.600000023841858,0.0,0.0,0.04106519743800163,0.04106519743800163,0.0,0.0,0.4000000059604645,0.0,0.0,0.0,0.4000000059604645,0.0,0.0,0.0,0.4000000059604645,0.0
954,19.080000000000002,base_to_front_left_shoulder,2,0.10584470629692078,6.619508894800674e-06,0.10000000149011612,0.0,0.0,-0.4679712951183319,-0.4679712951183319,0.0,0.0,0.4000000059604645,0.0,0.0,0.0,0.4000000059604645,0.0,0.0,0.0,0.4000000059604645,0.0
954,19.080000000000002,front_left_shoulder_to_arm,6,-0.686190664768219,5.4164578614290804e-05,-0.6899999976158142,0.0,0.0,-0.30464017391204834,-0.30464017391204834,0.0,0.0,0.4000000059604645,0.0,0.0,0.0,0.4000000059604645,0.0,0.0,0.0,0.4000000059604645,0.0
954,19.080000000000002,front_left_arm_to_hand,10,1.5994867086410522,2.7721835493821345e-08,1.600000023841858,0.0,0.0,0.041065189987421036,0.041065189987421036,0.0,0.0,0.4000000059604645,0.0,0.0,0.0,0.4000000059604645,0.0,0.0,0.0,0.4000000059604645,0.0
955,19.1,base_to_front_left_shoulder,2,0.10582505166530609,6.611807293666061e-06,0.10000000149011612,0.0,0.0,-0.4664013087749481,-0.4664013087749481,0.0,0.0,0.4000000059604645,0.0,0.0,0.0,0.4000000059604645,0.0,0.0,0.0,0.4000000059604645,0.0
955,19.1,front_left_shoulder_to_arm,6,-0.6861839890480042,5.416695785243064e-05,-0.6899999976158142,0.0,0.0,-0.3051742613315582,-0.3051742613315582,0.0,0.0,0.4000000059604645,0.0,0.0,0.0,0.4000000059604645,0.0,0.0,0.0,0.4000000059604645,0.0
955,19.1,front_left_arm_to_hand,10,1.5994867086410522,4.263887021238588e-08,1.600000023841858,0.0,0.0,0.04106519743800163,0.04106519743800163,0.0,0.0,0.4000000059604645,0.0,0.0,0.0,0.4000000059604645,0.0,0.0,0.0,0.4000000059604645,0.0
956,19.12,base_to_front_left_shoulder,2,0.10584764182567596,6.612197466893122e-06,0.10000000149011612,0.0,0.0,-0.4682108759880066,-0.4682108759880066,0.0,0.0,0.4000000059604645,0.0,0.0,0.0,0.4000000059604645,0.0,0.0,0.0,0.4000000059604645,0.0
956,19.12,front_left_shoulder_to_arm,6,-0.6861773133277893,5.412686005001888e-05,-0.6899999976158142,0.0,0.0,-0.3057081401348114,-0.3057081401348114,0.0,0.0,0.4000000059604645,0.0,0.0,0.0,0.4000000059604645,0.0,0.0,0.0,0.4000000059604645,0.0
956,19.12,front_left_arm_to_hand,10,1.5994867086410522,4.3022563289696336e-08,1.600000023841858,0.0,0.0,0.04106519743800163,0.04106519743800163,0.0,0.0,0.4000000059604645,0.0,0.0,0.0,0.4000000059604645,0.0,0.0,0.0,0.4000000059604645,0.0
957,19.14,base_to_front_left_shoulder,2,0.10582774877548218,6.605003363802098e-06,0.10000000149011612,0.0,0.0,-0.46662184596061707,-0.46662184596061707,0.0,0.0,0.4000000059604645,0.0,0.0,0.0,0.4000000059604645,0.0,0.0,0.0,0.4000000059604645,0.0
957,19.14,front_left_shoulder_to_arm,6,-0.6861706376075745,5.416140629677102e-05,-0.6899999976158142,0.0,0.0,-0.3062423765659332,-0.3062423765659332,0.0,0.0,0.4000000059604645,0.0,0.0,0.0,0.4000000059604645,0.0,0.0,0.0,0.4000000059604645,0.0
957,19.14,front_left_arm_to_hand,10,1.5994867086410522,3.025308359383416e-08,1.600000023841858,0.0,0.0,0.04106519743800163,0.04106519743800163,0.0,0.0,0.4000000059604645,0.0,0.0,0.0,0.4000000059604645,0.0,0.0,0.0,0.4000000059604645,0.0
958,19.16,base_to_front_left_shoulder,2,0.10585007071495056,6.5994972828775644e-06,0.10000000149011612,0.0,0.0,-0.4684099555015564,-0.4684099555015564,0.0,0.0,0.4000000059604645,0.0,0.0,0.0,0.4000000059604645,0.0,0.0,0.0,0.4000000059604645,0.0
958,19.16,front_left_shoulder_to_arm,6,-0.6861640214920044,5.413981125457212e-05,-0.6899999976158142,0.0,0.0,-0.306771457195282,-0.306771457195282,0.0,0.0,0.4000000059604645,0.0,0.0,0.0,0.4000000059604645,0.0,0.0,0.0,0.4000000059604645,0.0
958,19.16,front_left_arm_to_hand,10,1.5994867086410522,3.6949927562091034e-08,1.600000023841858,0.0,0.0,0.04106520488858223,0.04106520488858223,0.0,0.0,0.4000000059604645,0.0,0.0,0.0,0.4000000059604645,0.0,0.0,0.0,0.4000000059604645,0.0
959,19.18,base_to_front_left_shoulder,2,0.10582993924617767,6.618999577767681e-06,0.10000000149011612,0.0,0.0,-0.46680185198783875,-0.46680185198783875,0.0,0.0,0.4000000059604645,0.0,0.0,0.0,0.4000000059604645,0.0,0.0,0.0,0.4000000059604645,0.0
959,19.18,front_left_shoulder_to_arm,6,-0.6861573457717896,5.414912448031828e-05,-0.6899999976158142,0.0,0.0,-0.3073057234287262,-0.3073057234287262,0.0,0.0,0.4000000059604645,0.0,0.0,0.0,0.4000000059604645,0.0,0.0,0.0,0.4000000059604645,0.0
959,19.18,front_left_arm_to_hand,10,1.5994867086410522,3.9376644167532504e-08,1.600000023841858,0.0,0.0,0.04106519743800163,0.04106519743800163,0.0,0.0,0.4000000059604645,0.0,0.0,0.0,0.4000000059604645,0.0,0.0,0.0,0.4000000059604645,0.0
960,19.2,base_to_front_left_shoulder,2,0.10585201531648636,6.60566638543969e-06,0.10000000149011612,0.0,0.0,-0.4685702919960022,-0.4685702919960022,0.0,0.0,0.4000000059604645,0.0,0.0,0.0,0.4000000059604645,0.0,0.0,0.0,0.4000000059604645,0.0
960,19.2,front_left_shoulder_to_arm,6,-0.6861507296562195,5.416032945504412e-05,-0.6899999976158142,0.0,0.0,-0.30783480405807495,-0.30783480405807495,0.0,0.0,0.4000000059604645,0.0,0.0,0.0,0.4000000059604645,0.0,0.0,0.0,0.4000000059604645,0.0
960,19.2,front_left_arm_to_hand,10,1.5994867086410522,3.632132461461879e-08,1.600000023841858,0.0,0.0,0.041065193712711334,0.041065193712711334,0.0,0.0,0.4000000059604645,0.0,0.0,0.0,0.4000000059604645,0.0,0.0,0.0,0.4000000059604645,0.0
961,19.22,base_to_front_left_shoulder,2,0.10583164542913437,6.612174729525577e-06,0.10000000149011612,0.0,0.0,-0.4669431149959564,-0.4669431149959564,0.0,0.0,0.4000000059604645,0.0,0.0,0.0,0.4000000059604645,0.0,0.0,0.0,0.4000000059604645,0.0
961,19.22,front_left_shoulder_to_arm,6,-0.6861440539360046,5.4164614994078875e-05,-0.6899999976158142,0.0,0.0,-0.30836907029151917,-0.30836907029151917,0.0,0.0,0.4000000059604645,0.0,0.0,0.0,0.4000000059604645,0.0,0.0,0.0,0.4000000059604645,0.0
961,19.22,front_left_arm_to_hand,10,1.5994867086410522,4.0241758370029856e-08,1.600000023841858,0.0,0.0,0.041065193712711334,0.041065193712711334,0.0,0.0,0.4000000059604645,0.0,0.0,0.0,0.4000000059604645,0.0,0.0,0.0,0.4000000059604645,0.0
962,19.240000000000002,base_to_front_left_shoulder,2,0.1058540940284729,6.4468940763617866e-06,0.10000000149011612,0.0,0.0,-0.46871548891067505,-0.46871548891067505,0.0,0.0,0.4000000059604645,0.0,0.0,0.0,0.4000000059604645,0.0,0.0,0.0,0.4000000059604645,0.0
962,19.240000000000002,front_left_shoulder_to_arm,6,-0.6862029433250427,5.275746661936864e-05,-0.6899999976158142,0.0,0.0,-0.3036360740661621,-0.3036360740661621,0.0,0.0,0.4000000059604645,0.0,0.0,0.0,0.4000000059604645,0.0,0.0,0.0,0.4000000059604645,0.0
962,19.240000000000002,front_left_arm_to_hand,10,1.5994867086410522,4.23006980554419e-08,1.600000023841858,0.0,0.0,0.04106520861387253,0.04106520861387253,0.0,0.0,0.4000000059604645,0.0,0.0,0.0,0.4000000059604645,0.0,0.0,0.0,0.4000000059604645,0.0
963,19.26,base_to_front_left_shoulder,2,0.10583464801311493,6.616241080337204e-06,0.10000000149011612,0.0,0.0,-0.4671648442745209,-0.4671648442745209,0.0,0.0,0.4000000059604645,0.0,0.0,0.0,0.4000000059604645,0.0,0.0,0.0,0.4000000059604645,0.0
963,19.26,front_left_shoulder_to_arm,6,-0.6861962676048279,5.415933992480859e-05,-0.6899999976158142,0.0,0.0,-0.3041919767856598,-0.3041919767856598,0.0,0.0,0.4000000059604645,0.0,0.0,0.0,0.4000000059604645,0.0,0.0,0.0,0.4000000059604645,0.0
963,19.26,front_left_arm_to_hand,10,1.5994867086410522,3.2178093078982783e-08,1.600000023841858,0.0,0.0,0.04106520116329193,0.04106520116329193,0.0,0.0,0.4000000059604645,0.0,0.0,0.0,0.4000000059604645,0.0,0.0,0.0,0.4000000059604645,0.0
964,19.28,base_to_front_left_shoulder,2,0.10585741698741913,4.96170196129242e-06,0.10000000149011612,0.0,0.0,-0.46560201048851013,-0.46560201048851013,0.0,0.0,0.4000000059604645,0.0,0.0,0.0,0.4000000059604645,0.0,0.0,0.0,0.4000000059604645,0.0
964,19.28,front_left_shoulder_to_arm,6,-0.686189591884613,4.021864879177883e-05,-0.6899999976158142,0.0,0.0,-0.3047260046005249,-0.3047260046005249,0.0,0.0,0.4000000059604645,0.0,0.0,0.0,0.4000000059604645,0.0,0.0,0.0,0.4000000059604645,0.0
964,19.28,front_left_arm_to_hand,10,1.5994867086410522,2.6044013168302627e-08,1.600000023841858,0.0,0.0,0.04106519743800163,0.04106519743800163,0.0,0.0,0.4000000059604645,0.0,0.0,0.0,0.4000000059604645,0.0,0.0,0.0,0.4000000059604645,0.0
965,19.3,base_to_front_left_shoulder,2,0.10583773255348206,6.620180101890583e-06,0.10000000149011612,0.0,0.0,-0.467416375875473,-0.467416375875473,0.0,0.0,0.4000000059604645,0.0,0.0,0.0,0.4000000059604645,0.0,0.0,0.0,0.4000000059604645,0.0
965,19.3,front_left_shoulder_to_arm,6,-0.6861829161643982,5.415335181169212e-05,-0.6899999976158142,0.0,0.0,-0.3052600622177124,-0.3052600622177124,0.0,0.0,0.4000000059604645,0.0,0.0,0.0,0.4000000059604645,0.0,0.0,0.0,0.4000000059604645,0.0
965,19.3,front_left_arm_to_hand,10,1.5994867086410522,3.5556116273482985e-08,1.600000023841858,0.0,0.0,0.04106519743800163,0.04106519743800163,0.0,0.0,0.4000000059604645,0.0,0.0,0.0,0.4000000059604645,0.0,0.0,0.0,0.4000000059604645,0.0
966,19.32,base_to_front_left_shoulder,2,0.10586022585630417,4.962862476531882e-06,0.10000000149011612,0.0,0.0,-0.46583446860313416,-0.46583446860313416,0.0,0.0,0.4000000059604645,0.0,0.0,0.0,0.4000000059604645,0.0,0.0,0.0,0.4000000059604645,0.0
966,19.32,front_left_shoulder_to_arm,6,-0.6861762404441833,4.025567614007741e-05,-0.6899999976158142,0.0,0.0,-0.3057941198348999,-0.3057941198348999,0.0,0.0,0.4000000059604645,0.0,0.0,0.0,0.4000000059604645,0.0,0.0,0.0,0.4000000059604645,0.0
966,19.32,front_left_arm_to_hand,10,1.5994867086410522,2.2520747933185703e-08,1.600000023841858,0.0,0.0,0.041065193712711334,0.041065193712711334,0.0,0.0,0.4000000059604645,0.0,0.0,0.0,0.4000000059604645,0.0,0.0,0.0,0.4000000059604645,0.0
967,19.34,base_to_front_left_shoulder,2,0.105840303003788,6.605118869629223e-06,0.10000000149011612,0.0,0.0,-0.46762678027153015,-0.46762678027153015,0.0,0.0,0.4000000059604645,0.0,0.0,0.0,0.4000000059604645,0.0,0.0,0.0,0.4000000059604645,0.0
967,19.34,front_left_shoulder_to_arm,6,-0.6861695647239685,5.4151467338670045e-05,-0.6899999976158142,0.0,0.0,-0.3063282072544098,-0.3063282072544098,0.0,0.0,0.4000000059604645,0.0,0.0,0.0,0.4000000059604645,0.0,0.0,0.0,0.4000000059604645,0.0
967,19.34,front_left_arm_to_hand,10,1.5994867086410522,3.146330129766284e-08,1.600000023841858,0.0,0.0,0.04106520488858223,0.04106520488858223,0.0,0.0,0.4000000059604645,0.0,0.0,0.0,0.4000000059604645,0.0,0.0,0.0,0.4000000059604645,0.0
968,19.36,base_to_front_left_shoulder,2,0.10586253553628922,4.958903446095064e-06,0.10000000149011612,0.0,0.0,-0.46602579951286316,-0.46602579951286316,0.0,0.0,0.4000000059604645,0.0,0.0,0.0,0.4000000059604645,0.0,0.0,0.0,0.4000000059604645,0.0
968,19.36,front_left_shoulder_to_arm,6,-0.6861628890037537,4.028796683996916e-05,-0.6899999976158142,0.0,0.0,-0.3068622648715973,-0.3068622648715973,0.0,0.0,0.4000000059604645,0.0,0.0,0.0,0.4000000059604645,0.0,0.0,0.0,0.4000000059604645,0.0
968,19.36,front_left_arm_to_hand,10,1.5994867086410522,1.8307567017927795e-08,1.600000023841858,0.0,0.0,0.04106519743800163,0.04106519743800163,0.0,0.0,0.4000000059604645,0.0,0.0,0.0,0.4000000059604645,0.0,0.0,0.0,0.4000000059604645,0.0
969,19.38,base_to_front_left_shoulder,2,0.10584237426519394,6.6162674556835555e-06,0.10000000149011612,0.0,0.0,-0.46779724955558777,-0.46779724955558777,0.0,0.0,0.4000000059604645,0.0,0.0,0.0,0.4000000059604645,0.0,0.0,0.0,0.4000000059604645,0.0
969,19.38,front_left_shoulder_to_arm,6,-0.6861562728881836,5.414757470134646e-05,-0.6899999976158142,0.0,0.0,-0.30739155411720276,-0.30739155411720276,0.0,0.0,0.4000000059604645,0.0,0.0,0.0,0.4000000059604645,0.0,0.0,0.0,0.4000000059604645,0.0
969,19.38,front_left_arm_to_hand,10,1.5994867086410522,3.185352426271493e-08,1.600000023841858,0.0,0.0,0.041065189987421036,0.041065189987421036,0.0,0.0,0.4000000059604645,0.0,0.0,0.0,0.4000000059604645,0.0,0.0,0.0,0.4000000059604645,0.0
970,19.400000000000002,base_to_front_left_shoulder,2,0.10586458444595337,-0.000241312722209841,0.10000000149011612,0.0,0.0,-0.4661789834499359,-0.4661789834499359,0.0,0.0,0.4000000059604645,0.0,0.0,0.0,0.4000000059604645,0.0,0.0,0.0,0.4000000059604645,0.0
970,19.400000000000002,front_left_shoulder_to_arm,6,-0.6862128376960754,-0.0019747628830373287,-0.6899999976158142,0.0,0.0,-0.30792561173439026,-0.30792561173439026,0.0,0.0,0.4000000059604645,0.0,0.0,0.0,0.4000000059604645,0.0,0.0,0.0,0.4000000059604645,0.0
970,19.400000000000002,front_left_arm_to_hand,10,1.5994867086410522,-1.4062907212064601e-06,1.600000023841858,0.0,0.0,0.041065189987421036,0.041065189987421036,0.0,0.0,0.4000000059604645,0.0,0.0,0.0,0.4000000059604645,0.0,0.0,0.0,0.4000000059604645,0.0
971,19.42,base_to_front_left_shoulder,2,0.10584517568349838,6.611511707887985e-06,0.10000000149011612,0.0,0.0,-0.46800288558006287,-0.46800288558006287,0.0,0.0,0.4000000059604645,0.0,0.0,0.0,0.4000000059604645,0.0,0.0,0.0,0.4000000059604645,0.0
971,19.42,front_left_shoulder_to_arm,6,-0.6862078905105591,5.4145064495969564e-05,-0.6899999976158142,0.0,0.0,-0.3032621145248413,-0.3032621145248413,0.0,0.0,0.4000000059604645,0.0,0.0,0.0,0.4000000059604645,0.0,0.0,0.0,0.4000000059604645,0.0
971,19.42,front_left_arm_to_hand,10,1.5994867086410522,2.8361849757629898e-08,1.600000023841858,0.0,0.0,0.04106519743800163,0.04106519743800163,0.0,0.0,0.4000000059604645,0.0,0.0,0.0,0.4000000059604645,0.0,0.0,0.0,0.4000000059604645,0.0
972,19.44,base_to_front_left_shoulder,2,0.10582581907510757,6.606068382097874e-06,0.10000000149011612,0.0,0.0,-0.46645674109458923,-0.46645674109458923,0.0,0.0,0.4000000059604645,0.0,0.0,0.0,0.4000000059604645,0.0,0.0,0.0,0.4000000059604645,0.0
972,19.44,front_left_shoulder_to_arm,6,-0.6862012147903442,5.413857434177771e-05,-0.6899999976158142,0.0,0.0,-0.3037961721420288,-0.3037961721420288,0.0,0.0,0.4000000059604645,0.0,0.0,0.0,0.4000000059604645,0.0,0.0,0.0,0.4000000059604645,0.0
972,19.44,front_left_arm_to_hand,10,1.5994867086410522,1.746076705444466e-08,1.600000023841858,0.0,0.0,0.041065193712711334,0.041065193712711334,0.0,0.0,0.4000000059604645,0.0,0.0,0.0,0.4000000059604645,0.0,0.0,0.0,0.4000000059604645,0.0
973,19.46,base_to_front_left_shoulder,2,0.10584861040115356,6.616558493988123e-06,0.10000000149011612,0.0,0.0,-0.46828240156173706,-0.46828240156173706,0.0,0.0,0.4000000059604645,0.0,0.0,0.0,0.4000000059604645,0.0,0.0,0.0,0.4000000059604645,0.0
973,19.46,front_left_shoulder_to_arm,6,-0.6861945390701294,5.415233317762613e-05,-0.6899999976158142,0.0,0.0,-0.304330050945282,-0.304330050945282,0.0,0.0,0.4000000059604645,0.0,0.0,0.0,0.4000000059604645,0.0,0.0,0.0,0.4000000059604645,0.0
973,19.46,front_left_arm_to_hand,10,1.5994867086410522,5.412364245671597e-08,1.600000023841858,0.0,0.0,0.04106520116329193,0.04106520116329193,0.0,0.0,0.4000000059604645,0.0,0.0,0.0,0.4000000059604645,0.0,0.0,0.0,0.4000000059604645,0.0
974,19.48,base_to_front_left_shoulder,2,0.10582901537418365,6.625060450460296e-06,0.10000000149011612,0.0,0.0,-0.4667172133922577,-0.4667172133922577,0.0,0.0,0.4000000059604645,0.0,0.0,0.0,0.4000000059604645,0.0,0.0,0.0,0.4000000059604645,0.0
974,19.48,front_left_shoulder_to_arm,6,-0.6861878633499146,5.4152005759533495e-05,-0.6899999976158142,0.0,0.0,-0.3048642873764038,-0.3048642873764038,0.0,0.0,0.4000000059604645,0.0,0.0,0.0,0.4000000059604645,0.0,0.0,0.0,0.4000000059604645,0.0
974,19.48,front_left_arm_to_hand,10,1.5994867086410522,4.2450427173434946e-08,1.600000023841858,0.0,0.0,0.04106519743800163,0.04106519743800163,0.0,0.0,0.4000000059604645,0.0,0.0,0.0,0.4000000059604645,0.0,0.0,0.0,0.4000000059604645,0.0
975,19.5,base_to_front_left_shoulder,2,0.10585151612758636,6.613775440200698e-06,0.10000000149011612,0.0,0.0,-0.4685196280479431,-0.4685196280479431,0.0,0.0,0.4000000059604645,0.0,0.0,0.0,0.4000000059604645,0.0,0.0,0.0,0.4000000059604645,0.0
975,19.5,front_left_shoulder_to_arm,6,-0.6861811876296997,5.414697079686448e-05,-0.6899999976158142,0.0,0.0,-0.30539819598197937,-0.30539819598197937,0.0,0.0,0.4000000059604645,0.0,0.0,0.0,0.4000000059604645,0.0,0.0,0.0,0.4000000059604645,0.0
975,19.5,front_left_arm_to_hand,10,1.5994867086410522,3.853202912296183e-08,1.600000023841858,0.0,0.0,0.04106519743800163,0.04106519743800163,0.0,0.0,0.4000000059604645,0.0,0.0,0.0,0.4000000059604645,0.0,0.0,0.0,0.4000000059604645,0.0
976,19.52,base_to_front_left_shoulder,2,0.10583168268203735,6.615935490117408e-06,0.10000000149011612,0.0,0.0,-0.4669353663921356,-0.4669353663921356,0.0,0.0,0.4000000059604645,0.0,0.0,0.0,0.4000000059604645,0.0,0.0,0.0,0.4000000059604645,0.0
976,19.52,front_left_shoulder_to_arm,6,-0.6861745119094849,5.414484621724114e-05,-0.6899999976158142,0.0,0.0,-0.3059324324131012,-0.3059324324131012,0.0,0.0,0.4000000059604645,0.0,0.0,0.0,0.4000000059604645,0.0,0.0,0.0,0.4000000059604645,0.0
976,19.52,front_left_arm_to_hand,10,1.5994867086410522,3.5708119128230464e-08,1.600000023841858,0.0,0.0,0.041065193712711334,0.041065193712711334,0.0,0.0,0.4000000059604645,0.0,0.0,0.0,0.4000000059604645,0.0,0.0,0.0,0.4000000059604645,0.0
977,19.54,base_to_front_left_shoulder,2,0.1058540940284729,6.5747399276006036e-06,0.10000000149011612,0.0,0.0,-0.4687298536300659,-0.4687298536300659,0.0,0.0,0.4000000059604645,0.0,0.0,0.0,0.4000000059604645,0.0,0.0,0.0,0.4000000059604645,0.0
977,19.54,front_left_shoulder_to_arm,6,-0.6861678957939148,5.379954382078722e-05,-0.6899999976158142,0.0,0.0,-0.30645951628685,-0.30645951628685,0.0,0.0,0.4000000059604645,0.0,0.0,0.0,0.4000000059604645,0.0,0.0,0.0,0.4000000059604645,0.0
977,19.54,front_left_arm_to_hand,10,1.5994867086410522,3.382189106559963e-08,1.600000023841858,0.0,0.0,0.04106520861387253,0.04106520861387253,0.0,0.0,0.4000000059604645,0.0,0.0,0.0,0.4000000059604645,0.0,0.0,0.0,0.4000000059604645,0.0
978,19.56,base_to_front_left_shoulder,2,0.10583402216434479,6.6169159254059196e-06,0.10000000149011612,0.0,0.0,-0.4671272933483124,-0.4671272933483124,0.0,0.0,0.4000000059604645,0.0,0.0,0.0,0.4000000059604645,0.0,0.0,0.0,0.4000000059604645,0.0
978,19.56,front_left_shoulder_to_arm,6,-0.6861612200737,5.4165364417713135e-05,-0.6899999976158142,0.0,0.0,-0.30699577927589417,-0.30699577927589417,0.0,0.0,0.4000000059604645,0.0,0.0,0.0,0.4000000059604645,0.0,0.0,0.0,0.4000000059604645,0.0
978,19.56,front_left_arm_to_hand,10,1.5994867086410522,3.1058725369348394e-08,1.600000023841858,0.0,0.0,0.04106519743800163,0.04106519743800163,0.0,0.0,0.4000000059604645,0.0,0.0,0.0,0.4000000059604645,0.0,0.0,0.0,0.4000000059604645,0.0
979,19.580000000000002,base_to_front_left_shoulder,2,0.10585618019104004,6.576980922545772e-06,0.10000000149011612,0.0,0.0,-0.46890148520469666,-0.46890148520469666,0.0,0.0,0.4000000059604645,0.0,0.0,0.0,0.4000000059604645,0.0,0.0,0.0,0.4000000059604645,0.0
979,19.580000000000002,front_left_shoulder_to_arm,6,-0.6861546039581299,5.3806332289241254e-05,-0.6899999976158142,0.0,0.0,-0.30752286314964294,-0.30752286314964294,0.0,0.0,0.4000000059604645,0.0,0.0,0.0,0.4000000059604645,0.0,0.0,0.0,0.4000000059604645,0.0
979,19.580000000000002,front_left_arm_to_hand,10,1.5994867086410522,2.9392751343948476e-08,1.600000023841858,0.0,0.0,0.04106520861387253,0.04106520861387253,0.0,0.0,0.4000000059604645,0.0,0.0,0.0,0.4000000059604645,0.0,0.0,0.0,0.4000000059604645,0.0
980,19.6,base_to_front_left_shoulder,2,0.10583589971065521,6.62204092805041e-06,0.10000000149011612,0.0,0.0,-0.46728166937828064,-0.46728166937828064,0.0,0.0,0.4000000059604645,0.0,0.0,0.0,0.4000000059604645,0.0,0.0,0.0,0.4000000059604645,0.0
980,19.6,front_left_shoulder_to_arm,6,-0.686147928237915,5.41678091394715e-05,-0.6899999976158142,0.0,0.0,-0.30805912613868713,-0.30805912613868713,0.0,0.0,0.4000000059604645,0.0,0.0,0.0,0.4000000059604645,0.0,0.0,0.0,0.4000000059604645,0.0
980,19.6,front_left_arm_to_hand,10,1.5994867086410522,3.8681978509202963e-08,1.600000023841858,0.0,0.0,0.04106519743800163,0.04106519743800163,0.0,0.0,0.4000000059604645,0.0,0.0,0.0,0.4000000059604645,0.0,0.0,0.0,0.4000000059604645,0.0
981,19.62,base_to_front_left_shoulder,2,0.10585815459489822,1.1010993716809025e-07,0.10000000149011612,0.0,0.0,-0.4689302444458008,-0.4689302444458008,0.0,0.0,0.4000000059604645,0.0,0.0,0.0,0.4000000059604645,0.0,0.0,0.0,0.4000000059604645,0.0
981,19.62,front_left_shoulder_to_arm,6,-0.6862066388130188,1.0602968814055203e-06,-0.6899999976158142,0.0,0.0,-0.3024805784225464,-0.3024805784225464,0.0,0.0,0.4000000059604645,0.0,0.0,0.0,0.4000000059604645,0.0,0.0,0.0,0.4000000059604645,0.0
981,19.62,front_left_arm_to_hand,10,1.5994867086410522,-1.648803982234881e-09,1.600000023841858,0.0,0.0,0.04106592386960983,0.04106592386960983,0.0,0.0,0.4000000059604645,0.0,0.0,0.0,0.4000000059604645,0.0,0.0,0.0,0.4000000059604645,0.0
982,19.64,base_to_front_left_shoulder,2,0.10583876818418503,6.615533493459225e-06,0.10000000149011612,0.0,0.0,-0.4674932658672333,-0.4674932658672333,0.0,0.0,0.4000000059604645,0.0,0.0,0.0,0.4000000059604645,0.0,0.0,0.0,0.4000000059604645,0.0
982,19.64,front_left_shoulder_to_arm,6,-0.6862000226974487,5.4118718253448606e-05,-0.6899999976158142,0.0,0.0,-0.30389153957366943,-0.30389153957366943,0.0,0.0,0.4000000059604645,0.0,0.0,0.0,0.4000000059604645,0.0,0.0,0.0,0.4000000059604645,0.0
982,19.64,front_left_arm_to_hand,10,1.5994867086410522,4.0212114527093945e-08,1.600000023841858,0.0,0.0,0.04106519743800163,0.04106519743800163,0.0,0.0,0.4000000059604645,0.0,0.0,0.0,0.4000000059604645,0.0,0.0,0.0,0.4000000059604645,0.0
983,19.66,base_to_front_left_shoulder,2,0.10581926256418228,6.614242010982707e-06,0.10000000149011612,0.0,0.0,-0.46593520045280457,-0.46593520045280457,0.0,0.0,0.4000000059604645,0.0,0.0,0.0,0.4000000059604645,0.0,0.0,0.0,0.4000000059604645,0.0
983,19.66,front_left_shoulder_to_arm,6,-0.6861933469772339,5.4148091294337064e-05,-0.6899999976158142,0.0,0.0,-0.30442559719085693,-0.30442559719085693,0.0,0.0,0.4000000059604645,0.0,0.0,0.0,0.4000000059604645,0.0,0.0,0.0,0.4000000059604645,0.0
983,19.66,front_left_arm_to_hand,10,1.5994867086410522,4.430516398201689e-08,1.600000023841858,0.0,0.0,0.041065193712711334,0.041065193712711334,0.0,0.0,0.4000000059604645,0.0,0.0,0.0,0.4000000059604645,0.0,0.0,0.0,0.4000000059604645,0.0
984,19.68,base_to_front_left_shoulder,2,0.1058419868350029,6.606629540328868e-06,0.10000000149011612,0.0,0.0,-0.467755526304245,-0.467755526304245,0.0,0.0,0.4000000059604645,0.0,0.0,0.0,0.4000000059604645,0.0,0.0,0.0,0.4000000059604645,0.0
984,19.68,front_left_shoulder_to_arm,6,-0.686186671257019,5.4148651543073356e-05,-0.6899999976158142,0.0,0.0,-0.30495965480804443,-0.30495965480804443,0.0,0.0,0.4000000059604645,0.0,0.0,0.0,0.4000000059604645,0.0,0.0,0.0,0.4000000059604645,0.0
984,19.68,front_left_arm_to_hand,10,1.5994867086410522,3.683193483539071e-08,1.600000023841858,0.0,0.0,0.041065189987421036,0.041065189987421036,0.0,0.0,0.4000000059604645,0.0,0.0,0.0,0.4000000059604645,0.0,0.0,0.0,0.4000000059604645,0.0
985,19.7,base_to_front_left_shoulder,2,0.10582224279642105,6.630036295973696e-06,0.10000000149011612,0.0,0.0,-0.46617838740348816,-0.46617838740348816,0.0,0.0,0.4000000059604645,0.0,0.0,0.0,0.4000000059604645,0.0,0.0,0.0,0.4000000059604645,0.0
985,19.7,front_left_shoulder_to_arm,6,-0.6861799955368042,5.4154545068740845e-05,-0.6899999976158142,0.0,0.0,-0.30549371242523193,-0.30549371242523193,0.0,0.0,0.4000000059604645,0.0,0.0,0.0,0.4000000059604645,0.0,0.0,0.0,0.4000000059604645,0.0
985,19.7,front_left_arm_to_hand,10,1.5994867086410522,4.808247666687748e-08,1.600000023841858,0.0,0.0,0.04106519743800163,0.04106519743800163,0.0,0.0,0.4000000059604645,0.0,0.0,0.0,0.4000000059604645,0.0,0.0,0.0,0.4000000059604645,0.0
986,19.72,base_to_front_left_shoulder,2,0.10584469139575958,6.61830654280493e-06,0.10000000149011612,0.0,0.0,-0.4679766595363617,-0.4679766595363617,0.0,0.0,0.4000000059604645,0.0,0.0,0.0,0.4000000059604645,0.0,0.0,0.0,0.4000000059604645,0.0
986,19.72,front_left_shoulder_to_arm,6,-0.6861733198165894,5.415229679783806e-05,-0.6899999976158142,0.0,0.0,-0.3060277998447418,-0.3060277998447418,0.0,0.0,0.4000000059604645,0.0,0.0,0.0,0.4000000059604645,0.0,0.0,0.0,0.4000000059604645,0.0
986,19.72,front_left_arm_to_hand,10,1.5994867086410522,3.590592356772504e-08,1.600000023841858,0.0,0.0,0.04106519743800163,0.04106519743800163,0.0,0.0,0.4000000059604645,0.0,0.0,0.0,0.4000000059604645,0.0,0.0,0.0,0.4000000059604645,0.0
987,19.740000000000002,base_to_front_left_shoulder,2,0.10582472383975983,6.616453902097419e-06,0.10000000149011612,0.0,0.0,-0.4663810431957245,-0.4663810431957245,0.0,0.0,0.4000000059604645,0.0,0.0,0.0,0.4000000059604645,0.0,0.0,0.0,0.4000000059604645,0.0
987,19.740000000000002,front_left_shoulder_to_arm,6,-0.6861666440963745,5.414008774096146e-05,-0.6899999976158142,0.0,0.0,-0.30656182765960693,-0.30656182765960693,0.0,0.0,0.4000000059604645,0.0,0.0,0.0,0.4000000059604645,0.0,0.0,0.0,0.4000000059604645,0.0
987,19.740000000000002,front_left_arm_to_hand,10,1.5994867086410522,3.5655869368156345e-08,1.600000023841858,0.0,0.0,0.04106520116329193,0.04106520116329193,0.0,0.0,0.4000000059604645,0.0,0.0,0.0,0.4000000059604645,0.0,0.0,0.0,0.4000000059604645,0.0
988,19.76,base_to_front_left_shoulder,2,0.10584693402051926,6.604525879083667e-06,0.10000000149011612,0.0,0.0,-0.4681602418422699,-0.4681602418422699,0.0,0.0,0.4000000059604645,0.0,0.0,0.0,0.4000000059604645,0.0,0.0,0.0,0.4000000059604645,0.0
988,19.76,front_left_shoulder_to_arm,6,-0.6861600279808044,5.415910709416494e-05,-0.6899999976158142,0.0,0.0,-0.3070911169052124,-0.3070911169052124,0.0,0.0,0.4000000059604645,0.0,0.0,0.0,0.4000000059604645,0.0,0.0,0.0,0.4000000059604645,0.0
988,19.76,front_left_arm_to_hand,10,1.5994867086410522,4.5944709370360215e-08,1.600000023841858,0.0,0.0,0.041065193712711334,0.041065193712711334,0.0,0.0,0.4000000059604645,0.0,0.0,0.0,0.4000000059604645,0.0,0.0,0.0,0.4000000059604645,0.0
989,19.78,base_to_front_left_shoulder,2,0.10582674294710159,6.613231562369037e-06,0.10000000149011612,0.0,0.0,-0.4665473401546478,-0.4665473401546478,0.0,0.0,0.4000000059604645,0.0,0.0,0.0,0.4000000059604645,0.0,0.0,0.0,0.4000000059604645,0.0
989,19.78,front_left_shoulder_to_arm,6,-0.6861533522605896,5.417198553914204e-05,-0.6899999976158142,0.0,0.0,-0.3076252043247223,-0.3076252043247223,0.0,0.0,0.4000000059604645,0.0,0.0,0.0,0.4000000059604645,0.0,0.0,0.0,0.4000000059604645,0.0
989,19.78,front_left_arm_to_hand,10,1.5994867086410522,3.9919427763379645e-08,1.600000023841858,0.0,0.0,0.04106520116329193,0.04106520116329193,0.0,0.0,0.4000000059604645,0.0,0.0,0.0,0.4000000059604645,0.0,0.0,0.0,0.4000000059604645,0.0
990,19.8,base_to_front_left_shoulder,2,0.10584869235754013,6.610624950553756e-06,0.10000000149011612,0.0,0.0,-0.46830567717552185,-0.46830567717552185,0.0,0.0,0.4000000059604645,0.0,0.0,0.0,0.4000000059604645,0.0,0.0,0.0,0.4000000059604645,0.0
990,19.8,front_left_shoulder_to_arm,6,-0.6861467361450195,5.4155607358552516e-05,-0.6899999976158142,0.0,0.0,-0.30815449357032776,-0.30815449357032776,0.0,0.0,0.4000000059604645,0.0,0.0,0.0,0.4000000059604645,0.0,0.0,0.0,0.4000000059604645,0.0
990,19.8,front_left_arm_to_hand,10,1.5994867086410522,4.46455779012922e-08,1.600000023841858,0.0,0.0,0.04106520116329193,0.04106520116329193,0.0,0.0,0.4000000059604645,0.0,0.0,0.0,0.4000000059604645,0.0,0.0,0.0,0.4000000059604645,0.0
991,19.82,base_to_front_left_shoulder,2,0.10582824796438217,6.6249785959371366e-06,0.10000000149011612,0.0,0.0,-0.4666731059551239,-0.4666731059551239,0.0,0.0,0.4000000059604645,0.0,0.0,0.0,0.4000000059604645,0.0,0.0,0.0,0.4000000059604645,0.0
991,19.82,front_left_shoulder_to_arm,6,-0.6861400604248047,5.416589556261897e-05,-0.6899999976158142,0.0,0.0,-0.30868855118751526,-0.30868855118751526,0.0,0.0,0.4000000059604645,0.0,0.0,0.0,0.4000000059604645,0.0,0.0,0.0,0.4000000059604645,0.0
991,19.82,front_left_arm_to_hand,10,1.5994867086410522,2.303167079276136e-08,1.600000023841858,0.0,0.0,0.04106520116329193,0.04106520116329193,0.0,0.0,0.4000000059604645,0.0,0.0,0.0,0.4000000059604645,0.0,0.0,0.0,0.4000000059604645,0.0
992,19.84,base_to_front_left_shoulder,2,0.10585086792707443,6.612874130951241e-06,0.10000000149011612,0.0,0.0,-0.4684617519378662,-0.4684617519378662,0.0,0.0,0.4000000059604645,0.0,0.0,0.0,0.4000000059604645,0.0,0.0,0.0,0.4000000059604645,0.0
992,19.84,front_left_shoulder_to_arm,6,-0.6861990094184875,5.411608435679227e-05,-0.6899999976158142,0.0,0.0,-0.30397191643714905,-0.30397191643714905,0.0,0.0,0.4000000059604645,0.0,0.0,0.0,0.4000000059604645,0.0,0.0,0.0,0.4000000059604645,0.0
992,19.84,front_left_arm_to_hand,10,1.5994867086410522,3.052527830504914e-08,1.600000023841858,0.0,0.0,0.04106519743800163,0.04106519743800163,0.0,0.0,0.4000000059604645,0.0,0.0,0.0,0.4000000059604645,0.0,0.0,0.0,0.4000000059604645,0.0
993,19.86,base_to_front_left_shoulder,2,0.1058313325047493,6.61737794871442e-06,0.10000000149011612,0.0,0.0,-0.46690139174461365,-0.46690139174461365,0.0,0.0,0.4000000059604645,0.0,0.0,0.0,0.4000000059604645,0.0,0.0,0.0,0.4000000059604645,0.0
993,19.86,front_left_shoulder_to_arm,6,-0.6861923336982727,5.4149917559698224e-05,-0.6899999976158142,0.0,0.0,-0.30450665950775146,-0.30450665950775146,0.0,0.0,0.4000000059604645,0.0,0.0,0.0,0.4000000059604645,0.0,0.0,0.0,0.4000000059604645,0.0
993,19.86,front_left_arm_to_hand,10,1.5994867086410522,3.058236686115379e-08,1.600000023841858,0.0,0.0,0.041065193712711334,0.041065193712711334,0.0,0.0,0.4000000059604645,0.0,0.0,0.0,0.4000000059604645,0.0,0.0,0.0,0.4000000059604645,0.0
994,19.88,base_to_front_left_shoulder,2,0.10585399717092514,6.581895831914153e-06,0.10000000149011612,0.0,0.0,-0.4687155485153198,-0.4687155485153198,0.0,0.0,0.4000000059604645,0.0,0.0,0.0,0.4000000059604645,0.0,0.0,0.0,0.4000000059604645,0.0
994,19.88,front_left_shoulder_to_arm,6,-0.6861856579780579,5.377915658755228e-05,-0.6899999976158142,0.0,0.0,-0.30503377318382263,-0.30503377318382263,0.0,0.0,0.4000000059604645,0.0,0.0,0.0,0.4000000059604645,0.0,0.0,0.0,0.4000000059604645,0.0
994,19.88,front_left_arm_to_hand,10,1.5994867086410522,4.791230168166294e-08,1.600000023841858,0.0,0.0,0.04106519743800163,0.04106519743800163,0.0,0.0,0.4000000059604645,0.0,0.0,0.0,0.4000000059604645,0.0,0.0,0.0,0.4000000059604645,0.0
995,19.900000000000002,base_to_front_left_shoulder,2,0.10583425313234329,6.606856004509609e-06,0.10000000149011612,0.0,0.0,-0.46713921427726746,-0.46713921427726746,0.0,0.0,0.4000000059604645,0.0,0.0,0.0,0.4000000059604645,0.0,0.0,0.0,0.4000000059604645,0.0
995,19.900000000000002,front_left_shoulder_to_arm,6,-0.686178982257843,5.414234328782186e-05,-0.6899999976158142,0.0,0.0,-0.30557480454444885,-0.30557480454444885,0.0,0.0,0.4000000059604645,0.0,0.0,0.0,0.4000000059604645,0.0,0.0,0.0,0.4000000059604645,0.0
995,19.900000000000002,front_left_arm_to_hand,10,1.5994867086410522,3.709769913484706e-08,1.600000023841858,0.0,0.0,0.041065193712711334,0.041065193712711334,0.0,0.0,0.4000000059604645,0.0,0.0,0.0,0.4000000059604645,0.0,0.0,0.0,0.4000000059604645,0.0
996,19.92,base_to_front_left_shoulder,2,0.10585664212703705,6.562473572557792e-06,0.10000000149011612,0.0,0.0,-0.4689319133758545,-0.4689319133758545,0.0,0.0,0.4000000059604645,0.0,0.0,0.0,0.4000000059604645,0.0,0.0,0.0,0.4000000059604645,0.0
996,19.92,front_left_shoulder_to_arm,6,-0.6861723065376282,5.3788506193086505e-05,-0.6899999976158142,0.0,0.0,-0.30610191822052,-0.30610191822052,0.0,0.0,0.4000000059604645,0.0,0.0,0.0,0.4000000059604645,0.0,0.0,0.0,0.4000000059604645,0.0
996,19.92,front_left_arm_to_hand,10,1.5994867086410522,3.244585045081294e-08,1.600000023841858,0.0,0.0,0.041065193712711334,0.041065193712711334,0.0,0.0,0.4000000059604645,0.0,0.0,0.0,0.4000000059604645,0.0,0.0,0.0,0.4000000059604645,0.0
997,19.94,base_to_front_left_shoulder,2,0.1058366596698761,6.610100172110833e-06,0.10000000149011612,0.0,0.0,-0.467336505651474,-0.467336505651474,0.0,0.0,0.4000000059604645,0.0,0.0,0.0,0.4000000059604645,0.0,0.0,0.0,0.4000000059604645,0.0
997,19.94,front_left_shoulder_to_arm,6,-0.6861656308174133,5.416738713392988e-05,-0.6899999976158142,0.0,0.0,-0.30664291977882385,-0.30664291977882385,0.0,0.0,0.4000000059604645,0.0,0.0,0.0,0.4000000059604645,0.0,0.0,0.0,0.4000000059604645,0.0
997,19.94,front_left_arm_to_hand,10,1.5994867086410522,3.245493829240331e-08,1.600000023841858,0.0,0.0,0.04106520116329193,0.04106520116329193,0.0,0.0,0.4000000059604645,0.0,0.0,0.0,0.4000000059604645,0.0,0.0,0.0,0.4000000059604645,0.0
998,19.96,base_to_front_left_shoulder,2,0.10585879534482956,6.565256626345217e-06,0.10000000149011612,0.0,0.0,-0.469108909368515,-0.469108909368515,0.0,0.0,0.4000000059604645,0.0,0.0,0.0,0.4000000059604645,0.0,0.0,0.0,0.4000000059604645,0.0
998,19.96,front_left_shoulder_to_arm,6,-0.6861590147018433,5.379319918574765e-05,-0.6899999976158142,0.0,0.0,-0.307170033454895,-0.307170033454895,0.0,0.0,0.4000000059604645,0.0,0.0,0.0,0.4000000059604645,0.0,0.0,0.0,0.4000000059604645,0.0
998,19.96,front_left_arm_to_hand,10,1.5994867086410522,3.624393585255348e-08,1.600000023841858,0.0,0.0,0.041065193712711334,0.041065193712711334,0.0,0.0,0.4000000059604645,0.0,0.0,0.0,0.4000000059604645,0.0,0.0,0.0,0.4000000059604645,0.0
999,19.98,base_to_front_left_shoulder,2,0.0,0.0,0.10000000149011612,0.0,0.0,-0.4674944579601288,-0.4674944579601288,0.0,0.0,0.4000000059604645,0.0,0.0,0.0,0.4000000059604645,0.0,0.0,0.0,0.4000000059604645,0.0
999,19.98,front_left_shoulder_to_arm,6,-0.7900000214576721,0.0,-0.6899999976158142,0.0,0.0,-0.3077062666416168,-0.3077062666416168,0.0,0.0,0.4000000059604645,0.0,0.0,0.0,0.4000000059604645,0.0,0.0,0.0,0.4000000059604645,0.0
999,19.98,front_left_arm_to_hand,10,1.5,0.0,1.600000023841858,0.0,0.0,0.041065189987421036,0.041065189987421036,0.0,0.0,0.4000000059604645,0.0,0.0,0.0,0.4000000059604645,0.0,0.0,0.0,0.4000000059604645,0.0
