step,time,joint,joint_id,joint_pos,joint_vel,joint_pos_target,joint_vel_target,joint_effort_target,applied_torque,computed_torque,action_0,action_1,action_2,action_3,action_4,action_5,action_6,action_7,action_8,action_9,action_10,action_11
0,0.0,base_to_front_right_shoulder,3,-0.006756585091352463,-0.41959497332572937,0.0,0.0,0.0,0.5774016380310059,0.5774016380310059,0.0,0.0,0.0,0.0,0.0,0.0,0.0,0.0,0.0,0.0,0.0,0.0
1,0.02,base_to_front_right_shoulder,3,-0.011379951611161232,-0.07723724097013474,0.0,0.0,0.0,0.9707068204879761,0.9707068204879761,0.0,0.0,0.0,0.0,0.0,0.0,0.0,0.0,0.0,0.0,0.0,0.0
2,0.04,base_to_front_right_shoulder,3,-0.008706420660018921,0.2025814950466156,0.0,0.0,0.0,0.6886659860610962,0.6886659860610962,0.0,0.0,0.0,0.0,0.0,0.0,0.0,0.0,0.0,0.0,0.0,0.0
3,0.06,base_to_front_right_shoulder,3,-0.00600014254450798,0.062315914779901505,0.0,0.0,0.0,0.445972740650177,0.445972740650177,0.0,0.0,0.0,0.0,0.0,0.0,0.0,0.0,0.0,0.0,0.0,0.0
4,0.08,base_to_front_right_shoulder,3,-0.007023587357252836,-0.08872422575950623,0.0,0.0,0.0,0.5637822151184082,0.5637822151184082,0.0,0.0,0.0,0.0,0.0,0.0,0.0,0.0,0.0,0.0,0.0,0.0
5,0.1,base_to_front_right_shoulder,3,-0.008292612619698048,-0.03673340007662773,0.0,0.0,0.0,0.681405246257782,0.681405246257782,0.0,0.0,0.0,0.0,0.0,0.0,0.0,0.0,0.0,0.0,0.0,0.0
6,0.12,base_to_front_right_shoulder,3,-0.00831232126802206,8.195213740691543e-05,0.0,0.0,0.0,0.664555013179779,0.664555013179779,0.0,0.0,0.0,0.0,0.0,0.0,0.0,0.0,0.0,0.0,0.0,0.0
7,0.14,base_to_front_right_shoulder,3,-0.008332692086696625,8.196524868253618e-05,0.0,0.0,0.0,0.6661562323570251,0.6661562323570251,0.0,0.0,0.0,0.0,0.0,0.0,0.0,0.0,0.0,0.0,0.0,0.0
8,0.16,base_to_front_right_shoulder,3,-0.00835448782891035,8.197510032914579e-05,0.0,0.0,0.0,0.6678714156150818,0.6678714156150818,0.0,0.0,0.0,0.0,0.0,0.0,0.0,0.0,0.0,0.0,0.0,0.0
9,0.18,base_to_front_right_shoulder,3,-0.008377703838050365,8.198585419449955e-05,0.0,0.0,0.0,0.6697003841400146,0.6697003841400146,0.0,0.0,0.0,0.0,0.0,0.0,0.0,0.0,0.0,0.0,0.0,0.0
10,0.2,base_to_front_right_shoulder,3,-0.008402335457503796,8.200038428185508e-05,0.0,0.0,0.0,0.6716426014900208,0.6716426014900208,0.0,0.0,0.0,0.0,0.0,0.0,0.0,0.0,0.0,0.0,0.0,0.0
11,0.22,base_to_front_right_shoulder,3,-0.00842838641256094,8.200930460589007e-05,0.0,0.0,0.0,0.6736982464790344,0.6736982464790344,0.0,0.0,0.0,0.0,0.0,0.0,0.0,0.0,0.0,0.0,0.0,0.0
12,0.24,base_to_front_right_shoulder,3,-0.008455161936581135,-0.00023832620354369283,0.0,0.0,0.0,0.6760019063949585,0.6760019063949585,0.0,0.0,0.0,0.0,0.0,0.0,0.0,0.0,0.0,0.0,0.0,0.0
13,0.26,base_to_front_right_shoulder,3,-0.008481473661959171,8.202564640669152e-05,0.0,0.0,0.0,0.6779443025588989,0.6779443025588989,0.0,0.0,0.0,0.0,0.0,0.0,0.0,0.0,0.0,0.0,0.0,0.0
14,0.28,base_to_front_right_shoulder,3,-0.008508295752108097,-0.00023890903685241938,0.0,0.0,0.0,0.6802520155906677,0.6802520155906677,0.0,0.0,0.0,0.0,0.0,0.0,0.0,0.0,0.0,0.0,0.0,0.0
15,0.3,base_to_front_right_shoulder,3,-0.00853465124964714,8.202464232454076e-05,0.0,0.0,0.0,0.682197630405426,0.682197630405426,0.0,0.0,0.0,0.0,0.0,0.0,0.0,0.0,0.0,0.0,0.0,0.0
16,0.32,base_to_front_right_shoulder,3,-0.008561516180634499,-0.000239378132391721,0.0,0.0,0.0,0.6845092177391052,0.6845092177391052,0.0,0.0,0.0,0.0,0.0,0.0,0.0,0.0,0.0,0.0,0.0,0.0
17,0.34,base_to_front_right_shoulder,3,-0.008587907068431377,8.202482422348112e-05,0.0,0.0,0.0,0.6864573955535889,0.6864573955535889,0.0,0.0,0.0,0.0,0.0,0.0,0.0,0.0,0.0,0.0,0.0,0.0
18,0.36,base_to_front_right_shoulder,3,-0.008614745922386646,8.17910477053374e-05,0.0,0.0,0.0,0.6886078119277954,0.6886078119277954,0.0,0.0,0.0,0.0,0.0,0.0,0.0,0.0,0.0,0.0,0.0,0.0
19,0.38,base_to_front_right_shoulder,3,-0.008641616441309452,8.178791176760569e-05,0.0,0.0,0.0,0.6907568573951721,0.6907568573951721,0.0,0.0,0.0,0.0,0.0,0.0,0.0,0.0,0.0,0.0,0.0,0.0
20,0.4,base_to_front_right_shoulder,3,-0.008668518625199795,8.176634582923725e-05,0.0,0.0,0.0,0.692908525466919,0.692908525466919,0.0,0.0,0.0,0.0,0.0,0.0,0.0,0.0,0.0,0.0,0.0,0.0
21,0.42,base_to_front_right_shoulder,3,-0.008695446886122227,8.175666152965277e-05,0.0,0.0,0.0,0.6950621604919434,0.6950621604919434,0.0,0.0,0.0,0.0,0.0,0.0,0.0,0.0,0.0,0.0,0.0,0.0
22,0.44,base_to_front_right_shoulder,3,-0.008680599741637707,8.199889998650178e-05,0.0,0.0,0.0,0.6938724517822266,0.6938724517822266,0.0,0.0,0.0,0.0,0.0,0.0,0.0,0.0,0.0,0.0,0.0,0.0
23,0.46,base_to_front_right_shoulder,3,-0.008665752597153187,-0.0002544657909311354,0.0,0.0,0.0,0.6960245966911316,0.6960245966911316,0.0,0.0,0.0,0.0,0.0,0.0,0.0,0.0,0.0,0.0,0.0,0.0
24,0.48,base_to_front_right_shoulder,3,-0.008692133240401745,8.201535820262507e-05,0.0,0.0,0.0,0.6947959661483765,0.6947959661483765,0.0,0.0,0.0,0.0,0.0,0.0,0.0,0.0,0.0,0.0,0.0,0.0
25,0.5,base_to_front_right_shoulder,3,-0.008677351288497448,8.172434172593057e-05,0.0,0.0,0.0,0.693619966506958,0.693619966506958,0.0,0.0,0.0,0.0,0.0,0.0,0.0,0.0,0.0,0.0,0.0,0.0
26,0.52,base_to_front_right_shoulder,3,-0.008662763983011246,-0.00023870891891419888,0.0,0.0,0.0,0.6926276087760925,0.6926276087760925,0.0,0.0,0.0,0.0,0.0,0.0,0.0,0.0,0.0,0.0,0.0,0.0
27,0.54,base_to_front_right_shoulder,3,-0.008688935078680515,8.202077879104763e-05,0.0,0.0,0.0,0.6945440769195557,0.6945440769195557,0.0,0.0,0.0,0.0,0.0,0.0,0.0,0.0,0.0,0.0,0.0,0.0
28,0.56,base_to_front_right_shoulder,3,-0.008674115873873234,8.172469097189605e-05,0.0,0.0,0.0,0.6933649182319641,0.6933649182319641,0.0,0.0,0.0,0.0,0.0,0.0,0.0,0.0,0.0,0.0,0.0,0.0
29,0.58,base_to_front_right_shoulder,3,-0.008700975216925144,7.315118273254484e-05,0.0,0.0,0.0,0.6956478953361511,0.6956478953361511,0.0,0.0,0.0,0.0,0.0,0.0,0.0,0.0,0.0,0.0,0.0,0.0
30,0.6,base_to_front_right_shoulder,3,-0.008685672655701637,8.200971205951646e-05,0.0,0.0,0.0,0.6942859888076782,0.6942859888076782,0.0,0.0,0.0,0.0,0.0,0.0,0.0,0.0,0.0,0.0,0.0,0.0
31,0.62,base_to_front_right_shoulder,3,-0.008670911192893982,7.220634870463982e-05,0.0,0.0,0.0,0.6932609677314758,0.6932609677314758,0.0,0.0,0.0,0.0,0.0,0.0,0.0,0.0,0.0,0.0,0.0,0.0
32,0.64,base_to_front_right_shoulder,3,-0.00865640677511692,-0.00026414491003379226,0.0,0.0,0.0,0.6952489614486694,0.6952489614486694,0.0,0.0,0.0,0.0,0.0,0.0,0.0,0.0,0.0,0.0,0.0,0.0
33,0.66,base_to_front_right_shoulder,3,-0.008682533167302608,8.199334115488455e-05,0.0,0.0,0.0,0.6940388679504395,0.6940388679504395,0.0,0.0,0.0,0.0,0.0,0.0,0.0,0.0,0.0,0.0,0.0,0.0
34,0.68,base_to_front_right_shoulder,3,-0.008667731657624245,7.22857512300834e-05,0.0,0.0,0.0,0.6930094361305237,0.6930094361305237,0.0,0.0,0.0,0.0,0.0,0.0,0.0,0.0,0.0,0.0,0.0,0.0
35,0.7000000000000001,base_to_front_right_shoulder,3,-0.008694397285580635,-0.00022913605789653957,0.0,0.0,0.0,0.6949832439422607,0.6949832439422607,0.0,0.0,0.0,0.0,0.0,0.0,0.0,0.0,0.0,0.0,0.0,0.0
36,0.72,base_to_front_right_shoulder,3,-0.008679315447807312,8.174447430064902e-05,0.0,0.0,0.0,0.6937887072563171,0.6937887072563171,0.0,0.0,0.0,0.0,0.0,0.0,0.0,0.0,0.0,0.0,0.0,0.0
37,0.74,base_to_front_right_shoulder,3,-0.008664356544613838,-0.0002615656121633947,0.0,0.0,0.0,0.6959066390991211,0.6959066390991211,0.0,0.0,0.0,0.0,0.0,0.0,0.0,0.0,0.0,0.0,0.0,0.0
38,0.76,base_to_front_right_shoulder,3,-0.008691360242664814,8.202075696317479e-05,0.0,0.0,0.0,0.6947216987609863,0.6947216987609863,0.0,0.0,0.0,0.0,0.0,0.0,0.0,0.0,0.0,0.0,0.0,0.0
39,0.78,base_to_front_right_shoulder,3,-0.008676230907440186,8.173629612429067e-05,0.0,0.0,0.0,0.6935457587242126,0.6935457587242126,0.0,0.0,0.0,0.0,0.0,0.0,0.0,0.0,0.0,0.0,0.0,0.0
40,0.8,base_to_front_right_shoulder,3,-0.008661230094730854,-0.0002591105876490474,0.0,0.0,0.0,0.6956477165222168,0.6956477165222168,0.0,0.0,0.0,0.0,0.0,0.0,0.0,0.0,0.0,0.0,0.0,0.0
41,0.8200000000000001,base_to_front_right_shoulder,3,-0.008688041940331459,8.202683238778263e-05,0.0,0.0,0.0,0.6944600343704224,0.6944600343704224,0.0,0.0,0.0,0.0,0.0,0.0,0.0,0.0,0.0,0.0,0.0,0.0
42,0.84,base_to_front_right_shoulder,3,-0.008673045784235,7.239473052322865e-05,0.0,0.0,0.0,0.6934405565261841,0.6934405565261841,0.0,0.0,0.0,0.0,0.0,0.0,0.0,0.0,0.0,0.0,0.0,0.0
43,0.86,base_to_front_right_shoulder,3,-0.008658050559461117,-0.0002573024248704314,0.0,0.0,0.0,0.6953845620155334,0.6953845620155334,0.0,0.0,0.0,0.0,0.0,0.0,0.0,0.0,0.0,0.0,0.0,0.0
44,0.88,base_to_front_right_shoulder,3,-0.008684721775352955,8.201140008168295e-05,0.0,0.0,0.0,0.6941972374916077,0.6941972374916077,0.0,0.0,0.0,0.0,0.0,0.0,0.0,0.0,0.0,0.0,0.0,0.0
45,0.9,base_to_front_right_shoulder,3,-0.008669976145029068,7.284129242179915e-05,0.0,0.0,0.0,0.6931917071342468,0.6931917071342468,0.0,0.0,0.0,0.0,0.0,0.0,0.0,0.0,0.0,0.0,0.0,0.0
46,0.92,base_to_front_right_shoulder,3,-0.008696332573890686,8.202739263651893e-05,0.0,0.0,0.0,0.6951279640197754,0.6951279640197754,0.0,0.0,0.0,0.0,0.0,0.0,0.0,0.0,0.0,0.0,0.0,0.0
47,0.9400000000000001,base_to_front_right_shoulder,3,-0.008681496605277061,8.201790478779003e-05,0.0,0.0,0.0,0.6939431428909302,0.6939431428909302,0.0,0.0,0.0,0.0,0.0,0.0,0.0,0.0,0.0,0.0,0.0,0.0
48,0.96,base_to_front_right_shoulder,3,-0.008666655980050564,-0.00025503424694761634,0.0,0.0,0.0,0.6960994601249695,0.6960994601249695,0.0,0.0,0.0,0.0,0.0,0.0,0.0,0.0,0.0,0.0,0.0,0.0
49,0.98,base_to_front_right_shoulder,3,-0.008693077601492405,8.201972377719358e-05,0.0,0.0,0.0,0.6948707103729248,0.6948707103729248,0.0,0.0,0.0,0.0,0.0,0.0,0.0,0.0,0.0,0.0,0.0,0.0
50,1.0,base_to_front_right_shoulder,3,0.14796143770217896,9.576359748840332,0.1745329201221466,0.0,0.0,1.2525105476379395,1.2525105476379395,0.0,0.0,0.0,0.6981316804885864,0.0,0.0,0.0,0.0,0.0,0.0,0.0,0.0
51,1.02,base_to_front_right_shoulder,3,0.24841433763504028,1.2743600606918335,0.1745329201221466,0.0,0.0,-7.3522844314575195,-7.3522844314575195,0.0,0.0,0.0,0.6981316804885864,0.0,0.0,0.0,0.0,0.0,0.0,0.0,0.0
52,1.04,base_to_front_right_shoulder,3,0.18583625555038452,-4.470139026641846,0.1745329201221466,0.0,0.0,-0.6675403118133545,-0.6675403118133545,0.0,0.0,0.0,0.6981316804885864,0.0,0.0,0.0,0.0,0.0,0.0,0.0,0.0
53,1.06,base_to_front_right_shoulder,3,0.1289411187171936,-1.2225313186645508,0.1745329201221466,0.0,0.0,4.367412567138672,4.367412567138672,0.0,0.0,0.0,0.6981316804885864,0.0,0.0,0.0,0.0,0.0,0.0,0.0,0.0
54,1.08,base_to_front_right_shoulder,3,0.15110284090042114,1.9711281061172485,0.1745329201221466,0.0,0.0,1.8593902587890625,1.8593902587890625,0.0,0.0,0.0,0.6981316804885864,0.0,0.0,0.0,0.0,0.0,0.0,0.0,0.0
55,1.1,base_to_front_right_shoulder,3,0.1811589002609253,0.8363313674926758,0.1745329201221466,0.0,0.0,-0.8785566091537476,-0.8785566091537476,0.0,0.0,0.0,0.6981316804885864,0.0,0.0,0.0,0.0,0.0,0.0,0.0,0.0
56,1.12,base_to_front_right_shoulder,3,0.17482417821884155,-0.8102579116821289,0.1745329201221466,0.0,0.0,-0.062218815088272095,-0.062218815088272095,0.0,0.0,0.0,0.6981316804885864,0.0,0.0,0.0,0.0,0.0,0.0,0.0,0.0
57,1.1400000000000001,base_to_front_right_shoulder,3,0.1599922478199005,-0.49183741211891174,0.1745329201221466,0.0,0.0,1.322272777557373,1.322272777557373,0.0,0.0,0.0,0.6981316804885864,0.0,0.0,0.0,0.0,0.0,0.0,0.0,0.0
58,1.16,base_to_front_right_shoulder,3,0.16123858094215393,0.31305187940597534,0.1745329201221466,0.0,0.0,1.0966242551803589,1.0966242551803589,0.0,0.0,0.0,0.6981316804885864,0.0,0.0,0.0,0.0,0.0,0.0,0.0,0.0
59,1.18,base_to_front_right_shoulder,3,0.1678917407989502,0.2482270747423172,0.1745329201221466,0.0,0.0,0.4698634147644043,0.4698634147644043,0.0,0.0,0.0,0.6981316804885864,0.0,0.0,0.0,0.0,0.0,0.0,0.0,0.0
60,1.2,base_to_front_right_shoulder,3,0.1680840253829956,-0.10405109822750092,0.1745329201221466,0.0,0.0,0.49725067615509033,0.49725067615509033,0.0,0.0,0.0,0.6981316804885864,0.0,0.0,0.0,0.0,0.0,0.0,0.0,0.0
61,1.22,base_to_front_right_shoulder,3,0.1651497334241867,-0.12038283795118332,0.1745329201221466,0.0,0.0,0.7790085673332214,0.7790085673332214,0.0,0.0,0.0,0.6981316804885864,0.0,0.0,0.0,0.0,0.0,0.0,0.0,0.0
62,1.24,base_to_front_right_shoulder,3,0.16474513709545135,-2.135216448095889e-09,0.1745329201221466,0.0,0.0,0.7828640937805176,0.7828640937805176,0.0,0.0,0.0,0.6981316804885864,0.0,0.0,0.0,0.0,0.0,0.0,0.0,0.0
63,1.26,base_to_front_right_shoulder,3,0.16474877297878265,0.0026228895876556635,0.1745329201221466,0.0,0.0,0.7828950881958008,0.7828950881958008,0.0,0.0,0.0,0.6981316804885864,0.0,0.0,0.0,0.0,0.0,0.0,0.0,0.0
64,1.28,base_to_front_right_shoulder,3,0.16476058959960938,1.724297908367589e-05,0.1745329201221466,0.0,0.0,0.7820985913276672,0.7820985913276672,0.0,0.0,0.0,0.6981316804885864,0.0,0.0,0.0,0.0,0.0,0.0,0.0,0.0
65,1.3,base_to_front_right_shoulder,3,0.16477645933628082,1.7263926565647125e-05,0.1745329201221466,0.0,0.0,0.7808229327201843,0.7808229327201843,0.0,0.0,0.0,0.6981316804885864,0.0,0.0,0.0,0.0,0.0,0.0,0.0,0.0
66,1.32,base_to_front_right_shoulder,3,0.1647920459508896,1.7251286408281885e-05,0.1745329201221466,0.0,0.0,0.7795712351799011,0.7795712351799011,0.0,0.0,0.0,0.6981316804885864,0.0,0.0,0.0,0.0,0.0,0.0,0.0,0.0
67,1.34,base_to_front_right_shoulder,3,0.16480733454227448,1.72790987562621e-05,0.1745329201221466,0.0,0.0,0.7783421874046326,0.7783421874046326,0.0,0.0,0.0,0.6981316804885864,0.0,0.0,0.0,0.0,0.0,0.0,0.0,0.0
68,1.36,base_to_front_right_shoulder,3,0.16482232511043549,1.725204856484197e-05,0.1745329201221466,0.0,0.0,0.7771369814872742,0.7771369814872742,0.0,0.0,0.0,0.6981316804885864,0.0,0.0,0.0,0.0,0.0,0.0,0.0,0.0
69,1.3800000000000001,base_to_front_right_shoulder,3,0.1648370325565338,1.7272610421059653e-05,0.1745329201221466,0.0,0.0,0.7759544253349304,0.7759544253349304,0.0,0.0,0.0,0.6981316804885864,0.0,0.0,0.0,0.0,0.0,0.0,0.0,0.0
70,1.4000000000000001,base_to_front_right_shoulder,3,0.16485144197940826,1.726859773043543e-05,0.1745329201221466,0.0,0.0,0.7747957110404968,0.7747957110404968,0.0,0.0,0.0,0.6981316804885864,0.0,0.0,0.0,0.0,0.0,0.0,0.0,0.0
71,1.42,base_to_front_right_shoulder,3,0.16486556828022003,1.7267988368985243e-05,0.1745329201221466,0.0,0.0,0.7736596465110779,0.7736596465110779,0.0,0.0,0.0,0.6981316804885864,0.0,0.0,0.0,0.0,0.0,0.0,0.0,0.0
72,1.44,base_to_front_right_shoulder,3,0.16487939655780792,1.72555010067299e-05,0.1745329201221466,0.0,0.0,0.7725474238395691,0.7725474238395691,0.0,0.0,0.0,0.6981316804885864,0.0,0.0,0.0,0.0,0.0,0.0,0.0,0.0
73,1.46,base_to_front_right_shoulder,3,0.16489294171333313,1.7242247849935666e-05,0.1745329201221466,0.0,0.0,0.771457850933075,0.771457850933075,0.0,0.0,0.0,0.6981316804885864,0.0,0.0,0.0,0.0,0.0,0.0,0.0,0.0
74,1.48,base_to_front_right_shoulder,3,0.16490618884563446,1.7241081877727993e-05,0.1745329201221466,0.0,0.0,0.770392119884491,0.770392119884491,0.0,0.0,0.0,0.6981316804885864,0.0,0.0,0.0,0.0,0.0,0.0,0.0,0.0
75,1.5,base_to_front_right_shoulder,3,0.1649191528558731,1.7255251805181615e-05,0.1745329201221466,0.0,0.0,0.7693502306938171,0.7693502306938171,0.0,0.0,0.0,0.6981316804885864,0.0,0.0,0.0,0.0,0.0,0.0,0.0,0.0
76,1.52,base_to_front_right_shoulder,3,0.16493180394172668,1.7266444046981633e-05,0.1745329201221466,0.0,0.0,0.768330991268158,0.768330991268158,0.0,0.0,0.0,0.6981316804885864,0.0,0.0,0.0,0.0,0.0,0.0,0.0,0.0
77,1.54,base_to_front_right_shoulder,3,0.1649441123008728,1.7244816262973472e-05,0.1745329201221466,0.0,0.0,0.767340362071991,0.767340362071991,0.0,0.0,0.0,0.6981316804885864,0.0,0.0,0.0,0.0,0.0,0.0,0.0,0.0
78,1.56,base_to_front_right_shoulder,3,0.16495613753795624,1.727230664982926e-05,0.1745329201221466,0.0,0.0,0.7663723826408386,0.7663723826408386,0.0,0.0,0.0,0.6981316804885864,0.0,0.0,0.0,0.0,0.0,0.0,0.0,0.0
79,1.58,base_to_front_right_shoulder,3,0.1649678647518158,1.7259259038837627e-05,0.1745329201221466,0.0,0.0,0.7654282450675964,0.7654282450675964,0.0,0.0,0.0,0.6981316804885864,0.0,0.0,0.0,0.0,0.0,0.0,0.0,0.0
80,1.6,base_to_front_right_shoulder,3,0.16497930884361267,1.7259488231502473e-05,0.1745329201221466,0.0,0.0,0.7645067572593689,0.7645067572593689,0.0,0.0,0.0,0.6981316804885864,0.0,0.0,0.0,0.0,0.0,0.0,0.0,0.0
81,1.62,base_to_front_right_shoulder,3,0.16499045491218567,1.7259790183743462e-05,0.1745329201221466,0.0,0.0,0.7636091113090515,0.7636091113090515,0.0,0.0,0.0,0.6981316804885864,0.0,0.0,0.0,0.0,0.0,0.0,0.0,0.0
82,1.6400000000000001,base_to_front_right_shoulder,3,0.16500131785869598,1.7280874089919962e-05,0.1745329201221466,0.0,0.0,0.7627341151237488,0.7627341151237488,0.0,0.0,0.0,0.6981316804885864,0.0,0.0,0.0,0.0,0.0,0.0,0.0,0.0
83,1.6600000000000001,base_to_front_right_shoulder,3,0.16501188278198242,1.7260696040466428e-05,0.1745329201221466,0.0,0.0,0.7618829607963562,0.7618829607963562,0.0,0.0,0.0,0.6981316804885864,0.0,0.0,0.0,0.0,0.0,0.0,0.0,0.0
84,1.68,base_to_front_right_shoulder,3,0.16502214968204498,1.7292202755925246e-05,0.1745329201221466,0.0,0.0,0.7610556483268738,0.7610556483268738,0.0,0.0,0.0,0.6981316804885864,0.0,0.0,0.0,0.0,0.0,0.0,0.0,0.0
85,1.7,base_to_front_right_shoulder,3,0.16503213346004486,1.7271739125135355e-05,0.1745329201221466,0.0,0.0,0.7602521777153015,0.7602521777153015,0.0,0.0,0.0,0.6981316804885864,0.0,0.0,0.0,0.0,0.0,0.0,0.0,0.0
86,1.72,base_to_front_right_shoulder,3,0.16504181921482086,1.72769941855222e-05,0.1745329201221466,0.0,0.0,0.7594713568687439,0.7594713568687439,0.0,0.0,0.0,0.6981316804885864,0.0,0.0,0.0,0.0,0.0,0.0,0.0,0.0
87,1.74,base_to_front_right_shoulder,3,0.16505120694637299,1.7266840586671606e-05,0.1745329201221466,0.0,0.0,0.7587143778800964,0.7587143778800964,0.0,0.0,0.0,0.6981316804885864,0.0,0.0,0.0,0.0,0.0,0.0,0.0,0.0
88,1.76,base_to_front_right_shoulder,3,0.16506031155586243,1.7267297153011896e-05,0.1745329201221466,0.0,0.0,0.7579800486564636,0.7579800486564636,0.0,0.0,0.0,0.6981316804885864,0.0,0.0,0.0,0.0,0.0,0.0,0.0,0.0
89,1.78,base_to_front_right_shoulder,3,0.16506905853748322,1.726621667330619e-05,0.1745329201221466,0.0,0.0,0.7572731375694275,0.7572731375694275,0.0,0.0,0.0,0.6981316804885864,0.0,0.0,0.0,0.0,0.0,0.0,0.0,0.0
90,1.8,base_to_front_right_shoulder,3,0.16507752239704132,1.72686322912341e-05,0.1745329201221466,0.0,0.0,0.7565900683403015,0.7565900683403015,0.0,0.0,0.0,0.6981316804885864,0.0,0.0,0.0,0.0,0.0,0.0,0.0,0.0
91,1.82,base_to_front_right_shoulder,3,0.16508568823337555,1.726552363834344e-05,0.1745329201221466,0.0,0.0,0.7559308409690857,0.7559308409690857,0.0,0.0,0.0,0.6981316804885864,0.0,0.0,0.0,0.0,0.0,0.0,0.0,0.0
92,1.84,base_to_front_right_shoulder,3,0.1650935709476471,1.7288191884290427e-05,0.1745329201221466,0.0,0.0,0.7552942633628845,0.7552942633628845,0.0,0.0,0.0,0.6981316804885864,0.0,0.0,0.0,0.0,0.0,0.0,0.0,0.0
93,1.86,base_to_front_right_shoulder,3,0.16510115563869476,1.7288068193010986e-05,0.1745329201221466,0.0,0.0,0.7546815276145935,0.7546815276145935,0.0,0.0,0.0,0.6981316804885864,0.0,0.0,0.0,0.0,0.0,0.0,0.0,0.0
94,1.8800000000000001,base_to_front_right_shoulder,3,0.16510845720767975,1.728958886815235e-05,0.1745329201221466,0.0,0.0,0.7540926337242126,0.7540926337242126,0.0,0.0,0.0,0.6981316804885864,0.0,0.0,0.0,0.0,0.0,0.0,0.0,0.0
95,1.9000000000000001,base_to_front_right_shoulder,3,0.16511546075344086,1.726943264657166e-05,0.1745329201221466,0.0,0.0,0.7535263895988464,0.7535263895988464,0.0,0.0,0.0,0.6981316804885864,0.0,0.0,0.0,0.0,0.0,0.0,0.0,0.0
96,1.92,base_to_front_right_shoulder,3,0.1651221662759781,1.729098948999308e-05,0.1745329201221466,0.0,0.0,0.7529839873313904,0.7529839873313904,0.0,0.0,0.0,0.6981316804885864,0.0,0.0,0.0,0.0,0.0,0.0,0.0,0.0
97,1.94,base_to_front_right_shoulder,3,0.16512858867645264,1.728574170556385e-05,0.1745329201221466,0.0,0.0,0.752464234828949,0.752464234828949,0.0,0.0,0.0,0.6981316804885864,0.0,0.0,0.0,0.0,0.0,0.0,0.0,0.0
98,1.96,base_to_front_right_shoulder,3,0.1651347130537033,1.7269878298975527e-05,0.1745329201221466,0.0,0.0,0.7519683241844177,0.7519683241844177,0.0,0.0,0.0,0.6981316804885864,0.0,0.0,0.0,0.0,0.0,0.0,0.0,0.0
99,1.98,base_to_front_right_shoulder,3,0.1651405394077301,1.7276552171097137e-05,0.1745329201221466,0.0,0.0,0.7514962553977966,0.7514962553977966,0.0,0.0,0.0,0.6981316804885864,0.0,0.0,0.0,0.0,0.0,0.0,0.0,0.0
100,2.0,base_to_front_right_shoulder,3,0.1651460826396942,1.729463110677898e-05,0.1745329201221466,0.0,0.0,0.7510468363761902,0.7510468363761902,0.0,0.0,0.0,0.6981316804885864,0.0,0.0,0.0,0.0,0.0,0.0,0.0,0.0
101,2.02,base_to_front_right_shoulder,3,0.16515126824378967,1.7275644495384768e-05,0.1745329201221466,0.0,0.0,0.7506248354911804,0.7506248354911804,0.0,0.0,0.0,0.6981316804885864,0.0,0.0,0.0,0.0,0.0,0.0,0.0,0.0
102,2.04,base_to_front_right_shoulder,3,0.16515617072582245,1.7284768546232954e-05,0.1745329201221466,0.0,0.0,0.7502266764640808,0.7502266764640808,0.0,0.0,0.0,0.6981316804885864,0.0,0.0,0.0,0.0,0.0,0.0,0.0,0.0
103,2.06,base_to_front_right_shoulder,3,0.16516077518463135,1.727215749269817e-05,0.1745329201221466,0.0,0.0,0.7498523592948914,0.7498523592948914,0.0,0.0,0.0,0.6981316804885864,0.0,0.0,0.0,0.0,0.0,0.0,0.0,0.0
104,2.08,base_to_front_right_shoulder,3,0.16516509652137756,1.7274693163926713e-05,0.1745329201221466,0.0,0.0,0.7495018839836121,0.7495018839836121,0.0,0.0,0.0,0.6981316804885864,0.0,0.0,0.0,0.0,0.0,0.0,0.0,0.0
105,2.1,base_to_front_right_shoulder,3,0.1651691198348999,1.7278007362619974e-05,0.1745329201221466,0.0,0.0,0.7491740584373474,0.7491740584373474,0.0,0.0,0.0,0.6981316804885864,0.0,0.0,0.0,0.0,0.0,0.0,0.0,0.0
106,2.12,base_to_front_right_shoulder,3,0.16517284512519836,1.726548362057656e-05,0.1745329201221466,0.0,0.0,0.7488700747489929,0.7488700747489929,0.0,0.0,0.0,0.6981316804885864,0.0,0.0,0.0,0.0,0.0,0.0,0.0,0.0
107,2.14,base_to_front_right_shoulder,3,0.16517628729343414,1.7286974980379455e-05,0.1745329201221466,0.0,0.0,0.7485887408256531,0.7485887408256531,0.0,0.0,0.0,0.6981316804885864,0.0,0.0,0.0,0.0,0.0,0.0,0.0,0.0
108,2.16,base_to_front_right_shoulder,3,0.16517943143844604,1.728329516481608e-05,0.1745329201221466,0.0,0.0,0.7483312487602234,0.7483312487602234,0.0,0.0,0.0,0.6981316804885864,0.0,0.0,0.0,0.0,0.0,0.0,0.0,0.0
109,2.18,base_to_front_right_shoulder,3,0.16518227756023407,1.7280213796766475e-05,0.1745329201221466,0.0,0.0,0.7480975985527039,0.7480975985527039,0.0,0.0,0.0,0.6981316804885864,0.0,0.0,0.0,0.0,0.0,0.0,0.0,0.0
110,2.2,base_to_front_right_shoulder,3,0.1651848405599594,1.7278158338740468e-05,0.1745329201221466,0.0,0.0,0.747886598110199,0.747886598110199,0.0,0.0,0.0,0.6981316804885864,0.0,0.0,0.0,0.0,0.0,0.0,0.0,0.0
111,2.22,base_to_front_right_shoulder,3,0.16518710553646088,1.7288954040850513e-05,0.1745329201221466,0.0,0.0,0.7476994395256042,0.7476994395256042,0.0,0.0,0.0,0.6981316804885864,0.0,0.0,0.0,0.0,0.0,0.0,0.0,0.0
112,2.24,base_to_front_right_shoulder,3,0.16518908739089966,1.726646769384388e-05,0.1745329201221466,0.0,0.0,0.7475349307060242,0.7475349307060242,0.0,0.0,0.0,0.6981316804885864,0.0,0.0,0.0,0.0,0.0,0.0,0.0,0.0
113,2.2600000000000002,base_to_front_right_shoulder,3,0.16519072651863098,1.7293437849730253e-05,0.1745329201221466,0.0,0.0,0.7473966479301453,0.7473966479301453,0.0,0.0,0.0,0.6981316804885864,0.0,0.0,0.0,0.0,0.0,0.0,0.0,0.0
114,2.2800000000000002,base_to_front_right_shoulder,3,0.16519206762313843,1.727798553474713e-05,0.1745329201221466,0.0,0.0,0.7472845911979675,0.7472845911979675,0.0,0.0,0.0,0.6981316804885864,0.0,0.0,0.0,0.0,0.0,0.0,0.0,0.0
115,2.3000000000000003,base_to_front_right_shoulder,3,0.165193110704422,1.728302231640555e-05,0.1745329201221466,0.0,0.0,0.7471951842308044,0.7471951842308044,0.0,0.0,0.0,0.6981316804885864,0.0,0.0,0.0,0.0,0.0,0.0,0.0,0.0
116,2.32,base_to_front_right_shoulder,3,0.1651938557624817,1.7281265172641724e-05,0.1745329201221466,0.0,0.0,0.7471296191215515,0.7471296191215515,0.0,0.0,0.0,0.6981316804885864,0.0,0.0,0.0,0.0,0.0,0.0,0.0,0.0
117,2.34,base_to_front_right_shoulder,3,0.1651943027973175,1.7277176084462553e-05,0.1745329201221466,0.0,0.0,0.7470878958702087,0.7470878958702087,0.0,0.0,0.0,0.6981316804885864,0.0,0.0,0.0,0.0,0.0,0.0,0.0,0.0
118,2.36,base_to_front_right_shoulder,3,0.16519446671009064,1.7283708075410686e-05,0.1745329201221466,0.0,0.0,0.7470688223838806,0.7470688223838806,0.0,0.0,0.0,0.6981316804885864,0.0,0.0,0.0,0.0,0.0,0.0,0.0,0.0
119,2.38,base_to_front_right_shoulder,3,0.1651943325996399,1.728275492496323e-05,0.1745329201221466,0.0,0.0,0.7470735907554626,0.7470735907554626,0.0,0.0,0.0,0.6981316804885864,0.0,0.0,0.0,0.0,0.0,0.0,0.0,0.0
120,2.4,base_to_front_right_shoulder,3,0.16519391536712646,1.729500581859611e-05,0.1745329201221466,0.0,0.0,0.7471010088920593,0.7471010088920593,0.0,0.0,0.0,0.6981316804885864,0.0,0.0,0.0,0.0,0.0,0.0,0.0,0.0
121,2.42,base_to_front_right_shoulder,3,0.16519320011138916,1.7272173863602802e-05,0.1745329201221466,0.0,0.0,0.7471522688865662,0.7471522688865662,0.0,0.0,0.0,0.6981316804885864,0.0,0.0,0.0,0.0,0.0,0.0,0.0,0.0
122,2.44,base_to_front_right_shoulder,3,0.16519220173358917,1.728821371216327e-05,0.1745329201221466,0.0,0.0,0.7472261786460876,0.7472261786460876,0.0,0.0,0.0,0.6981316804885864,0.0,0.0,0.0,0.0,0.0,0.0,0.0,0.0
123,2.46,base_to_front_right_shoulder,3,0.1651909053325653,1.7281234249821864e-05,0.1745329201221466,0.0,0.0,0.7473239302635193,0.7473239302635193,0.0,0.0,0.0,0.6981316804885864,0.0,0.0,0.0,0.0,0.0,0.0,0.0,0.0
124,2.48,base_to_front_right_shoulder,3,0.16518931090831757,1.7280603060498834e-05,0.1745329201221466,0.0,0.0,0.7474455237388611,0.7474455237388611,0.0,0.0,0.0,0.6981316804885864,0.0,0.0,0.0,0.0,0.0,0.0,0.0,0.0
125,2.5,base_to_front_right_shoulder,3,0.16518738865852356,1.728822462609969e-05,0.1745329201221466,0.0,0.0,0.747593343257904,0.747593343257904,0.0,0.0,0.0,0.6981316804885864,0.0,0.0,0.0,0.0,0.0,0.0,0.0,0.0
126,2.52,base_to_front_right_shoulder,3,0.16518515348434448,1.72875115822535e-05,0.1745329201221466,0.0,0.0,0.7477661967277527,0.7477661967277527,0.0,0.0,0.0,0.6981316804885864,0.0,0.0,0.0,0.0,0.0,0.0,0.0,0.0
127,2.54,base_to_front_right_shoulder,3,0.16518262028694153,1.7284037312492728e-05,0.1745329201221466,0.0,0.0,0.7479628920555115,0.7479628920555115,0.0,0.0,0.0,0.6981316804885864,0.0,0.0,0.0,0.0,0.0,0.0,0.0,0.0
128,2.56,base_to_front_right_shoulder,3,0.1651798039674759,1.7287851733271964e-05,0.1745329201221466,0.0,0.0,0.7481822371482849,0.7481822371482849,0.0,0.0,0.0,0.6981316804885864,0.0,0.0,0.0,0.0,0.0,0.0,0.0,0.0
129,2.58,base_to_front_right_shoulder,3,0.16517668962478638,1.729118412185926e-05,0.1745329201221466,0.0,0.0,0.7484254240989685,0.7484254240989685,0.0,0.0,0.0,0.6981316804885864,0.0,0.0,0.0,0.0,0.0,0.0,0.0,0.0
130,2.6,base_to_front_right_shoulder,3,0.16517327725887299,1.7301292245974764e-05,0.1745329201221466,0.0,0.0,0.7486924529075623,0.7486924529075623,0.0,0.0,0.0,0.6981316804885864,0.0,0.0,0.0,0.0,0.0,0.0,0.0,0.0
131,2.62,base_to_front_right_shoulder,3,0.1651695817708969,1.7289072275161743e-05,0.1745329201221466,0.0,0.0,0.7489821314811707,0.7489821314811707,0.0,0.0,0.0,0.6981316804885864,0.0,0.0,0.0,0.0,0.0,0.0,0.0,0.0
132,2.64,base_to_front_right_shoulder,3,0.16516558825969696,1.7309152099187486e-05,0.1745329201221466,0.0,0.0,0.7492956519126892,0.7492956519126892,0.0,0.0,0.0,0.6981316804885864,0.0,0.0,0.0,0.0,0.0,0.0,0.0,0.0
133,2.66,base_to_front_right_shoulder,3,0.16516129672527313,1.7301088519161567e-05,0.1745329201221466,0.0,0.0,0.7496330142021179,0.7496330142021179,0.0,0.0,0.0,0.6981316804885864,0.0,0.0,0.0,0.0,0.0,0.0,0.0,0.0
134,2.68,base_to_front_right_shoulder,3,0.16515669226646423,1.729221003188286e-05,0.1745329201221466,0.0,0.0,0.7499942183494568,0.7499942183494568,0.0,0.0,0.0,0.6981316804885864,0.0,0.0,0.0,0.0,0.0,0.0,0.0,0.0
135,2.7,base_to_front_right_shoulder,3,0.16515175998210907,1.7289390598307364e-05,0.1745329201221466,0.0,0.0,0.7503828406333923,0.7503828406333923,0.0,0.0,0.0,0.6981316804885864,0.0,0.0,0.0,0.0,0.0,0.0,0.0,0.0
136,2.72,base_to_front_right_shoulder,3,0.16514651477336884,1.731069278321229e-05,0.1745329201221466,0.0,0.0,0.7507964968681335,0.7507964968681335,0.0,0.0,0.0,0.6981316804885864,0.0,0.0,0.0,0.0,0.0,0.0,0.0,0.0
137,2.74,base_to_front_right_shoulder,3,0.16514092683792114,1.7311482224613428e-05,0.1745329201221466,0.0,0.0,0.7512363791465759,0.7512363791465759,0.0,0.0,0.0,0.6981316804885864,0.0,0.0,0.0,0.0,0.0,0.0,0.0,0.0
138,2.7600000000000002,base_to_front_right_shoulder,3,0.16513502597808838,1.7312846466666088e-05,0.1745329201221466,0.0,0.0,0.7517024874687195,0.7517024874687195,0.0,0.0,0.0,0.6981316804885864,0.0,0.0,0.0,0.0,0.0,0.0,0.0,0.0
139,2.7800000000000002,base_to_front_right_shoulder,3,0.16512882709503174,1.7296650185016915e-05,0.1745329201221466,0.0,0.0,0.7521924376487732,0.7521924376487732,0.0,0.0,0.0,0.6981316804885864,0.0,0.0,0.0,0.0,0.0,0.0,0.0,0.0
140,2.8000000000000003,base_to_front_right_shoulder,3,0.16512233018875122,1.7292935808654875e-05,0.1745329201221466,0.0,0.0,0.7527062296867371,0.7527062296867371,0.0,0.0,0.0,0.6981316804885864,0.0,0.0,0.0,0.0,0.0,0.0,0.0,0.0
141,2.82,base_to_front_right_shoulder,3,0.16511553525924683,1.7311815099674277e-05,0.1745329201221466,0.0,0.0,0.7532438635826111,0.7532438635826111,0.0,0.0,0.0,0.6981316804885864,0.0,0.0,0.0,0.0,0.0,0.0,0.0,0.0
142,2.84,base_to_front_right_shoulder,3,0.16510844230651855,1.7293319615419023e-05,0.1745329201221466,0.0,0.0,0.7538053393363953,0.7538053393363953,0.0,0.0,0.0,0.6981316804885864,0.0,0.0,0.0,0.0,0.0,0.0,0.0,0.0
143,2.86,base_to_front_right_shoulder,3,0.1651010513305664,1.7308906535618007e-05,0.1745329201221466,0.0,0.0,0.7543906569480896,0.7543906569480896,0.0,0.0,0.0,0.6981316804885864,0.0,0.0,0.0,0.0,0.0,0.0,0.0,0.0
144,2.88,base_to_front_right_shoulder,3,0.16509336233139038,1.7311120245722122e-05,0.1745329201221466,0.0,0.0,0.7549998164176941,0.7549998164176941,0.0,0.0,0.0,0.6981316804885864,0.0,0.0,0.0,0.0,0.0,0.0,0.0,0.0
145,2.9,base_to_front_right_shoulder,3,0.16508537530899048,1.7297938029514626e-05,0.1745329201221466,0.0,0.0,0.7556328177452087,0.7556328177452087,0.0,0.0,0.0,0.6981316804885864,0.0,0.0,0.0,0.0,0.0,0.0,0.0,0.0
146,2.92,base_to_front_right_shoulder,3,0.1650770902633667,1.732329292281065e-05,0.1745329201221466,0.0,0.0,0.7562896609306335,0.7562896609306335,0.0,0.0,0.0,0.6981316804885864,0.0,0.0,0.0,0.0,0.0,0.0,0.0,0.0
147,2.94,base_to_front_right_shoulder,3,0.16506850719451904,1.7294651115662418e-05,0.1745329201221466,0.0,0.0,0.7569703459739685,0.7569703459739685,0.0,0.0,0.0,0.6981316804885864,0.0,0.0,0.0,0.0,0.0,0.0,0.0,0.0
148,2.96,base_to_front_right_shoulder,3,0.1650596261024475,1.7291105905314907e-05,0.1745329201221466,0.0,0.0,0.7576748728752136,0.7576748728752136,0.0,0.0,0.0,0.6981316804885864,0.0,0.0,0.0,0.0,0.0,0.0,0.0,0.0
149,2.98,base_to_front_right_shoulder,3,0.16505040228366852,1.7314661818090826e-05,0.1745329201221466,0.0,0.0,0.7584056258201599,0.7584056258201599,0.0,0.0,0.0,0.6981316804885864,0.0,0.0,0.0,0.0,0.0,0.0,0.0,0.0
150,3.0,base_to_front_right_shoulder,3,0.16504086554050446,1.729312862153165e-05,0.1745329201221466,0.0,0.0,0.7591626048088074,0.7591626048088074,0.0,0.0,0.0,0.6981316804885864,0.0,0.0,0.0,0.0,0.0,0.0,0.0,0.0
151,3.02,base_to_front_right_shoulder,3,0.16503103077411652,1.731474003463518e-05,0.1745329201221466,0.0,0.0,0.759943425655365,0.759943425655365,0.0,0.0,0.0,0.6981316804885864,0.0,0.0,0.0,0.0,0.0,0.0,0.0,0.0
152,3.04,base_to_front_right_shoulder,3,0.1650208979845047,1.73153148352867e-05,0.1745329201221466,0.0,0.0,0.7607480883598328,0.7607480883598328,0.0,0.0,0.0,0.6981316804885864,0.0,0.0,0.0,0.0,0.0,0.0,0.0,0.0
153,3.06,base_to_front_right_shoulder,3,0.165010467171669,1.7302092601312324e-05,0.1745329201221466,0.0,0.0,0.7615765929222107,0.7615765929222107,0.0,0.0,0.0,0.6981316804885864,0.0,0.0,0.0,0.0,0.0,0.0,0.0,0.0
154,3.08,base_to_front_right_shoulder,3,0.16499975323677063,1.7325992303085513e-05,0.1745329201221466,0.0,0.0,0.7624277472496033,0.7624277472496033,0.0,0.0,0.0,0.6981316804885864,0.0,0.0,0.0,0.0,0.0,0.0,0.0,0.0
155,3.1,base_to_front_right_shoulder,3,0.16498872637748718,1.7297501472057775e-05,0.1745329201221466,0.0,0.0,0.7633039355278015,0.7633039355278015,0.0,0.0,0.0,0.6981316804885864,0.0,0.0,0.0,0.0,0.0,0.0,0.0,0.0
156,3.12,base_to_front_right_shoulder,3,0.16497741639614105,1.731606425892096e-05,0.1745329201221466,0.0,0.0,0.7642027735710144,0.7642027735710144,0.0,0.0,0.0,0.6981316804885864,0.0,0.0,0.0,0.0,0.0,0.0,0.0,0.0
157,3.14,base_to_front_right_shoulder,3,0.16496580839157104,1.7307545931544155e-05,0.1745329201221466,0.0,0.0,0.7651254534721375,0.7651254534721375,0.0,0.0,0.0,0.6981316804885864,0.0,0.0,0.0,0.0,0.0,0.0,0.0,0.0
158,3.16,base_to_front_right_shoulder,3,0.16495390236377716,1.731784504954703e-05,0.1745329201221466,0.0,0.0,0.7660719752311707,0.7660719752311707,0.0,0.0,0.0,0.6981316804885864,0.0,0.0,0.0,0.0,0.0,0.0,0.0,0.0
159,3.18,base_to_front_right_shoulder,3,0.1649416983127594,1.731456177367363e-05,0.1745329201221466,0.0,0.0,0.767042338848114,0.767042338848114,0.0,0.0,0.0,0.6981316804885864,0.0,0.0,0.0,0.0,0.0,0.0,0.0,0.0
160,3.2,base_to_front_right_shoulder,3,0.16492919623851776,1.733277713356074e-05,0.1745329201221466,0.0,0.0,0.7680365443229675,0.7680365443229675,0.0,0.0,0.0,0.6981316804885864,0.0,0.0,0.0,0.0,0.0,0.0,0.0,0.0
161,3.22,base_to_front_right_shoulder,3,0.16491633653640747,1.729756149870809e-05,0.1745329201221466,0.0,0.0,0.7690581679344177,0.7690581679344177,0.0,0.0,0.0,0.6981316804885864,0.0,0.0,0.0,0.0,0.0,0.0,0.0,0.0
162,3.24,base_to_front_right_shoulder,3,0.1649031788110733,1.731683369143866e-05,0.1745329201221466,0.0,0.0,0.7701048254966736,0.7701048254966736,0.0,0.0,0.0,0.6981316804885864,0.0,0.0,0.0,0.0,0.0,0.0,0.0,0.0
163,3.2600000000000002,base_to_front_right_shoulder,3,0.16488970816135406,1.7316149751422927e-05,0.1745329201221466,0.0,0.0,0.7711765170097351,0.7711765170097351,0.0,0.0,0.0,0.6981316804885864,0.0,0.0,0.0,0.0,0.0,0.0,0.0,0.0
164,3.2800000000000002,base_to_front_right_shoulder,3,0.16487593948841095,1.7316533558187075e-05,0.1745329201221466,0.0,0.0,0.7722720503807068,0.7722720503807068,0.0,0.0,0.0,0.6981316804885864,0.0,0.0,0.0,0.0,0.0,0.0,0.0,0.0
165,3.3000000000000003,base_to_front_right_shoulder,3,0.16486187279224396,1.731788506731391e-05,0.1745329201221466,0.0,0.0,0.7733914256095886,0.7733914256095886,0.0,0.0,0.0,0.6981316804885864,0.0,0.0,0.0,0.0,0.0,0.0,0.0,0.0
166,3.3200000000000003,base_to_front_right_shoulder,3,0.1648475080728531,1.7318328900728375e-05,0.1745329201221466,0.0,0.0,0.7745346426963806,0.7745346426963806,0.0,0.0,0.0,0.6981316804885864,0.0,0.0,0.0,0.0,0.0,0.0,0.0,0.0
167,3.34,base_to_front_right_shoulder,3,0.16483284533023834,1.733502904244233e-05,0.1745329201221466,0.0,0.0,0.7757017016410828,0.7757017016410828,0.0,0.0,0.0,0.6981316804885864,0.0,0.0,0.0,0.0,0.0,0.0,0.0,0.0
168,3.36,base_to_front_right_shoulder,3,0.1648178994655609,1.733536737447139e-05,0.1745329201221466,0.0,0.0,0.7768914103507996,0.7768914103507996,0.0,0.0,0.0,0.6981316804885864,0.0,0.0,0.0,0.0,0.0,0.0,0.0,0.0
169,3.38,base_to_front_right_shoulder,3,0.1648026555776596,1.7320975530310534e-05,0.1745329201221466,0.0,0.0,0.7781049609184265,0.7781049609184265,0.0,0.0,0.0,0.6981316804885864,0.0,0.0,0.0,0.0,0.0,0.0,0.0,0.0
170,3.4,base_to_front_right_shoulder,3,0.16478711366653442,1.7322216081083752e-05,0.1745329201221466,0.0,0.0,0.7793423533439636,0.7793423533439636,0.0,0.0,0.0,0.6981316804885864,0.0,0.0,0.0,0.0,0.0,0.0,0.0,0.0
171,3.42,base_to_front_right_shoulder,3,0.16477128863334656,1.731859265419189e-05,0.1745329201221466,0.0,0.0,0.7806035876274109,0.7806035876274109,0.0,0.0,0.0,0.6981316804885864,0.0,0.0,0.0,0.0,0.0,0.0,0.0,0.0
172,3.44,base_to_front_right_shoulder,3,0.16475515067577362,1.7319576727459207e-05,0.1745329201221466,0.0,0.0,0.7818874716758728,0.7818874716758728,0.0,0.0,0.0,0.6981316804885864,0.0,0.0,0.0,0.0,0.0,0.0,0.0,0.0
173,3.46,base_to_front_right_shoulder,3,0.16473866999149323,1.7321151972282678e-05,0.1745329201221466,0.0,0.0,0.7831999659538269,0.7831999659538269,0.0,0.0,0.0,0.6981316804885864,0.0,0.0,0.0,0.0,0.0,0.0,0.0,0.0
174,3.48,base_to_front_right_shoulder,3,0.16472189128398895,1.732176315272227e-05,0.1745329201221466,0.0,0.0,0.7845363020896912,0.7845363020896912,0.0,0.0,0.0,0.6981316804885864,0.0,0.0,0.0,0.0,0.0,0.0,0.0,0.0
175,3.5,base_to_front_right_shoulder,3,0.1647462099790573,1.587133010616526e-05,0.1745329201221466,0.0,0.0,0.7858952879905701,0.7858952879905701,0.0,0.0,0.0,0.6981316804885864,0.0,0.0,0.0,0.0,0.0,0.0,0.0,0.0
176,3.52,base_to_front_right_shoulder,3,0.16472885012626648,1.7307898815488443e-05,0.1745329201221466,0.0,0.0,0.7839676737785339,0.7839676737785339,0.0,0.0,0.0,0.6981316804885864,0.0,0.0,0.0,0.0,0.0,0.0,0.0,0.0
177,3.54,base_to_front_right_shoulder,3,0.1647525131702423,1.589353269082494e-05,0.1745329201221466,0.0,0.0,0.7853743433952332,0.7853743433952332,0.0,0.0,0.0,0.6981316804885864,0.0,0.0,0.0,0.0,0.0,0.0,0.0,0.0
178,3.56,base_to_front_right_shoulder,3,0.16473457217216492,1.732426244416274e-05,0.1745329201221466,0.0,0.0,0.7834979891777039,0.7834979891777039,0.0,0.0,0.0,0.6981316804885864,0.0,0.0,0.0,0.0,0.0,0.0,0.0,0.0
179,3.58,base_to_front_right_shoulder,3,0.1647576093673706,1.5875717508606613e-05,0.1745329201221466,0.0,0.0,0.7849511504173279,0.7849511504173279,0.0,0.0,0.0,0.6981316804885864,0.0,0.0,0.0,0.0,0.0,0.0,0.0,0.0
180,3.6,base_to_front_right_shoulder,3,0.16473907232284546,1.7325884982710704e-05,0.1745329201221466,0.0,0.0,0.7831260561943054,0.7831260561943054,0.0,0.0,0.0,0.6981316804885864,0.0,0.0,0.0,0.0,0.0,0.0,0.0,0.0
181,3.62,base_to_front_right_shoulder,3,0.16476154327392578,1.5876077668508515e-05,0.1745329201221466,0.0,0.0,0.7846257090568542,0.7846257090568542,0.0,0.0,0.0,0.6981316804885864,0.0,0.0,0.0,0.0,0.0,0.0,0.0,0.0
182,3.64,base_to_front_right_shoulder,3,0.16474242508411407,1.7327998648397624e-05,0.1745329201221466,0.0,0.0,0.7828459143638611,0.7828459143638611,0.0,0.0,0.0,0.6981316804885864,0.0,0.0,0.0,0.0,0.0,0.0,0.0,0.0
183,3.66,base_to_front_right_shoulder,3,0.16476435959339142,1.5877390978857875e-05,0.1745329201221466,0.0,0.0,0.7843932509422302,0.7843932509422302,0.0,0.0,0.0,0.6981316804885864,0.0,0.0,0.0,0.0,0.0,0.0,0.0,0.0
184,3.68,base_to_front_right_shoulder,3,0.16474464535713196,1.7347036191495135e-05,0.1745329201221466,0.0,0.0,0.7826563715934753,0.7826563715934753,0.0,0.0,0.0,0.6981316804885864,0.0,0.0,0.0,0.0,0.0,0.0,0.0,0.0
185,3.7,base_to_front_right_shoulder,3,0.1647658497095108,1.7302092601312324e-05,0.1745329201221466,0.0,0.0,0.7809547781944275,0.7809547781944275,0.0,0.0,0.0,0.6981316804885864,0.0,0.0,0.0,0.0,0.0,0.0,0.0,0.0
186,3.72,base_to_front_right_shoulder,3,0.16474549472332,1.7340367776341736e-05,0.1745329201221466,0.0,0.0,0.7825765013694763,0.7825765013694763,0.0,0.0,0.0,0.6981316804885864,0.0,0.0,0.0,0.0,0.0,0.0,0.0,0.0
187,3.74,base_to_front_right_shoulder,3,0.16476623713970184,1.728465940686874e-05,0.1745329201221466,0.0,0.0,0.7809118628501892,0.7809118628501892,0.0,0.0,0.0,0.6981316804885864,0.0,0.0,0.0,0.0,0.0,0.0,0.0,0.0
188,3.7600000000000002,base_to_front_right_shoulder,3,0.1647453010082245,1.7326152374153025e-05,0.1745329201221466,0.0,0.0,0.7825800776481628,0.7825800776481628,0.0,0.0,0.0,0.6981316804885864,0.0,0.0,0.0,0.0,0.0,0.0,0.0,0.0
189,3.7800000000000002,base_to_front_right_shoulder,3,0.16476543247699738,1.7348584151477553e-05,0.1745329201221466,0.0,0.0,0.7809635996818542,0.7809635996818542,0.0,0.0,0.0,0.6981316804885864,0.0,0.0,0.0,0.0,0.0,0.0,0.0,0.0
190,3.8000000000000003,base_to_front_right_shoulder,3,0.16474390029907227,1.732744749460835e-05,0.1745329201221466,0.0,0.0,0.7826802134513855,0.7826802134513855,0.0,0.0,0.0,0.6981316804885864,0.0,0.0,0.0,0.0,0.0,0.0,0.0,0.0
191,3.8200000000000003,base_to_front_right_shoulder,3,0.1647634357213974,1.734800753183663e-05,0.1745329201221466,0.0,0.0,0.7811114192008972,0.7811114192008972,0.0,0.0,0.0,0.6981316804885864,0.0,0.0,0.0,0.0,0.0,0.0,0.0,0.0
192,3.84,base_to_front_right_shoulder,3,0.16478271782398224,1.589282874192577e-05,0.1745329201221466,0.0,0.0,0.7828745245933533,0.7828745245933533,0.0,0.0,0.0,0.6981316804885864,0.0,0.0,0.0,0.0,0.0,0.0,0.0,0.0
193,3.86,base_to_front_right_shoulder,3,0.1647603064775467,1.733538374537602e-05,0.1745329201221466,0.0,0.0,0.781349778175354,0.781349778175354,0.0,0.0,0.0,0.6981316804885864,0.0,0.0,0.0,0.0,0.0,0.0,0.0,0.0
194,3.88,base_to_front_right_shoulder,3,0.16477885842323303,1.7332868083030917e-05,0.1745329201221466,0.0,0.0,0.779859721660614,0.779859721660614,0.0,0.0,0.0,0.6981316804885864,0.0,0.0,0.0,0.0,0.0,0.0,0.0,0.0
195,3.9,base_to_front_right_shoulder,3,0.16475586593151093,1.7321259292657487e-05,0.1745329201221466,0.0,0.0,0.781693160533905,0.781693160533905,0.0,0.0,0.0,0.6981316804885864,0.0,0.0,0.0,0.0,0.0,0.0,0.0,0.0
196,3.92,base_to_front_right_shoulder,3,0.16477389633655548,1.7332054994767532e-05,0.1745329201221466,0.0,0.0,0.7802435755729675,0.7802435755729675,0.0,0.0,0.0,0.6981316804885864,0.0,0.0,0.0,0.0,0.0,0.0,0.0,0.0
197,3.94,base_to_front_right_shoulder,3,0.1647915095090866,1.7291520634898916e-05,0.1745329201221466,0.0,0.0,0.7788304686546326,0.7788304686546326,0.0,0.0,0.0,0.6981316804885864,0.0,0.0,0.0,0.0,0.0,0.0,0.0,0.0
198,3.96,base_to_front_right_shoulder,3,0.1647675782442093,1.7336651580990292e-05,0.1745329201221466,0.0,0.0,0.7807382941246033,0.7807382941246033,0.0,0.0,0.0,0.6981316804885864,0.0,0.0,0.0,0.0,0.0,0.0,0.0,0.0
199,3.98,base_to_front_right_shoulder,3,0.1647847592830658,1.7335991287836805e-05,0.1745329201221466,0.0,0.0,0.7793578505516052,0.7793578505516052,0.0,0.0,0.0,0.6981316804885864,0.0,0.0,0.0,0.0,0.0,0.0,0.0,0.0
200,4.0,base_to_front_right_shoulder,3,0.16480188071727753,-0.00029893507598899305,0.1745329201221466,0.0,0.0,0.7813128232955933,0.7813128232955933,0.0,0.0,0.0,0.6981316804885864,0.0,0.0,0.0,0.0,0.0,0.0,0.0,0.0
201,4.0200000000000005,base_to_front_right_shoulder,3,0.16477826237678528,1.733473618514836e-05,0.1745329201221466,0.0,0.0,0.7798931002616882,0.7798931002616882,0.0,0.0,0.0,0.6981316804885864,0.0,0.0,0.0,0.0,0.0,0.0,0.0,0.0
202,4.04,base_to_front_right_shoulder,3,0.1647958904504776,1.5885527318459935e-05,0.1745329201221466,0.0,0.0,0.7817848920822144,0.7817848920822144,0.0,0.0,0.0,0.6981316804885864,0.0,0.0,0.0,0.0,0.0,0.0,0.0,0.0
203,4.0600000000000005,base_to_front_right_shoulder,3,0.16477186977863312,1.733813769533299e-05,0.1745329201221466,0.0,0.0,0.780392587184906,0.780392587184906,0.0,0.0,0.0,0.6981316804885864,0.0,0.0,0.0,0.0,0.0,0.0,0.0,0.0
204,4.08,base_to_front_right_shoulder,3,0.16478963196277618,1.708168383629527e-05,0.1745329201221466,0.0,0.0,0.7789974808692932,0.7789974808692932,0.0,0.0,0.0,0.6981316804885864,0.0,0.0,0.0,0.0,0.0,0.0,0.0,0.0
205,4.1,base_to_front_right_shoulder,3,0.16476646065711975,1.734327815938741e-05,0.1745329201221466,0.0,0.0,0.7808419466018677,0.7808419466018677,0.0,0.0,0.0,0.6981316804885864,0.0,0.0,0.0,0.0,0.0,0.0,0.0,0.0
206,4.12,base_to_front_right_shoulder,3,0.16478420794010162,1.7334776202915236e-05,0.1745329201221466,0.0,0.0,0.7794150710105896,0.7794150710105896,0.0,0.0,0.0,0.6981316804885864,0.0,0.0,0.0,0.0,0.0,0.0,0.0,0.0
207,4.14,base_to_front_right_shoulder,3,0.16476038098335266,1.7333175492240116e-05,0.1745329201221466,0.0,0.0,0.7813152074813843,0.7813152074813843,0.0,0.0,0.0,0.6981316804885864,0.0,0.0,0.0,0.0,0.0,0.0,0.0,0.0
208,4.16,base_to_front_right_shoulder,3,0.16477766633033752,1.735260411805939e-05,0.1745329201221466,0.0,0.0,0.779927670955658,0.779927670955658,0.0,0.0,0.0,0.6981316804885864,0.0,0.0,0.0,0.0,0.0,0.0,0.0,0.0
209,4.18,base_to_front_right_shoulder,3,0.16479502618312836,8.394797987421043e-06,0.1745329201221466,0.0,0.0,0.7787030935287476,0.7787030935287476,0.0,0.0,0.0,0.6981316804885864,0.0,0.0,0.0,0.0,0.0,0.0,0.0,0.0
210,4.2,base_to_front_right_shoulder,3,0.16477172076702118,1.7340104022878222e-05,0.1745329201221466,0.0,0.0,0.7804187536239624,0.7804187536239624,0.0,0.0,0.0,0.6981316804885864,0.0,0.0,0.0,0.0,0.0,0.0,0.0,0.0
211,4.22,base_to_front_right_shoulder,3,0.16478942334651947,1.727659946482163e-05,0.1745329201221466,0.0,0.0,0.7789973616600037,0.7789973616600037,0.0,0.0,0.0,0.6981316804885864,0.0,0.0,0.0,0.0,0.0,0.0,0.0,0.0
212,4.24,base_to_front_right_shoulder,3,0.16476550698280334,1.7335940356133506e-05,0.1745329201221466,0.0,0.0,0.7809039950370789,0.7809039950370789,0.0,0.0,0.0,0.6981316804885864,0.0,0.0,0.0,0.0,0.0,0.0,0.0,0.0
213,4.26,base_to_front_right_shoulder,3,0.1647825390100479,1.7333544747089036e-05,0.1745329201221466,0.0,0.0,0.7795354723930359,0.7795354723930359,0.0,0.0,0.0,0.6981316804885864,0.0,0.0,0.0,0.0,0.0,0.0,0.0,0.0
214,4.28,base_to_front_right_shoulder,3,0.1647997498512268,-0.00029879692010581493,0.1745329201221466,0.0,0.0,0.7814892530441284,0.7814892530441284,0.0,0.0,0.0,0.6981316804885864,0.0,0.0,0.0,0.0,0.0,0.0,0.0,0.0
215,4.3,base_to_front_right_shoulder,3,0.16477616131305695,1.733460885589011e-05,0.1745329201221466,0.0,0.0,0.7800611853599548,0.7800611853599548,0.0,0.0,0.0,0.6981316804885864,0.0,0.0,0.0,0.0,0.0,0.0,0.0,0.0
216,4.32,base_to_front_right_shoulder,3,0.16479386389255524,1.589585554029327e-05,0.1745329201221466,0.0,0.0,0.7819518446922302,0.7819518446922302,0.0,0.0,0.0,0.6981316804885864,0.0,0.0,0.0,0.0,0.0,0.0,0.0,0.0
217,4.34,base_to_front_right_shoulder,3,0.16476987302303314,1.733839417283889e-05,0.1745329201221466,0.0,0.0,0.7805535197257996,0.7805535197257996,0.0,0.0,0.0,0.6981316804885864,0.0,0.0,0.0,0.0,0.0,0.0,0.0,0.0
218,4.36,base_to_front_right_shoulder,3,0.16478769481182098,1.7066389773390256e-05,0.1745329201221466,0.0,0.0,0.7791524529457092,0.7791524529457092,0.0,0.0,0.0,0.6981316804885864,0.0,0.0,0.0,0.0,0.0,0.0,0.0,0.0
219,4.38,base_to_front_right_shoulder,3,0.16476453840732574,1.735572914185468e-05,0.1745329201221466,0.0,0.0,0.7809969186782837,0.7809969186782837,0.0,0.0,0.0,0.6981316804885864,0.0,0.0,0.0,0.0,0.0,0.0,0.0,0.0
220,4.4,base_to_front_right_shoulder,3,0.1647823601961136,1.7339365513180383e-05,0.1745329201221466,0.0,0.0,0.7795640826225281,0.7795640826225281,0.0,0.0,0.0,0.6981316804885864,0.0,0.0,0.0,0.0,0.0,0.0,0.0,0.0
221,4.42,base_to_front_right_shoulder,3,0.16475854814052582,1.7352864233544096e-05,0.1745329201221466,0.0,0.0,0.781463086605072,0.781463086605072,0.0,0.0,0.0,0.6981316804885864,0.0,0.0,0.0,0.0,0.0,0.0,0.0,0.0
222,4.44,base_to_front_right_shoulder,3,0.16477589309215546,1.7323398424196057e-05,0.1745329201221466,0.0,0.0,0.7800695300102234,0.7800695300102234,0.0,0.0,0.0,0.6981316804885864,0.0,0.0,0.0,0.0,0.0,0.0,0.0,0.0
223,4.46,base_to_front_right_shoulder,3,0.16479332745075226,8.379376595257781e-06,0.1745329201221466,0.0,0.0,0.7788388729095459,0.7788388729095459,0.0,0.0,0.0,0.6981316804885864,0.0,0.0,0.0,0.0,0.0,0.0,0.0,0.0
224,4.48,base_to_front_right_shoulder,3,0.16477003693580627,1.733542922011111e-05,0.1745329201221466,0.0,0.0,0.7805547118186951,0.7805547118186951,0.0,0.0,0.0,0.6981316804885864,0.0,0.0,0.0,0.0,0.0,0.0,0.0,0.0
225,4.5,base_to_front_right_shoulder,3,0.16478781402111053,1.7275642676395364e-05,0.1745329201221466,0.0,0.0,0.7791261076927185,0.7791261076927185,0.0,0.0,0.0,0.6981316804885864,0.0,0.0,0.0,0.0,0.0,0.0,0.0,0.0
226,4.5200000000000005,base_to_front_right_shoulder,3,0.1647639125585556,1.7322534404229373e-05,0.1745329201221466,0.0,0.0,0.7810315489768982,0.7810315489768982,0.0,0.0,0.0,0.6981316804885864,0.0,0.0,0.0,0.0,0.0,0.0,0.0,0.0
227,4.54,base_to_front_right_shoulder,3,0.16478100419044495,1.7351674614474177e-05,0.1745329201221466,0.0,0.0,0.7796582579612732,0.7796582579612732,0.0,0.0,0.0,0.6981316804885864,0.0,0.0,0.0,0.0,0.0,0.0,0.0,0.0
228,4.5600000000000005,base_to_front_right_shoulder,3,0.16479821503162384,8.350437383342069e-06,0.1745329201221466,0.0,0.0,0.7784472107887268,0.7784472107887268,0.0,0.0,0.0,0.6981316804885864,0.0,0.0,0.0,0.0,0.0,0.0,0.0,0.0
229,4.58,base_to_front_right_shoulder,3,0.1647748351097107,1.7335900338366628e-05,0.1745329201221466,0.0,0.0,0.7801684141159058,0.7801684141159058,0.0,0.0,0.0,0.6981316804885864,0.0,0.0,0.0,0.0,0.0,0.0,0.0,0.0
230,4.6000000000000005,base_to_front_right_shoulder,3,0.16479258239269257,1.5883066225796938e-05,0.1745329201221466,0.0,0.0,0.7820579409599304,0.7820579409599304,0.0,0.0,0.0,0.6981316804885864,0.0,0.0,0.0,0.0,0.0,0.0,0.0,0.0
231,4.62,base_to_front_right_shoulder,3,0.16476859152317047,1.7337821191176772e-05,0.1745329201221466,0.0,0.0,0.7806560397148132,0.7806560397148132,0.0,0.0,0.0,0.6981316804885864,0.0,0.0,0.0,0.0,0.0,0.0,0.0,0.0
232,4.64,base_to_front_right_shoulder,3,0.1647864580154419,1.7080936231650412e-05,0.1745329201221466,0.0,0.0,0.7792513966560364,0.7792513966560364,0.0,0.0,0.0,0.6981316804885864,0.0,0.0,0.0,0.0,0.0,0.0,0.0,0.0
233,4.66,base_to_front_right_shoulder,3,0.16476330161094666,1.7350032067042775e-05,0.1745329201221466,0.0,0.0,0.7810959219932556,0.7810959219932556,0.0,0.0,0.0,0.6981316804885864,0.0,0.0,0.0,0.0,0.0,0.0,0.0,0.0
234,4.68,base_to_front_right_shoulder,3,0.16478116810321808,1.7331083654426038e-05,0.1745329201221466,0.0,0.0,0.7796594500541687,0.7796594500541687,0.0,0.0,0.0,0.6981316804885864,0.0,0.0,0.0,0.0,0.0,0.0,0.0,0.0
235,4.7,base_to_front_right_shoulder,3,0.16479864716529846,1.5887235349509865e-05,0.1745329201221466,0.0,0.0,0.7815572619438171,0.7815572619438171,0.0,0.0,0.0,0.6981316804885864,0.0,0.0,0.0,0.0,0.0,0.0,0.0,0.0
236,4.72,base_to_front_right_shoulder,3,0.164774551987648,1.7337544704787433e-05,0.1745329201221466,0.0,0.0,0.7801767587661743,0.7801767587661743,0.0,0.0,0.0,0.6981316804885864,0.0,0.0,0.0,0.0,0.0,0.0,0.0,0.0
237,4.74,base_to_front_right_shoulder,3,0.1647920310497284,8.381100087717641e-06,0.1745329201221466,0.0,0.0,0.7789425849914551,0.7789425849914551,0.0,0.0,0.0,0.6981316804885864,0.0,0.0,0.0,0.0,0.0,0.0,0.0,0.0
238,4.76,base_to_front_right_shoulder,3,0.1647687703371048,1.7335452866973355e-05,0.1745329201221466,0.0,0.0,0.7806560397148132,0.7806560397148132,0.0,0.0,0.0,0.6981316804885864,0.0,0.0,0.0,0.0,0.0,0.0,0.0,0.0
239,4.78,base_to_front_right_shoulder,3,0.16478657722473145,1.727512790239416e-05,0.1745329201221466,0.0,0.0,0.7792250514030457,0.7792250514030457,0.0,0.0,0.0,0.6981316804885864,0.0,0.0,0.0,0.0,0.0,0.0,0.0,0.0
240,4.8,base_to_front_right_shoulder,3,0.1647626757621765,1.7332904462818988e-05,0.1745329201221466,0.0,0.0,0.7811304926872253,0.7811304926872253,0.0,0.0,0.0,0.6981316804885864,0.0,0.0,0.0,0.0,0.0,0.0,0.0,0.0
241,4.82,base_to_front_right_shoulder,3,0.16477982699871063,1.7333826690446585e-05,0.1745329201221466,0.0,0.0,0.7797524333000183,0.7797524333000183,0.0,0.0,0.0,0.6981316804885864,0.0,0.0,0.0,0.0,0.0,0.0,0.0,0.0
242,4.84,base_to_front_right_shoulder,3,0.16479706764221191,8.350974894710816e-06,0.1745329201221466,0.0,0.0,0.7785389423370361,0.7785389423370361,0.0,0.0,0.0,0.6981316804885864,0.0,0.0,0.0,0.0,0.0,0.0,0.0,0.0
243,4.86,base_to_front_right_shoulder,3,0.16477368772029877,1.733652243274264e-05,0.1745329201221466,0.0,0.0,0.7802602648735046,0.7802602648735046,0.0,0.0,0.0,0.6981316804885864,0.0,0.0,0.0,0.0,0.0,0.0,0.0,0.0
244,4.88,base_to_front_right_shoulder,3,0.1647912710905075,1.7306581867160276e-05,0.1745329201221466,0.0,0.0,0.7788483500480652,0.7788483500480652,0.0,0.0,0.0,0.6981316804885864,0.0,0.0,0.0,0.0,0.0,0.0,0.0,0.0
245,4.9,base_to_front_right_shoulder,3,0.1647672802209854,1.7329264665022492e-05,0.1745329201221466,0.0,0.0,0.7807609438896179,0.7807609438896179,0.0,0.0,0.0,0.6981316804885864,0.0,0.0,0.0,0.0,0.0,0.0,0.0,0.0
246,4.92,base_to_front_right_shoulder,3,0.1647852063179016,1.7081323676393367e-05,0.1745329201221466,0.0,0.0,0.7793527245521545,0.7793527245521545,0.0,0.0,0.0,0.6981316804885864,0.0,0.0,0.0,0.0,0.0,0.0,0.0,0.0
247,4.94,base_to_front_right_shoulder,3,0.16476204991340637,1.732520649966318e-05,0.1745329201221466,0.0,0.0,0.7811960577964783,0.7811960577964783,0.0,0.0,0.0,0.6981316804885864,0.0,0.0,0.0,0.0,0.0,0.0,0.0,0.0
248,4.96,base_to_front_right_shoulder,3,0.16477996110916138,1.733536373649258e-05,0.1745329201221466,0.0,0.0,0.7797560095787048,0.7797560095787048,0.0,0.0,0.0,0.6981316804885864,0.0,0.0,0.0,0.0,0.0,0.0,0.0,0.0
249,4.98,base_to_front_right_shoulder,3,0.16479746997356415,1.5886675100773573e-05,0.1745329201221466,0.0,0.0,0.7816538214683533,0.7816538214683533,0.0,0.0,0.0,0.6981316804885864,0.0,0.0,0.0,0.0,0.0,0.0,0.0,0.0
250,5.0,base_to_front_right_shoulder,3,0.1647733747959137,1.7322756320936605e-05,0.1745329201221466,0.0,0.0,0.7802709937095642,0.7802709937095642,0.0,0.0,0.0,0.6981316804885864,0.0,0.0,0.0,0.0,0.0,0.0,0.0,0.0
251,5.0200000000000005,base_to_front_right_shoulder,3,0.16479100286960602,1.707966293906793e-05,0.1745329201221466,0.0,0.0,0.7788866758346558,0.7788866758346558,0.0,0.0,0.0,0.6981316804885864,0.0,0.0,0.0,0.0,0.0,0.0,0.0,0.0
252,5.04,base_to_front_right_shoulder,3,0.16476775705814362,1.7334925360046327e-05,0.1745329201221466,0.0,0.0,0.7807371020317078,0.7807371020317078,0.0,0.0,0.0,0.6981316804885864,0.0,0.0,0.0,0.0,0.0,0.0,0.0,0.0
253,5.0600000000000005,base_to_front_right_shoulder,3,0.16478560864925385,1.728975803416688e-05,0.1745329201221466,0.0,0.0,0.7793025374412537,0.7793025374412537,0.0,0.0,0.0,0.6981316804885864,0.0,0.0,0.0,0.0,0.0,0.0,0.0,0.0
254,5.08,base_to_front_right_shoulder,3,0.1647617220878601,1.733714270812925e-05,0.1745329201221466,0.0,0.0,0.7812067866325378,0.7812067866325378,0.0,0.0,0.0,0.6981316804885864,0.0,0.0,0.0,0.0,0.0,0.0,0.0,0.0
255,5.1000000000000005,base_to_front_right_shoulder,3,0.1647789031267166,1.7337191820843145e-05,0.1745329201221466,0.0,0.0,0.7798263430595398,0.7798263430595398,0.0,0.0,0.0,0.6981316804885864,0.0,0.0,0.0,0.0,0.0,0.0,0.0,0.0
256,5.12,base_to_front_right_shoulder,3,0.16479618847370148,8.370436262339354e-06,0.1745329201221466,0.0,0.0,0.7786092758178711,0.7786092758178711,0.0,0.0,0.0,0.6981316804885864,0.0,0.0,0.0,0.0,0.0,0.0,0.0,0.0
257,5.14,base_to_front_right_shoulder,3,0.16477280855178833,1.7335725715383887e-05,0.1745329201221466,0.0,0.0,0.7803305983543396,0.7803305983543396,0.0,0.0,0.0,0.6981316804885864,0.0,0.0,0.0,0.0,0.0,0.0,0.0,0.0
258,5.16,base_to_front_right_shoulder,3,0.16479042172431946,1.730647636577487e-05,0.1745329201221466,0.0,0.0,0.7789162993431091,0.7789162993431091,0.0,0.0,0.0,0.6981316804885864,0.0,0.0,0.0,0.0,0.0,0.0,0.0,0.0
259,5.18,base_to_front_right_shoulder,3,0.16476643085479736,1.734733632474672e-05,0.1745329201221466,0.0,0.0,0.7808288931846619,0.7808288931846619,0.0,0.0,0.0,0.6981316804885864,0.0,0.0,0.0,0.0,0.0,0.0,0.0,0.0
260,5.2,base_to_front_right_shoulder,3,0.16478438675403595,1.7082087651942857e-05,0.1745329201221466,0.0,0.0,0.7794182896614075,0.7794182896614075,0.0,0.0,0.0,0.6981316804885864,0.0,0.0,0.0,0.0,0.0,0.0,0.0,0.0
261,5.22,base_to_front_right_shoulder,3,0.1647612303495407,1.7335318261757493e-05,0.1745329201221466,0.0,0.0,0.7812616229057312,0.7812616229057312,0.0,0.0,0.0,0.6981316804885864,0.0,0.0,0.0,0.0,0.0,0.0,0.0,0.0
262,5.24,base_to_front_right_shoulder,3,0.1647791713476181,1.7335107258986682e-05,0.1745329201221466,0.0,0.0,0.7798191905021667,0.7798191905021667,0.0,0.0,0.0,0.6981316804885864,0.0,0.0,0.0,0.0,0.0,0.0,0.0,0.0
263,5.26,base_to_front_right_shoulder,3,0.16479671001434326,1.5880699720582925e-05,0.1745329201221466,0.0,0.0,0.7817170023918152,0.7817170023918152,0.0,0.0,0.0,0.6981316804885864,0.0,0.0,0.0,0.0,0.0,0.0,0.0,0.0
264,5.28,base_to_front_right_shoulder,3,0.164772629737854,1.7338068573735654e-05,0.1745329201221466,0.0,0.0,0.7803305983543396,0.7803305983543396,0.0,0.0,0.0,0.6981316804885864,0.0,0.0,0.0,0.0,0.0,0.0,0.0,0.0
265,5.3,base_to_front_right_shoulder,3,0.1647903025150299,1.7096364899771288e-05,0.1745329201221466,0.0,0.0,0.7789426445960999,0.7789426445960999,0.0,0.0,0.0,0.6981316804885864,0.0,0.0,0.0,0.0,0.0,0.0,0.0,0.0
266,5.32,base_to_front_right_shoulder,3,0.1647670567035675,1.732704731693957e-05,0.1745329201221466,0.0,0.0,0.7807931303977966,0.7807931303977966,0.0,0.0,0.0,0.6981316804885864,0.0,0.0,0.0,0.0,0.0,0.0,0.0,0.0
267,5.34,base_to_front_right_shoulder,3,0.16478469967842102,1.733438875817228e-05,0.1745329201221466,0.0,0.0,0.7793745398521423,0.7793745398521423,0.0,0.0,0.0,0.6981316804885864,0.0,0.0,0.0,0.0,0.0,0.0,0.0,0.0
268,5.36,base_to_front_right_shoulder,3,0.16476081311702728,1.735318983264733e-05,0.1745329201221466,0.0,0.0,0.7812795042991638,0.7812795042991638,0.0,0.0,0.0,0.6981316804885864,0.0,0.0,0.0,0.0,0.0,0.0,0.0,0.0
269,5.38,base_to_front_right_shoulder,3,0.16477802395820618,1.7352242139168084e-05,0.1745329201221466,0.0,0.0,0.7798966765403748,0.7798966765403748,0.0,0.0,0.0,0.6981316804885864,0.0,0.0,0.0,0.0,0.0,0.0,0.0,0.0
270,5.4,base_to_front_right_shoulder,3,0.16479533910751343,8.3519926192821e-06,0.1745329201221466,0.0,0.0,0.7786772847175598,0.7786772847175598,0.0,0.0,0.0,0.6981316804885864,0.0,0.0,0.0,0.0,0.0,0.0,0.0,0.0
271,5.42,base_to_front_right_shoulder,3,0.16477197408676147,1.7335443772026338e-05,0.1745329201221466,0.0,0.0,0.7803972959518433,0.7803972959518433,0.0,0.0,0.0,0.6981316804885864,0.0,0.0,0.0,0.0,0.0,0.0,0.0,0.0
272,5.44,base_to_front_right_shoulder,3,0.164789617061615,1.729030736896675e-05,0.1745329201221466,0.0,0.0,0.7789806723594666,0.7789806723594666,0.0,0.0,0.0,0.6981316804885864,0.0,0.0,0.0,0.0,0.0,0.0,0.0,0.0
273,5.46,base_to_front_right_shoulder,3,0.1647656410932541,1.7337242752546445e-05,0.1745329201221466,0.0,0.0,0.7808920741081238,0.7808920741081238,0.0,0.0,0.0,0.6981316804885864,0.0,0.0,0.0,0.0,0.0,0.0,0.0,0.0
274,5.48,base_to_front_right_shoulder,3,0.16478262841701508,1.734910620143637e-05,0.1745329201221466,0.0,0.0,0.7795271277427673,0.7795271277427673,0.0,0.0,0.0,0.6981316804885864,0.0,0.0,0.0,0.0,0.0,0.0,0.0,0.0
275,5.5,base_to_front_right_shoulder,3,0.1647997796535492,-0.0002995886898133904,0.1745329201221466,0.0,0.0,0.7814869284629822,0.7814869284629822,0.0,0.0,0.0,0.6981316804885864,0.0,0.0,0.0,0.0,0.0,0.0,0.0,0.0
276,5.5200000000000005,base_to_front_right_shoulder,3,0.16477613151073456,1.7328657122561708e-05,0.1745329201221466,0.0,0.0,0.7800623774528503,0.7800623774528503,0.0,0.0,0.0,0.6981316804885864,0.0,0.0,0.0,0.0,0.0,0.0,0.0,0.0
277,5.54,base_to_front_right_shoulder,3,0.16479380428791046,1.5878580597927794e-05,0.1745329201221466,0.0,0.0,0.7819578051567078,0.7819578051567078,0.0,0.0,0.0,0.6981316804885864,0.0,0.0,0.0,0.0,0.0,0.0,0.0,0.0
278,5.5600000000000005,base_to_front_right_shoulder,3,0.1647697389125824,1.7337008102913387e-05,0.1745329201221466,0.0,0.0,0.7805618643760681,0.7805618643760681,0.0,0.0,0.0,0.6981316804885864,0.0,0.0,0.0,0.0,0.0,0.0,0.0,0.0
279,5.58,base_to_front_right_shoulder,3,0.16478753089904785,1.7081369151128456e-05,0.1745329201221466,0.0,0.0,0.7791643738746643,0.7791643738746643,0.0,0.0,0.0,0.6981316804885864,0.0,0.0,0.0,0.0,0.0,0.0,0.0,0.0
280,5.6000000000000005,base_to_front_right_shoulder,3,0.16476431488990784,1.7335174561594613e-05,0.1745329201221466,0.0,0.0,0.7810136675834656,0.7810136675834656,0.0,0.0,0.0,0.6981316804885864,0.0,0.0,0.0,0.0,0.0,0.0,0.0,0.0
281,5.62,base_to_front_right_shoulder,3,0.1647820770740509,1.731990596454125e-05,0.1745329201221466,0.0,0.0,0.7795855402946472,0.7795855402946472,0.0,0.0,0.0,0.6981316804885864,0.0,0.0,0.0,0.0,0.0,0.0,0.0,0.0
282,5.64,base_to_front_right_shoulder,3,0.16479946672916412,1.5887926565483212e-05,0.1745329201221466,0.0,0.0,0.7814892530441284,0.7814892530441284,0.0,0.0,0.0,0.6981316804885864,0.0,0.0,0.0,0.0,0.0,0.0,0.0,0.0
283,5.66,base_to_front_right_shoulder,3,0.1647752970457077,1.7337986719212495e-05,0.1745329201221466,0.0,0.0,0.7801160216331482,0.7801160216331482,0.0,0.0,0.0,0.6981316804885864,0.0,0.0,0.0,0.0,0.0,0.0,0.0,0.0
284,5.68,base_to_front_right_shoulder,3,0.1647927165031433,8.343660738319159e-06,0.1745329201221466,0.0,0.0,0.7788869142532349,0.7788869142532349,0.0,0.0,0.0,0.6981316804885864,0.0,0.0,0.0,0.0,0.0,0.0,0.0,0.0
285,5.7,base_to_front_right_shoulder,3,0.16476938128471375,1.732843156787567e-05,0.1745329201221466,0.0,0.0,0.7806047201156616,0.7806047201156616,0.0,0.0,0.0,0.6981316804885864,0.0,0.0,0.0,0.0,0.0,0.0,0.0,0.0
286,5.72,base_to_front_right_shoulder,3,0.16478712856769562,1.7285174180869944e-05,0.1745329201221466,0.0,0.0,0.7791797518730164,0.7791797518730164,0.0,0.0,0.0,0.6981316804885864,0.0,0.0,0.0,0.0,0.0,0.0,0.0,0.0
287,5.74,base_to_front_right_shoulder,3,0.1647631675004959,1.7351780115859583e-05,0.1745329201221466,0.0,0.0,0.7810899615287781,0.7810899615287781,0.0,0.0,0.0,0.6981316804885864,0.0,0.0,0.0,0.0,0.0,0.0,0.0,0.0
288,5.76,base_to_front_right_shoulder,3,0.16478025913238525,1.7332846255158074e-05,0.1745329201221466,0.0,0.0,0.7797166705131531,0.7797166705131531,0.0,0.0,0.0,0.6981316804885864,0.0,0.0,0.0,0.0,0.0,0.0,0.0,0.0
289,5.78,base_to_front_right_shoulder,3,0.16479745507240295,8.327205250679981e-06,0.1745329201221466,0.0,0.0,0.7785071134567261,0.7785071134567261,0.0,0.0,0.0,0.6981316804885864,0.0,0.0,0.0,0.0,0.0,0.0,0.0,0.0
290,5.8,base_to_front_right_shoulder,3,0.16477400064468384,1.7331922208541073e-05,0.1745329201221466,0.0,0.0,0.7802340388298035,0.7802340388298035,0.0,0.0,0.0,0.6981316804885864,0.0,0.0,0.0,0.0,0.0,0.0,0.0,0.0
291,5.82,base_to_front_right_shoulder,3,0.1647915244102478,1.72903328348184e-05,0.1745329201221466,0.0,0.0,0.778826892375946,0.778826892375946,0.0,0.0,0.0,0.6981316804885864,0.0,0.0,0.0,0.0,0.0,0.0,0.0,0.0
292,5.84,base_to_front_right_shoulder,3,0.16476747393608093,1.733690260152798e-05,0.1745329201221466,0.0,0.0,0.7807442545890808,0.7807442545890808,0.0,0.0,0.0,0.6981316804885864,0.0,0.0,0.0,0.0,0.0,0.0,0.0,0.0
293,5.86,base_to_front_right_shoulder,3,0.16478537023067474,1.7080394172808155e-05,0.1745329201221466,0.0,0.0,0.7793384194374084,0.7793384194374084,0.0,0.0,0.0,0.6981316804885864,0.0,0.0,0.0,0.0,0.0,0.0,0.0,0.0
294,5.88,base_to_front_right_shoulder,3,0.16476216912269592,1.7325228327536024e-05,0.1745329201221466,0.0,0.0,0.7811853289604187,0.7811853289604187,0.0,0.0,0.0,0.6981316804885864,0.0,0.0,0.0,0.0,0.0,0.0,0.0,0.0
295,5.9,base_to_front_right_shoulder,3,0.16478002071380615,1.7334694348392077e-05,0.1745329201221466,0.0,0.0,0.7797500491142273,0.7797500491142273,0.0,0.0,0.0,0.6981316804885864,0.0,0.0,0.0,0.0,0.0,0.0,0.0,0.0
296,5.92,base_to_front_right_shoulder,3,0.16479748487472534,1.588495069881901e-05,0.1745329201221466,0.0,0.0,0.7816526293754578,0.7816526293754578,0.0,0.0,0.0,0.6981316804885864,0.0,0.0,0.0,0.0,0.0,0.0,0.0,0.0
297,5.94,base_to_front_right_shoulder,3,0.1647733449935913,1.7338186808046885e-05,0.1745329201221466,0.0,0.0,0.7802721858024597,0.7802721858024597,0.0,0.0,0.0,0.6981316804885864,0.0,0.0,0.0,0.0,0.0,0.0,0.0,0.0
298,5.96,base_to_front_right_shoulder,3,0.16479095816612244,1.7079993995139375e-05,0.1745329201221466,0.0,0.0,0.7788890600204468,0.7788890600204468,0.0,0.0,0.0,0.6981316804885864,0.0,0.0,0.0,0.0,0.0,0.0,0.0,0.0
299,5.98,base_to_front_right_shoulder,3,0.16476763784885406,1.733620956656523e-05,0.1745329201221466,0.0,0.0,0.7807442545890808,0.7807442545890808,0.0,0.0,0.0,0.6981316804885864,0.0,0.0,0.0,0.0,0.0,0.0,0.0,0.0
300,6.0,base_to_front_right_shoulder,3,0.164785236120224,1.7338561519864015e-05,0.1745329201221466,0.0,0.0,0.7793304324150085,0.7793304324150085,0.0,0.0,0.0,0.6981316804885864,0.0,0.0,0.0,0.0,0.0,0.0,0.0,0.0
301,6.0200000000000005,base_to_front_right_shoulder,3,0.16476128995418549,1.7338101315544918e-05,0.1745329201221466,0.0,0.0,0.7812401652336121,0.7812401652336121,0.0,0.0,0.0,0.6981316804885864,0.0,0.0,0.0,0.0,0.0,0.0,0.0,0.0
302,6.04,base_to_front_right_shoulder,3,0.1647784560918808,1.733746103127487e-05,0.1745329201221466,0.0,0.0,0.779862105846405,0.779862105846405,0.0,0.0,0.0,0.6981316804885864,0.0,0.0,0.0,0.0,0.0,0.0,0.0,0.0
303,6.0600000000000005,base_to_front_right_shoulder,3,0.16479571163654327,8.334575795743149e-06,0.1745329201221466,0.0,0.0,0.7786465883255005,0.7786465883255005,0.0,0.0,0.0,0.6981316804885864,0.0,0.0,0.0,0.0,0.0,0.0,0.0,0.0
304,6.08,base_to_front_right_shoulder,3,0.16477227210998535,1.7352005670545623e-05,0.1745329201221466,0.0,0.0,0.7803723216056824,0.7803723216056824,0.0,0.0,0.0,0.6981316804885864,0.0,0.0,0.0,0.0,0.0,0.0,0.0,0.0
305,6.1000000000000005,base_to_front_right_shoulder,3,0.16478987038135529,1.7290354662691243e-05,0.1745329201221466,0.0,0.0,0.7789592146873474,0.7789592146873474,0.0,0.0,0.0,0.6981316804885864,0.0,0.0,0.0,0.0,0.0,0.0,0.0,0.0
306,6.12,base_to_front_right_shoulder,3,0.1647658348083496,1.7338259567623027e-05,0.1745329201221466,0.0,0.0,0.7808753848075867,0.7808753848075867,0.0,0.0,0.0,0.6981316804885864,0.0,0.0,0.0,0.0,0.0,0.0,0.0,0.0
307,6.140000000000001,base_to_front_right_shoulder,3,0.16478277742862701,1.7332973584416322e-05,0.1745329201221466,0.0,0.0,0.7795140147209167,0.7795140147209167,0.0,0.0,0.0,0.6981316804885864,0.0,0.0,0.0,0.0,0.0,0.0,0.0,0.0
308,6.16,base_to_front_right_shoulder,3,0.16479988396167755,-0.0003001839213538915,0.1745329201221466,0.0,0.0,0.7814773917198181,0.7814773917198181,0.0,0.0,0.0,0.6981316804885864,0.0,0.0,0.0,0.0,0.0,0.0,0.0,0.0
309,6.18,base_to_front_right_shoulder,3,0.16477619111537933,1.733146928017959e-05,0.1745329201221466,0.0,0.0,0.7800576090812683,0.7800576090812683,0.0,0.0,0.0,0.6981316804885864,0.0,0.0,0.0,0.0,0.0,0.0,0.0,0.0
310,6.2,base_to_front_right_shoulder,3,0.16479381918907166,1.5893567251623608e-05,0.1745329201221466,0.0,0.0,0.7819566130638123,0.7819566130638123,0.0,0.0,0.0,0.6981316804885864,0.0,0.0,0.0,0.0,0.0,0.0,0.0,0.0
311,6.22,base_to_front_right_shoulder,3,0.16476970911026,1.7337539247819223e-05,0.1745329201221466,0.0,0.0,0.7805642485618591,0.7805642485618591,0.0,0.0,0.0,0.6981316804885864,0.0,0.0,0.0,0.0,0.0,0.0,0.0,0.0
312,6.24,base_to_front_right_shoulder,3,0.1647874414920807,1.7080741599784233e-05,0.1745329201221466,0.0,0.0,0.7791715860366821,0.7791715860366821,0.0,0.0,0.0,0.6981316804885864,0.0,0.0,0.0,0.0,0.0,0.0,0.0,0.0
313,6.26,base_to_front_right_shoulder,3,0.1647641509771347,1.7339747500955127e-05,0.1745329201221466,0.0,0.0,0.7810243964195251,0.7810243964195251,0.0,0.0,0.0,0.6981316804885864,0.0,0.0,0.0,0.0,0.0,0.0,0.0,0.0
314,6.28,base_to_front_right_shoulder,3,0.16478189826011658,1.7320289771305397e-05,0.1745329201221466,0.0,0.0,0.7795986533164978,0.7795986533164978,0.0,0.0,0.0,0.6981316804885864,0.0,0.0,0.0,0.0,0.0,0.0,0.0,0.0
315,6.3,base_to_front_right_shoulder,3,0.1647992581129074,1.587356746313162e-05,0.1745329201221466,0.0,0.0,0.7815060019493103,0.7815060019493103,0.0,0.0,0.0,0.6981316804885864,0.0,0.0,0.0,0.0,0.0,0.0,0.0,0.0
316,6.32,base_to_front_right_shoulder,3,0.1647750586271286,1.7352298527839594e-05,0.1745329201221466,0.0,0.0,0.7801339030265808,0.7801339030265808,0.0,0.0,0.0,0.6981316804885864,0.0,0.0,0.0,0.0,0.0,0.0,0.0,0.0
317,6.34,base_to_front_right_shoulder,3,0.16479246318340302,8.327858267875854e-06,0.1745329201221466,0.0,0.0,0.7789062857627869,0.7789062857627869,0.0,0.0,0.0,0.6981316804885864,0.0,0.0,0.0,0.0,0.0,0.0,0.0,0.0
318,6.36,base_to_front_right_shoulder,3,0.16476906836032867,1.7331558410660364e-05,0.1745329201221466,0.0,0.0,0.7806285619735718,0.7806285619735718,0.0,0.0,0.0,0.6981316804885864,0.0,0.0,0.0,0.0,0.0,0.0,0.0,0.0
319,6.38,base_to_front_right_shoulder,3,0.16478678584098816,1.7276268408750184e-05,0.1745329201221466,0.0,0.0,0.7792059779167175,0.7792059779167175,0.0,0.0,0.0,0.6981316804885864,0.0,0.0,0.0,0.0,0.0,0.0,0.0,0.0
320,6.4,base_to_front_right_shoulder,3,0.16476278007030487,1.7348400433547795e-05,0.1745329201221466,0.0,0.0,0.7811197638511658,0.7811197638511658,0.0,0.0,0.0,0.6981316804885864,0.0,0.0,0.0,0.0,0.0,0.0,0.0,0.0
321,6.42,base_to_front_right_shoulder,3,0.16477985680103302,1.733319732011296e-05,0.1745329201221466,0.0,0.0,0.7797488570213318,0.7797488570213318,0.0,0.0,0.0,0.6981316804885864,0.0,0.0,0.0,0.0,0.0,0.0,0.0,0.0
322,6.44,base_to_front_right_shoulder,3,0.16479702293872833,8.315583727380726e-06,0.1745329201221466,0.0,0.0,0.7785407900810242,0.7785407900810242,0.0,0.0,0.0,0.6981316804885864,0.0,0.0,0.0,0.0,0.0,0.0,0.0,0.0
323,6.46,base_to_front_right_shoulder,3,0.16477350890636444,1.7335934899165295e-05,0.1745329201221466,0.0,0.0,0.7802721858024597,0.7802721858024597,0.0,0.0,0.0,0.6981316804885864,0.0,0.0,0.0,0.0,0.0,0.0,0.0,0.0
324,6.48,base_to_front_right_shoulder,3,0.1647910177707672,1.730499934637919e-05,0.1745329201221466,0.0,0.0,0.7788662314414978,0.7788662314414978,0.0,0.0,0.0,0.6981316804885864,0.0,0.0,0.0,0.0,0.0,0.0,0.0,0.0
325,6.5,base_to_front_right_shoulder,3,0.16476693749427795,1.7333091818727553e-05,0.1745329201221466,0.0,0.0,0.7807859778404236,0.7807859778404236,0.0,0.0,0.0,0.6981316804885864,0.0,0.0,0.0,0.0,0.0,0.0,0.0,0.0
326,6.5200000000000005,base_to_front_right_shoulder,3,0.16478480398654938,1.7081718397093937e-05,0.1745329201221466,0.0,0.0,0.7793825268745422,0.7793825268745422,0.0,0.0,0.0,0.6981316804885864,0.0,0.0,0.0,0.0,0.0,0.0,0.0,0.0
327,6.54,base_to_front_right_shoulder,3,0.16476155817508698,1.733577846607659e-05,0.1745329201221466,0.0,0.0,0.781233012676239,0.781233012676239,0.0,0.0,0.0,0.6981316804885864,0.0,0.0,0.0,0.0,0.0,0.0,0.0,0.0
328,6.5600000000000005,base_to_front_right_shoulder,3,0.164779394865036,1.733569661155343e-05,0.1745329201221466,0.0,0.0,0.7797989249229431,0.7797989249229431,0.0,0.0,0.0,0.6981316804885864,0.0,0.0,0.0,0.0,0.0,0.0,0.0,0.0
329,6.58,base_to_front_right_shoulder,3,0.1647968739271164,1.586860526003875e-05,0.1745329201221466,0.0,0.0,0.7817038893699646,0.7817038893699646,0.0,0.0,0.0,0.6981316804885864,0.0,0.0,0.0,0.0,0.0,0.0,0.0,0.0
330,6.6000000000000005,base_to_front_right_shoulder,3,0.16477268934249878,1.7337277313345112e-05,0.1745329201221466,0.0,0.0,0.7803234457969666,0.7803234457969666,0.0,0.0,0.0,0.6981316804885864,0.0,0.0,0.0,0.0,0.0,0.0,0.0,0.0
331,6.62,base_to_front_right_shoulder,3,0.1647902876138687,1.7080095858545974e-05,0.1745329201221466,0.0,0.0,0.7789415121078491,0.7789415121078491,0.0,0.0,0.0,0.6981316804885864,0.0,0.0,0.0,0.0,0.0,0.0,0.0,0.0
332,6.640000000000001,base_to_front_right_shoulder,3,0.16476692259311676,1.733108001644723e-05,0.1745329201221466,0.0,0.0,0.7808014750480652,0.7808014750480652,0.0,0.0,0.0,0.6981316804885864,0.0,0.0,0.0,0.0,0.0,0.0,0.0,0.0
333,6.66,base_to_front_right_shoulder,3,0.1647845208644867,1.7321750419796444e-05,0.1745329201221466,0.0,0.0,0.7793876528739929,0.7793876528739929,0.0,0.0,0.0,0.6981316804885864,0.0,0.0,0.0,0.0,0.0,0.0,0.0,0.0
334,6.68,base_to_front_right_shoulder,3,0.1647605448961258,1.734878242132254e-05,0.1745329201221466,0.0,0.0,0.7812997698783875,0.7812997698783875,0.0,0.0,0.0,0.6981316804885864,0.0,0.0,0.0,0.0,0.0,0.0,0.0,0.0
335,6.7,base_to_front_right_shoulder,3,0.1647776961326599,1.7352380382362753e-05,0.1745329201221466,0.0,0.0,0.7799217104911804,0.7799217104911804,0.0,0.0,0.0,0.6981316804885864,0.0,0.0,0.0,0.0,0.0,0.0,0.0,0.0
336,6.72,base_to_front_right_shoulder,3,0.1647949516773224,8.325971975864377e-06,0.1745329201221466,0.0,0.0,0.7787063717842102,0.7787063717842102,0.0,0.0,0.0,0.6981316804885864,0.0,0.0,0.0,0.0,0.0,0.0,0.0,0.0
337,6.74,base_to_front_right_shoulder,3,0.16477146744728088,1.7355021554976702e-05,0.1745329201221466,0.0,0.0,0.7804354429244995,0.7804354429244995,0.0,0.0,0.0,0.6981316804885864,0.0,0.0,0.0,0.0,0.0,0.0,0.0,0.0
338,6.76,base_to_front_right_shoulder,3,0.16478906571865082,1.7289832612732425e-05,0.1745329201221466,0.0,0.0,0.7790223956108093,0.7790223956108093,0.0,0.0,0.0,0.6981316804885864,0.0,0.0,0.0,0.0,0.0,0.0,0.0,0.0
339,6.78,base_to_front_right_shoulder,3,0.16476500034332275,1.7352011127513833e-05,0.1745329201221466,0.0,0.0,0.7809409499168396,0.7809409499168396,0.0,0.0,0.0,0.6981316804885864,0.0,0.0,0.0,0.0,0.0,0.0,0.0,0.0
340,6.8,base_to_front_right_shoulder,3,0.1647830605506897,1.7323709471384063e-05,0.1745329201221466,0.0,0.0,0.7795189023017883,0.7795189023017883,0.0,0.0,0.0,0.6981316804885864,0.0,0.0,0.0,0.0,0.0,0.0,0.0,0.0
341,6.82,base_to_front_right_shoulder,3,0.1647598296403885,1.735103978717234e-05,0.1745329201221466,0.0,0.0,0.7813712954521179,0.7813712954521179,0.0,0.0,0.0,0.6981316804885864,0.0,0.0,0.0,0.0,0.0,0.0,0.0,0.0
342,6.84,base_to_front_right_shoulder,3,0.16477753221988678,1.7336607925244607e-05,0.1745329201221466,0.0,0.0,0.7799491286277771,0.7799491286277771,0.0,0.0,0.0,0.6981316804885864,0.0,0.0,0.0,0.0,0.0,0.0,0.0,0.0
343,6.86,base_to_front_right_shoulder,3,0.16479507088661194,1.5885665561654605e-05,0.1745329201221466,0.0,0.0,0.7818529009819031,0.7818529009819031,0.0,0.0,0.0,0.6981316804885864,0.0,0.0,0.0,0.0,0.0,0.0,0.0,0.0
344,6.88,base_to_front_right_shoulder,3,0.16477090120315552,1.7334466974716634e-05,0.1745329201221466,0.0,0.0,0.780467689037323,0.780467689037323,0.0,0.0,0.0,0.6981316804885864,0.0,0.0,0.0,0.0,0.0,0.0,0.0,0.0
345,6.9,base_to_front_right_shoulder,3,0.16478855907917023,1.708064337435644e-05,0.1745329201221466,0.0,0.0,0.7790809869766235,0.7790809869766235,0.0,0.0,0.0,0.6981316804885864,0.0,0.0,0.0,0.0,0.0,0.0,0.0,0.0
346,6.92,base_to_front_right_shoulder,3,0.16476522386074066,1.7351130736642517e-05,0.1745329201221466,0.0,0.0,0.7809373736381531,0.7809373736381531,0.0,0.0,0.0,0.6981316804885864,0.0,0.0,0.0,0.0,0.0,0.0,0.0,0.0
347,6.94,base_to_front_right_shoulder,3,0.16478288173675537,1.7326918168691918e-05,0.1745329201221466,0.0,0.0,0.7795187830924988,0.7795187830924988,0.0,0.0,0.0,0.6981316804885864,0.0,0.0,0.0,0.0,0.0,0.0,0.0,0.0
348,6.96,base_to_front_right_shoulder,3,0.16480016708374023,1.5888430425547995e-05,0.1745329201221466,0.0,0.0,0.7814309000968933,0.7814309000968933,0.0,0.0,0.0,0.6981316804885864,0.0,0.0,0.0,0.0,0.0,0.0,0.0,0.0
349,6.98,base_to_front_right_shoulder,3,0.16477590799331665,1.7333155483356677e-05,0.1745329201221466,0.0,0.0,0.7800647616386414,0.7800647616386414,0.0,0.0,0.0,0.6981316804885864,0.0,0.0,0.0,0.0,0.0,0.0,0.0,0.0
350,7.0,base_to_front_right_shoulder,3,0.1647932380437851,8.322850590047892e-06,0.1745329201221466,0.0,0.0,0.7788434624671936,0.7788434624671936,0.0,0.0,0.0,0.6981316804885864,0.0,0.0,0.0,0.0,0.0,0.0,0.0,0.0
351,7.0200000000000005,base_to_front_right_shoulder,3,0.16476976871490479,1.7336309610982426e-05,0.1745329201221466,0.0,0.0,0.7805714011192322,0.7805714011192322,0.0,0.0,0.0,0.6981316804885864,0.0,0.0,0.0,0.0,0.0,0.0,0.0,0.0
352,7.04,base_to_front_right_shoulder,3,0.1647874265909195,1.729160976537969e-05,0.1745329201221466,0.0,0.0,0.7791535258293152,0.7791535258293152,0.0,0.0,0.0,0.6981316804885864,0.0,0.0,0.0,0.0,0.0,0.0,0.0,0.0
353,7.0600000000000005,base_to_front_right_shoulder,3,0.16476337611675262,1.7352182112517767e-05,0.1745329201221466,0.0,0.0,0.7810720801353455,0.7810720801353455,0.0,0.0,0.0,0.6981316804885864,0.0,0.0,0.0,0.0,0.0,0.0,0.0,0.0
354,7.08,base_to_front_right_shoulder,3,0.164780393242836,1.7341315469820984e-05,0.1745329201221466,0.0,0.0,0.779704749584198,0.779704749584198,0.0,0.0,0.0,0.6981316804885864,0.0,0.0,0.0,0.0,0.0,0.0,0.0,0.0
355,7.1000000000000005,base_to_front_right_shoulder,3,0.16479751467704773,8.29381406219909e-06,0.1745329201221466,0.0,0.0,0.7785005569458008,0.7785005569458008,0.0,0.0,0.0,0.6981316804885864,0.0,0.0,0.0,0.0,0.0,0.0,0.0,0.0
356,7.12,base_to_front_right_shoulder,3,0.16477397084236145,1.7331652998109348e-05,0.1745329201221466,0.0,0.0,0.7802340388298035,0.7802340388298035,0.0,0.0,0.0,0.6981316804885864,0.0,0.0,0.0,0.0,0.0,0.0,0.0,0.0
357,7.140000000000001,base_to_front_right_shoulder,3,0.16479143500328064,1.7290427422267385e-05,0.1745329201221466,0.0,0.0,0.7788316607475281,0.7788316607475281,0.0,0.0,0.0,0.6981316804885864,0.0,0.0,0.0,0.0,0.0,0.0,0.0,0.0
358,7.16,base_to_front_right_shoulder,3,0.1647672951221466,1.7344962543575093e-05,0.1745329201221466,0.0,0.0,0.7807561755180359,0.7807561755180359,0.0,0.0,0.0,0.6981316804885864,0.0,0.0,0.0,0.0,0.0,0.0,0.0,0.0
359,7.18,base_to_front_right_shoulder,3,0.1647852510213852,1.7327813111478463e-05,0.1745329201221466,0.0,0.0,0.7793424725532532,0.7793424725532532,0.0,0.0,0.0,0.6981316804885864,0.0,0.0,0.0,0.0,0.0,0.0,0.0,0.0
360,7.2,base_to_front_right_shoulder,3,0.16476194560527802,1.733636781864334e-05,0.1745329201221466,0.0,0.0,0.7811996340751648,0.7811996340751648,0.0,0.0,0.0,0.6981316804885864,0.0,0.0,0.0,0.0,0.0,0.0,0.0,0.0
361,7.22,base_to_front_right_shoulder,3,0.16477973759174347,1.735033765726257e-05,0.1745329201221466,0.0,0.0,0.7797703146934509,0.7797703146934509,0.0,0.0,0.0,0.6981316804885864,0.0,0.0,0.0,0.0,0.0,0.0,0.0,0.0
362,7.24,base_to_front_right_shoulder,3,0.16479715704917908,1.586998587299604e-05,0.1745329201221466,0.0,0.0,0.7816800475120544,0.7816800475120544,0.0,0.0,0.0,0.6981316804885864,0.0,0.0,0.0,0.0,0.0,0.0,0.0,0.0
363,7.26,base_to_front_right_shoulder,3,0.16477292776107788,1.7324438886134885e-05,0.1745329201221466,0.0,0.0,0.7803043723106384,0.7803043723106384,0.0,0.0,0.0,0.6981316804885864,0.0,0.0,0.0,0.0,0.0,0.0,0.0,0.0
364,7.28,base_to_front_right_shoulder,3,0.16479049623012543,1.709379102976527e-05,0.1745329201221466,0.0,0.0,0.778924822807312,0.778924822807312,0.0,0.0,0.0,0.6981316804885864,0.0,0.0,0.0,0.0,0.0,0.0,0.0,0.0
365,7.3,base_to_front_right_shoulder,3,0.1647670716047287,1.732881719362922e-05,0.1745329201221466,0.0,0.0,0.7807883620262146,0.7807883620262146,0.0,0.0,0.0,0.6981316804885864,0.0,0.0,0.0,0.0,0.0,0.0,0.0,0.0
366,7.32,base_to_front_right_shoulder,3,0.16478462517261505,1.7336213204544038e-05,0.1745329201221466,0.0,0.0,0.7793781161308289,0.7793781161308289,0.0,0.0,0.0,0.6981316804885864,0.0,0.0,0.0,0.0,0.0,0.0,0.0,0.0
367,7.34,base_to_front_right_shoulder,3,0.16476058959960938,1.7352273061987944e-05,0.1745329201221466,0.0,0.0,0.7812950015068054,0.7812950015068054,0.0,0.0,0.0,0.6981316804885864,0.0,0.0,0.0,0.0,0.0,0.0,0.0,0.0
368,7.36,base_to_front_right_shoulder,3,0.1647776961326599,1.7353400835418142e-05,0.1745329201221466,0.0,0.0,0.7799205183982849,0.7799205183982849,0.0,0.0,0.0,0.6981316804885864,0.0,0.0,0.0,0.0,0.0,0.0,0.0,0.0
369,7.38,base_to_front_right_shoulder,3,0.164794921875,8.32288060337305e-06,0.1745329201221466,0.0,0.0,0.7787079215049744,0.7787079215049744,0.0,0.0,0.0,0.6981316804885864,0.0,0.0,0.0,0.0,0.0,0.0,0.0,0.0
370,7.4,base_to_front_right_shoulder,3,0.16477139294147491,1.7350723283016123e-05,0.1745329201221466,0.0,0.0,0.7804402112960815,0.7804402112960815,0.0,0.0,0.0,0.6981316804885864,0.0,0.0,0.0,0.0,0.0,0.0,0.0,0.0
371,7.42,base_to_front_right_shoulder,3,0.16478894650936127,1.7286565707763657e-05,0.1745329201221466,0.0,0.0,0.7790307402610779,0.7790307402610779,0.0,0.0,0.0,0.6981316804885864,0.0,0.0,0.0,0.0,0.0,0.0,0.0,0.0
372,7.44,base_to_front_right_shoulder,3,0.16476483643054962,1.735267142066732e-05,0.1745329201221466,0.0,0.0,0.7809540629386902,0.7809540629386902,0.0,0.0,0.0,0.6981316804885864,0.0,0.0,0.0,0.0,0.0,0.0,0.0,0.0
373,7.46,base_to_front_right_shoulder,3,0.16478289663791656,1.732789314701222e-05,0.1745329201221466,0.0,0.0,0.7795320153236389,0.7795320153236389,0.0,0.0,0.0,0.6981316804885864,0.0,0.0,0.0,0.0,0.0,0.0,0.0,0.0
374,7.48,base_to_front_right_shoulder,3,0.16475960612297058,1.7335063603240997e-05,0.1745329201221466,0.0,0.0,0.781387984752655,0.781387984752655,0.0,0.0,0.0,0.6981316804885864,0.0,0.0,0.0,0.0,0.0,0.0,0.0,0.0
375,7.5,base_to_front_right_shoulder,3,0.16477727890014648,1.7351339920423925e-05,0.1745329201221466,0.0,0.0,0.7799682021141052,0.7799682021141052,0.0,0.0,0.0,0.6981316804885864,0.0,0.0,0.0,0.0,0.0,0.0,0.0,0.0
376,7.5200000000000005,base_to_front_right_shoulder,3,0.16479478776454926,1.588210761838127e-05,0.1745329201221466,0.0,0.0,0.7818755507469177,0.7818755507469177,0.0,0.0,0.0,0.6981316804885864,0.0,0.0,0.0,0.0,0.0,0.0,0.0,0.0
377,7.54,base_to_front_right_shoulder,3,0.16477057337760925,1.7337668396066874e-05,0.1745329201221466,0.0,0.0,0.7804926633834839,0.7804926633834839,0.0,0.0,0.0,0.6981316804885864,0.0,0.0,0.0,0.0,0.0,0.0,0.0,0.0
378,7.5600000000000005,base_to_front_right_shoulder,3,0.16478823125362396,1.708963463897817e-05,0.1745329201221466,0.0,0.0,0.7791060209274292,0.7791060209274292,0.0,0.0,0.0,0.6981316804885864,0.0,0.0,0.0,0.0,0.0,0.0,0.0,0.0
379,7.58,base_to_front_right_shoulder,3,0.16476483643054962,1.733751741994638e-05,0.1745329201221466,0.0,0.0,0.7809671759605408,0.7809671759605408,0.0,0.0,0.0,0.6981316804885864,0.0,0.0,0.0,0.0,0.0,0.0,0.0,0.0
380,7.6000000000000005,base_to_front_right_shoulder,3,0.16478246450424194,1.7334266885882244e-05,0.1745329201221466,0.0,0.0,0.7795509696006775,0.7795509696006775,0.0,0.0,0.0,0.6981316804885864,0.0,0.0,0.0,0.0,0.0,0.0,0.0,0.0
381,7.62,base_to_front_right_shoulder,3,0.1647997498512268,1.5888701454969123e-05,0.1745329201221466,0.0,0.0,0.781465470790863,0.781465470790863,0.0,0.0,0.0,0.6981316804885864,0.0,0.0,0.0,0.0,0.0,0.0,0.0,0.0
382,7.640000000000001,base_to_front_right_shoulder,3,0.16477544605731964,1.733817407512106e-05,0.1745329201221466,0.0,0.0,0.7801005244255066,0.7801005244255066,0.0,0.0,0.0,0.6981316804885864,0.0,0.0,0.0,0.0,0.0,0.0,0.0,0.0
383,7.66,base_to_front_right_shoulder,3,0.1647927612066269,8.30869066703599e-06,0.1745329201221466,0.0,0.0,0.778881847858429,0.778881847858429,0.0,0.0,0.0,0.6981316804885864,0.0,0.0,0.0,0.0,0.0,0.0,0.0,0.0
384,7.68,base_to_front_right_shoulder,3,0.164769247174263,1.7346526874462143e-05,0.1745329201221466,0.0,0.0,0.7806130647659302,0.7806130647659302,0.0,0.0,0.0,0.6981316804885864,0.0,0.0,0.0,0.0,0.0,0.0,0.0,0.0
385,7.7,base_to_front_right_shoulder,3,0.1647869050502777,1.7286465663346462e-05,0.1745329201221466,0.0,0.0,0.779195249080658,0.779195249080658,0.0,0.0,0.0,0.6981316804885864,0.0,0.0,0.0,0.0,0.0,0.0,0.0,0.0
386,7.72,base_to_front_right_shoulder,3,0.16476280987262726,1.7334410586045124e-05,0.1745329201221466,0.0,0.0,0.7811161875724792,0.7811161875724792,0.0,0.0,0.0,0.6981316804885864,0.0,0.0,0.0,0.0,0.0,0.0,0.0,0.0
387,7.74,base_to_front_right_shoulder,3,0.16478094458580017,1.7342501450912096e-05,0.1745329201221466,0.0,0.0,0.7796881794929504,0.7796881794929504,0.0,0.0,0.0,0.6981316804885864,0.0,0.0,0.0,0.0,0.0,0.0,0.0,0.0
388,7.76,base_to_front_right_shoulder,3,0.16475768387317657,1.733534736558795e-05,0.1745329201221466,0.0,0.0,0.7815428972244263,0.7815428972244263,0.0,0.0,0.0,0.6981316804885864,0.0,0.0,0.0,0.0,0.0,0.0,0.0,0.0
389,7.78,base_to_front_right_shoulder,3,0.16477543115615845,1.7336613382212818e-05,0.1745329201221466,0.0,0.0,0.7801160216331482,0.7801160216331482,0.0,0.0,0.0,0.6981316804885864,0.0,0.0,0.0,0.0,0.0,0.0,0.0,0.0
390,7.8,base_to_front_right_shoulder,3,0.16479280591011047,1.7291149561060593e-05,0.1745329201221466,0.0,0.0,0.7787207961082458,0.7787207961082458,0.0,0.0,0.0,0.6981316804885864,0.0,0.0,0.0,0.0,0.0,0.0,0.0,0.0
391,7.82,base_to_front_right_shoulder,3,0.16476862132549286,1.7341470083920285e-05,0.1745329201221466,0.0,0.0,0.7806488275527954,0.7806488275527954,0.0,0.0,0.0,0.6981316804885864,0.0,0.0,0.0,0.0,0.0,0.0,0.0,0.0
392,7.84,base_to_front_right_shoulder,3,0.16478635370731354,1.7076685253414325e-05,0.1745329201221466,0.0,0.0,0.7792562246322632,0.7792562246322632,0.0,0.0,0.0,0.6981316804885864,0.0,0.0,0.0,0.0,0.0,0.0,0.0,0.0
393,7.86,base_to_front_right_shoulder,3,0.1647629737854004,1.733159297145903e-05,0.1745329201221466,0.0,0.0,0.7811161875724792,0.7811161875724792,0.0,0.0,0.0,0.6981316804885864,0.0,0.0,0.0,0.0,0.0,0.0,0.0,0.0
394,7.88,base_to_front_right_shoulder,3,0.16478069126605988,1.7351036149193533e-05,0.1745329201221466,0.0,0.0,0.7796940207481384,0.7796940207481384,0.0,0.0,0.0,0.6981316804885864,0.0,0.0,0.0,0.0,0.0,0.0,0.0,0.0
395,7.9,base_to_front_right_shoulder,3,0.16479803621768951,1.5885014363448136e-05,0.1745329201221466,0.0,0.0,0.7816072702407837,0.7816072702407837,0.0,0.0,0.0,0.6981316804885864,0.0,0.0,0.0,0.0,0.0,0.0,0.0,0.0
396,7.92,base_to_front_right_shoulder,3,0.16477374732494354,1.7334237782051787e-05,0.1745329201221466,0.0,0.0,0.78023761510849,0.78023761510849,0.0,0.0,0.0,0.6981316804885864,0.0,0.0,0.0,0.0,0.0,0.0,0.0,0.0
397,7.94,base_to_front_right_shoulder,3,0.16479124128818512,1.709487332846038e-05,0.1745329201221466,0.0,0.0,0.7788640260696411,0.7788640260696411,0.0,0.0,0.0,0.6981316804885864,0.0,0.0,0.0,0.0,0.0,0.0,0.0,0.0
398,7.96,base_to_front_right_shoulder,3,0.16476775705814362,1.732088639982976e-05,0.1745329201221466,0.0,0.0,0.7807323336601257,0.7807323336601257,0.0,0.0,0.0,0.6981316804885864,0.0,0.0,0.0,0.0,0.0,0.0,0.0,0.0
399,7.98,base_to_front_right_shoulder,3,0.1647852510213852,1.7336220480501652e-05,0.1745329201221466,0.0,0.0,0.779326856136322,0.779326856136322,0.0,0.0,0.0,0.6981316804885864,0.0,0.0,0.0,0.0,0.0,0.0,0.0,0.0
400,8.0,base_to_front_right_shoulder,3,0.16476117074489594,1.7322116036666557e-05,0.1745329201221466,0.0,0.0,0.7812473177909851,0.7812473177909851,0.0,0.0,0.0,0.6981316804885864,0.0,0.0,0.0,0.0,0.0,0.0,0.0,0.0
401,8.02,base_to_front_right_shoulder,3,0.16477936506271362,1.7328266039839946e-05,0.1745329201221466,0.0,0.0,0.7798145413398743,0.7798145413398743,0.0,0.0,0.0,0.6981316804885864,0.0,0.0,0.0,0.0,0.0,0.0,0.0,0.0
402,8.040000000000001,base_to_front_right_shoulder,3,0.16475611925125122,1.7340116755804047e-05,0.1745329201221466,0.0,0.0,0.7816681265830994,0.7816681265830994,0.0,0.0,0.0,0.6981316804885864,0.0,0.0,0.0,0.0,0.0,0.0,0.0,0.0
403,8.06,base_to_front_right_shoulder,3,0.16477392613887787,1.7332919014734216e-05,0.1745329201221466,0.0,0.0,0.7802364230155945,0.7802364230155945,0.0,0.0,0.0,0.6981316804885864,0.0,0.0,0.0,0.0,0.0,0.0,0.0,0.0
404,8.08,base_to_front_right_shoulder,3,0.16479136049747467,1.7276321159442887e-05,0.1745329201221466,0.0,0.0,0.7788364291191101,0.7788364291191101,0.0,0.0,0.0,0.6981316804885864,0.0,0.0,0.0,0.0,0.0,0.0,0.0,0.0
405,8.1,base_to_front_right_shoulder,3,0.16476717591285706,1.7343594663543627e-05,0.1745329201221466,0.0,0.0,0.7807645201683044,0.7807645201683044,0.0,0.0,0.0,0.6981316804885864,0.0,0.0,0.0,0.0,0.0,0.0,0.0,0.0
406,8.120000000000001,base_to_front_right_shoulder,3,0.16478510200977325,1.7312921045231633e-05,0.1745329201221466,0.0,0.0,0.7793543934822083,0.7793543934822083,0.0,0.0,0.0,0.6981316804885864,0.0,0.0,0.0,0.0,0.0,0.0,0.0,0.0
407,8.14,base_to_front_right_shoulder,3,0.1647617369890213,1.7321575796813704e-05,0.1745329201221466,0.0,0.0,0.7812163233757019,0.7812163233757019,0.0,0.0,0.0,0.6981316804885864,0.0,0.0,0.0,0.0,0.0,0.0,0.0,0.0
408,8.16,base_to_front_right_shoulder,3,0.16477949917316437,1.7331589333480224e-05,0.1745329201221466,0.0,0.0,0.779789388179779,0.779789388179779,0.0,0.0,0.0,0.6981316804885864,0.0,0.0,0.0,0.0,0.0,0.0,0.0,0.0
409,8.18,base_to_front_right_shoulder,3,0.1647968888282776,1.5887944755377248e-05,0.1745329201221466,0.0,0.0,0.7817026972770691,0.7817026972770691,0.0,0.0,0.0,0.6981316804885864,0.0,0.0,0.0,0.0,0.0,0.0,0.0,0.0
410,8.2,base_to_front_right_shoulder,3,0.1647726148366928,1.7337315512122586e-05,0.1745329201221466,0.0,0.0,0.7803282141685486,0.7803282141685486,0.0,0.0,0.0,0.6981316804885864,0.0,0.0,0.0,0.0,0.0,0.0,0.0,0.0
411,8.22,base_to_front_right_shoulder,3,0.16479015350341797,1.7079773897421546e-05,0.1745329201221466,0.0,0.0,0.7789510488510132,0.7789510488510132,0.0,0.0,0.0,0.6981316804885864,0.0,0.0,0.0,0.0,0.0,0.0,0.0,0.0
412,8.24,base_to_front_right_shoulder,3,0.16476668417453766,1.734379657136742e-05,0.1745329201221466,0.0,0.0,0.7808181643486023,0.7808181643486023,0.0,0.0,0.0,0.6981316804885864,0.0,0.0,0.0,0.0,0.0,0.0,0.0,0.0
413,8.26,base_to_front_right_shoulder,3,0.16478420794010162,1.7349580957670696e-05,0.1745329201221466,0.0,0.0,0.7794103026390076,0.7794103026390076,0.0,0.0,0.0,0.6981316804885864,0.0,0.0,0.0,0.0,0.0,0.0,0.0,0.0
414,8.28,base_to_front_right_shoulder,3,0.16480138897895813,1.5905421605566517e-05,0.1745329201221466,0.0,0.0,0.7813295722007751,0.7813295722007751,0.0,0.0,0.0,0.6981316804885864,0.0,0.0,0.0,0.0,0.0,0.0,0.0,0.0
415,8.3,base_to_front_right_shoulder,3,0.1647770255804062,1.7352687791571952e-05,0.1745329201221466,0.0,0.0,0.7799729704856873,0.7799729704856873,0.0,0.0,0.0,0.6981316804885864,0.0,0.0,0.0,0.0,0.0,0.0,0.0,0.0
416,8.32,base_to_front_right_shoulder,3,0.16479425132274628,8.28914107842138e-06,0.1745329201221466,0.0,0.0,0.7787618041038513,0.7787618041038513,0.0,0.0,0.0,0.6981316804885864,0.0,0.0,0.0,0.0,0.0,0.0,0.0,0.0
417,8.34,base_to_front_right_shoulder,3,0.1647706776857376,1.7325484805041924e-05,0.1745329201221466,0.0,0.0,0.7804974913597107,0.7804974913597107,0.0,0.0,0.0,0.6981316804885864,0.0,0.0,0.0,0.0,0.0,0.0,0.0,0.0
418,8.36,base_to_front_right_shoulder,3,0.16478824615478516,1.730549593048636e-05,0.1745329201221466,0.0,0.0,0.7790867686271667,0.7790867686271667,0.0,0.0,0.0,0.6981316804885864,0.0,0.0,0.0,0.0,0.0,0.0,0.0,0.0
419,8.38,base_to_front_right_shoulder,3,0.16476409137248993,1.7353400835418142e-05,0.1745329201221466,0.0,0.0,0.7810124754905701,0.7810124754905701,0.0,0.0,0.0,0.6981316804885864,0.0,0.0,0.0,0.0,0.0,0.0,0.0,0.0
420,8.4,base_to_front_right_shoulder,3,0.16478213667869568,1.7316702724201605e-05,0.1745329201221466,0.0,0.0,0.7795916199684143,0.7795916199684143,0.0,0.0,0.0,0.6981316804885864,0.0,0.0,0.0,0.0,0.0,0.0,0.0,0.0
421,8.42,base_to_front_right_shoulder,3,0.1647588014602661,1.735157275106758e-05,0.1745329201221466,0.0,0.0,0.7814511656761169,0.7814511656761169,0.0,0.0,0.0,0.6981316804885864,0.0,0.0,0.0,0.0,0.0,0.0,0.0,0.0
422,8.44,base_to_front_right_shoulder,3,0.16477647423744202,1.7346777894999832e-05,0.1745329201221466,0.0,0.0,0.7800313830375671,0.7800313830375671,0.0,0.0,0.0,0.6981316804885864,0.0,0.0,0.0,0.0,0.0,0.0,0.0,0.0
423,8.46,base_to_front_right_shoulder,3,0.16479377448558807,1.7287738955928944e-05,0.1745329201221466,0.0,0.0,0.7786421179771423,0.7786421179771423,0.0,0.0,0.0,0.6981316804885864,0.0,0.0,0.0,0.0,0.0,0.0,0.0,0.0
424,8.48,base_to_front_right_shoulder,3,0.16476953029632568,1.7323080101050436e-05,0.1745329201221466,0.0,0.0,0.7805749773979187,0.7805749773979187,0.0,0.0,0.0,0.6981316804885864,0.0,0.0,0.0,0.0,0.0,0.0,0.0,0.0
425,8.5,base_to_front_right_shoulder,3,0.1647871881723404,1.7074587958632037e-05,0.1745329201221466,0.0,0.0,0.7791882753372192,0.7791882753372192,0.0,0.0,0.0,0.6981316804885864,0.0,0.0,0.0,0.0,0.0,0.0,0.0,0.0
426,8.52,base_to_front_right_shoulder,3,0.16476376354694366,1.733627141220495e-05,0.1745329201221466,0.0,0.0,0.7810529470443726,0.7810529470443726,0.0,0.0,0.0,0.6981316804885864,0.0,0.0,0.0,0.0,0.0,0.0,0.0,0.0
427,8.540000000000001,base_to_front_right_shoulder,3,0.16478142142295837,1.7334446965833195e-05,0.1745329201221466,0.0,0.0,0.779634416103363,0.779634416103363,0.0,0.0,0.0,0.6981316804885864,0.0,0.0,0.0,0.0,0.0,0.0,0.0,0.0
428,8.56,base_to_front_right_shoulder,3,0.16479870676994324,1.587335646036081e-05,0.1745329201221466,0.0,0.0,0.7815524339675903,0.7815524339675903,0.0,0.0,0.0,0.6981316804885864,0.0,0.0,0.0,0.0,0.0,0.0,0.0,0.0
429,8.58,base_to_front_right_shoulder,3,0.1647743582725525,1.7333302821498364e-05,0.1745329201221466,0.0,0.0,0.7801874876022339,0.7801874876022339,0.0,0.0,0.0,0.6981316804885864,0.0,0.0,0.0,0.0,0.0,0.0,0.0,0.0
430,8.6,base_to_front_right_shoulder,3,0.16479180753231049,1.7078198652598076e-05,0.1745329201221466,0.0,0.0,0.7788175344467163,0.7788175344467163,0.0,0.0,0.0,0.6981316804885864,0.0,0.0,0.0,0.0,0.0,0.0,0.0,0.0
431,8.620000000000001,base_to_front_right_shoulder,3,0.1647682636976242,1.7337344615953043e-05,0.1745329201221466,0.0,0.0,0.780690610408783,0.780690610408783,0.0,0.0,0.0,0.6981316804885864,0.0,0.0,0.0,0.0,0.0,0.0,0.0,0.0
432,8.64,base_to_front_right_shoulder,3,0.164785698056221,1.7335314623778686e-05,0.1745329201221466,0.0,0.0,0.7792899012565613,0.7792899012565613,0.0,0.0,0.0,0.6981316804885864,0.0,0.0,0.0,0.0,0.0,0.0,0.0,0.0
433,8.66,base_to_front_right_shoulder,3,0.16476155817508698,1.7337062672595493e-05,0.1745329201221466,0.0,0.0,0.7812151312828064,0.7812151312828064,0.0,0.0,0.0,0.6981316804885864,0.0,0.0,0.0,0.0,0.0,0.0,0.0,0.0
434,8.68,base_to_front_right_shoulder,3,0.16477970778942108,1.732876080495771e-05,0.1745329201221466,0.0,0.0,0.7797859311103821,0.7797859311103821,0.0,0.0,0.0,0.6981316804885864,0.0,0.0,0.0,0.0,0.0,0.0,0.0,0.0
435,8.700000000000001,base_to_front_right_shoulder,3,0.1647564023733139,1.7332147763227113e-05,0.1745329201221466,0.0,0.0,0.7816430926322937,0.7816430926322937,0.0,0.0,0.0,0.6981316804885864,0.0,0.0,0.0,0.0,0.0,0.0,0.0,0.0
436,8.72,base_to_front_right_shoulder,3,0.16477416455745697,1.7332436982542276e-05,0.1745329201221466,0.0,0.0,0.7802161574363708,0.7802161574363708,0.0,0.0,0.0,0.6981316804885864,0.0,0.0,0.0,0.0,0.0,0.0,0.0,0.0
437,8.74,base_to_front_right_shoulder,3,0.164791539311409,1.729138966766186e-05,0.1745329201221466,0.0,0.0,0.7788209319114685,0.7788209319114685,0.0,0.0,0.0,0.6981316804885864,0.0,0.0,0.0,0.0,0.0,0.0,0.0,0.0
438,8.76,base_to_front_right_shoulder,3,0.1647673100233078,1.7337182725896128e-05,0.1745329201221466,0.0,0.0,0.7807537913322449,0.7807537913322449,0.0,0.0,0.0,0.6981316804885864,0.0,0.0,0.0,0.0,0.0,0.0,0.0,0.0
439,8.78,base_to_front_right_shoulder,3,0.16478519141674042,1.7328158719465137e-05,0.1745329201221466,0.0,0.0,0.7793460488319397,0.7793460488319397,0.0,0.0,0.0,0.6981316804885864,0.0,0.0,0.0,0.0,0.0,0.0,0.0,0.0
440,8.8,base_to_front_right_shoulder,3,0.1647617667913437,1.7335580196231604e-05,0.1745329201221466,0.0,0.0,0.7812127470970154,0.7812127470970154,0.0,0.0,0.0,0.6981316804885864,0.0,0.0,0.0,0.0,0.0,0.0,0.0,0.0
441,8.82,base_to_front_right_shoulder,3,0.16477927565574646,1.733714270812925e-05,0.1745329201221466,0.0,0.0,0.7798060774803162,0.7798060774803162,0.0,0.0,0.0,0.6981316804885864,0.0,0.0,0.0,0.0,0.0,0.0,0.0,0.0
442,8.84,base_to_front_right_shoulder,3,0.1647966355085373,1.5882378647802398e-05,0.1745329201221466,0.0,0.0,0.7817229628562927,0.7817229628562927,0.0,0.0,0.0,0.6981316804885864,0.0,0.0,0.0,0.0,0.0,0.0,0.0,0.0
443,8.86,base_to_front_right_shoulder,3,0.16477230191230774,1.7353013390675187e-05,0.1745329201221466,0.0,0.0,0.7803520560264587,0.7803520560264587,0.0,0.0,0.0,0.6981316804885864,0.0,0.0,0.0,0.0,0.0,0.0,0.0,0.0
444,8.88,base_to_front_right_shoulder,3,0.1647898256778717,1.7077541997423396e-05,0.1745329201221466,0.0,0.0,0.7789760828018188,0.7789760828018188,0.0,0.0,0.0,0.6981316804885864,0.0,0.0,0.0,0.0,0.0,0.0,0.0,0.0
445,8.9,base_to_front_right_shoulder,3,0.16476629674434662,1.733750650600996e-05,0.1745329201221466,0.0,0.0,0.78084796667099,0.78084796667099,0.0,0.0,0.0,0.6981316804885864,0.0,0.0,0.0,0.0,0.0,0.0,0.0,0.0
446,8.92,base_to_front_right_shoulder,3,0.1647838056087494,1.7335920347250067e-05,0.1745329201221466,0.0,0.0,0.7794412970542908,0.7794412970542908,0.0,0.0,0.0,0.6981316804885864,0.0,0.0,0.0,0.0,0.0,0.0,0.0,0.0
447,8.94,base_to_front_right_shoulder,3,0.1648009568452835,1.588455961609725e-05,0.1745329201221466,0.0,0.0,0.7813653349876404,0.7813653349876404,0.0,0.0,0.0,0.6981316804885864,0.0,0.0,0.0,0.0,0.0,0.0,0.0,0.0
448,8.96,base_to_front_right_shoulder,3,0.16477654874324799,1.7334652511635795e-05,0.1745329201221466,0.0,0.0,0.7800110578536987,0.7800110578536987,0.0,0.0,0.0,0.6981316804885864,0.0,0.0,0.0,0.0,0.0,0.0,0.0,0.0
449,8.98,base_to_front_right_shoulder,3,0.1647937297821045,8.28309293865459e-06,0.1745329201221466,0.0,0.0,0.7788026332855225,0.7788026332855225,0.0,0.0,0.0,0.6981316804885864,0.0,0.0,0.0,0.0,0.0,0.0,0.0,0.0
450,9.0,base_to_front_right_shoulder,3,0.16477011144161224,1.7336513337795623e-05,0.1745329201221466,0.0,0.0,0.7805415987968445,0.7805415987968445,0.0,0.0,0.0,0.6981316804885864,0.0,0.0,0.0,0.0,0.0,0.0,0.0,0.0
451,9.02,base_to_front_right_shoulder,3,0.1647876650094986,1.729069663269911e-05,0.1745329201221466,0.0,0.0,0.779132068157196,0.779132068157196,0.0,0.0,0.0,0.6981316804885864,0.0,0.0,0.0,0.0,0.0,0.0,0.0,0.0
452,9.040000000000001,base_to_front_right_shoulder,3,0.1647634655237198,1.735297337290831e-05,0.1745329201221466,0.0,0.0,0.7810613512992859,0.7810613512992859,0.0,0.0,0.0,0.6981316804885864,0.0,0.0,0.0,0.0,0.0,0.0,0.0,0.0
453,9.06,base_to_front_right_shoulder,3,0.16478148102760315,1.734286706778221e-05,0.1745329201221466,0.0,0.0,0.7796428799629211,0.7796428799629211,0.0,0.0,0.0,0.6981316804885864,0.0,0.0,0.0,0.0,0.0,0.0,0.0,0.0
454,9.08,base_to_front_right_shoulder,3,0.16475810110569,1.7336704331682995e-05,0.1745329201221466,0.0,0.0,0.7815060019493103,0.7815060019493103,0.0,0.0,0.0,0.6981316804885864,0.0,0.0,0.0,0.0,0.0,0.0,0.0,0.0
455,9.1,base_to_front_right_shoulder,3,0.1647757589817047,1.7321059203823097e-05,0.1745329201221466,0.0,0.0,0.780087411403656,0.780087411403656,0.0,0.0,0.0,0.6981316804885864,0.0,0.0,0.0,0.0,0.0,0.0,0.0,0.0
456,9.120000000000001,base_to_front_right_shoulder,3,0.16479304432868958,1.7291929907514714e-05,0.1745329201221466,0.0,0.0,0.7786993384361267,0.7786993384361267,0.0,0.0,0.0,0.6981316804885864,0.0,0.0,0.0,0.0,0.0,0.0,0.0,0.0
457,9.14,base_to_front_right_shoulder,3,0.1647687554359436,1.7337464669253677e-05,0.1745329201221466,0.0,0.0,0.7806369066238403,0.7806369066238403,0.0,0.0,0.0,0.6981316804885864,0.0,0.0,0.0,0.0,0.0,0.0,0.0,0.0
458,9.16,base_to_front_right_shoulder,3,0.16478639841079712,1.7078751625376754e-05,0.1745329201221466,0.0,0.0,0.7792514562606812,0.7792514562606812,0.0,0.0,0.0,0.6981316804885864,0.0,0.0,0.0,0.0,0.0,0.0,0.0,0.0
459,9.18,base_to_front_right_shoulder,3,0.16476291418075562,1.733177668938879e-05,0.1745329201221466,0.0,0.0,0.7811197638511658,0.7811197638511658,0.0,0.0,0.0,0.6981316804885864,0.0,0.0,0.0,0.0,0.0,0.0,0.0,0.0
460,9.200000000000001,base_to_front_right_shoulder,3,0.16478057205677032,1.7349826521240175e-05,0.1745329201221466,0.0,0.0,0.7797011733055115,0.7797011733055115,0.0,0.0,0.0,0.6981316804885864,0.0,0.0,0.0,0.0,0.0,0.0,0.0,0.0
461,9.22,base_to_front_right_shoulder,3,0.1647978574037552,1.5882233128650114e-05,0.1745329201221466,0.0,0.0,0.7816216349601746,0.7816216349601746,0.0,0.0,0.0,0.6981316804885864,0.0,0.0,0.0,0.0,0.0,0.0,0.0,0.0
462,9.24,base_to_front_right_shoulder,3,0.16477347910404205,1.7323874999419786e-05,0.1745329201221466,0.0,0.0,0.7802566885948181,0.7802566885948181,0.0,0.0,0.0,0.6981316804885864,0.0,0.0,0.0,0.0,0.0,0.0,0.0,0.0
463,9.26,base_to_front_right_shoulder,3,0.16479092836380005,1.7078638848033734e-05,0.1745329201221466,0.0,0.0,0.7788866758346558,0.7788866758346558,0.0,0.0,0.0,0.6981316804885864,0.0,0.0,0.0,0.0,0.0,0.0,0.0,0.0
464,9.28,base_to_front_right_shoulder,3,0.16476735472679138,1.7347329048789106e-05,0.1745329201221466,0.0,0.0,0.7807633280754089,0.7807633280754089,0.0,0.0,0.0,0.6981316804885864,0.0,0.0,0.0,0.0,0.0,0.0,0.0,0.0
465,9.3,base_to_front_right_shoulder,3,0.16478480398654938,1.7338767065666616e-05,0.1745329201221466,0.0,0.0,0.7793614268302917,0.7793614268302917,0.0,0.0,0.0,0.6981316804885864,0.0,0.0,0.0,0.0,0.0,0.0,0.0,0.0
466,9.32,base_to_front_right_shoulder,3,0.1648021638393402,-0.00029472814640030265,0.1745329201221466,0.0,0.0,0.7812889814376831,0.7812889814376831,0.0,0.0,0.0,0.6981316804885864,0.0,0.0,0.0,0.0,0.0,0.0,0.0,0.0
467,9.34,base_to_front_right_shoulder,3,0.164778932929039,1.733416320348624e-05,0.1745329201221466,0.0,0.0,0.7798478007316589,0.7798478007316589,0.0,0.0,0.0,0.6981316804885864,0.0,0.0,0.0,0.0,0.0,0.0,0.0,0.0
468,9.36,base_to_front_right_shoulder,3,0.16475556790828705,1.733786120894365e-05,0.1745329201221466,0.0,0.0,0.7817098498344421,0.7817098498344421,0.0,0.0,0.0,0.6981316804885864,0.0,0.0,0.0,0.0,0.0,0.0,0.0,0.0
469,9.38,base_to_front_right_shoulder,3,0.16477333009243011,1.7337251847493462e-05,0.1745329201221466,0.0,0.0,0.7802829146385193,0.7802829146385193,0.0,0.0,0.0,0.6981316804885864,0.0,0.0,0.0,0.0,0.0,0.0,0.0,0.0
470,9.4,base_to_front_right_shoulder,3,0.16479071974754333,1.729088216961827e-05,0.1745329201221466,0.0,0.0,0.7788864970207214,0.7788864970207214,0.0,0.0,0.0,0.6981316804885864,0.0,0.0,0.0,0.0,0.0,0.0,0.0,0.0
471,9.42,base_to_front_right_shoulder,3,0.16476644575595856,1.7330547052551992e-05,0.1745329201221466,0.0,0.0,0.7808217406272888,0.7808217406272888,0.0,0.0,0.0,0.6981316804885864,0.0,0.0,0.0,0.0,0.0,0.0,0.0,0.0
472,9.44,base_to_front_right_shoulder,3,0.16478432714939117,1.7327516616205685e-05,0.1745329201221466,0.0,0.0,0.7794139981269836,0.7794139981269836,0.0,0.0,0.0,0.6981316804885864,0.0,0.0,0.0,0.0,0.0,0.0,0.0,0.0
473,9.46,base_to_front_right_shoulder,3,0.16476085782051086,1.73549178725807e-05,0.1745329201221466,0.0,0.0,0.7812842726707458,0.7812842726707458,0.0,0.0,0.0,0.6981316804885864,0.0,0.0,0.0,0.0,0.0,0.0,0.0,0.0
474,9.48,base_to_front_right_shoulder,3,0.16477838158607483,1.7336156815872528e-05,0.1745329201221466,0.0,0.0,0.7798764109611511,0.7798764109611511,0.0,0.0,0.0,0.6981316804885864,0.0,0.0,0.0,0.0,0.0,0.0,0.0,0.0
475,9.5,base_to_front_right_shoulder,3,0.16479575634002686,1.5883331798249856e-05,0.1745329201221466,0.0,0.0,0.7817956805229187,0.7817956805229187,0.0,0.0,0.0,0.6981316804885864,0.0,0.0,0.0,0.0,0.0,0.0,0.0,0.0
476,9.52,base_to_front_right_shoulder,3,0.16477139294147491,1.7337226381641813e-05,0.1745329201221466,0.0,0.0,0.7804235219955444,0.7804235219955444,0.0,0.0,0.0,0.6981316804885864,0.0,0.0,0.0,0.0,0.0,0.0,0.0,0.0
477,9.540000000000001,base_to_front_right_shoulder,3,0.16478891670703888,1.7078466044040397e-05,0.1745329201221466,0.0,0.0,0.7790488004684448,0.7790488004684448,0.0,0.0,0.0,0.6981316804885864,0.0,0.0,0.0,0.0,0.0,0.0,0.0,0.0
478,9.56,base_to_front_right_shoulder,3,0.1647653430700302,1.7336995369987562e-05,0.1745329201221466,0.0,0.0,0.7809242010116577,0.7809242010116577,0.0,0.0,0.0,0.6981316804885864,0.0,0.0,0.0,0.0,0.0,0.0,0.0,0.0
479,9.58,base_to_front_right_shoulder,3,0.16478286683559418,1.7330577975371853e-05,0.1745329201221466,0.0,0.0,0.7795163989067078,0.7795163989067078,0.0,0.0,0.0,0.6981316804885864,0.0,0.0,0.0,0.0,0.0,0.0,0.0,0.0
480,9.6,base_to_front_right_shoulder,3,0.16480030119419098,-0.00029458384960889816,0.1745329201221466,0.0,0.0,0.7814427614212036,0.7814427614212036,0.0,0.0,0.0,0.6981316804885864,0.0,0.0,0.0,0.0,0.0,0.0,0.0,0.0
481,9.620000000000001,base_to_front_right_shoulder,3,0.16477707028388977,1.734268880682066e-05,0.1745329201221466,0.0,0.0,0.7799968123435974,0.7799968123435974,0.0,0.0,0.0,0.6981316804885864,0.0,0.0,0.0,0.0,0.0,0.0,0.0,0.0
482,9.64,base_to_front_right_shoulder,3,0.16479502618312836,1.587236693012528e-05,0.1745329201221466,0.0,0.0,0.7818564772605896,0.7818564772605896,0.0,0.0,0.0,0.6981316804885864,0.0,0.0,0.0,0.0,0.0,0.0,0.0,0.0
483,9.66,base_to_front_right_shoulder,3,0.16477136313915253,1.7352393115288578e-05,0.1745329201221466,0.0,0.0,0.7804402112960815,0.7804402112960815,0.0,0.0,0.0,0.6981316804885864,0.0,0.0,0.0,0.0,0.0,0.0,0.0,0.0
484,9.68,base_to_front_right_shoulder,3,0.16478882730007172,1.7290156392846256e-05,0.1745329201221466,0.0,0.0,0.7790378928184509,0.7790378928184509,0.0,0.0,0.0,0.6981316804885864,0.0,0.0,0.0,0.0,0.0,0.0,0.0,0.0
485,9.700000000000001,base_to_front_right_shoulder,3,0.16476456820964813,1.7334943549940363e-05,0.1745329201221466,0.0,0.0,0.7809719443321228,0.7809719443321228,0.0,0.0,0.0,0.6981316804885864,0.0,0.0,0.0,0.0,0.0,0.0,0.0,0.0
486,9.72,base_to_front_right_shoulder,3,0.16478250920772552,1.732756572891958e-05,0.1745329201221466,0.0,0.0,0.7795594334602356,0.7795594334602356,0.0,0.0,0.0,0.6981316804885864,0.0,0.0,0.0,0.0,0.0,0.0,0.0,0.0
487,9.74,base_to_front_right_shoulder,3,0.1647590547800064,1.733544559101574e-05,0.1745329201221466,0.0,0.0,0.7814284563064575,0.7814284563064575,0.0,0.0,0.0,0.6981316804885864,0.0,0.0,0.0,0.0,0.0,0.0,0.0,0.0
488,9.76,base_to_front_right_shoulder,3,0.16477665305137634,1.7347334505757317e-05,0.1745329201221466,0.0,0.0,0.7800158858299255,0.7800158858299255,0.0,0.0,0.0,0.6981316804885864,0.0,0.0,0.0,0.0,0.0,0.0,0.0,0.0
489,9.78,base_to_front_right_shoulder,3,0.16479387879371643,1.7282722183153965e-05,0.1745329201221466,0.0,0.0,0.7786325812339783,0.7786325812339783,0.0,0.0,0.0,0.6981316804885864,0.0,0.0,0.0,0.0,0.0,0.0,0.0,0.0
490,9.8,base_to_front_right_shoulder,3,0.16476953029632568,1.7326336092082784e-05,0.1745329201221466,0.0,0.0,0.7805737853050232,0.7805737853050232,0.0,0.0,0.0,0.6981316804885864,0.0,0.0,0.0,0.0,0.0,0.0,0.0,0.0
491,9.82,base_to_front_right_shoulder,3,0.16478711366653442,1.7074125935323536e-05,0.1745329201221466,0.0,0.0,0.7791930437088013,0.7791930437088013,0.0,0.0,0.0,0.6981316804885864,0.0,0.0,0.0,0.0,0.0,0.0,0.0,0.0
492,9.84,base_to_front_right_shoulder,3,0.16476355493068695,1.7355778254568577e-05,0.1745329201221466,0.0,0.0,0.7810673117637634,0.7810673117637634,0.0,0.0,0.0,0.6981316804885864,0.0,0.0,0.0,0.0,0.0,0.0,0.0,0.0
493,9.86,base_to_front_right_shoulder,3,0.1647811383008957,1.7334350559394807e-05,0.1745329201221466,0.0,0.0,0.7796546816825867,0.7796546816825867,0.0,0.0,0.0,0.6981316804885864,0.0,0.0,0.0,0.0,0.0,0.0,0.0,0.0
494,9.88,base_to_front_right_shoulder,3,0.16479864716529846,-0.0002944677835330367,0.1745329201221466,0.0,0.0,0.781579852104187,0.781579852104187,0.0,0.0,0.0,0.6981316804885864,0.0,0.0,0.0,0.0,0.0,0.0,0.0,0.0
495,9.9,base_to_front_right_shoulder,3,0.16477541625499725,1.7350717826047912e-05,0.1745329201221466,0.0,0.0,0.7801291346549988,0.7801291346549988,0.0,0.0,0.0,0.6981316804885864,0.0,0.0,0.0,0.0,0.0,0.0,0.0,0.0
496,9.92,base_to_front_right_shoulder,3,0.16479343175888062,1.588449413247872e-05,0.1745329201221466,0.0,0.0,0.7819876074790955,0.7819876074790955,0.0,0.0,0.0,0.6981316804885864,0.0,0.0,0.0,0.0,0.0,0.0,0.0,0.0
497,9.94,base_to_front_right_shoulder,3,0.16476978361606598,1.7336475139018148e-05,0.1745329201221466,0.0,0.0,0.7805666327476501,0.7805666327476501,0.0,0.0,0.0,0.6981316804885864,0.0,0.0,0.0,0.0,0.0,0.0,0.0,0.0
498,9.96,base_to_front_right_shoulder,3,0.16478709876537323,1.734678698994685e-05,0.1745329201221466,0.0,0.0,0.7791754603385925,0.7791754603385925,0.0,0.0,0.0,0.6981316804885864,0.0,0.0,0.0,0.0,0.0,0.0,0.0,0.0
499,9.98,base_to_front_right_shoulder,3,0.16476285457611084,1.7338397810817696e-05,0.1745329201221466,0.0,0.0,0.7811090350151062,0.7811090350151062,0.0,0.0,0.0,0.6981316804885864,0.0,0.0,0.0,0.0,0.0,0.0,0.0,0.0
