step,time,joint,joint_id,joint_pos,joint_vel,joint_pos_target,joint_vel_target,joint_effort_target,applied_torque,computed_torque,action_0,action_1,action_2,action_3,action_4,action_5,action_6,action_7,action_8,action_9,action_10,action_11
600,3.0,base_to_front_right_shoulder,3,-0.006533089093863964,-4.913881745949311e-09,0.0,0.0,0.0,0.5879766941070557,0.5879766941070557,0.0,0.0,0.0,0.0,0.0,0.0,0.0,0.0,0.0,0.0,0.0,-9.141592979431152
600,3.0,front_right_shoulder_to_arm,7,-0.7776126861572266,-4.550563517113915e-06,-0.7900000214576721,0.0,0.0,-0.34683698415756226,-0.34683698415756226,0.0,0.0,0.0,0.0,0.0,0.0,0.0,0.0,0.0,0.0,0.0,-9.141592979431152
600,3.0,front_right_arm_to_hand,11,0.0007137729553505778,7.847389404957994e-12,0.0,0.0,0.0,-0.07137764245271683,-0.07137764245271683,0.0,0.0,0.0,0.0,0.0,0.0,0.0,0.0,0.0,0.0,0.0,-9.141592979431152
601,3.005,base_to_front_right_shoulder,3,-0.006533103529363871,-5.004869407798651e-09,0.0,0.0,0.0,0.5879780054092407,0.5879780054092407,0.0,0.0,0.0,0.0,0.0,0.0,0.0,0.0,0.0,0.0,0.0,-9.141592979431152
601,3.005,front_right_shoulder_to_arm,7,-0.7776126861572266,-4.550368885247735e-06,-0.7900000214576721,0.0,0.0,-0.34683698415756226,-0.34683698415756226,0.0,0.0,0.0,0.0,0.0,0.0,0.0,0.0,0.0,0.0,0.0,-9.141592979431152
601,3.005,front_right_arm_to_hand,11,0.000713769462890923,4.744540316181656e-10,0.0,0.0,0.0,-0.07137729227542877,-0.07137729227542877,0.0,0.0,0.0,0.0,0.0,0.0,0.0,0.0,0.0,0.0,0.0,-9.141592979431152
602,3.0100000000000002,base_to_front_right_shoulder,3,-0.006533117964863777,-4.773166750737801e-09,0.0,0.0,0.0,0.5879793167114258,0.5879793167114258,0.0,0.0,0.0,0.0,0.0,0.0,0.0,0.0,0.0,0.0,0.0,-9.141592979431152
602,3.0100000000000002,front_right_shoulder_to_arm,7,-0.7776126861572266,-4.553272901830496e-06,-0.7900000214576721,0.0,0.0,-0.34683698415756226,-0.34683698415756226,0.0,0.0,0.0,0.0,0.0,0.0,0.0,0.0,0.0,0.0,0.0,-9.141592979431152
602,3.0100000000000002,front_right_arm_to_hand,11,0.0007137659704312682,2.2834096835566697e-09,0.0,0.0,0.0,-0.07137694954872131,-0.07137694954872131,0.0,0.0,0.0,0.0,0.0,0.0,0.0,0.0,0.0,0.0,0.0,-9.141592979431152
603,3.015,base_to_front_right_shoulder,3,-0.006533132400363684,-4.772257256036028e-09,0.0,0.0,0.0,0.5879806280136108,0.5879806280136108,0.0,0.0,0.0,0.0,0.0,0.0,0.0,0.0,0.0,0.0,0.0,-9.141592979431152
603,3.015,front_right_shoulder_to_arm,7,-0.7776126861572266,-4.550368430500384e-06,-0.7900000214576721,0.0,0.0,-0.34683695435523987,-0.34683695435523987,0.0,0.0,0.0,0.0,0.0,0.0,0.0,0.0,0.0,0.0,0.0,-9.141592979431152
603,3.015,front_right_arm_to_hand,11,0.0007137624779716134,9.40313382713498e-10,0.0,0.0,0.0,-0.07137660682201385,-0.07137660682201385,0.0,0.0,0.0,0.0,0.0,0.0,0.0,0.0,0.0,0.0,0.0,-9.141592979431152
604,3.02,base_to_front_right_shoulder,3,-0.006533131934702396,-7.439837190759135e-09,0.0,0.0,0.0,0.5879819393157959,0.5879819393157959,0.0,0.0,0.0,0.0,0.0,0.0,0.0,0.0,0.0,0.0,0.0,-9.141592979431152
604,3.02,front_right_shoulder_to_arm,7,-0.7763254642486572,0.2574288845062256,-0.7900000214576721,0.0,0.0,-0.34683698415756226,-0.34683698415756226,0.0,0.0,0.0,0.0,0.0,0.0,0.0,0.0,0.0,0.0,0.0,-9.141592979431152
604,3.02,front_right_arm_to_hand,11,-0.009513583034276962,-2.045469045639038,-0.7853982448577881,0.0,0.0,-14.5,-78.61119842529297,0.0,0.0,0.0,0.0,0.0,0.0,0.0,0.0,0.0,0.0,0.0,-9.141592979431152
605,3.025,base_to_front_right_shoulder,3,-0.006533131934702396,2.2199415639079234e-09,0.0,0.0,0.0,0.5879819393157959,0.5879819393157959,0.0,0.0,0.0,0.0,0.0,0.0,0.0,0.0,0.0,0.0,0.0,-9.141592979431152
605,3.025,front_right_shoulder_to_arm,7,-0.7739777565002441,0.46952328085899353,-0.7900000214576721,0.0,0.0,-0.8591310381889343,-0.8591310381889343,0.0,0.0,0.0,0.0,0.0,0.0,0.0,0.0,0.0,0.0,0.0,-9.141592979431152
605,3.025,front_right_arm_to_hand,11,-0.02992228977382183,-4.081741809844971,-0.7853982448577881,0.0,0.0,-14.5,-70.42932891845703,0.0,0.0,0.0,0.0,0.0,0.0,0.0,0.0,0.0,0.0,0.0,-9.141592979431152
606,3.0300000000000002,base_to_front_right_shoulder,3,-0.006533131934702396,4.257033836552182e-09,0.0,0.0,0.0,0.5879818797111511,0.5879818797111511,0.0,0.0,0.0,0.0,0.0,0.0,0.0,0.0,0.0,0.0,0.0,-9.141592979431152
606,3.0300000000000002,front_right_shoulder_to_arm,7,-0.7707734107971191,0.6408738493919373,-0.7900000214576721,0.0,0.0,-1.3172414302825928,-1.3172414302825928,0.0,0.0,0.0,0.0,0.0,0.0,0.0,0.0,0.0,0.0,0.0,-9.141592979431152
606,3.0300000000000002,front_right_arm_to_hand,11,-0.06047077104449272,-6.109696388244629,-0.7853982448577881,0.0,0.0,-14.5,-61.261497497558594,0.0,0.0,0.0,0.0,0.0,0.0,0.0,0.0,0.0,0.0,0.0,-9.141592979431152
607,3.035,base_to_front_right_shoulder,3,-0.006533131934702396,1.3174599189369474e-09,0.0,0.0,0.0,0.5879818797111511,0.5879818797111511,0.0,0.0,0.0,0.0,0.0,0.0,0.0,0.0,0.0,0.0,0.0,-9.141592979431152
607,3.035,front_right_shoulder_to_arm,7,-0.7668948173522949,0.7757405042648315,-0.7900000214576721,0.0,0.0,-1.7239617109298706,-1.7239617109298706,0.0,0.0,0.0,0.0,0.0,0.0,0.0,0.0,0.0,0.0,0.0,-9.141592979431152
607,3.035,front_right_arm_to_hand,11,-0.10112152248620987,-8.130148887634277,-0.7853982448577881,0.0,0.0,-14.5,-51.10881423950195,0.0,0.0,0.0,0.0,0.0,0.0,0.0,0.0,0.0,0.0,0.0,-9.141592979431152
608,3.04,base_to_front_right_shoulder,3,-0.006533132400363684,4.169891099081724e-09,0.0,0.0,0.0,0.5879818797111511,0.5879818797111511,0.0,0.0,0.0,0.0,0.0,0.0,0.0,0.0,0.0,0.0,0.0,-9.141592979431152
608,3.04,front_right_shoulder_to_arm,7,-0.7626769542694092,0.843582034111023,-0.7900000214576721,0.0,0.0,-2.0820655822753906,-2.0820655822753906,0.0,0.0,0.0,0.0,0.0,0.0,0.0,0.0,0.0,0.0,0.0,-9.141592979431152
608,3.04,front_right_arm_to_hand,11,-0.15047089755535126,-9.869877815246582,-0.7853982448577881,0.0,0.0,-12.56342601776123,-39.97215270996094,0.0,0.0,0.0,0.0,0.0,0.0,0.0,0.0,0.0,0.0,0.0,-9.141592979431152
609,3.045,base_to_front_right_shoulder,3,-0.006533132866024971,1.330022314505186e-09,0.0,0.0,0.0,0.5879819393157959,0.5879819393157959,0.0,0.0,0.0,0.0,0.0,0.0,0.0,0.0,0.0,0.0,0.0,-9.141592979431152
609,3.045,front_right_shoulder_to_arm,7,-0.758385181427002,0.8583605885505676,-0.7900000214576721,0.0,0.0,-2.3256726264953613,-2.3256726264953613,0.0,0.0,0.0,0.0,0.0,0.0,0.0,0.0,0.0,0.0,0.0,-9.141592979431152
609,3.045,front_right_arm_to_hand,11,-0.20729367434978485,-11.364553451538086,-0.7853982448577881,0.0,0.0,-10.865118980407715,-28.948162078857422,0.0,0.0,0.0,0.0,0.0,0.0,0.0,0.0,0.0,0.0,0.0,-9.141592979431152
610,3.0500000000000003,base_to_front_right_shoulder,3,-0.006533133797347546,3.1006379686004948e-09,0.0,0.0,0.0,0.5879819393157959,0.5879819393157959,0.0,0.0,0.0,0.0,0.0,0.0,0.0,0.0,0.0,0.0,0.0,-9.141592979431152
610,3.0500000000000003,front_right_shoulder_to_arm,7,-0.754223108291626,0.8324029445648193,-0.7900000214576721,0.0,0.0,-2.4731826782226562,-2.4731826782226562,0.0,0.0,0.0,0.0,0.0,0.0,0.0,0.0,0.0,0.0,0.0,-9.141592979431152
610,3.0500000000000003,front_right_arm_to_hand,11,-0.2705419957637787,-12.649662017822266,-0.7853982448577881,0.0,0.0,-9.406030654907227,-18.03451919555664,0.0,0.0,0.0,0.0,0.0,0.0,0.0,0.0,0.0,0.0,0.0,-9.141592979431152
611,3.055,base_to_front_right_shoulder,3,-0.00653313472867012,-2.898900675063487e-09,0.0,0.0,0.0,0.5879820585250854,0.5879820585250854,0.0,0.0,0.0,0.0,0.0,0.0,0.0,0.0,0.0,0.0,0.0,-9.141592979431152
611,3.055,front_right_shoulder_to_arm,7,-0.7504265308380127,0.759307861328125,-0.7900000214576721,0.0,0.0,-2.541698932647705,-2.541698932647705,0.0,0.0,0.0,0.0,0.0,0.0,0.0,0.0,0.0,0.0,0.0,-9.141592979431152
611,3.055,front_right_arm_to_hand,11,-0.3386550843715668,-13.622608184814453,-0.7853982448577881,0.0,0.0,-7.211803436279297,-7.211803436279297,0.0,0.0,0.0,0.0,0.0,0.0,0.0,0.0,0.0,0.0,0.0,-9.141592979431152
612,3.06,base_to_front_right_shoulder,3,-0.006592210382223129,-0.011815269477665424,0.0,0.0,0.0,0.5879821181297302,0.5879821181297302,0.0,0.0,0.0,0.0,0.0,0.0,0.0,0.0,0.0,0.0,0.0,-9.141592979431152
612,3.06,front_right_shoulder_to_arm,7,-0.7478964328765869,0.5060259103775024,-0.7900000214576721,0.0,0.0,-2.512777328491211,-2.512777328491211,0.0,0.0,0.0,0.0,0.0,0.0,0.0,0.0,0.0,0.0,0.0,-9.141592979431152
612,3.06,front_right_arm_to_hand,11,-0.404409259557724,-13.150827407836914,-0.7853982448577881,0.0,0.0,3.0048141479492188,3.0048141479492188,0.0,0.0,0.0,0.0,0.0,0.0,0.0,0.0,0.0,0.0,0.0,-9.141592979431152
613,3.065,base_to_front_right_shoulder,3,-0.006670774891972542,-0.015713024884462357,0.0,0.0,0.0,0.6582828760147095,0.6582828760147095,0.0,0.0,0.0,0.0,0.0,0.0,0.0,0.0,0.0,0.0,0.0,-9.141592979431152
613,3.065,front_right_shoulder_to_arm,7,-0.7468905448913574,0.20116034150123596,-0.7900000214576721,0.0,0.0,-2.115048408508301,-2.115048408508301,0.0,0.0,0.0,0.0,0.0,0.0,0.0,0.0,0.0,0.0,0.0,-9.141592979431152
613,3.065,front_right_arm_to_hand,11,-0.46435877680778503,-11.98990535736084,-0.7853982448577881,0.0,0.0,7.928997039794922,7.928997039794922,0.0,0.0,0.0,0.0,0.0,0.0,0.0,0.0,0.0,0.0,0.0,-9.141592979431152
614,3.0700000000000003,base_to_front_right_shoulder,3,-0.006745390594005585,-0.014923249371349812,0.0,0.0,0.0,0.6867914199829102,0.6867914199829102,0.0,0.0,0.0,0.0,0.0,0.0,0.0,0.0,0.0,0.0,0.0,-9.141592979431152
614,3.0700000000000003,front_right_shoulder_to_arm,7,-0.7473361492156982,-0.08910136669874191,-0.7900000214576721,0.0,0.0,-1.579211950302124,-1.579211950302124,0.0,0.0,0.0,0.0,0.0,0.0,0.0,0.0,0.0,0.0,0.0,-9.141592979431152
614,3.0700000000000003,front_right_arm_to_hand,11,-0.5171870589256287,-10.56566047668457,-0.7853982448577881,0.0,0.0,9.860721588134766,9.860721588134766,0.0,0.0,0.0,0.0,0.0,0.0,0.0,0.0,0.0,0.0,0.0,-9.141592979431152
615,3.075,base_to_front_right_shoulder,3,-0.006805142387747765,-0.011950481683015823,0.0,0.0,0.0,0.6891630291938782,0.6891630291938782,0.0,0.0,0.0,0.0,0.0,0.0,0.0,0.0,0.0,0.0,0.0,-9.141592979431152
615,3.075,front_right_shoulder_to_arm,7,-0.7490074634552002,-0.3342554271221161,-0.7900000214576721,0.0,0.0,-1.029750943183899,-1.029750943183899,0.0,0.0,0.0,0.0,0.0,0.0,0.0,0.0,0.0,0.0,0.0,-9.141592979431152
615,3.075,front_right_arm_to_hand,11,-0.5627338290214539,-9.109346389770508,-0.7853982448577881,0.0,0.0,10.158693313598633,10.158693313598633,0.0,0.0,0.0,0.0,0.0,0.0,0.0,0.0,0.0,0.0,0.0,-9.141592979431152
616,3.08,base_to_front_right_shoulder,3,-0.006805143319070339,4.535081643552985e-09,0.0,0.0,0.0,0.6781904697418213,0.6781904697418213,0.0,0.0,0.0,0.0,0.0,0.0,0.0,0.0,0.0,0.0,0.0,-9.141592979431152
616,3.08,front_right_shoulder_to_arm,7,-0.7516252994537354,-0.5235720872879028,-0.7900000214576721,0.0,0.0,-0.5294190645217896,-0.5294190645217896,0.0,0.0,0.0,0.0,0.0,0.0,0.0,0.0,0.0,0.0,0.0,-9.141592979431152
616,3.08,front_right_arm_to_hand,11,-0.6014279723167419,-7.738844871520996,-0.7853982448577881,0.0,0.0,9.61627197265625,9.61627197265625,0.0,0.0,0.0,0.0,0.0,0.0,0.0,0.0,0.0,0.0,0.0,-9.141592979431152
617,3.085,base_to_front_right_shoulder,3,-0.0068051437847316265,-5.643570943902887e-09,0.0,0.0,0.0,0.6124628782272339,0.6124628782272339,0.0,0.0,0.0,0.0,0.0,0.0,0.0,0.0,0.0,0.0,0.0,-9.141592979431152
617,3.085,front_right_shoulder_to_arm,7,-0.7549142837524414,-0.6578056216239929,-0.7900000214576721,0.0,0.0,-0.10588383674621582,-0.10588383674621582,0.0,0.0,0.0,0.0,0.0,0.0,0.0,0.0,0.0,0.0,0.0,-9.141592979431152
617,3.085,front_right_arm_to_hand,11,-0.6339632868766785,-6.507052898406982,-0.7853982448577881,0.0,0.0,8.688928604125977,8.688928604125977,0.0,0.0,0.0,0.0,0.0,0.0,0.0,0.0,0.0,0.0,0.0,-9.141592979431152
618,3.09,base_to_front_right_shoulder,3,-0.0068051437847316265,4.664642005991482e-09,0.0,0.0,0.0,0.6124629974365234,0.6124629974365234,0.0,0.0,0.0,0.0,0.0,0.0,0.0,0.0,0.0,0.0,0.0,-9.141592979431152
618,3.09,front_right_shoulder_to_arm,7,-0.7586240768432617,-0.7419688105583191,-0.7900000214576721,0.0,0.0,0.23453974723815918,0.23453974723815918,0.0,0.0,0.0,0.0,0.0,0.0,0.0,0.0,0.0,0.0,0.0,-9.141592979431152
618,3.09,front_right_arm_to_hand,11,-0.6611177325248718,-5.430874824523926,-0.7853982448577881,0.0,0.0,7.631189346313477,7.631189346313477,0.0,0.0,0.0,0.0,0.0,0.0,0.0,0.0,0.0,0.0,0.0,-9.141592979431152
619,3.095,base_to_front_right_shoulder,3,-0.0068051437847316265,2.964126721849425e-09,0.0,0.0,0.0,0.6124629378318787,0.6124629378318787,0.0,0.0,0.0,0.0,0.0,0.0,0.0,0.0,0.0,0.0,0.0,-9.141592979431152
619,3.095,front_right_shoulder_to_arm,7,-0.7625422477722168,-0.7836222052574158,-0.7900000214576721,0.0,0.0,0.49411582946777344,0.49411582946777344,0.0,0.0,0.0,0.0,0.0,0.0,0.0,0.0,0.0,0.0,0.0,-9.141592979431152
619,3.095,front_right_arm_to_hand,11,-0.6836571097373962,-4.507889747619629,-0.7853982448577881,0.0,0.0,6.580011367797852,6.580011367797852,0.0,0.0,0.0,0.0,0.0,0.0,0.0,0.0,0.0,0.0,0.0,-9.141592979431152
620,3.1,base_to_front_right_shoulder,3,-0.0068051437847316265,1.6410339753747394e-09,0.0,0.0,0.0,0.6124629378318787,0.6124629378318787,0.0,0.0,0.0,0.0,0.0,0.0,0.0,0.0,0.0,0.0,0.0,-9.141592979431152
620,3.1,front_right_shoulder_to_arm,7,-0.7664961814880371,-0.7907853722572327,-0.7900000214576721,0.0,0.0,0.6808834075927734,0.6808834075927734,0.0,0.0,0.0,0.0,0.0,0.0,0.0,0.0,0.0,0.0,0.0,-9.141592979431152
620,3.1,front_right_arm_to_hand,11,-0.7022880911827087,-3.72622013092041,-0.7853982448577881,0.0,0.0,5.603501319885254,5.603501319885254,0.0,0.0,0.0,0.0,0.0,0.0,0.0,0.0,0.0,0.0,0.0,-9.141592979431152
621,3.105,base_to_front_right_shoulder,3,-0.0068051437847316265,5.294651828080532e-09,0.0,0.0,0.0,0.6124629378318787,0.6124629378318787,0.0,0.0,0.0,0.0,0.0,0.0,0.0,0.0,0.0,0.0,0.0,-9.141592979431152
621,3.105,front_right_shoulder_to_arm,7,-0.7703514099121094,-0.7710605263710022,-0.7900000214576721,0.0,0.0,0.8048454523086548,0.8048454523086548,0.0,0.0,0.0,0.0,0.0,0.0,0.0,0.0,0.0,0.0,0.0,-9.141592979431152
621,3.105,front_right_arm_to_hand,11,-0.7176384329795837,-3.0700738430023193,-0.7853982448577881,0.0,0.0,4.730755805969238,4.730755805969238,0.0,0.0,0.0,0.0,0.0,0.0,0.0,0.0,0.0,0.0,0.0,-9.141592979431152
622,3.11,base_to_front_right_shoulder,3,-0.006805143319070339,-2.7241782163400785e-09,0.0,0.0,0.0,0.6124629378318787,0.6124629378318787,0.0,0.0,0.0,0.0,0.0,0.0,0.0,0.0,0.0,0.0,0.0,-9.141592979431152
622,3.11,front_right_shoulder_to_arm,7,-0.7740075588226318,-0.7312256097793579,-0.7900000214576721,0.0,0.0,0.8763008117675781,0.8763008117675781,0.0,0.0,0.0,0.0,0.0,0.0,0.0,0.0,0.0,0.0,0.0,-9.141592979431152
622,3.11,front_right_arm_to_hand,11,-0.7302524447441101,-2.5227949619293213,-0.7853982448577881,0.0,0.0,3.9692773818969727,3.9692773818969727,0.0,0.0,0.0,0.0,0.0,0.0,0.0,0.0,0.0,0.0,0.0,-9.141592979431152
623,3.115,base_to_front_right_shoulder,3,-0.006805142853409052,4.240717998982291e-09,0.0,0.0,0.0,0.6124628782272339,0.6124628782272339,0.0,0.0,0.0,0.0,0.0,0.0,0.0,0.0,0.0,0.0,0.0,-9.141592979431152
623,3.115,front_right_shoulder_to_arm,7,-0.777393102645874,-0.6770893335342407,-0.7900000214576721,0.0,0.0,0.9049783945083618,0.9049783945083618,0.0,0.0,0.0,0.0,0.0,0.0,0.0,0.0,0.0,0.0,0.0,-9.141592979431152
623,3.115,front_right_arm_to_hand,11,-0.7405948042869568,-2.068453311920166,-0.7853982448577881,0.0,0.0,3.3152027130126953,3.3152027130126953,0.0,0.0,0.0,0.0,0.0,0.0,0.0,0.0,0.0,0.0,0.0,-9.141592979431152
624,3.12,base_to_front_right_shoulder,3,-0.006805142387747765,3.718611196745769e-09,0.0,0.0,0.0,0.6124628782272339,0.6124628782272339,0.0,0.0,0.0,0.0,0.0,0.0,0.0,0.0,0.0,0.0,0.0,-9.141592979431152
624,3.12,front_right_shoulder_to_arm,7,-0.7804605960845947,-0.6134903430938721,-0.7900000214576721,0.0,0.0,0.8996216058731079,0.8996216058731079,0.0,0.0,0.0,0.0,0.0,0.0,0.0,0.0,0.0,0.0,0.0,-9.141592979431152
624,3.12,front_right_arm_to_hand,11,-0.7490577101707458,-1.692590594291687,-0.7853982448577881,0.0,0.0,2.7592430114746094,2.7592430114746094,0.0,0.0,0.0,0.0,0.0,0.0,0.0,0.0,0.0,0.0,0.0,-9.141592979431152
625,3.125,base_to_front_right_shoulder,3,-0.006805141922086477,3.315275165505227e-09,0.0,0.0,0.0,0.6124628186225891,0.6124628186225891,0.0,0.0,0.0,0.0,0.0,0.0,0.0,0.0,0.0,0.0,0.0,-9.141592979431152
625,3.125,front_right_shoulder_to_arm,7,-0.7831823825836182,-0.544366717338562,-0.7900000214576721,0.0,0.0,0.8678532838821411,0.8678532838821411,0.0,0.0,0.0,0.0,0.0,0.0,0.0,0.0,0.0,0.0,0.0,-9.141592979431152
625,3.125,front_right_arm_to_hand,11,-0.7559701800346375,-1.3824927806854248,-0.7853982448577881,0.0,0.0,2.290013551712036,2.290013551712036,0.0,0.0,0.0,0.0,0.0,0.0,0.0,0.0,0.0,0.0,0.0,-9.141592979431152
626,3.13,base_to_front_right_shoulder,3,-0.00680514145642519,-3.976083462475799e-09,0.0,0.0,0.0,0.6124627590179443,0.6124627590179443,0.0,0.0,0.0,0.0,0.0,0.0,0.0,0.0,0.0,0.0,0.0,-9.141592979431152
626,3.13,front_right_shoulder_to_arm,7,-0.7855467796325684,-0.4728561341762543,-0.7900000214576721,0.0,0.0,0.8161845207214355,0.8161845207214355,0.0,0.0,0.0,0.0,0.0,0.0,0.0,0.0,0.0,0.0,0.0,-9.141592979431152
626,3.13,front_right_arm_to_hand,11,-0.7616061568260193,-1.1271992921829224,-0.7853982448577881,0.0,0.0,1.8959181308746338,1.8959181308746338,0.0,0.0,0.0,0.0,0.0,0.0,0.0,0.0,0.0,0.0,0.0,-9.141592979431152
627,3.1350000000000002,base_to_front_right_shoulder,3,-0.006805140990763903,3.5936409403802827e-09,0.0,0.0,0.0,0.6124627590179443,0.6124627590179443,0.0,0.0,0.0,0.0,0.0,0.0,0.0,0.0,0.0,0.0,0.0,-9.141592979431152
627,3.1350000000000002,front_right_shoulder_to_arm,7,-0.7875537872314453,-0.4014037251472473,-0.7900000214576721,0.0,0.0,0.7500931024551392,0.7500931024551392,0.0,0.0,0.0,0.0,0.0,0.0,0.0,0.0,0.0,0.0,0.0,-9.141592979431152
627,3.1350000000000002,front_right_arm_to_hand,11,-0.7661930918693542,-0.9173943996429443,-0.7853982448577881,0.0,0.0,1.5659887790679932,1.5659887790679932,0.0,0.0,0.0,0.0,0.0,0.0,0.0,0.0,0.0,0.0,0.0,-9.141592979431152
628,3.14,base_to_front_right_shoulder,3,-0.006805140525102615,-3.661418279676809e-09,0.0,0.0,0.0,0.6124626994132996,0.6124626994132996,0.0,0.0,0.0,0.0,0.0,0.0,0.0,0.0,0.0,0.0,0.0,-9.141592979431152
628,3.14,front_right_shoulder_to_arm,7,-0.7892131805419922,-0.3318694829940796,-0.7900000214576721,0.0,0.0,0.6741023659706116,0.6741023659706116,0.0,0.0,0.0,0.0,0.0,0.0,0.0,0.0,0.0,0.0,0.0,-9.141592979431152
628,3.14,front_right_arm_to_hand,11,-0.7699193358421326,-0.7452345490455627,-0.7853982448577881,0.0,0.0,1.2903649806976318,1.2903649806976318,0.0,0.0,0.0,0.0,0.0,0.0,0.0,0.0,0.0,0.0,0.0,-9.141592979431152
629,3.145,base_to_front_right_shoulder,3,-0.006805140059441328,-3.5623499705650374e-09,0.0,0.0,0.0,0.6124626398086548,0.6124626398086548,0.0,0.0,0.0,0.0,0.0,0.0,0.0,0.0,0.0,0.0,0.0,-9.141592979431152
629,3.145,front_right_shoulder_to_arm,7,-0.790541410446167,-0.2656247913837433,-0.7900000214576721,0.0,0.0,0.5919269919395447,0.5919269919395447,0.0,0.0,0.0,0.0,0.0,0.0,0.0,0.0,0.0,0.0,0.0,-9.141592979431152
629,3.145,front_right_arm_to_hand,11,-0.7729400992393494,-0.6041572690010071,-0.7853982448577881,0.0,0.0,1.0604300498962402,1.0604300498962402,0.0,0.0,0.0,0.0,0.0,0.0,0.0,0.0,0.0,0.0,0.0,-9.141592979431152
630,3.15,base_to_front_right_shoulder,3,-0.006805139593780041,-3.0075426593612065e-09,0.0,0.0,0.0,0.61246258020401,0.61246258020401,0.0,0.0,0.0,0.0,0.0,0.0,0.0,0.0,0.0,0.0,0.0,-9.141592979431152
630,3.15,front_right_shoulder_to_arm,7,-0.7915596961975098,-0.20363841950893402,-0.7900000214576721,0.0,0.0,0.506564736366272,0.506564736366272,0.0,0.0,0.0,0.0,0.0,0.0,0.0,0.0,0.0,0.0,0.0,-9.141592979431152
630,3.15,front_right_arm_to_hand,11,-0.7753836512565613,-0.4887041747570038,-0.7853982448577881,0.0,0.0,0.8687357902526855,0.8687357902526855,0.0,0.0,0.0,0.0,0.0,0.0,0.0,0.0,0.0,0.0,0.0,-9.141592979431152
631,3.1550000000000002,base_to_front_right_shoulder,3,-0.006805139128118753,4.910475581709761e-09,0.0,0.0,0.0,0.61246258020401,0.61246258020401,0.0,0.0,0.0,0.0,0.0,0.0,0.0,0.0,0.0,0.0,0.0,-9.141592979431152
631,3.1550000000000002,front_right_shoulder_to_arm,7,-0.7922923564910889,-0.1465529203414917,-0.7900000214576721,0.0,0.0,0.4204019606113434,0.4204019606113434,0.0,0.0,0.0,0.0,0.0,0.0,0.0,0.0,0.0,0.0,0.0,-9.141592979431152
631,3.1550000000000002,front_right_arm_to_hand,11,-0.7773553729057312,-0.3943444788455963,-0.7853982448577881,0.0,0.0,0.7090052366256714,0.7090052366256714,0.0,0.0,0.0,0.0,0.0,0.0,0.0,0.0,0.0,0.0,0.0,-9.141592979431152
632,3.16,base_to_front_right_shoulder,3,-0.006805138662457466,4.9079602604251704e-09,0.0,0.0,0.0,0.6124625205993652,0.6124625205993652,0.0,0.0,0.0,0.0,0.0,0.0,0.0,0.0,0.0,0.0,0.0,-9.141592979431152
632,3.16,front_right_shoulder_to_arm,7,-0.7927660942077637,-0.0947483479976654,-0.7900000214576721,0.0,0.0,0.3353082835674286,0.3353082835674286,0.0,0.0,0.0,0.0,0.0,0.0,0.0,0.0,0.0,0.0,0.0,-9.141592979431152
632,3.16,front_right_arm_to_hand,11,-0.7789420485496521,-0.3173311650753021,-0.7853982448577881,0.0,0.0,0.575918436050415,0.575918436050415,0.0,0.0,0.0,0.0,0.0,0.0,0.0,0.0,0.0,0.0,0.0,-9.141592979431152
633,3.165,base_to_front_right_shoulder,3,-0.006805138662457466,-2.0999380012654e-09,0.0,0.0,0.0,0.6124624609947205,0.6124624609947205,0.0,0.0,0.0,0.0,0.0,0.0,0.0,0.0,0.0,0.0,0.0,-9.141592979431152
633,3.165,front_right_shoulder_to_arm,7,-0.7930080890655518,-0.04839562252163887,-0.7900000214576721,0.0,0.0,0.2527344822883606,0.2527344822883606,0.0,0.0,0.0,0.0,0.0,0.0,0.0,0.0,0.0,0.0,0.0,-9.141592979431152
633,3.165,front_right_arm_to_hand,11,-0.7802149653434753,-0.25456875562667847,-0.7853982448577881,0.0,0.0,0.4650394916534424,0.4650394916534424,0.0,0.0,0.0,0.0,0.0,0.0,0.0,0.0,0.0,0.0,0.0,-9.141592979431152
634,3.17,base_to_front_right_shoulder,3,-0.006805138662457466,5.748475473410508e-09,0.0,0.0,0.0,0.6124624609947205,0.6124624609947205,0.0,0.0,0.0,0.0,0.0,0.0,0.0,0.0,0.0,0.0,0.0,-9.141592979431152
634,3.17,front_right_shoulder_to_arm,7,-0.7930455207824707,-0.007503215689212084,-0.7900000214576721,0.0,0.0,0.17375779151916504,0.17375779151916504,0.0,0.0,0.0,0.0,0.0,0.0,0.0,0.0,0.0,0.0,0.0,-9.141592979431152
634,3.17,front_right_arm_to_hand,11,-0.7812325358390808,-0.20350386202335358,-0.7853982448577881,0.0,0.0,0.37266266345977783,0.37266266345977783,0.0,0.0,0.0,0.0,0.0,0.0,0.0,0.0,0.0,0.0,0.0,-9.141592979431152
635,3.1750000000000003,base_to_front_right_shoulder,3,-0.006805138662457466,-1.3729817283092416e-09,0.0,0.0,0.0,0.6124624013900757,0.6124624013900757,0.0,0.0,0.0,0.0,0.0,0.0,0.0,0.0,0.0,0.0,0.0,-9.141592979431152
635,3.1750000000000003,front_right_shoulder_to_arm,7,-0.792905330657959,0.028045130893588066,-0.7900000214576721,0.0,0.0,0.09915493428707123,0.09915493428707123,0.0,0.0,0.0,0.0,0.0,0.0,0.0,0.0,0.0,0.0,0.0,-9.141592979431152
635,3.1750000000000003,front_right_arm_to_hand,11,-0.7820426821708679,-0.16203376650810242,-0.7853982448577881,0.0,0.0,0.2956926226615906,0.2956926226615906,0.0,0.0,0.0,0.0,0.0,0.0,0.0,0.0,0.0,0.0,0.0,-9.141592979431152
636,3.18,base_to_front_right_shoulder,3,-0.006805138662457466,-1.0905349956402688e-09,0.0,0.0,0.0,0.6124624609947205,0.6124624609947205,0.0,0.0,0.0,0.0,0.0,0.0,0.0,0.0,0.0,0.0,0.0,-9.141592979431152
636,3.18,front_right_shoulder_to_arm,7,-0.7926130294799805,0.05845974013209343,-0.7900000214576721,0.0,0.0,0.029465164989233017,0.029465164989233017,0.0,0.0,0.0,0.0,0.0,0.0,0.0,0.0,0.0,0.0,0.0,-9.141592979431152
636,3.18,front_right_arm_to_hand,11,-0.7826847434043884,-0.12842777371406555,-0.7853982448577881,0.0,0.0,0.23156189918518066,0.23156189918518066,0.0,0.0,0.0,0.0,0.0,0.0,0.0,0.0,0.0,0.0,0.0,-9.141592979431152
637,3.185,base_to_front_right_shoulder,3,-0.006805138662457466,6.735476176800148e-09,0.0,0.0,0.0,0.6124624609947205,0.6124624609947205,0.0,0.0,0.0,0.0,0.0,0.0,0.0,0.0,0.0,0.0,0.0,-9.141592979431152
637,3.185,front_right_shoulder_to_arm,7,-0.7921929359436035,0.08401791006326675,-0.7900000214576721,0.0,0.0,-0.03498629480600357,-0.03498629480600357,0.0,0.0,0.0,0.0,0.0,0.0,0.0,0.0,0.0,0.0,0.0,-9.141592979431152
637,3.185,front_right_arm_to_hand,11,-0.7831911444664001,-0.10126090049743652,-0.7853982448577881,0.0,0.0,0.1781470775604248,0.1781470775604248,0.0,0.0,0.0,0.0,0.0,0.0,0.0,0.0,0.0,0.0,0.0,-9.141592979431152
638,3.19,base_to_front_right_shoulder,3,-0.006805138662457466,6.963730925235723e-09,0.0,0.0,0.0,0.6124624013900757,0.6124624013900757,0.0,0.0,0.0,0.0,0.0,0.0,0.0,0.0,0.0,0.0,0.0,-9.141592979431152
638,3.19,front_right_shoulder_to_arm,7,-0.7916676998138428,0.10504323989152908,-0.7900000214576721,0.0,0.0,-0.09403152763843536,-0.09403152763843536,0.0,0.0,0.0,0.0,0.0,0.0,0.0,0.0,0.0,0.0,0.0,-9.141592979431152
638,3.19,front_right_arm_to_hand,11,-0.7835878729820251,-0.07935765385627747,-0.7853982448577881,0.0,0.0,0.1337031126022339,0.1337031126022339,0.0,0.0,0.0,0.0,0.0,0.0,0.0,0.0,0.0,0.0,0.0,-9.141592979431152
639,3.1950000000000003,base_to_front_right_shoulder,3,-0.006805138662457466,7.226532261483953e-09,0.0,0.0,0.0,0.6124624013900757,0.6124624013900757,0.0,0.0,0.0,0.0,0.0,0.0,0.0,0.0,0.0,0.0,0.0,-9.141592979431152
639,3.1950000000000003,front_right_shoulder_to_arm,7,-0.7910583019256592,0.12188958376646042,-0.7900000214576721,0.0,0.0,-0.14763499796390533,-0.14763499796390533,0.0,0.0,0.0,0.0,0.0,0.0,0.0,0.0,0.0,0.0,0.0,-9.141592979431152
639,3.1950000000000003,front_right_arm_to_hand,11,-0.7838966250419617,-0.06175733357667923,-0.7853982448577881,0.0,0.0,0.09671461582183838,0.09671461582183838,0.0,0.0,0.0,0.0,0.0,0.0,0.0,0.0,0.0,0.0,0.0,-9.141592979431152
640,3.2,base_to_front_right_shoulder,3,-0.006805138662457466,-4.7881805187444115e-09,0.0,0.0,0.0,0.6124624013900757,0.6124624013900757,0.0,0.0,0.0,0.0,0.0,0.0,0.0,0.0,0.0,0.0,0.0,-9.141592979431152
640,3.2,front_right_shoulder_to_arm,7,-0.7903835773468018,0.13492627441883087,-0.7900000214576721,0.0,0.0,-0.19586387276649475,-0.19586387276649475,0.0,0.0,0.0,0.0,0.0,0.0,0.0,0.0,0.0,0.0,0.0,-9.141592979431152
640,3.2,front_right_arm_to_hand,11,-0.7841350436210632,-0.04766673594713211,-0.7853982448577881,0.0,0.0,0.065988689661026,0.065988689661026,0.0,0.0,0.0,0.0,0.0,0.0,0.0,0.0,0.0,0.0,0.0,-9.141592979431152
641,3.205,base_to_front_right_shoulder,3,-0.006805138662457466,2.8840023702514372e-09,0.0,0.0,0.0,0.6124624609947205,0.6124624609947205,0.0,0.0,0.0,0.0,0.0,0.0,0.0,0.0,0.0,0.0,0.0,-9.141592979431152
641,3.205,front_right_shoulder_to_arm,7,-0.7896609306335449,0.144526869058609,-0.7900000214576721,0.0,0.0,-0.23887404799461365,-0.23887404799461365,0.0,0.0,0.0,0.0,0.0,0.0,0.0,0.0,0.0,0.0,0.0,-9.141592979431152
641,3.205,front_right_arm_to_hand,11,-0.7843171954154968,-0.03643304854631424,-0.7853982448577881,0.0,0.0,0.040513455867767334,0.040513455867767334,0.0,0.0,0.0,0.0,0.0,0.0,0.0,0.0,0.0,0.0,0.0,-9.141592979431152
642,3.21,base_to_front_right_shoulder,3,-0.006805138662457466,3.058878483841454e-09,0.0,0.0,0.0,0.6124624609947205,0.6124624609947205,0.0,0.0,0.0,0.0,0.0,0.0,0.0,0.0,0.0,0.0,0.0,-9.141592979431152
642,3.21,front_right_shoulder_to_arm,7,-0.7889056205749512,0.15106257796287537,-0.7900000214576721,0.0,0.0,-0.2768692672252655,-0.2768692672252655,0.0,0.0,0.0,0.0,0.0,0.0,0.0,0.0,0.0,0.0,0.0,-9.141592979431152
642,3.21,front_right_arm_to_hand,11,-0.7844547629356384,-0.027524113655090332,-0.7853982448577881,0.0,0.0,0.01941072940826416,0.01941072940826416,0.0,0.0,0.0,0.0,0.0,0.0,0.0,0.0,0.0,0.0,0.0,-9.141592979431152
643,3.215,base_to_front_right_shoulder,3,-0.006805138662457466,-4.237600936818353e-09,0.0,0.0,0.0,0.6124624609947205,0.6124624609947205,0.0,0.0,0.0,0.0,0.0,0.0,0.0,0.0,0.0,0.0,0.0,-9.141592979431152
643,3.215,front_right_shoulder_to_arm,7,-0.7881312370300293,0.15489396452903748,-0.7900000214576721,0.0,0.0,-0.3101089894771576,-0.3101089894771576,0.0,0.0,0.0,0.0,0.0,0.0,0.0,0.0,0.0,0.0,0.0,-9.141592979431152
643,3.215,front_right_arm_to_hand,11,-0.7845572829246521,-0.0205015167593956,-0.7853982448577881,0.0,0.0,0.001986205577850342,0.001986205577850342,0.0,0.0,0.0,0.0,0.0,0.0,0.0,0.0,0.0,0.0,0.0,-9.141592979431152
644,3.22,base_to_front_right_shoulder,3,-0.006805138662457466,3.3447582481471727e-09,0.0,0.0,0.0,0.6124624609947205,0.6124624609947205,0.0,0.0,0.0,0.0,0.0,0.0,0.0,0.0,0.0,0.0,0.0,-9.141592979431152
644,3.22,front_right_shoulder_to_arm,7,-0.7873494625091553,0.1563664972782135,-0.7900000214576721,0.0,0.0,-0.33887979388237,-0.33887979388237,0.0,0.0,0.0,0.0,0.0,0.0,0.0,0.0,0.0,0.0,0.0,-9.141592979431152
644,3.22,front_right_arm_to_hand,11,-0.7846323847770691,-0.01500406302511692,-0.7853982448577881,0.0,0.0,-0.012340888381004333,-0.012340888381004333,0.0,0.0,0.0,0.0,0.0,0.0,0.0,0.0,0.0,0.0,0.0,-9.141592979431152
645,3.225,base_to_front_right_shoulder,3,-0.006805173587054014,-3.9931156159411785e-09,0.0,0.0,0.0,0.6124624609947205,0.6124624609947205,0.0,0.0,0.0,0.0,0.0,0.0,0.0,0.0,0.0,0.0,0.0,-9.141592979431152
645,3.225,front_right_shoulder_to_arm,7,-0.7865769863128662,0.15451198816299438,-0.7900000214576721,0.0,0.0,-0.3634936809539795,-0.3634936809539795,0.0,0.0,0.0,0.0,0.0,0.0,0.0,0.0,0.0,0.0,0.0,-9.141592979431152
645,3.225,front_right_arm_to_hand,11,-0.7846323847770691,-7.84784770502256e-09,-0.7853982448577881,0.0,0.0,-0.024071786552667618,-0.024071786552667618,0.0,0.0,0.0,0.0,0.0,0.0,0.0,0.0,0.0,0.0,0.0,-9.141592979431152
646,3.23,base_to_front_right_shoulder,3,-0.00680518290027976,-1.2405860783104572e-09,0.0,0.0,0.0,0.6124656200408936,0.6124656200408936,0.0,0.0,0.0,0.0,0.0,0.0,0.0,0.0,0.0,0.0,0.0,-9.141592979431152
646,3.23,front_right_shoulder_to_arm,7,-0.7858128547668457,0.1528465449810028,-0.7900000214576721,0.0,0.0,-0.38169217109680176,-0.38169217109680176,0.0,0.0,0.0,0.0,0.0,0.0,0.0,0.0,0.0,0.0,0.0,-9.141592979431152
646,3.23,front_right_arm_to_hand,11,-0.7846323847770691,2.633085749437214e-08,-0.7853982448577881,0.0,0.0,-0.07658597826957703,-0.07658597826957703,0.0,0.0,0.0,0.0,0.0,0.0,0.0,0.0,0.0,0.0,0.0,-9.141592979431152
647,3.235,base_to_front_right_shoulder,3,-0.006805190816521645,-1.150902706470447e-09,0.0,0.0,0.0,0.6124664545059204,0.6124664545059204,0.0,0.0,0.0,0.0,0.0,0.0,0.0,0.0,0.0,0.0,0.0,-9.141592979431152
647,3.235,front_right_shoulder_to_arm,7,-0.7850651741027832,0.14955104887485504,-0.7900000214576721,0.0,0.0,-0.4000067710876465,-0.4000067710876465,0.0,0.0,0.0,0.0,0.0,0.0,0.0,0.0,0.0,0.0,0.0,-9.141592979431152
647,3.235,front_right_arm_to_hand,11,-0.7846323847770691,-1.665141580176055e-09,-0.7853982448577881,0.0,0.0,-0.07658609747886658,-0.07658609747886658,0.0,0.0,0.0,0.0,0.0,0.0,0.0,0.0,0.0,0.0,0.0,-9.141592979431152
648,3.24,base_to_front_right_shoulder,3,-0.0068051982671022415,-1.0964176233585476e-09,0.0,0.0,0.0,0.6124671697616577,0.6124671697616577,0.0,0.0,0.0,0.0,0.0,0.0,0.0,0.0,0.0,0.0,0.0,-9.141592979431152
648,3.24,front_right_shoulder_to_arm,7,-0.7843406200408936,0.14492946863174438,-0.7900000214576721,0.0,0.0,-0.41484516859054565,-0.41484516859054565,0.0,0.0,0.0,0.0,0.0,0.0,0.0,0.0,0.0,0.0,0.0,-9.141592979431152
648,3.24,front_right_arm_to_hand,11,-0.7846323847770691,-1.1925602727558271e-08,-0.7853982448577881,0.0,0.0,-0.07658600062131882,-0.07658600062131882,0.0,0.0,0.0,0.0,0.0,0.0,0.0,0.0,0.0,0.0,0.0,-9.141592979431152
649,3.245,base_to_front_right_shoulder,3,-0.006805204786360264,-1.0733458566392073e-09,0.0,0.0,0.0,0.6124678254127502,0.6124678254127502,0.0,0.0,0.0,0.0,0.0,0.0,0.0,0.0,0.0,0.0,0.0,-9.141592979431152
649,3.245,front_right_shoulder_to_arm,7,-0.783644437789917,0.13925327360630035,-0.7900000214576721,0.0,0.0,-0.4265827536582947,-0.4265827536582947,0.0,0.0,0.0,0.0,0.0,0.0,0.0,0.0,0.0,0.0,0.0,-9.141592979431152
649,3.245,front_right_arm_to_hand,11,-0.7846323847770691,2.220069816871728e-08,-0.7853982448577881,0.0,0.0,-0.07658596336841583,-0.07658596336841583,0.0,0.0,0.0,0.0,0.0,0.0,0.0,0.0,0.0,0.0,0.0,-9.141592979431152
650,3.25,base_to_front_right_shoulder,3,-0.006805210839956999,-9.63134461073878e-10,0.0,0.0,0.0,0.612468421459198,0.612468421459198,0.0,0.0,0.0,0.0,0.0,0.0,0.0,0.0,0.0,0.0,0.0,-9.141592979431152
650,3.25,front_right_shoulder_to_arm,7,-0.7829806804656982,0.13276314735412598,-0.7900000214576721,0.0,0.0,-0.43557488918304443,-0.43557488918304443,0.0,0.0,0.0,0.0,0.0,0.0,0.0,0.0,0.0,0.0,0.0,-9.141592979431152
650,3.25,front_right_arm_to_hand,11,-0.7846323847770691,1.3741463078531524e-08,-0.7853982448577881,0.0,0.0,-0.07658608257770538,-0.07658608257770538,0.0,0.0,0.0,0.0,0.0,0.0,0.0,0.0,0.0,0.0,0.0,-9.141592979431152
651,3.255,base_to_front_right_shoulder,3,-0.0068052164278924465,-9.643650322743724e-10,0.0,0.0,0.0,0.612468957901001,0.612468957901001,0.0,0.0,0.0,0.0,0.0,0.0,0.0,0.0,0.0,0.0,0.0,-9.141592979431152
651,3.255,front_right_shoulder_to_arm,7,-0.7823522090911865,0.12567104399204254,-0.7900000214576721,0.0,0.0,-0.4421533942222595,-0.4421533942222595,0.0,0.0,0.0,0.0,0.0,0.0,0.0,0.0,0.0,0.0,0.0,-9.141592979431152
651,3.255,front_right_arm_to_hand,11,-0.7846323847770691,-5.143797388029725e-09,-0.7853982448577881,0.0,0.0,-0.076586052775383,-0.076586052775383,0.0,0.0,0.0,0.0,0.0,0.0,0.0,0.0,0.0,0.0,0.0,-9.141592979431152
652,3.2600000000000002,base_to_front_right_shoulder,3,-0.006805222015827894,-9.502194586730184e-10,0.0,0.0,0.0,0.612469494342804,0.612469494342804,0.0,0.0,0.0,0.0,0.0,0.0,0.0,0.0,0.0,0.0,0.0,-9.141592979431152
652,3.2600000000000002,front_right_shoulder_to_arm,7,-0.7817614078521729,0.11816178262233734,-0.7900000214576721,0.0,0.0,-0.44663017988204956,-0.44663017988204956,0.0,0.0,0.0,0.0,0.0,0.0,0.0,0.0,0.0,0.0,0.0,-9.141592979431152
652,3.2600000000000002,front_right_arm_to_hand,11,-0.7846323847770691,-9.713197357541503e-09,-0.7853982448577881,0.0,0.0,-0.07658599317073822,-0.07658599317073822,0.0,0.0,0.0,0.0,0.0,0.0,0.0,0.0,0.0,0.0,0.0,-9.141592979431152
653,3.265,base_to_front_right_shoulder,3,-0.006805227138102055,-9.220121888198207e-10,0.0,0.0,0.0,0.6124699711799622,0.6124699711799622,0.0,0.0,0.0,0.0,0.0,0.0,0.0,0.0,0.0,0.0,0.0,-9.141592979431152
653,3.265,front_right_shoulder_to_arm,7,-0.7812094688415527,0.11039628833532333,-0.7900000214576721,0.0,0.0,-0.4492805004119873,-0.4492805004119873,0.0,0.0,0.0,0.0,0.0,0.0,0.0,0.0,0.0,0.0,0.0,-9.141592979431152
653,3.265,front_right_arm_to_hand,11,-0.7846323847770691,5.8176299333467796e-09,-0.7853982448577881,0.0,0.0,-0.07658597081899643,-0.07658597081899643,0.0,0.0,0.0,0.0,0.0,0.0,0.0,0.0,0.0,0.0,0.0,-9.141592979431152
654,3.27,base_to_front_right_shoulder,3,-0.006805232260376215,-9.062541828086523e-10,0.0,0.0,0.0,0.6124704480171204,0.6124704480171204,0.0,0.0,0.0,0.0,0.0,0.0,0.0,0.0,0.0,0.0,0.0,-9.141592979431152
654,3.27,front_right_shoulder_to_arm,7,-0.7806968688964844,0.10251249372959137,-0.7900000214576721,0.0,0.0,-0.45036861300468445,-0.45036861300468445,0.0,0.0,0.0,0.0,0.0,0.0,0.0,0.0,0.0,0.0,0.0,-9.141592979431152
654,3.27,front_right_arm_to_hand,11,-0.7846323847770691,-4.1577410958559824e-10,-0.7853982448577881,0.0,0.0,-0.0765860304236412,-0.0765860304236412,0.0,0.0,0.0,0.0,0.0,0.0,0.0,0.0,0.0,0.0,0.0,-9.141592979431152
655,3.275,base_to_front_right_shoulder,3,-0.006805237382650375,-9.230145536776035e-10,0.0,0.0,0.0,0.6124709248542786,0.6124709248542786,0.0,0.0,0.0,0.0,0.0,0.0,0.0,0.0,0.0,0.0,0.0,-9.141592979431152
655,3.275,front_right_shoulder_to_arm,7,-0.7802238464355469,0.09462723881006241,-0.7900000214576721,0.0,0.0,-0.4501363933086395,-0.4501363933086395,0.0,0.0,0.0,0.0,0.0,0.0,0.0,0.0,0.0,0.0,0.0,-9.141592979431152
655,3.275,front_right_arm_to_hand,11,-0.7846323847770691,-3.75566155952356e-09,-0.7853982448577881,0.0,0.0,-0.07658600807189941,-0.07658600807189941,0.0,0.0,0.0,0.0,0.0,0.0,0.0,0.0,0.0,0.0,0.0,-9.141592979431152
656,3.2800000000000002,base_to_front_right_shoulder,3,-0.006805242504924536,-9.472024276035995e-10,0.0,0.0,0.0,0.612471342086792,0.612471342086792,0.0,0.0,0.0,0.0,0.0,0.0,0.0,0.0,0.0,0.0,0.0,-9.141592979431152
656,3.2800000000000002,front_right_shoulder_to_arm,7,-0.7797896862030029,0.08683911710977554,-0.7900000214576721,0.0,0.0,-0.44879329204559326,-0.44879329204559326,0.0,0.0,0.0,0.0,0.0,0.0,0.0,0.0,0.0,0.0,0.0,-9.141592979431152
656,3.2800000000000002,front_right_arm_to_hand,11,-0.7846323847770691,8.32656699145673e-09,-0.7853982448577881,0.0,0.0,-0.07658599317073822,-0.07658599317073822,0.0,0.0,0.0,0.0,0.0,0.0,0.0,0.0,0.0,0.0,0.0,-9.141592979431152
657,3.285,base_to_front_right_shoulder,3,-0.006805247627198696,6.457232970547011e-09,0.0,0.0,0.0,0.6124718189239502,0.6124718189239502,0.0,0.0,0.0,0.0,0.0,0.0,0.0,0.0,0.0,0.0,0.0,-9.141592979431152
657,3.285,front_right_shoulder_to_arm,7,-0.7793934345245361,0.07922903448343277,-0.7900000214576721,0.0,0.0,-0.44654175639152527,-0.44654175639152527,0.0,0.0,0.0,0.0,0.0,0.0,0.0,0.0,0.0,0.0,0.0,-9.141592979431152
657,3.285,front_right_arm_to_hand,11,-0.7846323847770691,-6.393601204024435e-10,-0.7853982448577881,0.0,0.0,-0.0765860378742218,-0.0765860378742218,0.0,0.0,0.0,0.0,0.0,0.0,0.0,0.0,0.0,0.0,0.0,-9.141592979431152
658,3.29,base_to_front_right_shoulder,3,-0.006805253215134144,-9.763670982820827e-10,0.0,0.0,0.0,0.6124722361564636,0.6124722361564636,0.0,0.0,0.0,0.0,0.0,0.0,0.0,0.0,0.0,0.0,0.0,-9.141592979431152
658,3.29,front_right_shoulder_to_arm,7,-0.7790341377258301,0.07186244428157806,-0.7900000214576721,0.0,0.0,-0.4435581564903259,-0.4435581564903259,0.0,0.0,0.0,0.0,0.0,0.0,0.0,0.0,0.0,0.0,0.0,-9.141592979431152
658,3.29,front_right_arm_to_hand,11,-0.7846323847770691,-8.256752614954621e-09,-0.7853982448577881,0.0,0.0,-0.07658600807189941,-0.07658600807189941,0.0,0.0,0.0,0.0,0.0,0.0,0.0,0.0,0.0,0.0,0.0,-9.141592979431152
659,3.295,base_to_front_right_shoulder,3,-0.0068052588030695915,6.459269119574174e-09,0.0,0.0,0.0,0.6124727725982666,0.6124727725982666,0.0,0.0,0.0,0.0,0.0,0.0,0.0,0.0,0.0,0.0,0.0,-9.141592979431152
659,3.295,front_right_shoulder_to_arm,7,-0.778710126876831,0.06479186564683914,-0.7900000214576721,0.0,0.0,-0.4399902820587158,-0.4399902820587158,0.0,0.0,0.0,0.0,0.0,0.0,0.0,0.0,0.0,0.0,0.0,-9.141592979431152
659,3.295,front_right_arm_to_hand,11,-0.7846323847770691,-2.5587978402796807e-09,-0.7853982448577881,0.0,0.0,-0.07658597826957703,-0.07658597826957703,0.0,0.0,0.0,0.0,0.0,0.0,0.0,0.0,0.0,0.0,0.0,-9.141592979431152
660,3.3000000000000003,base_to_front_right_shoulder,3,-0.006805264391005039,-1.0011285134226e-09,0.0,0.0,0.0,0.6124732494354248,0.6124732494354248,0.0,0.0,0.0,0.0,0.0,0.0,0.0,0.0,0.0,0.0,0.0,-9.141592979431152
660,3.3000000000000003,front_right_shoulder_to_arm,7,-0.7784197330474854,0.05805722996592522,-0.7900000214576721,0.0,0.0,-0.43598198890686035,-0.43598198890686035,0.0,0.0,0.0,0.0,0.0,0.0,0.0,0.0,0.0,0.0,0.0,-9.141592979431152
660,3.3000000000000003,front_right_arm_to_hand,11,-0.7846323847770691,-2.692517542257633e-09,-0.7853982448577881,0.0,0.0,-0.07658600062131882,-0.07658600062131882,0.0,0.0,0.0,0.0,0.0,0.0,0.0,0.0,0.0,0.0,0.0,-9.141592979431152
661,3.305,base_to_front_right_shoulder,3,-0.006805270444601774,-1.0033769370920709e-09,0.0,0.0,0.0,0.6124737858772278,0.6124737858772278,0.0,0.0,0.0,0.0,0.0,0.0,0.0,0.0,0.0,0.0,0.0,-9.141592979431152
661,3.305,front_right_shoulder_to_arm,7,-0.7781612873077393,0.05168786644935608,-0.7900000214576721,0.0,0.0,-0.4316539466381073,-0.4316539466381073,0.0,0.0,0.0,0.0,0.0,0.0,0.0,0.0,0.0,0.0,0.0,-9.141592979431152
661,3.305,front_right_arm_to_hand,11,-0.7846323847770691,-3.246575230875237e-09,-0.7853982448577881,0.0,0.0,-0.07658600062131882,-0.07658600062131882,0.0,0.0,0.0,0.0,0.0,0.0,0.0,0.0,0.0,0.0,0.0,-9.141592979431152
662,3.31,base_to_front_right_shoulder,3,-0.006805276498198509,-1.0320899690441365e-09,0.0,0.0,0.0,0.6124743223190308,0.6124743223190308,0.0,0.0,0.0,0.0,0.0,0.0,0.0,0.0,0.0,0.0,0.0,-9.141592979431152
662,3.31,front_right_shoulder_to_arm,7,-0.77793288230896,0.04570420831441879,-0.7900000214576721,0.0,0.0,-0.4271070957183838,-0.4271070957183838,0.0,0.0,0.0,0.0,0.0,0.0,0.0,0.0,0.0,0.0,0.0,-9.141592979431152
662,3.31,front_right_arm_to_hand,11,-0.7846323847770691,-2.0842239045748556e-09,-0.7853982448577881,0.0,0.0,-0.07658599317073822,-0.07658599317073822,0.0,0.0,0.0,0.0,0.0,0.0,0.0,0.0,0.0,0.0,0.0,-9.141592979431152
663,3.315,base_to_front_right_shoulder,3,-0.0068052830174565315,-1.0354745949570088e-09,0.0,0.0,0.0,0.6124748587608337,0.6124748587608337,0.0,0.0,0.0,0.0,0.0,0.0,0.0,0.0,0.0,0.0,0.0,-9.141592979431152
663,3.315,front_right_shoulder_to_arm,7,-0.7777323722839355,0.040118664503097534,-0.7900000214576721,0.0,0.0,-0.42243269085884094,-0.42243269085884094,0.0,0.0,0.0,0.0,0.0,0.0,0.0,0.0,0.0,0.0,0.0,-9.141592979431152
663,3.315,front_right_arm_to_hand,11,-0.7846323847770691,3.4240943413976765e-09,-0.7853982448577881,0.0,0.0,-0.07658600062131882,-0.07658600062131882,0.0,0.0,0.0,0.0,0.0,0.0,0.0,0.0,0.0,0.0,0.0,-9.141592979431152
664,3.3200000000000003,base_to_front_right_shoulder,3,-0.006805289536714554,-1.1059575477645467e-09,0.0,0.0,0.0,0.6124754548072815,0.6124754548072815,0.0,0.0,0.0,0.0,0.0,0.0,0.0,0.0,0.0,0.0,0.0,-9.141592979431152
664,3.3200000000000003,front_right_shoulder_to_arm,7,-0.7775576114654541,0.03493628278374672,-0.7900000214576721,0.0,0.0,-0.4177137017250061,-0.4177137017250061,0.0,0.0,0.0,0.0,0.0,0.0,0.0,0.0,0.0,0.0,0.0,-9.141592979431152
664,3.3200000000000003,front_right_arm_to_hand,11,-0.7846323847770691,2.7561355420147038e-09,-0.7853982448577881,0.0,0.0,-0.07658602297306061,-0.07658602297306061,0.0,0.0,0.0,0.0,0.0,0.0,0.0,0.0,0.0,0.0,0.0,-9.141592979431152
665,3.325,base_to_front_right_shoulder,3,-0.0068052965216338634,-1.1035945490789345e-09,0.0,0.0,0.0,0.6124760508537292,0.6124760508537292,0.0,0.0,0.0,0.0,0.0,0.0,0.0,0.0,0.0,0.0,0.0,-9.141592979431152
665,3.325,front_right_shoulder_to_arm,7,-0.7774069309234619,0.030156023800373077,-0.7900000214576721,0.0,0.0,-0.413019597530365,-0.413019597530365,0.0,0.0,0.0,0.0,0.0,0.0,0.0,0.0,0.0,0.0,0.0,-9.141592979431152
665,3.325,front_right_arm_to_hand,11,-0.7846323847770691,-3.0325368882699877e-09,-0.7853982448577881,0.0,0.0,-0.07658601552248001,-0.07658601552248001,0.0,0.0,0.0,0.0,0.0,0.0,0.0,0.0,0.0,0.0,0.0,-9.141592979431152
666,3.33,base_to_front_right_shoulder,3,-0.006805303506553173,-1.1176610748009352e-09,0.0,0.0,0.0,0.6124767065048218,0.6124767065048218,0.0,0.0,0.0,0.0,0.0,0.0,0.0,0.0,0.0,0.0,0.0,-9.141592979431152
666,3.33,front_right_shoulder_to_arm,7,-0.7772781848907471,0.02577279321849346,-0.7900000214576721,0.0,0.0,-0.4083951711654663,-0.4083951711654663,0.0,0.0,0.0,0.0,0.0,0.0,0.0,0.0,0.0,0.0,0.0,-9.141592979431152
666,3.33,front_right_arm_to_hand,11,-0.7846323847770691,-8.295630293808642e-10,-0.7853982448577881,0.0,0.0,-0.07658600062131882,-0.07658600062131882,0.0,0.0,0.0,0.0,0.0,0.0,0.0,0.0,0.0,0.0,0.0,-9.141592979431152
667,3.335,base_to_front_right_shoulder,3,-0.00680531095713377,6.294833099218522e-09,0.0,0.0,0.0,0.6124773025512695,0.6124773025512695,0.0,0.0,0.0,0.0,0.0,0.0,0.0,0.0,0.0,0.0,0.0,-9.141592979431152
667,3.335,front_right_shoulder_to_arm,7,-0.7771692276000977,0.02177705243229866,-0.7900000214576721,0.0,0.0,-0.40389108657836914,-0.40389108657836914,0.0,0.0,0.0,0.0,0.0,0.0,0.0,0.0,0.0,0.0,0.0,-9.141592979431152
667,3.335,front_right_arm_to_hand,11,-0.7846323847770691,-3.0816664775557e-09,-0.7853982448577881,0.0,0.0,-0.07658600807189941,-0.07658600807189941,0.0,0.0,0.0,0.0,0.0,0.0,0.0,0.0,0.0,0.0,0.0,-9.141592979431152
668,3.34,base_to_front_right_shoulder,3,-0.006805318407714367,-1.1588956461139333e-09,0.0,0.0,0.0,0.6124778985977173,0.6124778985977173,0.0,0.0,0.0,0.0,0.0,0.0,0.0,0.0,0.0,0.0,0.0,-9.141592979431152
668,3.34,front_right_shoulder_to_arm,7,-0.77707839012146,0.018155425786972046,-0.7900000214576721,0.0,0.0,-0.39954978227615356,-0.39954978227615356,0.0,0.0,0.0,0.0,0.0,0.0,0.0,0.0,0.0,0.0,0.0,-9.141592979431152
668,3.34,front_right_arm_to_hand,11,-0.7846323847770691,7.934757850769358e-10,-0.7853982448577881,0.0,0.0,-0.07658600062131882,-0.07658600062131882,0.0,0.0,0.0,0.0,0.0,0.0,0.0,0.0,0.0,0.0,0.0,-9.141592979431152
669,3.345,base_to_front_right_shoulder,3,-0.006805326323956251,-1.1934392363244228e-09,0.0,0.0,0.0,0.6124786734580994,0.6124786734580994,0.0,0.0,0.0,0.0,0.0,0.0,0.0,0.0,0.0,0.0,0.0,-9.141592979431152
669,3.345,front_right_shoulder_to_arm,7,-0.7770040035247803,0.014892565086483955,-0.7900000214576721,0.0,0.0,-0.3953932225704193,-0.3953932225704193,0.0,0.0,0.0,0.0,0.0,0.0,0.0,0.0,0.0,0.0,0.0,-9.141592979431152
669,3.345,front_right_arm_to_hand,11,-0.7846323847770691,-7.750074193513257e-11,-0.7853982448577881,0.0,0.0,-0.07658600807189941,-0.07658600807189941,0.0,0.0,0.0,0.0,0.0,0.0,0.0,0.0,0.0,0.0,0.0,-9.141592979431152
670,3.35,base_to_front_right_shoulder,3,-0.006805334240198135,-1.2222693968055864e-09,0.0,0.0,0.0,0.6124793887138367,0.6124793887138367,0.0,0.0,0.0,0.0,0.0,0.0,0.0,0.0,0.0,0.0,0.0,-9.141592979431152
670,3.35,front_right_shoulder_to_arm,7,-0.7769441604614258,0.011971465311944485,-0.7900000214576721,0.0,0.0,-0.3914397358894348,-0.3914397358894348,0.0,0.0,0.0,0.0,0.0,0.0,0.0,0.0,0.0,0.0,0.0,-9.141592979431152
670,3.35,front_right_arm_to_hand,11,-0.7846323847770691,-3.1440525738446468e-09,-0.7853982448577881,0.0,0.0,-0.07658600807189941,-0.07658600807189941,0.0,0.0,0.0,0.0,0.0,0.0,0.0,0.0,0.0,0.0,0.0,-9.141592979431152
671,3.355,base_to_front_right_shoulder,3,-0.006805342622101307,-1.2119527603715596e-09,0.0,0.0,0.0,0.612480103969574,0.612480103969574,0.0,0.0,0.0,0.0,0.0,0.0,0.0,0.0,0.0,0.0,0.0,-9.141592979431152
671,3.355,front_right_shoulder_to_arm,7,-0.7768971920013428,0.009373086504638195,-0.7900000214576721,0.0,0.0,-0.3877113163471222,-0.3877113163471222,0.0,0.0,0.0,0.0,0.0,0.0,0.0,0.0,0.0,0.0,0.0,-9.141592979431152
671,3.355,front_right_arm_to_hand,11,-0.7846323847770691,-3.651273949856204e-09,-0.7853982448577881,0.0,0.0,-0.07658600062131882,-0.07658600062131882,0.0,0.0,0.0,0.0,0.0,0.0,0.0,0.0,0.0,0.0,0.0,-9.141592979431152
672,3.36,base_to_front_right_shoulder,3,-0.0068053510040044785,-1.2236989199720938e-09,0.0,0.0,0.0,0.6124808192253113,0.6124808192253113,0.0,0.0,0.0,0.0,0.0,0.0,0.0,0.0,0.0,0.0,0.0,-9.141592979431152
672,3.36,front_right_shoulder_to_arm,7,-0.7768619060516357,0.0070773460902273655,-0.7900000214576721,0.0,0.0,-0.3842194378376007,-0.3842194378376007,0.0,0.0,0.0,0.0,0.0,0.0,0.0,0.0,0.0,0.0,0.0,-9.141592979431152
672,3.36,front_right_arm_to_hand,11,-0.7846323847770691,-3.1085356511084683e-10,-0.7853982448577881,0.0,0.0,-0.07658599317073822,-0.07658599317073822,0.0,0.0,0.0,0.0,0.0,0.0,0.0,0.0,0.0,0.0,0.0,-9.141592979431152
673,3.365,base_to_front_right_shoulder,3,-0.00680535938590765,6.198870305951232e-09,0.0,0.0,0.0,0.6124815940856934,0.6124815940856934,0.0,0.0,0.0,0.0,0.0,0.0,0.0,0.0,0.0,0.0,0.0,-9.141592979431152
673,3.365,front_right_shoulder_to_arm,7,-0.776836633682251,0.0050644404254853725,-0.7900000214576721,0.0,0.0,-0.3809603154659271,-0.3809603154659271,0.0,0.0,0.0,0.0,0.0,0.0,0.0,0.0,0.0,0.0,0.0,-9.141592979431152
673,3.365,front_right_arm_to_hand,11,-0.7846323847770691,1.7421074582912865e-09,-0.7853982448577881,0.0,0.0,-0.07658600807189941,-0.07658600807189941,0.0,0.0,0.0,0.0,0.0,0.0,0.0,0.0,0.0,0.0,0.0,-9.141592979431152
674,3.37,base_to_front_right_shoulder,3,-0.006805368233472109,-1.254445214371458e-09,0.0,0.0,0.0,0.6124823093414307,0.6124823093414307,0.0,0.0,0.0,0.0,0.0,0.0,0.0,0.0,0.0,0.0,0.0,-9.141592979431152
674,3.37,front_right_shoulder_to_arm,7,-0.776820182800293,0.003313610563054681,-0.7900000214576721,0.0,0.0,-0.37794408202171326,-0.37794408202171326,0.0,0.0,0.0,0.0,0.0,0.0,0.0,0.0,0.0,0.0,0.0,-9.141592979431152
674,3.37,front_right_arm_to_hand,11,-0.7846323847770691,2.1938775240926134e-09,-0.7853982448577881,0.0,0.0,-0.07658601552248001,-0.07658601552248001,0.0,0.0,0.0,0.0,0.0,0.0,0.0,0.0,0.0,0.0,0.0,-9.141592979431152
675,3.375,base_to_front_right_shoulder,3,-0.006805377081036568,-1.269653937541193e-09,0.0,0.0,0.0,0.6124831438064575,0.6124831438064575,0.0,0.0,0.0,0.0,0.0,0.0,0.0,0.0,0.0,0.0,0.0,-9.141592979431152
675,3.375,front_right_shoulder_to_arm,7,-0.7768111228942871,0.0018044745083898306,-0.7900000214576721,0.0,0.0,-0.3751656711101532,-0.3751656711101532,0.0,0.0,0.0,0.0,0.0,0.0,0.0,0.0,0.0,0.0,0.0,-9.141592979431152
675,3.375,front_right_arm_to_hand,11,-0.7846323847770691,1.8371352217272374e-09,-0.7853982448577881,0.0,0.0,-0.07658601552248001,-0.07658601552248001,0.0,0.0,0.0,0.0,0.0,0.0,0.0,0.0,0.0,0.0,0.0,-9.141592979431152
676,3.38,base_to_front_right_shoulder,3,-0.0068053859286010265,-1.2816111505387084e-09,0.0,0.0,0.0,0.6124839186668396,0.6124839186668396,0.0,0.0,0.0,0.0,0.0,0.0,0.0,0.0,0.0,0.0,0.0,-9.141592979431152
676,3.38,front_right_shoulder_to_arm,7,-0.776808500289917,0.0005163778550922871,-0.7900000214576721,0.0,0.0,-0.3726274371147156,-0.3726274371147156,0.0,0.0,0.0,0.0,0.0,0.0,0.0,0.0,0.0,0.0,0.0,-9.141592979431152
676,3.38,front_right_arm_to_hand,11,-0.7846323847770691,1.0983380871465442e-09,-0.7853982448577881,0.0,0.0,-0.07658601552248001,-0.07658601552248001,0.0,0.0,0.0,0.0,0.0,0.0,0.0,0.0,0.0,0.0,0.0,-9.141592979431152
677,3.3850000000000002,base_to_front_right_shoulder,3,-0.006805395241826773,-1.3132942511262513e-09,0.0,0.0,0.0,0.6124847531318665,0.6124847531318665,0.0,0.0,0.0,0.0,0.0,0.0,0.0,0.0,0.0,0.0,0.0,-9.141592979431152
677,3.3850000000000002,front_right_shoulder_to_arm,7,-0.7768113613128662,-0.0005703403148800135,-0.7900000214576721,0.0,0.0,-0.37031790614128113,-0.37031790614128113,0.0,0.0,0.0,0.0,0.0,0.0,0.0,0.0,0.0,0.0,0.0,-9.141592979431152
677,3.3850000000000002,front_right_arm_to_hand,11,-0.7846323847770691,1.1132504917910069e-09,-0.7853982448577881,0.0,0.0,-0.07658601552248001,-0.07658601552248001,0.0,0.0,0.0,0.0,0.0,0.0,0.0,0.0,0.0,0.0,0.0,-9.141592979431152
678,3.39,base_to_front_right_shoulder,3,-0.006805404555052519,-1.3020620137638161e-09,0.0,0.0,0.0,0.6124855875968933,0.6124855875968933,0.0,0.0,0.0,0.0,0.0,0.0,0.0,0.0,0.0,0.0,0.0,-9.141592979431152
678,3.39,front_right_shoulder_to_arm,7,-0.7768187522888184,-0.0014745454536750913,-0.7900000214576721,0.0,0.0,-0.36822736263275146,-0.36822736263275146,0.0,0.0,0.0,0.0,0.0,0.0,0.0,0.0,0.0,0.0,0.0,-9.141592979431152
678,3.39,front_right_arm_to_hand,11,-0.7846323847770691,-1.19566495593304e-10,-0.7853982448577881,0.0,0.0,-0.07658601552248001,-0.07658601552248001,0.0,0.0,0.0,0.0,0.0,0.0,0.0,0.0,0.0,0.0,0.0,-9.141592979431152
679,3.395,base_to_front_right_shoulder,3,-0.006805413868278265,6.140043584679233e-09,0.0,0.0,0.0,0.6124864220619202,0.6124864220619202,0.0,0.0,0.0,0.0,0.0,0.0,0.0,0.0,0.0,0.0,0.0,-9.141592979431152
679,3.395,front_right_shoulder_to_arm,7,-0.776829719543457,-0.002214436884969473,-0.7900000214576721,0.0,0.0,-0.36634764075279236,-0.36634764075279236,0.0,0.0,0.0,0.0,0.0,0.0,0.0,0.0,0.0,0.0,0.0,-9.141592979431152
679,3.395,front_right_arm_to_hand,11,-0.7846323847770691,-3.2999374344200305e-09,-0.7853982448577881,0.0,0.0,-0.07658600807189941,-0.07658600807189941,0.0,0.0,0.0,0.0,0.0,0.0,0.0,0.0,0.0,0.0,0.0,-9.141592979431152
680,3.4,base_to_front_right_shoulder,3,-0.006805423181504011,-1.3380270225127333e-09,0.0,0.0,0.0,0.6124871969223022,0.6124871969223022,0.0,0.0,0.0,0.0,0.0,0.0,0.0,0.0,0.0,0.0,0.0,-9.141592979431152
680,3.4,front_right_shoulder_to_arm,7,-0.776843786239624,-0.002807666314765811,-0.7900000214576721,0.0,0.0,-0.3646717369556427,-0.3646717369556427,0.0,0.0,0.0,0.0,0.0,0.0,0.0,0.0,0.0,0.0,0.0,-9.141592979431152
680,3.4,front_right_arm_to_hand,11,-0.7846323847770691,6.521778672663459e-10,-0.7853982448577881,0.0,0.0,-0.07658599317073822,-0.07658599317073822,0.0,0.0,0.0,0.0,0.0,0.0,0.0,0.0,0.0,0.0,0.0,-9.141592979431152
681,3.4050000000000002,base_to_front_right_shoulder,3,-0.006805432494729757,-1.3320164971020176e-09,0.0,0.0,0.0,0.6124880909919739,0.6124880909919739,0.0,0.0,0.0,0.0,0.0,0.0,0.0,0.0,0.0,0.0,0.0,-9.141592979431152
681,3.4050000000000002,front_right_shoulder_to_arm,7,-0.776860237121582,-0.003270180197432637,-0.7900000214576721,0.0,0.0,-0.36318039894104004,-0.36318039894104004,0.0,0.0,0.0,0.0,0.0,0.0,0.0,0.0,0.0,0.0,0.0,-9.141592979431152
681,3.4050000000000002,front_right_arm_to_hand,11,-0.7846323847770691,-2.15221440669211e-09,-0.7853982448577881,0.0,0.0,-0.07658600807189941,-0.07658600807189941,0.0,0.0,0.0,0.0,0.0,0.0,0.0,0.0,0.0,0.0,0.0,-9.141592979431152
682,3.41,base_to_front_right_shoulder,3,-0.006805442273616791,-1.3385210717586915e-09,0.0,0.0,0.0,0.6124889254570007,0.6124889254570007,0.0,0.0,0.0,0.0,0.0,0.0,0.0,0.0,0.0,0.0,0.0,-9.141592979431152
682,3.41,front_right_shoulder_to_arm,7,-0.7768783569335938,-0.0036171525716781616,-0.7900000214576721,0.0,0.0,-0.3618641197681427,-0.3618641197681427,0.0,0.0,0.0,0.0,0.0,0.0,0.0,0.0,0.0,0.0,0.0,-9.141592979431152
682,3.41,front_right_arm_to_hand,11,-0.7846323847770691,9.255813893105369e-10,-0.7853982448577881,0.0,0.0,-0.07658600062131882,-0.07658600062131882,0.0,0.0,0.0,0.0,0.0,0.0,0.0,0.0,0.0,0.0,0.0,-9.141592979431152
683,3.415,base_to_front_right_shoulder,3,-0.006805452052503824,6.097233828938897e-09,0.0,0.0,0.0,0.6124898195266724,0.6124898195266724,0.0,0.0,0.0,0.0,0.0,0.0,0.0,0.0,0.0,0.0,0.0,-9.141592979431152
683,3.415,front_right_shoulder_to_arm,7,-0.776897668838501,-0.0038631076458841562,-0.7900000214576721,0.0,0.0,-0.3607148826122284,-0.3607148826122284,0.0,0.0,0.0,0.0,0.0,0.0,0.0,0.0,0.0,0.0,0.0,-9.141592979431152
683,3.415,front_right_arm_to_hand,11,-0.7846323847770691,8.060189182756972e-10,-0.7853982448577881,0.0,0.0,-0.07658600807189941,-0.07658600807189941,0.0,0.0,0.0,0.0,0.0,0.0,0.0,0.0,0.0,0.0,0.0,-9.141592979431152
684,3.42,base_to_front_right_shoulder,3,-0.006805461831390858,-1.3422344347091553e-09,0.0,0.0,0.0,0.6124906539916992,0.6124906539916992,0.0,0.0,0.0,0.0,0.0,0.0,0.0,0.0,0.0,0.0,0.0,-9.141592979431152
684,3.42,front_right_shoulder_to_arm,7,-0.7769176959991455,-0.004021364729851484,-0.7900000214576721,0.0,0.0,-0.3597191274166107,-0.3597191274166107,0.0,0.0,0.0,0.0,0.0,0.0,0.0,0.0,0.0,0.0,0.0,-9.141592979431152
684,3.42,front_right_arm_to_hand,11,-0.7846323847770691,-1.0753062884560904e-09,-0.7853982448577881,0.0,0.0,-0.07658600807189941,-0.07658600807189941,0.0,0.0,0.0,0.0,0.0,0.0,0.0,0.0,0.0,0.0,0.0,-9.141592979431152
685,3.4250000000000003,base_to_front_right_shoulder,3,-0.006805471610277891,-1.3606937798726904e-09,0.0,0.0,0.0,0.6124915480613708,0.6124915480613708,0.0,0.0,0.0,0.0,0.0,0.0,0.0,0.0,0.0,0.0,0.0,-9.141592979431152
685,3.4250000000000003,front_right_shoulder_to_arm,7,-0.7769381999969482,-0.004104313440620899,-0.7900000214576721,0.0,0.0,-0.3588655889034271,-0.3588655889034271,0.0,0.0,0.0,0.0,0.0,0.0,0.0,0.0,0.0,0.0,0.0,-9.141592979431152
685,3.4250000000000003,front_right_arm_to_hand,11,-0.7846323847770691,1.700553031724894e-10,-0.7853982448577881,0.0,0.0,-0.07658600062131882,-0.07658600062131882,0.0,0.0,0.0,0.0,0.0,0.0,0.0,0.0,0.0,0.0,0.0,-9.141592979431152
686,3.43,base_to_front_right_shoulder,3,-0.006805481389164925,-1.3619985139712298e-09,0.0,0.0,0.0,0.6124924421310425,0.6124924421310425,0.0,0.0,0.0,0.0,0.0,0.0,0.0,0.0,0.0,0.0,0.0,-9.141592979431152
686,3.43,front_right_shoulder_to_arm,7,-0.776958703994751,-0.004122908692806959,-0.7900000214576721,0.0,0.0,-0.3581380248069763,-0.3581380248069763,0.0,0.0,0.0,0.0,0.0,0.0,0.0,0.0,0.0,0.0,0.0,-9.141592979431152
686,3.43,front_right_arm_to_hand,11,-0.7846323847770691,1.5947128062521188e-09,-0.7853982448577881,0.0,0.0,-0.07658600807189941,-0.07658600807189941,0.0,0.0,0.0,0.0,0.0,0.0,0.0,0.0,0.0,0.0,0.0,-9.141592979431152
687,3.435,base_to_front_right_shoulder,3,-0.006805491168051958,-1.3636859419463576e-09,0.0,0.0,0.0,0.6124933362007141,0.6124933362007141,0.0,0.0,0.0,0.0,0.0,0.0,0.0,0.0,0.0,0.0,0.0,-9.141592979431152
687,3.435,front_right_shoulder_to_arm,7,-0.7769792079925537,-0.004087545443326235,-0.7900000214576721,0.0,0.0,-0.35752952098846436,-0.35752952098846436,0.0,0.0,0.0,0.0,0.0,0.0,0.0,0.0,0.0,0.0,0.0,-9.141592979431152
687,3.435,front_right_arm_to_hand,11,-0.7846323847770691,9.518017485277142e-10,-0.7853982448577881,0.0,0.0,-0.07658601552248001,-0.07658601552248001,0.0,0.0,0.0,0.0,0.0,0.0,0.0,0.0,0.0,0.0,0.0,-9.141592979431152
688,3.44,base_to_front_right_shoulder,3,-0.0068055009469389915,-1.3634541273788159e-09,0.0,0.0,0.0,0.6124942302703857,0.6124942302703857,0.0,0.0,0.0,0.0,0.0,0.0,0.0,0.0,0.0,0.0,0.0,-9.141592979431152
688,3.44,front_right_shoulder_to_arm,7,-0.7769992351531982,-0.004006943199783564,-0.7900000214576721,0.0,0.0,-0.3570208251476288,-0.3570208251476288,0.0,0.0,0.0,0.0,0.0,0.0,0.0,0.0,0.0,0.0,0.0,-9.141592979431152
688,3.44,front_right_arm_to_hand,11,-0.7846323847770691,1.555668927011311e-09,-0.7853982448577881,0.0,0.0,-0.07658600807189941,-0.07658600807189941,0.0,0.0,0.0,0.0,0.0,0.0,0.0,0.0,0.0,0.0,0.0,-9.141592979431152
689,3.4450000000000003,base_to_front_right_shoulder,3,-0.006805510725826025,-1.3560572664772508e-09,0.0,0.0,0.0,0.6124950647354126,0.6124950647354126,0.0,0.0,0.0,0.0,0.0,0.0,0.0,0.0,0.0,0.0,0.0,-9.141592979431152
689,3.4450000000000003,front_right_shoulder_to_arm,7,-0.7770187854766846,-0.0038895676843822002,-0.7900000214576721,0.0,0.0,-0.35660916566848755,-0.35660916566848755,0.0,0.0,0.0,0.0,0.0,0.0,0.0,0.0,0.0,0.0,0.0,-9.141592979431152
689,3.4450000000000003,front_right_arm_to_hand,11,-0.7846323847770691,-6.640847871608457e-10,-0.7853982448577881,0.0,0.0,-0.07658601552248001,-0.07658601552248001,0.0,0.0,0.0,0.0,0.0,0.0,0.0,0.0,0.0,0.0,0.0,-9.141592979431152
690,3.45,base_to_front_right_shoulder,3,-0.0068055205047130585,-1.3685161892595943e-09,0.0,0.0,0.0,0.6124959588050842,0.6124959588050842,0.0,0.0,0.0,0.0,0.0,0.0,0.0,0.0,0.0,0.0,0.0,-9.141592979431152
690,3.45,front_right_shoulder_to_arm,7,-0.7770373821258545,-0.003742549568414688,-0.7900000214576721,0.0,0.0,-0.3562788963317871,-0.3562788963317871,0.0,0.0,0.0,0.0,0.0,0.0,0.0,0.0,0.0,0.0,0.0,-9.141592979431152
690,3.45,front_right_arm_to_hand,11,-0.7846323847770691,4.672924269755185e-10,-0.7853982448577881,0.0,0.0,-0.07658600807189941,-0.07658600807189941,0.0,0.0,0.0,0.0,0.0,0.0,0.0,0.0,0.0,0.0,0.0,-9.141592979431152
691,3.455,base_to_front_right_shoulder,3,-0.006805530283600092,6.083133108347738e-09,0.0,0.0,0.0,0.6124968528747559,0.6124968528747559,0.0,0.0,0.0,0.0,0.0,0.0,0.0,0.0,0.0,0.0,0.0,-9.141592979431152
691,3.455,front_right_shoulder_to_arm,7,-0.7770552635192871,-0.003573041409254074,-0.7900000214576721,0.0,0.0,-0.3560301959514618,-0.3560301959514618,0.0,0.0,0.0,0.0,0.0,0.0,0.0,0.0,0.0,0.0,0.0,-9.141592979431152
691,3.455,front_right_arm_to_hand,11,-0.7846323847770691,-9.091279951078945e-10,-0.7853982448577881,0.0,0.0,-0.07658600807189941,-0.07658600807189941,0.0,0.0,0.0,0.0,0.0,0.0,0.0,0.0,0.0,0.0,0.0,-9.141592979431152
692,3.46,base_to_front_right_shoulder,3,-0.006805540062487125,-1.3706561441395593e-09,0.0,0.0,0.0,0.6124976873397827,0.6124976873397827,0.0,0.0,0.0,0.0,0.0,0.0,0.0,0.0,0.0,0.0,0.0,-9.141592979431152
692,3.46,front_right_shoulder_to_arm,7,-0.7770721912384033,-0.0033864593133330345,-0.7900000214576721,0.0,0.0,-0.35584309697151184,-0.35584309697151184,0.0,0.0,0.0,0.0,0.0,0.0,0.0,0.0,0.0,0.0,0.0,-9.141592979431152
692,3.46,front_right_arm_to_hand,11,-0.7846323847770691,-2.9356239661382233e-10,-0.7853982448577881,0.0,0.0,-0.07658600807189941,-0.07658600807189941,0.0,0.0,0.0,0.0,0.0,0.0,0.0,0.0,0.0,0.0,0.0,-9.141592979431152
693,3.465,base_to_front_right_shoulder,3,-0.006805549841374159,-1.3735111936696853e-09,0.0,0.0,0.0,0.6124985814094543,0.6124985814094543,0.0,0.0,0.0,0.0,0.0,0.0,0.0,0.0,0.0,0.0,0.0,-9.141592979431152
693,3.465,front_right_shoulder_to_arm,7,-0.7770881652832031,-0.0031879127491265535,-0.7900000214576721,0.0,0.0,-0.3557142913341522,-0.3557142913341522,0.0,0.0,0.0,0.0,0.0,0.0,0.0,0.0,0.0,0.0,0.0,-9.141592979431152
693,3.465,front_right_arm_to_hand,11,-0.7846323847770691,1.097182233955607e-09,-0.7853982448577881,0.0,0.0,-0.07658600807189941,-0.07658600807189941,0.0,0.0,0.0,0.0,0.0,0.0,0.0,0.0,0.0,0.0,0.0,-9.141592979431152
694,3.47,base_to_front_right_shoulder,3,-0.006805559620261192,3.4117229041896735e-09,0.0,0.0,0.0,0.612499475479126,0.612499475479126,0.0,0.0,0.0,0.0,0.0,0.0,0.0,0.0,0.0,0.0,0.0,-9.141592979431152
694,3.47,front_right_shoulder_to_arm,7,-0.7771031856536865,-0.0029817228205502033,-0.7900000214576721,0.0,0.0,-0.35563433170318604,-0.35563433170318604,0.0,0.0,0.0,0.0,0.0,0.0,0.0,0.0,0.0,0.0,0.0,-9.141592979431152
694,3.47,front_right_arm_to_hand,11,-0.7846323847770691,-1.0798590910354733e-09,-0.7853982448577881,0.0,0.0,-0.07658601552248001,-0.07658601552248001,0.0,0.0,0.0,0.0,0.0,0.0,0.0,0.0,0.0,0.0,0.0,-9.141592979431152
695,3.475,base_to_front_right_shoulder,3,-0.006805569399148226,-4.049744983802839e-09,0.0,0.0,0.0,0.6125003695487976,0.6125003695487976,0.0,0.0,0.0,0.0,0.0,0.0,0.0,0.0,0.0,0.0,0.0,-9.141592979431152
695,3.475,front_right_shoulder_to_arm,7,-0.7771170139312744,-0.0027714823372662067,-0.7900000214576721,0.0,0.0,-0.355595201253891,-0.355595201253891,0.0,0.0,0.0,0.0,0.0,0.0,0.0,0.0,0.0,0.0,0.0,-9.141592979431152
695,3.475,front_right_arm_to_hand,11,-0.7846323847770691,7.633538245954696e-11,-0.7853982448577881,0.0,0.0,-0.07658600062131882,-0.07658600062131882,0.0,0.0,0.0,0.0,0.0,0.0,0.0,0.0,0.0,0.0,0.0,-9.141592979431152
696,3.48,base_to_front_right_shoulder,3,-0.006805579178035259,-4.053597901787498e-09,0.0,0.0,0.0,0.6125012636184692,0.6125012636184692,0.0,0.0,0.0,0.0,0.0,0.0,0.0,0.0,0.0,0.0,0.0,-9.141592979431152
696,3.48,front_right_shoulder_to_arm,7,-0.7771298885345459,-0.002560807392001152,-0.7900000214576721,0.0,0.0,-0.35559695959091187,-0.35559695959091187,0.0,0.0,0.0,0.0,0.0,0.0,0.0,0.0,0.0,0.0,0.0,-9.141592979431152
696,3.48,front_right_arm_to_hand,11,-0.7846323847770691,3.8855008099858424e-10,-0.7853982448577881,0.0,0.0,-0.07658600807189941,-0.07658600807189941,0.0,0.0,0.0,0.0,0.0,0.0,0.0,0.0,0.0,0.0,0.0,-9.141592979431152
697,3.485,base_to_front_right_shoulder,3,-0.006805588956922293,-4.045775270355989e-09,0.0,0.0,0.0,0.6125020980834961,0.6125020980834961,0.0,0.0,0.0,0.0,0.0,0.0,0.0,0.0,0.0,0.0,0.0,-9.141592979431152
697,3.485,front_right_shoulder_to_arm,7,-0.7771415710449219,-0.002352131763473153,-0.7900000214576721,0.0,0.0,-0.3556262254714966,-0.3556262254714966,0.0,0.0,0.0,0.0,0.0,0.0,0.0,0.0,0.0,0.0,0.0,-9.141592979431152
697,3.485,front_right_arm_to_hand,11,-0.7846323847770691,-1.0078126111423558e-09,-0.7853982448577881,0.0,0.0,-0.07658600807189941,-0.07658600807189941,0.0,0.0,0.0,0.0,0.0,0.0,0.0,0.0,0.0,0.0,0.0,-9.141592979431152
698,3.49,base_to_front_right_shoulder,3,-0.006805598735809326,-4.046945445423944e-09,0.0,0.0,0.0,0.6125029921531677,0.6125029921531677,0.0,0.0,0.0,0.0,0.0,0.0,0.0,0.0,0.0,0.0,0.0,-9.141592979431152
698,3.49,front_right_shoulder_to_arm,7,-0.7771522998809814,-0.00214810436591506,-0.7900000214576721,0.0,0.0,-0.35568517446517944,-0.35568517446517944,0.0,0.0,0.0,0.0,0.0,0.0,0.0,0.0,0.0,0.0,0.0,-9.141592979431152
698,3.49,front_right_arm_to_hand,11,-0.7846323847770691,-4.5549525262700286e-10,-0.7853982448577881,0.0,0.0,-0.07658600807189941,-0.07658600807189941,0.0,0.0,0.0,0.0,0.0,0.0,0.0,0.0,0.0,0.0,0.0,-9.141592979431152
699,3.495,base_to_front_right_shoulder,3,-0.00680560851469636,3.4056308884089503e-09,0.0,0.0,0.0,0.6125038862228394,0.6125038862228394,0.0,0.0,0.0,0.0,0.0,0.0,0.0,0.0,0.0,0.0,0.0,-9.141592979431152
699,3.495,front_right_shoulder_to_arm,7,-0.7771620750427246,-0.0019503259100019932,-0.7900000214576721,0.0,0.0,-0.35576221346855164,-0.35576221346855164,0.0,0.0,0.0,0.0,0.0,0.0,0.0,0.0,0.0,0.0,0.0,-9.141592979431152
699,3.495,front_right_arm_to_hand,11,-0.7846323847770691,-2.566729051522998e-10,-0.7853982448577881,0.0,0.0,-0.07658600807189941,-0.07658600807189941,0.0,0.0,0.0,0.0,0.0,0.0,0.0,0.0,0.0,0.0,0.0,-9.141592979431152
700,3.5,base_to_front_right_shoulder,3,-0.006805618293583393,-4.03765687551072e-09,0.0,0.0,0.0,0.612504780292511,0.612504780292511,0.0,0.0,0.0,0.0,0.0,0.0,0.0,0.0,0.0,0.0,0.0,-9.141592979431152
700,3.5,front_right_shoulder_to_arm,7,-0.7771708965301514,-0.0017601874424144626,-0.7900000214576721,0.0,0.0,-0.3558543920516968,-0.3558543920516968,0.0,0.0,0.0,0.0,0.0,0.0,0.0,0.0,0.0,0.0,0.0,-9.141592979431152
700,3.5,front_right_arm_to_hand,11,-0.7846323847770691,-8.341553836554993e-11,-0.7853982448577881,0.0,0.0,-0.07658600807189941,-0.07658600807189941,0.0,0.0,0.0,0.0,0.0,0.0,0.0,0.0,0.0,0.0,0.0,-9.141592979431152
701,3.505,base_to_front_right_shoulder,3,-0.0068056280724704266,3.411120275131907e-09,0.0,0.0,0.0,0.6125056743621826,0.6125056743621826,0.0,0.0,0.0,0.0,0.0,0.0,0.0,0.0,0.0,0.0,0.0,-9.141592979431152
701,3.505,front_right_shoulder_to_arm,7,-0.7771787643432617,-0.0015788172604516149,-0.7900000214576721,0.0,0.0,-0.3559591472148895,-0.3559591472148895,0.0,0.0,0.0,0.0,0.0,0.0,0.0,0.0,0.0,0.0,0.0,-9.141592979431152
701,3.505,front_right_arm_to_hand,11,-0.7846323847770691,9.145278978550664e-10,-0.7853982448577881,0.0,0.0,-0.07658600807189941,-0.07658600807189941,0.0,0.0,0.0,0.0,0.0,0.0,0.0,0.0,0.0,0.0,0.0,-9.141592979431152
702,3.5100000000000002,base_to_front_right_shoulder,3,-0.00680563785135746,-4.040197953969482e-09,0.0,0.0,0.0,0.6125065088272095,0.6125065088272095,0.0,0.0,0.0,0.0,0.0,0.0,0.0,0.0,0.0,0.0,0.0,-9.141592979431152
702,3.5100000000000002,front_right_shoulder_to_arm,7,-0.7771859169006348,-0.0014071743935346603,-0.7900000214576721,0.0,0.0,-0.35607439279556274,-0.35607439279556274,0.0,0.0,0.0,0.0,0.0,0.0,0.0,0.0,0.0,0.0,0.0,-9.141592979431152
702,3.5100000000000002,front_right_arm_to_hand,11,-0.7846323847770691,-3.4684372041127176e-10,-0.7853982448577881,0.0,0.0,-0.07658600807189941,-0.07658600807189941,0.0,0.0,0.0,0.0,0.0,0.0,0.0,0.0,0.0,0.0,0.0,-9.141592979431152
703,3.515,base_to_front_right_shoulder,3,-0.0068056476302444935,3.4063611931145488e-09,0.0,0.0,0.0,0.6125074028968811,0.6125074028968811,0.0,0.0,0.0,0.0,0.0,0.0,0.0,0.0,0.0,0.0,0.0,-9.141592979431152
703,3.515,front_right_shoulder_to_arm,7,-0.7771921157836914,-0.0012454522075131536,-0.7900000214576721,0.0,0.0,-0.3561916649341583,-0.3561916649341583,0.0,0.0,0.0,0.0,0.0,0.0,0.0,0.0,0.0,0.0,0.0,-9.141592979431152
703,3.515,front_right_arm_to_hand,11,-0.7846323847770691,2.3638382362634047e-09,-0.7853982448577881,0.0,0.0,-0.07658600807189941,-0.07658600807189941,0.0,0.0,0.0,0.0,0.0,0.0,0.0,0.0,0.0,0.0,0.0,-9.141592979431152
704,3.52,base_to_front_right_shoulder,3,-0.006805657409131527,-4.048600121819845e-09,0.0,0.0,0.0,0.6125082969665527,0.6125082969665527,0.0,0.0,0.0,0.0,0.0,0.0,0.0,0.0,0.0,0.0,0.0,-9.141592979431152
704,3.52,front_right_shoulder_to_arm,7,-0.7771975994110107,-0.0010944237001240253,-0.7900000214576721,0.0,0.0,-0.35631728172302246,-0.35631728172302246,0.0,0.0,0.0,0.0,0.0,0.0,0.0,0.0,0.0,0.0,0.0,-9.141592979431152
704,3.52,front_right_arm_to_hand,11,-0.7846323847770691,-8.672709772561404e-10,-0.7853982448577881,0.0,0.0,-0.07658601552248001,-0.07658601552248001,0.0,0.0,0.0,0.0,0.0,0.0,0.0,0.0,0.0,0.0,0.0,-9.141592979431152
705,3.525,base_to_front_right_shoulder,3,-0.00680566718801856,3.4097773493613204e-09,0.0,0.0,0.0,0.6125091910362244,0.6125091910362244,0.0,0.0,0.0,0.0,0.0,0.0,0.0,0.0,0.0,0.0,0.0,-9.141592979431152
705,3.525,front_right_shoulder_to_arm,7,-0.7772023677825928,-0.0009541500476188958,-0.7900000214576721,0.0,0.0,-0.3564431369304657,-0.3564431369304657,0.0,0.0,0.0,0.0,0.0,0.0,0.0,0.0,0.0,0.0,0.0,-9.141592979431152
705,3.525,front_right_arm_to_hand,11,-0.7846323847770691,-8.120860650606687e-10,-0.7853982448577881,0.0,0.0,-0.07658600807189941,-0.07658600807189941,0.0,0.0,0.0,0.0,0.0,0.0,0.0,0.0,0.0,0.0,0.0,-9.141592979431152
706,3.5300000000000002,base_to_front_right_shoulder,3,-0.006805676966905594,3.401600778829561e-09,0.0,0.0,0.0,0.6125100255012512,0.6125100255012512,0.0,0.0,0.0,0.0,0.0,0.0,0.0,0.0,0.0,0.0,0.0,-9.141592979431152
706,3.5300000000000002,front_right_shoulder_to_arm,7,-0.7772064208984375,-0.0008246686193160713,-0.7900000214576721,0.0,0.0,-0.3565691113471985,-0.3565691113471985,0.0,0.0,0.0,0.0,0.0,0.0,0.0,0.0,0.0,0.0,0.0,-9.141592979431152
706,3.5300000000000002,front_right_arm_to_hand,11,-0.7846323847770691,1.9825630026559793e-09,-0.7853982448577881,0.0,0.0,-0.07658600807189941,-0.07658600807189941,0.0,0.0,0.0,0.0,0.0,0.0,0.0,0.0,0.0,0.0,0.0,-9.141592979431152
707,3.535,base_to_front_right_shoulder,3,-0.006805686745792627,3.4077354271744298e-09,0.0,0.0,0.0,0.6125109195709229,0.6125109195709229,0.0,0.0,0.0,0.0,0.0,0.0,0.0,0.0,0.0,0.0,0.0,-9.141592979431152
707,3.535,front_right_shoulder_to_arm,7,-0.777209997177124,-0.0007059996714815497,-0.7900000214576721,0.0,0.0,-0.35669517517089844,-0.35669517517089844,0.0,0.0,0.0,0.0,0.0,0.0,0.0,0.0,0.0,0.0,0.0,-9.141592979431152
707,3.535,front_right_arm_to_hand,11,-0.7846323847770691,1.4859868890937378e-10,-0.7853982448577881,0.0,0.0,-0.07658601552248001,-0.07658601552248001,0.0,0.0,0.0,0.0,0.0,0.0,0.0,0.0,0.0,0.0,0.0,-9.141592979431152
708,3.54,base_to_front_right_shoulder,3,-0.006805696524679661,3.396586567561144e-09,0.0,0.0,0.0,0.6125118136405945,0.6125118136405945,0.0,0.0,0.0,0.0,0.0,0.0,0.0,0.0,0.0,0.0,0.0,-9.141592979431152
708,3.54,front_right_shoulder_to_arm,7,-0.7772130966186523,-0.0005975835956633091,-0.7900000214576721,0.0,0.0,-0.35681459307670593,-0.35681459307670593,0.0,0.0,0.0,0.0,0.0,0.0,0.0,0.0,0.0,0.0,0.0,-9.141592979431152
708,3.54,front_right_arm_to_hand,11,-0.7846323847770691,1.2157319595473837e-10,-0.7853982448577881,0.0,0.0,-0.07658600807189941,-0.07658600807189941,0.0,0.0,0.0,0.0,0.0,0.0,0.0,0.0,0.0,0.0,0.0,-9.141592979431152
709,3.545,base_to_front_right_shoulder,3,-0.006805706303566694,-4.051259772097637e-09,0.0,0.0,0.0,0.6125127077102661,0.6125127077102661,0.0,0.0,0.0,0.0,0.0,0.0,0.0,0.0,0.0,0.0,0.0,-9.141592979431152
709,3.545,front_right_shoulder_to_arm,7,-0.7772154808044434,-0.0004989691660739481,-0.7900000214576721,0.0,0.0,-0.35692837834358215,-0.35692837834358215,0.0,0.0,0.0,0.0,0.0,0.0,0.0,0.0,0.0,0.0,0.0,-9.141592979431152
709,3.545,front_right_arm_to_hand,11,-0.7846323847770691,5.597219354669392e-10,-0.7853982448577881,0.0,0.0,-0.07658600807189941,-0.07658600807189941,0.0,0.0,0.0,0.0,0.0,0.0,0.0,0.0,0.0,0.0,0.0,-9.141592979431152
710,3.5500000000000003,base_to_front_right_shoulder,3,-0.006805716082453728,-4.047616908309237e-09,0.0,0.0,0.0,0.612513542175293,0.612513542175293,0.0,0.0,0.0,0.0,0.0,0.0,0.0,0.0,0.0,0.0,0.0,-9.141592979431152
710,3.5500000000000003,front_right_shoulder_to_arm,7,-0.7772176265716553,-0.0004103569081053138,-0.7900000214576721,0.0,0.0,-0.3570440411567688,-0.3570440411567688,0.0,0.0,0.0,0.0,0.0,0.0,0.0,0.0,0.0,0.0,0.0,-9.141592979431152
710,3.5500000000000003,front_right_arm_to_hand,11,-0.7846323847770691,-2.4400192977225288e-09,-0.7853982448577881,0.0,0.0,-0.07658600807189941,-0.07658600807189941,0.0,0.0,0.0,0.0,0.0,0.0,0.0,0.0,0.0,0.0,0.0,-9.141592979431152
711,3.555,base_to_front_right_shoulder,3,-0.006805725861340761,-4.041246448593938e-09,0.0,0.0,0.0,0.6125144362449646,0.6125144362449646,0.0,0.0,0.0,0.0,0.0,0.0,0.0,0.0,0.0,0.0,0.0,-9.141592979431152
711,3.555,front_right_shoulder_to_arm,7,-0.777219295501709,-0.0003307126462459564,-0.7900000214576721,0.0,0.0,-0.3571479022502899,-0.3571479022502899,0.0,0.0,0.0,0.0,0.0,0.0,0.0,0.0,0.0,0.0,0.0,-9.141592979431152
711,3.555,front_right_arm_to_hand,11,-0.7846323847770691,-6.323979673261704e-10,-0.7853982448577881,0.0,0.0,-0.07658600062131882,-0.07658600062131882,0.0,0.0,0.0,0.0,0.0,0.0,0.0,0.0,0.0,0.0,0.0,-9.141592979431152
712,3.56,base_to_front_right_shoulder,3,-0.006805735640227795,3.40272920951179e-09,0.0,0.0,0.0,0.6125153303146362,0.6125153303146362,0.0,0.0,0.0,0.0,0.0,0.0,0.0,0.0,0.0,0.0,0.0,-9.141592979431152
712,3.56,front_right_shoulder_to_arm,7,-0.7772204875946045,-0.00025978279882110655,-0.7900000214576721,0.0,0.0,-0.3572485148906708,-0.3572485148906708,0.0,0.0,0.0,0.0,0.0,0.0,0.0,0.0,0.0,0.0,0.0,-9.141592979431152
712,3.56,front_right_arm_to_hand,11,-0.7846323847770691,-3.740706078225742e-10,-0.7853982448577881,0.0,0.0,-0.07658600807189941,-0.07658600807189941,0.0,0.0,0.0,0.0,0.0,0.0,0.0,0.0,0.0,0.0,0.0,-9.141592979431152
713,3.565,base_to_front_right_shoulder,3,-0.006805745419114828,3.4109173263630055e-09,0.0,0.0,0.0,0.6125162243843079,0.6125162243843079,0.0,0.0,0.0,0.0,0.0,0.0,0.0,0.0,0.0,0.0,0.0,-9.141592979431152
713,3.565,front_right_shoulder_to_arm,7,-0.7772214412689209,-0.00019731800421141088,-0.7900000214576721,0.0,0.0,-0.3573463559150696,-0.3573463559150696,0.0,0.0,0.0,0.0,0.0,0.0,0.0,0.0,0.0,0.0,0.0,-9.141592979431152
713,3.565,front_right_arm_to_hand,11,-0.7846323847770691,3.2260211169088393e-10,-0.7853982448577881,0.0,0.0,-0.07658600807189941,-0.07658600807189941,0.0,0.0,0.0,0.0,0.0,0.0,0.0,0.0,0.0,0.0,0.0,-9.141592979431152
714,3.5700000000000003,base_to_front_right_shoulder,3,-0.006805755198001862,3.400673964648604e-09,0.0,0.0,0.0,0.6125170588493347,0.6125170588493347,0.0,0.0,0.0,0.0,0.0,0.0,0.0,0.0,0.0,0.0,0.0,-9.141592979431152
714,3.5700000000000003,front_right_shoulder_to_arm,7,-0.7772221565246582,-0.00014258071314543486,-0.7900000214576721,0.0,0.0,-0.3574351966381073,-0.3574351966381073,0.0,0.0,0.0,0.0,0.0,0.0,0.0,0.0,0.0,0.0,0.0,-9.141592979431152
714,3.5700000000000003,front_right_arm_to_hand,11,-0.7846323847770691,-1.1318752601852111e-09,-0.7853982448577881,0.0,0.0,-0.07658600807189941,-0.07658600807189941,0.0,0.0,0.0,0.0,0.0,0.0,0.0,0.0,0.0,0.0,0.0,-9.141592979431152
715,3.575,base_to_front_right_shoulder,3,-0.006805764976888895,-4.0480871987824685e-09,0.0,0.0,0.0,0.6125179529190063,0.6125179529190063,0.0,0.0,0.0,0.0,0.0,0.0,0.0,0.0,0.0,0.0,0.0,-9.141592979431152
715,3.575,front_right_shoulder_to_arm,7,-0.7772226333618164,-9.489920921623707e-05,-0.7900000214576721,0.0,0.0,-0.35751643776893616,-0.35751643776893616,0.0,0.0,0.0,0.0,0.0,0.0,0.0,0.0,0.0,0.0,0.0,-9.141592979431152
715,3.575,front_right_arm_to_hand,11,-0.7846323847770691,-1.9160866226997086e-09,-0.7853982448577881,0.0,0.0,-0.07658600062131882,-0.07658600062131882,0.0,0.0,0.0,0.0,0.0,0.0,0.0,0.0,0.0,0.0,0.0,-9.141592979431152
716,3.58,base_to_front_right_shoulder,3,-0.0068057747557759285,3.4040716911931668e-09,0.0,0.0,0.0,0.612518846988678,0.612518846988678,0.0,0.0,0.0,0.0,0.0,0.0,0.0,0.0,0.0,0.0,0.0,-9.141592979431152
716,3.58,front_right_shoulder_to_arm,7,-0.7772228717803955,-5.3729312639916316e-05,-0.7900000214576721,0.0,0.0,-0.35759130120277405,-0.35759130120277405,0.0,0.0,0.0,0.0,0.0,0.0,0.0,0.0,0.0,0.0,0.0,-9.141592979431152
716,3.58,front_right_arm_to_hand,11,-0.7846323847770691,-2.6461515201248176e-09,-0.7853982448577881,0.0,0.0,-0.07658600062131882,-0.07658600062131882,0.0,0.0,0.0,0.0,0.0,0.0,0.0,0.0,0.0,0.0,0.0,-9.141592979431152
717,3.585,base_to_front_right_shoulder,3,-0.006805784534662962,3.411590565605138e-09,0.0,0.0,0.0,0.6125197410583496,0.6125197410583496,0.0,0.0,0.0,0.0,0.0,0.0,0.0,0.0,0.0,0.0,0.0,-9.141592979431152
717,3.585,front_right_shoulder_to_arm,7,-0.7772228717803955,-1.860125848907046e-05,-0.7900000214576721,0.0,0.0,-0.35766080021858215,-0.35766080021858215,0.0,0.0,0.0,0.0,0.0,0.0,0.0,0.0,0.0,0.0,0.0,-9.141592979431152
717,3.585,front_right_arm_to_hand,11,-0.7846323847770691,-2.2715501701853213e-10,-0.7853982448577881,0.0,0.0,-0.07658600062131882,-0.07658600062131882,0.0,0.0,0.0,0.0,0.0,0.0,0.0,0.0,0.0,0.0,0.0,-9.141592979431152
718,3.59,base_to_front_right_shoulder,3,-0.006805794313549995,3.4077118904463077e-09,0.0,0.0,0.0,0.6125206351280212,0.6125206351280212,0.0,0.0,0.0,0.0,0.0,0.0,0.0,0.0,0.0,0.0,0.0,-9.141592979431152
718,3.59,front_right_shoulder_to_arm,7,-0.7772228717803955,1.0859558642550837e-05,-0.7900000214576721,0.0,0.0,-0.35772576928138733,-0.35772576928138733,0.0,0.0,0.0,0.0,0.0,0.0,0.0,0.0,0.0,0.0,0.0,-9.141592979431152
718,3.59,front_right_arm_to_hand,11,-0.7846323847770691,-1.6436785266193965e-10,-0.7853982448577881,0.0,0.0,-0.07658600807189941,-0.07658600807189941,0.0,0.0,0.0,0.0,0.0,0.0,0.0,0.0,0.0,0.0,0.0,-9.141592979431152
719,3.595,base_to_front_right_shoulder,3,-0.006805804092437029,3.414319049710457e-09,0.0,0.0,0.0,0.6125214695930481,0.6125214695930481,0.0,0.0,0.0,0.0,0.0,0.0,0.0,0.0,0.0,0.0,0.0,-9.141592979431152
719,3.595,front_right_shoulder_to_arm,7,-0.7772226333618164,3.5565069993026555e-05,-0.7900000214576721,0.0,0.0,-0.3577802777290344,-0.3577802777290344,0.0,0.0,0.0,0.0,0.0,0.0,0.0,0.0,0.0,0.0,0.0,-9.141592979431152
719,3.595,front_right_arm_to_hand,11,-0.7846323847770691,-4.863610070238167e-10,-0.7853982448577881,0.0,0.0,-0.07658600807189941,-0.07658600807189941,0.0,0.0,0.0,0.0,0.0,0.0,0.0,0.0,0.0,0.0,0.0,-9.141592979431152
720,3.6,base_to_front_right_shoulder,3,-0.006805813871324062,3.4068001752984856e-09,0.0,0.0,0.0,0.6125223636627197,0.6125223636627197,0.0,0.0,0.0,0.0,0.0,0.0,0.0,0.0,0.0,0.0,0.0,-9.141592979431152
720,3.6,front_right_shoulder_to_arm,7,-0.7772223949432373,5.567814514506608e-05,-0.7900000214576721,0.0,0.0,-0.357832670211792,-0.357832670211792,0.0,0.0,0.0,0.0,0.0,0.0,0.0,0.0,0.0,0.0,0.0,-9.141592979431152
720,3.6,front_right_arm_to_hand,11,-0.7846323847770691,-1.9453858524087764e-09,-0.7853982448577881,0.0,0.0,-0.07658600807189941,-0.07658600807189941,0.0,0.0,0.0,0.0,0.0,0.0,0.0,0.0,0.0,0.0,0.0,-9.141592979431152
721,3.605,base_to_front_right_shoulder,3,-0.006805823650211096,3.413166638210896e-09,0.0,0.0,0.0,0.6125232577323914,0.6125232577323914,0.0,0.0,0.0,0.0,0.0,0.0,0.0,0.0,0.0,0.0,0.0,-9.141592979431152
721,3.605,front_right_shoulder_to_arm,7,-0.7772219181060791,7.196262595243752e-05,-0.7900000214576721,0.0,0.0,-0.3578765392303467,-0.3578765392303467,0.0,0.0,0.0,0.0,0.0,0.0,0.0,0.0,0.0,0.0,0.0,-9.141592979431152
721,3.605,front_right_arm_to_hand,11,-0.7846323847770691,-1.8296526516081713e-09,-0.7853982448577881,0.0,0.0,-0.07658600062131882,-0.07658600062131882,0.0,0.0,0.0,0.0,0.0,0.0,0.0,0.0,0.0,0.0,0.0,-9.141592979431152
722,3.61,base_to_front_right_shoulder,3,-0.006805833429098129,-4.0440206738878715e-09,0.0,0.0,0.0,0.612524151802063,0.612524151802063,0.0,0.0,0.0,0.0,0.0,0.0,0.0,0.0,0.0,0.0,0.0,-9.141592979431152
722,3.61,front_right_shoulder_to_arm,7,-0.7772214412689209,8.44180176500231e-05,-0.7900000214576721,0.0,0.0,-0.3579200208187103,-0.3579200208187103,0.0,0.0,0.0,0.0,0.0,0.0,0.0,0.0,0.0,0.0,0.0,-9.141592979431152
722,3.61,front_right_arm_to_hand,11,-0.7846323847770691,-1.071329691626488e-09,-0.7853982448577881,0.0,0.0,-0.07658600062131882,-0.07658600062131882,0.0,0.0,0.0,0.0,0.0,0.0,0.0,0.0,0.0,0.0,0.0,-9.141592979431152
723,3.615,base_to_front_right_shoulder,3,-0.006805843207985163,3.4120160030681745e-09,0.0,0.0,0.0,0.6125249862670898,0.6125249862670898,0.0,0.0,0.0,0.0,0.0,0.0,0.0,0.0,0.0,0.0,0.0,-9.141592979431152
723,3.615,front_right_shoulder_to_arm,7,-0.7772209644317627,9.368453902425244e-05,-0.7900000214576721,0.0,0.0,-0.3579564094543457,-0.3579564094543457,0.0,0.0,0.0,0.0,0.0,0.0,0.0,0.0,0.0,0.0,0.0,-9.141592979431152
723,3.615,front_right_arm_to_hand,11,-0.7846323847770691,1.0562057894958343e-09,-0.7853982448577881,0.0,0.0,-0.07658600062131882,-0.07658600062131882,0.0,0.0,0.0,0.0,0.0,0.0,0.0,0.0,0.0,0.0,0.0,-9.141592979431152
724,3.62,base_to_front_right_shoulder,3,-0.006805852986872196,3.412014226711335e-09,0.0,0.0,0.0,0.6125258803367615,0.6125258803367615,0.0,0.0,0.0,0.0,0.0,0.0,0.0,0.0,0.0,0.0,0.0,-9.141592979431152
724,3.62,front_right_shoulder_to_arm,7,-0.7772204875946045,0.00010028128599515185,-0.7900000214576721,0.0,0.0,-0.3579869270324707,-0.3579869270324707,0.0,0.0,0.0,0.0,0.0,0.0,0.0,0.0,0.0,0.0,0.0,-9.141592979431152
724,3.62,front_right_arm_to_hand,11,-0.7846323847770691,4.161488931231361e-10,-0.7853982448577881,0.0,0.0,-0.07658600807189941,-0.07658600807189941,0.0,0.0,0.0,0.0,0.0,0.0,0.0,0.0,0.0,0.0,0.0,-9.141592979431152
725,3.625,base_to_front_right_shoulder,3,-0.00680586276575923,3.4074667532024705e-09,0.0,0.0,0.0,0.6125267744064331,0.6125267744064331,0.0,0.0,0.0,0.0,0.0,0.0,0.0,0.0,0.0,0.0,0.0,-9.141592979431152
725,3.625,front_right_shoulder_to_arm,7,-0.7772200107574463,0.0001046318793669343,-0.7900000214576721,0.0,0.0,-0.35801246762275696,-0.35801246762275696,0.0,0.0,0.0,0.0,0.0,0.0,0.0,0.0,0.0,0.0,0.0,-9.141592979431152
725,3.625,front_right_arm_to_hand,11,-0.7846323847770691,9.675300560729738e-10,-0.7853982448577881,0.0,0.0,-0.07658600807189941,-0.07658600807189941,0.0,0.0,0.0,0.0,0.0,0.0,0.0,0.0,0.0,0.0,0.0,-9.141592979431152
726,3.63,base_to_front_right_shoulder,3,-0.006805872544646263,-4.032869593828536e-09,0.0,0.0,0.0,0.6125276684761047,0.6125276684761047,0.0,0.0,0.0,0.0,0.0,0.0,0.0,0.0,0.0,0.0,0.0,-9.141592979431152
726,3.63,front_right_shoulder_to_arm,7,-0.7772195339202881,0.00010707805631682277,-0.7900000214576721,0.0,0.0,-0.3580338656902313,-0.3580338656902313,0.0,0.0,0.0,0.0,0.0,0.0,0.0,0.0,0.0,0.0,0.0,-9.141592979431152
726,3.63,front_right_arm_to_hand,11,-0.7846323847770691,-1.9369911230526782e-10,-0.7853982448577881,0.0,0.0,-0.07658600807189941,-0.07658600807189941,0.0,0.0,0.0,0.0,0.0,0.0,0.0,0.0,0.0,0.0,0.0,-9.141592979431152
727,3.6350000000000002,base_to_front_right_shoulder,3,-0.006805882323533297,3.4156495409831678e-09,0.0,0.0,0.0,0.6125285029411316,0.6125285029411316,0.0,0.0,0.0,0.0,0.0,0.0,0.0,0.0,0.0,0.0,0.0,-9.141592979431152
727,3.6350000000000002,front_right_shoulder_to_arm,7,-0.7772190570831299,0.00010795649723149836,-0.7900000214576721,0.0,0.0,-0.35805174708366394,-0.35805174708366394,0.0,0.0,0.0,0.0,0.0,0.0,0.0,0.0,0.0,0.0,0.0,-9.141592979431152
727,3.6350000000000002,front_right_arm_to_hand,11,-0.7846323847770691,5.623509991004028e-10,-0.7853982448577881,0.0,0.0,-0.07658600807189941,-0.07658600807189941,0.0,0.0,0.0,0.0,0.0,0.0,0.0,0.0,0.0,0.0,0.0,-9.141592979431152
728,3.64,base_to_front_right_shoulder,3,-0.00680589210242033,3.4056450992636655e-09,0.0,0.0,0.0,0.6125293970108032,0.6125293970108032,0.0,0.0,0.0,0.0,0.0,0.0,0.0,0.0,0.0,0.0,0.0,-9.141592979431152
728,3.64,front_right_shoulder_to_arm,7,-0.7772185802459717,0.00010750713408924639,-0.7900000214576721,0.0,0.0,-0.35806670784950256,-0.35806670784950256,0.0,0.0,0.0,0.0,0.0,0.0,0.0,0.0,0.0,0.0,0.0,-9.141592979431152
728,3.64,front_right_arm_to_hand,11,-0.7846323847770691,1.0844003472954e-09,-0.7853982448577881,0.0,0.0,-0.07658600807189941,-0.07658600807189941,0.0,0.0,0.0,0.0,0.0,0.0,0.0,0.0,0.0,0.0,0.0,-9.141592979431152
729,3.645,base_to_front_right_shoulder,3,-0.0068059018813073635,3.417467198119084e-09,0.0,0.0,0.0,0.6125302910804749,0.6125302910804749,0.0,0.0,0.0,0.0,0.0,0.0,0.0,0.0,0.0,0.0,0.0,-9.141592979431152
729,3.645,front_right_shoulder_to_arm,7,-0.7772181034088135,0.00010593041952233762,-0.7900000214576721,0.0,0.0,-0.3580792546272278,-0.3580792546272278,0.0,0.0,0.0,0.0,0.0,0.0,0.0,0.0,0.0,0.0,0.0,-9.141592979431152
729,3.645,front_right_arm_to_hand,11,-0.7846323847770691,-7.816130381810282e-11,-0.7853982448577881,0.0,0.0,-0.07658601552248001,-0.07658601552248001,0.0,0.0,0.0,0.0,0.0,0.0,0.0,0.0,0.0,0.0,0.0,-9.141592979431152
730,3.65,base_to_front_right_shoulder,3,-0.006805911660194397,3.4147378258353456e-09,0.0,0.0,0.0,0.6125311851501465,0.6125311851501465,0.0,0.0,0.0,0.0,0.0,0.0,0.0,0.0,0.0,0.0,0.0,-9.141592979431152
730,3.65,front_right_shoulder_to_arm,7,-0.7772176265716553,0.00010343223402742296,-0.7900000214576721,0.0,0.0,-0.3580896854400635,-0.3580896854400635,0.0,0.0,0.0,0.0,0.0,0.0,0.0,0.0,0.0,0.0,0.0,-9.141592979431152
730,3.65,front_right_arm_to_hand,11,-0.7846323847770691,-6.650122674756176e-10,-0.7853982448577881,0.0,0.0,-0.07658600807189941,-0.07658600807189941,0.0,0.0,0.0,0.0,0.0,0.0,0.0,0.0,0.0,0.0,0.0,-9.141592979431152
731,3.6550000000000002,base_to_front_right_shoulder,3,-0.0068059214390814304,-4.039480749895574e-09,0.0,0.0,0.0,0.6125320196151733,0.6125320196151733,0.0,0.0,0.0,0.0,0.0,0.0,0.0,0.0,0.0,0.0,0.0,-9.141592979431152
731,3.6550000000000002,front_right_shoulder_to_arm,7,-0.7772171497344971,0.00010015242150984704,-0.7900000214576721,0.0,0.0,-0.35809841752052307,-0.35809841752052307,0.0,0.0,0.0,0.0,0.0,0.0,0.0,0.0,0.0,0.0,0.0,-9.141592979431152
731,3.6550000000000002,front_right_arm_to_hand,11,-0.7846323847770691,-1.9926467142994397e-09,-0.7853982448577881,0.0,0.0,-0.07658600807189941,-0.07658600807189941,0.0,0.0,0.0,0.0,0.0,0.0,0.0,0.0,0.0,0.0,0.0,-9.141592979431152
732,3.66,base_to_front_right_shoulder,3,-0.006805931217968464,-3.4728633302449907e-09,0.0,0.0,0.0,0.612532913684845,0.612532913684845,0.0,0.0,0.0,0.0,0.0,0.0,0.0,0.0,0.0,0.0,0.0,-9.141592979431152
732,3.66,front_right_shoulder_to_arm,7,-0.7772166728973389,9.622851939639077e-05,-0.7900000214576721,0.0,0.0,-0.35810568928718567,-0.35810568928718567,0.0,0.0,0.0,0.0,0.0,0.0,0.0,0.0,0.0,0.0,0.0,-9.141592979431152
732,3.66,front_right_arm_to_hand,11,-0.7846323847770691,2.596208137362055e-09,-0.7853982448577881,0.0,0.0,-0.07658600062131882,-0.07658600062131882,0.0,0.0,0.0,0.0,0.0,0.0,0.0,0.0,0.0,0.0,0.0,-9.141592979431152
733,3.665,base_to_front_right_shoulder,3,-0.006805940996855497,-3.464439402023345e-09,0.0,0.0,0.0,0.6125338077545166,0.6125338077545166,0.0,0.0,0.0,0.0,0.0,0.0,0.0,0.0,0.0,0.0,0.0,-9.141592979431152
733,3.665,front_right_shoulder_to_arm,7,-0.7772161960601807,9.174073784379289e-05,-0.7900000214576721,0.0,0.0,-0.35811176896095276,-0.35811176896095276,0.0,0.0,0.0,0.0,0.0,0.0,0.0,0.0,0.0,0.0,0.0,-9.141592979431152
733,3.665,front_right_arm_to_hand,11,-0.7846323847770691,2.1420948348449542e-10,-0.7853982448577881,0.0,0.0,-0.07658601552248001,-0.07658601552248001,0.0,0.0,0.0,0.0,0.0,0.0,0.0,0.0,0.0,0.0,0.0,-9.141592979431152
734,3.67,base_to_front_right_shoulder,3,-0.006805950775742531,-3.470137066585721e-09,0.0,0.0,0.0,0.6125347018241882,0.6125347018241882,0.0,0.0,0.0,0.0,0.0,0.0,0.0,0.0,0.0,0.0,0.0,-9.141592979431152
734,3.67,front_right_shoulder_to_arm,7,-0.7772157192230225,8.679794700583443e-05,-0.7900000214576721,0.0,0.0,-0.35811683535575867,-0.35811683535575867,0.0,0.0,0.0,0.0,0.0,0.0,0.0,0.0,0.0,0.0,0.0,-9.141592979431152
734,3.67,front_right_arm_to_hand,11,-0.7846323847770691,1.8695645032096309e-10,-0.7853982448577881,0.0,0.0,-0.07658600807189941,-0.07658600807189941,0.0,0.0,0.0,0.0,0.0,0.0,0.0,0.0,0.0,0.0,0.0,-9.141592979431152
735,3.6750000000000003,base_to_front_right_shoulder,3,-0.006805960554629564,3.987718155684661e-09,0.0,0.0,0.0,0.6125355958938599,0.6125355958938599,0.0,0.0,0.0,0.0,0.0,0.0,0.0,0.0,0.0,0.0,0.0,-9.141592979431152
735,3.6750000000000003,front_right_shoulder_to_arm,7,-0.7772152423858643,8.14802260720171e-05,-0.7900000214576721,0.0,0.0,-0.35812103748321533,-0.35812103748321533,0.0,0.0,0.0,0.0,0.0,0.0,0.0,0.0,0.0,0.0,0.0,-9.141592979431152
735,3.6750000000000003,front_right_arm_to_hand,11,-0.7846323847770691,-4.558284860678441e-10,-0.7853982448577881,0.0,0.0,-0.07658600807189941,-0.07658600807189941,0.0,0.0,0.0,0.0,0.0,0.0,0.0,0.0,0.0,0.0,0.0,-9.141592979431152
736,3.68,base_to_front_right_shoulder,3,-0.006805970333516598,3.9931746798060885e-09,0.0,0.0,0.0,0.6125364303588867,0.6125364303588867,0.0,0.0,0.0,0.0,0.0,0.0,0.0,0.0,0.0,0.0,0.0,-9.141592979431152
736,3.68,front_right_shoulder_to_arm,7,-0.777214765548706,7.58336391299963e-05,-0.7900000214576721,0.0,0.0,-0.3581245541572571,-0.3581245541572571,0.0,0.0,0.0,0.0,0.0,0.0,0.0,0.0,0.0,0.0,0.0,-9.141592979431152
736,3.68,front_right_arm_to_hand,11,-0.7846323847770691,-1.6192995833108625e-09,-0.7853982448577881,0.0,0.0,-0.07658600807189941,-0.07658600807189941,0.0,0.0,0.0,0.0,0.0,0.0,0.0,0.0,0.0,0.0,0.0,-9.141592979431152
737,3.685,base_to_front_right_shoulder,3,-0.006805980112403631,3.994322650413551e-09,0.0,0.0,0.0,0.6125373244285583,0.6125373244285583,0.0,0.0,0.0,0.0,0.0,0.0,0.0,0.0,0.0,0.0,0.0,-9.141592979431152
737,3.685,front_right_shoulder_to_arm,7,-0.777214527130127,6.990084511926398e-05,-0.7900000214576721,0.0,0.0,-0.3581274449825287,-0.3581274449825287,0.0,0.0,0.0,0.0,0.0,0.0,0.0,0.0,0.0,0.0,0.0,-9.141592979431152
737,3.685,front_right_arm_to_hand,11,-0.7846323847770691,-4.544960519048402e-10,-0.7853982448577881,0.0,0.0,-0.07658600062131882,-0.07658600062131882,0.0,0.0,0.0,0.0,0.0,0.0,0.0,0.0,0.0,0.0,0.0,-9.141592979431152
738,3.69,base_to_front_right_shoulder,3,-0.006805989891290665,3.994322650413551e-09,0.0,0.0,0.0,0.61253821849823,0.61253821849823,0.0,0.0,0.0,0.0,0.0,0.0,0.0,0.0,0.0,0.0,0.0,-9.141592979431152
738,3.69,front_right_shoulder_to_arm,7,-0.7772142887115479,6.434425449697301e-05,-0.7900000214576721,0.0,0.0,-0.35812315344810486,-0.35812315344810486,0.0,0.0,0.0,0.0,0.0,0.0,0.0,0.0,0.0,0.0,0.0,-9.141592979431152
738,3.69,front_right_arm_to_hand,11,-0.7846323847770691,5.036566164129397e-10,-0.7853982448577881,0.0,0.0,-0.07658600807189941,-0.07658600807189941,0.0,0.0,0.0,0.0,0.0,0.0,0.0,0.0,0.0,0.0,0.0,-9.141592979431152
739,3.6950000000000003,base_to_front_right_shoulder,3,-0.006805999670177698,3.985896501745856e-09,0.0,0.0,0.0,0.6125391125679016,0.6125391125679016,0.0,0.0,0.0,0.0,0.0,0.0,0.0,0.0,0.0,0.0,0.0,-9.141592979431152
739,3.6950000000000003,front_right_shoulder_to_arm,7,-0.7772140502929688,5.9088022680953145e-05,-0.7900000214576721,0.0,0.0,-0.35811954736709595,-0.35811954736709595,0.0,0.0,0.0,0.0,0.0,0.0,0.0,0.0,0.0,0.0,0.0,-9.141592979431152
739,3.6950000000000003,front_right_arm_to_hand,11,-0.7846323847770691,3.802775108696643e-11,-0.7853982448577881,0.0,0.0,-0.07658600807189941,-0.07658600807189941,0.0,0.0,0.0,0.0,0.0,0.0,0.0,0.0,0.0,0.0,0.0,-9.141592979431152
740,3.7,base_to_front_right_shoulder,3,-0.006806009449064732,3.983168017640537e-09,0.0,0.0,0.0,0.6125399470329285,0.6125399470329285,0.0,0.0,0.0,0.0,0.0,0.0,0.0,0.0,0.0,0.0,0.0,-9.141592979431152
740,3.7,front_right_shoulder_to_arm,7,-0.7772138118743896,5.4076775995781645e-05,-0.7900000214576721,0.0,0.0,-0.3581165075302124,-0.3581165075302124,0.0,0.0,0.0,0.0,0.0,0.0,0.0,0.0,0.0,0.0,0.0,-9.141592979431152
740,3.7,front_right_arm_to_hand,11,-0.7846323847770691,-2.496735040935505e-09,-0.7853982448577881,0.0,0.0,-0.07658600807189941,-0.07658600807189941,0.0,0.0,0.0,0.0,0.0,0.0,0.0,0.0,0.0,0.0,0.0,-9.141592979431152
741,3.705,base_to_front_right_shoulder,3,-0.006806019227951765,3.982258522938764e-09,0.0,0.0,0.0,0.6125408411026001,0.6125408411026001,0.0,0.0,0.0,0.0,0.0,0.0,0.0,0.0,0.0,0.0,0.0,-9.141592979431152
741,3.705,front_right_shoulder_to_arm,7,-0.7772135734558105,4.929062561132014e-05,-0.7900000214576721,0.0,0.0,-0.3581139147281647,-0.3581139147281647,0.0,0.0,0.0,0.0,0.0,0.0,0.0,0.0,0.0,0.0,0.0,-9.141592979431152
741,3.705,front_right_arm_to_hand,11,-0.7846323847770691,7.624391673566322e-10,-0.7853982448577881,0.0,0.0,-0.07658600062131882,-0.07658600062131882,0.0,0.0,0.0,0.0,0.0,0.0,0.0,0.0,0.0,0.0,0.0,-9.141592979431152
742,3.71,base_to_front_right_shoulder,3,-0.0068060290068387985,3.994080177704973e-09,0.0,0.0,0.0,0.6125417351722717,0.6125417351722717,0.0,0.0,0.0,0.0,0.0,0.0,0.0,0.0,0.0,0.0,0.0,-9.141592979431152
742,3.71,front_right_shoulder_to_arm,7,-0.7772133350372314,4.468640690902248e-05,-0.7900000214576721,0.0,0.0,-0.35811173915863037,-0.35811173915863037,0.0,0.0,0.0,0.0,0.0,0.0,0.0,0.0,0.0,0.0,0.0,-9.141592979431152
742,3.71,front_right_arm_to_hand,11,-0.7846323847770691,-1.8259824763333654e-09,-0.7853982448577881,0.0,0.0,-0.07658600807189941,-0.07658600807189941,0.0,0.0,0.0,0.0,0.0,0.0,0.0,0.0,0.0,0.0,0.0,-9.141592979431152
743,3.715,base_to_front_right_shoulder,3,-0.006806038785725832,3.987044472353318e-09,0.0,0.0,0.0,0.6125426292419434,0.6125426292419434,0.0,0.0,0.0,0.0,0.0,0.0,0.0,0.0,0.0,0.0,0.0,-9.141592979431152
743,3.715,front_right_shoulder_to_arm,7,-0.7772130966186523,4.0221773815574124e-05,-0.7900000214576721,0.0,0.0,-0.35810989141464233,-0.35810989141464233,0.0,0.0,0.0,0.0,0.0,0.0,0.0,0.0,0.0,0.0,0.0,-9.141592979431152
743,3.715,front_right_arm_to_hand,11,-0.7846323847770691,1.3790453223805343e-09,-0.7853982448577881,0.0,0.0,-0.07658600062131882,-0.07658600062131882,0.0,0.0,0.0,0.0,0.0,0.0,0.0,0.0,0.0,0.0,0.0,-9.141592979431152
744,3.72,base_to_front_right_shoulder,3,-0.0068060485646128654,3.9868037760015795e-09,0.0,0.0,0.0,0.6125434637069702,0.6125434637069702,0.0,0.0,0.0,0.0,0.0,0.0,0.0,0.0,0.0,0.0,0.0,-9.141592979431152
744,3.72,front_right_shoulder_to_arm,7,-0.7772128582000732,3.5893979656975716e-05,-0.7900000214576721,0.0,0.0,-0.3581083118915558,-0.3581083118915558,0.0,0.0,0.0,0.0,0.0,0.0,0.0,0.0,0.0,0.0,0.0,-9.141592979431152
744,3.72,front_right_arm_to_hand,11,-0.7846323847770691,-4.5418779848205304e-11,-0.7853982448577881,0.0,0.0,-0.07658601552248001,-0.07658601552248001,0.0,0.0,0.0,0.0,0.0,0.0,0.0,0.0,0.0,0.0,0.0,-9.141592979431152
745,3.725,base_to_front_right_shoulder,3,-0.006806058343499899,-3.4655960323703994e-09,0.0,0.0,0.0,0.6125443577766418,0.6125443577766418,0.0,0.0,0.0,0.0,0.0,0.0,0.0,0.0,0.0,0.0,0.0,-9.141592979431152
745,3.725,front_right_shoulder_to_arm,7,-0.7772126197814941,3.1665709684602916e-05,-0.7900000214576721,0.0,0.0,-0.35810697078704834,-0.35810697078704834,0.0,0.0,0.0,0.0,0.0,0.0,0.0,0.0,0.0,0.0,0.0,-9.141592979431152
745,3.725,front_right_arm_to_hand,11,-0.7846323847770691,9.407008505490921e-10,-0.7853982448577881,0.0,0.0,-0.07658600807189941,-0.07658600807189941,0.0,0.0,0.0,0.0,0.0,0.0,0.0,0.0,0.0,0.0,0.0,-9.141592979431152
746,3.73,base_to_front_right_shoulder,3,-0.006806068122386932,-3.469631248975702e-09,0.0,0.0,0.0,0.6125452518463135,0.6125452518463135,0.0,0.0,0.0,0.0,0.0,0.0,0.0,0.0,0.0,0.0,0.0,-9.141592979431152
746,3.73,front_right_shoulder_to_arm,7,-0.777212381362915,2.7537404093891382e-05,-0.7900000214576721,0.0,0.0,-0.3581058382987976,-0.3581058382987976,0.0,0.0,0.0,0.0,0.0,0.0,0.0,0.0,0.0,0.0,0.0,-9.141592979431152
746,3.73,front_right_arm_to_hand,11,-0.7846323847770691,-7.299760795831389e-11,-0.7853982448577881,0.0,0.0,-0.07658600807189941,-0.07658600807189941,0.0,0.0,0.0,0.0,0.0,0.0,0.0,0.0,0.0,0.0,0.0,-9.141592979431152
747,3.735,base_to_front_right_shoulder,3,-0.006806077901273966,3.981346363701732e-09,0.0,0.0,0.0,0.6125461459159851,0.6125461459159851,0.0,0.0,0.0,0.0,0.0,0.0,0.0,0.0,0.0,0.0,0.0,-9.141592979431152
747,3.735,front_right_shoulder_to_arm,7,-0.777212381362915,2.3482736651203595e-05,-0.7900000214576721,0.0,0.0,-0.3581048548221588,-0.3581048548221588,0.0,0.0,0.0,0.0,0.0,0.0,0.0,0.0,0.0,0.0,0.0,-9.141592979431152
747,3.735,front_right_arm_to_hand,11,-0.7846323847770691,-2.5141982940013463e-10,-0.7853982448577881,0.0,0.0,-0.07658600807189941,-0.07658600807189941,0.0,0.0,0.0,0.0,0.0,0.0,0.0,0.0,0.0,0.0,0.0,-9.141592979431152
748,3.74,base_to_front_right_shoulder,3,-0.006806087680160999,3.984074847807051e-09,0.0,0.0,0.0,0.6125470399856567,0.6125470399856567,0.0,0.0,0.0,0.0,0.0,0.0,0.0,0.0,0.0,0.0,0.0,-9.141592979431152
748,3.74,front_right_shoulder_to_arm,7,-0.777212381362915,2.007832699746359e-05,-0.7900000214576721,0.0,0.0,-0.3580973744392395,-0.3580973744392395,0.0,0.0,0.0,0.0,0.0,0.0,0.0,0.0,0.0,0.0,0.0,-9.141592979431152
748,3.74,front_right_arm_to_hand,11,-0.7846323847770691,2.1333201871698293e-10,-0.7853982448577881,0.0,0.0,-0.07658600807189941,-0.07658600807189941,0.0,0.0,0.0,0.0,0.0,0.0,0.0,0.0,0.0,0.0,0.0,-9.141592979431152
749,3.745,base_to_front_right_shoulder,3,-0.006806097459048033,3.98680333191237e-09,0.0,0.0,0.0,0.6125478744506836,0.6125478744506836,0.0,0.0,0.0,0.0,0.0,0.0,0.0,0.0,0.0,0.0,0.0,-9.141592979431152
749,3.745,front_right_shoulder_to_arm,7,-0.777212381362915,1.722460910968948e-05,-0.7900000214576721,0.0,0.0,-0.3580910563468933,-0.3580910563468933,0.0,0.0,0.0,0.0,0.0,0.0,0.0,0.0,0.0,0.0,0.0,-9.141592979431152
749,3.745,front_right_arm_to_hand,11,-0.7846323847770691,-1.1570491231793767e-09,-0.7853982448577881,0.0,0.0,-0.07658600807189941,-0.07658600807189941,0.0,0.0,0.0,0.0,0.0,0.0,0.0,0.0,0.0,0.0,0.0,-9.141592979431152
750,3.75,base_to_front_right_shoulder,3,-0.006806107237935066,3.981346363701732e-09,0.0,0.0,0.0,0.6125487685203552,0.6125487685203552,0.0,0.0,0.0,0.0,0.0,0.0,0.0,0.0,0.0,0.0,0.0,-9.141592979431152
750,3.75,front_right_shoulder_to_arm,7,-0.777212381362915,1.4833100976829883e-05,-0.7900000214576721,0.0,0.0,-0.3580857813358307,-0.3580857813358307,0.0,0.0,0.0,0.0,0.0,0.0,0.0,0.0,0.0,0.0,0.0,-9.141592979431152
750,3.75,front_right_arm_to_hand,11,-0.7846323847770691,-4.865242098084366e-10,-0.7853982448577881,0.0,0.0,-0.07658600062131882,-0.07658600062131882,0.0,0.0,0.0,0.0,0.0,0.0,0.0,0.0,0.0,0.0,0.0,-9.141592979431152
751,3.755,base_to_front_right_shoulder,3,-0.0068061170168221,3.994319985878292e-09,0.0,0.0,0.0,0.6125496625900269,0.6125496625900269,0.0,0.0,0.0,0.0,0.0,0.0,0.0,0.0,0.0,0.0,0.0,-9.141592979431152
751,3.755,front_right_shoulder_to_arm,7,-0.777212381362915,1.2824421901314054e-05,-0.7900000214576721,0.0,0.0,-0.3580813705921173,-0.3580813705921173,0.0,0.0,0.0,0.0,0.0,0.0,0.0,0.0,0.0,0.0,0.0,-9.141592979431152
751,3.755,front_right_arm_to_hand,11,-0.7846323847770691,4.167994283044152e-10,-0.7853982448577881,0.0,0.0,-0.07658600807189941,-0.07658600807189941,0.0,0.0,0.0,0.0,0.0,0.0,0.0,0.0,0.0,0.0,0.0,-9.141592979431152
752,3.7600000000000002,base_to_front_right_shoulder,3,-0.006806126795709133,3.994319985878292e-09,0.0,0.0,0.0,0.6125505566596985,0.6125505566596985,0.0,0.0,0.0,0.0,0.0,0.0,0.0,0.0,0.0,0.0,0.0,-9.141592979431152
752,3.7600000000000002,front_right_shoulder_to_arm,7,-0.777212381362915,1.1144149539177306e-05,-0.7900000214576721,0.0,0.0,-0.35807764530181885,-0.35807764530181885,0.0,0.0,0.0,0.0,0.0,0.0,0.0,0.0,0.0,0.0,0.0,-9.141592979431152
752,3.7600000000000002,front_right_arm_to_hand,11,-0.7846323847770691,-7.750933783690073e-10,-0.7853982448577881,0.0,0.0,-0.07658600807189941,-0.07658600807189941,0.0,0.0,0.0,0.0,0.0,0.0,0.0,0.0,0.0,0.0,0.0,-9.141592979431152
753,3.765,base_to_front_right_shoulder,3,-0.006806136574596167,3.982255858403505e-09,0.0,0.0,0.0,0.6125513911247253,0.6125513911247253,0.0,0.0,0.0,0.0,0.0,0.0,0.0,0.0,0.0,0.0,0.0,-9.141592979431152
753,3.765,front_right_shoulder_to_arm,7,-0.777212381362915,9.733220394991804e-06,-0.7900000214576721,0.0,0.0,-0.3580745458602905,-0.3580745458602905,0.0,0.0,0.0,0.0,0.0,0.0,0.0,0.0,0.0,0.0,0.0,-9.141592979431152
753,3.765,front_right_arm_to_hand,11,-0.7846323847770691,-2.5505780820722634e-10,-0.7853982448577881,0.0,0.0,-0.07658600807189941,-0.07658600807189941,0.0,0.0,0.0,0.0,0.0,0.0,0.0,0.0,0.0,0.0,0.0,-9.141592979431152
754,3.77,base_to_front_right_shoulder,3,-0.0068061463534832,3.984984342508824e-09,0.0,0.0,0.0,0.612552285194397,0.612552285194397,0.0,0.0,0.0,0.0,0.0,0.0,0.0,0.0,0.0,0.0,0.0,-9.141592979431152
754,3.77,front_right_shoulder_to_arm,7,-0.777212381362915,8.548444384359755e-06,-0.7900000214576721,0.0,0.0,-0.3580719232559204,-0.3580719232559204,0.0,0.0,0.0,0.0,0.0,0.0,0.0,0.0,0.0,0.0,0.0,-9.141592979431152
754,3.77,front_right_arm_to_hand,11,-0.7846323847770691,1.0869016797698805e-09,-0.7853982448577881,0.0,0.0,-0.07658600807189941,-0.07658600807189941,0.0,0.0,0.0,0.0,0.0,0.0,0.0,0.0,0.0,0.0,0.0,-9.141592979431152
755,3.775,base_to_front_right_shoulder,3,-0.0068061561323702335,3.994319985878292e-09,0.0,0.0,0.0,0.6125531792640686,0.6125531792640686,0.0,0.0,0.0,0.0,0.0,0.0,0.0,0.0,0.0,0.0,0.0,-9.141592979431152
755,3.775,front_right_shoulder_to_arm,7,-0.777212381362915,7.55359496906749e-06,-0.7900000214576721,0.0,0.0,-0.3580697476863861,-0.3580697476863861,0.0,0.0,0.0,0.0,0.0,0.0,0.0,0.0,0.0,0.0,0.0,-9.141592979431152
755,3.775,front_right_arm_to_hand,11,-0.7846323847770691,1.9904526915581755e-09,-0.7853982448577881,0.0,0.0,-0.07658601552248001,-0.07658601552248001,0.0,0.0,0.0,0.0,0.0,0.0,0.0,0.0,0.0,0.0,0.0,-9.141592979431152
756,3.7800000000000002,base_to_front_right_shoulder,3,-0.006806165911257267,3.984074847807051e-09,0.0,0.0,0.0,0.6125540733337402,0.6125540733337402,0.0,0.0,0.0,0.0,0.0,0.0,0.0,0.0,0.0,0.0,0.0,-9.141592979431152
756,3.7800000000000002,front_right_shoulder_to_arm,7,-0.777212381362915,6.72148416924756e-06,-0.7900000214576721,0.0,0.0,-0.35806789994239807,-0.35806789994239807,0.0,0.0,0.0,0.0,0.0,0.0,0.0,0.0,0.0,0.0,0.0,-9.141592979431152
756,3.7800000000000002,front_right_arm_to_hand,11,-0.7846323847770691,1.551243022923643e-10,-0.7853982448577881,0.0,0.0,-0.07658601552248001,-0.07658601552248001,0.0,0.0,0.0,0.0,0.0,0.0,0.0,0.0,0.0,0.0,0.0,-9.141592979431152
757,3.785,base_to_front_right_shoulder,3,-0.0068061756901443005,3.982255858403505e-09,0.0,0.0,0.0,0.6125549077987671,0.6125549077987671,0.0,0.0,0.0,0.0,0.0,0.0,0.0,0.0,0.0,0.0,0.0,-9.141592979431152
757,3.785,front_right_shoulder_to_arm,7,-0.777212381362915,6.025496986694634e-06,-0.7900000214576721,0.0,0.0,-0.3580663502216339,-0.3580663502216339,0.0,0.0,0.0,0.0,0.0,0.0,0.0,0.0,0.0,0.0,0.0,-9.141592979431152
757,3.785,front_right_arm_to_hand,11,-0.7846323847770691,-1.0092562341412759e-09,-0.7853982448577881,0.0,0.0,-0.07658600807189941,-0.07658600807189941,0.0,0.0,0.0,0.0,0.0,0.0,0.0,0.0,0.0,0.0,0.0,-9.141592979431152
758,3.79,base_to_front_right_shoulder,3,-0.006806185469031334,3.993410491176519e-09,0.0,0.0,0.0,0.6125558018684387,0.6125558018684387,0.0,0.0,0.0,0.0,0.0,0.0,0.0,0.0,0.0,0.0,0.0,-9.141592979431152
758,3.79,front_right_shoulder_to_arm,7,-0.777212381362915,5.439343567559263e-06,-0.7900000214576721,0.0,0.0,-0.35806506872177124,-0.35806506872177124,0.0,0.0,0.0,0.0,0.0,0.0,0.0,0.0,0.0,0.0,0.0,-9.141592979431152
758,3.79,front_right_arm_to_hand,11,-0.7846323847770691,1.1134724253736294e-09,-0.7853982448577881,0.0,0.0,-0.07658600807189941,-0.07658600807189941,0.0,0.0,0.0,0.0,0.0,0.0,0.0,0.0,0.0,0.0,0.0,-9.141592979431152
759,3.795,base_to_front_right_shoulder,3,-0.006806195247918367,3.980436868999959e-09,0.0,0.0,0.0,0.6125566959381104,0.6125566959381104,0.0,0.0,0.0,0.0,0.0,0.0,0.0,0.0,0.0,0.0,0.0,-9.141592979431152
759,3.795,front_right_shoulder_to_arm,7,-0.777212381362915,4.9478717301099095e-06,-0.7900000214576721,0.0,0.0,-0.3580639958381653,-0.3580639958381653,0.0,0.0,0.0,0.0,0.0,0.0,0.0,0.0,0.0,0.0,0.0,-9.141592979431152
759,3.795,front_right_arm_to_hand,11,-0.7846323847770691,-1.0092562341412759e-09,-0.7853982448577881,0.0,0.0,-0.07658601552248001,-0.07658601552248001,0.0,0.0,0.0,0.0,0.0,0.0,0.0,0.0,0.0,0.0,0.0,-9.141592979431152
760,3.8000000000000003,base_to_front_right_shoulder,3,-0.006806205026805401,3.982255858403505e-09,0.0,0.0,0.0,0.612557590007782,0.612557590007782,0.0,0.0,0.0,0.0,0.0,0.0,0.0,0.0,0.0,0.0,0.0,-9.141592979431152
760,3.8000000000000003,front_right_shoulder_to_arm,7,-0.777212381362915,4.536353117146064e-06,-0.7900000214576721,0.0,0.0,-0.35806307196617126,-0.35806307196617126,0.0,0.0,0.0,0.0,0.0,0.0,0.0,0.0,0.0,0.0,0.0,-9.141592979431152
760,3.8000000000000003,front_right_arm_to_hand,11,-0.7846323847770691,-3.6578878814808036e-10,-0.7853982448577881,0.0,0.0,-0.07658600807189941,-0.07658600807189941,0.0,0.0,0.0,0.0,0.0,0.0,0.0,0.0,0.0,0.0,0.0,-9.141592979431152
761,3.805,base_to_front_right_shoulder,3,-0.006806214805692434,3.990441310719461e-09,0.0,0.0,0.0,0.6125584244728088,0.6125584244728088,0.0,0.0,0.0,0.0,0.0,0.0,0.0,0.0,0.0,0.0,0.0,-9.141592979431152
761,3.805,front_right_shoulder_to_arm,7,-0.777212381362915,4.189315404801164e-06,-0.7900000214576721,0.0,0.0,-0.3580623269081116,-0.3580623269081116,0.0,0.0,0.0,0.0,0.0,0.0,0.0,0.0,0.0,0.0,0.0,-9.141592979431152
761,3.805,front_right_arm_to_hand,11,-0.7846323847770691,2.4554638322626943e-09,-0.7853982448577881,0.0,0.0,-0.07658600807189941,-0.07658600807189941,0.0,0.0,0.0,0.0,0.0,0.0,0.0,0.0,0.0,0.0,0.0,-9.141592979431152
762,3.81,base_to_front_right_shoulder,3,-0.006806224584579468,3.98680333191237e-09,0.0,0.0,0.0,0.6125593185424805,0.6125593185424805,0.0,0.0,0.0,0.0,0.0,0.0,0.0,0.0,0.0,0.0,0.0,-9.141592979431152
762,3.81,front_right_shoulder_to_arm,7,-0.777212381362915,3.900610408891225e-06,-0.7900000214576721,0.0,0.0,-0.35806167125701904,-0.35806167125701904,0.0,0.0,0.0,0.0,0.0,0.0,0.0,0.0,0.0,0.0,0.0,-9.141592979431152
762,3.81,front_right_arm_to_hand,11,-0.7846323847770691,-1.7629999682355901e-09,-0.7853982448577881,0.0,0.0,-0.07658601552248001,-0.07658601552248001,0.0,0.0,0.0,0.0,0.0,0.0,0.0,0.0,0.0,0.0,0.0,-9.141592979431152
763,3.815,base_to_front_right_shoulder,3,-0.006806234363466501,3.984074847807051e-09,0.0,0.0,0.0,0.6125602126121521,0.6125602126121521,0.0,0.0,0.0,0.0,0.0,0.0,0.0,0.0,0.0,0.0,0.0,-9.141592979431152
763,3.815,front_right_shoulder_to_arm,7,-0.777212381362915,3.659743015305139e-06,-0.7900000214576721,0.0,0.0,-0.35806113481521606,-0.35806113481521606,0.0,0.0,0.0,0.0,0.0,0.0,0.0,0.0,0.0,0.0,0.0,-9.141592979431152
763,3.815,front_right_arm_to_hand,11,-0.7846323847770691,-3.385038915837413e-10,-0.7853982448577881,0.0,0.0,-0.07658600062131882,-0.07658600062131882,0.0,0.0,0.0,0.0,0.0,0.0,0.0,0.0,0.0,0.0,0.0,-9.141592979431152
764,3.8200000000000003,base_to_front_right_shoulder,3,-0.006806244142353535,3.980436868999959e-09,0.0,0.0,0.0,0.6125611066818237,0.6125611066818237,0.0,0.0,0.0,0.0,0.0,0.0,0.0,0.0,0.0,0.0,0.0,-9.141592979431152
764,3.8200000000000003,front_right_shoulder_to_arm,7,-0.777212381362915,3.456074637142592e-06,-0.7900000214576721,0.0,0.0,-0.35806068778038025,-0.35806068778038025,0.0,0.0,0.0,0.0,0.0,0.0,0.0,0.0,0.0,0.0,0.0,-9.141592979431152
764,3.8200000000000003,front_right_arm_to_hand,11,-0.7846323847770691,-1.0567324792987165e-10,-0.7853982448577881,0.0,0.0,-0.07658600807189941,-0.07658600807189941,0.0,0.0,0.0,0.0,0.0,0.0,0.0,0.0,0.0,0.0,0.0,-9.141592979431152
765,3.825,base_to_front_right_shoulder,3,-0.006806253921240568,3.983165353105278e-09,0.0,0.0,0.0,0.6125620007514954,0.6125620007514954,0.0,0.0,0.0,0.0,0.0,0.0,0.0,0.0,0.0,0.0,0.0,-9.141592979431152
765,3.825,front_right_shoulder_to_arm,7,-0.777212381362915,3.2828822895680787e-06,-0.7900000214576721,0.0,0.0,-0.3580603301525116,-0.3580603301525116,0.0,0.0,0.0,0.0,0.0,0.0,0.0,0.0,0.0,0.0,0.0,-9.141592979431152
765,3.825,front_right_arm_to_hand,11,-0.7846323847770691,5.653064127919549e-10,-0.7853982448577881,0.0,0.0,-0.07658600807189941,-0.07658600807189941,0.0,0.0,0.0,0.0,0.0,0.0,0.0,0.0,0.0,0.0,0.0,-9.141592979431152
766,3.83,base_to_front_right_shoulder,3,-0.006806263700127602,3.982255858403505e-09,0.0,0.0,0.0,0.6125628352165222,0.6125628352165222,0.0,0.0,0.0,0.0,0.0,0.0,0.0,0.0,0.0,0.0,0.0,-9.141592979431152
766,3.83,front_right_shoulder_to_arm,7,-0.777212381362915,3.137271733066882e-06,-0.7900000214576721,0.0,0.0,-0.35806000232696533,-0.35806000232696533,0.0,0.0,0.0,0.0,0.0,0.0,0.0,0.0,0.0,0.0,0.0,-9.141592979431152
766,3.83,front_right_arm_to_hand,11,-0.7846323847770691,8.254218974990124e-10,-0.7853982448577881,0.0,0.0,-0.07658600807189941,-0.07658600807189941,0.0,0.0,0.0,0.0,0.0,0.0,0.0,0.0,0.0,0.0,0.0,-9.141592979431152
767,3.835,base_to_front_right_shoulder,3,-0.006806273479014635,3.977310925051825e-09,0.0,0.0,0.0,0.6125637292861938,0.6125637292861938,0.0,0.0,0.0,0.0,0.0,0.0,0.0,0.0,0.0,0.0,0.0,-9.141592979431152
767,3.835,front_right_shoulder_to_arm,7,-0.777212381362915,3.0148273708618945e-06,-0.7900000214576721,0.0,0.0,-0.35805973410606384,-0.35805973410606384,0.0,0.0,0.0,0.0,0.0,0.0,0.0,0.0,0.0,0.0,0.0,-9.141592979431152
767,3.835,front_right_arm_to_hand,11,-0.7846323847770691,-1.2426077944382996e-09,-0.7853982448577881,0.0,0.0,-0.07658600807189941,-0.07658600807189941,0.0,0.0,0.0,0.0,0.0,0.0,0.0,0.0,0.0,0.0,0.0,-9.141592979431152
768,3.84,base_to_front_right_shoulder,3,-0.0068062832579016685,3.984984342508824e-09,0.0,0.0,0.0,0.6125646233558655,0.6125646233558655,0.0,0.0,0.0,0.0,0.0,0.0,0.0,0.0,0.0,0.0,0.0,-9.141592979431152
768,3.84,front_right_shoulder_to_arm,7,-0.777212381362915,2.917883193731541e-06,-0.7900000214576721,0.0,0.0,-0.35805949568748474,-0.35805949568748474,0.0,0.0,0.0,0.0,0.0,0.0,0.0,0.0,0.0,0.0,0.0,-9.141592979431152
768,3.84,front_right_arm_to_hand,11,-0.7846323847770691,1.318595455046534e-09,-0.7853982448577881,0.0,0.0,-0.07658600062131882,-0.07658600062131882,0.0,0.0,0.0,0.0,0.0,0.0,0.0,0.0,0.0,0.0,0.0,-9.141592979431152
769,3.845,base_to_front_right_shoulder,3,-0.006806293036788702,3.9918628402801914e-09,0.0,0.0,0.0,0.6125655174255371,0.6125655174255371,0.0,0.0,0.0,0.0,0.0,0.0,0.0,0.0,0.0,0.0,0.0,-9.141592979431152
769,3.845,front_right_shoulder_to_arm,7,-0.777212381362915,2.8343210942693986e-06,-0.7900000214576721,0.0,0.0,-0.3580593168735504,-0.3580593168735504,0.0,0.0,0.0,0.0,0.0,0.0,0.0,0.0,0.0,0.0,0.0,-9.141592979431152
769,3.845,front_right_arm_to_hand,11,-0.7846323847770691,1.578872144136767e-09,-0.7853982448577881,0.0,0.0,-0.07658601552248001,-0.07658601552248001,0.0,0.0,0.0,0.0,0.0,0.0,0.0,0.0,0.0,0.0,0.0,-9.141592979431152
770,3.85,base_to_front_right_shoulder,3,-0.0068063028156757355,-1.3719417824020752e-09,0.0,0.0,0.0,0.612566351890564,0.612566351890564,0.0,0.0,0.0,0.0,0.0,0.0,0.0,0.0,0.0,0.0,0.0,-9.141592979431152
770,3.85,front_right_shoulder_to_arm,7,-0.777212381362915,2.7563019102672115e-06,-0.7900000214576721,0.0,0.0,-0.3580591678619385,-0.3580591678619385,0.0,0.0,0.0,0.0,0.0,0.0,0.0,0.0,0.0,0.0,0.0,-9.141592979431152
770,3.85,front_right_arm_to_hand,11,-0.7846323847770691,1.5239141060163774e-09,-0.7853982448577881,0.0,0.0,-0.07658601552248001,-0.07658601552248001,0.0,0.0,0.0,0.0,0.0,0.0,0.0,0.0,0.0,0.0,0.0,-9.141592979431152
771,3.855,base_to_front_right_shoulder,3,-0.006806312594562769,-1.37103173258879e-09,0.0,0.0,0.0,0.6125672459602356,0.6125672459602356,0.0,0.0,0.0,0.0,0.0,0.0,0.0,0.0,0.0,0.0,0.0,-9.141592979431152
771,3.855,front_right_shoulder_to_arm,7,-0.777212381362915,2.6915208763966803e-06,-0.7900000214576721,0.0,0.0,-0.35805901885032654,-0.35805901885032654,0.0,0.0,0.0,0.0,0.0,0.0,0.0,0.0,0.0,0.0,0.0,-9.141592979431152
771,3.855,front_right_arm_to_hand,11,-0.7846323847770691,7.979100158372887e-10,-0.7853982448577881,0.0,0.0,-0.07658601552248001,-0.07658601552248001,0.0,0.0,0.0,0.0,0.0,0.0,0.0,0.0,0.0,0.0,0.0,-9.141592979431152
772,3.86,base_to_front_right_shoulder,3,-0.006806322373449802,-1.3637557749746065e-09,0.0,0.0,0.0,0.6125681400299072,0.6125681400299072,0.0,0.0,0.0,0.0,0.0,0.0,0.0,0.0,0.0,0.0,0.0,-9.141592979431152
772,3.86,front_right_shoulder_to_arm,7,-0.777212381362915,2.63503034148016e-06,-0.7900000214576721,0.0,0.0,-0.358058899641037,-0.358058899641037,0.0,0.0,0.0,0.0,0.0,0.0,0.0,0.0,0.0,0.0,0.0,-9.141592979431152
772,3.86,front_right_arm_to_hand,11,-0.7846323847770691,7.979100158372887e-10,-0.7853982448577881,0.0,0.0,-0.07658600807189941,-0.07658600807189941,0.0,0.0,0.0,0.0,0.0,0.0,0.0,0.0,0.0,0.0,0.0,-9.141592979431152
773,3.865,base_to_front_right_shoulder,3,-0.006806332152336836,-1.3773986395904103e-09,0.0,0.0,0.0,0.6125690340995789,0.6125690340995789,0.0,0.0,0.0,0.0,0.0,0.0,0.0,0.0,0.0,0.0,0.0,-9.141592979431152
773,3.865,front_right_shoulder_to_arm,7,-0.777212381362915,2.589653149698279e-06,-0.7900000214576721,0.0,0.0,-0.3580588102340698,-0.3580588102340698,0.0,0.0,0.0,0.0,0.0,0.0,0.0,0.0,0.0,0.0,0.0,-9.141592979431152
773,3.865,front_right_arm_to_hand,11,-0.7846323847770691,2.455236680631856e-09,-0.7853982448577881,0.0,0.0,-0.07658600807189941,-0.07658600807189941,0.0,0.0,0.0,0.0,0.0,0.0,0.0,0.0,0.0,0.0,0.0,-9.141592979431152
774,3.87,base_to_front_right_shoulder,3,-0.006806341931223869,-1.3671536125414718e-09,0.0,0.0,0.0,0.6125698685646057,0.6125698685646057,0.0,0.0,0.0,0.0,0.0,0.0,0.0,0.0,0.0,0.0,0.0,-9.141592979431152
774,3.87,front_right_shoulder_to_arm,7,-0.777212381362915,2.549897089920705e-06,-0.7900000214576721,0.0,0.0,-0.35805872082710266,-0.35805872082710266,0.0,0.0,0.0,0.0,0.0,0.0,0.0,0.0,0.0,0.0,0.0,-9.141592979431152
774,3.87,front_right_arm_to_hand,11,-0.7846323847770691,8.256175187959514e-10,-0.7853982448577881,0.0,0.0,-0.07658601552248001,-0.07658601552248001,0.0,0.0,0.0,0.0,0.0,0.0,0.0,0.0,0.0,0.0,0.0,-9.141592979431152
775,3.875,base_to_front_right_shoulder,3,-0.006806351710110903,-1.3719417824020752e-09,0.0,0.0,0.0,0.6125707626342773,0.6125707626342773,0.0,0.0,0.0,0.0,0.0,0.0,0.0,0.0,0.0,0.0,0.0,-9.141592979431152
775,3.875,front_right_shoulder_to_arm,7,-0.777212381362915,2.519279632906546e-06,-0.7900000214576721,0.0,0.0,-0.3580586314201355,-0.3580586314201355,0.0,0.0,0.0,0.0,0.0,0.0,0.0,0.0,0.0,0.0,0.0,-9.141592979431152
775,3.875,front_right_arm_to_hand,11,-0.7846323847770691,1.5241414796918207e-09,-0.7853982448577881,0.0,0.0,-0.07658600807189941,-0.07658600807189941,0.0,0.0,0.0,0.0,0.0,0.0,0.0,0.0,0.0,0.0,0.0,-9.141592979431152
776,3.88,base_to_front_right_shoulder,3,-0.006806361488997936,-1.3671536125414718e-09,0.0,0.0,0.0,0.612571656703949,0.612571656703949,0.0,0.0,0.0,0.0,0.0,0.0,0.0,0.0,0.0,0.0,0.0,-9.141592979431152
776,3.88,front_right_shoulder_to_arm,7,-0.777212381362915,2.493256715752068e-06,-0.7900000214576721,0.0,0.0,-0.3580585718154907,-0.3580585718154907,0.0,0.0,0.0,0.0,0.0,0.0,0.0,0.0,0.0,0.0,0.0,-9.141592979431152
776,3.88,front_right_arm_to_hand,11,-0.7846323847770691,2.482944294612821e-09,-0.7853982448577881,0.0,0.0,-0.07658601552248001,-0.07658601552248001,0.0,0.0,0.0,0.0,0.0,0.0,0.0,0.0,0.0,0.0,0.0,-9.141592979431152
777,3.8850000000000002,base_to_front_right_shoulder,3,-0.00680637126788497,-1.3746701554850915e-09,0.0,0.0,0.0,0.6125725507736206,0.6125725507736206,0.0,0.0,0.0,0.0,0.0,0.0,0.0,0.0,0.0,0.0,0.0,-9.141592979431152
777,3.8850000000000002,front_right_shoulder_to_arm,7,-0.777212381362915,2.4690750706213294e-06,-0.7900000214576721,0.0,0.0,-0.35805854201316833,-0.35805854201316833,0.0,0.0,0.0,0.0,0.0,0.0,0.0,0.0,0.0,0.0,0.0,-9.141592979431152
777,3.8850000000000002,front_right_arm_to_hand,11,-0.7846323847770691,5.928189050763422e-10,-0.7853982448577881,0.0,0.0,-0.07658601552248001,-0.07658601552248001,0.0,0.0,0.0,0.0,0.0,0.0,0.0,0.0,0.0,0.0,0.0,-9.141592979431152
778,3.89,base_to_front_right_shoulder,3,-0.006806381046772003,-1.3746701554850915e-09,0.0,0.0,0.0,0.6125733852386475,0.6125733852386475,0.0,0.0,0.0,0.0,0.0,0.0,0.0,0.0,0.0,0.0,0.0,-9.141592979431152
778,3.89,front_right_shoulder_to_arm,7,-0.777212381362915,2.4510306957381545e-06,-0.7900000214576721,0.0,0.0,-0.35805848240852356,-0.35805848240852356,0.0,0.0,0.0,0.0,0.0,0.0,0.0,0.0,0.0,0.0,0.0,-9.141592979431152
778,3.89,front_right_arm_to_hand,11,-0.7846323847770691,2.455464054307299e-09,-0.7853982448577881,0.0,0.0,-0.07658600807189941,-0.07658600807189941,0.0,0.0,0.0,0.0,0.0,0.0,0.0,0.0,0.0,0.0,0.0,-9.141592979431152
779,3.895,base_to_front_right_shoulder,3,-0.006806390825659037,-1.3598776549272884e-09,0.0,0.0,0.0,0.6125742793083191,0.6125742793083191,0.0,0.0,0.0,0.0,0.0,0.0,0.0,0.0,0.0,0.0,0.0,-9.141592979431152
779,3.895,front_right_shoulder_to_arm,7,-0.777212381362915,2.4341752578038722e-06,-0.7900000214576721,0.0,0.0,-0.35805845260620117,-0.35805845260620117,0.0,0.0,0.0,0.0,0.0,0.0,0.0,0.0,0.0,0.0,0.0,-9.141592979431152
779,3.895,front_right_arm_to_hand,11,-0.7846323847770691,8.531297335245824e-10,-0.7853982448577881,0.0,0.0,-0.07658601552248001,-0.07658601552248001,0.0,0.0,0.0,0.0,0.0,0.0,0.0,0.0,0.0,0.0,0.0,-9.141592979431152
780,3.9,base_to_front_right_shoulder,3,-0.00680640060454607,-1.3698820966467906e-09,0.0,0.0,0.0,0.6125751733779907,0.6125751733779907,0.0,0.0,0.0,0.0,0.0,0.0,0.0,0.0,0.0,0.0,0.0,-9.141592979431152
780,3.9,front_right_shoulder_to_arm,7,-0.777212381362915,2.4212322387029417e-06,-0.7900000214576721,0.0,0.0,-0.3580584228038788,-0.3580584228038788,0.0,0.0,0.0,0.0,0.0,0.0,0.0,0.0,0.0,0.0,0.0,-9.141592979431152
780,3.9,front_right_arm_to_hand,11,-0.7846323847770691,1.2637666468862108e-09,-0.7853982448577881,0.0,0.0,-0.07658600807189941,-0.07658600807189941,0.0,0.0,0.0,0.0,0.0,0.0,0.0,0.0,0.0,0.0,0.0,-9.141592979431152
781,3.9050000000000002,base_to_front_right_shoulder,3,-0.0068064103834331036,-1.3680631072432448e-09,0.0,0.0,0.0,0.6125760674476624,0.6125760674476624,0.0,0.0,0.0,0.0,0.0,0.0,0.0,0.0,0.0,0.0,0.0,-9.141592979431152
781,3.9050000000000002,front_right_shoulder_to_arm,7,-0.777212381362915,2.4098728772514733e-06,-0.7900000214576721,0.0,0.0,-0.3580583930015564,-0.3580583930015564,0.0,0.0,0.0,0.0,0.0,0.0,0.0,0.0,0.0,0.0,0.0,-9.141592979431152
781,3.9050000000000002,front_right_arm_to_hand,11,-0.7846323847770691,1.318791076343473e-09,-0.7853982448577881,0.0,0.0,-0.07658601552248001,-0.07658601552248001,0.0,0.0,0.0,0.0,0.0,0.0,0.0,0.0,0.0,0.0,0.0,-9.141592979431152
782,3.91,base_to_front_right_shoulder,3,-0.006806420162320137,-1.3719417824020752e-09,0.0,0.0,0.0,0.612576961517334,0.612576961517334,0.0,0.0,0.0,0.0,0.0,0.0,0.0,0.0,0.0,0.0,0.0,-9.141592979431152
782,3.91,front_right_shoulder_to_arm,7,-0.777212381362915,2.400422545179026e-06,-0.7900000214576721,0.0,0.0,-0.3580583930015564,-0.3580583930015564,0.0,0.0,0.0,0.0,0.0,0.0,0.0,0.0,0.0,0.0,0.0,-9.141592979431152
782,3.91,front_right_arm_to_hand,11,-0.7846323847770691,3.324759911826902e-10,-0.7853982448577881,0.0,0.0,-0.07658601552248001,-0.07658601552248001,0.0,0.0,0.0,0.0,0.0,0.0,0.0,0.0,0.0,0.0,0.0,-9.141592979431152
783,3.915,base_to_front_right_shoulder,3,-0.0068064299412071705,-1.370122237887017e-09,0.0,0.0,0.0,0.6125777959823608,0.6125777959823608,0.0,0.0,0.0,0.0,0.0,0.0,0.0,0.0,0.0,0.0,0.0,-9.141592979431152
783,3.915,front_right_shoulder_to_arm,7,-0.777212381362915,2.39276801039523e-06,-0.7900000214576721,0.0,0.0,-0.358058363199234,-0.358058363199234,0.0,0.0,0.0,0.0,0.0,0.0,0.0,0.0,0.0,0.0,0.0,-9.141592979431152
783,3.915,front_right_arm_to_hand,11,-0.7846323847770691,2.4281792132541113e-09,-0.7853982448577881,0.0,0.0,-0.07658600807189941,-0.07658600807189941,0.0,0.0,0.0,0.0,0.0,0.0,0.0,0.0,0.0,0.0,0.0,-9.141592979431152
784,3.92,base_to_front_right_shoulder,3,-0.006806439720094204,-1.3773986395904103e-09,0.0,0.0,0.0,0.6125786900520325,0.6125786900520325,0.0,0.0,0.0,0.0,0.0,0.0,0.0,0.0,0.0,0.0,0.0,-9.141592979431152
784,3.92,front_right_shoulder_to_arm,7,-0.777212381362915,2.384846993663814e-06,-0.7900000214576721,0.0,0.0,-0.358058363199234,-0.358058363199234,0.0,0.0,0.0,0.0,0.0,0.0,0.0,0.0,0.0,0.0,0.0,-9.141592979431152
784,3.92,front_right_arm_to_hand,11,-0.7846323847770691,1.0587075660595247e-09,-0.7853982448577881,0.0,0.0,-0.07658601552248001,-0.07658601552248001,0.0,0.0,0.0,0.0,0.0,0.0,0.0,0.0,0.0,0.0,0.0,-9.141592979431152
785,3.9250000000000003,base_to_front_right_shoulder,3,-0.006806449498981237,-1.368303692572681e-09,0.0,0.0,0.0,0.6125795841217041,0.6125795841217041,0.0,0.0,0.0,0.0,0.0,0.0,0.0,0.0,0.0,0.0,0.0,-9.141592979431152
785,3.9250000000000003,front_right_shoulder_to_arm,7,-0.777212381362915,2.3790798877598718e-06,-0.7900000214576721,0.0,0.0,-0.3580583333969116,-0.3580583333969116,0.0,0.0,0.0,0.0,0.0,0.0,0.0,0.0,0.0,0.0,0.0,-9.141592979431152
785,3.9250000000000003,front_right_arm_to_hand,11,-0.7846323847770691,-3.109914548105053e-10,-0.7853982448577881,0.0,0.0,-0.07658600807189941,-0.07658600807189941,0.0,0.0,0.0,0.0,0.0,0.0,0.0,0.0,0.0,0.0,0.0,-9.141592979431152
786,3.93,base_to_front_right_shoulder,3,-0.006806459277868271,-1.3680631072432448e-09,0.0,0.0,0.0,0.6125804781913757,0.6125804781913757,0.0,0.0,0.0,0.0,0.0,0.0,0.0,0.0,0.0,0.0,0.0,-9.141592979431152
786,3.93,front_right_shoulder_to_arm,7,-0.777212381362915,2.3730638076813193e-06,-0.7900000214576721,0.0,0.0,-0.3580583333969116,-0.3580583333969116,0.0,0.0,0.0,0.0,0.0,0.0,0.0,0.0,0.0,0.0,0.0,-9.141592979431152
786,3.93,front_right_arm_to_hand,11,-0.7846323847770691,-3.6582054052658464e-10,-0.7853982448577881,0.0,0.0,-0.07658600807189941,-0.07658600807189941,0.0,0.0,0.0,0.0,0.0,0.0,0.0,0.0,0.0,0.0,0.0,-9.141592979431152
787,3.935,base_to_front_right_shoulder,3,-0.006806469056755304,-1.3710322877003023e-09,0.0,0.0,0.0,0.6125813126564026,0.6125813126564026,0.0,0.0,0.0,0.0,0.0,0.0,0.0,0.0,0.0,0.0,0.0,-9.141592979431152
787,3.935,front_right_shoulder_to_arm,7,-0.777212381362915,2.3712304937362205e-06,-0.7900000214576721,0.0,0.0,-0.35805830359458923,-0.35805830359458923,0.0,0.0,0.0,0.0,0.0,0.0,0.0,0.0,0.0,0.0,0.0,-9.141592979431152
787,3.935,front_right_arm_to_hand,11,-0.7846323847770691,7.983646521658727e-10,-0.7853982448577881,0.0,0.0,-0.07658600807189941,-0.07658600807189941,0.0,0.0,0.0,0.0,0.0,0.0,0.0,0.0,0.0,0.0,0.0,-9.141592979431152
788,3.94,base_to_front_right_shoulder,3,-0.006806478835642338,-1.3755796501868645e-09,0.0,0.0,0.0,0.6125822067260742,0.6125822067260742,0.0,0.0,0.0,0.0,0.0,0.0,0.0,0.0,0.0,0.0,0.0,-9.141592979431152
788,3.94,front_right_shoulder_to_arm,7,-0.777212381362915,2.369017693126807e-06,-0.7900000214576721,0.0,0.0,-0.35805830359458923,-0.35805830359458923,0.0,0.0,0.0,0.0,0.0,0.0,0.0,0.0,0.0,0.0,0.0,-9.141592979431152
788,3.94,front_right_arm_to_hand,11,-0.7846323847770691,9.987277671541506e-11,-0.7853982448577881,0.0,0.0,-0.07658600807189941,-0.07658600807189941,0.0,0.0,0.0,0.0,0.0,0.0,0.0,0.0,0.0,0.0,0.0,-9.141592979431152
789,3.9450000000000003,base_to_front_right_shoulder,3,-0.006806488614529371,-1.3671536125414718e-09,0.0,0.0,0.0,0.6125831007957458,0.6125831007957458,0.0,0.0,0.0,0.0,0.0,0.0,0.0,0.0,0.0,0.0,0.0,-9.141592979431152
789,3.9450000000000003,front_right_shoulder_to_arm,7,-0.777212381362915,2.3662776129640406e-06,-0.7900000214576721,0.0,0.0,-0.35805830359458923,-0.35805830359458923,0.0,0.0,0.0,0.0,0.0,0.0,0.0,0.0,0.0,0.0,0.0,-9.141592979431152
789,3.9450000000000003,front_right_arm_to_hand,11,-0.7846323847770691,1.273529615097857e-10,-0.7853982448577881,0.0,0.0,-0.07658600807189941,-0.07658600807189941,0.0,0.0,0.0,0.0,0.0,0.0,0.0,0.0,0.0,0.0,0.0,-9.141592979431152
790,3.95,base_to_front_right_shoulder,3,-0.006806498393416405,-1.3664845921468327e-09,0.0,0.0,0.0,0.6125839948654175,0.6125839948654175,0.0,0.0,0.0,0.0,0.0,0.0,0.0,0.0,0.0,0.0,0.0,-9.141592979431152
790,3.95,front_right_shoulder_to_arm,7,-0.777212381362915,2.363662588322768e-06,-0.7900000214576721,0.0,0.0,-0.35805830359458923,-0.35805830359458923,0.0,0.0,0.0,0.0,0.0,0.0,0.0,0.0,0.0,0.0,0.0,-9.141592979431152
790,3.95,front_right_arm_to_hand,11,-0.7846323847770691,1.031195462353196e-09,-0.7853982448577881,0.0,0.0,-0.07658600807189941,-0.07658600807189941,0.0,0.0,0.0,0.0,0.0,0.0,0.0,0.0,0.0,0.0,0.0,-9.141592979431152
791,3.955,base_to_front_right_shoulder,3,-0.006806508172303438,-1.3755796501868645e-09,0.0,0.0,0.0,0.6125848293304443,0.6125848293304443,0.0,0.0,0.0,0.0,0.0,0.0,0.0,0.0,0.0,0.0,0.0,-9.141592979431152
791,3.955,front_right_shoulder_to_arm,7,-0.777212381362915,2.359757672820706e-06,-0.7900000214576721,0.0,0.0,-0.35805830359458923,-0.35805830359458923,0.0,0.0,0.0,0.0,0.0,0.0,0.0,0.0,0.0,0.0,0.0,-9.141592979431152
791,3.955,front_right_arm_to_hand,11,-0.7846323847770691,-8.037102094959891e-10,-0.7853982448577881,0.0,0.0,-0.07658600807189941,-0.07658600807189941,0.0,0.0,0.0,0.0,0.0,0.0,0.0,0.0,0.0,0.0,0.0,-9.141592979431152
792,3.96,base_to_front_right_shoulder,3,-0.006806517951190472,-1.3719417824020752e-09,0.0,0.0,0.0,0.612585723400116,0.612585723400116,0.0,0.0,0.0,0.0,0.0,0.0,0.0,0.0,0.0,0.0,0.0,-9.141592979431152
792,3.96,front_right_shoulder_to_arm,7,-0.777212381362915,2.3592676825501258e-06,-0.7900000214576721,0.0,0.0,-0.35805827379226685,-0.35805827379226685,0.0,0.0,0.0,0.0,0.0,0.0,0.0,0.0,0.0,0.0,0.0,-9.141592979431152
792,3.96,front_right_arm_to_hand,11,-0.7846323847770691,2.1953485696002417e-09,-0.7853982448577881,0.0,0.0,-0.07658600807189941,-0.07658600807189941,0.0,0.0,0.0,0.0,0.0,0.0,0.0,0.0,0.0,0.0,0.0,-9.141592979431152
793,3.9650000000000003,base_to_front_right_shoulder,3,-0.006806527730077505,-1.369213187274454e-09,0.0,0.0,0.0,0.6125866174697876,0.6125866174697876,0.0,0.0,0.0,0.0,0.0,0.0,0.0,0.0,0.0,0.0,0.0,-9.141592979431152
793,3.9650000000000003,front_right_shoulder_to_arm,7,-0.777212381362915,2.3614204565092223e-06,-0.7900000214576721,0.0,0.0,-0.35805827379226685,-0.35805827379226685,0.0,0.0,0.0,0.0,0.0,0.0,0.0,0.0,0.0,0.0,0.0,-9.141592979431152
793,3.9650000000000003,front_right_arm_to_hand,11,-0.7846323847770691,7.985920813524672e-10,-0.7853982448577881,0.0,0.0,-0.07658601552248001,-0.07658601552248001,0.0,0.0,0.0,0.0,0.0,0.0,0.0,0.0,0.0,0.0,0.0,-9.141592979431152
794,3.97,base_to_front_right_shoulder,3,-0.006806537508964539,-1.3728512771038481e-09,0.0,0.0,0.0,0.6125875115394592,0.6125875115394592,0.0,0.0,0.0,0.0,0.0,0.0,0.0,0.0,0.0,0.0,0.0,-9.141592979431152
794,3.97,front_right_shoulder_to_arm,7,-0.777212381362915,2.359878180868691e-06,-0.7900000214576721,0.0,0.0,-0.35805830359458923,-0.35805830359458923,0.0,0.0,0.0,0.0,0.0,0.0,0.0,0.0,0.0,0.0,0.0,-9.141592979431152
794,3.97,front_right_arm_to_hand,11,-0.7846323847770691,2.195575943275685e-09,-0.7853982448577881,0.0,0.0,-0.07658600807189941,-0.07658600807189941,0.0,0.0,0.0,0.0,0.0,0.0,0.0,0.0,0.0,0.0,0.0,-9.141592979431152
795,3.975,base_to_front_right_shoulder,3,-0.006806547287851572,-1.3680631072432448e-09,0.0,0.0,0.0,0.6125884056091309,0.6125884056091309,0.0,0.0,0.0,0.0,0.0,0.0,0.0,0.0,0.0,0.0,0.0,-9.141592979431152
795,3.975,front_right_shoulder_to_arm,7,-0.777212381362915,2.3596405753778527e-06,-0.7900000214576721,0.0,0.0,-0.35805827379226685,-0.35805827379226685,0.0,0.0,0.0,0.0,0.0,0.0,0.0,0.0,0.0,0.0,0.0,-9.141592979431152
795,3.975,front_right_arm_to_hand,11,-0.7846323847770691,1.990225539927337e-09,-0.7853982448577881,0.0,0.0,-0.07658601552248001,-0.07658601552248001,0.0,0.0,0.0,0.0,0.0,0.0,0.0,0.0,0.0,0.0,0.0,-9.141592979431152
796,3.98,base_to_front_right_shoulder,3,-0.0068065570667386055,-1.3801272347180316e-09,0.0,0.0,0.0,0.6125892400741577,0.6125892400741577,0.0,0.0,0.0,0.0,0.0,0.0,0.0,0.0,0.0,0.0,0.0,-9.141592979431152
796,3.98,front_right_shoulder_to_arm,7,-0.777212381362915,2.3594609501742525e-06,-0.7900000214576721,0.0,0.0,-0.35805827379226685,-0.35805827379226685,0.0,0.0,0.0,0.0,0.0,0.0,0.0,0.0,0.0,0.0,0.0,-9.141592979431152
796,3.98,front_right_arm_to_hand,11,-0.7846323847770691,-7.793348605344974e-11,-0.7853982448577881,0.0,0.0,-0.07658601552248001,-0.07658601552248001,0.0,0.0,0.0,0.0,0.0,0.0,0.0,0.0,0.0,0.0,0.0,-9.141592979431152
797,3.985,base_to_front_right_shoulder,3,-0.006806566845625639,-1.3837651025028208e-09,0.0,0.0,0.0,0.6125901341438293,0.6125901341438293,0.0,0.0,0.0,0.0,0.0,0.0,0.0,0.0,0.0,0.0,0.0,-9.141592979431152
797,3.985,front_right_shoulder_to_arm,7,-0.777212381362915,2.3585625967825763e-06,-0.7900000214576721,0.0,0.0,-0.35805827379226685,-0.35805827379226685,0.0,0.0,0.0,0.0,0.0,0.0,0.0,0.0,0.0,0.0,0.0,-9.141592979431152
797,3.985,front_right_arm_to_hand,11,-0.7846323847770691,3.60443008773359e-10,-0.7853982448577881,0.0,0.0,-0.07658600807189941,-0.07658600807189941,0.0,0.0,0.0,0.0,0.0,0.0,0.0,0.0,0.0,0.0,0.0,-9.141592979431152
798,3.99,base_to_front_right_shoulder,3,-0.006806576624512672,-1.3771579432386716e-09,0.0,0.0,0.0,0.612591028213501,0.612591028213501,0.0,0.0,0.0,0.0,0.0,0.0,0.0,0.0,0.0,0.0,0.0,-9.141592979431152
798,3.99,front_right_shoulder_to_arm,7,-0.777212381362915,2.355918468310847e-06,-0.7900000214576721,0.0,0.0,-0.35805827379226685,-0.35805827379226685,0.0,0.0,0.0,0.0,0.0,0.0,0.0,0.0,0.0,0.0,0.0,-9.141592979431152
798,3.99,front_right_arm_to_hand,11,-0.7846323847770691,7.987875361159524e-10,-0.7853982448577881,0.0,0.0,-0.07658600807189941,-0.07658600807189941,0.0,0.0,0.0,0.0,0.0,0.0,0.0,0.0,0.0,0.0,0.0,-9.141592979431152
799,3.995,base_to_front_right_shoulder,3,-0.006806586403399706,-1.3801272347180316e-09,0.0,0.0,0.0,0.6125919222831726,0.6125919222831726,0.0,0.0,0.0,0.0,0.0,0.0,0.0,0.0,0.0,0.0,0.0,-9.141592979431152
799,3.995,front_right_shoulder_to_arm,7,-0.777212381362915,2.3557392978545977e-06,-0.7900000214576721,0.0,0.0,-0.35805827379226685,-0.35805827379226685,0.0,0.0,0.0,0.0,0.0,0.0,0.0,0.0,0.0,0.0,0.0,-9.141592979431152
799,3.995,front_right_arm_to_hand,11,-0.7846323847770691,8.26104240569947e-10,-0.7853982448577881,0.0,0.0,-0.07658600807189941,-0.07658600807189941,0.0,0.0,0.0,0.0,0.0,0.0,0.0,0.0,0.0,0.0,0.0,-9.141592979431152
800,4.0,base_to_front_right_shoulder,3,-0.006806596182286739,-1.3728512771038481e-09,0.0,0.0,0.0,0.6125927567481995,0.6125927567481995,0.0,0.0,0.0,0.0,0.0,0.0,0.0,0.0,0.0,0.0,0.0,-9.141592979431152
800,4.0,front_right_shoulder_to_arm,7,-0.777212381362915,2.3573982161906315e-06,-0.7900000214576721,0.0,0.0,-0.35805827379226685,-0.35805827379226685,0.0,0.0,0.0,0.0,0.0,0.0,0.0,0.0,0.0,0.0,0.0,-9.141592979431152
800,4.0,front_right_arm_to_hand,11,-0.7846323847770691,1.9902575143504464e-09,-0.7853982448577881,0.0,0.0,-0.07658600807189941,-0.07658600807189941,0.0,0.0,0.0,0.0,0.0,0.0,0.0,0.0,0.0,0.0,0.0,-9.141592979431152
801,4.005,base_to_front_right_shoulder,3,-0.006806605961173773,-1.3773987506127128e-09,0.0,0.0,0.0,0.6125936508178711,0.6125936508178711,0.0,0.0,0.0,0.0,0.0,0.0,0.0,0.0,0.0,0.0,0.0,-9.141592979431152
801,4.005,front_right_shoulder_to_arm,7,-0.777212381362915,2.3587365376442904e-06,-0.7900000214576721,0.0,0.0,-0.35805827379226685,-0.35805827379226685,0.0,0.0,0.0,0.0,0.0,0.0,0.0,0.0,0.0,0.0,0.0,-9.141592979431152
801,4.005,front_right_arm_to_hand,11,-0.7846323847770691,-1.0521832710663759e-10,-0.7853982448577881,0.0,0.0,-0.07658601552248001,-0.07658601552248001,0.0,0.0,0.0,0.0,0.0,0.0,0.0,0.0,0.0,0.0,0.0,-9.141592979431152
802,4.01,base_to_front_right_shoulder,3,-0.006806615740060806,-1.3773987506127128e-09,0.0,0.0,0.0,0.6125945448875427,0.6125945448875427,0.0,0.0,0.0,0.0,0.0,0.0,0.0,0.0,0.0,0.0,0.0,-9.141592979431152
802,4.01,front_right_shoulder_to_arm,7,-0.777212381362915,2.3596096525579924e-06,-0.7900000214576721,0.0,0.0,-0.35805827379226685,-0.35805827379226685,0.0,0.0,0.0,0.0,0.0,0.0,0.0,0.0,0.0,0.0,0.0,-9.141592979431152
802,4.01,front_right_arm_to_hand,11,-0.7846323847770691,5.932735969160774e-10,-0.7853982448577881,0.0,0.0,-0.07658600807189941,-0.07658600807189941,0.0,0.0,0.0,0.0,0.0,0.0,0.0,0.0,0.0,0.0,0.0,-9.141592979431152
803,4.015,base_to_front_right_shoulder,3,-0.00680662551894784,-1.381036618397502e-09,0.0,0.0,0.0,0.6125954389572144,0.6125954389572144,0.0,0.0,0.0,0.0,0.0,0.0,0.0,0.0,0.0,0.0,0.0,-9.141592979431152
803,4.015,front_right_shoulder_to_arm,7,-0.777212381362915,2.358877509323065e-06,-0.7900000214576721,0.0,0.0,-0.35805827379226685,-0.35805827379226685,0.0,0.0,0.0,0.0,0.0,0.0,0.0,0.0,0.0,0.0,0.0,-9.141592979431152
803,4.015,front_right_arm_to_hand,11,-0.7846323847770691,1.3192777981174686e-09,-0.7853982448577881,0.0,0.0,-0.07658600807189941,-0.07658600807189941,0.0,0.0,0.0,0.0,0.0,0.0,0.0,0.0,0.0,0.0,0.0,-9.141592979431152
804,4.0200000000000005,base_to_front_right_shoulder,3,-0.006806635297834873,-1.3846745972045937e-09,0.0,0.0,0.0,0.6125962734222412,0.6125962734222412,0.0,0.0,0.0,0.0,0.0,0.0,0.0,0.0,0.0,0.0,0.0,-9.141592979431152
804,4.0200000000000005,front_right_shoulder_to_arm,7,-0.777212381362915,2.3605987280461704e-06,-0.7900000214576721,0.0,0.0,-0.35805827379226685,-0.35805827379226685,0.0,0.0,0.0,0.0,0.0,0.0,0.0,0.0,0.0,0.0,0.0,-9.141592979431152
804,4.0200000000000005,front_right_arm_to_hand,11,-0.7846323847770691,5.932736524272286e-10,-0.7853982448577881,0.0,0.0,-0.07658601552248001,-0.07658601552248001,0.0,0.0,0.0,0.0,0.0,0.0,0.0,0.0,0.0,0.0,0.0,-9.141592979431152
805,4.025,base_to_front_right_shoulder,3,-0.006806645076721907,-1.3671536125414718e-09,0.0,0.0,0.0,0.6125971674919128,0.6125971674919128,0.0,0.0,0.0,0.0,0.0,0.0,0.0,0.0,0.0,0.0,0.0,-9.141592979431152
805,4.025,front_right_shoulder_to_arm,7,-0.777212381362915,2.359870677537401e-06,-0.7900000214576721,0.0,0.0,-0.35805830359458923,-0.35805830359458923,0.0,0.0,0.0,0.0,0.0,0.0,0.0,0.0,0.0,0.0,0.0,-9.141592979431152
805,4.025,front_right_arm_to_hand,11,-0.7846323847770691,-1.7348373848591336e-09,-0.7853982448577881,0.0,0.0,-0.07658600807189941,-0.07658600807189941,0.0,0.0,0.0,0.0,0.0,0.0,0.0,0.0,0.0,0.0,0.0,-9.141592979431152
806,4.03,base_to_front_right_shoulder,3,-0.00680665485560894,-1.3783082453144857e-09,0.0,0.0,0.0,0.6125980615615845,0.6125980615615845,0.0,0.0,0.0,0.0,0.0,0.0,0.0,0.0,0.0,0.0,0.0,-9.141592979431152
806,4.03,front_right_shoulder_to_arm,7,-0.777212381362915,2.3591137505718507e-06,-0.7900000214576721,0.0,0.0,-0.35805827379226685,-0.35805827379226685,0.0,0.0,0.0,0.0,0.0,0.0,0.0,0.0,0.0,0.0,0.0,-9.141592979431152
806,4.03,front_right_arm_to_hand,11,-0.7846323847770691,8.263316142453903e-10,-0.7853982448577881,0.0,0.0,-0.07658600062131882,-0.07658600062131882,0.0,0.0,0.0,0.0,0.0,0.0,0.0,0.0,0.0,0.0,0.0,-9.141592979431152
807,4.035,base_to_front_right_shoulder,3,-0.006806664634495974,-1.3757360806110341e-09,0.0,0.0,0.0,0.6125989556312561,0.6125989556312561,0.0,0.0,0.0,0.0,0.0,0.0,0.0,0.0,0.0,0.0,0.0,-9.141592979431152
807,4.035,front_right_shoulder_to_arm,7,-0.777212381362915,2.358360916332458e-06,-0.7900000214576721,0.0,0.0,-0.35805827379226685,-0.35805827379226685,0.0,0.0,0.0,0.0,0.0,0.0,0.0,0.0,0.0,0.0,0.0,-9.141592979431152
807,4.035,front_right_arm_to_hand,11,-0.7846323847770691,2.4287629685204593e-09,-0.7853982448577881,0.0,0.0,-0.07658600807189941,-0.07658600807189941,0.0,0.0,0.0,0.0,0.0,0.0,0.0,0.0,0.0,0.0,0.0,-9.141592979431152
808,4.04,base_to_front_right_shoulder,3,-0.006806674413383007,-1.3846745972045937e-09,0.0,0.0,0.0,0.612599790096283,0.612599790096283,0.0,0.0,0.0,0.0,0.0,0.0,0.0,0.0,0.0,0.0,0.0,-9.141592979431152
808,4.04,front_right_shoulder_to_arm,7,-0.777212381362915,2.3586514998896746e-06,-0.7900000214576721,0.0,0.0,-0.35805827379226685,-0.35805827379226685,0.0,0.0,0.0,0.0,0.0,0.0,0.0,0.0,0.0,0.0,0.0,-9.141592979431152
808,4.04,front_right_arm_to_hand,11,-0.7846323847770691,5.659888113740408e-10,-0.7853982448577881,0.0,0.0,-0.07658601552248001,-0.07658601552248001,0.0,0.0,0.0,0.0,0.0,0.0,0.0,0.0,0.0,0.0,0.0,-9.141592979431152
809,4.045,base_to_front_right_shoulder,3,-0.0068066841922700405,1.2974273877475184e-09,0.0,0.0,0.0,0.6126006841659546,0.6126006841659546,0.0,0.0,0.0,0.0,0.0,0.0,0.0,0.0,0.0,0.0,0.0,-9.141592979431152
809,4.045,front_right_shoulder_to_arm,7,-0.777212381362915,2.362663735766546e-06,-0.7900000214576721,0.0,0.0,-0.35805827379226685,-0.35805827379226685,0.0,0.0,0.0,0.0,0.0,0.0,0.0,0.0,0.0,0.0,0.0,-9.141592979431152
809,4.045,front_right_arm_to_hand,11,-0.7846323847770691,-1.967636054089894e-09,-0.7853982448577881,0.0,0.0,-0.07658600807189941,-0.07658600807189941,0.0,0.0,0.0,0.0,0.0,0.0,0.0,0.0,0.0,0.0,0.0,-9.141592979431152
810,4.05,base_to_front_right_shoulder,3,-0.006806693971157074,-6.150425058137898e-09,0.0,0.0,0.0,0.6126015782356262,0.6126015782356262,0.0,0.0,0.0,0.0,0.0,0.0,0.0,0.0,0.0,0.0,0.0,-9.141592979431152
810,4.05,front_right_shoulder_to_arm,7,-0.777212381362915,2.3629004317626823e-06,-0.7900000214576721,0.0,0.0,-0.35805830359458923,-0.35805830359458923,0.0,0.0,0.0,0.0,0.0,0.0,0.0,0.0,0.0,0.0,0.0,-9.141592979431152
810,4.05,front_right_arm_to_hand,11,-0.7846323847770691,-1.7620902514892123e-09,-0.7853982448577881,0.0,0.0,-0.07658600062131882,-0.07658600062131882,0.0,0.0,0.0,0.0,0.0,0.0,0.0,0.0,0.0,0.0,0.0,-9.141592979431152
811,4.055,base_to_front_right_shoulder,3,-0.0068067037500441074,-6.1486060687343524e-09,0.0,0.0,0.0,0.6126025319099426,0.6126025319099426,0.0,0.0,0.0,0.0,0.0,0.0,0.0,0.0,0.0,0.0,0.0,-9.141592979431152
811,4.055,front_right_shoulder_to_arm,7,-0.777212381362915,2.3644922748644603e-06,-0.7900000214576721,0.0,0.0,-0.35805830359458923,-0.35805830359458923,0.0,0.0,0.0,0.0,0.0,0.0,0.0,0.0,0.0,0.0,0.0,-9.141592979431152
811,4.055,front_right_arm_to_hand,11,-0.7846323847770691,-2.1727271093396894e-09,-0.7853982448577881,0.0,0.0,-0.07658600062131882,-0.07658600062131882,0.0,0.0,0.0,0.0,0.0,0.0,0.0,0.0,0.0,0.0,0.0,-9.141592979431152
812,4.0600000000000005,base_to_front_right_shoulder,3,-0.006806713528931141,-6.1486060687343524e-09,0.0,0.0,0.0,0.6126034259796143,0.6126034259796143,0.0,0.0,0.0,0.0,0.0,0.0,0.0,0.0,0.0,0.0,0.0,-9.141592979431152
812,4.0600000000000005,front_right_shoulder_to_arm,7,-0.777212381362915,2.365461568842875e-06,-0.7900000214576721,0.0,0.0,-0.35805830359458923,-0.35805830359458923,0.0,0.0,0.0,0.0,0.0,0.0,0.0,0.0,0.0,0.0,0.0,-9.141592979431152
812,4.0600000000000005,front_right_arm_to_hand,11,-0.7846323847770691,-8.307676768737338e-10,-0.7853982448577881,0.0,0.0,-0.07658600062131882,-0.07658600062131882,0.0,0.0,0.0,0.0,0.0,0.0,0.0,0.0,0.0,0.0,0.0,-9.141592979431152
813,4.065,base_to_front_right_shoulder,3,-0.006806723307818174,-6.1504246140486885e-09,0.0,0.0,0.0,0.6126042604446411,0.6126042604446411,0.0,0.0,0.0,0.0,0.0,0.0,0.0,0.0,0.0,0.0,0.0,-9.141592979431152
813,4.065,front_right_shoulder_to_arm,7,-0.777212381362915,2.3671200324315578e-06,-0.7900000214576721,0.0,0.0,-0.35805830359458923,-0.35805830359458923,0.0,0.0,0.0,0.0,0.0,0.0,0.0,0.0,0.0,0.0,0.0,-9.141592979431152
813,4.065,front_right_arm_to_hand,11,-0.7846323847770691,-1.296428964181473e-09,-0.7853982448577881,0.0,0.0,-0.07658600807189941,-0.07658600807189941,0.0,0.0,0.0,0.0,0.0,0.0,0.0,0.0,0.0,0.0,0.0,-9.141592979431152
814,4.07,base_to_front_right_shoulder,3,-0.006806733086705208,-6.149274867084387e-09,0.0,0.0,0.0,0.6126051545143127,0.6126051545143127,0.0,0.0,0.0,0.0,0.0,0.0,0.0,0.0,0.0,0.0,0.0,-9.141592979431152
814,4.07,front_right_shoulder_to_arm,7,-0.777212381362915,2.367934712310671e-06,-0.7900000214576721,0.0,0.0,-0.35805830359458923,-0.35805830359458923,0.0,0.0,0.0,0.0,0.0,0.0,0.0,0.0,0.0,0.0,0.0,-9.141592979431152
814,4.07,front_right_arm_to_hand,11,-0.7846323847770691,1.0052287474637822e-10,-0.7853982448577881,0.0,0.0,-0.07658600062131882,-0.07658600062131882,0.0,0.0,0.0,0.0,0.0,0.0,0.0,0.0,0.0,0.0,0.0,-9.141592979431152
815,4.075,base_to_front_right_shoulder,3,-0.006806742865592241,-6.153153098154007e-09,0.0,0.0,0.0,0.6126060485839844,0.6126060485839844,0.0,0.0,0.0,0.0,0.0,0.0,0.0,0.0,0.0,0.0,0.0,-9.141592979431152
815,4.075,front_right_shoulder_to_arm,7,-0.777212381362915,2.3695642994425725e-06,-0.7900000214576721,0.0,0.0,-0.35805830359458923,-0.35805830359458923,0.0,0.0,0.0,0.0,0.0,0.0,0.0,0.0,0.0,0.0,0.0,-9.141592979431152
815,4.075,front_right_arm_to_hand,11,-0.7846323847770691,7.990467731922024e-10,-0.7853982448577881,0.0,0.0,-0.07658600807189941,-0.07658600807189941,0.0,0.0,0.0,0.0,0.0,0.0,0.0,0.0,0.0,0.0,0.0,-9.141592979431152
816,4.08,base_to_front_right_shoulder,3,-0.006806752644479275,-6.15264106329505e-09,0.0,0.0,0.0,0.612606942653656,0.612606942653656,0.0,0.0,0.0,0.0,0.0,0.0,0.0,0.0,0.0,0.0,0.0,-9.141592979431152
816,4.08,front_right_shoulder_to_arm,7,-0.777212381362915,2.373371899011545e-06,-0.7900000214576721,0.0,0.0,-0.35805830359458923,-0.35805830359458923,0.0,0.0,0.0,0.0,0.0,0.0,0.0,0.0,0.0,0.0,0.0,-9.141592979431152
816,4.08,front_right_arm_to_hand,11,-0.7846323847770691,-1.501586410768141e-09,-0.7853982448577881,0.0,0.0,-0.07658600807189941,-0.07658600807189941,0.0,0.0,0.0,0.0,0.0,0.0,0.0,0.0,0.0,0.0,0.0,-9.141592979431152
817,4.085,base_to_front_right_shoulder,3,-0.006806762423366308,-6.157701015752082e-09,0.0,0.0,0.0,0.6126077771186829,0.6126077771186829,0.0,0.0,0.0,0.0,0.0,0.0,0.0,0.0,0.0,0.0,0.0,-9.141592979431152
817,4.085,front_right_shoulder_to_arm,7,-0.777212381362915,2.376577185714268e-06,-0.7900000214576721,0.0,0.0,-0.35805830359458923,-0.35805830359458923,0.0,0.0,0.0,0.0,0.0,0.0,0.0,0.0,0.0,0.0,0.0,-9.141592979431152
817,4.085,front_right_arm_to_hand,11,-0.7846323847770691,-2.926016096083117e-09,-0.7853982448577881,0.0,0.0,-0.07658600062131882,-0.07658600062131882,0.0,0.0,0.0,0.0,0.0,0.0,0.0,0.0,0.0,0.0,0.0,-9.141592979431152
818,4.09,base_to_front_right_shoulder,3,-0.006806772202253342,-6.151334108750461e-09,0.0,0.0,0.0,0.6126086711883545,0.6126086711883545,0.0,0.0,0.0,0.0,0.0,0.0,0.0,0.0,0.0,0.0,0.0,-9.141592979431152
818,4.09,front_right_shoulder_to_arm,7,-0.777212381362915,2.3769266590534244e-06,-0.7900000214576721,0.0,0.0,-0.3580583333969116,-0.3580583333969116,0.0,0.0,0.0,0.0,0.0,0.0,0.0,0.0,0.0,0.0,0.0,-9.141592979431152
818,4.09,front_right_arm_to_hand,11,-0.7846323847770691,-2.460354808775378e-09,-0.7853982448577881,0.0,0.0,-0.07658600062131882,-0.07658600062131882,0.0,0.0,0.0,0.0,0.0,0.0,0.0,0.0,0.0,0.0,0.0,-9.141592979431152
819,4.095,base_to_front_right_shoulder,3,-0.006806781981140375,-6.15406303694499e-09,0.0,0.0,0.0,0.6126095652580261,0.6126095652580261,0.0,0.0,0.0,0.0,0.0,0.0,0.0,0.0,0.0,0.0,0.0,-9.141592979431152
819,4.095,front_right_shoulder_to_arm,7,-0.777212381362915,2.3762859200360253e-06,-0.7900000214576721,0.0,0.0,-0.3580583333969116,-0.3580583333969116,0.0,0.0,0.0,0.0,0.0,0.0,0.0,0.0,0.0,0.0,0.0,-9.141592979431152
819,4.095,front_right_arm_to_hand,11,-0.7846323847770691,-1.9946935214676387e-09,-0.7853982448577881,0.0,0.0,-0.07658600062131882,-0.07658600062131882,0.0,0.0,0.0,0.0,0.0,0.0,0.0,0.0,0.0,0.0,0.0,-9.141592979431152
820,4.1,base_to_front_right_shoulder,3,-0.006806791760027409,-6.15406259285578e-09,0.0,0.0,0.0,0.6126104593276978,0.6126104593276978,0.0,0.0,0.0,0.0,0.0,0.0,0.0,0.0,0.0,0.0,0.0,-9.141592979431152
820,4.1,front_right_shoulder_to_arm,7,-0.777212381362915,2.3734337446512654e-06,-0.7900000214576721,0.0,0.0,-0.3580583333969116,-0.3580583333969116,0.0,0.0,0.0,0.0,0.0,0.0,0.0,0.0,0.0,0.0,0.0,-9.141592979431152
820,4.1,front_right_arm_to_hand,11,-0.7846323847770691,-1.3204839999225726e-10,-0.7853982448577881,0.0,0.0,-0.07658600062131882,-0.07658600062131882,0.0,0.0,0.0,0.0,0.0,0.0,0.0,0.0,0.0,0.0,0.0,-9.141592979431152
821,4.105,base_to_front_right_shoulder,3,-0.006806801538914442,-6.15406259285578e-09,0.0,0.0,0.0,0.6126112937927246,0.6126112937927246,0.0,0.0,0.0,0.0,0.0,0.0,0.0,0.0,0.0,0.0,0.0,-9.141592979431152
821,4.105,front_right_shoulder_to_arm,7,-0.777212381362915,2.3737488845654298e-06,-0.7900000214576721,0.0,0.0,-0.35805830359458923,-0.35805830359458923,0.0,0.0,0.0,0.0,0.0,0.0,0.0,0.0,0.0,0.0,0.0,-9.141592979431152
821,4.105,front_right_arm_to_hand,11,-0.7846323847770691,-1.2686893757773987e-09,-0.7853982448577881,0.0,0.0,-0.07658600807189941,-0.07658600807189941,0.0,0.0,0.0,0.0,0.0,0.0,0.0,0.0,0.0,0.0,0.0,-9.141592979431152
822,4.11,base_to_front_right_shoulder,3,-0.0068068113178014755,-6.151214204663802e-09,0.0,0.0,0.0,0.6126121878623962,0.6126121878623962,0.0,0.0,0.0,0.0,0.0,0.0,0.0,0.0,0.0,0.0,0.0,-9.141592979431152
822,4.11,front_right_shoulder_to_arm,7,-0.777212381362915,2.3730458451609593e-06,-0.7900000214576721,0.0,0.0,-0.35805830359458923,-0.35805830359458923,0.0,0.0,0.0,0.0,0.0,0.0,0.0,0.0,0.0,0.0,0.0,-9.141592979431152
822,4.11,front_right_arm_to_hand,11,-0.7846323847770691,-1.7068544355680615e-09,-0.7853982448577881,0.0,0.0,-0.07658600062131882,-0.07658600062131882,0.0,0.0,0.0,0.0,0.0,0.0,0.0,0.0,0.0,0.0,0.0,-9.141592979431152
823,4.115,base_to_front_right_shoulder,3,-0.006806821096688509,-6.151214648753012e-09,0.0,0.0,0.0,0.6126130819320679,0.6126130819320679,0.0,0.0,0.0,0.0,0.0,0.0,0.0,0.0,0.0,0.0,0.0,-9.141592979431152
823,4.115,front_right_shoulder_to_arm,7,-0.777212381362915,2.3768379833200015e-06,-0.7900000214576721,0.0,0.0,-0.35805830359458923,-0.35805830359458923,0.0,0.0,0.0,0.0,0.0,0.0,0.0,0.0,0.0,0.0,0.0,-9.141592979431152
823,4.115,front_right_arm_to_hand,11,-0.7846323847770691,-1.296217466695282e-09,-0.7853982448577881,0.0,0.0,-0.07658600062131882,-0.07658600062131882,0.0,0.0,0.0,0.0,0.0,0.0,0.0,0.0,0.0,0.0,0.0,-9.141592979431152
824,4.12,base_to_front_right_shoulder,3,-0.0068068308755755424,-6.1622480451717365e-09,0.0,0.0,0.0,0.6126139760017395,0.6126139760017395,0.0,0.0,0.0,0.0,0.0,0.0,0.0,0.0,0.0,0.0,0.0,-9.141592979431152
824,4.12,front_right_shoulder_to_arm,7,-0.777212381362915,2.3776437956257723e-06,-0.7900000214576721,0.0,0.0,-0.3580583333969116,-0.3580583333969116,0.0,0.0,0.0,0.0,0.0,0.0,0.0,0.0,0.0,0.0,0.0,-9.141592979431152
824,4.12,front_right_arm_to_hand,11,-0.7846323847770691,-2.4053303793181158e-09,-0.7853982448577881,0.0,0.0,-0.07658600062131882,-0.07658600062131882,0.0,0.0,0.0,0.0,0.0,0.0,0.0,0.0,0.0,0.0,0.0,-9.141592979431152
825,4.125,base_to_front_right_shoulder,3,-0.006806840654462576,-6.160309151681531e-09,0.0,0.0,0.0,0.6126148104667664,0.6126148104667664,0.0,0.0,0.0,0.0,0.0,0.0,0.0,0.0,0.0,0.0,0.0,-9.141592979431152
825,4.125,front_right_shoulder_to_arm,7,-0.777212381362915,2.376808424742194e-06,-0.7900000214576721,0.0,0.0,-0.3580583333969116,-0.3580583333969116,0.0,0.0,0.0,0.0,0.0,0.0,0.0,0.0,0.0,0.0,0.0,-9.141592979431152
825,4.125,front_right_arm_to_hand,11,-0.7846323847770691,-2.2273127786576197e-09,-0.7853982448577881,0.0,0.0,-0.07658600062131882,-0.07658600062131882,0.0,0.0,0.0,0.0,0.0,0.0,0.0,0.0,0.0,0.0,0.0,-9.141592979431152
826,4.13,base_to_front_right_shoulder,3,-0.006806850433349609,-6.153033194067348e-09,0.0,0.0,0.0,0.612615704536438,0.612615704536438,0.0,0.0,0.0,0.0,0.0,0.0,0.0,0.0,0.0,0.0,0.0,-9.141592979431152
826,4.13,front_right_shoulder_to_arm,7,-0.777212381362915,2.3758684619679116e-06,-0.7900000214576721,0.0,0.0,-0.3580583333969116,-0.3580583333969116,0.0,0.0,0.0,0.0,0.0,0.0,0.0,0.0,0.0,0.0,0.0,-9.141592979431152
826,4.13,front_right_arm_to_hand,11,-0.7846323847770691,-7.681258407110647e-11,-0.7853982448577881,0.0,0.0,-0.07658600062131882,-0.07658600062131882,0.0,0.0,0.0,0.0,0.0,0.0,0.0,0.0,0.0,0.0,0.0,-9.141592979431152
827,4.135,base_to_front_right_shoulder,3,-0.006806860212236643,-6.152123699365575e-09,0.0,0.0,0.0,0.6126165986061096,0.6126165986061096,0.0,0.0,0.0,0.0,0.0,0.0,0.0,0.0,0.0,0.0,0.0,-9.141592979431152
827,4.135,front_right_shoulder_to_arm,7,-0.777212381362915,2.3761383545206627e-06,-0.7900000214576721,0.0,0.0,-0.35805830359458923,-0.35805830359458923,0.0,0.0,0.0,0.0,0.0,0.0,0.0,0.0,0.0,0.0,0.0,-9.141592979431152
827,4.135,front_right_arm_to_hand,11,-0.7846323847770691,-3.158635353273098e-09,-0.7853982448577881,0.0,0.0,-0.07658600807189941,-0.07658600807189941,0.0,0.0,0.0,0.0,0.0,0.0,0.0,0.0,0.0,0.0,0.0,-9.141592979431152
828,4.14,base_to_front_right_shoulder,3,-0.006806869991123676,-6.154972087557553e-09,0.0,0.0,0.0,0.6126174926757812,0.6126174926757812,0.0,0.0,0.0,0.0,0.0,0.0,0.0,0.0,0.0,0.0,0.0,-9.141592979431152
828,4.14,front_right_shoulder_to_arm,7,-0.777212381362915,2.3722589048702503e-06,-0.7900000214576721,0.0,0.0,-0.3580583333969116,-0.3580583333969116,0.0,0.0,0.0,0.0,0.0,0.0,0.0,0.0,0.0,0.0,0.0,-9.141592979431152
828,4.14,front_right_arm_to_hand,11,-0.7846323847770691,1.0873566491653719e-09,-0.7853982448577881,0.0,0.0,-0.07658600062131882,-0.07658600062131882,0.0,0.0,0.0,0.0,0.0,0.0,0.0,0.0,0.0,0.0,0.0,-9.141592979431152
829,4.1450000000000005,base_to_front_right_shoulder,3,-0.00680687977001071,-6.150304265872819e-09,0.0,0.0,0.0,0.6126183867454529,0.6126183867454529,0.0,0.0,0.0,0.0,0.0,0.0,0.0,0.0,0.0,0.0,0.0,-9.141592979431152
829,4.1450000000000005,front_right_shoulder_to_arm,7,-0.777212381362915,2.370520860495162e-06,-0.7900000214576721,0.0,0.0,-0.35805830359458923,-0.35805830359458923,0.0,0.0,0.0,0.0,0.0,0.0,0.0,0.0,0.0,0.0,0.0,-9.141592979431152
829,4.1450000000000005,front_right_arm_to_hand,11,-0.7846323847770691,1.2651468761504248e-09,-0.7853982448577881,0.0,0.0,-0.07658601552248001,-0.07658601552248001,0.0,0.0,0.0,0.0,0.0,0.0,0.0,0.0,0.0,0.0,0.0,-9.141592979431152
830,4.15,base_to_front_right_shoulder,3,-0.006806889548897743,-6.155369991489579e-09,0.0,0.0,0.0,0.6126192212104797,0.6126192212104797,0.0,0.0,0.0,0.0,0.0,0.0,0.0,0.0,0.0,0.0,0.0,-9.141592979431152
830,4.15,front_right_shoulder_to_arm,7,-0.777212381362915,2.3732516183372354e-06,-0.7900000214576721,0.0,0.0,-0.35805830359458923,-0.35805830359458923,0.0,0.0,0.0,0.0,0.0,0.0,0.0,0.0,0.0,0.0,0.0,-9.141592979431152
830,4.15,front_right_arm_to_hand,11,-0.7846323847770691,-1.2683010197633848e-09,-0.7853982448577881,0.0,0.0,-0.07658601552248001,-0.07658601552248001,0.0,0.0,0.0,0.0,0.0,0.0,0.0,0.0,0.0,0.0,0.0,-9.141592979431152
831,4.155,base_to_front_right_shoulder,3,-0.006806899327784777,-6.1575802234870025e-09,0.0,0.0,0.0,0.6126201152801514,0.6126201152801514,0.0,0.0,0.0,0.0,0.0,0.0,0.0,0.0,0.0,0.0,0.0,-9.141592979431152
831,4.155,front_right_shoulder_to_arm,7,-0.777212381362915,2.3762202090438223e-06,-0.7900000214576721,0.0,0.0,-0.35805830359458923,-0.35805830359458923,0.0,0.0,0.0,0.0,0.0,0.0,0.0,0.0,0.0,0.0,0.0,-9.141592979431152
831,4.155,front_right_arm_to_hand,11,-0.7846323847770691,-2.4326312075828582e-09,-0.7853982448577881,0.0,0.0,-0.07658600062131882,-0.07658600062131882,0.0,0.0,0.0,0.0,0.0,0.0,0.0,0.0,0.0,0.0,0.0,-9.141592979431152
832,4.16,base_to_front_right_shoulder,3,-0.00680690910667181,-6.15406259285578e-09,0.0,0.0,0.0,0.612621009349823,0.612621009349823,0.0,0.0,0.0,0.0,0.0,0.0,0.0,0.0,0.0,0.0,0.0,-9.141592979431152
832,4.16,front_right_shoulder_to_arm,7,-0.777212381362915,2.3748229978082236e-06,-0.7900000214576721,0.0,0.0,-0.3580583333969116,-0.3580583333969116,0.0,0.0,0.0,0.0,0.0,0.0,0.0,0.0,0.0,0.0,0.0,-9.141592979431152
832,4.16,front_right_arm_to_hand,11,-0.7846323847770691,-1.2682346284265122e-09,-0.7853982448577881,0.0,0.0,-0.07658600062131882,-0.07658600062131882,0.0,0.0,0.0,0.0,0.0,0.0,0.0,0.0,0.0,0.0,0.0,-9.141592979431152
833,4.165,base_to_front_right_shoulder,3,-0.006806918885558844,-6.152123699365575e-09,0.0,0.0,0.0,0.6126219034194946,0.6126219034194946,0.0,0.0,0.0,0.0,0.0,0.0,0.0,0.0,0.0,0.0,0.0,-9.141592979431152
833,4.165,front_right_shoulder_to_arm,7,-0.777212381362915,2.3764528123138007e-06,-0.7900000214576721,0.0,0.0,-0.35805830359458923,-0.35805830359458923,0.0,0.0,0.0,0.0,0.0,0.0,0.0,0.0,0.0,0.0,0.0,-9.141592979431152
833,4.165,front_right_arm_to_hand,11,-0.7846323847770691,-1.0354199719841972e-09,-0.7853982448577881,0.0,0.0,-0.07658600062131882,-0.07658600062131882,0.0,0.0,0.0,0.0,0.0,0.0,0.0,0.0,0.0,0.0,0.0,-9.141592979431152
834,4.17,base_to_front_right_shoulder,3,-0.006806928664445877,-6.151214204663802e-09,0.0,0.0,0.0,0.6126227378845215,0.6126227378845215,0.0,0.0,0.0,0.0,0.0,0.0,0.0,0.0,0.0,0.0,0.0,-9.141592979431152
834,4.17,front_right_shoulder_to_arm,7,-0.777212381362915,2.3751763364998624e-06,-0.7900000214576721,0.0,0.0,-0.3580583333969116,-0.3580583333969116,0.0,0.0,0.0,0.0,0.0,0.0,0.0,0.0,0.0,0.0,0.0,-9.141592979431152
834,4.17,front_right_arm_to_hand,11,-0.7846323847770691,3.3405164745481386e-10,-0.7853982448577881,0.0,0.0,-0.07658600807189941,-0.07658600807189941,0.0,0.0,0.0,0.0,0.0,0.0,0.0,0.0,0.0,0.0,0.0,-9.141592979431152
835,4.175,base_to_front_right_shoulder,3,-0.0068069384433329105,-6.151214204663802e-09,0.0,0.0,0.0,0.6126236319541931,0.6126236319541931,0.0,0.0,0.0,0.0,0.0,0.0,0.0,0.0,0.0,0.0,0.0,-9.141592979431152
835,4.175,front_right_shoulder_to_arm,7,-0.777212381362915,2.375345957261743e-06,-0.7900000214576721,0.0,0.0,-0.35805830359458923,-0.35805830359458923,0.0,0.0,0.0,0.0,0.0,0.0,0.0,0.0,0.0,0.0,0.0,-9.141592979431152
835,4.175,front_right_arm_to_hand,11,-0.7846323847770691,-2.432403833907415e-09,-0.7853982448577881,0.0,0.0,-0.07658600807189941,-0.07658600807189941,0.0,0.0,0.0,0.0,0.0,0.0,0.0,0.0,0.0,0.0,0.0,-9.141592979431152
836,4.18,base_to_front_right_shoulder,3,-0.006806948222219944,-6.160309151681531e-09,0.0,0.0,0.0,0.6126245260238647,0.6126245260238647,0.0,0.0,0.0,0.0,0.0,0.0,0.0,0.0,0.0,0.0,0.0,-9.141592979431152
836,4.18,front_right_shoulder_to_arm,7,-0.777212381362915,2.374157247686526e-06,-0.7900000214576721,0.0,0.0,-0.35805830359458923,-0.35805830359458923,0.0,0.0,0.0,0.0,0.0,0.0,0.0,0.0,0.0,0.0,0.0,-9.141592979431152
836,4.18,front_right_arm_to_hand,11,-0.7846323847770691,-1.0629321867128283e-09,-0.7853982448577881,0.0,0.0,-0.07658600062131882,-0.07658600062131882,0.0,0.0,0.0,0.0,0.0,0.0,0.0,0.0,0.0,0.0,0.0,-9.141592979431152
837,4.1850000000000005,base_to_front_right_shoulder,3,-0.0068069580011069775,-6.153033194067348e-09,0.0,0.0,0.0,0.6126254200935364,0.6126254200935364,0.0,0.0,0.0,0.0,0.0,0.0,0.0,0.0,0.0,0.0,0.0,-9.141592979431152
837,4.1850000000000005,front_right_shoulder_to_arm,7,-0.777212381362915,2.3759864689054666e-06,-0.7900000214576721,0.0,0.0,-0.35805830359458923,-0.35805830359458923,0.0,0.0,0.0,0.0,0.0,0.0,0.0,0.0,0.0,0.0,0.0,-9.141592979431152
837,4.1850000000000005,front_right_arm_to_hand,11,-0.7846323847770691,5.943945335928902e-10,-0.7853982448577881,0.0,0.0,-0.07658600807189941,-0.07658600807189941,0.0,0.0,0.0,0.0,0.0,0.0,0.0,0.0,0.0,0.0,0.0,-9.141592979431152
838,4.19,base_to_front_right_shoulder,3,-0.006806967779994011,-6.154972087557553e-09,0.0,0.0,0.0,0.6126262545585632,0.6126262545585632,0.0,0.0,0.0,0.0,0.0,0.0,0.0,0.0,0.0,0.0,0.0,-9.141592979431152
838,4.19,front_right_shoulder_to_arm,7,-0.777212381362915,2.3777115529810544e-06,-0.7900000214576721,0.0,0.0,-0.35805830359458923,-0.35805830359458923,0.0,0.0,0.0,0.0,0.0,0.0,0.0,0.0,0.0,0.0,0.0,-9.141592979431152
838,4.19,front_right_arm_to_hand,11,-0.7846323847770691,5.396134650226259e-10,-0.7853982448577881,0.0,0.0,-0.07658600807189941,-0.07658600807189941,0.0,0.0,0.0,0.0,0.0,0.0,0.0,0.0,0.0,0.0,0.0,-9.141592979431152
839,4.195,base_to_front_right_shoulder,3,-0.006806977558881044,-6.154972087557553e-09,0.0,0.0,0.0,0.6126271486282349,0.6126271486282349,0.0,0.0,0.0,0.0,0.0,0.0,0.0,0.0,0.0,0.0,0.0,-9.141592979431152
839,4.195,front_right_shoulder_to_arm,7,-0.777212381362915,2.3767420316289645e-06,-0.7900000214576721,0.0,0.0,-0.3580583333969116,-0.3580583333969116,0.0,0.0,0.0,0.0,0.0,0.0,0.0,0.0,0.0,0.0,0.0,-9.141592979431152
839,4.195,front_right_arm_to_hand,11,-0.7846323847770691,-1.5010652720803819e-09,-0.7853982448577881,0.0,0.0,-0.07658600807189941,-0.07658600807189941,0.0,0.0,0.0,0.0,0.0,0.0,0.0,0.0,0.0,0.0,0.0,-9.141592979431152
840,4.2,base_to_front_right_shoulder,3,-0.006806987337768078,-6.150304265872819e-09,0.0,0.0,0.0,0.6126280426979065,0.6126280426979065,0.0,0.0,0.0,0.0,0.0,0.0,0.0,0.0,0.0,0.0,0.0,-9.141592979431152
840,4.2,front_right_shoulder_to_arm,7,-0.777212381362915,2.375844132984639e-06,-0.7900000214576721,0.0,0.0,-0.3580583333969116,-0.3580583333969116,0.0,0.0,0.0,0.0,0.0,0.0,0.0,0.0,0.0,0.0,0.0,-9.141592979431152
840,4.2,front_right_arm_to_hand,11,-0.7846323847770691,-8.298742248946667e-10,-0.7853982448577881,0.0,0.0,-0.07658600062131882,-0.07658600062131882,0.0,0.0,0.0,0.0,0.0,0.0,0.0,0.0,0.0,0.0,0.0,-9.141592979431152
841,4.205,base_to_front_right_shoulder,3,-0.006806997116655111,-6.153033194067348e-09,0.0,0.0,0.0,0.6126289367675781,0.6126289367675781,0.0,0.0,0.0,0.0,0.0,0.0,0.0,0.0,0.0,0.0,0.0,-9.141592979431152
841,4.205,front_right_shoulder_to_arm,7,-0.777212381362915,2.375660415054881e-06,-0.7900000214576721,0.0,0.0,-0.35805830359458923,-0.35805830359458923,0.0,0.0,0.0,0.0,0.0,0.0,0.0,0.0,0.0,0.0,0.0,-9.141592979431152
841,4.205,front_right_arm_to_hand,11,-0.7846323847770691,-1.4735690445633054e-09,-0.7853982448577881,0.0,0.0,-0.07658600807189941,-0.07658600807189941,0.0,0.0,0.0,0.0,0.0,0.0,0.0,0.0,0.0,0.0,0.0,-9.141592979431152
842,4.21,base_to_front_right_shoulder,3,-0.006807006895542145,-6.154972087557553e-09,0.0,0.0,0.0,0.612629771232605,0.612629771232605,0.0,0.0,0.0,0.0,0.0,0.0,0.0,0.0,0.0,0.0,0.0,-9.141592979431152
842,4.21,front_right_shoulder_to_arm,7,-0.777212381362915,2.3753775622026296e-06,-0.7900000214576721,0.0,0.0,-0.35805830359458923,-0.35805830359458923,0.0,0.0,0.0,0.0,0.0,0.0,0.0,0.0,0.0,0.0,0.0,-9.141592979431152
842,4.21,front_right_arm_to_hand,11,-0.7846323847770691,-2.692503331402918e-09,-0.7853982448577881,0.0,0.0,-0.07658600062131882,-0.07658600062131882,0.0,0.0,0.0,0.0,0.0,0.0,0.0,0.0,0.0,0.0,0.0,-9.141592979431152
843,4.215,base_to_front_right_shoulder,3,-0.006807016674429178,-6.15406259285578e-09,0.0,0.0,0.0,0.6126306653022766,0.6126306653022766,0.0,0.0,0.0,0.0,0.0,0.0,0.0,0.0,0.0,0.0,0.0,-9.141592979431152
843,4.215,front_right_shoulder_to_arm,7,-0.777212381362915,2.3766538106428925e-06,-0.7900000214576721,0.0,0.0,-0.35805830359458923,-0.35805830359458923,0.0,0.0,0.0,0.0,0.0,0.0,0.0,0.0,0.0,0.0,0.0,-9.141592979431152
843,4.215,front_right_arm_to_hand,11,-0.7846323847770691,-3.366847078911661e-10,-0.7853982448577881,0.0,0.0,-0.07658600062131882,-0.07658600062131882,0.0,0.0,0.0,0.0,0.0,0.0,0.0,0.0,0.0,0.0,0.0,-9.141592979431152
844,4.22,base_to_front_right_shoulder,3,-0.006807026453316212,-6.152123699365575e-09,0.0,0.0,0.0,0.6126315593719482,0.6126315593719482,0.0,0.0,0.0,0.0,0.0,0.0,0.0,0.0,0.0,0.0,0.0,-9.141592979431152
844,4.22,front_right_shoulder_to_arm,7,-0.777212381362915,2.3756144855724415e-06,-0.7900000214576721,0.0,0.0,-0.3580583333969116,-0.3580583333969116,0.0,0.0,0.0,0.0,0.0,0.0,0.0,0.0,0.0,0.0,0.0,-9.141592979431152
844,4.22,front_right_arm_to_hand,11,-0.7846323847770691,-6.245557404582769e-10,-0.7853982448577881,0.0,0.0,-0.07658600807189941,-0.07658600807189941,0.0,0.0,0.0,0.0,0.0,0.0,0.0,0.0,0.0,0.0,0.0,-9.141592979431152
845,4.225,base_to_front_right_shoulder,3,-0.006807036232203245,-6.158490162277985e-09,0.0,0.0,0.0,0.6126324534416199,0.6126324534416199,0.0,0.0,0.0,0.0,0.0,0.0,0.0,0.0,0.0,0.0,0.0,-9.141592979431152
845,4.225,front_right_shoulder_to_arm,7,-0.777212381362915,2.3775019144522958e-06,-0.7900000214576721,0.0,0.0,-0.35805830359458923,-0.35805830359458923,0.0,0.0,0.0,0.0,0.0,0.0,0.0,0.0,0.0,0.0,0.0,-9.141592979431152
845,4.225,front_right_arm_to_hand,11,-0.7846323847770691,-5.970435257296458e-10,-0.7853982448577881,0.0,0.0,-0.07658600807189941,-0.07658600807189941,0.0,0.0,0.0,0.0,0.0,0.0,0.0,0.0,0.0,0.0,0.0,-9.141592979431152
846,4.23,base_to_front_right_shoulder,3,-0.006807046011090279,-6.153153098154007e-09,0.0,0.0,0.0,0.6126333475112915,0.6126333475112915,0.0,0.0,0.0,0.0,0.0,0.0,0.0,0.0,0.0,0.0,0.0,-9.141592979431152
846,4.23,front_right_shoulder_to_arm,7,-0.777212381362915,2.3762499949953053e-06,-0.7900000214576721,0.0,0.0,-0.3580583333969116,-0.3580583333969116,0.0,0.0,0.0,0.0,0.0,0.0,0.0,0.0,0.0,0.0,0.0,-9.141592979431152
846,4.23,front_right_arm_to_hand,11,-0.7846323847770691,-3.641969226197972e-10,-0.7853982448577881,0.0,0.0,-0.07658600807189941,-0.07658600807189941,0.0,0.0,0.0,0.0,0.0,0.0,0.0,0.0,0.0,0.0,0.0,-9.141592979431152
847,4.235,base_to_front_right_shoulder,3,-0.006807055789977312,-4.0543186585750846e-09,0.0,0.0,0.0,0.6126341819763184,0.6126341819763184,0.0,0.0,0.0,0.0,0.0,0.0,0.0,0.0,0.0,0.0,0.0,-9.141592979431152
847,4.235,front_right_shoulder_to_arm,7,-0.777212381362915,2.3796126242814353e-06,-0.7900000214576721,0.0,0.0,-0.3580583333969116,-0.3580583333969116,0.0,0.0,0.0,0.0,0.0,0.0,0.0,0.0,0.0,0.0,0.0,-9.141592979431152
847,4.235,front_right_arm_to_hand,11,-0.7846323847770691,-2.8174265698233114e-10,-0.7853982448577881,0.0,0.0,-0.07658600807189941,-0.07658600807189941,0.0,0.0,0.0,0.0,0.0,0.0,0.0,0.0,0.0,0.0,0.0,-9.141592979431152
848,4.24,base_to_front_right_shoulder,3,-0.0068070655688643456,-4.063016145749998e-09,0.0,0.0,0.0,0.6126350164413452,0.6126350164413452,0.0,0.0,0.0,0.0,0.0,0.0,0.0,0.0,0.0,0.0,0.0,-9.141592979431152
848,4.24,front_right_shoulder_to_arm,7,-0.777212381362915,2.3825609787309077e-06,-0.7900000214576721,0.0,0.0,-0.3580583333969116,-0.3580583333969116,0.0,0.0,0.0,0.0,0.0,0.0,0.0,0.0,0.0,0.0,0.0,-9.141592979431152
848,4.24,front_right_arm_to_hand,11,-0.7846323847770691,1.2931138382299423e-09,-0.7853982448577881,0.0,0.0,-0.07658600807189941,-0.07658600807189941,0.0,0.0,0.0,0.0,0.0,0.0,0.0,0.0,0.0,0.0,0.0,-9.141592979431152
849,4.245,base_to_front_right_shoulder,3,-0.006807075347751379,-4.058589020417003e-09,0.0,0.0,0.0,0.6126359105110168,0.6126359105110168,0.0,0.0,0.0,0.0,0.0,0.0,0.0,0.0,0.0,0.0,0.0,-9.141592979431152
849,4.245,front_right_shoulder_to_arm,7,-0.777212381362915,2.3841655547585106e-06,-0.7900000214576721,0.0,0.0,-0.3580583333969116,-0.3580583333969116,0.0,0.0,0.0,0.0,0.0,0.0,0.0,0.0,0.0,0.0,0.0,-9.141592979431152
849,4.245,front_right_arm_to_hand,11,-0.7846323847770691,-1.295291873759652e-09,-0.7853982448577881,0.0,0.0,-0.07658601552248001,-0.07658601552248001,0.0,0.0,0.0,0.0,0.0,0.0,0.0,0.0,0.0,0.0,0.0,-9.141592979431152
850,4.25,base_to_front_right_shoulder,3,-0.0068070851266384125,-4.058589020417003e-09,0.0,0.0,0.0,0.6126368045806885,0.6126368045806885,0.0,0.0,0.0,0.0,0.0,0.0,0.0,0.0,0.0,0.0,0.0,-9.141592979431152
850,4.25,front_right_shoulder_to_arm,7,-0.777212381362915,2.38480129155505e-06,-0.7900000214576721,0.0,0.0,-0.3580583333969116,-0.3580583333969116,0.0,0.0,0.0,0.0,0.0,0.0,0.0,0.0,0.0,0.0,0.0,-9.141592979431152
850,4.25,front_right_arm_to_hand,11,-0.7846323847770691,1.2931300474861018e-09,-0.7853982448577881,0.0,0.0,-0.07658600062131882,-0.07658600062131882,0.0,0.0,0.0,0.0,0.0,0.0,0.0,0.0,0.0,0.0,0.0,-9.141592979431152
851,4.255,base_to_front_right_shoulder,3,-0.006807094905525446,-4.054830693434042e-09,0.0,0.0,0.0,0.6126376390457153,0.6126376390457153,0.0,0.0,0.0,0.0,0.0,0.0,0.0,0.0,0.0,0.0,0.0,-9.141592979431152
851,4.255,front_right_shoulder_to_arm,7,-0.777212381362915,2.384189883741783e-06,-0.7900000214576721,0.0,0.0,-0.3580583333969116,-0.3580583333969116,0.0,0.0,0.0,0.0,0.0,0.0,0.0,0.0,0.0,0.0,0.0,-9.141592979431152
851,4.255,front_right_arm_to_hand,11,-0.7846323847770691,2.224436412845421e-09,-0.7853982448577881,0.0,0.0,-0.07658601552248001,-0.07658601552248001,0.0,0.0,0.0,0.0,0.0,0.0,0.0,0.0,0.0,0.0,0.0,-9.141592979431152
852,4.26,base_to_front_right_shoulder,3,-0.006807104684412479,-4.057167490856273e-09,0.0,0.0,0.0,0.612638533115387,0.612638533115387,0.0,0.0,0.0,0.0,0.0,0.0,0.0,0.0,0.0,0.0,0.0,-9.141592979431152
852,4.26,front_right_shoulder_to_arm,7,-0.777212381362915,2.388584107393399e-06,-0.7900000214576721,0.0,0.0,-0.3580583333969116,-0.3580583333969116,0.0,0.0,0.0,0.0,0.0,0.0,0.0,0.0,0.0,0.0,0.0,-9.141592979431152
852,4.26,front_right_arm_to_hand,11,-0.7846323847770691,8.278568941477715e-10,-0.7853982448577881,0.0,0.0,-0.07658601552248001,-0.07658601552248001,0.0,0.0,0.0,0.0,0.0,0.0,0.0,0.0,0.0,0.0,0.0,-9.141592979431152
853,4.265,base_to_front_right_shoulder,3,-0.006807114463299513,-4.063016145749998e-09,0.0,0.0,0.0,0.6126394271850586,0.6126394271850586,0.0,0.0,0.0,0.0,0.0,0.0,0.0,0.0,0.0,0.0,0.0,-9.141592979431152
853,4.265,front_right_shoulder_to_arm,7,-0.777212381362915,2.3914069515740266e-06,-0.7900000214576721,0.0,0.0,-0.3580583333969116,-0.3580583333969116,0.0,0.0,0.0,0.0,0.0,0.0,0.0,0.0,0.0,0.0,0.0,-9.141592979431152
853,4.265,front_right_arm_to_hand,11,-0.7846323847770691,1.5261718555592552e-09,-0.7853982448577881,0.0,0.0,-0.07658600807189941,-0.07658600807189941,0.0,0.0,0.0,0.0,0.0,0.0,0.0,0.0,0.0,0.0,0.0,-9.141592979431152
854,4.2700000000000005,base_to_front_right_shoulder,3,-0.006807124242186546,-4.05767952571523e-09,0.0,0.0,0.0,0.6126403212547302,0.6126403212547302,0.0,0.0,0.0,0.0,0.0,0.0,0.0,0.0,0.0,0.0,0.0,-9.141592979431152
854,4.2700000000000005,front_right_shoulder_to_arm,7,-0.777212381362915,2.3945453904161695e-06,-0.7900000214576721,0.0,0.0,-0.3580583333969116,-0.3580583333969116,0.0,0.0,0.0,0.0,0.0,0.0,0.0,0.0,0.0,0.0,0.0,-9.141592979431152
854,4.2700000000000005,front_right_arm_to_hand,11,-0.7846323847770691,-5.417755133407809e-10,-0.7853982448577881,0.0,0.0,-0.07658601552248001,-0.07658601552248001,0.0,0.0,0.0,0.0,0.0,0.0,0.0,0.0,0.0,0.0,0.0,-9.141592979431152
855,4.275,base_to_front_right_shoulder,3,-0.00680713402107358,-4.063925640451771e-09,0.0,0.0,0.0,0.6126411557197571,0.6126411557197571,0.0,0.0,0.0,0.0,0.0,0.0,0.0,0.0,0.0,0.0,0.0,-9.141592979431152
855,4.275,front_right_shoulder_to_arm,7,-0.777212381362915,2.3949614842422307e-06,-0.7900000214576721,0.0,0.0,-0.358058363199234,-0.358058363199234,0.0,0.0,0.0,0.0,0.0,0.0,0.0,0.0,0.0,0.0,0.0,-9.141592979431152
855,4.275,front_right_arm_to_hand,11,-0.7846323847770691,2.197378945467676e-09,-0.7853982448577881,0.0,0.0,-0.07658600807189941,-0.07658600807189941,0.0,0.0,0.0,0.0,0.0,0.0,0.0,0.0,0.0,0.0,0.0,-9.141592979431152
856,4.28,base_to_front_right_shoulder,3,-0.006807143799960613,-4.064955483329413e-09,0.0,0.0,0.0,0.6126420497894287,0.6126420497894287,0.0,0.0,0.0,0.0,0.0,0.0,0.0,0.0,0.0,0.0,0.0,-9.141592979431152
856,4.28,front_right_shoulder_to_arm,7,-0.777212381362915,2.394806642769254e-06,-0.7900000214576721,0.0,0.0,-0.358058363199234,-0.358058363199234,0.0,0.0,0.0,0.0,0.0,0.0,0.0,0.0,0.0,0.0,0.0,-9.141592979431152
856,4.28,front_right_arm_to_hand,11,-0.7846323847770691,1.5671638986525238e-10,-0.7853982448577881,0.0,0.0,-0.07658601552248001,-0.07658601552248001,0.0,0.0,0.0,0.0,0.0,0.0,0.0,0.0,0.0,0.0,0.0,-9.141592979431152
857,4.285,base_to_front_right_shoulder,3,-0.006807153578847647,-4.05767952571523e-09,0.0,0.0,0.0,0.6126429438591003,0.6126429438591003,0.0,0.0,0.0,0.0,0.0,0.0,0.0,0.0,0.0,0.0,0.0,-9.141592979431152
857,4.285,front_right_shoulder_to_arm,7,-0.777212381362915,2.3938796402944718e-06,-0.7900000214576721,0.0,0.0,-0.358058363199234,-0.358058363199234,0.0,0.0,0.0,0.0,0.0,0.0,0.0,0.0,0.0,0.0,0.0,-9.141592979431152
857,4.285,front_right_arm_to_hand,11,-0.7846323847770691,8.276961338538058e-10,-0.7853982448577881,0.0,0.0,-0.07658600807189941,-0.07658600807189941,0.0,0.0,0.0,0.0,0.0,0.0,0.0,0.0,0.0,0.0,0.0,-9.141592979431152
858,4.29,base_to_front_right_shoulder,3,-0.00680716335773468,-4.054830693434042e-09,0.0,0.0,0.0,0.612643837928772,0.612643837928772,0.0,0.0,0.0,0.0,0.0,0.0,0.0,0.0,0.0,0.0,0.0,-9.141592979431152
858,4.29,front_right_shoulder_to_arm,7,-0.777212381362915,2.3913139557407703e-06,-0.7900000214576721,0.0,0.0,-0.358058363199234,-0.358058363199234,0.0,0.0,0.0,0.0,0.0,0.0,0.0,0.0,0.0,0.0,0.0,-9.141592979431152
858,4.29,front_right_arm_to_hand,11,-0.7846323847770691,1.3208534266340166e-09,-0.7853982448577881,0.0,0.0,-0.07658600807189941,-0.07658600807189941,0.0,0.0,0.0,0.0,0.0,0.0,0.0,0.0,0.0,0.0,0.0,-9.141592979431152
859,4.295,base_to_front_right_shoulder,3,-0.006807173136621714,-4.053921198732269e-09,0.0,0.0,0.0,0.6126446723937988,0.6126446723937988,0.0,0.0,0.0,0.0,0.0,0.0,0.0,0.0,0.0,0.0,0.0,-9.141592979431152
859,4.295,front_right_shoulder_to_arm,7,-0.777212381362915,2.3935633635119302e-06,-0.7900000214576721,0.0,0.0,-0.3580583333969116,-0.3580583333969116,0.0,0.0,0.0,0.0,0.0,0.0,0.0,0.0,0.0,0.0,0.0,-9.141592979431152
859,4.295,front_right_arm_to_hand,11,-0.7846323847770691,1.0190332605519714e-10,-0.7853982448577881,0.0,0.0,-0.07658601552248001,-0.07658601552248001,0.0,0.0,0.0,0.0,0.0,0.0,0.0,0.0,0.0,0.0,0.0,-9.141592979431152
860,4.3,base_to_front_right_shoulder,3,-0.006807182915508747,-4.062106651048225e-09,0.0,0.0,0.0,0.6126455664634705,0.6126455664634705,0.0,0.0,0.0,0.0,0.0,0.0,0.0,0.0,0.0,0.0,0.0,-9.141592979431152
860,4.3,front_right_shoulder_to_arm,7,-0.777212381362915,2.3923319076857297e-06,-0.7900000214576721,0.0,0.0,-0.358058363199234,-0.358058363199234,0.0,0.0,0.0,0.0,0.0,0.0,0.0,0.0,0.0,0.0,0.0,-9.141592979431152
860,4.3,front_right_arm_to_hand,11,-0.7846323847770691,-5.415643489214972e-10,-0.7853982448577881,0.0,0.0,-0.07658600807189941,-0.07658600807189941,0.0,0.0,0.0,0.0,0.0,0.0,0.0,0.0,0.0,0.0,0.0,-9.141592979431152
861,4.305,base_to_front_right_shoulder,3,-0.0068071926943957806,-4.062106651048225e-09,0.0,0.0,0.0,0.6126464605331421,0.6126464605331421,0.0,0.0,0.0,0.0,0.0,0.0,0.0,0.0,0.0,0.0,0.0,-9.141592979431152
861,4.305,front_right_shoulder_to_arm,7,-0.777212381362915,2.3919578779896256e-06,-0.7900000214576721,0.0,0.0,-0.358058363199234,-0.358058363199234,0.0,0.0,0.0,0.0,0.0,0.0,0.0,0.0,0.0,0.0,0.0,-9.141592979431152
861,4.305,front_right_arm_to_hand,11,-0.7846323847770691,1.29415339555905e-10,-0.7853982448577881,0.0,0.0,-0.07658600807189941,-0.07658600807189941,0.0,0.0,0.0,0.0,0.0,0.0,0.0,0.0,0.0,0.0,0.0,-9.141592979431152
862,4.3100000000000005,base_to_front_right_shoulder,3,-0.006807202473282814,-4.058589020417003e-09,0.0,0.0,0.0,0.6126473546028137,0.6126473546028137,0.0,0.0,0.0,0.0,0.0,0.0,0.0,0.0,0.0,0.0,0.0,-9.141592979431152
862,4.3100000000000005,front_right_shoulder_to_arm,7,-0.777212381362915,2.393587465121527e-06,-0.7900000214576721,0.0,0.0,-0.3580583333969116,-0.3580583333969116,0.0,0.0,0.0,0.0,0.0,0.0,0.0,0.0,0.0,0.0,0.0,-9.141592979431152
862,4.3100000000000005,front_right_arm_to_hand,11,-0.7846323847770691,1.2943154881206453e-10,-0.7853982448577881,0.0,0.0,-0.07658600807189941,-0.07658600807189941,0.0,0.0,0.0,0.0,0.0,0.0,0.0,0.0,0.0,0.0,0.0,-9.141592979431152
863,4.315,base_to_front_right_shoulder,3,-0.0068072122521698475,-4.05767952571523e-09,0.0,0.0,0.0,0.6126482486724854,0.6126482486724854,0.0,0.0,0.0,0.0,0.0,0.0,0.0,0.0,0.0,0.0,0.0,-9.141592979431152
863,4.315,front_right_shoulder_to_arm,7,-0.777212381362915,2.392335773038212e-06,-0.7900000214576721,0.0,0.0,-0.358058363199234,-0.358058363199234,0.0,0.0,0.0,0.0,0.0,0.0,0.0,0.0,0.0,0.0,0.0,-9.141592979431152
863,4.315,front_right_arm_to_hand,11,-0.7846323847770691,8.27923507529249e-10,-0.7853982448577881,0.0,0.0,-0.07658600807189941,-0.07658600807189941,0.0,0.0,0.0,0.0,0.0,0.0,0.0,0.0,0.0,0.0,0.0,-9.141592979431152
864,4.32,base_to_front_right_shoulder,3,-0.006807222031056881,-4.053921198732269e-09,0.0,0.0,0.0,0.6126490831375122,0.6126490831375122,0.0,0.0,0.0,0.0,0.0,0.0,0.0,0.0,0.0,0.0,0.0,-9.141592979431152
864,4.32,front_right_shoulder_to_arm,7,-0.777212381362915,2.389977908023866e-06,-0.7900000214576721,0.0,0.0,-0.358058363199234,-0.358058363199234,0.0,0.0,0.0,0.0,0.0,0.0,0.0,0.0,0.0,0.0,0.0,-9.141592979431152
864,4.32,front_right_arm_to_hand,11,-0.7846323847770691,1.5263994512793033e-09,-0.7853982448577881,0.0,0.0,-0.07658600807189941,-0.07658600807189941,0.0,0.0,0.0,0.0,0.0,0.0,0.0,0.0,0.0,0.0,0.0,-9.141592979431152
865,4.325,base_to_front_right_shoulder,3,-0.006807231809943914,-4.055740188135815e-09,0.0,0.0,0.0,0.6126499772071838,0.6126499772071838,0.0,0.0,0.0,0.0,0.0,0.0,0.0,0.0,0.0,0.0,0.0,-9.141592979431152
865,4.325,front_right_shoulder_to_arm,7,-0.777212381362915,2.3923932985780993e-06,-0.7900000214576721,0.0,0.0,-0.3580583333969116,-0.3580583333969116,0.0,0.0,0.0,0.0,0.0,0.0,0.0,0.0,0.0,0.0,0.0,-9.141592979431152
865,4.325,front_right_arm_to_hand,11,-0.7846323847770691,-1.0347378509578675e-09,-0.7853982448577881,0.0,0.0,-0.07658601552248001,-0.07658601552248001,0.0,0.0,0.0,0.0,0.0,0.0,0.0,0.0,0.0,0.0,0.0,-9.141592979431152
866,4.33,base_to_front_right_shoulder,3,-0.006807241588830948,-4.064955483329413e-09,0.0,0.0,0.0,0.6126508712768555,0.6126508712768555,0.0,0.0,0.0,0.0,0.0,0.0,0.0,0.0,0.0,0.0,0.0,-9.141592979431152
866,4.33,front_right_shoulder_to_arm,7,-0.777212381362915,2.390588861089782e-06,-0.7900000214576721,0.0,0.0,-0.358058363199234,-0.358058363199234,0.0,0.0,0.0,0.0,0.0,0.0,0.0,0.0,0.0,0.0,0.0,-9.141592979431152
866,4.33,front_right_arm_to_hand,11,-0.7846323847770691,1.0607541511831187e-09,-0.7853982448577881,0.0,0.0,-0.07658600807189941,-0.07658600807189941,0.0,0.0,0.0,0.0,0.0,0.0,0.0,0.0,0.0,0.0,0.0,-9.141592979431152
867,4.335,base_to_front_right_shoulder,3,-0.006807251367717981,-4.063925640451771e-09,0.0,0.0,0.0,0.6126517653465271,0.6126517653465271,0.0,0.0,0.0,0.0,0.0,0.0,0.0,0.0,0.0,0.0,0.0,-9.141592979431152
867,4.335,front_right_shoulder_to_arm,7,-0.777212381362915,2.3907919057819527e-06,-0.7900000214576721,0.0,0.0,-0.3580583333969116,-0.3580583333969116,0.0,0.0,0.0,0.0,0.0,0.0,0.0,0.0,0.0,0.0,0.0,-9.141592979431152
867,4.335,front_right_arm_to_hand,11,-0.7846323847770691,1.2964271323134824e-10,-0.7853982448577881,0.0,0.0,-0.07658600807189941,-0.07658600807189941,0.0,0.0,0.0,0.0,0.0,0.0,0.0,0.0,0.0,0.0,0.0,-9.141592979431152
868,4.34,base_to_front_right_shoulder,3,-0.006807261146605015,-4.063925640451771e-09,0.0,0.0,0.0,0.612652599811554,0.612652599811554,0.0,0.0,0.0,0.0,0.0,0.0,0.0,0.0,0.0,0.0,0.0,-9.141592979431152
868,4.34,front_right_shoulder_to_arm,7,-0.777212381362915,2.394425564489211e-06,-0.7900000214576721,0.0,0.0,-0.3580583333969116,-0.3580583333969116,0.0,0.0,0.0,0.0,0.0,0.0,0.0,0.0,0.0,0.0,0.0,-9.141592979431152
868,4.34,front_right_arm_to_hand,11,-0.7846323847770691,-7.741676188999236e-10,-0.7853982448577881,0.0,0.0,-0.07658600807189941,-0.07658600807189941,0.0,0.0,0.0,0.0,0.0,0.0,0.0,0.0,0.0,0.0,0.0,-9.141592979431152
869,4.345,base_to_front_right_shoulder,3,-0.006807270925492048,-4.054830693434042e-09,0.0,0.0,0.0,0.6126534938812256,0.6126534938812256,0.0,0.0,0.0,0.0,0.0,0.0,0.0,0.0,0.0,0.0,0.0,-9.141592979431152
869,4.345,front_right_shoulder_to_arm,7,-0.777212381362915,2.39486621467222e-06,-0.7900000214576721,0.0,0.0,-0.358058363199234,-0.358058363199234,0.0,0.0,0.0,0.0,0.0,0.0,0.0,0.0,0.0,0.0,0.0,-9.141592979431152
869,4.345,front_right_arm_to_hand,11,-0.7846323847770691,3.6247335688521787e-10,-0.7853982448577881,0.0,0.0,-0.07658600807189941,-0.07658600807189941,0.0,0.0,0.0,0.0,0.0,0.0,0.0,0.0,0.0,0.0,0.0,-9.141592979431152
870,4.3500000000000005,base_to_front_right_shoulder,3,-0.006807280704379082,-4.056770031013457e-09,0.0,0.0,0.0,0.6126543879508972,0.6126543879508972,0.0,0.0,0.0,0.0,0.0,0.0,0.0,0.0,0.0,0.0,0.0,-9.141592979431152
870,4.3500000000000005,front_right_shoulder_to_arm,7,-0.777212381362915,2.3944000986375613e-06,-0.7900000214576721,0.0,0.0,-0.358058363199234,-0.358058363199234,0.0,0.0,0.0,0.0,0.0,0.0,0.0,0.0,0.0,0.0,0.0,-9.141592979431152
870,4.3500000000000005,front_right_arm_to_hand,11,-0.7846323847770691,-5.688329807185255e-10,-0.7853982448577881,0.0,0.0,-0.07658600807189941,-0.07658600807189941,0.0,0.0,0.0,0.0,0.0,0.0,0.0,0.0,0.0,0.0,0.0,-9.141592979431152
871,4.355,base_to_front_right_shoulder,3,-0.006807290483266115,-4.065864978031186e-09,0.0,0.0,0.0,0.6126552820205688,0.6126552820205688,0.0,0.0,0.0,0.0,0.0,0.0,0.0,0.0,0.0,0.0,0.0,-9.141592979431152
871,4.355,front_right_shoulder_to_arm,7,-0.777212381362915,2.393668410149985e-06,-0.7900000214576721,0.0,0.0,-0.358058363199234,-0.358058363199234,0.0,0.0,0.0,0.0,0.0,0.0,0.0,0.0,0.0,0.0,0.0,-9.141592979431152
871,4.355,front_right_arm_to_hand,11,-0.7846323847770691,1.5541550268949322e-09,-0.7853982448577881,0.0,0.0,-0.07658600807189941,-0.07658600807189941,0.0,0.0,0.0,0.0,0.0,0.0,0.0,0.0,0.0,0.0,0.0,-9.141592979431152
872,4.36,base_to_front_right_shoulder,3,-0.006807300262153149,-4.053921198732269e-09,0.0,0.0,0.0,0.6126561164855957,0.6126561164855957,0.0,0.0,0.0,0.0,0.0,0.0,0.0,0.0,0.0,0.0,0.0,-9.141592979431152
872,4.36,front_right_shoulder_to_arm,7,-0.777212381362915,2.393672048128792e-06,-0.7900000214576721,0.0,0.0,-0.358058363199234,-0.358058363199234,0.0,0.0,0.0,0.0,0.0,0.0,0.0,0.0,0.0,0.0,0.0,-9.141592979431152
872,4.36,front_right_arm_to_hand,11,-0.7846323847770691,-8.01679667095101e-10,-0.7853982448577881,0.0,0.0,-0.07658601552248001,-0.07658601552248001,0.0,0.0,0.0,0.0,0.0,0.0,0.0,0.0,0.0,0.0,0.0,-9.141592979431152
873,4.365,base_to_front_right_shoulder,3,-0.006807310041040182,-4.0566496828375875e-09,0.0,0.0,0.0,0.6126570105552673,0.6126570105552673,0.0,0.0,0.0,0.0,0.0,0.0,0.0,0.0,0.0,0.0,0.0,-9.141592979431152
873,4.365,front_right_shoulder_to_arm,7,-0.777212381362915,2.392803025941248e-06,-0.7900000214576721,0.0,0.0,-0.358058363199234,-0.358058363199234,0.0,0.0,0.0,0.0,0.0,0.0,0.0,0.0,0.0,0.0,0.0,-9.141592979431152
873,4.365,front_right_arm_to_hand,11,-0.7846323847770691,-8.291920483571857e-10,-0.7853982448577881,0.0,0.0,-0.07658600807189941,-0.07658600807189941,0.0,0.0,0.0,0.0,0.0,0.0,0.0,0.0,0.0,0.0,0.0,-9.141592979431152
874,4.37,base_to_front_right_shoulder,3,-0.006807319819927216,-4.064955483329413e-09,0.0,0.0,0.0,0.612657904624939,0.612657904624939,0.0,0.0,0.0,0.0,0.0,0.0,0.0,0.0,0.0,0.0,0.0,-9.141592979431152
874,4.37,front_right_shoulder_to_arm,7,-0.777212381362915,2.3916593363537686e-06,-0.7900000214576721,0.0,0.0,-0.358058363199234,-0.358058363199234,0.0,0.0,0.0,0.0,0.0,0.0,0.0,0.0,0.0,0.0,0.0,-9.141592979431152
874,4.37,front_right_arm_to_hand,11,-0.7846323847770691,6.228324522794537e-10,-0.7853982448577881,0.0,0.0,-0.07658600807189941,-0.07658600807189941,0.0,0.0,0.0,0.0,0.0,0.0,0.0,0.0,0.0,0.0,0.0,-9.141592979431152
875,4.375,base_to_front_right_shoulder,3,-0.006807329598814249,-4.055740188135815e-09,0.0,0.0,0.0,0.6126587986946106,0.6126587986946106,0.0,0.0,0.0,0.0,0.0,0.0,0.0,0.0,0.0,0.0,0.0,-9.141592979431152
875,4.375,front_right_shoulder_to_arm,7,-0.777212381362915,2.3938173399074003e-06,-0.7900000214576721,0.0,0.0,-0.3580583333969116,-0.3580583333969116,0.0,0.0,0.0,0.0,0.0,0.0,0.0,0.0,0.0,0.0,0.0,-9.141592979431152
875,4.375,front_right_arm_to_hand,11,-0.7846323847770691,1.293795959256272e-09,-0.7853982448577881,0.0,0.0,-0.07658600807189941,-0.07658600807189941,0.0,0.0,0.0,0.0,0.0,0.0,0.0,0.0,0.0,0.0,0.0,-9.141592979431152
876,4.38,base_to_front_right_shoulder,3,-0.0068073393777012825,-4.055740188135815e-09,0.0,0.0,0.0,0.6126596927642822,0.6126596927642822,0.0,0.0,0.0,0.0,0.0,0.0,0.0,0.0,0.0,0.0,0.0,-9.141592979431152
876,4.38,front_right_shoulder_to_arm,7,-0.777212381362915,2.3928894279379165e-06,-0.7900000214576721,0.0,0.0,-0.358058363199234,-0.358058363199234,0.0,0.0,0.0,0.0,0.0,0.0,0.0,0.0,0.0,0.0,0.0,-9.141592979431152
876,4.38,front_right_arm_to_hand,11,-0.7846323847770691,-1.3047277147570924e-10,-0.7853982448577881,0.0,0.0,-0.07658601552248001,-0.07658601552248001,0.0,0.0,0.0,0.0,0.0,0.0,0.0,0.0,0.0,0.0,0.0,-9.141592979431152
877,4.385,base_to_front_right_shoulder,3,-0.006807349156588316,-4.062106651048225e-09,0.0,0.0,0.0,0.6126605272293091,0.6126605272293091,0.0,0.0,0.0,0.0,0.0,0.0,0.0,0.0,0.0,0.0,0.0,-9.141592979431152
877,4.385,front_right_shoulder_to_arm,7,-0.777212381362915,2.3923278149595717e-06,-0.7900000214576721,0.0,0.0,-0.358058363199234,-0.358058363199234,0.0,0.0,0.0,0.0,0.0,0.0,0.0,0.0,0.0,0.0,0.0,-9.141592979431152
877,4.385,front_right_arm_to_hand,11,-0.7846323847770691,6.230436166987374e-10,-0.7853982448577881,0.0,0.0,-0.07658600807189941,-0.07658600807189941,0.0,0.0,0.0,0.0,0.0,0.0,0.0,0.0,0.0,0.0,0.0,-9.141592979431152
878,4.39,base_to_front_right_shoulder,3,-0.006807358935475349,-4.063136493925867e-09,0.0,0.0,0.0,0.6126614212989807,0.6126614212989807,0.0,0.0,0.0,0.0,0.0,0.0,0.0,0.0,0.0,0.0,0.0,-9.141592979431152
878,4.39,front_right_shoulder_to_arm,7,-0.777212381362915,2.392148417129647e-06,-0.7900000214576721,0.0,0.0,-0.358058363199234,-0.358058363199234,0.0,0.0,0.0,0.0,0.0,0.0,0.0,0.0,0.0,0.0,0.0,-9.141592979431152
878,4.39,front_right_arm_to_hand,11,-0.7846323847770691,8.834026843373977e-10,-0.7853982448577881,0.0,0.0,-0.07658600807189941,-0.07658600807189941,0.0,0.0,0.0,0.0,0.0,0.0,0.0,0.0,0.0,0.0,0.0,-9.141592979431152
879,4.3950000000000005,base_to_front_right_shoulder,3,-0.006807368714362383,-4.065864978031186e-09,0.0,0.0,0.0,0.6126623153686523,0.6126623153686523,0.0,0.0,0.0,0.0,0.0,0.0,0.0,0.0,0.0,0.0,0.0,-9.141592979431152
879,4.3950000000000005,front_right_shoulder_to_arm,7,-0.777212381362915,2.39375299315725e-06,-0.7900000214576721,0.0,0.0,-0.3580583333969116,-0.3580583333969116,0.0,0.0,0.0,0.0,0.0,0.0,0.0,0.0,0.0,0.0,0.0,-9.141592979431152
879,4.3950000000000005,front_right_arm_to_hand,11,-0.7846323847770691,8.558904696087666e-10,-0.7853982448577881,0.0,0.0,-0.07658600807189941,-0.07658600807189941,0.0,0.0,0.0,0.0,0.0,0.0,0.0,0.0,0.0,0.0,0.0,-9.141592979431152
880,4.4,base_to_front_right_shoulder,3,-0.006807378493249416,-4.0717194060846396e-09,0.0,0.0,0.0,0.612663209438324,0.612663209438324,0.0,0.0,0.0,0.0,0.0,0.0,0.0,0.0,0.0,0.0,0.0,-9.141592979431152
880,4.4,front_right_shoulder_to_arm,7,-0.777212381362915,2.3927632355480455e-06,-0.7900000214576721,0.0,0.0,-0.358058363199234,-0.358058363199234,0.0,0.0,0.0,0.0,0.0,0.0,0.0,0.0,0.0,0.0,0.0,-9.141592979431152
880,4.4,front_right_arm_to_hand,11,-0.7846323847770691,-5.411600056959287e-10,-0.7853982448577881,0.0,0.0,-0.07658600807189941,-0.07658600807189941,0.0,0.0,0.0,0.0,0.0,0.0,0.0,0.0,0.0,0.0,0.0,-9.141592979431152
881,4.405,base_to_front_right_shoulder,3,-0.00680738827213645,-4.070689563206997e-09,0.0,0.0,0.0,0.6126640439033508,0.6126640439033508,0.0,0.0,0.0,0.0,0.0,0.0,0.0,0.0,0.0,0.0,0.0,-9.141592979431152
881,4.405,front_right_shoulder_to_arm,7,-0.777212381362915,2.3915786186989862e-06,-0.7900000214576721,0.0,0.0,-0.358058363199234,-0.358058363199234,0.0,0.0,0.0,0.0,0.0,0.0,0.0,0.0,0.0,0.0,0.0,-9.141592979431152
881,4.405,front_right_arm_to_hand,11,-0.7846323847770691,1.732333387849394e-09,-0.7853982448577881,0.0,0.0,-0.07658600807189941,-0.07658600807189941,0.0,0.0,0.0,0.0,0.0,0.0,0.0,0.0,0.0,0.0,0.0,-9.141592979431152
882,4.41,base_to_front_right_shoulder,3,-0.006807398051023483,-4.07314093564537e-09,0.0,0.0,0.0,0.6126649379730225,0.6126649379730225,0.0,0.0,0.0,0.0,0.0,0.0,0.0,0.0,0.0,0.0,0.0,-9.141592979431152
882,4.41,front_right_shoulder_to_arm,7,-0.777212381362915,2.3917234557302436e-06,-0.7900000214576721,0.0,0.0,-0.3580583333969116,-0.3580583333969116,0.0,0.0,0.0,0.0,0.0,0.0,0.0,0.0,0.0,0.0,0.0,-9.141592979431152
882,4.41,front_right_arm_to_hand,11,-0.7846323847770691,1.0339240574808173e-09,-0.7853982448577881,0.0,0.0,-0.07658601552248001,-0.07658601552248001,0.0,0.0,0.0,0.0,0.0,0.0,0.0,0.0,0.0,0.0,0.0,-9.141592979431152
883,4.415,base_to_front_right_shoulder,3,-0.006807407829910517,-4.063413605592814e-09,0.0,0.0,0.0,0.6126658320426941,0.6126658320426941,0.0,0.0,0.0,0.0,0.0,0.0,0.0,0.0,0.0,0.0,0.0,-9.141592979431152
883,4.415,front_right_shoulder_to_arm,7,-0.777212381362915,2.393378053966444e-06,-0.7900000214576721,0.0,0.0,-0.3580583333969116,-0.3580583333969116,0.0,0.0,0.0,0.0,0.0,0.0,0.0,0.0,0.0,0.0,0.0,-9.141592979431152
883,4.415,front_right_arm_to_hand,11,-0.7846323847770691,1.3003106924536212e-10,-0.7853982448577881,0.0,0.0,-0.07658600807189941,-0.07658600807189941,0.0,0.0,0.0,0.0,0.0,0.0,0.0,0.0,0.0,0.0,0.0,-9.141592979431152
884,4.42,base_to_front_right_shoulder,3,-0.00680741760879755,-4.065864978031186e-09,0.0,0.0,0.0,0.6126667261123657,0.6126667261123657,0.0,0.0,0.0,0.0,0.0,0.0,0.0,0.0,0.0,0.0,0.0,-9.141592979431152
884,4.42,front_right_shoulder_to_arm,7,-0.777212381362915,2.3944833174027735e-06,-0.7900000214576721,0.0,0.0,-0.358058363199234,-0.358058363199234,0.0,0.0,0.0,0.0,0.0,0.0,0.0,0.0,0.0,0.0,0.0,-9.141592979431152
884,4.42,front_right_arm_to_hand,11,-0.7846323847770691,-3.3554761746934503e-10,-0.7853982448577881,0.0,0.0,-0.07658600807189941,-0.07658600807189941,0.0,0.0,0.0,0.0,0.0,0.0,0.0,0.0,0.0,0.0,0.0,-9.141592979431152
885,4.425,base_to_front_right_shoulder,3,-0.006807427387684584,6.071483760194951e-09,0.0,0.0,0.0,0.6126675605773926,0.6126675605773926,0.0,0.0,0.0,0.0,0.0,0.0,0.0,0.0,0.0,0.0,0.0,-9.141592979431152
885,4.425,front_right_shoulder_to_arm,7,-0.777212381362915,2.3942011466715485e-06,-0.7900000214576721,0.0,0.0,-0.358058363199234,-0.358058363199234,0.0,0.0,0.0,0.0,0.0,0.0,0.0,0.0,0.0,0.0,0.0,-9.141592979431152
885,4.425,front_right_arm_to_hand,11,-0.7846323847770691,1.472512556333072e-09,-0.7853982448577881,0.0,0.0,-0.07658600807189941,-0.07658600807189941,0.0,0.0,0.0,0.0,0.0,0.0,0.0,0.0,0.0,0.0,0.0,-9.141592979431152
886,4.43,base_to_front_right_shoulder,3,-0.006807437166571617,-1.389221737646551e-09,0.0,0.0,0.0,0.6126683950424194,0.6126683950424194,0.0,0.0,0.0,0.0,0.0,0.0,0.0,0.0,0.0,0.0,0.0,-9.141592979431152
886,4.43,front_right_shoulder_to_arm,7,-0.777212381362915,2.3936518118716776e-06,-0.7900000214576721,0.0,0.0,-0.358058363199234,-0.358058363199234,0.0,0.0,0.0,0.0,0.0,0.0,0.0,0.0,0.0,0.0,0.0,-9.141592979431152
886,4.43,front_right_arm_to_hand,11,-0.7846323847770691,-8.832901077227007e-10,-0.7853982448577881,0.0,0.0,-0.07658601552248001,-0.07658601552248001,0.0,0.0,0.0,0.0,0.0,0.0,0.0,0.0,0.0,0.0,0.0,-9.141592979431152
887,4.4350000000000005,base_to_front_right_shoulder,3,-0.006807446945458651,-1.388312242944778e-09,0.0,0.0,0.0,0.6126693487167358,0.6126693487167358,0.0,0.0,0.0,0.0,0.0,0.0,0.0,0.0,0.0,0.0,0.0,-9.141592979431152
887,4.4350000000000005,front_right_shoulder_to_arm,7,-0.777212381362915,2.3907373360998463e-06,-0.7900000214576721,0.0,0.0,-0.358058363199234,-0.358058363199234,0.0,0.0,0.0,0.0,0.0,0.0,0.0,0.0,0.0,0.0,0.0,-9.141592979431152
887,4.4350000000000005,front_right_arm_to_hand,11,-0.7846323847770691,1.239697899890757e-09,-0.7853982448577881,0.0,0.0,-0.07658600807189941,-0.07658600807189941,0.0,0.0,0.0,0.0,0.0,0.0,0.0,0.0,0.0,0.0,0.0,-9.141592979431152
888,4.44,base_to_front_right_shoulder,3,-0.006807456724345684,-1.385859982327986e-09,0.0,0.0,0.0,0.6126702427864075,0.6126702427864075,0.0,0.0,0.0,0.0,0.0,0.0,0.0,0.0,0.0,0.0,0.0,-9.141592979431152
888,4.44,front_right_shoulder_to_arm,7,-0.777212381362915,2.3905331545392983e-06,-0.7900000214576721,0.0,0.0,-0.3580583333969116,-0.3580583333969116,0.0,0.0,0.0,0.0,0.0,0.0,0.0,0.0,0.0,0.0,0.0,-9.141592979431152
888,4.44,front_right_arm_to_hand,11,-0.7846323847770691,2.8694295828302074e-09,-0.7853982448577881,0.0,0.0,-0.07658601552248001,-0.07658601552248001,0.0,0.0,0.0,0.0,0.0,0.0,0.0,0.0,0.0,0.0,0.0,-9.141592979431152
889,4.445,base_to_front_right_shoulder,3,-0.0068074665032327175,-1.388312242944778e-09,0.0,0.0,0.0,0.6126710772514343,0.6126710772514343,0.0,0.0,0.0,0.0,0.0,0.0,0.0,0.0,0.0,0.0,0.0,-9.141592979431152
889,4.445,front_right_shoulder_to_arm,7,-0.777212381362915,2.390353984083049e-06,-0.7900000214576721,0.0,0.0,-0.3580583333969116,-0.3580583333969116,0.0,0.0,0.0,0.0,0.0,0.0,0.0,0.0,0.0,0.0,0.0,-9.141592979431152
889,4.445,front_right_arm_to_hand,11,-0.7846323847770691,-5.954350346115689e-10,-0.7853982448577881,0.0,0.0,-0.07658601552248001,-0.07658601552248001,0.0,0.0,0.0,0.0,0.0,0.0,0.0,0.0,0.0,0.0,0.0,-9.141592979431152
890,4.45,base_to_front_right_shoulder,3,-0.006807476282119751,-1.3772779583476336e-09,0.0,0.0,0.0,0.612671971321106,0.612671971321106,0.0,0.0,0.0,0.0,0.0,0.0,0.0,0.0,0.0,0.0,0.0,-9.141592979431152
890,4.45,front_right_shoulder_to_arm,7,-0.777212381362915,2.3939132915984374e-06,-0.7900000214576721,0.0,0.0,-0.3580583333969116,-0.3580583333969116,0.0,0.0,0.0,0.0,0.0,0.0,0.0,0.0,0.0,0.0,0.0,-9.141592979431152
890,4.45,front_right_arm_to_hand,11,-0.7846323847770691,2.8084706782394164e-10,-0.7853982448577881,0.0,0.0,-0.07658600807189941,-0.07658600807189941,0.0,0.0,0.0,0.0,0.0,0.0,0.0,0.0,0.0,0.0,0.0,-9.141592979431152
891,4.455,base_to_front_right_shoulder,3,-0.0068074860610067844,-1.3881918947689087e-09,0.0,0.0,0.0,0.6126728653907776,0.6126728653907776,0.0,0.0,0.0,0.0,0.0,0.0,0.0,0.0,0.0,0.0,0.0,-9.141592979431152
891,4.455,front_right_shoulder_to_arm,7,-0.777212381362915,2.3945242446643533e-06,-0.7900000214576721,0.0,0.0,-0.358058363199234,-0.358058363199234,0.0,0.0,0.0,0.0,0.0,0.0,0.0,0.0,0.0,0.0,0.0,-9.141592979431152
891,4.455,front_right_arm_to_hand,11,-0.7846323847770691,1.6780583589337539e-09,-0.7853982448577881,0.0,0.0,-0.07658600807189941,-0.07658600807189941,0.0,0.0,0.0,0.0,0.0,0.0,0.0,0.0,0.0,0.0,0.0,-9.141592979431152
892,4.46,base_to_front_right_shoulder,3,-0.006807495839893818,-1.389221737646551e-09,0.0,0.0,0.0,0.6126737594604492,0.6126737594604492,0.0,0.0,0.0,0.0,0.0,0.0,0.0,0.0,0.0,0.0,0.0,-9.141592979431152
892,4.46,front_right_shoulder_to_arm,7,-0.777212381362915,2.3939373932080343e-06,-0.7900000214576721,0.0,0.0,-0.358058363199234,-0.358058363199234,0.0,0.0,0.0,0.0,0.0,0.0,0.0,0.0,0.0,0.0,0.0,-9.141592979431152
892,4.46,front_right_arm_to_hand,11,-0.7846323847770691,1.2399252735662003e-09,-0.7853982448577881,0.0,0.0,-0.07658601552248001,-0.07658601552248001,0.0,0.0,0.0,0.0,0.0,0.0,0.0,0.0,0.0,0.0,0.0,-9.141592979431152
893,4.465,base_to_front_right_shoulder,3,-0.006807505618780851,-1.3876789717315319e-09,0.0,0.0,0.0,0.6126746535301208,0.6126746535301208,0.0,0.0,0.0,0.0,0.0,0.0,0.0,0.0,0.0,0.0,0.0,-9.141592979431152
893,4.465,front_right_shoulder_to_arm,7,-0.777212381362915,2.3934424007165944e-06,-0.7900000214576721,0.0,0.0,-0.358058363199234,-0.358058363199234,0.0,0.0,0.0,0.0,0.0,0.0,0.0,0.0,0.0,0.0,0.0,-9.141592979431152
893,4.465,front_right_arm_to_hand,11,-0.7846323847770691,-1.3212946292640027e-09,-0.7853982448577881,0.0,0.0,-0.07658601552248001,-0.07658601552248001,0.0,0.0,0.0,0.0,0.0,0.0,0.0,0.0,0.0,0.0,0.0,-9.141592979431152
894,4.47,base_to_front_right_shoulder,3,-0.006807515397667885,-1.3863729053653628e-09,0.0,0.0,0.0,0.6126754879951477,0.6126754879951477,0.0,0.0,0.0,0.0,0.0,0.0,0.0,0.0,0.0,0.0,0.0,-9.141592979431152
894,4.47,front_right_shoulder_to_arm,7,-0.777212381362915,2.3906775368232047e-06,-0.7900000214576721,0.0,0.0,-0.358058363199234,-0.358058363199234,0.0,0.0,0.0,0.0,0.0,0.0,0.0,0.0,0.0,0.0,0.0,-9.141592979431152
894,4.47,front_right_arm_to_hand,11,-0.7846323847770691,2.1712318609701242e-09,-0.7853982448577881,0.0,0.0,-0.07658600062131882,-0.07658600062131882,0.0,0.0,0.0,0.0,0.0,0.0,0.0,0.0,0.0,0.0,0.0,-9.141592979431152
895,4.4750000000000005,base_to_front_right_shoulder,3,-0.006807525176554918,-1.38546341066359e-09,0.0,0.0,0.0,0.6126763820648193,0.6126763820648193,0.0,0.0,0.0,0.0,0.0,0.0,0.0,0.0,0.0,0.0,0.0,-9.141592979431152
895,4.4750000000000005,front_right_shoulder_to_arm,7,-0.777212381362915,2.390303279753425e-06,-0.7900000214576721,0.0,0.0,-0.3580583333969116,-0.3580583333969116,0.0,0.0,0.0,0.0,0.0,0.0,0.0,0.0,0.0,0.0,0.0,-9.141592979431152
895,4.4750000000000005,front_right_arm_to_hand,11,-0.7846323847770691,3.0750422208569717e-09,-0.7853982448577881,0.0,0.0,-0.07658601552248001,-0.07658601552248001,0.0,0.0,0.0,0.0,0.0,0.0,0.0,0.0,0.0,0.0,0.0,-9.141592979431152
896,4.48,base_to_front_right_shoulder,3,-0.006807534955441952,-1.3776745300120297e-09,0.0,0.0,0.0,0.612677276134491,0.612677276134491,0.0,0.0,0.0,0.0,0.0,0.0,0.0,0.0,0.0,0.0,0.0,-9.141592979431152
896,4.48,front_right_shoulder_to_arm,7,-0.777212381362915,2.3924810648168204e-06,-0.7900000214576721,0.0,0.0,-0.3580583333969116,-0.3580583333969116,0.0,0.0,0.0,0.0,0.0,0.0,0.0,0.0,0.0,0.0,0.0,-9.141592979431152
896,4.48,front_right_arm_to_hand,11,-0.7846323847770691,-1.5714143875023012e-10,-0.7853982448577881,0.0,0.0,-0.07658601552248001,-0.07658601552248001,0.0,0.0,0.0,0.0,0.0,0.0,0.0,0.0,0.0,0.0,0.0,-9.141592979431152
897,4.485,base_to_front_right_shoulder,3,-0.006807544734328985,-1.384553915961817e-09,0.0,0.0,0.0,0.6126781702041626,0.6126781702041626,0.0,0.0,0.0,0.0,0.0,0.0,0.0,0.0,0.0,0.0,0.0,-9.141592979431152
897,4.485,front_right_shoulder_to_arm,7,-0.777212381362915,2.3910838535812218e-06,-0.7900000214576721,0.0,0.0,-0.358058363199234,-0.358058363199234,0.0,0.0,0.0,0.0,0.0,0.0,0.0,0.0,0.0,0.0,0.0,-9.141592979431152
897,4.485,front_right_arm_to_hand,11,-0.7846323847770691,-6.227359183874626e-10,-0.7853982448577881,0.0,0.0,-0.07658600807189941,-0.07658600807189941,0.0,0.0,0.0,0.0,0.0,0.0,0.0,0.0,0.0,0.0,0.0,-9.141592979431152
898,4.49,base_to_front_right_shoulder,3,-0.006807554513216019,-1.3945583576813192e-09,0.0,0.0,0.0,0.6126790046691895,0.6126790046691895,0.0,0.0,0.0,0.0,0.0,0.0,0.0,0.0,0.0,0.0,0.0,-9.141592979431152
898,4.49,front_right_shoulder_to_arm,7,-0.777212381362915,2.392975375187234e-06,-0.7900000214576721,0.0,0.0,-0.3580583333969116,-0.3580583333969116,0.0,0.0,0.0,0.0,0.0,0.0,0.0,0.0,0.0,0.0,0.0,-9.141592979431152
898,4.49,front_right_arm_to_hand,11,-0.7846323847770691,1.938628590991698e-09,-0.7853982448577881,0.0,0.0,-0.07658600807189941,-0.07658600807189941,0.0,0.0,0.0,0.0,0.0,0.0,0.0,0.0,0.0,0.0,0.0,-9.141592979431152
899,4.495,base_to_front_right_shoulder,3,-0.006807564292103052,-1.3927393682777733e-09,0.0,0.0,0.0,0.6126798987388611,0.6126798987388611,0.0,0.0,0.0,0.0,0.0,0.0,0.0,0.0,0.0,0.0,0.0,-9.141592979431152
899,4.495,front_right_shoulder_to_arm,7,-0.777212381362915,2.391840098425746e-06,-0.7900000214576721,0.0,0.0,-0.358058363199234,-0.358058363199234,0.0,0.0,0.0,0.0,0.0,0.0,0.0,0.0,0.0,0.0,0.0,-9.141592979431152
899,4.495,front_right_arm_to_hand,11,-0.7846323847770691,1.938628590991698e-09,-0.7853982448577881,0.0,0.0,-0.07658601552248001,-0.07658601552248001,0.0,0.0,0.0,0.0,0.0,0.0,0.0,0.0,0.0,0.0,0.0,-9.141592979431152
900,4.5,base_to_front_right_shoulder,3,-0.006807574070990086,-1.3964976952607344e-09,0.0,0.0,0.0,0.6126807928085327,0.6126807928085327,0.0,0.0,0.0,0.0,0.0,0.0,0.0,0.0,0.0,0.0,0.0,-9.141592979431152
900,4.5,front_right_shoulder_to_arm,7,-0.777212381362915,2.3916361442388734e-06,-0.7900000214576721,0.0,0.0,-0.3580583333969116,-0.3580583333969116,0.0,0.0,0.0,0.0,0.0,0.0,0.0,0.0,0.0,0.0,0.0,-9.141592979431152
900,4.5,front_right_arm_to_hand,11,-0.7846323847770691,1.9386445782032524e-09,-0.7853982448577881,0.0,0.0,-0.07658601552248001,-0.07658601552248001,0.0,0.0,0.0,0.0,0.0,0.0,0.0,0.0,0.0,0.0,0.0,-9.141592979431152
901,4.505,base_to_front_right_shoulder,3,-0.006807583849877119,-1.3872824000671358e-09,0.0,0.0,0.0,0.6126816868782043,0.6126816868782043,0.0,0.0,0.0,0.0,0.0,0.0,0.0,0.0,0.0,0.0,0.0,-9.141592979431152
901,4.505,front_right_shoulder_to_arm,7,-0.777212381362915,2.3908794446469983e-06,-0.7900000214576721,0.0,0.0,-0.3580583333969116,-0.3580583333969116,0.0,0.0,0.0,0.0,0.0,0.0,0.0,0.0,0.0,0.0,0.0,-9.141592979431152
901,4.505,front_right_arm_to_hand,11,-0.7846323847770691,1.938628590991698e-09,-0.7853982448577881,0.0,0.0,-0.07658601552248001,-0.07658601552248001,0.0,0.0,0.0,0.0,0.0,0.0,0.0,0.0,0.0,0.0,0.0,-9.141592979431152
902,4.51,base_to_front_right_shoulder,3,-0.0068075936287641525,-1.3918298735760004e-09,0.0,0.0,0.0,0.6126825213432312,0.6126825213432312,0.0,0.0,0.0,0.0,0.0,0.0,0.0,0.0,0.0,0.0,0.0,-9.141592979431152
902,4.51,front_right_shoulder_to_arm,7,-0.777212381362915,2.3925754248921294e-06,-0.7900000214576721,0.0,0.0,-0.3580583333969116,-0.3580583333969116,0.0,0.0,0.0,0.0,0.0,0.0,0.0,0.0,0.0,0.0,0.0,-9.141592979431152
902,4.51,front_right_arm_to_hand,11,-0.7846323847770691,3.047757379803784e-09,-0.7853982448577881,0.0,0.0,-0.07658601552248001,-0.07658601552248001,0.0,0.0,0.0,0.0,0.0,0.0,0.0,0.0,0.0,0.0,0.0,-9.141592979431152
903,4.515,base_to_front_right_shoulder,3,-0.006807603407651186,-1.3927393682777733e-09,0.0,0.0,0.0,0.6126834154129028,0.6126834154129028,0.0,0.0,0.0,0.0,0.0,0.0,0.0,0.0,0.0,0.0,0.0,-9.141592979431152
903,4.515,front_right_shoulder_to_arm,7,-0.777212381362915,2.391660018474795e-06,-0.7900000214576721,0.0,0.0,-0.358058363199234,-0.358058363199234,0.0,0.0,0.0,0.0,0.0,0.0,0.0,0.0,0.0,0.0,0.0,-9.141592979431152
903,4.515,front_right_arm_to_hand,11,-0.7846323847770691,2.1989714493741985e-09,-0.7853982448577881,0.0,0.0,-0.07658601552248001,-0.07658601552248001,0.0,0.0,0.0,0.0,0.0,0.0,0.0,0.0,0.0,0.0,0.0,-9.141592979431152
904,4.5200000000000005,base_to_front_right_shoulder,3,-0.0068076131865382195,-1.384553915961817e-09,0.0,0.0,0.0,0.6126843094825745,0.6126843094825745,0.0,0.0,0.0,0.0,0.0,0.0,0.0,0.0,0.0,0.0,0.0,-9.141592979431152
904,4.5200000000000005,front_right_shoulder_to_arm,7,-0.777212381362915,2.391401949353167e-06,-0.7900000214576721,0.0,0.0,-0.3580583333969116,-0.3580583333969116,0.0,0.0,0.0,0.0,0.0,0.0,0.0,0.0,0.0,0.0,0.0,-9.141592979431152
904,4.5200000000000005,front_right_arm_to_hand,11,-0.7846323847770691,1.0073060163762193e-09,-0.7853982448577881,0.0,0.0,-0.07658601552248001,-0.07658601552248001,0.0,0.0,0.0,0.0,0.0,0.0,0.0,0.0,0.0,0.0,0.0,-9.141592979431152
905,4.525,base_to_front_right_shoulder,3,-0.006807622965425253,-1.3955882005589615e-09,0.0,0.0,0.0,0.6126852035522461,0.6126852035522461,0.0,0.0,0.0,0.0,0.0,0.0,0.0,0.0,0.0,0.0,0.0,-9.141592979431152
905,4.525,front_right_shoulder_to_arm,7,-0.777212381362915,2.390553618170088e-06,-0.7900000214576721,0.0,0.0,-0.3580583333969116,-0.3580583333969116,0.0,0.0,0.0,0.0,0.0,0.0,0.0,0.0,0.0,0.0,0.0,-9.141592979431152
905,4.525,front_right_arm_to_hand,11,-0.7846323847770691,1.9661567929318835e-09,-0.7853982448577881,0.0,0.0,-0.07658600807189941,-0.07658600807189941,0.0,0.0,0.0,0.0,0.0,0.0,0.0,0.0,0.0,0.0,0.0,-9.141592979431152
906,4.53,base_to_front_right_shoulder,3,-0.006807632744312286,-1.3945583576813192e-09,0.0,0.0,0.0,0.612686038017273,0.612686038017273,0.0,0.0,0.0,0.0,0.0,0.0,0.0,0.0,0.0,0.0,0.0,-9.141592979431152
906,4.53,front_right_shoulder_to_arm,7,-0.777212381362915,2.3925949790282175e-06,-0.7900000214576721,0.0,0.0,-0.3580583333969116,-0.3580583333969116,0.0,0.0,0.0,0.0,0.0,0.0,0.0,0.0,0.0,0.0,0.0,-9.141592979431152
906,4.53,front_right_arm_to_hand,11,-0.7846323847770691,5.418721027439233e-10,-0.7853982448577881,0.0,0.0,-0.07658601552248001,-0.07658601552248001,0.0,0.0,0.0,0.0,0.0,0.0,0.0,0.0,0.0,0.0,0.0,-9.141592979431152
907,4.535,base_to_front_right_shoulder,3,-0.00680764252319932,-1.3927393682777733e-09,0.0,0.0,0.0,0.6126869320869446,0.6126869320869446,0.0,0.0,0.0,0.0,0.0,0.0,0.0,0.0,0.0,0.0,0.0,-9.141592979431152
907,4.535,front_right_shoulder_to_arm,7,-0.777212381362915,2.3910231448098784e-06,-0.7900000214576721,0.0,0.0,-0.358058363199234,-0.358058363199234,0.0,0.0,0.0,0.0,0.0,0.0,0.0,0.0,0.0,0.0,0.0,-9.141592979431152
907,4.535,front_right_arm_to_hand,11,-0.7846323847770691,1.7060253210132714e-09,-0.7853982448577881,0.0,0.0,-0.07658600807189941,-0.07658600807189941,0.0,0.0,0.0,0.0,0.0,0.0,0.0,0.0,0.0,0.0,0.0,-9.141592979431152
908,4.54,base_to_front_right_shoulder,3,-0.006807652302086353,-1.3918298735760004e-09,0.0,0.0,0.0,0.6126878261566162,0.6126878261566162,0.0,0.0,0.0,0.0,0.0,0.0,0.0,0.0,0.0,0.0,0.0,-9.141592979431152
908,4.54,front_right_shoulder_to_arm,7,-0.777212381362915,2.39311430050293e-06,-0.7900000214576721,0.0,0.0,-0.3580583333969116,-0.3580583333969116,0.0,0.0,0.0,0.0,0.0,0.0,0.0,0.0,0.0,0.0,0.0,-9.141592979431152
908,4.54,front_right_arm_to_hand,11,-0.7846323847770691,2.6646327366819378e-09,-0.7853982448577881,0.0,0.0,-0.07658601552248001,-0.07658601552248001,0.0,0.0,0.0,0.0,0.0,0.0,0.0,0.0,0.0,0.0,0.0,-9.141592979431152
909,4.545,base_to_front_right_shoulder,3,-0.006807662080973387,-1.3936488629795463e-09,0.0,0.0,0.0,0.6126887202262878,0.6126887202262878,0.0,0.0,0.0,0.0,0.0,0.0,0.0,0.0,0.0,0.0,0.0,-9.141592979431152
909,4.545,front_right_shoulder_to_arm,7,-0.777212381362915,2.391949919910985e-06,-0.7900000214576721,0.0,0.0,-0.358058363199234,-0.358058363199234,0.0,0.0,0.0,0.0,0.0,0.0,0.0,0.0,0.0,0.0,0.0,-9.141592979431152
909,4.545,front_right_arm_to_hand,11,-0.7846323847770691,2.6646327366819378e-09,-0.7853982448577881,0.0,0.0,-0.07658601552248001,-0.07658601552248001,0.0,0.0,0.0,0.0,0.0,0.0,0.0,0.0,0.0,0.0,0.0,-9.141592979431152
910,4.55,base_to_front_right_shoulder,3,-0.00680767185986042,-1.3949549293457153e-09,0.0,0.0,0.0,0.6126896142959595,0.6126896142959595,0.0,0.0,0.0,0.0,0.0,0.0,0.0,0.0,0.0,0.0,0.0,-9.141592979431152
910,4.55,front_right_shoulder_to_arm,7,-0.777212381362915,2.3918121314636664e-06,-0.7900000214576721,0.0,0.0,-0.3580583333969116,-0.3580583333969116,0.0,0.0,0.0,0.0,0.0,0.0,0.0,0.0,0.0,0.0,0.0,-9.141592979431152
910,4.55,front_right_arm_to_hand,11,-0.7846323847770691,1.9115042881878708e-09,-0.7853982448577881,0.0,0.0,-0.07658601552248001,-0.07658601552248001,0.0,0.0,0.0,0.0,0.0,0.0,0.0,0.0,0.0,0.0,0.0,-9.141592979431152
911,4.555,base_to_front_right_shoulder,3,-0.006807681638747454,-1.3881918947689087e-09,0.0,0.0,0.0,0.6126904487609863,0.6126904487609863,0.0,0.0,0.0,0.0,0.0,0.0,0.0,0.0,0.0,0.0,0.0,-9.141592979431152
911,4.555,front_right_shoulder_to_arm,7,-0.777212381362915,2.3913464701763587e-06,-0.7900000214576721,0.0,0.0,-0.3580583333969116,-0.3580583333969116,0.0,0.0,0.0,0.0,0.0,0.0,0.0,0.0,0.0,0.0,0.0,-9.141592979431152
911,4.555,front_right_arm_to_hand,11,-0.7846323847770691,5.143598880152922e-10,-0.7853982448577881,0.0,0.0,-0.07658601552248001,-0.07658601552248001,0.0,0.0,0.0,0.0,0.0,0.0,0.0,0.0,0.0,0.0,0.0,-9.141592979431152
912,4.5600000000000005,base_to_front_right_shoulder,3,-0.006807691417634487,-1.3936488629795463e-09,0.0,0.0,0.0,0.612691342830658,0.612691342830658,0.0,0.0,0.0,0.0,0.0,0.0,0.0,0.0,0.0,0.0,0.0,-9.141592979431152
912,4.5600000000000005,front_right_shoulder_to_arm,7,-0.777212381362915,2.3904690351628233e-06,-0.7900000214576721,0.0,0.0,-0.3580583333969116,-0.3580583333969116,0.0,0.0,0.0,0.0,0.0,0.0,0.0,0.0,0.0,0.0,0.0,-9.141592979431152
912,4.5600000000000005,front_right_arm_to_hand,11,-0.7846323847770691,2.1716866083210107e-09,-0.7853982448577881,0.0,0.0,-0.07658600807189941,-0.07658600807189941,0.0,0.0,0.0,0.0,0.0,0.0,0.0,0.0,0.0,0.0,0.0,-9.141592979431152
913,4.565,base_to_front_right_shoulder,3,-0.006807701196521521,-1.3954678523830921e-09,0.0,0.0,0.0,0.6126922369003296,0.6126922369003296,0.0,0.0,0.0,0.0,0.0,0.0,0.0,0.0,0.0,0.0,0.0,-9.141592979431152
913,4.565,front_right_shoulder_to_arm,7,-0.777212381362915,2.39236032939516e-06,-0.7900000214576721,0.0,0.0,-0.3580583333969116,-0.3580583333969116,0.0,0.0,0.0,0.0,0.0,0.0,0.0,0.0,0.0,0.0,0.0,-9.141592979431152
913,4.565,front_right_arm_to_hand,11,-0.7846323847770691,3.0904143133447803e-10,-0.7853982448577881,0.0,0.0,-0.07658601552248001,-0.07658601552248001,0.0,0.0,0.0,0.0,0.0,0.0,0.0,0.0,0.0,0.0,0.0,-9.141592979431152
914,4.57,base_to_front_right_shoulder,3,-0.006807710975408554,-1.3936488629795463e-09,0.0,0.0,0.0,0.6126931309700012,0.6126931309700012,0.0,0.0,0.0,0.0,0.0,0.0,0.0,0.0,0.0,0.0,0.0,-9.141592979431152
914,4.57,front_right_shoulder_to_arm,7,-0.777212381362915,2.3908467028377345e-06,-0.7900000214576721,0.0,0.0,-0.358058363199234,-0.358058363199234,0.0,0.0,0.0,0.0,0.0,0.0,0.0,0.0,0.0,0.0,0.0,-9.141592979431152
914,4.57,front_right_arm_to_hand,11,-0.7846323847770691,1.4731946773594018e-09,-0.7853982448577881,0.0,0.0,-0.07658600807189941,-0.07658600807189941,0.0,0.0,0.0,0.0,0.0,0.0,0.0,0.0,0.0,0.0,0.0,-9.141592979431152
915,4.575,base_to_front_right_shoulder,3,-0.0068077207542955875,-1.3918298735760004e-09,0.0,0.0,0.0,0.6126939654350281,0.6126939654350281,0.0,0.0,0.0,0.0,0.0,0.0,0.0,0.0,0.0,0.0,0.0,-9.141592979431152
915,4.575,front_right_shoulder_to_arm,7,-0.777212381362915,2.393116346866009e-06,-0.7900000214576721,0.0,0.0,-0.3580583333969116,-0.3580583333969116,0.0,0.0,0.0,0.0,0.0,0.0,0.0,0.0,0.0,0.0,0.0,-9.141592979431152
915,4.575,front_right_arm_to_hand,11,-0.7846323847770691,1.4731946773594018e-09,-0.7853982448577881,0.0,0.0,-0.07658601552248001,-0.07658601552248001,0.0,0.0,0.0,0.0,0.0,0.0,0.0,0.0,0.0,0.0,0.0,-9.141592979431152
916,4.58,base_to_front_right_shoulder,3,-0.006807730533182621,-1.3872824000671358e-09,0.0,0.0,0.0,0.6126948595046997,0.6126948595046997,0.0,0.0,0.0,0.0,0.0,0.0,0.0,0.0,0.0,0.0,0.0,-9.141592979431152
916,4.58,front_right_shoulder_to_arm,7,-0.777212381362915,2.3919810701045208e-06,-0.7900000214576721,0.0,0.0,-0.358058363199234,-0.358058363199234,0.0,0.0,0.0,0.0,0.0,0.0,0.0,0.0,0.0,0.0,0.0,-9.141592979431152
916,4.58,front_right_arm_to_hand,11,-0.7846323847770691,1.4731946773594018e-09,-0.7853982448577881,0.0,0.0,-0.07658601552248001,-0.07658601552248001,0.0,0.0,0.0,0.0,0.0,0.0,0.0,0.0,0.0,0.0,0.0,-9.141592979431152
917,4.585,base_to_front_right_shoulder,3,-0.0068077403120696545,-1.3936488629795463e-09,0.0,0.0,0.0,0.6126957535743713,0.6126957535743713,0.0,0.0,0.0,0.0,0.0,0.0,0.0,0.0,0.0,0.0,0.0,-9.141592979431152
917,4.585,front_right_shoulder_to_arm,7,-0.777212381362915,2.391723228356568e-06,-0.7900000214576721,0.0,0.0,-0.3580583333969116,-0.3580583333969116,0.0,0.0,0.0,0.0,0.0,0.0,0.0,0.0,0.0,0.0,0.0,-9.141592979431152
917,4.585,front_right_arm_to_hand,11,-0.7846323847770691,1.2130791926523443e-09,-0.7853982448577881,0.0,0.0,-0.07658601552248001,-0.07658601552248001,0.0,0.0,0.0,0.0,0.0,0.0,0.0,0.0,0.0,0.0,0.0,-9.141592979431152
918,4.59,base_to_front_right_shoulder,3,-0.006807750090956688,-1.3964976952607344e-09,0.0,0.0,0.0,0.612696647644043,0.612696647644043,0.0,0.0,0.0,0.0,0.0,0.0,0.0,0.0,0.0,0.0,0.0,-9.141592979431152
918,4.59,front_right_shoulder_to_arm,7,-0.777212381362915,2.390758254477987e-06,-0.7900000214576721,0.0,0.0,-0.3580583333969116,-0.3580583333969116,0.0,0.0,0.0,0.0,0.0,0.0,0.0,0.0,0.0,0.0,0.0,-9.141592979431152
918,4.59,front_right_arm_to_hand,11,-0.7846323847770691,1.9388719518786957e-09,-0.7853982448577881,0.0,0.0,-0.07658601552248001,-0.07658601552248001,0.0,0.0,0.0,0.0,0.0,0.0,0.0,0.0,0.0,0.0,0.0,-9.141592979431152
919,4.595,base_to_front_right_shoulder,3,-0.006807759869843721,-1.3936488629795463e-09,0.0,0.0,0.0,0.6126974821090698,0.6126974821090698,0.0,0.0,0.0,0.0,0.0,0.0,0.0,0.0,0.0,0.0,0.0,-9.141592979431152
919,4.595,front_right_shoulder_to_arm,7,-0.777212381362915,2.390408781138831e-06,-0.7900000214576721,0.0,0.0,-0.3580583333969116,-0.3580583333969116,0.0,0.0,0.0,0.0,0.0,0.0,0.0,0.0,0.0,0.0,0.0,-9.141592979431152
919,4.595,front_right_arm_to_hand,11,-0.7846323847770691,3.335839826590359e-09,-0.7853982448577881,0.0,0.0,-0.07658601552248001,-0.07658601552248001,0.0,0.0,0.0,0.0,0.0,0.0,0.0,0.0,0.0,0.0,0.0,-9.141592979431152
920,4.6000000000000005,base_to_front_right_shoulder,3,-0.006807769648730755,-1.3968942669251305e-09,0.0,0.0,0.0,0.6126983761787415,0.6126983761787415,0.0,0.0,0.0,0.0,0.0,0.0,0.0,0.0,0.0,0.0,0.0,-9.141592979431152
920,4.6000000000000005,front_right_shoulder_to_arm,7,-0.777212381362915,2.390112967987079e-06,-0.7900000214576721,0.0,0.0,-0.3580583333969116,-0.3580583333969116,0.0,0.0,0.0,0.0,0.0,0.0,0.0,0.0,0.0,0.0,0.0,-9.141592979431152
920,4.6000000000000005,front_right_arm_to_hand,11,-0.7846323847770691,-8.27423018989748e-10,-0.7853982448577881,0.0,0.0,-0.07658602297306061,-0.07658602297306061,0.0,0.0,0.0,0.0,0.0,0.0,0.0,0.0,0.0,0.0,0.0,-9.141592979431152
921,4.605,base_to_front_right_shoulder,3,-0.006807779427617788,-1.3918298735760004e-09,0.0,0.0,0.0,0.6126992702484131,0.6126992702484131,0.0,0.0,0.0,0.0,0.0,0.0,0.0,0.0,0.0,0.0,0.0,-9.141592979431152
921,4.605,front_right_shoulder_to_arm,7,-0.777212381362915,2.389302380834124e-06,-0.7900000214576721,0.0,0.0,-0.3580583333969116,-0.3580583333969116,0.0,0.0,0.0,0.0,0.0,0.0,0.0,0.0,0.0,0.0,0.0,-9.141592979431152
921,4.605,front_right_arm_to_hand,11,-0.7846323847770691,2.171913981996454e-09,-0.7853982448577881,0.0,0.0,-0.07658600807189941,-0.07658600807189941,0.0,0.0,0.0,0.0,0.0,0.0,0.0,0.0,0.0,0.0,0.0,-9.141592979431152
922,4.61,base_to_front_right_shoulder,3,-0.006807789206504822,-1.38546341066359e-09,0.0,0.0,0.0,0.6127001643180847,0.6127001643180847,0.0,0.0,0.0,0.0,0.0,0.0,0.0,0.0,0.0,0.0,0.0,-9.141592979431152
922,4.61,front_right_shoulder_to_arm,7,-0.777212381362915,2.3913642053230433e-06,-0.7900000214576721,0.0,0.0,-0.3580583333969116,-0.3580583333969116,0.0,0.0,0.0,0.0,0.0,0.0,0.0,0.0,0.0,0.0,0.0,-9.141592979431152
922,4.61,front_right_arm_to_hand,11,-0.7846323847770691,-1.288802675691869e-10,-0.7853982448577881,0.0,0.0,-0.07658601552248001,-0.07658601552248001,0.0,0.0,0.0,0.0,0.0,0.0,0.0,0.0,0.0,0.0,0.0,-9.141592979431152
923,4.615,base_to_front_right_shoulder,3,-0.006807798985391855,-4.063016145749998e-09,0.0,0.0,0.0,0.6127010583877563,0.6127010583877563,0.0,0.0,0.0,0.0,0.0,0.0,0.0,0.0,0.0,0.0,0.0,-9.141592979431152
923,4.615,front_right_shoulder_to_arm,7,-0.777212381362915,2.390370809735032e-06,-0.7900000214576721,0.0,0.0,-0.3580583333969116,-0.3580583333969116,0.0,0.0,0.0,0.0,0.0,0.0,0.0,0.0,0.0,0.0,0.0,-9.141592979431152
923,4.615,front_right_arm_to_hand,11,-0.7846323847770691,1.2949328276334882e-09,-0.7853982448577881,0.0,0.0,-0.07658600807189941,-0.07658600807189941,0.0,0.0,0.0,0.0,0.0,0.0,0.0,0.0,0.0,0.0,0.0,-9.141592979431152
924,4.62,base_to_front_right_shoulder,3,-0.006807808764278889,3.3821072609185876e-09,0.0,0.0,0.0,0.6127018928527832,0.6127018928527832,0.0,0.0,0.0,0.0,0.0,0.0,0.0,0.0,0.0,0.0,0.0,-9.141592979431152
924,4.62,front_right_shoulder_to_arm,7,-0.777212381362915,2.388557504673372e-06,-0.7900000214576721,0.0,0.0,-0.3580583333969116,-0.3580583333969116,0.0,0.0,0.0,0.0,0.0,0.0,0.0,0.0,0.0,0.0,0.0,-9.141592979431152
924,4.62,front_right_arm_to_hand,11,-0.7846323847770691,-2.798573039974883e-10,-0.7853982448577881,0.0,0.0,-0.07658601552248001,-0.07658601552248001,0.0,0.0,0.0,0.0,0.0,0.0,0.0,0.0,0.0,0.0,0.0,-9.141592979431152
925,4.625,base_to_front_right_shoulder,3,-0.006807818543165922,3.385625113594415e-09,0.0,0.0,0.0,0.6127027869224548,0.6127027869224548,0.0,0.0,0.0,0.0,0.0,0.0,0.0,0.0,0.0,0.0,0.0,-9.141592979431152
925,4.625,front_right_shoulder_to_arm,7,-0.777212381362915,2.3856177904235665e-06,-0.7900000214576721,0.0,0.0,-0.3580583333969116,-0.3580583333969116,0.0,0.0,0.0,0.0,0.0,0.0,0.0,0.0,0.0,0.0,0.0,-9.141592979431152
925,4.625,front_right_arm_to_hand,11,-0.7846323847770691,8.843119569945657e-10,-0.7853982448577881,0.0,0.0,-0.07658600807189941,-0.07658600807189941,0.0,0.0,0.0,0.0,0.0,0.0,0.0,0.0,0.0,0.0,0.0,-9.141592979431152
926,4.63,base_to_front_right_shoulder,3,-0.006807828322052956,3.3783491559802314e-09,0.0,0.0,0.0,0.6127036809921265,0.6127036809921265,0.0,0.0,0.0,0.0,0.0,0.0,0.0,0.0,0.0,0.0,0.0,-9.141592979431152
926,4.63,front_right_shoulder_to_arm,7,-0.777212381362915,2.3829686597309774e-06,-0.7900000214576721,0.0,0.0,-0.3580583333969116,-0.3580583333969116,0.0,0.0,0.0,0.0,0.0,0.0,0.0,0.0,0.0,0.0,0.0,-9.141592979431152
926,4.63,front_right_arm_to_hand,11,-0.7846323847770691,2.048465175263914e-09,-0.7853982448577881,0.0,0.0,-0.07658600807189941,-0.07658600807189941,0.0,0.0,0.0,0.0,0.0,0.0,0.0,0.0,0.0,0.0,0.0,-9.141592979431152
927,4.635,base_to_front_right_shoulder,3,-0.006807838100939989,3.371982693067821e-09,0.0,0.0,0.0,0.6127045750617981,0.6127045750617981,0.0,0.0,0.0,0.0,0.0,0.0,0.0,0.0,0.0,0.0,0.0,-9.141592979431152
927,4.635,front_right_shoulder_to_arm,7,-0.777212381362915,2.381139211138361e-06,-0.7900000214576721,0.0,0.0,-0.3580583333969116,-0.3580583333969116,0.0,0.0,0.0,0.0,0.0,0.0,0.0,0.0,0.0,0.0,0.0,-9.141592979431152
927,4.635,front_right_arm_to_hand,11,-0.7846323847770691,-7.727873896357096e-10,-0.7853982448577881,0.0,0.0,-0.07658601552248001,-0.07658601552248001,0.0,0.0,0.0,0.0,0.0,0.0,0.0,0.0,0.0,0.0,0.0,-9.141592979431152
928,4.64,base_to_front_right_shoulder,3,-0.0068078478798270226,3.374831303304404e-09,0.0,0.0,0.0,0.612705409526825,0.612705409526825,0.0,0.0,0.0,0.0,0.0,0.0,0.0,0.0,0.0,0.0,0.0,-9.141592979431152
928,4.64,front_right_shoulder_to_arm,7,-0.777212381362915,2.3784989480191143e-06,-0.7900000214576721,0.0,0.0,-0.3580583333969116,-0.3580583333969116,0.0,0.0,0.0,0.0,0.0,0.0,0.0,0.0,0.0,0.0,0.0,-9.141592979431152
928,4.64,front_right_arm_to_hand,11,-0.7846323847770691,-3.621665745079383e-10,-0.7853982448577881,0.0,0.0,-0.07658600807189941,-0.07658600807189941,0.0,0.0,0.0,0.0,0.0,0.0,0.0,0.0,0.0,0.0,0.0,-9.141592979431152
929,4.6450000000000005,base_to_front_right_shoulder,3,-0.006807857658714056,3.3697662438214593e-09,0.0,0.0,0.0,0.6127063035964966,0.6127063035964966,0.0,0.0,0.0,0.0,0.0,0.0,0.0,0.0,0.0,0.0,0.0,-9.141592979431152
929,4.6450000000000005,front_right_shoulder_to_arm,7,-0.777212381362915,2.3780537503625965e-06,-0.7900000214576721,0.0,0.0,-0.3580583333969116,-0.3580583333969116,0.0,0.0,0.0,0.0,0.0,0.0,0.0,0.0,0.0,0.0,0.0,-9.141592979431152
929,4.6450000000000005,front_right_arm_to_hand,11,-0.7846323847770691,8.569607246045052e-10,-0.7853982448577881,0.0,0.0,-0.07658600807189941,-0.07658600807189941,0.0,0.0,0.0,0.0,0.0,0.0,0.0,0.0,0.0,0.0,0.0,-9.141592979431152
930,4.65,base_to_front_right_shoulder,3,-0.0068078674376010895,3.3774396612784585e-09,0.0,0.0,0.0,0.6127071976661682,0.6127071976661682,0.0,0.0,0.0,0.0,0.0,0.0,0.0,0.0,0.0,0.0,0.0,-9.141592979431152
930,4.65,front_right_shoulder_to_arm,7,-0.777212381362915,2.376011707383441e-06,-0.7900000214576721,0.0,0.0,-0.3580583333969116,-0.3580583333969116,0.0,0.0,0.0,0.0,0.0,0.0,0.0,0.0,0.0,0.0,0.0,-9.141592979431152
930,4.65,front_right_arm_to_hand,11,-0.7846323847770691,-1.9094283931764267e-09,-0.7853982448577881,0.0,0.0,-0.07658600807189941,-0.07658600807189941,0.0,0.0,0.0,0.0,0.0,0.0,0.0,0.0,0.0,0.0,0.0,-9.141592979431152
931,4.655,base_to_front_right_shoulder,3,-0.006807877216488123,3.3821072609185876e-09,0.0,0.0,0.0,0.6127080917358398,0.6127080917358398,0.0,0.0,0.0,0.0,0.0,0.0,0.0,0.0,0.0,0.0,0.0,-9.141592979431152
931,4.655,front_right_shoulder_to_arm,7,-0.777212381362915,2.375317308178637e-06,-0.7900000214576721,0.0,0.0,-0.35805830359458923,-0.35805830359458923,0.0,0.0,0.0,0.0,0.0,0.0,0.0,0.0,0.0,0.0,0.0,-9.141592979431152
931,4.655,front_right_arm_to_hand,11,-0.7846323847770691,-3.0714214505067616e-10,-0.7853982448577881,0.0,0.0,-0.07658600062131882,-0.07658600062131882,0.0,0.0,0.0,0.0,0.0,0.0,0.0,0.0,0.0,0.0,0.0,-9.141592979431152
932,4.66,base_to_front_right_shoulder,3,-0.006807886995375156,3.3792586506820044e-09,0.0,0.0,0.0,0.6127089262008667,0.6127089262008667,0.0,0.0,0.0,0.0,0.0,0.0,0.0,0.0,0.0,0.0,0.0,-9.141592979431152
932,4.66,front_right_shoulder_to_arm,7,-0.777212381362915,2.374730911469669e-06,-0.7900000214576721,0.0,0.0,-0.35805830359458923,-0.35805830359458923,0.0,0.0,0.0,0.0,0.0,0.0,0.0,0.0,0.0,0.0,0.0,-9.141592979431152
932,4.66,front_right_arm_to_hand,11,-0.7846323847770691,1.1173699743238785e-09,-0.7853982448577881,0.0,0.0,-0.07658600807189941,-0.07658600807189941,0.0,0.0,0.0,0.0,0.0,0.0,0.0,0.0,0.0,0.0,0.0,-9.141592979431152
933,4.665,base_to_front_right_shoulder,3,-0.00680789677426219,3.379891033716831e-09,0.0,0.0,0.0,0.6127098202705383,0.6127098202705383,0.0,0.0,0.0,0.0,0.0,0.0,0.0,0.0,0.0,0.0,0.0,-9.141592979431152
933,4.665,front_right_shoulder_to_arm,7,-0.777212381362915,2.3741238237562357e-06,-0.7900000214576721,0.0,0.0,-0.35805830359458923,-0.35805830359458923,0.0,0.0,0.0,0.0,0.0,0.0,0.0,0.0,0.0,0.0,0.0,-9.141592979431152
933,4.665,front_right_arm_to_hand,11,-0.7846323847770691,6.243414674145242e-10,-0.7853982448577881,0.0,0.0,-0.07658601552248001,-0.07658601552248001,0.0,0.0,0.0,0.0,0.0,0.0,0.0,0.0,0.0,0.0,0.0,-9.141592979431152
934,4.67,base_to_front_right_shoulder,3,-0.006807906553149223,3.372892187769594e-09,0.0,0.0,0.0,0.61271071434021,0.61271071434021,0.0,0.0,0.0,0.0,0.0,0.0,0.0,0.0,0.0,0.0,0.0,-9.141592979431152
934,4.67,front_right_shoulder_to_arm,7,-0.777212381362915,2.3741770291962894e-06,-0.7900000214576721,0.0,0.0,-0.35805830359458923,-0.35805830359458923,0.0,0.0,0.0,0.0,0.0,0.0,0.0,0.0,0.0,0.0,0.0,-9.141592979431152
934,4.67,front_right_arm_to_hand,11,-0.7846323847770691,-1.4435397321932442e-09,-0.7853982448577881,0.0,0.0,-0.07658600807189941,-0.07658600807189941,0.0,0.0,0.0,0.0,0.0,0.0,0.0,0.0,0.0,0.0,0.0,-9.141592979431152
935,4.675,base_to_front_right_shoulder,3,-0.006807916332036257,3.3744340655061933e-09,0.0,0.0,0.0,0.6127116084098816,0.6127116084098816,0.0,0.0,0.0,0.0,0.0,0.0,0.0,0.0,0.0,0.0,0.0,-9.141592979431152
935,4.675,front_right_shoulder_to_arm,7,-0.777212381362915,2.375665644649416e-06,-0.7900000214576721,0.0,0.0,-0.35805830359458923,-0.35805830359458923,0.0,0.0,0.0,0.0,0.0,0.0,0.0,0.0,0.0,0.0,0.0,-9.141592979431152
935,4.675,front_right_arm_to_hand,11,-0.7846323847770691,-1.2383036818164328e-09,-0.7853982448577881,0.0,0.0,-0.07658600062131882,-0.07658600062131882,0.0,0.0,0.0,0.0,0.0,0.0,0.0,0.0,0.0,0.0,0.0,-9.141592979431152
936,4.68,base_to_front_right_shoulder,3,-0.00680792611092329,3.373922030647236e-09,0.0,0.0,0.0,0.6127124428749084,0.6127124428749084,0.0,0.0,0.0,0.0,0.0,0.0,0.0,0.0,0.0,0.0,0.0,-9.141592979431152
936,4.68,front_right_shoulder_to_arm,7,-0.777212381362915,2.3766549475112697e-06,-0.7900000214576721,0.0,0.0,-0.35805830359458923,-0.35805830359458923,0.0,0.0,0.0,0.0,0.0,0.0,0.0,0.0,0.0,0.0,0.0,-9.141592979431152
936,4.68,front_right_arm_to_hand,11,-0.7846323847770691,1.090069146059136e-09,-0.7853982448577881,0.0,0.0,-0.07658600062131882,-0.07658600062131882,0.0,0.0,0.0,0.0,0.0,0.0,0.0,0.0,0.0,0.0,0.0,-9.141592979431152
937,4.6850000000000005,base_to_front_right_shoulder,3,-0.006807935889810324,3.3774396612784585e-09,0.0,0.0,0.0,0.6127133369445801,0.6127133369445801,0.0,0.0,0.0,0.0,0.0,0.0,0.0,0.0,0.0,0.0,0.0,-9.141592979431152
937,4.6850000000000005,front_right_shoulder_to_arm,7,-0.777212381362915,2.3752286324452143e-06,-0.7900000214576721,0.0,0.0,-0.3580583333969116,-0.3580583333969116,0.0,0.0,0.0,0.0,0.0,0.0,0.0,0.0,0.0,0.0,0.0,-9.141592979431152
937,4.6850000000000005,front_right_arm_to_hand,11,-0.7846323847770691,2.021407707886169e-09,-0.7853982448577881,0.0,0.0,-0.07658601552248001,-0.07658601552248001,0.0,0.0,0.0,0.0,0.0,0.0,0.0,0.0,0.0,0.0,0.0,-9.141592979431152
938,4.69,base_to_front_right_shoulder,3,-0.006807945668697357,3.3811979882614196e-09,0.0,0.0,0.0,0.6127142310142517,0.6127142310142517,0.0,0.0,0.0,0.0,0.0,0.0,0.0,0.0,0.0,0.0,0.0,-9.141592979431152
938,4.69,front_right_shoulder_to_arm,7,-0.777212381362915,2.3754278117849026e-06,-0.7900000214576721,0.0,0.0,-0.35805830359458923,-0.35805830359458923,0.0,0.0,0.0,0.0,0.0,0.0,0.0,0.0,0.0,0.0,0.0,-9.141592979431152
938,4.69,front_right_arm_to_hand,11,-0.7846323847770691,-2.7940252889102624e-10,-0.7853982448577881,0.0,0.0,-0.07658601552248001,-0.07658601552248001,0.0,0.0,0.0,0.0,0.0,0.0,0.0,0.0,0.0,0.0,0.0,-9.141592979431152
939,4.695,base_to_front_right_shoulder,3,-0.006807955447584391,3.374831303304404e-09,0.0,0.0,0.0,0.6127151250839233,0.6127151250839233,0.0,0.0,0.0,0.0,0.0,0.0,0.0,0.0,0.0,0.0,0.0,-9.141592979431152
939,4.695,front_right_shoulder_to_arm,7,-0.777212381362915,2.3744130430713994e-06,-0.7900000214576721,0.0,0.0,-0.35805830359458923,-0.35805830359458923,0.0,0.0,0.0,0.0,0.0,0.0,0.0,0.0,0.0,0.0,0.0,-9.141592979431152
939,4.695,front_right_arm_to_hand,11,-0.7846323847770691,8.572384468941152e-10,-0.7853982448577881,0.0,0.0,-0.07658600807189941,-0.07658600807189941,0.0,0.0,0.0,0.0,0.0,0.0,0.0,0.0,0.0,0.0,0.0,-9.141592979431152
940,4.7,base_to_front_right_shoulder,3,-0.006807965226471424,3.3730125359454632e-09,0.0,0.0,0.0,0.612716019153595,0.612716019153595,0.0,0.0,0.0,0.0,0.0,0.0,0.0,0.0,0.0,0.0,0.0,-9.141592979431152
940,4.7,front_right_shoulder_to_arm,7,-0.777212381362915,2.374529231019551e-06,-0.7900000214576721,0.0,0.0,-0.35805830359458923,-0.35805830359458923,0.0,0.0,0.0,0.0,0.0,0.0,0.0,0.0,0.0,0.0,0.0,-9.141592979431152
940,4.7,front_right_arm_to_hand,11,-0.7846323847770691,-7.385672629034445e-11,-0.7853982448577881,0.0,0.0,-0.07658600807189941,-0.07658600807189941,0.0,0.0,0.0,0.0,0.0,0.0,0.0,0.0,0.0,0.0,0.0,-9.141592979431152
941,4.705,base_to_front_right_shoulder,3,-0.0068079750053584576,3.3811979882614196e-09,0.0,0.0,0.0,0.6127168536186218,0.6127168536186218,0.0,0.0,0.0,0.0,0.0,0.0,0.0,0.0,0.0,0.0,0.0,-9.141592979431152
941,4.705,front_right_shoulder_to_arm,7,-0.777212381362915,2.373040615566424e-06,-0.7900000214576721,0.0,0.0,-0.35805830359458923,-0.35805830359458923,0.0,0.0,0.0,0.0,0.0,0.0,0.0,0.0,0.0,0.0,0.0,-9.141592979431152
941,4.705,front_right_arm_to_hand,11,-0.7846323847770691,2.7473958663648546e-09,-0.7853982448577881,0.0,0.0,-0.07658600807189941,-0.07658600807189941,0.0,0.0,0.0,0.0,0.0,0.0,0.0,0.0,0.0,0.0,0.0,-9.141592979431152
942,4.71,base_to_front_right_shoulder,3,-0.006807984784245491,3.370163703664275e-09,0.0,0.0,0.0,0.6127177476882935,0.6127177476882935,0.0,0.0,0.0,0.0,0.0,0.0,0.0,0.0,0.0,0.0,0.0,-9.141592979431152
942,4.71,front_right_shoulder_to_arm,7,-0.777212381362915,2.37545987147314e-06,-0.7900000214576721,0.0,0.0,-0.35805830359458923,-0.35805830359458923,0.0,0.0,0.0,0.0,0.0,0.0,0.0,0.0,0.0,0.0,0.0,-9.141592979431152
942,4.71,front_right_arm_to_hand,11,-0.7846323847770691,2.254465725215482e-09,-0.7853982448577881,0.0,0.0,-0.07658601552248001,-0.07658601552248001,0.0,0.0,0.0,0.0,0.0,0.0,0.0,0.0,0.0,0.0,0.0,-9.141592979431152
943,4.715,base_to_front_right_shoulder,3,-0.0068079945631325245,3.3793789988578737e-09,0.0,0.0,0.0,0.6127186417579651,0.6127186417579651,0.0,0.0,0.0,0.0,0.0,0.0,0.0,0.0,0.0,0.0,0.0,-9.141592979431152
943,4.715,front_right_shoulder_to_arm,7,-0.777212381362915,2.376565817030496e-06,-0.7900000214576721,0.0,0.0,-0.35805830359458923,-0.35805830359458923,0.0,0.0,0.0,0.0,0.0,0.0,0.0,0.0,0.0,0.0,0.0,-9.141592979431152
943,4.715,front_right_arm_to_hand,11,-0.7846323847770691,1.7887884506961882e-09,-0.7853982448577881,0.0,0.0,-0.07658601552248001,-0.07658601552248001,0.0,0.0,0.0,0.0,0.0,0.0,0.0,0.0,0.0,0.0,0.0,-9.141592979431152
944,4.72,base_to_front_right_shoulder,3,-0.006808004342019558,3.3779516961374156e-09,0.0,0.0,0.0,0.6127195358276367,0.6127195358276367,0.0,0.0,0.0,0.0,0.0,0.0,0.0,0.0,0.0,0.0,0.0,-9.141592979431152
944,4.72,front_right_shoulder_to_arm,7,-0.777212381362915,2.3754303128953325e-06,-0.7900000214576721,0.0,0.0,-0.3580583333969116,-0.3580583333969116,0.0,0.0,0.0,0.0,0.0,0.0,0.0,0.0,0.0,0.0,0.0,-9.141592979431152
944,4.72,front_right_arm_to_hand,11,-0.7846323847770691,1.0902461156092613e-09,-0.7853982448577881,0.0,0.0,-0.07658601552248001,-0.07658601552248001,0.0,0.0,0.0,0.0,0.0,0.0,0.0,0.0,0.0,0.0,0.0,-9.141592979431152
945,4.7250000000000005,base_to_front_right_shoulder,3,-0.006808014120906591,3.3792586506820044e-09,0.0,0.0,0.0,0.6127203702926636,0.6127203702926636,0.0,0.0,0.0,0.0,0.0,0.0,0.0,0.0,0.0,0.0,0.0,-9.141592979431152
945,4.7250000000000005,front_right_shoulder_to_arm,7,-0.777212381362915,2.3753470941301202e-06,-0.7900000214576721,0.0,0.0,-0.35805830359458923,-0.35805830359458923,0.0,0.0,0.0,0.0,0.0,0.0,0.0,0.0,0.0,0.0,0.0,-9.141592979431152
945,4.7250000000000005,front_right_arm_to_hand,11,-0.7846323847770691,-3.3418359746129056e-10,-0.7853982448577881,0.0,0.0,-0.07658601552248001,-0.07658601552248001,0.0,0.0,0.0,0.0,0.0,0.0,0.0,0.0,0.0,0.0,0.0,-9.141592979431152
946,4.73,base_to_front_right_shoulder,3,-0.006808023899793625,3.3811979882614196e-09,0.0,0.0,0.0,0.6127212643623352,0.6127212643623352,0.0,0.0,0.0,0.0,0.0,0.0,0.0,0.0,0.0,0.0,0.0,-9.141592979431152
946,4.73,front_right_shoulder_to_arm,7,-0.777212381362915,2.374299356233678e-06,-0.7900000214576721,0.0,0.0,-0.35805830359458923,-0.35805830359458923,0.0,0.0,0.0,0.0,0.0,0.0,0.0,0.0,0.0,0.0,0.0,-9.141592979431152
946,4.73,front_right_arm_to_hand,11,-0.7846323847770691,8.299536613520786e-10,-0.7853982448577881,0.0,0.0,-0.07658600807189941,-0.07658600807189941,0.0,0.0,0.0,0.0,0.0,0.0,0.0,0.0,0.0,0.0,0.0,-9.141592979431152
947,4.735,base_to_front_right_shoulder,3,-0.006808033678680658,3.371982693067821e-09,0.0,0.0,0.0,0.6127221584320068,0.6127221584320068,0.0,0.0,0.0,0.0,0.0,0.0,0.0,0.0,0.0,0.0,0.0,-9.141592979431152
947,4.735,front_right_shoulder_to_arm,7,-0.777212381362915,2.374406676608487e-06,-0.7900000214576721,0.0,0.0,-0.35805830359458923,-0.35805830359458923,0.0,0.0,0.0,0.0,0.0,0.0,0.0,0.0,0.0,0.0,0.0,-9.141592979431152
947,4.735,front_right_arm_to_hand,11,-0.7846323847770691,-2.7938654167947163e-10,-0.7853982448577881,0.0,0.0,-0.07658600807189941,-0.07658600807189941,0.0,0.0,0.0,0.0,0.0,0.0,0.0,0.0,0.0,0.0,0.0,-9.141592979431152
948,4.74,base_to_front_right_shoulder,3,-0.006808043457567692,3.3783491559802314e-09,0.0,0.0,0.0,0.6127230525016785,0.6127230525016785,0.0,0.0,0.0,0.0,0.0,0.0,0.0,0.0,0.0,0.0,0.0,-9.141592979431152
948,4.74,front_right_shoulder_to_arm,7,-0.777212381362915,2.3758411771268584e-06,-0.7900000214576721,0.0,0.0,-0.35805830359458923,-0.35805830359458923,0.0,0.0,0.0,0.0,0.0,0.0,0.0,0.0,0.0,0.0,0.0,-9.141592979431152
948,4.74,front_right_arm_to_hand,11,-0.7846323847770691,1.3170506352189193e-10,-0.7853982448577881,0.0,0.0,-0.07658600807189941,-0.07658600807189941,0.0,0.0,0.0,0.0,0.0,0.0,0.0,0.0,0.0,0.0,0.0,-9.141592979431152
949,4.745,base_to_front_right_shoulder,3,-0.006808053236454725,3.3730125359454632e-09,0.0,0.0,0.0,0.6127238869667053,0.6127238869667053,0.0,0.0,0.0,0.0,0.0,0.0,0.0,0.0,0.0,0.0,0.0,-9.141592979431152
949,4.745,front_right_shoulder_to_arm,7,-0.777212381362915,2.377233840888948e-06,-0.7900000214576721,0.0,0.0,-0.35805830359458923,-0.35805830359458923,0.0,0.0,0.0,0.0,0.0,0.0,0.0,0.0,0.0,0.0,0.0,-9.141592979431152
949,4.745,front_right_arm_to_hand,11,-0.7846323847770691,3.918045610173948e-10,-0.7853982448577881,0.0,0.0,-0.07658600807189941,-0.07658600807189941,0.0,0.0,0.0,0.0,0.0,0.0,0.0,0.0,0.0,0.0,0.0,-9.141592979431152
950,4.75,base_to_front_right_shoulder,3,-0.006808063015341759,3.373922030647236e-09,0.0,0.0,0.0,0.612724781036377,0.612724781036377,0.0,0.0,0.0,0.0,0.0,0.0,0.0,0.0,0.0,0.0,0.0,-9.141592979431152
950,4.75,front_right_shoulder_to_arm,7,-0.777212381362915,2.3760489966662135e-06,-0.7900000214576721,0.0,0.0,-0.3580583333969116,-0.3580583333969116,0.0,0.0,0.0,0.0,0.0,0.0,0.0,0.0,0.0,0.0,0.0,-9.141592979431152
950,4.75,front_right_arm_to_hand,11,-0.7846323847770691,8.026688202988908e-10,-0.7853982448577881,0.0,0.0,-0.07658600807189941,-0.07658600807189941,0.0,0.0,0.0,0.0,0.0,0.0,0.0,0.0,0.0,0.0,0.0,-9.141592979431152
951,4.755,base_to_front_right_shoulder,3,-0.006808072794228792,3.3802884935596467e-09,0.0,0.0,0.0,0.6127256751060486,0.6127256751060486,0.0,0.0,0.0,0.0,0.0,0.0,0.0,0.0,0.0,0.0,0.0,-9.141592979431152
951,4.755,front_right_shoulder_to_arm,7,-0.777212381362915,2.376010797888739e-06,-0.7900000214576721,0.0,0.0,-0.35805830359458923,-0.35805830359458923,0.0,0.0,0.0,0.0,0.0,0.0,0.0,0.0,0.0,0.0,0.0,-9.141592979431152
951,4.755,front_right_arm_to_hand,11,-0.7846323847770691,-1.7036712041118562e-09,-0.7853982448577881,0.0,0.0,-0.07658600807189941,-0.07658600807189941,0.0,0.0,0.0,0.0,0.0,0.0,0.0,0.0,0.0,0.0,0.0,-9.141592979431152
952,4.76,base_to_front_right_shoulder,3,-0.006808082573115826,3.3802884935596467e-09,0.0,0.0,0.0,0.6127265691757202,0.6127265691757202,0.0,0.0,0.0,0.0,0.0,0.0,0.0,0.0,0.0,0.0,0.0,-9.141592979431152
952,4.76,front_right_shoulder_to_arm,7,-0.777212381362915,2.3748757485009264e-06,-0.7900000214576721,0.0,0.0,-0.35805830359458923,-0.35805830359458923,0.0,0.0,0.0,0.0,0.0,0.0,0.0,0.0,0.0,0.0,0.0,-9.141592979431152
952,4.76,front_right_arm_to_hand,11,-0.7846323847770691,3.918045610173948e-10,-0.7853982448577881,0.0,0.0,-0.07658600062131882,-0.07658600062131882,0.0,0.0,0.0,0.0,0.0,0.0,0.0,0.0,0.0,0.0,0.0,-9.141592979431152
953,4.765,base_to_front_right_shoulder,3,-0.006808092352002859,3.3774396612784585e-09,0.0,0.0,0.0,0.6127274036407471,0.6127274036407471,0.0,0.0,0.0,0.0,0.0,0.0,0.0,0.0,0.0,0.0,0.0,-9.141592979431152
953,4.765,front_right_shoulder_to_arm,7,-0.777212381362915,2.3745258204144193e-06,-0.7900000214576721,0.0,0.0,-0.35805830359458923,-0.35805830359458923,0.0,0.0,0.0,0.0,0.0,0.0,0.0,0.0,0.0,0.0,0.0,-9.141592979431152
953,4.765,front_right_arm_to_hand,11,-0.7846323847770691,-5.395019986309535e-10,-0.7853982448577881,0.0,0.0,-0.07658600807189941,-0.07658600807189941,0.0,0.0,0.0,0.0,0.0,0.0,0.0,0.0,0.0,0.0,0.0,-9.141592979431152
954,4.7700000000000005,base_to_front_right_shoulder,3,-0.006808102130889893,3.371982693067821e-09,0.0,0.0,0.0,0.6127282977104187,0.6127282977104187,0.0,0.0,0.0,0.0,0.0,0.0,0.0,0.0,0.0,0.0,0.0,-9.141592979431152
954,4.7700000000000005,front_right_shoulder_to_arm,7,-0.777212381362915,2.375631765971775e-06,-0.7900000214576721,0.0,0.0,-0.35805830359458923,-0.35805830359458923,0.0,0.0,0.0,0.0,0.0,0.0,0.0,0.0,0.0,0.0,0.0,-9.141592979431152
954,4.7700000000000005,front_right_arm_to_hand,11,-0.7846323847770691,2.254465725215482e-09,-0.7853982448577881,0.0,0.0,-0.07658600807189941,-0.07658600807189941,0.0,0.0,0.0,0.0,0.0,0.0,0.0,0.0,0.0,0.0,0.0,-9.141592979431152
955,4.775,base_to_front_right_shoulder,3,-0.006808111909776926,3.370163703664275e-09,0.0,0.0,0.0,0.6127291917800903,0.6127291917800903,0.0,0.0,0.0,0.0,0.0,0.0,0.0,0.0,0.0,0.0,0.0,-9.141592979431152
955,4.775,front_right_shoulder_to_arm,7,-0.777212381362915,2.375427584411227e-06,-0.7900000214576721,0.0,0.0,-0.35805830359458923,-0.35805830359458923,0.0,0.0,0.0,0.0,0.0,0.0,0.0,0.0,0.0,0.0,0.0,-9.141592979431152
955,4.775,front_right_arm_to_hand,11,-0.7846323847770691,-7.384073907878985e-11,-0.7853982448577881,0.0,0.0,-0.07658601552248001,-0.07658601552248001,0.0,0.0,0.0,0.0,0.0,0.0,0.0,0.0,0.0,0.0,0.0,-9.141592979431152
956,4.78,base_to_front_right_shoulder,3,-0.0068081216886639595,3.3792586506820044e-09,0.0,0.0,0.0,0.612730085849762,0.612730085849762,0.0,0.0,0.0,0.0,0.0,0.0,0.0,0.0,0.0,0.0,0.0,-9.141592979431152
956,4.78,front_right_shoulder_to_arm,7,-0.777212381362915,2.376936663495144e-06,-0.7900000214576721,0.0,0.0,-0.35805830359458923,-0.35805830359458923,0.0,0.0,0.0,0.0,0.0,0.0,0.0,0.0,0.0,0.0,0.0,-9.141592979431152
956,4.78,front_right_arm_to_hand,11,-0.7846323847770691,4.193327629575805e-10,-0.7853982448577881,0.0,0.0,-0.07658600807189941,-0.07658600807189941,0.0,0.0,0.0,0.0,0.0,0.0,0.0,0.0,0.0,0.0,0.0,-9.141592979431152
957,4.785,base_to_front_right_shoulder,3,-0.006808131467550993,3.3821072609185876e-09,0.0,0.0,0.0,0.6127309799194336,0.6127309799194336,0.0,0.0,0.0,0.0,0.0,0.0,0.0,0.0,0.0,0.0,0.0,-9.141592979431152
957,4.785,front_right_shoulder_to_arm,7,-0.777212381362915,2.3757513645250583e-06,-0.7900000214576721,0.0,0.0,-0.3580583333969116,-0.3580583333969116,0.0,0.0,0.0,0.0,0.0,0.0,0.0,0.0,0.0,0.0,0.0,-9.141592979431152
957,4.785,front_right_arm_to_hand,11,-0.7846323847770691,1.0632390523568347e-09,-0.7853982448577881,0.0,0.0,-0.07658600807189941,-0.07658600807189941,0.0,0.0,0.0,0.0,0.0,0.0,0.0,0.0,0.0,0.0,0.0,-9.141592979431152
958,4.79,base_to_front_right_shoulder,3,-0.006808141246438026,3.3774396612784585e-09,0.0,0.0,0.0,0.6127318143844604,0.6127318143844604,0.0,0.0,0.0,0.0,0.0,0.0,0.0,0.0,0.0,0.0,0.0,-9.141592979431152
958,4.79,front_right_shoulder_to_arm,7,-0.777212381362915,2.3759300802339567e-06,-0.7900000214576721,0.0,0.0,-0.35805830359458923,-0.35805830359458923,0.0,0.0,0.0,0.0,0.0,0.0,0.0,0.0,0.0,0.0,0.0,-9.141592979431152
958,4.79,front_right_arm_to_hand,11,-0.7846323847770691,-1.292563611698938e-09,-0.7853982448577881,0.0,0.0,-0.07658600807189941,-0.07658600807189941,0.0,0.0,0.0,0.0,0.0,0.0,0.0,0.0,0.0,0.0,0.0,-9.141592979431152
959,4.795,base_to_front_right_shoulder,3,-0.00680815102532506,3.3802884935596467e-09,0.0,0.0,0.0,0.6127327084541321,0.6127327084541321,0.0,0.0,0.0,0.0,0.0,0.0,0.0,0.0,0.0,0.0,0.0,-9.141592979431152
959,4.795,front_right_shoulder_to_arm,7,-0.777212381362915,2.375048325120588e-06,-0.7900000214576721,0.0,0.0,-0.35805830359458923,-0.35805830359458923,0.0,0.0,0.0,0.0,0.0,0.0,0.0,0.0,0.0,0.0,0.0,-9.141592979431152
959,4.795,front_right_arm_to_hand,11,-0.7846323847770691,-5.392906121670649e-10,-0.7853982448577881,0.0,0.0,-0.07658600062131882,-0.07658600062131882,0.0,0.0,0.0,0.0,0.0,0.0,0.0,0.0,0.0,0.0,0.0,-9.141592979431152
960,4.8,base_to_front_right_shoulder,3,-0.006808160804212093,3.371073198366048e-09,0.0,0.0,0.0,0.6127336025238037,0.6127336025238037,0.0,0.0,0.0,0.0,0.0,0.0,0.0,0.0,0.0,0.0,0.0,-9.141592979431152
960,4.8,front_right_shoulder_to_arm,7,-0.777212381362915,2.376731572439894e-06,-0.7900000214576721,0.0,0.0,-0.35805830359458923,-0.35805830359458923,0.0,0.0,0.0,0.0,0.0,0.0,0.0,0.0,0.0,0.0,0.0,-9.141592979431152
960,4.8,front_right_arm_to_hand,11,-0.7846323847770691,-1.4430849848423577e-09,-0.7853982448577881,0.0,0.0,-0.07658600807189941,-0.07658600807189941,0.0,0.0,0.0,0.0,0.0,0.0,0.0,0.0,0.0,0.0,0.0,-9.141592979431152
961,4.805,base_to_front_right_shoulder,3,-0.006808170583099127,3.371073198366048e-09,0.0,0.0,0.0,0.6127344965934753,0.6127344965934753,0.0,0.0,0.0,0.0,0.0,0.0,0.0,0.0,0.0,0.0,0.0,-9.141592979431152
961,4.805,front_right_shoulder_to_arm,7,-0.777212381362915,2.375218173256144e-06,-0.7900000214576721,0.0,0.0,-0.3580583333969116,-0.3580583333969116,0.0,0.0,0.0,0.0,0.0,0.0,0.0,0.0,0.0,0.0,0.0,-9.141592979431152
961,4.805,front_right_arm_to_hand,11,-0.7846323847770691,4.195601366330237e-10,-0.7853982448577881,0.0,0.0,-0.07658600062131882,-0.07658600062131882,0.0,0.0,0.0,0.0,0.0,0.0,0.0,0.0,0.0,0.0,0.0,-9.141592979431152
962,4.8100000000000005,base_to_front_right_shoulder,3,-0.00680818036198616,-3.4919716007664192e-09,0.0,0.0,0.0,0.6127353310585022,0.6127353310585022,0.0,0.0,0.0,0.0,0.0,0.0,0.0,0.0,0.0,0.0,0.0,-9.141592979431152
962,4.8100000000000005,front_right_shoulder_to_arm,7,-0.777212381362915,2.3667362256674096e-06,-0.7900000214576721,0.0,0.0,-0.35805830359458923,-0.35805830359458923,0.0,0.0,0.0,0.0,0.0,0.0,0.0,0.0,0.0,0.0,0.0,-9.141592979431152
962,4.8100000000000005,front_right_arm_to_hand,11,-0.7846323847770691,1.0089131752266667e-09,-0.7853982448577881,0.0,0.0,-0.07658600807189941,-0.07658600807189941,0.0,0.0,0.0,0.0,0.0,0.0,0.0,0.0,0.0,0.0,0.0,-9.141592979431152
963,4.815,base_to_front_right_shoulder,3,-0.006808190140873194,-3.489122768485231e-09,0.0,0.0,0.0,0.6127362251281738,0.6127362251281738,0.0,0.0,0.0,0.0,0.0,0.0,0.0,0.0,0.0,0.0,0.0,-9.141592979431152
963,4.815,front_right_shoulder_to_arm,7,-0.777212381362915,2.3589566353621194e-06,-0.7900000214576721,0.0,0.0,-0.35805830359458923,-0.35805830359458923,0.0,0.0,0.0,0.0,0.0,0.0,0.0,0.0,0.0,0.0,0.0,-9.141592979431152
963,4.815,front_right_arm_to_hand,11,-0.7846323847770691,-5.661202617801564e-10,-0.7853982448577881,0.0,0.0,-0.07658600807189941,-0.07658600807189941,0.0,0.0,0.0,0.0,0.0,0.0,0.0,0.0,0.0,0.0,0.0,-9.141592979431152
964,4.82,base_to_front_right_shoulder,3,-0.006808199919760227,-3.5001570530823756e-09,0.0,0.0,0.0,0.6127371191978455,0.6127371191978455,0.0,0.0,0.0,0.0,0.0,0.0,0.0,0.0,0.0,0.0,0.0,-9.141592979431152
964,4.82,front_right_shoulder_to_arm,7,-0.777212381362915,2.3553764094685903e-06,-0.7900000214576721,0.0,0.0,-0.35805827379226685,-0.35805827379226685,0.0,0.0,0.0,0.0,0.0,0.0,0.0,0.0,0.0,0.0,0.0,-9.141592979431152
964,4.82,front_right_arm_to_hand,11,-0.7846323847770691,-1.031765561876341e-09,-0.7853982448577881,0.0,0.0,-0.07658600807189941,-0.07658600807189941,0.0,0.0,0.0,0.0,0.0,0.0,0.0,0.0,0.0,0.0,0.0,-9.141592979431152
965,4.825,base_to_front_right_shoulder,3,-0.006808209698647261,-3.4992475583806026e-09,0.0,0.0,0.0,0.6127380132675171,0.6127380132675171,0.0,0.0,0.0,0.0,0.0,0.0,0.0,0.0,0.0,0.0,0.0,-9.141592979431152
965,4.825,front_right_shoulder_to_arm,7,-0.777212381362915,2.3508987396780867e-06,-0.7900000214576721,0.0,0.0,-0.35805827379226685,-0.35805827379226685,0.0,0.0,0.0,0.0,0.0,0.0,0.0,0.0,0.0,0.0,0.0,-9.141592979431152
965,4.825,front_right_arm_to_hand,11,-0.7846323847770691,-1.5249390639127114e-09,-0.7853982448577881,0.0,0.0,-0.07658600807189941,-0.07658600807189941,0.0,0.0,0.0,0.0,0.0,0.0,0.0,0.0,0.0,0.0,0.0,-9.141592979431152
966,4.83,base_to_front_right_shoulder,3,-0.006808219477534294,-3.4954894534422465e-09,0.0,0.0,0.0,0.612738847732544,0.612738847732544,0.0,0.0,0.0,0.0,0.0,0.0,0.0,0.0,0.0,0.0,0.0,-9.141592979431152
966,4.83,front_right_shoulder_to_arm,7,-0.777212381362915,2.3445541046385188e-06,-0.7900000214576721,0.0,0.0,-0.35805827379226685,-0.35805827379226685,0.0,0.0,0.0,0.0,0.0,0.0,0.0,0.0,0.0,0.0,0.0,-9.141592979431152
966,4.83,front_right_arm_to_hand,11,-0.7846323847770691,5.705206862494094e-10,-0.7853982448577881,0.0,0.0,-0.07658600062131882,-0.07658600062131882,0.0,0.0,0.0,0.0,0.0,0.0,0.0,0.0,0.0,0.0,0.0,-9.141592979431152
967,4.835,base_to_front_right_shoulder,3,-0.006808229256421328,-3.492881095468192e-09,0.0,0.0,0.0,0.6127397418022156,0.6127397418022156,0.0,0.0,0.0,0.0,0.0,0.0,0.0,0.0,0.0,0.0,0.0,-9.141592979431152
967,4.835,front_right_shoulder_to_arm,7,-0.777212381362915,2.3386412522086175e-06,-0.7900000214576721,0.0,0.0,-0.35805827379226685,-0.35805827379226685,0.0,0.0,0.0,0.0,0.0,0.0,0.0,0.0,0.0,0.0,0.0,-9.141592979431152
967,4.835,front_right_arm_to_hand,11,-0.7846323847770691,-1.73025749283795e-09,-0.7853982448577881,0.0,0.0,-0.07658600807189941,-0.07658600807189941,0.0,0.0,0.0,0.0,0.0,0.0,0.0,0.0,0.0,0.0,0.0,-9.141592979431152
968,4.84,base_to_front_right_shoulder,3,-0.006808239035308361,-3.491459565907462e-09,0.0,0.0,0.0,0.6127406358718872,0.6127406358718872,0.0,0.0,0.0,0.0,0.0,0.0,0.0,0.0,0.0,0.0,0.0,-9.141592979431152
968,4.84,front_right_shoulder_to_arm,7,-0.777212381362915,2.3369238988379948e-06,-0.7900000214576721,0.0,0.0,-0.35805824398994446,-0.35805824398994446,0.0,0.0,0.0,0.0,0.0,0.0,0.0,0.0,0.0,0.0,0.0,-9.141592979431152
968,4.84,front_right_arm_to_hand,11,-0.7846323847770691,-3.1273079681426452e-09,-0.7853982448577881,0.0,0.0,-0.07658600062131882,-0.07658600062131882,0.0,0.0,0.0,0.0,0.0,0.0,0.0,0.0,0.0,0.0,0.0,-9.141592979431152
969,4.845,base_to_front_right_shoulder,3,-0.0068082488141953945,-3.4977056806440032e-09,0.0,0.0,0.0,0.6127415299415588,0.6127415299415588,0.0,0.0,0.0,0.0,0.0,0.0,0.0,0.0,0.0,0.0,0.0,-9.141592979431152
969,4.845,front_right_shoulder_to_arm,7,-0.777212381362915,2.334188138775062e-06,-0.7900000214576721,0.0,0.0,-0.35805824398994446,-0.35805824398994446,0.0,0.0,0.0,0.0,0.0,0.0,0.0,0.0,0.0,0.0,0.0,-9.141592979431152
969,4.845,front_right_arm_to_hand,11,-0.7846323847770691,-2.428832246437196e-09,-0.7853982448577881,0.0,0.0,-0.07658600062131882,-0.07658600062131882,0.0,0.0,0.0,0.0,0.0,0.0,0.0,0.0,0.0,0.0,0.0,-9.141592979431152
970,4.8500000000000005,base_to_front_right_shoulder,3,-0.006808258593082428,-3.488213495828063e-09,0.0,0.0,0.0,0.6127423644065857,0.6127423644065857,0.0,0.0,0.0,0.0,0.0,0.0,0.0,0.0,0.0,0.0,0.0,-9.141592979431152
970,4.8500000000000005,front_right_shoulder_to_arm,7,-0.777212381362915,2.332121312065283e-06,-0.7900000214576721,0.0,0.0,-0.35805824398994446,-0.35805824398994446,0.0,0.0,0.0,0.0,0.0,0.0,0.0,0.0,0.0,0.0,0.0,-9.141592979431152
970,4.8500000000000005,front_right_arm_to_hand,11,-0.7846323847770691,-5.661203172913076e-10,-0.7853982448577881,0.0,0.0,-0.07658600062131882,-0.07658600062131882,0.0,0.0,0.0,0.0,0.0,0.0,0.0,0.0,0.0,0.0,0.0,-9.141592979431152
971,4.855,base_to_front_right_shoulder,3,-0.0068082683719694614,-3.4974285689770568e-09,0.0,0.0,0.0,0.6127432584762573,0.6127432584762573,0.0,0.0,0.0,0.0,0.0,0.0,0.0,0.0,0.0,0.0,0.0,-9.141592979431152
971,4.855,front_right_shoulder_to_arm,7,-0.777212381362915,2.3297634470509365e-06,-0.7900000214576721,0.0,0.0,-0.35805824398994446,-0.35805824398994446,0.0,0.0,0.0,0.0,0.0,0.0,0.0,0.0,0.0,0.0,0.0,-9.141592979431152
971,4.855,front_right_arm_to_hand,11,-0.7846323847770691,-1.0315381882008978e-09,-0.7853982448577881,0.0,0.0,-0.07658600807189941,-0.07658600807189941,0.0,0.0,0.0,0.0,0.0,0.0,0.0,0.0,0.0,0.0,0.0,-9.141592979431152
972,4.86,base_to_front_right_shoulder,3,-0.006808278150856495,-3.4974285689770568e-09,0.0,0.0,0.0,0.612744152545929,0.612744152545929,0.0,0.0,0.0,0.0,0.0,0.0,0.0,0.0,0.0,0.0,0.0,-9.141592979431152
972,4.86,front_right_shoulder_to_arm,7,-0.777212381362915,2.32688216783572e-06,-0.7900000214576721,0.0,0.0,-0.35805824398994446,-0.35805824398994446,0.0,0.0,0.0,0.0,0.0,0.0,0.0,0.0,0.0,0.0,0.0,-9.141592979431152
972,4.86,front_right_arm_to_hand,11,-0.7846323847770691,1.326150023128747e-10,-0.7853982448577881,0.0,0.0,-0.07658600807189941,-0.07658600807189941,0.0,0.0,0.0,0.0,0.0,0.0,0.0,0.0,0.0,0.0,0.0,-9.141592979431152
973,4.865,base_to_front_right_shoulder,3,-0.006808287929743528,-3.489122768485231e-09,0.0,0.0,0.0,0.6127450466156006,0.6127450466156006,0.0,0.0,0.0,0.0,0.0,0.0,0.0,0.0,0.0,0.0,0.0,-9.141592979431152
973,4.865,front_right_shoulder_to_arm,7,-0.777212381362915,2.3271775262401206e-06,-0.7900000214576721,0.0,0.0,-0.35805821418762207,-0.35805821418762207,0.0,0.0,0.0,0.0,0.0,0.0,0.0,0.0,0.0,0.0,0.0,-9.141592979431152
973,4.865,front_right_arm_to_hand,11,-0.7846323847770691,3.3791744402655866e-10,-0.7853982448577881,0.0,0.0,-0.07658600807189941,-0.07658600807189941,0.0,0.0,0.0,0.0,0.0,0.0,0.0,0.0,0.0,0.0,0.0,-9.141592979431152
974,4.87,base_to_front_right_shoulder,3,-0.006808297708630562,-3.492881095468192e-09,0.0,0.0,0.0,0.6127459406852722,0.6127459406852722,0.0,0.0,0.0,0.0,0.0,0.0,0.0,0.0,0.0,0.0,0.0,-9.141592979431152
974,4.87,front_right_shoulder_to_arm,7,-0.777212381362915,2.328399659745628e-06,-0.7900000214576721,0.0,0.0,-0.35805821418762207,-0.35805821418762207,0.0,0.0,0.0,0.0,0.0,0.0,0.0,0.0,0.0,0.0,0.0,-9.141592979431152
974,4.87,front_right_arm_to_hand,11,-0.7846323847770691,5.707641026475585e-10,-0.7853982448577881,0.0,0.0,-0.07658600807189941,-0.07658600807189941,0.0,0.0,0.0,0.0,0.0,0.0,0.0,0.0,0.0,0.0,0.0,-9.141592979431152
975,4.875,base_to_front_right_shoulder,3,-0.006808307487517595,-3.488213495828063e-09,0.0,0.0,0.0,0.6127467751502991,0.6127467751502991,0.0,0.0,0.0,0.0,0.0,0.0,0.0,0.0,0.0,0.0,0.0,-9.141592979431152
975,4.875,front_right_shoulder_to_arm,7,-0.777212381362915,2.3254306142916903e-06,-0.7900000214576721,0.0,0.0,-0.35805824398994446,-0.35805824398994446,0.0,0.0,0.0,0.0,0.0,0.0,0.0,0.0,0.0,0.0,0.0,-9.141592979431152
975,4.875,front_right_arm_to_hand,11,-0.7846323847770691,8.035787035787223e-10,-0.7853982448577881,0.0,0.0,-0.07658600807189941,-0.07658600807189941,0.0,0.0,0.0,0.0,0.0,0.0,0.0,0.0,0.0,0.0,0.0,-9.141592979431152
976,4.88,base_to_front_right_shoulder,3,-0.006808317266404629,-3.4992475583806026e-09,0.0,0.0,0.0,0.6127476692199707,0.6127476692199707,0.0,0.0,0.0,0.0,0.0,0.0,0.0,0.0,0.0,0.0,0.0,-9.141592979431152
976,4.88,front_right_shoulder_to_arm,7,-0.777212381362915,2.325459263374796e-06,-0.7900000214576721,0.0,0.0,-0.35805821418762207,-0.35805821418762207,0.0,0.0,0.0,0.0,0.0,0.0,0.0,0.0,0.0,0.0,0.0,-9.141592979431152
976,4.88,front_right_arm_to_hand,11,-0.7846323847770691,-1.9903729775450074e-09,-0.7853982448577881,0.0,0.0,-0.07658600807189941,-0.07658600807189941,0.0,0.0,0.0,0.0,0.0,0.0,0.0,0.0,0.0,0.0,0.0,-9.141592979431152
977,4.885,base_to_front_right_shoulder,3,-0.006808327045291662,-3.4954894534422465e-09,0.0,0.0,0.0,0.6127485632896423,0.6127485632896423,0.0,0.0,0.0,0.0,0.0,0.0,0.0,0.0,0.0,0.0,0.0,-9.141592979431152
977,4.885,front_right_shoulder_to_arm,7,-0.777212381362915,2.3266813968803035e-06,-0.7900000214576721,0.0,0.0,-0.35805821418762207,-0.35805821418762207,0.0,0.0,0.0,0.0,0.0,0.0,0.0,0.0,0.0,0.0,0.0,-9.141592979431152
977,4.885,front_right_arm_to_hand,11,-0.7846323847770691,1.0508677955600731e-10,-0.7853982448577881,0.0,0.0,-0.07658600062131882,-0.07658600062131882,0.0,0.0,0.0,0.0,0.0,0.0,0.0,0.0,0.0,0.0,0.0,-9.141592979431152
978,4.89,base_to_front_right_shoulder,3,-0.006808336824178696,-3.492369060609235e-09,0.0,0.0,0.0,0.612749457359314,0.612749457359314,0.0,0.0,0.0,0.0,0.0,0.0,0.0,0.0,0.0,0.0,0.0,-9.141592979431152
978,4.89,front_right_shoulder_to_arm,7,-0.777212381362915,2.325924469914753e-06,-0.7900000214576721,0.0,0.0,-0.35805821418762207,-0.35805821418762207,0.0,0.0,0.0,0.0,0.0,0.0,0.0,0.0,0.0,0.0,0.0,-9.141592979431152
978,4.89,front_right_arm_to_hand,11,-0.7846323847770691,1.0365861502492635e-09,-0.7853982448577881,0.0,0.0,-0.07658600807189941,-0.07658600807189941,0.0,0.0,0.0,0.0,0.0,0.0,0.0,0.0,0.0,0.0,0.0,-9.141592979431152
979,4.8950000000000005,base_to_front_right_shoulder,3,-0.006808346603065729,-3.4954894534422465e-09,0.0,0.0,0.0,0.6127502918243408,0.6127502918243408,0.0,0.0,0.0,0.0,0.0,0.0,0.0,0.0,0.0,0.0,0.0,-9.141592979431152
979,4.8950000000000005,front_right_shoulder_to_arm,7,-0.777212381362915,2.3257450720848283e-06,-0.7900000214576721,0.0,0.0,-0.35805821418762207,-0.35805821418762207,0.0,0.0,0.0,0.0,0.0,0.0,0.0,0.0,0.0,0.0,0.0,-9.141592979431152
979,4.8950000000000005,front_right_arm_to_hand,11,-0.7846323847770691,-1.00004275693788e-10,-0.7853982448577881,0.0,0.0,-0.07658600807189941,-0.07658600807189941,0.0,0.0,0.0,0.0,0.0,0.0,0.0,0.0,0.0,0.0,0.0,-9.141592979431152
980,4.9,base_to_front_right_shoulder,3,-0.006808356381952763,-3.490941757888777e-09,0.0,0.0,0.0,0.6127511858940125,0.6127511858940125,0.0,0.0,0.0,0.0,0.0,0.0,0.0,0.0,0.0,0.0,0.0,-9.141592979431152
980,4.9,front_right_shoulder_to_arm,7,-0.777212381362915,2.327088395759347e-06,-0.7900000214576721,0.0,0.0,-0.35805821418762207,-0.35805821418762207,0.0,0.0,0.0,0.0,0.0,0.0,0.0,0.0,0.0,0.0,0.0,-9.141592979431152
980,4.9,front_right_arm_to_hand,11,-0.7846323847770691,3.381448177020019e-10,-0.7853982448577881,0.0,0.0,-0.07658600807189941,-0.07658600807189941,0.0,0.0,0.0,0.0,0.0,0.0,0.0,0.0,0.0,0.0,0.0,-9.141592979431152
981,4.905,base_to_front_right_shoulder,3,-0.006808366160839796,-3.4901526113628734e-09,0.0,0.0,0.0,0.6127520799636841,0.6127520799636841,0.0,0.0,0.0,0.0,0.0,0.0,0.0,0.0,0.0,0.0,0.0,-9.141592979431152
981,4.905,front_right_shoulder_to_arm,7,-0.777212381362915,2.328247774130432e-06,-0.7900000214576721,0.0,0.0,-0.35805821418762207,-0.35805821418762207,0.0,0.0,0.0,0.0,0.0,0.0,0.0,0.0,0.0,0.0,0.0,-9.141592979431152
981,4.905,front_right_arm_to_hand,11,-0.7846323847770691,8.313343347055024e-10,-0.7853982448577881,0.0,0.0,-0.07658600807189941,-0.07658600807189941,0.0,0.0,0.0,0.0,0.0,0.0,0.0,0.0,0.0,0.0,0.0,-9.141592979431152
982,4.91,base_to_front_right_shoulder,3,-0.0068083759397268295,-3.4963987260994145e-09,0.0,0.0,0.0,0.6127529740333557,0.6127529740333557,0.0,0.0,0.0,0.0,0.0,0.0,0.0,0.0,0.0,0.0,0.0,-9.141592979431152
982,4.91,front_right_shoulder_to_arm,7,-0.777212381362915,2.3251961920323083e-06,-0.7900000214576721,0.0,0.0,-0.35805824398994446,-0.35805824398994446,0.0,0.0,0.0,0.0,0.0,0.0,0.0,0.0,0.0,0.0,0.0,-9.141592979431152
982,4.91,front_right_arm_to_hand,11,-0.7846323847770691,1.967959351034665e-09,-0.7853982448577881,0.0,0.0,-0.07658600807189941,-0.07658600807189941,0.0,0.0,0.0,0.0,0.0,0.0,0.0,0.0,0.0,0.0,0.0,-9.141592979431152
983,4.915,base_to_front_right_shoulder,3,-0.006808385718613863,-3.4954894534422465e-09,0.0,0.0,0.0,0.6127538084983826,0.6127538084983826,0.0,0.0,0.0,0.0,0.0,0.0,0.0,0.0,0.0,0.0,0.0,-9.141592979431152
983,4.915,front_right_shoulder_to_arm,7,-0.777212381362915,2.3253701328940224e-06,-0.7900000214576721,0.0,0.0,-0.35805821418762207,-0.35805821418762207,0.0,0.0,0.0,0.0,0.0,0.0,0.0,0.0,0.0,0.0,0.0,-9.141592979431152
983,4.915,front_right_arm_to_hand,11,-0.7846323847770691,-5.931777846690522e-10,-0.7853982448577881,0.0,0.0,-0.07658601552248001,-0.07658601552248001,0.0,0.0,0.0,0.0,0.0,0.0,0.0,0.0,0.0,0.0,0.0,-9.141592979431152
984,4.92,base_to_front_right_shoulder,3,-0.0068083954975008965,-3.4973082208011874e-09,0.0,0.0,0.0,0.6127547025680542,0.6127547025680542,0.0,0.0,0.0,0.0,0.0,0.0,0.0,0.0,0.0,0.0,0.0,-9.141592979431152
984,4.92,front_right_shoulder_to_arm,7,-0.777212381362915,2.3267671167559456e-06,-0.7900000214576721,0.0,0.0,-0.35805821418762207,-0.35805821418762207,0.0,0.0,0.0,0.0,0.0,0.0,0.0,0.0,0.0,0.0,0.0,-9.141592979431152
984,4.92,front_right_arm_to_hand,11,-0.7846323847770691,-1.29166966011951e-09,-0.7853982448577881,0.0,0.0,-0.07658600807189941,-0.07658600807189941,0.0,0.0,0.0,0.0,0.0,0.0,0.0,0.0,0.0,0.0,0.0,-9.141592979431152
985,4.925,base_to_front_right_shoulder,3,-0.00680840527638793,-3.489122768485231e-09,0.0,0.0,0.0,0.6127555966377258,0.6127555966377258,0.0,0.0,0.0,0.0,0.0,0.0,0.0,0.0,0.0,0.0,0.0,-9.141592979431152
985,4.925,front_right_shoulder_to_arm,7,-0.777212381362915,2.3282757410925115e-06,-0.7900000214576721,0.0,0.0,-0.35805821418762207,-0.35805821418762207,0.0,0.0,0.0,0.0,0.0,0.0,0.0,0.0,0.0,0.0,0.0,-9.141592979431152
985,4.925,front_right_arm_to_hand,11,-0.7846323847770691,3.6565703243063297e-10,-0.7853982448577881,0.0,0.0,-0.07658600062131882,-0.07658600062131882,0.0,0.0,0.0,0.0,0.0,0.0,0.0,0.0,0.0,0.0,0.0,-9.141592979431152
986,4.93,base_to_front_right_shoulder,3,-0.006808415055274963,-3.489122768485231e-09,0.0,0.0,0.0,0.6127564907073975,0.6127564907073975,0.0,0.0,0.0,0.0,0.0,0.0,0.0,0.0,0.0,0.0,0.0,-9.141592979431152
986,4.93,front_right_shoulder_to_arm,7,-0.777212381362915,2.327236188648385e-06,-0.7900000214576721,0.0,0.0,-0.35805824398994446,-0.35805824398994446,0.0,0.0,0.0,0.0,0.0,0.0,0.0,0.0,0.0,0.0,0.0,-9.141592979431152
986,4.93,front_right_arm_to_hand,11,-0.7846323847770691,-1.5480131065892522e-10,-0.7853982448577881,0.0,0.0,-0.07658600807189941,-0.07658600807189941,0.0,0.0,0.0,0.0,0.0,0.0,0.0,0.0,0.0,0.0,0.0,-9.141592979431152
987,4.9350000000000005,base_to_front_right_shoulder,3,-0.006808424834161997,-3.4973082208011874e-09,0.0,0.0,0.0,0.6127573251724243,0.6127573251724243,0.0,0.0,0.0,0.0,0.0,0.0,0.0,0.0,0.0,0.0,0.0,-9.141592979431152
987,4.9350000000000005,front_right_shoulder_to_arm,7,-0.777212381362915,2.3289153432415333e-06,-0.7900000214576721,0.0,0.0,-0.35805821418762207,-0.35805821418762207,0.0,0.0,0.0,0.0,0.0,0.0,0.0,0.0,0.0,0.0,0.0,-9.141592979431152
987,4.9350000000000005,front_right_arm_to_hand,11,-0.7846323847770691,5.987150775155214e-10,-0.7853982448577881,0.0,0.0,-0.07658600807189941,-0.07658600807189941,0.0,0.0,0.0,0.0,0.0,0.0,0.0,0.0,0.0,0.0,0.0,-9.141592979431152
988,4.94,base_to_front_right_shoulder,3,-0.00680843461304903,-3.49042972302982e-09,0.0,0.0,0.0,0.612758219242096,0.612758219242096,0.0,0.0,0.0,0.0,0.0,0.0,0.0,0.0,0.0,0.0,0.0,-9.141592979431152
988,4.94,front_right_shoulder_to_arm,7,-0.777212381362915,2.326033836652641e-06,-0.7900000214576721,0.0,0.0,-0.35805824398994446,-0.35805824398994446,0.0,0.0,0.0,0.0,0.0,0.0,0.0,0.0,0.0,0.0,0.0,-9.141592979431152
988,4.94,front_right_arm_to_hand,11,-0.7846323847770691,-7.983356198337788e-10,-0.7853982448577881,0.0,0.0,-0.07658600807189941,-0.07658600807189941,0.0,0.0,0.0,0.0,0.0,0.0,0.0,0.0,0.0,0.0,0.0,-9.141592979431152
989,4.945,base_to_front_right_shoulder,3,-0.006808444391936064,-3.4918514746351548e-09,0.0,0.0,0.0,0.6127591133117676,0.6127591133117676,0.0,0.0,0.0,0.0,0.0,0.0,0.0,0.0,0.0,0.0,0.0,-9.141592979431152
989,4.945,front_right_shoulder_to_arm,7,-0.777212381362915,2.325592504348606e-06,-0.7900000214576721,0.0,0.0,-0.35805821418762207,-0.35805821418762207,0.0,0.0,0.0,0.0,0.0,0.0,0.0,0.0,0.0,0.0,0.0,-9.141592979431152
989,4.945,front_right_arm_to_hand,11,-0.7846323847770691,-7.226468728971369e-11,-0.7853982448577881,0.0,0.0,-0.07658600807189941,-0.07658600807189941,0.0,0.0,0.0,0.0,0.0,0.0,0.0,0.0,0.0,0.0,0.0,-9.141592979431152
990,4.95,base_to_front_right_shoulder,3,-0.006808454170823097,-3.5037950318894673e-09,0.0,0.0,0.0,0.6127600073814392,0.6127600073814392,0.0,0.0,0.0,0.0,0.0,0.0,0.0,0.0,0.0,0.0,0.0,-9.141592979431152
990,4.95,front_right_shoulder_to_arm,7,-0.777212381362915,2.324931756447768e-06,-0.7900000214576721,0.0,0.0,-0.35805821418762207,-0.35805821418762207,0.0,0.0,0.0,0.0,0.0,0.0,0.0,0.0,0.0,0.0,0.0,-9.141592979431152
990,4.95,front_right_arm_to_hand,11,-0.7846323847770691,1.0555753493513009e-10,-0.7853982448577881,0.0,0.0,-0.07658600807189941,-0.07658600807189941,0.0,0.0,0.0,0.0,0.0,0.0,0.0,0.0,0.0,0.0,0.0,-9.141592979431152
991,4.955,base_to_front_right_shoulder,3,-0.006808463949710131,-3.4927607472923228e-09,0.0,0.0,0.0,0.6127609014511108,0.6127609014511108,0.0,0.0,0.0,0.0,0.0,0.0,0.0,0.0,0.0,0.0,0.0,-9.141592979431152
991,4.955,front_right_shoulder_to_arm,7,-0.777212381362915,2.3270852125278907e-06,-0.7900000214576721,0.0,0.0,-0.35805821418762207,-0.35805821418762207,0.0,0.0,0.0,0.0,0.0,0.0,0.0,0.0,0.0,0.0,0.0,-9.141592979431152
991,4.955,front_right_arm_to_hand,11,-0.7846323847770691,-8.257809991363274e-10,-0.7853982448577881,0.0,0.0,-0.07658600807189941,-0.07658600807189941,0.0,0.0,0.0,0.0,0.0,0.0,0.0,0.0,0.0,0.0,0.0,-9.141592979431152
992,4.96,base_to_front_right_shoulder,3,-0.006808473728597164,-3.500036704906506e-09,0.0,0.0,0.0,0.6127617359161377,0.6127617359161377,0.0,0.0,0.0,0.0,0.0,0.0,0.0,0.0,0.0,0.0,0.0,-9.141592979431152
992,4.96,front_right_shoulder_to_arm,7,-0.777212381362915,2.3300829070649343e-06,-0.7900000214576721,0.0,0.0,-0.35805821418762207,-0.35805821418762207,0.0,0.0,0.0,0.0,0.0,0.0,0.0,0.0,0.0,0.0,0.0,-9.141592979431152
992,4.96,front_right_arm_to_hand,11,-0.7846323847770691,3.383721913774451e-10,-0.7853982448577881,0.0,0.0,-0.07658600807189941,-0.07658600807189941,0.0,0.0,0.0,0.0,0.0,0.0,0.0,0.0,0.0,0.0,0.0,-9.141592979431152
993,4.965,base_to_front_right_shoulder,3,-0.006808483507484198,-3.499127432249338e-09,0.0,0.0,0.0,0.6127626299858093,0.6127626299858093,0.0,0.0,0.0,0.0,0.0,0.0,0.0,0.0,0.0,0.0,0.0,-9.141592979431152
993,4.965,front_right_shoulder_to_arm,7,-0.777212381362915,2.329209110030206e-06,-0.7900000214576721,0.0,0.0,-0.35805824398994446,-0.35805824398994446,0.0,0.0,0.0,0.0,0.0,0.0,0.0,0.0,0.0,0.0,0.0,-9.141592979431152
993,4.965,front_right_arm_to_hand,11,-0.7846323847770691,-3.5989239366429615e-10,-0.7853982448577881,0.0,0.0,-0.07658600807189941,-0.07658600807189941,0.0,0.0,0.0,0.0,0.0,0.0,0.0,0.0,0.0,0.0,0.0,-9.141592979431152
994,4.97,base_to_front_right_shoulder,3,-0.006808493286371231,-3.4927607472923228e-09,0.0,0.0,0.0,0.612763524055481,0.612763524055481,0.0,0.0,0.0,0.0,0.0,0.0,0.0,0.0,0.0,0.0,0.0,-9.141592979431152
994,4.97,front_right_shoulder_to_arm,7,-0.777212381362915,2.3282152596948436e-06,-0.7900000214576721,0.0,0.0,-0.35805824398994446,-0.35805824398994446,0.0,0.0,0.0,0.0,0.0,0.0,0.0,0.0,0.0,0.0,0.0,-9.141592979431152
994,4.97,front_right_arm_to_hand,11,-0.7846323847770691,8.317730948448343e-10,-0.7853982448577881,0.0,0.0,-0.07658600807189941,-0.07658600807189941,0.0,0.0,0.0,0.0,0.0,0.0,0.0,0.0,0.0,0.0,0.0,-9.141592979431152
995,4.9750000000000005,base_to_front_right_shoulder,3,-0.0068085030652582645,-3.4931582071351386e-09,0.0,0.0,0.0,0.6127644181251526,0.6127644181251526,0.0,0.0,0.0,0.0,0.0,0.0,0.0,0.0,0.0,0.0,0.0,-9.141592979431152
995,4.9750000000000005,front_right_shoulder_to_arm,7,-0.777212381362915,2.3255954602063866e-06,-0.7900000214576721,0.0,0.0,-0.35805824398994446,-0.35805824398994446,0.0,0.0,0.0,0.0,0.0,0.0,0.0,0.0,0.0,0.0,0.0,-9.141592979431152
995,4.9750000000000005,front_right_arm_to_hand,11,-0.7846323847770691,1.5301981903803608e-09,-0.7853982448577881,0.0,0.0,-0.07658600807189941,-0.07658600807189941,0.0,0.0,0.0,0.0,0.0,0.0,0.0,0.0,0.0,0.0,0.0,-9.141592979431152
996,4.98,base_to_front_right_shoulder,3,-0.006808512844145298,-3.4918514746351548e-09,0.0,0.0,0.0,0.6127652525901794,0.6127652525901794,0.0,0.0,0.0,0.0,0.0,0.0,0.0,0.0,0.0,0.0,0.0,-9.141592979431152
996,4.98,front_right_shoulder_to_arm,7,-0.777212381362915,2.3257698558154516e-06,-0.7900000214576721,0.0,0.0,-0.35805821418762207,-0.35805821418762207,0.0,0.0,0.0,0.0,0.0,0.0,0.0,0.0,0.0,0.0,0.0,-9.141592979431152
996,4.98,front_right_arm_to_hand,11,-0.7846323847770691,-3.3238017893566507e-10,-0.7853982448577881,0.0,0.0,-0.07658601552248001,-0.07658601552248001,0.0,0.0,0.0,0.0,0.0,0.0,0.0,0.0,0.0,0.0,0.0,-9.141592979431152
997,4.985,base_to_front_right_shoulder,3,-0.0068085226230323315,-3.5037950318894673e-09,0.0,0.0,0.0,0.6127661466598511,0.6127661466598511,0.0,0.0,0.0,0.0,0.0,0.0,0.0,0.0,0.0,0.0,0.0,-9.141592979431152
997,4.985,front_right_shoulder_to_arm,7,-0.777212381362915,2.3248178422363708e-06,-0.7900000214576721,0.0,0.0,-0.35805821418762207,-0.35805821418762207,0.0,0.0,0.0,0.0,0.0,0.0,0.0,0.0,0.0,0.0,0.0,-9.141592979431152
997,4.985,front_right_arm_to_hand,11,-0.7846323847770691,3.111033375358119e-10,-0.7853982448577881,0.0,0.0,-0.07658600807189941,-0.07658600807189941,0.0,0.0,0.0,0.0,0.0,0.0,0.0,0.0,0.0,0.0,0.0,-9.141592979431152
998,4.99,base_to_front_right_shoulder,3,-0.006808532401919365,-3.5023735023287372e-09,0.0,0.0,0.0,0.6127670407295227,0.6127670407295227,0.0,0.0,0.0,0.0,0.0,0.0,0.0,0.0,0.0,0.0,0.0,-9.141592979431152
998,4.99,front_right_shoulder_to_arm,7,-0.777212381362915,2.327074525965145e-06,-0.7900000214576721,0.0,0.0,-0.35805821418762207,-0.35805821418762207,0.0,0.0,0.0,0.0,0.0,0.0,0.0,0.0,0.0,0.0,0.0,-9.141592979431152
998,4.99,front_right_arm_to_hand,11,-0.7846323847770691,-5.377491785196753e-10,-0.7853982448577881,0.0,0.0,-0.07658600807189941,-0.07658600807189941,0.0,0.0,0.0,0.0,0.0,0.0,0.0,0.0,0.0,0.0,0.0,-9.141592979431152
999,4.995,base_to_front_right_shoulder,3,-0.006808542180806398,-3.4927607472923228e-09,0.0,0.0,0.0,0.6127679347991943,0.6127679347991943,0.0,0.0,0.0,0.0,0.0,0.0,0.0,0.0,0.0,0.0,0.0,-9.141592979431152
999,4.995,front_right_shoulder_to_arm,7,-0.777212381362915,2.3299644453800283e-06,-0.7900000214576721,0.0,0.0,-0.35805821418762207,-0.35805821418762207,0.0,0.0,0.0,0.0,0.0,0.0,0.0,0.0,0.0,0.0,0.0,-9.141592979431152
999,4.995,front_right_arm_to_hand,11,-0.7846323847770691,-1.7568762000763627e-09,-0.7853982448577881,0.0,0.0,-0.07658600807189941,-0.07658600807189941,0.0,0.0,0.0,0.0,0.0,0.0,0.0,0.0,0.0,0.0,0.0,-9.141592979431152
