step,time,joint,joint_id,joint_pos,joint_vel,joint_pos_target,joint_vel_target,joint_effort_target,applied_torque,computed_torque,action_0,action_1,action_2,action_3,action_4,action_5,action_6,action_7,action_8,action_9,action_10,action_11
0,0.0,front_right_shoulder_to_arm,7,-0.7873623967170715,0.15578338503837585,-0.7900000214576721,0.0,0.0,-0.21770045161247253,-0.21770045161247253,0.0,0.0,0.0,0.0,0.0,0.0,0.0,0.0,0.0,0.0,0.0,0.0
1,0.02,front_right_shoulder_to_arm,7,-0.785297691822052,3.82351572625339e-09,-0.7900000214576721,0.0,0.0,-0.4332644045352936,-0.4332644045352936,0.0,0.0,0.0,0.0,0.0,0.0,0.0,0.0,0.0,0.0,0.0,0.0
2,0.04,front_right_shoulder_to_arm,7,-0.7852258682250977,-0.0005743484362028539,-0.7900000214576721,0.0,0.0,-0.38300707936286926,-0.38300707936286926,0.0,0.0,0.0,0.0,0.0,0.0,0.0,0.0,0.0,0.0,0.0,0.0
3,0.06,front_right_shoulder_to_arm,7,-0.785769522190094,-0.04349174723029137,-0.7900000214576721,0.0,0.0,-0.34097927808761597,-0.34097927808761597,0.0,0.0,0.0,0.0,0.0,0.0,0.0,0.0,0.0,0.0,0.0,0.0
4,0.08,front_right_shoulder_to_arm,7,-0.786879301071167,-0.05015187710523605,-0.7900000214576721,0.0,0.0,-0.2339818924665451,-0.2339818924665451,0.0,0.0,0.0,0.0,0.0,0.0,0.0,0.0,0.0,0.0,0.0,0.0
5,0.1,front_right_shoulder_to_arm,7,-0.7870574593544006,-0.0005597067065536976,-0.7900000214576721,0.0,0.0,-0.23646129667758942,-0.23646129667758942,0.0,0.0,0.0,0.0,0.0,0.0,0.0,0.0,0.0,0.0,0.0,0.0
6,0.12,front_right_shoulder_to_arm,7,-0.7871246337890625,-0.0005643353215418756,-0.7900000214576721,0.0,0.0,-0.2310887575149536,-0.2310887575149536,0.0,0.0,0.0,0.0,0.0,0.0,0.0,0.0,0.0,0.0,0.0,0.0
7,0.14,front_right_shoulder_to_arm,7,-0.78719162940979,-0.0005643549957312644,-0.7900000214576721,0.0,0.0,-0.2257291078567505,-0.2257291078567505,0.0,0.0,0.0,0.0,0.0,0.0,0.0,0.0,0.0,0.0,0.0,0.0
8,0.16,front_right_shoulder_to_arm,7,-0.7872586250305176,-0.0005643632612191141,-0.7900000214576721,0.0,0.0,-0.22036944329738617,-0.22036944329738617,0.0,0.0,0.0,0.0,0.0,0.0,0.0,0.0,0.0,0.0,0.0,0.0
9,0.18,front_right_shoulder_to_arm,7,-0.7873254418373108,-0.000564365996979177,-0.7900000214576721,0.0,0.0,-0.2150193303823471,-0.2150193303823471,0.0,0.0,0.0,0.0,0.0,0.0,0.0,0.0,0.0,0.0,0.0,0.0
10,0.2,front_right_shoulder_to_arm,7,-0.7873921990394592,-0.0005643948679789901,-0.7900000214576721,0.0,0.0,-0.2096787393093109,-0.2096787393093109,0.0,0.0,0.0,0.0,0.0,0.0,0.0,0.0,0.0,0.0,0.0,0.0
11,0.22,front_right_shoulder_to_arm,7,-0.7874589562416077,-0.0005644146003760397,-0.7900000214576721,0.0,0.0,-0.2043381631374359,-0.2043381631374359,0.0,0.0,0.0,0.0,0.0,0.0,0.0,0.0,0.0,0.0,0.0,0.0
12,0.24,front_right_shoulder_to_arm,7,-0.7873963117599487,0.0016393389087170362,-0.7900000214576721,0.0,0.0,-0.20519135892391205,-0.20519135892391205,0.0,0.0,0.0,0.0,0.0,0.0,0.0,0.0,0.0,0.0,0.0,0.0
13,0.26,front_right_shoulder_to_arm,7,-0.7874612212181091,-0.0005644044722430408,-0.7900000214576721,0.0,0.0,-0.2041569948196411,-0.2041569948196411,0.0,0.0,0.0,0.0,0.0,0.0,0.0,0.0,0.0,0.0,0.0,0.0
14,0.28,front_right_shoulder_to_arm,7,-0.7873983979225159,0.0016431848052889109,-0.7900000214576721,0.0,0.0,-0.20502161979675293,-0.20502161979675293,0.0,0.0,0.0,0.0,0.0,0.0,0.0,0.0,0.0,0.0,0.0,0.0
15,0.3,front_right_shoulder_to_arm,7,-0.7874633073806763,-0.0005643847398459911,-0.7900000214576721,0.0,0.0,-0.20399010181427002,-0.20399010181427002,0.0,0.0,0.0,0.0,0.0,0.0,0.0,0.0,0.0,0.0,0.0,0.0
16,0.32,front_right_shoulder_to_arm,7,-0.7874001264572144,0.0016466269735246897,-0.7900000214576721,0.0,0.0,-0.2048707902431488,-0.2048707902431488,0.0,0.0,0.0,0.0,0.0,0.0,0.0,0.0,0.0,0.0,0.0,0.0
17,0.34,front_right_shoulder_to_arm,7,-0.7874650359153748,-0.0005644031916745007,-0.7900000214576721,0.0,0.0,-0.2038518190383911,-0.2038518190383911,0.0,0.0,0.0,0.0,0.0,0.0,0.0,0.0,0.0,0.0,0.0,0.0
18,0.36,front_right_shoulder_to_arm,7,-0.7874666452407837,-0.0005626620841212571,-0.7900000214576721,0.0,0.0,-0.2037535011768341,-0.2037535011768341,0.0,0.0,0.0,0.0,0.0,0.0,0.0,0.0,0.0,0.0,0.0,0.0
19,0.38,front_right_shoulder_to_arm,7,-0.7874681353569031,-0.0005626576603390276,-0.7900000214576721,0.0,0.0,-0.2036343216896057,-0.2036343216896057,0.0,0.0,0.0,0.0,0.0,0.0,0.0,0.0,0.0,0.0,0.0,0.0
20,0.4,front_right_shoulder_to_arm,7,-0.7874694466590881,-0.0005626558559015393,-0.7900000214576721,0.0,0.0,-0.2035294622182846,-0.2035294622182846,0.0,0.0,0.0,0.0,0.0,0.0,0.0,0.0,0.0,0.0,0.0,0.0
21,0.42,front_right_shoulder_to_arm,7,-0.7874707579612732,-0.0005626593483611941,-0.7900000214576721,0.0,0.0,-0.2034245878458023,-0.2034245878458023,0.0,0.0,0.0,0.0,0.0,0.0,0.0,0.0,0.0,0.0,0.0,0.0
22,0.44,front_right_shoulder_to_arm,7,-0.7874662280082703,-0.0005643356125801802,-0.7900000214576721,0.0,0.0,-0.2037573754787445,-0.2037573754787445,0.0,0.0,0.0,0.0,0.0,0.0,0.0,0.0,0.0,0.0,0.0,0.0
23,0.46,front_right_shoulder_to_arm,7,-0.7873993515968323,0.0017513989005237818,-0.7900000214576721,0.0,0.0,-0.20366770029067993,-0.20366770029067993,0.0,0.0,0.0,0.0,0.0,0.0,0.0,0.0,0.0,0.0,0.0,0.0
24,0.48,front_right_shoulder_to_arm,7,-0.7874640822410583,-0.0005643984186463058,-0.7900000214576721,0.0,0.0,-0.2039281129837036,-0.2039281129837036,0.0,0.0,0.0,0.0,0.0,0.0,0.0,0.0,0.0,0.0,0.0,0.0
25,0.5,front_right_shoulder_to_arm,7,-0.7874589562416077,-0.0005624716286547482,-0.7900000214576721,0.0,0.0,-0.204371839761734,-0.204371839761734,0.0,0.0,0.0,0.0,0.0,0.0,0.0,0.0,0.0,0.0,0.0,0.0
26,0.52,front_right_shoulder_to_arm,7,-0.7873898148536682,0.0016420276369899511,-0.7900000214576721,0.0,0.0,-0.2058197408914566,-0.2058197408914566,0.0,0.0,0.0,0.0,0.0,0.0,0.0,0.0,0.0,0.0,0.0,0.0
27,0.54,front_right_shoulder_to_arm,7,-0.7874547243118286,-0.000564396963454783,-0.7900000214576721,0.0,0.0,-0.20467674732208252,-0.20467674732208252,0.0,0.0,0.0,0.0,0.0,0.0,0.0,0.0,0.0,0.0,0.0,0.0
28,0.56,front_right_shoulder_to_arm,7,-0.7874501347541809,-0.0005624894984066486,-0.7900000214576721,0.0,0.0,-0.20507732033729553,-0.20507732033729553,0.0,0.0,0.0,0.0,0.0,0.0,0.0,0.0,0.0,0.0,0.0,0.0
29,0.58,front_right_shoulder_to_arm,7,-0.7874516248703003,-0.0005033957422710955,-0.7900000214576721,0.0,0.0,-0.20585624873638153,-0.20585624873638153,0.0,0.0,0.0,0.0,0.0,0.0,0.0,0.0,0.0,0.0,0.0,0.0
30,0.6,front_right_shoulder_to_arm,7,-0.7874478697776794,-0.000564338406547904,-0.7900000214576721,0.0,0.0,-0.20522601902484894,-0.20522601902484894,0.0,0.0,0.0,0.0,0.0,0.0,0.0,0.0,0.0,0.0,0.0,0.0
31,0.62,front_right_shoulder_to_arm,7,-0.7874427437782288,-0.0004970037844032049,-0.7900000214576721,0.0,0.0,-0.20665496587753296,-0.20665496587753296,0.0,0.0,0.0,0.0,0.0,0.0,0.0,0.0,0.0,0.0,0.0,0.0
32,0.64,front_right_shoulder_to_arm,7,-0.7874390482902527,0.0018178860191255808,-0.7900000214576721,0.0,0.0,-0.2002945840358734,-0.2002945840358734,0.0,0.0,0.0,0.0,0.0,0.0,0.0,0.0,0.0,0.0,0.0,0.0
33,0.66,front_right_shoulder_to_arm,7,-0.7874384522438049,-0.000564338406547904,-0.7900000214576721,0.0,0.0,-0.2059793770313263,-0.2059793770313263,0.0,0.0,0.0,0.0,0.0,0.0,0.0,0.0,0.0,0.0,0.0,0.0
34,0.68,front_right_shoulder_to_arm,7,-0.7874338626861572,-0.0004974817857146263,-0.7900000214576721,0.0,0.0,-0.20735706388950348,-0.20735706388950348,0.0,0.0,0.0,0.0,0.0,0.0,0.0,0.0,0.0,0.0,0.0,0.0
35,0.7000000000000001,front_right_shoulder_to_arm,7,-0.7874370813369751,0.0015760192181915045,-0.7900000214576721,0.0,0.0,-0.20100505650043488,-0.20100505650043488,0.0,0.0,0.0,0.0,0.0,0.0,0.0,0.0,0.0,0.0,0.0,0.0
36,0.72,front_right_shoulder_to_arm,7,-0.7874315977096558,-0.000562510802410543,-0.7900000214576721,0.0,0.0,-0.20655988156795502,-0.20655988156795502,0.0,0.0,0.0,0.0,0.0,0.0,0.0,0.0,0.0,0.0,0.0,0.0
37,0.74,front_right_shoulder_to_arm,7,-0.7874284386634827,0.0018002307042479515,-0.7900000214576721,0.0,0.0,-0.20118626952171326,-0.20118626952171326,0.0,0.0,0.0,0.0,0.0,0.0,0.0,0.0,0.0,0.0,0.0,0.0
38,0.76,front_right_shoulder_to_arm,7,-0.7874931693077087,-0.0005644054035656154,-0.7900000214576721,0.0,0.0,-0.20160113275051117,-0.20160113275051117,0.0,0.0,0.0,0.0,0.0,0.0,0.0,0.0,0.0,0.0,0.0,0.0
39,0.78,front_right_shoulder_to_arm,7,-0.7874221205711365,-0.0005625892663374543,-0.7900000214576721,0.0,0.0,-0.20731648802757263,-0.20731648802757263,0.0,0.0,0.0,0.0,0.0,0.0,0.0,0.0,0.0,0.0,0.0,0.0
40,0.8,front_right_shoulder_to_arm,7,-0.7874195575714111,0.0017833320889621973,-0.7900000214576721,0.0,0.0,-0.20194444060325623,-0.20194444060325623,0.0,0.0,0.0,0.0,0.0,0.0,0.0,0.0,0.0,0.0,0.0,0.0
41,0.8200000000000001,front_right_shoulder_to_arm,7,-0.7874842882156372,-0.0005643948679789901,-0.7900000214576721,0.0,0.0,-0.20231162011623383,-0.20231162011623383,0.0,0.0,0.0,0.0,0.0,0.0,0.0,0.0,0.0,0.0,0.0,0.0
42,0.84,front_right_shoulder_to_arm,7,-0.7874152064323425,-0.0004983074613846838,-0.7900000214576721,0.0,0.0,-0.2088351547718048,-0.2088351547718048,0.0,0.0,0.0,0.0,0.0,0.0,0.0,0.0,0.0,0.0,0.0,0.0
43,0.86,front_right_shoulder_to_arm,7,-0.7874130010604858,0.0017708612140268087,-0.7900000214576721,0.0,0.0,-0.20249755680561066,-0.20249755680561066,0.0,0.0,0.0,0.0,0.0,0.0,0.0,0.0,0.0,0.0,0.0,0.0
44,0.88,front_right_shoulder_to_arm,7,-0.7874777317047119,-0.0005644024931825697,-0.7900000214576721,0.0,0.0,-0.20283615589141846,-0.20283615589141846,0.0,0.0,0.0,0.0,0.0,0.0,0.0,0.0,0.0,0.0,0.0,0.0
45,0.9,front_right_shoulder_to_arm,7,-0.7874065637588501,-0.000501403643283993,-0.7900000214576721,0.0,0.0,-0.20948678255081177,-0.20948678255081177,0.0,0.0,0.0,0.0,0.0,0.0,0.0,0.0,0.0,0.0,0.0,0.0
46,0.92,front_right_shoulder_to_arm,7,-0.7874733209609985,-0.000564401620067656,-0.7900000214576721,0.0,0.0,-0.20318898558616638,-0.20318898558616638,0.0,0.0,0.0,0.0,0.0,0.0,0.0,0.0,0.0,0.0,0.0,0.0
47,0.9400000000000001,front_right_shoulder_to_arm,7,-0.7874686121940613,-0.0005643369513563812,-0.7900000214576721,0.0,0.0,-0.20356664061546326,-0.20356664061546326,0.0,0.0,0.0,0.0,0.0,0.0,0.0,0.0,0.0,0.0,0.0,0.0
48,0.96,front_right_shoulder_to_arm,7,-0.7874013185501099,0.001755366800352931,-0.7900000214576721,0.0,0.0,-0.20349131524562836,-0.20349131524562836,0.0,0.0,0.0,0.0,0.0,0.0,0.0,0.0,0.0,0.0,0.0,0.0
49,0.98,front_right_shoulder_to_arm,7,-0.7874660491943359,-0.0005643923650495708,-0.7900000214576721,0.0,0.0,-0.20377075672149658,-0.20377075672149658,0.0,0.0,0.0,0.0,0.0,0.0,0.0,0.0,0.0,0.0,0.0,0.0
50,1.0,front_right_shoulder_to_arm,7,-0.5693835616111755,13.601258277893066,-0.39750000834465027,0.0,0.0,9.166707038879395,13.386329650878906,0.0,0.0,0.0,0.0,0.0,0.0,0.0,1.5700000524520874,0.0,0.0,0.0,0.0
51,1.02,front_right_shoulder_to_arm,7,-0.31264692544937134,9.053635597229004,-0.39750000834465027,0.0,0.0,-9.302072525024414,-9.302072525024414,0.0,0.0,0.0,0.0,0.0,0.0,0.0,1.5700000524520874,0.0,0.0,0.0,0.0
52,1.04,front_right_shoulder_to_arm,7,-0.27614814043045044,-2.5092883110046387,-0.39750000834465027,0.0,0.0,-10.835339546203613,-10.835339546203613,0.0,0.0,0.0,0.0,0.0,0.0,0.0,1.5700000524520874,0.0,0.0,0.0,0.0
53,1.06,front_right_shoulder_to_arm,7,-0.39562612771987915,-6.498809337615967,-0.39750000834465027,0.0,0.0,0.5808711051940918,0.5808711051940918,0.0,0.0,0.0,0.0,0.0,0.0,0.0,1.5700000524520874,0.0,0.0,0.0,0.0
54,1.08,front_right_shoulder_to_arm,7,-0.4662737250328064,-1.1766819953918457,-0.39750000834465027,0.0,0.0,6.452413082122803,6.452413082122803,0.0,0.0,0.0,0.0,0.0,0.0,0.0,1.5700000524520874,0.0,0.0,0.0,0.0
55,1.1,front_right_shoulder_to_arm,7,-0.4253891110420227,3.310765504837036,-0.39750000834465027,0.0,0.0,2.191610813140869,2.191610813140869,0.0,0.0,0.0,0.0,0.0,0.0,0.0,1.5700000524520874,0.0,0.0,0.0,0.0
56,1.12,front_right_shoulder_to_arm,7,-0.367967426776886,2.001220703125,-0.39750000834465027,0.0,0.0,-2.9325084686279297,-2.9325084686279297,0.0,0.0,0.0,0.0,0.0,0.0,0.0,1.5700000524520874,0.0,0.0,0.0,0.0
57,1.1400000000000001,front_right_shoulder_to_arm,7,-0.36878687143325806,-1.1168125867843628,-0.39750000834465027,0.0,0.0,-2.4995384216308594,-2.4995384216308594,0.0,0.0,0.0,0.0,0.0,0.0,0.0,1.5700000524520874,0.0,0.0,0.0,0.0
58,1.16,front_right_shoulder_to_arm,7,-0.4022786021232605,-1.6032888889312744,-0.39750000834465027,0.0,0.0,0.6296565532684326,0.6296565532684326,0.0,0.0,0.0,0.0,0.0,0.0,0.0,1.5700000524520874,0.0,0.0,0.0,0.0
59,1.18,front_right_shoulder_to_arm,7,-0.4152681827545166,9.267078712582588e-05,-0.39750000834465027,0.0,0.0,1.6380654573440552,1.6380654573440552,0.0,0.0,0.0,0.0,0.0,0.0,0.0,1.5700000524520874,0.0,0.0,0.0,0.0
60,1.2,front_right_shoulder_to_arm,7,-0.4010728597640991,0.9307477474212646,-0.39750000834465027,0.0,0.0,0.22962096333503723,0.22962096333503723,0.0,0.0,0.0,0.0,0.0,0.0,0.0,1.5700000524520874,0.0,0.0,0.0,0.0
61,1.22,front_right_shoulder_to_arm,7,-0.3878622055053711,0.37085849046707153,-0.39750000834465027,0.0,0.0,-0.9191279411315918,-0.9191279411315918,0.0,0.0,0.0,0.0,0.0,0.0,0.0,1.5700000524520874,0.0,0.0,0.0,0.0
62,1.24,front_right_shoulder_to_arm,7,-0.3909219205379486,-0.36596623063087463,-0.39750000834465027,0.0,0.0,-0.5162385702133179,-0.5162385702133179,0.0,0.0,0.0,0.0,0.0,0.0,0.0,1.5700000524520874,0.0,0.0,0.0,0.0
63,1.26,front_right_shoulder_to_arm,7,-0.399537056684494,-0.371841698884964,-0.39750000834465027,0.0,0.0,0.23666758835315704,0.23666758835315704,0.0,0.0,0.0,0.0,0.0,0.0,0.0,1.5700000524520874,0.0,0.0,0.0,0.0
64,1.28,front_right_shoulder_to_arm,7,-0.4013776183128357,0.11548260599374771,-0.39750000834465027,0.0,0.0,0.3300602436065674,0.3300602436065674,0.0,0.0,0.0,0.0,0.0,0.0,0.0,1.5700000524520874,0.0,0.0,0.0,0.0
65,1.3,front_right_shoulder_to_arm,7,-0.3968413472175598,0.21198856830596924,-0.39750000834465027,0.0,0.0,-0.07903005927801132,-0.07903005927801132,0.0,0.0,0.0,0.0,0.0,0.0,0.0,1.5700000524520874,0.0,0.0,0.0,0.0
66,1.32,front_right_shoulder_to_arm,7,-0.39474570751190186,0.0015104578342288733,-0.39750000834465027,0.0,0.0,-0.21667718887329102,-0.21667718887329102,0.0,0.0,0.0,0.0,0.0,0.0,0.0,1.5700000524520874,0.0,0.0,0.0,0.0
67,1.34,front_right_shoulder_to_arm,7,-0.39650821685791016,-0.11673824489116669,-0.39750000834465027,0.0,0.0,-0.07029720395803452,-0.07029720395803452,0.0,0.0,0.0,0.0,0.0,0.0,0.0,1.5700000524520874,0.0,0.0,0.0,0.0
68,1.36,front_right_shoulder_to_arm,7,-0.3974243998527527,-0.015626873821020126,-0.39750000834465027,0.0,0.0,0.014732353389263153,0.014732353389263153,0.0,0.0,0.0,0.0,0.0,0.0,0.0,1.5700000524520874,0.0,0.0,0.0,0.0
69,1.3800000000000001,front_right_shoulder_to_arm,7,-0.3974411189556122,-2.7883550501428545e-05,-0.39750000834465027,0.0,0.0,-0.004763807635754347,-0.004763807635754347,0.0,0.0,0.0,0.0,0.0,0.0,0.0,1.5700000524520874,0.0,0.0,0.0,0.0
70,1.4000000000000001,front_right_shoulder_to_arm,7,-0.3974444568157196,-2.7877071261173114e-05,-0.39750000834465027,0.0,0.0,-0.004496942739933729,-0.004496942739933729,0.0,0.0,0.0,0.0,0.0,0.0,0.0,1.5700000524520874,0.0,0.0,0.0,0.0
71,1.42,front_right_shoulder_to_arm,7,-0.397447794675827,-2.7869438781635836e-05,-0.39750000834465027,0.0,0.0,-0.0042299143970012665,-0.0042299143970012665,0.0,0.0,0.0,0.0,0.0,0.0,0.0,1.5700000524520874,0.0,0.0,0.0,0.0
72,1.44,front_right_shoulder_to_arm,7,-0.39745113253593445,-2.7868572942679748e-05,-0.39750000834465027,0.0,0.0,-0.003962887451052666,-0.003962887451052666,0.0,0.0,0.0,0.0,0.0,0.0,0.0,1.5700000524520874,0.0,0.0,0.0,0.0
73,1.46,front_right_shoulder_to_arm,7,-0.39745447039604187,-2.7869937184732407e-05,-0.39750000834465027,0.0,0.0,-0.0036958567798137665,-0.0036958567798137665,0.0,0.0,0.0,0.0,0.0,0.0,0.0,1.5700000524520874,0.0,0.0,0.0,0.0
74,1.48,front_right_shoulder_to_arm,7,-0.3974578082561493,-2.7866302843904123e-05,-0.39750000834465027,0.0,0.0,-0.0034288326278328896,-0.0034288326278328896,0.0,0.0,0.0,0.0,0.0,0.0,0.0,1.5700000524520874,0.0,0.0,0.0,0.0
75,1.5,front_right_shoulder_to_arm,7,-0.3974611461162567,-2.7858506655320525e-05,-0.39750000834465027,0.0,0.0,-0.0031618010252714157,-0.0031618010252714157,0.0,0.0,0.0,0.0,0.0,0.0,0.0,1.5700000524520874,0.0,0.0,0.0,0.0
76,1.52,front_right_shoulder_to_arm,7,-0.39746448397636414,-2.7860449336003512e-05,-0.39750000834465027,0.0,0.0,-0.002894774777814746,-0.002894774777814746,0.0,0.0,0.0,0.0,0.0,0.0,0.0,1.5700000524520874,0.0,0.0,0.0,0.0
77,1.54,front_right_shoulder_to_arm,7,-0.39746782183647156,-2.7862701244885102e-05,-0.39750000834465027,0.0,0.0,-0.002627747133374214,-0.002627747133374214,0.0,0.0,0.0,0.0,0.0,0.0,0.0,1.5700000524520874,0.0,0.0,0.0,0.0
78,1.56,front_right_shoulder_to_arm,7,-0.397471159696579,-2.7855981898028404e-05,-0.39750000834465027,0.0,0.0,-0.002360718324780464,-0.002360718324780464,0.0,0.0,0.0,0.0,0.0,0.0,0.0,1.5700000524520874,0.0,0.0,0.0,0.0
79,1.58,front_right_shoulder_to_arm,7,-0.3974744975566864,-2.785165634122677e-05,-0.39750000834465027,0.0,0.0,-0.0020936918444931507,-0.0020936918444931507,0.0,0.0,0.0,0.0,0.0,0.0,0.0,1.5700000524520874,0.0,0.0,0.0,0.0
80,1.6,front_right_shoulder_to_arm,7,-0.3974778354167938,-2.7854424843098968e-05,-0.39750000834465027,0.0,0.0,-0.0018266647821292281,-0.0018266647821292281,0.0,0.0,0.0,0.0,0.0,0.0,0.0,1.5700000524520874,0.0,0.0,0.0,0.0
81,1.62,front_right_shoulder_to_arm,7,-0.39748117327690125,-2.7851241611642763e-05,-0.39750000834465027,0.0,0.0,-0.0015596388839185238,-0.0015596388839185238,0.0,0.0,0.0,0.0,0.0,0.0,0.0,1.5700000524520874,0.0,0.0,0.0,0.0
82,1.6400000000000001,front_right_shoulder_to_arm,7,-0.39748451113700867,-2.7846970624523237e-05,-0.39750000834465027,0.0,0.0,-0.0012926076306030154,-0.0012926076306030154,0.0,0.0,0.0,0.0,0.0,0.0,0.0,1.5700000524520874,0.0,0.0,0.0,0.0
83,1.6600000000000001,front_right_shoulder_to_arm,7,-0.3974878489971161,-2.7851765480590984e-05,-0.39750000834465027,0.0,0.0,-0.0010255799861624837,-0.0010255799861624837,0.0,0.0,0.0,0.0,0.0,0.0,0.0,1.5700000524520874,0.0,0.0,0.0,0.0
84,1.68,front_right_shoulder_to_arm,7,-0.3974911868572235,-2.7848971512867138e-05,-0.39750000834465027,0.0,0.0,-0.0007585495477542281,-0.0007585495477542281,0.0,0.0,0.0,0.0,0.0,0.0,0.0,1.5700000524520874,0.0,0.0,0.0,0.0
85,1.7,front_right_shoulder_to_arm,7,-0.39749452471733093,-2.7843158022733405e-05,-0.39750000834465027,0.0,0.0,-0.000491524173412472,-0.000491524173412472,0.0,0.0,0.0,0.0,0.0,0.0,0.0,1.5700000524520874,0.0,0.0,0.0,0.0
86,1.72,front_right_shoulder_to_arm,7,-0.39749786257743835,-2.7845311706187204e-05,-0.39750000834465027,0.0,0.0,-0.00022449527750723064,-0.00022449527750723064,0.0,0.0,0.0,0.0,0.0,0.0,0.0,1.5700000524520874,0.0,0.0,0.0,0.0
87,1.74,front_right_shoulder_to_arm,7,-0.3975012004375458,-2.7843361749546602e-05,-0.39750000834465027,0.0,0.0,4.253182123648003e-05,4.253182123648003e-05,0.0,0.0,0.0,0.0,0.0,0.0,0.0,1.5700000524520874,0.0,0.0,0.0,0.0
88,1.76,front_right_shoulder_to_arm,7,-0.3975045382976532,-2.783966192509979e-05,-0.39750000834465027,0.0,0.0,0.00030955986585468054,0.00030955986585468054,0.0,0.0,0.0,0.0,0.0,0.0,0.0,1.5700000524520874,0.0,0.0,0.0,0.0
89,1.78,front_right_shoulder_to_arm,7,-0.3975078761577606,-2.7837431844091043e-05,-0.39750000834465027,0.0,0.0,0.0005765882087871432,0.0005765882087871432,0.0,0.0,0.0,0.0,0.0,0.0,0.0,1.5700000524520874,0.0,0.0,0.0,0.0
90,1.8,front_right_shoulder_to_arm,7,-0.39751121401786804,-2.7837100788019598e-05,-0.39750000834465027,0.0,0.0,0.0008436130592599511,0.0008436130592599511,0.0,0.0,0.0,0.0,0.0,0.0,0.0,1.5700000524520874,0.0,0.0,0.0,0.0
91,1.82,front_right_shoulder_to_arm,7,-0.39751455187797546,-2.7832800697069615e-05,-0.39750000834465027,0.0,0.0,0.0011106431484222412,0.0011106431484222412,0.0,0.0,0.0,0.0,0.0,0.0,0.0,1.5700000524520874,0.0,0.0,0.0,0.0
92,1.84,front_right_shoulder_to_arm,7,-0.3975178897380829,-2.7832498744828627e-05,-0.39750000834465027,0.0,0.0,0.0013776712585240602,0.0013776712585240602,0.0,0.0,0.0,0.0,0.0,0.0,0.0,1.5700000524520874,0.0,0.0,0.0,0.0
93,1.86,front_right_shoulder_to_arm,7,-0.3975212275981903,-2.7832691557705402e-05,-0.39750000834465027,0.0,0.0,0.0016446986701339483,0.0016446986701339483,0.0,0.0,0.0,0.0,0.0,0.0,0.0,1.5700000524520874,0.0,0.0,0.0,0.0
94,1.8800000000000001,front_right_shoulder_to_arm,7,-0.39752456545829773,-2.7830472390633076e-05,-0.39750000834465027,0.0,0.0,0.0019117267802357674,0.0019117267802357674,0.0,0.0,0.0,0.0,0.0,0.0,0.0,1.5700000524520874,0.0,0.0,0.0,0.0
95,1.9000000000000001,front_right_shoulder_to_arm,7,-0.39752790331840515,-2.7826783480122685e-05,-0.39750000834465027,0.0,0.0,0.002178753959015012,0.002178753959015012,0.0,0.0,0.0,0.0,0.0,0.0,0.0,1.5700000524520874,0.0,0.0,0.0,0.0
96,1.92,front_right_shoulder_to_arm,7,-0.3975312411785126,-2.7824622520711273e-05,-0.39750000834465027,0.0,0.0,0.0024457823019474745,0.0024457823019474745,0.0,0.0,0.0,0.0,0.0,0.0,0.0,1.5700000524520874,0.0,0.0,0.0,0.0
97,1.94,front_right_shoulder_to_arm,7,-0.39753457903862,-2.7822803531307727e-05,-0.39750000834465027,0.0,0.0,0.002712812041863799,0.002712812041863799,0.0,0.0,0.0,0.0,0.0,0.0,0.0,1.5700000524520874,0.0,0.0,0.0,0.0
98,1.96,front_right_shoulder_to_arm,7,-0.3975379168987274,-2.78200714092236e-05,-0.39750000834465027,0.0,0.0,0.002979837590828538,0.002979837590828538,0.0,0.0,0.0,0.0,0.0,0.0,0.0,1.5700000524520874,0.0,0.0,0.0,0.0
99,1.98,front_right_shoulder_to_arm,7,-0.39754125475883484,-2.7812897315016016e-05,-0.39750000834465027,0.0,0.0,0.003246865700930357,0.003246865700930357,0.0,0.0,0.0,0.0,0.0,0.0,0.0,1.5700000524520874,0.0,0.0,0.0,0.0
100,2.0,front_right_shoulder_to_arm,7,-0.39754459261894226,-2.781638249871321e-05,-0.39750000834465027,0.0,0.0,0.0035138933453708887,0.0035138933453708887,0.0,0.0,0.0,0.0,0.0,0.0,0.0,1.5700000524520874,0.0,0.0,0.0,0.0
101,2.02,front_right_shoulder_to_arm,7,-0.3975479304790497,-2.7813424821943045e-05,-0.39750000834465027,0.0,0.0,0.0037809209898114204,0.0037809209898114204,0.0,0.0,0.0,0.0,0.0,0.0,0.0,1.5700000524520874,0.0,0.0,0.0,0.0
102,2.04,front_right_shoulder_to_arm,7,-0.3975512683391571,-2.7816276997327805e-05,-0.39750000834465027,0.0,0.0,0.004047950264066458,0.004047950264066458,0.0,0.0,0.0,0.0,0.0,0.0,0.0,1.5700000524520874,0.0,0.0,0.0,0.0
103,2.06,front_right_shoulder_to_arm,7,-0.3975546061992645,-2.7810969186248258e-05,-0.39750000834465027,0.0,0.0,0.004314976278692484,0.004314976278692484,0.0,0.0,0.0,0.0,0.0,0.0,0.0,1.5700000524520874,0.0,0.0,0.0,0.0
104,2.08,front_right_shoulder_to_arm,7,-0.39755794405937195,-2.7806956495624036e-05,-0.39750000834465027,0.0,0.0,0.0045820060186088085,0.0045820060186088085,0.0,0.0,0.0,0.0,0.0,0.0,0.0,1.5700000524520874,0.0,0.0,0.0,0.0
105,2.1,front_right_shoulder_to_arm,7,-0.39756128191947937,-2.7804642741102725e-05,-0.39750000834465027,0.0,0.0,0.004849033430218697,0.004849033430218697,0.0,0.0,0.0,0.0,0.0,0.0,0.0,1.5700000524520874,0.0,0.0,0.0,0.0
106,2.12,front_right_shoulder_to_arm,7,-0.3975646197795868,-2.780202339636162e-05,-0.39750000834465027,0.0,0.0,0.005116063170135021,0.005116063170135021,0.0,0.0,0.0,0.0,0.0,0.0,0.0,1.5700000524520874,0.0,0.0,0.0,0.0
107,2.14,front_right_shoulder_to_arm,7,-0.3975679576396942,-2.7797777875093743e-05,-0.39750000834465027,0.0,0.0,0.005383089650422335,0.005383089650422335,0.0,0.0,0.0,0.0,0.0,0.0,0.0,1.5700000524520874,0.0,0.0,0.0,0.0
108,2.16,front_right_shoulder_to_arm,7,-0.39757129549980164,-2.780310023808852e-05,-0.39750000834465027,0.0,0.0,0.00565011752769351,0.00565011752769351,0.0,0.0,0.0,0.0,0.0,0.0,0.0,1.5700000524520874,0.0,0.0,0.0,0.0
109,2.18,front_right_shoulder_to_arm,7,-0.39757463335990906,-2.7799036615760997e-05,-0.39750000834465027,0.0,0.0,0.005917142610996962,0.005917142610996962,0.0,0.0,0.0,0.0,0.0,0.0,0.0,1.5700000524520874,0.0,0.0,0.0,0.0
110,2.2,front_right_shoulder_to_arm,7,-0.3975779712200165,-2.7796988433692604e-05,-0.39750000834465027,0.0,0.0,0.006184171885251999,0.006184171885251999,0.0,0.0,0.0,0.0,0.0,0.0,0.0,1.5700000524520874,0.0,0.0,0.0,0.0
111,2.22,front_right_shoulder_to_arm,7,-0.3975813090801239,-2.779746864689514e-05,-0.39750000834465027,0.0,0.0,0.0064511988312006,0.0064511988312006,0.0,0.0,0.0,0.0,0.0,0.0,0.0,1.5700000524520874,0.0,0.0,0.0,0.0
112,2.24,front_right_shoulder_to_arm,7,-0.3975846469402313,-2.7790472813649103e-05,-0.39750000834465027,0.0,0.0,0.006718226242810488,0.006718226242810488,0.0,0.0,0.0,0.0,0.0,0.0,0.0,1.5700000524520874,0.0,0.0,0.0,0.0
113,2.2600000000000002,front_right_shoulder_to_arm,7,-0.39758798480033875,-2.7790720196207985e-05,-0.39750000834465027,0.0,0.0,0.006985255517065525,0.006985255517065525,0.0,0.0,0.0,0.0,0.0,0.0,0.0,1.5700000524520874,0.0,0.0,0.0,0.0
114,2.2800000000000002,front_right_shoulder_to_arm,7,-0.39759132266044617,-2.7791520551545545e-05,-0.39750000834465027,0.0,0.0,0.007252284791320562,0.007252284791320562,0.0,0.0,0.0,0.0,0.0,0.0,0.0,1.5700000524520874,0.0,0.0,0.0,0.0
115,2.3000000000000003,front_right_shoulder_to_arm,7,-0.3975946605205536,-2.7788741135736927e-05,-0.39750000834465027,0.0,0.0,0.007519311737269163,0.007519311737269163,0.0,0.0,0.0,0.0,0.0,0.0,0.0,1.5700000524520874,0.0,0.0,0.0,0.0
116,2.32,front_right_shoulder_to_arm,7,-0.397597998380661,-2.77861618087627e-05,-0.39750000834465027,0.0,0.0,0.0077863396145403385,0.0077863396145403385,0.0,0.0,0.0,0.0,0.0,0.0,0.0,1.5700000524520874,0.0,0.0,0.0,0.0
117,2.34,front_right_shoulder_to_arm,7,-0.39760133624076843,-2.7786783903138712e-05,-0.39750000834465027,0.0,0.0,0.008053368888795376,0.008053368888795376,0.0,0.0,0.0,0.0,0.0,0.0,0.0,1.5700000524520874,0.0,0.0,0.0,0.0
118,2.36,front_right_shoulder_to_arm,7,-0.39760467410087585,-2.7783888072008267e-05,-0.39750000834465027,0.0,0.0,0.008320393972098827,0.008320393972098827,0.0,0.0,0.0,0.0,0.0,0.0,0.0,1.5700000524520874,0.0,0.0,0.0,0.0
119,2.38,front_right_shoulder_to_arm,7,-0.3976080119609833,-2.778023190330714e-05,-0.39750000834465027,0.0,0.0,0.008587421849370003,0.008587421849370003,0.0,0.0,0.0,0.0,0.0,0.0,0.0,1.5700000524520874,0.0,0.0,0.0,0.0
120,2.4,front_right_shoulder_to_arm,7,-0.3976113498210907,-2.7777074137702584e-05,-0.39750000834465027,0.0,0.0,0.008854451589286327,0.008854451589286327,0.0,0.0,0.0,0.0,0.0,0.0,0.0,1.5700000524520874,0.0,0.0,0.0,0.0
121,2.42,front_right_shoulder_to_arm,7,-0.3976146876811981,-2.7773472538683563e-05,-0.39750000834465027,0.0,0.0,0.009121479466557503,0.009121479466557503,0.0,0.0,0.0,0.0,0.0,0.0,0.0,1.5700000524520874,0.0,0.0,0.0,0.0
122,2.44,front_right_shoulder_to_arm,7,-0.39761802554130554,-2.7774811314884573e-05,-0.39750000834465027,0.0,0.0,0.009388506412506104,0.009388506412506104,0.0,0.0,0.0,0.0,0.0,0.0,0.0,1.5700000524520874,0.0,0.0,0.0,0.0
123,2.46,front_right_shoulder_to_arm,7,-0.39762136340141296,-2.777515328489244e-05,-0.39750000834465027,0.0,0.0,0.009655536152422428,0.009655536152422428,0.0,0.0,0.0,0.0,0.0,0.0,0.0,1.5700000524520874,0.0,0.0,0.0,0.0
124,2.48,front_right_shoulder_to_arm,7,-0.3976247012615204,-2.7772661269409582e-05,-0.39750000834465027,0.0,0.0,0.009922563098371029,0.009922563098371029,0.0,0.0,0.0,0.0,0.0,0.0,0.0,1.5700000524520874,0.0,0.0,0.0,0.0
125,2.5,front_right_shoulder_to_arm,7,-0.3976280391216278,-2.777197369141504e-05,-0.39750000834465027,0.0,0.0,0.010189592838287354,0.010189592838287354,0.0,0.0,0.0,0.0,0.0,0.0,0.0,1.5700000524520874,0.0,0.0,0.0,0.0
126,2.52,front_right_shoulder_to_arm,7,-0.39763137698173523,-2.776632027234882e-05,-0.39750000834465027,0.0,0.0,0.01045661885291338,0.01045661885291338,0.0,0.0,0.0,0.0,0.0,0.0,0.0,1.5700000524520874,0.0,0.0,0.0,0.0
127,2.54,front_right_shoulder_to_arm,7,-0.39763471484184265,-2.7763922844314948e-05,-0.39750000834465027,0.0,0.0,0.010723646730184555,0.010723646730184555,0.0,0.0,0.0,0.0,0.0,0.0,0.0,1.5700000524520874,0.0,0.0,0.0,0.0
128,2.56,front_right_shoulder_to_arm,7,-0.3976380527019501,-2.776763722067699e-05,-0.39750000834465027,0.0,0.0,0.010990671813488007,0.010990671813488007,0.0,0.0,0.0,0.0,0.0,0.0,0.0,1.5700000524520874,0.0,0.0,0.0,0.0
129,2.58,front_right_shoulder_to_arm,7,-0.3976413905620575,-2.7760685043176636e-05,-0.39750000834465027,0.0,0.0,0.011257702484726906,0.011257702484726906,0.0,0.0,0.0,0.0,0.0,0.0,0.0,1.5700000524520874,0.0,0.0,0.0,0.0
130,2.6,front_right_shoulder_to_arm,7,-0.3976447284221649,-2.7760812372434884e-05,-0.39750000834465027,0.0,0.0,0.011524728499352932,0.011524728499352932,0.0,0.0,0.0,0.0,0.0,0.0,0.0,1.5700000524520874,0.0,0.0,0.0,0.0
131,2.62,front_right_shoulder_to_arm,7,-0.39764806628227234,-2.7758000214817002e-05,-0.39750000834465027,0.0,0.0,0.011791757307946682,0.011791757307946682,0.0,0.0,0.0,0.0,0.0,0.0,0.0,1.5700000524520874,0.0,0.0,0.0,0.0
132,2.64,front_right_shoulder_to_arm,7,-0.39765140414237976,-2.7758782380260527e-05,-0.39750000834465027,0.0,0.0,0.012058785185217857,0.012058785185217857,0.0,0.0,0.0,0.0,0.0,0.0,0.0,1.5700000524520874,0.0,0.0,0.0,0.0
133,2.66,front_right_shoulder_to_arm,7,-0.3976547420024872,-2.775932807708159e-05,-0.39750000834465027,0.0,0.0,0.012325815856456757,0.012325815856456757,0.0,0.0,0.0,0.0,0.0,0.0,0.0,1.5700000524520874,0.0,0.0,0.0,0.0
134,2.68,front_right_shoulder_to_arm,7,-0.3976580798625946,-2.7755297196563333e-05,-0.39750000834465027,0.0,0.0,0.012592842802405357,0.012592842802405357,0.0,0.0,0.0,0.0,0.0,0.0,0.0,1.5700000524520874,0.0,0.0,0.0,0.0
135,2.7,front_right_shoulder_to_arm,7,-0.397661417722702,-2.775179746095091e-05,-0.39750000834465027,0.0,0.0,0.012859867885708809,0.012859867885708809,0.0,0.0,0.0,0.0,0.0,0.0,0.0,1.5700000524520874,0.0,0.0,0.0,0.0
136,2.72,front_right_shoulder_to_arm,7,-0.39766475558280945,-2.775333632598631e-05,-0.39750000834465027,0.0,0.0,0.013126897625625134,0.013126897625625134,0.0,0.0,0.0,0.0,0.0,0.0,0.0,1.5700000524520874,0.0,0.0,0.0,0.0
137,2.74,front_right_shoulder_to_arm,7,-0.39766809344291687,-2.7754573238780722e-05,-0.39750000834465027,0.0,0.0,0.013393924571573734,0.013393924571573734,0.0,0.0,0.0,0.0,0.0,0.0,0.0,1.5700000524520874,0.0,0.0,0.0,0.0
138,2.7600000000000002,front_right_shoulder_to_arm,7,-0.3976714313030243,-2.7744703402277082e-05,-0.39750000834465027,0.0,0.0,0.013660954311490059,0.013660954311490059,0.0,0.0,0.0,0.0,0.0,0.0,0.0,1.5700000524520874,0.0,0.0,0.0,0.0
139,2.7800000000000002,front_right_shoulder_to_arm,7,-0.3976747691631317,-2.7744346880353987e-05,-0.39750000834465027,0.0,0.0,0.013927980326116085,0.013927980326116085,0.0,0.0,0.0,0.0,0.0,0.0,0.0,1.5700000524520874,0.0,0.0,0.0,0.0
140,2.8000000000000003,front_right_shoulder_to_arm,7,-0.39767810702323914,-2.7741272788261995e-05,-0.39750000834465027,0.0,0.0,0.01419500820338726,0.01419500820338726,0.0,0.0,0.0,0.0,0.0,0.0,0.0,1.5700000524520874,0.0,0.0,0.0,0.0
141,2.82,front_right_shoulder_to_arm,7,-0.39768144488334656,-2.774155291263014e-05,-0.39750000834465027,0.0,0.0,0.01446203701198101,0.01446203701198101,0.0,0.0,0.0,0.0,0.0,0.0,0.0,1.5700000524520874,0.0,0.0,0.0,0.0
142,2.84,front_right_shoulder_to_arm,7,-0.397684782743454,-2.773976666503586e-05,-0.39750000834465027,0.0,0.0,0.014729064889252186,0.014729064889252186,0.0,0.0,0.0,0.0,0.0,0.0,0.0,1.5700000524520874,0.0,0.0,0.0,0.0
143,2.86,front_right_shoulder_to_arm,7,-0.3976881206035614,-2.7735655748983845e-05,-0.39750000834465027,0.0,0.0,0.014996092766523361,0.014996092766523361,0.0,0.0,0.0,0.0,0.0,0.0,0.0,1.5700000524520874,0.0,0.0,0.0,0.0
144,2.88,front_right_shoulder_to_arm,7,-0.3976914584636688,-2.772779407678172e-05,-0.39750000834465027,0.0,0.0,0.015263118781149387,0.015263118781149387,0.0,0.0,0.0,0.0,0.0,0.0,0.0,1.5700000524520874,0.0,0.0,0.0,0.0
145,2.9,front_right_shoulder_to_arm,7,-0.39769479632377625,-2.773038431769237e-05,-0.39750000834465027,0.0,0.0,0.015530150383710861,0.015530150383710861,0.0,0.0,0.0,0.0,0.0,0.0,0.0,1.5700000524520874,0.0,0.0,0.0,0.0
146,2.92,front_right_shoulder_to_arm,7,-0.39769813418388367,-2.7737896743929014e-05,-0.39750000834465027,0.0,0.0,0.015797177329659462,0.015797177329659462,0.0,0.0,0.0,0.0,0.0,0.0,0.0,1.5700000524520874,0.0,0.0,0.0,0.0
147,2.94,front_right_shoulder_to_arm,7,-0.3977014720439911,-2.7727000997401774e-05,-0.39750000834465027,0.0,0.0,0.016064202412962914,0.016064202412962914,0.0,0.0,0.0,0.0,0.0,0.0,0.0,1.5700000524520874,0.0,0.0,0.0,0.0
148,2.96,front_right_shoulder_to_arm,7,-0.3977048099040985,-2.7731937734642997e-05,-0.39750000834465027,0.0,0.0,0.016331233084201813,0.016331233084201813,0.0,0.0,0.0,0.0,0.0,0.0,0.0,1.5700000524520874,0.0,0.0,0.0,0.0
149,2.98,front_right_shoulder_to_arm,7,-0.39770814776420593,-2.7728823624784127e-05,-0.39750000834465027,0.0,0.0,0.016598260030150414,0.016598260030150414,0.0,0.0,0.0,0.0,0.0,0.0,0.0,1.5700000524520874,0.0,0.0,0.0,0.0
150,3.0,front_right_shoulder_to_arm,7,-0.39771148562431335,-2.7722962840925902e-05,-0.39750000834465027,0.0,0.0,0.016865288838744164,0.016865288838744164,0.0,0.0,0.0,0.0,0.0,0.0,0.0,1.5700000524520874,0.0,0.0,0.0,0.0
151,3.02,front_right_shoulder_to_arm,7,-0.3977148234844208,-2.7718764613382518e-05,-0.39750000834465027,0.0,0.0,0.017132315784692764,0.017132315784692764,0.0,0.0,0.0,0.0,0.0,0.0,0.0,1.5700000524520874,0.0,0.0,0.0,0.0
152,3.04,front_right_shoulder_to_arm,7,-0.3977181613445282,-2.7715519536286592e-05,-0.39750000834465027,0.0,0.0,0.017399342730641365,0.017399342730641365,0.0,0.0,0.0,0.0,0.0,0.0,0.0,1.5700000524520874,0.0,0.0,0.0,0.0
153,3.06,front_right_shoulder_to_arm,7,-0.3977214992046356,-2.7715494070434943e-05,-0.39750000834465027,0.0,0.0,0.017666371539235115,0.017666371539235115,0.0,0.0,0.0,0.0,0.0,0.0,0.0,1.5700000524520874,0.0,0.0,0.0,0.0
154,3.08,front_right_shoulder_to_arm,7,-0.39772483706474304,-2.7717480406863615e-05,-0.39750000834465027,0.0,0.0,0.017933396622538567,0.017933396622538567,0.0,0.0,0.0,0.0,0.0,0.0,0.0,1.5700000524520874,0.0,0.0,0.0,0.0
155,3.1,front_right_shoulder_to_arm,7,-0.39772817492485046,-2.7709666028385982e-05,-0.39750000834465027,0.0,0.0,0.018200429156422615,0.018200429156422615,0.0,0.0,0.0,0.0,0.0,0.0,0.0,1.5700000524520874,0.0,0.0,0.0,0.0
156,3.12,front_right_shoulder_to_arm,7,-0.3977315127849579,-2.7713678719010204e-05,-0.39750000834465027,0.0,0.0,0.018467454239726067,0.018467454239726067,0.0,0.0,0.0,0.0,0.0,0.0,0.0,1.5700000524520874,0.0,0.0,0.0,0.0
157,3.14,front_right_shoulder_to_arm,7,-0.3977348506450653,-2.771452273009345e-05,-0.39750000834465027,0.0,0.0,0.018734483048319817,0.018734483048319817,0.0,0.0,0.0,0.0,0.0,0.0,0.0,1.5700000524520874,0.0,0.0,0.0,0.0
158,3.16,front_right_shoulder_to_arm,7,-0.39773818850517273,-2.771114304778166e-05,-0.39750000834465027,0.0,0.0,0.019001508131623268,0.019001508131623268,0.0,0.0,0.0,0.0,0.0,0.0,0.0,1.5700000524520874,0.0,0.0,0.0,0.0
159,3.18,front_right_shoulder_to_arm,7,-0.39774152636528015,-2.7705220418283716e-05,-0.39750000834465027,0.0,0.0,0.019268536940217018,0.019268536940217018,0.0,0.0,0.0,0.0,0.0,0.0,0.0,1.5700000524520874,0.0,0.0,0.0,0.0
160,3.2,front_right_shoulder_to_arm,7,-0.3977448642253876,-2.7702280931407586e-05,-0.39750000834465027,0.0,0.0,0.019535567611455917,0.019535567611455917,0.0,0.0,0.0,0.0,0.0,0.0,0.0,1.5700000524520874,0.0,0.0,0.0,0.0
161,3.22,front_right_shoulder_to_arm,7,-0.397748202085495,-2.7702983061317354e-05,-0.39750000834465027,0.0,0.0,0.019802598282694817,0.019802598282694817,0.0,0.0,0.0,0.0,0.0,0.0,0.0,1.5700000524520874,0.0,0.0,0.0,0.0
162,3.24,front_right_shoulder_to_arm,7,-0.3977515399456024,-2.7699152269633487e-05,-0.39750000834465027,0.0,0.0,0.020069623365998268,0.020069623365998268,0.0,0.0,0.0,0.0,0.0,0.0,0.0,1.5700000524520874,0.0,0.0,0.0,0.0
163,3.2600000000000002,front_right_shoulder_to_arm,7,-0.39775487780570984,-2.769891216303222e-05,-0.39750000834465027,0.0,0.0,0.02033665031194687,0.02033665031194687,0.0,0.0,0.0,0.0,0.0,0.0,0.0,1.5700000524520874,0.0,0.0,0.0,0.0
164,3.2800000000000002,front_right_shoulder_to_arm,7,-0.39775821566581726,-2.769687125692144e-05,-0.39750000834465027,0.0,0.0,0.02060367725789547,0.02060367725789547,0.0,0.0,0.0,0.0,0.0,0.0,0.0,1.5700000524520874,0.0,0.0,0.0,0.0
165,3.3000000000000003,front_right_shoulder_to_arm,7,-0.3977615535259247,-2.769708589767106e-05,-0.39750000834465027,0.0,0.0,0.02087070420384407,0.02087070420384407,0.0,0.0,0.0,0.0,0.0,0.0,0.0,1.5700000524520874,0.0,0.0,0.0,0.0
166,3.3200000000000003,front_right_shoulder_to_arm,7,-0.3977648913860321,-2.7691326977219433e-05,-0.39750000834465027,0.0,0.0,0.02113773487508297,0.02113773487508297,0.0,0.0,0.0,0.0,0.0,0.0,0.0,1.5700000524520874,0.0,0.0,0.0,0.0
167,3.34,front_right_shoulder_to_arm,7,-0.3977682292461395,-2.769429556792602e-05,-0.39750000834465027,0.0,0.0,0.02140475995838642,0.02140475995838642,0.0,0.0,0.0,0.0,0.0,0.0,0.0,1.5700000524520874,0.0,0.0,0.0,0.0
168,3.36,front_right_shoulder_to_arm,7,-0.39777156710624695,-2.7686994144460186e-05,-0.39750000834465027,0.0,0.0,0.02167178876698017,0.02167178876698017,0.0,0.0,0.0,0.0,0.0,0.0,0.0,1.5700000524520874,0.0,0.0,0.0,0.0
169,3.38,front_right_shoulder_to_arm,7,-0.39777490496635437,-2.768525155261159e-05,-0.39750000834465027,0.0,0.0,0.021938815712928772,0.021938815712928772,0.0,0.0,0.0,0.0,0.0,0.0,0.0,1.5700000524520874,0.0,0.0,0.0,0.0
170,3.4,front_right_shoulder_to_arm,7,-0.3977782428264618,-2.7680955099640414e-05,-0.39750000834465027,0.0,0.0,0.022205844521522522,0.022205844521522522,0.0,0.0,0.0,0.0,0.0,0.0,0.0,1.5700000524520874,0.0,0.0,0.0,0.0
171,3.42,front_right_shoulder_to_arm,7,-0.3977815806865692,-2.7685797249432653e-05,-0.39750000834465027,0.0,0.0,0.02247287519276142,0.02247287519276142,0.0,0.0,0.0,0.0,0.0,0.0,0.0,1.5700000524520874,0.0,0.0,0.0,0.0
172,3.44,front_right_shoulder_to_arm,7,-0.39778491854667664,-2.7678415790433064e-05,-0.39750000834465027,0.0,0.0,0.022739902138710022,0.022739902138710022,0.0,0.0,0.0,0.0,0.0,0.0,0.0,1.5700000524520874,0.0,0.0,0.0,0.0
173,3.46,front_right_shoulder_to_arm,7,-0.39778825640678406,-2.768198464764282e-05,-0.39750000834465027,0.0,0.0,0.023006929084658623,0.023006929084658623,0.0,0.0,0.0,0.0,0.0,0.0,0.0,1.5700000524520874,0.0,0.0,0.0,0.0
174,3.48,front_right_shoulder_to_arm,7,-0.3977915942668915,-2.7680365747073665e-05,-0.39750000834465027,0.0,0.0,0.023273956030607224,0.023273956030607224,0.0,0.0,0.0,0.0,0.0,0.0,0.0,1.5700000524520874,0.0,0.0,0.0,0.0
175,3.5,front_right_shoulder_to_arm,7,-0.3977949321269989,-2.7675123419612646e-05,-0.39750000834465027,0.0,0.0,0.023540984839200974,0.023540984839200974,0.0,0.0,0.0,0.0,0.0,0.0,0.0,1.5700000524520874,0.0,0.0,0.0,0.0
176,3.52,front_right_shoulder_to_arm,7,-0.3977982699871063,-2.7677542675519362e-05,-0.39750000834465027,0.0,0.0,0.023808011785149574,0.023808011785149574,0.0,0.0,0.0,0.0,0.0,0.0,0.0,1.5700000524520874,0.0,0.0,0.0,0.0
177,3.54,front_right_shoulder_to_arm,7,-0.39780160784721375,-2.767020123428665e-05,-0.39750000834465027,0.0,0.0,0.024075044319033623,0.024075044319033623,0.0,0.0,0.0,0.0,0.0,0.0,0.0,1.5700000524520874,0.0,0.0,0.0,0.0
178,3.56,front_right_shoulder_to_arm,7,-0.39780494570732117,-2.7676604076987132e-05,-0.39750000834465027,0.0,0.0,0.024342063814401627,0.024342063814401627,0.0,0.0,0.0,0.0,0.0,0.0,0.0,1.5700000524520874,0.0,0.0,0.0,0.0
179,3.58,front_right_shoulder_to_arm,7,-0.3978082835674286,-2.7668695111060515e-05,-0.39750000834465027,0.0,0.0,0.024609098210930824,0.024609098210930824,0.0,0.0,0.0,0.0,0.0,0.0,0.0,1.5700000524520874,0.0,0.0,0.0,0.0
180,3.6,front_right_shoulder_to_arm,7,-0.397811621427536,-2.766449688351713e-05,-0.39750000834465027,0.0,0.0,0.024876123294234276,0.024876123294234276,0.0,0.0,0.0,0.0,0.0,0.0,0.0,1.5700000524520874,0.0,0.0,0.0,0.0
181,3.62,front_right_shoulder_to_arm,7,-0.39781495928764343,-2.7669892006088048e-05,-0.39750000834465027,0.0,0.0,0.025143150240182877,0.025143150240182877,0.0,0.0,0.0,0.0,0.0,0.0,0.0,1.5700000524520874,0.0,0.0,0.0,0.0
182,3.64,front_right_shoulder_to_arm,7,-0.39781829714775085,-2.7663914806907997e-05,-0.39750000834465027,0.0,0.0,0.025410177186131477,0.025410177186131477,0.0,0.0,0.0,0.0,0.0,0.0,0.0,1.5700000524520874,0.0,0.0,0.0,0.0
183,3.66,front_right_shoulder_to_arm,7,-0.3978216350078583,-2.765977114904672e-05,-0.39750000834465027,0.0,0.0,0.025677205994725227,0.025677205994725227,0.0,0.0,0.0,0.0,0.0,0.0,0.0,1.5700000524520874,0.0,0.0,0.0,0.0
184,3.68,front_right_shoulder_to_arm,7,-0.3978249728679657,-2.765671888482757e-05,-0.39750000834465027,0.0,0.0,0.025944234803318977,0.025944234803318977,0.0,0.0,0.0,0.0,0.0,0.0,0.0,1.5700000524520874,0.0,0.0,0.0,0.0
185,3.7,front_right_shoulder_to_arm,7,-0.3978283107280731,-2.7657184546114877e-05,-0.39750000834465027,0.0,0.0,0.026211265474557877,0.026211265474557877,0.0,0.0,0.0,0.0,0.0,0.0,0.0,1.5700000524520874,0.0,0.0,0.0,0.0
186,3.72,front_right_shoulder_to_arm,7,-0.39783164858818054,-2.7654808945953846e-05,-0.39750000834465027,0.0,0.0,0.026478290557861328,0.026478290557861328,0.0,0.0,0.0,0.0,0.0,0.0,0.0,1.5700000524520874,0.0,0.0,0.0,0.0
187,3.74,front_right_shoulder_to_arm,7,-0.39783498644828796,-2.765917088254355e-05,-0.39750000834465027,0.0,0.0,0.02674531750380993,0.02674531750380993,0.0,0.0,0.0,0.0,0.0,0.0,0.0,1.5700000524520874,0.0,0.0,0.0,0.0
188,3.7600000000000002,front_right_shoulder_to_arm,7,-0.3978383243083954,-2.765267709037289e-05,-0.39750000834465027,0.0,0.0,0.02701234444975853,0.02701234444975853,0.0,0.0,0.0,0.0,0.0,0.0,0.0,1.5700000524520874,0.0,0.0,0.0,0.0
189,3.7800000000000002,front_right_shoulder_to_arm,7,-0.3978416621685028,-2.765260069281794e-05,-0.39750000834465027,0.0,0.0,0.02727937139570713,0.02727937139570713,0.0,0.0,0.0,0.0,0.0,0.0,0.0,1.5700000524520874,0.0,0.0,0.0,0.0
190,3.8000000000000003,front_right_shoulder_to_arm,7,-0.39784500002861023,-2.7649570256471634e-05,-0.39750000834465027,0.0,0.0,0.02754640392959118,0.02754640392959118,0.0,0.0,0.0,0.0,0.0,0.0,0.0,1.5700000524520874,0.0,0.0,0.0,0.0
191,3.8200000000000003,front_right_shoulder_to_arm,7,-0.39784833788871765,-2.764710006886162e-05,-0.39750000834465027,0.0,0.0,0.02781343087553978,0.02781343087553978,0.0,0.0,0.0,0.0,0.0,0.0,0.0,1.5700000524520874,0.0,0.0,0.0,0.0
192,3.84,front_right_shoulder_to_arm,7,-0.3978516757488251,-2.7646205126075074e-05,-0.39750000834465027,0.0,0.0,0.02808045595884323,0.02808045595884323,0.0,0.0,0.0,0.0,0.0,0.0,0.0,1.5700000524520874,0.0,0.0,0.0,0.0
193,3.86,front_right_shoulder_to_arm,7,-0.3978550136089325,-2.7643865905702114e-05,-0.39750000834465027,0.0,0.0,0.02834748476743698,0.02834748476743698,0.0,0.0,0.0,0.0,0.0,0.0,0.0,1.5700000524520874,0.0,0.0,0.0,0.0
194,3.88,front_right_shoulder_to_arm,7,-0.3978583514690399,-2.764098098850809e-05,-0.39750000834465027,0.0,0.0,0.028614511713385582,0.028614511713385582,0.0,0.0,0.0,0.0,0.0,0.0,0.0,1.5700000524520874,0.0,0.0,0.0,0.0
195,3.9,front_right_shoulder_to_arm,7,-0.39786168932914734,-2.763844167930074e-05,-0.39750000834465027,0.0,0.0,0.028881538659334183,0.028881538659334183,0.0,0.0,0.0,0.0,0.0,0.0,0.0,1.5700000524520874,0.0,0.0,0.0,0.0
196,3.92,front_right_shoulder_to_arm,7,-0.39786502718925476,-2.7637273888103664e-05,-0.39750000834465027,0.0,0.0,0.02914857119321823,0.02914857119321823,0.0,0.0,0.0,0.0,0.0,0.0,0.0,1.5700000524520874,0.0,0.0,0.0,0.0
197,3.94,front_right_shoulder_to_arm,7,-0.3978683650493622,-2.7636469894787297e-05,-0.39750000834465027,0.0,0.0,0.02941560000181198,0.02941560000181198,0.0,0.0,0.0,0.0,0.0,0.0,0.0,1.5700000524520874,0.0,0.0,0.0,0.0
198,3.96,front_right_shoulder_to_arm,7,-0.3978717029094696,-2.7636018785415217e-05,-0.39750000834465027,0.0,0.0,0.029682626947760582,0.029682626947760582,0.0,0.0,0.0,0.0,0.0,0.0,0.0,1.5700000524520874,0.0,0.0,0.0,0.0
199,3.98,front_right_shoulder_to_arm,7,-0.397875040769577,-2.763222437351942e-05,-0.39750000834465027,0.0,0.0,0.029949653893709183,0.029949653893709183,0.0,0.0,0.0,0.0,0.0,0.0,0.0,1.5700000524520874,0.0,0.0,0.0,0.0
200,4.0,front_right_shoulder_to_arm,7,-0.39787837862968445,-2.7633304853225127e-05,-0.39750000834465027,0.0,0.0,0.030216680839657784,0.030216680839657784,0.0,0.0,0.0,0.0,0.0,0.0,0.0,1.5700000524520874,0.0,0.0,0.0,0.0
201,4.0200000000000005,front_right_shoulder_to_arm,7,-0.39788171648979187,-2.7630427211988717e-05,-0.39750000834465027,0.0,0.0,0.030483709648251534,0.030483709648251534,0.0,0.0,0.0,0.0,0.0,0.0,0.0,1.5700000524520874,0.0,0.0,0.0,0.0
202,4.04,front_right_shoulder_to_arm,7,-0.3978850543498993,-2.762215444818139e-05,-0.39750000834465027,0.0,0.0,0.030750736594200134,0.030750736594200134,0.0,0.0,0.0,0.0,0.0,0.0,0.0,1.5700000524520874,0.0,0.0,0.0,0.0
203,4.0600000000000005,front_right_shoulder_to_arm,7,-0.3978883922100067,-2.7627844247035682e-05,-0.39750000834465027,0.0,0.0,0.031017767265439034,0.031017767265439034,0.0,0.0,0.0,0.0,0.0,0.0,0.0,1.5700000524520874,0.0,0.0,0.0,0.0
204,4.08,front_right_shoulder_to_arm,7,-0.39789173007011414,-2.7624966605799273e-05,-0.39750000834465027,0.0,0.0,0.031284794211387634,0.031284794211387634,0.0,0.0,0.0,0.0,0.0,0.0,0.0,1.5700000524520874,0.0,0.0,0.0,0.0
205,4.1,front_right_shoulder_to_arm,7,-0.39789506793022156,-2.762152871582657e-05,-0.39750000834465027,0.0,0.0,0.031551819294691086,0.031551819294691086,0.0,0.0,0.0,0.0,0.0,0.0,0.0,1.5700000524520874,0.0,0.0,0.0,0.0
206,4.12,front_right_shoulder_to_arm,7,-0.397898405790329,-2.7615147700998932e-05,-0.39750000834465027,0.0,0.0,0.031818848103284836,0.031818848103284836,0.0,0.0,0.0,0.0,0.0,0.0,0.0,1.5700000524520874,0.0,0.0,0.0,0.0
207,4.14,front_right_shoulder_to_arm,7,-0.3979017436504364,-2.7619305910775438e-05,-0.39750000834465027,0.0,0.0,0.032085876911878586,0.032085876911878586,0.0,0.0,0.0,0.0,0.0,0.0,0.0,1.5700000524520874,0.0,0.0,0.0,0.0
208,4.16,front_right_shoulder_to_arm,7,-0.3979050815105438,-2.7615373255684972e-05,-0.39750000834465027,0.0,0.0,0.03235290199518204,0.03235290199518204,0.0,0.0,0.0,0.0,0.0,0.0,0.0,1.5700000524520874,0.0,0.0,0.0,0.0
209,4.18,front_right_shoulder_to_arm,7,-0.39790841937065125,-2.761332507361658e-05,-0.39750000834465027,0.0,0.0,0.03261993080377579,0.03261993080377579,0.0,0.0,0.0,0.0,0.0,0.0,0.0,1.5700000524520874,0.0,0.0,0.0,0.0
210,4.2,front_right_shoulder_to_arm,7,-0.39791175723075867,-2.7616973966360092e-05,-0.39750000834465027,0.0,0.0,0.03288695961236954,0.03288695961236954,0.0,0.0,0.0,0.0,0.0,0.0,0.0,1.5700000524520874,0.0,0.0,0.0,0.0
211,4.22,front_right_shoulder_to_arm,7,-0.3979150950908661,-2.7609799872152507e-05,-0.39750000834465027,0.0,0.0,0.03315398469567299,0.03315398469567299,0.0,0.0,0.0,0.0,0.0,0.0,0.0,1.5700000524520874,0.0,0.0,0.0,0.0
212,4.24,front_right_shoulder_to_arm,7,-0.3979184329509735,-2.760656934697181e-05,-0.39750000834465027,0.0,0.0,0.03342101722955704,0.03342101722955704,0.0,0.0,0.0,0.0,0.0,0.0,0.0,1.5700000524520874,0.0,0.0,0.0,0.0
213,4.26,front_right_shoulder_to_arm,7,-0.39792177081108093,-2.760040297289379e-05,-0.39750000834465027,0.0,0.0,0.03368804231286049,0.03368804231286049,0.0,0.0,0.0,0.0,0.0,0.0,0.0,1.5700000524520874,0.0,0.0,0.0,0.0
214,4.28,front_right_shoulder_to_arm,7,-0.39792510867118835,-2.760360439424403e-05,-0.39750000834465027,0.0,0.0,0.03395507484674454,0.03395507484674454,0.0,0.0,0.0,0.0,0.0,0.0,0.0,1.5700000524520874,0.0,0.0,0.0,0.0
215,4.3,front_right_shoulder_to_arm,7,-0.3979284465312958,-2.7598322049016133e-05,-0.39750000834465027,0.0,0.0,0.03422209993004799,0.03422209993004799,0.0,0.0,0.0,0.0,0.0,0.0,0.0,1.5700000524520874,0.0,0.0,0.0,0.0
216,4.32,front_right_shoulder_to_arm,7,-0.3979317843914032,-2.7601057809079066e-05,-0.39750000834465027,0.0,0.0,0.03448912873864174,0.03448912873864174,0.0,0.0,0.0,0.0,0.0,0.0,0.0,1.5700000524520874,0.0,0.0,0.0,0.0
217,4.34,front_right_shoulder_to_arm,7,-0.3979351222515106,-2.7602884074440226e-05,-0.39750000834465027,0.0,0.0,0.03475615382194519,0.03475615382194519,0.0,0.0,0.0,0.0,0.0,0.0,0.0,1.5700000524520874,0.0,0.0,0.0,0.0
218,4.36,front_right_shoulder_to_arm,7,-0.39793846011161804,-2.7600086468737572e-05,-0.39750000834465027,0.0,0.0,0.03502318635582924,0.03502318635582924,0.0,0.0,0.0,0.0,0.0,0.0,0.0,1.5700000524520874,0.0,0.0,0.0,0.0
219,4.38,front_right_shoulder_to_arm,7,-0.39794179797172546,-2.7596928703133017e-05,-0.39750000834465027,0.0,0.0,0.03529021143913269,0.03529021143913269,0.0,0.0,0.0,0.0,0.0,0.0,0.0,1.5700000524520874,0.0,0.0,0.0,0.0
220,4.4,front_right_shoulder_to_arm,7,-0.3979451358318329,-2.759751077974215e-05,-0.39750000834465027,0.0,0.0,0.03555724024772644,0.03555724024772644,0.0,0.0,0.0,0.0,0.0,0.0,0.0,1.5700000524520874,0.0,0.0,0.0,0.0
221,4.42,front_right_shoulder_to_arm,7,-0.3979484736919403,-2.7590016543399543e-05,-0.39750000834465027,0.0,0.0,0.03582426533102989,0.03582426533102989,0.0,0.0,0.0,0.0,0.0,0.0,0.0,1.5700000524520874,0.0,0.0,0.0,0.0
222,4.44,front_right_shoulder_to_arm,7,-0.39795181155204773,-2.7586669602897018e-05,-0.39750000834465027,0.0,0.0,0.03609129413962364,0.03609129413962364,0.0,0.0,0.0,0.0,0.0,0.0,0.0,1.5700000524520874,0.0,0.0,0.0,0.0
223,4.46,front_right_shoulder_to_arm,7,-0.39795511960983276,-2.7577014407142997e-05,-0.39750000834465027,0.0,0.0,0.036355726420879364,0.036355726420879364,0.0,0.0,0.0,0.0,0.0,0.0,0.0,1.5700000524520874,0.0,0.0,0.0,0.0
224,4.48,front_right_shoulder_to_arm,7,-0.3979584574699402,-2.7584861527429894e-05,-0.39750000834465027,0.0,0.0,0.036622967571020126,0.036622967571020126,0.0,0.0,0.0,0.0,0.0,0.0,0.0,1.5700000524520874,0.0,0.0,0.0,0.0
225,4.5,front_right_shoulder_to_arm,7,-0.3979617953300476,-2.758644404821098e-05,-0.39750000834465027,0.0,0.0,0.036889996379613876,0.036889996379613876,0.0,0.0,0.0,0.0,0.0,0.0,0.0,1.5700000524520874,0.0,0.0,0.0,0.0
226,4.5200000000000005,front_right_shoulder_to_arm,7,-0.39796513319015503,-2.7583111659623682e-05,-0.39750000834465027,0.0,0.0,0.03715702146291733,0.03715702146291733,0.0,0.0,0.0,0.0,0.0,0.0,0.0,1.5700000524520874,0.0,0.0,0.0,0.0
227,4.54,front_right_shoulder_to_arm,7,-0.39796847105026245,-2.758397749857977e-05,-0.39750000834465027,0.0,0.0,0.03742405027151108,0.03742405027151108,0.0,0.0,0.0,0.0,0.0,0.0,0.0,1.5700000524520874,0.0,0.0,0.0,0.0
228,4.5600000000000005,front_right_shoulder_to_arm,7,-0.3979718089103699,-2.7584374038269743e-05,-0.39750000834465027,0.0,0.0,0.03769107535481453,0.03769107535481453,0.0,0.0,0.0,0.0,0.0,0.0,0.0,1.5700000524520874,0.0,0.0,0.0,0.0
229,4.58,front_right_shoulder_to_arm,7,-0.3979751467704773,-2.7576854336075485e-05,-0.39750000834465027,0.0,0.0,0.03795810788869858,0.03795810788869858,0.0,0.0,0.0,0.0,0.0,0.0,0.0,1.5700000524520874,0.0,0.0,0.0,0.0
230,4.6000000000000005,front_right_shoulder_to_arm,7,-0.39797845482826233,-2.755902096396312e-05,-0.39750000834465027,0.0,0.0,0.0382225401699543,0.0382225401699543,0.0,0.0,0.0,0.0,0.0,0.0,0.0,1.5700000524520874,0.0,0.0,0.0,0.0
231,4.62,front_right_shoulder_to_arm,7,-0.39798179268836975,-2.7574253181228414e-05,-0.39750000834465027,0.0,0.0,0.038489777594804764,0.038489777594804764,0.0,0.0,0.0,0.0,0.0,0.0,0.0,1.5700000524520874,0.0,0.0,0.0,0.0
232,4.64,front_right_shoulder_to_arm,7,-0.3979851305484772,-2.7573729312280193e-05,-0.39750000834465027,0.0,0.0,0.038756802678108215,0.038756802678108215,0.0,0.0,0.0,0.0,0.0,0.0,0.0,1.5700000524520874,0.0,0.0,0.0,0.0
233,4.66,front_right_shoulder_to_arm,7,-0.3979884684085846,-2.7566075004870072e-05,-0.39750000834465027,0.0,0.0,0.039023831486701965,0.039023831486701965,0.0,0.0,0.0,0.0,0.0,0.0,0.0,1.5700000524520874,0.0,0.0,0.0,0.0
234,4.68,front_right_shoulder_to_arm,7,-0.397991806268692,-2.7568738005356863e-05,-0.39750000834465027,0.0,0.0,0.039290860295295715,0.039290860295295715,0.0,0.0,0.0,0.0,0.0,0.0,0.0,1.5700000524520874,0.0,0.0,0.0,0.0
235,4.7,front_right_shoulder_to_arm,7,-0.39799514412879944,-2.7566249627852812e-05,-0.39750000834465027,0.0,0.0,0.039557889103889465,0.039557889103889465,0.0,0.0,0.0,0.0,0.0,0.0,0.0,1.5700000524520874,0.0,0.0,0.0,0.0
236,4.72,front_right_shoulder_to_arm,7,-0.39799848198890686,-2.756697722361423e-05,-0.39750000834465027,0.0,0.0,0.03982491418719292,0.03982491418719292,0.0,0.0,0.0,0.0,0.0,0.0,0.0,1.5700000524520874,0.0,0.0,0.0,0.0
237,4.74,front_right_shoulder_to_arm,7,-0.3980017602443695,-2.7562542527448386e-05,-0.39750000834465027,0.0,0.0,0.04008716717362404,0.04008716717362404,0.0,0.0,0.0,0.0,0.0,0.0,0.0,1.5700000524520874,0.0,0.0,0.0,0.0
238,4.76,front_right_shoulder_to_arm,7,-0.39800509810447693,-2.7557693101698533e-05,-0.39750000834465027,0.0,0.0,0.040354203432798386,0.040354203432798386,0.0,0.0,0.0,0.0,0.0,0.0,0.0,1.5700000524520874,0.0,0.0,0.0,0.0
239,4.78,front_right_shoulder_to_arm,7,-0.3980083465576172,-2.756074900389649e-05,-0.39750000834465027,0.0,0.0,0.040616463869810104,0.040616463869810104,0.0,0.0,0.0,0.0,0.0,0.0,0.0,1.5700000524520874,0.0,0.0,0.0,0.0
240,4.8,front_right_shoulder_to_arm,7,-0.39801156520843506,-2.755468085524626e-05,-0.39750000834465027,0.0,0.0,0.04087395593523979,0.04087395593523979,0.0,0.0,0.0,0.0,0.0,0.0,0.0,1.5700000524520874,0.0,0.0,0.0,0.0
241,4.82,front_right_shoulder_to_arm,7,-0.39801478385925293,-2.7556288841878995e-05,-0.39750000834465027,0.0,0.0,0.04113144800066948,0.04113144800066948,0.0,0.0,0.0,0.0,0.0,0.0,0.0,1.5700000524520874,0.0,0.0,0.0,0.0
242,4.84,front_right_shoulder_to_arm,7,-0.3980180025100708,-2.7552938263397664e-05,-0.39750000834465027,0.0,0.0,0.04138893634080887,0.04138893634080887,0.0,0.0,0.0,0.0,0.0,0.0,0.0,1.5700000524520874,0.0,0.0,0.0,0.0
243,4.86,front_right_shoulder_to_arm,7,-0.39802125096321106,-2.7131285605719313e-05,-0.39750000834465027,0.0,0.0,0.04164119064807892,0.04164119064807892,0.0,0.0,0.0,0.0,0.0,0.0,0.0,1.5700000524520874,0.0,0.0,0.0,0.0
244,4.88,front_right_shoulder_to_arm,7,-0.39802446961402893,-2.755580862867646e-05,-0.39750000834465027,0.0,0.0,0.04190630465745926,0.04190630465745926,0.0,0.0,0.0,0.0,0.0,0.0,0.0,1.5700000524520874,0.0,0.0,0.0,0.0
245,4.9,front_right_shoulder_to_arm,7,-0.3980276882648468,-2.7544527256395668e-05,-0.39750000834465027,0.0,0.0,0.04216379299759865,0.04216379299759865,0.0,0.0,0.0,0.0,0.0,0.0,0.0,1.5700000524520874,0.0,0.0,0.0,0.0
246,4.92,front_right_shoulder_to_arm,7,-0.3980309069156647,-2.754386150627397e-05,-0.39750000834465027,0.0,0.0,0.042421288788318634,0.042421288788318634,0.0,0.0,0.0,0.0,0.0,0.0,0.0,1.5700000524520874,0.0,0.0,0.0,0.0
247,4.94,front_right_shoulder_to_arm,7,-0.39803412556648254,-2.7542006137082353e-05,-0.39750000834465027,0.0,0.0,0.04267877712845802,0.04267877712845802,0.0,0.0,0.0,0.0,0.0,0.0,0.0,1.5700000524520874,0.0,0.0,0.0,0.0
248,4.96,front_right_shoulder_to_arm,7,-0.3980373442173004,-2.7543956093722954e-05,-0.39750000834465027,0.0,0.0,0.04293626919388771,0.04293626919388771,0.0,0.0,0.0,0.0,0.0,0.0,0.0,1.5700000524520874,0.0,0.0,0.0,0.0
249,4.98,front_right_shoulder_to_arm,7,-0.3980405628681183,-2.753665830823593e-05,-0.39750000834465027,0.0,0.0,0.0431937575340271,0.0431937575340271,0.0,0.0,0.0,0.0,0.0,0.0,0.0,1.5700000524520874,0.0,0.0,0.0,0.0
250,5.0,front_right_shoulder_to_arm,7,-0.39797890186309814,-2.7529185899766162e-05,-0.39750000834465027,0.0,0.0,0.03826009854674339,0.03826009854674339,0.0,0.0,0.0,0.0,0.0,0.0,0.0,1.5700000524520874,0.0,0.0,0.0,0.0
251,5.0200000000000005,front_right_shoulder_to_arm,7,-0.39798223972320557,-2.757384572760202e-05,-0.39750000834465027,0.0,0.0,0.03852554038167,0.03852554038167,0.0,0.0,0.0,0.0,0.0,0.0,0.0,1.5700000524520874,0.0,0.0,0.0,0.0
252,5.04,front_right_shoulder_to_arm,7,-0.397985577583313,-2.75681413768325e-05,-0.39750000834465027,0.0,0.0,0.03879256919026375,0.03879256919026375,0.0,0.0,0.0,0.0,0.0,0.0,0.0,1.5700000524520874,0.0,0.0,0.0,0.0
253,5.0600000000000005,front_right_shoulder_to_arm,7,-0.3979889154434204,-2.7568006771616638e-05,-0.39750000834465027,0.0,0.0,0.0390595942735672,0.0390595942735672,0.0,0.0,0.0,0.0,0.0,0.0,0.0,1.5700000524520874,0.0,0.0,0.0,0.0
254,5.08,front_right_shoulder_to_arm,7,-0.39799225330352783,-2.7564779884414747e-05,-0.39750000834465027,0.0,0.0,0.03932662308216095,0.03932662308216095,0.0,0.0,0.0,0.0,0.0,0.0,0.0,1.5700000524520874,0.0,0.0,0.0,0.0
255,5.1000000000000005,front_right_shoulder_to_arm,7,-0.39799559116363525,-2.7561545721255243e-05,-0.39750000834465027,0.0,0.0,0.0395936518907547,0.0395936518907547,0.0,0.0,0.0,0.0,0.0,0.0,0.0,1.5700000524520874,0.0,0.0,0.0,0.0
256,5.12,front_right_shoulder_to_arm,7,-0.3979989290237427,-2.75570600933861e-05,-0.39750000834465027,0.0,0.0,0.03986068069934845,0.03986068069934845,0.0,0.0,0.0,0.0,0.0,0.0,0.0,1.5700000524520874,0.0,0.0,0.0,0.0
257,5.14,front_right_shoulder_to_arm,7,-0.3980022072792053,-2.7547033823793754e-05,-0.39750000834465027,0.0,0.0,0.04012511298060417,0.04012511298060417,0.0,0.0,0.0,0.0,0.0,0.0,0.0,1.5700000524520874,0.0,0.0,0.0,0.0
258,5.16,front_right_shoulder_to_arm,7,-0.39800554513931274,-2.7555353881325573e-05,-0.39750000834465027,0.0,0.0,0.04038996621966362,0.04038996621966362,0.0,0.0,0.0,0.0,0.0,0.0,0.0,1.5700000524520874,0.0,0.0,0.0,0.0
259,5.18,front_right_shoulder_to_arm,7,-0.3980087637901306,-2.7558027795748785e-05,-0.39750000834465027,0.0,0.0,0.040649838745594025,0.040649838745594025,0.0,0.0,0.0,0.0,0.0,0.0,0.0,1.5700000524520874,0.0,0.0,0.0,0.0
260,5.2,front_right_shoulder_to_arm,7,-0.3980119824409485,-2.7550548111321405e-05,-0.39750000834465027,0.0,0.0,0.04090733453631401,0.04090733453631401,0.0,0.0,0.0,0.0,0.0,0.0,0.0,1.5700000524520874,0.0,0.0,0.0,0.0
261,5.22,front_right_shoulder_to_arm,7,-0.39801520109176636,-2.7555099222809076e-05,-0.39750000834465027,0.0,0.0,0.0411648228764534,0.0411648228764534,0.0,0.0,0.0,0.0,0.0,0.0,0.0,1.5700000524520874,0.0,0.0,0.0,0.0
262,5.24,front_right_shoulder_to_arm,7,-0.39801841974258423,-2.755157765932381e-05,-0.39750000834465027,0.0,0.0,0.04142231494188309,0.04142231494188309,0.0,0.0,0.0,0.0,0.0,0.0,0.0,1.5700000524520874,0.0,0.0,0.0,0.0
263,5.26,front_right_shoulder_to_arm,7,-0.3980216681957245,-1.2316853826632723e-05,-0.39750000834465027,0.0,0.0,0.041679807007312775,0.041679807007312775,0.0,0.0,0.0,0.0,0.0,0.0,0.0,1.5700000524520874,0.0,0.0,0.0,0.0
264,5.28,front_right_shoulder_to_arm,7,-0.39802488684654236,-2.755042805802077e-05,-0.39750000834465027,0.0,0.0,0.04193968325853348,0.04193968325853348,0.0,0.0,0.0,0.0,0.0,0.0,0.0,1.5700000524520874,0.0,0.0,0.0,0.0
265,5.3,front_right_shoulder_to_arm,7,-0.39802810549736023,-2.754348679445684e-05,-0.39750000834465027,0.0,0.0,0.042197175323963165,0.042197175323963165,0.0,0.0,0.0,0.0,0.0,0.0,0.0,1.5700000524520874,0.0,0.0,0.0,0.0
266,5.32,front_right_shoulder_to_arm,7,-0.3980313241481781,-2.754546221694909e-05,-0.39750000834465027,0.0,0.0,0.042454663664102554,0.042454663664102554,0.0,0.0,0.0,0.0,0.0,0.0,0.0,1.5700000524520874,0.0,0.0,0.0,0.0
267,5.34,front_right_shoulder_to_arm,7,-0.39803454279899597,-2.75447491731029e-05,-0.39750000834465027,0.0,0.0,0.04271215572953224,0.04271215572953224,0.0,0.0,0.0,0.0,0.0,0.0,0.0,1.5700000524520874,0.0,0.0,0.0,0.0
268,5.36,front_right_shoulder_to_arm,7,-0.39803776144981384,-2.753824446699582e-05,-0.39750000834465027,0.0,0.0,0.04296964406967163,0.04296964406967163,0.0,0.0,0.0,0.0,0.0,0.0,0.0,1.5700000524520874,0.0,0.0,0.0,0.0
269,5.38,front_right_shoulder_to_arm,7,-0.3980409801006317,-2.7543832402443513e-05,-0.39750000834465027,0.0,0.0,0.04322713986039162,0.04322713986039162,0.0,0.0,0.0,0.0,0.0,0.0,0.0,1.5700000524520874,0.0,0.0,0.0,0.0
270,5.4,front_right_shoulder_to_arm,7,-0.3979792892932892,-2.598763967398554e-05,-0.39750000834465027,0.0,0.0,0.03826301544904709,0.03826301544904709,0.0,0.0,0.0,0.0,0.0,0.0,0.0,1.5700000524520874,0.0,0.0,0.0,0.0
271,5.42,front_right_shoulder_to_arm,7,-0.3979825973510742,-2.7576614229474217e-05,-0.39750000834465027,0.0,0.0,0.038554150611162186,0.038554150611162186,0.0,0.0,0.0,0.0,0.0,0.0,0.0,1.5700000524520874,0.0,0.0,0.0,0.0
272,5.44,front_right_shoulder_to_arm,7,-0.39798593521118164,-2.7570353267947212e-05,-0.39750000834465027,0.0,0.0,0.03882117569446564,0.03882117569446564,0.0,0.0,0.0,0.0,0.0,0.0,0.0,1.5700000524520874,0.0,0.0,0.0,0.0
273,5.46,front_right_shoulder_to_arm,7,-0.39798927307128906,-2.7570335078053176e-05,-0.39750000834465027,0.0,0.0,0.039088208228349686,0.039088208228349686,0.0,0.0,0.0,0.0,0.0,0.0,0.0,1.5700000524520874,0.0,0.0,0.0,0.0
274,5.48,front_right_shoulder_to_arm,7,-0.3979926109313965,-2.7570997190196067e-05,-0.39750000834465027,0.0,0.0,0.03935523331165314,0.03935523331165314,0.0,0.0,0.0,0.0,0.0,0.0,0.0,1.5700000524520874,0.0,0.0,0.0,0.0
275,5.5,front_right_shoulder_to_arm,7,-0.3979959487915039,-2.7567886718316004e-05,-0.39750000834465027,0.0,0.0,0.03962226212024689,0.03962226212024689,0.0,0.0,0.0,0.0,0.0,0.0,0.0,1.5700000524520874,0.0,0.0,0.0,0.0
276,5.5200000000000005,front_right_shoulder_to_arm,7,-0.39799928665161133,-2.756579124252312e-05,-0.39750000834465027,0.0,0.0,0.03988929092884064,0.03988929092884064,0.0,0.0,0.0,0.0,0.0,0.0,0.0,1.5700000524520874,0.0,0.0,0.0,0.0
277,5.54,front_right_shoulder_to_arm,7,-0.39800259470939636,-2.713754292926751e-05,-0.39750000834465027,0.0,0.0,0.040148694068193436,0.040148694068193436,0.0,0.0,0.0,0.0,0.0,0.0,0.0,1.5700000524520874,0.0,0.0,0.0,0.0
278,5.5600000000000005,front_right_shoulder_to_arm,7,-0.3980059027671814,-2.756267713266425e-05,-0.39750000834465027,0.0,0.0,0.04041857644915581,0.04041857644915581,0.0,0.0,0.0,0.0,0.0,0.0,0.0,1.5700000524520874,0.0,0.0,0.0,0.0
279,5.58,front_right_shoulder_to_arm,7,-0.39800912141799927,-2.7559090085560456e-05,-0.39750000834465027,0.0,0.0,0.04067844897508621,0.04067844897508621,0.0,0.0,0.0,0.0,0.0,0.0,0.0,1.5700000524520874,0.0,0.0,0.0,0.0
280,5.6000000000000005,front_right_shoulder_to_arm,7,-0.39801234006881714,-2.755275636445731e-05,-0.39750000834465027,0.0,0.0,0.0409359447658062,0.0409359447658062,0.0,0.0,0.0,0.0,0.0,0.0,0.0,1.5700000524520874,0.0,0.0,0.0,0.0
281,5.62,front_right_shoulder_to_arm,7,-0.398015558719635,-2.7554327971301973e-05,-0.39750000834465027,0.0,0.0,0.04119343310594559,0.04119343310594559,0.0,0.0,0.0,0.0,0.0,0.0,0.0,1.5700000524520874,0.0,0.0,0.0,0.0
282,5.64,front_right_shoulder_to_arm,7,-0.3980187773704529,-2.7548023354029283e-05,-0.39750000834465027,0.0,0.0,0.041450925171375275,0.041450925171375275,0.0,0.0,0.0,0.0,0.0,0.0,0.0,1.5700000524520874,0.0,0.0,0.0,0.0
283,5.66,front_right_shoulder_to_arm,7,-0.39802199602127075,-2.754867819021456e-05,-0.39750000834465027,0.0,0.0,0.04170841723680496,0.04170841723680496,0.0,0.0,0.0,0.0,0.0,0.0,0.0,1.5700000524520874,0.0,0.0,0.0,0.0
284,5.68,front_right_shoulder_to_arm,7,-0.398025244474411,-2.755202876869589e-05,-0.39750000834465027,0.0,0.0,0.04196828603744507,0.04196828603744507,0.0,0.0,0.0,0.0,0.0,0.0,0.0,1.5700000524520874,0.0,0.0,0.0,0.0
285,5.7,front_right_shoulder_to_arm,7,-0.3980284631252289,-2.754374872893095e-05,-0.39750000834465027,0.0,0.0,0.04222578555345535,0.04222578555345535,0.0,0.0,0.0,0.0,0.0,0.0,0.0,1.5700000524520874,0.0,0.0,0.0,0.0
286,5.72,front_right_shoulder_to_arm,7,-0.39803168177604675,-2.75472630164586e-05,-0.39750000834465027,0.0,0.0,0.04248327016830444,0.04248327016830444,0.0,0.0,0.0,0.0,0.0,0.0,0.0,1.5700000524520874,0.0,0.0,0.0,0.0
287,5.74,front_right_shoulder_to_arm,7,-0.3980349004268646,-2.7545283955987543e-05,-0.39750000834465027,0.0,0.0,0.04274076595902443,0.04274076595902443,0.0,0.0,0.0,0.0,0.0,0.0,0.0,1.5700000524520874,0.0,0.0,0.0,0.0
288,5.76,front_right_shoulder_to_arm,7,-0.3980381190776825,-2.7545520424610004e-05,-0.39750000834465027,0.0,0.0,0.04299825802445412,0.04299825802445412,0.0,0.0,0.0,0.0,0.0,0.0,0.0,1.5700000524520874,0.0,0.0,0.0,0.0
289,5.78,front_right_shoulder_to_arm,7,-0.39804133772850037,-2.7537975256564096e-05,-0.39750000834465027,0.0,0.0,0.043255746364593506,0.043255746364593506,0.0,0.0,0.0,0.0,0.0,0.0,0.0,1.5700000524520874,0.0,0.0,0.0,0.0
290,5.8,front_right_shoulder_to_arm,7,-0.39797958731651306,3.0234601581469178e-05,-0.39750000834465027,0.0,0.0,0.03740426525473595,0.03740426525473595,0.0,0.0,0.0,0.0,0.0,0.0,0.0,1.5700000524520874,0.0,0.0,0.0,0.0
291,5.82,front_right_shoulder_to_arm,7,-0.3979828655719757,-2.756811591098085e-05,-0.39750000834465027,0.0,0.0,0.03857560455799103,0.03857560455799103,0.0,0.0,0.0,0.0,0.0,0.0,0.0,1.5700000524520874,0.0,0.0,0.0,0.0
292,5.84,front_right_shoulder_to_arm,7,-0.39798620343208313,-2.75743477686774e-05,-0.39750000834465027,0.0,0.0,0.03884263336658478,0.03884263336658478,0.0,0.0,0.0,0.0,0.0,0.0,0.0,1.5700000524520874,0.0,0.0,0.0,0.0
293,5.86,front_right_shoulder_to_arm,7,-0.39798954129219055,-2.756895628408529e-05,-0.39750000834465027,0.0,0.0,0.039109665900468826,0.039109665900468826,0.0,0.0,0.0,0.0,0.0,0.0,0.0,1.5700000524520874,0.0,0.0,0.0,0.0
294,5.88,front_right_shoulder_to_arm,7,-0.397992879152298,-2.756686444627121e-05,-0.39750000834465027,0.0,0.0,0.039376694709062576,0.039376694709062576,0.0,0.0,0.0,0.0,0.0,0.0,0.0,1.5700000524520874,0.0,0.0,0.0,0.0
295,5.9,front_right_shoulder_to_arm,7,-0.3979962170124054,-2.756411413429305e-05,-0.39750000834465027,0.0,0.0,0.03964371979236603,0.03964371979236603,0.0,0.0,0.0,0.0,0.0,0.0,0.0,1.5700000524520874,0.0,0.0,0.0,0.0
296,5.92,front_right_shoulder_to_arm,7,-0.3979995548725128,-2.7561571187106892e-05,-0.39750000834465027,0.0,0.0,0.03991074487566948,0.03991074487566948,0.0,0.0,0.0,0.0,0.0,0.0,0.0,1.5700000524520874,0.0,0.0,0.0,0.0
297,5.94,front_right_shoulder_to_arm,7,-0.39800289273262024,-1.2312812032178044e-05,-0.39750000834465027,0.0,0.0,0.04017777368426323,0.04017777368426323,0.0,0.0,0.0,0.0,0.0,0.0,0.0,1.5700000524520874,0.0,0.0,0.0,0.0
298,5.96,front_right_shoulder_to_arm,7,-0.3980061411857605,-2.755768582574092e-05,-0.39750000834465027,0.0,0.0,0.04044003412127495,0.04044003412127495,0.0,0.0,0.0,0.0,0.0,0.0,0.0,1.5700000524520874,0.0,0.0,0.0,0.0
299,5.98,front_right_shoulder_to_arm,7,-0.39800935983657837,-2.755468085524626e-05,-0.39750000834465027,0.0,0.0,0.040697526186704636,0.040697526186704636,0.0,0.0,0.0,0.0,0.0,0.0,0.0,1.5700000524520874,0.0,0.0,0.0,0.0
300,6.0,front_right_shoulder_to_arm,7,-0.39801257848739624,-2.7560501621337608e-05,-0.39750000834465027,0.0,0.0,0.040955014526844025,0.040955014526844025,0.0,0.0,0.0,0.0,0.0,0.0,0.0,1.5700000524520874,0.0,0.0,0.0,0.0
301,6.0200000000000005,front_right_shoulder_to_arm,7,-0.3980157971382141,-2.755258174147457e-05,-0.39750000834465027,0.0,0.0,0.04121250659227371,0.04121250659227371,0.0,0.0,0.0,0.0,0.0,0.0,0.0,1.5700000524520874,0.0,0.0,0.0,0.0
302,6.04,front_right_shoulder_to_arm,7,-0.398019015789032,-2.7551534003578126e-05,-0.39750000834465027,0.0,0.0,0.0414699986577034,0.0414699986577034,0.0,0.0,0.0,0.0,0.0,0.0,0.0,1.5700000524520874,0.0,0.0,0.0,0.0
303,6.0600000000000005,front_right_shoulder_to_arm,7,-0.39802223443984985,-2.7551370294531807e-05,-0.39750000834465027,0.0,0.0,0.04172749072313309,0.04172749072313309,0.0,0.0,0.0,0.0,0.0,0.0,0.0,1.5700000524520874,0.0,0.0,0.0,0.0
304,6.08,front_right_shoulder_to_arm,7,-0.3980254828929901,-2.7537647838471457e-05,-0.39750000834465027,0.0,0.0,0.041987158358097076,0.041987158358097076,0.0,0.0,0.0,0.0,0.0,0.0,0.0,1.5700000524520874,0.0,0.0,0.0,0.0
305,6.1000000000000005,front_right_shoulder_to_arm,7,-0.398028701543808,-2.7548598154680803e-05,-0.39750000834465027,0.0,0.0,0.04224485531449318,0.04224485531449318,0.0,0.0,0.0,0.0,0.0,0.0,0.0,1.5700000524520874,0.0,0.0,0.0,0.0
306,6.12,front_right_shoulder_to_arm,7,-0.39803192019462585,-2.754781598923728e-05,-0.39750000834465027,0.0,0.0,0.04250234737992287,0.04250234737992287,0.0,0.0,0.0,0.0,0.0,0.0,0.0,1.5700000524520874,0.0,0.0,0.0,0.0
307,6.140000000000001,front_right_shoulder_to_arm,7,-0.3980351388454437,-2.7538811991689727e-05,-0.39750000834465027,0.0,0.0,0.042759839445352554,0.042759839445352554,0.0,0.0,0.0,0.0,0.0,0.0,0.0,1.5700000524520874,0.0,0.0,0.0,0.0
308,6.16,front_right_shoulder_to_arm,7,-0.3980383574962616,-2.7533911634236574e-05,-0.39750000834465027,0.0,0.0,0.04301733151078224,0.04301733151078224,0.0,0.0,0.0,0.0,0.0,0.0,0.0,1.5700000524520874,0.0,0.0,0.0,0.0
309,6.18,front_right_shoulder_to_arm,7,-0.39804157614707947,-2.7540856535779312e-05,-0.39750000834465027,0.0,0.0,0.04327481985092163,0.04327481985092163,0.0,0.0,0.0,0.0,0.0,0.0,0.0,1.5700000524520874,0.0,0.0,0.0,0.0
310,6.2,front_right_shoulder_to_arm,7,-0.3979814946651459,0.0020736621227115393,-0.39750000834465027,0.0,0.0,0.04353231191635132,0.04353231191635132,0.0,0.0,0.0,0.0,0.0,0.0,0.0,1.5700000524520874,0.0,0.0,0.0,0.0
311,6.22,front_right_shoulder_to_arm,7,-0.39798301458358765,-2.7575424610404298e-05,-0.39750000834465027,0.0,0.0,0.038587503135204315,0.038587503135204315,0.0,0.0,0.0,0.0,0.0,0.0,0.0,1.5700000524520874,0.0,0.0,0.0,0.0
312,6.24,front_right_shoulder_to_arm,7,-0.39798635244369507,-2.7565431082621217e-05,-0.39750000834465027,0.0,0.0,0.038854558020830154,0.038854558020830154,0.0,0.0,0.0,0.0,0.0,0.0,0.0,1.5700000524520874,0.0,0.0,0.0,0.0
313,6.26,front_right_shoulder_to_arm,7,-0.3979896903038025,-2.7562542527448386e-05,-0.39750000834465027,0.0,0.0,0.039121583104133606,0.039121583104133606,0.0,0.0,0.0,0.0,0.0,0.0,0.0,1.5700000524520874,0.0,0.0,0.0,0.0
314,6.28,front_right_shoulder_to_arm,7,-0.3979930281639099,-2.7558337023947388e-05,-0.39750000834465027,0.0,0.0,0.039388611912727356,0.039388611912727356,0.0,0.0,0.0,0.0,0.0,0.0,0.0,1.5700000524520874,0.0,0.0,0.0,0.0
315,6.3,front_right_shoulder_to_arm,7,-0.39799636602401733,-2.756292451522313e-05,-0.39750000834465027,0.0,0.0,0.039655640721321106,0.039655640721321106,0.0,0.0,0.0,0.0,0.0,0.0,0.0,1.5700000524520874,0.0,0.0,0.0,0.0
316,6.32,front_right_shoulder_to_arm,7,-0.39799970388412476,-2.7567675715545192e-05,-0.39750000834465027,0.0,0.0,0.03992266580462456,0.03992266580462456,0.0,0.0,0.0,0.0,0.0,0.0,0.0,1.5700000524520874,0.0,0.0,0.0,0.0
317,6.34,front_right_shoulder_to_arm,7,-0.3980030417442322,-1.2325872376095504e-05,-0.39750000834465027,0.0,0.0,0.04018969461321831,0.04018969461321831,0.0,0.0,0.0,0.0,0.0,0.0,0.0,1.5700000524520874,0.0,0.0,0.0,0.0
318,6.36,front_right_shoulder_to_arm,7,-0.39800629019737244,-2.7559482987271622e-05,-0.39750000834465027,0.0,0.0,0.040451955050230026,0.040451955050230026,0.0,0.0,0.0,0.0,0.0,0.0,0.0,1.5700000524520874,0.0,0.0,0.0,0.0
319,6.38,front_right_shoulder_to_arm,7,-0.3980095088481903,-2.755799869191833e-05,-0.39750000834465027,0.0,0.0,0.04070945084095001,0.04070945084095001,0.0,0.0,0.0,0.0,0.0,0.0,0.0,1.5700000524520874,0.0,0.0,0.0,0.0
320,6.4,front_right_shoulder_to_arm,7,-0.3980127274990082,-2.7547899662749842e-05,-0.39750000834465027,0.0,0.0,0.0409669354557991,0.0409669354557991,0.0,0.0,0.0,0.0,0.0,0.0,0.0,1.5700000524520874,0.0,0.0,0.0,0.0
321,6.42,front_right_shoulder_to_arm,7,-0.39801594614982605,-2.755350578809157e-05,-0.39750000834465027,0.0,0.0,0.04122442752122879,0.04122442752122879,0.0,0.0,0.0,0.0,0.0,0.0,0.0,1.5700000524520874,0.0,0.0,0.0,0.0
322,6.44,front_right_shoulder_to_arm,7,-0.3980191648006439,-2.7554986445466056e-05,-0.39750000834465027,0.0,0.0,0.04148191958665848,0.04148191958665848,0.0,0.0,0.0,0.0,0.0,0.0,0.0,1.5700000524520874,0.0,0.0,0.0,0.0
323,6.46,front_right_shoulder_to_arm,7,-0.3980223834514618,-2.7546870114747435e-05,-0.39750000834465027,0.0,0.0,0.04173940792679787,0.04173940792679787,0.0,0.0,0.0,0.0,0.0,0.0,0.0,1.5700000524520874,0.0,0.0,0.0,0.0
324,6.48,front_right_shoulder_to_arm,7,-0.39802563190460205,-2.7132107788929716e-05,-0.39750000834465027,0.0,0.0,0.041991665959358215,0.041991665959358215,0.0,0.0,0.0,0.0,0.0,0.0,0.0,1.5700000524520874,0.0,0.0,0.0,0.0
325,6.5,front_right_shoulder_to_arm,7,-0.3980288505554199,-2.7549293008632958e-05,-0.39750000834465027,0.0,0.0,0.04225677624344826,0.04225677624344826,0.0,0.0,0.0,0.0,0.0,0.0,0.0,1.5700000524520874,0.0,0.0,0.0,0.0
326,6.5200000000000005,front_right_shoulder_to_arm,7,-0.3980320692062378,-2.7537949790712446e-05,-0.39750000834465027,0.0,0.0,0.042514268308877945,0.042514268308877945,0.0,0.0,0.0,0.0,0.0,0.0,0.0,1.5700000524520874,0.0,0.0,0.0,0.0
327,6.54,front_right_shoulder_to_arm,7,-0.39803528785705566,-2.7540216251509264e-05,-0.39750000834465027,0.0,0.0,0.04277176037430763,0.04277176037430763,0.0,0.0,0.0,0.0,0.0,0.0,0.0,1.5700000524520874,0.0,0.0,0.0,0.0
328,6.5600000000000005,front_right_shoulder_to_arm,7,-0.39803850650787354,-2.754077286226675e-05,-0.39750000834465027,0.0,0.0,0.04302925243973732,0.04302925243973732,0.0,0.0,0.0,0.0,0.0,0.0,0.0,1.5700000524520874,0.0,0.0,0.0,0.0
329,6.58,front_right_shoulder_to_arm,7,-0.3980417251586914,-2.7540227165445685e-05,-0.39750000834465027,0.0,0.0,0.04328674077987671,0.04328674077987671,0.0,0.0,0.0,0.0,0.0,0.0,0.0,1.5700000524520874,0.0,0.0,0.0,0.0
330,6.6000000000000005,front_right_shoulder_to_arm,7,-0.3980449438095093,-2.7535912522580475e-05,-0.39750000834465027,0.0,0.0,0.043544232845306396,0.043544232845306396,0.0,0.0,0.0,0.0,0.0,0.0,0.0,1.5700000524520874,0.0,0.0,0.0,0.0
331,6.62,front_right_shoulder_to_arm,7,-0.3979831039905548,-2.752363434410654e-05,-0.39750000834465027,0.0,0.0,0.038596268743276596,0.038596268743276596,0.0,0.0,0.0,0.0,0.0,0.0,0.0,1.5700000524520874,0.0,0.0,0.0,0.0
332,6.640000000000001,front_right_shoulder_to_arm,7,-0.39798644185066223,-2.7573911211220548e-05,-0.39750000834465027,0.0,0.0,0.0388617068529129,0.0388617068529129,0.0,0.0,0.0,0.0,0.0,0.0,0.0,1.5700000524520874,0.0,0.0,0.0,0.0
333,6.66,front_right_shoulder_to_arm,7,-0.39798977971076965,-2.756630055955611e-05,-0.39750000834465027,0.0,0.0,0.03912873566150665,0.03912873566150665,0.0,0.0,0.0,0.0,0.0,0.0,0.0,1.5700000524520874,0.0,0.0,0.0,0.0
334,6.68,front_right_shoulder_to_arm,7,-0.3979931175708771,-2.757028050837107e-05,-0.39750000834465027,0.0,0.0,0.0393957644701004,0.0393957644701004,0.0,0.0,0.0,0.0,0.0,0.0,0.0,1.5700000524520874,0.0,0.0,0.0,0.0
335,6.7,front_right_shoulder_to_arm,7,-0.3979964554309845,-2.7559330192161724e-05,-0.39750000834465027,0.0,0.0,0.03966279327869415,0.03966279327869415,0.0,0.0,0.0,0.0,0.0,0.0,0.0,1.5700000524520874,0.0,0.0,0.0,0.0
336,6.72,front_right_shoulder_to_arm,7,-0.3979997932910919,-2.7560919988900423e-05,-0.39750000834465027,0.0,0.0,0.039929818361997604,0.039929818361997604,0.0,0.0,0.0,0.0,0.0,0.0,0.0,1.5700000524520874,0.0,0.0,0.0,0.0
337,6.74,front_right_shoulder_to_arm,7,-0.39800313115119934,-2.7561516617424786e-05,-0.39750000834465027,0.0,0.0,0.040196847170591354,0.040196847170591354,0.0,0.0,0.0,0.0,0.0,0.0,0.0,1.5700000524520874,0.0,0.0,0.0,0.0
338,6.76,front_right_shoulder_to_arm,7,-0.3980063796043396,-2.7560614398680627e-05,-0.39750000834465027,0.0,0.0,0.040459100157022476,0.040459100157022476,0.0,0.0,0.0,0.0,0.0,0.0,0.0,1.5700000524520874,0.0,0.0,0.0,0.0
339,6.78,front_right_shoulder_to_arm,7,-0.39800959825515747,-2.755826062639244e-05,-0.39750000834465027,0.0,0.0,0.04071659967303276,0.04071659967303276,0.0,0.0,0.0,0.0,0.0,0.0,0.0,1.5700000524520874,0.0,0.0,0.0,0.0
340,6.8,front_right_shoulder_to_arm,7,-0.39801281690597534,-2.7555401175050065e-05,-0.39750000834465027,0.0,0.0,0.04097408801317215,0.04097408801317215,0.0,0.0,0.0,0.0,0.0,0.0,0.0,1.5700000524520874,0.0,0.0,0.0,0.0
341,6.82,front_right_shoulder_to_arm,7,-0.3980160355567932,-2.7552432584343478e-05,-0.39750000834465027,0.0,0.0,0.041231583803892136,0.041231583803892136,0.0,0.0,0.0,0.0,0.0,0.0,0.0,1.5700000524520874,0.0,0.0,0.0,0.0
342,6.84,front_right_shoulder_to_arm,7,-0.3980192542076111,-2.7553647669265047e-05,-0.39750000834465027,0.0,0.0,0.041489072144031525,0.041489072144031525,0.0,0.0,0.0,0.0,0.0,0.0,0.0,1.5700000524520874,0.0,0.0,0.0,0.0
343,6.86,front_right_shoulder_to_arm,7,-0.39802247285842896,-2.7547095669433475e-05,-0.39750000834465027,0.0,0.0,0.041746560484170914,0.041746560484170914,0.0,0.0,0.0,0.0,0.0,0.0,0.0,1.5700000524520874,0.0,0.0,0.0,0.0
344,6.88,front_right_shoulder_to_arm,7,-0.3980257213115692,-2.7129968657391146e-05,-0.39750000834465027,0.0,0.0,0.04199882224202156,0.04199882224202156,0.0,0.0,0.0,0.0,0.0,0.0,0.0,1.5700000524520874,0.0,0.0,0.0,0.0
345,6.9,front_right_shoulder_to_arm,7,-0.3980289399623871,-2.7548707294045016e-05,-0.39750000834465027,0.0,0.0,0.042263928800821304,0.042263928800821304,0.0,0.0,0.0,0.0,0.0,0.0,0.0,1.5700000524520874,0.0,0.0,0.0,0.0
346,6.92,front_right_shoulder_to_arm,7,-0.39803215861320496,-2.754248635028489e-05,-0.39750000834465027,0.0,0.0,0.04252142086625099,0.04252142086625099,0.0,0.0,0.0,0.0,0.0,0.0,0.0,1.5700000524520874,0.0,0.0,0.0,0.0
347,6.94,front_right_shoulder_to_arm,7,-0.3980353772640228,-2.7544596377993003e-05,-0.39750000834465027,0.0,0.0,0.04277891293168068,0.04277891293168068,0.0,0.0,0.0,0.0,0.0,0.0,0.0,1.5700000524520874,0.0,0.0,0.0,0.0
348,6.96,front_right_shoulder_to_arm,7,-0.3980385959148407,-2.7540150767890736e-05,-0.39750000834465027,0.0,0.0,0.04303640127182007,0.04303640127182007,0.0,0.0,0.0,0.0,0.0,0.0,0.0,1.5700000524520874,0.0,0.0,0.0,0.0
349,6.98,front_right_shoulder_to_arm,7,-0.39804181456565857,-2.7542930183699355e-05,-0.39750000834465027,0.0,0.0,0.043293897062540054,0.043293897062540054,0.0,0.0,0.0,0.0,0.0,0.0,0.0,1.5700000524520874,0.0,0.0,0.0,0.0
350,7.0,front_right_shoulder_to_arm,7,-0.39804503321647644,-2.7538237191038206e-05,-0.39750000834465027,0.0,0.0,0.04355138540267944,0.04355138540267944,0.0,0.0,0.0,0.0,0.0,0.0,0.0,1.5700000524520874,0.0,0.0,0.0,0.0
351,7.0200000000000005,front_right_shoulder_to_arm,7,-0.397983193397522,-2.752702494035475e-05,-0.39750000834465027,0.0,0.0,0.038603417575359344,0.038603417575359344,0.0,0.0,0.0,0.0,0.0,0.0,0.0,1.5700000524520874,0.0,0.0,0.0,0.0
352,7.04,front_right_shoulder_to_arm,7,-0.3979865312576294,-2.757136826403439e-05,-0.39750000834465027,0.0,0.0,0.03886885941028595,0.03886885941028595,0.0,0.0,0.0,0.0,0.0,0.0,0.0,1.5700000524520874,0.0,0.0,0.0,0.0
353,7.0600000000000005,front_right_shoulder_to_arm,7,-0.3979898691177368,-2.7562582545215264e-05,-0.39750000834465027,0.0,0.0,0.0391358844935894,0.0391358844935894,0.0,0.0,0.0,0.0,0.0,0.0,0.0,1.5700000524520874,0.0,0.0,0.0,0.0
354,7.08,front_right_shoulder_to_arm,7,-0.39799320697784424,-2.756576577667147e-05,-0.39750000834465027,0.0,0.0,0.03940291702747345,0.03940291702747345,0.0,0.0,0.0,0.0,0.0,0.0,0.0,1.5700000524520874,0.0,0.0,0.0,0.0
355,7.1000000000000005,front_right_shoulder_to_arm,7,-0.39799654483795166,-2.756743924692273e-05,-0.39750000834465027,0.0,0.0,0.0396699458360672,0.0396699458360672,0.0,0.0,0.0,0.0,0.0,0.0,0.0,1.5700000524520874,0.0,0.0,0.0,0.0
356,7.12,front_right_shoulder_to_arm,7,-0.3979998826980591,-2.756062531261705e-05,-0.39750000834465027,0.0,0.0,0.03993697091937065,0.03993697091937065,0.0,0.0,0.0,0.0,0.0,0.0,0.0,1.5700000524520874,0.0,0.0,0.0,0.0
357,7.140000000000001,front_right_shoulder_to_arm,7,-0.3980032205581665,-2.755650712060742e-05,-0.39750000834465027,0.0,0.0,0.0402040034532547,0.0402040034532547,0.0,0.0,0.0,0.0,0.0,0.0,0.0,1.5700000524520874,0.0,0.0,0.0,0.0
358,7.16,front_right_shoulder_to_arm,7,-0.39800649881362915,-2.7549318474484608e-05,-0.39750000834465027,0.0,0.0,0.04046843573451042,0.04046843573451042,0.0,0.0,0.0,0.0,0.0,0.0,0.0,1.5700000524520874,0.0,0.0,0.0,0.0
359,7.18,front_right_shoulder_to_arm,7,-0.398009717464447,-2.7555754058994353e-05,-0.39750000834465027,0.0,0.0,0.04072613641619682,0.04072613641619682,0.0,0.0,0.0,0.0,0.0,0.0,0.0,1.5700000524520874,0.0,0.0,0.0,0.0
360,7.2,front_right_shoulder_to_arm,7,-0.3980129361152649,-2.7549318474484608e-05,-0.39750000834465027,0.0,0.0,0.04098362475633621,0.04098362475633621,0.0,0.0,0.0,0.0,0.0,0.0,0.0,1.5700000524520874,0.0,0.0,0.0,0.0
361,7.22,front_right_shoulder_to_arm,7,-0.39801615476608276,-2.7556114218896255e-05,-0.39750000834465027,0.0,0.0,0.0412411168217659,0.0412411168217659,0.0,0.0,0.0,0.0,0.0,0.0,0.0,1.5700000524520874,0.0,0.0,0.0,0.0
362,7.24,front_right_shoulder_to_arm,7,-0.39801937341690063,-2.7554153348319232e-05,-0.39750000834465027,0.0,0.0,0.041498612612485886,0.041498612612485886,0.0,0.0,0.0,0.0,0.0,0.0,0.0,1.5700000524520874,0.0,0.0,0.0,0.0
363,7.26,front_right_shoulder_to_arm,7,-0.3980225920677185,-2.7551970561034977e-05,-0.39750000834465027,0.0,0.0,0.041756100952625275,0.041756100952625275,0.0,0.0,0.0,0.0,0.0,0.0,0.0,1.5700000524520874,0.0,0.0,0.0,0.0
364,7.28,front_right_shoulder_to_arm,7,-0.39802584052085876,-1.2309594239923172e-05,-0.39750000834465027,0.0,0.0,0.042013589292764664,0.042013589292764664,0.0,0.0,0.0,0.0,0.0,0.0,0.0,1.5700000524520874,0.0,0.0,0.0,0.0
365,7.3,front_right_shoulder_to_arm,7,-0.39802905917167664,-2.7541718736756593e-05,-0.39750000834465027,0.0,0.0,0.04227346554398537,0.04227346554398537,0.0,0.0,0.0,0.0,0.0,0.0,0.0,1.5700000524520874,0.0,0.0,0.0,0.0
366,7.32,front_right_shoulder_to_arm,7,-0.3980322778224945,-2.7546971978154033e-05,-0.39750000834465027,0.0,0.0,0.042530953884124756,0.042530953884124756,0.0,0.0,0.0,0.0,0.0,0.0,0.0,1.5700000524520874,0.0,0.0,0.0,0.0
367,7.34,front_right_shoulder_to_arm,7,-0.3980354964733124,-2.7543479518499225e-05,-0.39750000834465027,0.0,0.0,0.04278844967484474,0.04278844967484474,0.0,0.0,0.0,0.0,0.0,0.0,0.0,1.5700000524520874,0.0,0.0,0.0,0.0
368,7.36,front_right_shoulder_to_arm,7,-0.39803871512413025,-2.7539837901713327e-05,-0.39750000834465027,0.0,0.0,0.04304593801498413,0.04304593801498413,0.0,0.0,0.0,0.0,0.0,0.0,0.0,1.5700000524520874,0.0,0.0,0.0,0.0
369,7.38,front_right_shoulder_to_arm,7,-0.3980419337749481,-2.7541638701222837e-05,-0.39750000834465027,0.0,0.0,0.04330343380570412,0.04330343380570412,0.0,0.0,0.0,0.0,0.0,0.0,0.0,1.5700000524520874,0.0,0.0,0.0,0.0
370,7.4,front_right_shoulder_to_arm,7,-0.398045152425766,-2.7539063012227416e-05,-0.39750000834465027,0.0,0.0,0.043560922145843506,0.043560922145843506,0.0,0.0,0.0,0.0,0.0,0.0,0.0,1.5700000524520874,0.0,0.0,0.0,0.0
371,7.42,front_right_shoulder_to_arm,7,-0.39798325300216675,-2.597579441498965e-05,-0.39750000834465027,0.0,0.0,0.03858001157641411,0.03858001157641411,0.0,0.0,0.0,0.0,0.0,0.0,0.0,1.5700000524520874,0.0,0.0,0.0,0.0
372,7.44,front_right_shoulder_to_arm,7,-0.3979865610599518,-2.7568676159717143e-05,-0.39750000834465027,0.0,0.0,0.038871243596076965,0.038871243596076965,0.0,0.0,0.0,0.0,0.0,0.0,0.0,1.5700000524520874,0.0,0.0,0.0,0.0
373,7.46,front_right_shoulder_to_arm,7,-0.3979898989200592,-2.7569563826546073e-05,-0.39750000834465027,0.0,0.0,0.039138272404670715,0.039138272404670715,0.0,0.0,0.0,0.0,0.0,0.0,0.0,1.5700000524520874,0.0,0.0,0.0,0.0
374,7.48,front_right_shoulder_to_arm,7,-0.3979932367801666,-2.7565896743908525e-05,-0.39750000834465027,0.0,0.0,0.039405301213264465,0.039405301213264465,0.0,0.0,0.0,0.0,0.0,0.0,0.0,1.5700000524520874,0.0,0.0,0.0,0.0
375,7.5,front_right_shoulder_to_arm,7,-0.39799657464027405,-2.7562982722884044e-05,-0.39750000834465027,0.0,0.0,0.039672330021858215,0.039672330021858215,0.0,0.0,0.0,0.0,0.0,0.0,0.0,1.5700000524520874,0.0,0.0,0.0,0.0
376,7.5200000000000005,front_right_shoulder_to_arm,7,-0.39799991250038147,-2.7566857170313597e-05,-0.39750000834465027,0.0,0.0,0.039939358830451965,0.039939358830451965,0.0,0.0,0.0,0.0,0.0,0.0,0.0,1.5700000524520874,0.0,0.0,0.0,0.0
377,7.54,front_right_shoulder_to_arm,7,-0.3980032503604889,-2.7560901799006388e-05,-0.39750000834465027,0.0,0.0,0.04020638391375542,0.04020638391375542,0.0,0.0,0.0,0.0,0.0,0.0,0.0,1.5700000524520874,0.0,0.0,0.0,0.0
378,7.5600000000000005,front_right_shoulder_to_arm,7,-0.39800652861595154,-2.755046807578765e-05,-0.39750000834465027,0.0,0.0,0.04047081619501114,0.04047081619501114,0.0,0.0,0.0,0.0,0.0,0.0,0.0,1.5700000524520874,0.0,0.0,0.0,0.0
379,7.58,front_right_shoulder_to_arm,7,-0.3980097472667694,-2.7554466214496642e-05,-0.39750000834465027,0.0,0.0,0.04072852060198784,0.04072852060198784,0.0,0.0,0.0,0.0,0.0,0.0,0.0,1.5700000524520874,0.0,0.0,0.0,0.0
380,7.6000000000000005,front_right_shoulder_to_arm,7,-0.3980129659175873,-2.7556048735277727e-05,-0.39750000834465027,0.0,0.0,0.04098600894212723,0.04098600894212723,0.0,0.0,0.0,0.0,0.0,0.0,0.0,1.5700000524520874,0.0,0.0,0.0,0.0
381,7.62,front_right_shoulder_to_arm,7,-0.39801618456840515,-2.7551901439437643e-05,-0.39750000834465027,0.0,0.0,0.041243501007556915,0.041243501007556915,0.0,0.0,0.0,0.0,0.0,0.0,0.0,1.5700000524520874,0.0,0.0,0.0,0.0
382,7.640000000000001,front_right_shoulder_to_arm,7,-0.398019403219223,-2.75535203400068e-05,-0.39750000834465027,0.0,0.0,0.0415009930729866,0.0415009930729866,0.0,0.0,0.0,0.0,0.0,0.0,0.0,1.5700000524520874,0.0,0.0,0.0,0.0
383,7.66,front_right_shoulder_to_arm,7,-0.3980226218700409,-2.7550686354516074e-05,-0.39750000834465027,0.0,0.0,0.04175848513841629,0.04175848513841629,0.0,0.0,0.0,0.0,0.0,0.0,0.0,1.5700000524520874,0.0,0.0,0.0,0.0
384,7.68,front_right_shoulder_to_arm,7,-0.39802584052085876,-2.755240711849183e-05,-0.39750000834465027,0.0,0.0,0.04201597347855568,0.04201597347855568,0.0,0.0,0.0,0.0,0.0,0.0,0.0,1.5700000524520874,0.0,0.0,0.0,0.0
385,7.7,front_right_shoulder_to_arm,7,-0.398029088973999,-2.754629895207472e-05,-0.39750000834465027,0.0,0.0,0.042275846004486084,0.042275846004486084,0.0,0.0,0.0,0.0,0.0,0.0,0.0,1.5700000524520874,0.0,0.0,0.0,0.0
386,7.72,front_right_shoulder_to_arm,7,-0.3980323076248169,-2.754476008703932e-05,-0.39750000834465027,0.0,0.0,0.04253333806991577,0.04253333806991577,0.0,0.0,0.0,0.0,0.0,0.0,0.0,1.5700000524520874,0.0,0.0,0.0,0.0
387,7.74,front_right_shoulder_to_arm,7,-0.39803552627563477,-2.7547081117518246e-05,-0.39750000834465027,0.0,0.0,0.04279083386063576,0.04279083386063576,0.0,0.0,0.0,0.0,0.0,0.0,0.0,1.5700000524520874,0.0,0.0,0.0,0.0
388,7.76,front_right_shoulder_to_arm,7,-0.39803874492645264,-2.7536563720786944e-05,-0.39750000834465027,0.0,0.0,0.043048325926065445,0.043048325926065445,0.0,0.0,0.0,0.0,0.0,0.0,0.0,1.5700000524520874,0.0,0.0,0.0,0.0
389,7.78,front_right_shoulder_to_arm,7,-0.3980419635772705,-2.7543690521270037e-05,-0.39750000834465027,0.0,0.0,0.04330581799149513,0.04330581799149513,0.0,0.0,0.0,0.0,0.0,0.0,0.0,1.5700000524520874,0.0,0.0,0.0,0.0
390,7.8,front_right_shoulder_to_arm,7,-0.3980451822280884,-2.7538662834558636e-05,-0.39750000834465027,0.0,0.0,0.04356331005692482,0.04356331005692482,0.0,0.0,0.0,0.0,0.0,0.0,0.0,1.5700000524520874,0.0,0.0,0.0,0.0
391,7.82,front_right_shoulder_to_arm,7,-0.39798325300216675,3.041085074073635e-05,-0.39750000834465027,0.0,0.0,0.03769431635737419,0.03769431635737419,0.0,0.0,0.0,0.0,0.0,0.0,0.0,1.5700000524520874,0.0,0.0,0.0,0.0
392,7.84,front_right_shoulder_to_arm,7,-0.3979865312576294,-2.756866888375953e-05,-0.39750000834465027,0.0,0.0,0.03886885941028595,0.03886885941028595,0.0,0.0,0.0,0.0,0.0,0.0,0.0,1.5700000524520874,0.0,0.0,0.0,0.0
393,7.86,front_right_shoulder_to_arm,7,-0.3979898691177368,-2.756866888375953e-05,-0.39750000834465027,0.0,0.0,0.0391358882188797,0.0391358882188797,0.0,0.0,0.0,0.0,0.0,0.0,0.0,1.5700000524520874,0.0,0.0,0.0,0.0
394,7.88,front_right_shoulder_to_arm,7,-0.39799320697784424,-2.7563230105442926e-05,-0.39750000834465027,0.0,0.0,0.03940291702747345,0.03940291702747345,0.0,0.0,0.0,0.0,0.0,0.0,0.0,1.5700000524520874,0.0,0.0,0.0,0.0
395,7.9,front_right_shoulder_to_arm,7,-0.39799654483795166,-2.7566511562326923e-05,-0.39750000834465027,0.0,0.0,0.0396699458360672,0.0396699458360672,0.0,0.0,0.0,0.0,0.0,0.0,0.0,1.5700000524520874,0.0,0.0,0.0,0.0
396,7.92,front_right_shoulder_to_arm,7,-0.3979998826980591,-2.7564048650674522e-05,-0.39750000834465027,0.0,0.0,0.03993697464466095,0.03993697464466095,0.0,0.0,0.0,0.0,0.0,0.0,0.0,1.5700000524520874,0.0,0.0,0.0,0.0
397,7.94,front_right_shoulder_to_arm,7,-0.3980032205581665,-2.7564481570152566e-05,-0.39750000834465027,0.0,0.0,0.0402039997279644,0.0402039997279644,0.0,0.0,0.0,0.0,0.0,0.0,0.0,1.5700000524520874,0.0,0.0,0.0,0.0
398,7.96,front_right_shoulder_to_arm,7,-0.39800652861595154,-2.713852154556662e-05,-0.39750000834465027,0.0,0.0,0.0404634103178978,0.0404634103178978,0.0,0.0,0.0,0.0,0.0,0.0,0.0,1.5700000524520874,0.0,0.0,0.0,0.0
399,7.98,front_right_shoulder_to_arm,7,-0.3980097472667694,-2.7558111469261348e-05,-0.39750000834465027,0.0,0.0,0.04072852060198784,0.04072852060198784,0.0,0.0,0.0,0.0,0.0,0.0,0.0,1.5700000524520874,0.0,0.0,0.0,0.0
400,8.0,front_right_shoulder_to_arm,7,-0.3980129659175873,-2.7555517590371892e-05,-0.39750000834465027,0.0,0.0,0.04098600894212723,0.04098600894212723,0.0,0.0,0.0,0.0,0.0,0.0,0.0,1.5700000524520874,0.0,0.0,0.0,0.0
401,8.02,front_right_shoulder_to_arm,7,-0.39801618456840515,-2.7556237910175696e-05,-0.39750000834465027,0.0,0.0,0.041243501007556915,0.041243501007556915,0.0,0.0,0.0,0.0,0.0,0.0,0.0,1.5700000524520874,0.0,0.0,0.0,0.0
402,8.040000000000001,front_right_shoulder_to_arm,7,-0.398019403219223,-2.7554113330552354e-05,-0.39750000834465027,0.0,0.0,0.0415009930729866,0.0415009930729866,0.0,0.0,0.0,0.0,0.0,0.0,0.0,1.5700000524520874,0.0,0.0,0.0,0.0
403,8.06,front_right_shoulder_to_arm,7,-0.3980226218700409,-2.754761590040289e-05,-0.39750000834465027,0.0,0.0,0.04175848141312599,0.04175848141312599,0.0,0.0,0.0,0.0,0.0,0.0,0.0,1.5700000524520874,0.0,0.0,0.0,0.0
404,8.08,front_right_shoulder_to_arm,7,-0.39802584052085876,-2.7546309866011143e-05,-0.39750000834465027,0.0,0.0,0.04201597347855568,0.04201597347855568,0.0,0.0,0.0,0.0,0.0,0.0,0.0,1.5700000524520874,0.0,0.0,0.0,0.0
405,8.1,front_right_shoulder_to_arm,7,-0.398029088973999,-2.7544068871065974e-05,-0.39750000834465027,0.0,0.0,0.042275846004486084,0.042275846004486084,0.0,0.0,0.0,0.0,0.0,0.0,0.0,1.5700000524520874,0.0,0.0,0.0,0.0
406,8.120000000000001,front_right_shoulder_to_arm,7,-0.3980323076248169,-2.754012166406028e-05,-0.39750000834465027,0.0,0.0,0.04253334179520607,0.04253334179520607,0.0,0.0,0.0,0.0,0.0,0.0,0.0,1.5700000524520874,0.0,0.0,0.0,0.0
407,8.14,front_right_shoulder_to_arm,7,-0.39803552627563477,-2.7543483156478032e-05,-0.39750000834465027,0.0,0.0,0.042790837585926056,0.042790837585926056,0.0,0.0,0.0,0.0,0.0,0.0,0.0,1.5700000524520874,0.0,0.0,0.0,0.0
408,8.16,front_right_shoulder_to_arm,7,-0.39803874492645264,-2.754311208263971e-05,-0.39750000834465027,0.0,0.0,0.043048325926065445,0.043048325926065445,0.0,0.0,0.0,0.0,0.0,0.0,0.0,1.5700000524520874,0.0,0.0,0.0,0.0
409,8.18,front_right_shoulder_to_arm,7,-0.3980419635772705,-2.753401713562198e-05,-0.39750000834465027,0.0,0.0,0.04330581799149513,0.04330581799149513,0.0,0.0,0.0,0.0,0.0,0.0,0.0,1.5700000524520874,0.0,0.0,0.0,0.0
410,8.2,front_right_shoulder_to_arm,7,-0.3980451822280884,-2.7537691494217142e-05,-0.39750000834465027,0.0,0.0,0.04356330633163452,0.04356330633163452,0.0,0.0,0.0,0.0,0.0,0.0,0.0,1.5700000524520874,0.0,0.0,0.0,0.0
411,8.22,front_right_shoulder_to_arm,7,-0.39798325300216675,3.0410817998927087e-05,-0.39750000834465027,0.0,0.0,0.03769434243440628,0.03769434243440628,0.0,0.0,0.0,0.0,0.0,0.0,0.0,1.5700000524520874,0.0,0.0,0.0,0.0
412,8.24,front_right_shoulder_to_arm,7,-0.3979865312576294,-2.7568348741624504e-05,-0.39750000834465027,0.0,0.0,0.03886885941028595,0.03886885941028595,0.0,0.0,0.0,0.0,0.0,0.0,0.0,1.5700000524520874,0.0,0.0,0.0,0.0
413,8.26,front_right_shoulder_to_arm,7,-0.3979898691177368,-2.7569025405682623e-05,-0.39750000834465027,0.0,0.0,0.0391358882188797,0.0391358882188797,0.0,0.0,0.0,0.0,0.0,0.0,0.0,1.5700000524520874,0.0,0.0,0.0,0.0
414,8.28,front_right_shoulder_to_arm,7,-0.39799320697784424,-2.7567108190851286e-05,-0.39750000834465027,0.0,0.0,0.03940291702747345,0.03940291702747345,0.0,0.0,0.0,0.0,0.0,0.0,0.0,1.5700000524520874,0.0,0.0,0.0,0.0
415,8.3,front_right_shoulder_to_arm,7,-0.39799654483795166,-2.7559814043343067e-05,-0.39750000834465027,0.0,0.0,0.0396699458360672,0.0396699458360672,0.0,0.0,0.0,0.0,0.0,0.0,0.0,1.5700000524520874,0.0,0.0,0.0,0.0
416,8.32,front_right_shoulder_to_arm,7,-0.3979998826980591,-2.756141111603938e-05,-0.39750000834465027,0.0,0.0,0.03993697464466095,0.03993697464466095,0.0,0.0,0.0,0.0,0.0,0.0,0.0,1.5700000524520874,0.0,0.0,0.0,0.0
417,8.34,front_right_shoulder_to_arm,7,-0.3980032205581665,-2.756067260634154e-05,-0.39750000834465027,0.0,0.0,0.0402039997279644,0.0402039997279644,0.0,0.0,0.0,0.0,0.0,0.0,0.0,1.5700000524520874,0.0,0.0,0.0,0.0
418,8.36,front_right_shoulder_to_arm,7,-0.3980065584182739,-1.2315011190366931e-05,-0.39750000834465027,0.0,0.0,0.04047103226184845,0.04047103226184845,0.0,0.0,0.0,0.0,0.0,0.0,0.0,1.5700000524520874,0.0,0.0,0.0,0.0
419,8.38,front_right_shoulder_to_arm,7,-0.3980097770690918,-2.756258618319407e-05,-0.39750000834465027,0.0,0.0,0.040730904787778854,0.040730904787778854,0.0,0.0,0.0,0.0,0.0,0.0,0.0,1.5700000524520874,0.0,0.0,0.0,0.0
420,8.4,front_right_shoulder_to_arm,7,-0.39801299571990967,-2.7560727176023647e-05,-0.39750000834465027,0.0,0.0,0.04098839312791824,0.04098839312791824,0.0,0.0,0.0,0.0,0.0,0.0,0.0,1.5700000524520874,0.0,0.0,0.0,0.0
421,8.42,front_right_shoulder_to_arm,7,-0.39801621437072754,-2.7553072868613526e-05,-0.39750000834465027,0.0,0.0,0.04124588519334793,0.04124588519334793,0.0,0.0,0.0,0.0,0.0,0.0,0.0,1.5700000524520874,0.0,0.0,0.0,0.0
422,8.44,front_right_shoulder_to_arm,7,-0.3980194330215454,-2.7546244382392615e-05,-0.39750000834465027,0.0,0.0,0.04150337725877762,0.04150337725877762,0.0,0.0,0.0,0.0,0.0,0.0,0.0,1.5700000524520874,0.0,0.0,0.0,0.0
423,8.46,front_right_shoulder_to_arm,7,-0.3980226516723633,-2.7548485377337784e-05,-0.39750000834465027,0.0,0.0,0.041760869324207306,0.041760869324207306,0.0,0.0,0.0,0.0,0.0,0.0,0.0,1.5700000524520874,0.0,0.0,0.0,0.0
424,8.48,front_right_shoulder_to_arm,7,-0.39802587032318115,-2.754702654783614e-05,-0.39750000834465027,0.0,0.0,0.04201836138963699,0.04201836138963699,0.0,0.0,0.0,0.0,0.0,0.0,0.0,1.5700000524520874,0.0,0.0,0.0,0.0
425,8.5,front_right_shoulder_to_arm,7,-0.3980291187763214,-2.7533518732525408e-05,-0.39750000834465027,0.0,0.0,0.042278025299310684,0.042278025299310684,0.0,0.0,0.0,0.0,0.0,0.0,0.0,1.5700000524520874,0.0,0.0,0.0,0.0
426,8.52,front_right_shoulder_to_arm,7,-0.3980323374271393,-2.7541107556317e-05,-0.39750000834465027,0.0,0.0,0.042535725980997086,0.042535725980997086,0.0,0.0,0.0,0.0,0.0,0.0,0.0,1.5700000524520874,0.0,0.0,0.0,0.0
427,8.540000000000001,front_right_shoulder_to_arm,7,-0.39803555607795715,-2.754383604042232e-05,-0.39750000834465027,0.0,0.0,0.04279321804642677,0.04279321804642677,0.0,0.0,0.0,0.0,0.0,0.0,0.0,1.5700000524520874,0.0,0.0,0.0,0.0
428,8.56,front_right_shoulder_to_arm,7,-0.398038774728775,-2.753703302005306e-05,-0.39750000834465027,0.0,0.0,0.04305071011185646,0.04305071011185646,0.0,0.0,0.0,0.0,0.0,0.0,0.0,1.5700000524520874,0.0,0.0,0.0,0.0
429,8.58,front_right_shoulder_to_arm,7,-0.3980419933795929,-2.7540849259821698e-05,-0.39750000834465027,0.0,0.0,0.04330820217728615,0.04330820217728615,0.0,0.0,0.0,0.0,0.0,0.0,0.0,1.5700000524520874,0.0,0.0,0.0,0.0
430,8.6,front_right_shoulder_to_arm,7,-0.39804521203041077,-2.753752050921321e-05,-0.39750000834465027,0.0,0.0,0.043565694242715836,0.043565694242715836,0.0,0.0,0.0,0.0,0.0,0.0,0.0,1.5700000524520874,0.0,0.0,0.0,0.0
431,8.620000000000001,front_right_shoulder_to_arm,7,-0.39798495173454285,0.002079694764688611,-0.39750000834465027,0.0,0.0,0.043823182582855225,0.043823182582855225,0.0,0.0,0.0,0.0,0.0,0.0,0.0,1.5700000524520874,0.0,0.0,0.0,0.0
432,8.64,front_right_shoulder_to_arm,7,-0.3979864716529846,-2.7572386898100376e-05,-0.39750000834465027,0.0,0.0,0.038864072412252426,0.038864072412252426,0.0,0.0,0.0,0.0,0.0,0.0,0.0,1.5700000524520874,0.0,0.0,0.0,0.0
433,8.66,front_right_shoulder_to_arm,7,-0.39798980951309204,-2.757308175205253e-05,-0.39750000834465027,0.0,0.0,0.03913111984729767,0.03913111984729767,0.0,0.0,0.0,0.0,0.0,0.0,0.0,1.5700000524520874,0.0,0.0,0.0,0.0
434,8.68,front_right_shoulder_to_arm,7,-0.39799314737319946,-2.756984395091422e-05,-0.39750000834465027,0.0,0.0,0.03939814865589142,0.03939814865589142,0.0,0.0,0.0,0.0,0.0,0.0,0.0,1.5700000524520874,0.0,0.0,0.0,0.0
435,8.700000000000001,front_right_shoulder_to_arm,7,-0.3979964852333069,-2.7563110052142292e-05,-0.39750000834465027,0.0,0.0,0.03966517373919487,0.03966517373919487,0.0,0.0,0.0,0.0,0.0,0.0,0.0,1.5700000524520874,0.0,0.0,0.0,0.0
436,8.72,front_right_shoulder_to_arm,7,-0.3979998230934143,-2.756491448963061e-05,-0.39750000834465027,0.0,0.0,0.03993220627307892,0.03993220627307892,0.0,0.0,0.0,0.0,0.0,0.0,0.0,1.5700000524520874,0.0,0.0,0.0,0.0
437,8.74,front_right_shoulder_to_arm,7,-0.39800316095352173,-2.7564594347495586e-05,-0.39750000834465027,0.0,0.0,0.04019923135638237,0.04019923135638237,0.0,0.0,0.0,0.0,0.0,0.0,0.0,1.5700000524520874,0.0,0.0,0.0,0.0
438,8.76,front_right_shoulder_to_arm,7,-0.39800649881362915,-1.2323251212364994e-05,-0.39750000834465027,0.0,0.0,0.04046626389026642,0.04046626389026642,0.0,0.0,0.0,0.0,0.0,0.0,0.0,1.5700000524520874,0.0,0.0,0.0,0.0
439,8.78,front_right_shoulder_to_arm,7,-0.398009717464447,-2.7559257432585582e-05,-0.39750000834465027,0.0,0.0,0.040726132690906525,0.040726132690906525,0.0,0.0,0.0,0.0,0.0,0.0,0.0,1.5700000524520874,0.0,0.0,0.0,0.0
440,8.8,front_right_shoulder_to_arm,7,-0.3980129361152649,-2.7556063287192956e-05,-0.39750000834465027,0.0,0.0,0.04098362475633621,0.04098362475633621,0.0,0.0,0.0,0.0,0.0,0.0,0.0,1.5700000524520874,0.0,0.0,0.0,0.0
441,8.82,front_right_shoulder_to_arm,7,-0.39801615476608276,-2.755324385361746e-05,-0.39750000834465027,0.0,0.0,0.0412411168217659,0.0412411168217659,0.0,0.0,0.0,0.0,0.0,0.0,0.0,1.5700000524520874,0.0,0.0,0.0,0.0
442,8.84,front_right_shoulder_to_arm,7,-0.39801937341690063,-2.755396781140007e-05,-0.39750000834465027,0.0,0.0,0.04149860888719559,0.04149860888719559,0.0,0.0,0.0,0.0,0.0,0.0,0.0,1.5700000524520874,0.0,0.0,0.0,0.0
443,8.86,front_right_shoulder_to_arm,7,-0.3980225920677185,-2.754783781711012e-05,-0.39750000834465027,0.0,0.0,0.041756100952625275,0.041756100952625275,0.0,0.0,0.0,0.0,0.0,0.0,0.0,1.5700000524520874,0.0,0.0,0.0,0.0
444,8.88,front_right_shoulder_to_arm,7,-0.3980258107185364,-2.7549169317353517e-05,-0.39750000834465027,0.0,0.0,0.04201359301805496,0.04201359301805496,0.0,0.0,0.0,0.0,0.0,0.0,0.0,1.5700000524520874,0.0,0.0,0.0,0.0
445,8.9,front_right_shoulder_to_arm,7,-0.39802905917167664,-2.753471562755294e-05,-0.39750000834465027,0.0,0.0,0.04227325692772865,0.04227325692772865,0.0,0.0,0.0,0.0,0.0,0.0,0.0,1.5700000524520874,0.0,0.0,0.0,0.0
446,8.92,front_right_shoulder_to_arm,7,-0.3980322778224945,-2.7551519451662898e-05,-0.39750000834465027,0.0,0.0,0.04253096133470535,0.04253096133470535,0.0,0.0,0.0,0.0,0.0,0.0,0.0,1.5700000524520874,0.0,0.0,0.0,0.0
447,8.94,front_right_shoulder_to_arm,7,-0.3980354964733124,-2.7543439500732347e-05,-0.39750000834465027,0.0,0.0,0.04278844967484474,0.04278844967484474,0.0,0.0,0.0,0.0,0.0,0.0,0.0,1.5700000524520874,0.0,0.0,0.0,0.0
448,8.96,front_right_shoulder_to_arm,7,-0.39803871512413025,-2.7543388569029048e-05,-0.39750000834465027,0.0,0.0,0.04304594174027443,0.04304594174027443,0.0,0.0,0.0,0.0,0.0,0.0,0.0,1.5700000524520874,0.0,0.0,0.0,0.0
449,8.98,front_right_shoulder_to_arm,7,-0.3980419337749481,-2.7542289899429306e-05,-0.39750000834465027,0.0,0.0,0.04330343008041382,0.04330343008041382,0.0,0.0,0.0,0.0,0.0,0.0,0.0,1.5700000524520874,0.0,0.0,0.0,0.0
450,9.0,front_right_shoulder_to_arm,7,-0.398045152425766,-2.7535312256077304e-05,-0.39750000834465027,0.0,0.0,0.043560925871133804,0.043560925871133804,0.0,0.0,0.0,0.0,0.0,0.0,0.0,1.5700000524520874,0.0,0.0,0.0,0.0
451,9.02,front_right_shoulder_to_arm,7,-0.39798489212989807,0.00207956088706851,-0.39750000834465027,0.0,0.0,0.04381841421127319,0.04381841421127319,0.0,0.0,0.0,0.0,0.0,0.0,0.0,1.5700000524520874,0.0,0.0,0.0,0.0
452,9.040000000000001,front_right_shoulder_to_arm,7,-0.39798641204833984,-2.756823960226029e-05,-0.39750000834465027,0.0,0.0,0.038859300315380096,0.038859300315380096,0.0,0.0,0.0,0.0,0.0,0.0,0.0,1.5700000524520874,0.0,0.0,0.0,0.0
453,9.06,front_right_shoulder_to_arm,7,-0.39798974990844727,-2.7565467462409288e-05,-0.39750000834465027,0.0,0.0,0.039126355201005936,0.039126355201005936,0.0,0.0,0.0,0.0,0.0,0.0,0.0,1.5700000524520874,0.0,0.0,0.0,0.0
454,9.08,front_right_shoulder_to_arm,7,-0.3979930877685547,-2.7562145987758413e-05,-0.39750000834465027,0.0,0.0,0.03939338028430939,0.03939338028430939,0.0,0.0,0.0,0.0,0.0,0.0,0.0,1.5700000524520874,0.0,0.0,0.0,0.0
455,9.1,front_right_shoulder_to_arm,7,-0.3979964256286621,-2.7567348297452554e-05,-0.39750000834465027,0.0,0.0,0.03966040536761284,0.03966040536761284,0.0,0.0,0.0,0.0,0.0,0.0,0.0,1.5700000524520874,0.0,0.0,0.0,0.0
456,9.120000000000001,front_right_shoulder_to_arm,7,-0.39799976348876953,-2.7565172786125913e-05,-0.39750000834465027,0.0,0.0,0.03992743790149689,0.03992743790149689,0.0,0.0,0.0,0.0,0.0,0.0,0.0,1.5700000524520874,0.0,0.0,0.0,0.0
457,9.14,front_right_shoulder_to_arm,7,-0.39800310134887695,-2.7565067284740508e-05,-0.39750000834465027,0.0,0.0,0.04019446298480034,0.04019446298480034,0.0,0.0,0.0,0.0,0.0,0.0,0.0,1.5700000524520874,0.0,0.0,0.0,0.0
458,9.16,front_right_shoulder_to_arm,7,-0.398006409406662,-2.7556339773582295e-05,-0.39750000834465027,0.0,0.0,0.04046149179339409,0.04046149179339409,0.0,0.0,0.0,0.0,0.0,0.0,0.0,1.5700000524520874,0.0,0.0,0.0,0.0
459,9.18,front_right_shoulder_to_arm,7,-0.39800965785980225,-2.7559231966733932e-05,-0.39750000834465027,0.0,0.0,0.04072136431932449,0.04072136431932449,0.0,0.0,0.0,0.0,0.0,0.0,0.0,1.5700000524520874,0.0,0.0,0.0,0.0
460,9.200000000000001,front_right_shoulder_to_arm,7,-0.3980128765106201,-2.7555564884096384e-05,-0.39750000834465027,0.0,0.0,0.04097885638475418,0.04097885638475418,0.0,0.0,0.0,0.0,0.0,0.0,0.0,1.5700000524520874,0.0,0.0,0.0,0.0
461,9.22,front_right_shoulder_to_arm,7,-0.398016095161438,-2.7553451218409464e-05,-0.39750000834465027,0.0,0.0,0.04123634845018387,0.04123634845018387,0.0,0.0,0.0,0.0,0.0,0.0,0.0,1.5700000524520874,0.0,0.0,0.0,0.0
462,9.24,front_right_shoulder_to_arm,7,-0.39801931381225586,-2.7554760890780017e-05,-0.39750000834465027,0.0,0.0,0.041493844240903854,0.041493844240903854,0.0,0.0,0.0,0.0,0.0,0.0,0.0,1.5700000524520874,0.0,0.0,0.0,0.0
463,9.26,front_right_shoulder_to_arm,7,-0.39802253246307373,-2.7547434001462534e-05,-0.39750000834465027,0.0,0.0,0.04175133258104324,0.04175133258104324,0.0,0.0,0.0,0.0,0.0,0.0,0.0,1.5700000524520874,0.0,0.0,0.0,0.0
464,9.28,front_right_shoulder_to_arm,7,-0.3980257511138916,-2.7547910576686263e-05,-0.39750000834465027,0.0,0.0,0.04200882464647293,0.04200882464647293,0.0,0.0,0.0,0.0,0.0,0.0,0.0,1.5700000524520874,0.0,0.0,0.0,0.0
465,9.3,front_right_shoulder_to_arm,7,-0.39796480536460876,2.9511844331864268e-05,-0.39750000834465027,0.0,0.0,0.03623224049806595,0.03623224049806595,0.0,0.0,0.0,0.0,0.0,0.0,0.0,1.5700000524520874,0.0,0.0,0.0,0.0
466,9.32,front_right_shoulder_to_arm,7,-0.3979681134223938,-2.758117625489831e-05,-0.39750000834465027,0.0,0.0,0.03739543631672859,0.03739543631672859,0.0,0.0,0.0,0.0,0.0,0.0,0.0,1.5700000524520874,0.0,0.0,0.0,0.0
467,9.34,front_right_shoulder_to_arm,7,-0.3979714512825012,-2.7576992579270154e-05,-0.39750000834465027,0.0,0.0,0.03766246512532234,0.03766246512532234,0.0,0.0,0.0,0.0,0.0,0.0,0.0,1.5700000524520874,0.0,0.0,0.0,0.0
468,9.36,front_right_shoulder_to_arm,7,-0.39797478914260864,-2.757398397079669e-05,-0.39750000834465027,0.0,0.0,0.03792949393391609,0.03792949393391609,0.0,0.0,0.0,0.0,0.0,0.0,0.0,1.5700000524520874,0.0,0.0,0.0,0.0
469,9.38,front_right_shoulder_to_arm,7,-0.39797812700271606,-2.7578971639741212e-05,-0.39750000834465027,0.0,0.0,0.03819652646780014,0.03819652646780014,0.0,0.0,0.0,0.0,0.0,0.0,0.0,1.5700000524520874,0.0,0.0,0.0,0.0
470,9.4,front_right_shoulder_to_arm,7,-0.3979814648628235,-2.7576028514886275e-05,-0.39750000834465027,0.0,0.0,0.03846355155110359,0.03846355155110359,0.0,0.0,0.0,0.0,0.0,0.0,0.0,1.5700000524520874,0.0,0.0,0.0,0.0
471,9.42,front_right_shoulder_to_arm,7,-0.3979848027229309,-2.756804315140471e-05,-0.39750000834465027,0.0,0.0,0.03873057663440704,0.03873057663440704,0.0,0.0,0.0,0.0,0.0,0.0,0.0,1.5700000524520874,0.0,0.0,0.0,0.0
472,9.44,front_right_shoulder_to_arm,7,-0.39798814058303833,-1.2328662705840543e-05,-0.39750000834465027,0.0,0.0,0.03899760916829109,0.03899760916829109,0.0,0.0,0.0,0.0,0.0,0.0,0.0,1.5700000524520874,0.0,0.0,0.0,0.0
473,9.46,front_right_shoulder_to_arm,7,-0.39799144864082336,-2.756140020210296e-05,-0.39750000834465027,0.0,0.0,0.03926225006580353,0.03926225006580353,0.0,0.0,0.0,0.0,0.0,0.0,0.0,1.5700000524520874,0.0,0.0,0.0,0.0
474,9.48,front_right_shoulder_to_arm,7,-0.3979947865009308,-2.7563819458009675e-05,-0.39750000834465027,0.0,0.0,0.03952927887439728,0.03952927887439728,0.0,0.0,0.0,0.0,0.0,0.0,0.0,1.5700000524520874,0.0,0.0,0.0,0.0
475,9.5,front_right_shoulder_to_arm,7,-0.3979981243610382,-2.755869718384929e-05,-0.39750000834465027,0.0,0.0,0.03979630768299103,0.03979630768299103,0.0,0.0,0.0,0.0,0.0,0.0,0.0,1.5700000524520874,0.0,0.0,0.0,0.0
476,9.52,front_right_shoulder_to_arm,7,-0.39800146222114563,-2.7564936317503452e-05,-0.39750000834465027,0.0,0.0,0.04006333649158478,0.04006333649158478,0.0,0.0,0.0,0.0,0.0,0.0,0.0,1.5700000524520874,0.0,0.0,0.0,0.0
477,9.540000000000001,front_right_shoulder_to_arm,7,-0.39800480008125305,-2.7557365683605894e-05,-0.39750000834465027,0.0,0.0,0.04033036157488823,0.04033036157488823,0.0,0.0,0.0,0.0,0.0,0.0,0.0,1.5700000524520874,0.0,0.0,0.0,0.0
478,9.56,front_right_shoulder_to_arm,7,-0.3980080485343933,-2.755759487627074e-05,-0.39750000834465027,0.0,0.0,0.04059261828660965,0.04059261828660965,0.0,0.0,0.0,0.0,0.0,0.0,0.0,1.5700000524520874,0.0,0.0,0.0,0.0
479,9.58,front_right_shoulder_to_arm,7,-0.39801129698753357,-2.7141813916387036e-05,-0.39750000834465027,0.0,0.0,0.0408448725938797,0.0408448725938797,0.0,0.0,0.0,0.0,0.0,0.0,0.0,1.5700000524520874,0.0,0.0,0.0,0.0
480,9.6,front_right_shoulder_to_arm,7,-0.39801451563835144,-2.75529564532917e-05,-0.39750000834465027,0.0,0.0,0.04110998660326004,0.04110998660326004,0.0,0.0,0.0,0.0,0.0,0.0,0.0,1.5700000524520874,0.0,0.0,0.0,0.0
481,9.620000000000001,front_right_shoulder_to_arm,7,-0.3980177342891693,-2.7554073312785476e-05,-0.39750000834465027,0.0,0.0,0.04136747866868973,0.04136747866868973,0.0,0.0,0.0,0.0,0.0,0.0,0.0,1.5700000524520874,0.0,0.0,0.0,0.0
482,9.64,front_right_shoulder_to_arm,7,-0.3980209529399872,-2.7553549443837255e-05,-0.39750000834465027,0.0,0.0,0.04162496700882912,0.04162496700882912,0.0,0.0,0.0,0.0,0.0,0.0,0.0,1.5700000524520874,0.0,0.0,0.0,0.0
483,9.66,front_right_shoulder_to_arm,7,-0.39802417159080505,-2.7550908271223307e-05,-0.39750000834465027,0.0,0.0,0.0418824627995491,0.0418824627995491,0.0,0.0,0.0,0.0,0.0,0.0,0.0,1.5700000524520874,0.0,0.0,0.0,0.0
484,9.68,front_right_shoulder_to_arm,7,-0.3980273902416229,-2.7549413061933592e-05,-0.39750000834465027,0.0,0.0,0.04213995486497879,0.04213995486497879,0.0,0.0,0.0,0.0,0.0,0.0,0.0,1.5700000524520874,0.0,0.0,0.0,0.0
485,9.700000000000001,front_right_shoulder_to_arm,7,-0.3980306088924408,-2.754671368165873e-05,-0.39750000834465027,0.0,0.0,0.04239744693040848,0.04239744693040848,0.0,0.0,0.0,0.0,0.0,0.0,0.0,1.5700000524520874,0.0,0.0,0.0,0.0
486,9.72,front_right_shoulder_to_arm,7,-0.3979695737361908,-2.7536272682482377e-05,-0.39750000834465027,0.0,0.0,0.03751147538423538,0.03751147538423538,0.0,0.0,0.0,0.0,0.0,0.0,0.0,1.5700000524520874,0.0,0.0,0.0,0.0
487,9.74,front_right_shoulder_to_arm,7,-0.3979729115962982,-2.7580885216593742e-05,-0.39750000834465027,0.0,0.0,0.03777929022908211,0.03777929022908211,0.0,0.0,0.0,0.0,0.0,0.0,0.0,1.5700000524520874,0.0,0.0,0.0,0.0
488,9.76,front_right_shoulder_to_arm,7,-0.39797624945640564,-2.7571350074140355e-05,-0.39750000834465027,0.0,0.0,0.03804631903767586,0.03804631903767586,0.0,0.0,0.0,0.0,0.0,0.0,0.0,1.5700000524520874,0.0,0.0,0.0,0.0
489,9.78,front_right_shoulder_to_arm,7,-0.39797958731651306,-2.757180845947005e-05,-0.39750000834465027,0.0,0.0,0.03831334784626961,0.03831334784626961,0.0,0.0,0.0,0.0,0.0,0.0,0.0,1.5700000524520874,0.0,0.0,0.0,0.0
490,9.8,front_right_shoulder_to_arm,7,-0.3979829251766205,-2.757269612629898e-05,-0.39750000834465027,0.0,0.0,0.03858037665486336,0.03858037665486336,0.0,0.0,0.0,0.0,0.0,0.0,0.0,1.5700000524520874,0.0,0.0,0.0,0.0
491,9.82,front_right_shoulder_to_arm,7,-0.3979862630367279,-2.756896719802171e-05,-0.39750000834465027,0.0,0.0,0.03884740173816681,0.03884740173816681,0.0,0.0,0.0,0.0,0.0,0.0,0.0,1.5700000524520874,0.0,0.0,0.0,0.0
492,9.84,front_right_shoulder_to_arm,7,-0.3979896008968353,-2.7565114578465e-05,-0.39750000834465027,0.0,0.0,0.03911443054676056,0.03911443054676056,0.0,0.0,0.0,0.0,0.0,0.0,0.0,1.5700000524520874,0.0,0.0,0.0,0.0
493,9.86,front_right_shoulder_to_arm,7,-0.39799290895462036,-2.7551395760383457e-05,-0.39750000834465027,0.0,0.0,0.03937886282801628,0.03937886282801628,0.0,0.0,0.0,0.0,0.0,0.0,0.0,1.5700000524520874,0.0,0.0,0.0,0.0
494,9.88,front_right_shoulder_to_arm,7,-0.3979962468147278,-2.756468893494457e-05,-0.39750000834465027,0.0,0.0,0.03964610397815704,0.03964610397815704,0.0,0.0,0.0,0.0,0.0,0.0,0.0,1.5700000524520874,0.0,0.0,0.0,0.0
495,9.9,front_right_shoulder_to_arm,7,-0.3979995846748352,-2.7565205527935177e-05,-0.39750000834465027,0.0,0.0,0.039913129061460495,0.039913129061460495,0.0,0.0,0.0,0.0,0.0,0.0,0.0,1.5700000524520874,0.0,0.0,0.0,0.0
496,9.92,front_right_shoulder_to_arm,7,-0.3980029225349426,-2.7564394258661196e-05,-0.39750000834465027,0.0,0.0,0.04018016159534454,0.04018016159534454,0.0,0.0,0.0,0.0,0.0,0.0,0.0,1.5700000524520874,0.0,0.0,0.0,0.0
497,9.94,front_right_shoulder_to_arm,7,-0.39800626039505005,-2.7561465685721487e-05,-0.39750000834465027,0.0,0.0,0.0404471829533577,0.0404471829533577,0.0,0.0,0.0,0.0,0.0,0.0,0.0,1.5700000524520874,0.0,0.0,0.0,0.0
498,9.96,front_right_shoulder_to_arm,7,-0.3980094790458679,-2.755595778580755e-05,-0.39750000834465027,0.0,0.0,0.0407070629298687,0.0407070629298687,0.0,0.0,0.0,0.0,0.0,0.0,0.0,1.5700000524520874,0.0,0.0,0.0,0.0
499,9.98,front_right_shoulder_to_arm,7,-0.3980127274990082,-1.2317241271375678e-05,-0.39750000834465027,0.0,0.0,0.04096455127000809,0.04096455127000809,0.0,0.0,0.0,0.0,0.0,0.0,0.0,1.5700000524520874,0.0,0.0,0.0,0.0
