step,time,joint,joint_id,joint_pos,joint_vel,joint_pos_target,joint_vel_target,joint_effort_target,applied_torque,computed_torque,action_0,action_1,action_2,action_3,action_4,action_5,action_6,action_7,action_8,action_9,action_10,action_11
0,0.0,front_right_arm_to_hand,11,1.4992175102233887,2.3987468011910096e-08,1.5,0.0,0.0,0.06259917467832565,0.06259917467832565,0.0,0.0,0.0,0.0,0.0,0.0,0.0,0.0,0.0,0.0,0.0,0.0
1,0.02,front_right_arm_to_hand,11,1.4999308586120605,0.1427043080329895,1.5,0.0,0.0,0.06259919703006744,0.06259919703006744,0.0,0.0,0.0,0.0,0.0,0.0,0.0,0.0,0.0,0.0,0.0,0.0
2,0.04,front_right_arm_to_hand,11,1.4999308586120605,-3.6520884805213427e-07,1.5,0.0,0.0,0.005531493108719587,0.005531493108719587,0.0,0.0,0.0,0.0,0.0,0.0,0.0,0.0,0.0,0.0,0.0,0.0
3,0.06,front_right_arm_to_hand,11,1.4999308586120605,1.1395442925277166e-05,1.5,0.0,0.0,0.0055373660288751125,0.0055373660288751125,0.0,0.0,0.0,0.0,0.0,0.0,0.0,0.0,0.0,0.0,0.0,0.0
4,0.08,front_right_arm_to_hand,11,1.4999308586120605,1.3124155884725042e-05,1.5,0.0,0.0,0.00553131802007556,0.00553131802007556,0.0,0.0,0.0,0.0,0.0,0.0,0.0,0.0,0.0,0.0,0.0,0.0
5,0.1,front_right_arm_to_hand,11,1.4999308586120605,-3.599348019633908e-07,1.5,0.0,0.0,0.005531493574380875,0.005531493574380875,0.0,0.0,0.0,0.0,0.0,0.0,0.0,0.0,0.0,0.0,0.0,0.0
6,0.12,front_right_arm_to_hand,11,1.4999308586120605,-3.5673309639605577e-07,1.5,0.0,0.0,0.005531495437026024,0.005531495437026024,0.0,0.0,0.0,0.0,0.0,0.0,0.0,0.0,0.0,0.0,0.0,0.0
7,0.14,front_right_arm_to_hand,11,1.4999308586120605,-3.5822671407004236e-07,1.5,0.0,0.0,0.0055314903147518635,0.0055314903147518635,0.0,0.0,0.0,0.0,0.0,0.0,0.0,0.0,0.0,0.0,0.0,0.0
8,0.16,front_right_arm_to_hand,11,1.4999308586120605,-3.569015802895592e-07,1.5,0.0,0.0,0.005531493108719587,0.005531493108719587,0.0,0.0,0.0,0.0,0.0,0.0,0.0,0.0,0.0,0.0,0.0,0.0
9,0.18,front_right_arm_to_hand,11,1.4999308586120605,-3.5538511156119057e-07,1.5,0.0,0.0,0.0055314903147518635,0.0055314903147518635,0.0,0.0,0.0,0.0,0.0,0.0,0.0,0.0,0.0,0.0,0.0,0.0
10,0.2,front_right_arm_to_hand,11,1.4999308586120605,-3.649727204901865e-07,1.5,0.0,0.0,0.0055314842611551285,0.0055314842611551285,0.0,0.0,0.0,0.0,0.0,0.0,0.0,0.0,0.0,0.0,0.0,0.0
11,0.22,front_right_arm_to_hand,11,1.4999308586120605,-3.680963800434256e-07,1.5,0.0,0.0,0.005531494505703449,0.005531494505703449,0.0,0.0,0.0,0.0,0.0,0.0,0.0,0.0,0.0,0.0,0.0,0.0
12,0.24,front_right_arm_to_hand,11,1.4999308586120605,1.0457915777806193e-06,1.5,0.0,0.0,0.005530806258320808,0.005530806258320808,0.0,0.0,0.0,0.0,0.0,0.0,0.0,0.0,0.0,0.0,0.0,0.0
13,0.26,front_right_arm_to_hand,11,1.4999308586120605,-3.6417446835912415e-07,1.5,0.0,0.0,0.005531490780413151,0.005531490780413151,0.0,0.0,0.0,0.0,0.0,0.0,0.0,0.0,0.0,0.0,0.0,0.0
14,0.28,front_right_arm_to_hand,11,1.4999308586120605,1.0335174920328427e-06,1.5,0.0,0.0,0.005530799273401499,0.005530799273401499,0.0,0.0,0.0,0.0,0.0,0.0,0.0,0.0,0.0,0.0,0.0,0.0
15,0.3,front_right_arm_to_hand,11,1.4999308586120605,-3.585405465855729e-07,1.5,0.0,0.0,0.005531494505703449,0.005531494505703449,0.0,0.0,0.0,0.0,0.0,0.0,0.0,0.0,0.0,0.0,0.0,0.0
16,0.32,front_right_arm_to_hand,11,1.4999308586120605,1.0436455113449483e-06,1.5,0.0,0.0,0.005530803930014372,0.005530803930014372,0.0,0.0,0.0,0.0,0.0,0.0,0.0,0.0,0.0,0.0,0.0,0.0
17,0.34,front_right_arm_to_hand,11,1.4999308586120605,-3.6489910826276173e-07,1.5,0.0,0.0,0.005531494505703449,0.005531494505703449,0.0,0.0,0.0,0.0,0.0,0.0,0.0,0.0,0.0,0.0,0.0,0.0
18,0.36,front_right_arm_to_hand,11,1.4999308586120605,-3.540172315297241e-07,1.5,0.0,0.0,0.005531474016606808,0.005531474016606808,0.0,0.0,0.0,0.0,0.0,0.0,0.0,0.0,0.0,0.0,0.0,0.0
19,0.38,front_right_arm_to_hand,11,1.4999308586120605,-3.5740873727263534e-07,1.5,0.0,0.0,0.005531471222639084,0.005531471222639084,0.0,0.0,0.0,0.0,0.0,0.0,0.0,0.0,0.0,0.0,0.0,0.0
20,0.4,front_right_arm_to_hand,11,1.4999308586120605,-3.5086355865132646e-07,1.5,0.0,0.0,0.0055314768105745316,0.0055314768105745316,0.0,0.0,0.0,0.0,0.0,0.0,0.0,0.0,0.0,0.0,0.0,0.0
21,0.42,front_right_arm_to_hand,11,1.4999308586120605,-3.556265824045113e-07,1.5,0.0,0.0,0.005531465169042349,0.005531465169042349,0.0,0.0,0.0,0.0,0.0,0.0,0.0,0.0,0.0,0.0,0.0,0.0
22,0.44,front_right_arm_to_hand,11,1.4999308586120605,-3.6497362998488825e-07,1.5,0.0,0.0,0.005531487986445427,0.005531487986445427,0.0,0.0,0.0,0.0,0.0,0.0,0.0,0.0,0.0,0.0,0.0,0.0
23,0.46,front_right_arm_to_hand,11,1.4999308586120605,1.1095039553765673e-06,1.5,0.0,0.0,0.005531472619622946,0.005531472619622946,0.0,0.0,0.0,0.0,0.0,0.0,0.0,0.0,0.0,0.0,0.0,0.0
24,0.48,front_right_arm_to_hand,11,1.4999308586120605,-3.6140642123427824e-07,1.5,0.0,0.0,0.005531490780413151,0.005531490780413151,0.0,0.0,0.0,0.0,0.0,0.0,0.0,0.0,0.0,0.0,0.0,0.0
25,0.5,front_right_arm_to_hand,11,1.4999308586120605,-3.5868362147084554e-07,1.5,0.0,0.0,0.005531472619622946,0.005531472619622946,0.0,0.0,0.0,0.0,0.0,0.0,0.0,0.0,0.0,0.0,0.0,0.0
26,0.52,front_right_arm_to_hand,11,1.4999308586120605,1.0428528867123532e-06,1.5,0.0,0.0,0.005530732683837414,0.005530732683837414,0.0,0.0,0.0,0.0,0.0,0.0,0.0,0.0,0.0,0.0,0.0,0.0
27,0.54,front_right_arm_to_hand,11,1.4999308586120605,-3.6024363225806155e-07,1.5,0.0,0.0,0.0055314903147518635,0.0055314903147518635,0.0,0.0,0.0,0.0,0.0,0.0,0.0,0.0,0.0,0.0,0.0,0.0
28,0.56,front_right_arm_to_hand,11,1.4999308586120605,-3.658344667201163e-07,1.5,0.0,0.0,0.005531465634703636,0.005531465634703636,0.0,0.0,0.0,0.0,0.0,0.0,0.0,0.0,0.0,0.0,0.0,0.0
29,0.58,front_right_arm_to_hand,11,1.4999308586120605,-3.254437501709617e-07,1.5,0.0,0.0,0.005530806723982096,0.005530806723982096,0.0,0.0,0.0,0.0,0.0,0.0,0.0,0.0,0.0,0.0,0.0,0.0
30,0.6,front_right_arm_to_hand,11,1.4999308586120605,-3.490222297841683e-07,1.5,0.0,0.0,0.005531493108719587,0.005531493108719587,0.0,0.0,0.0,0.0,0.0,0.0,0.0,0.0,0.0,0.0,0.0,0.0
31,0.62,front_right_arm_to_hand,11,1.4999308586120605,-3.2824854656610114e-07,1.5,0.0,0.0,0.005530738737434149,0.005530738737434149,0.0,0.0,0.0,0.0,0.0,0.0,0.0,0.0,0.0,0.0,0.0,0.0
32,0.64,front_right_arm_to_hand,11,1.4999308586120605,1.1646616258076392e-06,1.5,0.0,0.0,0.005531489849090576,0.005531489849090576,0.0,0.0,0.0,0.0,0.0,0.0,0.0,0.0,0.0,0.0,0.0,0.0
33,0.66,front_right_arm_to_hand,11,1.4999308586120605,-3.66095548542944e-07,1.5,0.0,0.0,0.005531492177397013,0.005531492177397013,0.0,0.0,0.0,0.0,0.0,0.0,0.0,0.0,0.0,0.0,0.0,0.0
34,0.68,front_right_arm_to_hand,11,1.4999308586120605,-3.157756509608589e-07,1.5,0.0,0.0,0.005530746188014746,0.005530746188014746,0.0,0.0,0.0,0.0,0.0,0.0,0.0,0.0,0.0,0.0,0.0,0.0
35,0.7000000000000001,front_right_arm_to_hand,11,1.4999308586120605,1.0134909871339914e-06,1.5,0.0,0.0,0.005531486589461565,0.005531486589461565,0.0,0.0,0.0,0.0,0.0,0.0,0.0,0.0,0.0,0.0,0.0,0.0
36,0.72,front_right_arm_to_hand,11,1.4999308586120605,-3.605006781981501e-07,1.5,0.0,0.0,0.00553147355094552,0.00553147355094552,0.0,0.0,0.0,0.0,0.0,0.0,0.0,0.0,0.0,0.0,0.0,0.0
37,0.74,front_right_arm_to_hand,11,1.4999308586120605,1.1406543762859656e-06,1.5,0.0,0.0,0.00553148565813899,0.00553148565813899,0.0,0.0,0.0,0.0,0.0,0.0,0.0,0.0,0.0,0.0,0.0,0.0
38,0.76,front_right_arm_to_hand,11,1.4999308586120605,-3.54616361164517e-07,1.5,0.0,0.0,0.005531494040042162,0.005531494040042162,0.0,0.0,0.0,0.0,0.0,0.0,0.0,0.0,0.0,0.0,0.0,0.0
39,0.78,front_right_arm_to_hand,11,1.4999308586120605,-3.4930195624838234e-07,1.5,0.0,0.0,0.0055314661003649235,0.0055314661003649235,0.0,0.0,0.0,0.0,0.0,0.0,0.0,0.0,0.0,0.0,0.0,0.0
40,0.8,front_right_arm_to_hand,11,1.4999308586120605,1.1441007927714963e-06,1.5,0.0,0.0,0.005531494505703449,0.005531494505703449,0.0,0.0,0.0,0.0,0.0,0.0,0.0,0.0,0.0,0.0,0.0,0.0
41,0.8200000000000001,front_right_arm_to_hand,11,1.4999308586120605,-3.7101000316397403e-07,1.5,0.0,0.0,0.00553148752078414,0.00553148752078414,0.0,0.0,0.0,0.0,0.0,0.0,0.0,0.0,0.0,0.0,0.0,0.0
42,0.84,front_right_arm_to_hand,11,1.4999308586120605,-3.1657671684115485e-07,1.5,0.0,0.0,0.005530750844627619,0.005530750844627619,0.0,0.0,0.0,0.0,0.0,0.0,0.0,0.0,0.0,0.0,0.0,0.0
43,0.86,front_right_arm_to_hand,11,1.4999308586120605,1.1190393252036301e-06,1.5,0.0,0.0,0.00553148752078414,0.00553148752078414,0.0,0.0,0.0,0.0,0.0,0.0,0.0,0.0,0.0,0.0,0.0,0.0
44,0.88,front_right_arm_to_hand,11,1.4999308586120605,-3.4816190463971e-07,1.5,0.0,0.0,0.00553148565813899,0.00553148565813899,0.0,0.0,0.0,0.0,0.0,0.0,0.0,0.0,0.0,0.0,0.0,0.0
45,0.9,front_right_arm_to_hand,11,1.4999308586120605,-3.1572204761687317e-07,1.5,0.0,0.0,0.005530787166208029,0.005530787166208029,0.0,0.0,0.0,0.0,0.0,0.0,0.0,0.0,0.0,0.0,0.0,0.0
46,0.92,front_right_arm_to_hand,11,1.4999308586120605,-3.599195110837172e-07,1.5,0.0,0.0,0.00553148752078414,0.00553148752078414,0.0,0.0,0.0,0.0,0.0,0.0,0.0,0.0,0.0,0.0,0.0,0.0
47,0.9400000000000001,front_right_arm_to_hand,11,1.4999308586120605,-3.6402741443453124e-07,1.5,0.0,0.0,0.005531491711735725,0.005531491711735725,0.0,0.0,0.0,0.0,0.0,0.0,0.0,0.0,0.0,0.0,0.0,0.0
48,0.96,front_right_arm_to_hand,11,1.4999308586120605,1.12489635739621e-06,1.5,0.0,0.0,0.005531467497348785,0.005531467497348785,0.0,0.0,0.0,0.0,0.0,0.0,0.0,0.0,0.0,0.0,0.0,0.0
49,0.98,front_right_arm_to_hand,11,1.4999308586120605,-3.68284474916436e-07,1.5,0.0,0.0,0.005531490780413151,0.005531490780413151,0.0,0.0,0.0,0.0,0.0,0.0,0.0,0.0,0.0,0.0,0.0,0.0
50,1.0,front_right_arm_to_hand,11,1.151400089263916,-14.142538070678711,1.107300877571106,0.0,0.0,-0.12975025177001953,-0.12975025177001953,0.0,0.0,0.0,0.0,0.0,0.0,0.0,0.0,0.0,0.0,0.0,-1.5707963705062866
51,1.02,front_right_arm_to_hand,11,1.0824766159057617,-2.1714541912078857,1.107300877571106,0.0,0.0,2.3217058181762695,2.3217058181762695,0.0,0.0,0.0,0.0,0.0,0.0,0.0,0.0,0.0,0.0,0.0,-1.5707963705062866
52,1.04,front_right_arm_to_hand,11,1.074678897857666,0.7958405017852783,1.107300877571106,0.0,0.0,2.928100347518921,2.928100347518921,0.0,0.0,0.0,0.0,0.0,0.0,0.0,0.0,0.0,0.0,0.0,-1.5707963705062866
53,1.06,front_right_arm_to_hand,11,1.1069059371948242,1.7122384309768677,1.107300877571106,0.0,0.0,-0.16762959957122803,-0.16762959957122803,0.0,0.0,0.0,0.0,0.0,0.0,0.0,0.0,0.0,0.0,0.0,-1.5707963705062866
54,1.08,front_right_arm_to_hand,11,1.1256918907165527,0.33276647329330444,1.107300877571106,0.0,0.0,-1.7187854051589966,-1.7187854051589966,0.0,0.0,0.0,0.0,0.0,0.0,0.0,0.0,0.0,0.0,0.0,-1.5707963705062866
55,1.1,front_right_arm_to_hand,11,1.1155586242675781,-0.8536770939826965,1.107300877571106,0.0,0.0,-0.6454297304153442,-0.6454297304153442,0.0,0.0,0.0,0.0,0.0,0.0,0.0,0.0,0.0,0.0,0.0,-1.5707963705062866
56,1.12,front_right_arm_to_hand,11,1.100207805633545,-0.5652924180030823,1.107300877571106,0.0,0.0,0.7122777700424194,0.7122777700424194,0.0,0.0,0.0,0.0,0.0,0.0,0.0,0.0,0.0,0.0,0.0,-1.5707963705062866
57,1.1400000000000001,front_right_arm_to_hand,11,1.099287986755371,0.17245398461818695,1.107300877571106,0.0,0.0,0.7100009918212891,0.7100009918212891,0.0,0.0,0.0,0.0,0.0,0.0,0.0,0.0,0.0,0.0,0.0,-1.5707963705062866
58,1.16,front_right_arm_to_hand,11,1.1074833869934082,0.4272580146789551,1.107300877571106,0.0,0.0,-0.07023422420024872,-0.07023422420024872,0.0,0.0,0.0,0.0,0.0,0.0,0.0,0.0,0.0,0.0,0.0,-1.5707963705062866
59,1.18,front_right_arm_to_hand,11,1.1115474700927734,-3.551007310420573e-08,1.107300877571106,0.0,0.0,-0.42624151706695557,-0.42624151706695557,0.0,0.0,0.0,0.0,0.0,0.0,0.0,0.0,0.0,0.0,0.0,-1.5707963705062866
60,1.2,front_right_arm_to_hand,11,1.1092524528503418,-0.24128694832324982,1.107300877571106,0.0,0.0,-0.14375978708267212,-0.14375978708267212,0.0,0.0,0.0,0.0,0.0,0.0,0.0,0.0,0.0,0.0,0.0,-1.5707963705062866
61,1.22,front_right_arm_to_hand,11,1.106132984161377,-3.775437917852287e-08,1.107300877571106,0.0,0.0,0.18430963158607483,0.18430963158607483,0.0,0.0,0.0,0.0,0.0,0.0,0.0,0.0,0.0,0.0,0.0,-1.5707963705062866
62,1.24,front_right_arm_to_hand,11,1.105339527130127,-3.6100118450121954e-09,1.107300877571106,0.0,0.0,0.15690608322620392,0.15690608322620392,0.0,0.0,0.0,0.0,0.0,0.0,0.0,0.0,0.0,0.0,0.0,-1.5707963705062866
63,1.26,front_right_arm_to_hand,11,1.1070489883422852,0.15504886209964752,1.107300877571106,0.0,0.0,-0.011221103370189667,-0.011221103370189667,0.0,0.0,0.0,0.0,0.0,0.0,0.0,0.0,0.0,0.0,0.0,-1.5707963705062866
64,1.28,front_right_arm_to_hand,11,1.1077799797058105,-1.4819306670688093e-08,1.107300877571106,0.0,0.0,-0.11141078174114227,-0.11141078174114227,0.0,0.0,0.0,0.0,0.0,0.0,0.0,0.0,0.0,0.0,0.0,-1.5707963705062866
65,1.3,front_right_arm_to_hand,11,1.1077799797058105,-9.550831236992963e-10,1.107300877571106,0.0,0.0,-0.038328174501657486,-0.038328174501657486,0.0,0.0,0.0,0.0,0.0,0.0,0.0,0.0,0.0,0.0,0.0,-1.5707963705062866
66,1.32,front_right_arm_to_hand,11,1.107004165649414,-0.15518918633460999,1.107300877571106,0.0,0.0,-0.03832816705107689,-0.03832816705107689,0.0,0.0,0.0,0.0,0.0,0.0,0.0,0.0,0.0,0.0,0.0,-1.5707963705062866
67,1.34,front_right_arm_to_hand,11,1.107004165649414,1.8544355384619848e-07,1.107300877571106,0.0,0.0,0.02373727597296238,0.02373727597296238,0.0,0.0,0.0,0.0,0.0,0.0,0.0,0.0,0.0,0.0,0.0,-1.5707963705062866
68,1.36,front_right_arm_to_hand,11,1.107004165649414,2.320423106993985e-07,1.107300877571106,0.0,0.0,0.02373684197664261,0.02373684197664261,0.0,0.0,0.0,0.0,0.0,0.0,0.0,0.0,0.0,0.0,0.0,-1.5707963705062866
69,1.3800000000000001,front_right_arm_to_hand,11,1.107004165649414,2.1970186026010197e-07,1.107300877571106,0.0,0.0,0.02373684197664261,0.02373684197664261,0.0,0.0,0.0,0.0,0.0,0.0,0.0,0.0,0.0,0.0,0.0,-1.5707963705062866
70,1.4000000000000001,front_right_arm_to_hand,11,1.107004165649414,2.22764299451228e-07,1.107300877571106,0.0,0.0,0.02373684011399746,0.02373684011399746,0.0,0.0,0.0,0.0,0.0,0.0,0.0,0.0,0.0,0.0,0.0,-1.5707963705062866
71,1.42,front_right_arm_to_hand,11,1.107004165649414,2.3102992940948752e-07,1.107300877571106,0.0,0.0,0.02373684011399746,0.02373684011399746,0.0,0.0,0.0,0.0,0.0,0.0,0.0,0.0,0.0,0.0,0.0,-1.5707963705062866
72,1.44,front_right_arm_to_hand,11,1.107004165649414,2.0998783156755962e-07,1.107300877571106,0.0,0.0,0.023736845701932907,0.023736845701932907,0.0,0.0,0.0,0.0,0.0,0.0,0.0,0.0,0.0,0.0,0.0,-1.5707963705062866
73,1.46,front_right_arm_to_hand,11,1.107004165649414,2.2250435449677752e-07,1.107300877571106,0.0,0.0,0.023736843839287758,0.023736843839287758,0.0,0.0,0.0,0.0,0.0,0.0,0.0,0.0,0.0,0.0,0.0,-1.5707963705062866
74,1.48,front_right_arm_to_hand,11,1.107004165649414,2.2431396473621135e-07,1.107300877571106,0.0,0.0,0.023736845701932907,0.023736845701932907,0.0,0.0,0.0,0.0,0.0,0.0,0.0,0.0,0.0,0.0,0.0,-1.5707963705062866
75,1.5,front_right_arm_to_hand,11,1.107004165649414,2.235211127299408e-07,1.107300877571106,0.0,0.0,0.023736845701932907,0.023736845701932907,0.0,0.0,0.0,0.0,0.0,0.0,0.0,0.0,0.0,0.0,0.0,-1.5707963705062866
76,1.52,front_right_arm_to_hand,11,1.107004165649414,2.1381910642048751e-07,1.107300877571106,0.0,0.0,0.023736843839287758,0.023736843839287758,0.0,0.0,0.0,0.0,0.0,0.0,0.0,0.0,0.0,0.0,0.0,-1.5707963705062866
77,1.54,front_right_arm_to_hand,11,1.107004165649414,2.3425522499564977e-07,1.107300877571106,0.0,0.0,0.02373684197664261,0.02373684197664261,0.0,0.0,0.0,0.0,0.0,0.0,0.0,0.0,0.0,0.0,0.0,-1.5707963705062866
78,1.56,front_right_arm_to_hand,11,1.107004165649414,2.1630663127325533e-07,1.107300877571106,0.0,0.0,0.023736845701932907,0.023736845701932907,0.0,0.0,0.0,0.0,0.0,0.0,0.0,0.0,0.0,0.0,0.0,-1.5707963705062866
79,1.58,front_right_arm_to_hand,11,1.107004165649414,2.1661222149305104e-07,1.107300877571106,0.0,0.0,0.023736845701932907,0.023736845701932907,0.0,0.0,0.0,0.0,0.0,0.0,0.0,0.0,0.0,0.0,0.0,-1.5707963705062866
80,1.6,front_right_arm_to_hand,11,1.107004165649414,2.281233264511684e-07,1.107300877571106,0.0,0.0,0.02373684197664261,0.02373684197664261,0.0,0.0,0.0,0.0,0.0,0.0,0.0,0.0,0.0,0.0,0.0,-1.5707963705062866
81,1.62,front_right_arm_to_hand,11,1.107004165649414,2.292845522333664e-07,1.107300877571106,0.0,0.0,0.02373684197664261,0.02373684197664261,0.0,0.0,0.0,0.0,0.0,0.0,0.0,0.0,0.0,0.0,0.0,-1.5707963705062866
82,1.6400000000000001,front_right_arm_to_hand,11,1.107004165649414,2.2171192881614843e-07,1.107300877571106,0.0,0.0,0.02373684197664261,0.02373684197664261,0.0,0.0,0.0,0.0,0.0,0.0,0.0,0.0,0.0,0.0,0.0,-1.5707963705062866
83,1.6600000000000001,front_right_arm_to_hand,11,1.107004165649414,2.2107292352302466e-07,1.107300877571106,0.0,0.0,0.023736849427223206,0.023736849427223206,0.0,0.0,0.0,0.0,0.0,0.0,0.0,0.0,0.0,0.0,0.0,-1.5707963705062866
84,1.68,front_right_arm_to_hand,11,1.107004165649414,2.216569328084006e-07,1.107300877571106,0.0,0.0,0.02373683825135231,0.02373683825135231,0.0,0.0,0.0,0.0,0.0,0.0,0.0,0.0,0.0,0.0,0.0,-1.5707963705062866
85,1.7,front_right_arm_to_hand,11,1.107004165649414,2.3365288370769122e-07,1.107300877571106,0.0,0.0,0.023736843839287758,0.023736843839287758,0.0,0.0,0.0,0.0,0.0,0.0,0.0,0.0,0.0,0.0,0.0,-1.5707963705062866
86,1.72,front_right_arm_to_hand,11,1.107004165649414,2.238688523448218e-07,1.107300877571106,0.0,0.0,0.023736843839287758,0.023736843839287758,0.0,0.0,0.0,0.0,0.0,0.0,0.0,0.0,0.0,0.0,0.0,-1.5707963705062866
87,1.74,front_right_arm_to_hand,11,1.107004165649414,2.158641621008428e-07,1.107300877571106,0.0,0.0,0.023736843839287758,0.023736843839287758,0.0,0.0,0.0,0.0,0.0,0.0,0.0,0.0,0.0,0.0,0.0,-1.5707963705062866
88,1.76,front_right_arm_to_hand,11,1.107004165649414,2.279946045291581e-07,1.107300877571106,0.0,0.0,0.02373683825135231,0.02373683825135231,0.0,0.0,0.0,0.0,0.0,0.0,0.0,0.0,0.0,0.0,0.0,-1.5707963705062866
89,1.78,front_right_arm_to_hand,11,1.107004165649414,2.238486729311262e-07,1.107300877571106,0.0,0.0,0.023736843839287758,0.023736843839287758,0.0,0.0,0.0,0.0,0.0,0.0,0.0,0.0,0.0,0.0,0.0,-1.5707963705062866
90,1.8,front_right_arm_to_hand,11,1.107004165649414,2.131860412646347e-07,1.107300877571106,0.0,0.0,0.023736845701932907,0.023736845701932907,0.0,0.0,0.0,0.0,0.0,0.0,0.0,0.0,0.0,0.0,0.0,-1.5707963705062866
91,1.82,front_right_arm_to_hand,11,1.107004165649414,2.2018647882759979e-07,1.107300877571106,0.0,0.0,0.023736845701932907,0.023736845701932907,0.0,0.0,0.0,0.0,0.0,0.0,0.0,0.0,0.0,0.0,0.0,-1.5707963705062866
92,1.84,front_right_arm_to_hand,11,1.107004165649414,2.14794937392071e-07,1.107300877571106,0.0,0.0,0.02373684011399746,0.02373684011399746,0.0,0.0,0.0,0.0,0.0,0.0,0.0,0.0,0.0,0.0,0.0,-1.5707963705062866
93,1.86,front_right_arm_to_hand,11,1.107004165649414,2.1910653913437272e-07,1.107300877571106,0.0,0.0,0.023736847564578056,0.023736847564578056,0.0,0.0,0.0,0.0,0.0,0.0,0.0,0.0,0.0,0.0,0.0,-1.5707963705062866
94,1.8800000000000001,front_right_arm_to_hand,11,1.107004165649414,2.2831557089375565e-07,1.107300877571106,0.0,0.0,0.023736845701932907,0.023736845701932907,0.0,0.0,0.0,0.0,0.0,0.0,0.0,0.0,0.0,0.0,0.0,-1.5707963705062866
95,1.9000000000000001,front_right_arm_to_hand,11,1.107004165649414,2.1494523139153898e-07,1.107300877571106,0.0,0.0,0.023736849427223206,0.023736849427223206,0.0,0.0,0.0,0.0,0.0,0.0,0.0,0.0,0.0,0.0,0.0,-1.5707963705062866
96,1.92,front_right_arm_to_hand,11,1.107004165649414,2.2317419734463328e-07,1.107300877571106,0.0,0.0,0.023736843839287758,0.023736843839287758,0.0,0.0,0.0,0.0,0.0,0.0,0.0,0.0,0.0,0.0,0.0,-1.5707963705062866
97,1.94,front_right_arm_to_hand,11,1.107004165649414,2.1292709107001428e-07,1.107300877571106,0.0,0.0,0.02373684011399746,0.02373684011399746,0.0,0.0,0.0,0.0,0.0,0.0,0.0,0.0,0.0,0.0,0.0,-1.5707963705062866
98,1.96,front_right_arm_to_hand,11,1.107004165649414,2.1751952772319783e-07,1.107300877571106,0.0,0.0,0.02373684011399746,0.02373684011399746,0.0,0.0,0.0,0.0,0.0,0.0,0.0,0.0,0.0,0.0,0.0,-1.5707963705062866
99,1.98,front_right_arm_to_hand,11,1.107004165649414,2.211553180586634e-07,1.107300877571106,0.0,0.0,0.02373684197664261,0.02373684197664261,0.0,0.0,0.0,0.0,0.0,0.0,0.0,0.0,0.0,0.0,0.0,-1.5707963705062866
100,2.0,front_right_arm_to_hand,11,1.107004165649414,2.2943001454223122e-07,1.107300877571106,0.0,0.0,0.023736847564578056,0.023736847564578056,0.0,0.0,0.0,0.0,0.0,0.0,0.0,0.0,0.0,0.0,0.0,-1.5707963705062866
101,2.02,front_right_arm_to_hand,11,1.107004165649414,2.160355165869987e-07,1.107300877571106,0.0,0.0,0.023736845701932907,0.023736845701932907,0.0,0.0,0.0,0.0,0.0,0.0,0.0,0.0,0.0,0.0,0.0,-1.5707963705062866
102,2.04,front_right_arm_to_hand,11,1.107004165649414,2.098558127272554e-07,1.107300877571106,0.0,0.0,0.02373684011399746,0.02373684011399746,0.0,0.0,0.0,0.0,0.0,0.0,0.0,0.0,0.0,0.0,0.0,-1.5707963705062866
103,2.06,front_right_arm_to_hand,11,1.107004165649414,2.2713882685820863e-07,1.107300877571106,0.0,0.0,0.02373684197664261,0.02373684197664261,0.0,0.0,0.0,0.0,0.0,0.0,0.0,0.0,0.0,0.0,0.0,-1.5707963705062866
104,2.08,front_right_arm_to_hand,11,1.107004165649414,2.1766936697531492e-07,1.107300877571106,0.0,0.0,0.02373684011399746,0.02373684011399746,0.0,0.0,0.0,0.0,0.0,0.0,0.0,0.0,0.0,0.0,0.0,-1.5707963705062866
105,2.1,front_right_arm_to_hand,11,1.107004165649414,2.2551520828528737e-07,1.107300877571106,0.0,0.0,0.023736843839287758,0.023736843839287758,0.0,0.0,0.0,0.0,0.0,0.0,0.0,0.0,0.0,0.0,0.0,-1.5707963705062866
106,2.12,front_right_arm_to_hand,11,1.107004165649414,2.2673313537779904e-07,1.107300877571106,0.0,0.0,0.02373683825135231,0.02373683825135231,0.0,0.0,0.0,0.0,0.0,0.0,0.0,0.0,0.0,0.0,0.0,-1.5707963705062866
107,2.14,front_right_arm_to_hand,11,1.107004165649414,2.2059015236663981e-07,1.107300877571106,0.0,0.0,0.023736843839287758,0.023736843839287758,0.0,0.0,0.0,0.0,0.0,0.0,0.0,0.0,0.0,0.0,0.0,-1.5707963705062866
108,2.16,front_right_arm_to_hand,11,1.107004165649414,2.297570915743563e-07,1.107300877571106,0.0,0.0,0.02373684011399746,0.02373684011399746,0.0,0.0,0.0,0.0,0.0,0.0,0.0,0.0,0.0,0.0,0.0,-1.5707963705062866
109,2.18,front_right_arm_to_hand,11,1.107004165649414,2.2108338271209504e-07,1.107300877571106,0.0,0.0,0.02373684011399746,0.02373684011399746,0.0,0.0,0.0,0.0,0.0,0.0,0.0,0.0,0.0,0.0,0.0,-1.5707963705062866
110,2.2,front_right_arm_to_hand,11,1.107004165649414,2.168648620681779e-07,1.107300877571106,0.0,0.0,0.02373684197664261,0.02373684197664261,0.0,0.0,0.0,0.0,0.0,0.0,0.0,0.0,0.0,0.0,0.0,-1.5707963705062866
111,2.22,front_right_arm_to_hand,11,1.107004165649414,2.2373467345460085e-07,1.107300877571106,0.0,0.0,0.023736843839287758,0.023736843839287758,0.0,0.0,0.0,0.0,0.0,0.0,0.0,0.0,0.0,0.0,0.0,-1.5707963705062866
112,2.24,front_right_arm_to_hand,11,1.107004165649414,2.2399342469725525e-07,1.107300877571106,0.0,0.0,0.023736845701932907,0.023736845701932907,0.0,0.0,0.0,0.0,0.0,0.0,0.0,0.0,0.0,0.0,0.0,-1.5707963705062866
113,2.2600000000000002,front_right_arm_to_hand,11,1.107004165649414,2.1591228005490848e-07,1.107300877571106,0.0,0.0,0.02373684011399746,0.02373684011399746,0.0,0.0,0.0,0.0,0.0,0.0,0.0,0.0,0.0,0.0,0.0,-1.5707963705062866
114,2.2800000000000002,front_right_arm_to_hand,11,1.107004165649414,2.1904389768678811e-07,1.107300877571106,0.0,0.0,0.02373683825135231,0.02373683825135231,0.0,0.0,0.0,0.0,0.0,0.0,0.0,0.0,0.0,0.0,0.0,-1.5707963705062866
115,2.3000000000000003,front_right_arm_to_hand,11,1.107004165649414,2.1544622086366871e-07,1.107300877571106,0.0,0.0,0.023736845701932907,0.023736845701932907,0.0,0.0,0.0,0.0,0.0,0.0,0.0,0.0,0.0,0.0,0.0,-1.5707963705062866
116,2.32,front_right_arm_to_hand,11,1.107004165649414,2.1625319845952617e-07,1.107300877571106,0.0,0.0,0.02373684197664261,0.02373684197664261,0.0,0.0,0.0,0.0,0.0,0.0,0.0,0.0,0.0,0.0,0.0,-1.5707963705062866
117,2.34,front_right_arm_to_hand,11,1.107004165649414,2.1090440327498072e-07,1.107300877571106,0.0,0.0,0.023736849427223206,0.023736849427223206,0.0,0.0,0.0,0.0,0.0,0.0,0.0,0.0,0.0,0.0,0.0,-1.5707963705062866
118,2.36,front_right_arm_to_hand,11,1.107004165649414,-1.2824447139792028e-06,1.107300877571106,0.0,0.0,0.02373684197664261,0.02373684197664261,0.0,0.0,0.0,0.0,0.0,0.0,0.0,0.0,0.0,0.0,0.0,-1.5707963705062866
119,2.38,front_right_arm_to_hand,11,1.107004165649414,2.3191259401755815e-07,1.107300877571106,0.0,0.0,0.02373684011399746,0.02373684011399746,0.0,0.0,0.0,0.0,0.0,0.0,0.0,0.0,0.0,0.0,0.0,-1.5707963705062866
120,2.4,front_right_arm_to_hand,11,1.107004165649414,1.5282593324172922e-07,1.107300877571106,0.0,0.0,0.02373759262263775,0.02373759262263775,0.0,0.0,0.0,0.0,0.0,0.0,0.0,0.0,0.0,0.0,0.0,-1.5707963705062866
121,2.42,front_right_arm_to_hand,11,1.107004165649414,-1.4009613096277462e-06,1.107300877571106,0.0,0.0,0.02373684197664261,0.02373684197664261,0.0,0.0,0.0,0.0,0.0,0.0,0.0,0.0,0.0,0.0,0.0,-1.5707963705062866
122,2.44,front_right_arm_to_hand,11,1.107004165649414,2.1988503817738092e-07,1.107300877571106,0.0,0.0,0.023736845701932907,0.023736845701932907,0.0,0.0,0.0,0.0,0.0,0.0,0.0,0.0,0.0,0.0,0.0,-1.5707963705062866
123,2.46,front_right_arm_to_hand,11,1.107004165649414,1.6108529621305934e-07,1.107300877571106,0.0,0.0,0.023737650364637375,0.023737650364637375,0.0,0.0,0.0,0.0,0.0,0.0,0.0,0.0,0.0,0.0,0.0,-1.5707963705062866
124,2.48,front_right_arm_to_hand,11,1.107004165649414,2.2972815827415616e-07,1.107300877571106,0.0,0.0,0.023736843839287758,0.023736843839287758,0.0,0.0,0.0,0.0,0.0,0.0,0.0,0.0,0.0,0.0,0.0,-1.5707963705062866
125,2.5,front_right_arm_to_hand,11,1.107004165649414,2.1995720089762472e-07,1.107300877571106,0.0,0.0,0.023736845701932907,0.023736845701932907,0.0,0.0,0.0,0.0,0.0,0.0,0.0,0.0,0.0,0.0,0.0,-1.5707963705062866
126,2.52,front_right_arm_to_hand,11,1.107004165649414,-1.361590193482698e-06,1.107300877571106,0.0,0.0,0.023736845701932907,0.023736845701932907,0.0,0.0,0.0,0.0,0.0,0.0,0.0,0.0,0.0,0.0,0.0,-1.5707963705062866
127,2.54,front_right_arm_to_hand,11,1.107004165649414,2.191232510995178e-07,1.107300877571106,0.0,0.0,0.02373684197664261,0.02373684197664261,0.0,0.0,0.0,0.0,0.0,0.0,0.0,0.0,0.0,0.0,0.0,-1.5707963705062866
128,2.56,front_right_arm_to_hand,11,1.107004165649414,1.638268543047161e-07,1.107300877571106,0.0,0.0,0.023737631738185883,0.023737631738185883,0.0,0.0,0.0,0.0,0.0,0.0,0.0,0.0,0.0,0.0,0.0,-1.5707963705062866
129,2.58,front_right_arm_to_hand,11,1.107004165649414,2.1254339799270383e-07,1.107300877571106,0.0,0.0,0.023736843839287758,0.023736843839287758,0.0,0.0,0.0,0.0,0.0,0.0,0.0,0.0,0.0,0.0,0.0,-1.5707963705062866
130,2.6,front_right_arm_to_hand,11,1.107004165649414,2.2522033304994693e-07,1.107300877571106,0.0,0.0,0.023736849427223206,0.023736849427223206,0.0,0.0,0.0,0.0,0.0,0.0,0.0,0.0,0.0,0.0,0.0,-1.5707963705062866
131,2.62,front_right_arm_to_hand,11,1.107004165649414,-1.3387855233304435e-06,1.107300877571106,0.0,0.0,0.02373683825135231,0.02373683825135231,0.0,0.0,0.0,0.0,0.0,0.0,0.0,0.0,0.0,0.0,0.0,-1.5707963705062866
132,2.64,front_right_arm_to_hand,11,1.107004165649414,2.21233477759597e-07,1.107300877571106,0.0,0.0,0.02373683638870716,0.02373683638870716,0.0,0.0,0.0,0.0,0.0,0.0,0.0,0.0,0.0,0.0,0.0,-1.5707963705062866
133,2.66,front_right_arm_to_hand,11,1.107004165649414,1.7156834530851484e-07,1.107300877571106,0.0,0.0,0.023737626150250435,0.023737626150250435,0.0,0.0,0.0,0.0,0.0,0.0,0.0,0.0,0.0,0.0,0.0,-1.5707963705062866
134,2.68,front_right_arm_to_hand,11,1.107004165649414,2.2414477029997215e-07,1.107300877571106,0.0,0.0,0.023736843839287758,0.023736843839287758,0.0,0.0,0.0,0.0,0.0,0.0,0.0,0.0,0.0,0.0,0.0,-1.5707963705062866
135,2.7,front_right_arm_to_hand,11,1.107004165649414,2.2816237787992577e-07,1.107300877571106,0.0,0.0,0.023736869916319847,0.023736869916319847,0.0,0.0,0.0,0.0,0.0,0.0,0.0,0.0,0.0,0.0,0.0,-1.5707963705062866
136,2.72,front_right_arm_to_hand,11,1.107004165649414,-1.3205039977037814e-06,1.107300877571106,0.0,0.0,0.023736845701932907,0.023736845701932907,0.0,0.0,0.0,0.0,0.0,0.0,0.0,0.0,0.0,0.0,0.0,-1.5707963705062866
137,2.74,front_right_arm_to_hand,11,1.107004165649414,2.2675519062431704e-07,1.107300877571106,0.0,0.0,0.02373684011399746,0.02373684011399746,0.0,0.0,0.0,0.0,0.0,0.0,0.0,0.0,0.0,0.0,0.0,-1.5707963705062866
138,2.7600000000000002,front_right_arm_to_hand,11,1.107004165649414,1.6939388558512292e-07,1.107300877571106,0.0,0.0,0.02373761311173439,0.02373761311173439,0.0,0.0,0.0,0.0,0.0,0.0,0.0,0.0,0.0,0.0,0.0,-1.5707963705062866
139,2.7800000000000002,front_right_arm_to_hand,11,1.107004165649414,2.1552179418904416e-07,1.107300877571106,0.0,0.0,0.023736849427223206,0.023736849427223206,0.0,0.0,0.0,0.0,0.0,0.0,0.0,0.0,0.0,0.0,0.0,-1.5707963705062866
140,2.8000000000000003,front_right_arm_to_hand,11,1.107004165649414,2.1714191689170548e-07,1.107300877571106,0.0,0.0,0.023736873641610146,0.023736873641610146,0.0,0.0,0.0,0.0,0.0,0.0,0.0,0.0,0.0,0.0,0.0,-1.5707963705062866
141,2.82,front_right_arm_to_hand,11,1.107004165649414,2.2631903107139806e-07,1.107300877571106,0.0,0.0,0.02373683825135231,0.02373683825135231,0.0,0.0,0.0,0.0,0.0,0.0,0.0,0.0,0.0,0.0,0.0,-1.5707963705062866
142,2.84,front_right_arm_to_hand,11,1.107004165649414,2.357213020331983e-07,1.107300877571106,0.0,0.0,0.023736847564578056,0.023736847564578056,0.0,0.0,0.0,0.0,0.0,0.0,0.0,0.0,0.0,0.0,0.0,-1.5707963705062866
143,2.86,front_right_arm_to_hand,11,1.107004165649414,-1.3154017324268352e-06,1.107300877571106,0.0,0.0,0.023736845701932907,0.023736845701932907,0.0,0.0,0.0,0.0,0.0,0.0,0.0,0.0,0.0,0.0,0.0,-1.5707963705062866
144,2.88,front_right_arm_to_hand,11,1.107004165649414,2.252970432436996e-07,1.107300877571106,0.0,0.0,0.023736843839287758,0.023736843839287758,0.0,0.0,0.0,0.0,0.0,0.0,0.0,0.0,0.0,0.0,0.0,-1.5707963705062866
145,2.9,front_right_arm_to_hand,11,1.107004165649414,2.145586961432855e-07,1.107300877571106,0.0,0.0,0.023736869916319847,0.023736869916319847,0.0,0.0,0.0,0.0,0.0,0.0,0.0,0.0,0.0,0.0,0.0,-1.5707963705062866
146,2.92,front_right_arm_to_hand,11,1.107004165649414,2.1512227021958097e-07,1.107300877571106,0.0,0.0,0.02373684011399746,0.02373684011399746,0.0,0.0,0.0,0.0,0.0,0.0,0.0,0.0,0.0,0.0,0.0,-1.5707963705062866
147,2.94,front_right_arm_to_hand,11,1.107004165649414,2.3282476036001754e-07,1.107300877571106,0.0,0.0,0.02373683825135231,0.02373683825135231,0.0,0.0,0.0,0.0,0.0,0.0,0.0,0.0,0.0,0.0,0.0,-1.5707963705062866
148,2.96,front_right_arm_to_hand,11,1.107004165649414,-1.3046860658505466e-06,1.107300877571106,0.0,0.0,0.023736847564578056,0.023736847564578056,0.0,0.0,0.0,0.0,0.0,0.0,0.0,0.0,0.0,0.0,0.0,-1.5707963705062866
149,2.98,front_right_arm_to_hand,11,1.107004165649414,2.2555124701284512e-07,1.107300877571106,0.0,0.0,0.023736843839287758,0.023736843839287758,0.0,0.0,0.0,0.0,0.0,0.0,0.0,0.0,0.0,0.0,0.0,-1.5707963705062866
150,3.0,front_right_arm_to_hand,11,1.107004165649414,1.7527895579405595e-07,1.107300877571106,0.0,0.0,0.023737603798508644,0.023737603798508644,0.0,0.0,0.0,0.0,0.0,0.0,0.0,0.0,0.0,0.0,0.0,-1.5707963705062866
151,3.02,front_right_arm_to_hand,11,1.107004165649414,2.1086219703647657e-07,1.107300877571106,0.0,0.0,0.023736843839287758,0.023736843839287758,0.0,0.0,0.0,0.0,0.0,0.0,0.0,0.0,0.0,0.0,0.0,-1.5707963705062866
152,3.04,front_right_arm_to_hand,11,1.107004165649414,2.259735651932715e-07,1.107300877571106,0.0,0.0,0.023736871778964996,0.023736871778964996,0.0,0.0,0.0,0.0,0.0,0.0,0.0,0.0,0.0,0.0,0.0,-1.5707963705062866
153,3.06,front_right_arm_to_hand,11,1.107004165649414,2.266086767122033e-07,1.107300877571106,0.0,0.0,0.023736845701932907,0.023736845701932907,0.0,0.0,0.0,0.0,0.0,0.0,0.0,0.0,0.0,0.0,0.0,-1.5707963705062866
154,3.08,front_right_arm_to_hand,11,1.107004165649414,2.2329118110064883e-07,1.107300877571106,0.0,0.0,0.02373684197664261,0.02373684197664261,0.0,0.0,0.0,0.0,0.0,0.0,0.0,0.0,0.0,0.0,0.0,-1.5707963705062866
155,3.1,front_right_arm_to_hand,11,1.107004165649414,-1.2956506907357834e-06,1.107300877571106,0.0,0.0,0.023736843839287758,0.023736843839287758,0.0,0.0,0.0,0.0,0.0,0.0,0.0,0.0,0.0,0.0,0.0,-1.5707963705062866
156,3.12,front_right_arm_to_hand,11,1.107004165649414,2.1799533556077222e-07,1.107300877571106,0.0,0.0,0.02373684011399746,0.02373684011399746,0.0,0.0,0.0,0.0,0.0,0.0,0.0,0.0,0.0,0.0,0.0,-1.5707963705062866
157,3.14,front_right_arm_to_hand,11,1.107004165649414,1.7066516022623546e-07,1.107300877571106,0.0,0.0,0.023737605661153793,0.023737605661153793,0.0,0.0,0.0,0.0,0.0,0.0,0.0,0.0,0.0,0.0,0.0,-1.5707963705062866
158,3.16,front_right_arm_to_hand,11,1.107004165649414,2.1359198854042916e-07,1.107300877571106,0.0,0.0,0.02373684197664261,0.02373684197664261,0.0,0.0,0.0,0.0,0.0,0.0,0.0,0.0,0.0,0.0,0.0,-1.5707963705062866
159,3.18,front_right_arm_to_hand,11,1.107004165649414,2.2242710429054569e-07,1.107300877571106,0.0,0.0,0.023736843839287758,0.023736843839287758,0.0,0.0,0.0,0.0,0.0,0.0,0.0,0.0,0.0,0.0,0.0,-1.5707963705062866
160,3.2,front_right_arm_to_hand,11,1.107004165649414,-1.2758620187014458e-06,1.107300877571106,0.0,0.0,0.02373683825135231,0.02373683825135231,0.0,0.0,0.0,0.0,0.0,0.0,0.0,0.0,0.0,0.0,0.0,-1.5707963705062866
161,3.22,front_right_arm_to_hand,11,1.107004165649414,2.18064855062039e-07,1.107300877571106,0.0,0.0,0.02373684011399746,0.02373684011399746,0.0,0.0,0.0,0.0,0.0,0.0,0.0,0.0,0.0,0.0,0.0,-1.5707963705062866
162,3.24,front_right_arm_to_hand,11,1.107004165649414,1.651395820090329e-07,1.107300877571106,0.0,0.0,0.023737596347928047,0.023737596347928047,0.0,0.0,0.0,0.0,0.0,0.0,0.0,0.0,0.0,0.0,0.0,-1.5707963705062866
163,3.2600000000000002,front_right_arm_to_hand,11,1.107004165649414,2.2668137944492628e-07,1.107300877571106,0.0,0.0,0.02373684197664261,0.02373684197664261,0.0,0.0,0.0,0.0,0.0,0.0,0.0,0.0,0.0,0.0,0.0,-1.5707963705062866
164,3.2800000000000002,front_right_arm_to_hand,11,1.107004165649414,2.307778004251304e-07,1.107300877571106,0.0,0.0,0.023736873641610146,0.023736873641610146,0.0,0.0,0.0,0.0,0.0,0.0,0.0,0.0,0.0,0.0,0.0,-1.5707963705062866
165,3.3000000000000003,front_right_arm_to_hand,11,1.107004165649414,2.2268201860242698e-07,1.107300877571106,0.0,0.0,0.023736845701932907,0.023736845701932907,0.0,0.0,0.0,0.0,0.0,0.0,0.0,0.0,0.0,0.0,0.0,-1.5707963705062866
166,3.3200000000000003,front_right_arm_to_hand,11,1.107004165649414,2.2439371605287306e-07,1.107300877571106,0.0,0.0,0.02373683452606201,0.02373683452606201,0.0,0.0,0.0,0.0,0.0,0.0,0.0,0.0,0.0,0.0,0.0,-1.5707963705062866
167,3.34,front_right_arm_to_hand,11,1.107004165649414,-1.2854444548793253e-06,1.107300877571106,0.0,0.0,0.02373684197664261,0.02373684197664261,0.0,0.0,0.0,0.0,0.0,0.0,0.0,0.0,0.0,0.0,0.0,-1.5707963705062866
168,3.36,front_right_arm_to_hand,11,1.107004165649414,2.1934047822469438e-07,1.107300877571106,0.0,0.0,0.02373683638870716,0.02373683638870716,0.0,0.0,0.0,0.0,0.0,0.0,0.0,0.0,0.0,0.0,0.0,-1.5707963705062866
169,3.38,front_right_arm_to_hand,11,1.107004165649414,1.692433784228342e-07,1.107300877571106,0.0,0.0,0.023737594485282898,0.023737594485282898,0.0,0.0,0.0,0.0,0.0,0.0,0.0,0.0,0.0,0.0,0.0,-1.5707963705062866
170,3.4,front_right_arm_to_hand,11,1.107004165649414,2.1945035655335232e-07,1.107300877571106,0.0,0.0,0.02373684197664261,0.02373684197664261,0.0,0.0,0.0,0.0,0.0,0.0,0.0,0.0,0.0,0.0,0.0,-1.5707963705062866
171,3.42,front_right_arm_to_hand,11,1.107004165649414,2.1372883907133655e-07,1.107300877571106,0.0,0.0,0.023736871778964996,0.023736871778964996,0.0,0.0,0.0,0.0,0.0,0.0,0.0,0.0,0.0,0.0,0.0,-1.5707963705062866
172,3.44,front_right_arm_to_hand,11,1.107004165649414,2.237387377590494e-07,1.107300877571106,0.0,0.0,0.023736843839287758,0.023736843839287758,0.0,0.0,0.0,0.0,0.0,0.0,0.0,0.0,0.0,0.0,0.0,-1.5707963705062866
173,3.46,front_right_arm_to_hand,11,1.107004165649414,2.1901357172282587e-07,1.107300877571106,0.0,0.0,0.02373684197664261,0.02373684197664261,0.0,0.0,0.0,0.0,0.0,0.0,0.0,0.0,0.0,0.0,0.0,-1.5707963705062866
174,3.48,front_right_arm_to_hand,11,1.107004165649414,-1.2745177855322254e-06,1.107300877571106,0.0,0.0,0.02373684011399746,0.02373684011399746,0.0,0.0,0.0,0.0,0.0,0.0,0.0,0.0,0.0,0.0,0.0,-1.5707963705062866
175,3.5,front_right_arm_to_hand,11,1.107004165649414,2.2177374603415956e-07,1.107300877571106,0.0,0.0,0.02373684197664261,0.02373684197664261,0.0,0.0,0.0,0.0,0.0,0.0,0.0,0.0,0.0,0.0,0.0,-1.5707963705062866
176,3.52,front_right_arm_to_hand,11,1.107004165649414,1.6601580909991753e-07,1.107300877571106,0.0,0.0,0.023737598210573196,0.023737598210573196,0.0,0.0,0.0,0.0,0.0,0.0,0.0,0.0,0.0,0.0,0.0,-1.5707963705062866
177,3.54,front_right_arm_to_hand,11,1.107004165649414,2.1726464183302596e-07,1.107300877571106,0.0,0.0,0.02373684011399746,0.02373684011399746,0.0,0.0,0.0,0.0,0.0,0.0,0.0,0.0,0.0,0.0,0.0,-1.5707963705062866
178,3.56,front_right_arm_to_hand,11,1.107004165649414,2.2844869818072766e-07,1.107300877571106,0.0,0.0,0.023736868053674698,0.023736868053674698,0.0,0.0,0.0,0.0,0.0,0.0,0.0,0.0,0.0,0.0,0.0,-1.5707963705062866
179,3.58,front_right_arm_to_hand,11,1.107004165649414,2.1717346498917323e-07,1.107300877571106,0.0,0.0,0.023736843839287758,0.023736843839287758,0.0,0.0,0.0,0.0,0.0,0.0,0.0,0.0,0.0,0.0,0.0,-1.5707963705062866
180,3.6,front_right_arm_to_hand,11,1.107004165649414,2.1380566295192693e-07,1.107300877571106,0.0,0.0,0.02373684197664261,0.02373684197664261,0.0,0.0,0.0,0.0,0.0,0.0,0.0,0.0,0.0,0.0,0.0,-1.5707963705062866
181,3.62,front_right_arm_to_hand,11,1.107004165649414,2.1296190766406653e-07,1.107300877571106,0.0,0.0,0.023736871778964996,0.023736871778964996,0.0,0.0,0.0,0.0,0.0,0.0,0.0,0.0,0.0,0.0,0.0,-1.5707963705062866
182,3.64,front_right_arm_to_hand,11,1.107004165649414,-1.3197216048865812e-06,1.107300877571106,0.0,0.0,0.023736849427223206,0.023736849427223206,0.0,0.0,0.0,0.0,0.0,0.0,0.0,0.0,0.0,0.0,0.0,-1.5707963705062866
183,3.66,front_right_arm_to_hand,11,1.107004165649414,2.1854631881979003e-07,1.107300877571106,0.0,0.0,0.023736847564578056,0.023736847564578056,0.0,0.0,0.0,0.0,0.0,0.0,0.0,0.0,0.0,0.0,0.0,-1.5707963705062866
184,3.68,front_right_arm_to_hand,11,1.107004165649414,1.7741628255407704e-07,1.107300877571106,0.0,0.0,0.023737618699669838,0.023737618699669838,0.0,0.0,0.0,0.0,0.0,0.0,0.0,0.0,0.0,0.0,0.0,-1.5707963705062866
185,3.7,front_right_arm_to_hand,11,1.107004165649414,2.286384983563039e-07,1.107300877571106,0.0,0.0,0.02373683825135231,0.02373683825135231,0.0,0.0,0.0,0.0,0.0,0.0,0.0,0.0,0.0,0.0,0.0,-1.5707963705062866
186,3.72,front_right_arm_to_hand,11,1.107004165649414,2.1517323034458968e-07,1.107300877571106,0.0,0.0,0.023736873641610146,0.023736873641610146,0.0,0.0,0.0,0.0,0.0,0.0,0.0,0.0,0.0,0.0,0.0,-1.5707963705062866
187,3.74,front_right_arm_to_hand,11,1.107004165649414,2.0853872229054105e-07,1.107300877571106,0.0,0.0,0.023736843839287758,0.023736843839287758,0.0,0.0,0.0,0.0,0.0,0.0,0.0,0.0,0.0,0.0,0.0,-1.5707963705062866
188,3.7600000000000002,front_right_arm_to_hand,11,1.107004165649414,2.278751480844221e-07,1.107300877571106,0.0,0.0,0.02373684197664261,0.02373684197664261,0.0,0.0,0.0,0.0,0.0,0.0,0.0,0.0,0.0,0.0,0.0,-1.5707963705062866
189,3.7800000000000002,front_right_arm_to_hand,11,1.107004165649414,-1.316666157435975e-06,1.107300877571106,0.0,0.0,0.02373683638870716,0.02373683638870716,0.0,0.0,0.0,0.0,0.0,0.0,0.0,0.0,0.0,0.0,0.0,-1.5707963705062866
190,3.8000000000000003,front_right_arm_to_hand,11,1.107004165649414,2.0894228214274335e-07,1.107300877571106,0.0,0.0,0.02373684197664261,0.02373684197664261,0.0,0.0,0.0,0.0,0.0,0.0,0.0,0.0,0.0,0.0,0.0,-1.5707963705062866
191,3.8200000000000003,front_right_arm_to_hand,11,1.107004165649414,1.689528232873272e-07,1.107300877571106,0.0,0.0,0.02373761124908924,0.02373761124908924,0.0,0.0,0.0,0.0,0.0,0.0,0.0,0.0,0.0,0.0,0.0,-1.5707963705062866
192,3.84,front_right_arm_to_hand,11,1.107004165649414,2.149451461264107e-07,1.107300877571106,0.0,0.0,0.02373684197664261,0.02373684197664261,0.0,0.0,0.0,0.0,0.0,0.0,0.0,0.0,0.0,0.0,0.0,-1.5707963705062866
193,3.86,front_right_arm_to_hand,11,1.107004165649414,2.1167193153814878e-07,1.107300877571106,0.0,0.0,0.02373684197664261,0.02373684197664261,0.0,0.0,0.0,0.0,0.0,0.0,0.0,0.0,0.0,0.0,0.0,-1.5707963705062866
194,3.88,front_right_arm_to_hand,11,1.107004165649414,-1.3011082273806096e-06,1.107300877571106,0.0,0.0,0.023736847564578056,0.023736847564578056,0.0,0.0,0.0,0.0,0.0,0.0,0.0,0.0,0.0,0.0,0.0,-1.5707963705062866
195,3.9,front_right_arm_to_hand,11,1.107004165649414,2.182460434596578e-07,1.107300877571106,0.0,0.0,0.023736843839287758,0.023736843839287758,0.0,0.0,0.0,0.0,0.0,0.0,0.0,0.0,0.0,0.0,0.0,-1.5707963705062866
196,3.92,front_right_arm_to_hand,11,1.107004165649414,1.7353555392674025e-07,1.107300877571106,0.0,0.0,0.023737600073218346,0.023737600073218346,0.0,0.0,0.0,0.0,0.0,0.0,0.0,0.0,0.0,0.0,0.0,-1.5707963705062866
197,3.94,front_right_arm_to_hand,11,1.107004165649414,2.131833412022388e-07,1.107300877571106,0.0,0.0,0.023736843839287758,0.023736843839287758,0.0,0.0,0.0,0.0,0.0,0.0,0.0,0.0,0.0,0.0,0.0,-1.5707963705062866
198,3.96,front_right_arm_to_hand,11,1.107004165649414,2.2546376499121834e-07,1.107300877571106,0.0,0.0,0.023736868053674698,0.023736868053674698,0.0,0.0,0.0,0.0,0.0,0.0,0.0,0.0,0.0,0.0,0.0,-1.5707963705062866
199,3.98,front_right_arm_to_hand,11,1.107004165649414,2.2322615222947206e-07,1.107300877571106,0.0,0.0,0.023736847564578056,0.023736847564578056,0.0,0.0,0.0,0.0,0.0,0.0,0.0,0.0,0.0,0.0,0.0,-1.5707963705062866
200,4.0,front_right_arm_to_hand,11,1.107004165649414,2.2271461830314365e-07,1.107300877571106,0.0,0.0,0.02373683825135231,0.02373683825135231,0.0,0.0,0.0,0.0,0.0,0.0,0.0,0.0,0.0,0.0,0.0,-1.5707963705062866
201,4.0200000000000005,front_right_arm_to_hand,11,1.107004165649414,-1.3029966794420034e-06,1.107300877571106,0.0,0.0,0.023736847564578056,0.023736847564578056,0.0,0.0,0.0,0.0,0.0,0.0,0.0,0.0,0.0,0.0,0.0,-1.5707963705062866
202,4.04,front_right_arm_to_hand,11,1.107004165649414,2.2868408677823027e-07,1.107300877571106,0.0,0.0,0.023736845701932907,0.023736845701932907,0.0,0.0,0.0,0.0,0.0,0.0,0.0,0.0,0.0,0.0,0.0,-1.5707963705062866
203,4.0600000000000005,front_right_arm_to_hand,11,1.107004165649414,1.5910632100712974e-07,1.107300877571106,0.0,0.0,0.023737603798508644,0.023737603798508644,0.0,0.0,0.0,0.0,0.0,0.0,0.0,0.0,0.0,0.0,0.0,-1.5707963705062866
204,4.08,front_right_arm_to_hand,11,1.107004165649414,2.2959184775572794e-07,1.107300877571106,0.0,0.0,0.02373684197664261,0.02373684197664261,0.0,0.0,0.0,0.0,0.0,0.0,0.0,0.0,0.0,0.0,0.0,-1.5707963705062866
205,4.1,front_right_arm_to_hand,11,1.107004165649414,2.2467884264187887e-07,1.107300877571106,0.0,0.0,0.023736843839287758,0.023736843839287758,0.0,0.0,0.0,0.0,0.0,0.0,0.0,0.0,0.0,0.0,0.0,-1.5707963705062866
206,4.12,front_right_arm_to_hand,11,1.107004165649414,-1.2784772707163938e-06,1.107300877571106,0.0,0.0,0.02373684197664261,0.02373684197664261,0.0,0.0,0.0,0.0,0.0,0.0,0.0,0.0,0.0,0.0,0.0,-1.5707963705062866
207,4.14,front_right_arm_to_hand,11,1.107004165649414,2.229714652912662e-07,1.107300877571106,0.0,0.0,0.023736847564578056,0.023736847564578056,0.0,0.0,0.0,0.0,0.0,0.0,0.0,0.0,0.0,0.0,0.0,-1.5707963705062866
208,4.16,front_right_arm_to_hand,11,1.107004165649414,1.7003800678594416e-07,1.107300877571106,0.0,0.0,0.0237375907599926,0.0237375907599926,0.0,0.0,0.0,0.0,0.0,0.0,0.0,0.0,0.0,0.0,0.0,-1.5707963705062866
209,4.18,front_right_arm_to_hand,11,1.107004165649414,2.1693904272979125e-07,1.107300877571106,0.0,0.0,0.02373684197664261,0.02373684197664261,0.0,0.0,0.0,0.0,0.0,0.0,0.0,0.0,0.0,0.0,0.0,-1.5707963705062866
210,4.2,front_right_arm_to_hand,11,1.107004165649414,2.1874132016819203e-07,1.107300877571106,0.0,0.0,0.023736869916319847,0.023736869916319847,0.0,0.0,0.0,0.0,0.0,0.0,0.0,0.0,0.0,0.0,0.0,-1.5707963705062866
211,4.22,front_right_arm_to_hand,11,1.107004165649414,2.305371822330926e-07,1.107300877571106,0.0,0.0,0.02373684197664261,0.02373684197664261,0.0,0.0,0.0,0.0,0.0,0.0,0.0,0.0,0.0,0.0,0.0,-1.5707963705062866
212,4.24,front_right_arm_to_hand,11,1.107004165649414,2.2868067617309862e-07,1.107300877571106,0.0,0.0,0.02373684011399746,0.02373684011399746,0.0,0.0,0.0,0.0,0.0,0.0,0.0,0.0,0.0,0.0,0.0,-1.5707963705062866
213,4.26,front_right_arm_to_hand,11,1.107004165649414,-1.2851536439484335e-06,1.107300877571106,0.0,0.0,0.02373684197664261,0.02373684197664261,0.0,0.0,0.0,0.0,0.0,0.0,0.0,0.0,0.0,0.0,0.0,-1.5707963705062866
214,4.28,front_right_arm_to_hand,11,1.107004165649414,2.1396479610302777e-07,1.107300877571106,0.0,0.0,0.02373684197664261,0.02373684197664261,0.0,0.0,0.0,0.0,0.0,0.0,0.0,0.0,0.0,0.0,0.0,-1.5707963705062866
215,4.3,front_right_arm_to_hand,11,1.107004165649414,1.6176097972220305e-07,1.107300877571106,0.0,0.0,0.0237375907599926,0.0237375907599926,0.0,0.0,0.0,0.0,0.0,0.0,0.0,0.0,0.0,0.0,0.0,-1.5707963705062866
216,4.32,front_right_arm_to_hand,11,1.107004165649414,2.292286467309168e-07,1.107300877571106,0.0,0.0,0.02373684011399746,0.02373684011399746,0.0,0.0,0.0,0.0,0.0,0.0,0.0,0.0,0.0,0.0,0.0,-1.5707963705062866
217,4.34,front_right_arm_to_hand,11,1.107004165649414,2.1042225739620335e-07,1.107300877571106,0.0,0.0,0.02373686619102955,0.02373686619102955,0.0,0.0,0.0,0.0,0.0,0.0,0.0,0.0,0.0,0.0,0.0,-1.5707963705062866
218,4.36,front_right_arm_to_hand,11,1.107004165649414,2.0905153519379382e-07,1.107300877571106,0.0,0.0,0.02373684197664261,0.02373684197664261,0.0,0.0,0.0,0.0,0.0,0.0,0.0,0.0,0.0,0.0,0.0,-1.5707963705062866
219,4.38,front_right_arm_to_hand,11,1.107004165649414,2.140327808319853e-07,1.107300877571106,0.0,0.0,0.023736843839287758,0.023736843839287758,0.0,0.0,0.0,0.0,0.0,0.0,0.0,0.0,0.0,0.0,0.0,-1.5707963705062866
220,4.4,front_right_arm_to_hand,11,1.107004165649414,-1.284665017919906e-06,1.107300877571106,0.0,0.0,0.02373684197664261,0.02373684197664261,0.0,0.0,0.0,0.0,0.0,0.0,0.0,0.0,0.0,0.0,0.0,-1.5707963705062866
221,4.42,front_right_arm_to_hand,11,1.107004165649414,2.305638133748289e-07,1.107300877571106,0.0,0.0,0.02373684197664261,0.02373684197664261,0.0,0.0,0.0,0.0,0.0,0.0,0.0,0.0,0.0,0.0,0.0,-1.5707963705062866
222,4.44,front_right_arm_to_hand,11,1.107004165649414,1.6801367053176364e-07,1.107300877571106,0.0,0.0,0.02373758889734745,0.02373758889734745,0.0,0.0,0.0,0.0,0.0,0.0,0.0,0.0,0.0,0.0,0.0,-1.5707963705062866
223,4.46,front_right_arm_to_hand,11,1.107004165649414,2.209699516697583e-07,1.107300877571106,0.0,0.0,0.02373683638870716,0.02373683638870716,0.0,0.0,0.0,0.0,0.0,0.0,0.0,0.0,0.0,0.0,0.0,-1.5707963705062866
224,4.48,front_right_arm_to_hand,11,1.107004165649414,2.2099814600551326e-07,1.107300877571106,0.0,0.0,0.023736871778964996,0.023736871778964996,0.0,0.0,0.0,0.0,0.0,0.0,0.0,0.0,0.0,0.0,0.0,-1.5707963705062866
225,4.5,front_right_arm_to_hand,11,1.107004165649414,2.1103056724314229e-07,1.107300877571106,0.0,0.0,0.02373684197664261,0.02373684197664261,0.0,0.0,0.0,0.0,0.0,0.0,0.0,0.0,0.0,0.0,0.0,-1.5707963705062866
226,4.5200000000000005,front_right_arm_to_hand,11,1.107004165649414,2.2464368498731346e-07,1.107300877571106,0.0,0.0,0.02373683452606201,0.02373683452606201,0.0,0.0,0.0,0.0,0.0,0.0,0.0,0.0,0.0,0.0,0.0,-1.5707963705062866
227,4.54,front_right_arm_to_hand,11,1.107004165649414,2.2393902554540546e-07,1.107300877571106,0.0,0.0,0.023736873641610146,0.023736873641610146,0.0,0.0,0.0,0.0,0.0,0.0,0.0,0.0,0.0,0.0,0.0,-1.5707963705062866
228,4.5600000000000005,front_right_arm_to_hand,11,1.107004165649414,-1.3151768598618219e-06,1.107300877571106,0.0,0.0,0.02373684197664261,0.02373684197664261,0.0,0.0,0.0,0.0,0.0,0.0,0.0,0.0,0.0,0.0,0.0,-1.5707963705062866
229,4.58,front_right_arm_to_hand,11,1.107004165649414,2.2537489030582947e-07,1.107300877571106,0.0,0.0,0.02373683825135231,0.02373683825135231,0.0,0.0,0.0,0.0,0.0,0.0,0.0,0.0,0.0,0.0,0.0,-1.5707963705062866
230,4.6000000000000005,front_right_arm_to_hand,11,1.107004165649414,1.595320071601236e-07,1.107300877571106,0.0,0.0,0.023737609386444092,0.023737609386444092,0.0,0.0,0.0,0.0,0.0,0.0,0.0,0.0,0.0,0.0,0.0,-1.5707963705062866
231,4.62,front_right_arm_to_hand,11,1.107004165649414,2.1748439849034185e-07,1.107300877571106,0.0,0.0,0.023736845701932907,0.023736845701932907,0.0,0.0,0.0,0.0,0.0,0.0,0.0,0.0,0.0,0.0,0.0,-1.5707963705062866
232,4.64,front_right_arm_to_hand,11,1.107004165649414,2.2870341354064294e-07,1.107300877571106,0.0,0.0,0.023736877366900444,0.023736877366900444,0.0,0.0,0.0,0.0,0.0,0.0,0.0,0.0,0.0,0.0,0.0,-1.5707963705062866
233,4.66,front_right_arm_to_hand,11,1.107004165649414,2.185772416396503e-07,1.107300877571106,0.0,0.0,0.023736843839287758,0.023736843839287758,0.0,0.0,0.0,0.0,0.0,0.0,0.0,0.0,0.0,0.0,0.0,-1.5707963705062866
234,4.68,front_right_arm_to_hand,11,1.107004165649414,2.1141354977771698e-07,1.107300877571106,0.0,0.0,0.023736847564578056,0.023736847564578056,0.0,0.0,0.0,0.0,0.0,0.0,0.0,0.0,0.0,0.0,0.0,-1.5707963705062866
235,4.7,front_right_arm_to_hand,11,1.107004165649414,-1.3253603583507356e-06,1.107300877571106,0.0,0.0,0.02373683638870716,0.02373683638870716,0.0,0.0,0.0,0.0,0.0,0.0,0.0,0.0,0.0,0.0,0.0,-1.5707963705062866
236,4.72,front_right_arm_to_hand,11,1.107004165649414,2.3118693093238107e-07,1.107300877571106,0.0,0.0,0.02373683825135231,0.02373683825135231,0.0,0.0,0.0,0.0,0.0,0.0,0.0,0.0,0.0,0.0,0.0,-1.5707963705062866
237,4.74,front_right_arm_to_hand,11,1.107004165649414,1.660515920320904e-07,1.107300877571106,0.0,0.0,0.02373761311173439,0.02373761311173439,0.0,0.0,0.0,0.0,0.0,0.0,0.0,0.0,0.0,0.0,0.0,-1.5707963705062866
238,4.76,front_right_arm_to_hand,11,1.107004165649414,2.1454022203215573e-07,1.107300877571106,0.0,0.0,0.02373684011399746,0.02373684011399746,0.0,0.0,0.0,0.0,0.0,0.0,0.0,0.0,0.0,0.0,0.0,-1.5707963705062866
239,4.78,front_right_arm_to_hand,11,1.107004165649414,2.2333586002787342e-07,1.107300877571106,0.0,0.0,0.023736843839287758,0.023736843839287758,0.0,0.0,0.0,0.0,0.0,0.0,0.0,0.0,0.0,0.0,0.0,-1.5707963705062866
240,4.8,front_right_arm_to_hand,11,1.107004165649414,-1.2867883469880326e-06,1.107300877571106,0.0,0.0,0.02373684197664261,0.02373684197664261,0.0,0.0,0.0,0.0,0.0,0.0,0.0,0.0,0.0,0.0,0.0,-1.5707963705062866
241,4.82,front_right_arm_to_hand,11,1.107004165649414,2.1857289311810746e-07,1.107300877571106,0.0,0.0,0.023736845701932907,0.023736845701932907,0.0,0.0,0.0,0.0,0.0,0.0,0.0,0.0,0.0,0.0,0.0,-1.5707963705062866
242,4.84,front_right_arm_to_hand,11,1.107004165649414,1.6920272116749402e-07,1.107300877571106,0.0,0.0,0.023737603798508644,0.023737603798508644,0.0,0.0,0.0,0.0,0.0,0.0,0.0,0.0,0.0,0.0,0.0,-1.5707963705062866
243,4.86,front_right_arm_to_hand,11,1.107004165649414,2.1820491724611202e-07,1.107300877571106,0.0,0.0,0.023736847564578056,0.023736847564578056,0.0,0.0,0.0,0.0,0.0,0.0,0.0,0.0,0.0,0.0,0.0,-1.5707963705062866
244,4.88,front_right_arm_to_hand,11,1.107004165649414,2.168190462725761e-07,1.107300877571106,0.0,0.0,0.023736869916319847,0.023736869916319847,0.0,0.0,0.0,0.0,0.0,0.0,0.0,0.0,0.0,0.0,0.0,-1.5707963705062866
245,4.9,front_right_arm_to_hand,11,1.107004165649414,2.2394769416678173e-07,1.107300877571106,0.0,0.0,0.023736847564578056,0.023736847564578056,0.0,0.0,0.0,0.0,0.0,0.0,0.0,0.0,0.0,0.0,0.0,-1.5707963705062866
246,4.92,front_right_arm_to_hand,11,1.107004165649414,2.1792027382616652e-07,1.107300877571106,0.0,0.0,0.02373684197664261,0.02373684197664261,0.0,0.0,0.0,0.0,0.0,0.0,0.0,0.0,0.0,0.0,0.0,-1.5707963705062866
247,4.94,front_right_arm_to_hand,11,1.107004165649414,-1.301648353546625e-06,1.107300877571106,0.0,0.0,0.02373683825135231,0.02373683825135231,0.0,0.0,0.0,0.0,0.0,0.0,0.0,0.0,0.0,0.0,0.0,-1.5707963705062866
248,4.96,front_right_arm_to_hand,11,1.107004165649414,2.1978055997351476e-07,1.107300877571106,0.0,0.0,0.023736843839287758,0.023736843839287758,0.0,0.0,0.0,0.0,0.0,0.0,0.0,0.0,0.0,0.0,0.0,-1.5707963705062866
249,4.98,front_right_arm_to_hand,11,1.107004165649414,1.5918354279165214e-07,1.107300877571106,0.0,0.0,0.023737605661153793,0.023737605661153793,0.0,0.0,0.0,0.0,0.0,0.0,0.0,0.0,0.0,0.0,0.0,-1.5707963705062866
250,5.0,front_right_arm_to_hand,11,1.107004165649414,2.1294718521858158e-07,1.107300877571106,0.0,0.0,0.02373684197664261,0.02373684197664261,0.0,0.0,0.0,0.0,0.0,0.0,0.0,0.0,0.0,0.0,0.0,-1.5707963705062866
251,5.0200000000000005,front_right_arm_to_hand,11,1.107004165649414,2.3361869239124644e-07,1.107300877571106,0.0,0.0,0.023736845701932907,0.023736845701932907,0.0,0.0,0.0,0.0,0.0,0.0,0.0,0.0,0.0,0.0,0.0,-1.5707963705062866
252,5.04,front_right_arm_to_hand,11,1.107004165649414,-1.2891281357951812e-06,1.107300877571106,0.0,0.0,0.023736847564578056,0.023736847564578056,0.0,0.0,0.0,0.0,0.0,0.0,0.0,0.0,0.0,0.0,0.0,-1.5707963705062866
253,5.0600000000000005,front_right_arm_to_hand,11,1.107004165649414,2.082882417653309e-07,1.107300877571106,0.0,0.0,0.023736843839287758,0.023736843839287758,0.0,0.0,0.0,0.0,0.0,0.0,0.0,0.0,0.0,0.0,0.0,-1.5707963705062866
254,5.08,front_right_arm_to_hand,11,1.107004165649414,1.6132518965150666e-07,1.107300877571106,0.0,0.0,0.023737596347928047,0.023737596347928047,0.0,0.0,0.0,0.0,0.0,0.0,0.0,0.0,0.0,0.0,0.0,-1.5707963705062866
255,5.1000000000000005,front_right_arm_to_hand,11,1.107004165649414,2.2642370822723024e-07,1.107300877571106,0.0,0.0,0.023736847564578056,0.023736847564578056,0.0,0.0,0.0,0.0,0.0,0.0,0.0,0.0,0.0,0.0,0.0,-1.5707963705062866
256,5.12,front_right_arm_to_hand,11,1.107004165649414,2.1975390041006904e-07,1.107300877571106,0.0,0.0,0.02373686619102955,0.02373686619102955,0.0,0.0,0.0,0.0,0.0,0.0,0.0,0.0,0.0,0.0,0.0,-1.5707963705062866
257,5.14,front_right_arm_to_hand,11,1.107004165649414,2.310457034582214e-07,1.107300877571106,0.0,0.0,0.023736845701932907,0.023736845701932907,0.0,0.0,0.0,0.0,0.0,0.0,0.0,0.0,0.0,0.0,0.0,-1.5707963705062866
258,5.16,front_right_arm_to_hand,11,1.107004165649414,2.2734130311619083e-07,1.107300877571106,0.0,0.0,0.02373684197664261,0.02373684197664261,0.0,0.0,0.0,0.0,0.0,0.0,0.0,0.0,0.0,0.0,0.0,-1.5707963705062866
259,5.18,front_right_arm_to_hand,11,1.107004165649414,-1.2901846275781281e-06,1.107300877571106,0.0,0.0,0.023736843839287758,0.023736843839287758,0.0,0.0,0.0,0.0,0.0,0.0,0.0,0.0,0.0,0.0,0.0,-1.5707963705062866
260,5.2,front_right_arm_to_hand,11,1.107004165649414,2.194857700033026e-07,1.107300877571106,0.0,0.0,0.023736843839287758,0.023736843839287758,0.0,0.0,0.0,0.0,0.0,0.0,0.0,0.0,0.0,0.0,0.0,-1.5707963705062866
261,5.22,front_right_arm_to_hand,11,1.107004165649414,1.6931213053794636e-07,1.107300877571106,0.0,0.0,0.023737600073218346,0.023737600073218346,0.0,0.0,0.0,0.0,0.0,0.0,0.0,0.0,0.0,0.0,0.0,-1.5707963705062866
262,5.24,front_right_arm_to_hand,11,1.107004165649414,2.307807847046206e-07,1.107300877571106,0.0,0.0,0.023736845701932907,0.023736845701932907,0.0,0.0,0.0,0.0,0.0,0.0,0.0,0.0,0.0,0.0,0.0,-1.5707963705062866
263,5.26,front_right_arm_to_hand,11,1.107004165649414,2.2405211552722903e-07,1.107300877571106,0.0,0.0,0.02373686619102955,0.02373686619102955,0.0,0.0,0.0,0.0,0.0,0.0,0.0,0.0,0.0,0.0,0.0,-1.5707963705062866
264,5.28,front_right_arm_to_hand,11,1.107004165649414,2.163976375868515e-07,1.107300877571106,0.0,0.0,0.02373683452606201,0.02373683452606201,0.0,0.0,0.0,0.0,0.0,0.0,0.0,0.0,0.0,0.0,0.0,-1.5707963705062866
265,5.3,front_right_arm_to_hand,11,1.107004165649414,2.19522974020947e-07,1.107300877571106,0.0,0.0,0.02373684011399746,0.02373684011399746,0.0,0.0,0.0,0.0,0.0,0.0,0.0,0.0,0.0,0.0,0.0,-1.5707963705062866
266,5.32,front_right_arm_to_hand,11,1.107004165649414,-1.2833168057113653e-06,1.107300877571106,0.0,0.0,0.02373684197664261,0.02373684197664261,0.0,0.0,0.0,0.0,0.0,0.0,0.0,0.0,0.0,0.0,0.0,-1.5707963705062866
267,5.34,front_right_arm_to_hand,11,1.107004165649414,2.2620514528171043e-07,1.107300877571106,0.0,0.0,0.023736845701932907,0.023736845701932907,0.0,0.0,0.0,0.0,0.0,0.0,0.0,0.0,0.0,0.0,0.0,-1.5707963705062866
268,5.36,front_right_arm_to_hand,11,1.107004165649414,1.6009083481094422e-07,1.107300877571106,0.0,0.0,0.023737596347928047,0.023737596347928047,0.0,0.0,0.0,0.0,0.0,0.0,0.0,0.0,0.0,0.0,0.0,-1.5707963705062866
269,5.38,front_right_arm_to_hand,11,1.107004165649414,2.3427287487720605e-07,1.107300877571106,0.0,0.0,0.02373684197664261,0.02373684197664261,0.0,0.0,0.0,0.0,0.0,0.0,0.0,0.0,0.0,0.0,0.0,-1.5707963705062866
270,5.4,front_right_arm_to_hand,11,1.107004165649414,2.257608002764755e-07,1.107300877571106,0.0,0.0,0.023736873641610146,0.023736873641610146,0.0,0.0,0.0,0.0,0.0,0.0,0.0,0.0,0.0,0.0,0.0,-1.5707963705062866
271,5.42,front_right_arm_to_hand,11,1.107004165649414,2.2978281322139082e-07,1.107300877571106,0.0,0.0,0.023736843839287758,0.023736843839287758,0.0,0.0,0.0,0.0,0.0,0.0,0.0,0.0,0.0,0.0,0.0,-1.5707963705062866
272,5.44,front_right_arm_to_hand,11,1.107004165649414,2.2769020802115847e-07,1.107300877571106,0.0,0.0,0.02373683638870716,0.02373683638870716,0.0,0.0,0.0,0.0,0.0,0.0,0.0,0.0,0.0,0.0,0.0,-1.5707963705062866
273,5.46,front_right_arm_to_hand,11,1.107004165649414,2.1942614125691762e-07,1.107300877571106,0.0,0.0,0.023736868053674698,0.023736868053674698,0.0,0.0,0.0,0.0,0.0,0.0,0.0,0.0,0.0,0.0,0.0,-1.5707963705062866
274,5.48,front_right_arm_to_hand,11,1.107004165649414,-1.3233945992396912e-06,1.107300877571106,0.0,0.0,0.023736832663416862,0.023736832663416862,0.0,0.0,0.0,0.0,0.0,0.0,0.0,0.0,0.0,0.0,0.0,-1.5707963705062866
275,5.5,front_right_arm_to_hand,11,1.107004165649414,2.141467518868012e-07,1.107300877571106,0.0,0.0,0.02373684011399746,0.02373684011399746,0.0,0.0,0.0,0.0,0.0,0.0,0.0,0.0,0.0,0.0,0.0,-1.5707963705062866
276,5.5200000000000005,front_right_arm_to_hand,11,1.107004165649414,1.664740096884998e-07,1.107300877571106,0.0,0.0,0.02373761497437954,0.02373761497437954,0.0,0.0,0.0,0.0,0.0,0.0,0.0,0.0,0.0,0.0,0.0,-1.5707963705062866
277,5.54,front_right_arm_to_hand,11,1.107004165649414,2.1618578216475726e-07,1.107300877571106,0.0,0.0,0.023736843839287758,0.023736843839287758,0.0,0.0,0.0,0.0,0.0,0.0,0.0,0.0,0.0,0.0,0.0,-1.5707963705062866
278,5.5600000000000005,front_right_arm_to_hand,11,1.107004165649414,2.3353885580945644e-07,1.107300877571106,0.0,0.0,0.023736871778964996,0.023736871778964996,0.0,0.0,0.0,0.0,0.0,0.0,0.0,0.0,0.0,0.0,0.0,-1.5707963705062866
279,5.58,front_right_arm_to_hand,11,1.107004165649414,2.1647642256539257e-07,1.107300877571106,0.0,0.0,0.02373684197664261,0.02373684197664261,0.0,0.0,0.0,0.0,0.0,0.0,0.0,0.0,0.0,0.0,0.0,-1.5707963705062866
280,5.6000000000000005,front_right_arm_to_hand,11,1.107004165649414,2.2154742396196525e-07,1.107300877571106,0.0,0.0,0.02373684197664261,0.02373684197664261,0.0,0.0,0.0,0.0,0.0,0.0,0.0,0.0,0.0,0.0,0.0,-1.5707963705062866
281,5.62,front_right_arm_to_hand,11,1.107004165649414,-1.317723899774137e-06,1.107300877571106,0.0,0.0,0.02373684011399746,0.02373684011399746,0.0,0.0,0.0,0.0,0.0,0.0,0.0,0.0,0.0,0.0,0.0,-1.5707963705062866
282,5.64,front_right_arm_to_hand,11,1.107004165649414,2.1755244006271823e-07,1.107300877571106,0.0,0.0,0.02373684011399746,0.02373684011399746,0.0,0.0,0.0,0.0,0.0,0.0,0.0,0.0,0.0,0.0,0.0,-1.5707963705062866
283,5.66,front_right_arm_to_hand,11,1.107004165649414,1.6673713787440647e-07,1.107300877571106,0.0,0.0,0.02373761124908924,0.02373761124908924,0.0,0.0,0.0,0.0,0.0,0.0,0.0,0.0,0.0,0.0,0.0,-1.5707963705062866
284,5.68,front_right_arm_to_hand,11,1.107004165649414,2.284924960349599e-07,1.107300877571106,0.0,0.0,0.023736843839287758,0.023736843839287758,0.0,0.0,0.0,0.0,0.0,0.0,0.0,0.0,0.0,0.0,0.0,-1.5707963705062866
285,5.7,front_right_arm_to_hand,11,1.107004165649414,2.228269408988126e-07,1.107300877571106,0.0,0.0,0.023736843839287758,0.023736843839287758,0.0,0.0,0.0,0.0,0.0,0.0,0.0,0.0,0.0,0.0,0.0,-1.5707963705062866
286,5.72,front_right_arm_to_hand,11,1.107004165649414,-1.3140952432877384e-06,1.107300877571106,0.0,0.0,0.02373684011399746,0.02373684011399746,0.0,0.0,0.0,0.0,0.0,0.0,0.0,0.0,0.0,0.0,0.0,-1.5707963705062866
287,5.74,front_right_arm_to_hand,11,1.107004165649414,2.1647051084983104e-07,1.107300877571106,0.0,0.0,0.023736845701932907,0.023736845701932907,0.0,0.0,0.0,0.0,0.0,0.0,0.0,0.0,0.0,0.0,0.0,-1.5707963705062866
288,5.76,front_right_arm_to_hand,11,1.107004165649414,1.548918362459517e-07,1.107300877571106,0.0,0.0,0.023737603798508644,0.023737603798508644,0.0,0.0,0.0,0.0,0.0,0.0,0.0,0.0,0.0,0.0,0.0,-1.5707963705062866
289,5.78,front_right_arm_to_hand,11,1.107004165649414,2.220271255737316e-07,1.107300877571106,0.0,0.0,0.02373684011399746,0.02373684011399746,0.0,0.0,0.0,0.0,0.0,0.0,0.0,0.0,0.0,0.0,0.0,-1.5707963705062866
290,5.8,front_right_arm_to_hand,11,1.107004165649414,2.107804277784453e-07,1.107300877571106,0.0,0.0,0.02373686619102955,0.02373686619102955,0.0,0.0,0.0,0.0,0.0,0.0,0.0,0.0,0.0,0.0,0.0,-1.5707963705062866
291,5.82,front_right_arm_to_hand,11,1.107004165649414,2.2006574340593943e-07,1.107300877571106,0.0,0.0,0.02373684197664261,0.02373684197664261,0.0,0.0,0.0,0.0,0.0,0.0,0.0,0.0,0.0,0.0,0.0,-1.5707963705062866
292,5.84,front_right_arm_to_hand,11,1.107004165649414,2.26896304411639e-07,1.107300877571106,0.0,0.0,0.02373684011399746,0.02373684011399746,0.0,0.0,0.0,0.0,0.0,0.0,0.0,0.0,0.0,0.0,0.0,-1.5707963705062866
293,5.86,front_right_arm_to_hand,11,1.107004165649414,-1.2933260222780518e-06,1.107300877571106,0.0,0.0,0.02373683825135231,0.02373683825135231,0.0,0.0,0.0,0.0,0.0,0.0,0.0,0.0,0.0,0.0,0.0,-1.5707963705062866
294,5.88,front_right_arm_to_hand,11,1.107004165649414,2.252289164061949e-07,1.107300877571106,0.0,0.0,0.02373684011399746,0.02373684011399746,0.0,0.0,0.0,0.0,0.0,0.0,0.0,0.0,0.0,0.0,0.0,-1.5707963705062866
295,5.9,front_right_arm_to_hand,11,1.107004165649414,1.6299736671498977e-07,1.107300877571106,0.0,0.0,0.023737603798508644,0.023737603798508644,0.0,0.0,0.0,0.0,0.0,0.0,0.0,0.0,0.0,0.0,0.0,-1.5707963705062866
296,5.92,front_right_arm_to_hand,11,1.107004165649414,2.1355120338739653e-07,1.107300877571106,0.0,0.0,0.023736843839287758,0.023736843839287758,0.0,0.0,0.0,0.0,0.0,0.0,0.0,0.0,0.0,0.0,0.0,-1.5707963705062866
297,5.94,front_right_arm_to_hand,11,1.107004165649414,2.1729326249442238e-07,1.107300877571106,0.0,0.0,0.023736869916319847,0.023736869916319847,0.0,0.0,0.0,0.0,0.0,0.0,0.0,0.0,0.0,0.0,0.0,-1.5707963705062866
298,5.96,front_right_arm_to_hand,11,1.107004165649414,-1.2824434634239879e-06,1.107300877571106,0.0,0.0,0.02373683638870716,0.02373683638870716,0.0,0.0,0.0,0.0,0.0,0.0,0.0,0.0,0.0,0.0,0.0,-1.5707963705062866
299,5.98,front_right_arm_to_hand,11,1.107004165649414,2.167981278944353e-07,1.107300877571106,0.0,0.0,0.02373683825135231,0.02373683825135231,0.0,0.0,0.0,0.0,0.0,0.0,0.0,0.0,0.0,0.0,0.0,-1.5707963705062866
300,6.0,front_right_arm_to_hand,11,1.107004165649414,1.6310472972236312e-07,1.107300877571106,0.0,0.0,0.023737594485282898,0.023737594485282898,0.0,0.0,0.0,0.0,0.0,0.0,0.0,0.0,0.0,0.0,0.0,-1.5707963705062866
301,6.0200000000000005,front_right_arm_to_hand,11,1.107004165649414,2.2551020606442762e-07,1.107300877571106,0.0,0.0,0.02373684197664261,0.02373684197664261,0.0,0.0,0.0,0.0,0.0,0.0,0.0,0.0,0.0,0.0,0.0,-1.5707963705062866
302,6.04,front_right_arm_to_hand,11,1.107004165649414,2.1903943547840754e-07,1.107300877571106,0.0,0.0,0.023736871778964996,0.023736871778964996,0.0,0.0,0.0,0.0,0.0,0.0,0.0,0.0,0.0,0.0,0.0,-1.5707963705062866
303,6.0600000000000005,front_right_arm_to_hand,11,1.107004165649414,2.1545366735153948e-07,1.107300877571106,0.0,0.0,0.02373684197664261,0.02373684197664261,0.0,0.0,0.0,0.0,0.0,0.0,0.0,0.0,0.0,0.0,0.0,-1.5707963705062866
304,6.08,front_right_arm_to_hand,11,1.107004165649414,2.2325914983412076e-07,1.107300877571106,0.0,0.0,0.02373683825135231,0.02373683825135231,0.0,0.0,0.0,0.0,0.0,0.0,0.0,0.0,0.0,0.0,0.0,-1.5707963705062866
305,6.1000000000000005,front_right_arm_to_hand,11,1.107004165649414,-1.2816763046430424e-06,1.107300877571106,0.0,0.0,0.023736843839287758,0.023736843839287758,0.0,0.0,0.0,0.0,0.0,0.0,0.0,0.0,0.0,0.0,0.0,-1.5707963705062866
306,6.12,front_right_arm_to_hand,11,1.107004165649414,2.2053876591598964e-07,1.107300877571106,0.0,0.0,0.02373683825135231,0.02373683825135231,0.0,0.0,0.0,0.0,0.0,0.0,0.0,0.0,0.0,0.0,0.0,-1.5707963705062866
307,6.140000000000001,front_right_arm_to_hand,11,1.107004165649414,1.7451998246542644e-07,1.107300877571106,0.0,0.0,0.023737594485282898,0.023737594485282898,0.0,0.0,0.0,0.0,0.0,0.0,0.0,0.0,0.0,0.0,0.0,-1.5707963705062866
308,6.16,front_right_arm_to_hand,11,1.107004165649414,2.2068476823733363e-07,1.107300877571106,0.0,0.0,0.02373684197664261,0.02373684197664261,0.0,0.0,0.0,0.0,0.0,0.0,0.0,0.0,0.0,0.0,0.0,-1.5707963705062866
309,6.18,front_right_arm_to_hand,11,1.107004165649414,2.1844940079063235e-07,1.107300877571106,0.0,0.0,0.0237368643283844,0.0237368643283844,0.0,0.0,0.0,0.0,0.0,0.0,0.0,0.0,0.0,0.0,0.0,-1.5707963705062866
310,6.2,front_right_arm_to_hand,11,1.107004165649414,2.2166383928379219e-07,1.107300877571106,0.0,0.0,0.023736843839287758,0.023736843839287758,0.0,0.0,0.0,0.0,0.0,0.0,0.0,0.0,0.0,0.0,0.0,-1.5707963705062866
311,6.22,front_right_arm_to_hand,11,1.107004165649414,2.261642748635495e-07,1.107300877571106,0.0,0.0,0.023736845701932907,0.023736845701932907,0.0,0.0,0.0,0.0,0.0,0.0,0.0,0.0,0.0,0.0,0.0,-1.5707963705062866
312,6.24,front_right_arm_to_hand,11,1.107004165649414,-1.2951163625984918e-06,1.107300877571106,0.0,0.0,0.023736843839287758,0.023736843839287758,0.0,0.0,0.0,0.0,0.0,0.0,0.0,0.0,0.0,0.0,0.0,-1.5707963705062866
313,6.26,front_right_arm_to_hand,11,1.107004165649414,2.2925712528376607e-07,1.107300877571106,0.0,0.0,0.023736845701932907,0.023736845701932907,0.0,0.0,0.0,0.0,0.0,0.0,0.0,0.0,0.0,0.0,0.0,-1.5707963705062866
314,6.28,front_right_arm_to_hand,11,1.107004165649414,1.6598340835116687e-07,1.107300877571106,0.0,0.0,0.023737594485282898,0.023737594485282898,0.0,0.0,0.0,0.0,0.0,0.0,0.0,0.0,0.0,0.0,0.0,-1.5707963705062866
315,6.3,front_right_arm_to_hand,11,1.107004165649414,2.2842860403216037e-07,1.107300877571106,0.0,0.0,0.02373683638870716,0.02373683638870716,0.0,0.0,0.0,0.0,0.0,0.0,0.0,0.0,0.0,0.0,0.0,-1.5707963705062866
316,6.32,front_right_arm_to_hand,11,1.107004165649414,2.2176038783072727e-07,1.107300877571106,0.0,0.0,0.023736868053674698,0.023736868053674698,0.0,0.0,0.0,0.0,0.0,0.0,0.0,0.0,0.0,0.0,0.0,-1.5707963705062866
317,6.34,front_right_arm_to_hand,11,1.107004165649414,2.1424961005322984e-07,1.107300877571106,0.0,0.0,0.023736845701932907,0.023736845701932907,0.0,0.0,0.0,0.0,0.0,0.0,0.0,0.0,0.0,0.0,0.0,-1.5707963705062866
318,6.36,front_right_arm_to_hand,11,1.107004165649414,2.1821867335347633e-07,1.107300877571106,0.0,0.0,0.02373684011399746,0.02373684011399746,0.0,0.0,0.0,0.0,0.0,0.0,0.0,0.0,0.0,0.0,0.0,-1.5707963705062866
319,6.38,front_right_arm_to_hand,11,1.107004165649414,2.2148225298224133e-07,1.107300877571106,0.0,0.0,0.02373683825135231,0.02373683825135231,0.0,0.0,0.0,0.0,0.0,0.0,0.0,0.0,0.0,0.0,0.0,-1.5707963705062866
320,6.4,front_right_arm_to_hand,11,1.107004165649414,2.2628117335443676e-07,1.107300877571106,0.0,0.0,0.023736843839287758,0.023736843839287758,0.0,0.0,0.0,0.0,0.0,0.0,0.0,0.0,0.0,0.0,0.0,-1.5707963705062866
321,6.42,front_right_arm_to_hand,11,1.107004165649414,2.2508808683596726e-07,1.107300877571106,0.0,0.0,0.02373684197664261,0.02373684197664261,0.0,0.0,0.0,0.0,0.0,0.0,0.0,0.0,0.0,0.0,0.0,-1.5707963705062866
322,6.44,front_right_arm_to_hand,11,1.107004165649414,1.6902167487842235e-07,1.107300877571106,0.0,0.0,0.02373761311173439,0.02373761311173439,0.0,0.0,0.0,0.0,0.0,0.0,0.0,0.0,0.0,0.0,0.0,-1.5707963705062866
323,6.46,front_right_arm_to_hand,11,1.107004165649414,2.246109147563402e-07,1.107300877571106,0.0,0.0,0.023736843839287758,0.023736843839287758,0.0,0.0,0.0,0.0,0.0,0.0,0.0,0.0,0.0,0.0,0.0,-1.5707963705062866
324,6.48,front_right_arm_to_hand,11,1.107004165649414,2.1895365875934658e-07,1.107300877571106,0.0,0.0,0.023736869916319847,0.023736869916319847,0.0,0.0,0.0,0.0,0.0,0.0,0.0,0.0,0.0,0.0,0.0,-1.5707963705062866
325,6.5,front_right_arm_to_hand,11,1.107004165649414,2.2119269260656438e-07,1.107300877571106,0.0,0.0,0.023736843839287758,0.023736843839287758,0.0,0.0,0.0,0.0,0.0,0.0,0.0,0.0,0.0,0.0,0.0,-1.5707963705062866
326,6.5200000000000005,front_right_arm_to_hand,11,1.107004165649414,2.1286106743900746e-07,1.107300877571106,0.0,0.0,0.023736845701932907,0.023736845701932907,0.0,0.0,0.0,0.0,0.0,0.0,0.0,0.0,0.0,0.0,0.0,-1.5707963705062866
327,6.54,front_right_arm_to_hand,11,1.107004165649414,-1.3327392025530571e-06,1.107300877571106,0.0,0.0,0.02373684197664261,0.02373684197664261,0.0,0.0,0.0,0.0,0.0,0.0,0.0,0.0,0.0,0.0,0.0,-1.5707963705062866
328,6.5600000000000005,front_right_arm_to_hand,11,1.107004165649414,2.136698924459779e-07,1.107300877571106,0.0,0.0,0.02373684197664261,0.02373684197664261,0.0,0.0,0.0,0.0,0.0,0.0,0.0,0.0,0.0,0.0,0.0,-1.5707963705062866
329,6.58,front_right_arm_to_hand,11,1.107004165649414,1.6383239653805504e-07,1.107300877571106,0.0,0.0,0.02373761311173439,0.02373761311173439,0.0,0.0,0.0,0.0,0.0,0.0,0.0,0.0,0.0,0.0,0.0,-1.5707963705062866
330,6.6000000000000005,front_right_arm_to_hand,11,1.107004165649414,2.1418242113213637e-07,1.107300877571106,0.0,0.0,0.023736845701932907,0.023736845701932907,0.0,0.0,0.0,0.0,0.0,0.0,0.0,0.0,0.0,0.0,0.0,-1.5707963705062866
331,6.62,front_right_arm_to_hand,11,1.107004165649414,2.2397207999347302e-07,1.107300877571106,0.0,0.0,0.023736875504255295,0.023736875504255295,0.0,0.0,0.0,0.0,0.0,0.0,0.0,0.0,0.0,0.0,0.0,-1.5707963705062866
332,6.640000000000001,front_right_arm_to_hand,11,1.107004165649414,-1.2993718883080874e-06,1.107300877571106,0.0,0.0,0.02373684197664261,0.02373684197664261,0.0,0.0,0.0,0.0,0.0,0.0,0.0,0.0,0.0,0.0,0.0,-1.5707963705062866
333,6.66,front_right_arm_to_hand,11,1.107004165649414,2.074537519547448e-07,1.107300877571106,0.0,0.0,0.023736849427223206,0.023736849427223206,0.0,0.0,0.0,0.0,0.0,0.0,0.0,0.0,0.0,0.0,0.0,-1.5707963705062866
334,6.68,front_right_arm_to_hand,11,1.107004165649414,1.690300450718496e-07,1.107300877571106,0.0,0.0,0.023737605661153793,0.023737605661153793,0.0,0.0,0.0,0.0,0.0,0.0,0.0,0.0,0.0,0.0,0.0,-1.5707963705062866
335,6.7,front_right_arm_to_hand,11,1.107004165649414,2.2314478087537282e-07,1.107300877571106,0.0,0.0,0.023736843839287758,0.023736843839287758,0.0,0.0,0.0,0.0,0.0,0.0,0.0,0.0,0.0,0.0,0.0,-1.5707963705062866
336,6.72,front_right_arm_to_hand,11,1.107004165649414,2.3099440227269952e-07,1.107300877571106,0.0,0.0,0.023736869916319847,0.023736869916319847,0.0,0.0,0.0,0.0,0.0,0.0,0.0,0.0,0.0,0.0,0.0,-1.5707963705062866
337,6.74,front_right_arm_to_hand,11,1.107004165649414,2.2835175172986055e-07,1.107300877571106,0.0,0.0,0.02373684197664261,0.02373684197664261,0.0,0.0,0.0,0.0,0.0,0.0,0.0,0.0,0.0,0.0,0.0,-1.5707963705062866
338,6.76,front_right_arm_to_hand,11,1.107004165649414,2.3093562617759744e-07,1.107300877571106,0.0,0.0,0.023736845701932907,0.023736845701932907,0.0,0.0,0.0,0.0,0.0,0.0,0.0,0.0,0.0,0.0,0.0,-1.5707963705062866
339,6.78,front_right_arm_to_hand,11,1.107004165649414,-1.2972054719284642e-06,1.107300877571106,0.0,0.0,0.023736847564578056,0.023736847564578056,0.0,0.0,0.0,0.0,0.0,0.0,0.0,0.0,0.0,0.0,0.0,-1.5707963705062866
340,6.8,front_right_arm_to_hand,11,1.107004165649414,2.2861144088892615e-07,1.107300877571106,0.0,0.0,0.02373684197664261,0.02373684197664261,0.0,0.0,0.0,0.0,0.0,0.0,0.0,0.0,0.0,0.0,0.0,-1.5707963705062866
341,6.82,front_right_arm_to_hand,11,1.107004165649414,1.6772220590155484e-07,1.107300877571106,0.0,0.0,0.023737601935863495,0.023737601935863495,0.0,0.0,0.0,0.0,0.0,0.0,0.0,0.0,0.0,0.0,0.0,-1.5707963705062866
342,6.84,front_right_arm_to_hand,11,1.107004165649414,2.1486303580786625e-07,1.107300877571106,0.0,0.0,0.02373684197664261,0.02373684197664261,0.0,0.0,0.0,0.0,0.0,0.0,0.0,0.0,0.0,0.0,0.0,-1.5707963705062866
343,6.86,front_right_arm_to_hand,11,1.107004165649414,2.1958160800750193e-07,1.107300877571106,0.0,0.0,0.02373686619102955,0.02373686619102955,0.0,0.0,0.0,0.0,0.0,0.0,0.0,0.0,0.0,0.0,0.0,-1.5707963705062866
344,6.88,front_right_arm_to_hand,11,1.107004165649414,-1.2858273521487718e-06,1.107300877571106,0.0,0.0,0.02373684011399746,0.02373684011399746,0.0,0.0,0.0,0.0,0.0,0.0,0.0,0.0,0.0,0.0,0.0,-1.5707963705062866
345,6.9,front_right_arm_to_hand,11,1.107004165649414,2.2418507228394446e-07,1.107300877571106,0.0,0.0,0.02373684011399746,0.02373684011399746,0.0,0.0,0.0,0.0,0.0,0.0,0.0,0.0,0.0,0.0,0.0,-1.5707963705062866
346,6.92,front_right_arm_to_hand,11,1.107004165649414,1.6782786360636237e-07,1.107300877571106,0.0,0.0,0.02373759262263775,0.02373759262263775,0.0,0.0,0.0,0.0,0.0,0.0,0.0,0.0,0.0,0.0,0.0,-1.5707963705062866
347,6.94,front_right_arm_to_hand,11,1.107004165649414,2.1886361878387106e-07,1.107300877571106,0.0,0.0,0.023736843839287758,0.023736843839287758,0.0,0.0,0.0,0.0,0.0,0.0,0.0,0.0,0.0,0.0,0.0,-1.5707963705062866
348,6.96,front_right_arm_to_hand,11,1.107004165649414,2.2212253725228948e-07,1.107300877571106,0.0,0.0,0.023736871778964996,0.023736871778964996,0.0,0.0,0.0,0.0,0.0,0.0,0.0,0.0,0.0,0.0,0.0,-1.5707963705062866
349,6.98,front_right_arm_to_hand,11,1.107004165649414,2.1842717501385778e-07,1.107300877571106,0.0,0.0,0.02373684011399746,0.02373684011399746,0.0,0.0,0.0,0.0,0.0,0.0,0.0,0.0,0.0,0.0,0.0,-1.5707963705062866
350,7.0,front_right_arm_to_hand,11,1.107004165649414,2.2101170316091157e-07,1.107300877571106,0.0,0.0,0.02373684011399746,0.02373684011399746,0.0,0.0,0.0,0.0,0.0,0.0,0.0,0.0,0.0,0.0,0.0,-1.5707963705062866
351,7.0200000000000005,front_right_arm_to_hand,11,1.107004165649414,-1.2894187193523976e-06,1.107300877571106,0.0,0.0,0.023736847564578056,0.023736847564578056,0.0,0.0,0.0,0.0,0.0,0.0,0.0,0.0,0.0,0.0,0.0,-1.5707963705062866
352,7.04,front_right_arm_to_hand,11,1.107004165649414,2.3391467607325467e-07,1.107300877571106,0.0,0.0,0.02373684197664261,0.02373684197664261,0.0,0.0,0.0,0.0,0.0,0.0,0.0,0.0,0.0,0.0,0.0,-1.5707963705062866
353,7.0600000000000005,front_right_arm_to_hand,11,1.107004165649414,1.6495873467192723e-07,1.107300877571106,0.0,0.0,0.023737598210573196,0.023737598210573196,0.0,0.0,0.0,0.0,0.0,0.0,0.0,0.0,0.0,0.0,0.0,-1.5707963705062866
354,7.08,front_right_arm_to_hand,11,1.107004165649414,2.3032268359202135e-07,1.107300877571106,0.0,0.0,0.023736843839287758,0.023736843839287758,0.0,0.0,0.0,0.0,0.0,0.0,0.0,0.0,0.0,0.0,0.0,-1.5707963705062866
355,7.1000000000000005,front_right_arm_to_hand,11,1.107004165649414,2.284123752360756e-07,1.107300877571106,0.0,0.0,0.023736877366900444,0.023736877366900444,0.0,0.0,0.0,0.0,0.0,0.0,0.0,0.0,0.0,0.0,0.0,-1.5707963705062866
356,7.12,front_right_arm_to_hand,11,1.107004165649414,2.174793962694821e-07,1.107300877571106,0.0,0.0,0.023736843839287758,0.023736843839287758,0.0,0.0,0.0,0.0,0.0,0.0,0.0,0.0,0.0,0.0,0.0,-1.5707963705062866
357,7.140000000000001,front_right_arm_to_hand,11,1.107004165649414,2.159887628749857e-07,1.107300877571106,0.0,0.0,0.023736843839287758,0.023736843839287758,0.0,0.0,0.0,0.0,0.0,0.0,0.0,0.0,0.0,0.0,0.0,-1.5707963705062866
358,7.16,front_right_arm_to_hand,11,1.107004165649414,-1.291041030526685e-06,1.107300877571106,0.0,0.0,0.023736843839287758,0.023736843839287758,0.0,0.0,0.0,0.0,0.0,0.0,0.0,0.0,0.0,0.0,0.0,-1.5707963705062866
359,7.18,front_right_arm_to_hand,11,1.107004165649414,2.1189478616179258e-07,1.107300877571106,0.0,0.0,0.02373683638870716,0.02373683638870716,0.0,0.0,0.0,0.0,0.0,0.0,0.0,0.0,0.0,0.0,0.0,-1.5707963705062866
360,7.2,front_right_arm_to_hand,11,1.107004165649414,1.6655624790473667e-07,1.107300877571106,0.0,0.0,0.023737596347928047,0.023737596347928047,0.0,0.0,0.0,0.0,0.0,0.0,0.0,0.0,0.0,0.0,0.0,-1.5707963705062866
361,7.22,front_right_arm_to_hand,11,1.107004165649414,2.1883099066144496e-07,1.107300877571106,0.0,0.0,0.023736845701932907,0.023736845701932907,0.0,0.0,0.0,0.0,0.0,0.0,0.0,0.0,0.0,0.0,0.0,-1.5707963705062866
362,7.24,front_right_arm_to_hand,11,1.107004165649414,2.2776308128413802e-07,1.107300877571106,0.0,0.0,0.02373686619102955,0.02373686619102955,0.0,0.0,0.0,0.0,0.0,0.0,0.0,0.0,0.0,0.0,0.0,-1.5707963705062866
363,7.26,front_right_arm_to_hand,11,1.107004165649414,2.1628960666930652e-07,1.107300877571106,0.0,0.0,0.023736843839287758,0.023736843839287758,0.0,0.0,0.0,0.0,0.0,0.0,0.0,0.0,0.0,0.0,0.0,-1.5707963705062866
364,7.28,front_right_arm_to_hand,11,1.107004165649414,2.181739660045423e-07,1.107300877571106,0.0,0.0,0.023736845701932907,0.023736845701932907,0.0,0.0,0.0,0.0,0.0,0.0,0.0,0.0,0.0,0.0,0.0,-1.5707963705062866
365,7.3,front_right_arm_to_hand,11,1.107004165649414,2.1665186977770645e-07,1.107300877571106,0.0,0.0,0.023736845701932907,0.023736845701932907,0.0,0.0,0.0,0.0,0.0,0.0,0.0,0.0,0.0,0.0,0.0,-1.5707963705062866
366,7.32,front_right_arm_to_hand,11,1.107004165649414,2.2370250007952563e-07,1.107300877571106,0.0,0.0,0.023736843839287758,0.023736843839287758,0.0,0.0,0.0,0.0,0.0,0.0,0.0,0.0,0.0,0.0,0.0,-1.5707963705062866
367,7.34,front_right_arm_to_hand,11,1.107004165649414,2.2028839907761721e-07,1.107300877571106,0.0,0.0,0.02373683825135231,0.02373683825135231,0.0,0.0,0.0,0.0,0.0,0.0,0.0,0.0,0.0,0.0,0.0,-1.5707963705062866
368,7.36,front_right_arm_to_hand,11,1.107004165649414,1.5804778286110377e-07,1.107300877571106,0.0,0.0,0.023737618699669838,0.023737618699669838,0.0,0.0,0.0,0.0,0.0,0.0,0.0,0.0,0.0,0.0,0.0,-1.5707963705062866
369,7.38,front_right_arm_to_hand,11,1.107004165649414,2.2834828428131004e-07,1.107300877571106,0.0,0.0,0.02373684197664261,0.02373684197664261,0.0,0.0,0.0,0.0,0.0,0.0,0.0,0.0,0.0,0.0,0.0,-1.5707963705062866
370,7.4,front_right_arm_to_hand,11,1.107004165649414,2.2811093458585674e-07,1.107300877571106,0.0,0.0,0.023736875504255295,0.023736875504255295,0.0,0.0,0.0,0.0,0.0,0.0,0.0,0.0,0.0,0.0,0.0,-1.5707963705062866
371,7.42,front_right_arm_to_hand,11,1.107004165649414,2.296976333582279e-07,1.107300877571106,0.0,0.0,0.02373683825135231,0.02373683825135231,0.0,0.0,0.0,0.0,0.0,0.0,0.0,0.0,0.0,0.0,0.0,-1.5707963705062866
372,7.44,front_right_arm_to_hand,11,1.107004165649414,2.1061498500785092e-07,1.107300877571106,0.0,0.0,0.023736843839287758,0.023736843839287758,0.0,0.0,0.0,0.0,0.0,0.0,0.0,0.0,0.0,0.0,0.0,-1.5707963705062866
373,7.46,front_right_arm_to_hand,11,1.107004165649414,-1.3257653108667e-06,1.107300877571106,0.0,0.0,0.02373684197664261,0.02373684197664261,0.0,0.0,0.0,0.0,0.0,0.0,0.0,0.0,0.0,0.0,0.0,-1.5707963705062866
374,7.48,front_right_arm_to_hand,11,1.107004165649414,2.2532907451022766e-07,1.107300877571106,0.0,0.0,0.023736847564578056,0.023736847564578056,0.0,0.0,0.0,0.0,0.0,0.0,0.0,0.0,0.0,0.0,0.0,-1.5707963705062866
375,7.5,front_right_arm_to_hand,11,1.107004165649414,1.693853732831485e-07,1.107300877571106,0.0,0.0,0.023737609386444092,0.023737609386444092,0.0,0.0,0.0,0.0,0.0,0.0,0.0,0.0,0.0,0.0,0.0,-1.5707963705062866
376,7.5200000000000005,front_right_arm_to_hand,11,1.107004165649414,2.2493918550026137e-07,1.107300877571106,0.0,0.0,0.023736843839287758,0.023736843839287758,0.0,0.0,0.0,0.0,0.0,0.0,0.0,0.0,0.0,0.0,0.0,-1.5707963705062866
377,7.54,front_right_arm_to_hand,11,1.107004165649414,2.1859156618120323e-07,1.107300877571106,0.0,0.0,0.02373686619102955,0.02373686619102955,0.0,0.0,0.0,0.0,0.0,0.0,0.0,0.0,0.0,0.0,0.0,-1.5707963705062866
378,7.5600000000000005,front_right_arm_to_hand,11,1.107004165649414,-1.3018893696425948e-06,1.107300877571106,0.0,0.0,0.023736843839287758,0.023736843839287758,0.0,0.0,0.0,0.0,0.0,0.0,0.0,0.0,0.0,0.0,0.0,-1.5707963705062866
379,7.58,front_right_arm_to_hand,11,1.107004165649414,2.039986384261283e-07,1.107300877571106,0.0,0.0,0.02373684011399746,0.02373684011399746,0.0,0.0,0.0,0.0,0.0,0.0,0.0,0.0,0.0,0.0,0.0,-1.5707963705062866
380,7.6000000000000005,front_right_arm_to_hand,11,1.107004165649414,1.7015139519571676e-07,1.107300877571106,0.0,0.0,0.023737603798508644,0.023737603798508644,0.0,0.0,0.0,0.0,0.0,0.0,0.0,0.0,0.0,0.0,0.0,-1.5707963705062866
381,7.62,front_right_arm_to_hand,11,1.107004165649414,2.2380788777809357e-07,1.107300877571106,0.0,0.0,0.02373684197664261,0.02373684197664261,0.0,0.0,0.0,0.0,0.0,0.0,0.0,0.0,0.0,0.0,0.0,-1.5707963705062866
382,7.640000000000001,front_right_arm_to_hand,11,1.107004165649414,2.2495134999189759e-07,1.107300877571106,0.0,0.0,0.023736868053674698,0.023736868053674698,0.0,0.0,0.0,0.0,0.0,0.0,0.0,0.0,0.0,0.0,0.0,-1.5707963705062866
383,7.66,front_right_arm_to_hand,11,1.107004165649414,2.0938244915669202e-07,1.107300877571106,0.0,0.0,0.023736843839287758,0.023736843839287758,0.0,0.0,0.0,0.0,0.0,0.0,0.0,0.0,0.0,0.0,0.0,-1.5707963705062866
384,7.68,front_right_arm_to_hand,11,1.107004165649414,2.3111354607863177e-07,1.107300877571106,0.0,0.0,0.023736843839287758,0.023736843839287758,0.0,0.0,0.0,0.0,0.0,0.0,0.0,0.0,0.0,0.0,0.0,-1.5707963705062866
385,7.7,front_right_arm_to_hand,11,1.107004165649414,-1.3023341125517618e-06,1.107300877571106,0.0,0.0,0.02373684197664261,0.02373684197664261,0.0,0.0,0.0,0.0,0.0,0.0,0.0,0.0,0.0,0.0,0.0,-1.5707963705062866
386,7.72,front_right_arm_to_hand,11,1.107004165649414,2.2228638840715575e-07,1.107300877571106,0.0,0.0,0.02373684197664261,0.02373684197664261,0.0,0.0,0.0,0.0,0.0,0.0,0.0,0.0,0.0,0.0,0.0,-1.5707963705062866
387,7.74,front_right_arm_to_hand,11,1.107004165649414,1.6008571890324674e-07,1.107300877571106,0.0,0.0,0.023737603798508644,0.023737603798508644,0.0,0.0,0.0,0.0,0.0,0.0,0.0,0.0,0.0,0.0,0.0,-1.5707963705062866
388,7.76,front_right_arm_to_hand,11,1.107004165649414,2.1207077338658564e-07,1.107300877571106,0.0,0.0,0.02373683825135231,0.02373683825135231,0.0,0.0,0.0,0.0,0.0,0.0,0.0,0.0,0.0,0.0,0.0,-1.5707963705062866
389,7.78,front_right_arm_to_hand,11,1.107004165649414,2.1997109911353618e-07,1.107300877571106,0.0,0.0,0.023736868053674698,0.023736868053674698,0.0,0.0,0.0,0.0,0.0,0.0,0.0,0.0,0.0,0.0,0.0,-1.5707963705062866
390,7.8,front_right_arm_to_hand,11,1.107004165649414,2.077709382319881e-07,1.107300877571106,0.0,0.0,0.02373683825135231,0.02373683825135231,0.0,0.0,0.0,0.0,0.0,0.0,0.0,0.0,0.0,0.0,0.0,-1.5707963705062866
391,7.82,front_right_arm_to_hand,11,1.107004165649414,2.181733123052254e-07,1.107300877571106,0.0,0.0,0.023736843839287758,0.023736843839287758,0.0,0.0,0.0,0.0,0.0,0.0,0.0,0.0,0.0,0.0,0.0,-1.5707963705062866
392,7.84,front_right_arm_to_hand,11,1.107004165649414,1.6157945026407106e-07,1.107300877571106,0.0,0.0,0.02373758889734745,0.02373758889734745,0.0,0.0,0.0,0.0,0.0,0.0,0.0,0.0,0.0,0.0,0.0,-1.5707963705062866
393,7.86,front_right_arm_to_hand,11,1.107004165649414,2.2322575432554004e-07,1.107300877571106,0.0,0.0,0.02373684011399746,0.02373684011399746,0.0,0.0,0.0,0.0,0.0,0.0,0.0,0.0,0.0,0.0,0.0,-1.5707963705062866
394,7.88,front_right_arm_to_hand,11,1.107004165649414,2.2458789317170158e-07,1.107300877571106,0.0,0.0,0.023736869916319847,0.023736869916319847,0.0,0.0,0.0,0.0,0.0,0.0,0.0,0.0,0.0,0.0,0.0,-1.5707963705062866
395,7.9,front_right_arm_to_hand,11,1.107004165649414,2.3020459138933802e-07,1.107300877571106,0.0,0.0,0.02373684011399746,0.02373684011399746,0.0,0.0,0.0,0.0,0.0,0.0,0.0,0.0,0.0,0.0,0.0,-1.5707963705062866
396,7.92,front_right_arm_to_hand,11,1.107004165649414,2.3474467525375076e-07,1.107300877571106,0.0,0.0,0.02373683825135231,0.02373683825135231,0.0,0.0,0.0,0.0,0.0,0.0,0.0,0.0,0.0,0.0,0.0,-1.5707963705062866
397,7.94,front_right_arm_to_hand,11,1.107004165649414,-1.2838177099183667e-06,1.107300877571106,0.0,0.0,0.02373684011399746,0.02373684011399746,0.0,0.0,0.0,0.0,0.0,0.0,0.0,0.0,0.0,0.0,0.0,-1.5707963705062866
398,7.96,front_right_arm_to_hand,11,1.107004165649414,2.0887060259155987e-07,1.107300877571106,0.0,0.0,0.023736845701932907,0.023736845701932907,0.0,0.0,0.0,0.0,0.0,0.0,0.0,0.0,0.0,0.0,0.0,-1.5707963705062866
399,7.98,front_right_arm_to_hand,11,1.107004165649414,1.6030953986501117e-07,1.107300877571106,0.0,0.0,0.023737598210573196,0.023737598210573196,0.0,0.0,0.0,0.0,0.0,0.0,0.0,0.0,0.0,0.0,0.0,-1.5707963705062866
400,8.0,front_right_arm_to_hand,11,1.107004165649414,2.228587163699558e-07,1.107300877571106,0.0,0.0,0.023736843839287758,0.023736843839287758,0.0,0.0,0.0,0.0,0.0,0.0,0.0,0.0,0.0,0.0,0.0,-1.5707963705062866
401,8.02,front_right_arm_to_hand,11,1.107004165649414,2.2888747253091424e-07,1.107300877571106,0.0,0.0,0.023736871778964996,0.023736871778964996,0.0,0.0,0.0,0.0,0.0,0.0,0.0,0.0,0.0,0.0,0.0,-1.5707963705062866
402,8.040000000000001,front_right_arm_to_hand,11,1.107004165649414,2.2483322936750483e-07,1.107300877571106,0.0,0.0,0.023736845701932907,0.023736845701932907,0.0,0.0,0.0,0.0,0.0,0.0,0.0,0.0,0.0,0.0,0.0,-1.5707963705062866
403,8.06,front_right_arm_to_hand,11,1.107004165649414,2.0970603031855717e-07,1.107300877571106,0.0,0.0,0.023736843839287758,0.023736843839287758,0.0,0.0,0.0,0.0,0.0,0.0,0.0,0.0,0.0,0.0,0.0,-1.5707963705062866
404,8.08,front_right_arm_to_hand,11,1.107004165649414,-1.2859291018685326e-06,1.107300877571106,0.0,0.0,0.02373684197664261,0.02373684197664261,0.0,0.0,0.0,0.0,0.0,0.0,0.0,0.0,0.0,0.0,0.0,-1.5707963705062866
405,8.1,front_right_arm_to_hand,11,1.107004165649414,2.234816633972514e-07,1.107300877571106,0.0,0.0,0.023736843839287758,0.023736843839287758,0.0,0.0,0.0,0.0,0.0,0.0,0.0,0.0,0.0,0.0,0.0,-1.5707963705062866
406,8.120000000000001,front_right_arm_to_hand,11,1.107004165649414,1.5728944902093644e-07,1.107300877571106,0.0,0.0,0.02373758889734745,0.02373758889734745,0.0,0.0,0.0,0.0,0.0,0.0,0.0,0.0,0.0,0.0,0.0,-1.5707963705062866
407,8.14,front_right_arm_to_hand,11,1.107004165649414,2.1897628244005318e-07,1.107300877571106,0.0,0.0,0.023736843839287758,0.023736843839287758,0.0,0.0,0.0,0.0,0.0,0.0,0.0,0.0,0.0,0.0,0.0,-1.5707963705062866
408,8.16,front_right_arm_to_hand,11,1.107004165649414,2.3127722670324147e-07,1.107300877571106,0.0,0.0,0.023736868053674698,0.023736868053674698,0.0,0.0,0.0,0.0,0.0,0.0,0.0,0.0,0.0,0.0,0.0,-1.5707963705062866
409,8.18,front_right_arm_to_hand,11,1.107004165649414,2.3114463942874863e-07,1.107300877571106,0.0,0.0,0.023736843839287758,0.023736843839287758,0.0,0.0,0.0,0.0,0.0,0.0,0.0,0.0,0.0,0.0,0.0,-1.5707963705062866
410,8.2,front_right_arm_to_hand,11,1.107004165649414,2.0853374849139072e-07,1.107300877571106,0.0,0.0,0.023736843839287758,0.023736843839287758,0.0,0.0,0.0,0.0,0.0,0.0,0.0,0.0,0.0,0.0,0.0,-1.5707963705062866
411,8.22,front_right_arm_to_hand,11,1.107004165649414,-1.2861164577770978e-06,1.107300877571106,0.0,0.0,0.023736843839287758,0.023736843839287758,0.0,0.0,0.0,0.0,0.0,0.0,0.0,0.0,0.0,0.0,0.0,-1.5707963705062866
412,8.24,front_right_arm_to_hand,11,1.107004165649414,2.2253038878261577e-07,1.107300877571106,0.0,0.0,0.023736845701932907,0.023736845701932907,0.0,0.0,0.0,0.0,0.0,0.0,0.0,0.0,0.0,0.0,0.0,-1.5707963705062866
413,8.26,front_right_arm_to_hand,11,1.107004165649414,2.109817955897597e-07,1.107300877571106,0.0,0.0,0.02373683825135231,0.02373683825135231,0.0,0.0,0.0,0.0,0.0,0.0,0.0,0.0,0.0,0.0,0.0,-1.5707963705062866
414,8.28,front_right_arm_to_hand,11,1.107004165649414,-1.329009478467924e-06,1.107300877571106,0.0,0.0,0.023736843839287758,0.023736843839287758,0.0,0.0,0.0,0.0,0.0,0.0,0.0,0.0,0.0,0.0,0.0,-1.5707963705062866
415,8.3,front_right_arm_to_hand,11,1.107004165649414,2.2283234102360439e-07,1.107300877571106,0.0,0.0,0.02373684011399746,0.02373684011399746,0.0,0.0,0.0,0.0,0.0,0.0,0.0,0.0,0.0,0.0,0.0,-1.5707963705062866
416,8.32,front_right_arm_to_hand,11,1.107004165649414,2.1997723820277315e-07,1.107300877571106,0.0,0.0,0.023736868053674698,0.023736868053674698,0.0,0.0,0.0,0.0,0.0,0.0,0.0,0.0,0.0,0.0,0.0,-1.5707963705062866
417,8.34,front_right_arm_to_hand,11,1.107004165649414,2.2605973981626448e-07,1.107300877571106,0.0,0.0,0.023736845701932907,0.023736845701932907,0.0,0.0,0.0,0.0,0.0,0.0,0.0,0.0,0.0,0.0,0.0,-1.5707963705062866
418,8.36,front_right_arm_to_hand,11,1.107004165649414,2.1166709984754561e-07,1.107300877571106,0.0,0.0,0.02373684197664261,0.02373684197664261,0.0,0.0,0.0,0.0,0.0,0.0,0.0,0.0,0.0,0.0,0.0,-1.5707963705062866
419,8.38,front_right_arm_to_hand,11,1.107004165649414,-1.3113860859448323e-06,1.107300877571106,0.0,0.0,0.023736845701932907,0.023736845701932907,0.0,0.0,0.0,0.0,0.0,0.0,0.0,0.0,0.0,0.0,0.0,-1.5707963705062866
420,8.4,front_right_arm_to_hand,11,1.107004165649414,2.2471226657216903e-07,1.107300877571106,0.0,0.0,0.02373683825135231,0.02373683825135231,0.0,0.0,0.0,0.0,0.0,0.0,0.0,0.0,0.0,0.0,0.0,-1.5707963705062866
421,8.42,front_right_arm_to_hand,11,1.107004165649414,1.7497391979759414e-07,1.107300877571106,0.0,0.0,0.02373761497437954,0.02373761497437954,0.0,0.0,0.0,0.0,0.0,0.0,0.0,0.0,0.0,0.0,0.0,-1.5707963705062866
422,8.44,front_right_arm_to_hand,11,1.107004165649414,2.2507916241920611e-07,1.107300877571106,0.0,0.0,0.02373684197664261,0.02373684197664261,0.0,0.0,0.0,0.0,0.0,0.0,0.0,0.0,0.0,0.0,0.0,-1.5707963705062866
423,8.46,front_right_arm_to_hand,11,1.107004165649414,2.1317976006685058e-07,1.107300877571106,0.0,0.0,0.023736873641610146,0.023736873641610146,0.0,0.0,0.0,0.0,0.0,0.0,0.0,0.0,0.0,0.0,0.0,-1.5707963705062866
424,8.48,front_right_arm_to_hand,11,1.107004165649414,2.101542975196935e-07,1.107300877571106,0.0,0.0,0.023736847564578056,0.023736847564578056,0.0,0.0,0.0,0.0,0.0,0.0,0.0,0.0,0.0,0.0,0.0,-1.5707963705062866
425,8.5,front_right_arm_to_hand,11,1.107004165649414,2.2053450265957508e-07,1.107300877571106,0.0,0.0,0.023736853152513504,0.023736853152513504,0.0,0.0,0.0,0.0,0.0,0.0,0.0,0.0,0.0,0.0,0.0,-1.5707963705062866
426,8.52,front_right_arm_to_hand,11,1.107004165649414,1.6710120576135523e-07,1.107300877571106,0.0,0.0,0.023737600073218346,0.023737600073218346,0.0,0.0,0.0,0.0,0.0,0.0,0.0,0.0,0.0,0.0,0.0,-1.5707963705062866
427,8.540000000000001,front_right_arm_to_hand,11,1.107004165649414,2.319476095635764e-07,1.107300877571106,0.0,0.0,0.023736843839287758,0.023736843839287758,0.0,0.0,0.0,0.0,0.0,0.0,0.0,0.0,0.0,0.0,0.0,-1.5707963705062866
428,8.56,front_right_arm_to_hand,11,1.107004165649414,2.1678025063920359e-07,1.107300877571106,0.0,0.0,0.023736871778964996,0.023736871778964996,0.0,0.0,0.0,0.0,0.0,0.0,0.0,0.0,0.0,0.0,0.0,-1.5707963705062866
429,8.58,front_right_arm_to_hand,11,1.107004165649414,2.2519165554513165e-07,1.107300877571106,0.0,0.0,0.023736845701932907,0.023736845701932907,0.0,0.0,0.0,0.0,0.0,0.0,0.0,0.0,0.0,0.0,0.0,-1.5707963705062866
430,8.6,front_right_arm_to_hand,11,1.107004165649414,2.1366398073041637e-07,1.107300877571106,0.0,0.0,0.02373684011399746,0.02373684011399746,0.0,0.0,0.0,0.0,0.0,0.0,0.0,0.0,0.0,0.0,0.0,-1.5707963705062866
431,8.620000000000001,front_right_arm_to_hand,11,1.107004165649414,-1.3038861652603373e-06,1.107300877571106,0.0,0.0,0.02373683825135231,0.02373683825135231,0.0,0.0,0.0,0.0,0.0,0.0,0.0,0.0,0.0,0.0,0.0,-1.5707963705062866
432,8.64,front_right_arm_to_hand,11,1.107004165649414,2.2253206566347217e-07,1.107300877571106,0.0,0.0,0.02373683638870716,0.02373683638870716,0.0,0.0,0.0,0.0,0.0,0.0,0.0,0.0,0.0,0.0,0.0,-1.5707963705062866
433,8.66,front_right_arm_to_hand,11,1.107004165649414,1.6692779070126562e-07,1.107300877571106,0.0,0.0,0.023737607523798943,0.023737607523798943,0.0,0.0,0.0,0.0,0.0,0.0,0.0,0.0,0.0,0.0,0.0,-1.5707963705062866
434,8.68,front_right_arm_to_hand,11,1.107004165649414,2.3736578214084147e-07,1.107300877571106,0.0,0.0,0.023736843839287758,0.023736843839287758,0.0,0.0,0.0,0.0,0.0,0.0,0.0,0.0,0.0,0.0,0.0,-1.5707963705062866
435,8.700000000000001,front_right_arm_to_hand,11,1.107004165649414,2.1852372356079286e-07,1.107300877571106,0.0,0.0,0.023736869916319847,0.023736869916319847,0.0,0.0,0.0,0.0,0.0,0.0,0.0,0.0,0.0,0.0,0.0,-1.5707963705062866
436,8.72,front_right_arm_to_hand,11,1.107004165649414,2.2024298118594743e-07,1.107300877571106,0.0,0.0,0.023736845701932907,0.023736845701932907,0.0,0.0,0.0,0.0,0.0,0.0,0.0,0.0,0.0,0.0,0.0,-1.5707963705062866
437,8.74,front_right_arm_to_hand,11,1.107004165649414,2.3638526158720197e-07,1.107300877571106,0.0,0.0,0.023736845701932907,0.023736845701932907,0.0,0.0,0.0,0.0,0.0,0.0,0.0,0.0,0.0,0.0,0.0,-1.5707963705062866
438,8.76,front_right_arm_to_hand,11,1.107004165649414,1.6216174003602646e-07,1.107300877571106,0.0,0.0,0.023737600073218346,0.023737600073218346,0.0,0.0,0.0,0.0,0.0,0.0,0.0,0.0,0.0,0.0,0.0,-1.5707963705062866
439,8.78,front_right_arm_to_hand,11,1.107004165649414,2.2907909169589402e-07,1.107300877571106,0.0,0.0,0.023736845701932907,0.023736845701932907,0.0,0.0,0.0,0.0,0.0,0.0,0.0,0.0,0.0,0.0,0.0,-1.5707963705062866
440,8.8,front_right_arm_to_hand,11,1.107004165649414,2.083759227389237e-07,1.107300877571106,0.0,0.0,0.023736871778964996,0.023736871778964996,0.0,0.0,0.0,0.0,0.0,0.0,0.0,0.0,0.0,0.0,0.0,-1.5707963705062866
441,8.82,front_right_arm_to_hand,11,1.107004165649414,2.3023758899398672e-07,1.107300877571106,0.0,0.0,0.023736843839287758,0.023736843839287758,0.0,0.0,0.0,0.0,0.0,0.0,0.0,0.0,0.0,0.0,0.0,-1.5707963705062866
442,8.84,front_right_arm_to_hand,11,1.107004165649414,2.114531127972441e-07,1.107300877571106,0.0,0.0,0.02373684197664261,0.02373684197664261,0.0,0.0,0.0,0.0,0.0,0.0,0.0,0.0,0.0,0.0,0.0,-1.5707963705062866
443,8.86,front_right_arm_to_hand,11,1.107004165649414,-1.2937764495291049e-06,1.107300877571106,0.0,0.0,0.02373684197664261,0.02373684197664261,0.0,0.0,0.0,0.0,0.0,0.0,0.0,0.0,0.0,0.0,0.0,-1.5707963705062866
444,8.88,front_right_arm_to_hand,11,1.107004165649414,2.2260849164013052e-07,1.107300877571106,0.0,0.0,0.02373683638870716,0.02373683638870716,0.0,0.0,0.0,0.0,0.0,0.0,0.0,0.0,0.0,0.0,0.0,-1.5707963705062866
445,8.9,front_right_arm_to_hand,11,1.107004165649414,1.7103346294788935e-07,1.107300877571106,0.0,0.0,0.023737600073218346,0.023737600073218346,0.0,0.0,0.0,0.0,0.0,0.0,0.0,0.0,0.0,0.0,0.0,-1.5707963705062866
446,8.92,front_right_arm_to_hand,11,1.107004165649414,2.1889891854698362e-07,1.107300877571106,0.0,0.0,0.02373683825135231,0.02373683825135231,0.0,0.0,0.0,0.0,0.0,0.0,0.0,0.0,0.0,0.0,0.0,-1.5707963705062866
447,8.94,front_right_arm_to_hand,11,1.107004165649414,2.2608753624808742e-07,1.107300877571106,0.0,0.0,0.023736871778964996,0.023736871778964996,0.0,0.0,0.0,0.0,0.0,0.0,0.0,0.0,0.0,0.0,0.0,-1.5707963705062866
448,8.96,front_right_arm_to_hand,11,1.107004165649414,2.2195152382664673e-07,1.107300877571106,0.0,0.0,0.023736843839287758,0.023736843839287758,0.0,0.0,0.0,0.0,0.0,0.0,0.0,0.0,0.0,0.0,0.0,-1.5707963705062866
449,8.98,front_right_arm_to_hand,11,1.107004165649414,2.1115411641403625e-07,1.107300877571106,0.0,0.0,0.023736847564578056,0.023736847564578056,0.0,0.0,0.0,0.0,0.0,0.0,0.0,0.0,0.0,0.0,0.0,-1.5707963705062866
450,9.0,front_right_arm_to_hand,11,1.107004165649414,-1.2795281918442925e-06,1.107300877571106,0.0,0.0,0.02373683825135231,0.02373683825135231,0.0,0.0,0.0,0.0,0.0,0.0,0.0,0.0,0.0,0.0,0.0,-1.5707963705062866
451,9.02,front_right_arm_to_hand,11,1.107004165649414,2.268595835630549e-07,1.107300877571106,0.0,0.0,0.023736847564578056,0.023736847564578056,0.0,0.0,0.0,0.0,0.0,0.0,0.0,0.0,0.0,0.0,0.0,-1.5707963705062866
452,9.040000000000001,front_right_arm_to_hand,11,1.107004165649414,1.7481089287230134e-07,1.107300877571106,0.0,0.0,0.0237375870347023,0.0237375870347023,0.0,0.0,0.0,0.0,0.0,0.0,0.0,0.0,0.0,0.0,0.0,-1.5707963705062866
453,9.06,front_right_arm_to_hand,11,1.107004165649414,2.2162305413075956e-07,1.107300877571106,0.0,0.0,0.023736843839287758,0.023736843839287758,0.0,0.0,0.0,0.0,0.0,0.0,0.0,0.0,0.0,0.0,0.0,-1.5707963705062866
454,9.08,front_right_arm_to_hand,11,1.107004165649414,2.1405688244158227e-07,1.107300877571106,0.0,0.0,0.023736868053674698,0.023736868053674698,0.0,0.0,0.0,0.0,0.0,0.0,0.0,0.0,0.0,0.0,0.0,-1.5707963705062866
455,9.1,front_right_arm_to_hand,11,1.107004165649414,2.2671358124171093e-07,1.107300877571106,0.0,0.0,0.023736843839287758,0.023736843839287758,0.0,0.0,0.0,0.0,0.0,0.0,0.0,0.0,0.0,0.0,0.0,-1.5707963705062866
456,9.120000000000001,front_right_arm_to_hand,11,1.107004165649414,2.2188180537341395e-07,1.107300877571106,0.0,0.0,0.02373684197664261,0.02373684197664261,0.0,0.0,0.0,0.0,0.0,0.0,0.0,0.0,0.0,0.0,0.0,-1.5707963705062866
457,9.14,front_right_arm_to_hand,11,1.107004165649414,-1.2781907798853354e-06,1.107300877571106,0.0,0.0,0.02373684197664261,0.02373684197664261,0.0,0.0,0.0,0.0,0.0,0.0,0.0,0.0,0.0,0.0,0.0,-1.5707963705062866
458,9.16,front_right_arm_to_hand,11,1.107004165649414,2.209016258802876e-07,1.107300877571106,0.0,0.0,0.023736843839287758,0.023736843839287758,0.0,0.0,0.0,0.0,0.0,0.0,0.0,0.0,0.0,0.0,0.0,-1.5707963705062866
459,9.18,front_right_arm_to_hand,11,1.107004165649414,2.2653966880170628e-07,1.107300877571106,0.0,0.0,0.023736843839287758,0.023736843839287758,0.0,0.0,0.0,0.0,0.0,0.0,0.0,0.0,0.0,0.0,0.0,-1.5707963705062866
460,9.200000000000001,front_right_arm_to_hand,11,1.107004165649414,-1.3400184570855345e-06,1.107300877571106,0.0,0.0,0.02373684011399746,0.02373684011399746,0.0,0.0,0.0,0.0,0.0,0.0,0.0,0.0,0.0,0.0,0.0,-1.5707963705062866
461,9.22,front_right_arm_to_hand,11,1.107004165649414,2.2116086029200233e-07,1.107300877571106,0.0,0.0,0.02373684197664261,0.02373684197664261,0.0,0.0,0.0,0.0,0.0,0.0,0.0,0.0,0.0,0.0,0.0,-1.5707963705062866
462,9.24,front_right_arm_to_hand,11,1.107004165649414,2.1808324390804046e-07,1.107300877571106,0.0,0.0,0.023736871778964996,0.023736871778964996,0.0,0.0,0.0,0.0,0.0,0.0,0.0,0.0,0.0,0.0,0.0,-1.5707963705062866
463,9.26,front_right_arm_to_hand,11,1.107004165649414,2.207285945132753e-07,1.107300877571106,0.0,0.0,0.02373683825135231,0.02373683825135231,0.0,0.0,0.0,0.0,0.0,0.0,0.0,0.0,0.0,0.0,0.0,-1.5707963705062866
464,9.28,front_right_arm_to_hand,11,1.107004165649414,2.353988861614198e-07,1.107300877571106,0.0,0.0,0.02373684197664261,0.02373684197664261,0.0,0.0,0.0,0.0,0.0,0.0,0.0,0.0,0.0,0.0,0.0,-1.5707963705062866
465,9.3,front_right_arm_to_hand,11,1.107004165649414,-1.327818267782277e-06,1.107300877571106,0.0,0.0,0.02373684197664261,0.02373684197664261,0.0,0.0,0.0,0.0,0.0,0.0,0.0,0.0,0.0,0.0,0.0,-1.5707963705062866
466,9.32,front_right_arm_to_hand,11,1.107004165649414,2.2962444745644461e-07,1.107300877571106,0.0,0.0,0.02373684197664261,0.02373684197664261,0.0,0.0,0.0,0.0,0.0,0.0,0.0,0.0,0.0,0.0,0.0,-1.5707963705062866
467,9.34,front_right_arm_to_hand,11,1.107004165649414,1.641902969140574e-07,1.107300877571106,0.0,0.0,0.02373761124908924,0.02373761124908924,0.0,0.0,0.0,0.0,0.0,0.0,0.0,0.0,0.0,0.0,0.0,-1.5707963705062866
468,9.36,front_right_arm_to_hand,11,1.107004165649414,2.2846114688945818e-07,1.107300877571106,0.0,0.0,0.02373684011399746,0.02373684011399746,0.0,0.0,0.0,0.0,0.0,0.0,0.0,0.0,0.0,0.0,0.0,-1.5707963705062866
469,9.38,front_right_arm_to_hand,11,1.107004165649414,2.246666213068238e-07,1.107300877571106,0.0,0.0,0.0237368643283844,0.0237368643283844,0.0,0.0,0.0,0.0,0.0,0.0,0.0,0.0,0.0,0.0,0.0,-1.5707963705062866
470,9.4,front_right_arm_to_hand,11,1.107004165649414,2.2216494244275964e-07,1.107300877571106,0.0,0.0,0.023736845701932907,0.023736845701932907,0.0,0.0,0.0,0.0,0.0,0.0,0.0,0.0,0.0,0.0,0.0,-1.5707963705062866
471,9.42,front_right_arm_to_hand,11,1.107004165649414,2.1726128807131317e-07,1.107300877571106,0.0,0.0,0.02373684197664261,0.02373684197664261,0.0,0.0,0.0,0.0,0.0,0.0,0.0,0.0,0.0,0.0,0.0,-1.5707963705062866
472,9.44,front_right_arm_to_hand,11,1.107004165649414,1.6651976864068274e-07,1.107300877571106,0.0,0.0,0.023737601935863495,0.023737601935863495,0.0,0.0,0.0,0.0,0.0,0.0,0.0,0.0,0.0,0.0,0.0,-1.5707963705062866
473,9.46,front_right_arm_to_hand,11,1.107004165649414,2.2658255716123676e-07,1.107300877571106,0.0,0.0,0.02373684197664261,0.02373684197664261,0.0,0.0,0.0,0.0,0.0,0.0,0.0,0.0,0.0,0.0,0.0,-1.5707963705062866
474,9.48,front_right_arm_to_hand,11,1.107004165649414,2.0817134327444364e-07,1.107300877571106,0.0,0.0,0.023736871778964996,0.023736871778964996,0.0,0.0,0.0,0.0,0.0,0.0,0.0,0.0,0.0,0.0,0.0,-1.5707963705062866
475,9.5,front_right_arm_to_hand,11,1.107004165649414,2.17745906638811e-07,1.107300877571106,0.0,0.0,0.023736847564578056,0.023736847564578056,0.0,0.0,0.0,0.0,0.0,0.0,0.0,0.0,0.0,0.0,0.0,-1.5707963705062866
476,9.52,front_right_arm_to_hand,11,1.107004165649414,2.2355882833835494e-07,1.107300877571106,0.0,0.0,0.02373683825135231,0.02373683825135231,0.0,0.0,0.0,0.0,0.0,0.0,0.0,0.0,0.0,0.0,0.0,-1.5707963705062866
477,9.540000000000001,front_right_arm_to_hand,11,1.107004165649414,-1.299928271691897e-06,1.107300877571106,0.0,0.0,0.023736845701932907,0.023736845701932907,0.0,0.0,0.0,0.0,0.0,0.0,0.0,0.0,0.0,0.0,0.0,-1.5707963705062866
478,9.56,front_right_arm_to_hand,11,1.107004165649414,2.293746490522608e-07,1.107300877571106,0.0,0.0,0.023736843839287758,0.023736843839287758,0.0,0.0,0.0,0.0,0.0,0.0,0.0,0.0,0.0,0.0,0.0,-1.5707963705062866
479,9.58,front_right_arm_to_hand,11,1.107004165649414,1.601631822722993e-07,1.107300877571106,0.0,0.0,0.023737600073218346,0.023737600073218346,0.0,0.0,0.0,0.0,0.0,0.0,0.0,0.0,0.0,0.0,0.0,-1.5707963705062866
480,9.6,front_right_arm_to_hand,11,1.107004165649414,2.2496928409054817e-07,1.107300877571106,0.0,0.0,0.023736849427223206,0.023736849427223206,0.0,0.0,0.0,0.0,0.0,0.0,0.0,0.0,0.0,0.0,0.0,-1.5707963705062866
481,9.620000000000001,front_right_arm_to_hand,11,1.107004165649414,2.193318096033181e-07,1.107300877571106,0.0,0.0,0.023736869916319847,0.023736869916319847,0.0,0.0,0.0,0.0,0.0,0.0,0.0,0.0,0.0,0.0,0.0,-1.5707963705062866
482,9.64,front_right_arm_to_hand,11,1.107004165649414,2.22795335957926e-07,1.107300877571106,0.0,0.0,0.023736849427223206,0.023736849427223206,0.0,0.0,0.0,0.0,0.0,0.0,0.0,0.0,0.0,0.0,0.0,-1.5707963705062866
483,9.66,front_right_arm_to_hand,11,1.107004165649414,2.1196225929998036e-07,1.107300877571106,0.0,0.0,0.023736847564578056,0.023736847564578056,0.0,0.0,0.0,0.0,0.0,0.0,0.0,0.0,0.0,0.0,0.0,-1.5707963705062866
484,9.68,front_right_arm_to_hand,11,1.107004165649414,-1.2891603091702564e-06,1.107300877571106,0.0,0.0,0.02373684197664261,0.02373684197664261,0.0,0.0,0.0,0.0,0.0,0.0,0.0,0.0,0.0,0.0,0.0,-1.5707963705062866
485,9.700000000000001,front_right_arm_to_hand,11,1.107004165649414,2.1497700686268217e-07,1.107300877571106,0.0,0.0,0.02373684197664261,0.02373684197664261,0.0,0.0,0.0,0.0,0.0,0.0,0.0,0.0,0.0,0.0,0.0,-1.5707963705062866
486,9.72,front_right_arm_to_hand,11,1.107004165649414,2.098690856655594e-07,1.107300877571106,0.0,0.0,0.023736869916319847,0.023736869916319847,0.0,0.0,0.0,0.0,0.0,0.0,0.0,0.0,0.0,0.0,0.0,-1.5707963705062866
487,9.74,front_right_arm_to_hand,11,1.107004165649414,2.1578057385340799e-07,1.107300877571106,0.0,0.0,0.02373684011399746,0.02373684011399746,0.0,0.0,0.0,0.0,0.0,0.0,0.0,0.0,0.0,0.0,0.0,-1.5707963705062866
488,9.76,front_right_arm_to_hand,11,1.107004165649414,2.2268611132858496e-07,1.107300877571106,0.0,0.0,0.02373684197664261,0.02373684197664261,0.0,0.0,0.0,0.0,0.0,0.0,0.0,0.0,0.0,0.0,0.0,-1.5707963705062866
489,9.78,front_right_arm_to_hand,11,1.107004165649414,-1.277314936487528e-06,1.107300877571106,0.0,0.0,0.02373684011399746,0.02373684011399746,0.0,0.0,0.0,0.0,0.0,0.0,0.0,0.0,0.0,0.0,0.0,-1.5707963705062866
490,9.8,front_right_arm_to_hand,11,1.107004165649414,2.2442080194196024e-07,1.107300877571106,0.0,0.0,0.023736843839287758,0.023736843839287758,0.0,0.0,0.0,0.0,0.0,0.0,0.0,0.0,0.0,0.0,0.0,-1.5707963705062866
491,9.82,front_right_arm_to_hand,11,1.107004165649414,1.7619900916088227e-07,1.107300877571106,0.0,0.0,0.02373759262263775,0.02373759262263775,0.0,0.0,0.0,0.0,0.0,0.0,0.0,0.0,0.0,0.0,0.0,-1.5707963705062866
492,9.84,front_right_arm_to_hand,11,1.107004165649414,2.2536468691214395e-07,1.107300877571106,0.0,0.0,0.02373684011399746,0.02373684011399746,0.0,0.0,0.0,0.0,0.0,0.0,0.0,0.0,0.0,0.0,0.0,-1.5707963705062866
493,9.86,front_right_arm_to_hand,11,1.107004165649414,2.3012196948002384e-07,1.107300877571106,0.0,0.0,0.023736871778964996,0.023736871778964996,0.0,0.0,0.0,0.0,0.0,0.0,0.0,0.0,0.0,0.0,0.0,-1.5707963705062866
494,9.88,front_right_arm_to_hand,11,1.107004165649414,2.3885041855464806e-07,1.107300877571106,0.0,0.0,0.023736847564578056,0.023736847564578056,0.0,0.0,0.0,0.0,0.0,0.0,0.0,0.0,0.0,0.0,0.0,-1.5707963705062866
495,9.9,front_right_arm_to_hand,11,1.107004165649414,2.1297026364663907e-07,1.107300877571106,0.0,0.0,0.023736847564578056,0.023736847564578056,0.0,0.0,0.0,0.0,0.0,0.0,0.0,0.0,0.0,0.0,0.0,-1.5707963705062866
496,9.92,front_right_arm_to_hand,11,1.107004165649414,-1.2831167168769753e-06,1.107300877571106,0.0,0.0,0.02373684197664261,0.02373684197664261,0.0,0.0,0.0,0.0,0.0,0.0,0.0,0.0,0.0,0.0,0.0,-1.5707963705062866
497,9.94,front_right_arm_to_hand,11,1.107004165649414,2.217370536072849e-07,1.107300877571106,0.0,0.0,0.02373684197664261,0.02373684197664261,0.0,0.0,0.0,0.0,0.0,0.0,0.0,0.0,0.0,0.0,0.0,-1.5707963705062866
498,9.96,front_right_arm_to_hand,11,1.107004165649414,1.6848586881224037e-07,1.107300877571106,0.0,0.0,0.023737594485282898,0.023737594485282898,0.0,0.0,0.0,0.0,0.0,0.0,0.0,0.0,0.0,0.0,0.0,-1.5707963705062866
499,9.98,front_right_arm_to_hand,11,1.107004165649414,2.1494523139153898e-07,1.107300877571106,0.0,0.0,0.023736845701932907,0.023736845701932907,0.0,0.0,0.0,0.0,0.0,0.0,0.0,0.0,0.0,0.0,0.0,-1.5707963705062866
