step,time,joint,joint_id,joint_pos,joint_vel,joint_pos_target,joint_vel_target,joint_effort_target,applied_torque,computed_torque,action_0,action_1,action_2,action_3,action_4,action_5,action_6,action_7,action_8,action_9,action_10,action_11
600,3.0,base_to_front_right_shoulder,3,-0.024169819429516792,-1.74502190475323e-09,0.0,0.0,0.0,0.6284008026123047,0.6284008026123047,0.0,0.0,0.0,1.3962633609771729,0.0,0.0,0.0,0.0,0.0,0.0,0.0,0.0
600,3.0,front_right_shoulder_to_arm,7,-0.7902507185935974,-1.3176517654756026e-09,-0.7900000214576721,0.0,0.0,0.006006717681884766,0.006006717681884766,0.0,0.0,0.0,1.3962633609771729,0.0,0.0,0.0,0.0,0.0,0.0,0.0,0.0
600,3.0,front_right_arm_to_hand,11,1.5,2.6790425433631526e-10,1.5,0.0,0.0,8.263294493104922e-10,8.263294493104922e-10,0.0,0.0,0.0,1.3962633609771729,0.0,0.0,0.0,0.0,0.0,0.0,0.0,0.0
601,3.005,base_to_front_right_shoulder,3,-0.02417037822306156,-1.0751648460427532e-09,0.0,0.0,0.0,0.6284152865409851,0.6284152865409851,0.0,0.0,0.0,1.3962633609771729,0.0,0.0,0.0,0.0,0.0,0.0,0.0,0.0
601,3.005,front_right_shoulder_to_arm,7,-0.7902511358261108,-2.946542565496202e-09,-0.7900000214576721,0.0,0.0,0.006016733590513468,0.006016733590513468,0.0,0.0,0.0,1.3962633609771729,0.0,0.0,0.0,0.0,0.0,0.0,0.0,0.0
601,3.005,front_right_arm_to_hand,11,1.5,2.6696778121504394e-09,1.5,0.0,0.0,-4.018563815044729e-10,-4.018563815044729e-10,0.0,0.0,0.0,1.3962633609771729,0.0,0.0,0.0,0.0,0.0,0.0,0.0,0.0
602,3.0100000000000002,base_to_front_right_shoulder,3,-0.02417093701660633,1.9444499343990174e-09,0.0,0.0,0.0,0.6284298300743103,0.6284298300743103,0.0,0.0,0.0,1.3962633609771729,0.0,0.0,0.0,0.0,0.0,0.0,0.0,0.0
602,3.0100000000000002,front_right_shoulder_to_arm,7,-0.7902515530586243,-2.540446075727232e-09,-0.7900000214576721,0.0,0.0,0.006026750430464745,0.006026750430464745,0.0,0.0,0.0,1.3962633609771729,0.0,0.0,0.0,0.0,0.0,0.0,0.0,0.0
602,3.0100000000000002,front_right_arm_to_hand,11,1.5,6.533389940166501e-10,1.5,0.0,0.0,-4.004516718225659e-09,-4.004516718225659e-09,0.0,0.0,0.0,1.3962633609771729,0.0,0.0,0.0,0.0,0.0,0.0,0.0,0.0
603,3.015,base_to_front_right_shoulder,3,-0.021153520792722702,0.6034853458404541,0.3490658402442932,0.0,0.0,9.704155921936035,9.704155921936035,0.0,0.0,0.0,1.3962633609771729,0.0,0.0,0.0,0.0,0.0,0.0,0.0,0.0
603,3.015,front_right_shoulder_to_arm,7,-0.7902520298957825,1.4377121715369867e-10,-0.7900000214576721,0.0,0.0,0.006036763079464436,0.006036763079464436,0.0,0.0,0.0,1.3962633609771729,0.0,0.0,0.0,0.0,0.0,0.0,0.0,0.0
603,3.015,front_right_arm_to_hand,11,1.5,1.4298068284901433e-10,1.5,0.0,0.0,-9.800085187805507e-10,-9.800085187805507e-10,0.0,0.0,0.0,1.3962633609771729,0.0,0.0,0.0,0.0,0.0,0.0,0.0,0.0
604,3.02,base_to_front_right_shoulder,3,-0.015545425936579704,1.1216206550598145,0.3490658402442932,0.0,0.0,8.418731689453125,8.418731689453125,0.0,0.0,0.0,1.3962633609771729,0.0,0.0,0.0,0.0,0.0,0.0,0.0,0.0
604,3.02,front_right_shoulder_to_arm,7,-0.7902525067329407,1.6821743997752492e-09,-0.7900000214576721,0.0,0.0,0.00604820204898715,0.00604820204898715,0.0,0.0,0.0,1.3962633609771729,0.0,0.0,0.0,0.0,0.0,0.0,0.0,0.0
604,3.02,front_right_arm_to_hand,11,1.5,-2.626799333604879e-10,1.5,0.0,0.0,-2.144710242735215e-10,-2.144710242735215e-10,0.0,0.0,0.0,1.3962633609771729,0.0,0.0,0.0,0.0,0.0,0.0,0.0,0.0
605,3.025,base_to_front_right_shoulder,3,-0.00773960817605257,1.5611658096313477,0.3490658402442932,0.0,0.0,7.236651420593262,7.236651420593262,0.0,0.0,0.0,1.3962633609771729,0.0,0.0,0.0,0.0,0.0,0.0,0.0,0.0
605,3.025,front_right_shoulder_to_arm,7,-0.7902529835700989,-2.590539338598319e-09,-0.7900000214576721,0.0,0.0,0.006059643346816301,0.006059643346816301,0.0,0.0,0.0,1.3962633609771729,0.0,0.0,0.0,0.0,0.0,0.0,0.0,0.0
605,3.025,front_right_arm_to_hand,11,1.5,1.0285977625201781e-10,1.5,0.0,0.0,3.9401990004073184e-10,3.9401990004073184e-10,0.0,0.0,0.0,1.3962633609771729,0.0,0.0,0.0,0.0,0.0,0.0,0.0,0.0
606,3.0300000000000002,base_to_front_right_shoulder,3,0.0019037679303437471,1.9286774396896362,0.3490658402442932,0.0,0.0,6.154609680175781,6.154609680175781,0.0,0.0,0.0,1.3962633609771729,0.0,0.0,0.0,0.0,0.0,0.0,0.0,0.0
606,3.0300000000000002,front_right_shoulder_to_arm,7,-0.7902535200119019,-5.997335961183126e-10,-0.7900000214576721,0.0,0.0,0.006071095354855061,0.006071095354855061,0.0,0.0,0.0,1.3962633609771729,0.0,0.0,0.0,0.0,0.0,0.0,0.0,0.0
606,3.0300000000000002,front_right_arm_to_hand,11,1.5,1.3987094815703927e-10,1.5,0.0,0.0,-1.5428966437802671e-10,-1.5428966437802671e-10,0.0,0.0,0.0,1.3962633609771729,0.0,0.0,0.0,0.0,0.0,0.0,0.0,0.0
607,3.035,base_to_front_right_shoulder,3,0.013056148774921894,2.230478525161743,0.3490658402442932,0.0,0.0,5.168858528137207,5.168858528137207,0.0,0.0,0.0,1.3962633609771729,0.0,0.0,0.0,0.0,0.0,0.0,0.0,0.0
607,3.035,front_right_shoulder_to_arm,7,-0.7902541160583496,-3.828120043181116e-10,-0.7900000214576721,0.0,0.0,0.0060839662328362465,0.0060839662328362465,0.0,0.0,0.0,1.3962633609771729,0.0,0.0,0.0,0.0,0.0,0.0,0.0,0.0
607,3.035,front_right_arm_to_hand,11,1.5,-5.418235859977472e-10,1.5,0.0,0.0,-2.098064222355589e-10,-2.098064222355589e-10,0.0,0.0,0.0,1.3962633609771729,0.0,0.0,0.0,0.0,0.0,0.0,0.0,0.0
608,3.04,base_to_front_right_shoulder,3,0.02541930228471756,2.4726333618164062,0.3490658402442932,0.0,0.0,4.275294780731201,4.275294780731201,0.0,0.0,0.0,1.3962633609771729,0.0,0.0,0.0,0.0,0.0,0.0,0.0,0.0
608,3.04,front_right_shoulder_to_arm,7,-0.7902547717094421,-2.784737773708912e-09,-0.7900000214576721,0.0,0.0,0.00609827134758234,0.00609827134758234,0.0,0.0,0.0,1.3962633609771729,0.0,0.0,0.0,0.0,0.0,0.0,0.0,0.0
608,3.04,front_right_arm_to_hand,11,1.5,-2.757787775919951e-09,1.5,0.0,0.0,8.127353789966207e-10,8.127353789966207e-10,0.0,0.0,0.0,1.3962633609771729,0.0,0.0,0.0,0.0,0.0,0.0,0.0,0.0
609,3.045,base_to_front_right_shoulder,3,0.03872392699122429,2.66092848777771,0.3490658402442932,0.0,0.0,3.46954345703125,3.46954345703125,0.0,0.0,0.0,1.3962633609771729,0.0,0.0,0.0,0.0,0.0,0.0,0.0,0.0
609,3.045,front_right_shoulder_to_arm,7,-0.7902554273605347,-3.29006155652678e-09,-0.7900000214576721,0.0,0.0,0.006114011164754629,0.006114011164754629,0.0,0.0,0.0,1.3962633609771729,0.0,0.0,0.0,0.0,0.0,0.0,0.0,0.0
609,3.045,front_right_arm_to_hand,11,1.5,-1.2977076080389338e-09,1.5,0.0,0.0,4.1366816638799264e-09,4.1366816638799264e-09,0.0,0.0,0.0,1.3962633609771729,0.0,0.0,0.0,0.0,0.0,0.0,0.0,0.0
610,3.0500000000000003,base_to_front_right_shoulder,3,0.05272820219397545,2.800858736038208,0.3490658402442932,0.0,0.0,2.747032642364502,2.747032642364502,0.0,0.0,0.0,1.3962633609771729,0.0,0.0,0.0,0.0,0.0,0.0,0.0,0.0
610,3.0500000000000003,front_right_shoulder_to_arm,7,-0.790256142616272,1.5171650602496811e-09,-0.7900000214576721,0.0,0.0,0.006129747722297907,0.006129747722297907,0.0,0.0,0.0,1.3962633609771729,0.0,0.0,0.0,0.0,0.0,0.0,0.0,0.0
610,3.0500000000000003,front_right_arm_to_hand,11,1.5,-7.953602221277833e-10,1.5,0.0,0.0,1.9465613565472495e-09,1.9465613565472495e-09,0.0,0.0,0.0,1.3962633609771729,0.0,0.0,0.0,0.0,0.0,0.0,0.0,0.0
611,3.055,base_to_front_right_shoulder,3,0.06721626967191696,2.897616147994995,0.3490658402442932,0.0,0.0,2.1030611991882324,2.1030611991882324,0.0,0.0,0.0,1.3962633609771729,0.0,0.0,0.0,0.0,0.0,0.0,0.0,0.0
611,3.055,front_right_shoulder_to_arm,7,-0.790256917476654,-3.0861997402098496e-09,-0.7900000214576721,0.0,0.0,0.0061469050124287605,0.0061469050124287605,0.0,0.0,0.0,1.3962633609771729,0.0,0.0,0.0,0.0,0.0,0.0,0.0,0.0
611,3.055,front_right_arm_to_hand,11,1.5,-3.3186176029431635e-10,1.5,0.0,0.0,1.193040333191675e-09,1.193040333191675e-09,0.0,0.0,0.0,1.3962633609771729,0.0,0.0,0.0,0.0,0.0,0.0,0.0,0.0
612,3.06,base_to_front_right_shoulder,3,0.08199668675661087,2.956085205078125,0.3490658402442932,0.0,0.0,1.5328564643859863,1.5328564643859863,0.0,0.0,0.0,1.3962633609771729,0.0,0.0,0.0,0.0,0.0,0.0,0.0,0.0
612,3.06,front_right_shoulder_to_arm,7,-0.7902576923370361,-1.0286242968504666e-09,-0.7900000214576721,0.0,0.0,0.006165510043501854,0.006165510043501854,0.0,0.0,0.0,1.3962633609771729,0.0,0.0,0.0,0.0,0.0,0.0,0.0,0.0
612,3.06,front_right_arm_to_hand,11,1.5,-5.014860748886463e-10,1.5,0.0,0.0,4.977926404414745e-10,4.977926404414745e-10,0.0,0.0,0.0,1.3962633609771729,0.0,0.0,0.0,0.0,0.0,0.0,0.0,0.0
613,3.065,base_to_front_right_shoulder,3,0.09690087288618088,2.980839490890503,0.3490658402442932,0.0,0.0,1.0316276550292969,1.0316276550292969,0.0,0.0,0.0,1.3962633609771729,0.0,0.0,0.0,0.0,0.0,0.0,0.0,0.0
613,3.065,front_right_shoulder_to_arm,7,-0.7902584671974182,-1.7092247617256362e-09,-0.7900000214576721,0.0,0.0,0.006184102967381477,0.006184102967381477,0.0,0.0,0.0,1.3962633609771729,0.0,0.0,0.0,0.0,0.0,0.0,0.0,0.0
613,3.065,front_right_arm_to_hand,11,1.5,-1.6664585267278653e-09,1.5,0.0,0.0,7.522291123329694e-10,7.522291123329694e-10,0.0,0.0,0.0,1.3962633609771729,0.0,0.0,0.0,0.0,0.0,0.0,0.0,0.0
614,3.0700000000000003,base_to_front_right_shoulder,3,0.11178157478570938,2.9761431217193604,0.3490658402442932,0.0,0.0,0.5946097373962402,0.5946097373962402,0.0,0.0,0.0,1.3962633609771729,0.0,0.0,0.0,0.0,0.0,0.0,0.0,0.0
614,3.0700000000000003,front_right_shoulder_to_arm,7,-0.7902592420578003,-2.715211167014786e-09,-0.7900000214576721,0.0,0.0,0.006202701013535261,0.006202701013535261,0.0,0.0,0.0,1.3962633609771729,0.0,0.0,0.0,0.0,0.0,0.0,0.0,0.0
614,3.0700000000000003,front_right_arm_to_hand,11,1.5,-4.637691342068706e-10,1.5,0.0,0.0,2.499687790091798e-09,2.499687790091798e-09,0.0,0.0,0.0,1.3962633609771729,0.0,0.0,0.0,0.0,0.0,0.0,0.0,0.0
615,3.075,base_to_front_right_shoulder,3,0.1265113204717636,2.9459526538848877,0.3490658402442932,0.0,0.0,0.21710491180419922,0.21710491180419922,0.0,0.0,0.0,1.3962633609771729,0.0,0.0,0.0,0.0,0.0,0.0,0.0,0.0
615,3.075,front_right_shoulder_to_arm,7,-0.7902600169181824,-3.970853867940605e-09,-0.7900000214576721,0.0,0.0,0.006221299525350332,0.006221299525350332,0.0,0.0,0.0,1.3962633609771729,0.0,0.0,0.0,0.0,0.0,0.0,0.0,0.0
615,3.075,front_right_arm_to_hand,11,1.5,5.472797770522675e-10,1.5,0.0,0.0,6.956537013103059e-10,6.956537013103059e-10,0.0,0.0,0.0,1.3962633609771729,0.0,0.0,0.0,0.0,0.0,0.0,0.0,0.0
616,3.08,base_to_front_right_shoulder,3,0.14098092913627625,2.8939239978790283,0.3490658402442932,0.0,0.0,-0.10548782348632812,-0.10548782348632812,0.0,0.0,0.0,1.3962633609771729,0.0,0.0,0.0,0.0,0.0,0.0,0.0,0.0
616,3.08,front_right_shoulder_to_arm,7,-0.7902607917785645,6.627516313528758e-10,-0.7900000214576721,0.0,0.0,0.006239898502826691,0.006239898502826691,0.0,0.0,0.0,1.3962633609771729,0.0,0.0,0.0,0.0,0.0,0.0,0.0,0.0
616,3.08,front_right_arm_to_hand,11,1.5,-1.1939107480429811e-09,1.5,0.0,0.0,-8.209196655784012e-10,-8.209196655784012e-10,0.0,0.0,0.0,1.3962633609771729,0.0,0.0,0.0,0.0,0.0,0.0,0.0,0.0
617,3.085,base_to_front_right_shoulder,3,0.15509803593158722,2.8234195709228516,0.3490658402442932,0.0,0.0,-0.3776402473449707,-0.3776402473449707,0.0,0.0,0.0,1.3962633609771729,0.0,0.0,0.0,0.0,0.0,0.0,0.0,0.0
617,3.085,front_right_shoulder_to_arm,7,-0.7902615666389465,-1.2616965250344947e-09,-0.7900000214576721,0.0,0.0,0.006258486304432154,0.006258486304432154,0.0,0.0,0.0,1.3962633609771729,0.0,0.0,0.0,0.0,0.0,0.0,0.0,0.0
617,3.085,front_right_arm_to_hand,11,1.5,-5.12251574491529e-10,1.5,0.0,0.0,1.7908661220644717e-09,1.7908661220644717e-09,0.0,0.0,0.0,1.3962633609771729,0.0,0.0,0.0,0.0,0.0,0.0,0.0,0.0
618,3.09,base_to_front_right_shoulder,3,0.16878563165664673,2.7375168800354004,0.3490658402442932,0.0,0.0,-0.6036763191223145,-0.6036763191223145,0.0,0.0,0.0,1.3962633609771729,0.0,0.0,0.0,0.0,0.0,0.0,0.0,0.0
618,3.09,front_right_shoulder_to_arm,7,-0.7902622818946838,-2.4649438046253636e-09,-0.7900000214576721,0.0,0.0,0.006277086678892374,0.006277086678892374,0.0,0.0,0.0,1.3962633609771729,0.0,0.0,0.0,0.0,0.0,0.0,0.0,0.0
618,3.09,front_right_arm_to_hand,11,1.5,-1.7745473979147164e-09,1.5,0.0,0.0,7.683773617372935e-10,7.683773617372935e-10,0.0,0.0,0.0,1.3962633609771729,0.0,0.0,0.0,0.0,0.0,0.0,0.0,0.0
619,3.095,base_to_front_right_shoulder,3,0.18198071420192719,2.6390202045440674,0.3490658402442932,0.0,0.0,-0.7877483367919922,-0.7877483367919922,0.0,0.0,0.0,1.3962633609771729,0.0,0.0,0.0,0.0,0.0,0.0,0.0,0.0
619,3.095,front_right_shoulder_to_arm,7,-0.7902629971504211,-5.221849619374552e-10,-0.7900000214576721,0.0,0.0,0.006294255144894123,0.006294255144894123,0.0,0.0,0.0,1.3962633609771729,0.0,0.0,0.0,0.0,0.0,0.0,0.0,0.0
619,3.095,front_right_arm_to_hand,11,1.5,3.004604898215746e-10,1.5,0.0,0.0,2.661820985849772e-09,2.661820985849772e-09,0.0,0.0,0.0,1.3962633609771729,0.0,0.0,0.0,0.0,0.0,0.0,0.0,0.0
620,3.1,base_to_front_right_shoulder,3,0.19463303685188293,2.530470848083496,0.3490658402442932,0.0,0.0,-0.9338269233703613,-0.9338269233703613,0.0,0.0,0.0,1.3962633609771729,0.0,0.0,0.0,0.0,0.0,0.0,0.0,0.0
620,3.1,front_right_shoulder_to_arm,7,-0.7902636528015137,-2.8980551292079326e-09,-0.7900000214576721,0.0,0.0,0.006311417557299137,0.006311417557299137,0.0,0.0,0.0,1.3962633609771729,0.0,0.0,0.0,0.0,0.0,0.0,0.0,0.0
620,3.1,front_right_arm_to_hand,11,1.5,5.595435226268819e-11,1.5,0.0,0.0,-4.506907347323619e-10,-4.506907347323619e-10,0.0,0.0,0.0,1.3962633609771729,0.0,0.0,0.0,0.0,0.0,0.0,0.0,0.0
621,3.105,base_to_front_right_shoulder,3,0.2067038118839264,2.4141604900360107,0.3490658402442932,0.0,0.0,-1.0456886291503906,-1.0456886291503906,0.0,0.0,0.0,1.3962633609771729,0.0,0.0,0.0,0.0,0.0,0.0,0.0,0.0
621,3.105,front_right_shoulder_to_arm,7,-0.7902643084526062,9.807052947508055e-10,-0.7900000214576721,0.0,0.0,0.006327157840132713,0.006327157840132713,0.0,0.0,0.0,1.3962633609771729,0.0,0.0,0.0,0.0,0.0,0.0,0.0,0.0
621,3.105,front_right_arm_to_hand,11,1.5,-7.875393670531139e-10,1.5,0.0,0.0,-8.393152839403228e-11,-8.393152839403228e-11,0.0,0.0,0.0,1.3962633609771729,0.0,0.0,0.0,0.0,0.0,0.0,0.0,0.0
622,3.11,base_to_front_right_shoulder,3,0.21816451847553253,2.2921440601348877,0.3490658402442932,0.0,0.0,-1.126908302307129,-1.126908302307129,0.0,0.0,0.0,1.3962633609771729,0.0,0.0,0.0,0.0,0.0,0.0,0.0,0.0
622,3.11,front_right_shoulder_to_arm,7,-0.790264904499054,1.163890317457117e-09,-0.7900000214576721,0.0,0.0,0.0063428860157728195,0.0063428860157728195,0.0,0.0,0.0,1.3962633609771729,0.0,0.0,0.0,0.0,0.0,0.0,0.0,0.0
622,3.11,front_right_arm_to_hand,11,1.5,9.166869485710549e-10,1.5,0.0,0.0,1.1813090505796708e-09,1.1813090505796708e-09,0.0,0.0,0.0,1.3962633609771729,0.0,0.0,0.0,0.0,0.0,0.0,0.0,0.0
623,3.115,base_to_front_right_shoulder,3,0.22899575531482697,2.166252851486206,0.3490658402442932,0.0,0.0,-1.1808538436889648,-1.1808538436889648,0.0,0.0,0.0,1.3962633609771729,0.0,0.0,0.0,0.0,0.0,0.0,0.0,0.0
623,3.115,front_right_shoulder_to_arm,7,-0.7902655005455017,-2.5636381906224415e-11,-0.7900000214576721,0.0,0.0,0.006357190664857626,0.006357190664857626,0.0,0.0,0.0,1.3962633609771729,0.0,0.0,0.0,0.0,0.0,0.0,0.0,0.0
623,3.115,front_right_arm_to_hand,11,1.5,9.306382331430996e-10,1.5,0.0,0.0,-1.3750304228565824e-09,-1.3750304228565824e-09,0.0,0.0,0.0,1.3962633609771729,0.0,0.0,0.0,0.0,0.0,0.0,0.0,0.0
624,3.12,base_to_front_right_shoulder,3,0.23918628692626953,2.0381078720092773,0.3490658402442932,0.0,0.0,-1.2106835842132568,-1.2106835842132568,0.0,0.0,0.0,1.3962633609771729,0.0,0.0,0.0,0.0,0.0,0.0,0.0,0.0
624,3.12,front_right_shoulder_to_arm,7,-0.7902660965919495,-2.1645263359459932e-10,-0.7900000214576721,0.0,0.0,0.006371498107910156,0.006371498107910156,0.0,0.0,0.0,1.3962633609771729,0.0,0.0,0.0,0.0,0.0,0.0,0.0,0.0
624,3.12,front_right_arm_to_hand,11,1.5,7.097908372166728e-10,1.5,0.0,0.0,-1.3959573497146494e-09,-1.3959573497146494e-09,0.0,0.0,0.0,1.3962633609771729,0.0,0.0,0.0,0.0,0.0,0.0,0.0,0.0
625,3.125,base_to_front_right_shoulder,3,0.24873195588588715,1.9091341495513916,0.3490658402442932,0.0,0.0,-1.2193474769592285,-1.2193474769592285,0.0,0.0,0.0,1.3962633609771729,0.0,0.0,0.0,0.0,0.0,0.0,0.0,0.0
625,3.125,front_right_shoulder_to_arm,7,-0.7902666330337524,-2.5224267119483557e-09,-0.7900000214576721,0.0,0.0,0.006385803688317537,0.006385803688317537,0.0,0.0,0.0,1.3962633609771729,0.0,0.0,0.0,0.0,0.0,0.0,0.0,0.0
625,3.125,front_right_arm_to_hand,11,1.5,-7.891293174466796e-10,1.5,0.0,0.0,-1.0646862280694336e-09,-1.0646862280694336e-09,0.0,0.0,0.0,1.3962633609771729,0.0,0.0,0.0,0.0,0.0,0.0,0.0,0.0
626,3.13,base_to_front_right_shoulder,3,0.25763484835624695,1.7805739641189575,0.3490658402442932,0.0,0.0,-1.2095873355865479,-1.2095873355865479,0.0,0.0,0.0,1.3962633609771729,0.0,0.0,0.0,0.0,0.0,0.0,0.0,0.0
626,3.13,front_right_shoulder_to_arm,7,-0.7902671694755554,-2.1781261239084415e-09,-0.7900000214576721,0.0,0.0,0.0063986824825406075,0.0063986824825406075,0.0,0.0,0.0,1.3962633609771729,0.0,0.0,0.0,0.0,0.0,0.0,0.0,0.0
626,3.13,front_right_arm_to_hand,11,1.5,2.92931734424684e-10,1.5,0.0,0.0,1.1836940316811706e-09,1.1836940316811706e-09,0.0,0.0,0.0,1.3962633609771729,0.0,0.0,0.0,0.0,0.0,0.0,0.0,0.0
627,3.1350000000000002,base_to_front_right_shoulder,3,0.2659023702144623,1.6535006761550903,0.3490658402442932,0.0,0.0,-1.1839420795440674,-1.1839420795440674,0.0,0.0,0.0,1.3962633609771729,0.0,0.0,0.0,0.0,0.0,0.0,0.0,0.0
627,3.1350000000000002,front_right_shoulder_to_arm,7,-0.7902676463127136,3.8470915342259104e-10,-0.7900000214576721,0.0,0.0,0.0064115566201508045,0.0064115566201508045,0.0,0.0,0.0,1.3962633609771729,0.0,0.0,0.0,0.0,0.0,0.0,0.0,0.0
627,3.1350000000000002,front_right_arm_to_hand,11,1.5,-1.5416976584248232e-09,1.5,0.0,0.0,-4.39397601637026e-10,-4.39397601637026e-10,0.0,0.0,0.0,1.3962633609771729,0.0,0.0,0.0,0.0,0.0,0.0,0.0,0.0
628,3.14,base_to_front_right_shoulder,3,0.2735465466976166,1.5288312435150146,0.3490658402442932,0.0,0.0,-1.1447510719299316,-1.1447510719299316,0.0,0.0,0.0,1.3962633609771729,0.0,0.0,0.0,0.0,0.0,0.0,0.0,0.0
628,3.14,front_right_shoulder_to_arm,7,-0.7902681231498718,-1.1685941103678488e-09,-0.7900000214576721,0.0,0.0,0.006422995589673519,0.006422995589673519,0.0,0.0,0.0,1.3962633609771729,0.0,0.0,0.0,0.0,0.0,0.0,0.0,0.0
628,3.14,front_right_arm_to_hand,11,1.5,-3.7289671350748677e-11,1.5,0.0,0.0,2.3125465986595373e-09,2.3125465986595373e-09,0.0,0.0,0.0,1.3962633609771729,0.0,0.0,0.0,0.0,0.0,0.0,0.0,0.0
629,3.145,base_to_front_right_shoulder,3,0.2805832326412201,1.407339096069336,0.3490658402442932,0.0,0.0,-1.094160795211792,-1.094160795211792,0.0,0.0,0.0,1.3962633609771729,0.0,0.0,0.0,0.0,0.0,0.0,0.0,0.0
629,3.145,front_right_shoulder_to_arm,7,-0.79026859998703,7.517044764426828e-10,-0.7900000214576721,0.0,0.0,0.006434442941099405,0.006434442941099405,0.0,0.0,0.0,1.3962633609771729,0.0,0.0,0.0,0.0,0.0,0.0,0.0,0.0
629,3.145,front_right_arm_to_hand,11,1.5,-1.135435967469789e-09,1.5,0.0,0.0,5.5934507026123015e-11,5.5934507026123015e-11,0.0,0.0,0.0,1.3962633609771729,0.0,0.0,0.0,0.0,0.0,0.0,0.0,0.0
630,3.15,base_to_front_right_shoulder,3,0.2870315909385681,1.2896668910980225,0.3490658402442932,0.0,0.0,-1.034130334854126,-1.034130334854126,0.0,0.0,0.0,1.3962633609771729,0.0,0.0,0.0,0.0,0.0,0.0,0.0,0.0
630,3.15,front_right_shoulder_to_arm,7,-0.7902690768241882,-3.18050297209993e-09,-0.7900000214576721,0.0,0.0,0.006445883307605982,0.006445883307605982,0.0,0.0,0.0,1.3962633609771729,0.0,0.0,0.0,0.0,0.0,0.0,0.0,0.0
630,3.15,front_right_arm_to_hand,11,1.5,-6.289000986647864e-10,1.5,0.0,0.0,1.7031539512046834e-09,1.7031539512046834e-09,0.0,0.0,0.0,1.3962633609771729,0.0,0.0,0.0,0.0,0.0,0.0,0.0,0.0
631,3.1550000000000002,base_to_front_right_shoulder,3,0.2929132580757141,1.1763379573822021,0.3490658402442932,0.0,0.0,-0.9664433002471924,-0.9664433002471924,0.0,0.0,0.0,1.3962633609771729,0.0,0.0,0.0,0.0,0.0,0.0,0.0,0.0
631,3.1550000000000002,front_right_shoulder_to_arm,7,-0.7902694940567017,7.080629416122974e-10,-0.7900000214576721,0.0,0.0,0.006457334849983454,0.006457334849983454,0.0,0.0,0.0,1.3962633609771729,0.0,0.0,0.0,0.0,0.0,0.0,0.0,0.0
631,3.1550000000000002,front_right_arm_to_hand,11,1.5,-2.6927109431085228e-09,1.5,0.0,0.0,9.433501757527551e-10,9.433501757527551e-10,0.0,0.0,0.0,1.3962633609771729,0.0,0.0,0.0,0.0,0.0,0.0,0.0,0.0
632,3.16,base_to_front_right_shoulder,3,0.29825204610824585,1.0677679777145386,0.3490658402442932,0.0,0.0,-0.8927087783813477,-0.8927087783813477,0.0,0.0,0.0,1.3962633609771729,0.0,0.0,0.0,0.0,0.0,0.0,0.0,0.0
632,3.16,front_right_shoulder_to_arm,7,-0.7902699112892151,-2.1501520564015664e-09,-0.7900000214576721,0.0,0.0,0.0064673409797251225,0.0064673409797251225,0.0,0.0,0.0,1.3962633609771729,0.0,0.0,0.0,0.0,0.0,0.0,0.0,0.0
632,3.16,front_right_arm_to_hand,11,1.5,-7.555250869373253e-10,1.5,0.0,0.0,4.039066414662784e-09,4.039066414662784e-09,0.0,0.0,0.0,1.3962633609771729,0.0,0.0,0.0,0.0,0.0,0.0,0.0,0.0
633,3.165,base_to_front_right_shoulder,3,0.3030734360218048,0.9642752408981323,0.3490658402442932,0.0,0.0,-0.8143773078918457,-0.8143773078918457,0.0,0.0,0.0,1.3962633609771729,0.0,0.0,0.0,0.0,0.0,0.0,0.0,0.0
633,3.165,front_right_shoulder_to_arm,7,-0.7902703285217285,-1.940321681104251e-09,-0.7900000214576721,0.0,0.0,0.006477360147982836,0.006477360147982836,0.0,0.0,0.0,1.3962633609771729,0.0,0.0,0.0,0.0,0.0,0.0,0.0,0.0
633,3.165,front_right_arm_to_hand,11,1.5,1.4106223966692255e-09,1.5,0.0,0.0,1.1332876859171392e-09,1.1332876859171392e-09,0.0,0.0,0.0,1.3962633609771729,0.0,0.0,0.0,0.0,0.0,0.0,0.0,0.0
634,3.17,base_to_front_right_shoulder,3,0.3074038326740265,0.8660910725593567,0.3490658402442932,0.0,0.0,-0.7327480316162109,-0.7327480316162109,0.0,0.0,0.0,1.3962633609771729,0.0,0.0,0.0,0.0,0.0,0.0,0.0,0.0
634,3.17,front_right_shoulder_to_arm,7,-0.7902707457542419,-7.681038027840259e-10,-0.7900000214576721,0.0,0.0,0.006487373262643814,0.006487373262643814,0.0,0.0,0.0,1.3962633609771729,0.0,0.0,0.0,0.0,0.0,0.0,0.0,0.0
634,3.17,front_right_arm_to_hand,11,1.5,1.8696877379653642e-11,1.5,0.0,0.0,-2.1159336505149895e-09,-2.1159336505149895e-09,0.0,0.0,0.0,1.3962633609771729,0.0,0.0,0.0,0.0,0.0,0.0,0.0,0.0
635,3.1750000000000003,base_to_front_right_shoulder,3,0.3112706243991852,0.7733694911003113,0.3490658402442932,0.0,0.0,-0.6489700078964233,-0.6489700078964233,0.0,0.0,0.0,1.3962633609771729,0.0,0.0,0.0,0.0,0.0,0.0,0.0,0.0
635,3.1750000000000003,front_right_shoulder_to_arm,7,-0.7902711629867554,-3.977689289058617e-10,-0.7900000214576721,0.0,0.0,0.006497384514659643,0.006497384514659643,0.0,0.0,0.0,1.3962633609771729,0.0,0.0,0.0,0.0,0.0,0.0,0.0,0.0
635,3.1750000000000003,front_right_arm_to_hand,11,1.5,-3.64111296669023e-10,1.5,0.0,0.0,-2.8045316069480464e-11,-2.8045316069480464e-11,0.0,0.0,0.0,1.3962633609771729,0.0,0.0,0.0,0.0,0.0,0.0,0.0,0.0
636,3.18,base_to_front_right_shoulder,3,0.3147015869617462,0.6861961483955383,0.3490658402442932,0.0,0.0,-0.5640633702278137,-0.5640633702278137,0.0,0.0,0.0,1.3962633609771729,0.0,0.0,0.0,0.0,0.0,0.0,0.0,0.0
636,3.18,front_right_shoulder_to_arm,7,-0.7902715802192688,7.889795483606576e-10,-0.7900000214576721,0.0,0.0,0.0065073976293206215,0.0065073976293206215,0.0,0.0,0.0,1.3962633609771729,0.0,0.0,0.0,0.0,0.0,0.0,0.0,0.0
636,3.18,front_right_arm_to_hand,11,1.5,2.0262047595309696e-10,1.5,0.0,0.0,5.461669450035345e-10,5.461669450035345e-10,0.0,0.0,0.0,1.3962633609771729,0.0,0.0,0.0,0.0,0.0,0.0,0.0,0.0
637,3.185,base_to_front_right_shoulder,3,0.3177245855331421,0.6045964360237122,0.3490658402442932,0.0,0.0,-0.47892171144485474,-0.47892171144485474,0.0,0.0,0.0,1.3962633609771729,0.0,0.0,0.0,0.0,0.0,0.0,0.0,0.0
637,3.185,front_right_shoulder_to_arm,7,-0.7902719378471375,7.92766741142259e-10,-0.7900000214576721,0.0,0.0,0.006517408881336451,0.006517408881336451,0.0,0.0,0.0,1.3962633609771729,0.0,0.0,0.0,0.0,0.0,0.0,0.0,0.0
637,3.185,front_right_arm_to_hand,11,1.5,-1.127352877716703e-09,1.5,0.0,0.0,-3.0393071392964544e-10,-3.0393071392964544e-10,0.0,0.0,0.0,1.3962633609771729,0.0,0.0,0.0,0.0,0.0,0.0,0.0,0.0
638,3.19,base_to_front_right_shoulder,3,0.32036730647087097,0.5285437107086182,0.3490658402442932,0.0,0.0,-0.3943202495574951,-0.3943202495574951,0.0,0.0,0.0,1.3962633609771729,0.0,0.0,0.0,0.0,0.0,0.0,0.0,0.0
638,3.19,front_right_shoulder_to_arm,7,-0.7902722954750061,2.1616131107293768e-10,-0.7900000214576721,0.0,0.0,0.006525991950184107,0.006525991950184107,0.0,0.0,0.0,1.3962633609771729,0.0,0.0,0.0,0.0,0.0,0.0,0.0,0.0
638,3.19,front_right_arm_to_hand,11,1.5,1.4148898719312797e-09,1.5,0.0,0.0,1.6910293165750545e-09,1.6910293165750545e-09,0.0,0.0,0.0,1.3962633609771729,0.0,0.0,0.0,0.0,0.0,0.0,0.0,0.0
639,3.1950000000000003,base_to_front_right_shoulder,3,0.3226570785045624,0.45796629786491394,0.3490658402442932,0.0,0.0,-0.31092554330825806,-0.31092554330825806,0.0,0.0,0.0,1.3962633609771729,0.0,0.0,0.0,0.0,0.0,0.0,0.0,0.0
639,3.1950000000000003,front_right_shoulder_to_arm,7,-0.7902726531028748,-1.9261605643805524e-09,-0.7900000214576721,0.0,0.0,0.006534575950354338,0.006534575950354338,0.0,0.0,0.0,1.3962633609771729,0.0,0.0,0.0,0.0,0.0,0.0,0.0,0.0
639,3.1950000000000003,front_right_arm_to_hand,11,1.5,8.776734339299708e-10,1.5,0.0,0.0,-2.1223347523857683e-09,-2.1223347523857683e-09,0.0,0.0,0.0,1.3962633609771729,0.0,0.0,0.0,0.0,0.0,0.0,0.0,0.0
640,3.2,base_to_front_right_shoulder,3,0.3246208131313324,0.39275410771369934,0.3490658402442932,0.0,0.0,-0.22930479049682617,-0.22930479049682617,0.0,0.0,0.0,1.3962633609771729,0.0,0.0,0.0,0.0,0.0,0.0,0.0,0.0
640,3.2,front_right_shoulder_to_arm,7,-0.7902730107307434,-8.611209523223806e-10,-0.7900000214576721,0.0,0.0,0.00654316321015358,0.00654316321015358,0.0,0.0,0.0,1.3962633609771729,0.0,0.0,0.0,0.0,0.0,0.0,0.0,0.0
640,3.2,front_right_arm_to_hand,11,1.5,-1.9369006398761712e-10,1.5,0.0,0.0,-1.3165101231393805e-09,-1.3165101231393805e-09,0.0,0.0,0.0,1.3962633609771729,0.0,0.0,0.0,0.0,0.0,0.0,0.0,0.0
641,3.205,base_to_front_right_shoulder,3,0.32628461718559265,0.3327646851539612,0.3490658402442932,0.0,0.0,-0.14993751049041748,-0.14993751049041748,0.0,0.0,0.0,1.3962633609771729,0.0,0.0,0.0,0.0,0.0,0.0,0.0,0.0
641,3.205,front_right_shoulder_to_arm,7,-0.7902733683586121,-4.0458303374180105e-09,-0.7900000214576721,0.0,0.0,0.006551743950694799,0.006551743950694799,0.0,0.0,0.0,1.3962633609771729,0.0,0.0,0.0,0.0,0.0,0.0,0.0,0.0
641,3.205,front_right_arm_to_hand,11,1.5,1.3361095563269032e-09,1.5,0.0,0.0,2.905350959814257e-10,2.905350959814257e-10,0.0,0.0,0.0,1.3962633609771729,0.0,0.0,0.0,0.0,0.0,0.0,0.0,0.0
642,3.21,base_to_front_right_shoulder,3,0.3276737630367279,0.27782872319221497,0.3490658402442932,0.0,0.0,-0.07321757078170776,-0.07321757078170776,0.0,0.0,0.0,1.3962633609771729,0.0,0.0,0.0,0.0,0.0,0.0,0.0,0.0
642,3.21,front_right_shoulder_to_arm,7,-0.7902737259864807,-1.141238215041085e-09,-0.7900000214576721,0.0,0.0,0.006560333073139191,0.006560333073139191,0.0,0.0,0.0,1.3962633609771729,0.0,0.0,0.0,0.0,0.0,0.0,0.0,0.0
642,3.21,front_right_arm_to_hand,11,1.5,-1.4537759884802881e-09,1.5,0.0,0.0,-2.004164390001506e-09,-2.004164390001506e-09,0.0,0.0,0.0,1.3962633609771729,0.0,0.0,0.0,0.0,0.0,0.0,0.0,0.0
643,3.215,base_to_front_right_shoulder,3,0.3288125693798065,0.2277553677558899,0.3490658402442932,0.0,0.0,0.0005365610122680664,0.0005365610122680664,0.0,0.0,0.0,1.3962633609771729,0.0,0.0,0.0,0.0,0.0,0.0,0.0,0.0
643,3.215,front_right_shoulder_to_arm,7,-0.7902740836143494,-2.1063399913145986e-09,-0.7900000214576721,0.0,0.0,0.0065689110197126865,0.0065689110197126865,0.0,0.0,0.0,1.3962633609771729,0.0,0.0,0.0,0.0,0.0,0.0,0.0,0.0
643,3.215,front_right_arm_to_hand,11,1.5,1.5061092373258589e-09,1.5,0.0,0.0,2.1806640937427346e-09,2.1806640937427346e-09,0.0,0.0,0.0,1.3962633609771729,0.0,0.0,0.0,0.0,0.0,0.0,0.0,0.0
644,3.22,base_to_front_right_shoulder,3,0.3297242522239685,0.1823364496231079,0.3490658402442932,0.0,0.0,0.07107430696487427,0.07107430696487427,0.0,0.0,0.0,1.3962633609771729,0.0,0.0,0.0,0.0,0.0,0.0,0.0,0.0
644,3.22,front_right_shoulder_to_arm,7,-0.790274441242218,-8.608012080912886e-10,-0.7900000214576721,0.0,0.0,0.006577495485544205,0.006577495485544205,0.0,0.0,0.0,1.3962633609771729,0.0,0.0,0.0,0.0,0.0,0.0,0.0,0.0
644,3.22,front_right_arm_to_hand,11,1.5,-4.285818921978546e-10,1.5,0.0,0.0,-2.2591639670110908e-09,-2.2591639670110908e-09,0.0,0.0,0.0,1.3962633609771729,0.0,0.0,0.0,0.0,0.0,0.0,0.0,0.0
645,3.225,base_to_front_right_shoulder,3,0.3304310142993927,0.14135093986988068,0.3490658402442932,0.0,0.0,0.13820838928222656,0.13820838928222656,0.0,0.0,0.0,1.3962633609771729,0.0,0.0,0.0,0.0,0.0,0.0,0.0,0.0
645,3.225,front_right_shoulder_to_arm,7,-0.7902747988700867,4.761631089422735e-10,-0.7900000214576721,0.0,0.0,0.006586076226085424,0.006586076226085424,0.0,0.0,0.0,1.3962633609771729,0.0,0.0,0.0,0.0,0.0,0.0,0.0,0.0
645,3.225,front_right_arm_to_hand,11,1.5,-5.108125034070099e-10,1.5,0.0,0.0,6.428728660523575e-10,6.428728660523575e-10,0.0,0.0,0.0,1.3962633609771729,0.0,0.0,0.0,0.0,0.0,0.0,0.0,0.0
646,3.23,base_to_front_right_shoulder,3,0.3309538662433624,0.10456833243370056,0.3490658402442932,0.0,0.0,0.20180359482765198,0.20180359482765198,0.0,0.0,0.0,1.3962633609771729,0.0,0.0,0.0,0.0,0.0,0.0,0.0,0.0
646,3.23,front_right_shoulder_to_arm,7,-0.7902751564979553,-2.3446347086064634e-09,-0.7900000214576721,0.0,0.0,0.006594656966626644,0.006594656966626644,0.0,0.0,0.0,1.3962633609771729,0.0,0.0,0.0,0.0,0.0,0.0,0.0,0.0
646,3.23,front_right_arm_to_hand,11,1.5,3.0669300432606406e-10,1.5,0.0,0.0,7.662187551105148e-10,7.662187551105148e-10,0.0,0.0,0.0,1.3962633609771729,0.0,0.0,0.0,0.0,0.0,0.0,0.0,0.0
647,3.235,base_to_front_right_shoulder,3,0.3313125669956207,0.07175203412771225,0.3490658402442932,0.0,0.0,0.2617746591567993,0.2617746591567993,0.0,0.0,0.0,1.3962633609771729,0.0,0.0,0.0,0.0,0.0,0.0,0.0,0.0
647,3.235,front_right_shoulder_to_arm,7,-0.790275514125824,9.585221505403752e-12,-0.7900000214576721,0.0,0.0,0.006603245157748461,0.006603245157748461,0.0,0.0,0.0,1.3962633609771729,0.0,0.0,0.0,0.0,0.0,0.0,0.0,0.0
647,3.235,front_right_arm_to_hand,11,1.5,-6.583567024875947e-11,1.5,0.0,0.0,-4.600395064890961e-10,-4.600395064890961e-10,0.0,0.0,0.0,1.3962633609771729,0.0,0.0,0.0,0.0,0.0,0.0,0.0,0.0
648,3.24,base_to_front_right_shoulder,3,0.3315258324146271,0.042662363499403,0.3490658402442932,0.0,0.0,0.3180810213088989,0.3180810213088989,0.0,0.0,0.0,1.3962633609771729,0.0,0.0,0.0,0.0,0.0,0.0,0.0,0.0
648,3.24,front_right_shoulder_to_arm,7,-0.7902758717536926,-1.5601955283273128e-09,-0.7900000214576721,0.0,0.0,0.006611824035644531,0.006611824035644531,0.0,0.0,0.0,1.3962633609771729,0.0,0.0,0.0,0.0,0.0,0.0,0.0,0.0
648,3.24,front_right_arm_to_hand,11,1.5,1.2566685470005723e-09,1.5,0.0,0.0,9.87535053731392e-11,9.87535053731392e-11,0.0,0.0,0.0,1.3962633609771729,0.0,0.0,0.0,0.0,0.0,0.0,0.0,0.0
649,3.245,base_to_front_right_shoulder,3,0.3316110670566559,0.017058756202459335,0.3490658402442932,0.0,0.0,0.370715469121933,0.370715469121933,0.0,0.0,0.0,1.3962633609771729,0.0,0.0,0.0,0.0,0.0,0.0,0.0,0.0
649,3.245,front_right_shoulder_to_arm,7,-0.7902762293815613,-8.021387998269347e-10,-0.7900000214576721,0.0,0.0,0.006620409898459911,0.006620409898459911,0.0,0.0,0.0,1.3962633609771729,0.0,0.0,0.0,0.0,0.0,0.0,0.0,0.0
649,3.245,front_right_arm_to_hand,11,1.5,-2.517591690676113e-10,1.5,0.0,0.0,-1.8850028205008584e-09,-1.8850028205008584e-09,0.0,0.0,0.0,1.3962633609771729,0.0,0.0,0.0,0.0,0.0,0.0,0.0,0.0
650,3.25,base_to_front_right_shoulder,3,0.3316105306148529,-8.637570658720506e-10,0.3490658402442932,0.0,0.0,0.4197065830230713,0.4197065830230713,0.0,0.0,0.0,1.3962633609771729,0.0,0.0,0.0,0.0,0.0,0.0,0.0,0.0
650,3.25,front_right_shoulder_to_arm,7,-0.7902765870094299,-2.017770839302102e-09,-0.7900000214576721,0.0,0.0,0.006628991570323706,0.006628991570323706,0.0,0.0,0.0,1.3962633609771729,0.0,0.0,0.0,0.0,0.0,0.0,0.0,0.0
650,3.25,front_right_arm_to_hand,11,1.5,9.41736133519555e-10,1.5,0.0,0.0,3.7763875360141697e-10,3.7763875360141697e-10,0.0,0.0,0.0,1.3962633609771729,0.0,0.0,0.0,0.0,0.0,0.0,0.0,0.0
651,3.255,base_to_front_right_shoulder,3,0.3315100371837616,-0.020093193277716637,0.3490658402442932,0.0,0.0,0.453838050365448,0.453838050365448,0.0,0.0,0.0,1.3962633609771729,0.0,0.0,0.0,0.0,0.0,0.0,0.0,0.0
651,3.255,front_right_shoulder_to_arm,7,-0.7902769446372986,-2.5165221018141892e-09,-0.7900000214576721,0.0,0.0,0.0066375769674777985,0.0066375769674777985,0.0,0.0,0.0,1.3962633609771729,0.0,0.0,0.0,0.0,0.0,0.0,0.0,0.0
651,3.255,front_right_arm_to_hand,11,1.5,-2.8850910549493847e-10,1.5,0.0,0.0,-1.4126042557904839e-09,-1.4126042557904839e-09,0.0,0.0,0.0,1.3962633609771729,0.0,0.0,0.0,0.0,0.0,0.0,0.0,0.0
652,3.2600000000000002,base_to_front_right_shoulder,3,0.3313233256340027,-0.037346187978982925,0.3490658402442932,0.0,0.0,0.4966372549533844,0.4966372549533844,0.0,0.0,0.0,1.3962633609771729,0.0,0.0,0.0,0.0,0.0,0.0,0.0,0.0
652,3.2600000000000002,front_right_shoulder_to_arm,7,-0.7902773022651672,-5.633822297568258e-10,-0.7900000214576721,0.0,0.0,0.006646160967648029,0.006646160967648029,0.0,0.0,0.0,1.3962633609771729,0.0,0.0,0.0,0.0,0.0,0.0,0.0,0.0
652,3.2600000000000002,front_right_arm_to_hand,11,1.5,-9.464669048497854e-10,1.5,0.0,0.0,4.327636582424077e-10,4.327636582424077e-10,0.0,0.0,0.0,1.3962633609771729,0.0,0.0,0.0,0.0,0.0,0.0,0.0,0.0
653,3.265,base_to_front_right_shoulder,3,0.3310634195804596,-0.051985301077365875,0.3490658402442932,0.0,0.0,0.535997748374939,0.535997748374939,0.0,0.0,0.0,1.3962633609771729,0.0,0.0,0.0,0.0,0.0,0.0,0.0,0.0
653,3.265,front_right_shoulder_to_arm,7,-0.7902776598930359,-5.329354735295055e-10,-0.7900000214576721,0.0,0.0,0.006654740311205387,0.006654740311205387,0.0,0.0,0.0,1.3962633609771729,0.0,0.0,0.0,0.0,0.0,0.0,0.0,0.0
653,3.265,front_right_arm_to_hand,11,1.5,-7.278079805494997e-10,1.5,0.0,0.0,1.419700357274678e-09,1.419700357274678e-09,0.0,0.0,0.0,1.3962633609771729,0.0,0.0,0.0,0.0,0.0,0.0,0.0,0.0
654,3.27,base_to_front_right_shoulder,3,0.3307422697544098,-0.06422953307628632,0.3490658402442932,0.0,0.0,0.5720335245132446,0.5720335245132446,0.0,0.0,0.0,1.3962633609771729,0.0,0.0,0.0,0.0,0.0,0.0,0.0,0.0
654,3.27,front_right_shoulder_to_arm,7,-0.7902780175209045,-6.141789299363154e-10,-0.7900000214576721,0.0,0.0,0.006663323380053043,0.006663323380053043,0.0,0.0,0.0,1.3962633609771729,0.0,0.0,0.0,0.0,0.0,0.0,0.0,0.0
654,3.27,front_right_arm_to_hand,11,1.5,4.0395362055356543e-10,1.5,0.0,0.0,1.091711943068674e-09,1.091711943068674e-09,0.0,0.0,0.0,1.3962633609771729,0.0,0.0,0.0,0.0,0.0,0.0,0.0,0.0
655,3.275,base_to_front_right_shoulder,3,0.33037081360816956,-0.07428966462612152,0.3490658402442932,0.0,0.0,0.6048718690872192,0.6048718690872192,0.0,0.0,0.0,1.3962633609771729,0.0,0.0,0.0,0.0,0.0,0.0,0.0,0.0
655,3.275,front_right_shoulder_to_arm,7,-0.7902783751487732,1.9877433032888803e-10,-0.7900000214576721,0.0,0.0,0.0066719064489007,0.0066719064489007,0.0,0.0,0.0,1.3962633609771729,0.0,0.0,0.0,0.0,0.0,0.0,0.0,0.0
655,3.275,front_right_arm_to_hand,11,1.5,-1.4570089579279966e-09,1.5,0.0,0.0,-6.059304169525603e-10,-6.059304169525603e-10,0.0,0.0,0.0,1.3962633609771729,0.0,0.0,0.0,0.0,0.0,0.0,0.0,0.0
656,3.2800000000000002,base_to_front_right_shoulder,3,0.3299589455127716,-0.08236762881278992,0.3490658402442932,0.0,0.0,0.6346499919891357,0.6346499919891357,0.0,0.0,0.0,1.3962633609771729,0.0,0.0,0.0,0.0,0.0,0.0,0.0,0.0
656,3.2800000000000002,front_right_shoulder_to_arm,7,-0.7902787327766418,-1.2536887084024784e-09,-0.7900000214576721,0.0,0.0,0.006680488120764494,0.006680488120764494,0.0,0.0,0.0,1.3962633609771729,0.0,0.0,0.0,0.0,0.0,0.0,0.0,0.0
656,3.2800000000000002,front_right_arm_to_hand,11,1.5,-6.88061496667558e-10,1.5,0.0,0.0,2.1855135479142973e-09,2.1855135479142973e-09,0.0,0.0,0.0,1.3962633609771729,0.0,0.0,0.0,0.0,0.0,0.0,0.0,0.0
657,3.285,base_to_front_right_shoulder,3,0.3295156955718994,-0.08865577727556229,0.3490658402442932,0.0,0.0,0.6615145206451416,0.6615145206451416,0.0,0.0,0.0,1.3962633609771729,0.0,0.0,0.0,0.0,0.0,0.0,0.0,0.0
657,3.285,front_right_shoulder_to_arm,7,-0.7902790904045105,-1.8616859165376809e-09,-0.7900000214576721,0.0,0.0,0.006689073983579874,0.006689073983579874,0.0,0.0,0.0,1.3962633609771729,0.0,0.0,0.0,0.0,0.0,0.0,0.0,0.0
657,3.285,front_right_arm_to_hand,11,1.5,3.1176450310255177e-10,1.5,0.0,0.0,1.0320921894901858e-09,1.0320921894901858e-09,0.0,0.0,0.0,1.3962633609771729,0.0,0.0,0.0,0.0,0.0,0.0,0.0,0.0
658,3.29,base_to_front_right_shoulder,3,0.3290489912033081,-0.09333673864603043,0.3490658402442932,0.0,0.0,0.6856153011322021,0.6856153011322021,0.0,0.0,0.0,1.3962633609771729,0.0,0.0,0.0,0.0,0.0,0.0,0.0,0.0
658,3.29,front_right_shoulder_to_arm,7,-0.7902794480323792,-1.1335288263580878e-09,-0.7900000214576721,0.0,0.0,0.006697657983750105,0.006697657983750105,0.0,0.0,0.0,1.3962633609771729,0.0,0.0,0.0,0.0,0.0,0.0,0.0,0.0
658,3.29,front_right_arm_to_hand,11,1.5,5.690526938550988e-10,1.5,0.0,0.0,-4.676467546538277e-10,-4.676467546538277e-10,0.0,0.0,0.0,1.3962633609771729,0.0,0.0,0.0,0.0,0.0,0.0,0.0,0.0
659,3.295,base_to_front_right_shoulder,3,0.3285660743713379,-0.09658276289701462,0.3490658402442932,0.0,0.0,0.7071115374565125,0.7071115374565125,0.0,0.0,0.0,1.3962633609771729,0.0,0.0,0.0,0.0,0.0,0.0,0.0,0.0
659,3.295,front_right_shoulder_to_arm,7,-0.7902798056602478,-7.248246447488782e-10,-0.7900000214576721,0.0,0.0,0.0067062401212751865,0.0067062401212751865,0.0,0.0,0.0,1.3962633609771729,0.0,0.0,0.0,0.0,0.0,0.0,0.0,0.0
659,3.295,front_right_arm_to_hand,11,1.5,-3.7594732882340054e-10,1.5,0.0,0.0,-8.535790407826482e-10,-8.535790407826482e-10,0.0,0.0,0.0,1.3962633609771729,0.0,0.0,0.0,0.0,0.0,0.0,0.0,0.0
660,3.3000000000000003,base_to_front_right_shoulder,3,0.32807326316833496,-0.09855584055185318,0.3490658402442932,0.0,0.0,0.7261594533920288,0.7261594533920288,0.0,0.0,0.0,1.3962633609771729,0.0,0.0,0.0,0.0,0.0,0.0,0.0,0.0
660,3.3000000000000003,front_right_shoulder_to_arm,7,-0.7902801632881165,-2.2682726807943254e-09,-0.7900000214576721,0.0,0.0,0.006714822258800268,0.006714822258800268,0.0,0.0,0.0,1.3962633609771729,0.0,0.0,0.0,0.0,0.0,0.0,0.0,0.0
660,3.3000000000000003,front_right_arm_to_hand,11,1.5,8.284046781881216e-10,1.5,0.0,0.0,5.639210209906764e-10,5.639210209906764e-10,0.0,0.0,0.0,1.3962633609771729,0.0,0.0,0.0,0.0,0.0,0.0,0.0,0.0
661,3.305,base_to_front_right_shoulder,3,0.32757624983787537,-0.09940756857395172,0.3490658402442932,0.0,0.0,0.7429186701774597,0.7429186701774597,0.0,0.0,0.0,1.3962633609771729,0.0,0.0,0.0,0.0,0.0,0.0,0.0,0.0
661,3.305,front_right_shoulder_to_arm,7,-0.7902805209159851,-2.8194193646413623e-09,-0.7900000214576721,0.0,0.0,0.006723408121615648,0.006723408121615648,0.0,0.0,0.0,1.3962633609771729,0.0,0.0,0.0,0.0,0.0,0.0,0.0,0.0
661,3.305,front_right_arm_to_hand,11,1.5,1.3431034062705294e-09,1.5,0.0,0.0,-1.2426070172821824e-09,-1.2426070172821824e-09,0.0,0.0,0.0,1.3962633609771729,0.0,0.0,0.0,0.0,0.0,0.0,0.0,0.0
662,3.31,base_to_front_right_shoulder,3,0.3270798623561859,-0.09927930682897568,0.3490658402442932,0.0,0.0,0.7575445175170898,0.7575445175170898,0.0,0.0,0.0,1.3962633609771729,0.0,0.0,0.0,0.0,0.0,0.0,0.0,0.0
662,3.31,front_right_shoulder_to_arm,7,-0.7902808785438538,1.8284396219314658e-10,-0.7900000214576721,0.0,0.0,0.006731992121785879,0.006731992121785879,0.0,0.0,0.0,1.3962633609771729,0.0,0.0,0.0,0.0,0.0,0.0,0.0,0.0
662,3.31,front_right_arm_to_hand,11,1.5,6.306357103191829e-10,1.5,0.0,0.0,-2.014655109405794e-09,-2.014655109405794e-09,0.0,0.0,0.0,1.3962633609771729,0.0,0.0,0.0,0.0,0.0,0.0,0.0,0.0
663,3.315,base_to_front_right_shoulder,3,0.32658836245536804,-0.09830208867788315,0.3490658402442932,0.0,0.0,0.7701940536499023,0.7701940536499023,0.0,0.0,0.0,1.3962633609771729,0.0,0.0,0.0,0.0,0.0,0.0,0.0,0.0
663,3.315,front_right_shoulder_to_arm,7,-0.7902812361717224,-1.3319052527549502e-09,-0.7900000214576721,0.0,0.0,0.006740569602698088,0.006740569602698088,0.0,0.0,0.0,1.3962633609771729,0.0,0.0,0.0,0.0,0.0,0.0,0.0,0.0
663,3.315,front_right_arm_to_hand,11,1.5,1.7058257029134438e-09,1.5,0.0,0.0,-9.459535377231987e-10,-9.459535377231987e-10,0.0,0.0,0.0,1.3962633609771729,0.0,0.0,0.0,0.0,0.0,0.0,0.0,0.0
664,3.3200000000000003,base_to_front_right_shoulder,3,0.3261053264141083,-0.09659703075885773,0.3490658402442932,0.0,0.0,0.7810186147689819,0.7810186147689819,0.0,0.0,0.0,1.3962633609771729,0.0,0.0,0.0,0.0,0.0,0.0,0.0,0.0
664,3.3200000000000003,front_right_shoulder_to_arm,7,-0.7902815937995911,-1.1277307976342854e-09,-0.7900000214576721,0.0,0.0,0.006749155465513468,0.006749155465513468,0.0,0.0,0.0,1.3962633609771729,0.0,0.0,0.0,0.0,0.0,0.0,0.0,0.0
664,3.3200000000000003,front_right_arm_to_hand,11,1.5,7.654277212054694e-10,1.5,0.0,0.0,-2.5587385543701657e-09,-2.5587385543701657e-09,0.0,0.0,0.0,1.3962633609771729,0.0,0.0,0.0,0.0,0.0,0.0,0.0,0.0
665,3.325,base_to_front_right_shoulder,3,0.3256339728832245,-0.09427542984485626,0.3490658402442932,0.0,0.0,0.7901674509048462,0.7901674509048462,0.0,0.0,0.0,1.3962633609771729,0.0,0.0,0.0,0.0,0.0,0.0,0.0,0.0
665,3.325,front_right_shoulder_to_arm,7,-0.7902819514274597,-2.3464465925826516e-09,-0.7900000214576721,0.0,0.0,0.006757738068699837,0.006757738068699837,0.0,0.0,0.0,1.3962633609771729,0.0,0.0,0.0,0.0,0.0,0.0,0.0,0.0
665,3.325,front_right_arm_to_hand,11,1.5,-2.8656038653096516e-10,1.5,0.0,0.0,-1.1481415818082041e-09,-1.1481415818082041e-09,0.0,0.0,0.0,1.3962633609771729,0.0,0.0,0.0,0.0,0.0,0.0,0.0,0.0
666,3.33,base_to_front_right_shoulder,3,0.32517680525779724,-0.09143944084644318,0.3490658402442932,0.0,0.0,0.7977794408798218,0.7977794408798218,0.0,0.0,0.0,1.3962633609771729,0.0,0.0,0.0,0.0,0.0,0.0,0.0,0.0
666,3.33,front_right_shoulder_to_arm,7,-0.7902823090553284,-2.029025836236542e-09,-0.7900000214576721,0.0,0.0,0.0067663234658539295,0.0067663234658539295,0.0,0.0,0.0,1.3962633609771729,0.0,0.0,0.0,0.0,0.0,0.0,0.0,0.0
666,3.33,front_right_arm_to_hand,11,1.5,2.10464756733586e-10,1.5,0.0,0.0,4.2984057979644774e-10,4.2984057979644774e-10,0.0,0.0,0.0,1.3962633609771729,0.0,0.0,0.0,0.0,0.0,0.0,0.0,0.0
667,3.335,base_to_front_right_shoulder,3,0.3247358500957489,-0.0881819948554039,0.3490658402442932,0.0,0.0,0.803993821144104,0.803993821144104,0.0,0.0,0.0,1.3962633609771729,0.0,0.0,0.0,0.0,0.0,0.0,0.0,0.0
667,3.335,front_right_shoulder_to_arm,7,-0.790282666683197,4.481037763071072e-10,-0.7900000214576721,0.0,0.0,0.0067749060690402985,0.0067749060690402985,0.0,0.0,0.0,1.3962633609771729,0.0,0.0,0.0,0.0,0.0,0.0,0.0,0.0
667,3.335,front_right_arm_to_hand,11,1.5,-7.236847232583443e-11,1.5,0.0,0.0,-3.15697135100379e-10,-3.15697135100379e-10,0.0,0.0,0.0,1.3962633609771729,0.0,0.0,0.0,0.0,0.0,0.0,0.0,0.0
668,3.34,base_to_front_right_shoulder,3,0.32431289553642273,-0.08458727598190308,0.3490658402442932,0.0,0.0,0.8089437484741211,0.8089437484741211,0.0,0.0,0.0,1.3962633609771729,0.0,0.0,0.0,0.0,0.0,0.0,0.0,0.0
668,3.34,front_right_shoulder_to_arm,7,-0.7902830243110657,-1.1804743849097576e-09,-0.7900000214576721,0.0,0.0,0.006783484481275082,0.006783484481275082,0.0,0.0,0.0,1.3962633609771729,0.0,0.0,0.0,0.0,0.0,0.0,0.0,0.0
668,3.34,front_right_arm_to_hand,11,1.5,-3.553768390673895e-10,1.5,0.0,0.0,1.0855270848875165e-10,1.0855270848875165e-10,0.0,0.0,0.0,1.3962633609771729,0.0,0.0,0.0,0.0,0.0,0.0,0.0,0.0
669,3.345,base_to_front_right_shoulder,3,0.3239092528820038,-0.08073139935731888,0.3490658402442932,0.0,0.0,0.8127511143684387,0.8127511143684387,0.0,0.0,0.0,1.3962633609771729,0.0,0.0,0.0,0.0,0.0,0.0,0.0,0.0
669,3.345,front_right_shoulder_to_arm,7,-0.7902833819389343,-6.289013754212647e-10,-0.7900000214576721,0.0,0.0,0.006792070809751749,0.006792070809751749,0.0,0.0,0.0,1.3962633609771729,0.0,0.0,0.0,0.0,0.0,0.0,0.0,0.0
669,3.345,front_right_arm_to_hand,11,1.5,9.345016982464927e-10,1.5,0.0,0.0,5.330652586010842e-10,5.330652586010842e-10,0.0,0.0,0.0,1.3962633609771729,0.0,0.0,0.0,0.0,0.0,0.0,0.0,0.0
670,3.35,base_to_front_right_shoulder,3,0.3235258460044861,-0.07668265700340271,0.3490658402442932,0.0,0.0,0.8155340552330017,0.8155340552330017,0.0,0.0,0.0,1.3962633609771729,0.0,0.0,0.0,0.0,0.0,0.0,0.0,0.0
670,3.35,front_right_shoulder_to_arm,7,-0.790283739566803,-3.16184411985887e-09,-0.7900000214576721,0.0,0.0,0.006800652481615543,0.006800652481615543,0.0,0.0,0.0,1.3962633609771729,0.0,0.0,0.0,0.0,0.0,0.0,0.0,0.0
670,3.35,front_right_arm_to_hand,11,1.5,1.6224213084115036e-09,1.5,0.0,0.0,-1.4017524918585877e-09,-1.4017524918585877e-09,0.0,0.0,0.0,1.3962633609771729,0.0,0.0,0.0,0.0,0.0,0.0,0.0,0.0
671,3.355,base_to_front_right_shoulder,3,0.32316333055496216,-0.07250198721885681,0.3490658402442932,0.0,0.0,0.8174051642417908,0.8174051642417908,0.0,0.0,0.0,1.3962633609771729,0.0,0.0,0.0,0.0,0.0,0.0,0.0,0.0
671,3.355,front_right_shoulder_to_arm,7,-0.7902840971946716,4.765894345837296e-10,-0.7900000214576721,0.0,0.0,0.00680924067273736,0.00680924067273736,0.0,0.0,0.0,1.3962633609771729,0.0,0.0,0.0,0.0,0.0,0.0,0.0,0.0
671,3.355,front_right_arm_to_hand,11,1.5,1.0679559458992571e-09,1.5,0.0,0.0,-2.4336319626172553e-09,-2.4336319626172553e-09,0.0,0.0,0.0,1.3962633609771729,0.0,0.0,0.0,0.0,0.0,0.0,0.0,0.0
672,3.36,base_to_front_right_shoulder,3,0.32282212376594543,-0.06824329495429993,0.3490658402442932,0.0,0.0,0.818469226360321,0.818469226360321,0.0,0.0,0.0,1.3962633609771729,0.0,0.0,0.0,0.0,0.0,0.0,0.0,0.0
672,3.36,front_right_shoulder_to_arm,7,-0.7902844548225403,-2.694321210583439e-09,-0.7900000214576721,0.0,0.0,0.006817816756665707,0.006817816756665707,0.0,0.0,0.0,1.3962633609771729,0.0,0.0,0.0,0.0,0.0,0.0,0.0,0.0
672,3.36,front_right_arm_to_hand,11,1.5,2.0797186195409267e-09,1.5,0.0,0.0,-1.6019339188488857e-09,-1.6019339188488857e-09,0.0,0.0,0.0,1.3962633609771729,0.0,0.0,0.0,0.0,0.0,0.0,0.0,0.0
673,3.365,base_to_front_right_shoulder,3,0.32250237464904785,-0.06395410001277924,0.3490658402442932,0.0,0.0,0.8188232183456421,0.8188232183456421,0.0,0.0,0.0,1.3962633609771729,0.0,0.0,0.0,0.0,0.0,0.0,0.0,0.0
673,3.365,front_right_shoulder_to_arm,7,-0.7902848124504089,3.97264443563472e-11,-0.7900000214576721,0.0,0.0,0.006826405879110098,0.006826405879110098,0.0,0.0,0.0,1.3962633609771729,0.0,0.0,0.0,0.0,0.0,0.0,0.0,0.0
673,3.365,front_right_arm_to_hand,11,1.5,1.9207013757238656e-10,1.5,0.0,0.0,-3.11957792931139e-09,-3.11957792931139e-09,0.0,0.0,0.0,1.3962633609771729,0.0,0.0,0.0,0.0,0.0,0.0,0.0,0.0
674,3.37,base_to_front_right_shoulder,3,0.32220399379730225,-0.059675879776477814,0.3490658402442932,0.0,0.0,0.8185583353042603,0.8185583353042603,0.0,0.0,0.0,1.3962633609771729,0.0,0.0,0.0,0.0,0.0,0.0,0.0,0.0
674,3.37,front_right_shoulder_to_arm,7,-0.7902851700782776,-7.739515694993315e-10,-0.7900000214576721,0.0,0.0,0.006834983825683594,0.006834983825683594,0.0,0.0,0.0,1.3962633609771729,0.0,0.0,0.0,0.0,0.0,0.0,0.0,0.0
674,3.37,front_right_arm_to_hand,11,1.5,2.8623803327576525e-10,1.5,0.0,0.0,-2.8810520635857984e-10,-2.8810520635857984e-10,0.0,0.0,0.0,1.3962633609771729,0.0,0.0,0.0,0.0,0.0,0.0,0.0,0.0
675,3.375,base_to_front_right_shoulder,3,0.32192671298980713,-0.05544445291161537,0.3490658402442932,0.0,0.0,0.8177597522735596,0.8177597522735596,0.0,0.0,0.0,1.3962633609771729,0.0,0.0,0.0,0.0,0.0,0.0,0.0,0.0
675,3.375,front_right_shoulder_to_arm,7,-0.7902855277061462,-1.3577263757724722e-09,-0.7900000214576721,0.0,0.0,0.006843568291515112,0.006843568291515112,0.0,0.0,0.0,1.3962633609771729,0.0,0.0,0.0,0.0,0.0,0.0,0.0,0.0
675,3.375,front_right_arm_to_hand,11,1.5,4.3478617928194296e-10,1.5,0.0,0.0,-4.2935704991364787e-10,-4.2935704991364787e-10,0.0,0.0,0.0,1.3962633609771729,0.0,0.0,0.0,0.0,0.0,0.0,0.0,0.0
676,3.38,base_to_front_right_shoulder,3,0.321670264005661,-0.05129046365618706,0.3490658402442932,0.0,0.0,0.8165062069892883,0.8165062069892883,0.0,0.0,0.0,1.3962633609771729,0.0,0.0,0.0,0.0,0.0,0.0,0.0,0.0
676,3.38,front_right_shoulder_to_arm,7,-0.7902858853340149,-1.1527347965056833e-09,-0.7900000214576721,0.0,0.0,0.006852152291685343,0.006852152291685343,0.0,0.0,0.0,1.3962633609771729,0.0,0.0,0.0,0.0,0.0,0.0,0.0,0.0
676,3.38,front_right_arm_to_hand,11,1.5,-1.0473113487563523e-09,1.5,0.0,0.0,-6.521792550451266e-10,-6.521792550451266e-10,0.0,0.0,0.0,1.3962633609771729,0.0,0.0,0.0,0.0,0.0,0.0,0.0,0.0
677,3.3850000000000002,base_to_front_right_shoulder,3,0.3214340806007385,-0.04723995551466942,0.3490658402442932,0.0,0.0,0.8148658871650696,0.8148658871650696,0.0,0.0,0.0,1.3962633609771729,0.0,0.0,0.0,0.0,0.0,0.0,0.0,0.0
677,3.3850000000000002,front_right_shoulder_to_arm,7,-0.7902862429618835,-1.2973586649422941e-09,-0.7900000214576721,0.0,0.0,0.006860735360532999,0.006860735360532999,0.0,0.0,0.0,1.3962633609771729,0.0,0.0,0.0,0.0,0.0,0.0,0.0,0.0
677,3.3850000000000002,front_right_arm_to_hand,11,1.5,1.2543548422172535e-09,1.5,0.0,0.0,1.5709670231345285e-09,1.5709670231345285e-09,0.0,0.0,0.0,1.3962633609771729,0.0,0.0,0.0,0.0,0.0,0.0,0.0,0.0
678,3.39,base_to_front_right_shoulder,3,0.32121747732162476,-0.043314531445503235,0.3490658402442932,0.0,0.0,0.8129056692123413,0.8129056692123413,0.0,0.0,0.0,1.3962633609771729,0.0,0.0,0.0,0.0,0.0,0.0,0.0,0.0
678,3.39,front_right_shoulder_to_arm,7,-0.7902866005897522,-3.102236689755955e-09,-0.7900000214576721,0.0,0.0,0.006869318429380655,0.006869318429380655,0.0,0.0,0.0,1.3962633609771729,0.0,0.0,0.0,0.0,0.0,0.0,0.0,0.0
678,3.39,front_right_arm_to_hand,11,1.5,1.1862122395456254e-09,1.5,0.0,0.0,-1.88153226332588e-09,-1.88153226332588e-09,0.0,0.0,0.0,1.3962633609771729,0.0,0.0,0.0,0.0,0.0,0.0,0.0,0.0
679,3.395,base_to_front_right_shoulder,3,0.32101982831954956,-0.039531782269477844,0.3490658402442932,0.0,0.0,0.810686469078064,0.810686469078064,0.0,0.0,0.0,1.3962633609771729,0.0,0.0,0.0,0.0,0.0,0.0,0.0,0.0
679,3.395,front_right_shoulder_to_arm,7,-0.7902869582176208,-6.578275701940584e-10,-0.7900000214576721,0.0,0.0,0.006877904757857323,0.006877904757857323,0.0,0.0,0.0,1.3962633609771729,0.0,0.0,0.0,0.0,0.0,0.0,0.0,0.0
679,3.395,front_right_arm_to_hand,11,1.5,1.805500970952778e-09,1.5,0.0,0.0,-1.779318359318438e-09,-1.779318359318438e-09,0.0,0.0,0.0,1.3962633609771729,0.0,0.0,0.0,0.0,0.0,0.0,0.0,0.0
680,3.4,base_to_front_right_shoulder,3,0.3208402991294861,-0.0359058752655983,0.3490658402442932,0.0,0.0,0.8082598447799683,0.8082598447799683,0.0,0.0,0.0,1.3962633609771729,0.0,0.0,0.0,0.0,0.0,0.0,0.0,0.0
680,3.4,front_right_shoulder_to_arm,7,-0.7902873158454895,-2.2095036911196075e-10,-0.7900000214576721,0.0,0.0,0.006886483635753393,0.006886483635753393,0.0,0.0,0.0,1.3962633609771729,0.0,0.0,0.0,0.0,0.0,0.0,0.0,0.0
680,3.4,front_right_arm_to_hand,11,1.5,6.712836952971202e-10,1.5,0.0,0.0,-2.708251400918016e-09,-2.708251400918016e-09,0.0,0.0,0.0,1.3962633609771729,0.0,0.0,0.0,0.0,0.0,0.0,0.0,0.0
681,3.4050000000000002,base_to_front_right_shoulder,3,0.32067805528640747,-0.03244761377573013,0.3490658402442932,0.0,0.0,0.8056758046150208,0.8056758046150208,0.0,0.0,0.0,1.3962633609771729,0.0,0.0,0.0,0.0,0.0,0.0,0.0,0.0
681,3.4050000000000002,front_right_shoulder_to_arm,7,-0.7902876734733582,5.344844566934626e-10,-0.7900000214576721,0.0,0.0,0.006895065773278475,0.006895065773278475,0.0,0.0,0.0,1.3962633609771729,0.0,0.0,0.0,0.0,0.0,0.0,0.0,0.0
681,3.4050000000000002,front_right_arm_to_hand,11,1.5,-6.461825519110675e-10,1.5,0.0,0.0,-1.0069255429456803e-09,-1.0069255429456803e-09,0.0,0.0,0.0,1.3962633609771729,0.0,0.0,0.0,0.0,0.0,0.0,0.0,0.0
682,3.41,base_to_front_right_shoulder,3,0.3205322325229645,-0.029164908453822136,0.3490658402442932,0.0,0.0,0.8029776215553284,0.8029776215553284,0.0,0.0,0.0,1.3962633609771729,0.0,0.0,0.0,0.0,0.0,0.0,0.0,0.0
682,3.41,front_right_shoulder_to_arm,7,-0.7902880311012268,-1.1836860380753933e-09,-0.7900000214576721,0.0,0.0,0.006903647445142269,0.006903647445142269,0.0,0.0,0.0,1.3962633609771729,0.0,0.0,0.0,0.0,0.0,0.0,0.0,0.0
682,3.41,front_right_arm_to_hand,11,1.5,-8.220141234360767e-10,1.5,0.0,0.0,9.6927377235545e-10,9.6927377235545e-10,0.0,0.0,0.0,1.3962633609771729,0.0,0.0,0.0,0.0,0.0,0.0,0.0,0.0
683,3.415,base_to_front_right_shoulder,3,0.3204019367694855,-0.02606315165758133,0.3490658402442932,0.0,0.0,0.8002036213874817,0.8002036213874817,0.0,0.0,0.0,1.3962633609771729,0.0,0.0,0.0,0.0,0.0,0.0,0.0,0.0
683,3.415,front_right_shoulder_to_arm,7,-0.7902883887290955,-5.123084179103898e-10,-0.7900000214576721,0.0,0.0,0.0069122337736189365,0.0069122337736189365,0.0,0.0,0.0,1.3962633609771729,0.0,0.0,0.0,0.0,0.0,0.0,0.0,0.0
683,3.415,front_right_arm_to_hand,11,1.5,-8.765208003858049e-10,1.5,0.0,0.0,1.2330212406652663e-09,1.2330212406652663e-09,0.0,0.0,0.0,1.3962633609771729,0.0,0.0,0.0,0.0,0.0,0.0,0.0,0.0
684,3.42,base_to_front_right_shoulder,3,0.32028618454933167,-0.02314540185034275,0.3490658402442932,0.0,0.0,0.7973877787590027,0.7973877787590027,0.0,0.0,0.0,1.3962633609771729,0.0,0.0,0.0,0.0,0.0,0.0,0.0,0.0
684,3.42,front_right_shoulder_to_arm,7,-0.7902887463569641,-1.3269314536046295e-09,-0.7900000214576721,0.0,0.0,0.006920815445482731,0.006920815445482731,0.0,0.0,0.0,1.3962633609771729,0.0,0.0,0.0,0.0,0.0,0.0,0.0,0.0
684,3.42,front_right_arm_to_hand,11,1.5,-4.633757266780947e-10,1.5,0.0,0.0,1.3147811728231318e-09,1.3147811728231318e-09,0.0,0.0,0.0,1.3962633609771729,0.0,0.0,0.0,0.0,0.0,0.0,0.0,0.0
685,3.4250000000000003,base_to_front_right_shoulder,3,0.3201841413974762,-0.020412670448422432,0.3490658402442932,0.0,0.0,0.7945618629455566,0.7945618629455566,0.0,0.0,0.0,1.3962633609771729,0.0,0.0,0.0,0.0,0.0,0.0,0.0,0.0
685,3.4250000000000003,front_right_shoulder_to_arm,7,-0.7902891039848328,-2.3167459062278795e-09,-0.7900000214576721,0.0,0.0,0.006929399911314249,0.006929399911314249,0.0,0.0,0.0,1.3962633609771729,0.0,0.0,0.0,0.0,0.0,0.0,0.0,0.0
685,3.4250000000000003,front_right_arm_to_hand,11,1.5,-1.280790584701208e-09,1.5,0.0,0.0,6.950635622615664e-10,6.950635622615664e-10,0.0,0.0,0.0,1.3962633609771729,0.0,0.0,0.0,0.0,0.0,0.0,0.0,0.0
686,3.43,base_to_front_right_shoulder,3,0.3200948238372803,-0.01786431111395359,0.3490658402442932,0.0,0.0,0.7917495369911194,0.7917495369911194,0.0,0.0,0.0,1.3962633609771729,0.0,0.0,0.0,0.0,0.0,0.0,0.0,0.0
686,3.43,front_right_shoulder_to_arm,7,-0.7902894616127014,-3.3350673334098246e-09,-0.7900000214576721,0.0,0.0,0.0069379848428070545,0.0069379848428070545,0.0,0.0,0.0,1.3962633609771729,0.0,0.0,0.0,0.0,0.0,0.0,0.0,0.0
686,3.43,front_right_arm_to_hand,11,1.5,1.4847592044731073e-09,1.5,0.0,0.0,1.921185877051812e-09,1.921185877051812e-09,0.0,0.0,0.0,1.3962633609771729,0.0,0.0,0.0,0.0,0.0,0.0,0.0,0.0
687,3.435,base_to_front_right_shoulder,3,0.32001733779907227,-0.015498076565563679,0.3490658402442932,0.0,0.0,0.7889750599861145,0.7889750599861145,0.0,0.0,0.0,1.3962633609771729,0.0,0.0,0.0,0.0,0.0,0.0,0.0,0.0
687,3.435,front_right_shoulder_to_arm,7,-0.7902898192405701,8.549321250939101e-10,-0.7900000214576721,0.0,0.0,0.00694656977429986,0.00694656977429986,0.0,0.0,0.0,1.3962633609771729,0.0,0.0,0.0,0.0,0.0,0.0,0.0,0.0
687,3.435,front_right_arm_to_hand,11,1.5,7.650378663903723e-10,1.5,0.0,0.0,-2.2271389177319634e-09,-2.2271389177319634e-09,0.0,0.0,0.0,1.3962633609771729,0.0,0.0,0.0,0.0,0.0,0.0,0.0,0.0
688,3.44,base_to_front_right_shoulder,3,0.3199669122695923,-0.013310467824339867,0.3490658402442932,0.0,0.0,0.7862572073936462,0.7862572073936462,0.0,0.0,0.0,1.3962633609771729,0.0,0.0,0.0,0.0,0.0,0.0,0.0,0.0
688,3.44,front_right_shoulder_to_arm,7,-0.7902901768684387,-5.466098684792087e-10,-0.7900000214576721,0.0,0.0,0.006955145392566919,0.006955145392566919,0.0,0.0,0.0,1.3962633609771729,0.0,0.0,0.0,0.0,0.0,0.0,0.0,0.0
688,3.44,front_right_arm_to_hand,11,1.5,-9.860399163841294e-10,1.5,0.0,0.0,-1.147556827341134e-09,-1.147556827341134e-09,0.0,0.0,0.0,1.3962633609771729,0.0,0.0,0.0,0.0,0.0,0.0,0.0,0.0
689,3.4450000000000003,base_to_front_right_shoulder,3,0.3199663758277893,8.073186563706258e-11,0.3490658402442932,0.0,0.0,0.783193051815033,0.783193051815033,0.0,0.0,0.0,1.3962633609771729,0.0,0.0,0.0,0.0,0.0,0.0,0.0,0.0
689,3.4450000000000003,front_right_shoulder_to_arm,7,-0.7902905344963074,-3.6970959627069533e-10,-0.7900000214576721,0.0,0.0,0.006963730789721012,0.006963730789721012,0.0,0.0,0.0,1.3962633609771729,0.0,0.0,0.0,0.0,0.0,0.0,0.0,0.0
689,3.4450000000000003,front_right_arm_to_hand,11,1.5,-1.1141119138358135e-09,1.5,0.0,0.0,1.479059874576194e-09,1.479059874576194e-09,0.0,0.0,0.0,1.3962633609771729,0.0,0.0,0.0,0.0,0.0,0.0,0.0,0.0
690,3.45,base_to_front_right_shoulder,3,0.31996583938598633,2.829395384651434e-09,0.3490658402442932,0.0,0.0,0.7565860748291016,0.7565860748291016,0.0,0.0,0.0,1.3962633609771729,0.0,0.0,0.0,0.0,0.0,0.0,0.0,0.0
690,3.45,front_right_shoulder_to_arm,7,-0.790290892124176,5.576055173150962e-10,-0.7900000214576721,0.0,0.0,0.006972313392907381,0.006972313392907381,0.0,0.0,0.0,1.3962633609771729,0.0,0.0,0.0,0.0,0.0,0.0,0.0,0.0
690,3.45,front_right_arm_to_hand,11,1.5,1.40403388915189e-09,1.5,0.0,0.0,1.6711678707537203e-09,1.6711678707537203e-09,0.0,0.0,0.0,1.3962633609771729,0.0,0.0,0.0,0.0,0.0,0.0,0.0,0.0
691,3.455,base_to_front_right_shoulder,3,0.31996530294418335,1.9466028788883705e-10,0.3490658402442932,0.0,0.0,0.756600022315979,0.756600022315979,0.0,0.0,0.0,1.3962633609771729,0.0,0.0,0.0,0.0,0.0,0.0,0.0,0.0
691,3.455,front_right_shoulder_to_arm,7,-0.7902912497520447,-7.195737339316111e-10,-0.7900000214576721,0.0,0.0,0.006980895064771175,0.006980895064771175,0.0,0.0,0.0,1.3962633609771729,0.0,0.0,0.0,0.0,0.0,0.0,0.0,0.0
691,3.455,front_right_arm_to_hand,11,1.5,-5.480477183184007e-10,1.5,0.0,0.0,-2.106050889238986e-09,-2.106050889238986e-09,0.0,0.0,0.0,1.3962633609771729,0.0,0.0,0.0,0.0,0.0,0.0,0.0,0.0
692,3.46,base_to_front_right_shoulder,3,0.31996476650238037,1.141842176366481e-10,0.3490658402442932,0.0,0.0,0.7566139698028564,0.7566139698028564,0.0,0.0,0.0,1.3962633609771729,0.0,0.0,0.0,0.0,0.0,0.0,0.0,0.0
692,3.46,front_right_shoulder_to_arm,7,-0.7902916073799133,-2.292090073297004e-09,-0.7900000214576721,0.0,0.0,0.006989480461925268,0.006989480461925268,0.0,0.0,0.0,1.3962633609771729,0.0,0.0,0.0,0.0,0.0,0.0,0.0,0.0
692,3.46,front_right_arm_to_hand,11,1.5,6.447776756957069e-10,1.5,0.0,0.0,8.220715774776011e-10,8.220715774776011e-10,0.0,0.0,0.0,1.3962633609771729,0.0,0.0,0.0,0.0,0.0,0.0,0.0,0.0
693,3.465,base_to_front_right_shoulder,3,0.3199642300605774,1.4240697510103928e-10,0.3490658402442932,0.0,0.0,0.7566279172897339,0.7566279172897339,0.0,0.0,0.0,1.3962633609771729,0.0,0.0,0.0,0.0,0.0,0.0,0.0,0.0
693,3.465,front_right_shoulder_to_arm,7,-0.790291965007782,-3.5997373970531044e-09,-0.7900000214576721,0.0,0.0,0.006998066324740648,0.006998066324740648,0.0,0.0,0.0,1.3962633609771729,0.0,0.0,0.0,0.0,0.0,0.0,0.0,0.0
693,3.465,front_right_arm_to_hand,11,1.5,5.605551578469203e-10,1.5,0.0,0.0,-9.671665690547115e-10,-9.671665690547115e-10,0.0,0.0,0.0,1.3962633609771729,0.0,0.0,0.0,0.0,0.0,0.0,0.0,0.0
694,3.47,base_to_front_right_shoulder,3,0.3199636936187744,1.112852032747469e-09,0.3490658402442932,0.0,0.0,0.7566418647766113,0.7566418647766113,0.0,0.0,0.0,1.3962633609771729,0.0,0.0,0.0,0.0,0.0,0.0,0.0,0.0
694,3.47,front_right_shoulder_to_arm,7,-0.7902923226356506,6.09645667282166e-11,-0.7900000214576721,0.0,0.0,0.007006651721894741,0.007006651721894741,0.0,0.0,0.0,1.3962633609771729,0.0,0.0,0.0,0.0,0.0,0.0,0.0,0.0
694,3.47,front_right_arm_to_hand,11,1.5,-1.8204188156900614e-10,1.5,0.0,0.0,-8.408327367703805e-10,-8.408327367703805e-10,0.0,0.0,0.0,1.3962633609771729,0.0,0.0,0.0,0.0,0.0,0.0,0.0,0.0
695,3.475,base_to_front_right_shoulder,3,0.31996315717697144,3.804984771704767e-09,0.3490658402442932,0.0,0.0,0.7566558122634888,0.7566558122634888,0.0,0.0,0.0,1.3962633609771729,0.0,0.0,0.0,0.0,0.0,0.0,0.0,0.0
695,3.475,front_right_shoulder_to_arm,7,-0.7902926802635193,-2.7837643301609205e-09,-0.7900000214576721,0.0,0.0,0.007015228271484375,0.007015228271484375,0.0,0.0,0.0,1.3962633609771729,0.0,0.0,0.0,0.0,0.0,0.0,0.0,0.0
695,3.475,front_right_arm_to_hand,11,1.5,3.9238984284040157e-10,1.5,0.0,0.0,2.730628223535092e-10,2.730628223535092e-10,0.0,0.0,0.0,1.3962633609771729,0.0,0.0,0.0,0.0,0.0,0.0,0.0,0.0
696,3.48,base_to_front_right_shoulder,3,0.31996262073516846,2.9335893714232952e-09,0.3490658402442932,0.0,0.0,0.7566697597503662,0.7566697597503662,0.0,0.0,0.0,1.3962633609771729,0.0,0.0,0.0,0.0,0.0,0.0,0.0,0.0
696,3.48,front_right_shoulder_to_arm,7,-0.7902930378913879,-7.782503530506801e-10,-0.7900000214576721,0.0,0.0,0.007023816462606192,0.007023816462606192,0.0,0.0,0.0,1.3962633609771729,0.0,0.0,0.0,0.0,0.0,0.0,0.0,0.0
696,3.48,front_right_arm_to_hand,11,1.5,1.1429753810077159e-09,1.5,0.0,0.0,-5.885847365050267e-10,-5.885847365050267e-10,0.0,0.0,0.0,1.3962633609771729,0.0,0.0,0.0,0.0,0.0,0.0,0.0,0.0
697,3.485,base_to_front_right_shoulder,3,0.3199620842933655,-1.8635404330780148e-09,0.3490658402442932,0.0,0.0,0.7566837072372437,0.7566837072372437,0.0,0.0,0.0,1.3962633609771729,0.0,0.0,0.0,0.0,0.0,0.0,0.0,0.0
697,3.485,front_right_shoulder_to_arm,7,-0.7902933955192566,-2.3202701981972496e-09,-0.7900000214576721,0.0,0.0,0.007032395806163549,0.007032395806163549,0.0,0.0,0.0,1.3962633609771729,0.0,0.0,0.0,0.0,0.0,0.0,0.0,0.0
697,3.485,front_right_arm_to_hand,11,1.5,7.763547582584351e-10,1.5,0.0,0.0,-1.7144630160004226e-09,-1.7144630160004226e-09,0.0,0.0,0.0,1.3962633609771729,0.0,0.0,0.0,0.0,0.0,0.0,0.0,0.0
698,3.49,base_to_front_right_shoulder,3,0.3199615478515625,3.410605131648481e-11,0.3490658402442932,0.0,0.0,0.7566976547241211,0.7566976547241211,0.0,0.0,0.0,1.3962633609771729,0.0,0.0,0.0,0.0,0.0,0.0,0.0,0.0
698,3.49,front_right_shoulder_to_arm,7,-0.7902937531471252,-2.0316406335041393e-09,-0.7900000214576721,0.0,0.0,0.0070409816689789295,0.0070409816689789295,0.0,0.0,0.0,1.3962633609771729,0.0,0.0,0.0,0.0,0.0,0.0,0.0,0.0
698,3.49,front_right_arm_to_hand,11,1.5,-2.586392211512134e-10,1.5,0.0,0.0,-1.1645321373876527e-09,-1.1645321373876527e-09,0.0,0.0,0.0,1.3962633609771729,0.0,0.0,0.0,0.0,0.0,0.0,0.0,0.0
699,3.495,base_to_front_right_shoulder,3,0.3199610114097595,6.650779482697544e-09,0.3490658402442932,0.0,0.0,0.7567116022109985,0.7567116022109985,0.0,0.0,0.0,1.3962633609771729,0.0,0.0,0.0,0.0,0.0,0.0,0.0,0.0
699,3.495,front_right_shoulder_to_arm,7,-0.7902941107749939,-1.7688108755464782e-09,-0.7900000214576721,0.0,0.0,0.0070495642721652985,0.0070495642721652985,0.0,0.0,0.0,1.3962633609771729,0.0,0.0,0.0,0.0,0.0,0.0,0.0,0.0
699,3.495,front_right_arm_to_hand,11,1.5,1.3132310794361501e-09,1.5,0.0,0.0,3.879588317268201e-10,3.879588317268201e-10,0.0,0.0,0.0,1.3962633609771729,0.0,0.0,0.0,0.0,0.0,0.0,0.0,0.0
700,3.5,base_to_front_right_shoulder,3,0.31996047496795654,-9.157972158391203e-10,0.3490658402442932,0.0,0.0,0.756725549697876,0.756725549697876,0.0,0.0,0.0,1.3962633609771729,0.0,0.0,0.0,0.0,0.0,0.0,0.0,0.0
700,3.5,front_right_shoulder_to_arm,7,-0.7902944684028625,-1.153594553215953e-09,-0.7900000214576721,0.0,0.0,0.007058146875351667,0.007058146875351667,0.0,0.0,0.0,1.3962633609771729,0.0,0.0,0.0,0.0,0.0,0.0,0.0,0.0
700,3.5,front_right_arm_to_hand,11,1.5,-1.0094888258649348e-09,1.5,0.0,0.0,-1.9698465081319227e-09,-1.9698465081319227e-09,0.0,0.0,0.0,1.3962633609771729,0.0,0.0,0.0,0.0,0.0,0.0,0.0,0.0
701,3.505,base_to_front_right_shoulder,3,0.31995993852615356,5.874056796528748e-11,0.3490658402442932,0.0,0.0,0.7567394971847534,0.7567394971847534,0.0,0.0,0.0,1.3962633609771729,0.0,0.0,0.0,0.0,0.0,0.0,0.0,0.0
701,3.505,front_right_shoulder_to_arm,7,-0.7902948260307312,-2.960767631066119e-09,-0.7900000214576721,0.0,0.0,0.007066729012876749,0.007066729012876749,0.0,0.0,0.0,1.3962633609771729,0.0,0.0,0.0,0.0,0.0,0.0,0.0,0.0
701,3.505,front_right_arm_to_hand,11,1.5,-1.9874629719751624e-11,1.5,0.0,0.0,1.514233183286251e-09,1.514233183286251e-09,0.0,0.0,0.0,1.3962633609771729,0.0,0.0,0.0,0.0,0.0,0.0,0.0,0.0
702,3.5100000000000002,base_to_front_right_shoulder,3,0.3199594020843506,9.823253321883385e-11,0.3490658402442932,0.0,0.0,0.7567534446716309,0.7567534446716309,0.0,0.0,0.0,1.3962633609771729,0.0,0.0,0.0,0.0,0.0,0.0,0.0,0.0
702,3.5100000000000002,front_right_shoulder_to_arm,7,-0.7902951836585999,-5.473381747833628e-10,-0.7900000214576721,0.0,0.0,0.0070753153413534164,0.0070753153413534164,0.0,0.0,0.0,1.3962633609771729,0.0,0.0,0.0,0.0,0.0,0.0,0.0,0.0
702,3.5100000000000002,front_right_arm_to_hand,11,1.5,-8.128252515504641e-10,1.5,0.0,0.0,2.9811944579627436e-11,2.9811944579627436e-11,0.0,0.0,0.0,1.3962633609771729,0.0,0.0,0.0,0.0,0.0,0.0,0.0,0.0
703,3.515,base_to_front_right_shoulder,3,0.3199588656425476,-8.835598919176846e-10,0.3490658402442932,0.0,0.0,0.7567673921585083,0.7567673921585083,0.0,0.0,0.0,1.3962633609771729,0.0,0.0,0.0,0.0,0.0,0.0,0.0,0.0
703,3.515,front_right_shoulder_to_arm,7,-0.7902955412864685,-3.6987302109992015e-10,-0.7900000214576721,0.0,0.0,0.0070838937535882,0.0070838937535882,0.0,0.0,0.0,1.3962633609771729,0.0,0.0,0.0,0.0,0.0,0.0,0.0,0.0
703,3.515,front_right_arm_to_hand,11,1.5,1.496418822188872e-10,1.5,0.0,0.0,1.219237821814545e-09,1.219237821814545e-09,0.0,0.0,0.0,1.3962633609771729,0.0,0.0,0.0,0.0,0.0,0.0,0.0,0.0
704,3.52,base_to_front_right_shoulder,3,0.31995832920074463,-9.166996051135357e-10,0.3490658402442932,0.0,0.0,0.7567813396453857,0.7567813396453857,0.0,0.0,0.0,1.3962633609771729,0.0,0.0,0.0,0.0,0.0,0.0,0.0,0.0
704,3.52,front_right_shoulder_to_arm,7,-0.7902958989143372,4.1662673311293474e-10,-0.7900000214576721,0.0,0.0,0.0070924763567745686,0.0070924763567745686,0.0,0.0,0.0,1.3962633609771729,0.0,0.0,0.0,0.0,0.0,0.0,0.0,0.0
704,3.52,front_right_arm_to_hand,11,1.5,-8.287979191834438e-10,1.5,0.0,0.0,-2.2446282332833078e-10,-2.2446282332833078e-10,0.0,0.0,0.0,1.3962633609771729,0.0,0.0,0.0,0.0,0.0,0.0,0.0,0.0
705,3.525,base_to_front_right_shoulder,3,0.31995779275894165,-8.835598919176846e-10,0.3490658402442932,0.0,0.0,0.7567952871322632,0.7567952871322632,0.0,0.0,0.0,1.3962633609771729,0.0,0.0,0.0,0.0,0.0,0.0,0.0,0.0
705,3.525,front_right_shoulder_to_arm,7,-0.7902962565422058,-2.8996467449360352e-09,-0.7900000214576721,0.0,0.0,0.007101058028638363,0.007101058028638363,0.0,0.0,0.0,1.3962633609771729,0.0,0.0,0.0,0.0,0.0,0.0,0.0,0.0
705,3.525,front_right_arm_to_hand,11,1.5,7.18150761080949e-10,1.5,0.0,0.0,1.2431968787751657e-09,1.2431968787751657e-09,0.0,0.0,0.0,1.3962633609771729,0.0,0.0,0.0,0.0,0.0,0.0,0.0,0.0
706,3.5300000000000002,base_to_front_right_shoulder,3,0.31995725631713867,1.8462031903254683e-10,0.3490658402442932,0.0,0.0,0.7568092346191406,0.7568092346191406,0.0,0.0,0.0,1.3962633609771729,0.0,0.0,0.0,0.0,0.0,0.0,0.0,0.0
706,3.5300000000000002,front_right_shoulder_to_arm,7,-0.7902966141700745,6.781988304283004e-10,-0.7900000214576721,0.0,0.0,0.0071096476167440414,0.0071096476167440414,0.0,0.0,0.0,1.3962633609771729,0.0,0.0,0.0,0.0,0.0,0.0,0.0,0.0
706,3.5300000000000002,front_right_arm_to_hand,11,1.5,-7.499743048811069e-10,1.5,0.0,0.0,-1.0772260861102723e-09,-1.0772260861102723e-09,0.0,0.0,0.0,1.3962633609771729,0.0,0.0,0.0,0.0,0.0,0.0,0.0,0.0
707,3.535,base_to_front_right_shoulder,3,0.3199567198753357,1.0735590194599354e-10,0.3490658402442932,0.0,0.0,0.7568231821060181,0.7568231821060181,0.0,0.0,0.0,1.3962633609771729,0.0,0.0,0.0,0.0,0.0,0.0,0.0,0.0
707,3.535,front_right_shoulder_to_arm,7,-0.7902969717979431,-6.900577886881365e-10,-0.7900000214576721,0.0,0.0,0.007118223700672388,0.007118223700672388,0.0,0.0,0.0,1.3962633609771729,0.0,0.0,0.0,0.0,0.0,0.0,0.0,0.0
707,3.535,front_right_arm_to_hand,11,1.5,1.6005483605141535e-09,1.5,0.0,0.0,1.1249614573216604e-09,1.1249614573216604e-09,0.0,0.0,0.0,1.3962633609771729,0.0,0.0,0.0,0.0,0.0,0.0,0.0,0.0
708,3.54,base_to_front_right_shoulder,3,0.3199561834335327,6.665210605660832e-09,0.3490658402442932,0.0,0.0,0.7568371295928955,0.7568371295928955,0.0,0.0,0.0,1.3962633609771729,0.0,0.0,0.0,0.0,0.0,0.0,0.0,0.0
708,3.54,front_right_shoulder_to_arm,7,-0.7902973294258118,-2.2040040903448244e-09,-0.7900000214576721,0.0,0.0,0.007126809563487768,0.007126809563487768,0.0,0.0,0.0,1.3962633609771729,0.0,0.0,0.0,0.0,0.0,0.0,0.0,0.0
708,3.54,front_right_arm_to_hand,11,1.5,1.3567447165740987e-09,1.5,0.0,0.0,-2.4008226517935327e-09,-2.4008226517935327e-09,0.0,0.0,0.0,1.3962633609771729,0.0,0.0,0.0,0.0,0.0,0.0,0.0,0.0
709,3.545,base_to_front_right_shoulder,3,0.31995564699172974,1.6425616422566236e-10,0.3490658402442932,0.0,0.0,0.756851077079773,0.756851077079773,0.0,0.0,0.0,1.3962633609771729,0.0,0.0,0.0,0.0,0.0,0.0,0.0,0.0
709,3.545,front_right_shoulder_to_arm,7,-0.7902976870536804,-3.51184326063958e-09,-0.7900000214576721,0.0,0.0,0.007135395426303148,0.007135395426303148,0.0,0.0,0.0,1.3962633609771729,0.0,0.0,0.0,0.0,0.0,0.0,0.0,0.0
709,3.545,front_right_arm_to_hand,11,1.5,9.677791901196997e-10,1.5,0.0,0.0,-2.0351169638388455e-09,-2.0351169638388455e-09,0.0,0.0,0.0,1.3962633609771729,0.0,0.0,0.0,0.0,0.0,0.0,0.0,0.0
710,3.5500000000000003,base_to_front_right_shoulder,3,0.31995511054992676,8.691358743817545e-11,0.3490658402442932,0.0,0.0,0.7568650245666504,0.7568650245666504,0.0,0.0,0.0,1.3962633609771729,0.0,0.0,0.0,0.0,0.0,0.0,0.0,0.0
710,3.5500000000000003,front_right_shoulder_to_arm,7,-0.7902980446815491,-1.5919994211799349e-09,-0.7900000214576721,0.0,0.0,0.007143980823457241,0.007143980823457241,0.0,0.0,0.0,1.3962633609771729,0.0,0.0,0.0,0.0,0.0,0.0,0.0,0.0
710,3.5500000000000003,front_right_arm_to_hand,11,1.5,2.7882701703063617e-10,1.5,0.0,0.0,-1.4516687851795496e-09,-1.4516687851795496e-09,0.0,0.0,0.0,1.3962633609771729,0.0,0.0,0.0,0.0,0.0,0.0,0.0,0.0
711,3.555,base_to_front_right_shoulder,3,0.3199545741081238,2.927663445007056e-09,0.3490658402442932,0.0,0.0,0.7568789720535278,0.7568789720535278,0.0,0.0,0.0,1.3962633609771729,0.0,0.0,0.0,0.0,0.0,0.0,0.0,0.0
711,3.555,front_right_shoulder_to_arm,7,-0.7902984023094177,-2.9578615112768603e-09,-0.7900000214576721,0.0,0.0,0.007152560167014599,0.007152560167014599,0.0,0.0,0.0,1.3962633609771729,0.0,0.0,0.0,0.0,0.0,0.0,0.0,0.0
711,3.555,front_right_arm_to_hand,11,1.5,-4.441040868385926e-10,1.5,0.0,0.0,-4.1824052554595426e-10,-4.1824052554595426e-10,0.0,0.0,0.0,1.3962633609771729,0.0,0.0,0.0,0.0,0.0,0.0,0.0,0.0
712,3.56,base_to_front_right_shoulder,3,0.3199540376663208,1.0690826002246467e-10,0.3490658402442932,0.0,0.0,0.7568929195404053,0.7568929195404053,0.0,0.0,0.0,1.3962633609771729,0.0,0.0,0.0,0.0,0.0,0.0,0.0,0.0
712,3.56,front_right_shoulder_to_arm,7,-0.7902987599372864,-6.64137189687608e-10,-0.7900000214576721,0.0,0.0,0.007161146029829979,0.007161146029829979,0.0,0.0,0.0,1.3962633609771729,0.0,0.0,0.0,0.0,0.0,0.0,0.0,0.0
712,3.56,front_right_arm_to_hand,11,1.5,-9.924363553182047e-10,1.5,0.0,0.0,6.661561302578889e-10,6.661561302578889e-10,0.0,0.0,0.0,1.3962633609771729,0.0,0.0,0.0,0.0,0.0,0.0,0.0,0.0
713,3.565,base_to_front_right_shoulder,3,0.3199535012245178,1.8641088672666228e-10,0.3490658402442932,0.0,0.0,0.7569068670272827,0.7569068670272827,0.0,0.0,0.0,1.3962633609771729,0.0,0.0,0.0,0.0,0.0,0.0,0.0,0.0
713,3.565,front_right_shoulder_to_arm,7,-0.790299117565155,3.1250806387106422e-09,-0.7900000214576721,0.0,0.0,0.007169724907726049,0.007169724907726049,0.0,0.0,0.0,1.3962633609771729,0.0,0.0,0.0,0.0,0.0,0.0,0.0,0.0
713,3.565,front_right_arm_to_hand,11,1.5,-5.7136267939128516e-11,1.5,0.0,0.0,1.488654532977307e-09,1.488654532977307e-09,0.0,0.0,0.0,1.3962633609771729,0.0,0.0,0.0,0.0,0.0,0.0,0.0,0.0
714,3.5700000000000003,base_to_front_right_shoulder,3,0.31995296478271484,1.4875922715873457e-10,0.3490658402442932,0.0,0.0,0.7569208145141602,0.7569208145141602,0.0,0.0,0.0,1.3962633609771729,0.0,0.0,0.0,0.0,0.0,0.0,0.0,0.0
714,3.5700000000000003,front_right_shoulder_to_arm,7,-0.7902994751930237,-1.7652652672950353e-09,-0.7900000214576721,0.0,0.0,0.007178300991654396,0.007178300991654396,0.0,0.0,0.0,1.3962633609771729,0.0,0.0,0.0,0.0,0.0,0.0,0.0,0.0
714,3.5700000000000003,front_right_arm_to_hand,11,1.5,-7.879263907994982e-11,1.5,0.0,0.0,8.570440190869277e-11,8.570440190869277e-11,0.0,0.0,0.0,1.3962633609771729,0.0,0.0,0.0,0.0,0.0,0.0,0.0,0.0
715,3.575,base_to_front_right_shoulder,3,0.31995242834091187,6.6098664319724776e-09,0.3490658402442932,0.0,0.0,0.7569347620010376,0.7569347620010376,0.0,0.0,0.0,1.3962633609771729,0.0,0.0,0.0,0.0,0.0,0.0,0.0,0.0
715,3.575,front_right_shoulder_to_arm,7,-0.7902998328208923,-1.6193979490708443e-09,-0.7900000214576721,0.0,0.0,0.007186892908066511,0.007186892908066511,0.0,0.0,0.0,1.3962633609771729,0.0,0.0,0.0,0.0,0.0,0.0,0.0,0.0
715,3.575,front_right_arm_to_hand,11,1.5,-4.2209835626749737e-10,1.5,0.0,0.0,1.1818895861992473e-10,1.1818895861992473e-10,0.0,0.0,0.0,1.3962633609771729,0.0,0.0,0.0,0.0,0.0,0.0,0.0,0.0
716,3.58,base_to_front_right_shoulder,3,0.3199518918991089,9.232081765730982e-11,0.3490658402442932,0.0,0.0,0.756948709487915,0.756948709487915,0.0,0.0,0.0,1.3962633609771729,0.0,0.0,0.0,0.0,0.0,0.0,0.0,0.0
716,3.58,front_right_shoulder_to_arm,7,-0.790300190448761,-1.1562804047571262e-09,-0.7900000214576721,0.0,0.0,0.00719547551125288,0.00719547551125288,0.0,0.0,0.0,1.3962633609771729,0.0,0.0,0.0,0.0,0.0,0.0,0.0,0.0
716,3.58,front_right_arm_to_hand,11,1.5,-1.1862243409765938e-09,1.5,0.0,0.0,6.33147534401246e-10,6.33147534401246e-10,0.0,0.0,0.0,1.3962633609771729,0.0,0.0,0.0,0.0,0.0,0.0,0.0,0.0
717,3.585,base_to_front_right_shoulder,3,0.3199513554573059,1.8616930219650385e-09,0.3490658402442932,0.0,0.0,0.7569626569747925,0.7569626569747925,0.0,0.0,0.0,1.3962633609771729,0.0,0.0,0.0,0.0,0.0,0.0,0.0,0.0
717,3.585,front_right_shoulder_to_arm,7,-0.7903005480766296,1.0306209219379525e-09,-0.7900000214576721,0.0,0.0,0.007204058114439249,0.007204058114439249,0.0,0.0,0.0,1.3962633609771729,0.0,0.0,0.0,0.0,0.0,0.0,0.0,0.0
717,3.585,front_right_arm_to_hand,11,1.5,7.535738699715466e-10,1.5,0.0,0.0,1.7793364559537395e-09,1.7793364559537395e-09,0.0,0.0,0.0,1.3962633609771729,0.0,0.0,0.0,0.0,0.0,0.0,0.0,0.0
718,3.59,base_to_front_right_shoulder,3,0.31995081901550293,6.586951428744214e-09,0.3490658402442932,0.0,0.0,0.7569766044616699,0.7569766044616699,0.0,0.0,0.0,1.3962633609771729,0.0,0.0,0.0,0.0,0.0,0.0,0.0,0.0
718,3.59,front_right_shoulder_to_arm,7,-0.7903009057044983,-6.32510932518926e-10,-0.7900000214576721,0.0,0.0,0.0072126369923353195,0.0072126369923353195,0.0,0.0,0.0,1.3962633609771729,0.0,0.0,0.0,0.0,0.0,0.0,0.0,0.0
718,3.59,front_right_arm_to_hand,11,1.5,1.6677856873315022e-09,1.5,0.0,0.0,-1.13036080495732e-09,-1.13036080495732e-09,0.0,0.0,0.0,1.3962633609771729,0.0,0.0,0.0,0.0,0.0,0.0,0.0,0.0
719,3.595,base_to_front_right_shoulder,3,0.31995028257369995,1.978364139176847e-10,0.3490658402442932,0.0,0.0,0.7569905519485474,0.7569905519485474,0.0,0.0,0.0,1.3962633609771729,0.0,0.0,0.0,0.0,0.0,0.0,0.0,0.0
719,3.595,front_right_shoulder_to_arm,7,-0.7903012633323669,1.4338752407638822e-11,-0.7900000214576721,0.0,0.0,0.007221223320811987,0.007221223320811987,0.0,0.0,0.0,1.3962633609771729,0.0,0.0,0.0,0.0,0.0,0.0,0.0,0.0
719,3.595,front_right_arm_to_hand,11,1.5,3.840429363410891e-10,1.5,0.0,0.0,-2.501678419974951e-09,-2.501678419974951e-09,0.0,0.0,0.0,1.3962633609771729,0.0,0.0,0.0,0.0,0.0,0.0,0.0,0.0
720,3.6,base_to_front_right_shoulder,3,0.319949746131897,-8.895142400433542e-10,0.3490658402442932,0.0,0.0,0.7570044994354248,0.7570044994354248,0.0,0.0,0.0,1.3962633609771729,0.0,0.0,0.0,0.0,0.0,0.0,0.0,0.0
720,3.6,front_right_shoulder_to_arm,7,-0.7903016209602356,-1.3859065006727178e-09,-0.7900000214576721,0.0,0.0,0.007229804992675781,0.007229804992675781,0.0,0.0,0.0,1.3962633609771729,0.0,0.0,0.0,0.0,0.0,0.0,0.0,0.0
720,3.6,front_right_arm_to_hand,11,1.5,2.776345264798863e-10,1.5,0.0,0.0,-5.760644183894215e-10,-5.760644183894215e-10,0.0,0.0,0.0,1.3962633609771729,0.0,0.0,0.0,0.0,0.0,0.0,0.0,0.0
721,3.605,base_to_front_right_shoulder,3,0.319949209690094,-8.931380079957307e-10,0.3490658402442932,0.0,0.0,0.7570184469223022,0.7570184469223022,0.0,0.0,0.0,1.3962633609771729,0.0,0.0,0.0,0.0,0.0,0.0,0.0,0.0
721,3.605,front_right_shoulder_to_arm,7,-0.7903019785881042,-1.2704219898296287e-09,-0.7900000214576721,0.0,0.0,0.007238390855491161,0.007238390855491161,0.0,0.0,0.0,1.3962633609771729,0.0,0.0,0.0,0.0,0.0,0.0,0.0,0.0
721,3.605,front_right_arm_to_hand,11,1.5,9.513700938157399e-11,1.5,0.0,0.0,-4.1645178971982943e-10,-4.1645178971982943e-10,0.0,0.0,0.0,1.3962633609771729,0.0,0.0,0.0,0.0,0.0,0.0,0.0,0.0
722,3.61,base_to_front_right_shoulder,3,0.319948673248291,2.884050331886101e-09,0.3490658402442932,0.0,0.0,0.7570323944091797,0.7570323944091797,0.0,0.0,0.0,1.3962633609771729,0.0,0.0,0.0,0.0,0.0,0.0,0.0,0.0
722,3.61,front_right_shoulder_to_arm,7,-0.7903023362159729,-7.748255370643164e-10,-0.7900000214576721,0.0,0.0,0.00724697345867753,0.00724697345867753,0.0,0.0,0.0,1.3962633609771729,0.0,0.0,0.0,0.0,0.0,0.0,0.0,0.0
722,3.61,front_right_arm_to_hand,11,1.5,1.312455255586542e-09,1.5,0.0,0.0,-1.4270551407236098e-10,-1.4270551407236098e-10,0.0,0.0,0.0,1.3962633609771729,0.0,0.0,0.0,0.0,0.0,0.0,0.0,0.0
723,3.615,base_to_front_right_shoulder,3,0.31994813680648804,3.325340003357269e-11,0.3490658402442932,0.0,0.0,0.7570463418960571,0.7570463418960571,0.0,0.0,0.0,1.3962633609771729,0.0,0.0,0.0,0.0,0.0,0.0,0.0,0.0
723,3.615,front_right_shoulder_to_arm,7,-0.7903026938438416,-2.229100459771871e-09,-0.7900000214576721,0.0,0.0,0.007255555596202612,0.007255555596202612,0.0,0.0,0.0,1.3962633609771729,0.0,0.0,0.0,0.0,0.0,0.0,0.0,0.0
723,3.615,front_right_arm_to_hand,11,1.5,1.4894865896231124e-10,1.5,0.0,0.0,-1.9686829944021156e-09,-1.9686829944021156e-09,0.0,0.0,0.0,1.3962633609771729,0.0,0.0,0.0,0.0,0.0,0.0,0.0,0.0
724,3.62,base_to_front_right_shoulder,3,0.31994760036468506,8.096634473986342e-11,0.3490658402442932,0.0,0.0,0.7570602893829346,0.7570602893829346,0.0,0.0,0.0,1.3962633609771729,0.0,0.0,0.0,0.0,0.0,0.0,0.0,0.0
724,3.62,front_right_shoulder_to_arm,7,-0.7903030514717102,-4.567368705465924e-11,-0.7900000214576721,0.0,0.0,0.007264141459017992,0.007264141459017992,0.0,0.0,0.0,1.3962633609771729,0.0,0.0,0.0,0.0,0.0,0.0,0.0,0.0
724,3.62,front_right_arm_to_hand,11,1.5,1.4102419232386865e-10,1.5,0.0,0.0,-2.2342298844346686e-10,-2.2342298844346686e-10,0.0,0.0,0.0,1.3962633609771729,0.0,0.0,0.0,0.0,0.0,0.0,0.0,0.0
725,3.625,base_to_front_right_shoulder,3,0.3199470639228821,-8.944454066295293e-10,0.3490658402442932,0.0,0.0,0.757074236869812,0.757074236869812,0.0,0.0,0.0,1.3962633609771729,0.0,0.0,0.0,0.0,0.0,0.0,0.0,0.0
725,3.625,front_right_shoulder_to_arm,7,-0.7903034090995789,1.8324897155252984e-10,-0.7900000214576721,0.0,0.0,0.0072727203369140625,0.0072727203369140625,0.0,0.0,0.0,1.3962633609771729,0.0,0.0,0.0,0.0,0.0,0.0,0.0,0.0
725,3.625,front_right_arm_to_hand,11,1.5,-8.454885125352973e-10,1.5,0.0,0.0,-2.1153628848580297e-10,-2.1153628848580297e-10,0.0,0.0,0.0,1.3962633609771729,0.0,0.0,0.0,0.0,0.0,0.0,0.0,0.0
726,3.63,base_to_front_right_shoulder,3,0.3199465274810791,2.840813806415099e-09,0.3490658402442932,0.0,0.0,0.7570881843566895,0.7570881843566895,0.0,0.0,0.0,1.3962633609771729,0.0,0.0,0.0,0.0,0.0,0.0,0.0,0.0
726,3.63,front_right_shoulder_to_arm,7,-0.7903037667274475,-1.3871641613150132e-09,-0.7900000214576721,0.0,0.0,0.0072813029401004314,0.0072813029401004314,0.0,0.0,0.0,1.3962633609771729,0.0,0.0,0.0,0.0,0.0,0.0,0.0,0.0
726,3.63,front_right_arm_to_hand,11,1.5,5.854421392115228e-10,1.5,0.0,0.0,1.2682327410473704e-09,1.2682327410473704e-09,0.0,0.0,0.0,1.3962633609771729,0.0,0.0,0.0,0.0,0.0,0.0,0.0,0.0
727,3.6350000000000002,base_to_front_right_shoulder,3,0.3199459910392761,1.0273737416355289e-10,0.3490658402442932,0.0,0.0,0.7571021318435669,0.7571021318435669,0.0,0.0,0.0,1.3962633609771729,0.0,0.0,0.0,0.0,0.0,0.0,0.0,0.0
727,3.6350000000000002,front_right_shoulder_to_arm,7,-0.7903041243553162,-1.0645280212884245e-09,-0.7900000214576721,0.0,0.0,0.007289889268577099,0.007289889268577099,0.0,0.0,0.0,1.3962633609771729,0.0,0.0,0.0,0.0,0.0,0.0,0.0,0.0
727,3.6350000000000002,front_right_arm_to_hand,11,1.5,1.0761207480669555e-09,1.5,0.0,0.0,-8.781632088172842e-10,-8.781632088172842e-10,0.0,0.0,0.0,1.3962633609771729,0.0,0.0,0.0,0.0,0.0,0.0,0.0,0.0
728,3.64,base_to_front_right_shoulder,3,0.31994545459747314,5.154987547939527e-11,0.3490658402442932,0.0,0.0,0.7571160793304443,0.7571160793304443,0.0,0.0,0.0,1.3962633609771729,0.0,0.0,0.0,0.0,0.0,0.0,0.0,0.0
728,3.64,front_right_shoulder_to_arm,7,-0.7903044819831848,-5.706937145077973e-10,-0.7900000214576721,0.0,0.0,0.0072984714061021805,0.0072984714061021805,0.0,0.0,0.0,1.3962633609771729,0.0,0.0,0.0,0.0,0.0,0.0,0.0,0.0
728,3.64,front_right_arm_to_hand,11,1.5,5.799840607778606e-10,1.5,0.0,0.0,-1.6141811221004332e-09,-1.6141811221004332e-09,0.0,0.0,0.0,1.3962633609771729,0.0,0.0,0.0,0.0,0.0,0.0,0.0,0.0
729,3.645,base_to_front_right_shoulder,3,0.31994491815567017,1.014370809571119e-10,0.3490658402442932,0.0,0.0,0.7571300268173218,0.7571300268173218,0.0,0.0,0.0,1.3962633609771729,0.0,0.0,0.0,0.0,0.0,0.0,0.0,0.0
729,3.645,front_right_shoulder_to_arm,7,-0.7903048396110535,-2.817088784468069e-10,-0.7900000214576721,0.0,0.0,0.007307053543627262,0.007307053543627262,0.0,0.0,0.0,1.3962633609771729,0.0,0.0,0.0,0.0,0.0,0.0,0.0,0.0
729,3.645,front_right_arm_to_hand,11,1.5,-8.33939861610844e-10,1.5,0.0,0.0,-8.699760911667909e-10,-8.699760911667909e-10,0.0,0.0,0.0,1.3962633609771729,0.0,0.0,0.0,0.0,0.0,0.0,0.0,0.0
730,3.65,base_to_front_right_shoulder,3,0.3199443817138672,2.923087549788761e-09,0.3490658402442932,0.0,0.0,0.7571439743041992,0.7571439743041992,0.0,0.0,0.0,1.3962633609771729,0.0,0.0,0.0,0.0,0.0,0.0,0.0,0.0
730,3.65,front_right_shoulder_to_arm,7,-0.7903051972389221,-3.477310883681639e-09,-0.7900000214576721,0.0,0.0,0.007315636146813631,0.007315636146813631,0.0,0.0,0.0,1.3962633609771729,0.0,0.0,0.0,0.0,0.0,0.0,0.0,0.0
730,3.65,front_right_arm_to_hand,11,1.5,7.788740208347633e-10,1.5,0.0,0.0,1.2509098201718416e-09,1.2509098201718416e-09,0.0,0.0,0.0,1.3962633609771729,0.0,0.0,0.0,0.0,0.0,0.0,0.0,0.0
731,3.6550000000000002,base_to_front_right_shoulder,3,0.3199438452720642,6.642984828886256e-09,0.3490658402442932,0.0,0.0,0.7571579217910767,0.7571579217910767,0.0,0.0,0.0,1.3962633609771729,0.0,0.0,0.0,0.0,0.0,0.0,0.0,0.0
731,3.6550000000000002,front_right_shoulder_to_arm,7,-0.7903055548667908,-1.621664580397919e-09,-0.7900000214576721,0.0,0.0,0.007324225269258022,0.007324225269258022,0.0,0.0,0.0,1.3962633609771729,0.0,0.0,0.0,0.0,0.0,0.0,0.0,0.0
731,3.6550000000000002,front_right_arm_to_hand,11,1.5,9.382140619962342e-10,1.5,0.0,0.0,-1.1683110034965694e-09,-1.1683110034965694e-09,0.0,0.0,0.0,1.3962633609771729,0.0,0.0,0.0,0.0,0.0,0.0,0.0,0.0
732,3.66,base_to_front_right_shoulder,3,0.31994330883026123,5.781686240879935e-11,0.3490658402442932,0.0,0.0,0.7571718692779541,0.7571718692779541,0.0,0.0,0.0,1.3962633609771729,0.0,0.0,0.0,0.0,0.0,0.0,0.0,0.0
732,3.66,front_right_shoulder_to_arm,7,-0.7903059124946594,-1.0640590630828228e-09,-0.7900000214576721,0.0,0.0,0.00733280461281538,0.00733280461281538,0.0,0.0,0.0,1.3962633609771729,0.0,0.0,0.0,0.0,0.0,0.0,0.0,0.0
732,3.66,front_right_arm_to_hand,11,1.5,5.562714178175554e-10,1.5,0.0,0.0,-1.4073211485055026e-09,-1.4073211485055026e-09,0.0,0.0,0.0,1.3962633609771729,0.0,0.0,0.0,0.0,0.0,0.0,0.0,0.0
733,3.665,base_to_front_right_shoulder,3,0.31994277238845825,4.689582056016661e-11,0.3490658402442932,0.0,0.0,0.7571858167648315,0.7571858167648315,0.0,0.0,0.0,1.3962633609771729,0.0,0.0,0.0,0.0,0.0,0.0,0.0,0.0
733,3.665,front_right_shoulder_to_arm,7,-0.7903062701225281,-2.5779200996112195e-09,-0.7900000214576721,0.0,0.0,0.007341386750340462,0.007341386750340462,0.0,0.0,0.0,1.3962633609771729,0.0,0.0,0.0,0.0,0.0,0.0,0.0,0.0
733,3.665,front_right_arm_to_hand,11,1.5,-4.151659849238598e-10,1.5,0.0,0.0,-8.344070989707575e-10,-8.344070989707575e-10,0.0,0.0,0.0,1.3962633609771729,0.0,0.0,0.0,0.0,0.0,0.0,0.0,0.0
734,3.67,base_to_front_right_shoulder,3,0.3199422359466553,3.7902836425018904e-09,0.3490658402442932,0.0,0.0,0.757199764251709,0.757199764251709,0.0,0.0,0.0,1.3962633609771729,0.0,0.0,0.0,0.0,0.0,0.0,0.0,0.0
734,3.67,front_right_shoulder_to_arm,7,-0.7903066277503967,-2.228588869002124e-09,-0.7900000214576721,0.0,0.0,0.007349972613155842,0.007349972613155842,0.0,0.0,0.0,1.3962633609771729,0.0,0.0,0.0,0.0,0.0,0.0,0.0,0.0
734,3.67,front_right_arm_to_hand,11,1.5,2.277804611594547e-09,1.5,0.0,0.0,6.227489635080019e-10,6.227489635080019e-10,0.0,0.0,0.0,1.3962633609771729,0.0,0.0,0.0,0.0,0.0,0.0,0.0,0.0
735,3.6750000000000003,base_to_front_right_shoulder,3,0.3199416995048523,1.007300909350306e-09,0.3490658402442932,0.0,0.0,0.7572137117385864,0.7572137117385864,0.0,0.0,0.0,1.3962633609771729,0.0,0.0,0.0,0.0,0.0,0.0,0.0,0.0
735,3.6750000000000003,front_right_shoulder_to_arm,7,-0.7903069853782654,-7.570832849523867e-11,-0.7900000214576721,0.0,0.0,0.007358555216342211,0.007358555216342211,0.0,0.0,0.0,1.3962633609771729,0.0,0.0,0.0,0.0,0.0,0.0,0.0,0.0
735,3.6750000000000003,front_right_arm_to_hand,11,1.5,-2.0885765339428985e-10,1.5,0.0,0.0,-3.4167069173918208e-09,-3.4167069173918208e-09,0.0,0.0,0.0,1.3962633609771729,0.0,0.0,0.0,0.0,0.0,0.0,0.0,0.0
736,3.68,base_to_front_right_shoulder,3,0.3199411630630493,6.684075515295262e-11,0.3490658402442932,0.0,0.0,0.7572276592254639,0.7572276592254639,0.0,0.0,0.0,1.3962633609771729,0.0,0.0,0.0,0.0,0.0,0.0,0.0,0.0
736,3.68,front_right_shoulder_to_arm,7,-0.790307343006134,-1.6160583982127719e-09,-0.7900000214576721,0.0,0.0,0.007367134094238281,0.007367134094238281,0.0,0.0,0.0,1.3962633609771729,0.0,0.0,0.0,0.0,0.0,0.0,0.0,0.0
736,3.68,front_right_arm_to_hand,11,1.5,3.4462221965014805e-10,1.5,0.0,0.0,3.132864800914348e-10,3.132864800914348e-10,0.0,0.0,0.0,1.3962633609771729,0.0,0.0,0.0,0.0,0.0,0.0,0.0,0.0
737,3.685,base_to_front_right_shoulder,3,0.31994062662124634,2.8330191526038107e-09,0.3490658402442932,0.0,0.0,0.7572416067123413,0.7572416067123413,0.0,0.0,0.0,1.3962633609771729,0.0,0.0,0.0,0.0,0.0,0.0,0.0,0.0
737,3.685,front_right_shoulder_to_arm,7,-0.7903077006340027,4.770441819346161e-10,-0.7900000214576721,0.0,0.0,0.007375719957053661,0.007375719957053661,0.0,0.0,0.0,1.3962633609771729,0.0,0.0,0.0,0.0,0.0,0.0,0.0,0.0
737,3.685,front_right_arm_to_hand,11,1.5,1.9347823343451864e-10,1.5,0.0,0.0,-5.169333294752221e-10,-5.169333294752221e-10,0.0,0.0,0.0,1.3962633609771729,0.0,0.0,0.0,0.0,0.0,0.0,0.0,0.0
738,3.69,base_to_front_right_shoulder,3,0.31994009017944336,4.6973980261100223e-11,0.3490658402442932,0.0,0.0,0.7572555541992188,0.7572555541992188,0.0,0.0,0.0,1.3962633609771729,0.0,0.0,0.0,0.0,0.0,0.0,0.0,0.0
738,3.69,front_right_shoulder_to_arm,7,-0.7903080582618713,-2.8690791964436357e-09,-0.7900000214576721,0.0,0.0,0.007384299300611019,0.007384299300611019,0.0,0.0,0.0,1.3962633609771729,0.0,0.0,0.0,0.0,0.0,0.0,0.0,0.0
738,3.69,front_right_arm_to_hand,11,1.5,5.335538677542218e-10,1.5,0.0,0.0,-2.9021735015177796e-10,-2.9021735015177796e-10,0.0,0.0,0.0,1.3962633609771729,0.0,0.0,0.0,0.0,0.0,0.0,0.0,0.0
739,3.6950000000000003,base_to_front_right_shoulder,3,0.3199395537376404,1.7287504761043238e-11,0.3490658402442932,0.0,0.0,0.7572695016860962,0.7572695016860962,0.0,0.0,0.0,1.3962633609771729,0.0,0.0,0.0,0.0,0.0,0.0,0.0,0.0
739,3.6950000000000003,front_right_shoulder_to_arm,7,-0.79030841588974,1.203012800488068e-09,-0.7900000214576721,0.0,0.0,0.00739288842305541,0.00739288842305541,0.0,0.0,0.0,1.3962633609771729,0.0,0.0,0.0,0.0,0.0,0.0,0.0,0.0
739,3.6950000000000003,front_right_arm_to_hand,11,1.5,-1.5730841074201862e-09,1.5,0.0,0.0,-8.003308016313326e-10,-8.003308016313326e-10,0.0,0.0,0.0,1.3962633609771729,0.0,0.0,0.0,0.0,0.0,0.0,0.0,0.0
740,3.7,base_to_front_right_shoulder,3,0.3199390172958374,5.8353535337118956e-09,0.3490658402442932,0.0,0.0,0.7572834491729736,0.7572834491729736,0.0,0.0,0.0,1.3962633609771729,0.0,0.0,0.0,0.0,0.0,0.0,0.0,0.0
740,3.7,front_right_shoulder_to_arm,7,-0.7903087735176086,-1.5702994460298214e-11,-0.7900000214576721,0.0,0.0,0.00740146404132247,0.00740146404132247,0.0,0.0,0.0,1.3962633609771729,0.0,0.0,0.0,0.0,0.0,0.0,0.0,0.0
740,3.7,front_right_arm_to_hand,11,1.5,-8.654488237169744e-10,1.5,0.0,0.0,2.359626272152582e-09,2.359626272152582e-09,0.0,0.0,0.0,1.3962633609771729,0.0,0.0,0.0,0.0,0.0,0.0,0.0,0.0
741,3.705,base_to_front_right_shoulder,3,0.3199384808540344,-9.185399107991543e-10,0.3490658402442932,0.0,0.0,0.7572973966598511,0.7572973966598511,0.0,0.0,0.0,1.3962633609771729,0.0,0.0,0.0,0.0,0.0,0.0,0.0,0.0
741,3.705,front_right_shoulder_to_arm,7,-0.7903091311454773,-1.6165984106919495e-09,-0.7900000214576721,0.0,0.0,0.0074100494384765625,0.0074100494384765625,0.0,0.0,0.0,1.3962633609771729,0.0,0.0,0.0,0.0,0.0,0.0,0.0,0.0
741,3.705,front_right_arm_to_hand,11,1.5,-9.16762332714427e-10,1.5,0.0,0.0,1.2981732355754616e-09,1.2981732355754616e-09,0.0,0.0,0.0,1.3962633609771729,0.0,0.0,0.0,0.0,0.0,0.0,0.0,0.0
742,3.71,base_to_front_right_shoulder,3,0.31993794441223145,7.09192704562156e-11,0.3490658402442932,0.0,0.0,0.7573113441467285,0.7573113441467285,0.0,0.0,0.0,1.3962633609771729,0.0,0.0,0.0,0.0,0.0,0.0,0.0,0.0
742,3.71,front_right_shoulder_to_arm,7,-0.790309488773346,-1.561048179610225e-09,-0.7900000214576721,0.0,0.0,0.007418635301291943,0.007418635301291943,0.0,0.0,0.0,1.3962633609771729,0.0,0.0,0.0,0.0,0.0,0.0,0.0,0.0
742,3.71,front_right_arm_to_hand,11,1.5,2.5915538603982213e-09,1.5,0.0,0.0,1.3751435545827917e-09,1.3751435545827917e-09,0.0,0.0,0.0,1.3962633609771729,0.0,0.0,0.0,0.0,0.0,0.0,0.0,0.0
743,3.715,base_to_front_right_shoulder,3,0.31993740797042847,-9.527241218165727e-10,0.3490658402442932,0.0,0.0,0.757325291633606,0.757325291633606,0.0,0.0,0.0,1.3962633609771729,0.0,0.0,0.0,0.0,0.0,0.0,0.0,0.0
743,3.715,front_right_shoulder_to_arm,7,-0.7903098464012146,9.746514706421294e-10,-0.7900000214576721,0.0,0.0,0.007427218370139599,0.007427218370139599,0.0,0.0,0.0,1.3962633609771729,0.0,0.0,0.0,0.0,0.0,0.0,0.0,0.0
743,3.715,front_right_arm_to_hand,11,1.5,-1.0573656394896602e-09,1.5,0.0,0.0,-3.8873309016196345e-09,-3.8873309016196345e-09,0.0,0.0,0.0,1.3962633609771729,0.0,0.0,0.0,0.0,0.0,0.0,0.0,0.0
744,3.72,base_to_front_right_shoulder,3,0.3199368715286255,-8.85385986748588e-10,0.3490658402442932,0.0,0.0,0.7573392391204834,0.7573392391204834,0.0,0.0,0.0,1.3962633609771729,0.0,0.0,0.0,0.0,0.0,0.0,0.0,0.0
744,3.72,front_right_shoulder_to_arm,7,-0.7903102040290833,-2.253500497317873e-09,-0.7900000214576721,0.0,0.0,0.007435796782374382,0.007435796782374382,0.0,0.0,0.0,1.3962633609771729,0.0,0.0,0.0,0.0,0.0,0.0,0.0,0.0
744,3.72,front_right_arm_to_hand,11,1.5,6.353174653028759e-10,1.5,0.0,0.0,1.5860484037233391e-09,1.5860484037233391e-09,0.0,0.0,0.0,1.3962633609771729,0.0,0.0,0.0,0.0,0.0,0.0,0.0,0.0
745,3.725,base_to_front_right_shoulder,3,0.3199363350868225,2.8439899324439466e-09,0.3490658402442932,0.0,0.0,0.7573531866073608,0.7573531866073608,0.0,0.0,0.0,1.3962633609771729,0.0,0.0,0.0,0.0,0.0,0.0,0.0,0.0
745,3.725,front_right_shoulder_to_arm,7,-0.7903105616569519,1.760106727033417e-09,-0.7900000214576721,0.0,0.0,0.007444385904818773,0.007444385904818773,0.0,0.0,0.0,1.3962633609771729,0.0,0.0,0.0,0.0,0.0,0.0,0.0,0.0
745,3.725,front_right_arm_to_hand,11,1.5,-4.282454113546663e-10,1.5,0.0,0.0,-9.529761424431626e-10,-9.529761424431626e-10,0.0,0.0,0.0,1.3962633609771729,0.0,0.0,0.0,0.0,0.0,0.0,0.0,0.0
746,3.73,base_to_front_right_shoulder,3,0.31993579864501953,2.831640699696436e-09,0.3490658402442932,0.0,0.0,0.7573671340942383,0.7573671340942383,0.0,0.0,0.0,1.3962633609771729,0.0,0.0,0.0,0.0,0.0,0.0,0.0,0.0
746,3.73,front_right_shoulder_to_arm,7,-0.7903109192848206,1.6148007375704765e-09,-0.7900000214576721,0.0,0.0,0.007452961523085833,0.007452961523085833,0.0,0.0,0.0,1.3962633609771729,0.0,0.0,0.0,0.0,0.0,0.0,0.0,0.0
746,3.73,front_right_arm_to_hand,11,1.5,-1.748300615389553e-09,1.5,0.0,0.0,6.423681031542117e-10,6.423681031542117e-10,0.0,0.0,0.0,1.3962633609771729,0.0,0.0,0.0,0.0,0.0,0.0,0.0,0.0
747,3.735,base_to_front_right_shoulder,3,0.31993526220321655,2.8294024900787917e-09,0.3490658402442932,0.0,0.0,0.7573810815811157,0.7573810815811157,0.0,0.0,0.0,1.3962633609771729,0.0,0.0,0.0,0.0,0.0,0.0,0.0,0.0
747,3.735,front_right_shoulder_to_arm,7,-0.7903112769126892,6.258247253754234e-10,-0.7900000214576721,0.0,0.0,0.007461545057594776,0.007461545057594776,0.0,0.0,0.0,1.3962633609771729,0.0,0.0,0.0,0.0,0.0,0.0,0.0,0.0
747,3.735,front_right_arm_to_hand,11,1.5,-1.0178227149992836e-09,1.5,0.0,0.0,2.6224509230843296e-09,2.6224509230843296e-09,0.0,0.0,0.0,1.3962633609771729,0.0,0.0,0.0,0.0,0.0,0.0,0.0,0.0
748,3.74,base_to_front_right_shoulder,3,0.3199347257614136,-2.6647484219211037e-09,0.3490658402442932,0.0,0.0,0.7573950290679932,0.7573950290679932,0.0,0.0,0.0,1.3962633609771729,0.0,0.0,0.0,0.0,0.0,0.0,0.0,0.0
748,3.74,front_right_shoulder_to_arm,7,-0.7903116345405579,-7.144649316614959e-10,-0.7900000214576721,0.0,0.0,0.007470129989087582,0.007470129989087582,0.0,0.0,0.0,1.3962633609771729,0.0,0.0,0.0,0.0,0.0,0.0,0.0,0.0
748,3.74,front_right_arm_to_hand,11,1.5,-1.947676464553183e-10,1.5,0.0,0.0,1.5267340724989253e-09,1.5267340724989253e-09,0.0,0.0,0.0,1.3962633609771729,0.0,0.0,0.0,0.0,0.0,0.0,0.0,0.0
749,3.745,base_to_front_right_shoulder,3,0.3199341893196106,1.1376499742254964e-10,0.3490658402442932,0.0,0.0,0.7574089765548706,0.7574089765548706,0.0,0.0,0.0,1.3962633609771729,0.0,0.0,0.0,0.0,0.0,0.0,0.0,0.0
749,3.745,front_right_shoulder_to_arm,7,-0.7903119921684265,-9.781118137652811e-10,-0.7900000214576721,0.0,0.0,0.007478715386241674,0.007478715386241674,0.0,0.0,0.0,1.3962633609771729,0.0,0.0,0.0,0.0,0.0,0.0,0.0,0.0
749,3.745,front_right_arm_to_hand,11,1.5,-4.580048562630168e-10,1.5,0.0,0.0,2.9215146968297745e-10,2.9215146968297745e-10,0.0,0.0,0.0,1.3962633609771729,0.0,0.0,0.0,0.0,0.0,0.0,0.0,0.0
750,3.75,base_to_front_right_shoulder,3,0.3199336528778076,-8.945306717578205e-10,0.3490658402442932,0.0,0.0,0.757422924041748,0.757422924041748,0.0,0.0,0.0,1.3962633609771729,0.0,0.0,0.0,0.0,0.0,0.0,0.0,0.0
750,3.75,front_right_shoulder_to_arm,7,-0.7903123497962952,-2.1990658183312917e-09,-0.7900000214576721,0.0,0.0,0.007487298920750618,0.007487298920750618,0.0,0.0,0.0,1.3962633609771729,0.0,0.0,0.0,0.0,0.0,0.0,0.0,0.0
750,3.75,front_right_arm_to_hand,11,1.5,9.429695912999136e-11,1.5,0.0,0.0,6.870072843945252e-10,6.870072843945252e-10,0.0,0.0,0.0,1.3962633609771729,0.0,0.0,0.0,0.0,0.0,0.0,0.0,0.0
751,3.755,base_to_front_right_shoulder,3,0.31993311643600464,-8.954330610322359e-10,0.3490658402442932,0.0,0.0,0.7574368715286255,0.7574368715286255,0.0,0.0,0.0,1.3962633609771729,0.0,0.0,0.0,0.0,0.0,0.0,0.0,0.0
751,3.755,front_right_shoulder_to_arm,7,-0.7903127074241638,-1.6419789972133003e-09,-0.7900000214576721,0.0,0.0,0.007495884317904711,0.007495884317904711,0.0,0.0,0.0,1.3962633609771729,0.0,0.0,0.0,0.0,0.0,0.0,0.0,0.0
751,3.755,front_right_arm_to_hand,11,1.5,5.047237627842094e-11,1.5,0.0,0.0,-1.4144543869498705e-10,-1.4144543869498705e-10,0.0,0.0,0.0,1.3962633609771729,0.0,0.0,0.0,0.0,0.0,0.0,0.0,0.0
752,3.7600000000000002,base_to_front_right_shoulder,3,0.31993257999420166,1.0659491067599447e-09,0.3490658402442932,0.0,0.0,0.7574508190155029,0.7574508190155029,0.0,0.0,0.0,1.3962633609771729,0.0,0.0,0.0,0.0,0.0,0.0,0.0,0.0
752,3.7600000000000002,front_right_shoulder_to_arm,7,-0.7903130650520325,-3.244878143959795e-09,-0.7900000214576721,0.0,0.0,0.007504466455429792,0.007504466455429792,0.0,0.0,0.0,1.3962633609771729,0.0,0.0,0.0,0.0,0.0,0.0,0.0,0.0
752,3.7600000000000002,front_right_arm_to_hand,11,1.5,6.847850064772842e-10,1.5,0.0,0.0,-7.570856441763141e-11,-7.570856441763141e-11,0.0,0.0,0.0,1.3962633609771729,0.0,0.0,0.0,0.0,0.0,0.0,0.0,0.0
753,3.765,base_to_front_right_shoulder,3,0.3199320435523987,7.000977575444267e-11,0.3490658402442932,0.0,0.0,0.7574647665023804,0.7574647665023804,0.0,0.0,0.0,1.3962633609771729,0.0,0.0,0.0,0.0,0.0,0.0,0.0,0.0
753,3.765,front_right_shoulder_to_arm,7,-0.7903134226799011,-1.1217764495086158e-09,-0.7900000214576721,0.0,0.0,0.0075130523182451725,0.0075130523182451725,0.0,0.0,0.0,1.3962633609771729,0.0,0.0,0.0,0.0,0.0,0.0,0.0,0.0
753,3.765,front_right_arm_to_hand,11,1.5,4.6423984101373605e-10,1.5,0.0,0.0,-1.0271774542047751e-09,-1.0271774542047751e-09,0.0,0.0,0.0,1.3962633609771729,0.0,0.0,0.0,0.0,0.0,0.0,0.0,0.0
754,3.77,base_to_front_right_shoulder,3,0.3199315071105957,-8.849312393977016e-10,0.3490658402442932,0.0,0.0,0.7574787139892578,0.7574787139892578,0.0,0.0,0.0,1.3962633609771729,0.0,0.0,0.0,0.0,0.0,0.0,0.0,0.0
754,3.77,front_right_shoulder_to_arm,7,-0.7903137803077698,-6.832792109889851e-10,-0.7900000214576721,0.0,0.0,0.007521631196141243,0.007521631196141243,0.0,0.0,0.0,1.3962633609771729,0.0,0.0,0.0,0.0,0.0,0.0,0.0,0.0
754,3.77,front_right_arm_to_hand,11,1.5,-1.0058922583766616e-09,1.5,0.0,0.0,-6.963597476428163e-10,-6.963597476428163e-10,0.0,0.0,0.0,1.3962633609771729,0.0,0.0,0.0,0.0,0.0,0.0,0.0,0.0
755,3.775,base_to_front_right_shoulder,3,0.3199309706687927,2.8439899324439466e-09,0.3490658402442932,0.0,0.0,0.7574926614761353,0.7574926614761353,0.0,0.0,0.0,1.3962633609771729,0.0,0.0,0.0,0.0,0.0,0.0,0.0,0.0
755,3.775,front_right_shoulder_to_arm,7,-0.7903141379356384,-2.3158222006713913e-09,-0.7900000214576721,0.0,0.0,0.007530213799327612,0.007530213799327612,0.0,0.0,0.0,1.3962633609771729,0.0,0.0,0.0,0.0,0.0,0.0,0.0,0.0
755,3.775,front_right_arm_to_hand,11,1.5,1.2800995818906813e-09,1.5,0.0,0.0,1.5088383875649924e-09,1.5088383875649924e-09,0.0,0.0,0.0,1.3962633609771729,0.0,0.0,0.0,0.0,0.0,0.0,0.0,0.0
756,3.7800000000000002,base_to_front_right_shoulder,3,0.31993043422698975,4.594369329424808e-11,0.3490658402442932,0.0,0.0,0.7575066089630127,0.7575066089630127,0.0,0.0,0.0,1.3962633609771729,0.0,0.0,0.0,0.0,0.0,0.0,0.0,0.0
756,3.7800000000000002,front_right_shoulder_to_arm,7,-0.7903144955635071,-3.3995206649706233e-10,-0.7900000214576721,0.0,0.0,0.007538799662142992,0.007538799662142992,0.0,0.0,0.0,1.3962633609771729,0.0,0.0,0.0,0.0,0.0,0.0,0.0,0.0
756,3.7800000000000002,front_right_arm_to_hand,11,1.5,-4.884395110593687e-10,1.5,0.0,0.0,-1.920149372836022e-09,-1.920149372836022e-09,0.0,0.0,0.0,1.3962633609771729,0.0,0.0,0.0,0.0,0.0,0.0,0.0,0.0
757,3.785,base_to_front_right_shoulder,3,0.31992989778518677,1.0915357506746659e-10,0.3490658402442932,0.0,0.0,0.7575205564498901,0.7575205564498901,0.0,0.0,0.0,1.3962633609771729,0.0,0.0,0.0,0.0,0.0,0.0,0.0,0.0
757,3.785,front_right_shoulder_to_arm,7,-0.7903148531913757,-1.3208421023591654e-09,-0.7900000214576721,0.0,0.0,0.00754737900570035,0.00754737900570035,0.0,0.0,0.0,1.3962633609771729,0.0,0.0,0.0,0.0,0.0,0.0,0.0,0.0
757,3.785,front_right_arm_to_hand,11,1.5,-1.214291556195235e-09,1.5,0.0,0.0,7.32659266589053e-10,7.32659266589053e-10,0.0,0.0,0.0,1.3962633609771729,0.0,0.0,0.0,0.0,0.0,0.0,0.0,0.0
758,3.79,base_to_front_right_shoulder,3,0.3199293613433838,6.545519681822043e-11,0.3490658402442932,0.0,0.0,0.7575345039367676,0.7575345039367676,0.0,0.0,0.0,1.3962633609771729,0.0,0.0,0.0,0.0,0.0,0.0,0.0,0.0
758,3.79,front_right_shoulder_to_arm,7,-0.7903152108192444,-1.2063452459187829e-09,-0.7900000214576721,0.0,0.0,0.007555963937193155,0.007555963937193155,0.0,0.0,0.0,1.3962633609771729,0.0,0.0,0.0,0.0,0.0,0.0,0.0,0.0
758,3.79,front_right_arm_to_hand,11,1.5,-6.014311271229644e-11,1.5,0.0,0.0,1.8214373342928525e-09,1.8214373342928525e-09,0.0,0.0,0.0,1.3962633609771729,0.0,0.0,0.0,0.0,0.0,0.0,0.0,0.0
759,3.795,base_to_front_right_shoulder,3,0.3199288249015808,7.496936405004817e-11,0.3490658402442932,0.0,0.0,0.757548451423645,0.757548451423645,0.0,0.0,0.0,1.3962633609771729,0.0,0.0,0.0,0.0,0.0,0.0,0.0,0.0
759,3.795,front_right_shoulder_to_arm,7,-0.790315568447113,-7.981100225151749e-10,-0.7900000214576721,0.0,0.0,0.0075645470060408115,0.0075645470060408115,0.0,0.0,0.0,1.3962633609771729,0.0,0.0,0.0,0.0,0.0,0.0,0.0,0.0
759,3.795,front_right_arm_to_hand,11,1.5,9.762352037867572e-10,1.5,0.0,0.0,9.021466906844466e-11,9.021466906844466e-11,0.0,0.0,0.0,1.3962633609771729,0.0,0.0,0.0,0.0,0.0,0.0,0.0,0.0
760,3.8000000000000003,base_to_front_right_shoulder,3,0.31992828845977783,2.8002560270579124e-09,0.3490658402442932,0.0,0.0,0.7575623989105225,0.7575623989105225,0.0,0.0,0.0,1.3962633609771729,0.0,0.0,0.0,0.0,0.0,0.0,0.0,0.0
760,3.8000000000000003,front_right_shoulder_to_arm,7,-0.7903159260749817,1.1796075227721303e-09,-0.7900000214576721,0.0,0.0,0.007573129143565893,0.007573129143565893,0.0,0.0,0.0,1.3962633609771729,0.0,0.0,0.0,0.0,0.0,0.0,0.0,0.0
760,3.8000000000000003,front_right_arm_to_hand,11,1.5,-7.715708072453253e-10,1.5,0.0,0.0,-1.464352861191287e-09,-1.464352861191287e-09,0.0,0.0,0.0,1.3962633609771729,0.0,0.0,0.0,0.0,0.0,0.0,0.0,0.0
761,3.805,base_to_front_right_shoulder,3,0.31992775201797485,8.451905841866392e-11,0.3490658402442932,0.0,0.0,0.7575763463973999,0.7575763463973999,0.0,0.0,0.0,1.3962633609771729,0.0,0.0,0.0,0.0,0.0,0.0,0.0,0.0
761,3.805,front_right_shoulder_to_arm,7,-0.7903162837028503,-2.137781507371983e-09,-0.7900000214576721,0.0,0.0,0.007581708487123251,0.007581708487123251,0.0,0.0,0.0,1.3962633609771729,0.0,0.0,0.0,0.0,0.0,0.0,0.0,0.0
761,3.805,front_right_arm_to_hand,11,1.5,4.409078657729992e-11,1.5,0.0,0.0,1.157356210867988e-09,1.157356210867988e-09,0.0,0.0,0.0,1.3962633609771729,0.0,0.0,0.0,0.0,0.0,0.0,0.0,0.0
762,3.81,base_to_front_right_shoulder,3,0.3199272155761719,-8.813074714453251e-10,0.3490658402442932,0.0,0.0,0.7575902938842773,0.7575902938842773,0.0,0.0,0.0,1.3962633609771729,0.0,0.0,0.0,0.0,0.0,0.0,0.0,0.0
762,3.81,front_right_shoulder_to_arm,7,-0.790316641330719,2.7986146733383066e-10,-0.7900000214576721,0.0,0.0,0.007590297609567642,0.007590297609567642,0.0,0.0,0.0,1.3962633609771729,0.0,0.0,0.0,0.0,0.0,0.0,0.0,0.0
762,3.81,front_right_arm_to_hand,11,1.5,-1.172526242765315e-10,1.5,0.0,0.0,-6.613617986594988e-11,-6.613617986594988e-11,0.0,0.0,0.0,1.3962633609771729,0.0,0.0,0.0,0.0,0.0,0.0,0.0,0.0
763,3.815,base_to_front_right_shoulder,3,0.3199266791343689,6.538790842114395e-09,0.3490658402442932,0.0,0.0,0.7576042413711548,0.7576042413711548,0.0,0.0,0.0,1.3962633609771729,0.0,0.0,0.0,0.0,0.0,0.0,0.0,0.0
763,3.815,front_right_shoulder_to_arm,7,-0.7903169989585876,6.836629040662956e-10,-0.7900000214576721,0.0,0.0,0.007598876487463713,0.007598876487463713,0.0,0.0,0.0,1.3962633609771729,0.0,0.0,0.0,0.0,0.0,0.0,0.0,0.0
763,3.815,front_right_arm_to_hand,11,1.5,6.710251798658362e-11,1.5,0.0,0.0,1.7587893641479724e-10,1.7587893641479724e-10,0.0,0.0,0.0,1.3962633609771729,0.0,0.0,0.0,0.0,0.0,0.0,0.0,0.0
764,3.8200000000000003,base_to_front_right_shoulder,3,0.3199261426925659,1.5425882793351775e-11,0.3490658402442932,0.0,0.0,0.7576181888580322,0.7576181888580322,0.0,0.0,0.0,1.3962633609771729,0.0,0.0,0.0,0.0,0.0,0.0,0.0,0.0
764,3.8200000000000003,front_right_shoulder_to_arm,7,-0.7903173565864563,8.304539278469747e-10,-0.7900000214576721,0.0,0.0,0.007607458624988794,0.007607458624988794,0.0,0.0,0.0,1.3962633609771729,0.0,0.0,0.0,0.0,0.0,0.0,0.0,0.0
764,3.8200000000000003,front_right_arm_to_hand,11,1.5,-8.372915138998849e-10,1.5,0.0,0.0,-1.0065377697987543e-10,-1.0065377697987543e-10,0.0,0.0,0.0,1.3962633609771729,0.0,0.0,0.0,0.0,0.0,0.0,0.0,0.0
765,3.825,base_to_front_right_shoulder,3,0.31992560625076294,1.0750511592050316e-09,0.3490658402442932,0.0,0.0,0.7576321363449097,0.7576321363449097,0.0,0.0,0.0,1.3962633609771729,0.0,0.0,0.0,0.0,0.0,0.0,0.0,0.0
765,3.825,front_right_shoulder_to_arm,7,-0.790317714214325,1.2107364000257803e-09,-0.7900000214576721,0.0,0.0,0.007616041693836451,0.007616041693836451,0.0,0.0,0.0,1.3962633609771729,0.0,0.0,0.0,0.0,0.0,0.0,0.0,0.0
765,3.825,front_right_arm_to_hand,11,1.5,-1.6347072584466105e-09,1.5,0.0,0.0,1.2559372430942517e-09,1.2559372430942517e-09,0.0,0.0,0.0,1.3962633609771729,0.0,0.0,0.0,0.0,0.0,0.0,0.0,0.0
766,3.83,base_to_front_right_shoulder,3,0.31992506980895996,4.914824103252613e-11,0.3490658402442932,0.0,0.0,0.7576460838317871,0.7576460838317871,0.0,0.0,0.0,1.3962633609771729,0.0,0.0,0.0,0.0,0.0,0.0,0.0,0.0
766,3.83,front_right_shoulder_to_arm,7,-0.7903180718421936,-2.021351974690333e-09,-0.7900000214576721,0.0,0.0,0.007624623831361532,0.007624623831361532,0.0,0.0,0.0,1.3962633609771729,0.0,0.0,0.0,0.0,0.0,0.0,0.0,0.0
766,3.83,front_right_arm_to_hand,11,1.5,2.992427972081657e-10,1.5,0.0,0.0,2.4520607766476132e-09,2.4520607766476132e-09,0.0,0.0,0.0,1.3962633609771729,0.0,0.0,0.0,0.0,0.0,0.0,0.0,0.0
767,3.835,base_to_front_right_shoulder,3,0.319924533367157,-8.767528925091028e-10,0.3490658402442932,0.0,0.0,0.7576600313186646,0.7576600313186646,0.0,0.0,0.0,1.3962633609771729,0.0,0.0,0.0,0.0,0.0,0.0,0.0,0.0
767,3.835,front_right_shoulder_to_arm,7,-0.7903184294700623,-1.580509945142694e-09,-0.7900000214576721,0.0,0.0,0.0076332129538059235,0.0076332129538059235,0.0,0.0,0.0,1.3962633609771729,0.0,0.0,0.0,0.0,0.0,0.0,0.0,0.0
767,3.835,front_right_arm_to_hand,11,1.5,8.953241481535201e-10,1.5,0.0,0.0,-4.4886419581224857e-10,-4.4886419581224857e-10,0.0,0.0,0.0,1.3962633609771729,0.0,0.0,0.0,0.0,0.0,0.0,0.0,0.0
768,3.84,base_to_front_right_shoulder,3,0.319923996925354,6.408384933820344e-11,0.3490658402442932,0.0,0.0,0.757673978805542,0.757673978805542,0.0,0.0,0.0,1.3962633609771729,0.0,0.0,0.0,0.0,0.0,0.0,0.0,0.0
768,3.84,front_right_shoulder_to_arm,7,-0.7903187870979309,5.412346126831835e-10,-0.7900000214576721,0.0,0.0,0.007641795091331005,0.007641795091331005,0.0,0.0,0.0,1.3962633609771729,0.0,0.0,0.0,0.0,0.0,0.0,0.0,0.0
768,3.84,front_right_arm_to_hand,11,1.5,-2.5085300503491226e-09,1.5,0.0,0.0,-1.342986166719129e-09,-1.342986166719129e-09,0.0,0.0,0.0,1.3962633609771729,0.0,0.0,0.0,0.0,0.0,0.0,0.0,0.0
769,3.845,base_to_front_right_shoulder,3,0.319923460483551,7.416645075863926e-11,0.3490658402442932,0.0,0.0,0.7576879262924194,0.7576879262924194,0.0,0.0,0.0,1.3962633609771729,0.0,0.0,0.0,0.0,0.0,0.0,0.0,0.0
769,3.845,front_right_shoulder_to_arm,7,-0.7903191447257996,8.303047138724651e-10,-0.7900000214576721,0.0,0.0,0.007650374434888363,0.007650374434888363,0.0,0.0,0.0,1.3962633609771729,0.0,0.0,0.0,0.0,0.0,0.0,0.0,0.0
769,3.845,front_right_arm_to_hand,11,1.5,-5.99465588280168e-10,1.5,0.0,0.0,3.762794964501381e-09,3.762794964501381e-09,0.0,0.0,0.0,1.3962633609771729,0.0,0.0,0.0,0.0,0.0,0.0,0.0,0.0
770,3.85,base_to_front_right_shoulder,3,0.31992292404174805,3.005595772265224e-11,0.3490658402442932,0.0,0.0,0.7577018737792969,0.7577018737792969,0.0,0.0,0.0,1.3962633609771729,0.0,0.0,0.0,0.0,0.0,0.0,0.0,0.0
770,3.85,front_right_shoulder_to_arm,7,-0.7903195023536682,-2.1664234850504727e-09,-0.7900000214576721,0.0,0.0,0.007658957038074732,0.007658957038074732,0.0,0.0,0.0,1.3962633609771729,0.0,0.0,0.0,0.0,0.0,0.0,0.0,0.0
770,3.85,front_right_arm_to_hand,11,1.5,4.5808276616376986e-10,1.5,0.0,0.0,8.991983824202521e-10,8.991983824202521e-10,0.0,0.0,0.0,1.3962633609771729,0.0,0.0,0.0,0.0,0.0,0.0,0.0,0.0
771,3.855,base_to_front_right_shoulder,3,0.31992238759994507,4.006039944215445e-11,0.3490658402442932,0.0,0.0,0.7577158212661743,0.7577158212661743,0.0,0.0,0.0,1.3962633609771729,0.0,0.0,0.0,0.0,0.0,0.0,0.0,0.0
771,3.855,front_right_shoulder_to_arm,7,-0.7903198599815369,-4.029530487059674e-09,-0.7900000214576721,0.0,0.0,0.007667545694857836,0.007667545694857836,0.0,0.0,0.0,1.3962633609771729,0.0,0.0,0.0,0.0,0.0,0.0,0.0,0.0
771,3.855,front_right_arm_to_hand,11,1.5,1.1808752864439498e-09,1.5,0.0,0.0,-6.87124135367867e-10,-6.87124135367867e-10,0.0,0.0,0.0,1.3962633609771729,0.0,0.0,0.0,0.0,0.0,0.0,0.0,0.0
772,3.86,base_to_front_right_shoulder,3,0.3199218511581421,-2.7157369686392485e-09,0.3490658402442932,0.0,0.0,0.7577297687530518,0.7577297687530518,0.0,0.0,0.0,1.3962633609771729,0.0,0.0,0.0,0.0,0.0,0.0,0.0,0.0
772,3.86,front_right_shoulder_to_arm,7,-0.7903202176094055,-3.242170976136549e-09,-0.7900000214576721,0.0,0.0,0.007676132023334503,0.007676132023334503,0.0,0.0,0.0,1.3962633609771729,0.0,0.0,0.0,0.0,0.0,0.0,0.0,0.0
772,3.86,front_right_arm_to_hand,11,1.5,-1.991687093028105e-10,1.5,0.0,0.0,-1.7713128741547735e-09,-1.7713128741547735e-09,0.0,0.0,0.0,1.3962633609771729,0.0,0.0,0.0,0.0,0.0,0.0,0.0,0.0
773,3.865,base_to_front_right_shoulder,3,0.3199213147163391,1.06913233821615e-09,0.3490658402442932,0.0,0.0,0.7577437162399292,0.7577437162399292,0.0,0.0,0.0,1.3962633609771729,0.0,0.0,0.0,0.0,0.0,0.0,0.0,0.0
773,3.865,front_right_shoulder_to_arm,7,-0.7903205752372742,-1.790610326679598e-09,-0.7900000214576721,0.0,0.0,0.0076847136951982975,0.0076847136951982975,0.0,0.0,0.0,1.3962633609771729,0.0,0.0,0.0,0.0,0.0,0.0,0.0,0.0
773,3.865,front_right_arm_to_hand,11,1.5,1.5007934894839536e-09,1.5,0.0,0.0,2.9875307783200356e-10,2.9875307783200356e-10,0.0,0.0,0.0,1.3962633609771729,0.0,0.0,0.0,0.0,0.0,0.0,0.0,0.0
774,3.87,base_to_front_right_shoulder,3,0.31992077827453613,8.458300726488233e-11,0.3490658402442932,0.0,0.0,0.7577576637268066,0.7577576637268066,0.0,0.0,0.0,1.3962633609771729,0.0,0.0,0.0,0.0,0.0,0.0,0.0,0.0
774,3.87,front_right_shoulder_to_arm,7,-0.7903209328651428,2.37304931260951e-09,-0.7900000214576721,0.0,0.0,0.00769329397007823,0.00769329397007823,0.0,0.0,0.0,1.3962633609771729,0.0,0.0,0.0,0.0,0.0,0.0,0.0,0.0
774,3.87,front_right_arm_to_hand,11,1.5,-4.739089121130746e-10,1.5,0.0,0.0,-2.251190345248233e-09,-2.251190345248233e-09,0.0,0.0,0.0,1.3962633609771729,0.0,0.0,0.0,0.0,0.0,0.0,0.0,0.0
775,3.875,base_to_front_right_shoulder,3,0.31992024183273315,2.687130518097547e-09,0.3490658402442932,0.0,0.0,0.7577716112136841,0.7577716112136841,0.0,0.0,0.0,1.3962633609771729,0.0,0.0,0.0,0.0,0.0,0.0,0.0,0.0
775,3.875,front_right_shoulder_to_arm,7,-0.7903212904930115,-6.539480068568082e-10,-0.7900000214576721,0.0,0.0,0.007701869588345289,0.007701869588345289,0.0,0.0,0.0,1.3962633609771729,0.0,0.0,0.0,0.0,0.0,0.0,0.0,0.0
775,3.875,front_right_arm_to_hand,11,1.5,4.906469674992309e-10,1.5,0.0,0.0,7.108633681696119e-10,7.108633681696119e-10,0.0,0.0,0.0,1.3962633609771729,0.0,0.0,0.0,0.0,0.0,0.0,0.0,0.0
776,3.88,base_to_front_right_shoulder,3,0.3199197053909302,1.010008077173552e-09,0.3490658402442932,0.0,0.0,0.7577855587005615,0.7577855587005615,0.0,0.0,0.0,1.3962633609771729,0.0,0.0,0.0,0.0,0.0,0.0,0.0,0.0
776,3.88,front_right_shoulder_to_arm,7,-0.7903216481208801,-3.026841000064451e-10,-0.7900000214576721,0.0,0.0,0.007710458245128393,0.007710458245128393,0.0,0.0,0.0,1.3962633609771729,0.0,0.0,0.0,0.0,0.0,0.0,0.0,0.0
776,3.88,front_right_arm_to_hand,11,1.5,-2.092240380946464e-09,1.5,0.0,0.0,-7.359704512488463e-10,-7.359704512488463e-10,0.0,0.0,0.0,1.3962633609771729,0.0,0.0,0.0,0.0,0.0,0.0,0.0,0.0
777,3.8850000000000002,base_to_front_right_shoulder,3,0.3199191689491272,6.527841378556332e-09,0.3490658402442932,0.0,0.0,0.757799506187439,0.757799506187439,0.0,0.0,0.0,1.3962633609771729,0.0,0.0,0.0,0.0,0.0,0.0,0.0,0.0
777,3.8850000000000002,front_right_shoulder_to_arm,7,-0.7903220057487488,-4.267519670975162e-11,-0.7900000214576721,0.0,0.0,0.007719040382653475,0.007719040382653475,0.0,0.0,0.0,1.3962633609771729,0.0,0.0,0.0,0.0,0.0,0.0,0.0,0.0
777,3.8850000000000002,front_right_arm_to_hand,11,1.5,-2.0602635153466053e-09,1.5,0.0,0.0,3.1383606824419985e-09,3.1383606824419985e-09,0.0,0.0,0.0,1.3962633609771729,0.0,0.0,0.0,0.0,0.0,0.0,0.0,0.0
778,3.89,base_to_front_right_shoulder,3,0.3199186325073242,6.5420380224168184e-09,0.3490658402442932,0.0,0.0,0.7578134536743164,0.7578134536743164,0.0,0.0,0.0,1.3962633609771729,0.0,0.0,0.0,0.0,0.0,0.0,0.0,0.0
778,3.89,front_right_shoulder_to_arm,7,-0.7903223633766174,-1.5838637068554817e-09,-0.7900000214576721,0.0,0.0,0.007727622985839844,0.007727622985839844,0.0,0.0,0.0,1.3962633609771729,0.0,0.0,0.0,0.0,0.0,0.0,0.0,0.0
778,3.89,front_right_arm_to_hand,11,1.5,-7.643370936172289e-10,1.5,0.0,0.0,3.090395273019908e-09,3.090395273019908e-09,0.0,0.0,0.0,1.3962633609771729,0.0,0.0,0.0,0.0,0.0,0.0,0.0,0.0
779,3.895,base_to_front_right_shoulder,3,0.31991809606552124,8.451195299130632e-11,0.3490658402442932,0.0,0.0,0.7578274011611938,0.7578274011611938,0.0,0.0,0.0,1.3962633609771729,0.0,0.0,0.0,0.0,0.0,0.0,0.0,0.0
779,3.895,front_right_shoulder_to_arm,7,-0.7903227210044861,-1.2023804174532415e-09,-0.7900000214576721,0.0,0.0,0.007736208848655224,0.007736208848655224,0.0,0.0,0.0,1.3962633609771729,0.0,0.0,0.0,0.0,0.0,0.0,0.0,0.0
779,3.895,front_right_arm_to_hand,11,1.5,1.6385564016729859e-09,1.5,0.0,0.0,1.146505668181419e-09,1.146505668181419e-09,0.0,0.0,0.0,1.3962633609771729,0.0,0.0,0.0,0.0,0.0,0.0,0.0,0.0
780,3.9,base_to_front_right_shoulder,3,0.31991755962371826,6.494261128864309e-09,0.3490658402442932,0.0,0.0,0.7578413486480713,0.7578413486480713,0.0,0.0,0.0,1.3962633609771729,0.0,0.0,0.0,0.0,0.0,0.0,0.0,0.0
780,3.9,front_right_shoulder_to_arm,7,-0.7903230786323547,9.476579521106032e-10,-0.7900000214576721,0.0,0.0,0.007744791451841593,0.007744791451841593,0.0,0.0,0.0,1.3962633609771729,0.0,0.0,0.0,0.0,0.0,0.0,0.0,0.0
780,3.9,front_right_arm_to_hand,11,1.5,-2.2900985552354314e-09,1.5,0.0,0.0,-2.457834602509479e-09,-2.457834602509479e-09,0.0,0.0,0.0,1.3962633609771729,0.0,0.0,0.0,0.0,0.0,0.0,0.0,0.0
781,3.9050000000000002,base_to_front_right_shoulder,3,0.3199170231819153,8.684963859195705e-11,0.3490658402442932,0.0,0.0,0.7578552961349487,0.7578552961349487,0.0,0.0,0.0,1.3962633609771729,0.0,0.0,0.0,0.0,0.0,0.0,0.0,0.0
781,3.9050000000000002,front_right_shoulder_to_arm,7,-0.7903234362602234,-3.304378992652346e-10,-0.7900000214576721,0.0,0.0,0.007753370329737663,0.007753370329737663,0.0,0.0,0.0,1.3962633609771729,0.0,0.0,0.0,0.0,0.0,0.0,0.0,0.0
781,3.9050000000000002,front_right_arm_to_hand,11,1.5,-3.307765450433209e-10,1.5,0.0,0.0,3.4351477218308446e-09,3.4351477218308446e-09,0.0,0.0,0.0,1.3962633609771729,0.0,0.0,0.0,0.0,0.0,0.0,0.0,0.0
782,3.91,base_to_front_right_shoulder,3,0.3199164867401123,-1.009063055334991e-09,0.3490658402442932,0.0,0.0,0.7578692436218262,0.7578692436218262,0.0,0.0,0.0,1.3962633609771729,0.0,0.0,0.0,0.0,0.0,0.0,0.0,0.0
782,3.91,front_right_shoulder_to_arm,7,-0.790323793888092,-2.1790924620290753e-10,-0.7900000214576721,0.0,0.0,0.007761955726891756,0.007761955726891756,0.0,0.0,0.0,1.3962633609771729,0.0,0.0,0.0,0.0,0.0,0.0,0.0,0.0
782,3.91,front_right_arm_to_hand,11,1.5,-2.513041996721199e-10,1.5,0.0,0.0,4.961648314427691e-10,4.961648314427691e-10,0.0,0.0,0.0,1.3962633609771729,0.0,0.0,0.0,0.0,0.0,0.0,0.0,0.0
783,3.915,base_to_front_right_shoulder,3,0.3199159502983093,6.726708079440868e-11,0.3490658402442932,0.0,0.0,0.7578831911087036,0.7578831911087036,0.0,0.0,0.0,1.3962633609771729,0.0,0.0,0.0,0.0,0.0,0.0,0.0,0.0
783,3.915,front_right_shoulder_to_arm,7,-0.7903241515159607,-1.495600088219362e-09,-0.7900000214576721,0.0,0.0,0.007770538795739412,0.007770538795739412,0.0,0.0,0.0,1.3962633609771729,0.0,0.0,0.0,0.0,0.0,0.0,0.0,0.0
783,3.915,front_right_arm_to_hand,11,1.5,-3.0248020754797267e-10,1.5,0.0,0.0,3.769562995081799e-10,3.769562995081799e-10,0.0,0.0,0.0,1.3962633609771729,0.0,0.0,0.0,0.0,0.0,0.0,0.0,0.0
784,3.92,base_to_front_right_shoulder,3,0.31991541385650635,-2.3220536604640074e-11,0.3490658402442932,0.0,0.0,0.757897138595581,0.757897138595581,0.0,0.0,0.0,1.3962633609771729,0.0,0.0,0.0,0.0,0.0,0.0,0.0,0.0
784,3.92,front_right_shoulder_to_arm,7,-0.7903245091438293,4.2387426901768777e-10,-0.7900000214576721,0.0,0.0,0.007779124192893505,0.007779124192893505,0.0,0.0,0.0,1.3962633609771729,0.0,0.0,0.0,0.0,0.0,0.0,0.0,0.0
784,3.92,front_right_arm_to_hand,11,1.5,7.234624010976631e-10,1.5,0.0,0.0,4.53720311321959e-10,4.53720311321959e-10,0.0,0.0,0.0,1.3962633609771729,0.0,0.0,0.0,0.0,0.0,0.0,0.0,0.0
785,3.9250000000000003,base_to_front_right_shoulder,3,0.31991487741470337,8.230927051045e-11,0.3490658402442932,0.0,0.0,0.7579110860824585,0.7579110860824585,0.0,0.0,0.0,1.3962633609771729,0.0,0.0,0.0,0.0,0.0,0.0,0.0,0.0
785,3.9250000000000003,front_right_shoulder_to_arm,7,-0.790324866771698,-8.834248887978902e-10,-0.7900000214576721,0.0,0.0,0.007787703536450863,0.007787703536450863,0.0,0.0,0.0,1.3962633609771729,0.0,0.0,0.0,0.0,0.0,0.0,0.0,0.0
785,3.9250000000000003,front_right_arm_to_hand,11,1.5,-1.4269643799913467e-10,1.5,0.0,0.0,-1.0851936016464947e-09,-1.0851936016464947e-09,0.0,0.0,0.0,1.3962633609771729,0.0,0.0,0.0,0.0,0.0,0.0,0.0,0.0
786,3.93,base_to_front_right_shoulder,3,0.3199143409729004,7.362643827946158e-11,0.3490658402442932,0.0,0.0,0.7579250335693359,0.7579250335693359,0.0,0.0,0.0,1.3962633609771729,0.0,0.0,0.0,0.0,0.0,0.0,0.0,0.0
786,3.93,front_right_shoulder_to_arm,7,-0.7903252243995667,1.327457255229092e-09,-0.7900000214576721,0.0,0.0,0.007796289399266243,0.007796289399266243,0.0,0.0,0.0,1.3962633609771729,0.0,0.0,0.0,0.0,0.0,0.0,0.0,0.0
786,3.93,front_right_arm_to_hand,11,1.5,-1.7664398832550887e-09,1.5,0.0,0.0,2.14044656998702e-10,2.14044656998702e-10,0.0,0.0,0.0,1.3962633609771729,0.0,0.0,0.0,0.0,0.0,0.0,0.0,0.0
787,3.935,base_to_front_right_shoulder,3,0.3199138045310974,6.772182814529515e-11,0.3490658402442932,0.0,0.0,0.7579389810562134,0.7579389810562134,0.0,0.0,0.0,1.3962633609771729,0.0,0.0,0.0,0.0,0.0,0.0,0.0,0.0
787,3.935,front_right_shoulder_to_arm,7,-0.7903255820274353,-1.2726530940199154e-10,-0.7900000214576721,0.0,0.0,0.0078048682771623135,0.0078048682771623135,0.0,0.0,0.0,1.3962633609771729,0.0,0.0,0.0,0.0,0.0,0.0,0.0,0.0
787,3.935,front_right_arm_to_hand,11,1.5,1.7060963752868474e-11,1.5,0.0,0.0,2.649659824882633e-09,2.649659824882633e-09,0.0,0.0,0.0,1.3962633609771729,0.0,0.0,0.0,0.0,0.0,0.0,0.0,0.0
788,3.94,base_to_front_right_shoulder,3,0.31991326808929443,6.490175508133689e-09,0.3490658402442932,0.0,0.0,0.7579529285430908,0.7579529285430908,0.0,0.0,0.0,1.3962633609771729,0.0,0.0,0.0,0.0,0.0,0.0,0.0,0.0
788,3.94,front_right_shoulder_to_arm,7,-0.790325939655304,-1.4079191146265657e-09,-0.7900000214576721,0.0,0.0,0.007813453674316406,0.007813453674316406,0.0,0.0,0.0,1.3962633609771729,0.0,0.0,0.0,0.0,0.0,0.0,0.0,0.0
788,3.94,front_right_arm_to_hand,11,1.5,1.2453991171668122e-09,1.5,0.0,0.0,-2.559144562930271e-11,-2.559144562930271e-11,0.0,0.0,0.0,1.3962633609771729,0.0,0.0,0.0,0.0,0.0,0.0,0.0,0.0
789,3.9450000000000003,base_to_front_right_shoulder,3,0.31991273164749146,6.508820149520034e-09,0.3490658402442932,0.0,0.0,0.7579668760299683,0.7579668760299683,0.0,0.0,0.0,1.3962633609771729,0.0,0.0,0.0,0.0,0.0,0.0,0.0,0.0
789,3.9450000000000003,front_right_shoulder_to_arm,7,-0.7903262972831726,-1.4688836813547823e-09,-0.7900000214576721,0.0,0.0,0.007822039537131786,0.007822039537131786,0.0,0.0,0.0,1.3962633609771729,0.0,0.0,0.0,0.0,0.0,0.0,0.0,0.0
789,3.9450000000000003,front_right_arm_to_hand,11,1.5,-6.92521429090931e-10,1.5,0.0,0.0,-1.868098564727916e-09,-1.868098564727916e-09,0.0,0.0,0.0,1.3962633609771729,0.0,0.0,0.0,0.0,0.0,0.0,0.0,0.0
790,3.95,base_to_front_right_shoulder,3,0.3199121952056885,2.691670886179054e-09,0.3490658402442932,0.0,0.0,0.7579808235168457,0.7579808235168457,0.0,0.0,0.0,1.3962633609771729,0.0,0.0,0.0,0.0,0.0,0.0,0.0,0.0
790,3.95,front_right_shoulder_to_arm,7,-0.7903266549110413,-1.2051089015585603e-09,-0.7900000214576721,0.0,0.0,0.007830622605979443,0.007830622605979443,0.0,0.0,0.0,1.3962633609771729,0.0,0.0,0.0,0.0,0.0,0.0,0.0,0.0
790,3.95,front_right_arm_to_hand,11,1.5,-7.492227949157382e-10,1.5,0.0,0.0,1.038782171391972e-09,1.038782171391972e-09,0.0,0.0,0.0,1.3962633609771729,0.0,0.0,0.0,0.0,0.0,0.0,0.0,0.0
791,3.955,base_to_front_right_shoulder,3,0.3199116587638855,1.0531664429436205e-09,0.3490658402442932,0.0,0.0,0.7579947710037231,0.7579947710037231,0.0,0.0,0.0,1.3962633609771729,0.0,0.0,0.0,0.0,0.0,0.0,0.0,0.0
791,3.955,front_right_shoulder_to_arm,7,-0.7903270125389099,-5.338094410944905e-10,-0.7900000214576721,0.0,0.0,0.007839204743504524,0.007839204743504524,0.0,0.0,0.0,1.3962633609771729,0.0,0.0,0.0,0.0,0.0,0.0,0.0,0.0
791,3.955,front_right_arm_to_hand,11,1.5,-3.4635766477109087e-11,1.5,0.0,0.0,1.123834136862456e-09,1.123834136862456e-09,0.0,0.0,0.0,1.3962633609771729,0.0,0.0,0.0,0.0,0.0,0.0,0.0,0.0
792,3.96,base_to_front_right_shoulder,3,0.3199111223220825,-9.986393934013904e-10,0.3490658402442932,0.0,0.0,0.7580087184906006,0.7580087184906006,0.0,0.0,0.0,1.3962633609771729,0.0,0.0,0.0,0.0,0.0,0.0,0.0,0.0
792,3.96,front_right_shoulder_to_arm,7,-0.7903273701667786,-4.459366209630389e-10,-0.7900000214576721,0.0,0.0,0.007847786881029606,0.007847786881029606,0.0,0.0,0.0,1.3962633609771729,0.0,0.0,0.0,0.0,0.0,0.0,0.0,0.0
792,3.96,front_right_arm_to_hand,11,1.5,6.663161689068886e-10,1.5,0.0,0.0,5.195364971566363e-11,5.195364971566363e-11,0.0,0.0,0.0,1.3962633609771729,0.0,0.0,0.0,0.0,0.0,0.0,0.0,0.0
793,3.9650000000000003,base_to_front_right_shoulder,3,0.31991058588027954,8.932019568419491e-10,0.3490658402442932,0.0,0.0,0.758022665977478,0.758022665977478,0.0,0.0,0.0,1.3962633609771729,0.0,0.0,0.0,0.0,0.0,0.0,0.0,0.0
793,3.9650000000000003,front_right_shoulder_to_arm,7,-0.7903277277946472,-1.9321930722071556e-09,-0.7900000214576721,0.0,0.0,0.007856369949877262,0.007856369949877262,0.0,0.0,0.0,1.3962633609771729,0.0,0.0,0.0,0.0,0.0,0.0,0.0,0.0
793,3.9650000000000003,front_right_arm_to_hand,11,1.5,2.1649848580551634e-11,1.5,0.0,0.0,-9.994742811159085e-10,-9.994742811159085e-10,0.0,0.0,0.0,1.3962633609771729,0.0,0.0,0.0,0.0,0.0,0.0,0.0,0.0
794,3.97,base_to_front_right_shoulder,3,0.31991004943847656,2.6962183596879186e-09,0.3490658402442932,0.0,0.0,0.7580366134643555,0.7580366134643555,0.0,0.0,0.0,1.3962633609771729,0.0,0.0,0.0,0.0,0.0,0.0,0.0,0.0
794,3.97,front_right_shoulder_to_arm,7,-0.7903280854225159,-1.4638814604950312e-09,-0.7900000214576721,0.0,0.0,0.007864955812692642,0.007864955812692642,0.0,0.0,0.0,1.3962633609771729,0.0,0.0,0.0,0.0,0.0,0.0,0.0,0.0
794,3.97,front_right_arm_to_hand,11,1.5,-8.670958950851571e-10,1.5,0.0,0.0,-3.247477287082745e-11,-3.247477287082745e-11,0.0,0.0,0.0,1.3962633609771729,0.0,0.0,0.0,0.0,0.0,0.0,0.0,0.0
795,3.975,base_to_front_right_shoulder,3,0.3199095129966736,6.493799276086065e-09,0.3490658402442932,0.0,0.0,0.7580505609512329,0.7580505609512329,0.0,0.0,0.0,1.3962633609771729,0.0,0.0,0.0,0.0,0.0,0.0,0.0,0.0
795,3.975,front_right_shoulder_to_arm,7,-0.7903284430503845,7.184510764091101e-10,-0.7900000214576721,0.0,0.0,0.007873537950217724,0.007873537950217724,0.0,0.0,0.0,1.3962633609771729,0.0,0.0,0.0,0.0,0.0,0.0,0.0,0.0
795,3.975,front_right_arm_to_hand,11,1.5,-2.1389698345863906e-10,1.5,0.0,0.0,1.30064381487216e-09,1.30064381487216e-09,0.0,0.0,0.0,1.3962633609771729,0.0,0.0,0.0,0.0,0.0,0.0,0.0,0.0
796,3.98,base_to_front_right_shoulder,3,0.3199089765548706,2.807084342748567e-09,0.3490658402442932,0.0,0.0,0.7580645084381104,0.7580645084381104,0.0,0.0,0.0,1.3962633609771729,0.0,0.0,0.0,0.0,0.0,0.0,0.0,0.0
796,3.98,front_right_shoulder_to_arm,7,-0.7903288006782532,-2.538804722007626e-09,-0.7900000214576721,0.0,0.0,0.007882117293775082,0.007882117293775082,0.0,0.0,0.0,1.3962633609771729,0.0,0.0,0.0,0.0,0.0,0.0,0.0,0.0
796,3.98,front_right_arm_to_hand,11,1.5,1.4131176229170705e-09,1.5,0.0,0.0,3.208454613101708e-10,3.208454613101708e-10,0.0,0.0,0.0,1.3962633609771729,0.0,0.0,0.0,0.0,0.0,0.0,0.0,0.0
797,3.985,base_to_front_right_shoulder,3,0.3199084401130676,-6.230038707144558e-11,0.3490658402442932,0.0,0.0,0.7580784559249878,0.7580784559249878,0.0,0.0,0.0,1.3962633609771729,0.0,0.0,0.0,0.0,0.0,0.0,0.0,0.0
797,3.985,front_right_shoulder_to_arm,7,-0.7903291583061218,-4.746141257783165e-10,-0.7900000214576721,0.0,0.0,0.007890705950558186,0.007890705950558186,0.0,0.0,0.0,1.3962633609771729,0.0,0.0,0.0,0.0,0.0,0.0,0.0,0.0
797,3.985,front_right_arm_to_hand,11,1.5,-5.833277194611242e-10,1.5,0.0,0.0,-2.119676434375606e-09,-2.119676434375606e-09,0.0,0.0,0.0,1.3962633609771729,0.0,0.0,0.0,0.0,0.0,0.0,0.0,0.0
798,3.99,base_to_front_right_shoulder,3,0.31990790367126465,6.534172314331954e-09,0.3490658402442932,0.0,0.0,0.7580924034118652,0.7580924034118652,0.0,0.0,0.0,1.3962633609771729,0.0,0.0,0.0,0.0,0.0,0.0,0.0,0.0
798,3.99,front_right_shoulder_to_arm,7,-0.7903295159339905,1.5033450040391472e-09,-0.7900000214576721,0.0,0.0,0.007899285294115543,0.007899285294115543,0.0,0.0,0.0,1.3962633609771729,0.0,0.0,0.0,0.0,0.0,0.0,0.0,0.0
798,3.99,front_right_arm_to_hand,11,1.5,-5.520741641618088e-10,1.5,0.0,0.0,8.749915791916862e-10,8.749915791916862e-10,0.0,0.0,0.0,1.3962633609771729,0.0,0.0,0.0,0.0,0.0,0.0,0.0,0.0
799,3.995,base_to_front_right_shoulder,3,0.31990736722946167,2.728924641814956e-09,0.3490658402442932,0.0,0.0,0.7581063508987427,0.7581063508987427,0.0,0.0,0.0,1.3962633609771729,0.0,0.0,0.0,0.0,0.0,0.0,0.0,0.0
799,3.995,front_right_shoulder_to_arm,7,-0.7903298735618591,-3.2963214380288264e-09,-0.7900000214576721,0.0,0.0,0.007907864637672901,0.007907864637672901,0.0,0.0,0.0,1.3962633609771729,0.0,0.0,0.0,0.0,0.0,0.0,0.0,0.0
799,3.995,front_right_arm_to_hand,11,1.5,3.955544225497931e-10,1.5,0.0,0.0,8.281112462427132e-10,8.281112462427132e-10,0.0,0.0,0.0,1.3962633609771729,0.0,0.0,0.0,0.0,0.0,0.0,0.0,0.0
800,4.0,base_to_front_right_shoulder,3,0.3199068307876587,7.272404900504625e-11,0.3490658402442932,0.0,0.0,0.7581202983856201,0.7581202983856201,0.0,0.0,0.0,1.3962633609771729,0.0,0.0,0.0,0.0,0.0,0.0,0.0,0.0
800,4.0,front_right_shoulder_to_arm,7,-0.7903302311897278,7.189839834609302e-10,-0.7900000214576721,0.0,0.0,0.007916457019746304,0.007916457019746304,0.0,0.0,0.0,1.3962633609771729,0.0,0.0,0.0,0.0,0.0,0.0,0.0,0.0
800,4.0,front_right_arm_to_hand,11,1.5,-1.1686063228211196e-09,1.5,0.0,0.0,-5.933316060691141e-10,-5.933316060691141e-10,0.0,0.0,0.0,1.3962633609771729,0.0,0.0,0.0,0.0,0.0,0.0,0.0,0.0
801,4.005,base_to_front_right_shoulder,3,0.3199062943458557,2.7147777359459724e-09,0.3490658402442932,0.0,0.0,0.7581342458724976,0.7581342458724976,0.0,0.0,0.0,1.3962633609771729,0.0,0.0,0.0,0.0,0.0,0.0,0.0,0.0
801,4.005,front_right_shoulder_to_arm,7,-0.7903305888175964,7.139746571738215e-10,-0.7900000214576721,0.0,0.0,0.007925032638013363,0.007925032638013363,0.0,0.0,0.0,1.3962633609771729,0.0,0.0,0.0,0.0,0.0,0.0,0.0,0.0
801,4.005,front_right_arm_to_hand,11,1.5,-8.998690681494281e-10,1.5,0.0,0.0,1.7529094842316795e-09,1.7529094842316795e-09,0.0,0.0,0.0,1.3962633609771729,0.0,0.0,0.0,0.0,0.0,0.0,0.0,0.0
802,4.01,base_to_front_right_shoulder,3,0.31990575790405273,2.8061819534741517e-09,0.3490658402442932,0.0,0.0,0.758148193359375,0.758148193359375,0.0,0.0,0.0,1.3962633609771729,0.0,0.0,0.0,0.0,0.0,0.0,0.0,0.0
802,4.01,front_right_shoulder_to_arm,7,-0.7903309464454651,3.1341542694462987e-09,-0.7900000214576721,0.0,0.0,0.00793361570686102,0.00793361570686102,0.0,0.0,0.0,1.3962633609771729,0.0,0.0,0.0,0.0,0.0,0.0,0.0,0.0
802,4.01,front_right_arm_to_hand,11,1.5,-3.4799038650668024e-10,1.5,0.0,0.0,1.3498036022241422e-09,1.3498036022241422e-09,0.0,0.0,0.0,1.3962633609771729,0.0,0.0,0.0,0.0,0.0,0.0,0.0,0.0
803,4.015,base_to_front_right_shoulder,3,0.31990522146224976,2.7685160830515088e-09,0.3490658402442932,0.0,0.0,0.7581621408462524,0.7581621408462524,0.0,0.0,0.0,1.3962633609771729,0.0,0.0,0.0,0.0,0.0,0.0,0.0,0.0
803,4.015,front_right_shoulder_to_arm,7,-0.7903313040733337,-9.826095492826425e-11,-0.7900000214576721,0.0,0.0,0.007942194119095802,0.007942194119095802,0.0,0.0,0.0,1.3962633609771729,0.0,0.0,0.0,0.0,0.0,0.0,0.0,0.0
803,4.015,front_right_arm_to_hand,11,1.5,-1.840853358636707e-09,1.5,0.0,0.0,5.219855658822325e-10,5.219855658822325e-10,0.0,0.0,0.0,1.3962633609771729,0.0,0.0,0.0,0.0,0.0,0.0,0.0,0.0
804,4.0200000000000005,base_to_front_right_shoulder,3,0.3199046850204468,-1.588773557159584e-11,0.3490658402442932,0.0,0.0,0.7581760883331299,0.7581760883331299,0.0,0.0,0.0,1.3962633609771729,0.0,0.0,0.0,0.0,0.0,0.0,0.0,0.0
804,4.0200000000000005,front_right_shoulder_to_arm,7,-0.7903316617012024,3.6777692002942786e-10,-0.7900000214576721,0.0,0.0,0.007950782775878906,0.007950782775878906,0.0,0.0,0.0,1.3962633609771729,0.0,0.0,0.0,0.0,0.0,0.0,0.0,0.0
804,4.0200000000000005,front_right_arm_to_hand,11,1.5,-1.6936633207009777e-09,1.5,0.0,0.0,2.761280093466212e-09,2.761280093466212e-09,0.0,0.0,0.0,1.3962633609771729,0.0,0.0,0.0,0.0,0.0,0.0,0.0,0.0
805,4.025,base_to_front_right_shoulder,3,0.3199041485786438,8.490559366691741e-10,0.3490658402442932,0.0,0.0,0.7581900358200073,0.7581900358200073,0.0,0.0,0.0,1.3962633609771729,0.0,0.0,0.0,0.0,0.0,0.0,0.0,0.0
805,4.025,front_right_shoulder_to_arm,7,-0.790332019329071,-1.4384227142727468e-09,-0.7900000214576721,0.0,0.0,0.007959364913403988,0.007959364913403988,0.0,0.0,0.0,1.3962633609771729,0.0,0.0,0.0,0.0,0.0,0.0,0.0,0.0
805,4.025,front_right_arm_to_hand,11,1.5,1.3523849817786981e-09,1.5,0.0,0.0,2.5404949255403153e-09,2.5404949255403153e-09,0.0,0.0,0.0,1.3962633609771729,0.0,0.0,0.0,0.0,0.0,0.0,0.0,0.0
806,4.03,base_to_front_right_shoulder,3,0.3199036121368408,-4.406075504448381e-11,0.3490658402442932,0.0,0.0,0.7582039833068848,0.7582039833068848,0.0,0.0,0.0,1.3962633609771729,0.0,0.0,0.0,0.0,0.0,0.0,0.0,0.0
806,4.03,front_right_shoulder_to_arm,7,-0.7903323769569397,-2.36656205743202e-09,-0.7900000214576721,0.0,0.0,0.007967951707541943,0.007967951707541943,0.0,0.0,0.0,1.3962633609771729,0.0,0.0,0.0,0.0,0.0,0.0,0.0,0.0
806,4.03,front_right_arm_to_hand,11,1.5,1.4396492331592015e-10,1.5,0.0,0.0,-2.0285775281791985e-09,-2.0285775281791985e-09,0.0,0.0,0.0,1.3962633609771729,0.0,0.0,0.0,0.0,0.0,0.0,0.0,0.0
807,4.035,base_to_front_right_shoulder,3,0.31990307569503784,8.008527174752089e-11,0.3490658402442932,0.0,0.0,0.7582179307937622,0.7582179307937622,0.0,0.0,0.0,1.3962633609771729,0.0,0.0,0.0,0.0,0.0,0.0,0.0,0.0
807,4.035,front_right_shoulder_to_arm,7,-0.7903327345848083,-2.5707080908432545e-09,-0.7900000214576721,0.0,0.0,0.007976536639034748,0.007976536639034748,0.0,0.0,0.0,1.3962633609771729,0.0,0.0,0.0,0.0,0.0,0.0,0.0,0.0
807,4.035,front_right_arm_to_hand,11,1.5,9.550598090157791e-10,1.5,0.0,0.0,-2.1594738497388022e-10,-2.1594738497388022e-10,0.0,0.0,0.0,1.3962633609771729,0.0,0.0,0.0,0.0,0.0,0.0,0.0,0.0
808,4.04,base_to_front_right_shoulder,3,0.31990253925323486,6.496129856259358e-09,0.3490658402442932,0.0,0.0,0.7582318782806396,0.7582318782806396,0.0,0.0,0.0,1.3962633609771729,0.0,0.0,0.0,0.0,0.0,0.0,0.0,0.0
808,4.04,front_right_shoulder_to_arm,7,-0.790333092212677,-2.0479333784351184e-09,-0.7900000214576721,0.0,0.0,0.007985119707882404,0.007985119707882404,0.0,0.0,0.0,1.3962633609771729,0.0,0.0,0.0,0.0,0.0,0.0,0.0,0.0
808,4.04,front_right_arm_to_hand,11,1.5,2.194959769497018e-09,1.5,0.0,0.0,-1.4325897135236687e-09,-1.4325897135236687e-09,0.0,0.0,0.0,1.3962633609771729,0.0,0.0,0.0,0.0,0.0,0.0,0.0,0.0
809,4.045,base_to_front_right_shoulder,3,0.3199020028114319,6.530548546379578e-09,0.3490658402442932,0.0,0.0,0.7582458257675171,0.7582458257675171,0.0,0.0,0.0,1.3962633609771729,0.0,0.0,0.0,0.0,0.0,0.0,0.0,0.0
809,4.045,front_right_shoulder_to_arm,7,-0.7903334498405457,-1.2868639487351174e-10,-0.7900000214576721,0.0,0.0,0.007993701845407486,0.007993701845407486,0.0,0.0,0.0,1.3962633609771729,0.0,0.0,0.0,0.0,0.0,0.0,0.0,0.0
809,4.045,front_right_arm_to_hand,11,1.5,2.1139984207607654e-10,1.5,0.0,0.0,-3.292439654245527e-09,-3.292439654245527e-09,0.0,0.0,0.0,1.3962633609771729,0.0,0.0,0.0,0.0,0.0,0.0,0.0,0.0
810,4.05,base_to_front_right_shoulder,3,0.3199014663696289,-1.0114291626450722e-09,0.3490658402442932,0.0,0.0,0.7582597732543945,0.7582597732543945,0.0,0.0,0.0,1.3962633609771729,0.0,0.0,0.0,0.0,0.0,0.0,0.0,0.0
810,4.05,front_right_shoulder_to_arm,7,-0.7903338074684143,-1.4083454402680218e-09,-0.7900000214576721,0.0,0.0,0.008002281188964844,0.008002281188964844,0.0,0.0,0.0,1.3962633609771729,0.0,0.0,0.0,0.0,0.0,0.0,0.0,0.0
810,4.05,front_right_arm_to_hand,11,1.5,2.586834635387447e-10,1.5,0.0,0.0,-3.170997631141148e-10,-3.170997631141148e-10,0.0,0.0,0.0,1.3962633609771729,0.0,0.0,0.0,0.0,0.0,0.0,0.0,0.0
811,4.055,base_to_front_right_shoulder,3,0.3199009299278259,8.093081760307541e-11,0.3490658402442932,0.0,0.0,0.758273720741272,0.758273720741272,0.0,0.0,0.0,1.3962633609771729,0.0,0.0,0.0,0.0,0.0,0.0,0.0,0.0
811,4.055,front_right_shoulder_to_arm,7,-0.790334165096283,7.759126674500294e-10,-0.7900000214576721,0.0,0.0,0.008010867051780224,0.008010867051780224,0.0,0.0,0.0,1.3962633609771729,0.0,0.0,0.0,0.0,0.0,0.0,0.0,0.0
811,4.055,front_right_arm_to_hand,11,1.5,-6.516356343411189e-10,1.5,0.0,0.0,-3.880251953081171e-10,-3.880251953081171e-10,0.0,0.0,0.0,1.3962633609771729,0.0,0.0,0.0,0.0,0.0,0.0,0.0,0.0
812,4.0600000000000005,base_to_front_right_shoulder,3,0.31990039348602295,9.013874091579055e-10,0.3490658402442932,0.0,0.0,0.7582876682281494,0.7582876682281494,0.0,0.0,0.0,1.3962633609771729,0.0,0.0,0.0,0.0,0.0,0.0,0.0,0.0
812,4.0600000000000005,front_right_shoulder_to_arm,7,-0.7903345227241516,-2.5696351713122567e-09,-0.7900000214576721,0.0,0.0,0.008019445464015007,0.008019445464015007,0.0,0.0,0.0,1.3962633609771729,0.0,0.0,0.0,0.0,0.0,0.0,0.0,0.0
812,4.0600000000000005,front_right_arm_to_hand,11,1.5,2.05693240218352e-10,1.5,0.0,0.0,9.774534515116784e-10,9.774534515116784e-10,0.0,0.0,0.0,1.3962633609771729,0.0,0.0,0.0,0.0,0.0,0.0,0.0,0.0
813,4.065,base_to_front_right_shoulder,3,0.31989985704421997,6.51152731734328e-09,0.3490658402442932,0.0,0.0,0.7583016157150269,0.7583016157150269,0.0,0.0,0.0,1.3962633609771729,0.0,0.0,0.0,0.0,0.0,0.0,0.0,0.0
813,4.065,front_right_shoulder_to_arm,7,-0.7903348803520203,-2.2196857685230498e-09,-0.7900000214576721,0.0,0.0,0.008028035052120686,0.008028035052120686,0.0,0.0,0.0,1.3962633609771729,0.0,0.0,0.0,0.0,0.0,0.0,0.0,0.0
813,4.065,front_right_arm_to_hand,11,1.5,1.6428868265805363e-09,1.5,0.0,0.0,-3.08539860327528e-10,-3.08539860327528e-10,0.0,0.0,0.0,1.3962633609771729,0.0,0.0,0.0,0.0,0.0,0.0,0.0,0.0
814,4.07,base_to_front_right_shoulder,3,0.319899320602417,-1.0345431178393483e-09,0.3490658402442932,0.0,0.0,0.7583155632019043,0.7583155632019043,0.0,0.0,0.0,1.3962633609771729,0.0,0.0,0.0,0.0,0.0,0.0,0.0,0.0
814,4.07,front_right_shoulder_to_arm,7,-0.7903352379798889,-2.7111468625662383e-10,-0.7900000214576721,0.0,0.0,0.008036617189645767,0.008036617189645767,0.0,0.0,0.0,1.3962633609771729,0.0,0.0,0.0,0.0,0.0,0.0,0.0,0.0
814,4.07,front_right_arm_to_hand,11,1.5,-1.4218473620708494e-10,1.5,0.0,0.0,-2.4643302953819557e-09,-2.4643302953819557e-09,0.0,0.0,0.0,1.3962633609771729,0.0,0.0,0.0,0.0,0.0,0.0,0.0,0.0
815,4.075,base_to_front_right_shoulder,3,0.319898784160614,6.532374641210481e-09,0.3490658402442932,0.0,0.0,0.7583295106887817,0.7583295106887817,0.0,0.0,0.0,1.3962633609771729,0.0,0.0,0.0,0.0,0.0,0.0,0.0,0.0
815,4.075,front_right_shoulder_to_arm,7,-0.7903355956077576,-1.7266472696064739e-09,-0.7900000214576721,0.0,0.0,0.0080451974645257,0.0080451974645257,0.0,0.0,0.0,1.3962633609771729,0.0,0.0,0.0,0.0,0.0,0.0,0.0,0.0
815,4.075,front_right_arm_to_hand,11,1.5,6.910990668629324e-10,1.5,0.0,0.0,2.132771043106274e-10,2.132771043106274e-10,0.0,0.0,0.0,1.3962633609771729,0.0,0.0,0.0,0.0,0.0,0.0,0.0,0.0
816,4.08,base_to_front_right_shoulder,3,0.31989824771881104,-1.0956568985420745e-11,0.3490658402442932,0.0,0.0,0.7583434581756592,0.7583434581756592,0.0,0.0,0.0,1.3962633609771729,0.0,0.0,0.0,0.0,0.0,0.0,0.0,0.0
816,4.08,front_right_shoulder_to_arm,7,-0.7903359532356262,5.993712193230749e-10,-0.7900000214576721,0.0,0.0,0.008053782396018505,0.008053782396018505,0.0,0.0,0.0,1.3962633609771729,0.0,0.0,0.0,0.0,0.0,0.0,0.0,0.0
816,4.08,front_right_arm_to_hand,11,1.5,-3.4784369828955164e-11,1.5,0.0,0.0,-1.0366485447832474e-09,-1.0366485447832474e-09,0.0,0.0,0.0,1.3962633609771729,0.0,0.0,0.0,0.0,0.0,0.0,0.0,0.0
817,4.085,base_to_front_right_shoulder,3,0.31989771127700806,-1.030826979331323e-09,0.3490658402442932,0.0,0.0,0.7583574056625366,0.7583574056625366,0.0,0.0,0.0,1.3962633609771729,0.0,0.0,0.0,0.0,0.0,0.0,0.0,0.0
817,4.085,front_right_shoulder_to_arm,7,-0.7903363108634949,-2.6272815034644736e-09,-0.7900000214576721,0.0,0.0,0.008062361739575863,0.008062361739575863,0.0,0.0,0.0,1.3962633609771729,0.0,0.0,0.0,0.0,0.0,0.0,0.0,0.0
817,4.085,front_right_arm_to_hand,11,1.5,-3.929718217499101e-10,1.5,0.0,0.0,5.2176554743432746e-11,5.2176554743432746e-11,0.0,0.0,0.0,1.3962633609771729,0.0,0.0,0.0,0.0,0.0,0.0,0.0,0.0
818,4.09,base_to_front_right_shoulder,3,0.3198971748352051,-5.538680625249981e-11,0.3490658402442932,0.0,0.0,0.7583713531494141,0.7583713531494141,0.0,0.0,0.0,1.3962633609771729,0.0,0.0,0.0,0.0,0.0,0.0,0.0,0.0
818,4.09,front_right_shoulder_to_arm,7,-0.7903366684913635,-6.523421802739904e-10,-0.7900000214576721,0.0,0.0,0.008070950396358967,0.008070950396358967,0.0,0.0,0.0,1.3962633609771729,0.0,0.0,0.0,0.0,0.0,0.0,0.0,0.0
818,4.09,front_right_arm_to_hand,11,1.5,1.177225539272797e-10,1.5,0.0,0.0,5.894577048692895e-10,5.894577048692895e-10,0.0,0.0,0.0,1.3962633609771729,0.0,0.0,0.0,0.0,0.0,0.0,0.0,0.0
819,4.095,base_to_front_right_shoulder,3,0.3198966383934021,-1.0018652574217413e-09,0.3490658402442932,0.0,0.0,0.7583853006362915,0.7583853006362915,0.0,0.0,0.0,1.3962633609771729,0.0,0.0,0.0,0.0,0.0,0.0,0.0,0.0
819,4.095,front_right_shoulder_to_arm,7,-0.7903370261192322,-1.899920221148932e-09,-0.7900000214576721,0.0,0.0,0.008079529739916325,0.008079529739916325,0.0,0.0,0.0,1.3962633609771729,0.0,0.0,0.0,0.0,0.0,0.0,0.0,0.0
819,4.095,front_right_arm_to_hand,11,1.5,8.712138788169455e-10,1.5,0.0,0.0,-1.7658383089091956e-10,-1.7658383089091956e-10,0.0,0.0,0.0,1.3962633609771729,0.0,0.0,0.0,0.0,0.0,0.0,0.0,0.0
820,4.1,base_to_front_right_shoulder,3,0.3198961019515991,-6.302514066192089e-12,0.3490658402442932,0.0,0.0,0.758399248123169,0.758399248123169,0.0,0.0,0.0,1.3962633609771729,0.0,0.0,0.0,0.0,0.0,0.0,0.0,0.0
820,4.1,front_right_shoulder_to_arm,7,-0.7903373837471008,-1.4934187220205786e-09,-0.7900000214576721,0.0,0.0,0.008088115602731705,0.008088115602731705,0.0,0.0,0.0,1.3962633609771729,0.0,0.0,0.0,0.0,0.0,0.0,0.0,0.0
820,4.1,front_right_arm_to_hand,11,1.5,-2.8258018147653274e-10,1.5,0.0,0.0,-1.3068208737365694e-09,-1.3068208737365694e-09,0.0,0.0,0.0,1.3962633609771729,0.0,0.0,0.0,0.0,0.0,0.0,0.0,0.0
821,4.105,base_to_front_right_shoulder,3,0.31989556550979614,-2.141575805580942e-11,0.3490658402442932,0.0,0.0,0.7584131956100464,0.7584131956100464,0.0,0.0,0.0,1.3962633609771729,0.0,0.0,0.0,0.0,0.0,0.0,0.0,0.0
821,4.105,front_right_shoulder_to_arm,7,-0.7903377413749695,-1.1728005233635486e-09,-0.7900000214576721,0.0,0.0,0.008096697740256786,0.008096697740256786,0.0,0.0,0.0,1.3962633609771729,0.0,0.0,0.0,0.0,0.0,0.0,0.0,0.0
821,4.105,front_right_arm_to_hand,11,1.5,2.8767238591242972e-11,1.5,0.0,0.0,4.238702722147991e-10,4.238702722147991e-10,0.0,0.0,0.0,1.3962633609771729,0.0,0.0,0.0,0.0,0.0,0.0,0.0,0.0
822,4.11,base_to_front_right_shoulder,3,0.31989502906799316,-1.9596768652263563e-11,0.3490658402442932,0.0,0.0,0.7584271430969238,0.7584271430969238,0.0,0.0,0.0,1.3962633609771729,0.0,0.0,0.0,0.0,0.0,0.0,0.0,0.0
822,4.11,front_right_shoulder_to_arm,7,-0.7903380990028381,-9.399414580002485e-10,-0.7900000214576721,0.0,0.0,0.008105279877781868,0.008105279877781868,0.0,0.0,0.0,1.3962633609771729,0.0,0.0,0.0,0.0,0.0,0.0,0.0,0.0
822,4.11,front_right_arm_to_hand,11,1.5,-1.8984380734110573e-10,1.5,0.0,0.0,-4.315085788686446e-11,-4.315085788686446e-11,0.0,0.0,0.0,1.3962633609771729,0.0,0.0,0.0,0.0,0.0,0.0,0.0,0.0
823,4.115,base_to_front_right_shoulder,3,0.3198944926261902,-1.0349978651902347e-09,0.3490658402442932,0.0,0.0,0.7584410905838013,0.7584410905838013,0.0,0.0,0.0,1.3962633609771729,0.0,0.0,0.0,0.0,0.0,0.0,0.0,0.0
823,4.115,front_right_shoulder_to_arm,7,-0.7903384566307068,-2.5389326197000628e-09,-0.7900000214576721,0.0,0.0,0.008113862946629524,0.008113862946629524,0.0,0.0,0.0,1.3962633609771729,0.0,0.0,0.0,0.0,0.0,0.0,0.0,0.0
823,4.115,front_right_arm_to_hand,11,1.5,-4.781418039279117e-10,1.5,0.0,0.0,2.847657110116586e-10,2.847657110116586e-10,0.0,0.0,0.0,1.3962633609771729,0.0,0.0,0.0,0.0,0.0,0.0,0.0,0.0
824,4.12,base_to_front_right_shoulder,3,0.3198939561843872,9.531433420306712e-10,0.3490658402442932,0.0,0.0,0.7584550380706787,0.7584550380706787,0.0,0.0,0.0,1.3962633609771729,0.0,0.0,0.0,0.0,0.0,0.0,0.0,0.0
824,4.12,front_right_shoulder_to_arm,7,-0.7903388142585754,-2.6911806116913795e-10,-0.7900000214576721,0.0,0.0,0.008122448809444904,0.008122448809444904,0.0,0.0,0.0,1.3962633609771729,0.0,0.0,0.0,0.0,0.0,0.0,0.0,0.0
824,4.12,front_right_arm_to_hand,11,1.5,8.099892423452104e-10,1.5,0.0,0.0,7.172127336474432e-10,7.172127336474432e-10,0.0,0.0,0.0,1.3962633609771729,0.0,0.0,0.0,0.0,0.0,0.0,0.0,0.0
825,4.125,base_to_front_right_shoulder,3,0.31989341974258423,6.5351031253158e-09,0.3490658402442932,0.0,0.0,0.7584689855575562,0.7584689855575562,0.0,0.0,0.0,1.3962633609771729,0.0,0.0,0.0,0.0,0.0,0.0,0.0,0.0
825,4.125,front_right_shoulder_to_arm,7,-0.7903391718864441,-1.7548558162161498e-09,-0.7900000214576721,0.0,0.0,0.008131028153002262,0.008131028153002262,0.0,0.0,0.0,1.3962633609771729,0.0,0.0,0.0,0.0,0.0,0.0,0.0,0.0
825,4.125,front_right_arm_to_hand,11,1.5,-1.3581222257919023e-10,1.5,0.0,0.0,-1.2149838912733912e-09,-1.2149838912733912e-09,0.0,0.0,0.0,1.3962633609771729,0.0,0.0,0.0,0.0,0.0,0.0,0.0,0.0
826,4.13,base_to_front_right_shoulder,3,0.31989288330078125,-9.964651326299645e-11,0.3490658402442932,0.0,0.0,0.7584829330444336,0.7584829330444336,0.0,0.0,0.0,1.3962633609771729,0.0,0.0,0.0,0.0,0.0,0.0,0.0,0.0
826,4.13,front_right_shoulder_to_arm,7,-0.7903395295143127,-1.465664922761789e-09,-0.7900000214576721,0.0,0.0,0.008139613084495068,0.008139613084495068,0.0,0.0,0.0,1.3962633609771729,0.0,0.0,0.0,0.0,0.0,0.0,0.0,0.0
826,4.13,front_right_arm_to_hand,11,1.5,1.2196884613402403e-09,1.5,0.0,0.0,2.0371833386878535e-10,2.0371833386878535e-10,0.0,0.0,0.0,1.3962633609771729,0.0,0.0,0.0,0.0,0.0,0.0,0.0,0.0
827,4.135,base_to_front_right_shoulder,3,0.31989234685897827,-4.083489102413296e-11,0.3490658402442932,0.0,0.0,0.758496880531311,0.758496880531311,0.0,0.0,0.0,1.3962633609771729,0.0,0.0,0.0,0.0,0.0,0.0,0.0,0.0
827,4.135,front_right_shoulder_to_arm,7,-0.7903398871421814,-8.542500040675804e-10,-0.7900000214576721,0.0,0.0,0.008148196153342724,0.008148196153342724,0.0,0.0,0.0,1.3962633609771729,0.0,0.0,0.0,0.0,0.0,0.0,0.0,0.0
827,4.135,front_right_arm_to_hand,11,1.5,1.3272278831522044e-09,1.5,0.0,0.0,-1.8295327475215117e-09,-1.8295327475215117e-09,0.0,0.0,0.0,1.3962633609771729,0.0,0.0,0.0,0.0,0.0,0.0,0.0,0.0
828,4.14,base_to_front_right_shoulder,3,0.3198918104171753,-3.6855851703876397e-11,0.3490658402442932,0.0,0.0,0.7585108280181885,0.7585108280181885,0.0,0.0,0.0,1.3962633609771729,0.0,0.0,0.0,0.0,0.0,0.0,0.0,0.0
828,4.14,front_right_shoulder_to_arm,7,-0.79034024477005,-6.178879630169831e-10,-0.7900000214576721,0.0,0.0,0.008156778290867805,0.008156778290867805,0.0,0.0,0.0,1.3962633609771729,0.0,0.0,0.0,0.0,0.0,0.0,0.0,0.0
828,4.14,front_right_arm_to_hand,11,1.5,-1.702161300798366e-09,1.5,0.0,0.0,-1.990841713706004e-09,-1.990841713706004e-09,0.0,0.0,0.0,1.3962633609771729,0.0,0.0,0.0,0.0,0.0,0.0,0.0,0.0
829,4.1450000000000005,base_to_front_right_shoulder,3,0.3198912739753723,3.7138647712708917e-09,0.3490658402442932,0.0,0.0,0.7585247755050659,0.7585247755050659,0.0,0.0,0.0,1.3962633609771729,0.0,0.0,0.0,0.0,0.0,0.0,0.0,0.0
829,4.1450000000000005,front_right_shoulder_to_arm,7,-0.7903406023979187,-4.43833414465189e-10,-0.7900000214576721,0.0,0.0,0.008165360428392887,0.008165360428392887,0.0,0.0,0.0,1.3962633609771729,0.0,0.0,0.0,0.0,0.0,0.0,0.0,0.0
829,4.1450000000000005,front_right_arm_to_hand,11,1.5,-1.3549489308317675e-10,1.5,0.0,0.0,2.5532420622198515e-09,2.5532420622198515e-09,0.0,0.0,0.0,1.3962633609771729,0.0,0.0,0.0,0.0,0.0,0.0,0.0,0.0
830,4.15,base_to_front_right_shoulder,3,0.31989073753356934,-1.0605418765408103e-09,0.3490658402442932,0.0,0.0,0.7585387229919434,0.7585387229919434,0.0,0.0,0.0,1.3962633609771729,0.0,0.0,0.0,0.0,0.0,0.0,0.0,0.0
830,4.15,front_right_shoulder_to_arm,7,-0.7903409600257874,-1.8972201587530435e-09,-0.7900000214576721,0.0,0.0,0.008173943497240543,0.008173943497240543,0.0,0.0,0.0,1.3962633609771729,0.0,0.0,0.0,0.0,0.0,0.0,0.0,0.0
830,4.15,front_right_arm_to_hand,11,1.5,6.556974962990125e-10,1.5,0.0,0.0,2.0324233962476512e-10,2.0324233962476512e-10,0.0,0.0,0.0,1.3962633609771729,0.0,0.0,0.0,0.0,0.0,0.0,0.0,0.0
831,4.155,base_to_front_right_shoulder,3,0.31989020109176636,-2.7853701567437383e-09,0.3490658402442932,0.0,0.0,0.7585526704788208,0.7585526704788208,0.0,0.0,0.0,1.3962633609771729,0.0,0.0,0.0,0.0,0.0,0.0,0.0,0.0
831,4.155,front_right_shoulder_to_arm,7,-0.790341317653656,1.3776713103652583e-10,-0.7900000214576721,0.0,0.0,0.008182529360055923,0.008182529360055923,0.0,0.0,0.0,1.3962633609771729,0.0,0.0,0.0,0.0,0.0,0.0,0.0,0.0
831,4.155,front_right_arm_to_hand,11,1.5,-2.0923554555629664e-10,1.5,0.0,0.0,-9.835462444485188e-10,-9.835462444485188e-10,0.0,0.0,0.0,1.3962633609771729,0.0,0.0,0.0,0.0,0.0,0.0,0.0,0.0
832,4.16,base_to_front_right_shoulder,3,0.3198896646499634,6.5010610228455334e-09,0.3490658402442932,0.0,0.0,0.7585666179656982,0.7585666179656982,0.0,0.0,0.0,1.3962633609771729,0.0,0.0,0.0,0.0,0.0,0.0,0.0,0.0
832,4.16,front_right_shoulder_to_arm,7,-0.7903416752815247,-1.0860219390451675e-09,-0.7900000214576721,0.0,0.0,0.008191108703613281,0.008191108703613281,0.0,0.0,0.0,1.3962633609771729,0.0,0.0,0.0,0.0,0.0,0.0,0.0,0.0
832,4.16,front_right_arm_to_hand,11,1.5,-5.455457197101055e-10,1.5,0.0,0.0,3.1385333221223277e-10,3.1385333221223277e-10,0.0,0.0,0.0,1.3962633609771729,0.0,0.0,0.0,0.0,0.0,0.0,0.0,0.0
833,4.165,base_to_front_right_shoulder,3,0.3198891282081604,-1.0267555694554176e-09,0.3490658402442932,0.0,0.0,0.7585805654525757,0.7585805654525757,0.0,0.0,0.0,1.3962633609771729,0.0,0.0,0.0,0.0,0.0,0.0,0.0,0.0
833,4.165,front_right_shoulder_to_arm,7,-0.7903420329093933,-9.706511150398e-10,-0.7900000214576721,0.0,0.0,0.008199693635106087,0.008199693635106087,0.0,0.0,0.0,1.3962633609771729,0.0,0.0,0.0,0.0,0.0,0.0,0.0,0.0
833,4.165,front_right_arm_to_hand,11,1.5,1.3592875713897001e-09,1.5,0.0,0.0,8.183185795651582e-10,8.183185795651582e-10,0.0,0.0,0.0,1.3962633609771729,0.0,0.0,0.0,0.0,0.0,0.0,0.0,0.0
834,4.17,base_to_front_right_shoulder,3,0.3198885917663574,-9.052314453583676e-11,0.3490658402442932,0.0,0.0,0.7585945129394531,0.7585945129394531,0.0,0.0,0.0,1.3962633609771729,0.0,0.0,0.0,0.0,0.0,0.0,0.0,0.0
834,4.17,front_right_shoulder_to_arm,7,-0.790342390537262,-2.6502533501115977e-10,-0.7900000214576721,0.0,0.0,0.008208276703953743,0.008208276703953743,0.0,0.0,0.0,1.3962633609771729,0.0,0.0,0.0,0.0,0.0,0.0,0.0,0.0
834,4.17,front_right_arm_to_hand,11,1.5,-5.551480941612397e-10,1.5,0.0,0.0,-2.0389312460622477e-09,-2.0389312460622477e-09,0.0,0.0,0.0,1.3962633609771729,0.0,0.0,0.0,0.0,0.0,0.0,0.0,0.0
835,4.175,base_to_front_right_shoulder,3,0.31988805532455444,-9.93587434550136e-10,0.3490658402442932,0.0,0.0,0.7586084604263306,0.7586084604263306,0.0,0.0,0.0,1.3962633609771729,0.0,0.0,0.0,0.0,0.0,0.0,0.0,0.0
835,4.175,front_right_shoulder_to_arm,7,-0.7903427481651306,-1.8332002582610585e-10,-0.7900000214576721,0.0,0.0,0.008216858841478825,0.008216858841478825,0.0,0.0,0.0,1.3962633609771729,0.0,0.0,0.0,0.0,0.0,0.0,0.0,0.0
835,4.175,front_right_arm_to_hand,11,1.5,-6.227252047352749e-10,1.5,0.0,0.0,8.327221134862839e-10,8.327221134862839e-10,0.0,0.0,0.0,1.3962633609771729,0.0,0.0,0.0,0.0,0.0,0.0,0.0,0.0
836,4.18,base_to_front_right_shoulder,3,0.31988751888275146,-7.131717438824126e-11,0.3490658402442932,0.0,0.0,0.758622407913208,0.758622407913208,0.0,0.0,0.0,1.3962633609771729,0.0,0.0,0.0,0.0,0.0,0.0,0.0,0.0
836,4.18,front_right_shoulder_to_arm,7,-0.7903431057929993,-3.4990605968232558e-09,-0.7900000214576721,0.0,0.0,0.008225440979003906,0.008225440979003906,0.0,0.0,0.0,1.3962633609771729,0.0,0.0,0.0,0.0,0.0,0.0,0.0,0.0
836,4.18,front_right_arm_to_hand,11,1.5,2.206274052340973e-09,1.5,0.0,0.0,9.340878071029124e-10,9.340878071029124e-10,0.0,0.0,0.0,1.3962633609771729,0.0,0.0,0.0,0.0,0.0,0.0,0.0,0.0
837,4.1850000000000005,base_to_front_right_shoulder,3,0.3198869824409485,-5.590550244960468e-11,0.3490658402442932,0.0,0.0,0.7586363554000854,0.7586363554000854,0.0,0.0,0.0,1.3962633609771729,0.0,0.0,0.0,0.0,0.0,0.0,0.0,0.0
837,4.1850000000000005,front_right_shoulder_to_arm,7,-0.7903434634208679,-3.1228637453750707e-09,-0.7900000214576721,0.0,0.0,0.008234030567109585,0.008234030567109585,0.0,0.0,0.0,1.3962633609771729,0.0,0.0,0.0,0.0,0.0,0.0,0.0,0.0
837,4.1850000000000005,front_right_arm_to_hand,11,1.5,7.333164075973286e-10,1.5,0.0,0.0,-3.309410967489157e-09,-3.309410967489157e-09,0.0,0.0,0.0,1.3962633609771729,0.0,0.0,0.0,0.0,0.0,0.0,0.0,0.0
838,4.19,base_to_front_right_shoulder,3,0.3198864459991455,6.413678477201756e-09,0.3490658402442932,0.0,0.0,0.7586503028869629,0.7586503028869629,0.0,0.0,0.0,1.3962633609771729,0.0,0.0,0.0,0.0,0.0,0.0,0.0,0.0
838,4.19,front_right_shoulder_to_arm,7,-0.7903438210487366,-9.64988089435792e-10,-0.7900000214576721,0.0,0.0,0.008242612704634666,0.008242612704634666,0.0,0.0,0.0,1.3962633609771729,0.0,0.0,0.0,0.0,0.0,0.0,0.0,0.0
838,4.19,front_right_arm_to_hand,11,1.5,-8.731750322787946e-10,1.5,0.0,0.0,-1.0999745558848417e-09,-1.0999745558848417e-09,0.0,0.0,0.0,1.3962633609771729,0.0,0.0,0.0,0.0,0.0,0.0,0.0,0.0
839,4.195,base_to_front_right_shoulder,3,0.31988590955734253,3.6733922570419963e-09,0.3490658402442932,0.0,0.0,0.7586642503738403,0.7586642503738403,0.0,0.0,0.0,1.3962633609771729,0.0,0.0,0.0,0.0,0.0,0.0,0.0,0.0
839,4.195,front_right_shoulder_to_arm,7,-0.7903441786766052,-2.4515713903383585e-09,-0.7900000214576721,0.0,0.0,0.008251192048192024,0.008251192048192024,0.0,0.0,0.0,1.3962633609771729,0.0,0.0,0.0,0.0,0.0,0.0,0.0,0.0
839,4.195,front_right_arm_to_hand,11,1.5,8.657142780421623e-10,1.5,0.0,0.0,1.3097625206626162e-09,1.3097625206626162e-09,0.0,0.0,0.0,1.3962633609771729,0.0,0.0,0.0,0.0,0.0,0.0,0.0,0.0
840,4.2,base_to_front_right_shoulder,3,0.31988537311553955,2.692473799470463e-09,0.3490658402442932,0.0,0.0,0.7586781978607178,0.7586781978607178,0.0,0.0,0.0,1.3962633609771729,0.0,0.0,0.0,0.0,0.0,0.0,0.0,0.0
840,4.2,front_right_shoulder_to_arm,7,-0.7903445363044739,-3.2743230349296937e-10,-0.7900000214576721,0.0,0.0,0.008259777911007404,0.008259777911007404,0.0,0.0,0.0,1.3962633609771729,0.0,0.0,0.0,0.0,0.0,0.0,0.0,0.0
840,4.2,front_right_arm_to_hand,11,1.5,2.49195941659508e-10,1.5,0.0,0.0,-1.2985714725743946e-09,-1.2985714725743946e-09,0.0,0.0,0.0,1.3962633609771729,0.0,0.0,0.0,0.0,0.0,0.0,0.0,0.0
841,4.205,base_to_front_right_shoulder,3,0.3198848366737366,-6.729550250383909e-11,0.3490658402442932,0.0,0.0,0.7586921453475952,0.7586921453475952,0.0,0.0,0.0,1.3962633609771729,0.0,0.0,0.0,0.0,0.0,0.0,0.0,0.0
841,4.205,front_right_shoulder_to_arm,7,-0.7903448939323425,3.16397574806615e-10,-0.7900000214576721,0.0,0.0,0.008268357254564762,0.008268357254564762,0.0,0.0,0.0,1.3962633609771729,0.0,0.0,0.0,0.0,0.0,0.0,0.0,0.0
841,4.205,front_right_arm_to_hand,11,1.5,-9.944617351820284e-10,1.5,0.0,0.0,-3.7379391248926197e-10,-3.7379391248926197e-10,0.0,0.0,0.0,1.3962633609771729,0.0,0.0,0.0,0.0,0.0,0.0,0.0,0.0
842,4.21,base_to_front_right_shoulder,3,0.3198843002319336,3.6733851516146387e-09,0.3490658402442932,0.0,0.0,0.7587060928344727,0.7587060928344727,0.0,0.0,0.0,1.3962633609771729,0.0,0.0,0.0,0.0,0.0,0.0,0.0,0.0
842,4.21,front_right_shoulder_to_arm,7,-0.7903452515602112,-1.3160601497475e-09,-0.7900000214576721,0.0,0.0,0.00827693846076727,0.00827693846076727,0.0,0.0,0.0,1.3962633609771729,0.0,0.0,0.0,0.0,0.0,0.0,0.0,0.0
842,4.21,front_right_arm_to_hand,11,1.5,9.200625816774277e-10,1.5,0.0,0.0,1.4916925472618914e-09,1.4916925472618914e-09,0.0,0.0,0.0,1.3962633609771729,0.0,0.0,0.0,0.0,0.0,0.0,0.0,0.0
843,4.215,base_to_front_right_shoulder,3,0.3198837637901306,-3.8269831748038996e-11,0.3490658402442932,0.0,0.0,0.7587200403213501,0.7587200403213501,0.0,0.0,0.0,1.3962633609771729,0.0,0.0,0.0,0.0,0.0,0.0,0.0,0.0
843,4.215,front_right_shoulder_to_arm,7,-0.7903456091880798,9.253753319171665e-10,-0.7900000214576721,0.0,0.0,0.008285525254905224,0.008285525254905224,0.0,0.0,0.0,1.3962633609771729,0.0,0.0,0.0,0.0,0.0,0.0,0.0,0.0
843,4.215,front_right_arm_to_hand,11,1.5,-1.6944592395873315e-09,1.5,0.0,0.0,-1.3800938170049903e-09,-1.3800938170049903e-09,0.0,0.0,0.0,1.3962633609771729,0.0,0.0,0.0,0.0,0.0,0.0,0.0,0.0
844,4.22,base_to_front_right_shoulder,3,0.31988322734832764,-5.189804141991772e-11,0.3490658402442932,0.0,0.0,0.7587339878082275,0.7587339878082275,0.0,0.0,0.0,1.3962633609771729,0.0,0.0,0.0,0.0,0.0,0.0,0.0,0.0
844,4.22,front_right_shoulder_to_arm,7,-0.7903459668159485,-7.067129104143532e-10,-0.7900000214576721,0.0,0.0,0.008294103667140007,0.008294103667140007,0.0,0.0,0.0,1.3962633609771729,0.0,0.0,0.0,0.0,0.0,0.0,0.0,0.0
844,4.22,front_right_arm_to_hand,11,1.5,-1.6794508006512388e-09,1.5,0.0,0.0,2.541688859380997e-09,2.541688859380997e-09,0.0,0.0,0.0,1.3962633609771729,0.0,0.0,0.0,0.0,0.0,0.0,0.0,0.0
845,4.225,base_to_front_right_shoulder,3,0.31988269090652466,-8.596856559961452e-11,0.3490658402442932,0.0,0.0,0.758747935295105,0.758747935295105,0.0,0.0,0.0,1.3962633609771729,0.0,0.0,0.0,0.0,0.0,0.0,0.0,0.0
845,4.225,front_right_shoulder_to_arm,7,-0.7903463244438171,-6.387779194483301e-11,-0.7900000214576721,0.0,0.0,0.008302689529955387,0.008302689529955387,0.0,0.0,0.0,1.3962633609771729,0.0,0.0,0.0,0.0,0.0,0.0,0.0,0.0
845,4.225,front_right_arm_to_hand,11,1.5,-2.9422735359219132e-09,1.5,0.0,0.0,2.519176200976858e-09,2.519176200976858e-09,0.0,0.0,0.0,1.3962633609771729,0.0,0.0,0.0,0.0,0.0,0.0,0.0,0.0
846,4.23,base_to_front_right_shoulder,3,0.3198821544647217,6.3359948399011046e-09,0.3490658402442932,0.0,0.0,0.7587618827819824,0.7587618827819824,0.0,0.0,0.0,1.3962633609771729,0.0,0.0,0.0,0.0,0.0,0.0,0.0,0.0
846,4.23,front_right_shoulder_to_arm,7,-0.7903466820716858,-1.8359216369390197e-09,-0.7900000214576721,0.0,0.0,0.008311271667480469,0.008311271667480469,0.0,0.0,0.0,1.3962633609771729,0.0,0.0,0.0,0.0,0.0,0.0,0.0,0.0
846,4.23,front_right_arm_to_hand,11,1.5,-1.3859448033670674e-09,1.5,0.0,0.0,4.413410081838265e-09,4.413410081838265e-09,0.0,0.0,0.0,1.3962633609771729,0.0,0.0,0.0,0.0,0.0,0.0,0.0,0.0
847,4.235,base_to_front_right_shoulder,3,0.3198816180229187,-1.2966694384886068e-10,0.3490658402442932,0.0,0.0,0.7587758302688599,0.7587758302688599,0.0,0.0,0.0,1.3962633609771729,0.0,0.0,0.0,0.0,0.0,0.0,0.0,0.0
847,4.235,front_right_shoulder_to_arm,7,-0.7903470396995544,4.2788173004737473e-10,-0.7900000214576721,0.0,0.0,0.008319858461618423,0.008319858461618423,0.0,0.0,0.0,1.3962633609771729,0.0,0.0,0.0,0.0,0.0,0.0,0.0,0.0
847,4.235,front_right_arm_to_hand,11,1.5,-7.406664170872546e-10,1.5,0.0,0.0,2.0789172605617523e-09,2.0789172605617523e-09,0.0,0.0,0.0,1.3962633609771729,0.0,0.0,0.0,0.0,0.0,0.0,0.0,0.0
848,4.24,base_to_front_right_shoulder,3,0.3198810815811157,-1.0046221632364905e-09,0.3490658402442932,0.0,0.0,0.7587897777557373,0.7587897777557373,0.0,0.0,0.0,1.3962633609771729,0.0,0.0,0.0,0.0,0.0,0.0,0.0,0.0
848,4.24,front_right_shoulder_to_arm,7,-0.7903473973274231,-8.194689371521235e-10,-0.7900000214576721,0.0,0.0,0.008328436873853207,0.008328436873853207,0.0,0.0,0.0,1.3962633609771729,0.0,0.0,0.0,0.0,0.0,0.0,0.0,0.0
848,4.24,front_right_arm_to_hand,11,1.5,-4.54863618992718e-10,1.5,0.0,0.0,1.1109996256308818e-09,1.1109996256308818e-09,0.0,0.0,0.0,1.3962633609771729,0.0,0.0,0.0,0.0,0.0,0.0,0.0,0.0
849,4.245,base_to_front_right_shoulder,3,0.31988054513931274,-9.941274470293138e-10,0.3490658402442932,0.0,0.0,0.7588037252426147,0.7588037252426147,0.0,0.0,0.0,1.3962633609771729,0.0,0.0,0.0,0.0,0.0,0.0,0.0,0.0
849,4.245,front_right_shoulder_to_arm,7,-0.7903477549552917,3.0495996838908468e-09,-0.7900000214576721,0.0,0.0,0.008337022736668587,0.008337022736668587,0.0,0.0,0.0,1.3962633609771729,0.0,0.0,0.0,0.0,0.0,0.0,0.0,0.0
849,4.245,front_right_arm_to_hand,11,1.5,-4.2544556766443975e-10,1.5,0.0,0.0,6.822954423668648e-10,6.822954423668648e-10,0.0,0.0,0.0,1.3962633609771729,0.0,0.0,0.0,0.0,0.0,0.0,0.0,0.0
850,4.25,base_to_front_right_shoulder,3,0.31988000869750977,2.6920901063931524e-09,0.3490658402442932,0.0,0.0,0.7588176727294922,0.7588176727294922,0.0,0.0,0.0,1.3962633609771729,0.0,0.0,0.0,0.0,0.0,0.0,0.0,0.0
850,4.25,front_right_shoulder_to_arm,7,-0.7903481125831604,-2.599527704205684e-09,-0.7900000214576721,0.0,0.0,0.008345598354935646,0.008345598354935646,0.0,0.0,0.0,1.3962633609771729,0.0,0.0,0.0,0.0,0.0,0.0,0.0,0.0
850,4.25,front_right_arm_to_hand,11,1.5,6.218350279141305e-10,1.5,0.0,0.0,6.381683514966596e-10,6.381683514966596e-10,0.0,0.0,0.0,1.3962633609771729,0.0,0.0,0.0,0.0,0.0,0.0,0.0,0.0
851,4.255,base_to_front_right_shoulder,3,0.3198794722557068,6.3741580902387796e-09,0.3490658402442932,0.0,0.0,0.7588316202163696,0.7588316202163696,0.0,0.0,0.0,1.3962633609771729,0.0,0.0,0.0,0.0,0.0,0.0,0.0,0.0
851,4.255,front_right_shoulder_to_arm,7,-0.790348470211029,-1.72233427520041e-09,-0.7900000214576721,0.0,0.0,0.008354191668331623,0.008354191668331623,0.0,0.0,0.0,1.3962633609771729,0.0,0.0,0.0,0.0,0.0,0.0,0.0,0.0
851,4.255,front_right_arm_to_hand,11,1.5,-1.0533212080332532e-09,1.5,0.0,0.0,-9.327525418711957e-10,-9.327525418711957e-10,0.0,0.0,0.0,1.3962633609771729,0.0,0.0,0.0,0.0,0.0,0.0,0.0,0.0
852,4.26,base_to_front_right_shoulder,3,0.3198789358139038,-1.1961986956521287e-10,0.3490658402442932,0.0,0.0,0.7588455677032471,0.7588455677032471,0.0,0.0,0.0,1.3962633609771729,0.0,0.0,0.0,0.0,0.0,0.0,0.0,0.0
852,4.26,front_right_shoulder_to_arm,7,-0.7903488278388977,2.547082544879231e-10,-0.7900000214576721,0.0,0.0,0.00836277287453413,0.00836277287453413,0.0,0.0,0.0,1.3962633609771729,0.0,0.0,0.0,0.0,0.0,0.0,0.0,0.0
852,4.26,front_right_arm_to_hand,11,1.5,3.095061151814349e-10,1.5,0.0,0.0,1.5799818120498799e-09,1.5799818120498799e-09,0.0,0.0,0.0,1.3962633609771729,0.0,0.0,0.0,0.0,0.0,0.0,0.0,0.0
853,4.265,base_to_front_right_shoulder,3,0.31987839937210083,-9.940563927557378e-10,0.3490658402442932,0.0,0.0,0.7588595151901245,0.7588595151901245,0.0,0.0,0.0,1.3962633609771729,0.0,0.0,0.0,0.0,0.0,0.0,0.0,0.0
853,4.265,front_right_shoulder_to_arm,7,-0.7903491854667664,-1.1710596936609363e-09,-0.7900000214576721,0.0,0.0,0.008371352218091488,0.008371352218091488,0.0,0.0,0.0,1.3962633609771729,0.0,0.0,0.0,0.0,0.0,0.0,0.0,0.0
853,4.265,front_right_arm_to_hand,11,1.5,5.208561359992814e-10,1.5,0.0,0.0,-4.6425918664994015e-10,-4.6425918664994015e-10,0.0,0.0,0.0,1.3962633609771729,0.0,0.0,0.0,0.0,0.0,0.0,0.0,0.0
854,4.2700000000000005,base_to_front_right_shoulder,3,0.31987786293029785,6.396923879492533e-09,0.3490658402442932,0.0,0.0,0.758873462677002,0.758873462677002,0.0,0.0,0.0,1.3962633609771729,0.0,0.0,0.0,0.0,0.0,0.0,0.0,0.0
854,4.2700000000000005,front_right_shoulder_to_arm,7,-0.790349543094635,-5.835403271703399e-10,-0.7900000214576721,0.0,0.0,0.008379938080906868,0.008379938080906868,0.0,0.0,0.0,1.3962633609771729,0.0,0.0,0.0,0.0,0.0,0.0,0.0,0.0
854,4.2700000000000005,front_right_arm_to_hand,11,1.5,-8.0856499273807e-10,1.5,0.0,0.0,-7.812842039989221e-10,-7.812842039989221e-10,0.0,0.0,0.0,1.3962633609771729,0.0,0.0,0.0,0.0,0.0,0.0,0.0,0.0
855,4.275,base_to_front_right_shoulder,3,0.3198773264884949,-3.2237323921435745e-11,0.3490658402442932,0.0,0.0,0.7588874101638794,0.7588874101638794,0.0,0.0,0.0,1.3962633609771729,0.0,0.0,0.0,0.0,0.0,0.0,0.0,0.0
855,4.275,front_right_shoulder_to_arm,7,-0.7903499007225037,-5.580460538112675e-10,-0.7900000214576721,0.0,0.0,0.00838852021843195,0.00838852021843195,0.0,0.0,0.0,1.3962633609771729,0.0,0.0,0.0,0.0,0.0,0.0,0.0,0.0
855,4.275,front_right_arm_to_hand,11,1.5,8.97404539568214e-10,1.5,0.0,0.0,1.212847489107105e-09,1.212847489107105e-09,0.0,0.0,0.0,1.3962633609771729,0.0,0.0,0.0,0.0,0.0,0.0,0.0,0.0
856,4.28,base_to_front_right_shoulder,3,0.3198767900466919,2.7348079356670496e-09,0.3490658402442932,0.0,0.0,0.7589013576507568,0.7589013576507568,0.0,0.0,0.0,1.3962633609771729,0.0,0.0,0.0,0.0,0.0,0.0,0.0,0.0
856,4.28,front_right_shoulder_to_arm,7,-0.7903502583503723,2.0015278323626262e-10,-0.7900000214576721,0.0,0.0,0.008397103287279606,0.008397103287279606,0.0,0.0,0.0,1.3962633609771729,0.0,0.0,0.0,0.0,0.0,0.0,0.0,0.0
856,4.28,front_right_arm_to_hand,11,1.5,-2.5233544143077324e-09,1.5,0.0,0.0,-1.3461067815967453e-09,-1.3461067815967453e-09,0.0,0.0,0.0,1.3962633609771729,0.0,0.0,0.0,0.0,0.0,0.0,0.0,0.0
857,4.285,base_to_front_right_shoulder,3,0.3198762536048889,-2.8216575742590067e-09,0.3490658402442932,0.0,0.0,0.7589153051376343,0.7589153051376343,0.0,0.0,0.0,1.3962633609771729,0.0,0.0,0.0,0.0,0.0,0.0,0.0,0.0
857,4.285,front_right_shoulder_to_arm,7,-0.790350615978241,-1.7820696029957617e-09,-0.7900000214576721,0.0,0.0,0.008405685424804688,0.008405685424804688,0.0,0.0,0.0,1.3962633609771729,0.0,0.0,0.0,0.0,0.0,0.0,0.0,0.0
857,4.285,front_right_arm_to_hand,11,1.5,-7.95210342019459e-10,1.5,0.0,0.0,3.7850318435062036e-09,3.7850318435062036e-09,0.0,0.0,0.0,1.3962633609771729,0.0,0.0,0.0,0.0,0.0,0.0,0.0,0.0
858,4.29,base_to_front_right_shoulder,3,0.31987571716308594,2.691102451990446e-09,0.3490658402442932,0.0,0.0,0.7589292526245117,0.7589292526245117,0.0,0.0,0.0,1.3962633609771729,0.0,0.0,0.0,0.0,0.0,0.0,0.0,0.0
858,4.29,front_right_shoulder_to_arm,7,-0.7903509736061096,4.3152681428182404e-10,-0.7900000214576721,0.0,0.0,0.008414272218942642,0.008414272218942642,0.0,0.0,0.0,1.3962633609771729,0.0,0.0,0.0,0.0,0.0,0.0,0.0,0.0
858,4.29,front_right_arm_to_hand,11,1.5,-1.0841226805169413e-09,1.5,0.0,0.0,1.1928155130291884e-09,1.1928155130291884e-09,0.0,0.0,0.0,1.3962633609771729,0.0,0.0,0.0,0.0,0.0,0.0,0.0,0.0
859,4.295,base_to_front_right_shoulder,3,0.31987518072128296,2.6956357146445953e-09,0.3490658402442932,0.0,0.0,0.7589432001113892,0.7589432001113892,0.0,0.0,0.0,1.3962633609771729,0.0,0.0,0.0,0.0,0.0,0.0,0.0,0.0
859,4.295,front_right_shoulder_to_arm,7,-0.7903513312339783,-1.1410108413656417e-09,-0.7900000214576721,0.0,0.0,0.008422850631177425,0.008422850631177425,0.0,0.0,0.0,1.3962633609771729,0.0,0.0,0.0,0.0,0.0,0.0,0.0,0.0
859,4.295,front_right_arm_to_hand,11,1.5,-1.9675422402443132e-10,1.5,0.0,0.0,1.6261840762865631e-09,1.6261840762865631e-09,0.0,0.0,0.0,1.3962633609771729,0.0,0.0,0.0,0.0,0.0,0.0,0.0,0.0
860,4.3,base_to_front_right_shoulder,3,0.31987464427948,-1.0091554258906399e-09,0.3490658402442932,0.0,0.0,0.7589571475982666,0.7589571475982666,0.0,0.0,0.0,1.3962633609771729,0.0,0.0,0.0,0.0,0.0,0.0,0.0,0.0
860,4.3,front_right_shoulder_to_arm,7,-0.7903516888618469,-2.0122925548093917e-09,-0.7900000214576721,0.0,0.0,0.008431436493992805,0.008431436493992805,0.0,0.0,0.0,1.3962633609771729,0.0,0.0,0.0,0.0,0.0,0.0,0.0,0.0
860,4.3,front_right_arm_to_hand,11,1.5,-5.6442239770859715e-11,1.5,0.0,0.0,2.95131336036647e-10,2.95131336036647e-10,0.0,0.0,0.0,1.3962633609771729,0.0,0.0,0.0,0.0,0.0,0.0,0.0,0.0
861,4.305,base_to_front_right_shoulder,3,0.319874107837677,-4.7826631544012344e-11,0.3490658402442932,0.0,0.0,0.758971095085144,0.758971095085144,0.0,0.0,0.0,1.3962633609771729,0.0,0.0,0.0,0.0,0.0,0.0,0.0,0.0
861,4.305,front_right_shoulder_to_arm,7,-0.7903520464897156,-2.0705286374322895e-09,-0.7900000214576721,0.0,0.0,0.008440021425485611,0.008440021425485611,0.0,0.0,0.0,1.3962633609771729,0.0,0.0,0.0,0.0,0.0,0.0,0.0,0.0
861,4.305,front_right_arm_to_hand,11,1.5,6.86991630249878e-10,1.5,0.0,0.0,8.466335965628957e-11,8.466335965628957e-11,0.0,0.0,0.0,1.3962633609771729,0.0,0.0,0.0,0.0,0.0,0.0,0.0,0.0
862,4.3100000000000005,base_to_front_right_shoulder,3,0.319873571395874,-1.0040821507573128e-09,0.3490658402442932,0.0,0.0,0.7589850425720215,0.7589850425720215,0.0,0.0,0.0,1.3962633609771729,0.0,0.0,0.0,0.0,0.0,0.0,0.0,0.0
862,4.3100000000000005,front_right_shoulder_to_arm,7,-0.7903524041175842,-1.8096244502885384e-09,-0.7900000214576721,0.0,0.0,0.008448604494333267,0.008448604494333267,0.0,0.0,0.0,1.3962633609771729,0.0,0.0,0.0,0.0,0.0,0.0,0.0,0.0
862,4.3100000000000005,front_right_arm_to_hand,11,1.5,4.69071947950539e-10,1.5,0.0,0.0,-1.0304874731303926e-09,-1.0304874731303926e-09,0.0,0.0,0.0,1.3962633609771729,0.0,0.0,0.0,0.0,0.0,0.0,0.0,0.0
863,4.315,base_to_front_right_shoulder,3,0.31987303495407104,-4.9112713895738125e-11,0.3490658402442932,0.0,0.0,0.7589989900588989,0.7589989900588989,0.0,0.0,0.0,1.3962633609771729,0.0,0.0,0.0,0.0,0.0,0.0,0.0,0.0
863,4.315,front_right_shoulder_to_arm,7,-0.7903527617454529,-1.3994636560710205e-09,-0.7900000214576721,0.0,0.0,0.008457187563180923,0.008457187563180923,0.0,0.0,0.0,1.3962633609771729,0.0,0.0,0.0,0.0,0.0,0.0,0.0,0.0
863,4.315,front_right_arm_to_hand,11,1.5,-4.713822110424815e-10,1.5,0.0,0.0,-7.036079496813841e-10,-7.036079496813841e-10,0.0,0.0,0.0,1.3962633609771729,0.0,0.0,0.0,0.0,0.0,0.0,0.0,0.0
864,4.32,base_to_front_right_shoulder,3,0.31987249851226807,-7.367617627096479e-11,0.3490658402442932,0.0,0.0,0.7590129375457764,0.7590129375457764,0.0,0.0,0.0,1.3962633609771729,0.0,0.0,0.0,0.0,0.0,0.0,0.0,0.0
864,4.32,front_right_shoulder_to_arm,7,-0.7903531193733215,-1.0506084890948841e-09,-0.7900000214576721,0.0,0.0,0.008465769700706005,0.008465769700706005,0.0,0.0,0.0,1.3962633609771729,0.0,0.0,0.0,0.0,0.0,0.0,0.0,0.0
864,4.32,front_right_arm_to_hand,11,1.5,-4.2133624367224343e-10,1.5,0.0,0.0,7.070732888081466e-10,7.070732888081466e-10,0.0,0.0,0.0,1.3962633609771729,0.0,0.0,0.0,0.0,0.0,0.0,0.0,0.0
865,4.325,base_to_front_right_shoulder,3,0.3198719620704651,-8.272849072454846e-11,0.3490658402442932,0.0,0.0,0.7590268850326538,0.7590268850326538,0.0,0.0,0.0,1.3962633609771729,0.0,0.0,0.0,0.0,0.0,0.0,0.0,0.0
865,4.325,front_right_shoulder_to_arm,7,-0.7903534770011902,-2.5384423452123883e-09,-0.7900000214576721,0.0,0.0,0.008474351838231087,0.008474351838231087,0.0,0.0,0.0,1.3962633609771729,0.0,0.0,0.0,0.0,0.0,0.0,0.0,0.0
865,4.325,front_right_arm_to_hand,11,1.5,-1.9997625777534722e-10,1.5,0.0,0.0,6.320043377527895e-10,6.320043377527895e-10,0.0,0.0,0.0,1.3962633609771729,0.0,0.0,0.0,0.0,0.0,0.0,0.0,0.0
866,4.33,base_to_front_right_shoulder,3,0.3198714256286621,6.410928676814365e-09,0.3490658402442932,0.0,0.0,0.7590408325195312,0.7590408325195312,0.0,0.0,0.0,1.3962633609771729,0.0,0.0,0.0,0.0,0.0,0.0,0.0,0.0
866,4.33,front_right_shoulder_to_arm,7,-0.7903538346290588,-6.10000938650046e-11,-0.7900000214576721,0.0,0.0,0.008482937701046467,0.008482937701046467,0.0,0.0,0.0,1.3962633609771729,0.0,0.0,0.0,0.0,0.0,0.0,0.0,0.0
866,4.33,front_right_arm_to_hand,11,1.5,-1.283569028842635e-09,1.5,0.0,0.0,2.9996438666302083e-10,2.9996438666302083e-10,0.0,0.0,0.0,1.3962633609771729,0.0,0.0,0.0,0.0,0.0,0.0,0.0,0.0
867,4.335,base_to_front_right_shoulder,3,0.31987088918685913,-9.227818509316421e-11,0.3490658402442932,0.0,0.0,0.7590547800064087,0.7590547800064087,0.0,0.0,0.0,1.3962633609771729,0.0,0.0,0.0,0.0,0.0,0.0,0.0,0.0
867,4.335,front_right_shoulder_to_arm,7,-0.7903541922569275,-1.6644818856548227e-09,-0.7900000214576721,0.0,0.0,0.00849151611328125,0.00849151611328125,0.0,0.0,0.0,1.3962633609771729,0.0,0.0,0.0,0.0,0.0,0.0,0.0,0.0
867,4.335,front_right_arm_to_hand,11,1.5,-1.2906347102159543e-09,1.5,0.0,0.0,1.925353654286255e-09,1.925353654286255e-09,0.0,0.0,0.0,1.3962633609771729,0.0,0.0,0.0,0.0,0.0,0.0,0.0,0.0
868,4.34,base_to_front_right_shoulder,3,0.31987035274505615,1.7352519421365287e-09,0.3490658402442932,0.0,0.0,0.7590687274932861,0.7590687274932861,0.0,0.0,0.0,1.3962633609771729,0.0,0.0,0.0,0.0,0.0,0.0,0.0,0.0
868,4.34,front_right_shoulder_to_arm,7,-0.7903545498847961,2.8892088721477194e-10,-0.7900000214576721,0.0,0.0,0.00850010197609663,0.00850010197609663,0.0,0.0,0.0,1.3962633609771729,0.0,0.0,0.0,0.0,0.0,0.0,0.0,0.0
868,4.34,front_right_arm_to_hand,11,1.5,-3.653939373293724e-10,1.5,0.0,0.0,1.9359520653239315e-09,1.9359520653239315e-09,0.0,0.0,0.0,1.3962633609771729,0.0,0.0,0.0,0.0,0.0,0.0,0.0,0.0
869,4.345,base_to_front_right_shoulder,3,0.3198698163032532,2.6666171493161528e-09,0.3490658402442932,0.0,0.0,0.7590826749801636,0.7590826749801636,0.0,0.0,0.0,1.3962633609771729,0.0,0.0,0.0,0.0,0.0,0.0,0.0,0.0
869,4.345,front_right_shoulder_to_arm,7,-0.7903549075126648,-1.0510703418731282e-09,-0.7900000214576721,0.0,0.0,0.008508681319653988,0.008508681319653988,0.0,0.0,0.0,1.3962633609771729,0.0,0.0,0.0,0.0,0.0,0.0,0.0,0.0
869,4.345,front_right_arm_to_hand,11,1.5,-4.138825393518175e-11,1.5,0.0,0.0,5.480909059940586e-10,5.480909059940586e-10,0.0,0.0,0.0,1.3962633609771729,0.0,0.0,0.0,0.0,0.0,0.0,0.0,0.0
870,4.3500000000000005,base_to_front_right_shoulder,3,0.3198692798614502,6.3960641227822634e-09,0.3490658402442932,0.0,0.0,0.759096622467041,0.759096622467041,0.0,0.0,0.0,1.3962633609771729,0.0,0.0,0.0,0.0,0.0,0.0,0.0,0.0
870,4.3500000000000005,front_right_shoulder_to_arm,7,-0.7903552651405334,-8.197531542464276e-10,-0.7900000214576721,0.0,0.0,0.008517267182469368,0.008517267182469368,0.0,0.0,0.0,1.3962633609771729,0.0,0.0,0.0,0.0,0.0,0.0,0.0,0.0
870,4.3500000000000005,front_right_arm_to_hand,11,1.5,2.7579349914930162e-09,1.5,0.0,0.0,6.208238090277263e-11,6.208238090277263e-11,0.0,0.0,0.0,1.3962633609771729,0.0,0.0,0.0,0.0,0.0,0.0,0.0,0.0
871,4.355,base_to_front_right_shoulder,3,0.3198687434196472,-1.3511680663214065e-10,0.3490658402442932,0.0,0.0,0.7591105699539185,0.7591105699539185,0.0,0.0,0.0,1.3962633609771729,0.0,0.0,0.0,0.0,0.0,0.0,0.0,0.0
871,4.355,front_right_shoulder_to_arm,7,-0.7903556227684021,-2.965521161968354e-10,-0.7900000214576721,0.0,0.0,0.008525850251317024,0.008525850251317024,0.0,0.0,0.0,1.3962633609771729,0.0,0.0,0.0,0.0,0.0,0.0,0.0,0.0
871,4.355,front_right_arm_to_hand,11,1.5,8.037538412608569e-10,1.5,0.0,0.0,-4.136902376217222e-09,-4.136902376217222e-09,0.0,0.0,0.0,1.3962633609771729,0.0,0.0,0.0,0.0,0.0,0.0,0.0,0.0
872,4.36,base_to_front_right_shoulder,3,0.31986820697784424,6.410935782241722e-09,0.3490658402442932,0.0,0.0,0.7591245174407959,0.7591245174407959,0.0,0.0,0.0,1.3962633609771729,0.0,0.0,0.0,0.0,0.0,0.0,0.0,0.0
872,4.36,front_right_shoulder_to_arm,7,-0.7903559803962708,8.544276397515205e-11,-0.7900000214576721,0.0,0.0,0.008534432388842106,0.008534432388842106,0.0,0.0,0.0,1.3962633609771729,0.0,0.0,0.0,0.0,0.0,0.0,0.0,0.0
872,4.36,front_right_arm_to_hand,11,1.5,5.887354492806196e-11,1.5,0.0,0.0,-1.2056307063801341e-09,-1.2056307063801341e-09,0.0,0.0,0.0,1.3962633609771729,0.0,0.0,0.0,0.0,0.0,0.0,0.0,0.0
873,4.365,base_to_front_right_shoulder,3,0.31986767053604126,6.430589394312847e-09,0.3490658402442932,0.0,0.0,0.7591384649276733,0.7591384649276733,0.0,0.0,0.0,1.3962633609771729,0.0,0.0,0.0,0.0,0.0,0.0,0.0,0.0
873,4.365,front_right_shoulder_to_arm,7,-0.7903563380241394,-1.8095391851602471e-09,-0.7900000214576721,0.0,0.0,0.008543014526367188,0.008543014526367188,0.0,0.0,0.0,1.3962633609771729,0.0,0.0,0.0,0.0,0.0,0.0,0.0,0.0
873,4.365,front_right_arm_to_hand,11,1.5,2.1740387268209815e-09,1.5,0.0,0.0,-8.831031739209294e-11,-8.831031739209294e-11,0.0,0.0,0.0,1.3962633609771729,0.0,0.0,0.0,0.0,0.0,0.0,0.0,0.0
874,4.37,base_to_front_right_shoulder,3,0.3198671340942383,6.387359974269202e-09,0.3490658402442932,0.0,0.0,0.7591524124145508,0.7591524124145508,0.0,0.0,0.0,1.3962633609771729,0.0,0.0,0.0,0.0,0.0,0.0,0.0,0.0
874,4.37,front_right_shoulder_to_arm,7,-0.7903566956520081,-1.1656737797238748e-09,-0.7900000214576721,0.0,0.0,0.008551601320505142,0.008551601320505142,0.0,0.0,0.0,1.3962633609771729,0.0,0.0,0.0,0.0,0.0,0.0,0.0,0.0
874,4.37,front_right_arm_to_hand,11,1.5,-1.497211687961908e-09,1.5,0.0,0.0,-3.2610580902314723e-09,-3.2610580902314723e-09,0.0,0.0,0.0,1.3962633609771729,0.0,0.0,0.0,0.0,0.0,0.0,0.0,0.0
875,4.375,base_to_front_right_shoulder,3,0.3198665976524353,2.5793056579459517e-09,0.3490658402442932,0.0,0.0,0.7591663599014282,0.7591663599014282,0.0,0.0,0.0,1.3962633609771729,0.0,0.0,0.0,0.0,0.0,0.0,0.0,0.0
875,4.375,front_right_shoulder_to_arm,7,-0.7903570532798767,-2.85689338852535e-09,-0.7900000214576721,0.0,0.0,0.00856018252670765,0.00856018252670765,0.0,0.0,0.0,1.3962633609771729,0.0,0.0,0.0,0.0,0.0,0.0,0.0,0.0
875,4.375,front_right_arm_to_hand,11,1.5,8.457113342963396e-10,1.5,0.0,0.0,2.245817531942862e-09,2.245817531942862e-09,0.0,0.0,0.0,1.3962633609771729,0.0,0.0,0.0,0.0,0.0,0.0,0.0,0.0
876,4.38,base_to_front_right_shoulder,3,0.3198660612106323,2.61384514033125e-09,0.3490658402442932,0.0,0.0,0.7591803073883057,0.7591803073883057,0.0,0.0,0.0,1.3962633609771729,0.0,0.0,0.0,0.0,0.0,0.0,0.0,0.0
876,4.38,front_right_shoulder_to_arm,7,-0.7903574109077454,-4.692424226959702e-10,-0.7900000214576721,0.0,0.0,0.008568769320845604,0.008568769320845604,0.0,0.0,0.0,1.3962633609771729,0.0,0.0,0.0,0.0,0.0,0.0,0.0,0.0
876,4.38,front_right_arm_to_hand,11,1.5,1.2312004193937298e-10,1.5,0.0,0.0,-1.268567029200085e-09,-1.268567029200085e-09,0.0,0.0,0.0,1.3962633609771729,0.0,0.0,0.0,0.0,0.0,0.0,0.0,0.0
877,4.385,base_to_front_right_shoulder,3,0.31986552476882935,8.362306402887043e-10,0.3490658402442932,0.0,0.0,0.7591942548751831,0.7591942548751831,0.0,0.0,0.0,1.3962633609771729,0.0,0.0,0.0,0.0,0.0,0.0,0.0,0.0
877,4.385,front_right_shoulder_to_arm,7,-0.790357768535614,-3.2250113690679427e-10,-0.7900000214576721,0.0,0.0,0.008577347733080387,0.008577347733080387,0.0,0.0,0.0,1.3962633609771729,0.0,0.0,0.0,0.0,0.0,0.0,0.0,0.0
877,4.385,front_right_arm_to_hand,11,1.5,1.3915024688060385e-09,1.5,0.0,0.0,-1.8468006290905947e-10,-1.8468006290905947e-10,0.0,0.0,0.0,1.3962633609771729,0.0,0.0,0.0,0.0,0.0,0.0,0.0,0.0
878,4.39,base_to_front_right_shoulder,3,0.31986498832702637,-4.9183768169314135e-11,0.3490658402442932,0.0,0.0,0.7592082023620605,0.7592082023620605,0.0,0.0,0.0,1.3962633609771729,0.0,0.0,0.0,0.0,0.0,0.0,0.0,0.0
878,4.39,front_right_shoulder_to_arm,7,-0.7903581261634827,1.6999024410324637e-10,-0.7900000214576721,0.0,0.0,0.008585930801928043,0.008585930801928043,0.0,0.0,0.0,1.3962633609771729,0.0,0.0,0.0,0.0,0.0,0.0,0.0,0.0
878,4.39,front_right_arm_to_hand,11,1.5,1.7770738214295534e-09,1.5,0.0,0.0,-2.0872537032090577e-09,-2.0872537032090577e-09,0.0,0.0,0.0,1.3962633609771729,0.0,0.0,0.0,0.0,0.0,0.0,0.0,0.0
879,4.3950000000000005,base_to_front_right_shoulder,3,0.3198644518852234,-7.821654435247183e-11,0.3490658402442932,0.0,0.0,0.759222149848938,0.759222149848938,0.0,0.0,0.0,1.3962633609771729,0.0,0.0,0.0,0.0,0.0,0.0,0.0,0.0
879,4.3950000000000005,front_right_shoulder_to_arm,7,-0.7903584837913513,-1.137941296747158e-09,-0.7900000214576721,0.0,0.0,0.008594512939453125,0.008594512939453125,0.0,0.0,0.0,1.3962633609771729,0.0,0.0,0.0,0.0,0.0,0.0,0.0,0.0
879,4.3950000000000005,front_right_arm_to_hand,11,1.5,-8.67475868915335e-10,1.5,0.0,0.0,-2.6656108431666325e-09,-2.6656108431666325e-09,0.0,0.0,0.0,1.3962633609771729,0.0,0.0,0.0,0.0,0.0,0.0,0.0,0.0
880,4.4,base_to_front_right_shoulder,3,0.3198639154434204,-2.141149479939486e-10,0.3490658402442932,0.0,0.0,0.7592360973358154,0.7592360973358154,0.0,0.0,0.0,1.3962633609771729,0.0,0.0,0.0,0.0,0.0,0.0,0.0,0.0
880,4.4,front_right_shoulder_to_arm,7,-0.79035884141922,-1.1117222697976104e-09,-0.7900000214576721,0.0,0.0,0.00860309787094593,0.00860309787094593,0.0,0.0,0.0,1.3962633609771729,0.0,0.0,0.0,0.0,0.0,0.0,0.0,0.0
880,4.4,front_right_arm_to_hand,11,1.5,-3.027409434253059e-10,1.5,0.0,0.0,1.3012138033730025e-09,1.3012138033730025e-09,0.0,0.0,0.0,1.3962633609771729,0.0,0.0,0.0,0.0,0.0,0.0,0.0,0.0
881,4.405,base_to_front_right_shoulder,3,0.31986337900161743,8.203002721529629e-10,0.3490658402442932,0.0,0.0,0.7592500448226929,0.7592500448226929,0.0,0.0,0.0,1.3962633609771729,0.0,0.0,0.0,0.0,0.0,0.0,0.0,0.0
881,4.405,front_right_shoulder_to_arm,7,-0.7903591990470886,1.51426604588778e-09,-0.7900000214576721,0.0,0.0,0.008611680939793587,0.008611680939793587,0.0,0.0,0.0,1.3962633609771729,0.0,0.0,0.0,0.0,0.0,0.0,0.0,0.0
881,4.405,front_right_arm_to_hand,11,1.5,-1.9410935081509706e-09,1.5,0.0,0.0,4.5411141513795883e-10,4.5411141513795883e-10,0.0,0.0,0.0,1.3962633609771729,0.0,0.0,0.0,0.0,0.0,0.0,0.0,0.0
882,4.41,base_to_front_right_shoulder,3,0.31986284255981445,-4.418865273692063e-11,0.3490658402442932,0.0,0.0,0.7592639923095703,0.7592639923095703,0.0,0.0,0.0,1.3962633609771729,0.0,0.0,0.0,0.0,0.0,0.0,0.0,0.0
882,4.41,front_right_shoulder_to_arm,7,-0.7903595566749573,-3.538715986906027e-10,-0.7900000214576721,0.0,0.0,0.00862025935202837,0.00862025935202837,0.0,0.0,0.0,1.3962633609771729,0.0,0.0,0.0,0.0,0.0,0.0,0.0,0.0
882,4.41,front_right_arm_to_hand,11,1.5,-6.375486250043139e-11,1.5,0.0,0.0,2.911640262226456e-09,2.911640262226456e-09,0.0,0.0,0.0,1.3962633609771729,0.0,0.0,0.0,0.0,0.0,0.0,0.0,0.0
883,4.415,base_to_front_right_shoulder,3,0.3198623061180115,-1.1513776598803815e-09,0.3490658402442932,0.0,0.0,0.7592779397964478,0.7592779397964478,0.0,0.0,0.0,1.3962633609771729,0.0,0.0,0.0,0.0,0.0,0.0,0.0,0.0
883,4.415,front_right_shoulder_to_arm,7,-0.7903599143028259,-1.5441798950632801e-09,-0.7900000214576721,0.0,0.0,0.008628846146166325,0.008628846146166325,0.0,0.0,0.0,1.3962633609771729,0.0,0.0,0.0,0.0,0.0,0.0,0.0,0.0
883,4.415,front_right_arm_to_hand,11,1.5,-6.685585418608753e-10,1.5,0.0,0.0,9.563229375064708e-11,9.563229375064708e-11,0.0,0.0,0.0,1.3962633609771729,0.0,0.0,0.0,0.0,0.0,0.0,0.0,0.0
884,4.42,base_to_front_right_shoulder,3,0.3198617696762085,-1.1860024073939712e-09,0.3490658402442932,0.0,0.0,0.7592918872833252,0.7592918872833252,0.0,0.0,0.0,1.3962633609771729,0.0,0.0,0.0,0.0,0.0,0.0,0.0,0.0
884,4.42,front_right_shoulder_to_arm,7,-0.7903602719306946,-3.17345438816119e-09,-0.7900000214576721,0.0,0.0,0.00863743107765913,0.00863743107765913,0.0,0.0,0.0,1.3962633609771729,0.0,0.0,0.0,0.0,0.0,0.0,0.0,0.0
884,4.42,front_right_arm_to_hand,11,1.5,2.97011693017879e-10,1.5,0.0,0.0,1.002837812791313e-09,1.002837812791313e-09,0.0,0.0,0.0,1.3962633609771729,0.0,0.0,0.0,0.0,0.0,0.0,0.0,0.0
885,4.425,base_to_front_right_shoulder,3,0.3198612332344055,2.613333549561503e-09,0.3490658402442932,0.0,0.0,0.7593058347702026,0.7593058347702026,0.0,0.0,0.0,1.3962633609771729,0.0,0.0,0.0,0.0,0.0,0.0,0.0,0.0
885,4.425,front_right_shoulder_to_arm,7,-0.7903606295585632,-1.2229008916619932e-09,-0.7900000214576721,0.0,0.0,0.00864601694047451,0.00864601694047451,0.0,0.0,0.0,1.3962633609771729,0.0,0.0,0.0,0.0,0.0,0.0,0.0,0.0
885,4.425,front_right_arm_to_hand,11,1.5,-4.0869604922555425e-10,1.5,0.0,0.0,-4.455175395268185e-10,-4.455175395268185e-10,0.0,0.0,0.0,1.3962633609771729,0.0,0.0,0.0,0.0,0.0,0.0,0.0,0.0
886,4.43,base_to_front_right_shoulder,3,0.31986069679260254,2.6178952339250827e-09,0.3490658402442932,0.0,0.0,0.7593197822570801,0.7593197822570801,0.0,0.0,0.0,1.3962633609771729,0.0,0.0,0.0,0.0,0.0,0.0,0.0,0.0
886,4.43,front_right_shoulder_to_arm,7,-0.7903609871864319,-7.30402405224595e-10,-0.7900000214576721,0.0,0.0,0.008654596284031868,0.008654596284031868,0.0,0.0,0.0,1.3962633609771729,0.0,0.0,0.0,0.0,0.0,0.0,0.0,0.0
886,4.43,front_right_arm_to_hand,11,1.5,-5.913153300340923e-11,1.5,0.0,0.0,6.130440599605436e-10,6.130440599605436e-10,0.0,0.0,0.0,1.3962633609771729,0.0,0.0,0.0,0.0,0.0,0.0,0.0,0.0
887,4.4350000000000005,base_to_front_right_shoulder,3,0.31986016035079956,-4.055777935718652e-11,0.3490658402442932,0.0,0.0,0.7593337297439575,0.7593337297439575,0.0,0.0,0.0,1.3962633609771729,0.0,0.0,0.0,0.0,0.0,0.0,0.0,0.0
887,4.4350000000000005,front_right_shoulder_to_arm,7,-0.7903613448143005,1.570164442910027e-09,-0.7900000214576721,0.0,0.0,0.00866317842155695,0.00866317842155695,0.0,0.0,0.0,1.3962633609771729,0.0,0.0,0.0,0.0,0.0,0.0,0.0,0.0
887,4.4350000000000005,front_right_arm_to_hand,11,1.5,1.375076164045197e-10,1.5,0.0,0.0,8.869729950511385e-11,8.869729950511385e-11,0.0,0.0,0.0,1.3962633609771729,0.0,0.0,0.0,0.0,0.0,0.0,0.0,0.0
888,4.44,base_to_front_right_shoulder,3,0.3198596239089966,-1.9469581502562505e-10,0.3490658402442932,0.0,0.0,0.759347677230835,0.759347677230835,0.0,0.0,0.0,1.3962633609771729,0.0,0.0,0.0,0.0,0.0,0.0,0.0,0.0
888,4.44,front_right_shoulder_to_arm,7,-0.7903617024421692,-3.235811618651496e-11,-0.7900000214576721,0.0,0.0,0.008671757765114307,0.008671757765114307,0.0,0.0,0.0,1.3962633609771729,0.0,0.0,0.0,0.0,0.0,0.0,0.0,0.0
888,4.44,front_right_arm_to_hand,11,1.5,-8.676813156860419e-10,1.5,0.0,0.0,-2.0626142460677954e-10,-2.0626142460677954e-10,0.0,0.0,0.0,1.3962633609771729,0.0,0.0,0.0,0.0,0.0,0.0,0.0,0.0
889,4.445,base_to_front_right_shoulder,3,0.3198590874671936,6.4396559196211456e-09,0.3490658402442932,0.0,0.0,0.7593616247177124,0.7593616247177124,0.0,0.0,0.0,1.3962633609771729,0.0,0.0,0.0,0.0,0.0,0.0,0.0,0.0
889,4.445,front_right_shoulder_to_arm,7,-0.7903620600700378,-1.897085155633249e-09,-0.7900000214576721,0.0,0.0,0.008680343627929688,0.008680343627929688,0.0,0.0,0.0,1.3962633609771729,0.0,0.0,0.0,0.0,0.0,0.0,0.0,0.0
889,4.445,front_right_arm_to_hand,11,1.5,1.277099981322749e-09,1.5,0.0,0.0,1.3015220012846385e-09,1.3015220012846385e-09,0.0,0.0,0.0,1.3962633609771729,0.0,0.0,0.0,0.0,0.0,0.0,0.0,0.0
890,4.45,base_to_front_right_shoulder,3,0.3198585510253906,-1.3558576483774232e-10,0.3490658402442932,0.0,0.0,0.7593755722045898,0.7593755722045898,0.0,0.0,0.0,1.3962633609771729,0.0,0.0,0.0,0.0,0.0,0.0,0.0,0.0
890,4.45,front_right_shoulder_to_arm,7,-0.7903624176979065,-1.224719881065539e-09,-0.7900000214576721,0.0,0.0,0.008688930422067642,0.008688930422067642,0.0,0.0,0.0,1.3962633609771729,0.0,0.0,0.0,0.0,0.0,0.0,0.0,0.0
890,4.45,front_right_arm_to_hand,11,1.5,-3.371541934527045e-11,1.5,0.0,0.0,-1.915649860961821e-09,-1.915649860961821e-09,0.0,0.0,0.0,1.3962633609771729,0.0,0.0,0.0,0.0,0.0,0.0,0.0,0.0
891,4.455,base_to_front_right_shoulder,3,0.31985801458358765,-1.3739764881393057e-10,0.3490658402442932,0.0,0.0,0.7593895196914673,0.7593895196914673,0.0,0.0,0.0,1.3962633609771729,0.0,0.0,0.0,0.0,0.0,0.0,0.0,0.0
891,4.455,front_right_shoulder_to_arm,7,-0.7903627753257751,-5.835261163156247e-10,-0.7900000214576721,0.0,0.0,0.00869751162827015,0.00869751162827015,0.0,0.0,0.0,1.3962633609771729,0.0,0.0,0.0,0.0,0.0,0.0,0.0,0.0
891,4.455,front_right_arm_to_hand,11,1.5,-4.515098572799303e-10,1.5,0.0,0.0,5.057312901790567e-11,5.057312901790567e-11,0.0,0.0,0.0,1.3962633609771729,0.0,0.0,0.0,0.0,0.0,0.0,0.0,0.0
892,4.46,base_to_front_right_shoulder,3,0.31985747814178467,-1.1739587080228375e-10,0.3490658402442932,0.0,0.0,0.7594034671783447,0.7594034671783447,0.0,0.0,0.0,1.3962633609771729,0.0,0.0,0.0,0.0,0.0,0.0,0.0,0.0
892,4.46,front_right_shoulder_to_arm,7,-0.7903631329536438,-2.064197701656667e-09,-0.7900000214576721,0.0,0.0,0.00870609376579523,0.00870609376579523,0.0,0.0,0.0,1.3962633609771729,0.0,0.0,0.0,0.0,0.0,0.0,0.0,0.0
892,4.46,front_right_arm_to_hand,11,1.5,1.0279946893732017e-09,1.5,0.0,0.0,6.772647997976833e-10,6.772647997976833e-10,0.0,0.0,0.0,1.3962633609771729,0.0,0.0,0.0,0.0,0.0,0.0,0.0,0.0
893,4.465,base_to_front_right_shoulder,3,0.3198569416999817,-5.538680625249981e-11,0.3490658402442932,0.0,0.0,0.7594174146652222,0.7594174146652222,0.0,0.0,0.0,1.3962633609771729,0.0,0.0,0.0,0.0,0.0,0.0,0.0,0.0
893,4.465,front_right_shoulder_to_arm,7,-0.7903634905815125,-1.9230057546337775e-09,-0.7900000214576721,0.0,0.0,0.008714679628610611,0.008714679628610611,0.0,0.0,0.0,1.3962633609771729,0.0,0.0,0.0,0.0,0.0,0.0,0.0,0.0
893,4.465,front_right_arm_to_hand,11,1.5,-3.510202406520335e-10,1.5,0.0,0.0,-1.5419920895709538e-09,-1.5419920895709538e-09,0.0,0.0,0.0,1.3962633609771729,0.0,0.0,0.0,0.0,0.0,0.0,0.0,0.0
894,4.47,base_to_front_right_shoulder,3,0.3198564052581787,-2.9495197395590367e-09,0.3490658402442932,0.0,0.0,0.7594313621520996,0.7594313621520996,0.0,0.0,0.0,1.3962633609771729,0.0,0.0,0.0,0.0,0.0,0.0,0.0,0.0
894,4.47,front_right_shoulder_to_arm,7,-0.7903638482093811,-1.39907996299371e-09,-0.7900000214576721,0.0,0.0,0.008723262697458267,0.008723262697458267,0.0,0.0,0.0,1.3962633609771729,0.0,0.0,0.0,0.0,0.0,0.0,0.0,0.0
894,4.47,front_right_arm_to_hand,11,1.5,1.6849589501433115e-09,1.5,0.0,0.0,5.265303748558381e-10,5.265303748558381e-10,0.0,0.0,0.0,1.3962633609771729,0.0,0.0,0.0,0.0,0.0,0.0,0.0,0.0
895,4.4750000000000005,base_to_front_right_shoulder,3,0.31985586881637573,7.949481073410425e-10,0.3490658402442932,0.0,0.0,0.759445309638977,0.759445309638977,0.0,0.0,0.0,1.3962633609771729,0.0,0.0,0.0,0.0,0.0,0.0,0.0,0.0
895,4.4750000000000005,front_right_shoulder_to_arm,7,-0.7903642058372498,-3.3196343451891153e-09,-0.7900000214576721,0.0,0.0,0.008731844834983349,0.008731844834983349,0.0,0.0,0.0,1.3962633609771729,0.0,0.0,0.0,0.0,0.0,0.0,0.0,0.0
895,4.4750000000000005,front_right_arm_to_hand,11,1.5,1.3031282719566661e-09,1.5,0.0,0.0,-2.5274384807261185e-09,-2.5274384807261185e-09,0.0,0.0,0.0,1.3962633609771729,0.0,0.0,0.0,0.0,0.0,0.0,0.0,0.0
896,4.48,base_to_front_right_shoulder,3,0.31985533237457275,-2.0470736217248486e-10,0.3490658402442932,0.0,0.0,0.7594592571258545,0.7594592571258545,0.0,0.0,0.0,1.3962633609771729,0.0,0.0,0.0,0.0,0.0,0.0,0.0,0.0
896,4.48,front_right_shoulder_to_arm,7,-0.7903645634651184,8.384475336242758e-10,-0.7900000214576721,0.0,0.0,0.008740431629121304,0.008740431629121304,0.0,0.0,0.0,1.3962633609771729,0.0,0.0,0.0,0.0,0.0,0.0,0.0,0.0
896,4.48,front_right_arm_to_hand,11,1.5,5.372051137264577e-10,1.5,0.0,0.0,-1.9546924079349992e-09,-1.9546924079349992e-09,0.0,0.0,0.0,1.3962633609771729,0.0,0.0,0.0,0.0,0.0,0.0,0.0,0.0
897,4.485,base_to_front_right_shoulder,3,0.3198547959327698,-1.1078498118877178e-09,0.3490658402442932,0.0,0.0,0.7594732046127319,0.7594732046127319,0.0,0.0,0.0,1.3962633609771729,0.0,0.0,0.0,0.0,0.0,0.0,0.0,0.0
897,4.485,front_right_shoulder_to_arm,7,-0.7903649210929871,-2.243382368760649e-09,-0.7900000214576721,0.0,0.0,0.008749006316065788,0.008749006316065788,0.0,0.0,0.0,1.3962633609771729,0.0,0.0,0.0,0.0,0.0,0.0,0.0,0.0
897,4.485,front_right_arm_to_hand,11,1.5,-1.210120614825172e-10,1.5,0.0,0.0,-8.05807642834111e-10,-8.05807642834111e-10,0.0,0.0,0.0,1.3962633609771729,0.0,0.0,0.0,0.0,0.0,0.0,0.0,0.0
898,4.49,base_to_front_right_shoulder,3,0.3198542594909668,-1.8595613937577582e-10,0.3490658402442932,0.0,0.0,0.7594871520996094,0.7594871520996094,0.0,0.0,0.0,1.3962633609771729,0.0,0.0,0.0,0.0,0.0,0.0,0.0,0.0
898,4.49,front_right_shoulder_to_arm,7,-0.7903652787208557,-3.842615114990622e-09,-0.7900000214576721,0.0,0.0,0.008757594972848892,0.008757594972848892,0.0,0.0,0.0,1.3962633609771729,0.0,0.0,0.0,0.0,0.0,0.0,0.0,0.0
898,4.49,front_right_arm_to_hand,11,1.5,1.9503132442366677e-09,1.5,0.0,0.0,1.815180922237758e-10,1.815180922237758e-10,0.0,0.0,0.0,1.3962633609771729,0.0,0.0,0.0,0.0,0.0,0.0,0.0,0.0
899,4.495,base_to_front_right_shoulder,3,0.3198537230491638,-1.66025415637705e-10,0.3490658402442932,0.0,0.0,0.7595010995864868,0.7595010995864868,0.0,0.0,0.0,1.3962633609771729,0.0,0.0,0.0,0.0,0.0,0.0,0.0,0.0
899,4.495,front_right_shoulder_to_arm,7,-0.7903656363487244,1.7478640756962704e-10,-0.7900000214576721,0.0,0.0,0.008766181766986847,0.008766181766986847,0.0,0.0,0.0,1.3962633609771729,0.0,0.0,0.0,0.0,0.0,0.0,0.0,0.0
899,4.495,front_right_arm_to_hand,11,1.5,-4.090092153852254e-10,1.5,0.0,0.0,-2.9254698663550016e-09,-2.9254698663550016e-09,0.0,0.0,0.0,1.3962633609771729,0.0,0.0,0.0,0.0,0.0,0.0,0.0,0.0
900,4.5,base_to_front_right_shoulder,3,0.31985318660736084,-1.099209612220875e-09,0.3490658402442932,0.0,0.0,0.7595150470733643,0.7595150470733643,0.0,0.0,0.0,1.3962633609771729,0.0,0.0,0.0,0.0,0.0,0.0,0.0,0.0
900,4.5,front_right_shoulder_to_arm,7,-0.790365993976593,5.542446501749509e-10,-0.7900000214576721,0.0,0.0,0.008774757385253906,0.008774757385253906,0.0,0.0,0.0,1.3962633609771729,0.0,0.0,0.0,0.0,0.0,0.0,0.0,0.0
900,4.5,front_right_arm_to_hand,11,1.5,4.1049452725872015e-10,1.5,0.0,0.0,6.135137953222625e-10,6.135137953222625e-10,0.0,0.0,0.0,1.3962633609771729,0.0,0.0,0.0,0.0,0.0,0.0,0.0,0.0
901,4.505,base_to_front_right_shoulder,3,0.31985265016555786,-1.1785061815317022e-10,0.3490658402442932,0.0,0.0,0.7595289945602417,0.7595289945602417,0.0,0.0,0.0,1.3962633609771729,0.0,0.0,0.0,0.0,0.0,0.0,0.0,0.0
901,4.505,front_right_shoulder_to_arm,7,-0.7903663516044617,-9.323315453002579e-10,-0.7900000214576721,0.0,0.0,0.008783339522778988,0.008783339522778988,0.0,0.0,0.0,1.3962633609771729,0.0,0.0,0.0,0.0,0.0,0.0,0.0,0.0
901,4.505,front_right_arm_to_hand,11,1.5,1.3027502410167813e-09,1.5,0.0,0.0,-6.157417908880802e-10,-6.157417908880802e-10,0.0,0.0,0.0,1.3962633609771729,0.0,0.0,0.0,0.0,0.0,0.0,0.0,0.0
902,4.51,base_to_front_right_shoulder,3,0.3198521137237549,8.135430107358843e-10,0.3490658402442932,0.0,0.0,0.7595429420471191,0.7595429420471191,0.0,0.0,0.0,1.3962633609771729,0.0,0.0,0.0,0.0,0.0,0.0,0.0,0.0
902,4.51,front_right_shoulder_to_arm,7,-0.7903667092323303,-2.504542351289274e-09,-0.7900000214576721,0.0,0.0,0.008791925385594368,0.008791925385594368,0.0,0.0,0.0,1.3962633609771729,0.0,0.0,0.0,0.0,0.0,0.0,0.0,0.0
902,4.51,front_right_arm_to_hand,11,1.5,1.2710390517867154e-09,1.5,0.0,0.0,-1.9541253060140207e-09,-1.9541253060140207e-09,0.0,0.0,0.0,1.3962633609771729,0.0,0.0,0.0,0.0,0.0,0.0,0.0,0.0
903,4.515,base_to_front_right_shoulder,3,0.3198515772819519,-1.0868461686186492e-10,0.3490658402442932,0.0,0.0,0.7595568895339966,0.7595568895339966,0.0,0.0,0.0,1.3962633609771729,0.0,0.0,0.0,0.0,0.0,0.0,0.0,0.0
903,4.515,front_right_shoulder_to_arm,7,-0.790367066860199,3.2386537895945366e-11,-0.7900000214576721,0.0,0.0,0.008800511248409748,0.008800511248409748,0.0,0.0,0.0,1.3962633609771729,0.0,0.0,0.0,0.0,0.0,0.0,0.0,0.0
903,4.515,front_right_arm_to_hand,11,1.5,8.40010727642948e-10,1.5,0.0,0.0,-1.9065584666577706e-09,-1.9065584666577706e-09,0.0,0.0,0.0,1.3962633609771729,0.0,0.0,0.0,0.0,0.0,0.0,0.0,0.0
904,4.5200000000000005,base_to_front_right_shoulder,3,0.3198510408401489,-1.1192398119419522e-09,0.3490658402442932,0.0,0.0,0.759570837020874,0.759570837020874,0.0,0.0,0.0,1.3962633609771729,0.0,0.0,0.0,0.0,0.0,0.0,0.0,0.0
904,4.5200000000000005,front_right_shoulder_to_arm,7,-0.7903674244880676,-1.5980958778527565e-09,-0.7900000214576721,0.0,0.0,0.008809089660644531,0.008809089660644531,0.0,0.0,0.0,1.3962633609771729,0.0,0.0,0.0,0.0,0.0,0.0,0.0,0.0
904,4.5200000000000005,front_right_arm_to_hand,11,1.5,1.608791710960844e-10,1.5,0.0,0.0,-1.260016091464422e-09,-1.260016091464422e-09,0.0,0.0,0.0,1.3962633609771729,0.0,0.0,0.0,0.0,0.0,0.0,0.0,0.0
905,4.525,base_to_front_right_shoulder,3,0.31985050439834595,6.399616836461064e-09,0.3490658402442932,0.0,0.0,0.7595847845077515,0.7595847845077515,0.0,0.0,0.0,1.3962633609771729,0.0,0.0,0.0,0.0,0.0,0.0,0.0,0.0
905,4.525,front_right_shoulder_to_arm,7,-0.7903677821159363,3.199005504939123e-10,-0.7900000214576721,0.0,0.0,0.008817675523459911,0.008817675523459911,0.0,0.0,0.0,1.3962633609771729,0.0,0.0,0.0,0.0,0.0,0.0,0.0,0.0
905,4.525,front_right_arm_to_hand,11,1.5,1.3793146624863084e-09,1.5,0.0,0.0,-2.413187427663388e-10,-2.413187427663388e-10,0.0,0.0,0.0,1.3962633609771729,0.0,0.0,0.0,0.0,0.0,0.0,0.0,0.0
906,4.53,base_to_front_right_shoulder,3,0.31984996795654297,6.401393193300464e-09,0.3490658402442932,0.0,0.0,0.7595987319946289,0.7595987319946289,0.0,0.0,0.0,1.3962633609771729,0.0,0.0,0.0,0.0,0.0,0.0,0.0,0.0
906,4.53,front_right_shoulder_to_arm,7,-0.7903681397438049,6.697362664453976e-10,-0.7900000214576721,0.0,0.0,0.00882625486701727,0.00882625486701727,0.0,0.0,0.0,1.3962633609771729,0.0,0.0,0.0,0.0,0.0,0.0,0.0,0.0
906,4.53,front_right_arm_to_hand,11,1.5,-1.470914834378334e-09,1.5,0.0,0.0,-2.068972104751765e-09,-2.068972104751765e-09,0.0,0.0,0.0,1.3962633609771729,0.0,0.0,0.0,0.0,0.0,0.0,0.0,0.0
907,4.535,base_to_front_right_shoulder,3,0.31984943151474,-1.8695089920583996e-10,0.3490658402442932,0.0,0.0,0.7596126794815063,0.7596126794815063,0.0,0.0,0.0,1.3962633609771729,0.0,0.0,0.0,0.0,0.0,0.0,0.0,0.0
907,4.535,front_right_shoulder_to_arm,7,-0.7903684973716736,-2.2976749392000784e-09,-0.7900000214576721,0.0,0.0,0.008834837935864925,0.008834837935864925,0.0,0.0,0.0,1.3962633609771729,0.0,0.0,0.0,0.0,0.0,0.0,0.0,0.0
907,4.535,front_right_arm_to_hand,11,1.5,4.1561235009091035e-10,1.5,0.0,0.0,2.20637219605635e-09,2.20637219605635e-09,0.0,0.0,0.0,1.3962633609771729,0.0,0.0,0.0,0.0,0.0,0.0,0.0,0.0
908,4.54,base_to_front_right_shoulder,3,0.319848895072937,-1.2741452337650117e-10,0.3490658402442932,0.0,0.0,0.7596266269683838,0.7596266269683838,0.0,0.0,0.0,1.3962633609771729,0.0,0.0,0.0,0.0,0.0,0.0,0.0,0.0
908,4.54,front_right_shoulder_to_arm,7,-0.7903688549995422,-1.7337953295282205e-10,-0.7900000214576721,0.0,0.0,0.00884342659264803,0.00884342659264803,0.0,0.0,0.0,1.3962633609771729,0.0,0.0,0.0,0.0,0.0,0.0,0.0,0.0
908,4.54,front_right_arm_to_hand,11,1.5,-8.390166339466987e-11,1.5,0.0,0.0,-6.234185390141533e-10,-6.234185390141533e-10,0.0,0.0,0.0,1.3962633609771729,0.0,0.0,0.0,0.0,0.0,0.0,0.0,0.0
909,4.545,base_to_front_right_shoulder,3,0.31984835863113403,-1.6698464833098114e-10,0.3490658402442932,0.0,0.0,0.7596405744552612,0.7596405744552612,0.0,0.0,0.0,1.3962633609771729,0.0,0.0,0.0,0.0,0.0,0.0,0.0,0.0
909,4.545,front_right_shoulder_to_arm,7,-0.7903692126274109,1.162945295618556e-10,-0.7900000214576721,0.0,0.0,0.008852005004882812,0.008852005004882812,0.0,0.0,0.0,1.3962633609771729,0.0,0.0,0.0,0.0,0.0,0.0,0.0,0.0
909,4.545,front_right_arm_to_hand,11,1.5,2.656670439193931e-10,1.5,0.0,0.0,1.258524950920048e-10,1.258524950920048e-10,0.0,0.0,0.0,1.3962633609771729,0.0,0.0,0.0,0.0,0.0,0.0,0.0,0.0
910,4.55,base_to_front_right_shoulder,3,0.31984782218933105,2.60697419207645e-09,0.3490658402442932,0.0,0.0,0.7596545219421387,0.7596545219421387,0.0,0.0,0.0,1.3962633609771729,0.0,0.0,0.0,0.0,0.0,0.0,0.0,0.0
910,4.55,front_right_shoulder_to_arm,7,-0.7903695702552795,4.710116741080128e-10,-0.7900000214576721,0.0,0.0,0.008860588073730469,0.008860588073730469,0.0,0.0,0.0,1.3962633609771729,0.0,0.0,0.0,0.0,0.0,0.0,0.0,0.0
910,4.55,front_right_arm_to_hand,11,1.5,1.1700600488495638e-09,1.5,0.0,0.0,-3.9850056587908966e-10,-3.9850056587908966e-10,0.0,0.0,0.0,1.3962633609771729,0.0,0.0,0.0,0.0,0.0,0.0,0.0,0.0
911,4.555,base_to_front_right_shoulder,3,0.3198472857475281,-1.4741630138814799e-10,0.3490658402442932,0.0,0.0,0.7596684694290161,0.7596684694290161,0.0,0.0,0.0,1.3962633609771729,0.0,0.0,0.0,0.0,0.0,0.0,0.0,0.0
911,4.555,front_right_shoulder_to_arm,7,-0.7903699278831482,7.552358738394105e-10,-0.7900000214576721,0.0,0.0,0.00886917021125555,0.00886917021125555,0.0,0.0,0.0,1.3962633609771729,0.0,0.0,0.0,0.0,0.0,0.0,0.0,0.0
911,4.555,front_right_arm_to_hand,11,1.5,-3.802998194135654e-10,1.5,0.0,0.0,-1.7550900732743457e-09,-1.7550900732743457e-09,0.0,0.0,0.0,1.3962633609771729,0.0,0.0,0.0,0.0,0.0,0.0,0.0,0.0
912,4.5600000000000005,base_to_front_right_shoulder,3,0.3198467493057251,-1.6277112990792375e-10,0.3490658402442932,0.0,0.0,0.7596824169158936,0.7596824169158936,0.0,0.0,0.0,1.3962633609771729,0.0,0.0,0.0,0.0,0.0,0.0,0.0,0.0
912,4.5600000000000005,front_right_shoulder_to_arm,7,-0.7903702855110168,-2.5626079036555893e-09,-0.7900000214576721,0.0,0.0,0.008877752348780632,0.008877752348780632,0.0,0.0,0.0,1.3962633609771729,0.0,0.0,0.0,0.0,0.0,0.0,0.0,0.0
912,4.5600000000000005,front_right_arm_to_hand,11,1.5,-1.0170565500899897e-09,1.5,0.0,0.0,5.704497429981359e-10,5.704497429981359e-10,0.0,0.0,0.0,1.3962633609771729,0.0,0.0,0.0,0.0,0.0,0.0,0.0,0.0
913,4.565,base_to_front_right_shoulder,3,0.3198462128639221,-1.7789858475225628e-10,0.3490658402442932,0.0,0.0,0.759696364402771,0.759696364402771,0.0,0.0,0.0,1.3962633609771729,0.0,0.0,0.0,0.0,0.0,0.0,0.0,0.0
913,4.565,front_right_shoulder_to_arm,7,-0.7903706431388855,-3.1936053801473463e-10,-0.7900000214576721,0.0,0.0,0.00888634193688631,0.00888634193688631,0.0,0.0,0.0,1.3962633609771729,0.0,0.0,0.0,0.0,0.0,0.0,0.0,0.0
913,4.565,front_right_arm_to_hand,11,1.5,-1.9529933226181129e-10,1.5,0.0,0.0,1.5255847696238334e-09,1.5255847696238334e-09,0.0,0.0,0.0,1.3962633609771729,0.0,0.0,0.0,0.0,0.0,0.0,0.0,0.0
914,4.57,base_to_front_right_shoulder,3,0.31984567642211914,-1.2961720585735748e-10,0.3490658402442932,0.0,0.0,0.7597103118896484,0.7597103118896484,0.0,0.0,0.0,1.3962633609771729,0.0,0.0,0.0,0.0,0.0,0.0,0.0,0.0
914,4.57,front_right_shoulder_to_arm,7,-0.7903710007667542,3.065281362069072e-11,-0.7900000214576721,0.0,0.0,0.008894921280443668,0.008894921280443668,0.0,0.0,0.0,1.3962633609771729,0.0,0.0,0.0,0.0,0.0,0.0,0.0,0.0
914,4.57,front_right_arm_to_hand,11,1.5,-4.545755438734034e-10,1.5,0.0,0.0,2.9294899839271693e-10,2.9294899839271693e-10,0.0,0.0,0.0,1.3962633609771729,0.0,0.0,0.0,0.0,0.0,0.0,0.0,0.0
915,4.575,base_to_front_right_shoulder,3,0.31984513998031616,-1.5835155409149593e-10,0.3490658402442932,0.0,0.0,0.7597242593765259,0.7597242593765259,0.0,0.0,0.0,1.3962633609771729,0.0,0.0,0.0,0.0,0.0,0.0,0.0,0.0
915,4.575,front_right_shoulder_to_arm,7,-0.7903713583946228,-1.6267662772406766e-09,-0.7900000214576721,0.0,0.0,0.00890350341796875,0.00890350341796875,0.0,0.0,0.0,1.3962633609771729,0.0,0.0,0.0,0.0,0.0,0.0,0.0,0.0
915,4.575,front_right_arm_to_hand,11,1.5,4.362276095903894e-10,1.5,0.0,0.0,6.818633435656807e-10,6.818633435656807e-10,0.0,0.0,0.0,1.3962633609771729,0.0,0.0,0.0,0.0,0.0,0.0,0.0,0.0
916,4.58,base_to_front_right_shoulder,3,0.3198446035385132,-1.192290710605448e-10,0.3490658402442932,0.0,0.0,0.7597382068634033,0.7597382068634033,0.0,0.0,0.0,1.3962633609771729,0.0,0.0,0.0,0.0,0.0,0.0,0.0,0.0
916,4.58,front_right_shoulder_to_arm,7,-0.7903717160224915,-1.3384493513513007e-09,-0.7900000214576721,0.0,0.0,0.00891208928078413,0.00891208928078413,0.0,0.0,0.0,1.3962633609771729,0.0,0.0,0.0,0.0,0.0,0.0,0.0,0.0
916,4.58,front_right_arm_to_hand,11,1.5,9.106853049445363e-10,1.5,0.0,0.0,-6.543414143855841e-10,-6.543414143855841e-10,0.0,0.0,0.0,1.3962633609771729,0.0,0.0,0.0,0.0,0.0,0.0,0.0,0.0
917,4.585,base_to_front_right_shoulder,3,0.3198440670967102,-2.270112986479944e-10,0.3490658402442932,0.0,0.0,0.7597521543502808,0.7597521543502808,0.0,0.0,0.0,1.3962633609771729,0.0,0.0,0.0,0.0,0.0,0.0,0.0,0.0
917,4.585,front_right_shoulder_to_arm,7,-0.7903720736503601,-2.5280542104155757e-09,-0.7900000214576721,0.0,0.0,0.008920672349631786,0.008920672349631786,0.0,0.0,0.0,1.3962633609771729,0.0,0.0,0.0,0.0,0.0,0.0,0.0,0.0
917,4.585,front_right_arm_to_hand,11,1.5,6.887152514956085e-10,1.5,0.0,0.0,-1.3660279574168044e-09,-1.3660279574168044e-09,0.0,0.0,0.0,1.3962633609771729,0.0,0.0,0.0,0.0,0.0,0.0,0.0,0.0
918,4.59,base_to_front_right_shoulder,3,0.3198435306549072,6.390038720383018e-09,0.3490658402442932,0.0,0.0,0.7597661018371582,0.7597661018371582,0.0,0.0,0.0,1.3962633609771729,0.0,0.0,0.0,0.0,0.0,0.0,0.0,0.0
918,4.59,front_right_shoulder_to_arm,7,-0.7903724312782288,-5.528235647034307e-10,-0.7900000214576721,0.0,0.0,0.008929257281124592,0.008929257281124592,0.0,0.0,0.0,1.3962633609771729,0.0,0.0,0.0,0.0,0.0,0.0,0.0,0.0
918,4.59,front_right_arm_to_hand,11,1.5,3.1754149310003754e-10,1.5,0.0,0.0,-1.0330728494878372e-09,-1.0330728494878372e-09,0.0,0.0,0.0,1.3962633609771729,0.0,0.0,0.0,0.0,0.0,0.0,0.0,0.0
919,4.595,base_to_front_right_shoulder,3,0.31984299421310425,5.498741018072906e-09,0.3490658402442932,0.0,0.0,0.7597800493240356,0.7597800493240356,0.0,0.0,0.0,1.3962633609771729,0.0,0.0,0.0,0.0,0.0,0.0,0.0,0.0
919,4.595,front_right_shoulder_to_arm,7,-0.7903727889060974,-1.156337248175987e-10,-0.7900000214576721,0.0,0.0,0.00893783662468195,0.00893783662468195,0.0,0.0,0.0,1.3962633609771729,0.0,0.0,0.0,0.0,0.0,0.0,0.0,0.0
919,4.595,front_right_arm_to_hand,11,1.5,4.254349927901302e-10,1.5,0.0,0.0,-4.763122118944807e-10,-4.763122118944807e-10,0.0,0.0,0.0,1.3962633609771729,0.0,0.0,0.0,0.0,0.0,0.0,0.0,0.0
920,4.6000000000000005,base_to_front_right_shoulder,3,0.31984245777130127,-1.5835155409149593e-10,0.3490658402442932,0.0,0.0,0.7597939968109131,0.7597939968109131,0.0,0.0,0.0,1.3962633609771729,0.0,0.0,0.0,0.0,0.0,0.0,0.0,0.0
920,4.6000000000000005,front_right_shoulder_to_arm,7,-0.7903731465339661,-1.7454624412494013e-09,-0.7900000214576721,0.0,0.0,0.008946418762207031,0.008946418762207031,0.0,0.0,0.0,1.3962633609771729,0.0,0.0,0.0,0.0,0.0,0.0,0.0,0.0
920,4.6000000000000005,front_right_arm_to_hand,11,1.5,-1.5909953354764639e-09,1.5,0.0,0.0,-6.381524753074075e-10,-6.381524753074075e-10,0.0,0.0,0.0,1.3962633609771729,0.0,0.0,0.0,0.0,0.0,0.0,0.0,0.0
921,4.605,base_to_front_right_shoulder,3,0.3198419213294983,2.67379363094733e-09,0.3490658402442932,0.0,0.0,0.7598079442977905,0.7598079442977905,0.0,0.0,0.0,1.3962633609771729,0.0,0.0,0.0,0.0,0.0,0.0,0.0,0.0
921,4.605,front_right_shoulder_to_arm,7,-0.7903735041618347,4.3868908505828585e-10,-0.7900000214576721,0.0,0.0,0.008955004625022411,0.008955004625022411,0.0,0.0,0.0,1.3962633609771729,0.0,0.0,0.0,0.0,0.0,0.0,0.0,0.0
921,4.605,front_right_arm_to_hand,11,1.5,9.862385352832348e-10,1.5,0.0,0.0,2.386493003214696e-09,2.386493003214696e-09,0.0,0.0,0.0,1.3962633609771729,0.0,0.0,0.0,0.0,0.0,0.0,0.0,0.0
922,4.61,base_to_front_right_shoulder,3,0.3198413848876953,2.7010855774278753e-09,0.3490658402442932,0.0,0.0,0.759821891784668,0.759821891784668,0.0,0.0,0.0,1.3962633609771729,0.0,0.0,0.0,0.0,0.0,0.0,0.0,0.0
922,4.61,front_right_shoulder_to_arm,7,-0.7903738617897034,1.0521574722588412e-09,-0.7900000214576721,0.0,0.0,0.00896358396857977,0.00896358396857977,0.0,0.0,0.0,1.3962633609771729,0.0,0.0,0.0,0.0,0.0,0.0,0.0,0.0
922,4.61,front_right_arm_to_hand,11,1.5,-1.6160093263550834e-09,1.5,0.0,0.0,-1.479357747413701e-09,-1.479357747413701e-09,0.0,0.0,0.0,1.3962633609771729,0.0,0.0,0.0,0.0,0.0,0.0,0.0,0.0
923,4.615,base_to_front_right_shoulder,3,0.31984084844589233,-1.3879031257602037e-10,0.3490658402442932,0.0,0.0,0.7598358392715454,0.7598358392715454,0.0,0.0,0.0,1.3962633609771729,0.0,0.0,0.0,0.0,0.0,0.0,0.0,0.0
923,4.615,front_right_shoulder_to_arm,7,-0.790374219417572,1.3718306490773102e-09,-0.7900000214576721,0.0,0.0,0.00897216610610485,0.00897216610610485,0.0,0.0,0.0,1.3962633609771729,0.0,0.0,0.0,0.0,0.0,0.0,0.0,0.0
923,4.615,front_right_arm_to_hand,11,1.5,-1.4665988423701037e-09,1.5,0.0,0.0,2.4240138785103227e-09,2.4240138785103227e-09,0.0,0.0,0.0,1.3962633609771729,0.0,0.0,0.0,0.0,0.0,0.0,0.0,0.0
924,4.62,base_to_front_right_shoulder,3,0.31984031200408936,2.5865745101327775e-09,0.3490658402442932,0.0,0.0,0.7598497867584229,0.7598497867584229,0.0,0.0,0.0,1.3962633609771729,0.0,0.0,0.0,0.0,0.0,0.0,0.0,0.0
924,4.62,front_right_shoulder_to_arm,7,-0.7903745770454407,-4.0729020156504703e-10,-0.7900000214576721,0.0,0.0,0.008980748243629932,0.008980748243629932,0.0,0.0,0.0,1.3962633609771729,0.0,0.0,0.0,0.0,0.0,0.0,0.0,0.0
924,4.62,front_right_arm_to_hand,11,1.5,4.501100603349073e-10,1.5,0.0,0.0,2.1998982635551556e-09,2.1998982635551556e-09,0.0,0.0,0.0,1.3962633609771729,0.0,0.0,0.0,0.0,0.0,0.0,0.0,0.0
925,4.625,base_to_front_right_shoulder,3,0.3198397755622864,-1.979074681912607e-10,0.3490658402442932,0.0,0.0,0.7598637342453003,0.7598637342453003,0.0,0.0,0.0,1.3962633609771729,0.0,0.0,0.0,0.0,0.0,0.0,0.0,0.0
925,4.625,front_right_shoulder_to_arm,7,-0.7903749346733093,1.1901590823981678e-10,-0.7900000214576721,0.0,0.0,0.008989335037767887,0.008989335037767887,0.0,0.0,0.0,1.3962633609771729,0.0,0.0,0.0,0.0,0.0,0.0,0.0,0.0
925,4.625,front_right_arm_to_hand,11,1.5,7.552682923517295e-10,1.5,0.0,0.0,-6.75165090502361e-10,-6.75165090502361e-10,0.0,0.0,0.0,1.3962633609771729,0.0,0.0,0.0,0.0,0.0,0.0,0.0,0.0
926,4.63,base_to_front_right_shoulder,3,0.3198392391204834,-1.7699619547784096e-10,0.3490658402442932,0.0,0.0,0.7598776817321777,0.7598776817321777,0.0,0.0,0.0,1.3962633609771729,0.0,0.0,0.0,0.0,0.0,0.0,0.0,0.0
926,4.63,front_right_shoulder_to_arm,7,-0.790375292301178,1.7768542193152825e-10,-0.7900000214576721,0.0,0.0,0.008997917175292969,0.008997917175292969,0.0,0.0,0.0,1.3962633609771729,0.0,0.0,0.0,0.0,0.0,0.0,0.0,0.0
926,4.63,front_right_arm_to_hand,11,1.5,-5.767719635230151e-10,1.5,0.0,0.0,-1.1329024385275943e-09,-1.1329024385275943e-09,0.0,0.0,0.0,1.3962633609771729,0.0,0.0,0.0,0.0,0.0,0.0,0.0,0.0
927,4.635,base_to_front_right_shoulder,3,0.3198387026786804,-1.7694645748633775e-10,0.3490658402442932,0.0,0.0,0.7598916292190552,0.7598916292190552,0.0,0.0,0.0,1.3962633609771729,0.0,0.0,0.0,0.0,0.0,0.0,0.0,0.0
927,4.635,front_right_shoulder_to_arm,7,-0.7903756499290466,-1.073992450528749e-09,-0.7900000214576721,0.0,0.0,0.009006500244140625,0.009006500244140625,0.0,0.0,0.0,1.3962633609771729,0.0,0.0,0.0,0.0,0.0,0.0,0.0,0.0
927,4.635,front_right_arm_to_hand,11,1.5,-2.4151650124260016e-10,1.5,0.0,0.0,8.651579452845226e-10,8.651579452845226e-10,0.0,0.0,0.0,1.3962633609771729,0.0,0.0,0.0,0.0,0.0,0.0,0.0,0.0
928,4.64,base_to_front_right_shoulder,3,0.31983816623687744,-1.1201493066437251e-09,0.3490658402442932,0.0,0.0,0.7599055767059326,0.7599055767059326,0.0,0.0,0.0,1.3962633609771729,0.0,0.0,0.0,0.0,0.0,0.0,0.0,0.0
928,4.64,front_right_shoulder_to_arm,7,-0.7903760075569153,-4.2941650235661655e-10,-0.7900000214576721,0.0,0.0,0.00901508517563343,0.00901508517563343,0.0,0.0,0.0,1.3962633609771729,0.0,0.0,0.0,0.0,0.0,0.0,0.0,0.0
928,4.64,front_right_arm_to_hand,11,1.5,2.0660206878631016e-10,1.5,0.0,0.0,3.6227476574168804e-10,3.6227476574168804e-10,0.0,0.0,0.0,1.3962633609771729,0.0,0.0,0.0,0.0,0.0,0.0,0.0,0.0
929,4.6450000000000005,base_to_front_right_shoulder,3,0.31983762979507446,-2.270041932206368e-10,0.3490658402442932,0.0,0.0,0.7599195241928101,0.7599195241928101,0.0,0.0,0.0,1.3962633609771729,0.0,0.0,0.0,0.0,0.0,0.0,0.0,0.0
929,4.6450000000000005,front_right_shoulder_to_arm,7,-0.7903763651847839,-2.8889957093269913e-10,-0.7900000214576721,0.0,0.0,0.009023667313158512,0.009023667313158512,0.0,0.0,0.0,1.3962633609771729,0.0,0.0,0.0,0.0,0.0,0.0,0.0,0.0
929,4.6450000000000005,front_right_arm_to_hand,11,1.5,-1.7365950899517202e-09,1.5,0.0,0.0,-3.0990310317946523e-10,-3.0990310317946523e-10,0.0,0.0,0.0,1.3962633609771729,0.0,0.0,0.0,0.0,0.0,0.0,0.0,0.0
930,4.65,base_to_front_right_shoulder,3,0.3198370933532715,7.625260423083091e-10,0.3490658402442932,0.0,0.0,0.7599334716796875,0.7599334716796875,0.0,0.0,0.0,1.3962633609771729,0.0,0.0,0.0,0.0,0.0,0.0,0.0,0.0
930,4.65,front_right_shoulder_to_arm,7,-0.7903767228126526,-1.156479356723139e-10,-0.7900000214576721,0.0,0.0,0.009032250382006168,0.009032250382006168,0.0,0.0,0.0,1.3962633609771729,0.0,0.0,0.0,0.0,0.0,0.0,0.0,0.0
930,4.65,front_right_arm_to_hand,11,1.5,1.0214583623380236e-09,1.5,0.0,0.0,2.6048927459498827e-09,2.6048927459498827e-09,0.0,0.0,0.0,1.3962633609771729,0.0,0.0,0.0,0.0,0.0,0.0,0.0,0.0
931,4.655,base_to_front_right_shoulder,3,0.3198365569114685,-1.4872370002194657e-10,0.3490658402442932,0.0,0.0,0.7599474191665649,0.7599474191665649,0.0,0.0,0.0,1.3962633609771729,0.0,0.0,0.0,0.0,0.0,0.0,0.0,0.0
931,4.655,front_right_shoulder_to_arm,7,-0.7903770804405212,8.609646329205134e-11,-0.7900000214576721,0.0,0.0,0.00904083251953125,0.00904083251953125,0.0,0.0,0.0,1.3962633609771729,0.0,0.0,0.0,0.0,0.0,0.0,0.0,0.0
931,4.655,front_right_arm_to_hand,11,1.5,1.0094949320915703e-09,1.5,0.0,0.0,-1.5321874879958841e-09,-1.5321874879958841e-09,0.0,0.0,0.0,1.3962633609771729,0.0,0.0,0.0,0.0,0.0,0.0,0.0,0.0
932,4.66,base_to_front_right_shoulder,3,0.3198360204696655,2.596500792151346e-09,0.3490658402442932,0.0,0.0,0.7599613666534424,0.7599613666534424,0.0,0.0,0.0,1.3962633609771729,0.0,0.0,0.0,0.0,0.0,0.0,0.0,0.0
932,4.66,front_right_shoulder_to_arm,7,-0.7903774380683899,-1.218417366999347e-09,-0.7900000214576721,0.0,0.0,0.009049415588378906,0.009049415588378906,0.0,0.0,0.0,1.3962633609771729,0.0,0.0,0.0,0.0,0.0,0.0,0.0,0.0
932,4.66,front_right_arm_to_hand,11,1.5,3.6887459753387475e-10,1.5,0.0,0.0,-1.5142423981373554e-09,-1.5142423981373554e-09,0.0,0.0,0.0,1.3962633609771729,0.0,0.0,0.0,0.0,0.0,0.0,0.0,0.0
933,4.665,base_to_front_right_shoulder,3,0.31983548402786255,7.834586313038017e-10,0.3490658402442932,0.0,0.0,0.7599753141403198,0.7599753141403198,0.0,0.0,0.0,1.3962633609771729,0.0,0.0,0.0,0.0,0.0,0.0,0.0,0.0
933,4.665,front_right_shoulder_to_arm,7,-0.7903777956962585,-9.587637350705336e-10,-0.7900000214576721,0.0,0.0,0.009058000519871712,0.009058000519871712,0.0,0.0,0.0,1.3962633609771729,0.0,0.0,0.0,0.0,0.0,0.0,0.0,0.0
933,4.665,front_right_arm_to_hand,11,1.5,-8.263978390488091e-11,1.5,0.0,0.0,-5.533118963008121e-10,-5.533118963008121e-10,0.0,0.0,0.0,1.3962633609771729,0.0,0.0,0.0,0.0,0.0,0.0,0.0,0.0
934,4.67,base_to_front_right_shoulder,3,0.31983494758605957,-2.183853098358668e-10,0.3490658402442932,0.0,0.0,0.7599892616271973,0.7599892616271973,0.0,0.0,0.0,1.3962633609771729,0.0,0.0,0.0,0.0,0.0,0.0,0.0,0.0
934,4.67,front_right_shoulder_to_arm,7,-0.7903781533241272,-1.1338840977259679e-10,-0.7900000214576721,0.0,0.0,0.009066583588719368,0.009066583588719368,0.0,0.0,0.0,1.3962633609771729,0.0,0.0,0.0,0.0,0.0,0.0,0.0,0.0
934,4.67,front_right_arm_to_hand,11,1.5,5.194913388351097e-10,1.5,0.0,0.0,1.2395967585732137e-10,1.2395967585732137e-10,0.0,0.0,0.0,1.3962633609771729,0.0,0.0,0.0,0.0,0.0,0.0,0.0,0.0
935,4.675,base_to_front_right_shoulder,3,0.3198344111442566,-2.9489513053704286e-09,0.3490658402442932,0.0,0.0,0.7600032091140747,0.7600032091140747,0.0,0.0,0.0,1.3962633609771729,0.0,0.0,0.0,0.0,0.0,0.0,0.0,0.0
935,4.675,front_right_shoulder_to_arm,7,-0.7903785109519958,-1.8324755046705832e-09,-0.7900000214576721,0.0,0.0,0.009075164794921875,0.009075164794921875,0.0,0.0,0.0,1.3962633609771729,0.0,0.0,0.0,0.0,0.0,0.0,0.0,0.0
935,4.675,front_right_arm_to_hand,11,1.5,-1.0623929513897679e-10,1.5,0.0,0.0,-7.792370082526645e-10,-7.792370082526645e-10,0.0,0.0,0.0,1.3962633609771729,0.0,0.0,0.0,0.0,0.0,0.0,0.0,0.0
936,4.68,base_to_front_right_shoulder,3,0.3198338747024536,4.502481942836312e-09,0.3490658402442932,0.0,0.0,0.7600171566009521,0.7600171566009521,0.0,0.0,0.0,1.3962633609771729,0.0,0.0,0.0,0.0,0.0,0.0,0.0,0.0
936,4.68,front_right_shoulder_to_arm,7,-0.7903788685798645,-3.4330369658164273e-09,-0.7900000214576721,0.0,0.0,0.00908375158905983,0.00908375158905983,0.0,0.0,0.0,1.3962633609771729,0.0,0.0,0.0,0.0,0.0,0.0,0.0,0.0
936,4.68,front_right_arm_to_hand,11,1.5,-5.771784161723303e-10,1.5,0.0,0.0,1.5935894270846518e-10,1.5935894270846518e-10,0.0,0.0,0.0,1.3962633609771729,0.0,0.0,0.0,0.0,0.0,0.0,0.0,0.0
937,4.6850000000000005,base_to_front_right_shoulder,3,0.31983333826065063,-1.7782753047868027e-10,0.3490658402442932,0.0,0.0,0.7600311040878296,0.7600311040878296,0.0,0.0,0.0,1.3962633609771729,0.0,0.0,0.0,0.0,0.0,0.0,0.0,0.0
937,4.6850000000000005,front_right_shoulder_to_arm,7,-0.7903792262077332,-1.0730403232628305e-09,-0.7900000214576721,0.0,0.0,0.00909233745187521,0.00909233745187521,0.0,0.0,0.0,1.3962633609771729,0.0,0.0,0.0,0.0,0.0,0.0,0.0,0.0
937,4.6850000000000005,front_right_arm_to_hand,11,1.5,5.175819217662081e-10,1.5,0.0,0.0,8.657676242584955e-10,8.657676242584955e-10,0.0,0.0,0.0,1.3962633609771729,0.0,0.0,0.0,0.0,0.0,0.0,0.0,0.0
938,4.69,base_to_front_right_shoulder,3,0.31983280181884766,-1.4880896515023778e-10,0.3490658402442932,0.0,0.0,0.760045051574707,0.760045051574707,0.0,0.0,0.0,1.3962633609771729,0.0,0.0,0.0,0.0,0.0,0.0,0.0,0.0
938,4.69,front_right_shoulder_to_arm,7,-0.7903795838356018,-8.687237595950137e-10,-0.7900000214576721,0.0,0.0,0.009100915864109993,0.009100915864109993,0.0,0.0,0.0,1.3962633609771729,0.0,0.0,0.0,0.0,0.0,0.0,0.0,0.0
938,4.69,front_right_arm_to_hand,11,1.5,6.847328259951269e-10,1.5,0.0,0.0,-7.763728548937365e-10,-7.763728548937365e-10,0.0,0.0,0.0,1.3962633609771729,0.0,0.0,0.0,0.0,0.0,0.0,0.0,0.0
939,4.695,base_to_front_right_shoulder,3,0.3198322653770447,-1.6972734329101513e-10,0.3490658402442932,0.0,0.0,0.7600589990615845,0.7600589990615845,0.0,0.0,0.0,1.3962633609771729,0.0,0.0,0.0,0.0,0.0,0.0,0.0,0.0
939,4.695,front_right_shoulder_to_arm,7,-0.7903799414634705,-3.7350389447965426e-10,-0.7900000214576721,0.0,0.0,0.00910949893295765,0.00910949893295765,0.0,0.0,0.0,1.3962633609771729,0.0,0.0,0.0,0.0,0.0,0.0,0.0,0.0
939,4.695,front_right_arm_to_hand,11,1.5,3.409195148407207e-10,1.5,0.0,0.0,-1.0270992945038415e-09,-1.0270992945038415e-09,0.0,0.0,0.0,1.3962633609771729,0.0,0.0,0.0,0.0,0.0,0.0,0.0,0.0
940,4.7,base_to_front_right_shoulder,3,0.3198317289352417,2.5884787646646146e-09,0.3490658402442932,0.0,0.0,0.7600729465484619,0.7600729465484619,0.0,0.0,0.0,1.3962633609771729,0.0,0.0,0.0,0.0,0.0,0.0,0.0,0.0
940,4.7,front_right_shoulder_to_arm,7,-0.7903802990913391,-1.888395217974903e-09,-0.7900000214576721,0.0,0.0,0.00911808107048273,0.00911808107048273,0.0,0.0,0.0,1.3962633609771729,0.0,0.0,0.0,0.0,0.0,0.0,0.0,0.0
940,4.7,front_right_arm_to_hand,11,1.5,7.462598872187698e-10,1.5,0.0,0.0,-5.11379272261081e-10,-5.11379272261081e-10,0.0,0.0,0.0,1.3962633609771729,0.0,0.0,0.0,0.0,0.0,0.0,0.0,0.0
941,4.705,base_to_front_right_shoulder,3,0.3198311924934387,3.565567396890401e-09,0.3490658402442932,0.0,0.0,0.7600868940353394,0.7600868940353394,0.0,0.0,0.0,1.3962633609771729,0.0,0.0,0.0,0.0,0.0,0.0,0.0,0.0
941,4.705,front_right_shoulder_to_arm,7,-0.7903806567192078,2.3722890318822465e-10,-0.7900000214576721,0.0,0.0,0.009126666933298111,0.009126666933298111,0.0,0.0,0.0,1.3962633609771729,0.0,0.0,0.0,0.0,0.0,0.0,0.0,0.0
941,4.705,front_right_arm_to_hand,11,1.5,6.712549960319336e-11,1.5,0.0,0.0,-1.119389803072579e-09,-1.119389803072579e-09,0.0,0.0,0.0,1.3962633609771729,0.0,0.0,0.0,0.0,0.0,0.0,0.0,0.0
942,4.71,base_to_front_right_shoulder,3,0.31983065605163574,6.2913159126765095e-09,0.3490658402442932,0.0,0.0,0.7601008415222168,0.7601008415222168,0.0,0.0,0.0,1.3962633609771729,0.0,0.0,0.0,0.0,0.0,0.0,0.0,0.0
942,4.71,front_right_shoulder_to_arm,7,-0.7903810143470764,-1.128377391523827e-09,-0.7900000214576721,0.0,0.0,0.009135246276855469,0.009135246276855469,0.0,0.0,0.0,1.3962633609771729,0.0,0.0,0.0,0.0,0.0,0.0,0.0,0.0
942,4.71,front_right_arm_to_hand,11,1.5,4.0505421239345196e-10,1.5,0.0,0.0,-1.0068824940479004e-10,-1.0068824940479004e-10,0.0,0.0,0.0,1.3962633609771729,0.0,0.0,0.0,0.0,0.0,0.0,0.0,0.0
943,4.715,base_to_front_right_shoulder,3,0.31983011960983276,6.300929555891344e-09,0.3490658402442932,0.0,0.0,0.7601147890090942,0.7601147890090942,0.0,0.0,0.0,1.3962633609771729,0.0,0.0,0.0,0.0,0.0,0.0,0.0,0.0
943,4.715,front_right_shoulder_to_arm,7,-0.7903813719749451,-8.706919629730692e-10,-0.7900000214576721,0.0,0.0,0.009143831208348274,0.009143831208348274,0.0,0.0,0.0,1.3962633609771729,0.0,0.0,0.0,0.0,0.0,0.0,0.0,0.0
943,4.715,front_right_arm_to_hand,11,1.5,-5.756620735652973e-10,1.5,0.0,0.0,-6.075813185901779e-10,-6.075813185901779e-10,0.0,0.0,0.0,1.3962633609771729,0.0,0.0,0.0,0.0,0.0,0.0,0.0,0.0
944,4.72,base_to_front_right_shoulder,3,0.3198295831680298,8.312710519930988e-10,0.3490658402442932,0.0,0.0,0.7601287364959717,0.7601287364959717,0.0,0.0,0.0,1.3962633609771729,0.0,0.0,0.0,0.0,0.0,0.0,0.0,0.0
944,4.72,front_right_shoulder_to_arm,7,-0.7903817296028137,-6.665175078524044e-10,-0.7900000214576721,0.0,0.0,0.00915241427719593,0.00915241427719593,0.0,0.0,0.0,1.3962633609771729,0.0,0.0,0.0,0.0,0.0,0.0,0.0,0.0
944,4.72,front_right_arm_to_hand,11,1.5,3.7529579444139927e-10,1.5,0.0,0.0,8.63493110347946e-10,8.63493110347946e-10,0.0,0.0,0.0,1.3962633609771729,0.0,0.0,0.0,0.0,0.0,0.0,0.0,0.0
945,4.7250000000000005,base_to_front_right_shoulder,3,0.3198290467262268,6.279549324972322e-09,0.3490658402442932,0.0,0.0,0.7601426839828491,0.7601426839828491,0.0,0.0,0.0,1.3962633609771729,0.0,0.0,0.0,0.0,0.0,0.0,0.0,0.0
945,4.7250000000000005,front_right_shoulder_to_arm,7,-0.7903820872306824,-1.9734542888727447e-09,-0.7900000214576721,0.0,0.0,0.009160996414721012,0.009160996414721012,0.0,0.0,0.0,1.3962633609771729,0.0,0.0,0.0,0.0,0.0,0.0,0.0,0.0
945,4.7250000000000005,front_right_arm_to_hand,11,1.5,7.559110559718363e-10,1.5,0.0,0.0,-5.629436916620989e-10,-5.629436916620989e-10,0.0,0.0,0.0,1.3962633609771729,0.0,0.0,0.0,0.0,0.0,0.0,0.0,0.0
946,4.73,base_to_front_right_shoulder,3,0.31982851028442383,1.680611205756577e-09,0.3490658402442932,0.0,0.0,0.7601566314697266,0.7601566314697266,0.0,0.0,0.0,1.3962633609771729,0.0,0.0,0.0,0.0,0.0,0.0,0.0,0.0
946,4.73,front_right_shoulder_to_arm,7,-0.790382444858551,-1.8587300587569189e-09,-0.7900000214576721,0.0,0.0,0.009169582277536392,0.009169582277536392,0.0,0.0,0.0,1.3962633609771729,0.0,0.0,0.0,0.0,0.0,0.0,0.0,0.0
946,4.73,front_right_arm_to_hand,11,1.5,-8.984084587382313e-10,1.5,0.0,0.0,-1.1338665562021788e-09,-1.1338665562021788e-09,0.0,0.0,0.0,1.3962633609771729,0.0,0.0,0.0,0.0,0.0,0.0,0.0,0.0
947,4.735,base_to_front_right_shoulder,3,0.31982797384262085,4.506915729507455e-09,0.3490658402442932,0.0,0.0,0.760170578956604,0.760170578956604,0.0,0.0,0.0,1.3962633609771729,0.0,0.0,0.0,0.0,0.0,0.0,0.0,0.0
947,4.735,front_right_shoulder_to_arm,7,-0.7903828024864197,4.404583364703285e-10,-0.7900000214576721,0.0,0.0,0.009178165346384048,0.009178165346384048,0.0,0.0,0.0,1.3962633609771729,0.0,0.0,0.0,0.0,0.0,0.0,0.0,0.0
947,4.735,front_right_arm_to_hand,11,1.5,-1.21911902795091e-09,1.5,0.0,0.0,1.347612688107347e-09,1.347612688107347e-09,0.0,0.0,0.0,1.3962633609771729,0.0,0.0,0.0,0.0,0.0,0.0,0.0,0.0
948,4.74,base_to_front_right_shoulder,3,0.31982743740081787,6.319112344499445e-09,0.3490658402442932,0.0,0.0,0.7601845264434814,0.7601845264434814,0.0,0.0,0.0,1.3962633609771729,0.0,0.0,0.0,0.0,0.0,0.0,0.0,0.0
948,4.74,front_right_shoulder_to_arm,7,-0.7903831601142883,4.69441374661983e-10,-0.7900000214576721,0.0,0.0,0.009186743758618832,0.009186743758618832,0.0,0.0,0.0,1.3962633609771729,0.0,0.0,0.0,0.0,0.0,0.0,0.0,0.0
948,4.74,front_right_arm_to_hand,11,1.5,4.667072284192386e-10,1.5,0.0,0.0,1.8286785419263651e-09,1.8286785419263651e-09,0.0,0.0,0.0,1.3962633609771729,0.0,0.0,0.0,0.0,0.0,0.0,0.0,0.0
949,4.745,base_to_front_right_shoulder,3,0.3198269009590149,-2.8854501010755484e-09,0.3490658402442932,0.0,0.0,0.7601984739303589,0.7601984739303589,0.0,0.0,0.0,1.3962633609771729,0.0,0.0,0.0,0.0,0.0,0.0,0.0,0.0
949,4.745,front_right_shoulder_to_arm,7,-0.790383517742157,1.0225420510323602e-09,-0.7900000214576721,0.0,0.0,0.009195326827466488,0.009195326827466488,0.0,0.0,0.0,1.3962633609771729,0.0,0.0,0.0,0.0,0.0,0.0,0.0,0.0
949,4.745,front_right_arm_to_hand,11,1.5,-6.1010752006041e-10,1.5,0.0,0.0,-7.000608426288579e-10,-7.000608426288579e-10,0.0,0.0,0.0,1.3962633609771729,0.0,0.0,0.0,0.0,0.0,0.0,0.0,0.0
950,4.75,base_to_front_right_shoulder,3,0.3198263645172119,7.530829293500574e-10,0.3490658402442932,0.0,0.0,0.7602124214172363,0.7602124214172363,0.0,0.0,0.0,1.3962633609771729,0.0,0.0,0.0,0.0,0.0,0.0,0.0,0.0
950,4.75,front_right_shoulder_to_arm,7,-0.7903838753700256,-3.4440716945027816e-10,-0.7900000214576721,0.0,0.0,0.00920390896499157,0.00920390896499157,0.0,0.0,0.0,1.3962633609771729,0.0,0.0,0.0,0.0,0.0,0.0,0.0,0.0
950,4.75,front_right_arm_to_hand,11,1.5,4.5139378346270576e-10,1.5,0.0,0.0,9.15161280090615e-10,9.15161280090615e-10,0.0,0.0,0.0,1.3962633609771729,0.0,0.0,0.0,0.0,0.0,0.0,0.0,0.0
951,4.755,base_to_front_right_shoulder,3,0.31982582807540894,4.535102959835058e-09,0.3490658402442932,0.0,0.0,0.7602263689041138,0.7602263689041138,0.0,0.0,0.0,1.3962633609771729,0.0,0.0,0.0,0.0,0.0,0.0,0.0,0.0
951,4.755,front_right_shoulder_to_arm,7,-0.7903842329978943,9.438849701837171e-11,-0.7900000214576721,0.0,0.0,0.00921249482780695,0.00921249482780695,0.0,0.0,0.0,1.3962633609771729,0.0,0.0,0.0,0.0,0.0,0.0,0.0,0.0
951,4.755,front_right_arm_to_hand,11,1.5,-1.1134092536835283e-09,1.5,0.0,0.0,-6.770906613162708e-10,-6.770906613162708e-10,0.0,0.0,0.0,1.3962633609771729,0.0,0.0,0.0,0.0,0.0,0.0,0.0,0.0
952,4.76,base_to_front_right_shoulder,3,0.31982529163360596,-2.8845406063737755e-09,0.3490658402442932,0.0,0.0,0.7602403163909912,0.7602403163909912,0.0,0.0,0.0,1.3962633609771729,0.0,0.0,0.0,0.0,0.0,0.0,0.0,0.0
952,4.76,front_right_shoulder_to_arm,7,-0.7903845906257629,3.2724756238167174e-10,-0.7900000214576721,0.0,0.0,0.009221076965332031,0.009221076965332031,0.0,0.0,0.0,1.3962633609771729,0.0,0.0,0.0,0.0,0.0,0.0,0.0,0.0
952,4.76,front_right_arm_to_hand,11,1.5,7.945856195235024e-10,1.5,0.0,0.0,1.6701138250141412e-09,1.6701138250141412e-09,0.0,0.0,0.0,1.3962633609771729,0.0,0.0,0.0,0.0,0.0,0.0,0.0,0.0
953,4.765,base_to_front_right_shoulder,3,0.319824755191803,5.4811692962175584e-09,0.3490658402442932,0.0,0.0,0.7602542638778687,0.7602542638778687,0.0,0.0,0.0,1.3962633609771729,0.0,0.0,0.0,0.0,0.0,0.0,0.0,0.0
953,4.765,front_right_shoulder_to_arm,7,-0.7903849482536316,-2.7010429448637296e-09,-0.7900000214576721,0.0,0.0,0.009229659102857113,0.009229659102857113,0.0,0.0,0.0,1.3962633609771729,0.0,0.0,0.0,0.0,0.0,0.0,0.0,0.0
953,4.765,front_right_arm_to_hand,11,1.5,3.95525834306909e-10,1.5,0.0,0.0,-1.1918783737741023e-09,-1.1918783737741023e-09,0.0,0.0,0.0,1.3962633609771729,0.0,0.0,0.0,0.0,0.0,0.0,0.0,0.0
954,4.7700000000000005,base_to_front_right_shoulder,3,0.31982421875,-1.1024212653865106e-09,0.3490658402442932,0.0,0.0,0.7602682113647461,0.7602682113647461,0.0,0.0,0.0,1.3962633609771729,0.0,0.0,0.0,0.0,0.0,0.0,0.0,0.0
954,4.7700000000000005,front_right_shoulder_to_arm,7,-0.7903853058815002,-1.0410943218630564e-09,-0.7900000214576721,0.0,0.0,0.009238247759640217,0.009238247759640217,0.0,0.0,0.0,1.3962633609771729,0.0,0.0,0.0,0.0,0.0,0.0,0.0,0.0
954,4.7700000000000005,front_right_arm_to_hand,11,1.5,1.4413239490806973e-09,1.5,0.0,0.0,-5.932887514603635e-10,-5.932887514603635e-10,0.0,0.0,0.0,1.3962633609771729,0.0,0.0,0.0,0.0,0.0,0.0,0.0,0.0
955,4.775,base_to_front_right_shoulder,3,0.319823682308197,5.516007206551876e-09,0.3490658402442932,0.0,0.0,0.7602821588516235,0.7602821588516235,0.0,0.0,0.0,1.3962633609771729,0.0,0.0,0.0,0.0,0.0,0.0,0.0,0.0
955,4.775,front_right_shoulder_to_arm,7,-0.7903856635093689,-5.481624043568445e-10,-0.7900000214576721,0.0,0.0,0.00924682803452015,0.00924682803452015,0.0,0.0,0.0,1.3962633609771729,0.0,0.0,0.0,0.0,0.0,0.0,0.0,0.0
955,4.775,front_right_arm_to_hand,11,1.5,-1.648525538300305e-09,1.5,0.0,0.0,-2.161985923621046e-09,-2.161985923621046e-09,0.0,0.0,0.0,1.3962633609771729,0.0,0.0,0.0,0.0,0.0,0.0,0.0,0.0
956,4.78,base_to_front_right_shoulder,3,0.31982314586639404,6.280401976255234e-09,0.3490658402442932,0.0,0.0,0.760296106338501,0.760296106338501,0.0,0.0,0.0,1.3962633609771729,0.0,0.0,0.0,0.0,0.0,0.0,0.0,0.0
956,4.78,front_right_shoulder_to_arm,7,-0.7903860211372375,-1.9141879192829947e-09,-0.7900000214576721,0.0,0.0,0.00925541017204523,0.00925541017204523,0.0,0.0,0.0,1.3962633609771729,0.0,0.0,0.0,0.0,0.0,0.0,0.0,0.0
956,4.78,front_right_arm_to_hand,11,1.5,7.594658790743836e-10,1.5,0.0,0.0,2.472788196428155e-09,2.472788196428155e-09,0.0,0.0,0.0,1.3962633609771729,0.0,0.0,0.0,0.0,0.0,0.0,0.0,0.0
957,4.785,base_to_front_right_shoulder,3,0.31982260942459106,6.289496923272964e-09,0.3490658402442932,0.0,0.0,0.7603100538253784,0.7603100538253784,0.0,0.0,0.0,1.3962633609771729,0.0,0.0,0.0,0.0,0.0,0.0,0.0,0.0
957,4.785,front_right_shoulder_to_arm,7,-0.7903863787651062,3.249951419093122e-10,-0.7900000214576721,0.0,0.0,0.009263996034860611,0.009263996034860611,0.0,0.0,0.0,1.3962633609771729,0.0,0.0,0.0,0.0,0.0,0.0,0.0,0.0
957,4.785,front_right_arm_to_hand,11,1.5,2.2775845098799152e-10,1.5,0.0,0.0,-1.139198846367151e-09,-1.139198846367151e-09,0.0,0.0,0.0,1.3962633609771729,0.0,0.0,0.0,0.0,0.0,0.0,0.0,0.0
958,4.79,base_to_front_right_shoulder,3,0.3198220729827881,-2.283968569827266e-10,0.3490658402442932,0.0,0.0,0.7603240013122559,0.7603240013122559,0.0,0.0,0.0,1.3962633609771729,0.0,0.0,0.0,0.0,0.0,0.0,0.0,0.0
958,4.79,front_right_shoulder_to_arm,7,-0.7903867363929749,-1.3939782661509525e-09,-0.7900000214576721,0.0,0.0,0.009272574447095394,0.009272574447095394,0.0,0.0,0.0,1.3962633609771729,0.0,0.0,0.0,0.0,0.0,0.0,0.0,0.0
958,4.79,front_right_arm_to_hand,11,1.5,-2.1788321147298007e-10,1.5,0.0,0.0,-3.416376626041995e-10,-3.416376626041995e-10,0.0,0.0,0.0,1.3962633609771729,0.0,0.0,0.0,0.0,0.0,0.0,0.0,0.0
959,4.795,base_to_front_right_shoulder,3,0.3198215365409851,-1.5062084912642604e-10,0.3490658402442932,0.0,0.0,0.7603379487991333,0.7603379487991333,0.0,0.0,0.0,1.3962633609771729,0.0,0.0,0.0,0.0,0.0,0.0,0.0,0.0
959,4.795,front_right_shoulder_to_arm,7,-0.7903870940208435,-1.2771224078278465e-09,-0.7900000214576721,0.0,0.0,0.009281161241233349,0.009281161241233349,0.0,0.0,0.0,1.3962633609771729,0.0,0.0,0.0,0.0,0.0,0.0,0.0,0.0
959,4.795,front_right_arm_to_hand,11,1.5,-1.6642812128431217e-10,1.5,0.0,0.0,3.268248172094701e-10,3.268248172094701e-10,0.0,0.0,0.0,1.3962633609771729,0.0,0.0,0.0,0.0,0.0,0.0,0.0,0.0
960,4.8,base_to_front_right_shoulder,3,0.31982100009918213,-1.5153034382819897e-10,0.3490658402442932,0.0,0.0,0.7603518962860107,0.7603518962860107,0.0,0.0,0.0,1.3962633609771729,0.0,0.0,0.0,0.0,0.0,0.0,0.0,0.0
960,4.8,front_right_shoulder_to_arm,7,-0.7903874516487122,1.5791599139447499e-09,-0.7900000214576721,0.0,0.0,0.009289744310081005,0.009289744310081005,0.0,0.0,0.0,1.3962633609771729,0.0,0.0,0.0,0.0,0.0,0.0,0.0,0.0
960,4.8,front_right_arm_to_hand,11,1.5,-9.240087583961554e-10,1.5,0.0,0.0,2.4964219580425606e-10,2.4964219580425606e-10,0.0,0.0,0.0,1.3962633609771729,0.0,0.0,0.0,0.0,0.0,0.0,0.0,0.0
961,4.805,base_to_front_right_shoulder,3,0.31982046365737915,-1.0932552640952053e-09,0.3490658402442932,0.0,0.0,0.7603658437728882,0.7603658437728882,0.0,0.0,0.0,1.3962633609771729,0.0,0.0,0.0,0.0,0.0,0.0,0.0,0.0
961,4.805,front_right_shoulder_to_arm,7,-0.7903878092765808,-3.862595576720196e-09,-0.7900000214576721,0.0,0.0,0.009298321790993214,0.009298321790993214,0.0,0.0,0.0,1.3962633609771729,0.0,0.0,0.0,0.0,0.0,0.0,0.0,0.0
961,4.805,front_right_arm_to_hand,11,1.5,1.9937818063198165e-09,1.5,0.0,0.0,1.3860130820830818e-09,1.3860130820830818e-09,0.0,0.0,0.0,1.3962633609771729,0.0,0.0,0.0,0.0,0.0,0.0,0.0,0.0
962,4.8100000000000005,base_to_front_right_shoulder,3,0.31981992721557617,4.466876646347373e-09,0.3490658402442932,0.0,0.0,0.7603797912597656,0.7603797912597656,0.0,0.0,0.0,1.3962633609771729,0.0,0.0,0.0,0.0,0.0,0.0,0.0,0.0
962,4.8100000000000005,front_right_shoulder_to_arm,7,-0.7903881669044495,2.0899904029647587e-10,-0.7900000214576721,0.0,0.0,0.00930691510438919,0.00930691510438919,0.0,0.0,0.0,1.3962633609771729,0.0,0.0,0.0,0.0,0.0,0.0,0.0,0.0
962,4.8100000000000005,front_right_arm_to_hand,11,1.5,-5.437529315699408e-10,1.5,0.0,0.0,-2.9906725984574223e-09,-2.9906725984574223e-09,0.0,0.0,0.0,1.3962633609771729,0.0,0.0,0.0,0.0,0.0,0.0,0.0,0.0
963,4.815,base_to_front_right_shoulder,3,0.3198193907737732,-1.8691537206905195e-10,0.3490658402442932,0.0,0.0,0.7603937387466431,0.7603937387466431,0.0,0.0,0.0,1.3962633609771729,0.0,0.0,0.0,0.0,0.0,0.0,0.0,0.0
963,4.815,front_right_shoulder_to_arm,7,-0.7903885245323181,-1.042472774770431e-09,-0.7900000214576721,0.0,0.0,0.00931549072265625,0.00931549072265625,0.0,0.0,0.0,1.3962633609771729,0.0,0.0,0.0,0.0,0.0,0.0,0.0,0.0
963,4.815,front_right_arm_to_hand,11,1.5,-1.7031677179701887e-09,1.5,0.0,0.0,8.156293973549111e-10,8.156293973549111e-10,0.0,0.0,0.0,1.3962633609771729,0.0,0.0,0.0,0.0,0.0,0.0,0.0,0.0
964,4.82,base_to_front_right_shoulder,3,0.3198188543319702,-1.1669101240840973e-09,0.3490658402442932,0.0,0.0,0.7604076862335205,0.7604076862335205,0.0,0.0,0.0,1.3962633609771729,0.0,0.0,0.0,0.0,0.0,0.0,0.0,0.0
964,4.82,front_right_shoulder_to_arm,7,-0.7903888821601868,-1.0433751640448463e-09,-0.7900000214576721,0.0,0.0,0.009324075654149055,0.009324075654149055,0.0,0.0,0.0,1.3962633609771729,0.0,0.0,0.0,0.0,0.0,0.0,0.0,0.0
964,4.82,front_right_arm_to_hand,11,1.5,2.6077659476264614e-10,1.5,0.0,0.0,2.554751521444132e-09,2.554751521444132e-09,0.0,0.0,0.0,1.3962633609771729,0.0,0.0,0.0,0.0,0.0,0.0,0.0,0.0
965,4.825,base_to_front_right_shoulder,3,0.31981831789016724,4.5046206764709495e-09,0.3490658402442932,0.0,0.0,0.760421633720398,0.760421633720398,0.0,0.0,0.0,1.3962633609771729,0.0,0.0,0.0,0.0,0.0,0.0,0.0,0.0
965,4.825,front_right_shoulder_to_arm,7,-0.7903892397880554,-2.4972308665383025e-09,-0.7900000214576721,0.0,0.0,0.009332658722996712,0.009332658722996712,0.0,0.0,0.0,1.3962633609771729,0.0,0.0,0.0,0.0,0.0,0.0,0.0,0.0
965,4.825,front_right_arm_to_hand,11,1.5,-4.4152487221893466e-10,1.5,0.0,0.0,-3.911648782661814e-10,-3.911648782661814e-10,0.0,0.0,0.0,1.3962633609771729,0.0,0.0,0.0,0.0,0.0,0.0,0.0,0.0
966,4.83,base_to_front_right_shoulder,3,0.31981778144836426,6.309491595857253e-09,0.3490658402442932,0.0,0.0,0.7604355812072754,0.7604355812072754,0.0,0.0,0.0,1.3962633609771729,0.0,0.0,0.0,0.0,0.0,0.0,0.0,0.0
966,4.83,front_right_shoulder_to_arm,7,-0.7903895974159241,-2.0874963979622407e-09,-0.7900000214576721,0.0,0.0,0.009341244585812092,0.009341244585812092,0.0,0.0,0.0,1.3962633609771729,0.0,0.0,0.0,0.0,0.0,0.0,0.0,0.0
966,4.83,front_right_arm_to_hand,11,1.5,3.3882055494594e-10,1.5,0.0,0.0,6.622873360839776e-10,6.622873360839776e-10,0.0,0.0,0.0,1.3962633609771729,0.0,0.0,0.0,0.0,0.0,0.0,0.0,0.0
967,4.835,base_to_front_right_shoulder,3,0.3198172450065613,2.437886337247619e-09,0.3490658402442932,0.0,0.0,0.7604495286941528,0.7604495286941528,0.0,0.0,0.0,1.3962633609771729,0.0,0.0,0.0,0.0,0.0,0.0,0.0,0.0
967,4.835,front_right_shoulder_to_arm,7,-0.7903899550437927,-1.5348291526606772e-09,-0.7900000214576721,0.0,0.0,0.009349826723337173,0.009349826723337173,0.0,0.0,0.0,1.3962633609771729,0.0,0.0,0.0,0.0,0.0,0.0,0.0,0.0
967,4.835,front_right_arm_to_hand,11,1.5,-1.0652831949897745e-09,1.5,0.0,0.0,-5.082308462966978e-10,-5.082308462966978e-10,0.0,0.0,0.0,1.3962633609771729,0.0,0.0,0.0,0.0,0.0,0.0,0.0,0.0
968,4.84,base_to_front_right_shoulder,3,0.3198167085647583,-1.2932517279296007e-09,0.3490658402442932,0.0,0.0,0.7604634761810303,0.7604634761810303,0.0,0.0,0.0,1.3962633609771729,0.0,0.0,0.0,0.0,0.0,0.0,0.0,0.0
968,4.84,front_right_shoulder_to_arm,7,-0.7903903126716614,-4.941611564390769e-09,-0.7900000214576721,0.0,0.0,0.009358408860862255,0.009358408860862255,0.0,0.0,0.0,1.3962633609771729,0.0,0.0,0.0,0.0,0.0,0.0,0.0,0.0
968,4.84,front_right_arm_to_hand,11,1.5,1.3313941060744128e-09,1.5,0.0,0.0,1.5979247924846618e-09,1.5979247924846618e-09,0.0,0.0,0.0,1.3962633609771729,0.0,0.0,0.0,0.0,0.0,0.0,0.0,0.0
969,4.845,base_to_front_right_shoulder,3,0.3198161721229553,4.504613571043592e-09,0.3490658402442932,0.0,0.0,0.7604774236679077,0.7604774236679077,0.0,0.0,0.0,1.3962633609771729,0.0,0.0,0.0,0.0,0.0,0.0,0.0,0.0
969,4.845,front_right_shoulder_to_arm,7,-0.79039067029953,-2.7873454655491514e-09,-0.7900000214576721,0.0,0.0,0.009366998448967934,0.009366998448967934,0.0,0.0,0.0,1.3962633609771729,0.0,0.0,0.0,0.0,0.0,0.0,0.0,0.0
969,4.845,front_right_arm_to_hand,11,1.5,1.771355728763524e-09,1.5,0.0,0.0,-1.997091159111619e-09,-1.997091159111619e-09,0.0,0.0,0.0,1.3962633609771729,0.0,0.0,0.0,0.0,0.0,0.0,0.0,0.0
970,4.8500000000000005,base_to_front_right_shoulder,3,0.31981563568115234,4.525077201833483e-09,0.3490658402442932,0.0,0.0,0.7604913711547852,0.7604913711547852,0.0,0.0,0.0,1.3962633609771729,0.0,0.0,0.0,0.0,0.0,0.0,0.0,0.0
970,4.8500000000000005,front_right_shoulder_to_arm,7,-0.7903910279273987,1.2026006857013272e-09,-0.7900000214576721,0.0,0.0,0.009375577792525291,0.009375577792525291,0.0,0.0,0.0,1.3962633609771729,0.0,0.0,0.0,0.0,0.0,0.0,0.0,0.0
970,4.8500000000000005,front_right_arm_to_hand,11,1.5,-1.125967374893122e-10,1.5,0.0,0.0,-2.6570337041675884e-09,-2.6570337041675884e-09,0.0,0.0,0.0,1.3962633609771729,0.0,0.0,0.0,0.0,0.0,0.0,0.0,0.0
971,4.855,base_to_front_right_shoulder,3,0.31981509923934937,4.447322510259255e-09,0.3490658402442932,0.0,0.0,0.7605053186416626,0.7605053186416626,0.0,0.0,0.0,1.3962633609771729,0.0,0.0,0.0,0.0,0.0,0.0,0.0,0.0
971,4.855,front_right_shoulder_to_arm,7,-0.7903913855552673,-4.567652922560228e-10,-0.7900000214576721,0.0,0.0,0.00938415341079235,0.00938415341079235,0.0,0.0,0.0,1.3962633609771729,0.0,0.0,0.0,0.0,0.0,0.0,0.0,0.0
971,4.855,front_right_arm_to_hand,11,1.5,1.0214625811855171e-09,1.5,0.0,0.0,1.688951062339683e-10,1.688951062339683e-10,0.0,0.0,0.0,1.3962633609771729,0.0,0.0,0.0,0.0,0.0,0.0,0.0,0.0
972,4.86,base_to_front_right_shoulder,3,0.3198145627975464,6.318586542874982e-09,0.3490658402442932,0.0,0.0,0.76051926612854,0.76051926612854,0.0,0.0,0.0,1.3962633609771729,0.0,0.0,0.0,0.0,0.0,0.0,0.0,0.0
972,4.86,front_right_shoulder_to_arm,7,-0.790391743183136,-1.1069545280406601e-10,-0.7900000214576721,0.0,0.0,0.00939273927360773,0.00939273927360773,0.0,0.0,0.0,1.3962633609771729,0.0,0.0,0.0,0.0,0.0,0.0,0.0,0.0
972,4.86,front_right_arm_to_hand,11,1.5,3.257198677442119e-10,1.5,0.0,0.0,-1.532193927289427e-09,-1.532193927289427e-09,0.0,0.0,0.0,1.3962633609771729,0.0,0.0,0.0,0.0,0.0,0.0,0.0,0.0
973,4.865,base_to_front_right_shoulder,3,0.3198140263557434,-1.2577672237057413e-09,0.3490658402442932,0.0,0.0,0.7605332136154175,0.7605332136154175,0.0,0.0,0.0,1.3962633609771729,0.0,0.0,0.0,0.0,0.0,0.0,0.0,0.0
973,4.865,front_right_shoulder_to_arm,7,-0.7903921008110046,-1.50689061229059e-09,-0.7900000214576721,0.0,0.0,0.009401321411132812,0.009401321411132812,0.0,0.0,0.0,1.3962633609771729,0.0,0.0,0.0,0.0,0.0,0.0,0.0,0.0
973,4.865,front_right_arm_to_hand,11,1.5,4.0460013117638027e-10,1.5,0.0,0.0,-4.885797877385301e-10,-4.885797877385301e-10,0.0,0.0,0.0,1.3962633609771729,0.0,0.0,0.0,0.0,0.0,0.0,0.0,0.0
974,4.87,base_to_front_right_shoulder,3,0.31981348991394043,-1.9016965779883321e-10,0.3490658402442932,0.0,0.0,0.7605471611022949,0.7605471611022949,0.0,0.0,0.0,1.3962633609771729,0.0,0.0,0.0,0.0,0.0,0.0,0.0,0.0
974,4.87,front_right_shoulder_to_arm,7,-0.7903924584388733,6.471623237302992e-10,-0.7900000214576721,0.0,0.0,0.009409907273948193,0.009409907273948193,0.0,0.0,0.0,1.3962633609771729,0.0,0.0,0.0,0.0,0.0,0.0,0.0,0.0
974,4.87,front_right_arm_to_hand,11,1.5,4.3090628287778543e-10,1.5,0.0,0.0,-6.069001967645704e-10,-6.069001967645704e-10,0.0,0.0,0.0,1.3962633609771729,0.0,0.0,0.0,0.0,0.0,0.0,0.0,0.0
975,4.875,base_to_front_right_shoulder,3,0.31981295347213745,6.317684153600567e-09,0.3490658402442932,0.0,0.0,0.7605611085891724,0.7605611085891724,0.0,0.0,0.0,1.3962633609771729,0.0,0.0,0.0,0.0,0.0,0.0,0.0,0.0
975,4.875,front_right_shoulder_to_arm,7,-0.7903928160667419,1.056186249570601e-09,-0.7900000214576721,0.0,0.0,0.00941848661750555,0.00941848661750555,0.0,0.0,0.0,1.3962633609771729,0.0,0.0,0.0,0.0,0.0,0.0,0.0,0.0
975,4.875,front_right_arm_to_hand,11,1.5,1.0390988069985951e-09,1.5,0.0,0.0,-6.463594104388903e-10,-6.463594104388903e-10,0.0,0.0,0.0,1.3962633609771729,0.0,0.0,0.0,0.0,0.0,0.0,0.0,0.0
976,4.88,base_to_front_right_shoulder,3,0.3198124170303345,1.6114753975671192e-09,0.3490658402442932,0.0,0.0,0.7605750560760498,0.7605750560760498,0.0,0.0,0.0,1.3962633609771729,0.0,0.0,0.0,0.0,0.0,0.0,0.0,0.0
976,4.88,front_right_shoulder_to_arm,7,-0.7903931736946106,1.40452982577699e-09,-0.7900000214576721,0.0,0.0,0.009427068755030632,0.009427068755030632,0.0,0.0,0.0,1.3962633609771729,0.0,0.0,0.0,0.0,0.0,0.0,0.0,0.0
976,4.88,front_right_arm_to_hand,11,1.5,-2.2326982485054714e-09,1.5,0.0,0.0,-1.5586482104978927e-09,-1.5586482104978927e-09,0.0,0.0,0.0,1.3962633609771729,0.0,0.0,0.0,0.0,0.0,0.0,0.0,0.0
977,4.885,base_to_front_right_shoulder,3,0.3198118805885315,-1.2646026448237535e-09,0.3490658402442932,0.0,0.0,0.7605890035629272,0.7605890035629272,0.0,0.0,0.0,1.3962633609771729,0.0,0.0,0.0,0.0,0.0,0.0,0.0,0.0
977,4.885,front_right_shoulder_to_arm,7,-0.7903935313224792,-1.7965930965146981e-09,-0.7900000214576721,0.0,0.0,0.009435650892555714,0.009435650892555714,0.0,0.0,0.0,1.3962633609771729,0.0,0.0,0.0,0.0,0.0,0.0,0.0,0.0
977,4.885,front_right_arm_to_hand,11,1.5,-3.2983454856250205e-10,1.5,0.0,0.0,3.3490472617359046e-09,3.3490472617359046e-09,0.0,0.0,0.0,1.3962633609771729,0.0,0.0,0.0,0.0,0.0,0.0,0.0,0.0
978,4.89,base_to_front_right_shoulder,3,0.3198113441467285,6.281844378008827e-09,0.3490658402442932,0.0,0.0,0.7606029510498047,0.7606029510498047,0.0,0.0,0.0,1.3962633609771729,0.0,0.0,0.0,0.0,0.0,0.0,0.0,0.0
978,4.89,front_right_shoulder_to_arm,7,-0.7903938889503479,-3.3980711577896727e-09,-0.7900000214576721,0.0,0.0,0.009444240480661392,0.009444240480661392,0.0,0.0,0.0,1.3962633609771729,0.0,0.0,0.0,0.0,0.0,0.0,0.0,0.0
978,4.89,front_right_arm_to_hand,11,1.5,2.8206445512601874e-10,1.5,0.0,0.0,4.947517950881775e-10,4.947517950881775e-10,0.0,0.0,0.0,1.3962633609771729,0.0,0.0,0.0,0.0,0.0,0.0,0.0,0.0
979,4.8950000000000005,base_to_front_right_shoulder,3,0.31981080770492554,6.230813198726537e-09,0.3490658402442932,0.0,0.0,0.7606168985366821,0.7606168985366821,0.0,0.0,0.0,1.3962633609771729,0.0,0.0,0.0,0.0,0.0,0.0,0.0,0.0
979,4.8950000000000005,front_right_shoulder_to_arm,7,-0.7903942465782166,2.3617445776835666e-09,-0.7900000214576721,0.0,0.0,0.009452826343476772,0.009452826343476772,0.0,0.0,0.0,1.3962633609771729,0.0,0.0,0.0,0.0,0.0,0.0,0.0,0.0
979,4.8950000000000005,front_right_arm_to_hand,11,1.5,-1.6412874392912613e-09,1.5,0.0,0.0,-4.230966688112403e-10,-4.230966688112403e-10,0.0,0.0,0.0,1.3962633609771729,0.0,0.0,0.0,0.0,0.0,0.0,0.0,0.0
980,4.9,base_to_front_right_shoulder,3,0.31981027126312256,-1.2106653457522043e-09,0.3490658402442932,0.0,0.0,0.7606308460235596,0.7606308460235596,0.0,0.0,0.0,1.3962633609771729,0.0,0.0,0.0,0.0,0.0,0.0,0.0,0.0
980,4.9,front_right_shoulder_to_arm,7,-0.7903946042060852,-1.1880345596182451e-09,-0.7900000214576721,0.0,0.0,0.009461398236453533,0.009461398236453533,0.0,0.0,0.0,1.3962633609771729,0.0,0.0,0.0,0.0,0.0,0.0,0.0,0.0
980,4.9,front_right_arm_to_hand,11,1.5,-1.7642770577808164e-10,1.5,0.0,0.0,2.4619311034257407e-09,2.4619311034257407e-09,0.0,0.0,0.0,1.3962633609771729,0.0,0.0,0.0,0.0,0.0,0.0,0.0,0.0
981,4.905,base_to_front_right_shoulder,3,0.3198097348213196,8.259476658167841e-09,0.3490658402442932,0.0,0.0,0.760644793510437,0.760644793510437,0.0,0.0,0.0,1.3962633609771729,0.0,0.0,0.0,0.0,0.0,0.0,0.0,0.0
981,4.905,front_right_shoulder_to_arm,7,-0.7903949618339539,-6.645990424658521e-10,-0.7900000214576721,0.0,0.0,0.009469987824559212,0.009469987824559212,0.0,0.0,0.0,1.3962633609771729,0.0,0.0,0.0,0.0,0.0,0.0,0.0,0.0
981,4.905,front_right_arm_to_hand,11,1.5,-1.6036636463212517e-09,1.5,0.0,0.0,2.6464155866712247e-10,2.6464155866712247e-10,0.0,0.0,0.0,1.3962633609771729,0.0,0.0,0.0,0.0,0.0,0.0,0.0,0.0
982,4.91,base_to_front_right_shoulder,3,0.3198091983795166,2.460680548210803e-09,0.3490658402442932,0.0,0.0,0.7606587409973145,0.7606587409973145,0.0,0.0,0.0,1.3962633609771729,0.0,0.0,0.0,0.0,0.0,0.0,0.0,0.0
982,4.91,front_right_shoulder_to_arm,7,-0.7903953194618225,-2.029885592946812e-09,-0.7900000214576721,0.0,0.0,0.009478569962084293,0.009478569962084293,0.0,0.0,0.0,1.3962633609771729,0.0,0.0,0.0,0.0,0.0,0.0,0.0,0.0
982,4.91,front_right_arm_to_hand,11,1.5,-3.2995123300239015e-10,1.5,0.0,0.0,2.405495358459575e-09,2.405495358459575e-09,0.0,0.0,0.0,1.3962633609771729,0.0,0.0,0.0,0.0,0.0,0.0,0.0,0.0
983,4.915,base_to_front_right_shoulder,3,0.3198086619377136,-2.397584353275306e-10,0.3490658402442932,0.0,0.0,0.7606726884841919,0.7606726884841919,0.0,0.0,0.0,1.3962633609771729,0.0,0.0,0.0,0.0,0.0,0.0,0.0,0.0
983,4.915,front_right_shoulder_to_arm,7,-0.7903956770896912,-1.5626184790562547e-09,-0.7900000214576721,0.0,0.0,0.009487155824899673,0.009487155824899673,0.0,0.0,0.0,1.3962633609771729,0.0,0.0,0.0,0.0,0.0,0.0,0.0,0.0
983,4.915,front_right_arm_to_hand,11,1.5,-1.5069752112850665e-09,1.5,0.0,0.0,4.949268772591608e-10,4.949268772591608e-10,0.0,0.0,0.0,1.3962633609771729,0.0,0.0,0.0,0.0,0.0,0.0,0.0,0.0
984,4.92,base_to_front_right_shoulder,3,0.31980812549591064,6.3072178591028205e-09,0.3490658402442932,0.0,0.0,0.7606866359710693,0.7606866359710693,0.0,0.0,0.0,1.3962633609771729,0.0,0.0,0.0,0.0,0.0,0.0,0.0,0.0
984,4.92,front_right_shoulder_to_arm,7,-0.7903960347175598,-1.4476881915470585e-09,-0.7900000214576721,0.0,0.0,0.009495737962424755,0.009495737962424755,0.0,0.0,0.0,1.3962633609771729,0.0,0.0,0.0,0.0,0.0,0.0,0.0,0.0
984,4.92,front_right_arm_to_hand,11,1.5,6.632164817332864e-10,1.5,0.0,0.0,2.2604629279499022e-09,2.2604629279499022e-09,0.0,0.0,0.0,1.3962633609771729,0.0,0.0,0.0,0.0,0.0,0.0,0.0,0.0
985,4.925,base_to_front_right_shoulder,3,0.31980758905410767,2.503703910861077e-09,0.3490658402442932,0.0,0.0,0.7607005834579468,0.7607005834579468,0.0,0.0,0.0,1.3962633609771729,0.0,0.0,0.0,0.0,0.0,0.0,0.0,0.0
985,4.925,front_right_shoulder_to_arm,7,-0.7903963923454285,1.0006786510530219e-09,-0.7900000214576721,0.0,0.0,0.009504321031272411,0.009504321031272411,0.0,0.0,0.0,1.3962633609771729,0.0,0.0,0.0,0.0,0.0,0.0,0.0,0.0
985,4.925,front_right_arm_to_hand,11,1.5,-7.821672198815577e-10,1.5,0.0,0.0,-9.948246670887784e-10,-9.948246670887784e-10,0.0,0.0,0.0,1.3962633609771729,0.0,0.0,0.0,0.0,0.0,0.0,0.0,0.0
986,4.93,base_to_front_right_shoulder,3,0.3198070526123047,2.4768738171587756e-09,0.3490658402442932,0.0,0.0,0.7607145309448242,0.7607145309448242,0.0,0.0,0.0,1.3962633609771729,0.0,0.0,0.0,0.0,0.0,0.0,0.0,0.0
986,4.93,front_right_shoulder_to_arm,7,-0.7903967499732971,-2.522241970837058e-09,-0.7900000214576721,0.0,0.0,0.009512899443507195,0.009512899443507195,0.0,0.0,0.0,1.3962633609771729,0.0,0.0,0.0,0.0,0.0,0.0,0.0,0.0
986,4.93,front_right_arm_to_hand,11,1.5,1.0110767778570562e-09,1.5,0.0,0.0,1.1732508298223365e-09,1.1732508298223365e-09,0.0,0.0,0.0,1.3962633609771729,0.0,0.0,0.0,0.0,0.0,0.0,0.0,0.0
987,4.9350000000000005,base_to_front_right_shoulder,3,0.3198065161705017,4.4210466398908466e-09,0.3490658402442932,0.0,0.0,0.7607284784317017,0.7607284784317017,0.0,0.0,0.0,1.3962633609771729,0.0,0.0,0.0,0.0,0.0,0.0,0.0,0.0
987,4.9350000000000005,front_right_shoulder_to_arm,7,-0.7903971076011658,-2.0301982317505463e-09,-0.7900000214576721,0.0,0.0,0.009521489031612873,0.009521489031612873,0.0,0.0,0.0,1.3962633609771729,0.0,0.0,0.0,0.0,0.0,0.0,0.0,0.0
987,4.9350000000000005,front_right_arm_to_hand,11,1.5,-1.337870703110866e-09,1.5,0.0,0.0,-1.5166151667855843e-09,-1.5166151667855843e-09,0.0,0.0,0.0,1.3962633609771729,0.0,0.0,0.0,0.0,0.0,0.0,0.0,0.0
988,4.94,base_to_front_right_shoulder,3,0.31980597972869873,-1.624584911041893e-10,0.3490658402442932,0.0,0.0,0.7607424259185791,0.7607424259185791,0.0,0.0,0.0,1.3962633609771729,0.0,0.0,0.0,0.0,0.0,0.0,0.0,0.0
988,4.94,front_right_shoulder_to_arm,7,-0.7903974652290344,-1.6195542684727116e-09,-0.7900000214576721,0.0,0.0,0.009530071169137955,0.009530071169137955,0.0,0.0,0.0,1.3962633609771729,0.0,0.0,0.0,0.0,0.0,0.0,0.0,0.0
988,4.94,front_right_arm_to_hand,11,1.5,-9.68995550465479e-10,1.5,0.0,0.0,2.006806054666299e-09,2.006806054666299e-09,0.0,0.0,0.0,1.3962633609771729,0.0,0.0,0.0,0.0,0.0,0.0,0.0,0.0
989,4.945,base_to_front_right_shoulder,3,0.31980544328689575,4.533276865004154e-09,0.3490658402442932,0.0,0.0,0.7607563734054565,0.7607563734054565,0.0,0.0,0.0,1.3962633609771729,0.0,0.0,0.0,0.0,0.0,0.0,0.0,0.0
989,4.945,front_right_shoulder_to_arm,7,-0.7903978228569031,3.2717650810809573e-10,-0.7900000214576721,0.0,0.0,0.009538653306663036,0.009538653306663036,0.0,0.0,0.0,1.3962633609771729,0.0,0.0,0.0,0.0,0.0,0.0,0.0,0.0
989,4.945,front_right_arm_to_hand,11,1.5,-4.90627316551695e-10,1.5,0.0,0.0,1.4534933256982185e-09,1.4534933256982185e-09,0.0,0.0,0.0,1.3962633609771729,0.0,0.0,0.0,0.0,0.0,0.0,0.0,0.0
990,4.95,base_to_front_right_shoulder,3,0.3198049068450928,-1.2197602927699336e-09,0.3490658402442932,0.0,0.0,0.760770320892334,0.760770320892334,0.0,0.0,0.0,1.3962633609771729,0.0,0.0,0.0,0.0,0.0,0.0,0.0,0.0
990,4.95,front_right_shoulder_to_arm,7,-0.7903981804847717,-1.2093934742551937e-09,-0.7900000214576721,0.0,0.0,0.009547232650220394,0.009547232650220394,0.0,0.0,0.0,1.3962633609771729,0.0,0.0,0.0,0.0,0.0,0.0,0.0,0.0
990,4.95,front_right_arm_to_hand,11,1.5,3.108044654975828e-10,1.5,0.0,0.0,7.359409748275425e-10,7.359409748275425e-10,0.0,0.0,0.0,1.3962633609771729,0.0,0.0,0.0,0.0,0.0,0.0,0.0,0.0
991,4.955,base_to_front_right_shoulder,3,0.3198043704032898,4.541902853816282e-09,0.3490658402442932,0.0,0.0,0.7607842683792114,0.7607842683792114,0.0,0.0,0.0,1.3962633609771729,0.0,0.0,0.0,0.0,0.0,0.0,0.0,0.0
991,4.955,front_right_shoulder_to_arm,7,-0.7903985381126404,-2.697348122637777e-09,-0.7900000214576721,0.0,0.0,0.009555818513035774,0.009555818513035774,0.0,0.0,0.0,1.3962633609771729,0.0,0.0,0.0,0.0,0.0,0.0,0.0,0.0
991,4.955,front_right_arm_to_hand,11,1.5,7.245309907588648e-10,1.5,0.0,0.0,-4.662066843685864e-10,-4.662066843685864e-10,0.0,0.0,0.0,1.3962633609771729,0.0,0.0,0.0,0.0,0.0,0.0,0.0,0.0
992,4.96,base_to_front_right_shoulder,3,0.3198038339614868,2.4411335175500426e-09,0.3490658402442932,0.0,0.0,0.7607982158660889,0.7607982158660889,0.0,0.0,0.0,1.3962633609771729,0.0,0.0,0.0,0.0,0.0,0.0,0.0,0.0
992,4.96,front_right_shoulder_to_arm,7,-0.790398895740509,-2.2640875840806984e-09,-0.7900000214576721,0.0,0.0,0.009564404375851154,0.009564404375851154,0.0,0.0,0.0,1.3962633609771729,0.0,0.0,0.0,0.0,0.0,0.0,0.0,0.0
992,4.96,front_right_arm_to_hand,11,1.5,-1.8103740728747653e-09,1.5,0.0,0.0,-1.086796430627146e-09,-1.086796430627146e-09,0.0,0.0,0.0,1.3962633609771729,0.0,0.0,0.0,0.0,0.0,0.0,0.0,0.0
993,4.965,base_to_front_right_shoulder,3,0.31980329751968384,-1.2692353834609094e-09,0.3490658402442932,0.0,0.0,0.7608121633529663,0.7608121633529663,0.0,0.0,0.0,1.3962633609771729,0.0,0.0,0.0,0.0,0.0,0.0,0.0,0.0
993,4.965,front_right_shoulder_to_arm,7,-0.7903992533683777,-3.86273057983999e-09,-0.7900000214576721,0.0,0.0,0.009572986513376236,0.009572986513376236,0.0,0.0,0.0,1.3962633609771729,0.0,0.0,0.0,0.0,0.0,0.0,0.0,0.0
993,4.965,front_right_arm_to_hand,11,1.5,4.407298970221518e-10,1.5,0.0,0.0,2.715561109312148e-09,2.715561109312148e-09,0.0,0.0,0.0,1.3962633609771729,0.0,0.0,0.0,0.0,0.0,0.0,0.0,0.0
994,4.97,base_to_front_right_shoulder,3,0.31980276107788086,-1.6292744930979097e-10,0.3490658402442932,0.0,0.0,0.7608261108398438,0.7608261108398438,0.0,0.0,0.0,1.3962633609771729,0.0,0.0,0.0,0.0,0.0,0.0,0.0,0.0
994,4.97,front_right_shoulder_to_arm,7,-0.7903996109962463,9.389111710333964e-11,-0.7900000214576721,0.0,0.0,0.00958157330751419,0.00958157330751419,0.0,0.0,0.0,1.3962633609771729,0.0,0.0,0.0,0.0,0.0,0.0,0.0,0.0
994,4.97,front_right_arm_to_hand,11,1.5,4.0193517958364566e-10,1.5,0.0,0.0,-6.610948455332277e-10,-6.610948455332277e-10,0.0,0.0,0.0,1.3962633609771729,0.0,0.0,0.0,0.0,0.0,0.0,0.0,0.0
995,4.9750000000000005,base_to_front_right_shoulder,3,0.3198022246360779,-1.240231028987182e-09,0.3490658402442932,0.0,0.0,0.7608400583267212,0.7608400583267212,0.0,0.0,0.0,1.3962633609771729,0.0,0.0,0.0,0.0,0.0,0.0,0.0,0.0
995,4.9750000000000005,front_right_shoulder_to_arm,7,-0.790399968624115,-1.3590195635515556e-09,-0.7900000214576721,0.0,0.0,0.00959014892578125,0.00959014892578125,0.0,0.0,0.0,1.3962633609771729,0.0,0.0,0.0,0.0,0.0,0.0,0.0,0.0
995,4.9750000000000005,front_right_arm_to_hand,11,1.5,3.6436872963285794e-10,1.5,0.0,0.0,-6.029027832532563e-10,-6.029027832532563e-10,0.0,0.0,0.0,1.3962633609771729,0.0,0.0,0.0,0.0,0.0,0.0,0.0,0.0
996,4.98,base_to_front_right_shoulder,3,0.3198016881942749,4.464595804165583e-09,0.3490658402442932,0.0,0.0,0.7608540058135986,0.7608540058135986,0.0,0.0,0.0,1.3962633609771729,0.0,0.0,0.0,0.0,0.0,0.0,0.0,0.0
996,4.98,front_right_shoulder_to_arm,7,-0.7904003262519836,9.115410648519173e-10,-0.7900000214576721,0.0,0.0,0.00959873478859663,0.00959873478859663,0.0,0.0,0.0,1.3962633609771729,0.0,0.0,0.0,0.0,0.0,0.0,0.0,0.0
996,4.98,front_right_arm_to_hand,11,1.5,-4.0961245506565547e-10,1.5,0.0,0.0,-5.465530805714991e-10,-5.465530805714991e-10,0.0,0.0,0.0,1.3962633609771729,0.0,0.0,0.0,0.0,0.0,0.0,0.0,0.0
997,4.985,base_to_front_right_shoulder,3,0.3198011517524719,-2.8916957717228797e-10,0.3490658402442932,0.0,0.0,0.7608679533004761,0.7608679533004761,0.0,0.0,0.0,1.3962633609771729,0.0,0.0,0.0,0.0,0.0,0.0,0.0,0.0
997,4.985,front_right_shoulder_to_arm,7,-0.7904006838798523,-2.4068853576864058e-09,-0.7900000214576721,0.0,0.0,0.009607313200831413,0.009607313200831413,0.0,0.0,0.0,1.3962633609771729,0.0,0.0,0.0,0.0,0.0,0.0,0.0,0.0
997,4.985,front_right_arm_to_hand,11,1.5,1.940125282651195e-10,1.5,0.0,0.0,6.144186825984832e-10,6.144186825984832e-10,0.0,0.0,0.0,1.3962633609771729,0.0,0.0,0.0,0.0,0.0,0.0,0.0,0.0
998,4.99,base_to_front_right_shoulder,3,0.31980061531066895,2.6005579911725363e-09,0.3490658402442932,0.0,0.0,0.7608819007873535,0.7608819007873535,0.0,0.0,0.0,1.3962633609771729,0.0,0.0,0.0,0.0,0.0,0.0,0.0,0.0
998,4.99,front_right_shoulder_to_arm,7,-0.790401041507721,-1.9394263972571935e-10,-0.7900000214576721,0.0,0.0,0.009615902788937092,0.009615902788937092,0.0,0.0,0.0,1.3962633609771729,0.0,0.0,0.0,0.0,0.0,0.0,0.0,0.0
998,4.99,front_right_arm_to_hand,11,1.5,4.035101142108033e-10,1.5,0.0,0.0,-2.9101879239767925e-10,-2.9101879239767925e-10,0.0,0.0,0.0,1.3962633609771729,0.0,0.0,0.0,0.0,0.0,0.0,0.0,0.0
999,4.995,base_to_front_right_shoulder,3,0.31980007886886597,2.571447055288445e-09,0.3490658402442932,0.0,0.0,0.760895848274231,0.760895848274231,0.0,0.0,0.0,1.3962633609771729,0.0,0.0,0.0,0.0,0.0,0.0,0.0,0.0
999,4.995,front_right_shoulder_to_arm,7,-0.7904013991355896,2.074777682992135e-09,-0.7900000214576721,0.0,0.0,0.009624481201171875,0.009624481201171875,0.0,0.0,0.0,1.3962633609771729,0.0,0.0,0.0,0.0,0.0,0.0,0.0,0.0
999,4.995,front_right_arm_to_hand,11,1.5,-2.1198925947985003e-10,1.5,0.0,0.0,-6.052651713162049e-10,-6.052651713162049e-10,0.0,0.0,0.0,1.3962633609771729,0.0,0.0,0.0,0.0,0.0,0.0,0.0,0.0
