time_start,time_end,flshoulder,flarm,flfoot,frshoulder,frarm,frfoot,blshoulder,blarm,blfoot,brshoulder,brarm,brfoot,motion,movement
1776272824.820116,14619.777556152,34.829986572265625,-22.53770637512207,41.22010040283203,-37.1451301574707,-26.260028839111328,98.24485778808594,33.892330169677734,-6.184886455535889,90.08488464355469,-30.599971771240234,-3.200052499771118,81.35519409179688,Stop,Stepping
1776272824.8400435,14619.797336619,34.8297119140625,-22.538515090942383,41.22154235839844,-37.14468002319336,-26.260549545288086,98.24520111083984,33.891868591308594,-6.185644149780273,90.08550262451172,-30.59958267211914,-3.200839042663574,81.3559341430664,Stop,Stepping
1776272824.8600502,14619.821389195,34.828765869140625,-22.541284561157227,41.226478576660156,-37.14313507080078,-26.2623233795166,98.24637603759766,33.890289306640625,-6.188242435455322,90.087646484375,-30.598255157470703,-3.20351505279541,81.35843658447266,Stop,Stepping
1776272824.8800354,14619.837640475,34.8267707824707,-22.54714584350586,41.236915588378906,-37.139869689941406,-26.266075134277344,98.24886322021484,33.88693618774414,-6.1937408447265625,90.09217071533203,-30.59543228149414,-3.2091922760009766,81.36376190185547,Stop,Stepping
1776272824.900035,14619.858367722,34.82334518432617,-22.55721664428711,41.25485610961914,-37.134254455566406,-26.27252769470215,98.25312805175781,33.88118362426758,-6.203184604644775,90.09993743896484,-30.59058952331543,-3.218947410583496,81.37290954589844,Stop,Stepping
1776272824.9200268,14619.880179847,34.81813430786133,-22.57253074645996,41.28213119506836,-37.12571334838867,-26.28233528137207,98.25960540771484,33.872432708740234,-6.217555999755859,90.11177062988281,-30.583219528198242,-3.2337827682495117,81.38680267333984,Stop,Stepping
1776272824.9400256,14619.897770734,34.81077575683594,-22.594091415405273,41.32052993774414,-37.113677978515625,-26.29616928100586,98.26875305175781,33.86009216308594,-6.2378106117248535,90.12843322753906,-30.572837829589844,-3.2546920776367188,81.4063949584961,Stop,Stepping
1776272824.9600325,14619.919076129,34.800960540771484,-22.62285614013672,41.37174606323242,-37.09760284423828,-26.31462860107422,98.28093719482422,33.843624114990234,-6.2648444175720215,90.15065002441406,-30.55897331237793,-3.2826039791107178,81.4325180053711,Stop,Stepping
1776272824.9800582,14619.943627926,34.78835678100586,-22.659677505493164,41.43729019165039,-37.07698440551758,-26.33829689025879,98.29654693603516,33.82249450683594,-6.299513816833496,90.17912292480469,-30.54119110107422,-3.3183982372283936,81.46600341796875,Stop,Stepping
1776272825.000047,14619.958120224,34.772682189941406,-22.705387115478516,41.51864242553711,-37.05134963989258,-26.367719650268555,98.31592559814453,33.79623031616211,-6.342623710632324,90.21446990966797,-30.51907730102539,-3.3628904819488525,81.50757598876953,Stop,Stepping
1776272825.0200481,14619.977826343,34.7536506652832,-22.7607479095459,41.61714172363281,-37.02022171020508,-26.403432846069336,98.33940124511719,33.76435470581055,-6.3949384689331055,90.25732421875,-30.49224281311035,-3.416884660720825,81.55796813964844,Stop,Stepping
1776272825.0400288,14619.997893355,34.73098373413086,-22.826446533203125,41.73398208618164,-36.983184814453125,-26.44590950012207,98.36727142333984,33.72642135620117,-6.457184314727783,90.30821228027344,-30.460304260253906,-3.4811172485351562,81.61782836914062,Stop,Stepping
1776272825.0600204,14620.022284691,34.70441436767578,-22.90314483642578,41.870338439941406,-36.939796447753906,-26.49564552307129,98.39983367919922,33.6820068359375,-6.530071258544922,90.36769104003906,-30.422901153564453,-3.5563135147094727,81.68778991699219,Stop,Stepping
1776272825.0800676,14620.037950768,34.67369842529297,-22.991443634033203,42.02723693847656,-36.88965606689453,-26.55308723449707,98.43733215332031,33.630699157714844,-6.614255428314209,90.43621826171875,-30.379690170288086,-3.6431565284729004,81.76842498779297,Stop,Stepping
1776272825.1000674,14620.074330367,34.638484954833984,-23.092105865478516,42.20599365234375,-36.83224105834961,-26.618816375732422,98.4801025390625,33.57196807861328,-6.710612773895264,90.51445770263672,-30.330224990844727,-3.7425241470336914,81.8604736328125,Stop,Stepping
1776272825.12002,14620.078252546,34.59883117675781,-23.20481300354004,42.406009674072266,-36.767642974853516,-26.692716598510742,98.52799987792969,33.50591278076172,-6.818970680236816,90.60216522216797,-30.27457046508789,-3.8542442321777344,81.96370697021484,Stop,Stepping
1776272825.1400223,14620.098269815,34.554283142089844,-23.33058738708496,42.629051208496094,-36.69514846801758,-26.775575637817383,98.58149719238281,33.431819915771484,-6.9405035972595215,90.70020294189453,-30.212142944335938,-3.9795074462890625,82.07910919189453,Stop,Stepping
1776272825.160029,14620.122912584,34.504608154296875,-23.469831466674805,42.875770568847656,-36.61440658569336,-26.86776351928711,98.6407470703125,33.3493537902832,-7.075753211975098,90.80886840820312,-30.142642974853516,-4.118861675262451,82.20706176757812,Stop,Stepping
1776272825.1800625,14620.137427635,34.449825286865234,-23.622188568115234,43.145477294921875,-36.525474548339844,-26.969196319580078,98.70559692382812,33.25856399536133,-7.224629878997803,90.92798614501953,-30.066110610961914,-4.27219820022583,82.34734344482422,Stop,Stepping
1776272825.2000105,14620.170228108,34.38959503173828,-23.788227081298828,43.43910598754883,-36.4278564453125,-27.080421447753906,98.77629089355469,33.158973693847656,-7.387908935546875,91.0580062866211,-29.982141494750977,-4.440315246582031,82.50053405761719,Stop,Stepping
1776272825.22005,14620.177628972,34.32372283935547,-23.968130111694336,43.75691604614258,-36.32125473022461,-27.201702117919922,98.8529052734375,33.0503044128418,-7.566054344177246,91.19911193847656,-29.89048957824707,-4.623652458190918,82.66686248779297,Stop,Stepping
1776272825.2400107,14620.197495548,34.25206756591797,-24.161848068237305,44.09871292114258,-36.205501556396484,-27.333219528198242,98.93540954589844,32.93239974975586,-7.75930118560791,91.35132598876953,-29.791017532348633,-4.822449684143066,82.84632873535156,Stop,Stepping
1776272825.2600105,14620.220774149,34.1744499206543,-24.369443893432617,44.46451950073242,-36.080352783203125,-27.475208282470703,99.0238265991211,32.805030822753906,-7.968035697937012,91.51472473144531,-29.683523178100586,-5.037069797515869,83.03907012939453,Stop,Stepping
1776272825.2799997,14620.241040997,34.090789794921875,-24.59063148498535,44.85374069213867,-35.945743560791016,-27.627676010131836,99.11798858642578,32.668155670166016,-8.19231128692627,91.68910217285156,-29.567968368530273,-5.2675461769104,83.244873046875,Stop,Stepping
1776272825.3000166,14620.259401964,34.000823974609375,-24.825603485107422,45.2666015625,-35.801307678222656,-27.79098129272461,99.21794128417969,32.52144241333008,-8.432669639587402,91.87462615966797,-29.444053649902344,-5.514426231384277,83.4639663696289,Stop,Stepping
1776272825.3200376,14620.286241969,33.90445327758789,-25.074071884155273,45.702484130859375,-35.64695739746094,-27.965171813964844,99.32355499267578,32.36482238769531,-8.689210891723633,92.07110595703125,-29.311723709106445,-5.777774810791016,83.69613647460938,Stop,Stepping
1776272825.3400068,14620.299023712,33.801700592041016,-25.33543586730957,46.16020202636719,-35.482818603515625,-28.150049209594727,99.43450164794922,32.19845962524414,-8.96168327331543,92.27803039550781,-29.17108917236328,-6.057311534881592,83.94083404541016,Stop,Stepping
1776272825.3600066,14620.320588471,33.69218444824219,-25.61008071899414,46.64031982421875,-35.308349609375,-28.346141815185547,99.55086517333984,32.02183151245117,-9.25090503692627,92.49571990966797,-29.021713256835938,-6.353858470916748,84.1984634399414,Stop,Stepping
1776272825.38,14620.337854649,33.5759162902832,-25.89736557006836,47.141571044921875,-35.1236686706543,-28.553237915039062,99.67231750488281,31.835111618041992,-9.556631088256836,92.72361755371094,-28.86371421813965,-6.667115211486816,84.4684066772461,Stop,Stepping
1776272825.4000266,14620.35851494,33.452632904052734,-26.197357177734375,47.663936614990234,-34.928443908691406,-28.771657943725586,99.79878234863281,31.63799285888672,-9.879335403442383,92.96170806884766,-28.69682502746582,-6.997559070587158,84.75071716308594,Stop,Stepping
1776272825.420223,14620.378100405,33.321266174316406,-26.511913299560547,48.21050262451172,-34.72111129760742,-29.003028869628906,99.93091583251953,31.428943634033203,-10.221532821655273,93.21144104003906,-28.51972770690918,-7.347725868225098,85.047119140625,Stop,Stepping
1776272825.4400225,14620.398166216,33.18513488769531,-26.832538604736328,48.76636505126953,-34.507015228271484,-29.241321563720703,100.06504821777344,31.213401794433594,-10.574335098266602,93.46592712402344,-28.33701515197754,-7.708494663238525,85.34954833984375,Stop,Stepping
1776272825.4600096,14620.418545004,33.040618896484375,-27.16716957092285,49.345157623291016,-34.28055953979492,-29.492679595947266,100.20435333251953,30.98577117919922,-10.946893692016602,93.73139953613281,-28.143924713134766,-8.089197158813477,85.66543579101562,Stop,Stepping
1776272825.4800026,14620.438767799,32.88877487182617,-27.512666702270508,49.94127655029297,-34.043540954589844,-29.754995346069336,100.34736633300781,30.747905731201172,-11.336174011230469,94.00518798828125,-27.9420166015625,-8.48671817779541,85.99169921875,Stop,Stepping
1776272825.5,14620.465534171,32.72952651977539,-27.868532180786133,50.55370330810547,-33.79598617553711,-30.02814483642578,100.49366760253906,30.49989128112793,-11.742057800292969,94.2867660522461,-27.73133087158203,-8.900897026062012,86.32776641845703,Stop,Stepping
1776272825.5200088,14620.478508992,32.56275177001953,-28.234373092651367,51.18160629272461,-33.537845611572266,-30.31206703186035,100.64291381835938,30.241731643676758,-12.16454029083252,94.57559967041016,-27.51185417175293,-9.331700325012207,86.673095703125,Stop,Stepping
1776272825.5399897,14620.499790873,32.38853073120117,-28.609386444091797,51.823463439941406,-33.269386291503906,-30.60637092590332,100.79457092285156,29.973743438720703,-12.603097915649414,94.87085723876953,-27.28383445739746,-9.778586387634277,87.02677917480469,Stop,Stepping
1776272825.5600476,14620.518366616,32.20601272583008,-28.994722366333008,52.48107147216797,-32.98947525024414,-30.912160873413086,100.94883728027344,29.694856643676758,-13.059508323669434,95.17317962646484,-27.046337127685547,-10.243334770202637,87.38969421386719,Stop,Stepping
1776272825.5800018,14620.541554943,32.01678466796875,-29.38640594482422,53.14746856689453,-32.70071029663086,-31.22649574279785,101.10387420654297,29.4077205657959,-13.529452323913574,95.47920227050781,-26.80158042907715,-10.721536636352539,87.75789642333984,Stop,Stepping
1776272825.6000047,14620.560647293,31.819242477416992,-29.78716468811035,53.82717514038086,-32.40080642700195,-31.55173110961914,101.260498046875,29.11011505126953,-14.01655387878418,95.79074096679688,-26.547664642333984,-11.216859817504883,88.13367462158203,Stop,Stepping
1776272825.6200187,14620.577969152,31.613807678222656,-30.19548225402832,54.51742935180664,-32.09060287475586,-31.88682746887207,101.41781616210938,28.802936553955078,-14.519367218017578,96.10629272460938,-26.285314559936523,-11.727828025817871,88.5153579711914,Stop,Stepping
1776272825.6400347,14620.602142581,31.40032386779785,-30.611066818237305,55.21759033203125,-31.770048141479492,-32.23170852661133,101.57538604736328,28.486196517944336,-15.037887573242188,96.42527770996094,-26.014511108398438,-12.254422187805176,88.90234375,Stop,Stepping
1776272825.6600034,14620.618943698,31.179428100585938,-31.032093048095703,55.924434661865234,-31.44029998779297,-32.58498001098633,101.7322006225586,28.161100387573242,-15.570145606994629,96.74593353271484,-25.73625946044922,-12.794632911682129,89.29263305664062,Stop,Stepping
1776272825.6800094,14620.638880191,30.950172424316406,-31.459794998168945,56.6398811340332,-31.100147247314453,-32.94780731201172,101.88838958740234,27.826513290405273,-16.118005752563477,97.06879425048828,-25.449556350708008,-13.350367546081543,89.6870346069336,Stop,Stepping
1776272825.7000244,14620.658036965,30.713054656982422,-31.892663955688477,57.36124801635742,-30.75053596496582,-33.31902313232422,102.04302978515625,27.48343849182129,-16.679828643798828,97.39229583740234,-25.155227661132812,-13.919958114624023,90.08378601074219,Stop,Stepping
1776272825.7200403,14620.679985088,30.467018127441406,-32.33205795288086,58.09063720703125,-30.390146255493164,-33.69988250732422,102.19622039794922,27.13062858581543,-17.257652282714844,97.71698760986328,-24.852174758911133,-14.505480766296387,90.48371124267578,Stop,Stepping
1776272825.7400324,14620.697975335,30.21366310119629,-32.77455139160156,58.82223129272461,-30.02155303955078,-34.08750915527344,102.34639739990234,26.770679473876953,-17.84723663330078,98.03990173339844,-24.542587280273438,-15.102653503417969,90.88333129882812,Stop,Stepping
1776272825.7599995,14620.718215385,29.95260238647461,-33.22040939331055,59.55632400512695,-29.644390106201172,-34.482139587402344,102.49327087402344,26.403289794921875,-18.44905662536621,98.3607406616211,-24.226171493530273,-15.711974143981934,91.28243255615234,Stop,Stepping
1776272825.7799966,14620.738324345,29.683034896850586,-33.67046356201172,60.29417037963867,-29.25776481628418,-34.88453674316406,102.63671112060547,26.02763557434082,-19.064441680908203,98.67964172363281,-23.90219497680664,-16.334823608398438,91.68136596679688,Stop,Stepping
1776272825.79999,14620.768843872,29.40540313720703,-34.12350845336914,61.03364944458008,-28.862524032592773,-35.29364013671875,102.77593994140625,25.644617080688477,-19.691896438598633,98.99520111083984,-23.571392059326172,-16.969703674316406,92.07858276367188,Stop,Stepping
1776272825.8199813,14620.777965304,29.119495391845703,-34.579410552978516,61.7744026184082,-28.458642959594727,-35.70932388305664,102.91047668457031,25.254253387451172,-20.331357955932617,99.30681610107422,-23.233741760253906,-17.61659812927246,92.4735107421875,Stop,Stepping
1776272825.83999,14620.7984312,28.82538414001465,-35.037593841552734,62.51538848876953,-28.046464920043945,-36.131038665771484,103.03974151611328,24.856945037841797,-20.982131958007812,99.61355590820312,-22.889558792114258,-18.274845123291016,92.86515808105469,Stop,Stepping
1776272825.86004,14620.817631207,28.522607803344727,-35.498329162597656,63.256900787353516,-27.625600814819336,-36.55901336669922,103.16336822509766,24.45236587524414,-21.644691467285156,99.9150390625,-22.538524627685547,-18.944974899291992,93.25328826904297,Stop,Stepping
1776272825.8800519,14620.840434249,28.212366104125977,-35.959381103515625,63.99523162841797,-27.197988510131836,-36.991065979003906,103.28034210205078,24.04243278503418,-22.31584358215332,100.20927429199219,-22.182262420654297,-19.623796463012695,93.63550567626953,Stop,Stepping
1776272825.9000237,14620.858422825,27.894643783569336,-36.42045211791992,64.7298355102539,-26.763826370239258,-37.426849365234375,103.39021301269531,23.627382278442383,-22.995119094848633,100.49553680419922,-21.820945739746094,-20.310909271240234,94.01111602783203,Stop,Stepping
1776272825.920011,14620.880150782,27.56863784790039,-36.88237380981445,65.4619140625,-26.322280883789062,-37.867008209228516,103.49276733398438,23.206449508666992,-23.683671951293945,100.77381134033203,-21.453882217407227,-21.00754165649414,94.38030242919922,Stop,Stepping
1776272825.939984,14620.898198946,27.23511505126953,-37.34368133544922,66.18907928466797,-25.874643325805664,-38.31005859375,103.58726501464844,22.78092384338379,-24.37930679321289,101.0427017211914,-21.0821533203125,-21.71154022216797,94.7414321899414,Stop,Stepping
1776272825.9604118,14620.918706776,26.8857364654541,-37.815223693847656,66.92821502685547,-25.410112380981445,-38.76639175415039,103.67528533935547,22.340604782104492,-25.098541259765625,101.30764770507812,-20.696802139282227,-22.439708709716797,95.10224151611328,Stop,Stepping
1776272825.979982,14620.939167401,26.54364776611328,-38.26582336425781,67.63047790527344,-24.95958709716797,-39.20556640625,103.75083923339844,21.914785385131836,-25.793426513671875,101.55091857910156,-20.323448181152344,-23.143569946289062,95.43862915039062,Stop,Stepping
1776272826.000016,14620.965300516,26.185758590698242,-38.72593688964844,68.3434066772461,-24.492774963378906,-39.65701675415039,103.81896209716797,21.474822998046875,-26.510560989379883,101.78873443603516,-19.936969757080078,-23.870399475097656,95.77313995361328,Stop,Stepping
1776272826.019934,14620.978300181,25.822505950927734,-39.18157958984375,69.04515075683594,-24.023649215698242,-40.1069450378418,103.8769760131836,21.033958435058594,-27.22819709777832,102.01312255859375,-19.548946380615234,-24.598249435424805,96.09492492675781,Stop,Stepping
1776272826.0400302,14621.002573764,25.4482479095459,-39.63954544067383,69.74610900878906,-23.54517936706543,-40.561859130859375,103.92533111572266,20.585609436035156,-27.956832885742188,102.22683715820312,-19.153560638427734,-25.33787727355957,96.40827941894531,Stop,Stepping
1776272826.0599787,14621.027067306,25.06962776184082,-40.091453552246094,70.43338012695312,-23.066116333007812,-41.01324462890625,103.96279907226562,20.138002395629883,-28.682912826538086,102.42549133300781,-18.758031845092773,-26.07559585571289,96.70697784423828,Stop,Stepping
1776272826.0799882,14621.046321869,24.682571411132812,-40.54203414916992,71.11415100097656,-22.581491470336914,-41.46562194824219,103.9895248413086,19.68650245666504,-29.413755416870117,102.61079406738281,-18.35824966430664,-26.81894874572754,96.99385070800781,Stop,Stepping
1776272826.1001656,14621.06577345,24.287033081054688,-40.99105453491211,71.78801727294922,-22.091520309448242,-41.91853713989258,104.00507354736328,19.23133659362793,-30.148740768432617,102.78209686279297,-17.954376220703125,-27.56740379333496,97.2682113647461,Stop,Stepping
1776272826.1199474,14621.082250606,23.88861083984375,-41.43207550048828,72.4453125,-21.603302001953125,-42.36528015136719,104.00906372070312,18.779096603393555,-30.877002716064453,102.93665313720703,-17.55225372314453,-28.309995651245117,97.52586364746094,Stop,Stepping
1776272826.140234,14621.09922953,23.476675033569336,-41.87662887573242,73.1031723022461,-21.10405731201172,-42.81732177734375,104.00123596191406,18.317964553833008,-31.617286682128906,103.07799530029297,-17.141345977783203,-29.06593894958496,97.77306365966797,Stop,Stepping
1776272826.1602843,14621.118334807,23.06218910217285,-42.312644958496094,73.7436752319336,-20.607332229614258,-43.26215362548828,103.98145294189453,17.86046600341797,-32.349205017089844,103.20177459716797,-16.7327823638916,-29.81452178955078,98.00263977050781,Stop,Stepping
1776272826.1799815,14621.138348016,22.647624969482422,-42.73781204223633,74.36361694335938,-20.116050720214844,-43.69715881347656,103.95003509521484,17.409250259399414,-33.06834411621094,103.30757904052734,-16.328948974609375,-30.551286697387695,98.21356201171875,Stop,Stepping
1776272826.1999893,14621.158496594,22.2213077545166,-43.16403579711914,74.98036193847656,-19.61654281616211,-44.134281158447266,103.90597534179688,16.951745986938477,-33.79444885253906,103.39813995361328,-15.918586730957031,-31.296558380126953,98.4114761352539,Stop,Stepping
1776272826.2200298,14621.182423528,21.78862190246582,-43.58562088012695,75.58560180664062,-19.115392684936523,-44.5674934387207,103.84939575195312,16.494001388549805,-34.5175666809082,103.47161865234375,-15.50709056854248,-32.04023361206055,98.59319305419922,Stop,Stepping
1776272826.2399862,14621.199033258,21.35240936279297,-43.99982452392578,76.17544555664062,-18.615995407104492,-44.99372482299805,103.7806396484375,16.039104461669922,-35.23256301879883,103.5274429321289,-15.097229957580566,-32.77710723876953,98.75740051269531,Stop,Stepping
1776272826.260014,14621.218072384,20.910091400146484,-44.40908432006836,76.7534408569336,-18.115497589111328,-45.415287017822266,103.69924926757812,15.584432601928711,-35.94327926635742,103.56584167480469,-14.686641693115234,-33.5112190246582,98.90495300292969,Stop,Stepping
1776272826.2799864,14621.23832215,20.462404251098633,-44.812686920166016,77.3185806274414,-17.614864349365234,-45.83121109008789,103.6052474975586,15.130845069885254,-36.64806365966797,103.58655548095703,-14.276098251342773,-34.240936279296875,99.035400390625,Stop,Stepping
1776272826.2999763,14621.263130241,20.01058006286621,-45.20951843261719,77.86940002441406,-17.115564346313477,-46.24018096923828,103.49885559082031,14.679647445678711,-37.3445930480957,103.58943939208984,-13.86678409576416,-34.96392822265625,99.14826202392578,Stop,Stepping
1776272826.319974,14621.280972149,19.55405616760254,-45.600120544433594,78.40670776367188,-16.61703872680664,-46.642520904541016,103.37996673583984,14.230311393737793,-38.03342819213867,103.57447814941406,-13.458212852478027,-35.68083190917969,99.2436752319336,Stop,Stepping
1776272826.3400583,14621.298534845,19.0936279296875,-45.98383331298828,78.92967987060547,-16.120229721069336,-47.03738021850586,103.24876403808594,13.783656120300293,-38.7130241394043,103.54168701171875,-13.0511474609375,-36.39011001586914,99.32144927978516,Stop,Stepping
1776272826.3599768,14621.318264691,18.629470825195312,-46.36058807373047,79.43830108642578,-15.625358581542969,-47.42451095581055,103.10536193847656,13.33984661102295,-39.38288879394531,103.49113464355469,-12.645737648010254,-37.09126281738281,99.38153839111328,Stop,Stepping
1776272826.3799682,14621.338122103,18.162288665771484,-46.729896545410156,79.93201446533203,-15.133198738098145,-47.80324172973633,102.95004272460938,12.899548530578613,-40.04177474975586,103.42298889160156,-12.24260425567627,-37.78303527832031,99.42398834228516,Stop,Stepping
1776272826.4000208,14621.363306899,17.6909236907959,-47.09273910522461,80.4122314453125,-14.642558097839355,-48.17444610595703,102.782470703125,12.461655616760254,-40.691097259521484,103.337158203125,-11.84074592590332,-38.466949462890625,99.44893646240234,Stop,Stepping
1776272826.419968,14621.390855741,17.21949005126953,-47.44609451293945,80.87507629394531,-14.157685279846191,-48.534881591796875,102.60427856445312,12.02992057800293,-41.32509994506836,103.23460388183594,-11.443626403808594,-39.13694763183594,99.45637512207031,Stop,Stepping
1776272826.43997,14621.407280857,16.744495391845703,-47.79273223876953,81.32432556152344,-13.674942970275879,-48.88725662231445,102.41429138183594,11.601065635681152,-41.94844436645508,103.11483764648438,-11.048249244689941,-39.79795837402344,99.44664001464844,Stop,Stepping
1776272826.4599755,14621.419050275,16.26780891418457,-48.13140106201172,81.75846862792969,-13.19621467590332,-49.230186462402344,102.21336364746094,11.17672348022461,-42.55857849121094,102.97848510742188,-10.65613842010498,-40.447269439697266,99.41989135742188,Stop,Stepping
1776272826.479972,14621.439436593,15.789822578430176,-48.461978912353516,82.17748260498047,-12.72183609008789,-49.56345748901367,102.0018539428711,10.757150650024414,-43.15498352050781,102.82591247558594,-10.267548561096191,-41.08433151245117,99.37641143798828,Stop,Stepping
1776272826.499965,14621.458354299,15.311116218566895,-48.78423309326172,82.58123016357422,-12.252306938171387,-49.88674545288086,101.78018188476562,10.342745780944824,-43.736995697021484,102.6576156616211,-9.882878303527832,-41.70840072631836,99.3165512084961,Stop,Stepping
1776272826.5199552,14621.486108495,14.831926345825195,-49.098201751708984,82.96991729736328,-11.787768363952637,-50.20003890991211,101.54867553710938,9.933591842651367,-44.304420471191406,102.47401428222656,-9.502230644226074,-42.31925582885742,99.24068450927734,Stop,Stepping
1776272826.5399594,14621.508258166,14.352754592895508,-49.403751373291016,83.3435287475586,-11.328605651855469,-50.503135681152344,101.30778503417969,9.529980659484863,-44.8568229675293,102.275634765625,-9.125898361206055,-42.91633987426758,99.14921569824219,Stop,Stepping
1776272826.5599868,14621.522591341,13.87350082397461,-49.701133728027344,83.70255279541016,-10.874619483947754,-50.79625701904297,101.05768585205078,9.13170051574707,-45.394432067871094,102.06278991699219,-8.753717422485352,-43.49989318847656,99.04249572753906,Stop,Stepping
1776272826.5799642,14621.546197409,13.396180152893066,-49.98934555053711,84.04595947265625,-10.427574157714844,-51.078392028808594,100.79967498779297,8.740249633789062,-45.915260314941406,101.8367919921875,-8.38711929321289,-44.067691802978516,98.92139434814453,Stop,Stepping
1776272826.5999732,14621.565448322,12.919182777404785,-50.26957702636719,84.37535858154297,-9.985834121704102,-51.350711822509766,100.53314971923828,8.354151725769043,-46.42131805419922,101.5972900390625,-8.024751663208008,-44.621849060058594,98.78592681884766,Stop,Stepping
1776272826.619996,14621.581416758,12.444830894470215,-50.54070281982422,84.6895980834961,-9.55139446258545,-51.61211395263672,100.2596664428711,7.975106239318848,-46.910438537597656,101.34587097167969,-7.668245315551758,-45.15990447998047,98.63719940185547,Stop,Stepping
1776272826.6399617,14621.598054546,11.97315788269043,-50.80299377441406,84.98921203613281,-9.124107360839844,-51.86288833618164,99.97955322265625,7.602940559387207,-47.38297653198242,101.08306121826172,-7.317474365234375,-45.68217468261719,98.4757308959961,Stop,Stepping
1776272826.659959,14621.620280705,11.503920555114746,-51.05683135986328,85.27486419677734,-8.703588485717773,-52.10344314575195,99.69294738769531,7.237276554107666,-47.83955764770508,100.8091812133789,-6.972113609313965,-46.18923568725586,98.30194091796875,Stop,Stepping
1776272826.680014,14621.649433114,11.037418365478516,-51.30231857299805,85.54684448242188,-8.289937019348145,-52.33390808105469,99.40030670166016,6.878156661987305,-48.2802619934082,100.52487182617188,-6.6322431564331055,-46.68107986450195,98.11637115478516,Stop,Stepping
1776272826.6999846,14621.811133297,10.575216293334961,-51.538909912109375,85.80477142333984,-7.8843464851379395,-52.55382537841797,99.1029281616211,6.526581287384033,-48.70405578613281,100.23155212402344,-6.298841953277588,-47.15645980834961,97.9201889038086,Stop,Stepping
1776272826.7199812,14621.811909827,10.116421699523926,-51.767330169677734,86.0496597290039,-7.4858551025390625,-52.76394271850586,98.80052947998047,6.181671619415283,-49.112220764160156,99.92919921875,-5.971114635467529,-47.61668395996094,97.71353149414062,Stop,Stepping
1776272826.739968,14621.812294834,9.66285228729248,-51.986976623535156,86.28108978271484,-7.095834255218506,-52.963768005371094,98.49459838867188,5.844577789306641,-49.50362777709961,99.61945343017578,-5.650196075439453,-48.06037139892578,97.49775695800781,Stop,Stepping
1776272826.7599733,14621.812629994,9.214603424072266,-52.19810485839844,86.49957275390625,-6.714163303375244,-53.15364074707031,98.1855697631836,5.515153884887695,-49.878746032714844,99.30297088623047,-5.335980415344238,-48.48790740966797,97.27347564697266,Stop,Stepping
1776272826.7799616,14621.812962375,8.772134780883789,-52.400814056396484,86.70545196533203,-6.3410186767578125,-53.33375549316406,97.87409210205078,5.193513870239258,-50.23774719238281,98.9805908203125,-5.028618812561035,-48.89936447143555,97.04150390625,Stop,Stepping
1776272826.7999558,14621.813296663,8.335237503051758,-52.59549331665039,86.89936828613281,-5.976015567779541,-53.504539489746094,97.56031799316406,4.879291534423828,-50.581356048583984,98.65267944335938,-4.727797031402588,-49.29541778564453,96.80227661132812,Stop,Stepping
1776272826.8201685,14621.813612498,7.901142120361328,-52.78360366821289,87.0829849243164,-5.61668062210083,-53.66740417480469,97.24254608154297,4.5703277587890625,-50.912174224853516,98.31758880615234,-4.431482315063477,-49.6789665222168,96.55471801757812,Stop,Stepping
1776272826.8400304,14621.814027456,7.479640960693359,-52.961273193359375,87.25276947021484,-5.27087926864624,-53.81907653808594,96.92827606201172,4.273347854614258,-51.223392486572266,97.98345184326172,-4.146162509918213,-50.041954040527344,96.3050537109375,Stop,Stepping
1776272826.85996,14621.819991689,7.064581871032715,-53.1314697265625,87.41191101074219,-4.933303356170654,-53.962303161621094,96.61337280273438,3.983755588531494,-51.52033996582031,97.64610290527344,-3.867471933364868,-50.3903923034668,96.05033874511719,Stop,Stepping
1776272826.8799314,14621.837969968,6.656137943267822,-53.29441452026367,87.5608139038086,-4.603904724121094,-54.09737014770508,96.29828643798828,3.7014732360839844,-51.80342483520508,97.3061294555664,-3.595369338989258,-50.72463607788086,95.79124450683594,Stop,Stepping
1776272826.8999403,14621.860554091,6.25534725189209,-53.44997024536133,87.69963073730469,-4.283319473266602,-54.22428894042969,95.98410034179688,3.4270362854003906,-52.07248306274414,96.96491241455078,-3.3303990364074707,-51.04433059692383,95.5289077758789,Stop,Stepping
1776272826.9199448,14621.878102461,5.863009452819824,-53.59813690185547,87.82861328125,-3.971991777420044,-54.34320831298828,95.67178344726562,3.160773277282715,-52.32758331298828,96.62364196777344,-3.072922706604004,-51.349403381347656,95.26444244384766,Stop,Stepping
1776272826.939945,14621.899958571,5.479374408721924,-53.73911666870117,87.94818115234375,-3.6699130535125732,-54.45444869995117,95.36187744140625,2.902667760848999,-52.56915283203125,96.28305053710938,-2.822948694229126,-51.64022445678711,94.99856567382812,Stop,Stepping
1776272826.9599488,14621.92140047,5.104786396026611,-53.873104095458984,88.05878448486328,-3.37715482711792,-54.55829620361328,95.05496978759766,2.652743101119995,-52.797603607177734,95.9439926147461,-2.580549478530884,-51.91710662841797,94.73208618164062,Stop,Stepping
1776272826.9799428,14621.95358099,4.739614486694336,-54.00025939941406,88.16083526611328,-3.0938122272491455,-54.65504455566406,94.75172424316406,2.4110631942749023,-53.01331329345703,95.60729217529297,-2.3458054065704346,-52.18032455444336,94.46580505371094,Stop,Stepping
1776272826.9999802,14621.958251906,4.383627414703369,-54.12095260620117,88.25487518310547,-2.8195114135742188,-54.7451286315918,94.45225524902344,2.1772842407226562,-53.21698760986328,95.27323150634766,-2.118425130844116,-52.430606842041016,94.20008087158203,Stop,Stepping
1776272827.020103,14621.980078156,4.0354461669921875,-54.23590850830078,88.34172058105469,-2.55303692817688,-54.8292236328125,94.15567016601562,1.950348973274231,-53.4099235534668,94.94097137451172,-1.897401213645935,-52.66939163208008,93.93437957763672,Stop,Stepping
1776272827.0399458,14621.998455745,3.703007459640503,-54.342830657958984,88.41991424560547,-2.300246000289917,-54.90583801269531,93.86912536621094,1.7352221012115479,-53.58842468261719,94.6186752319336,-1.6876130104064941,-52.891876220703125,93.67533874511719,Stop,Stepping
1776272827.059968,14622.019262795,3.3776378631591797,-54.44482421875,88.49207305908203,-2.054361581802368,-54.977386474609375,93.58549499511719,1.52611243724823,-53.757728576660156,94.29841613769531,-1.4834420680999756,-53.10446548461914,93.41678619384766,Stop,Stepping
1776272827.0799456,14622.038636766,3.0636343955993652,-54.540775299072266,88.5575942993164,-1.8184733390808105,-55.043216705322266,93.30878448486328,1.3256393671035767,-53.91611862182617,93.9848861694336,-1.2874666452407837,-53.3047981262207,93.1625747680664,Stop,Stepping
1776272827.0999413,14622.059643349,2.760202646255493,-54.631202697753906,88.61714172363281,-1.5918269157409668,-55.103843688964844,93.03860473632812,1.1331416368484497,-54.06450271606445,93.67774200439453,-1.0990707874298096,-53.49390411376953,92.91255187988281,Stop,Stepping
1776272827.119937,14622.078076582,2.4676032066345215,-54.716285705566406,88.67106628417969,-1.3744640350341797,-55.159568786621094,92.77548217773438,0.9486308097839355,-54.203304290771484,93.377685546875,-0.9182942509651184,-53.67210006713867,92.66741943359375,Stop,Stepping
1776272827.139946,14622.117286678,2.186243772506714,-54.79612731933594,88.71967315673828,-1.166539192199707,-55.21059799194336,92.52005767822266,0.7722336053848267,-54.33279037475586,93.08557891845703,-0.7452841401100159,-53.83963394165039,92.42794799804688,Stop,Stepping
1776272827.1599844,14622.119370925,1.9155323505401611,-54.87116241455078,88.76350402832031,-0.9674794673919678,-55.25736618041992,92.27208709716797,0.6034424901008606,-54.4537353515625,92.80122375488281,-0.5795663595199585,-53.997291564941406,92.19410705566406,Stop,Stepping
1776272827.1799884,14622.137689842,1.657305359840393,-54.94109344482422,88.80261993408203,-0.778495728969574,-55.299842834472656,92.03352355957031,0.443270742893219,-54.565792083740234,92.52694702148438,-0.42216235399246216,-54.14448928833008,91.9678955078125,Stop,Stepping
1776272827.199967,14622.157837426,1.4098000526428223,-55.006622314453125,88.83766174316406,-0.5981760025024414,-55.33863067626953,91.80300903320312,0.2905117869377136,-54.670166015625,92.26129913330078,-0.27190718054771423,-54.282623291015625,91.74819946289062,Stop,Stepping
1776272827.2199683,14622.17923961,1.1742807626724243,-55.067623138427734,88.86878204345703,-0.42731496691703796,-55.37377166748047,91.58194732666016,0.14583374559879303,-54.76673126220703,92.0059814453125,-0.12947340309619904,-54.41142654418945,91.5365219116211,Stop,Stepping
1776272827.2399309,14622.215434878,0.9500216841697693,-55.12449645996094,88.89643859863281,-0.26527902483940125,-55.405662536621094,91.36992645263672,0.008681208826601505,-54.856224060058594,91.7605972290039,0.005662744399160147,-54.53166198730469,91.33259582519531,Stop,Stepping
1776272827.2599235,14622.218678716,0.7371812462806702,-55.177364349365234,88.92086791992188,-0.11207572370767593,-55.43449401855469,91.16728973388672,-0.12094462662935257,-54.938934326171875,91.52564239501953,0.13348402082920074,-54.64363098144531,91.13692474365234,Stop,Stepping
1776272827.2799118,14622.240821198,0.5359072089195251,-55.226383209228516,88.9423828125,0.03227878734469414,-55.46049499511719,90.97444915771484,-0.24304544925689697,-55.015159606933594,91.30160522460938,0.25396883487701416,-54.747581481933594,90.94998168945312,Stop,Stepping
1776272827.2999213,14622.263205471,0.34595587849617004,-55.27177429199219,88.96127319335938,0.16805416345596313,-55.483890533447266,90.79132080078125,-0.357849657535553,-55.0853271484375,91.08853149414062,0.36733147501945496,-54.84397506713867,90.77184295654297,Stop,Stepping
1776272827.3199227,14622.278176412,0.16740916669368744,-55.31366729736328,88.97776794433594,0.2952815890312195,-55.504886627197266,90.61820220947266,-0.4653894305229187,-55.14973831176758,90.88678741455078,0.4735954999923706,-54.933067321777344,90.6028823852539,Stop,Stepping
1776272827.3399246,14622.306828186,8.065882866503671e-05,-55.35226058959961,88.99213409423828,0.4141581654548645,-55.5236930847168,90.45508575439453,-0.5658482909202576,-55.20872116088867,90.6964111328125,0.5729185342788696,-55.015235900878906,90.4432373046875,Stop,Stepping
1776272827.359978,14622.31850638,-0.15607164800167084,-55.3876838684082,89.00457763671875,0.5247951745986938,-55.54047393798828,90.30210876464844,-0.6593164801597595,-55.26258087158203,90.51764678955078,0.6653861999511719,-55.09075927734375,90.29307556152344,Stop,Stepping
1776272827.3799303,14622.340751554,-0.30123963952064514,-55.42010498046875,89.01531982421875,0.6273845434188843,-55.555416107177734,90.15922546386719,-0.7459662556648254,-55.311622619628906,90.35047912597656,0.7511501908302307,-55.15998077392578,90.15249633789062,Stop,Stepping
1776272827.3999379,14622.359021041,-0.4357292652130127,-55.449703216552734,89.0245590209961,0.7222045660018921,-55.568695068359375,90.02629089355469,-0.82603520154953,-55.35617446899414,90.19477081298828,0.8304433226585388,-55.22323989868164,90.0213851928711,Stop,Stepping
1776272827.4199162,14622.377508662,-0.5594654083251953,-55.476566314697266,89.03246307373047,0.8092586398124695,-55.58042907714844,89.90349578857422,-0.8995321989059448,-55.396419525146484,90.05078887939453,0.9032565355300903,-55.28070831298828,89.90000915527344,Stop,Stepping
1776272827.4399226,14622.40793173,-0.6729606986045837,-55.50090408325195,89.03922271728516,0.8889475464820862,-55.59078598022461,89.79045104980469,-0.9667980074882507,-55.43269729614258,89.9181137084961,0.969925045967102,-55.33281707763672,89.78807067871094,Stop,Stepping
1776272827.459913,14622.454758494,-0.7763429284095764,-55.522804260253906,89.0449447631836,0.9614038467407227,-55.59988784790039,89.68714141845703,-1.0279494524002075,-55.46522521972656,89.79676818847656,1.030558466911316,-55.37977600097656,89.68560028076172,Stop,Stepping
1776272827.4799767,14622.456457549,-0.8700089454650879,-55.54243850708008,89.0497817993164,1.0269473791122437,-55.60785675048828,89.59325408935547,-1.0832566022872925,-55.49425506591797,89.6864013671875,1.0854135751724243,-55.421897888183594,89.59232330322266,Stop,Stepping
1776272827.4999545,14622.460050257,-0.9541428089141846,-55.55989456176758,89.05384826660156,1.085733413696289,-55.61479187011719,89.50870513916016,-1.1328538656234741,-55.51999282836914,89.58694458007812,1.134623646736145,-55.45939636230469,89.5082015991211,Stop,Stepping
1776272827.5199504,14622.505438629,-1.0291752815246582,-55.5753288269043,89.0572509765625,1.138087272644043,-55.620792388916016,89.43311309814453,-1.1770215034484863,-55.542667388916016,89.49797821044922,1.178457498550415,-55.4925651550293,89.43290710449219,Stop,Stepping
1776272827.539958,14622.507133015,-1.095468282699585,-55.5888671875,89.06008911132812,1.1842910051345825,-55.625953674316406,89.36617279052734,-1.2159984111785889,-55.56248092651367,89.41915130615234,1.217147707939148,-55.52165603637695,89.36614990234375,Stop,Stepping
1776272827.559937,14622.517912105,-1.1535075902938843,-55.600624084472656,89.06243896484375,1.224705696105957,-55.63037872314453,89.30747985839844,-1.2500840425491333,-55.57966232299805,89.3499755859375,1.2509901523590088,-55.54697036743164,89.30755615234375,Stop,Stepping
1776272827.5799246,14622.59535571,-1.203506350517273,-55.610694885253906,89.0643539428711,1.2594834566116333,-55.63409423828125,89.25682067871094,-1.279417872428894,-55.59433364868164,89.29027557373047,1.2801196575164795,-55.56864547729492,89.2569580078125,Stop,Stepping
1776272827.5999234,14622.597660063,-1.2461342811584473,-55.61923599243164,89.06592559814453,1.2891173362731934,-55.63720703125,89.21356201171875,-1.3044077157974243,-55.606754302978516,89.23927307128906,1.3049393892288208,-55.587039947509766,89.21370697021484,Stop,Stepping
1776272827.619922,14622.599846947,-1.2817920446395874,-55.6263542175293,89.06719207763672,1.3138878345489502,-55.639774322509766,89.17733764648438,-1.32529616355896,-55.61708450317383,89.19656372070312,1.325690746307373,-55.60236740112305,89.17749786376953,Stop,Stepping
1776272827.639812,14622.601956812,-1.3109291791915894,-55.632137298583984,89.06818389892578,1.3341187238693237,-55.641841888427734,89.14772033691406,-1.3423552513122559,-55.62546920776367,89.16161346435547,1.3426355123519897,-55.61484146118164,89.14783477783203,Stop,Stepping
1776272827.660153,14622.619231699,-1.3346710205078125,-55.636844635009766,89.0689697265625,1.350597858428955,-55.64350891113281,89.12355041503906,-1.356250286102295,-55.63227844238281,89.13309478759766,1.3564411401748657,-55.6249885559082,89.12364959716797,Stop,Stepping
1776272827.6801353,14622.708139533,-1.352691650390625,-55.64039993286133,89.06954193115234,1.3630987405776978,-55.64476013183594,89.10520935058594,-1.3667900562286377,-55.63743209838867,89.11145782470703,1.366913914680481,-55.63266372680664,89.10527038574219,Stop,Stepping
1776272827.7001793,14622.709900999,-1.3660696744918823,-55.64304733276367,89.06997680664062,1.3723753690719604,-55.645687103271484,89.09158325195312,-1.3746124505996704,-55.64124298095703,89.0953598022461,1.3746880292892456,-55.63835906982422,89.09162139892578,Stop,Stepping
1776272827.7201397,14622.71160438,-1.3754206895828247,-55.6448860168457,89.07025909423828,1.3788626194000244,-55.64632797241211,89.0820541381836,-1.3800824880599976,-55.64390563964844,89.08411407470703,1.3801225423812866,-55.64232635498047,89.08207702636719,Stop,Stepping
1776272827.7401223,14622.713540528,-1.3814133405685425,-55.64607238769531,89.0704574584961,1.3830177783966064,-55.64673614501953,89.07594299316406,-1.3835859298706055,-55.64561080932617,89.076904296875,1.383604884147644,-55.644866943359375,89.07594299316406,Stop,Stepping
1776272827.7601185,14622.791383057,-1.3847978115081787,-55.646732330322266,89.070556640625,1.3853650093078613,-55.64696502685547,89.0724868774414,-1.3855640888214111,-55.64657211303711,89.07283782958984,1.385569453239441,-55.64631652832031,89.07249450683594,Stop,Stepping
1776272827.7801228,14622.806291315,-1.386277675628662,-55.64701461791992,89.07059478759766,1.3863894939422607,-55.647071838378906,89.07098388671875,-1.3864281177520752,-55.6469841003418,89.071044921875,1.3864303827285767,-55.64693832397461,89.07096862792969,Stop,Stepping
1776272827.799916,14622.806659638,-1.386631727218628,-55.647090911865234,89.07061004638672,1.3866347074508667,-55.64708709716797,89.07061004638672,-1.3866347074508667,-55.64708709716797,89.07061767578125,1.3866347074508667,-55.64708709716797,89.07061767578125,Stop,Stepping
1776272827.8399332,14622.809227366,-1.3866409063339233,-55.647098541259766,89.07061004638672,1.3866409063339233,-55.647098541259766,89.07061004638672,-1.3866409063339233,-55.647090911865234,89.07061004638672,1.3866409063339233,-55.647090911865234,89.07061004638672,Stop,Stepping
1776272827.8599014,14622.820516784,-1.3866409063339233,-55.647098541259766,89.07061004638672,1.3866409063339233,-55.647098541259766,89.07061004638672,-1.3866409063339233,-55.647090911865234,89.07061004638672,1.3866409063339233,-55.647090911865234,89.07061004638672,Stop,Stepping
1776272827.8799148,14622.840867211,-1.3866409063339233,-55.647098541259766,89.07061004638672,1.3866409063339233,-55.647098541259766,89.07061004638672,-1.3866409063339233,-55.647090911865234,89.07061004638672,1.3866409063339233,-55.647090911865234,89.07061004638672,Stop,Stepping
1776272827.8999066,14622.857383723,-1.3866409063339233,-55.647098541259766,89.07061004638672,1.3866409063339233,-55.647098541259766,89.07061004638672,-1.3866409063339233,-55.647090911865234,89.07061004638672,1.3866409063339233,-55.647090911865234,89.07061004638672,Stop,Stepping
1776272827.9199204,14622.877988341,-1.3866409063339233,-55.647098541259766,89.07061004638672,1.3866409063339233,-55.647098541259766,89.07061004638672,-1.3866409063339233,-55.647090911865234,89.07061004638672,1.3866409063339233,-55.647090911865234,89.07061004638672,Stop,Stepping
1776272827.9399173,14622.900184275,-1.3866409063339233,-55.647098541259766,89.07061004638672,1.3866409063339233,-55.647098541259766,89.07061004638672,-1.3866409063339233,-55.647090911865234,89.07061004638672,1.3866409063339233,-55.647090911865234,89.07061004638672,Stop,Stepping
1776272827.9599235,14622.920207441,-1.3866409063339233,-55.647098541259766,89.07061004638672,1.3866409063339233,-55.647098541259766,89.07061004638672,-1.3866409063339233,-55.647090911865234,89.07061004638672,1.3866409063339233,-55.647090911865234,89.07061004638672,Stop,Stepping
1776272827.9799118,14622.937812255,-1.3866409063339233,-55.647098541259766,89.07061004638672,1.3866409063339233,-55.647098541259766,89.07061004638672,-1.3866409063339233,-55.647090911865234,89.07061004638672,1.3866409063339233,-55.647090911865234,89.07061004638672,Stop,Stepping
1776272827.9999673,14622.957481733,-1.3866409063339233,-55.647098541259766,89.07061004638672,1.3866409063339233,-55.647098541259766,89.07061004638672,-1.3866409063339233,-55.647090911865234,89.07061004638672,1.3866409063339233,-55.647090911865234,89.07061004638672,Stop,Stepping
1776272828.0199049,14622.978280256,-1.3866409063339233,-55.647098541259766,89.07061004638672,1.3866409063339233,-55.647098541259766,89.07061004638672,-1.3866409063339233,-55.647090911865234,89.07061004638672,1.3866409063339233,-55.647090911865234,89.07061004638672,Stop,Stepping
1776272828.039966,14622.997424892,-1.3866409063339233,-55.647098541259766,89.07061004638672,1.3866409063339233,-55.647098541259766,89.07061004638672,-1.3866409063339233,-55.647090911865234,89.07061004638672,1.3866409063339233,-55.647090911865234,89.07061004638672,Stop,Stepping
1776272828.0598757,14623.01999568,-1.3866409063339233,-55.647098541259766,89.07061004638672,1.3866409063339233,-55.647098541259766,89.07061004638672,-1.3866409063339233,-55.647090911865234,89.07061004638672,1.3866409063339233,-55.647090911865234,89.07061004638672,Stop,Stepping
1776272828.0798764,14623.037964901,-1.3866409063339233,-55.647098541259766,89.07061004638672,1.3866409063339233,-55.647098541259766,89.07061004638672,-1.3866409063339233,-55.647090911865234,89.07061004638672,1.3866409063339233,-55.647090911865234,89.07061004638672,Stop,Stepping
1776272828.099865,14623.057555432,-1.3866409063339233,-55.647098541259766,89.07061004638672,1.3866409063339233,-55.647098541259766,89.07061004638672,-1.3866409063339233,-55.647090911865234,89.07061004638672,1.3866409063339233,-55.647090911865234,89.07061004638672,Stop,Stepping
1776272828.1201842,14623.085538157,-1.3866409063339233,-55.647098541259766,89.07061004638672,1.3866409063339233,-55.647098541259766,89.07061004638672,-1.3866409063339233,-55.647090911865234,89.07061004638672,1.3866409063339233,-55.647090911865234,89.07061004638672,Stop,Stepping
1776272828.1399002,14623.105852981,-1.3866409063339233,-55.647098541259766,89.07061004638672,1.3866409063339233,-55.647098541259766,89.07061004638672,-1.3866409063339233,-55.647090911865234,89.07061004638672,1.3866409063339233,-55.647090911865234,89.07061004638672,Stop,Stepping
1776272828.1599271,14623.126499275,-1.3866409063339233,-55.647098541259766,89.07061004638672,1.3866409063339233,-55.647098541259766,89.07061004638672,-1.3866409063339233,-55.647090911865234,89.07061004638672,1.3866409063339233,-55.647090911865234,89.07061004638672,Stop,Stepping
1776272828.1799212,14623.138944562,-1.3866409063339233,-55.647098541259766,89.07061004638672,1.3866409063339233,-55.647098541259766,89.07061004638672,-1.3866409063339233,-55.647090911865234,89.07061004638672,1.3866409063339233,-55.647090911865234,89.07061004638672,Stop,Stepping
1776272828.1999288,14623.157500462,-1.3866409063339233,-55.647098541259766,89.07061004638672,1.3866409063339233,-55.647098541259766,89.07061004638672,-1.3866409063339233,-55.647090911865234,89.07061004638672,1.3866409063339233,-55.647090911865234,89.07061004638672,Stop,Stepping
1776272828.2201793,14623.182035127,-1.3866409063339233,-55.647098541259766,89.07061004638672,1.3866409063339233,-55.647098541259766,89.07061004638672,-1.3866409063339233,-55.647090911865234,89.07061004638672,1.3866409063339233,-55.647090911865234,89.07061004638672,Stop,Stepping
1776272828.239898,14623.197441121,-1.3866409063339233,-55.647098541259766,89.07061004638672,1.3866409063339233,-55.647098541259766,89.07061004638672,-1.3866409063339233,-55.647090911865234,89.07061004638672,1.3866409063339233,-55.647090911865234,89.07061004638672,Stop,Stepping
1776272828.2600696,14623.217747993,-1.3866409063339233,-55.647098541259766,89.07061004638672,1.3866409063339233,-55.647098541259766,89.07061004638672,-1.3866409063339233,-55.647090911865234,89.07061004638672,1.3866409063339233,-55.647090911865234,89.07061004638672,Stop,Stepping
1776272828.2800677,14623.237748027,-1.3866409063339233,-55.647098541259766,89.07061004638672,1.3866409063339233,-55.647098541259766,89.07061004638672,-1.3866409063339233,-55.647090911865234,89.07061004638672,1.3866409063339233,-55.647090911865234,89.07061004638672,Stop,Stepping
1776272828.299889,14623.257522311,-1.3866409063339233,-55.647098541259766,89.07061004638672,1.3866409063339233,-55.647098541259766,89.07061004638672,-1.3866409063339233,-55.647090911865234,89.07061004638672,1.3866409063339233,-55.647090911865234,89.07061004638672,Stop,Stepping
1776272828.3198822,14623.277430512,-1.3866409063339233,-55.647098541259766,89.07061004638672,1.3866409063339233,-55.647098541259766,89.07061004638672,-1.3866409063339233,-55.647090911865234,89.07061004638672,1.3866409063339233,-55.647090911865234,89.07061004638672,Stop,Stepping
1776272828.339906,14623.297500002,-1.3866409063339233,-55.647098541259766,89.07061004638672,1.3866409063339233,-55.647098541259766,89.07061004638672,-1.3866409063339233,-55.647090911865234,89.07061004638672,1.3866409063339233,-55.647090911865234,89.07061004638672,Stop,Stepping
1776272828.3598793,14623.317749126,-1.3866409063339233,-55.647098541259766,89.07061004638672,1.3866409063339233,-55.647098541259766,89.07061004638672,-1.3866409063339233,-55.647090911865234,89.07061004638672,1.3866409063339233,-55.647090911865234,89.07061004638672,Stop,Stepping
1776272828.3801126,14623.339141793,-1.3866409063339233,-55.647098541259766,89.07061004638672,1.3866409063339233,-55.647098541259766,89.07061004638672,-1.3866409063339233,-55.647090911865234,89.07061004638672,1.3866409063339233,-55.647090911865234,89.07061004638672,Stop,Stepping
1776272828.3999147,14623.357414366,-1.3866409063339233,-55.647098541259766,89.07061004638672,1.3866409063339233,-55.647098541259766,89.07061004638672,-1.3866409063339233,-55.647090911865234,89.07061004638672,1.3866409063339233,-55.647090911865234,89.07061004638672,Stop,Stepping
1776272828.4198995,14623.38117241,-1.3866409063339233,-55.647098541259766,89.07061004638672,1.3866409063339233,-55.647098541259766,89.07061004638672,-1.3866409063339233,-55.647090911865234,89.07061004638672,1.3866409063339233,-55.647090911865234,89.07061004638672,Stop,Stepping
1776272828.4398856,14623.397498835,-1.3866409063339233,-55.647098541259766,89.07061004638672,1.3866409063339233,-55.647098541259766,89.07061004638672,-1.3866409063339233,-55.647090911865234,89.07061004638672,1.3866409063339233,-55.647090911865234,89.07061004638672,Stop,Stepping
1776272828.4599009,14623.419189633,-1.3866409063339233,-55.647098541259766,89.07061004638672,1.3866409063339233,-55.647098541259766,89.07061004638672,-1.3866409063339233,-55.647090911865234,89.07061004638672,1.3866409063339233,-55.647090911865234,89.07061004638672,Stop,Stepping
1776272828.4798958,14623.437502611,-1.3866409063339233,-55.647098541259766,89.07061004638672,1.3866409063339233,-55.647098541259766,89.07061004638672,-1.3866409063339233,-55.647090911865234,89.07061004638672,1.3866409063339233,-55.647090911865234,89.07061004638672,Stop,Stepping
1776272828.499951,14623.459506018,-1.3866409063339233,-55.647098541259766,89.07061004638672,1.3866409063339233,-55.647098541259766,89.07061004638672,-1.3866409063339233,-55.647090911865234,89.07061004638672,1.3866409063339233,-55.647090911865234,89.07061004638672,Stop,Stepping
1776272828.5199678,14623.488132847,-1.3866409063339233,-55.647098541259766,89.07061004638672,1.3866409063339233,-55.647098541259766,89.07061004638672,-1.3866409063339233,-55.647090911865234,89.07061004638672,1.3866409063339233,-55.647090911865234,89.07061004638672,Stop,Stepping
1776272828.5399108,14623.497399512,-1.3866409063339233,-55.647098541259766,89.07061004638672,1.3866409063339233,-55.647098541259766,89.07061004638672,-1.3866409063339233,-55.647090911865234,89.07061004638672,1.3866409063339233,-55.647090911865234,89.07061004638672,Stop,Stepping
1776272828.5599635,14623.517461313,-1.3866409063339233,-55.647098541259766,89.07061004638672,1.3866409063339233,-55.647098541259766,89.07061004638672,-1.3866409063339233,-55.647090911865234,89.07061004638672,1.3866409063339233,-55.647090911865234,89.07061004638672,Stop,Stepping
1776272828.579896,14623.547347522,-1.3866409063339233,-55.647098541259766,89.07061004638672,1.3866409063339233,-55.647098541259766,89.07061004638672,-1.3866409063339233,-55.647090911865234,89.07061004638672,1.3866409063339233,-55.647090911865234,89.07061004638672,Stop,Stepping
1776272828.5998776,14623.557296322,-1.3866409063339233,-55.647098541259766,89.07061004638672,1.3866409063339233,-55.647098541259766,89.07061004638672,-1.3866409063339233,-55.647090911865234,89.07061004638672,1.3866409063339233,-55.647090911865234,89.07061004638672,Stop,Stepping
1776272828.6199253,14623.582211937,-1.3866409063339233,-55.647098541259766,89.07061004638672,1.3866409063339233,-55.647098541259766,89.07061004638672,-1.3866409063339233,-55.647090911865234,89.07061004638672,1.3866409063339233,-55.647090911865234,89.07061004638672,Stop,Stepping
1776272828.6398861,14623.597317567,-1.3866409063339233,-55.647098541259766,89.07061004638672,1.3866409063339233,-55.647098541259766,89.07061004638672,-1.3866409063339233,-55.647090911865234,89.07061004638672,1.3866409063339233,-55.647090911865234,89.07061004638672,Stop,Stepping
1776272828.659884,14623.626731839,-1.3866409063339233,-55.647098541259766,89.07061004638672,1.3866409063339233,-55.647098541259766,89.07061004638672,-1.3866409063339233,-55.647090911865234,89.07061004638672,1.3866409063339233,-55.647090911865234,89.07061004638672,Stop,Stepping
1776272828.6798825,14623.637428674,-1.3866409063339233,-55.647098541259766,89.07061004638672,1.3866409063339233,-55.647098541259766,89.07061004638672,-1.3866409063339233,-55.647090911865234,89.07061004638672,1.3866409063339233,-55.647090911865234,89.07061004638672,Stop,Stepping
1776272828.699879,14623.657835575,-1.3866409063339233,-55.647098541259766,89.07061004638672,1.3866409063339233,-55.647098541259766,89.07061004638672,-1.3866409063339233,-55.647090911865234,89.07061004638672,1.3866409063339233,-55.647090911865234,89.07061004638672,Stop,Stepping
1776272828.7199442,14623.678648618,-1.3866409063339233,-55.647098541259766,89.07061004638672,1.3866409063339233,-55.647098541259766,89.07061004638672,-1.3866409063339233,-55.647090911865234,89.07061004638672,1.3866409063339233,-55.647090911865234,89.07061004638672,Stop,Stepping
1776272828.7398775,14623.711474726,-1.3866409063339233,-55.647098541259766,89.07061004638672,1.3866409063339233,-55.647098541259766,89.07061004638672,-1.3866409063339233,-55.647090911865234,89.07061004638672,1.3866409063339233,-55.647090911865234,89.07061004638672,Stop,Stepping
1776272828.7598777,14623.71804829,-1.3866409063339233,-55.647098541259766,89.07061004638672,1.3866409063339233,-55.647098541259766,89.07061004638672,-1.3866409063339233,-55.647090911865234,89.07061004638672,1.3866409063339233,-55.647090911865234,89.07061004638672,Stop,Stepping
1776272828.7798722,14623.738925316,-1.3866409063339233,-55.647098541259766,89.07061004638672,1.3866409063339233,-55.647098541259766,89.07061004638672,-1.3866409063339233,-55.647090911865234,89.07061004638672,1.3866409063339233,-55.647090911865234,89.07061004638672,Stop,Stepping
1776272828.7998638,14623.759720054,-1.3866409063339233,-55.647098541259766,89.07061004638672,1.3866409063339233,-55.647098541259766,89.07061004638672,-1.3866409063339233,-55.647090911865234,89.07061004638672,1.3866409063339233,-55.647090911865234,89.07061004638672,Stop,Stepping
1776272828.8198702,14623.779338193,-1.3866409063339233,-55.647098541259766,89.07061004638672,1.3866409063339233,-55.647098541259766,89.07061004638672,-1.3866409063339233,-55.647090911865234,89.07061004638672,1.3866409063339233,-55.647090911865234,89.07061004638672,Stop,Stepping
1776272828.8398845,14623.797821343,-1.3866409063339233,-55.647098541259766,89.07061004638672,1.3866409063339233,-55.647098541259766,89.07061004638672,-1.3866409063339233,-55.647090911865234,89.07061004638672,1.3866409063339233,-55.647090911865234,89.07061004638672,Stop,Stepping
1776272828.859873,14623.826612457,-1.3866409063339233,-55.647098541259766,89.07061004638672,1.3866409063339233,-55.647098541259766,89.07061004638672,-1.3866409063339233,-55.647090911865234,89.07061004638672,1.3866409063339233,-55.647090911865234,89.07061004638672,Stop,Stepping
1776272828.87987,14623.849348725,-1.3866409063339233,-55.647098541259766,89.07061004638672,1.3866409063339233,-55.647098541259766,89.07061004638672,-1.3866409063339233,-55.647090911865234,89.07061004638672,1.3866409063339233,-55.647090911865234,89.07061004638672,Stop,Stepping
1776272828.8998656,14623.858414886,-1.3866409063339233,-55.647098541259766,89.07061004638672,1.3866409063339233,-55.647098541259766,89.07061004638672,-1.3866409063339233,-55.647090911865234,89.07061004638672,1.3866409063339233,-55.647090911865234,89.07061004638672,Stop,Stepping
1776272828.9198592,14623.879099759,-1.3866409063339233,-55.647098541259766,89.07061004638672,1.3866409063339233,-55.647098541259766,89.07061004638672,-1.3866409063339233,-55.647090911865234,89.07061004638672,1.3866409063339233,-55.647090911865234,89.07061004638672,Stop,Stepping
1776272828.9398642,14623.899505375,-1.3866409063339233,-55.647098541259766,89.07061004638672,1.3866409063339233,-55.647098541259766,89.07061004638672,-1.3866409063339233,-55.647090911865234,89.07061004638672,1.3866409063339233,-55.647090911865234,89.07061004638672,Stop,Stepping
1776272828.959849,14623.917465846,-1.3866409063339233,-55.647098541259766,89.07061004638672,1.3866409063339233,-55.647098541259766,89.07061004638672,-1.3866409063339233,-55.647090911865234,89.07061004638672,1.3866409063339233,-55.647090911865234,89.07061004638672,Stop,Stepping
1776272828.9798567,14623.938082078,-1.3866409063339233,-55.647098541259766,89.07061004638672,1.3866409063339233,-55.647098541259766,89.07061004638672,-1.3866409063339233,-55.647090911865234,89.07061004638672,1.3866409063339233,-55.647090911865234,89.07061004638672,Stop,Stepping
1776272828.999873,14623.958184798,-1.3866409063339233,-55.647098541259766,89.07061004638672,1.3866409063339233,-55.647098541259766,89.07061004638672,-1.3866409063339233,-55.647090911865234,89.07061004638672,1.3866409063339233,-55.647090911865234,89.07061004638672,Stop,Stepping
1776272829.0198565,14623.978591334,-1.3866409063339233,-55.647098541259766,89.07061004638672,1.3866409063339233,-55.647098541259766,89.07061004638672,-1.3866409063339233,-55.647090911865234,89.07061004638672,1.3866409063339233,-55.647090911865234,89.07061004638672,Stop,Stepping
1776272829.0398674,14623.999640604,-1.3866409063339233,-55.647098541259766,89.07061004638672,1.3866409063339233,-55.647098541259766,89.07061004638672,-1.3866409063339233,-55.647090911865234,89.07061004638672,1.3866409063339233,-55.647090911865234,89.07061004638672,Stop,Stepping
1776272829.0598485,14624.017614339,-1.3866409063339233,-55.647098541259766,89.07061004638672,1.3866409063339233,-55.647098541259766,89.07061004638672,-1.3866409063339233,-55.647090911865234,89.07061004638672,1.3866409063339233,-55.647090911865234,89.07061004638672,Stop,Stepping
1776272829.0798633,14624.039425331,-1.3866409063339233,-55.647098541259766,89.07061004638672,1.3866409063339233,-55.647098541259766,89.07061004638672,-1.3866409063339233,-55.647090911865234,89.07061004638672,1.3866409063339233,-55.647090911865234,89.07061004638672,Stop,Stepping
1776272829.099851,14624.057536923,-1.3866409063339233,-55.647098541259766,89.07061004638672,1.3866409063339233,-55.647098541259766,89.07061004638672,-1.3866409063339233,-55.647090911865234,89.07061004638672,1.3866409063339233,-55.647090911865234,89.07061004638672,Stop,Stepping
1776272829.1198378,14624.079051704,-1.3866409063339233,-55.647098541259766,89.07061004638672,1.3866409063339233,-55.647098541259766,89.07061004638672,-1.3866409063339233,-55.647090911865234,89.07061004638672,1.3866409063339233,-55.647090911865234,89.07061004638672,Stop,Stepping
1776272829.13988,14624.097319499,-1.3866409063339233,-55.647098541259766,89.07061004638672,1.3866409063339233,-55.647098541259766,89.07061004638672,-1.3866409063339233,-55.647090911865234,89.07061004638672,1.3866409063339233,-55.647090911865234,89.07061004638672,Stop,Stepping
1776272829.1598933,14624.117791766,-1.3866409063339233,-55.647098541259766,89.07061004638672,1.3866409063339233,-55.647098541259766,89.07061004638672,-1.3866409063339233,-55.647090911865234,89.07061004638672,1.3866409063339233,-55.647090911865234,89.07061004638672,Stop,Stepping
1776272829.1798887,14624.13818286,-1.3866409063339233,-55.647098541259766,89.07061004638672,1.3866409063339233,-55.647098541259766,89.07061004638672,-1.3866409063339233,-55.647090911865234,89.07061004638672,1.3866409063339233,-55.647090911865234,89.07061004638672,Stop,Stepping
1776272829.1999254,14624.157509369,-1.3866409063339233,-55.647098541259766,89.07061004638672,1.3866409063339233,-55.647098541259766,89.07061004638672,-1.3866409063339233,-55.647090911865234,89.07061004638672,1.3866409063339233,-55.647090911865234,89.07061004638672,Stop,Stepping
1776272829.219896,14624.178213932,-1.3866409063339233,-55.647098541259766,89.07061004638672,1.3866409063339233,-55.647098541259766,89.07061004638672,-1.3866409063339233,-55.647090911865234,89.07061004638672,1.3866409063339233,-55.647090911865234,89.07061004638672,Stop,Stepping
1776272829.239898,14624.209717075,-1.3866409063339233,-55.647098541259766,89.07061004638672,1.3866409063339233,-55.647098541259766,89.07061004638672,-1.3866409063339233,-55.647090911865234,89.07061004638672,1.3866409063339233,-55.647090911865234,89.07061004638672,Stop,Stepping
1776272829.2598825,14624.217320044,-1.3866409063339233,-55.647098541259766,89.07061004638672,1.3866409063339233,-55.647098541259766,89.07061004638672,-1.3866409063339233,-55.647090911865234,89.07061004638672,1.3866409063339233,-55.647090911865234,89.07061004638672,Stop,Stepping
1776272829.2799041,14624.238126791,-1.3866409063339233,-55.647098541259766,89.07061004638672,1.3866409063339233,-55.647098541259766,89.07061004638672,-1.3866409063339233,-55.647090911865234,89.07061004638672,1.3866409063339233,-55.647090911865234,89.07061004638672,Stop,Stepping
1776272829.2998617,14624.258509376,-1.3866409063339233,-55.647098541259766,89.07061004638672,1.3866409063339233,-55.647098541259766,89.07061004638672,-1.3866409063339233,-55.647090911865234,89.07061004638672,1.3866409063339233,-55.647090911865234,89.07061004638672,Stop,Stepping
1776272829.319878,14624.282132772,-1.3866409063339233,-55.647098541259766,89.07061004638672,1.3866409063339233,-55.647098541259766,89.07061004638672,-1.3866409063339233,-55.647090911865234,89.07061004638672,1.3866409063339233,-55.647090911865234,89.07061004638672,Stop,Stepping
1776272829.3398862,14624.32912745,-1.3866409063339233,-55.647098541259766,89.07061004638672,1.3866409063339233,-55.647098541259766,89.07061004638672,-1.3866409063339233,-55.647090911865234,89.07061004638672,1.3866409063339233,-55.647090911865234,89.07061004638672,Stop,Stepping
1776272829.3598688,14624.33240619,-1.3866409063339233,-55.647098541259766,89.07061004638672,1.3866409063339233,-55.647098541259766,89.07061004638672,-1.3866409063339233,-55.647090911865234,89.07061004638672,1.3866409063339233,-55.647090911865234,89.07061004638672,Stop,Stepping
1776272829.37989,14624.343715295,-1.3866409063339233,-55.647098541259766,89.07061004638672,1.3866409063339233,-55.647098541259766,89.07061004638672,-1.3866409063339233,-55.647090911865234,89.07061004638672,1.3866409063339233,-55.647090911865234,89.07061004638672,Stop,Stepping
1776272829.3998973,14624.36439554,-1.3866409063339233,-55.647098541259766,89.07061004638672,1.3866409063339233,-55.647098541259766,89.07061004638672,-1.3866409063339233,-55.647090911865234,89.07061004638672,1.3866409063339233,-55.647090911865234,89.07061004638672,Stop,Stepping
1776272829.4198835,14624.408254086,-1.3866409063339233,-55.647098541259766,89.07061004638672,1.3866409063339233,-55.647098541259766,89.07061004638672,-1.3866409063339233,-55.647090911865234,89.07061004638672,1.3866409063339233,-55.647090911865234,89.07061004638672,Stop,Stepping
1776272829.4398496,14624.408550418,-1.3866409063339233,-55.647098541259766,89.07061004638672,1.3866409063339233,-55.647098541259766,89.07061004638672,-1.3866409063339233,-55.647090911865234,89.07061004638672,1.3866409063339233,-55.647090911865234,89.07061004638672,Stop,Stepping
1776272829.4598756,14624.4282465,-1.3866409063339233,-55.647098541259766,89.07061004638672,1.3866409063339233,-55.647098541259766,89.07061004638672,-1.3866409063339233,-55.647090911865234,89.07061004638672,1.3866409063339233,-55.647090911865234,89.07061004638672,Stop,Stepping
1776272829.4799268,14624.438912488,-1.3866409063339233,-55.647098541259766,89.07061004638672,1.3866409063339233,-55.647098541259766,89.07061004638672,-1.3866409063339233,-55.647090911865234,89.07061004638672,1.3866409063339233,-55.647090911865234,89.07061004638672,Stop,Stepping
1776272829.4998436,14624.457434609,-1.3866409063339233,-55.647098541259766,89.07061004638672,1.3866409063339233,-55.647098541259766,89.07061004638672,-1.3866409063339233,-55.647090911865234,89.07061004638672,1.3866409063339233,-55.647090911865234,89.07061004638672,Stop,Stepping
1776272829.5198474,14624.477951187,-1.3866409063339233,-55.647098541259766,89.07061004638672,1.3866409063339233,-55.647098541259766,89.07061004638672,-1.3866409063339233,-55.647090911865234,89.07061004638672,1.3866409063339233,-55.647090911865234,89.07061004638672,Stop,Stepping
1776272829.539853,14624.500295185,-1.3866409063339233,-55.647098541259766,89.07061004638672,1.3866409063339233,-55.647098541259766,89.07061004638672,-1.3866409063339233,-55.647090911865234,89.07061004638672,1.3866409063339233,-55.647090911865234,89.07061004638672,Stop,Stepping
1776272829.5598726,14624.518203033,-1.3866409063339233,-55.647098541259766,89.07061004638672,1.3866409063339233,-55.647098541259766,89.07061004638672,-1.3866409063339233,-55.647090911865234,89.07061004638672,1.3866409063339233,-55.647090911865234,89.07061004638672,Stop,Stepping
1776272829.5799046,14624.537538877,-1.3866409063339233,-55.647098541259766,89.07061004638672,1.3866409063339233,-55.647098541259766,89.07061004638672,-1.3866409063339233,-55.647090911865234,89.07061004638672,1.3866409063339233,-55.647090911865234,89.07061004638672,Stop,Stepping
1776272829.5998518,14624.557402088,-1.3866409063339233,-55.647098541259766,89.07061004638672,1.3866409063339233,-55.647098541259766,89.07061004638672,-1.3866409063339233,-55.647090911865234,89.07061004638672,1.3866409063339233,-55.647090911865234,89.07061004638672,Stop,Stepping
1776272829.6198626,14624.577432397,-1.3866409063339233,-55.647098541259766,89.07061004638672,1.3866409063339233,-55.647098541259766,89.07061004638672,-1.3866409063339233,-55.647090911865234,89.07061004638672,1.3866409063339233,-55.647090911865234,89.07061004638672,Stop,Stepping
1776272829.6398509,14624.601969082,-1.3866409063339233,-55.647098541259766,89.07061004638672,1.3866409063339233,-55.647098541259766,89.07061004638672,-1.3866409063339233,-55.647090911865234,89.07061004638672,1.3866409063339233,-55.647090911865234,89.07061004638672,Stop,Stepping
1776272829.659845,14624.61778902,-1.3866409063339233,-55.647098541259766,89.07061004638672,1.3866409063339233,-55.647098541259766,89.07061004638672,-1.3866409063339233,-55.647090911865234,89.07061004638672,1.3866409063339233,-55.647090911865234,89.07061004638672,Stop,Stepping
1776272829.679878,14624.637686116,-1.3866409063339233,-55.647098541259766,89.07061004638672,1.3866409063339233,-55.647098541259766,89.07061004638672,-1.3866409063339233,-55.647090911865234,89.07061004638672,1.3866409063339233,-55.647090911865234,89.07061004638672,Stop,Stepping
1776272829.6999152,14624.700572445,-1.3866409063339233,-55.647098541259766,89.07061004638672,1.3866409063339233,-55.647098541259766,89.07061004638672,-1.3866409063339233,-55.647090911865234,89.07061004638672,1.3866409063339233,-55.647090911865234,89.07061004638672,Stop,Stepping
1776272829.7198997,14624.700862543,-1.3866409063339233,-55.647098541259766,89.07061004638672,1.3866409063339233,-55.647098541259766,89.07061004638672,-1.3866409063339233,-55.647090911865234,89.07061004638672,1.3866409063339233,-55.647090911865234,89.07061004638672,Stop,Stepping
1776272829.7399027,14624.701186558,-1.3866409063339233,-55.647098541259766,89.07061004638672,1.3866409063339233,-55.647098541259766,89.07061004638672,-1.3866409063339233,-55.647090911865234,89.07061004638672,1.3866409063339233,-55.647090911865234,89.07061004638672,Stop,Stepping
1776272829.7599044,14624.721545871,-1.3866409063339233,-55.647098541259766,89.07061004638672,1.3866409063339233,-55.647098541259766,89.07061004638672,-1.3866409063339233,-55.647090911865234,89.07061004638672,1.3866409063339233,-55.647090911865234,89.07061004638672,Stop,Stepping
1776272829.7799096,14624.738530248,-1.3866409063339233,-55.647098541259766,89.07061004638672,1.3866409063339233,-55.647098541259766,89.07061004638672,-1.3866409063339233,-55.647090911865234,89.07061004638672,1.3866409063339233,-55.647090911865234,89.07061004638672,Stop,Stepping
1776272829.7998476,14624.761576578,-1.3866409063339233,-55.647098541259766,89.07061004638672,1.3866409063339233,-55.647098541259766,89.07061004638672,-1.3866409063339233,-55.647090911865234,89.07061004638672,1.3866409063339233,-55.647090911865234,89.07061004638672,Stop,Stepping
1776272829.8198874,14624.780355766,-1.3866409063339233,-55.647098541259766,89.07061004638672,1.3866409063339233,-55.647098541259766,89.07061004638672,-1.3866409063339233,-55.647090911865234,89.07061004638672,1.3866409063339233,-55.647090911865234,89.07061004638672,Stop,Stepping
1776272829.8399134,14624.798258375,-1.3866409063339233,-55.647098541259766,89.07061004638672,1.3866409063339233,-55.647098541259766,89.07061004638672,-1.3866409063339233,-55.647090911865234,89.07061004638672,1.3866409063339233,-55.647090911865234,89.07061004638672,Stop,Stepping
1776272829.8598309,14624.828545196,-1.3866409063339233,-55.647098541259766,89.07061004638672,1.3866409063339233,-55.647098541259766,89.07061004638672,-1.3866409063339233,-55.647090911865234,89.07061004638672,1.3866409063339233,-55.647090911865234,89.07061004638672,Stop,Stepping
1776272829.8798368,14624.83795559,-1.3866409063339233,-55.647098541259766,89.07061004638672,1.3866409063339233,-55.647098541259766,89.07061004638672,-1.3866409063339233,-55.647090911865234,89.07061004638672,1.3866409063339233,-55.647090911865234,89.07061004638672,Stop,Stepping
1776272829.8998308,14624.862149132,-1.3866409063339233,-55.647098541259766,89.07061004638672,1.3866409063339233,-55.647098541259766,89.07061004638672,-1.3866409063339233,-55.647090911865234,89.07061004638672,1.3866409063339233,-55.647090911865234,89.07061004638672,Stop,Stepping
1776272829.9198868,14624.896436255,-1.3866409063339233,-55.647098541259766,89.07061004638672,1.3866409063339233,-55.647098541259766,89.07061004638672,-1.3866409063339233,-55.647090911865234,89.07061004638672,1.3866409063339233,-55.647090911865234,89.07061004638672,Stop,Stepping
1776272829.939832,14624.898724727,-1.3866409063339233,-55.647098541259766,89.07061004638672,1.3866409063339233,-55.647098541259766,89.07061004638672,-1.3866409063339233,-55.647090911865234,89.07061004638672,1.3866409063339233,-55.647090911865234,89.07061004638672,Stop,Stepping
1776272829.959835,14624.926201216,-1.3866409063339233,-55.647098541259766,89.07061004638672,1.3866409063339233,-55.647098541259766,89.07061004638672,-1.3866409063339233,-55.647090911865234,89.07061004638672,1.3866409063339233,-55.647090911865234,89.07061004638672,Stop,Stepping
1776272829.979966,14624.938601634,-1.3866409063339233,-55.647098541259766,89.07061004638672,1.3866409063339233,-55.647098541259766,89.07061004638672,-1.3866409063339233,-55.647090911865234,89.07061004638672,1.3866409063339233,-55.647090911865234,89.07061004638672,Stop,Stepping
1776272829.9999313,14624.959243941,-1.3866409063339233,-55.647098541259766,89.07061004638672,1.3866409063339233,-55.647098541259766,89.07061004638672,-1.3866409063339233,-55.647090911865234,89.07061004638672,1.3866409063339233,-55.647090911865234,89.07061004638672,Stop,Stepping
1776272830.0198727,14624.977687434,-1.3866409063339233,-55.647098541259766,89.07061004638672,1.3866409063339233,-55.647098541259766,89.07061004638672,-1.3866409063339233,-55.647090911865234,89.07061004638672,1.3866409063339233,-55.647090911865234,89.07061004638672,Stop,Stepping
1776272830.039848,14624.999787647,-1.3866409063339233,-55.647098541259766,89.07061004638672,1.3866409063339233,-55.647098541259766,89.07061004638672,-1.3866409063339233,-55.647090911865234,89.07061004638672,1.3866409063339233,-55.647090911865234,89.07061004638672,Stop,Stepping
1776272830.0598803,14625.02169728,-1.3866409063339233,-55.647098541259766,89.07061004638672,1.3866409063339233,-55.647098541259766,89.07061004638672,-1.3866409063339233,-55.647090911865234,89.07061004638672,1.3866409063339233,-55.647090911865234,89.07061004638672,Stop,Stepping
1776272830.0798726,14625.038890966,-1.3866409063339233,-55.647098541259766,89.07061004638672,1.3866409063339233,-55.647098541259766,89.07061004638672,-1.3866409063339233,-55.647090911865234,89.07061004638672,1.3866409063339233,-55.647090911865234,89.07061004638672,Stop,Stepping
1776272830.0998383,14625.061017404,-1.3866409063339233,-55.647098541259766,89.07061004638672,1.3866409063339233,-55.647098541259766,89.07061004638672,-1.3866409063339233,-55.647090911865234,89.07061004638672,1.3866409063339233,-55.647090911865234,89.07061004638672,Stop,Stepping
1776272830.1198294,14625.084725245,-1.3866409063339233,-55.647098541259766,89.07061004638672,1.3866409063339233,-55.647098541259766,89.07061004638672,-1.3866409063339233,-55.647090911865234,89.07061004638672,1.3866409063339233,-55.647090911865234,89.07061004638672,Stop,Stepping
1776272830.1398191,14625.101058511,-1.3866409063339233,-55.647098541259766,89.07061004638672,1.3866409063339233,-55.647098541259766,89.07061004638672,-1.3866409063339233,-55.647090911865234,89.07061004638672,1.3866409063339233,-55.647090911865234,89.07061004638672,Stop,Stepping
1776272830.1598186,14625.117974304,-1.3866409063339233,-55.647098541259766,89.07061004638672,1.3866409063339233,-55.647098541259766,89.07061004638672,-1.3866409063339233,-55.647090911865234,89.07061004638672,1.3866409063339233,-55.647090911865234,89.07061004638672,Stop,Stepping
1776272830.1798208,14625.137336957,-1.3866409063339233,-55.647098541259766,89.07061004638672,1.3866409063339233,-55.647098541259766,89.07061004638672,-1.3866409063339233,-55.647090911865234,89.07061004638672,1.3866409063339233,-55.647090911865234,89.07061004638672,Stop,Stepping
1776272830.1998048,14625.157459153,-1.3866409063339233,-55.647098541259766,89.07061004638672,1.3866409063339233,-55.647098541259766,89.07061004638672,-1.3866409063339233,-55.647090911865234,89.07061004638672,1.3866409063339233,-55.647090911865234,89.07061004638672,Stop,Stepping
1776272830.2198207,14625.178147455,-1.3866409063339233,-55.647098541259766,89.07061004638672,1.3866409063339233,-55.647098541259766,89.07061004638672,-1.3866409063339233,-55.647090911865234,89.07061004638672,1.3866409063339233,-55.647090911865234,89.07061004638672,Stop,Stepping
1776272830.239822,14625.21729077,-1.3866409063339233,-55.647098541259766,89.07061004638672,1.3866409063339233,-55.647098541259766,89.07061004638672,-1.3866409063339233,-55.647090911865234,89.07061004638672,1.3866409063339233,-55.647090911865234,89.07061004638672,Stop,Stepping
1776272830.2598157,14625.219816251,-1.3866409063339233,-55.647098541259766,89.07061004638672,1.3866409063339233,-55.647098541259766,89.07061004638672,-1.3866409063339233,-55.647090911865234,89.07061004638672,1.3866409063339233,-55.647090911865234,89.07061004638672,Stop,Stepping
1776272830.2798078,14625.239107769,-1.3866409063339233,-55.647098541259766,89.07061004638672,1.3866409063339233,-55.647098541259766,89.07061004638672,-1.3866409063339233,-55.647090911865234,89.07061004638672,1.3866409063339233,-55.647090911865234,89.07061004638672,Stop,Stepping
1776272830.2997649,14625.259957037,-1.3866409063339233,-55.647098541259766,89.07061004638672,1.3866409063339233,-55.647098541259766,89.07061004638672,-1.3866409063339233,-55.647090911865234,89.07061004638672,1.3866409063339233,-55.647090911865234,89.07061004638672,Stop,Stepping
1776272830.3199077,14625.277815363,-1.3866409063339233,-55.647098541259766,89.07061004638672,1.3866409063339233,-55.647098541259766,89.07061004638672,-1.3866409063339233,-55.647090911865234,89.07061004638672,1.3866409063339233,-55.647090911865234,89.07061004638672,Stop,Stepping
1776272830.339837,14625.299116363,-1.3866409063339233,-55.647098541259766,89.07061004638672,1.3866409063339233,-55.647098541259766,89.07061004638672,-1.3866409063339233,-55.647090911865234,89.07061004638672,1.3866409063339233,-55.647090911865234,89.07061004638672,Stop,Stepping
1776272830.359838,14625.327441325,-1.3866409063339233,-55.647098541259766,89.07061004638672,1.3866409063339233,-55.647098541259766,89.07061004638672,-1.3866409063339233,-55.647090911865234,89.07061004638672,1.3866409063339233,-55.647090911865234,89.07061004638672,Stop,Stepping
1776272830.379824,14625.338409419,-1.3866409063339233,-55.647098541259766,89.07061004638672,1.3866409063339233,-55.647098541259766,89.07061004638672,-1.3866409063339233,-55.647090911865234,89.07061004638672,1.3866409063339233,-55.647090911865234,89.07061004638672,Stop,Stepping
1776272830.3999925,14625.425783622,-1.3866409063339233,-55.647098541259766,89.07061004638672,1.3866409063339233,-55.647098541259766,89.07061004638672,-1.3866409063339233,-55.647090911865234,89.07061004638672,1.3866409063339233,-55.647090911865234,89.07061004638672,Stop,Stepping
1776272830.4199116,14625.426889833,-1.3866409063339233,-55.647098541259766,89.07061004638672,1.3866409063339233,-55.647098541259766,89.07061004638672,-1.3866409063339233,-55.647090911865234,89.07061004638672,1.3866409063339233,-55.647090911865234,89.07061004638672,Stop,Stepping
1776272830.4398332,14625.42781417,-1.3866409063339233,-55.647098541259766,89.07061004638672,1.3866409063339233,-55.647098541259766,89.07061004638672,-1.3866409063339233,-55.647090911865234,89.07061004638672,1.3866409063339233,-55.647090911865234,89.07061004638672,Stop,Stepping
1776272830.4598155,14625.428236157,-1.3866409063339233,-55.647098541259766,89.07061004638672,1.3866409063339233,-55.647098541259766,89.07061004638672,-1.3866409063339233,-55.647090911865234,89.07061004638672,1.3866409063339233,-55.647090911865234,89.07061004638672,Stop,Stepping
1776272830.479873,14625.439865345,-1.3866409063339233,-55.647098541259766,89.07061004638672,1.3866409063339233,-55.647098541259766,89.07061004638672,-1.3866409063339233,-55.647090911865234,89.07061004638672,1.3866409063339233,-55.647090911865234,89.07061004638672,Stop,Stepping
1776272830.4998772,14625.457769461,-1.3866409063339233,-55.647098541259766,89.07061004638672,1.3866409063339233,-55.647098541259766,89.07061004638672,-1.3866409063339233,-55.647090911865234,89.07061004638672,1.3866409063339233,-55.647090911865234,89.07061004638672,Stop,Stepping
1776272830.5198452,14625.496513981,-1.3866409063339233,-55.647098541259766,89.07061004638672,1.3866409063339233,-55.647098541259766,89.07061004638672,-1.3866409063339233,-55.647090911865234,89.07061004638672,1.3866409063339233,-55.647090911865234,89.07061004638672,Stop,Stepping
1776272830.5398617,14625.497917047,-1.3866409063339233,-55.647098541259766,89.07061004638672,1.3866409063339233,-55.647098541259766,89.07061004638672,-1.3866409063339233,-55.647090911865234,89.07061004638672,1.3866409063339233,-55.647090911865234,89.07061004638672,Stop,Stepping
1776272830.5598328,14625.520402491,-1.3866409063339233,-55.647098541259766,89.07061004638672,1.3866409063339233,-55.647098541259766,89.07061004638672,-1.3866409063339233,-55.647090911865234,89.07061004638672,1.3866409063339233,-55.647090911865234,89.07061004638672,Stop,Stepping
1776272830.5797973,14625.540895341,-1.3866409063339233,-55.647098541259766,89.07061004638672,1.3866409063339233,-55.647098541259766,89.07061004638672,-1.3866409063339233,-55.647090911865234,89.07061004638672,1.3866409063339233,-55.647090911865234,89.07061004638672,Stop,Stepping
1776272830.5999794,14625.559179985,-1.3866409063339233,-55.647098541259766,89.07061004638672,1.3866409063339233,-55.647098541259766,89.07061004638672,-1.3866409063339233,-55.647090911865234,89.07061004638672,1.3866409063339233,-55.647090911865234,89.07061004638672,Stop,Stepping
1776272830.6198118,14625.577655825,-1.3866409063339233,-55.647098541259766,89.07061004638672,1.3866409063339233,-55.647098541259766,89.07061004638672,-1.3866409063339233,-55.647090911865234,89.07061004638672,1.3866409063339233,-55.647090911865234,89.07061004638672,Stop,Stepping
1776272830.6398077,14625.597512454,-1.3866409063339233,-55.647098541259766,89.07061004638672,1.3866409063339233,-55.647098541259766,89.07061004638672,-1.3866409063339233,-55.647090911865234,89.07061004638672,1.3866409063339233,-55.647090911865234,89.07061004638672,Stop,Stepping
1776272830.6598103,14625.617455947,-1.3866409063339233,-55.647098541259766,89.07061004638672,1.3866409063339233,-55.647098541259766,89.07061004638672,-1.3866409063339233,-55.647090911865234,89.07061004638672,1.3866409063339233,-55.647090911865234,89.07061004638672,Stop,Stepping
1776272830.6798096,14625.637900859,-1.3866409063339233,-55.647098541259766,89.07061004638672,1.3866409063339233,-55.647098541259766,89.07061004638672,-1.3866409063339233,-55.647090911865234,89.07061004638672,1.3866409063339233,-55.647090911865234,89.07061004638672,Stop,Stepping
1776272830.6998096,14625.658427946,-1.3866409063339233,-55.647098541259766,89.07061004638672,1.3866409063339233,-55.647098541259766,89.07061004638672,-1.3866409063339233,-55.647090911865234,89.07061004638672,1.3866409063339233,-55.647090911865234,89.07061004638672,Stop,Stepping
1776272830.719818,14625.682042507,-1.3866409063339233,-55.647098541259766,89.07061004638672,1.3866409063339233,-55.647098541259766,89.07061004638672,-1.3866409063339233,-55.647090911865234,89.07061004638672,1.3866409063339233,-55.647090911865234,89.07061004638672,Stop,Stepping
1776272830.739858,14625.697458699,-1.3866409063339233,-55.647098541259766,89.07061004638672,1.3866409063339233,-55.647098541259766,89.07061004638672,-1.3866409063339233,-55.647090911865234,89.07061004638672,1.3866409063339233,-55.647090911865234,89.07061004638672,Stop,Stepping
1776272830.7598314,14625.731374794,-1.3866409063339233,-55.647098541259766,89.07061004638672,1.3866409063339233,-55.647098541259766,89.07061004638672,-1.3866409063339233,-55.647090911865234,89.07061004638672,1.3866409063339233,-55.647090911865234,89.07061004638672,Stop,Stepping
1776272830.779816,14625.737645777,-1.3866409063339233,-55.647098541259766,89.07061004638672,1.3866409063339233,-55.647098541259766,89.07061004638672,-1.3866409063339233,-55.647090911865234,89.07061004638672,1.3866409063339233,-55.647090911865234,89.07061004638672,Stop,Stepping
1776272830.799835,14625.812815298,-1.3866409063339233,-55.647098541259766,89.07061004638672,1.3866409063339233,-55.647098541259766,89.07061004638672,-1.3866409063339233,-55.647090911865234,89.07061004638672,1.3866409063339233,-55.647090911865234,89.07061004638672,Stop,Stepping
1776272830.8198152,14625.813226157,-1.3866409063339233,-55.647098541259766,89.07061004638672,1.3866409063339233,-55.647098541259766,89.07061004638672,-1.3866409063339233,-55.647090911865234,89.07061004638672,1.3866409063339233,-55.647090911865234,89.07061004638672,Stop,Stepping
1776272830.8398259,14625.813590636,-1.3866409063339233,-55.647098541259766,89.07061004638672,1.3866409063339233,-55.647098541259766,89.07061004638672,-1.3866409063339233,-55.647090911865234,89.07061004638672,1.3866409063339233,-55.647090911865234,89.07061004638672,Stop,Stepping
1776272830.8597932,14625.825336583,-1.3866409063339233,-55.647098541259766,89.07061004638672,1.3866409063339233,-55.647098541259766,89.07061004638672,-1.3866409063339233,-55.647090911865234,89.07061004638672,1.3866409063339233,-55.647090911865234,89.07061004638672,Stop,Stepping
1776272830.879788,14625.843065872,-1.3866409063339233,-55.647098541259766,89.07061004638672,1.3866409063339233,-55.647098541259766,89.07061004638672,-1.3866409063339233,-55.647090911865234,89.07061004638672,1.3866409063339233,-55.647090911865234,89.07061004638672,Stop,Stepping
1776272830.8998349,14625.886843056,-1.3866409063339233,-55.647098541259766,89.07061004638672,1.3866409063339233,-55.647098541259766,89.07061004638672,-1.3866409063339233,-55.647090911865234,89.07061004638672,1.3866409063339233,-55.647090911865234,89.07061004638672,Stop,Stepping
1776272830.9197896,14625.88895335,-1.3866409063339233,-55.647098541259766,89.07061004638672,1.3866409063339233,-55.647098541259766,89.07061004638672,-1.3866409063339233,-55.647090911865234,89.07061004638672,1.3866409063339233,-55.647090911865234,89.07061004638672,Stop,Stepping
1776272830.9398282,14625.897543705,-1.3866409063339233,-55.647098541259766,89.07061004638672,1.3866409063339233,-55.647098541259766,89.07061004638672,-1.3866409063339233,-55.647090911865234,89.07061004638672,1.3866409063339233,-55.647090911865234,89.07061004638672,Stop,Stepping
1776272830.9598265,14625.958025146,-1.3866409063339233,-55.647098541259766,89.07061004638672,1.3866409063339233,-55.647098541259766,89.07061004638672,-1.3866409063339233,-55.647090911865234,89.07061004638672,1.3866409063339233,-55.647090911865234,89.07061004638672,Stop,Stepping
1776272830.9798403,14625.958411893,-1.3866409063339233,-55.647098541259766,89.07061004638672,1.3866409063339233,-55.647098541259766,89.07061004638672,-1.3866409063339233,-55.647090911865234,89.07061004638672,1.3866409063339233,-55.647090911865234,89.07061004638672,Stop,Stepping
1776272830.9998002,14625.958927797,-1.3866409063339233,-55.647098541259766,89.07061004638672,1.3866409063339233,-55.647098541259766,89.07061004638672,-1.3866409063339233,-55.647090911865234,89.07061004638672,1.3866409063339233,-55.647090911865234,89.07061004638672,Stop,Stepping
1776272831.0198438,14625.988063048,-1.3866409063339233,-55.647098541259766,89.07061004638672,1.3866409063339233,-55.647098541259766,89.07061004638672,-1.3866409063339233,-55.647090911865234,89.07061004638672,1.3866409063339233,-55.647090911865234,89.07061004638672,Stop,Stepping
1776272831.0398054,14625.99802652,-1.3866409063339233,-55.647098541259766,89.07061004638672,1.3866409063339233,-55.647098541259766,89.07061004638672,-1.3866409063339233,-55.647090911865234,89.07061004638672,1.3866409063339233,-55.647090911865234,89.07061004638672,Stop,Stepping
1776272831.059806,14626.028392225,-1.3866409063339233,-55.647098541259766,89.07061004638672,1.3866409063339233,-55.647098541259766,89.07061004638672,-1.3866409063339233,-55.647090911865234,89.07061004638672,1.3866409063339233,-55.647090911865234,89.07061004638672,Stop,Stepping
1776272831.0797808,14626.040103655,-1.3866409063339233,-55.647098541259766,89.07061004638672,1.3866409063339233,-55.647098541259766,89.07061004638672,-1.3866409063339233,-55.647090911865234,89.07061004638672,1.3866409063339233,-55.647090911865234,89.07061004638672,Stop,Stepping
1776272831.0997775,14626.058969785,-1.3866409063339233,-55.647098541259766,89.07061004638672,1.3866409063339233,-55.647098541259766,89.07061004638672,-1.3866409063339233,-55.647090911865234,89.07061004638672,1.3866409063339233,-55.647090911865234,89.07061004638672,Stop,Stepping
1776272831.119864,14626.101316259,-1.3866409063339233,-55.647098541259766,89.07061004638672,1.3866409063339233,-55.647098541259766,89.07061004638672,-1.3866409063339233,-55.647090911865234,89.07061004638672,1.3866409063339233,-55.647090911865234,89.07061004638672,Stop,Stepping
1776272831.1397822,14626.103352931,-1.3866409063339233,-55.647098541259766,89.07061004638672,1.3866409063339233,-55.647098541259766,89.07061004638672,-1.3866409063339233,-55.647090911865234,89.07061004638672,1.3866409063339233,-55.647090911865234,89.07061004638672,Stop,Stepping
1776272831.1598387,14626.119177723,-1.3866409063339233,-55.647098541259766,89.07061004638672,1.3866409063339233,-55.647098541259766,89.07061004638672,-1.3866409063339233,-55.647090911865234,89.07061004638672,1.3866409063339233,-55.647090911865234,89.07061004638672,Stop,Stepping
1776272831.179837,14626.140240316,-1.3866409063339233,-55.647098541259766,89.07061004638672,1.3866409063339233,-55.647098541259766,89.07061004638672,-1.3866409063339233,-55.647090911865234,89.07061004638672,1.3866409063339233,-55.647090911865234,89.07061004638672,Stop,Stepping
1776272831.1998808,14626.160102116,-1.3836324214935303,-53.76387023925781,89.53550720214844,1.3793933391571045,-56.574981689453125,87.81002044677734,-1.3793933391571045,-56.57497787475586,87.81002044677734,1.3836324214935303,-53.76386260986328,89.53550720214844,Go,Stepping
1776272831.2198849,14626.177979654,-1.3807506561279297,-53.40333557128906,89.3773193359375,1.3821699619293213,-57.39298629760742,87.6263427734375,-1.3821699619293213,-57.39298629760742,87.6263427734375,1.3807506561279297,-53.4033317565918,89.3773193359375,Go,Stepping
1776272831.239838,14626.207678271,-1.3781051635742188,-53.61187744140625,89.04297637939453,1.3851301670074463,-57.830814361572266,87.679931640625,-1.3851301670074463,-57.830810546875,87.679931640625,1.3781051635742188,-53.611873626708984,89.04297637939453,Go,Stepping
1776272831.2598865,14626.218080738,-1.375797152519226,-53.28016662597656,88.93035125732422,1.445518970489502,-62.4822883605957,91.01908111572266,-1.445518970489502,-62.4822883605957,91.01908111572266,1.375797152519226,-53.28016662597656,88.93035125732422,Go,Stepping
1776272831.2799203,14626.238473125,-1.3739086389541626,-53.65780258178711,88.60389709472656,1.7124501466751099,-73.59640502929688,105.6052474975586,-1.7124501466751099,-73.59639739990234,105.60526275634766,1.3739086389541626,-53.65779495239258,88.60389709472656,Go,Stepping
1776272831.2999208,14626.259152201,-1.3725082874298096,-54.050514221191406,88.30607604980469,1.9430127143859863,-79.95662689208984,114.75179290771484,-1.9430127143859863,-79.95661926269531,114.75179290771484,1.3725082874298096,-54.050514221191406,88.30607604980469,Go,Stepping
1776272831.3198729,14626.279242411,-1.371646761894226,-54.384552001953125,88.07528686523438,2.0644309520721436,-81.80571746826172,119.19347381591797,-2.0644309520721436,-81.80570983886719,119.19347381591797,1.371646761894226,-54.384552001953125,88.07530212402344,Go,Stepping
1776272831.33988,14626.298107907,-1.3713557720184326,-54.89242172241211,87.81352233886719,2.133284568786621,-80.17070007324219,122.68822479248047,-2.133284568786621,-80.17069244384766,122.68822479248047,1.3713557720184326,-54.892417907714844,87.81352233886719,Go,Stepping
1776272831.3600101,14626.324512518,-1.3716485500335693,-55.421409606933594,87.58384704589844,2.1703550815582275,-77.06352233886719,125.0184097290039,-2.1703550815582275,-77.06352233886719,125.0184097290039,1.3716485500335693,-55.421409606933594,87.58384704589844,Go,Stepping
1776272831.3798656,14626.338108836,-1.3725064992904663,-55.96348190307617,87.38849639892578,2.090012788772583,-71.6220474243164,123.74104309082031,-2.090012788772583,-71.62203979492188,123.74104309082031,1.3725064992904663,-55.96348190307617,87.38849639892578,Go,Stepping
1776272831.400004,14626.358675885,-1.3739093542099,-56.52649688720703,87.22118377685547,1.8022305965423584,-63.13559341430664,114.35639190673828,-1.8022305965423584,-63.135581970214844,114.35639190673828,1.3739093542099,-56.5264892578125,87.22118377685547,Go,Stepping
1776272831.4199696,14626.407646292,-1.3757984638214111,-57.10376739501953,87.07884216308594,1.4590836763381958,-53.17797088623047,96.14765167236328,-1.4590836763381958,-53.1779670715332,96.14765167236328,1.3757984638214111,-57.103763580322266,87.07884216308594,Go,Stepping
1776272831.4398134,14626.409366586,-1.3781051635742188,-57.947261810302734,86.77473449707031,1.3851301670074463,-50.86589813232422,90.45286560058594,-1.3851301670074463,-50.86589813232422,90.45286560058594,1.3781051635742188,-57.947261810302734,86.77473449707031,Go,Stepping
1776272831.4598155,14626.417924265,-1.3807493448257446,-58.587589263916016,86.61500549316406,1.3821715116500854,-51.397483825683594,90.07337188720703,-1.3821715116500854,-51.39748001098633,90.07337188720703,1.3807493448257446,-58.587589263916016,86.61500549316406,Go,Stepping
1776272831.4798388,14626.44167296,-1.3836323022842407,-59.22832489013672,86.45406341552734,1.3793940544128418,-51.92259979248047,89.68799591064453,-1.3793940544128418,-51.92259979248047,89.68799591064453,1.3836323022842407,-59.22832489013672,86.45406341552734,Go,Stepping
1776272831.4998014,14626.523956092,-1.386637806892395,-59.86207580566406,86.28321075439453,1.3769073486328125,-52.445045471191406,89.30653381347656,-1.3769073486328125,-52.44504165649414,89.30653381347656,1.386637806892395,-59.86207580566406,86.28321075439453,Go,Stepping
1776272831.5198777,14626.572106892,-1.5700773000717163,-68.16008758544922,98.66764068603516,1.3747974634170532,-53.49799346923828,88.75291442871094,-1.3747974634170532,-53.49799346923828,88.75291442871094,1.5700773000717163,-68.16007995605469,98.66764068603516,Go,Stepping
1776272831.539897,14626.574445557,-1.8420467376708984,-77.46180725097656,111.01969146728516,1.3731422424316406,-53.8741455078125,88.4422378540039,-1.3731422424316406,-53.874141693115234,88.4422378540039,1.8420467376708984,-77.46180725097656,111.01969146728516,Go,Stepping
1776272831.5598183,14626.576545638,-1.3866409063339233,-55.647098541259766,89.07061004638672,1.3866409063339233,-55.647098541259766,89.07061004638672,-1.3866409063339233,-55.647090911865234,89.07061004638672,1.3866409063339233,-55.647090911865234,89.07061004638672,Stop,Stepping
1776272831.5797827,14626.578740274,-1.3866409063339233,-55.647098541259766,89.07061004638672,1.3866409063339233,-55.647098541259766,89.07061004638672,-1.3866409063339233,-55.647090911865234,89.07061004638672,1.3866409063339233,-55.647090911865234,89.07061004638672,Stop,Stepping
1776272831.599776,14626.580966575,-1.3866409063339233,-55.647098541259766,89.07061004638672,1.3866409063339233,-55.647098541259766,89.07061004638672,-1.3866409063339233,-55.647090911865234,89.07061004638672,1.3866409063339233,-55.647090911865234,89.07061004638672,Stop,Stepping
1776272831.6197658,14626.583179724,-1.3866409063339233,-55.647098541259766,89.07061004638672,1.3866409063339233,-55.647098541259766,89.07061004638672,-1.3866409063339233,-55.647090911865234,89.07061004638672,1.3866409063339233,-55.647090911865234,89.07061004638672,Stop,Stepping
1776272831.639774,14626.605042743,-1.3866409063339233,-55.647098541259766,89.07061004638672,1.3866409063339233,-55.647098541259766,89.07061004638672,-1.3866409063339233,-55.647090911865234,89.07061004638672,1.3866409063339233,-55.647090911865234,89.07061004638672,Stop,Stepping
1776272831.6597807,14626.618479669,-1.3866409063339233,-55.647098541259766,89.07061004638672,1.3866409063339233,-55.647098541259766,89.07061004638672,-1.3866409063339233,-55.647090911865234,89.07061004638672,1.3866409063339233,-55.647090911865234,89.07061004638672,Stop,Stepping
1776272831.6797647,14626.63986652,-1.3866409063339233,-55.647098541259766,89.07061004638672,1.3866409063339233,-55.647098541259766,89.07061004638672,-1.3866409063339233,-55.647090911865234,89.07061004638672,1.3866409063339233,-55.647090911865234,89.07061004638672,Stop,Stepping
1776272831.6997914,14626.669324469,-1.3866409063339233,-55.647098541259766,89.07061004638672,1.3866409063339233,-55.647098541259766,89.07061004638672,-1.3866409063339233,-55.647090911865234,89.07061004638672,1.3866409063339233,-55.647090911865234,89.07061004638672,Stop,Stepping
1776272831.7197695,14626.679119689,-1.3866409063339233,-55.647098541259766,89.07061004638672,1.3866409063339233,-55.647098541259766,89.07061004638672,-1.3866409063339233,-55.647090911865234,89.07061004638672,1.3866409063339233,-55.647090911865234,89.07061004638672,Stop,Stepping
1776272831.7397974,14626.70171216,-1.3866409063339233,-55.647098541259766,89.07061004638672,1.3866409063339233,-55.647098541259766,89.07061004638672,-1.3866409063339233,-55.647090911865234,89.07061004638672,1.3866409063339233,-55.647090911865234,89.07061004638672,Stop,Stepping
1776272831.7597804,14626.718456381,-1.3866409063339233,-55.647098541259766,89.07061004638672,1.3866409063339233,-55.647098541259766,89.07061004638672,-1.3866409063339233,-55.647090911865234,89.07061004638672,1.3866409063339233,-55.647090911865234,89.07061004638672,Stop,Stepping
1776272831.779789,14626.738532666,-1.3866409063339233,-55.647098541259766,89.07061004638672,1.3866409063339233,-55.647098541259766,89.07061004638672,-1.3866409063339233,-55.647090911865234,89.07061004638672,1.3866409063339233,-55.647090911865234,89.07061004638672,Stop,Stepping
1776272831.799814,14626.763969821,-1.3866409063339233,-55.647098541259766,89.07061004638672,1.3866409063339233,-55.647098541259766,89.07061004638672,-1.3866409063339233,-55.647090911865234,89.07061004638672,1.3866409063339233,-55.647090911865234,89.07061004638672,Stop,Stepping
1776272831.819776,14626.77856166,-1.3866409063339233,-55.647098541259766,89.07061004638672,1.3866409063339233,-55.647098541259766,89.07061004638672,-1.3866409063339233,-55.647090911865234,89.07061004638672,1.3866409063339233,-55.647090911865234,89.07061004638672,Stop,Stepping
1776272831.839786,14626.802901595,-1.3866409063339233,-55.647098541259766,89.07061004638672,1.3866409063339233,-55.647098541259766,89.07061004638672,-1.3866409063339233,-55.647090911865234,89.07061004638672,1.3866409063339233,-55.647090911865234,89.07061004638672,Stop,Stepping
1776272831.8597672,14626.824122068,-1.3866409063339233,-55.647098541259766,89.07061004638672,1.3866409063339233,-55.647098541259766,89.07061004638672,-1.3866409063339233,-55.647090911865234,89.07061004638672,1.3866409063339233,-55.647090911865234,89.07061004638672,Stop,Stepping
1776272831.8797712,14626.838218733,-1.3866409063339233,-55.647098541259766,89.07061004638672,1.3866409063339233,-55.647098541259766,89.07061004638672,-1.3866409063339233,-55.647090911865234,89.07061004638672,1.3866409063339233,-55.647090911865234,89.07061004638672,Stop,Stepping
1776272831.8998091,14626.868847634,-1.3866409063339233,-55.647098541259766,89.07061004638672,1.3866409063339233,-55.647098541259766,89.07061004638672,-1.3866409063339233,-55.647090911865234,89.07061004638672,1.3866409063339233,-55.647090911865234,89.07061004638672,Stop,Stepping
1776272831.9198012,14626.885686924,-1.3866409063339233,-55.647098541259766,89.07061004638672,1.3866409063339233,-55.647098541259766,89.07061004638672,-1.3866409063339233,-55.647090911865234,89.07061004638672,1.3866409063339233,-55.647090911865234,89.07061004638672,Stop,Stepping
1776272831.9398966,14626.903318902,-1.3866409063339233,-55.647098541259766,89.07061004638672,1.3866409063339233,-55.647098541259766,89.07061004638672,-1.3866409063339233,-55.647090911865234,89.07061004638672,1.3866409063339233,-55.647090911865234,89.07061004638672,Stop,Stepping
1776272831.9598968,14626.970461895,-1.3866409063339233,-55.647098541259766,89.07061004638672,1.3866409063339233,-55.647098541259766,89.07061004638672,-1.3866409063339233,-55.647090911865234,89.07061004638672,1.3866409063339233,-55.647090911865234,89.07061004638672,Stop,Stepping
1776272831.979769,14626.971984337,-1.3866409063339233,-55.647098541259766,89.07061004638672,1.3866409063339233,-55.647098541259766,89.07061004638672,-1.3866409063339233,-55.647090911865234,89.07061004638672,1.3866409063339233,-55.647090911865234,89.07061004638672,Stop,Stepping
1776272831.9997637,14626.974066228,-1.3866409063339233,-55.647098541259766,89.07061004638672,1.3866409063339233,-55.647098541259766,89.07061004638672,-1.3866409063339233,-55.647090911865234,89.07061004638672,1.3866409063339233,-55.647090911865234,89.07061004638672,Stop,Stepping
1776272832.0197833,14626.986326555,-1.3866409063339233,-55.647098541259766,89.07061004638672,1.3866409063339233,-55.647098541259766,89.07061004638672,-1.3866409063339233,-55.647090911865234,89.07061004638672,1.3866409063339233,-55.647090911865234,89.07061004638672,Stop,Stepping
1776272832.039767,14626.999999354,-1.3866409063339233,-55.647098541259766,89.07061004638672,1.3866409063339233,-55.647098541259766,89.07061004638672,-1.3866409063339233,-55.647090911865234,89.07061004638672,1.3866409063339233,-55.647090911865234,89.07061004638672,Stop,Stepping
1776272832.0598767,14627.027496898,-1.3836328983306885,-55.05015563964844,89.0302505493164,1.3793928623199463,-55.63909912109375,88.31173706054688,-1.3793928623199463,-55.63909912109375,88.31175231933594,1.3836328983306885,-55.050148010253906,89.0302505493164,Go,Stepping
1776272832.0798736,14627.0449322,-1.3807507753372192,-54.97450637817383,88.76648712158203,1.3821697235107422,-55.83924102783203,88.5079345703125,-1.3821697235107422,-55.839237213134766,88.5079345703125,1.3807507753372192,-54.97450256347656,88.76648712158203,Go,Stepping
1776272832.0998626,14627.059735613,-1.3781071901321411,-54.9093017578125,88.52062225341797,1.385128378868103,-56.04770278930664,88.71725463867188,-1.385128378868103,-56.047698974609375,88.71725463867188,1.3781071901321411,-54.90929412841797,88.52062225341797,Go,Stepping
1776272832.1199675,14627.085761431,-1.3757973909378052,-54.859554290771484,88.30094909667969,1.4454691410064697,-58.999855041503906,93.24555969238281,-1.4454691410064697,-58.99985122680664,93.24555969238281,1.3757973909378052,-54.859554290771484,88.30094909667969,Go,Stepping
1776272832.1398616,14627.098708904,-1.3739099502563477,-54.477054595947266,88.27246856689453,1.7122671604156494,-70.4603042602539,107.60614776611328,-1.7122671604156494,-70.46029663085938,107.60614776611328,1.3739099502563477,-54.477054595947266,88.27246856689453,Go,Stepping
1776272832.159859,14627.118130131,-1.3725082874298096,-54.56201934814453,88.08795166015625,1.9430108070373535,-76.946533203125,116.52139282226562,-1.9430108070373535,-76.94652557373047,116.52139282226562,1.3725082874298096,-54.56201934814453,88.08795166015625,Go,Stepping
1776272832.179857,14627.138055933,-1.3716471195220947,-54.7138557434082,87.92800903320312,2.06441593170166,-78.98918914794922,120.65056610107422,-2.06441593170166,-78.98918151855469,120.65056610107422,1.3716471195220947,-54.7138557434082,87.92801666259766,Go,Stepping
1776272832.1998506,14627.211623601,-1.3713557720184326,-54.89244079589844,87.81351470947266,2.13323974609375,-79.27629089355469,123.0525894165039,-2.13323974609375,-79.27629089355469,123.0525894165039,1.3713557720184326,-54.89243698120117,87.81351470947266,Go,Stepping
1776272832.2199342,14627.213891338,-1.3716455698013306,-55.11450958251953,87.73770141601562,2.170353412628174,-78.49836730957031,124.57575225830078,-2.170353412628174,-78.49836730957031,124.57575225830078,1.3716455698013306,-55.114505767822266,87.73770141601562,Go,Stepping
1776272832.239878,14627.215817345,-1.3725076913833618,-55.363887786865234,87.7070083618164,2.089904546737671,-75.37384796142578,122.87702941894531,-2.089904546737671,-75.37384033203125,122.87702941894531,1.3725076913833618,-55.36388397216797,87.7070083618164,Go,Stepping
1776272832.2598467,14627.219452814,-1.3739053010940552,-55.7203254699707,87.67546081542969,1.803073763847351,-67.42974853515625,113.60255432128906,-1.803073763847351,-67.42974853515625,113.60255432128906,1.3739053010940552,-55.72032165527344,87.67546081542969,Go,Stepping
1776272832.2798717,14627.244756018,-1.375797152519226,-56.045291900634766,87.70895385742188,1.4592556953430176,-56.43656539916992,95.44319152832031,-1.4592556953430176,-56.436561584472656,95.44319152832031,1.375797152519226,-56.045291900634766,87.70895385742188,Go,Stepping
1776272832.2997773,14627.278120756,-1.3781026601791382,-56.38862991333008,87.77307891845703,1.3851335048675537,-53.718505859375,89.69795227050781,-1.3851335048675537,-53.71849822998047,89.69795227050781,1.3781026601791382,-56.38862228393555,87.77307891845703,Go,Stepping
1776272832.3198473,14627.281206416,-1.3807493448257446,-56.74781036376953,87.8606185913086,1.3821715116500854,-53.83200454711914,89.36741638183594,-1.3821715116500854,-53.83199691772461,89.36741638183594,1.3807493448257446,-56.747806549072266,87.8606185913086,Go,Stepping
1776272832.3397713,14627.300080902,-1.3836268186569214,-57.39155197143555,87.79289245605469,1.3793985843658447,-53.70478439331055,89.13829040527344,-1.3793985843658447,-53.704776763916016,89.13829040527344,1.3836268186569214,-57.39155197143555,87.79289245605469,Go,Stepping
1776272832.359784,14627.319679267,-1.3866347074508667,-57.80132293701172,87.87155151367188,1.376909852027893,-53.87966537475586,88.82377624511719,-1.376909852027893,-53.879661560058594,88.82377624511719,1.3866347074508667,-57.80132293701172,87.87155151367188,Go,Stepping
1776272832.3798301,14627.337881306,-1.5697669982910156,-66.53803253173828,99.79535675048828,1.3747992515563965,-54.06840896606445,88.53499603271484,-1.3747992515563965,-54.06840896606445,88.5350112915039,1.5697669982910156,-66.53802490234375,99.79535675048828,Go,Stepping
1776272832.39982,14627.360511622,-1.841502070426941,-75.56217956542969,112.23483276367188,1.3731459379196167,-54.27523422241211,88.27899169921875,-1.3731459379196167,-54.275230407714844,88.27899169921875,1.841502070426941,-75.56217956542969,112.23483276367188,Go,Stepping
1776272832.4198208,14627.377737773,-2.0145301818847656,-79.29930877685547,118.47459411621094,1.3720088005065918,-54.5036506652832,88.06114959716797,-1.3720088005065918,-54.5036506652832,88.0611572265625,2.0145301818847656,-79.29930114746094,118.47459411621094,Go,Stepping
1776272832.4398546,14627.40195348,-2.10188627243042,-79.75189208984375,121.73009490966797,1.3714284896850586,-54.756690979003906,87.88496398925781,-1.3714284896850586,-54.756690979003906,87.88496398925781,2.10188627243042,-79.75188446044922,121.73009490966797,Go,Stepping
1776272832.459851,14627.445283842,-2.1586945056915283,-78.99768829345703,124.0217056274414,1.3714284896850586,-55.03499984741211,87.75296020507812,-1.3714284896850586,-55.034996032714844,87.75296020507812,2.1586945056915283,-78.9976806640625,124.0217056274414,Go,Stepping
1776272832.479838,14627.447472604,-2.153378486633301,-76.79425811767578,124.5594711303711,1.372005581855774,-55.339134216308594,87.66487884521484,-1.372005581855774,-55.339134216308594,87.66487884521484,2.153378486633301,-76.79425811767578,124.5594711303711,Go,Stepping
1776272832.4998584,14627.460616559,-1.970243215560913,-71.24334716796875,119.67778778076172,1.3731424808502197,-55.66917037963867,87.61861419677734,-1.3731424808502197,-55.66917037963867,87.61861419677734,1.970243215560913,-71.24334716796875,119.67779541015625,Go,Stepping
1776272832.5198367,14627.482195496,-1.6180201768875122,-61.4354362487793,105.25812530517578,1.3747918605804443,-56.02177810668945,87.6106185913086,-1.3747918605804443,-56.02177810668945,87.61062622070312,1.6180201768875122,-61.4354248046875,105.25812530517578,Go,Stepping
1776272832.539844,14627.519810559,-1.3866422176361084,-53.29353332519531,89.98322296142578,1.376901626586914,-56.395572662353516,87.6353988647461,-1.376901626586914,-56.39556884765625,87.6353988647461,1.3866422176361084,-53.29352951049805,89.98322296142578,Go,Stepping
1776272832.5597966,14627.52151142,-1.3836299180984497,-53.45795822143555,89.63992309570312,1.3793953657150269,-56.78666305541992,87.68622589111328,-1.3793953657150269,-56.78665542602539,87.68622589111328,1.3836299180984497,-53.45795822143555,89.63993072509766,Go,Stepping
1776272832.579766,14627.540412302,-1.3807533979415894,-53.6212272644043,89.30236053466797,1.3821675777435303,-57.188236236572266,87.75474548339844,-1.3821675777435303,-57.188228607177734,87.75474548339844,1.3807533979415894,-53.6212272644043,89.3023681640625,Go,Stepping
1776272832.599798,14627.563346407,-1.3781051635742188,-53.791297912597656,88.97737884521484,1.385130524635315,-57.59751892089844,87.83248138427734,-1.385130524635315,-57.59751892089844,87.83248138427734,1.3781051635742188,-53.791297912597656,88.97737884521484,Go,Stepping
1776272832.619836,14627.578819405,-1.3757983446121216,-53.97233581542969,88.67520904541016,1.4453767538070679,-61.04403305053711,92.0645980834961,-1.4453767538070679,-61.04402160644531,92.0645980834961,1.3757983446121216,-53.97233200073242,88.67520904541016,Go,Stepping
1776272832.63995,14627.606097673,-1.3739070892333984,-54.1312255859375,88.41771697998047,1.7127434015274048,-71.8631362915039,106.82994079589844,-1.7127434015274048,-71.8631362915039,106.82994079589844,1.3739070892333984,-54.131221771240234,88.41771697998047,Go,Stepping
1776272832.659826,14627.6184907,-1.3725082874298096,-54.361419677734375,88.17570495605469,1.9430171251296997,-78.17878723144531,115.86614227294922,-1.9430171251296997,-78.17878723144531,115.86614227294922,1.3725082874298096,-54.361419677734375,88.17570495605469,Go,Stepping
1776272832.6798234,14627.638289209,-1.3716462850570679,-54.61465072631836,87.97317504882812,2.06447434425354,-79.87413787841797,120.23947143554688,-2.06447434425354,-79.87413024902344,120.23947143554688,1.3716462850570679,-54.61465072631836,87.97317504882812,Go,Stepping
1776272832.6999412,14627.659479349,-1.3713557720184326,-54.89290237426758,87.81329345703125,2.133354425430298,-79.51661682128906,122.96150207519531,-2.133354425430298,-79.5166015625,122.96150207519531,1.3713557720184326,-54.89289855957031,87.81329345703125,Go,Stepping
1776272832.7199237,14627.679511865,-1.3716462850570679,-55.196380615234375,87.69733428955078,2.170353651046753,-78.1238784790039,124.6978530883789,-2.170353651046753,-78.12386322021484,124.6978530883789,1.3716462850570679,-55.196380615234375,87.69734954833984,Go,Stepping
1776272832.739845,14627.706298145,-1.3725078105926514,-55.52587127685547,87.62399291992188,2.0898208618164062,-74.39642333984375,123.13798522949219,-2.0898208618164062,-74.39642333984375,123.13798522949219,1.3725078105926514,-55.52587127685547,87.62399291992188,Go,Stepping
1776272832.7599263,14627.718909211,-1.3739092350006104,-55.87948989868164,87.59060668945312,1.8022651672363281,-66.60760498046875,113.7620849609375,-1.8022651672363281,-66.60760498046875,113.7620849609375,1.3739092350006104,-55.87948989868164,87.59060668945312,Go,Stepping
1776272832.7798986,14627.739034783,-1.3757984638214111,-56.25482177734375,87.59248352050781,1.4590741395950317,-55.81962203979492,95.60199737548828,-1.4590741395950317,-55.819618225097656,95.60199737548828,1.3757984638214111,-56.25482177734375,87.59248352050781,Go,Stepping
1776272832.7997477,14627.759237435,-1.3781038522720337,-56.64789962768555,87.62338256835938,1.3851319551467896,-53.27452850341797,89.84458923339844,-1.3851319551467896,-53.2745246887207,89.84458923339844,1.3781038522720337,-56.64789581298828,87.62338256835938,Go,Stepping
1776272832.8197796,14627.786507891,-1.3807528018951416,-57.05646514892578,87.67604064941406,1.3821680545806885,-53.45182418823242,89.49959564208984,-1.3821680545806885,-53.451820373535156,89.49959564208984,1.3807528018951416,-57.05645751953125,87.67604064941406,Go,Stepping
1776272832.8397923,14627.818525642,-1.3836332559585571,-57.473350524902344,87.74173736572266,1.3793928623199463,-53.63213348388672,89.163818359375,-1.3793928623199463,-53.63212585449219,89.163818359375,1.3836332559585571,-57.473350524902344,87.74173736572266,Go,Stepping
1776272832.8598132,14627.819177643,-1.386638879776001,-57.89342498779297,87.8113784790039,1.3769066333770752,-53.82089614868164,88.84573364257812,-1.3769066333770752,-53.82088851928711,88.84573364257812,1.386638879776001,-57.89342498779297,87.8113784790039,Go,Stepping
1776272832.8798618,14627.837842364,-1.5699573755264282,-66.67949676513672,99.71974182128906,1.3747981786727905,-54.02317428588867,88.55294799804688,-1.3747981786727905,-54.023170471191406,88.55294799804688,1.5699573755264282,-66.67948913574219,99.71974182128906,Go,Stepping
1776272832.8998666,14627.864345933,-1.8416718244552612,-75.72391510009766,112.14808654785156,1.3731447458267212,-54.243370056152344,88.29228210449219,-1.3731447458267212,-54.24336242675781,88.29228210449219,1.8416718244552612,-75.72391510009766,112.1480941772461,Go,Stepping
1776272832.9198132,14627.879236057,-2.0146443843841553,-79.43746948242188,118.4066162109375,1.3720078468322754,-54.48488998413086,88.06934356689453,-1.3720078468322754,-54.48488998413086,88.0693588256836,2.0146443843841553,-79.43746948242188,118.40663146972656,Go,Stepping
1776272832.9398322,14627.922553743,-2.101929187774658,-79.82794189453125,121.69801330566406,1.3714287281036377,-54.75061798095703,87.88777160644531,-1.3714287281036377,-54.7506103515625,87.88777160644531,2.101929187774658,-79.82794189453125,121.69801330566406,Go,Stepping
1776272832.9598534,14627.924684623,-2.1586599349975586,-78.99044799804688,124.02313232421875,1.3714282512664795,-55.04092025756836,87.75007629394531,-1.3714282512664795,-55.04092025756836,87.75007629394531,2.1586599349975586,-78.99044036865234,124.02313232421875,Go,Stepping
1776272832.979871,14627.941371335,-2.153355360031128,-76.68804931640625,124.589111328125,1.3720061779022217,-55.357574462890625,87.65555572509766,-1.3720061779022217,-55.35757064819336,87.65555572509766,2.153355360031128,-76.68804931640625,124.589111328125,Go,Stepping
1776272832.9998047,14627.959078407,-1.9705705642700195,-71.07483673095703,119.73001861572266,1.373140573501587,-55.699031829833984,87.60262298583984,-1.373140573501587,-55.699031829833984,87.60263061523438,1.9705705642700195,-71.07482147216797,119.73001861572266,Go,Stepping
1776272833.0198417,14627.990774582,-1.6174349784851074,-61.18174743652344,105.2830810546875,1.374794840812683,-56.08061981201172,87.57841491699219,-1.374794840812683,-56.08061599731445,87.57841491699219,1.6174349784851074,-61.18174743652344,105.2830810546875,Go,Stepping
1776272833.0398822,14627.999774321,-1.3866417407989502,-53.13317108154297,90.03284454345703,1.3769022226333618,-56.473724365234375,87.59041595458984,-1.3769022226333618,-56.473716735839844,87.59041595458984,1.3866417407989502,-53.13316345214844,90.03284454345703,Go,Stepping
1776272833.0597486,14628.018065263,-1.3836332559585571,-53.244686126708984,89.70987701416016,1.3793926239013672,-56.9310188293457,87.59896087646484,-1.3793926239013672,-56.93101119995117,87.59896087646484,1.3836332559585571,-53.24468231201172,89.70987701416016,Go,Stepping
1776272833.0822911,14628.046613231,-1.3806328773498535,-53.45455551147461,89.34833526611328,1.3822927474975586,-57.37136459350586,87.65410614013672,-1.3822927474975586,-57.37135314941406,87.65410614013672,1.3806328773498535,-53.45454788208008,89.34833526611328,Go,Stepping
1776272833.0997968,14628.058778033,-1.3781071901321411,-53.65007019042969,89.02941131591797,1.3851279020309448,-57.78089904785156,87.71273040771484,-1.3851279020309448,-57.7808952331543,87.71273040771484,1.3781071901321411,-53.65007019042969,89.02941131591797,Go,Stepping
1776272833.1199136,14628.078273248,-1.3757965564727783,-53.861061096191406,88.71815490722656,1.4455621242523193,-61.293312072753906,91.91547393798828,-1.4455621242523193,-61.293304443359375,91.91547393798828,1.3757965564727783,-53.86105728149414,88.71815490722656,Go,Stepping
1776272833.139797,14628.098564771,-1.3739081621170044,-54.0871467590332,88.435791015625,1.7125718593597412,-72.02679443359375,106.71550750732422,-1.7125718593597412,-72.02679443359375,106.71551513671875,1.3739081621170044,-54.08714294433594,88.435791015625,Go,Stepping
1776272833.1597261,14628.127783345,-1.3866409063339233,-55.647098541259766,89.07061004638672,1.3866409063339233,-55.647098541259766,89.07061004638672,-1.3866409063339233,-55.647090911865234,89.07061004638672,1.3866409063339233,-55.647090911865234,89.07061004638672,Stop,Stepping
1776272833.179685,14628.140864287,-1.3866409063339233,-55.647098541259766,89.07061004638672,1.3866409063339233,-55.647098541259766,89.07061004638672,-1.3866409063339233,-55.647090911865234,89.07061004638672,1.3866409063339233,-55.647090911865234,89.07061004638672,Stop,Stepping
1776272833.1996994,14628.160681627,-1.3866409063339233,-55.647098541259766,89.07061004638672,1.3866409063339233,-55.647098541259766,89.07061004638672,-1.3866409063339233,-55.647090911865234,89.07061004638672,1.3866409063339233,-55.647090911865234,89.07061004638672,Stop,Stepping
1776272833.2199032,14628.182036544,-1.3866409063339233,-55.647098541259766,89.07061004638672,1.3866409063339233,-55.647098541259766,89.07061004638672,-1.3866409063339233,-55.647090911865234,89.07061004638672,1.3866409063339233,-55.647090911865234,89.07061004638672,Stop,Stepping
1776272833.2397225,14628.199479197,-1.3866409063339233,-55.647098541259766,89.07061004638672,1.3866409063339233,-55.647098541259766,89.07061004638672,-1.3866409063339233,-55.647090911865234,89.07061004638672,1.3866409063339233,-55.647090911865234,89.07061004638672,Stop,Stepping
1776272833.2597435,14628.217973543,-1.3866409063339233,-55.647098541259766,89.07061004638672,1.3866409063339233,-55.647098541259766,89.07061004638672,-1.3866409063339233,-55.647090911865234,89.07061004638672,1.3866409063339233,-55.647090911865234,89.07061004638672,Stop,Stepping
1776272833.2797215,14628.239437351,-1.3866409063339233,-55.647098541259766,89.07061004638672,1.3866409063339233,-55.647098541259766,89.07061004638672,-1.3866409063339233,-55.647090911865234,89.07061004638672,1.3866409063339233,-55.647090911865234,89.07061004638672,Stop,Stepping
1776272833.299773,14628.26240411,-1.3866409063339233,-55.647098541259766,89.07061004638672,1.3866409063339233,-55.647098541259766,89.07061004638672,-1.3866409063339233,-55.647090911865234,89.07061004638672,1.3866409063339233,-55.647090911865234,89.07061004638672,Stop,Stepping
1776272833.319706,14628.278572883,-1.3866409063339233,-55.647098541259766,89.07061004638672,1.3866409063339233,-55.647098541259766,89.07061004638672,-1.3866409063339233,-55.647090911865234,89.07061004638672,1.3866409063339233,-55.647090911865234,89.07061004638672,Stop,Stepping
1776272833.3397105,14628.298281925,-1.3866409063339233,-55.647098541259766,89.07061004638672,1.3866409063339233,-55.647098541259766,89.07061004638672,-1.3866409063339233,-55.647090911865234,89.07061004638672,1.3866409063339233,-55.647090911865234,89.07061004638672,Stop,Stepping
1776272833.3597279,14628.319484143,-1.3866409063339233,-55.647098541259766,89.07061004638672,1.3866409063339233,-55.647098541259766,89.07061004638672,-1.3866409063339233,-55.647090911865234,89.07061004638672,1.3866409063339233,-55.647090911865234,89.07061004638672,Stop,Stepping
1776272833.379722,14628.338128431,-1.3866409063339233,-55.647098541259766,89.07061004638672,1.3866409063339233,-55.647098541259766,89.07061004638672,-1.3866409063339233,-55.647090911865234,89.07061004638672,1.3866409063339233,-55.647090911865234,89.07061004638672,Stop,Stepping
1776272833.399704,14628.358916903,-1.3866409063339233,-55.647098541259766,89.07061004638672,1.3866409063339233,-55.647098541259766,89.07061004638672,-1.3866409063339233,-55.647090911865234,89.07061004638672,1.3866409063339233,-55.647090911865234,89.07061004638672,Stop,Stepping
1776272833.4197092,14628.378450794,-1.3866409063339233,-55.647098541259766,89.07061004638672,1.3866409063339233,-55.647098541259766,89.07061004638672,-1.3866409063339233,-55.647090911865234,89.07061004638672,1.3866409063339233,-55.647090911865234,89.07061004638672,Stop,Stepping
1776272833.4397047,14628.398422466,-1.3866409063339233,-55.647098541259766,89.07061004638672,1.3866409063339233,-55.647098541259766,89.07061004638672,-1.3866409063339233,-55.647090911865234,89.07061004638672,1.3866409063339233,-55.647090911865234,89.07061004638672,Stop,Stepping
1776272833.4597297,14628.425436548,-1.3866409063339233,-55.647098541259766,89.07061004638672,1.3866409063339233,-55.647098541259766,89.07061004638672,-1.3866409063339233,-55.647090911865234,89.07061004638672,1.3866409063339233,-55.647090911865234,89.07061004638672,Stop,Stepping
1776272833.4796448,14628.441450255,-1.3866409063339233,-55.647098541259766,89.07061004638672,1.3866409063339233,-55.647098541259766,89.07061004638672,-1.3866409063339233,-55.647090911865234,89.07061004638672,1.3866409063339233,-55.647090911865234,89.07061004638672,Stop,Stepping
1776272833.4997478,14628.459177088,-1.3866409063339233,-55.647098541259766,89.07061004638672,1.3866409063339233,-55.647098541259766,89.07061004638672,-1.3866409063339233,-55.647090911865234,89.07061004638672,1.3866409063339233,-55.647090911865234,89.07061004638672,Stop,Stepping
1776272833.5197465,14628.497999467,-1.3866409063339233,-55.647098541259766,89.07061004638672,1.3866409063339233,-55.647098541259766,89.07061004638672,-1.3866409063339233,-55.647090911865234,89.07061004638672,1.3866409063339233,-55.647090911865234,89.07061004638672,Stop,Stepping
1776272833.5397167,14628.50010359,-1.3866409063339233,-55.647098541259766,89.07061004638672,1.3866409063339233,-55.647098541259766,89.07061004638672,-1.3866409063339233,-55.647090911865234,89.07061004638672,1.3866409063339233,-55.647090911865234,89.07061004638672,Stop,Stepping
1776272833.5597036,14628.524721372,-1.3866409063339233,-55.647098541259766,89.07061004638672,1.3866409063339233,-55.647098541259766,89.07061004638672,-1.3866409063339233,-55.647090911865234,89.07061004638672,1.3866409063339233,-55.647090911865234,89.07061004638672,Stop,Stepping
1776272833.5797074,14628.57116168,-1.3866409063339233,-55.647098541259766,89.07061004638672,1.3866409063339233,-55.647098541259766,89.07061004638672,-1.3866409063339233,-55.647090911865234,89.07061004638672,1.3866409063339233,-55.647090911865234,89.07061004638672,Stop,Stepping
1776272833.5997083,14628.573362316,-1.3866409063339233,-55.647098541259766,89.07061004638672,1.3866409063339233,-55.647098541259766,89.07061004638672,-1.3866409063339233,-55.647090911865234,89.07061004638672,1.3866409063339233,-55.647090911865234,89.07061004638672,Stop,Stepping
1776272833.6197116,14628.584414207,-1.3866409063339233,-55.647098541259766,89.07061004638672,1.3866409063339233,-55.647098541259766,89.07061004638672,-1.3866409063339233,-55.647090911865234,89.07061004638672,1.3866409063339233,-55.647090911865234,89.07061004638672,Stop,Stepping
1776272833.63971,14628.59922678,-1.3866409063339233,-55.647098541259766,89.07061004638672,1.3866409063339233,-55.647098541259766,89.07061004638672,-1.3866409063339233,-55.647090911865234,89.07061004638672,1.3866409063339233,-55.647090911865234,89.07061004638672,Stop,Stepping
1776272833.6597066,14628.625766622,-1.3866409063339233,-55.647098541259766,89.07061004638672,1.3866409063339233,-55.647098541259766,89.07061004638672,-1.3866409063339233,-55.647090911865234,89.07061004638672,1.3866409063339233,-55.647090911865234,89.07061004638672,Stop,Stepping
1776272833.6796904,14628.638543157,-1.3866409063339233,-55.647098541259766,89.07061004638672,1.3866409063339233,-55.647098541259766,89.07061004638672,-1.3866409063339233,-55.647090911865234,89.07061004638672,1.3866409063339233,-55.647090911865234,89.07061004638672,Stop,Stepping
1776272833.6996956,14628.659077744,-1.3866409063339233,-55.647098541259766,89.07061004638672,1.3866409063339233,-55.647098541259766,89.07061004638672,-1.3866409063339233,-55.647090911865234,89.07061004638672,1.3866409063339233,-55.647090911865234,89.07061004638672,Stop,Stepping
1776272833.7196915,14628.678807397,-1.3866409063339233,-55.647098541259766,89.07061004638672,1.3866409063339233,-55.647098541259766,89.07061004638672,-1.3866409063339233,-55.647090911865234,89.07061004638672,1.3866409063339233,-55.647090911865234,89.07061004638672,Stop,Stepping
1776272833.7397518,14628.700300099,-1.3866409063339233,-55.647098541259766,89.07061004638672,1.3866409063339233,-55.647098541259766,89.07061004638672,-1.3866409063339233,-55.647090911865234,89.07061004638672,1.3866409063339233,-55.647090911865234,89.07061004638672,Stop,Stepping
1776272833.759688,14628.717559033,-1.3866409063339233,-55.647098541259766,89.07061004638672,1.3866409063339233,-55.647098541259766,89.07061004638672,-1.3866409063339233,-55.647090911865234,89.07061004638672,1.3866409063339233,-55.647090911865234,89.07061004638672,Stop,Stepping
1776272833.7797546,14628.737542709,-1.3866409063339233,-55.647098541259766,89.07061004638672,1.3866409063339233,-55.647098541259766,89.07061004638672,-1.3866409063339233,-55.647090911865234,89.07061004638672,1.3866409063339233,-55.647090911865234,89.07061004638672,Stop,Stepping
1776272833.7997532,14628.766312986,-1.3866409063339233,-55.647098541259766,89.07061004638672,1.3866409063339233,-55.647098541259766,89.07061004638672,-1.3866409063339233,-55.647090911865234,89.07061004638672,1.3866409063339233,-55.647090911865234,89.07061004638672,Stop,Stepping
1776272833.8197453,14628.778238404,-1.3866409063339233,-55.647098541259766,89.07061004638672,1.3866409063339233,-55.647098541259766,89.07061004638672,-1.3866409063339233,-55.647090911865234,89.07061004638672,1.3866409063339233,-55.647090911865234,89.07061004638672,Stop,Stepping
1776272833.839751,14628.803046135,-1.3836290836334229,-54.333229064941406,89.3249282836914,1.379396677017212,-56.17085266113281,88.03609466552734,-1.379396677017212,-56.17084884643555,88.03609466552734,1.3836290836334229,-54.33322525024414,89.3249282836914,Go,Stepping
1776272833.859731,14628.81888658,-1.3807518482208252,-54.36400604248047,89.02335357666016,1.3821684122085571,-56.46571731567383,88.177734375,-1.3821684122085571,-56.46571731567383,88.17774200439453,1.3807518482208252,-54.3640022277832,89.02335357666016,Go,Stepping
1776272833.8797882,14628.839926012,-1.3781061172485352,-52.83168029785156,89.3053207397461,1.3851290941238403,-58.79857635498047,86.98484802246094,-1.3851290941238403,-58.79857635498047,86.98484802246094,1.3781061172485352,-52.83168029785156,89.3053207397461,Go,Stepping
1776272833.899789,14628.859814475,-1.375797986984253,-53.2159538269043,88.95259857177734,1.445430874824524,-62.602962493896484,90.90968322753906,-1.445430874824524,-62.60295104980469,90.90968322753906,1.375797986984253,-53.2159538269043,88.95259857177734,Go,Stepping
1776272833.9198506,14628.895179,-1.373907446861267,-53.610965728759766,88.62134552001953,1.7127107381820679,-73.76956939697266,105.48853302001953,-1.7127107381820679,-73.76956939697266,105.48853302001953,1.373907446861267,-53.610958099365234,88.62134552001953,Go,Stepping
1776272833.939791,14628.899647812,-1.3725080490112305,-53.26613235473633,88.60599517822266,1.943027138710022,-83.75202178955078,111.45124053955078,-1.943027138710022,-83.75201416015625,111.45124053955078,1.3725080490112305,-53.26613235473633,88.60599517822266,Go,Stepping
1776272833.959833,14628.920346552,-1.3716462850570679,-54.04385757446289,88.2194595336914,2.0644803047180176,-84.37542724609375,117.43280792236328,-2.0644803047180176,-84.37541198730469,117.43280792236328,1.3716462850570679,-54.04385757446289,88.2194595336914,Go,Stepping
1776272833.97979,14628.948040742,-1.3713557720184326,-54.89225769042969,87.81359100341797,2.133287191390991,-81.1050796508789,122.26908874511719,-2.133287191390991,-81.1050796508789,122.26908874511719,1.3713557720184326,-54.89225769042969,87.81360626220703,Go,Stepping
1776272833.999801,14628.966249183,-1.371646761894226,-55.74272155761719,87.41388702392578,2.170354127883911,-75.49913787841797,125.42796325683594,-2.170354127883911,-75.4991226196289,125.42796325683594,1.371646761894226,-55.74272155761719,87.41388702392578,Go,Stepping
1776272834.0198214,14628.979093171,-1.372509479522705,-56.40415954589844,87.13481903076172,2.089601755142212,-68.60989379882812,124.1526870727539,-2.089601755142212,-68.60987854003906,124.1526870727539,1.372509479522705,-56.40415954589844,87.13481903076172,Go,Stepping
1776272834.039779,14629.005224246,-1.3739069700241089,-57.062767028808594,86.88508605957031,1.802720069885254,-60.015533447265625,114.62577819824219,-1.802720069885254,-60.015533447265625,114.62577819824219,1.3739069700241089,-57.062767028808594,86.88508605957031,Go,Stepping
1776272834.059778,14629.01873738,-1.375797152519226,-57.69119644165039,86.68130493164062,1.4592647552490234,-51.187660217285156,96.3841781616211,-1.4592647552490234,-51.187660217285156,96.3841781616211,1.375797152519226,-57.69119644165039,86.68130493164062,Go,Stepping
1776272834.0797112,14629.03758998,-1.378105878829956,-58.408180236816406,86.4299087524414,1.385129451751709,-49.93150329589844,90.61231994628906,-1.385129451751709,-49.93150329589844,90.61231994628906,1.378105878829956,-58.408172607421875,86.4299087524414,Go,Stepping
1776272834.0997348,14629.060628985,-1.3807538747787476,-59.12602233886719,86.17787170410156,1.3821665048599243,-50.60523986816406,90.23570251464844,-1.3821665048599243,-50.60523986816406,90.23570251464844,1.3807538747787476,-59.12602233886719,86.17787170410156,Go,Stepping
1776272834.119733,14629.078593367,-1.383634328842163,-59.83719253540039,85.91747283935547,1.3793916702270508,-51.26609420776367,89.84652709960938,-1.3793916702270508,-51.26609420776367,89.84652709960938,1.383634328842163,-59.83719253540039,85.91747283935547,Go,Stepping
1776272834.139797,14629.098366792,-1.3866419792175293,-60.539764404296875,85.63607025146484,1.3769012689590454,-51.920738220214844,89.45265197753906,-1.3769012689590454,-51.92073440551758,89.45265197753906,1.3866419792175293,-60.539756774902344,85.63607025146484,Go,Stepping
1776272834.1597793,14629.12128752,-1.5700007677078247,-70.4366226196289,96.53754425048828,1.3747978210449219,-52.570945739746094,89.06385803222656,-1.3747978210449219,-52.57093811035156,89.06385803222656,1.5700007677078247,-70.4366226196289,96.53754425048828,Go,Stepping
1776272834.179818,14629.138082236,-1.8421051502227783,-79.14575958251953,109.66251373291016,1.3731422424316406,-53.47664260864258,88.59371185302734,-1.3731422424316406,-53.47663879394531,88.59371185302734,1.8421051502227783,-79.14575958251953,109.66251373291016,Go,Stepping
1776272834.1997697,14629.183958959,-2.014723300933838,-82.45887756347656,116.51961517333984,1.3720072507858276,-54.032379150390625,88.26161193847656,-1.3720072507858276,-54.032379150390625,88.26162719726562,2.014723300933838,-82.45887756347656,116.51961517333984,Go,Stepping
1776272834.2197914,14629.184389356,-2.1019129753112793,-81.57550811767578,120.84789276123047,1.3714287281036377,-54.60226058959961,87.95564270019531,-1.3714287281036377,-54.60226058959961,87.95564270019531,2.1019129753112793,-81.57549285888672,120.84789276123047,Go,Stepping
1776272834.2398086,14629.223432647,-2.1586861610412598,-78.7914047241211,124.0947036743164,1.3714284896850586,-55.18663787841797,87.67852020263672,-1.3714284896850586,-55.18663787841797,87.67852783203125,2.1586861610412598,-78.7914047241211,124.0947036743164,Go,Stepping
1776272834.2597747,14629.225194802,-2.1533095836639404,-74.1255874633789,125.21940612792969,1.3720064163208008,-55.7873420715332,87.42965698242188,-1.3720064163208008,-55.7873420715332,87.4296646118164,2.1533095836639404,-74.1255874633789,125.21940612792969,Go,Stepping
1776272834.2797837,14629.250019699,-1.970199465751648,-67.0822525024414,120.42424011230469,1.3731424808502197,-56.34320068359375,87.242919921875,-1.3731424808502197,-56.343196868896484,87.242919921875,1.970199465751648,-67.08224487304688,120.42424011230469,Go,Stepping
1776272834.2997828,14629.26218241,-1.6172783374786377,-57.43448257446289,105.8936767578125,1.3747957944869995,-56.950740814208984,87.06071472167969,-1.3747957944869995,-56.95073699951172,87.06071472167969,1.6172783374786377,-57.434471130371094,105.8936767578125,Go,Stepping
1776272834.3197596,14629.278386919,-1.3866413831710815,-50.73199462890625,90.61305236816406,1.3769028186798096,-57.56924057006836,86.89788818359375,-1.3769028186798096,-57.56923294067383,86.89788818359375,1.3866413831710815,-50.73198699951172,90.61305236816406,Go,Stepping
1776272834.3397105,14629.303198247,-1.3836328983306885,-51.25191879272461,90.23905944824219,1.3793928623199463,-58.19685363769531,86.74703979492188,-1.3793928623199463,-58.19685363769531,86.74703979492188,1.3836328983306885,-51.25191879272461,90.23905944824219,Go,Stepping
1776272834.3597605,14629.330336053,-1.3807506561279297,-51.80211639404297,89.8458480834961,1.3821704387664795,-58.793548583984375,86.62752532958984,-1.3821704387664795,-58.793548583984375,86.62752532958984,1.3807506561279297,-51.8021125793457,89.8458480834961,Go,Stepping
1776272834.3797321,14629.339224968,-1.3781037330627441,-52.29994201660156,89.46337890625,1.3851321935653687,-59.41791915893555,86.48193359375,-1.3851321935653687,-59.41791915893555,86.48194122314453,1.3781037330627441,-52.2999382019043,89.46337890625,Go,Stepping
1776272834.3997583,14629.358112758,-1.3757978677749634,-52.80807876586914,89.08744812011719,1.4454402923583984,-63.37343215942383,90.22921752929688,-1.4454402923583984,-63.37343215942383,90.22921752929688,1.3757978677749634,-52.808074951171875,89.08744812011719,Go,Stepping
1776272834.4197822,14629.386888773,-1.3739070892333984,-53.31093978881836,88.73072052001953,1.7127269506454468,-74.7751235961914,104.6435775756836,-1.7127269506454468,-74.7751235961914,104.6435775756836,1.3739070892333984,-53.310935974121094,88.73072052001953,Go,Stepping
1776272834.4397733,14629.401100815,-1.372507095336914,-53.82375717163086,88.39686584472656,1.943164587020874,-81.1591567993164,113.87120056152344,-1.943164587020874,-81.1591567993164,113.8712158203125,1.372507095336914,-53.82375717163086,88.39686584472656,Go,Stepping
1776272834.4597495,14629.418134607,-1.3716466426849365,-54.35528564453125,88.0879898071289,2.0644662380218506,-82.04149627685547,119.05256652832031,-2.0644662380218506,-82.04150390625,119.0525894165039,1.3716466426849365,-54.35527801513672,88.0879898071289,Go,Stepping
1776272834.4797804,14629.445116538,-1.3713557720184326,-54.8928108215332,87.81333923339844,2.1333281993865967,-80.25122833251953,122.65518951416016,-2.1333281993865967,-80.251220703125,122.65518951416016,1.3713557720184326,-54.8928108215332,87.81333923339844,Go,Stepping
1776272834.4997582,14629.496412055,-1.3716462850570679,-55.44715118408203,87.57026672363281,2.170353651046753,-76.94773864746094,125.05121612548828,-2.170353651046753,-76.9477310180664,125.05121612548828,1.3716462850570679,-55.447147369384766,87.57026672363281,Go,Stepping
1776272834.5198236,14629.4977672,-1.372510313987732,-56.02070999145508,87.35691833496094,2.089412212371826,-71.23247528076172,123.78932189941406,-2.089412212371826,-71.23247528076172,123.78932189941406,1.372510313987732,-56.02070236206055,87.35691833496094,Go,Stepping
1776272834.5397892,14629.498159355,-1.3739089965820312,-56.607513427734375,87.17215728759766,1.8023686408996582,-62.68009948730469,114.41448974609375,-1.8023686408996582,-62.680091857910156,114.41448974609375,1.3739089965820312,-56.60750961303711,87.17215728759766,Go,Stepping
1776272834.5596557,14629.518140568,-1.3866409063339233,-55.647098541259766,89.07061004638672,1.3866409063339233,-55.647098541259766,89.07061004638672,-1.3866409063339233,-55.647090911865234,89.07061004638672,1.3866409063339233,-55.647090911865234,89.07061004638672,Stop,Stepping
1776272834.5796368,14629.538551612,-1.3866409063339233,-55.647098541259766,89.07061004638672,1.3866409063339233,-55.647098541259766,89.07061004638672,-1.3866409063339233,-55.647090911865234,89.07061004638672,1.3866409063339233,-55.647090911865234,89.07061004638672,Stop,Stepping
1776272834.5997128,14629.564823975,-1.3866409063339233,-55.647098541259766,89.07061004638672,1.3866409063339233,-55.647098541259766,89.07061004638672,-1.3866409063339233,-55.647090911865234,89.07061004638672,1.3866409063339233,-55.647090911865234,89.07061004638672,Stop,Stepping
1776272834.619689,14629.578303937,-1.3866409063339233,-55.647098541259766,89.07061004638672,1.3866409063339233,-55.647098541259766,89.07061004638672,-1.3866409063339233,-55.647090911865234,89.07061004638672,1.3866409063339233,-55.647090911865234,89.07061004638672,Stop,Stepping
1776272834.639657,14629.60258621,-1.3866409063339233,-55.647098541259766,89.07061004638672,1.3866409063339233,-55.647098541259766,89.07061004638672,-1.3866409063339233,-55.647090911865234,89.07061004638672,1.3866409063339233,-55.647090911865234,89.07061004638672,Stop,Stepping
1776272834.6596303,14629.625275055,-1.3866409063339233,-55.647098541259766,89.07061004638672,1.3866409063339233,-55.647098541259766,89.07061004638672,-1.3866409063339233,-55.647090911865234,89.07061004638672,1.3866409063339233,-55.647090911865234,89.07061004638672,Stop,Stepping
1776272834.6796649,14629.640349185,-1.3866409063339233,-55.647098541259766,89.07061004638672,1.3866409063339233,-55.647098541259766,89.07061004638672,-1.3866409063339233,-55.647090911865234,89.07061004638672,1.3866409063339233,-55.647090911865234,89.07061004638672,Stop,Stepping
1776272834.699634,14629.65881893,-1.3866409063339233,-55.647098541259766,89.07061004638672,1.3866409063339233,-55.647098541259766,89.07061004638672,-1.3866409063339233,-55.647090911865234,89.07061004638672,1.3866409063339233,-55.647090911865234,89.07061004638672,Stop,Stepping
1776272834.7197485,14629.677667958,-1.3866409063339233,-55.647098541259766,89.07061004638672,1.3866409063339233,-55.647098541259766,89.07061004638672,-1.3866409063339233,-55.647090911865234,89.07061004638672,1.3866409063339233,-55.647090911865234,89.07061004638672,Stop,Stepping
1776272834.7397287,14629.697902926,-1.3866409063339233,-55.647098541259766,89.07061004638672,1.3866409063339233,-55.647098541259766,89.07061004638672,-1.3866409063339233,-55.647090911865234,89.07061004638672,1.3866409063339233,-55.647090911865234,89.07061004638672,Stop,Stepping
1776272834.7598577,14629.72428827,-1.3866409063339233,-55.647098541259766,89.07061004638672,1.3866409063339233,-55.647098541259766,89.07061004638672,-1.3866409063339233,-55.647090911865234,89.07061004638672,1.3866409063339233,-55.647090911865234,89.07061004638672,Stop,Stepping
1776272834.7796564,14629.739687077,-1.3866409063339233,-55.647098541259766,89.07061004638672,1.3866409063339233,-55.647098541259766,89.07061004638672,-1.3866409063339233,-55.647090911865234,89.07061004638672,1.3866409063339233,-55.647090911865234,89.07061004638672,Stop,Stepping
1776272834.7996378,14629.759328944,-1.3866409063339233,-55.647098541259766,89.07061004638672,1.3866409063339233,-55.647098541259766,89.07061004638672,-1.3866409063339233,-55.647090911865234,89.07061004638672,1.3866409063339233,-55.647090911865234,89.07061004638672,Stop,Stepping
1776272834.819633,14629.779000084,-1.3866409063339233,-55.647098541259766,89.07061004638672,1.3866409063339233,-55.647098541259766,89.07061004638672,-1.3866409063339233,-55.647090911865234,89.07061004638672,1.3866409063339233,-55.647090911865234,89.07061004638672,Stop,Stepping
1776272834.8396297,14629.798480882,-1.3866409063339233,-55.647098541259766,89.07061004638672,1.3866409063339233,-55.647098541259766,89.07061004638672,-1.3866409063339233,-55.647090911865234,89.07061004638672,1.3866409063339233,-55.647090911865234,89.07061004638672,Stop,Stepping
1776272834.859636,14629.819251634,-1.3866409063339233,-55.647098541259766,89.07061004638672,1.3866409063339233,-55.647098541259766,89.07061004638672,-1.3866409063339233,-55.647090911865234,89.07061004638672,1.3866409063339233,-55.647090911865234,89.07061004638672,Stop,Stepping
1776272834.8796241,14629.837522692,-1.3866409063339233,-55.647098541259766,89.07061004638672,1.3866409063339233,-55.647098541259766,89.07061004638672,-1.3866409063339233,-55.647090911865234,89.07061004638672,1.3866409063339233,-55.647090911865234,89.07061004638672,Stop,Stepping
1776272834.899636,14629.85756401,-1.3866409063339233,-55.647098541259766,89.07061004638672,1.3866409063339233,-55.647098541259766,89.07061004638672,-1.3866409063339233,-55.647090911865234,89.07061004638672,1.3866409063339233,-55.647090911865234,89.07061004638672,Stop,Stepping
1776272834.9196389,14629.87832433,-1.3866409063339233,-55.647098541259766,89.07061004638672,1.3866409063339233,-55.647098541259766,89.07061004638672,-1.3866409063339233,-55.647090911865234,89.07061004638672,1.3866409063339233,-55.647090911865234,89.07061004638672,Stop,Stepping
1776272834.9396327,14629.900490784,-1.3866409063339233,-55.647098541259766,89.07061004638672,1.3866409063339233,-55.647098541259766,89.07061004638672,-1.3866409063339233,-55.647090911865234,89.07061004638672,1.3866409063339233,-55.647090911865234,89.07061004638672,Stop,Stepping
1776272834.9596632,14629.919608767,-1.3866409063339233,-55.647098541259766,89.07061004638672,1.3866409063339233,-55.647098541259766,89.07061004638672,-1.3866409063339233,-55.647090911865234,89.07061004638672,1.3866409063339233,-55.647090911865234,89.07061004638672,Stop,Stepping
1776272834.9796548,14629.93825985,-1.3866409063339233,-55.647098541259766,89.07061004638672,1.3866409063339233,-55.647098541259766,89.07061004638672,-1.3866409063339233,-55.647090911865234,89.07061004638672,1.3866409063339233,-55.647090911865234,89.07061004638672,Stop,Stepping
1776272834.999668,14629.958220838,-1.3866409063339233,-55.647098541259766,89.07061004638672,1.3866409063339233,-55.647098541259766,89.07061004638672,-1.3866409063339233,-55.647090911865234,89.07061004638672,1.3866409063339233,-55.647090911865234,89.07061004638672,Stop,Stepping
1776272835.0196548,14629.98890644,-1.3866409063339233,-55.647098541259766,89.07061004638672,1.3866409063339233,-55.647098541259766,89.07061004638672,-1.3866409063339233,-55.647090911865234,89.07061004638672,1.3866409063339233,-55.647090911865234,89.07061004638672,Stop,Stepping
1776272835.0397205,14629.998794506,-1.3866409063339233,-55.647098541259766,89.07061004638672,1.3866409063339233,-55.647098541259766,89.07061004638672,-1.3866409063339233,-55.647090911865234,89.07061004638672,1.3866409063339233,-55.647090911865234,89.07061004638672,Stop,Stepping
1776272835.0596526,14630.018650118,-1.3866409063339233,-55.647098541259766,89.07061004638672,1.3866409063339233,-55.647098541259766,89.07061004638672,-1.3866409063339233,-55.647090911865234,89.07061004638672,1.3866409063339233,-55.647090911865234,89.07061004638672,Stop,Stepping
1776272835.0796838,14630.03862816,-1.3866409063339233,-55.647098541259766,89.07061004638672,1.3866409063339233,-55.647098541259766,89.07061004638672,-1.3866409063339233,-55.647090911865234,89.07061004638672,1.3866409063339233,-55.647090911865234,89.07061004638672,Stop,Stepping
1776272835.0996423,14630.062938135,-1.3866409063339233,-55.647098541259766,89.07061004638672,1.3866409063339233,-55.647098541259766,89.07061004638672,-1.3866409063339233,-55.647090911865234,89.07061004638672,1.3866409063339233,-55.647090911865234,89.07061004638672,Stop,Stepping
1776272835.1196487,14630.080553621,-1.3866409063339233,-55.647098541259766,89.07061004638672,1.3866409063339233,-55.647098541259766,89.07061004638672,-1.3866409063339233,-55.647090911865234,89.07061004638672,1.3866409063339233,-55.647090911865234,89.07061004638672,Stop,Stepping
1776272835.1397157,14630.098116854,-1.3866409063339233,-55.647098541259766,89.07061004638672,1.3866409063339233,-55.647098541259766,89.07061004638672,-1.3866409063339233,-55.647090911865234,89.07061004638672,1.3866409063339233,-55.647090911865234,89.07061004638672,Stop,Stepping
1776272835.159673,14630.118435609,-1.3866409063339233,-55.647098541259766,89.07061004638672,1.3866409063339233,-55.647098541259766,89.07061004638672,-1.3866409063339233,-55.647090911865234,89.07061004638672,1.3866409063339233,-55.647090911865234,89.07061004638672,Stop,Stepping
1776272835.17971,14630.140696298,-1.3866409063339233,-55.647098541259766,89.07061004638672,1.3866409063339233,-55.647098541259766,89.07061004638672,-1.3866409063339233,-55.647090911865234,89.07061004638672,1.3866409063339233,-55.647090911865234,89.07061004638672,Stop,Stepping
1776272835.1996574,14630.159094213,-1.3866409063339233,-55.647098541259766,89.07061004638672,1.3866409063339233,-55.647098541259766,89.07061004638672,-1.3866409063339233,-55.647090911865234,89.07061004638672,1.3866409063339233,-55.647090911865234,89.07061004638672,Stop,Stepping
1776272835.2197146,14630.178232754,-1.3866409063339233,-55.647098541259766,89.07061004638672,1.3866409063339233,-55.647098541259766,89.07061004638672,-1.3866409063339233,-55.647090911865234,89.07061004638672,1.3866409063339233,-55.647090911865234,89.07061004638672,Stop,Stepping
1776272835.2396631,14630.19811763,-1.3866409063339233,-55.647098541259766,89.07061004638672,1.3866409063339233,-55.647098541259766,89.07061004638672,-1.3866409063339233,-55.647090911865234,89.07061004638672,1.3866409063339233,-55.647090911865234,89.07061004638672,Stop,Stepping
1776272835.2596283,14630.218680676,-1.3866409063339233,-55.647098541259766,89.07061004638672,1.3866409063339233,-55.647098541259766,89.07061004638672,-1.3866409063339233,-55.647090911865234,89.07061004638672,1.3866409063339233,-55.647090911865234,89.07061004638672,Stop,Stepping
1776272835.2796602,14630.238133919,-1.3866409063339233,-55.647098541259766,89.07061004638672,1.3866409063339233,-55.647098541259766,89.07061004638672,-1.3866409063339233,-55.647090911865234,89.07061004638672,1.3866409063339233,-55.647090911865234,89.07061004638672,Stop,Stepping
1776272835.2996745,14630.259166265,-1.3866409063339233,-55.647098541259766,89.07061004638672,1.3866409063339233,-55.647098541259766,89.07061004638672,-1.3866409063339233,-55.647090911865234,89.07061004638672,1.3866409063339233,-55.647090911865234,89.07061004638672,Stop,Stepping
1776272835.3196573,14630.278765301,-1.3866409063339233,-55.647098541259766,89.07061004638672,1.3866409063339233,-55.647098541259766,89.07061004638672,-1.3866409063339233,-55.647090911865234,89.07061004638672,1.3866409063339233,-55.647090911865234,89.07061004638672,Stop,Stepping
1776272835.339645,14630.321160519,-1.3866409063339233,-55.647098541259766,89.07061004638672,1.3866409063339233,-55.647098541259766,89.07061004638672,-1.3866409063339233,-55.647090911865234,89.07061004638672,1.3866409063339233,-55.647090911865234,89.07061004638672,Stop,Stepping
1776272835.3596437,14630.326967401,-1.3866409063339233,-55.647098541259766,89.07061004638672,1.3866409063339233,-55.647098541259766,89.07061004638672,-1.3866409063339233,-55.647090911865234,89.07061004638672,1.3866409063339233,-55.647090911865234,89.07061004638672,Stop,Stepping
1776272835.37966,14630.337918021,-1.3866409063339233,-55.647098541259766,89.07061004638672,1.3866409063339233,-55.647098541259766,89.07061004638672,-1.3866409063339233,-55.647090911865234,89.07061004638672,1.3866409063339233,-55.647090911865234,89.07061004638672,Stop,Stepping
1776272835.3996327,14630.358974064,-1.3866409063339233,-55.647098541259766,89.07061004638672,1.3866409063339233,-55.647098541259766,89.07061004638672,-1.3866409063339233,-55.647090911865234,89.07061004638672,1.3866409063339233,-55.647090911865234,89.07061004638672,Stop,Stepping
1776272835.4196563,14630.378186088,-1.3866409063339233,-55.647098541259766,89.07061004638672,1.3866409063339233,-55.647098541259766,89.07061004638672,-1.3866409063339233,-55.647090911865234,89.07061004638672,1.3866409063339233,-55.647090911865234,89.07061004638672,Stop,Stepping
1776272835.4396358,14630.39768245,-1.3866409063339233,-55.647098541259766,89.07061004638672,1.3866409063339233,-55.647098541259766,89.07061004638672,-1.3866409063339233,-55.647090911865234,89.07061004638672,1.3866409063339233,-55.647090911865234,89.07061004638672,Stop,Stepping
1776272835.4596343,14630.417894261,-1.3866409063339233,-55.647098541259766,89.07061004638672,1.3866409063339233,-55.647098541259766,89.07061004638672,-1.3866409063339233,-55.647090911865234,89.07061004638672,1.3866409063339233,-55.647090911865234,89.07061004638672,Stop,Stepping
1776272835.4796364,14630.441484426,-1.3866409063339233,-55.647098541259766,89.07061004638672,1.3866409063339233,-55.647098541259766,89.07061004638672,-1.3866409063339233,-55.647090911865234,89.07061004638672,1.3866409063339233,-55.647090911865234,89.07061004638672,Stop,Stepping
1776272835.4997172,14630.473158241,-1.3866409063339233,-55.647098541259766,89.07061004638672,1.3866409063339233,-55.647098541259766,89.07061004638672,-1.3866409063339233,-55.647090911865234,89.07061004638672,1.3866409063339233,-55.647090911865234,89.07061004638672,Stop,Stepping
1776272835.5196223,14630.479215315,-1.3866409063339233,-55.647098541259766,89.07061004638672,1.3866409063339233,-55.647098541259766,89.07061004638672,-1.3866409063339233,-55.647090911865234,89.07061004638672,1.3866409063339233,-55.647090911865234,89.07061004638672,Stop,Stepping
1776272835.5396814,14630.501352666,-1.3866409063339233,-55.647098541259766,89.07061004638672,1.3866409063339233,-55.647098541259766,89.07061004638672,-1.3866409063339233,-55.647090911865234,89.07061004638672,1.3866409063339233,-55.647090911865234,89.07061004638672,Stop,Stepping
1776272835.5597222,14630.51915398,-1.3866409063339233,-55.647098541259766,89.07061004638672,1.3866409063339233,-55.647098541259766,89.07061004638672,-1.3866409063339233,-55.647090911865234,89.07061004638672,1.3866409063339233,-55.647090911865234,89.07061004638672,Stop,Stepping
1776272835.579623,14630.540345353,-1.3866409063339233,-55.647098541259766,89.07061004638672,1.3866409063339233,-55.647098541259766,89.07061004638672,-1.3866409063339233,-55.647090911865234,89.07061004638672,1.3866409063339233,-55.647090911865234,89.07061004638672,Stop,Stepping
1776272835.5996404,14630.558140518,-1.3866409063339233,-55.647098541259766,89.07061004638672,1.3866409063339233,-55.647098541259766,89.07061004638672,-1.3866409063339233,-55.647090911865234,89.07061004638672,1.3866409063339233,-55.647090911865234,89.07061004638672,Stop,Stepping
1776272835.6196268,14630.578064785,-1.3866409063339233,-55.647098541259766,89.07061004638672,1.3866409063339233,-55.647098541259766,89.07061004638672,-1.3866409063339233,-55.647090911865234,89.07061004638672,1.3866409063339233,-55.647090911865234,89.07061004638672,Stop,Stepping
1776272835.639629,14630.618654437,-1.3866409063339233,-55.647098541259766,89.07061004638672,1.3866409063339233,-55.647098541259766,89.07061004638672,-1.3866409063339233,-55.647090911865234,89.07061004638672,1.3866409063339233,-55.647090911865234,89.07061004638672,Stop,Stepping
1776272835.6596289,14630.621821142,-1.3866409063339233,-55.647098541259766,89.07061004638672,1.3866409063339233,-55.647098541259766,89.07061004638672,-1.3866409063339233,-55.647090911865234,89.07061004638672,1.3866409063339233,-55.647090911865234,89.07061004638672,Stop,Stepping
1776272835.679617,14630.642337727,-1.3866409063339233,-55.647098541259766,89.07061004638672,1.3866409063339233,-55.647098541259766,89.07061004638672,-1.3866409063339233,-55.647090911865234,89.07061004638672,1.3866409063339233,-55.647090911865234,89.07061004638672,Stop,Stepping
1776272835.6996317,14630.66472941,-1.3866409063339233,-55.647098541259766,89.07061004638672,1.3866409063339233,-55.647098541259766,89.07061004638672,-1.3866409063339233,-55.647090911865234,89.07061004638672,1.3866409063339233,-55.647090911865234,89.07061004638672,Stop,Stepping
1776272835.7196257,14630.678102508,-1.3866409063339233,-55.647098541259766,89.07061004638672,1.3866409063339233,-55.647098541259766,89.07061004638672,-1.3866409063339233,-55.647090911865234,89.07061004638672,1.3866409063339233,-55.647090911865234,89.07061004638672,Stop,Stepping
1776272835.739626,14630.704703952,-1.3866409063339233,-55.647098541259766,89.07061004638672,1.3866409063339233,-55.647098541259766,89.07061004638672,-1.3866409063339233,-55.647090911865234,89.07061004638672,1.3866409063339233,-55.647090911865234,89.07061004638672,Stop,Stepping
1776272835.7596228,14630.718562324,-1.3866409063339233,-55.647098541259766,89.07061004638672,1.3866409063339233,-55.647098541259766,89.07061004638672,-1.3866409063339233,-55.647090911865234,89.07061004638672,1.3866409063339233,-55.647090911865234,89.07061004638672,Stop,Stepping
1776272835.779612,14630.738120911,-1.3866409063339233,-55.647098541259766,89.07061004638672,1.3866409063339233,-55.647098541259766,89.07061004638672,-1.3866409063339233,-55.647090911865234,89.07061004638672,1.3866409063339233,-55.647090911865234,89.07061004638672,Stop,Stepping
1776272835.7997098,14630.766519209,-1.3866409063339233,-55.647098541259766,89.07061004638672,1.3866409063339233,-55.647098541259766,89.07061004638672,-1.3866409063339233,-55.647090911865234,89.07061004638672,1.3866409063339233,-55.647090911865234,89.07061004638672,Stop,Stepping
1776272835.8196287,14630.787982053,-1.3866409063339233,-55.647098541259766,89.07061004638672,1.3866409063339233,-55.647098541259766,89.07061004638672,-1.3866409063339233,-55.647090911865234,89.07061004638672,1.3866409063339233,-55.647090911865234,89.07061004638672,Stop,Stepping
1776272835.8396251,14630.802648069,-1.3866409063339233,-55.647098541259766,89.07061004638672,1.3866409063339233,-55.647098541259766,89.07061004638672,-1.3866409063339233,-55.647090911865234,89.07061004638672,1.3866409063339233,-55.647090911865234,89.07061004638672,Stop,Stepping
1776272835.8596306,14630.821777911,-1.3866409063339233,-55.647098541259766,89.07061004638672,1.3866409063339233,-55.647098541259766,89.07061004638672,-1.3866409063339233,-55.647090911865234,89.07061004638672,1.3866409063339233,-55.647090911865234,89.07061004638672,Stop,Stepping
1776272835.879643,14630.838463379,-1.3866409063339233,-55.647098541259766,89.07061004638672,1.3866409063339233,-55.647098541259766,89.07061004638672,-1.3866409063339233,-55.647090911865234,89.07061004638672,1.3866409063339233,-55.647090911865234,89.07061004638672,Stop,Stepping
1776272835.8996153,14630.858477721,-1.3866409063339233,-55.647098541259766,89.07061004638672,1.3866409063339233,-55.647098541259766,89.07061004638672,-1.3866409063339233,-55.647090911865234,89.07061004638672,1.3866409063339233,-55.647090911865234,89.07061004638672,Stop,Stepping
1776272835.9196696,14630.889382228,-1.3866409063339233,-55.647098541259766,89.07061004638672,1.3866409063339233,-55.647098541259766,89.07061004638672,-1.3866409063339233,-55.647090911865234,89.07061004638672,1.3866409063339233,-55.647090911865234,89.07061004638672,Stop,Stepping
1776272835.939618,14630.898720268,-1.3866409063339233,-55.647098541259766,89.07061004638672,1.3866409063339233,-55.647098541259766,89.07061004638672,-1.3866409063339233,-55.647090911865234,89.07061004638672,1.3866409063339233,-55.647090911865234,89.07061004638672,Stop,Stepping
1776272835.9596477,14630.918516513,-1.3866409063339233,-55.647098541259766,89.07061004638672,1.3866409063339233,-55.647098541259766,89.07061004638672,-1.3866409063339233,-55.647090911865234,89.07061004638672,1.3866409063339233,-55.647090911865234,89.07061004638672,Stop,Stepping
1776272835.979618,14630.940258174,-1.3866409063339233,-55.647098541259766,89.07061004638672,1.3866409063339233,-55.647098541259766,89.07061004638672,-1.3866409063339233,-55.647090911865234,89.07061004638672,1.3866409063339233,-55.647090911865234,89.07061004638672,Stop,Stepping
1776272835.9996169,14630.95753162,-1.3866409063339233,-55.647098541259766,89.07061004638672,1.3866409063339233,-55.647098541259766,89.07061004638672,-1.3866409063339233,-55.647090911865234,89.07061004638672,1.3866409063339233,-55.647090911865234,89.07061004638672,Stop,Stepping
1776272836.0196314,14631.000615052,-1.3866409063339233,-55.647098541259766,89.07061004638672,1.3866409063339233,-55.647098541259766,89.07061004638672,-1.3866409063339233,-55.647090911865234,89.07061004638672,1.3866409063339233,-55.647090911865234,89.07061004638672,Stop,Stepping
1776272836.0396285,14631.001364747,-1.3866409063339233,-55.647098541259766,89.07061004638672,1.3866409063339233,-55.647098541259766,89.07061004638672,-1.3866409063339233,-55.647090911865234,89.07061004638672,1.3866409063339233,-55.647090911865234,89.07061004638672,Stop,Stepping
1776272836.0596254,14631.056952723,-1.3866409063339233,-55.647098541259766,89.07061004638672,1.3866409063339233,-55.647098541259766,89.07061004638672,-1.3866409063339233,-55.647090911865234,89.07061004638672,1.3866409063339233,-55.647090911865234,89.07061004638672,Stop,Stepping
1776272836.0796301,14631.060673673,-1.3866409063339233,-55.647098541259766,89.07061004638672,1.3866409063339233,-55.647098541259766,89.07061004638672,-1.3866409063339233,-55.647090911865234,89.07061004638672,1.3866409063339233,-55.647090911865234,89.07061004638672,Stop,Stepping
1776272836.0996099,14631.061044038,-1.3866409063339233,-55.647098541259766,89.07061004638672,1.3866409063339233,-55.647098541259766,89.07061004638672,-1.3866409063339233,-55.647090911865234,89.07061004638672,1.3866409063339233,-55.647090911865234,89.07061004638672,Stop,Stepping
1776272836.1196625,14631.165578859,-1.3866409063339233,-55.647098541259766,89.07061004638672,1.3866409063339233,-55.647098541259766,89.07061004638672,-1.3866409063339233,-55.647090911865234,89.07061004638672,1.3866409063339233,-55.647090911865234,89.07061004638672,Stop,Stepping
1776272836.139617,14631.167822305,-1.3866409063339233,-55.647098541259766,89.07061004638672,1.3866409063339233,-55.647098541259766,89.07061004638672,-1.3866409063339233,-55.647090911865234,89.07061004638672,1.3866409063339233,-55.647090911865234,89.07061004638672,Stop,Stepping
1776272836.1596367,14631.170048456,-1.3866409063339233,-55.647098541259766,89.07061004638672,1.3866409063339233,-55.647098541259766,89.07061004638672,-1.3866409063339233,-55.647090911865234,89.07061004638672,1.3866409063339233,-55.647090911865234,89.07061004638672,Stop,Stepping
1776272836.1796248,14631.172192436,-1.3866409063339233,-55.647098541259766,89.07061004638672,1.3866409063339233,-55.647098541259766,89.07061004638672,-1.3866409063339233,-55.647090911865234,89.07061004638672,1.3866409063339233,-55.647090911865234,89.07061004638672,Stop,Stepping
1776272836.199607,14631.174435491,-1.3866409063339233,-55.647098541259766,89.07061004638672,1.3866409063339233,-55.647098541259766,89.07061004638672,-1.3866409063339233,-55.647090911865234,89.07061004638672,1.3866409063339233,-55.647090911865234,89.07061004638672,Stop,Stepping
1776272836.2196136,14631.180222789,-1.3866409063339233,-55.647098541259766,89.07061004638672,1.3866409063339233,-55.647098541259766,89.07061004638672,-1.3866409063339233,-55.647090911865234,89.07061004638672,1.3866409063339233,-55.647090911865234,89.07061004638672,Stop,Stepping
1776272836.2396214,14631.201956797,-1.3866409063339233,-55.647098541259766,89.07061004638672,1.3866409063339233,-55.647098541259766,89.07061004638672,-1.3866409063339233,-55.647090911865234,89.07061004638672,1.3866409063339233,-55.647090911865234,89.07061004638672,Stop,Stepping
1776272836.2596276,14631.361391246,-1.3866409063339233,-55.647098541259766,89.07061004638672,1.3866409063339233,-55.647098541259766,89.07061004638672,-1.3866409063339233,-55.647090911865234,89.07061004638672,1.3866409063339233,-55.647090911865234,89.07061004638672,Stop,Stepping
1776272836.279595,14631.366747595,-1.3866409063339233,-55.647098541259766,89.07061004638672,1.3866409063339233,-55.647098541259766,89.07061004638672,-1.3866409063339233,-55.647090911865234,89.07061004638672,1.3866409063339233,-55.647090911865234,89.07061004638672,Stop,Stepping
1776272836.2996018,14631.368693282,-1.3866409063339233,-55.647098541259766,89.07061004638672,1.3866409063339233,-55.647098541259766,89.07061004638672,-1.3866409063339233,-55.647090911865234,89.07061004638672,1.3866409063339233,-55.647090911865234,89.07061004638672,Stop,Stepping
1776272836.3196113,14631.369096113,-1.3866409063339233,-55.647098541259766,89.07061004638672,1.3866409063339233,-55.647098541259766,89.07061004638672,-1.3866409063339233,-55.647090911865234,89.07061004638672,1.3866409063339233,-55.647090911865234,89.07061004638672,Stop,Stepping
1776272836.3395898,14631.370920531,-1.3866409063339233,-55.647098541259766,89.07061004638672,1.3866409063339233,-55.647098541259766,89.07061004638672,-1.3866409063339233,-55.647090911865234,89.07061004638672,1.3866409063339233,-55.647090911865234,89.07061004638672,Stop,Stepping
1776272836.3596077,14631.372034875,-1.3866409063339233,-55.647098541259766,89.07061004638672,1.3866409063339233,-55.647098541259766,89.07061004638672,-1.3866409063339233,-55.647090911865234,89.07061004638672,1.3866409063339233,-55.647090911865234,89.07061004638672,Stop,Stepping
1776272836.379622,14631.391267036,-1.3866409063339233,-55.647098541259766,89.07061004638672,1.3866409063339233,-55.647098541259766,89.07061004638672,-1.3866409063339233,-55.647090911865234,89.07061004638672,1.3866409063339233,-55.647090911865234,89.07061004638672,Stop,Stepping
1776272836.3996222,14631.391785388,-1.3866409063339233,-55.647098541259766,89.07061004638672,1.3866409063339233,-55.647098541259766,89.07061004638672,-1.3866409063339233,-55.647090911865234,89.07061004638672,1.3866409063339233,-55.647090911865234,89.07061004638672,Stop,Stepping
1776272836.419678,14631.392196496,-1.3866409063339233,-55.647098541259766,89.07061004638672,1.3866409063339233,-55.647098541259766,89.07061004638672,-1.3866409063339233,-55.647090911865234,89.07061004638672,1.3866409063339233,-55.647090911865234,89.07061004638672,Stop,Stepping
1776272836.4396074,14631.401204289,-1.3866409063339233,-55.647098541259766,89.07061004638672,1.3866409063339233,-55.647098541259766,89.07061004638672,-1.3866409063339233,-55.647090911865234,89.07061004638672,1.3866409063339233,-55.647090911865234,89.07061004638672,Stop,Stepping
1776272836.4596288,14631.419646887,-1.3866409063339233,-55.647098541259766,89.07061004638672,1.3866409063339233,-55.647098541259766,89.07061004638672,-1.3866409063339233,-55.647090911865234,89.07061004638672,1.3866409063339233,-55.647090911865234,89.07061004638672,Stop,Stepping
1776272836.479624,14631.458629596,-1.3866409063339233,-55.647098541259766,89.07061004638672,1.3866409063339233,-55.647098541259766,89.07061004638672,-1.3866409063339233,-55.647090911865234,89.07061004638672,1.3866409063339233,-55.647090911865234,89.07061004638672,Stop,Stepping
1776272836.4996326,14631.458927196,-1.3866409063339233,-55.647098541259766,89.07061004638672,1.3866409063339233,-55.647098541259766,89.07061004638672,-1.3866409063339233,-55.647090911865234,89.07061004638672,1.3866409063339233,-55.647090911865234,89.07061004638672,Stop,Stepping
1776272836.5196102,14631.535795465,-1.3866409063339233,-55.647098541259766,89.07061004638672,1.3866409063339233,-55.647098541259766,89.07061004638672,-1.3866409063339233,-55.647090911865234,89.07061004638672,1.3866409063339233,-55.647090911865234,89.07061004638672,Stop,Stepping
1776272836.539782,14631.542419419,-1.3866409063339233,-55.647098541259766,89.07061004638672,1.3866409063339233,-55.647098541259766,89.07061004638672,-1.3866409063339233,-55.647090911865234,89.07061004638672,1.3866409063339233,-55.647090911865234,89.07061004638672,Stop,Stepping
1776272836.559603,14631.546994002,-1.3866409063339233,-55.647098541259766,89.07061004638672,1.3866409063339233,-55.647098541259766,89.07061004638672,-1.3866409063339233,-55.647090911865234,89.07061004638672,1.3866409063339233,-55.647090911865234,89.07061004638672,Stop,Stepping
1776272836.5796077,14631.547520816,-1.3866409063339233,-55.647098541259766,89.07061004638672,1.3866409063339233,-55.647098541259766,89.07061004638672,-1.3866409063339233,-55.647090911865234,89.07061004638672,1.3866409063339233,-55.647090911865234,89.07061004638672,Stop,Stepping
1776272836.5995893,14631.626728549,-1.3866409063339233,-55.647098541259766,89.07061004638672,1.3866409063339233,-55.647098541259766,89.07061004638672,-1.3866409063339233,-55.647090911865234,89.07061004638672,1.3866409063339233,-55.647090911865234,89.07061004638672,Stop,Stepping
1776272836.6195939,14631.627111545,-1.3866409063339233,-55.647098541259766,89.07061004638672,1.3866409063339233,-55.647098541259766,89.07061004638672,-1.3866409063339233,-55.647090911865234,89.07061004638672,1.3866409063339233,-55.647090911865234,89.07061004638672,Stop,Stepping
1776272836.6395931,14631.627478746,-1.3866409063339233,-55.647098541259766,89.07061004638672,1.3866409063339233,-55.647098541259766,89.07061004638672,-1.3866409063339233,-55.647090911865234,89.07061004638672,1.3866409063339233,-55.647090911865234,89.07061004638672,Stop,Stepping
1776272836.659583,14631.627844868,-1.3866409063339233,-55.647098541259766,89.07061004638672,1.3866409063339233,-55.647098541259766,89.07061004638672,-1.3866409063339233,-55.647090911865234,89.07061004638672,1.3866409063339233,-55.647090911865234,89.07061004638672,Stop,Stepping
1776272836.6795878,14631.637762988,-1.3866409063339233,-55.647098541259766,89.07061004638672,1.3866409063339233,-55.647098541259766,89.07061004638672,-1.3866409063339233,-55.647090911865234,89.07061004638672,1.3866409063339233,-55.647090911865234,89.07061004638672,Stop,Stepping
1776272836.6996043,14631.711501841,-1.3866409063339233,-55.647098541259766,89.07061004638672,1.3866409063339233,-55.647098541259766,89.07061004638672,-1.3866409063339233,-55.647090911865234,89.07061004638672,1.3866409063339233,-55.647090911865234,89.07061004638672,Stop,Stepping
1776272836.7196076,14631.712045728,-1.3866409063339233,-55.647098541259766,89.07061004638672,1.3866409063339233,-55.647098541259766,89.07061004638672,-1.3866409063339233,-55.647090911865234,89.07061004638672,1.3866409063339233,-55.647090911865234,89.07061004638672,Stop,Stepping
1776272836.7396126,14631.712453686,-1.3866409063339233,-55.647098541259766,89.07061004638672,1.3866409063339233,-55.647098541259766,89.07061004638672,-1.3866409063339233,-55.647090911865234,89.07061004638672,1.3866409063339233,-55.647090911865234,89.07061004638672,Stop,Stepping
1776272836.7595983,14631.731934351,-1.3866409063339233,-55.647098541259766,89.07061004638672,1.3866409063339233,-55.647098541259766,89.07061004638672,-1.3866409063339233,-55.647090911865234,89.07061004638672,1.3866409063339233,-55.647090911865234,89.07061004638672,Stop,Stepping
1776272836.77959,14631.753703963,-1.3866409063339233,-55.647098541259766,89.07061004638672,1.3866409063339233,-55.647098541259766,89.07061004638672,-1.3866409063339233,-55.647090911865234,89.07061004638672,1.3866409063339233,-55.647090911865234,89.07061004638672,Stop,Stepping
1776272836.7995975,14631.75766832,-1.3866409063339233,-55.647098541259766,89.07061004638672,1.3866409063339233,-55.647098541259766,89.07061004638672,-1.3866409063339233,-55.647090911865234,89.07061004638672,1.3866409063339233,-55.647090911865234,89.07061004638672,Stop,Stepping
1776272836.819611,14631.778096565,-1.3866409063339233,-55.647098541259766,89.07061004638672,1.3866409063339233,-55.647098541259766,89.07061004638672,-1.3866409063339233,-55.647090911865234,89.07061004638672,1.3866409063339233,-55.647090911865234,89.07061004638672,Stop,Stepping
1776272836.8396044,14631.801767556,-1.3866409063339233,-55.647098541259766,89.07061004638672,1.3866409063339233,-55.647098541259766,89.07061004638672,-1.3866409063339233,-55.647090911865234,89.07061004638672,1.3866409063339233,-55.647090911865234,89.07061004638672,Stop,Stepping
1776272836.8595884,14631.830765475,-1.3866409063339233,-55.647098541259766,89.07061004638672,1.3866409063339233,-55.647098541259766,89.07061004638672,-1.3866409063339233,-55.647090911865234,89.07061004638672,1.3866409063339233,-55.647090911865234,89.07061004638672,Stop,Stepping
1776272836.8794885,14631.838229025,-1.3866409063339233,-55.647098541259766,89.07061004638672,1.3866409063339233,-55.647098541259766,89.07061004638672,-1.3866409063339233,-55.647090911865234,89.07061004638672,1.3866409063339233,-55.647090911865234,89.07061004638672,Stop,Stepping
1776272836.8995948,14631.889498067,-1.3866409063339233,-55.647098541259766,89.07061004638672,1.3866409063339233,-55.647098541259766,89.07061004638672,-1.3866409063339233,-55.647090911865234,89.07061004638672,1.3866409063339233,-55.647090911865234,89.07061004638672,Stop,Stepping
1776272836.9195983,14631.891660164,-1.3866409063339233,-55.647098541259766,89.07061004638672,1.3866409063339233,-55.647098541259766,89.07061004638672,-1.3866409063339233,-55.647090911865234,89.07061004638672,1.3866409063339233,-55.647090911865234,89.07061004638672,Stop,Stepping
1776272836.9395964,14631.898362972,-1.3866409063339233,-55.647098541259766,89.07061004638672,1.3866409063339233,-55.647098541259766,89.07061004638672,-1.3866409063339233,-55.647090911865234,89.07061004638672,1.3866409063339233,-55.647090911865234,89.07061004638672,Stop,Stepping
1776272836.9595993,14631.936286738,-1.3866409063339233,-55.647098541259766,89.07061004638672,1.3866409063339233,-55.647098541259766,89.07061004638672,-1.3866409063339233,-55.647090911865234,89.07061004638672,1.3866409063339233,-55.647090911865234,89.07061004638672,Stop,Stepping
1776272836.979584,14631.940229615,-1.3866409063339233,-55.647098541259766,89.07061004638672,1.3866409063339233,-55.647098541259766,89.07061004638672,-1.3866409063339233,-55.647090911865234,89.07061004638672,1.3866409063339233,-55.647090911865234,89.07061004638672,Stop,Stepping
1776272836.9996626,14631.979803302,-1.3866409063339233,-55.647098541259766,89.07061004638672,1.3866409063339233,-55.647098541259766,89.07061004638672,-1.3866409063339233,-55.647090911865234,89.07061004638672,1.3866409063339233,-55.647090911865234,89.07061004638672,Stop,Stepping
1776272837.01958,14631.981518306,-1.3866409063339233,-55.647098541259766,89.07061004638672,1.3866409063339233,-55.647098541259766,89.07061004638672,-1.3866409063339233,-55.647090911865234,89.07061004638672,1.3866409063339233,-55.647090911865234,89.07061004638672,Stop,Stepping
1776272837.0396438,14632.000781609,-1.3866409063339233,-55.647098541259766,89.07061004638672,1.3866409063339233,-55.647098541259766,89.07061004638672,-1.3866409063339233,-55.647090911865234,89.07061004638672,1.3866409063339233,-55.647090911865234,89.07061004638672,Stop,Stepping
1776272837.0595844,14632.01981963,-1.3866409063339233,-55.647098541259766,89.07061004638672,1.3866409063339233,-55.647098541259766,89.07061004638672,-1.3866409063339233,-55.647090911865234,89.07061004638672,1.3866409063339233,-55.647090911865234,89.07061004638672,Stop,Stepping
1776272837.079635,14632.043914857,-1.3866409063339233,-55.647098541259766,89.07061004638672,1.3866409063339233,-55.647098541259766,89.07061004638672,-1.3866409063339233,-55.647090911865234,89.07061004638672,1.3866409063339233,-55.647090911865234,89.07061004638672,Stop,Stepping
1776272837.099657,14632.060551135,-1.3866409063339233,-55.647098541259766,89.07061004638672,1.3866409063339233,-55.647098541259766,89.07061004638672,-1.3866409063339233,-55.647090911865234,89.07061004638672,1.3866409063339233,-55.647090911865234,89.07061004638672,Stop,Stepping
1776272837.1195886,14632.113739238,-1.3866409063339233,-55.647098541259766,89.07061004638672,1.3866409063339233,-55.647098541259766,89.07061004638672,-1.3866409063339233,-55.647090911865234,89.07061004638672,1.3866409063339233,-55.647090911865234,89.07061004638672,Stop,Stepping
1776272837.139603,14632.114118451,-1.3866409063339233,-55.647098541259766,89.07061004638672,1.3866409063339233,-55.647098541259766,89.07061004638672,-1.3866409063339233,-55.647090911865234,89.07061004638672,1.3866409063339233,-55.647090911865234,89.07061004638672,Stop,Stepping
1776272837.1595864,14632.118836387,-1.3866409063339233,-55.647098541259766,89.07061004638672,1.3866409063339233,-55.647098541259766,89.07061004638672,-1.3866409063339233,-55.647090911865234,89.07061004638672,1.3866409063339233,-55.647090911865234,89.07061004638672,Stop,Stepping
1776272837.1796446,14632.145369881,-1.3866409063339233,-55.647098541259766,89.07061004638672,1.3866409063339233,-55.647098541259766,89.07061004638672,-1.3866409063339233,-55.647090911865234,89.07061004638672,1.3866409063339233,-55.647090911865234,89.07061004638672,Stop,Stepping
1776272837.1995852,14632.158392619,-1.3866409063339233,-55.647098541259766,89.07061004638672,1.3866409063339233,-55.647098541259766,89.07061004638672,-1.3866409063339233,-55.647090911865234,89.07061004638672,1.3866409063339233,-55.647090911865234,89.07061004638672,Stop,Stepping
1776272837.2196372,14632.178952829,-1.3866409063339233,-55.647098541259766,89.07061004638672,1.3866409063339233,-55.647098541259766,89.07061004638672,-1.3866409063339233,-55.647090911865234,89.07061004638672,1.3866409063339233,-55.647090911865234,89.07061004638672,Stop,Stepping
1776272837.239641,14632.199578687,-1.3866409063339233,-55.647098541259766,89.07061004638672,1.3866409063339233,-55.647098541259766,89.07061004638672,-1.3866409063339233,-55.647090911865234,89.07061004638672,1.3866409063339233,-55.647090911865234,89.07061004638672,Stop,Stepping
1776272837.2596114,14632.219047814,-1.3866409063339233,-55.647098541259766,89.07061004638672,1.3866409063339233,-55.647098541259766,89.07061004638672,-1.3866409063339233,-55.647090911865234,89.07061004638672,1.3866409063339233,-55.647090911865234,89.07061004638672,Stop,Stepping
1776272837.2796402,14632.24125928,-1.3866409063339233,-55.647098541259766,89.07061004638672,1.3866409063339233,-55.647098541259766,89.07061004638672,-1.3866409063339233,-55.647090911865234,89.07061004638672,1.3866409063339233,-55.647090911865234,89.07061004638672,Stop,Stepping
1776272837.2996264,14632.258231621,-1.3866409063339233,-55.647098541259766,89.07061004638672,1.3866409063339233,-55.647098541259766,89.07061004638672,-1.3866409063339233,-55.647090911865234,89.07061004638672,1.3866409063339233,-55.647090911865234,89.07061004638672,Stop,Stepping
1776272837.3196244,14632.283086188,-1.3866409063339233,-55.647098541259766,89.07061004638672,1.3866409063339233,-55.647098541259766,89.07061004638672,-1.3866409063339233,-55.647090911865234,89.07061004638672,1.3866409063339233,-55.647090911865234,89.07061004638672,Stop,Stepping
1776272837.3396294,14632.314369292,-1.3866409063339233,-55.647098541259766,89.07061004638672,1.3866409063339233,-55.647098541259766,89.07061004638672,-1.3866409063339233,-55.647090911865234,89.07061004638672,1.3866409063339233,-55.647090911865234,89.07061004638672,Stop,Stepping
1776272837.3596246,14632.318962595,-1.3866409063339233,-55.647098541259766,89.07061004638672,1.3866409063339233,-55.647098541259766,89.07061004638672,-1.3866409063339233,-55.647090911865234,89.07061004638672,1.3866409063339233,-55.647090911865234,89.07061004638672,Stop,Stepping
1776272837.3796182,14632.341937514,-1.3866409063339233,-55.647098541259766,89.07061004638672,1.3866409063339233,-55.647098541259766,89.07061004638672,-1.3866409063339233,-55.647090911865234,89.07061004638672,1.3866409063339233,-55.647090911865234,89.07061004638672,Stop,Stepping
1776272837.399583,14632.357716169,-1.3866409063339233,-55.647098541259766,89.07061004638672,1.3866409063339233,-55.647098541259766,89.07061004638672,-1.3866409063339233,-55.647090911865234,89.07061004638672,1.3866409063339233,-55.647090911865234,89.07061004638672,Stop,Stepping
1776272837.4195814,14632.380056868,-1.3866409063339233,-55.647098541259766,89.07061004638672,1.3866409063339233,-55.647098541259766,89.07061004638672,-1.3866409063339233,-55.647090911865234,89.07061004638672,1.3866409063339233,-55.647090911865234,89.07061004638672,Stop,Stepping
1776272837.439584,14632.416780833,-1.3866409063339233,-55.647098541259766,89.07061004638672,1.3866409063339233,-55.647098541259766,89.07061004638672,-1.3866409063339233,-55.647090911865234,89.07061004638672,1.3866409063339233,-55.647090911865234,89.07061004638672,Stop,Stepping
1776272837.4595852,14632.418849733,-1.3866409063339233,-55.647098541259766,89.07061004638672,1.3866409063339233,-55.647098541259766,89.07061004638672,-1.3866409063339233,-55.647090911865234,89.07061004638672,1.3866409063339233,-55.647090911865234,89.07061004638672,Stop,Stepping
1776272837.4795735,14632.437896624,-1.3866409063339233,-55.647098541259766,89.07061004638672,1.3866409063339233,-55.647098541259766,89.07061004638672,-1.3866409063339233,-55.647090911865234,89.07061004638672,1.3866409063339233,-55.647090911865234,89.07061004638672,Stop,Stepping
1776272837.4995997,14632.457842511,-1.3866409063339233,-55.647098541259766,89.07061004638672,1.3866409063339233,-55.647098541259766,89.07061004638672,-1.3866409063339233,-55.647090911865234,89.07061004638672,1.3866409063339233,-55.647090911865234,89.07061004638672,Stop,Stepping
1776272837.5195673,14632.492566498,-1.3866409063339233,-55.647098541259766,89.07061004638672,1.3866409063339233,-55.647098541259766,89.07061004638672,-1.3866409063339233,-55.647090911865234,89.07061004638672,1.3866409063339233,-55.647090911865234,89.07061004638672,Stop,Stepping
1776272837.539558,14632.515147145,-1.3866409063339233,-55.647098541259766,89.07061004638672,1.3866409063339233,-55.647098541259766,89.07061004638672,-1.3866409063339233,-55.647090911865234,89.07061004638672,1.3866409063339233,-55.647090911865234,89.07061004638672,Stop,Stepping
1776272837.5595517,14632.522533398,-1.3866409063339233,-55.647098541259766,89.07061004638672,1.3866409063339233,-55.647098541259766,89.07061004638672,-1.3866409063339233,-55.647090911865234,89.07061004638672,1.3866409063339233,-55.647090911865234,89.07061004638672,Stop,Stepping
1776272837.5795794,14632.539662263,-1.3866409063339233,-55.647098541259766,89.07061004638672,1.3866409063339233,-55.647098541259766,89.07061004638672,-1.3866409063339233,-55.647090911865234,89.07061004638672,1.3866409063339233,-55.647090911865234,89.07061004638672,Stop,Stepping
1776272837.5995944,14632.558416156,-1.3866409063339233,-55.647098541259766,89.07061004638672,1.3866409063339233,-55.647098541259766,89.07061004638672,-1.3866409063339233,-55.647090911865234,89.07061004638672,1.3866409063339233,-55.647090911865234,89.07061004638672,Stop,Stepping
1776272837.619572,14632.595850752,-1.3866409063339233,-55.647098541259766,89.07061004638672,1.3866409063339233,-55.647098541259766,89.07061004638672,-1.3866409063339233,-55.647090911865234,89.07061004638672,1.3866409063339233,-55.647090911865234,89.07061004638672,Stop,Stepping
1776272837.6395922,14632.599436899,-1.3866409063339233,-55.647098541259766,89.07061004638672,1.3866409063339233,-55.647098541259766,89.07061004638672,-1.3866409063339233,-55.647090911865234,89.07061004638672,1.3866409063339233,-55.647090911865234,89.07061004638672,Stop,Stepping
1776272837.659591,14632.618706829,-1.3866409063339233,-55.647098541259766,89.07061004638672,1.3866409063339233,-55.647098541259766,89.07061004638672,-1.3866409063339233,-55.647090911865234,89.07061004638672,1.3866409063339233,-55.647090911865234,89.07061004638672,Stop,Stepping
1776272837.6796448,14632.641289148,-1.3866409063339233,-55.647098541259766,89.07061004638672,1.3866409063339233,-55.647098541259766,89.07061004638672,-1.3866409063339233,-55.647090911865234,89.07061004638672,1.3866409063339233,-55.647090911865234,89.07061004638672,Stop,Stepping
1776272837.699586,14632.659994206,-1.3866409063339233,-55.647098541259766,89.07061004638672,1.3866409063339233,-55.647098541259766,89.07061004638672,-1.3866409063339233,-55.647090911865234,89.07061004638672,1.3866409063339233,-55.647090911865234,89.07061004638672,Stop,Stepping
1776272837.719623,14632.679418909,-1.3866409063339233,-55.647098541259766,89.07061004638672,1.3866409063339233,-55.647098541259766,89.07061004638672,-1.3866409063339233,-55.647090911865234,89.07061004638672,1.3866409063339233,-55.647090911865234,89.07061004638672,Stop,Stepping
1776272837.7395515,14632.71019059,-1.3866409063339233,-55.647098541259766,89.07061004638672,1.3866409063339233,-55.647098541259766,89.07061004638672,-1.3866409063339233,-55.647090911865234,89.07061004638672,1.3866409063339233,-55.647090911865234,89.07061004638672,Stop,Stepping
1776272837.7596197,14632.728094382,-1.3866409063339233,-55.647098541259766,89.07061004638672,1.3866409063339233,-55.647098541259766,89.07061004638672,-1.3866409063339233,-55.647090911865234,89.07061004638672,1.3866409063339233,-55.647090911865234,89.07061004638672,Stop,Stepping
1776272837.7796228,14632.751836423,-1.3866409063339233,-55.647098541259766,89.07061004638672,1.3866409063339233,-55.647098541259766,89.07061004638672,-1.3866409063339233,-55.647090911865234,89.07061004638672,1.3866409063339233,-55.647090911865234,89.07061004638672,Stop,Stepping
1776272837.7995825,14632.758791768,-1.3866409063339233,-55.647098541259766,89.07061004638672,1.3866409063339233,-55.647098541259766,89.07061004638672,-1.3866409063339233,-55.647090911865234,89.07061004638672,1.3866409063339233,-55.647090911865234,89.07061004638672,Stop,Stepping
1776272837.819564,14632.779835778,-1.3866409063339233,-55.647098541259766,89.07061004638672,1.3866409063339233,-55.647098541259766,89.07061004638672,-1.3866409063339233,-55.647090911865234,89.07061004638672,1.3866409063339233,-55.647090911865234,89.07061004638672,Stop,Stepping
1776272837.8395765,14632.798887735,-1.3866409063339233,-55.647098541259766,89.07061004638672,1.3866409063339233,-55.647098541259766,89.07061004638672,-1.3866409063339233,-55.647090911865234,89.07061004638672,1.3866409063339233,-55.647090911865234,89.07061004638672,Stop,Stepping
1776272837.8595545,14632.823932757,-1.3866409063339233,-55.647098541259766,89.07061004638672,1.3866409063339233,-55.647098541259766,89.07061004638672,-1.3866409063339233,-55.647090911865234,89.07061004638672,1.3866409063339233,-55.647090911865234,89.07061004638672,Stop,Stepping
1776272837.8796275,14632.839984105,-1.3866409063339233,-55.647098541259766,89.07061004638672,1.3866409063339233,-55.647098541259766,89.07061004638672,-1.3866409063339233,-55.647090911865234,89.07061004638672,1.3866409063339233,-55.647090911865234,89.07061004638672,Stop,Stepping
1776272837.8995576,14632.86154901,-1.3866409063339233,-55.647098541259766,89.07061004638672,1.3866409063339233,-55.647098541259766,89.07061004638672,-1.3866409063339233,-55.647090911865234,89.07061004638672,1.3866409063339233,-55.647090911865234,89.07061004638672,Stop,Stepping
1776272837.9196234,14632.878211782,-1.3866409063339233,-55.647098541259766,89.07061004638672,1.3866409063339233,-55.647098541259766,89.07061004638672,-1.3866409063339233,-55.647090911865234,89.07061004638672,1.3866409063339233,-55.647090911865234,89.07061004638672,Stop,Stepping
1776272837.939592,14632.899696902,-1.3866409063339233,-55.647098541259766,89.07061004638672,1.3866409063339233,-55.647098541259766,89.07061004638672,-1.3866409063339233,-55.647090911865234,89.07061004638672,1.3866409063339233,-55.647090911865234,89.07061004638672,Stop,Stepping
1776272837.959577,14632.931169395,-1.3866409063339233,-55.647098541259766,89.07061004638672,1.3866409063339233,-55.647098541259766,89.07061004638672,-1.3866409063339233,-55.647090911865234,89.07061004638672,1.3866409063339233,-55.647090911865234,89.07061004638672,Stop,Stepping
1776272837.9795763,14632.938879186,-1.3866409063339233,-55.647098541259766,89.07061004638672,1.3866409063339233,-55.647098541259766,89.07061004638672,-1.3866409063339233,-55.647090911865234,89.07061004638672,1.3866409063339233,-55.647090911865234,89.07061004638672,Stop,Stepping
1776272837.9995687,14632.959505281,-1.3866409063339233,-55.647098541259766,89.07061004638672,1.3866409063339233,-55.647098541259766,89.07061004638672,-1.3866409063339233,-55.647090911865234,89.07061004638672,1.3866409063339233,-55.647090911865234,89.07061004638672,Stop,Stepping
1776272838.0195587,14632.978372789,-1.3866409063339233,-55.647098541259766,89.07061004638672,1.3866409063339233,-55.647098541259766,89.07061004638672,-1.3866409063339233,-55.647090911865234,89.07061004638672,1.3866409063339233,-55.647090911865234,89.07061004638672,Stop,Stepping
1776272838.0395644,14632.99890446,-1.3866409063339233,-55.647098541259766,89.07061004638672,1.3866409063339233,-55.647098541259766,89.07061004638672,-1.3866409063339233,-55.647090911865234,89.07061004638672,1.3866409063339233,-55.647090911865234,89.07061004638672,Stop,Stepping
1776272838.059554,14633.01897152,-1.3866409063339233,-55.647098541259766,89.07061004638672,1.3866409063339233,-55.647098541259766,89.07061004638672,-1.3866409063339233,-55.647090911865234,89.07061004638672,1.3866409063339233,-55.647090911865234,89.07061004638672,Stop,Stepping
1776272838.0796003,14633.039584346,-1.3866409063339233,-55.647098541259766,89.07061004638672,1.3866409063339233,-55.647098541259766,89.07061004638672,-1.3866409063339233,-55.647090911865234,89.07061004638672,1.3866409063339233,-55.647090911865234,89.07061004638672,Stop,Stepping
1776272838.099546,14633.058853638,-1.3866409063339233,-55.647098541259766,89.07061004638672,1.3866409063339233,-55.647098541259766,89.07061004638672,-1.3866409063339233,-55.647090911865234,89.07061004638672,1.3866409063339233,-55.647090911865234,89.07061004638672,Stop,Stepping
1776272838.1195571,14633.08238376,-1.3866409063339233,-55.647098541259766,89.07061004638672,1.3866409063339233,-55.647098541259766,89.07061004638672,-1.3866409063339233,-55.647090911865234,89.07061004638672,1.3866409063339233,-55.647090911865234,89.07061004638672,Stop,Stepping
1776272838.139545,14633.098869809,-1.3866409063339233,-55.647098541259766,89.07061004638672,1.3866409063339233,-55.647098541259766,89.07061004638672,-1.3866409063339233,-55.647090911865234,89.07061004638672,1.3866409063339233,-55.647090911865234,89.07061004638672,Stop,Stepping
1776272838.159611,14633.139505528,-1.3866409063339233,-55.647098541259766,89.07061004638672,1.3866409063339233,-55.647098541259766,89.07061004638672,-1.3866409063339233,-55.647090911865234,89.07061004638672,1.3866409063339233,-55.647090911865234,89.07061004638672,Stop,Stepping
1776272838.1795473,14633.140960212,-1.3866409063339233,-55.647098541259766,89.07061004638672,1.3866409063339233,-55.647098541259766,89.07061004638672,-1.3866409063339233,-55.647090911865234,89.07061004638672,1.3866409063339233,-55.647090911865234,89.07061004638672,Stop,Stepping
1776272838.1995416,14633.158279722,-1.3866409063339233,-55.647098541259766,89.07061004638672,1.3866409063339233,-55.647098541259766,89.07061004638672,-1.3866409063339233,-55.647090911865234,89.07061004638672,1.3866409063339233,-55.647090911865234,89.07061004638672,Stop,Stepping
1776272838.2195723,14633.177974044,-1.3866409063339233,-55.647098541259766,89.07061004638672,1.3866409063339233,-55.647098541259766,89.07061004638672,-1.3866409063339233,-55.647090911865234,89.07061004638672,1.3866409063339233,-55.647090911865234,89.07061004638672,Stop,Stepping
1776272838.2395523,14633.199170152,-1.3866409063339233,-55.647098541259766,89.07061004638672,1.3866409063339233,-55.647098541259766,89.07061004638672,-1.3866409063339233,-55.647090911865234,89.07061004638672,1.3866409063339233,-55.647090911865234,89.07061004638672,Stop,Stepping
1776272838.2595484,14633.218849289,-1.3866409063339233,-55.647098541259766,89.07061004638672,1.3866409063339233,-55.647098541259766,89.07061004638672,-1.3866409063339233,-55.647090911865234,89.07061004638672,1.3866409063339233,-55.647090911865234,89.07061004638672,Stop,Stepping
1776272838.279548,14633.246075777,-1.3866409063339233,-55.647098541259766,89.07061004638672,1.3866409063339233,-55.647098541259766,89.07061004638672,-1.3866409063339233,-55.647090911865234,89.07061004638672,1.3866409063339233,-55.647090911865234,89.07061004638672,Stop,Stepping
1776272838.2995496,14633.260846505,-1.3866409063339233,-55.647098541259766,89.07061004638672,1.3866409063339233,-55.647098541259766,89.07061004638672,-1.3866409063339233,-55.647090911865234,89.07061004638672,1.3866409063339233,-55.647090911865234,89.07061004638672,Stop,Stepping
1776272838.319541,14633.278902793,-1.3866409063339233,-55.647098541259766,89.07061004638672,1.3866409063339233,-55.647098541259766,89.07061004638672,-1.3866409063339233,-55.647090911865234,89.07061004638672,1.3866409063339233,-55.647090911865234,89.07061004638672,Stop,Stepping
1776272838.339542,14633.30047663,-1.3866409063339233,-55.647098541259766,89.07061004638672,1.3866409063339233,-55.647098541259766,89.07061004638672,-1.3866409063339233,-55.647090911865234,89.07061004638672,1.3866409063339233,-55.647090911865234,89.07061004638672,Stop,Stepping
1776272838.3595545,14633.319950378,-1.3866409063339233,-55.647098541259766,89.07061004638672,1.3866409063339233,-55.647098541259766,89.07061004638672,-1.3866409063339233,-55.647090911865234,89.07061004638672,1.3866409063339233,-55.647090911865234,89.07061004638672,Stop,Stepping
1776272838.3795407,14633.349197652,-1.3866409063339233,-55.647098541259766,89.07061004638672,1.3866409063339233,-55.647098541259766,89.07061004638672,-1.3866409063339233,-55.647090911865234,89.07061004638672,1.3866409063339233,-55.647090911865234,89.07061004638672,Stop,Stepping
1776272838.3995678,14633.369453201,-1.3866409063339233,-55.647098541259766,89.07061004638672,1.3866409063339233,-55.647098541259766,89.07061004638672,-1.3866409063339233,-55.647090911865234,89.07061004638672,1.3866409063339233,-55.647090911865234,89.07061004638672,Stop,Stepping
1776272838.419567,14633.382151735,-1.3866409063339233,-55.647098541259766,89.07061004638672,1.3866409063339233,-55.647098541259766,89.07061004638672,-1.3866409063339233,-55.647090911865234,89.07061004638672,1.3866409063339233,-55.647090911865234,89.07061004638672,Stop,Stepping
1776272838.4395833,14633.397631639,-1.3866409063339233,-55.647098541259766,89.07061004638672,1.3866409063339233,-55.647098541259766,89.07061004638672,-1.3866409063339233,-55.647090911865234,89.07061004638672,1.3866409063339233,-55.647090911865234,89.07061004638672,Stop,Stepping
1776272838.459655,14633.427453422,-1.3866409063339233,-55.647098541259766,89.07061004638672,1.3866409063339233,-55.647098541259766,89.07061004638672,-1.3866409063339233,-55.647090911865234,89.07061004638672,1.3866409063339233,-55.647090911865234,89.07061004638672,Stop,Stepping
1776272838.4795816,14633.438624511,-1.3866409063339233,-55.647098541259766,89.07061004638672,1.3866409063339233,-55.647098541259766,89.07061004638672,-1.3866409063339233,-55.647090911865234,89.07061004638672,1.3866409063339233,-55.647090911865234,89.07061004638672,Stop,Stepping
1776272838.4995542,14633.480129277,-1.3866409063339233,-55.647098541259766,89.07061004638672,1.3866409063339233,-55.647098541259766,89.07061004638672,-1.3866409063339233,-55.647090911865234,89.07061004638672,1.3866409063339233,-55.647090911865234,89.07061004638672,Stop,Stepping
1776272838.5197375,14633.488082343,-1.3866409063339233,-55.647098541259766,89.07061004638672,1.3866409063339233,-55.647098541259766,89.07061004638672,-1.3866409063339233,-55.647090911865234,89.07061004638672,1.3866409063339233,-55.647090911865234,89.07061004638672,Stop,Stepping
1776272838.539559,14633.498381186,-1.3866409063339233,-55.647098541259766,89.07061004638672,1.3866409063339233,-55.647098541259766,89.07061004638672,-1.3866409063339233,-55.647090911865234,89.07061004638672,1.3866409063339233,-55.647090911865234,89.07061004638672,Stop,Stepping
1776272838.559569,14633.51787159,-1.3866409063339233,-55.647098541259766,89.07061004638672,1.3866409063339233,-55.647098541259766,89.07061004638672,-1.3866409063339233,-55.647090911865234,89.07061004638672,1.3866409063339233,-55.647090911865234,89.07061004638672,Stop,Stepping
1776272838.579521,14633.538069258,-1.3866409063339233,-55.647098541259766,89.07061004638672,1.3866409063339233,-55.647098541259766,89.07061004638672,-1.3866409063339233,-55.647090911865234,89.07061004638672,1.3866409063339233,-55.647090911865234,89.07061004638672,Stop,Stepping
1776272838.5994947,14633.558824131,-1.3866409063339233,-55.647098541259766,89.07061004638672,1.3866409063339233,-55.647098541259766,89.07061004638672,-1.3866409063339233,-55.647090911865234,89.07061004638672,1.3866409063339233,-55.647090911865234,89.07061004638672,Stop,Stepping
1776272838.6195061,14633.57969765,-1.3866409063339233,-55.647098541259766,89.07061004638672,1.3866409063339233,-55.647098541259766,89.07061004638672,-1.3866409063339233,-55.647090911865234,89.07061004638672,1.3866409063339233,-55.647090911865234,89.07061004638672,Stop,Stepping
1776272838.6394882,14633.598291202,-1.3866409063339233,-55.647098541259766,89.07061004638672,1.3866409063339233,-55.647098541259766,89.07061004638672,-1.3866409063339233,-55.647090911865234,89.07061004638672,1.3866409063339233,-55.647090911865234,89.07061004638672,Stop,Stepping
1776272838.6597009,14633.622490087,-1.3866409063339233,-55.647098541259766,89.07061004638672,1.3866409063339233,-55.647098541259766,89.07061004638672,-1.3866409063339233,-55.647090911865234,89.07061004638672,1.3866409063339233,-55.647090911865234,89.07061004638672,Stop,Stepping
1776272838.679529,14633.643038544,-1.3866409063339233,-55.647098541259766,89.07061004638672,1.3866409063339233,-55.647098541259766,89.07061004638672,-1.3866409063339233,-55.647090911865234,89.07061004638672,1.3866409063339233,-55.647090911865234,89.07061004638672,Stop,Stepping
1776272838.6995265,14633.674252355,-1.3866409063339233,-55.647098541259766,89.07061004638672,1.3866409063339233,-55.647098541259766,89.07061004638672,-1.3866409063339233,-55.647090911865234,89.07061004638672,1.3866409063339233,-55.647090911865234,89.07061004638672,Stop,Stepping
1776272838.7195554,14633.682413617,-1.3866409063339233,-55.647098541259766,89.07061004638672,1.3866409063339233,-55.647098541259766,89.07061004638672,-1.3866409063339233,-55.647090911865234,89.07061004638672,1.3866409063339233,-55.647090911865234,89.07061004638672,Stop,Stepping
1776272838.7395544,14633.697848182,-1.3866409063339233,-55.647098541259766,89.07061004638672,1.3866409063339233,-55.647098541259766,89.07061004638672,-1.3866409063339233,-55.647090911865234,89.07061004638672,1.3866409063339233,-55.647090911865234,89.07061004638672,Stop,Stepping
1776272838.7595673,14633.72291235,-1.3866409063339233,-55.647098541259766,89.07061004638672,1.3866409063339233,-55.647098541259766,89.07061004638672,-1.3866409063339233,-55.647090911865234,89.07061004638672,1.3866409063339233,-55.647090911865234,89.07061004638672,Stop,Stepping
1776272838.7798228,14633.744891027,-1.3866409063339233,-55.647098541259766,89.07061004638672,1.3866409063339233,-55.647098541259766,89.07061004638672,-1.3866409063339233,-55.647090911865234,89.07061004638672,1.3866409063339233,-55.647090911865234,89.07061004638672,Stop,Stepping
1776272838.799591,14633.764394501,-1.3866409063339233,-55.647098541259766,89.07061004638672,1.3866409063339233,-55.647098541259766,89.07061004638672,-1.3866409063339233,-55.647090911865234,89.07061004638672,1.3866409063339233,-55.647090911865234,89.07061004638672,Stop,Stepping
1776272838.819585,14633.780439652,-1.3866409063339233,-55.647098541259766,89.07061004638672,1.3866409063339233,-55.647098541259766,89.07061004638672,-1.3866409063339233,-55.647090911865234,89.07061004638672,1.3866409063339233,-55.647090911865234,89.07061004638672,Stop,Stepping
1776272838.8395326,14633.798270484,-1.3866409063339233,-55.647098541259766,89.07061004638672,1.3866409063339233,-55.647098541259766,89.07061004638672,-1.3866409063339233,-55.647090911865234,89.07061004638672,1.3866409063339233,-55.647090911865234,89.07061004638672,Stop,Stepping
1776272838.85953,14633.818017587,-1.3866409063339233,-55.647098541259766,89.07061004638672,1.3866409063339233,-55.647098541259766,89.07061004638672,-1.3866409063339233,-55.647090911865234,89.07061004638672,1.3866409063339233,-55.647090911865234,89.07061004638672,Stop,Stepping
1776272838.8795319,14633.8376176,-1.3866409063339233,-55.647098541259766,89.07061004638672,1.3866409063339233,-55.647098541259766,89.07061004638672,-1.3866409063339233,-55.647090911865234,89.07061004638672,1.3866409063339233,-55.647090911865234,89.07061004638672,Stop,Stepping
1776272838.899523,14633.862118335,-1.3866409063339233,-55.647098541259766,89.07061004638672,1.3866409063339233,-55.647098541259766,89.07061004638672,-1.3866409063339233,-55.647090911865234,89.07061004638672,1.3866409063339233,-55.647090911865234,89.07061004638672,Stop,Stepping
1776272838.9195793,14633.87948088,-1.3866409063339233,-55.647098541259766,89.07061004638672,1.3866409063339233,-55.647098541259766,89.07061004638672,-1.3866409063339233,-55.647090911865234,89.07061004638672,1.3866409063339233,-55.647090911865234,89.07061004638672,Stop,Stepping
1776272838.9395225,14633.899390136,-1.3866409063339233,-55.647098541259766,89.07061004638672,1.3866409063339233,-55.647098541259766,89.07061004638672,-1.3866409063339233,-55.647090911865234,89.07061004638672,1.3866409063339233,-55.647090911865234,89.07061004638672,Stop,Stepping
1776272838.9595323,14633.918465576,-1.3866409063339233,-55.647098541259766,89.07061004638672,1.3866409063339233,-55.647098541259766,89.07061004638672,-1.3866409063339233,-55.647090911865234,89.07061004638672,1.3866409063339233,-55.647090911865234,89.07061004638672,Stop,Stepping
1776272838.979517,14633.942241009,-1.3866409063339233,-55.647098541259766,89.07061004638672,1.3866409063339233,-55.647098541259766,89.07061004638672,-1.3866409063339233,-55.647090911865234,89.07061004638672,1.3866409063339233,-55.647090911865234,89.07061004638672,Stop,Stepping
1776272838.9995387,14633.958622798,-1.3866409063339233,-55.647098541259766,89.07061004638672,1.3866409063339233,-55.647098541259766,89.07061004638672,-1.3866409063339233,-55.647090911865234,89.07061004638672,1.3866409063339233,-55.647090911865234,89.07061004638672,Stop,Stepping
1776272839.019535,14633.980931504,-1.3866409063339233,-55.647098541259766,89.07061004638672,1.3866409063339233,-55.647098541259766,89.07061004638672,-1.3866409063339233,-55.647090911865234,89.07061004638672,1.3866409063339233,-55.647090911865234,89.07061004638672,Stop,Stepping
1776272839.0395205,14634.002655413,-1.3866409063339233,-55.647098541259766,89.07061004638672,1.3866409063339233,-55.647098541259766,89.07061004638672,-1.3866409063339233,-55.647090911865234,89.07061004638672,1.3866409063339233,-55.647090911865234,89.07061004638672,Stop,Stepping
1776272839.0595808,14634.017847436,-1.3866409063339233,-55.647098541259766,89.07061004638672,1.3866409063339233,-55.647098541259766,89.07061004638672,-1.3866409063339233,-55.647090911865234,89.07061004638672,1.3866409063339233,-55.647090911865234,89.07061004638672,Stop,Stepping
1776272839.0795555,14634.037657264,-1.3866409063339233,-55.647098541259766,89.07061004638672,1.3866409063339233,-55.647098541259766,89.07061004638672,-1.3866409063339233,-55.647090911865234,89.07061004638672,1.3866409063339233,-55.647090911865234,89.07061004638672,Stop,Stepping
1776272839.0995178,14634.057934205,-1.3866409063339233,-55.647098541259766,89.07061004638672,1.3866409063339233,-55.647098541259766,89.07061004638672,-1.3866409063339233,-55.647090911865234,89.07061004638672,1.3866409063339233,-55.647090911865234,89.07061004638672,Stop,Stepping
1776272839.1196196,14634.079025134,-1.3866409063339233,-55.647098541259766,89.07061004638672,1.3866409063339233,-55.647098541259766,89.07061004638672,-1.3866409063339233,-55.647090911865234,89.07061004638672,1.3866409063339233,-55.647090911865234,89.07061004638672,Stop,Stepping
1776272839.139543,14634.098603979,-1.3866409063339233,-55.647098541259766,89.07061004638672,1.3866409063339233,-55.647098541259766,89.07061004638672,-1.3866409063339233,-55.647090911865234,89.07061004638672,1.3866409063339233,-55.647090911865234,89.07061004638672,Stop,Stepping
1776272839.1595302,14634.117688921,-1.3866409063339233,-55.647098541259766,89.07061004638672,1.3866409063339233,-55.647098541259766,89.07061004638672,-1.3866409063339233,-55.647090911865234,89.07061004638672,1.3866409063339233,-55.647090911865234,89.07061004638672,Stop,Stepping
1776272839.1795871,14634.138068141,-1.3866409063339233,-55.647098541259766,89.07061004638672,1.3866409063339233,-55.647098541259766,89.07061004638672,-1.3866409063339233,-55.647090911865234,89.07061004638672,1.3866409063339233,-55.647090911865234,89.07061004638672,Stop,Stepping
1776272839.1995494,14634.15804193,-1.3866409063339233,-55.647098541259766,89.07061004638672,1.3866409063339233,-55.647098541259766,89.07061004638672,-1.3866409063339233,-55.647090911865234,89.07061004638672,1.3866409063339233,-55.647090911865234,89.07061004638672,Stop,Stepping
1776272839.2195644,14634.178201368,-1.3866409063339233,-55.647098541259766,89.07061004638672,1.3866409063339233,-55.647098541259766,89.07061004638672,-1.3866409063339233,-55.647090911865234,89.07061004638672,1.3866409063339233,-55.647090911865234,89.07061004638672,Stop,Stepping
1776272839.2395399,14634.201674796,-1.3866409063339233,-55.647098541259766,89.07061004638672,1.3866409063339233,-55.647098541259766,89.07061004638672,-1.3866409063339233,-55.647090911865234,89.07061004638672,1.3866409063339233,-55.647090911865234,89.07061004638672,Stop,Stepping
1776272839.259511,14634.220215331,-1.3866409063339233,-55.647098541259766,89.07061004638672,1.3866409063339233,-55.647098541259766,89.07061004638672,-1.3866409063339233,-55.647090911865234,89.07061004638672,1.3866409063339233,-55.647090911865234,89.07061004638672,Stop,Stepping
1776272839.279523,14634.239617235,-1.3866409063339233,-55.647098541259766,89.07061004638672,1.3866409063339233,-55.647098541259766,89.07061004638672,-1.3866409063339233,-55.647090911865234,89.07061004638672,1.3866409063339233,-55.647090911865234,89.07061004638672,Stop,Stepping
1776272839.2995243,14634.258424521,-1.3866409063339233,-55.647098541259766,89.07061004638672,1.3866409063339233,-55.647098541259766,89.07061004638672,-1.3866409063339233,-55.647090911865234,89.07061004638672,1.3866409063339233,-55.647090911865234,89.07061004638672,Stop,Stepping
1776272839.3195388,14634.280867181,-1.3866409063339233,-55.647098541259766,89.07061004638672,1.3866409063339233,-55.647098541259766,89.07061004638672,-1.3866409063339233,-55.647090911865234,89.07061004638672,1.3866409063339233,-55.647090911865234,89.07061004638672,Stop,Stepping
1776272839.3395243,14634.298610405,-1.3866409063339233,-55.647098541259766,89.07061004638672,1.3866409063339233,-55.647098541259766,89.07061004638672,-1.3866409063339233,-55.647090911865234,89.07061004638672,1.3866409063339233,-55.647090911865234,89.07061004638672,Stop,Stepping
1776272839.359528,14634.318815028,-1.3866409063339233,-55.647098541259766,89.07061004638672,1.3866409063339233,-55.647098541259766,89.07061004638672,-1.3866409063339233,-55.647090911865234,89.07061004638672,1.3866409063339233,-55.647090911865234,89.07061004638672,Stop,Stepping
1776272839.3795269,14634.341364513,-1.3866409063339233,-55.647098541259766,89.07061004638672,1.3866409063339233,-55.647098541259766,89.07061004638672,-1.3866409063339233,-55.647090911865234,89.07061004638672,1.3866409063339233,-55.647090911865234,89.07061004638672,Stop,Stepping
1776272839.3995261,14634.358905944,-1.3866409063339233,-55.647098541259766,89.07061004638672,1.3866409063339233,-55.647098541259766,89.07061004638672,-1.3866409063339233,-55.647090911865234,89.07061004638672,1.3866409063339233,-55.647090911865234,89.07061004638672,Stop,Stepping
1776272839.4195125,14634.378567821,-1.3866409063339233,-55.647098541259766,89.07061004638672,1.3866409063339233,-55.647098541259766,89.07061004638672,-1.3866409063339233,-55.647090911865234,89.07061004638672,1.3866409063339233,-55.647090911865234,89.07061004638672,Stop,Stepping
1776272839.4395273,14634.40829607,-1.3866409063339233,-55.647098541259766,89.07061004638672,1.3866409063339233,-55.647098541259766,89.07061004638672,-1.3866409063339233,-55.647090911865234,89.07061004638672,1.3866409063339233,-55.647090911865234,89.07061004638672,Stop,Stepping
1776272839.4595196,14634.41807163,-1.3866409063339233,-55.647098541259766,89.07061004638672,1.3866409063339233,-55.647098541259766,89.07061004638672,-1.3866409063339233,-55.647090911865234,89.07061004638672,1.3866409063339233,-55.647090911865234,89.07061004638672,Stop,Stepping
1776272839.4795198,14634.440463972,-1.3866409063339233,-55.647098541259766,89.07061004638672,1.3866409063339233,-55.647098541259766,89.07061004638672,-1.3866409063339233,-55.647090911865234,89.07061004638672,1.3866409063339233,-55.647090911865234,89.07061004638672,Stop,Stepping
1776272839.4994924,14634.459727964,-1.3866409063339233,-55.647098541259766,89.07061004638672,1.3866409063339233,-55.647098541259766,89.07061004638672,-1.3866409063339233,-55.647090911865234,89.07061004638672,1.3866409063339233,-55.647090911865234,89.07061004638672,Stop,Stepping
1776272839.5195265,14634.478288245,-1.3866409063339233,-55.647098541259766,89.07061004638672,1.3866409063339233,-55.647098541259766,89.07061004638672,-1.3866409063339233,-55.647090911865234,89.07061004638672,1.3866409063339233,-55.647090911865234,89.07061004638672,Stop,Stepping
1776272839.5395079,14634.501141839,-1.3866409063339233,-55.647098541259766,89.07061004638672,1.3866409063339233,-55.647098541259766,89.07061004638672,-1.3866409063339233,-55.647090911865234,89.07061004638672,1.3866409063339233,-55.647090911865234,89.07061004638672,Stop,Stepping
1776272839.559514,14634.519466745,-1.3866409063339233,-55.647098541259766,89.07061004638672,1.3866409063339233,-55.647098541259766,89.07061004638672,-1.3866409063339233,-55.647090911865234,89.07061004638672,1.3866409063339233,-55.647090911865234,89.07061004638672,Stop,Stepping
1776272839.5794895,14634.538015038,-1.3866409063339233,-55.647098541259766,89.07061004638672,1.3866409063339233,-55.647098541259766,89.07061004638672,-1.3866409063339233,-55.647090911865234,89.07061004638672,1.3866409063339233,-55.647090911865234,89.07061004638672,Stop,Stepping
1776272839.5994954,14634.559095972,-1.3866409063339233,-55.647098541259766,89.07061004638672,1.3866409063339233,-55.647098541259766,89.07061004638672,-1.3866409063339233,-55.647090911865234,89.07061004638672,1.3866409063339233,-55.647090911865234,89.07061004638672,Stop,Stepping
1776272839.6194873,14634.587723127,-1.3866409063339233,-55.647098541259766,89.07061004638672,1.3866409063339233,-55.647098541259766,89.07061004638672,-1.3866409063339233,-55.647090911865234,89.07061004638672,1.3866409063339233,-55.647090911865234,89.07061004638672,Stop,Stepping
1776272839.6396904,14634.608203823,-1.3866409063339233,-55.647098541259766,89.07061004638672,1.3866409063339233,-55.647098541259766,89.07061004638672,-1.3866409063339233,-55.647090911865234,89.07061004638672,1.3866409063339233,-55.647090911865234,89.07061004638672,Stop,Stepping
1776272839.6595037,14634.619309682,-1.3866409063339233,-55.647098541259766,89.07061004638672,1.3866409063339233,-55.647098541259766,89.07061004638672,-1.3866409063339233,-55.647090911865234,89.07061004638672,1.3866409063339233,-55.647090911865234,89.07061004638672,Stop,Stepping
1776272839.6794977,14634.638139379,-1.3866409063339233,-55.647098541259766,89.07061004638672,1.3866409063339233,-55.647098541259766,89.07061004638672,-1.3866409063339233,-55.647090911865234,89.07061004638672,1.3866409063339233,-55.647090911865234,89.07061004638672,Stop,Stepping
1776272839.699518,14634.695144682,-1.3866409063339233,-55.647098541259766,89.07061004638672,1.3866409063339233,-55.647098541259766,89.07061004638672,-1.3866409063339233,-55.647090911865234,89.07061004638672,1.3866409063339233,-55.647090911865234,89.07061004638672,Stop,Stepping
1776272839.7195046,14634.696817013,-1.3866409063339233,-55.647098541259766,89.07061004638672,1.3866409063339233,-55.647098541259766,89.07061004638672,-1.3866409063339233,-55.647090911865234,89.07061004638672,1.3866409063339233,-55.647090911865234,89.07061004638672,Stop,Stepping
1776272839.7395005,14634.699503608,-1.3866409063339233,-55.647098541259766,89.07061004638672,1.3866409063339233,-55.647098541259766,89.07061004638672,-1.3866409063339233,-55.647090911865234,89.07061004638672,1.3866409063339233,-55.647090911865234,89.07061004638672,Stop,Stepping
1776272839.7594984,14634.721228448,-1.3866409063339233,-55.647098541259766,89.07061004638672,1.3866409063339233,-55.647098541259766,89.07061004638672,-1.3866409063339233,-55.647090911865234,89.07061004638672,1.3866409063339233,-55.647090911865234,89.07061004638672,Stop,Stepping
1776272839.7794955,14634.738916791,-1.3866409063339233,-55.647098541259766,89.07061004638672,1.3866409063339233,-55.647098541259766,89.07061004638672,-1.3866409063339233,-55.647090911865234,89.07061004638672,1.3866409063339233,-55.647090911865234,89.07061004638672,Stop,Stepping
1776272839.7994843,14634.759230502,-1.3866409063339233,-55.647098541259766,89.07061004638672,1.3866409063339233,-55.647098541259766,89.07061004638672,-1.3866409063339233,-55.647090911865234,89.07061004638672,1.3866409063339233,-55.647090911865234,89.07061004638672,Stop,Stepping
1776272839.8194704,14634.818870894,-1.3866409063339233,-55.647098541259766,89.07061004638672,1.3866409063339233,-55.647098541259766,89.07061004638672,-1.3866409063339233,-55.647090911865234,89.07061004638672,1.3866409063339233,-55.647090911865234,89.07061004638672,Stop,Stepping
1776272839.8395064,14634.8219064,-1.3866409063339233,-55.647098541259766,89.07061004638672,1.3866409063339233,-55.647098541259766,89.07061004638672,-1.3866409063339233,-55.647090911865234,89.07061004638672,1.3866409063339233,-55.647090911865234,89.07061004638672,Stop,Stepping
1776272839.859487,14634.822424413,-1.3866409063339233,-55.647098541259766,89.07061004638672,1.3866409063339233,-55.647098541259766,89.07061004638672,-1.3866409063339233,-55.647090911865234,89.07061004638672,1.3866409063339233,-55.647090911865234,89.07061004638672,Stop,Stepping
1776272839.8794787,14634.942333139,-1.3866409063339233,-55.647098541259766,89.07061004638672,1.3866409063339233,-55.647098541259766,89.07061004638672,-1.3866409063339233,-55.64708709716797,89.07061004638672,1.3866409063339233,-55.64708709716797,89.07061004638672,Stop,Stepping
1776272839.8994813,14634.942844088,-1.386481523513794,-55.647064208984375,89.07060241699219,1.3865309953689575,-55.64708709716797,89.0707778930664,-1.3865470886230469,-55.64704895019531,89.07080841064453,1.3865470886230469,-55.64702224731445,89.07078552246094,Stop,Stepping
1776272839.9194767,14634.943253142,-1.386561393737793,-55.647071838378906,89.07060241699219,1.3865842819213867,-55.64708709716797,89.07068634033203,-1.386594295501709,-55.647071838378906,89.07070922851562,1.3865939378738403,-55.647056579589844,89.0707015991211,Stop,Stepping
1776272839.9394703,14634.943615538,-1.3857990503311157,-55.64692687988281,89.0705795288086,1.3860565423965454,-55.647037506103516,89.07147216796875,-1.3861497640609741,-55.646854400634766,89.0716323852539,1.3861507177352905,-55.646732330322266,89.07147216796875,Stop,Stepping
1776272839.959473,14634.943978968,-1.3835663795471191,-55.646484375,89.07051086425781,1.3845102787017822,-55.646888732910156,89.07374572753906,-1.384844422340393,-55.646217346191406,89.07430267333984,1.3848562240600586,-55.64578628540039,89.07374572753906,Stop,Stepping
1776272839.9794896,14634.944387263,-1.3790980577468872,-55.645606994628906,89.07036590576172,1.3814117908477783,-55.646575927734375,89.07830810546875,-1.382230281829834,-55.64495086669922,89.07969665527344,1.3822598457336426,-55.64388656616211,89.07831573486328,Stop,Stepping
1776272839.9994864,14634.958571941,-1.371673345565796,-55.64414978027344,89.07014465332031,1.3762634992599487,-55.64607238769531,89.08586120605469,-1.3778904676437378,-55.6428337097168,89.08860778808594,1.3779475688934326,-55.6407356262207,89.08589172363281,Stop,Stepping
1776272840.0194824,14634.980211366,-1.3606034517288208,-55.6419677734375,89.0698013305664,1.368584394454956,-55.64530563354492,89.09713745117188,-1.3714187145233154,-55.639686584472656,89.10193634033203,1.3715128898620605,-55.63602828979492,89.09719848632812,Stop,Stepping
1776272840.0394673,14635.004914462,-1.345223069190979,-55.6389274597168,89.0693130493164,1.3579145669937134,-55.64424514770508,89.1128158569336,-1.362420916557312,-55.63529968261719,89.12042236328125,1.362572193145752,-55.629486083984375,89.11288452148438,Stop,Stepping
1776272840.0594614,14635.018534124,-1.3248882293701172,-55.6348991394043,89.06864166259766,1.3438055515289307,-55.642822265625,89.13350677490234,-1.3505234718322754,-55.62947082519531,89.14484405517578,1.350752592086792,-55.62080764770508,89.13361358642578,Stop,Stepping
1776272840.079359,14635.051965553,-1.386637806892395,-55.647090911865234,89.07061004638672,1.386637806892395,-55.647090911865234,89.07061004638672,-1.386637806892395,-55.64708709716797,89.07061004638672,1.386637806892395,-55.64708709716797,89.07061004638672,Stop,Stepping
1776272840.0994859,14635.066765077,-1.3863861560821533,-55.64704895019531,89.07061004638672,1.386465311050415,-55.6470832824707,89.07087707519531,-1.3864907026290894,-55.64701843261719,89.0709228515625,1.386493444442749,-55.6469841003418,89.07087707519531,Stop,Stepping
1776272840.119492,14635.080364445,-1.3851324319839478,-55.64679718017578,89.07056427001953,1.3855948448181152,-55.646995544433594,89.07215881347656,-1.3857582807540894,-55.64665985107422,89.07242584228516,1.3857641220092773,-55.64645004272461,89.0721435546875,Stop,Stepping
1776272840.1394951,14635.110318066,-1.3820993900299072,-55.64619827270508,89.07046508789062,1.383492112159729,-55.64678192138672,89.07523345947266,-1.383986234664917,-55.64579391479492,89.0760726928711,1.3840012550354004,-55.64516830444336,89.07525634765625,Stop,Stepping
1776272840.1595461,14635.118176586,-1.3765432834625244,-55.64510726928711,89.07029724121094,1.3796392679214478,-55.64640808105469,89.0809097290039,-1.380737066268921,-55.64422607421875,89.08277130126953,1.380776286125183,-55.64280319213867,89.08091735839844,Stop,Stepping
1776272840.179488,14635.138322184,-1.367756962776184,-55.643375396728516,89.07003021240234,1.3735480308532715,-55.64580535888672,89.0898666381836,-1.375602126121521,-55.6417236328125,89.09333038330078,1.3756686449050903,-55.639068603515625,89.08989715576172,Stop,Stepping
1776272840.1995041,14635.158338263,-1.3550289869308472,-55.640869140625,89.06963348388672,1.364717960357666,-55.64492416381836,89.10282897949219,-1.3681585788726807,-55.63810348510742,89.108642578125,1.3682750463485718,-55.63365936279297,89.1028823852539,Stop,Stepping
1776272840.219468,14635.17842355,-1.337780475616455,-55.637454986572266,89.0690689086914,1.352751612663269,-55.64372253417969,89.1203842163086,-1.3580671548843384,-55.6331672668457,89.12936401367188,1.3582491874694824,-55.626319885253906,89.1204833984375,Stop,Stepping
1776272840.2394865,14635.198907009,-1.3153036832809448,-55.63300323486328,89.06832885742188,1.3371535539627075,-55.642147064208984,89.14326477050781,-1.3449152708053589,-55.62673568725586,89.15636444091797,1.3451799154281616,-55.61671447753906,89.14337921142578,Stop,Stepping
1776272840.2596426,14635.232051249,-1.286832571029663,-55.627349853515625,89.0673599243164,1.317386269569397,-55.64013671875,89.1722183227539,-1.3282456398010254,-55.618526458740234,89.19051361083984,1.3286194801330566,-55.604530334472656,89.17236328125,Stop,Stepping
1776272840.2794588,14635.239850615,-1.252509355545044,-55.62051010131836,89.066162109375,1.2935458421707153,-55.637672424316406,89.20709228515625,-1.308142900466919,-55.608604431152344,89.23165130615234,1.308650016784668,-55.58978271484375,89.20723724365234,Stop,Stepping
1776272840.2994697,14635.260192226,-1.211068868637085,-55.612213134765625,89.06464385986328,1.2647426128387451,-55.634647369384766,89.2491455078125,-1.2838517427444458,-55.59653854370117,89.28123474121094,1.2845244407653809,-55.57191848754883,89.2492904663086,Stop,Stepping
1776272840.319485,14635.281130707,-1.1622730493545532,-55.602394104003906,89.06278228759766,1.2308027744293213,-55.63103485107422,89.29859924316406,-1.255226969718933,-55.58224105834961,89.33952331542969,1.2560958862304688,-55.55077362060547,89.29869842529297,Stop,Stepping
1776272840.3394938,14635.377586616,-1.1056324243545532,-55.59092712402344,89.06050872802734,1.1913728713989258,-55.62673568725586,89.35590362548828,-1.2219717502593994,-55.56550216674805,89.40705871582031,1.2230756282806396,-55.526092529296875,89.35590362548828,Stop,Stepping
1776272840.3596854,14635.378804941,-1.0401830673217773,-55.577579498291016,89.05773162841797,1.145764708518982,-55.62165451049805,89.4219970703125,-1.1834968328475952,-55.54597854614258,89.48490905761719,1.1848845481872559,-55.49740219116211,89.42182159423828,Stop,Stepping
1776272840.3794708,14635.379397425,-0.9671909809112549,-55.56258773803711,89.05445861816406,1.0948383808135986,-55.615840911865234,89.49555969238281,-1.1405380964279175,-55.52395248413086,89.57149505615234,1.1422480344772339,-55.46518325805664,89.49512481689453,Stop,Stepping
1776272840.3994923,14635.379845375,-0.8845123052597046,-55.54545211791992,89.05049133300781,1.037085771560669,-55.609066009521484,89.57870483398438,-1.091809630393982,-55.49872589111328,89.6692886352539,1.0939000844955444,-55.42837905883789,89.57785034179688,Stop,Stepping
1776272840.4194615,14635.382333187,-0.7925503253936768,-55.526206970214844,89.04579162597656,0.9727527499198914,-55.601280212402344,89.6709213256836,-1.03752601146698,-55.47027587890625,89.77769470214844,1.0400549173355103,-55.3870964050293,89.66947937011719,Stop,Stepping
1776272840.4393594,14635.401483064,-0.6912708282470703,-55.50479507446289,89.04025268554688,0.9017893671989441,-55.59242248535156,89.77217864990234,-0.977635383605957,-55.43849563598633,89.89666748046875,0.9806715250015259,-55.34116744995117,89.76995086669922,Stop,Stepping
1776272840.459465,14635.418376485,-0.5790170431137085,-55.48078155517578,89.0336685180664,0.8229962587356567,-55.58224105834961,89.8840560913086,-0.9111292958259583,-55.4027099609375,90.02796936035156,0.9147491455078125,-55.28972625732422,89.88077545166016,Stop,Stepping
1776272840.479459,14635.437797845,-0.4569261074066162,-55.45433044433594,89.02595520019531,0.7371311783790588,-55.570735931396484,90.00528717041016,-0.838636577129364,-55.363121032714844,90.17015075683594,0.8429239392280579,-55.233131408691406,90.0006332397461,Stop,Stepping
1776272840.4994693,14635.460186997,-0.3242558240890503,-55.42519760131836,89.01695251464844,0.6436293125152588,-55.55772399902344,90.13651275634766,-0.759682297706604,-55.31930923461914,90.32389068603516,0.7647324204444885,-55.17085266113281,90.13009643554688,Stop,Stepping
1776272840.519456,14635.478708145,-0.18089362978935242,-55.39326095581055,89.0064697265625,0.5423516631126404,-55.54307556152344,90.27772521972656,-0.674146831035614,-55.27103805541992,90.4891357421875,0.6800625920295715,-55.102657318115234,90.26910400390625,Stop,Stepping
1776272840.5394557,14635.498947024,-0.026529109105467796,-55.35833740234375,88.99430847167969,0.4330328404903412,-55.5265998840332,90.42906951904297,-0.5817953944206238,-55.21798324584961,90.6660385131836,0.5886935591697693,-55.0281867980957,90.417724609375,Stop,Stepping
1776272840.5594642,14635.52372585,0.13887400925159454,-55.32029724121094,88.98029327392578,0.3155745565891266,-55.508155822753906,90.59043884277344,-0.48254406452178955,-55.15987777709961,90.85440063476562,0.4905507266521454,-54.94717025756836,90.57575225830078,Stop,Stepping
1776272840.5794673,14635.541232169,0.31565290689468384,-55.27893829345703,88.96415710449219,0.18967753648757935,-55.48752975463867,90.76200103759766,-0.3761264383792877,-55.09636306762695,91.05438232421875,0.38538897037506104,-54.85919952392578,90.74327087402344,Stop,Stepping
1776272840.599465,14635.565530148,0.5035238862037659,-55.23418045043945,88.9457015991211,0.05545910447835922,-55.464561462402344,90.94329833984375,-0.26264554262161255,-55.027244567871094,91.26539611816406,0.2733176350593567,-54.76413345336914,90.91971588134766,Stop,Stepping
1776272840.6194715,14635.582200771,0.7031635642051697,-55.18571853637695,88.92462158203125,-0.08764408528804779,-55.43897247314453,91.1347885131836,-0.1416129171848297,-54.95195007324219,91.48789978027344,0.15387070178985596,-54.66133499145508,91.10546112060547,Stop,Stepping
1776272840.6394544,14635.598190432,0.9141120910644531,-55.133487701416016,88.90067291259766,-0.23939037322998047,-55.410621643066406,91.33583068847656,-0.013229312375187874,-54.870330810546875,91.72109985351562,0.027257652953267097,-54.550697326660156,91.29973602294922,Stop,Stepping
1776272840.65948,14635.619321536,1.1363437175750732,-55.077335357666016,88.87360382080078,-0.3998558223247528,-55.3792839050293,91.54618835449219,0.12259017676115036,-54.782047271728516,91.9646224975586,-0.10657936334609985,-54.43191909790039,91.50218200683594,Stop,Stepping
1776272840.6794887,14635.644572502,1.3704450130462646,-55.016902923583984,88.84300231933594,-0.569573163986206,-55.34461975097656,91.76618194580078,0.2662906050682068,-54.686485290527344,92.21879577636719,-0.24806806445121765,-54.30432891845703,91.71299743652344,Stop,Stepping
1776272840.6994684,14635.659055604,1.615803599357605,-54.95218276977539,88.80865478515625,-0.7482052445411682,-55.306488037109375,91.99500274658203,0.41760581731796265,-54.58349609375,92.48258209228516,-0.39692723751068115,-54.167842864990234,91.9312515258789,Stop,Stepping
1776272840.719463,14635.682252443,1.8724849224090576,-54.882930755615234,88.77020263671875,-0.9359161853790283,-55.264591217041016,92.23246765136719,0.5766811966896057,-54.4726448059082,92.75569152832031,-0.5532807111740112,-54.022056579589844,92.1566162109375,Stop,Stepping
1776272840.7394667,14635.708658666,2.140798568725586,-54.8088493347168,88.72722625732422,-1.1330536603927612,-55.21860885620117,92.47859191894531,0.7438327670097351,-54.35334777832031,93.0380630493164,-0.7174133062362671,-53.86634063720703,92.3889389038086,Stop,Stepping
1776272840.7595208,14635.731644585,2.4204676151275635,-54.729793548583984,88.6794204711914,-1.3395569324493408,-55.16828536987305,92.73285675048828,0.9190097451210022,-54.225257873535156,93.32899475097656,-0.8892567753791809,-53.70043182373047,92.62755584716797,Stop,Stepping
1776272840.7794654,14635.738732732,2.7112627029418945,-54.64558029174805,88.62638854980469,-1.5553889274597168,-55.11335754394531,92.99476623535156,1.1022038459777832,-54.088016510009766,93.62782287597656,-1.0687730312347412,-53.52399444580078,92.87183380126953,Stop,Stepping
1776272840.7996469,14635.77660802,3.0155417919158936,-54.55525207519531,88.56727600097656,-1.7824678421020508,-55.053016662597656,93.2661361694336,1.2950502634048462,-53.939937591552734,93.93648529052734,-1.2575451135635376,-53.335060119628906,93.12323760986328,Stop,Stepping
1776272840.8194506,14635.781388375,3.325561046600342,-54.46090316772461,88.50321197509766,-2.0151402950286865,-54.98851776123047,93.53980255126953,1.492773175239563,-53.78434753417969,94.24673461914062,-1.450865387916565,-53.138023376464844,93.37495422363281,Stop,Stepping
1776272840.8394496,14635.800107771,3.6487460136413574,-54.36001968383789,88.4322509765625,-2.2591371536254883,-54.91800308227539,93.8220443725586,1.7002525329589844,-53.617027282714844,94.56560516357422,-1.6534825563430786,-52.92769241333008,93.63256072998047,Stop,Stepping
1776272840.8594654,14635.827231539,3.9825761318206787,-54.25309371948242,88.35445404052734,-2.512726306915283,-54.84164047241211,94.11031341552734,1.9160335063934326,-53.438690185546875,94.89005279541016,-1.863959550857544,-52.705135345458984,93.8935317993164,Stop,Stepping
1776272840.8794281,14635.838468254,4.326034069061279,-54.140174865722656,88.26959228515625,-2.775313138961792,-54.75930404663086,94.40342712402344,2.1396303176879883,-53.249324798583984,95.2186508178711,-2.081772804260254,-52.47050094604492,94.15652465820312,Stop,Stepping
1776272840.8994443,14635.882580647,4.680351257324219,-54.02057647705078,88.17687225341797,-3.048016309738159,-54.670326232910156,94.7021255493164,2.372021436691284,-53.04766845703125,95.55206298828125,-2.307854175567627,-52.22242736816406,94.42198944091797,Stop,Stepping
1776272840.9194703,14635.882959468,5.044273376464844,-53.8944091796875,88.07609558105469,-3.330063581466675,-54.57463836669922,95.00499725341797,2.6125619411468506,-52.83382797241211,95.88861846923828,-2.5415422916412354,-51.96117401123047,94.68840026855469,Stop,Stepping
1776272840.9394424,14635.898588734,5.416897296905518,-53.761722564697266,87.96705627441406,-3.6209335327148438,-54.47209548950195,95.31097412109375,2.8608388900756836,-52.60776138305664,96.2269515991211,-2.7824034690856934,-51.6868896484375,94.95459747314453,Stop,Stepping
1776272840.9594238,14635.918752306,5.7987260818481445,-53.62202835083008,87.84909057617188,-3.921215057373047,-54.36219024658203,95.62016296386719,3.117370367050171,-52.36859130859375,96.5670394897461,-3.030914068222046,-51.39864730834961,95.22039794921875,Stop,Stepping
1776272840.9794176,14635.967520944,6.189783573150635,-53.475006103515625,87.7216567993164,-4.231124401092529,-54.24452590942383,95.93223571777344,3.3823776245117188,-52.11567306518555,96.90837860107422,-3.2872378826141357,-51.095848083496094,95.48524475097656,Stop,Stepping
1776272840.9994621,14635.967946544,6.589141845703125,-53.32071304321289,87.58451843261719,-4.5501322746276855,-54.11896514892578,96.24610900878906,3.655428886413574,-51.849002838134766,97.24962615966797,-3.5509378910064697,-50.77864456176758,95.7479476928711,Stop,Stepping
1776272841.0194838,14635.992867827,6.996823787689209,-53.1588134765625,87.4371337890625,-4.8784685134887695,-53.985107421875,96.56146240234375,3.936741590499878,-51.56793212890625,97.59024810791016,-3.8221845626831055,-50.44643783569336,96.0079345703125,Stop,Stepping
1776272841.039466,14636.00002137,7.411698818206787,-52.98945617675781,87.27935791015625,-5.215422630310059,-53.84293746948242,96.87709045410156,4.225752830505371,-51.27264404296875,97.92880249023438,-4.100390911102295,-50.0995979309082,96.2639389038086,Stop,Stepping
1776272841.0594606,14636.01843297,7.834205627441406,-52.81215286254883,87.11050415039062,-5.5615620613098145,-53.69191360473633,97.19300079345703,4.522968292236328,-50.96224594116211,98.26509857177734,-4.386015892028809,-49.73723220825195,96.51567840576172,Stop,Stepping
1776272841.079504,14636.044530968,8.263733863830566,-52.626834869384766,86.93022918701172,-5.916601181030273,-53.531837463378906,97.5083999633789,4.82818078994751,-50.636573791503906,98.59812927246094,-4.678816318511963,-49.359283447265625,96.7621841430664,Stop,Stepping
1776272841.099452,14636.060233044,8.69951343536377,-52.43354415893555,86.73831939697266,-6.280112266540527,-53.36262512207031,97.8223648071289,5.141053676605225,-50.29560852050781,98.9267349243164,-4.978433609008789,-48.96589660644531,97.00243377685547,Stop,Stepping
1776272841.1196744,14636.081618141,9.145995140075684,-52.22990417480469,86.5321273803711,-6.656071186065674,-53.18204879760742,98.13770294189453,5.465053558349609,-49.93514633178711,99.25361633300781,-5.288140296936035,-48.55239486694336,97.23818969726562,Stop,Stepping
1776272841.139453,14636.098396819,9.589056015014648,-52.02214050292969,86.3177490234375,-7.032742977142334,-52.99554443359375,98.44418334960938,5.790091514587402,-49.56618118286133,99.56805419921875,-5.598265171051025,-48.13150405883789,97.46158599853516,Stop,Stepping
1776272841.15946,14636.118288685,10.041776657104492,-51.803897857666016,86.0884780883789,-7.42140007019043,-52.797359466552734,98.75064849853516,6.125929832458496,-49.17746353149414,99.87895202636719,-5.918091297149658,-47.69047546386719,97.67880249023438,Stop,Stepping
1776272841.1794364,14636.139153475,10.499059677124023,-51.577266693115234,85.84617614746094,-7.81791877746582,-52.58926010131836,99.05322265625,6.46904993057251,-48.772666931152344,100.18212890625,-6.244222164154053,-47.23365783691406,97.88670349121094,Stop,Stepping
1776272841.1994445,14636.158007317,10.961055755615234,-51.341861724853516,85.59024047851562,-8.222637176513672,-52.370819091796875,99.35169982910156,6.819782257080078,-48.35116195678711,100.47720336914062,-6.576930522918701,-46.760440826416016,98.08480072021484,Stop,Stepping
1776272841.2194276,14636.178183242,11.42631721496582,-51.09814453125,85.32093048095703,-8.634474754333496,-52.14237594604492,99.6447982788086,7.177233695983887,-47.91377639770508,100.76271057128906,-6.915339946746826,-46.27189636230469,98.27194213867188,Stop,Stepping
1776272841.2394276,14636.198199083,11.895203590393066,-50.84564208984375,85.03751373291016,-9.053938865661621,-51.903465270996094,99.93248748779297,7.541882514953613,-47.45975875854492,101.03840637207031,-7.259856700897217,-45.76726531982422,98.44776153564453,Stop,Stepping
1776272841.2594366,14636.217828619,12.367097854614258,-50.58442306518555,84.7398452758789,-9.480657577514648,-51.6540641784668,100.21407318115234,7.913450717926025,-46.9892578125,101.30342102050781,-7.610184669494629,-45.246849060058594,98.61151123046875,Stop,Stepping
1776272841.2794294,14636.239093686,12.84107780456543,-50.314727783203125,84.42798614501953,-9.913970947265625,-51.39439392089844,100.48869323730469,8.291403770446777,-46.50282287597656,101.55679321289062,-7.965789318084717,-44.71133804321289,98.76240539550781,Stop,Stepping
1776272841.2994423,14636.258312227,13.317544937133789,-50.036067962646484,84.1011962890625,-10.354413032531738,-51.12394714355469,100.75634002685547,8.676255226135254,-45.99967575073242,101.7982406616211,-8.32711124420166,-44.15995407104492,98.90005493164062,Stop,Stepping
1776272841.3194368,14636.281330668,13.79495906829834,-49.749107360839844,83.7600326538086,-10.800708770751953,-50.843353271484375,101.01583862304688,9.066930770874023,-45.48113250732422,102.02655792236328,-8.693116188049316,-43.59424591064453,99.02357482910156,Stop,Stepping
1776272841.3394403,14636.309515634,14.273738861083984,-49.453338623046875,83.40371704101562,-11.253396987915039,-50.552146911621094,101.26717376708984,9.463949203491211,-44.946468353271484,102.24153137207031,-9.064249992370605,-43.013484954833984,99.1326675415039,Stop,Stepping
1776272841.3594394,14636.371941742,14.752809524536133,-49.14923095703125,83.03263092041016,-11.711587905883789,-50.25077819824219,101.5095443725586,9.866572380065918,-44.39666748046875,102.44226837158203,-9.439798355102539,-42.418785095214844,99.22663879394531,Stop,Stepping
1776272841.3794315,14636.372599809,15.231955528259277,-48.83668899536133,82.64649200439453,-12.175191879272461,-49.939208984375,101.74259185791016,10.274767875671387,-43.83177185058594,102.6283187866211,-9.819696426391602,-41.810264587402344,99.30510711669922,Stop,Stepping
1776272841.399437,14636.373674697,15.710928916931152,-48.515689849853516,82.24510192871094,-12.644075393676758,-49.61745834350586,101.96599578857422,10.688456535339355,-43.251953125,102.79924011230469,-10.203845024108887,-41.188140869140625,99.3676528930664,Stop,Stepping
1776272841.4194312,14636.386230692,16.188920974731445,-48.18657684326172,81.82872772216797,-13.117532730102539,-49.28591537475586,102.17914581298828,11.107069969177246,-42.6580696105957,102.95438385009766,-10.591689109802246,-40.553382873535156,99.41384887695312,Stop,Stepping
1776272841.4394429,14636.399888944,16.66605567932129,-47.84908676147461,81.39690399169922,-13.595773696899414,-48.94441604614258,102.38192749023438,11.530824661254883,-42.049903869628906,103.09349822998047,-10.983406066894531,-39.9057731628418,99.44339752197266,Stop,Stepping
1776272841.459447,14636.425231837,17.141239166259766,-47.503841400146484,80.95024871826172,-14.077759742736816,-48.593666076660156,102.57369232177734,11.958850860595703,-41.428855895996094,103.21600341796875,-11.378167152404785,-39.24681091308594,99.4559555053711,Stop,Stepping
1776272841.479451,14636.440292446,17.614412307739258,-47.150726318359375,80.48851013183594,-14.563472747802734,-48.233665466308594,102.75426483154297,12.391168594360352,-40.7950325012207,103.3216323852539,-11.775973320007324,-38.57663345336914,99.4513168334961,Stop,Stepping
1776272841.4994364,14636.468709467,18.084897994995117,-46.79014587402344,80.0120849609375,-15.052236557006836,-47.86494445800781,102.92327117919922,12.827218055725098,-40.14944839477539,103.41007232666016,-12.176290512084961,-37.89629364013672,99.4292984008789,Stop,Stepping
1776272841.5194468,14636.503086839,18.552963256835938,-46.42174530029297,79.52039337158203,-15.544353485107422,-47.48727798461914,103.0806655883789,13.267305374145508,-39.491844177246094,103.48114776611328,-12.579381942749023,-37.205501556396484,99.38971710205078,Stop,Stepping
1776272841.5394258,14636.506825914,19.017398834228516,-46.0463981628418,79.01447296142578,-16.038545608520508,-47.101707458496094,103.2259750366211,13.7103271484375,-38.82408905029297,103.53458404541016,-12.98422622680664,-36.50620651245117,99.33255004882812,Stop,Stepping
1776272841.5594265,14636.519308755,19.47835922241211,-45.663902282714844,78.49397277832031,-16.53495216369629,-46.70818328857422,103.35916137695312,14.15643310546875,-38.14619827270508,103.5702896118164,-13.390948295593262,-35.79838562011719,99.25772094726562,Stop,Stepping
1776272841.5794659,14636.538109845,19.936344146728516,-45.27373504638672,77.95806884765625,-17.03409194946289,-46.30634307861328,103.48029327392578,14.606134414672852,-37.4576301574707,103.58821868896484,-13.800003051757812,-35.0814323425293,99.1650390625,Stop,Stepping
1776272841.5994253,14636.55859962,20.388629913330078,-44.87819290161133,77.40984344482422,-17.532930374145508,-45.89873504638672,103.58865356445312,15.056721687316895,-36.762794494628906,103.58824157714844,-14.20892333984375,-34.359901428222656,99.05509948730469,Stop,Stepping
1776272841.6194313,14636.578208537,20.83649444580078,-44.47616195678711,76.84769439697266,-18.03278923034668,-45.484405517578125,103.68458557128906,15.50941276550293,-36.06013870239258,103.57048797607422,-14.618807792663574,-33.63209533691406,98.92769622802734,Stop,Stepping
1776272841.639429,14636.644387366,21.279861450195312,-44.06767654418945,76.27161407470703,-18.533498764038086,-45.0635986328125,103.7680892944336,15.964077949523926,-35.35012435913086,103.53498840332031,-15.029540061950684,-32.89841842651367,98.78289794921875,Stop,Stepping
1776272841.659439,14636.645801343,21.718225479125977,-43.65319061279297,75.68215942382812,-19.034404754638672,-44.63699722290039,103.8390884399414,16.420146942138672,-34.633907318115234,103.48185729980469,-15.440608978271484,-32.16002655029297,98.62097930908203,Stop,Stepping
1776272841.6794212,14636.646475576,22.150650024414062,-43.23362350463867,75.08060455322266,-19.5343074798584,-44.205753326416016,103.89753723144531,16.876544952392578,-33.913490295410156,103.41139221191406,-15.851048469543457,-31.418872833251953,98.44245147705078,Stop,Stepping
1776272841.6997173,14636.658192712,22.58293914794922,-42.80318832397461,74.45852661132812,-20.039894104003906,-43.76414108276367,103.94410705566406,17.339412689208984,-33.17938232421875,103.32249450683594,-16.266366958618164,-30.66516876220703,98.24481201171875,Stop,Stepping
1776272841.719431,14636.686683703,22.998580932617188,-42.37858200073242,73.84011840820312,-20.531597137451172,-43.32953643798828,103.97737884521484,17.790822982788086,-32.46038055419922,103.21916961669922,-16.67051124572754,-29.928342819213867,98.03620147705078,Stop,Stepping
1776272841.739437,14636.698291462,23.413330078125,-41.943992614746094,73.20243072509766,-21.027780532836914,-42.885955810546875,103.99898529052734,18.24762725830078,-31.729990005493164,103.09809112548828,-17.07858657836914,-29.181123733520508,97.80937957763672,Stop,Stepping
1776272841.7594204,14636.718137062,23.821720123291016,-41.50505065917969,72.55362701416016,-21.521848678588867,-42.43936538696289,104.00862121582031,18.703771591186523,-30.998088836669922,102.96086120605469,-17.485191345214844,-28.433563232421875,97.56731414794922,Stop,Stepping
1776272841.7794306,14636.738443896,24.223535537719727,-41.062076568603516,71.89417266845703,-22.01335334777832,-41.9903678894043,104.00648498535156,19.158843994140625,-30.265615463256836,102.80792236328125,-17.88997459411621,-27.686511993408203,97.31051635742188,Stop,Stepping
1776272841.7994397,14636.764581633,24.618467330932617,-40.61558151245117,71.22484588623047,-22.50172233581543,-41.53966522216797,103.99284362792969,19.612306594848633,-29.533693313598633,102.6397933959961,-18.29247283935547,-26.941020965576172,97.03958892822266,Stop,Stepping
1776272841.8194351,14636.782175938,25.0063533782959,-40.16588592529297,70.54615020751953,-22.98653793334961,-41.087825775146484,103.96795654296875,20.06377601623535,-28.80318260192871,102.45701599121094,-18.69236183166504,-26.197864532470703,96.75514221191406,Stop,Stepping
1776272841.8394186,14636.798209242,25.387062072753906,-39.713340759277344,69.85863494873047,-23.467422485351562,-40.635398864746094,103.9321517944336,20.51287269592285,-28.074920654296875,102.2601318359375,-19.089340209960938,-25.45780372619629,96.45777130126953,Stop,Stepping
1776272841.8594422,14636.822130267,25.760732650756836,-39.25796127319336,69.16236877441406,-23.944332122802734,-40.1826286315918,103.88574981689453,20.959545135498047,-27.349214553833008,102.04960632324219,-19.483379364013672,-24.721046447753906,96.14790344238281,Stop,Stepping
1776272841.8794296,14636.838103929,26.126665115356445,-38.800819396972656,68.45902252197266,-24.4161376953125,-39.730777740478516,103.82915496826172,21.402719497680664,-26.628002166748047,101.82638549804688,-19.87355613708496,-23.989479064941406,95.82669067382812,Stop,Stepping
1776272841.89943,14636.864499876,26.485193252563477,-38.34174728393555,67.7484130859375,-24.883028030395508,-39.27986526489258,103.76272583007812,21.842544555664062,-25.91124153137207,101.5909194946289,-20.260038375854492,-23.26294708251953,95.49446868896484,Stop,Stepping
1776272841.9194324,14636.883477141,26.836210250854492,-37.881141662597656,67.03119659423828,-25.344621658325195,-38.8304443359375,103.68685913085938,22.278629302978516,-25.199724197387695,101.3438491821289,-20.642505645751953,-22.542177200317383,95.15196990966797,Stop,Stepping
1776272841.9394314,14636.898457824,27.17930030822754,-37.4197998046875,66.30868530273438,-25.800132751464844,-38.38349533081055,103.60206604003906,22.710206985473633,-24.494855880737305,101.0861587524414,-21.020315170288086,-21.82850456237793,94.80025482177734,Stop,Stepping
1776272841.9594157,14636.918431155,27.51445960998535,-36.95806121826172,65.58149719238281,-26.249282836914062,-37.939476013183594,103.50881958007812,23.136980056762695,-23.797273635864258,100.81856536865234,-21.393238067626953,-21.12248992919922,94.44007873535156,Stop,Stepping
1776272841.9794466,14636.95629719,27.84197998046875,-36.49583053588867,64.84955596923828,-26.692230224609375,-37.4984245300293,103.40746307373047,23.55904769897461,-23.106922149658203,100.54153442382812,-21.76140022277832,-20.42401695251465,94.07184600830078,Stop,Stepping
1776272841.9994617,14636.966852801,28.161500930786133,-36.03394317626953,64.11428833007812,-27.128223419189453,-37.06128692626953,103.2986068725586,23.975664138793945,-22.425134658813477,100.25611114501953,-22.124176025390625,-19.734346389770508,93.69670104980469,Stop,Stepping
1776272842.0194693,14636.978725034,28.47319221496582,-35.5724983215332,63.37593078613281,-27.5572452545166,-36.628257751464844,103.18265533447266,24.386762619018555,-21.752113342285156,99.962890625,-22.481548309326172,-19.053617477416992,93.31520080566406,Stop,Stepping
1776272842.039454,14637.002179477,28.776397705078125,-35.11288833618164,62.636810302734375,-27.978130340576172,-36.200706481933594,103.06039428710938,24.791179656982422,-21.08984375,99.66332244873047,-22.832534790039062,-18.383785247802734,92.92898559570312,Stop,Stepping
1776272842.0594404,14637.023614105,29.071613311767578,-34.65473175048828,61.89645767211914,-28.391315460205078,-35.77838134765625,102.9321517944336,25.18928337097168,-20.437786102294922,99.35769653320312,-23.177494049072266,-17.724252700805664,92.53826141357422,Stop,Stepping
1776272842.0794163,14637.069287952,29.35888671875,-34.19840621948242,61.155574798583984,-28.79660415649414,-35.361656188964844,102.79843139648438,25.580829620361328,-19.7963924407959,99.04681396484375,-23.516252517700195,-17.075420379638672,92.14380645751953,Stop,Stepping
1776272842.0994122,14637.07121959,29.637941360473633,-33.74475860595703,60.41566467285156,-29.193363189697266,-34.951351165771484,102.659912109375,25.96515655517578,-19.166793823242188,98.73177337646484,-23.8482666015625,-16.43839454650879,91.74681854248047,Stop,Stepping
1776272842.119412,14637.078485435,29.908985137939453,-33.293922424316406,59.67707061767578,-29.581640243530273,-34.54759216308594,102.51703643798828,26.342252731323242,-18.549041748046875,98.4131851196289,-24.17356300354004,-15.81318187713623,91.3478775024414,Stop,Stepping
1776272842.1394053,14637.167449527,30.17180061340332,-32.84672927856445,58.941280364990234,-29.960891723632812,-34.151123046875,102.3704833984375,26.711528778076172,-17.944133758544922,98.09215545654297,-24.491668701171875,-15.200770378112793,90.94818115234375,Stop,Stepping
1776272842.159396,14637.167857109,30.42655372619629,-32.40339279174805,58.208778381347656,-30.33110809326172,-33.76210403442383,102.22071075439453,27.072914123535156,-17.35218620300293,97.76933288574219,-24.802560806274414,-14.601250648498535,90.5483627319336,Stop,Stepping
1776272842.1794987,14637.168264022,30.673315048217773,-31.96430206298828,57.48036575317383,-30.692157745361328,-33.38084411621094,102.06826782226562,27.42622947692871,-16.773515701293945,97.44549560546875,-25.106117248535156,-14.014914512634277,90.1491928100586,Stop,Stepping
1776272842.199406,14637.168634994,30.911788940429688,-31.53050422668457,56.757896423339844,-31.043405532836914,-33.008174896240234,101.91389465332031,27.770776748657227,-16.209274291992188,97.12186431884766,-25.401763916015625,-13.442914962768555,89.75201416015625,Stop,Stepping
1776272842.219416,14637.296704681,31.14248275756836,-31.101640701293945,56.040958404541016,-31.385339736938477,-32.64371109008789,101.75782012939453,28.10698699951172,-15.658743858337402,96.79863739013672,-25.689916610717773,-12.88452434539795,89.3569107055664,Stop,Stepping
1776272842.239421,14637.297342977,31.36476707458496,-30.679433822631836,55.33254623413086,-31.71684455871582,-32.2888069152832,101.60104370117188,28.433692932128906,-15.123842239379883,96.47753143310547,-25.969594955444336,-12.341680526733398,88.9658432006836,Stop,Stepping
1776272842.259426,14637.297635876,31.579450607299805,-30.262956619262695,54.63127517700195,-32.03889083862305,-31.942564010620117,101.4435806274414,28.751792907714844,-14.6030912399292,96.15824127197266,-26.241605758666992,-11.812878608703613,88.57829284667969,Stop,Stepping
1776272842.2794247,14637.297923395,31.786046981811523,-29.85371208190918,53.9398307800293,-32.35056686401367,-31.606090545654297,101.28630828857422,29.060321807861328,-14.098057746887207,95.84230041503906,-26.505155563354492,-11.299711227416992,88.19596862792969,Stop,Stepping
1776272842.2994843,14637.29824846,31.98489761352539,-29.45165252685547,53.25828170776367,-32.652191162109375,-31.279203414916992,101.12952423095703,29.35953140258789,-13.608323097229004,95.53003692626953,-26.76048469543457,-10.8017578125,87.81913757324219,Stop,Stepping
1776272842.3194635,14637.298612654,32.17604064941406,-29.05727767944336,52.58762741088867,-32.94364547729492,-30.962125778198242,100.97371673583984,29.649248123168945,-13.134159088134766,95.22216033935547,-27.00747299194336,-10.319317817687988,87.44854736328125,Stop,Stepping
1776272842.339439,14637.30299782,32.35911560058594,-28.67201042175293,51.93046951293945,-33.224178314208984,-30.655832290649414,100.81974792480469,29.928667068481445,-12.676867485046387,94.92005920410156,-27.245460510253906,-9.853727340698242,87.08578491210938,Stop,Stepping
1776272842.3594058,14637.355464786,32.53467559814453,-28.295291900634766,51.2859992980957,-33.49449920654297,-30.359663009643555,100.66764831542969,30.198429107666016,-12.235404014587402,94.62362670898438,-27.475021362304688,-9.403929710388184,86.7305679321289,Stop,Stepping
1776272842.379445,14637.355753349,32.702823638916016,-27.92757797241211,50.65516662597656,-33.75457000732422,-30.073753356933594,100.51782989501953,30.45844078063965,-11.809887886047363,94.33341979980469,-27.69610595703125,-8.970084190368652,86.38349914550781,Stop,Stepping
1776272842.3994358,14637.3638447,32.863101959228516,-27.570497512817383,50.0409049987793,-34.0035514831543,-29.799171447753906,100.37120819091797,30.707813262939453,-11.401789665222168,94.05098724365234,-27.90796661376953,-8.553690910339355,86.04631042480469,Stop,Stepping
1776272842.4194908,14637.377878181,33.01620101928711,-27.223169326782227,49.44187927246094,-34.242366790771484,-29.534990310668945,100.22759246826172,30.947416305541992,-11.009659767150879,93.77579498291016,-28.11138343811035,-8.153316497802734,85.71829986572266,Stop,Stepping
1776272842.4394832,14637.522167066,33.16197967529297,-26.886550903320312,48.85988235473633,-34.470664978027344,-29.281713485717773,100.08759307861328,31.176841735839844,-10.634173393249512,93.50879669189453,-28.30600929260254,-7.769659519195557,85.40052795410156,Stop,Stepping
1776272842.4594755,14637.522778424,33.300472259521484,-26.56123924255371,48.29610061645508,-34.6883544921875,-29.039525985717773,99.95159912109375,31.39594841003418,-10.27554702758789,93.25059509277344,-28.491764068603516,-7.402975082397461,85.09363555908203,Stop,Stepping
1776272842.479426,14637.523221082,33.43179702758789,-26.247587203979492,47.75130081176758,-34.89551544189453,-28.808441162109375,99.81991577148438,31.60477066040039,-9.933722496032715,93.00159454345703,-28.66868782043457,-7.053229808807373,84.79802703857422,Stop,Stepping
1776272842.499498,14637.523590456,33.556209564208984,-25.945646286010742,47.225711822509766,-35.0924186706543,-28.588241577148438,99.69269561767578,31.803539276123047,-9.608321189880371,92.76191711425781,-28.836986541748047,-6.720061779022217,84.51380920410156,Stop,Stepping
1776272842.519415,14637.523955883,33.673439025878906,-25.656692504882812,46.721710205078125,-35.278533935546875,-28.37961196899414,99.57060241699219,31.991674423217773,-9.300298690795898,92.53268432617188,-28.99619483947754,-6.404476642608643,84.24223327636719,Stop,Stepping
1776272842.5394385,14637.524366643,33.784236907958984,-25.379499435424805,46.23728942871094,-35.45496368408203,-28.181385040283203,99.45317840576172,32.17024230957031,-9.00788688659668,92.31295013427734,-29.14723014831543,-6.104700565338135,83.98213958740234,Stop,Stepping
1776272842.5595872,14637.524728431,33.88882064819336,-25.11407470703125,45.772586822509766,-35.6219596862793,-27.993356704711914,99.34054565429688,32.339473724365234,-8.730734825134277,92.10275268554688,-29.29029655456543,-5.820385932922363,83.73355865478516,Stop,Stepping
1776272842.5794108,14637.578250447,33.9854850769043,-24.865358352661133,45.336387634277344,-35.77671813964844,-27.818756103515625,99.23485565185547,32.49647903442383,-8.473562240600586,91.90605163574219,-29.4229679107666,-5.556411266326904,83.50109100341797,Stop,Stepping
1776272842.5994217,14637.579007697,34.07645797729492,-24.628271102905273,44.919918060302734,-35.922706604003906,-27.65374183654785,99.13400268554688,32.644744873046875,-8.230666160583496,91.71879577636719,-29.54819679260254,-5.306950569152832,83.2799301147461,Stop,Stepping
1776272842.619419,14637.579995147,34.161109924316406,-24.404884338378906,44.52692413330078,-36.058876037597656,-27.499555587768555,99.03890991210938,32.783180236816406,-8.003849029541016,91.54264831542969,-29.66507911682129,-5.073875427246094,83.072021484375,Stop,Stepping
1776272842.6394143,14637.608091412,34.23971176147461,-24.195070266723633,44.157283782958984,-36.1855583190918,-27.355863571166992,98.94955444335938,32.91209411621094,-7.792586326599121,91.37745666503906,-29.773881912231445,-4.856675148010254,82.87712860107422,Stop,Stepping
1776272842.6594188,14637.618864489,34.31232833862305,-23.99907875061035,43.811546325683594,-36.30283737182617,-27.222654342651367,98.8660888671875,33.031532287597656,-7.596819877624512,91.2234115600586,-29.874652862548828,-4.655314922332764,82.69550323486328,Stop,Stepping
1776272842.679406,14637.64126678,34.379112243652344,-23.816978454589844,43.489925384521484,-36.4108772277832,-27.099742889404297,98.78853607177734,33.141658782958984,-7.416292190551758,91.08053588867188,-29.967540740966797,-4.469531059265137,82.52709197998047,Stop,Stepping
1776272842.6994734,14637.704926974,34.440345764160156,-23.64842414855957,43.191898345947266,-36.51009750366211,-26.986726760864258,98.71676635742188,33.24287033081055,-7.25035285949707,90.9485092163086,-30.05288314819336,-4.2986931800842285,82.37153625488281,Stop,Stepping
1776272842.719434,14637.708706875,34.496070861816406,-23.493661880493164,42.91797637939453,-36.60054016113281,-26.883590698242188,98.65088653564453,33.33518981933594,-7.098979949951172,90.8274917602539,-30.130706787109375,-4.142785549163818,82.22898864746094,Stop,Stepping
1776272842.73941,14637.711043011,34.54647445678711,-23.352561950683594,42.66799545288086,-36.68244171142578,-26.790090560913086,98.59085083007812,33.41883850097656,-6.961793422698975,90.71733856201172,-30.201204299926758,-4.001437664031982,82.0992660522461,Stop,Stepping
1776272842.7594154,14637.722015794,34.59185791015625,-23.224546432495117,42.441009521484375,-36.756290435791016,-26.705692291259766,98.5363998413086,33.49430847167969,-6.838004112243652,90.61754608154297,-30.26479721069336,-3.873861789703369,81.98180389404297,Stop,Stepping
1776272842.779398,14637.744518775,34.63235092163086,-23.10957908630371,42.23701095581055,-36.82225036621094,-26.6302490234375,98.4875259399414,33.561744689941406,-6.727383613586426,90.52804565429688,-30.32160758972168,-3.759817600250244,81.87647247314453,Stop,Stepping
1776272842.799462,14637.758544927,34.668216705322266,-23.00714874267578,42.05513381958008,-36.88071823120117,-26.563325881958008,98.44400787353516,33.621551513671875,-6.629262447357178,90.44842529296875,-30.37198829650879,-3.6586320400238037,81.78278350830078,Stop,Stepping
1776272842.8194091,14637.781600228,34.69965744018555,-22.916839599609375,41.894676208496094,-36.932029724121094,-26.50454330444336,98.40564727783203,33.6740608215332,-6.543110370635986,90.3783187866211,-30.416208267211914,-3.5697641372680664,81.7002944946289,Stop,Stepping
1776272842.8394196,14637.79929927,34.7269172668457,-22.838197708129883,41.754886627197266,-36.97654724121094,-26.453523635864258,98.37226867675781,33.71963119506836,-6.468336582183838,90.31732177734375,-30.454580307006836,-3.4926247596740723,81.62854766845703,Stop,Stepping
1776272842.859429,14637.832888188,34.75021743774414,-22.770709991455078,41.63486099243164,-37.01461410522461,-26.409868240356445,98.3436279296875,33.758609771728516,-6.404364109039307,90.26502990722656,-30.487401962280273,-3.4266130924224854,81.56704711914062,Stop,Stepping
1776272842.8794186,14637.841048737,34.769832611083984,-22.71369743347168,41.53343200683594,-37.04668426513672,-26.37308120727539,98.31945037841797,33.79145431518555,-6.350463390350342,90.22090148925781,-30.515056610107422,-3.3709824085235596,81.51512908935547,Stop,Stepping
1776272842.8994112,14637.878768214,34.786014556884766,-22.666532516479492,41.44949722290039,-37.07314682006836,-26.342700958251953,98.29945373535156,33.81856918334961,-6.305966854095459,90.18441772460938,-30.53788185119629,-3.3250534534454346,81.47222900390625,Stop,Stepping
1776272842.9193866,14637.879638143,34.79908752441406,-22.62833023071289,41.38148880004883,-37.094539642333984,-26.318138122558594,98.28324890136719,33.84048080444336,-6.269992351531982,90.15487670898438,-30.556331634521484,-3.2879226207733154,81.4375,Stop,Stepping
1776272842.9394586,14637.917306344,34.80934143066406,-22.598299026489258,41.32801818847656,-37.111328125,-26.29886245727539,98.2705307006836,33.857688903808594,-6.241755962371826,90.13167572021484,-30.57081413269043,-3.2587616443634033,81.41020202636719,Stop,Stepping
1776272842.9594674,14637.958373188,34.81708526611328,-22.575607299804688,41.2876091003418,-37.124000549316406,-26.284303665161133,98.26091766357422,33.87067794799805,-6.220437049865723,90.11414337158203,-30.581745147705078,-3.2367615699768066,81.38959503173828,Stop,Stepping
1776272842.9794006,14637.960101013,34.82262420654297,-22.559350967407227,41.25865936279297,-37.1330680847168,-26.27389144897461,98.2540283203125,33.879966735839844,-6.205181121826172,90.10159301757812,-30.58956527709961,-3.2210097312927246,81.37483978271484,Stop,Stepping
1776272842.9994137,14637.964951144,34.82632064819336,-22.548473358154297,41.23928451538086,-37.13913345336914,-26.266923904418945,98.2494125366211,33.88618087768555,-6.19498348236084,90.09319305419922,-30.594799041748047,-3.210477590560913,81.3649673461914,Stop,Stepping
1776272843.0194168,14637.978539207,34.82852554321289,-22.54199981689453,41.22774887084961,-37.142738342285156,-26.262781143188477,98.24667358398438,33.88988494873047,-6.188909530639648,90.08819580078125,-30.597909927368164,-3.2042081356048584,81.35909271240234,Stop,Stepping
1776272843.039425,14637.999157179,34.829612731933594,-22.538801193237305,41.22205352783203,-37.1445198059082,-26.260738372802734,98.24532318115234,33.89170837402344,-6.185915470123291,90.08573150634766,-30.599441528320312,-3.201115131378174,81.35618591308594,Stop,Stepping
1776272843.0593746,14638.110642549,34.82997131347656,-22.537752151489258,41.220184326171875,-37.14510726928711,-26.26006507873535,98.24488067626953,33.892303466796875,-6.184934616088867,90.08492279052734,-30.599952697753906,-3.200101375579834,81.3552474975586,Stop,Stepping
