time_start,av_x,av_y,av_z,la_x,la_y,la_z
0.0,1.77001953125,0.8697509765625,-1.007080078125,-0.019287109375,0.998779296875,0.0361328125
0.0,1.7242431640625,0.8544921875,-1.007080078125,-0.02001953125,0.99951171875,0.0361328125
0.0,1.678466796875,0.83160400390625,-1.03759765625,-0.01953125,0.99951171875,0.03564453125
0.0,1.6632080078125,0.84686279296875,-1.02996826171875,-0.020263671875,0.999755859375,0.0361328125
0.0,1.617431640625,0.823974609375,-1.0223388671875,-0.0205078125,0.999755859375,0.035888671875
0.0,1.57928466796875,0.80108642578125,-1.0223388671875,-0.020751953125,0.99951171875,0.03662109375
0.0,1.57928466796875,0.7781982421875,-0.9613037109375,-0.020751953125,0.999267578125,0.036865234375
0.0,1.52587890625,0.77056884765625,-0.8697509765625,-0.020751953125,0.9990234375,0.0361328125
0.0,1.51824951171875,0.74005126953125,-0.762939453125,-0.020751953125,0.9990234375,0.035400390625
0.0,1.47247314453125,0.7171630859375,-0.732421875,-0.021240234375,0.999267578125,0.0361328125
0.0,1.45721435546875,0.7171630859375,-0.6103515625,-0.02197265625,0.998779296875,0.036865234375
0.0,1.495361328125,0.701904296875,-0.51116943359375,-0.02197265625,0.998291015625,0.03662109375
0.0,1.50299072265625,0.6561279296875,-0.40435791015625,-0.021728515625,0.998779296875,0.0361328125
0.0,1.46484375,0.6561279296875,-0.2593994140625,-0.0224609375,0.998291015625,0.036376953125
0.0,1.47247314453125,0.6256103515625,-0.1678466796875,-0.02197265625,0.997802734375,0.036865234375
0.0,1.50299072265625,0.6103515625,-0.05340576171875,-0.021240234375,0.997314453125,0.037109375
0.0,1.5106201171875,0.55694580078125,0.08392333984375,-0.022216796875,0.998046875,0.036376953125
0.0,1.51824951171875,0.5340576171875,0.18310546875,-0.021728515625,0.997314453125,0.03662109375
0.0,1.51824951171875,0.518798828125,0.28228759765625,-0.021728515625,0.996826171875,0.03662109375
0.0,1.5411376953125,0.5035400390625,0.3814697265625,-0.02197265625,0.99658203125,0.036865234375
0.0,1.5716552734375,0.5035400390625,0.4730224609375,-0.02099609375,0.996826171875,0.036865234375
0.0,1.6021728515625,0.4730224609375,0.5340576171875,-0.021240234375,0.997314453125,0.03759765625
0.0,1.64031982421875,0.43487548828125,0.60272216796875,-0.021240234375,0.99658203125,0.037353515625
0.0,1.67083740234375,0.4119873046875,0.6561279296875,-0.021728515625,0.996826171875,0.037353515625
0.0,1.678466796875,0.396728515625,0.67138671875,-0.021484375,0.99609375,0.037353515625
0.0,1.6937255859375,0.3814697265625,0.64849853515625,-0.0205078125,0.99658203125,0.03759765625
0.0,1.708984375,0.34332275390625,0.6561279296875,-0.020263671875,0.996826171875,0.037841796875
0.0,1.77001953125,0.31280517578125,0.6256103515625,-0.0205078125,0.99658203125,0.037109375
0.0,1.82342529296875,0.274658203125,0.5950927734375,-0.019775390625,0.99609375,0.037841796875
0.0,1.85394287109375,0.26702880859375,0.49591064453125,-0.019775390625,0.996337890625,0.037353515625
0.0,1.8768310546875,0.23651123046875,0.41961669921875,-0.01953125,0.996337890625,0.03759765625
0.0,1.922607421875,0.23651123046875,0.3509521484375,-0.01953125,0.996337890625,0.037841796875
0.0,1.96075439453125,0.1983642578125,0.2288818359375,-0.019287109375,0.996337890625,0.037353515625
0.0,1.99127197265625,0.152587890625,0.1220703125,-0.02001953125,0.996826171875,0.037353515625
0.0,2.0294189453125,0.14495849609375,0.030517578125,-0.018798828125,0.995849609375,0.037353515625
0.0,2.08282470703125,0.1220703125,-0.09918212890625,-0.01904296875,0.995849609375,0.037109375
0.0,2.105712890625,0.08392333984375,-0.23651123046875,-0.019775390625,0.99560546875,0.03759765625
0.0,2.12860107421875,0.06866455078125,-0.34332275390625,-0.019775390625,0.99658203125,0.037353515625
0.0,2.166748046875,0.030517578125,-0.48828125,-0.019287109375,0.99658203125,0.037353515625
0.0,2.197265625,-0.0152587890625,-0.58746337890625,-0.019775390625,0.9970703125,0.037353515625
0.0,2.227783203125,-0.02288818359375,-0.66375732421875,-0.01904296875,0.9970703125,0.037109375
0.0,2.227783203125,-0.06866455078125,-0.79345703125,-0.01953125,0.996826171875,0.036865234375
0.0,2.2735595703125,-0.1068115234375,-0.90789794921875,-0.019775390625,0.9970703125,0.037353515625
0.0,2.28118896484375,-0.11444091796875,-1.007080078125,-0.0205078125,0.99658203125,0.037353515625
0.0,2.3193359375,-0.152587890625,-1.03759765625,-0.0205078125,0.997802734375,0.037109375
0.0,2.3193359375,-0.22125244140625,-1.0833740234375,-0.020263671875,0.997802734375,0.036865234375
0.0,2.3345947265625,-0.26702880859375,-1.1138916015625,-0.02099609375,0.998291015625,0.037109375
0.0,2.349853515625,-0.274658203125,-1.09100341796875,-0.0205078125,0.99755859375,0.036865234375
0.0,2.3651123046875,-0.2899169921875,-1.0833740234375,-0.021240234375,0.997802734375,0.037109375
0.0,2.32696533203125,-0.335693359375,-1.0833740234375,-0.021240234375,0.998291015625,0.036376953125
0.0,2.32696533203125,-0.34332275390625,-0.9918212890625,-0.021484375,0.998291015625,0.03564453125
0.0,2.34222412109375,-0.40435791015625,-0.946044921875,-0.021240234375,0.998779296875,0.035888671875
0.0,2.34222412109375,-0.41961669921875,-0.9002685546875,-0.021240234375,0.998779296875,0.035888671875
0.0,2.3193359375,-0.4425048828125,-0.79345703125,-0.022216796875,0.998779296875,0.035888671875
0.0,2.28118896484375,-0.48828125,-0.66375732421875,-0.021240234375,0.99853515625,0.036376953125
0.0,2.2735595703125,-0.518798828125,-0.58746337890625,-0.021240234375,0.999267578125,0.036376953125
0.0,2.23541259765625,-0.5340576171875,-0.457763671875,-0.0224609375,0.998779296875,0.035888671875
0.0,2.2125244140625,-0.579833984375,-0.3662109375,-0.021728515625,0.999267578125,0.035888671875
0.0,2.23541259765625,-0.6103515625,-0.1983642578125,-0.0224609375,0.99951171875,0.035888671875
0.0,2.17437744140625,-0.6561279296875,-0.08392333984375,-0.021728515625,0.999755859375,0.03564453125
0.0,2.166748046875,-0.6866455078125,0.02288818359375,-0.021484375,0.99951171875,0.035888671875
0.0,2.14385986328125,-0.70953369140625,0.19073486328125,-0.021728515625,0.99951171875,0.034912109375
0.0,2.105712890625,-0.77056884765625,0.29754638671875,-0.02197265625,0.999755859375,0.035888671875
0.0,2.06756591796875,-0.79345703125,0.3814697265625,-0.02197265625,0.99951171875,0.03564453125
0.0,2.044677734375,-0.823974609375,0.48065185546875,-0.022216796875,0.999755859375,0.03564453125
0.0,2.00653076171875,-0.86212158203125,0.5340576171875,-0.021728515625,1.0,0.03662109375
0.0,1.9683837890625,-0.885009765625,0.60272216796875,-0.021484375,0.999755859375,0.03564453125
0.0,1.93023681640625,-0.91552734375,0.66375732421875,-0.021728515625,0.999267578125,0.03564453125
0.0,1.89971923828125,-0.96893310546875,0.701904296875,-0.02099609375,0.999755859375,0.03564453125
0.0,1.86920166015625,-1.0223388671875,0.69427490234375,-0.020751953125,0.99951171875,0.035888671875
0.0,1.80816650390625,-1.02996826171875,0.732421875,-0.021240234375,0.999755859375,0.0361328125
0.0,1.8310546875,-1.0986328125,0.72479248046875,-0.0205078125,0.99853515625,0.03515625
0.0,1.82342529296875,-1.10626220703125,0.69427490234375,-0.02001953125,0.999267578125,0.03564453125
0.0,1.76239013671875,-1.1444091796875,0.66375732421875,-0.0205078125,0.999267578125,0.036376953125
0.0,1.74713134765625,-1.19781494140625,0.5950927734375,-0.020263671875,0.999267578125,0.035888671875
0.0,1.76239013671875,-1.21307373046875,0.51116943359375,-0.01953125,0.999267578125,0.03662109375
0.0,1.74713134765625,-1.24359130859375,0.4425048828125,-0.019775390625,0.9990234375,0.035888671875
0.0,1.7242431640625,-1.2969970703125,0.34332275390625,-0.01953125,0.998779296875,0.0361328125
0.0,1.6632080078125,-1.3275146484375,0.23651123046875,-0.019775390625,0.9990234375,0.0361328125
0.0,1.6937255859375,-1.36566162109375,0.11444091796875,-0.019775390625,0.998046875,0.036376953125
0.0,1.6937255859375,-1.38092041015625,0.00762939453125,-0.019775390625,0.998046875,0.036376953125
0.0,1.678466796875,-1.41143798828125,-0.1068115234375,-0.01953125,0.998046875,0.03662109375
0.0,1.68609619140625,-1.4495849609375,-0.22125244140625,-0.02001953125,0.997802734375,0.035888671875
0.0,1.70135498046875,-1.50299072265625,-0.335693359375,-0.019775390625,0.99755859375,0.03662109375
0.0,1.70135498046875,-1.5411376953125,-0.4119873046875,-0.019775390625,0.997802734375,0.037353515625
0.0,1.678466796875,-1.5716552734375,-0.48828125,-0.02001953125,0.997802734375,0.037353515625
0.0,1.678466796875,-1.617431640625,-0.57220458984375,-0.02001953125,0.997314453125,0.03662109375
0.0,1.7242431640625,-1.64794921875,-0.64849853515625,-0.02001953125,0.9970703125,0.0361328125
0.0,1.7547607421875,-1.678466796875,-0.70953369140625,-0.019775390625,0.996826171875,0.037109375
0.0,1.76239013671875,-1.708984375,-0.762939453125,-0.0205078125,0.996337890625,0.037109375
0.0,1.7852783203125,-1.73187255859375,-0.7781982421875,-0.020263671875,0.99755859375,0.037353515625
0.0,1.80816650390625,-1.79290771484375,-0.78582763671875,-0.02099609375,0.997314453125,0.03759765625
0.0,1.8463134765625,-1.82342529296875,-0.79345703125,-0.02099609375,0.996826171875,0.037109375
0.0,1.86920166015625,-1.8463134765625,-0.77056884765625,-0.021484375,0.995849609375,0.037353515625
0.0,1.89971923828125,-1.9073486328125,-0.762939453125,-0.02197265625,0.99658203125,0.03759765625
0.0,1.9378662109375,-1.9378662109375,-0.67138671875,-0.02197265625,0.996337890625,0.036865234375
0.0,1.983642578125,-1.953125,-0.5950927734375,-0.021240234375,0.997314453125,0.037109375
0.0,2.00653076171875,-2.01416015625,-0.5645751953125,-0.021484375,0.9970703125,0.0380859375
0.0,2.01416015625,-2.0294189453125,-0.43487548828125,-0.022216796875,0.996337890625,0.037353515625
0.0,2.09808349609375,-2.044677734375,-0.31280517578125,-0.0224609375,0.99609375,0.036865234375
0.0,2.1514892578125,-2.105712890625,-0.213623046875,-0.0224609375,0.99609375,0.037109375
0.0,2.166748046875,-2.13623046875,-0.1068115234375,-0.0224609375,0.99658203125,0.037841796875
0.0,2.2125244140625,-2.17437744140625,0.0152587890625,-0.022216796875,0.9970703125,0.03759765625
0.0,2.25067138671875,-2.197265625,0.11444091796875,-0.0224609375,0.995849609375,0.0380859375
0.0,2.28118896484375,-2.29644775390625,0.32806396484375,-0.02197265625,0.99658203125,0.037353515625
0.0,2.34222412109375,-2.32696533203125,0.42724609375,-0.02197265625,0.99658203125,0.036865234375
0.0,2.38037109375,-2.3345947265625,0.579833984375,-0.022216796875,0.99658203125,0.037109375
0.0,2.410888671875,-2.38037109375,0.6866455078125,-0.02197265625,0.99658203125,0.03759765625
0.0,2.4566650390625,-2.40325927734375,0.77056884765625,-0.022216796875,0.996337890625,0.036376953125
0.0,2.47955322265625,-2.4261474609375,0.8544921875,-0.022216796875,0.9970703125,0.0361328125
0.0,2.50244140625,-2.46429443359375,0.946044921875,-0.021728515625,0.9970703125,0.03662109375
0.0,2.55584716796875,-2.5177001953125,1.007080078125,-0.021728515625,0.99658203125,0.037353515625
0.0,2.57110595703125,-2.55584716796875,1.03759765625,-0.021240234375,0.997314453125,0.036865234375
0.0,2.60162353515625,-2.5787353515625,1.06048583984375,-0.020751953125,0.996826171875,0.03662109375
0.0,2.6092529296875,-2.62451171875,1.0986328125,-0.02099609375,0.997314453125,0.03662109375
0.0,2.61688232421875,-2.62451171875,1.0833740234375,-0.019775390625,0.997314453125,0.036865234375
0.0,2.62451171875,-2.655029296875,1.068115234375,-0.0205078125,0.997314453125,0.037109375
0.0,2.655029296875,-2.69317626953125,1.06048583984375,-0.020751953125,0.9970703125,0.036865234375
0.0,2.6702880859375,-2.73895263671875,0.98419189453125,-0.020263671875,0.997314453125,0.036865234375
0.0,2.64739990234375,-2.7618408203125,0.91552734375,-0.020263671875,0.998291015625,0.03662109375
0.0,2.66265869140625,-2.777099609375,0.84686279296875,-0.019775390625,0.99755859375,0.036376953125
0.0,2.655029296875,-2.8076171875,0.77056884765625,-0.019287109375,0.997802734375,0.0361328125
0.0,2.66265869140625,-2.8228759765625,0.67138671875,-0.01953125,0.997802734375,0.03662109375
0.0,2.67791748046875,-2.87628173828125,0.579833984375,-0.019775390625,0.997802734375,0.036376953125
0.0,2.67791748046875,-2.899169921875,0.49591064453125,-0.01953125,0.997802734375,0.03662109375
0.0,2.6397705078125,-2.93731689453125,0.3814697265625,-0.019775390625,0.998779296875,0.035888671875
0.0,2.6397705078125,-2.9296875,0.274658203125,-0.01904296875,0.998779296875,0.035888671875
0.0,2.64739990234375,-2.99835205078125,0.1678466796875,-0.019287109375,0.99853515625,0.0361328125
0.0,2.63214111328125,-3.021240234375,0.091552734375,-0.018798828125,0.998779296875,0.035888671875
0.0,2.6092529296875,-3.021240234375,0.02288818359375,-0.01953125,0.9990234375,0.03564453125
0.0,2.60162353515625,-3.04412841796875,-0.08392333984375,-0.01953125,0.998779296875,0.035888671875
0.0,2.57110595703125,-3.05938720703125,-0.152587890625,-0.020263671875,0.998291015625,0.035400390625
0.0,2.57110595703125,-3.0975341796875,-0.20599365234375,-0.019775390625,0.9990234375,0.03515625
0.0,2.49481201171875,-3.11279296875,-0.25177001953125,-0.0205078125,0.99853515625,0.03564453125
0.0,2.50244140625,-3.1280517578125,-0.28228759765625,-0.019775390625,0.998779296875,0.035888671875
0.0,2.47955322265625,-3.173828125,-0.2593994140625,-0.0205078125,0.99853515625,0.03564453125
0.0,2.46429443359375,-3.2196044921875,-0.26702880859375,-0.020263671875,0.99951171875,0.0361328125
0.0,2.4566650390625,-3.2196044921875,-0.274658203125,-0.0205078125,0.999267578125,0.03564453125
0.0,2.41851806640625,-3.24249267578125,-0.22125244140625,-0.021728515625,0.999267578125,0.03564453125
0.0,2.37274169921875,-3.23486328125,-0.17547607421875,-0.02099609375,0.998779296875,0.03564453125
0.0,2.34222412109375,-3.28826904296875,-0.12969970703125,-0.02099609375,0.999267578125,0.03564453125
0.0,2.3651123046875,-3.3111572265625,-0.06103515625,-0.021240234375,0.9990234375,0.03564453125
0.0,2.35748291015625,-3.3111572265625,0.0457763671875,-0.021484375,0.999267578125,0.03564453125
0.0,2.31170654296875,-3.326416015625,0.09918212890625,-0.021728515625,0.998779296875,0.0361328125
0.0,2.28118896484375,-3.36456298828125,0.23651123046875,-0.021484375,0.998779296875,0.03515625
0.0,2.288818359375,-3.37982177734375,0.37384033203125,-0.021484375,0.998291015625,0.035888671875
0.0,2.2735595703125,-3.4027099609375,0.4730224609375,-0.021728515625,0.9990234375,0.03515625
0.0,2.25830078125,-3.41033935546875,0.58746337890625,-0.021728515625,0.998291015625,0.0361328125
0.0,2.25830078125,-3.4637451171875,0.732421875,-0.021728515625,0.99853515625,0.03662109375
0.0,2.22015380859375,-3.4637451171875,0.81634521484375,-0.021484375,0.99853515625,0.036376953125
0.0,2.20489501953125,-3.4942626953125,0.946044921875,-0.020751953125,0.999267578125,0.0361328125
0.0,2.227783203125,-3.509521484375,1.0528564453125,-0.021240234375,0.998291015625,0.0361328125
0.0,2.25830078125,-3.5400390625,1.16729736328125,-0.021240234375,0.998291015625,0.0361328125
0.0,2.2430419921875,-3.53240966796875,1.25885009765625,-0.021728515625,0.998291015625,0.036376953125
0.0,2.227783203125,-3.5247802734375,1.31988525390625,-0.021728515625,0.998291015625,0.036865234375
0.0,2.25830078125,-3.5400390625,1.38092041015625,-0.021240234375,0.998046875,0.03662109375
0.0,2.2430419921875,-3.5858154296875,1.44195556640625,-0.021484375,0.998046875,0.036376953125
0.0,2.25830078125,-3.5858154296875,1.48773193359375,-0.02099609375,0.99755859375,0.037109375
0.0,2.26593017578125,-3.59344482421875,1.51824951171875,-0.020751953125,0.99755859375,0.037109375
0.0,2.2735595703125,-3.63922119140625,1.50299072265625,-0.02001953125,0.9970703125,0.036865234375
0.0,2.3193359375,-3.63922119140625,1.51824951171875,-0.02001953125,0.997802734375,0.036865234375
0.0,2.3193359375,-3.662109375,1.48773193359375,-0.019775390625,0.99755859375,0.036865234375
0.0,2.3651123046875,-3.6773681640625,1.4495849609375,-0.019775390625,0.997314453125,0.037109375
0.0,2.37274169921875,-3.662109375,1.39617919921875,-0.020263671875,0.99658203125,0.037109375
0.0,2.4261474609375,-3.6773681640625,1.2969970703125,-0.019287109375,0.99658203125,0.03662109375
0.0,2.41851806640625,-3.72314453125,1.25885009765625,-0.019287109375,0.997314453125,0.037353515625
0.0,2.44903564453125,-3.72314453125,1.1138916015625,-0.01904296875,0.996826171875,0.037353515625
0.0,2.47955322265625,-3.72314453125,1.03759765625,-0.018798828125,0.996337890625,0.037353515625
0.0,2.54058837890625,-3.71551513671875,0.9307861328125,-0.019287109375,0.99658203125,0.036865234375
0.0,2.57110595703125,-3.753662109375,0.823974609375,-0.01904296875,0.99658203125,0.036865234375
0.0,2.58636474609375,-3.72314453125,0.74005126953125,-0.019287109375,0.996826171875,0.037109375
0.0,2.593994140625,-3.72314453125,0.640869140625,-0.01904296875,0.997314453125,0.036865234375
0.0,2.63214111328125,-3.72314453125,0.5340576171875,-0.01904296875,0.996826171875,0.03662109375
0.0,2.67791748046875,-3.7384033203125,0.41961669921875,-0.018798828125,0.99658203125,0.036865234375
0.0,2.67791748046875,-3.73077392578125,0.3662109375,-0.019287109375,0.996826171875,0.037109375
0.0,2.69317626953125,-3.7384033203125,0.30517578125,-0.01953125,0.99658203125,0.037109375
0.0,2.716064453125,-3.77655029296875,0.2288818359375,-0.019775390625,0.9970703125,0.037353515625
0.0,2.74658203125,-3.753662109375,0.14495849609375,-0.020263671875,0.996337890625,0.037109375
0.0,2.79998779296875,-3.753662109375,0.091552734375,-0.01953125,0.996337890625,0.036865234375
0.0,2.79998779296875,-3.7689208984375,0.09918212890625,-0.019775390625,0.997314453125,0.037109375
0.0,2.83050537109375,-3.7689208984375,0.091552734375,-0.02001953125,0.9970703125,0.037109375
0.0,2.83050537109375,-3.753662109375,0.11444091796875,-0.019775390625,0.9970703125,0.036376953125
0.0,2.83050537109375,-3.753662109375,0.12969970703125,-0.02001953125,0.99755859375,0.03662109375
0.0,2.899169921875,-3.7994384765625,0.1678466796875,-0.020751953125,0.998046875,0.036865234375
0.0,2.89154052734375,-3.76129150390625,0.2288818359375,-0.0205078125,0.998046875,0.036376953125
0.0,2.87628173828125,-3.7384033203125,0.2899169921875,-0.02099609375,0.99755859375,0.0361328125
0.0,2.89154052734375,-3.753662109375,0.3662109375,-0.021240234375,0.998291015625,0.0361328125
0.0,2.899169921875,-3.76129150390625,0.457763671875,-0.021240234375,0.99853515625,0.036376953125
0.0,2.89154052734375,-3.7689208984375,0.55694580078125,-0.021240234375,0.998291015625,0.03564453125
0.0,2.9144287109375,-3.7689208984375,0.64849853515625,-0.0205078125,0.998046875,0.03662109375
0.0,2.90679931640625,-3.74603271484375,0.72479248046875,-0.021240234375,0.998046875,0.036376953125
0.0,2.899169921875,-3.76129150390625,0.86212158203125,-0.02099609375,0.997802734375,0.03564453125
0.0,2.89154052734375,-3.72314453125,0.9613037109375,-0.02099609375,0.997802734375,0.036376953125
0.0,2.899169921875,-3.72314453125,1.0833740234375,-0.021240234375,0.998779296875,0.035888671875
0.0,2.8839111328125,-3.7384033203125,1.18255615234375,-0.02099609375,0.998779296875,0.0361328125
0.0,2.86102294921875,-3.71551513671875,1.2969970703125,-0.02099609375,0.99853515625,0.035888671875
0.0,2.8533935546875,-3.68499755859375,1.39617919921875,-0.02099609375,0.999267578125,0.03564453125
0.0,2.838134765625,-3.68499755859375,1.45721435546875,-0.020263671875,0.999267578125,0.03564453125
0.0,2.79998779296875,-3.662109375,1.556396484375,-0.0205078125,0.99951171875,0.03564453125
0.0,2.79998779296875,-3.6773681640625,1.617431640625,-0.02001953125,0.9990234375,0.035888671875
0.0,2.777099609375,-3.66973876953125,1.6326904296875,-0.020263671875,0.99951171875,0.03564453125
0.0,2.72369384765625,-3.60870361328125,1.708984375,-0.019775390625,0.99951171875,0.03564453125
0.0,2.73895263671875,-3.6468505859375,1.739501953125,-0.01953125,0.998779296875,0.03564453125
0.0,2.6702880859375,-3.631591796875,1.71661376953125,-0.019287109375,0.9990234375,0.036376953125
0.0,2.63214111328125,-3.59344482421875,1.71661376953125,-0.01953125,0.99951171875,0.035400390625
0.0,2.6092529296875,-3.6163330078125,1.65557861328125,-0.019775390625,0.99951171875,0.03564453125
0.0,2.61688232421875,-3.60107421875,1.64794921875,-0.01904296875,0.999267578125,0.035888671875
0.0,2.57110595703125,-3.56292724609375,1.6021728515625,-0.01904296875,0.998291015625,0.035888671875
0.0,2.55584716796875,-3.51715087890625,1.53350830078125,-0.018798828125,0.999267578125,0.03564453125
0.0,2.5177001953125,-3.51715087890625,1.434326171875,-0.0185546875,0.999267578125,0.03564453125
0.0,2.49481201171875,-3.50189208984375,1.36566162109375,-0.0185546875,0.998779296875,0.03515625
0.0,2.47955322265625,-3.47900390625,1.31988525390625,-0.018798828125,0.998779296875,0.03515625
0.0,2.44903564453125,-3.47137451171875,1.18255615234375,-0.018798828125,0.9990234375,0.03564453125
0.0,2.41851806640625,-3.47137451171875,1.0833740234375,-0.01806640625,0.998779296875,0.03564453125
0.0,2.44140625,-3.42559814453125,0.96893310546875,-0.01806640625,0.998779296875,0.03515625
0.0,2.410888671875,-3.41033935546875,0.84686279296875,-0.01806640625,0.998291015625,0.0361328125
0.0,2.38800048828125,-3.37982177734375,0.7476806640625,-0.018310546875,0.999267578125,0.036865234375
0.0,2.349853515625,-3.3416748046875,0.66375732421875,-0.0185546875,0.99853515625,0.036376953125
0.0,2.3345947265625,-3.326416015625,0.54931640625,-0.0185546875,0.998779296875,0.03564453125
0.0,2.3345947265625,-3.2958984375,0.4730224609375,-0.017822265625,0.99853515625,0.035888671875
0.0,2.3040771484375,-3.2806396484375,0.41961669921875,-0.018798828125,0.998291015625,0.0361328125
0.0,2.3193359375,-3.24249267578125,0.3204345703125,-0.0185546875,0.998291015625,0.036376953125
0.0,2.29644775390625,-3.18145751953125,0.2593994140625,-0.018798828125,0.998046875,0.03662109375
0.0,2.26593017578125,-3.16619873046875,0.213623046875,-0.018798828125,0.99755859375,0.036865234375
0.0,2.26593017578125,-3.1280517578125,0.19073486328125,-0.01904296875,0.998291015625,0.0361328125
0.0,2.26593017578125,-3.12042236328125,0.16021728515625,-0.019775390625,0.998291015625,0.03662109375
0.0,2.25067138671875,-3.0975341796875,0.18310546875,-0.019775390625,0.998046875,0.036376953125
0.0,2.26593017578125,-3.0670166015625,0.20599365234375,-0.02001953125,0.997314453125,0.036865234375
0.0,2.29644775390625,-3.0364990234375,0.23651123046875,-0.019775390625,0.9970703125,0.037109375
0.0,2.29644775390625,-2.96783447265625,0.2899169921875,-0.02001953125,0.99755859375,0.036376953125
0.0,2.3193359375,-2.960205078125,0.35858154296875,-0.019775390625,0.997802734375,0.03662109375
0.0,2.32696533203125,-2.92205810546875,0.40435791015625,-0.020263671875,0.997802734375,0.036865234375
0.0,2.3651123046875,-2.89154052734375,0.518798828125,-0.020751953125,0.998046875,0.036376953125
0.0,2.3345947265625,-2.86865234375,0.6103515625,-0.02001953125,0.997314453125,0.037353515625
0.0,2.3345947265625,-2.8228759765625,0.6866455078125,-0.02001953125,0.997314453125,0.037109375
0.0,2.3651123046875,-2.79998779296875,0.77056884765625,-0.020263671875,0.9970703125,0.036865234375
0.0,2.40325927734375,-2.777099609375,0.87738037109375,-0.020263671875,0.997314453125,0.03662109375
0.0,2.38800048828125,-2.7313232421875,0.98419189453125,-0.019775390625,0.996826171875,0.037109375
0.0,2.38800048828125,-2.6702880859375,1.1138916015625,-0.020751953125,0.996826171875,0.036865234375
0.0,2.44140625,-2.66265869140625,1.18255615234375,-0.020263671875,0.99658203125,0.037109375
0.0,2.44903564453125,-2.62451171875,1.251220703125,-0.02001953125,0.996337890625,0.03759765625
0.0,2.471923828125,-2.5634765625,1.3427734375,-0.019775390625,0.997314453125,0.03759765625
0.0,2.49481201171875,-2.532958984375,1.434326171875,-0.02001953125,0.99755859375,0.037109375
0.0,2.5177001953125,-2.4871826171875,1.47247314453125,-0.02001953125,0.9970703125,0.037109375
0.0,2.5177001953125,-2.4566650390625,1.53350830078125,-0.019775390625,0.99755859375,0.0361328125
0.0,2.5634765625,-2.40325927734375,1.5869140625,-0.01904296875,0.997802734375,0.037353515625
0.0,2.5787353515625,-2.35748291015625,1.617431640625,-0.01953125,0.997802734375,0.037109375
0.0,2.58636474609375,-2.31170654296875,1.5869140625,-0.019287109375,0.99755859375,0.037109375
0.0,2.58636474609375,-2.288818359375,1.59454345703125,-0.018798828125,0.997802734375,0.035888671875
0.0,2.61688232421875,-2.23541259765625,1.5716552734375,-0.018798828125,0.9970703125,0.036376953125
0.0,2.655029296875,-2.1820068359375,1.50299072265625,-0.0185546875,0.9970703125,0.037109375
0.0,2.6702880859375,-2.14385986328125,1.46484375,-0.01806640625,0.997314453125,0.037109375
0.0,2.67791748046875,-2.105712890625,1.39617919921875,-0.017822265625,0.997314453125,0.037353515625
0.0,2.6702880859375,-2.0599365234375,1.31988525390625,-0.017578125,0.9970703125,0.036865234375
0.0,2.7008056640625,-2.02178955078125,1.2664794921875,-0.018310546875,0.99658203125,0.037353515625
0.0,2.7008056640625,-1.97601318359375,1.15966796875,-0.01806640625,0.998046875,0.037109375
0.0,2.67791748046875,-1.953125,1.04522705078125,-0.018310546875,0.99755859375,0.036865234375
0.0,2.64739990234375,-1.88446044921875,0.946044921875,-0.01806640625,0.997314453125,0.03662109375
0.0,2.6702880859375,-1.800537109375,0.83160400390625,-0.017578125,0.998046875,0.036865234375
0.0,2.69317626953125,-1.77764892578125,0.732421875,-0.017822265625,0.99853515625,0.037109375
0.0,2.67791748046875,-1.71661376953125,0.5950927734375,-0.017822265625,0.998046875,0.036865234375
0.0,2.6702880859375,-1.68609619140625,0.5035400390625,-0.017822265625,0.998046875,0.036376953125
0.0,2.655029296875,-1.60980224609375,0.40435791015625,-0.0185546875,0.99853515625,0.036376953125
0.0,2.64739990234375,-1.5716552734375,0.31280517578125,-0.017822265625,0.99853515625,0.03662109375
0.0,2.63214111328125,-1.52587890625,0.20599365234375,-0.01806640625,0.99853515625,0.035888671875
0.0,2.63214111328125,-1.4801025390625,0.11444091796875,-0.017578125,0.998291015625,0.035888671875
0.0,2.6092529296875,-1.4190673828125,0.06866455078125,-0.01806640625,0.9990234375,0.036865234375
0.0,2.60162353515625,-1.373291015625,0.0152587890625,-0.018310546875,0.999267578125,0.036376953125
0.0,2.58636474609375,-1.33514404296875,0.00762939453125,-0.018310546875,0.998046875,0.036376953125
0.0,2.55584716796875,-1.2664794921875,-0.02288818359375,-0.01806640625,0.998046875,0.035888671875
0.0,2.532958984375,-1.2359619140625,-0.0762939453125,-0.01904296875,0.998779296875,0.036376953125
0.0,2.51007080078125,-1.16729736328125,-0.05340576171875,-0.018798828125,1.0,0.0361328125
0.0,2.46429443359375,-1.129150390625,-0.030517578125,-0.018798828125,0.9990234375,0.036376953125
0.0,2.46429443359375,-1.068115234375,-0.00762939453125,-0.01904296875,0.9990234375,0.0361328125
0.0,2.4261474609375,-1.01470947265625,0.05340576171875,-0.01904296875,0.99951171875,0.03564453125
0.0,2.3956298828125,-0.96893310546875,0.091552734375,-0.020263671875,0.999755859375,0.036376953125
0.0,2.38037109375,-0.92315673828125,0.19073486328125,-0.01953125,0.99951171875,0.035400390625
0.0,2.35748291015625,-0.87738037109375,0.2288818359375,-0.01953125,0.99951171875,0.035888671875
0.0,2.32696533203125,-0.80108642578125,0.335693359375,-0.019775390625,0.9990234375,0.036865234375
0.0,2.2735595703125,-0.7476806640625,0.38909912109375,-0.019775390625,0.999267578125,0.0361328125
0.0,2.2735595703125,-0.69427490234375,0.5035400390625,-0.019775390625,0.99951171875,0.0361328125
0.0,2.227783203125,-0.640869140625,0.58746337890625,-0.01953125,0.9990234375,0.03662109375
0.0,2.2125244140625,-0.6103515625,0.67138671875,-0.02001953125,0.999267578125,0.035888671875
0.0,2.1820068359375,-0.57220458984375,0.74005126953125,-0.01904296875,0.9990234375,0.0361328125
0.0,2.15911865234375,-0.46539306640625,0.9002685546875,-0.019775390625,0.99853515625,0.036376953125
0.0,2.1209716796875,-0.42724609375,1.0223388671875,-0.01953125,0.99853515625,0.03662109375
0.0,2.11334228515625,-0.3814697265625,1.06048583984375,-0.01953125,0.9990234375,0.037109375
0.0,2.08282470703125,-0.31280517578125,1.09100341796875,-0.019287109375,0.999267578125,0.0361328125
0.0,2.03704833984375,-0.274658203125,1.129150390625,-0.01953125,0.998779296875,0.03662109375
0.0,2.0599365234375,-0.22125244140625,1.18255615234375,-0.01904296875,0.9990234375,0.037109375
0.0,2.00653076171875,-0.18310546875,1.220703125,-0.01904296875,0.998779296875,0.0361328125
0.0,2.00653076171875,-0.1068115234375,1.21307373046875,-0.019287109375,0.99853515625,0.03662109375
0.0,2.00653076171875,-0.0457763671875,1.18255615234375,-0.01904296875,0.99853515625,0.03662109375
0.0,2.01416015625,-0.030517578125,1.19781494140625,-0.018310546875,0.9990234375,0.035888671875
0.0,1.97601318359375,0.02288818359375,1.16729736328125,-0.018310546875,0.998291015625,0.036376953125
0.0,1.9989013671875,0.091552734375,1.1138916015625,-0.018310546875,0.997802734375,0.036865234375
0.0,2.00653076171875,0.11444091796875,1.03759765625,-0.018798828125,0.997802734375,0.036865234375
0.0,1.99127197265625,0.152587890625,1.068115234375,-0.01806640625,0.996826171875,0.0361328125
0.0,2.02178955078125,0.23651123046875,0.93841552734375,-0.01708984375,0.99853515625,0.037109375
0.0,2.00653076171875,0.29754638671875,0.701904296875,-0.016357421875,0.997314453125,0.037353515625
0.0,2.00653076171875,0.32806396484375,0.6866455078125,-0.018798828125,0.997314453125,0.037109375
0.0,2.02178955078125,0.37384033203125,0.55694580078125,-0.017822265625,0.996826171875,0.037109375
0.0,2.05230712890625,0.40435791015625,0.55694580078125,-0.01708984375,0.998046875,0.037109375
0.0,2.03704833984375,0.45013427734375,0.3662109375,-0.017578125,0.997314453125,0.03759765625
0.0,2.02178955078125,0.51116943359375,0.26702880859375,-0.017578125,0.996337890625,0.03759765625
0.0,2.06756591796875,0.54931640625,0.09918212890625,-0.018798828125,0.997314453125,0.037109375
0.0,2.0751953125,0.5950927734375,0.19073486328125,-0.017333984375,0.997802734375,0.037353515625
0.0,2.09808349609375,0.640869140625,-0.030517578125,-0.017822265625,0.997314453125,0.037353515625
0.0,2.08282470703125,0.69427490234375,-0.14495849609375,-0.018798828125,0.996826171875,0.0380859375
0.0,2.13623046875,0.72479248046875,-0.17547607421875,-0.018798828125,0.9951171875,0.036865234375
0.0,2.105712890625,0.72479248046875,-0.152587890625,-0.01708984375,0.996337890625,0.037353515625
0.0,2.166748046875,0.80108642578125,-0.38909912109375,-0.01806640625,0.997802734375,0.03857421875
0.0,2.14385986328125,0.83160400390625,-0.4425048828125,-0.019287109375,0.99658203125,0.036865234375
0.0,2.1514892578125,0.885009765625,-0.3814697265625,-0.01806640625,0.99853515625,0.0380859375
0.0,2.2125244140625,0.91552734375,-0.3662109375,-0.018310546875,0.99609375,0.037353515625
0.0,2.227783203125,0.92315673828125,-0.37384033203125,-0.019287109375,0.99658203125,0.036865234375
0.0,2.23541259765625,0.9918212890625,-0.46539306640625,-0.018798828125,0.9970703125,0.037109375
0.0,2.26593017578125,1.02996826171875,-0.38909912109375,-0.01904296875,0.9990234375,0.038330078125
0.0,2.25067138671875,1.02996826171875,-0.29754638671875,-0.020751953125,0.99658203125,0.036865234375
0.0,2.25067138671875,1.07574462890625,-0.274658203125,-0.0185546875,0.997802734375,0.037353515625
0.0,2.2735595703125,1.15203857421875,-0.23651123046875,-0.020751953125,0.997802734375,0.037841796875
0.0,2.227783203125,1.13677978515625,-0.12969970703125,-0.019775390625,0.996826171875,0.03662109375
0.0,2.288818359375,1.1749267578125,-0.11444091796875,-0.02001953125,0.998291015625,0.037109375
0.0,2.3345947265625,1.15966796875,0.0,-0.022216796875,0.998046875,0.037109375
0.0,2.25830078125,1.27410888671875,0.11444091796875,-0.019775390625,0.9970703125,0.036376953125
0.0,2.28118896484375,1.312255859375,-0.030517578125,-0.018310546875,0.998046875,0.037353515625
0.0,2.288818359375,1.2664794921875,0.23651123046875,-0.02392578125,0.998046875,0.036865234375
0.0,2.3193359375,1.31988525390625,0.457763671875,-0.01806640625,0.998291015625,0.0361328125
0.0,2.3193359375,1.3580322265625,0.4730224609375,-0.01904296875,0.998046875,0.036865234375
0.0,2.25067138671875,1.434326171875,0.25177001953125,-0.0224609375,0.997802734375,0.037109375
0.0,2.288818359375,1.42669677734375,0.5340576171875,-0.019287109375,1.00048828125,0.037353515625
0.0,2.288818359375,1.44195556640625,0.7171630859375,-0.020263671875,0.998046875,0.037109375
0.0,2.2430419921875,1.45721435546875,0.84686279296875,-0.02099609375,0.9990234375,0.034912109375
0.0,2.2125244140625,1.50299072265625,0.67138671875,-0.017822265625,0.998046875,0.03662109375
0.0,2.25830078125,1.56402587890625,0.54168701171875,-0.01806640625,0.999755859375,0.036865234375
0.0,2.25067138671875,1.53350830078125,0.81634521484375,-0.023681640625,0.999755859375,0.03662109375
0.0,2.18963623046875,1.54876708984375,0.93841552734375,-0.018310546875,1.00048828125,0.037109375
0.0,2.166748046875,1.57928466796875,0.8392333984375,-0.01708984375,0.997314453125,0.035888671875
0.0,2.14385986328125,1.64794921875,0.54168701171875,-0.020263671875,0.999755859375,0.03662109375
0.0,2.11334228515625,1.6632080078125,0.7171630859375,-0.019775390625,0.9990234375,0.036865234375
0.0,2.09808349609375,1.617431640625,0.7476806640625,-0.018310546875,0.998779296875,0.0361328125
0.0,2.0751953125,1.65557861328125,0.64849853515625,-0.018310546875,1.000244140625,0.037353515625
0.0,2.0294189453125,1.73187255859375,0.46539306640625,-0.018310546875,0.998046875,0.0361328125
0.0,1.983642578125,1.73187255859375,0.396728515625,-0.01904296875,0.99951171875,0.036376953125
0.0,1.97601318359375,1.7242431640625,0.45013427734375,-0.01806640625,0.998291015625,0.035400390625
0.0,1.983642578125,1.76239013671875,0.28228759765625,-0.016845703125,0.998779296875,0.035888671875
0.0,1.9683837890625,1.8157958984375,0.030517578125,-0.0185546875,0.999755859375,0.037109375
0.0,1.89971923828125,1.79290771484375,0.0152587890625,-0.01904296875,1.0,0.037353515625
0.0,1.8768310546875,1.800537109375,0.0152587890625,-0.018310546875,0.99853515625,0.036376953125
0.0,1.8463134765625,1.8310546875,-0.08392333984375,-0.01904296875,0.998779296875,0.03662109375
0.0,1.82342529296875,1.8310546875,-0.25177001953125,-0.018310546875,0.99853515625,0.036376953125
0.0,1.8157958984375,1.88446044921875,-0.4119873046875,-0.01708984375,1.000244140625,0.03564453125
0.0,1.800537109375,1.8463134765625,-0.46539306640625,-0.020751953125,0.9990234375,0.03564453125
0.0,1.74713134765625,1.86920166015625,-0.3662109375,-0.018798828125,1.000244140625,0.03662109375
0.0,1.76239013671875,1.91497802734375,-0.5340576171875,-0.018310546875,0.998779296875,0.036376953125
0.0,1.708984375,1.91497802734375,-0.72479248046875,-0.019287109375,0.99755859375,0.036376953125
0.0,1.71661376953125,1.9378662109375,-0.61798095703125,-0.020263671875,0.999267578125,0.03515625
0.0,1.7242431640625,1.922607421875,-0.6866455078125,-0.02001953125,0.999755859375,0.03759765625
0.0,1.6632080078125,1.922607421875,-0.67138671875,-0.017822265625,0.997314453125,0.03515625
0.0,1.6632080078125,1.96075439453125,-0.69427490234375,-0.021484375,0.998046875,0.0361328125
0.0,1.67083740234375,1.9378662109375,-0.701904296875,-0.018310546875,0.998291015625,0.036865234375
0.0,1.65557861328125,1.983642578125,-0.6103515625,-0.021240234375,0.998779296875,0.035888671875
0.0,1.64031982421875,1.983642578125,-0.67901611328125,-0.02001953125,0.998046875,0.037353515625
0.0,1.6326904296875,1.9989013671875,-0.63323974609375,-0.019287109375,0.9990234375,0.036865234375
0.0,1.64031982421875,1.9989013671875,-0.58746337890625,-0.0205078125,0.99853515625,0.035888671875
0.0,1.62506103515625,1.983642578125,-0.38909912109375,-0.020263671875,0.997314453125,0.03564453125
0.0,1.6632080078125,1.99127197265625,-0.3509521484375,-0.020263671875,0.9970703125,0.037353515625
0.0,1.6326904296875,1.99127197265625,-0.30517578125,-0.01904296875,0.99853515625,0.037841796875
0.0,1.617431640625,2.0294189453125,-0.2899169921875,-0.021484375,0.997802734375,0.036865234375
0.0,1.64031982421875,2.00653076171875,-0.17547607421875,-0.021484375,0.998046875,0.03662109375
0.0,1.6326904296875,1.99127197265625,0.0152587890625,-0.02001953125,0.99560546875,0.036376953125
0.0,1.6632080078125,1.9989013671875,0.06103515625,-0.019287109375,0.99853515625,0.037353515625
0.0,1.65557861328125,2.01416015625,0.08392333984375,-0.0205078125,0.9990234375,0.0390625
0.0,1.60980224609375,2.00653076171875,0.213623046875,-0.021728515625,0.9970703125,0.036865234375
0.0,1.65557861328125,1.97601318359375,0.34332275390625,-0.020263671875,0.99755859375,0.037841796875
0.0,1.70135498046875,2.00653076171875,0.35858154296875,-0.02099609375,0.99560546875,0.035400390625
0.0,1.7547607421875,1.983642578125,0.4119873046875,-0.020751953125,0.9970703125,0.03662109375
0.0,1.77001953125,1.99127197265625,0.48828125,-0.0205078125,0.998291015625,0.037109375
0.0,1.76239013671875,1.99127197265625,0.45013427734375,-0.02099609375,1.0,0.0390625
0.0,1.7852783203125,2.01416015625,0.5645751953125,-0.02001953125,0.9951171875,0.03564453125
0.0,1.77764892578125,1.9683837890625,0.52642822265625,-0.02099609375,0.999267578125,0.0380859375
0.0,1.80816650390625,1.9683837890625,0.63323974609375,-0.019287109375,0.9951171875,0.035400390625
0.0,1.89971923828125,1.97601318359375,0.54931640625,-0.02099609375,0.996826171875,0.036376953125
0.0,1.88446044921875,1.94549560546875,0.457763671875,-0.018798828125,0.997802734375,0.0380859375
0.0,1.83868408203125,1.9683837890625,0.49591064453125,-0.020751953125,0.997802734375,0.037353515625
0.0,1.9073486328125,1.9378662109375,0.49591064453125,-0.01904296875,0.99755859375,0.0380859375
0.0,1.94549560546875,1.922607421875,0.48828125,-0.019775390625,0.996337890625,0.036376953125
0.0,1.922607421875,1.953125,0.32806396484375,-0.01953125,0.996337890625,0.037841796875
0.0,1.99127197265625,1.9378662109375,0.16021728515625,-0.017578125,0.99560546875,0.03662109375
0.0,2.00653076171875,1.9378662109375,0.244140625,-0.020263671875,1.0,0.0400390625
0.0,1.94549560546875,1.8768310546875,0.1678466796875,-0.01953125,0.996337890625,0.0361328125
0.0,1.9989013671875,1.91497802734375,0.03814697265625,-0.01953125,0.997802734375,0.038330078125
0.0,2.02178955078125,1.89971923828125,-0.1373291015625,-0.017822265625,0.99658203125,0.037109375
0.0,2.01416015625,1.89971923828125,-0.1068115234375,-0.02001953125,0.998779296875,0.03857421875
0.0,2.0751953125,1.89971923828125,-0.2593994140625,-0.017578125,0.99462890625,0.03369140625
0.0,2.05230712890625,1.8157958984375,-0.25177001953125,-0.019775390625,1.003173828125,0.04345703125
0.0,2.00653076171875,1.88446044921875,-0.41961669921875,-0.01904296875,0.99560546875,0.03466796875
0.0,1.983642578125,1.861572265625,-0.48828125,-0.016357421875,1.0,0.0380859375
0.0,2.05230712890625,1.8157958984375,-0.396728515625,-0.026123046875,0.994873046875,0.035400390625
0.0,2.13623046875,1.79290771484375,-0.54168701171875,-0.01611328125,0.99853515625,0.038818359375
0.0,1.983642578125,1.82342529296875,-0.732421875,-0.018310546875,1.00146484375,0.037109375
0.0,1.9683837890625,1.85394287109375,-0.66375732421875,-0.026611328125,1.004150390625,0.042724609375
0.0,1.9683837890625,1.739501953125,-0.63323974609375,-0.015625,0.98876953125,0.029296875
0.0,1.9989013671875,1.80816650390625,-0.34332275390625,-0.01904296875,1.00146484375,0.045166015625
0.0,1.96075439453125,1.93023681640625,-1.068115234375,-0.0146484375,0.994140625,0.042724609375
0.0,1.9683837890625,1.9073486328125,-0.396728515625,-0.0185546875,1.0029296875,0.04052734375
0.0,1.8768310546875,1.9683837890625,-0.98419189453125,-0.02392578125,0.9931640625,0.029296875
0.0,1.79290771484375,2.12860107421875,-0.7476806640625,-0.013671875,1.016357421875,0.049560546875
0.0,1.89971923828125,1.74713134765625,-1.06048583984375,-0.028076171875,0.986328125,0.024658203125
0.0,1.6632080078125,1.556396484375,0.16021728515625,-0.021728515625,1.014404296875,0.046630859375
0.0,1.6937255859375,1.64794921875,0.05340576171875,-0.01953125,0.999267578125,0.041748046875
0.0,1.495361328125,1.617431640625,-0.16021728515625,-0.024169921875,1.0,0.033935546875
0.0,1.44195556640625,1.56402587890625,-0.4730224609375,-0.01904296875,1.00537109375,0.037841796875
0.0,1.3885498046875,1.89971923828125,0.18310546875,-0.022705078125,0.994873046875,0.0390625
0.0,1.7242431640625,1.6632080078125,-0.5340576171875,-0.0283203125,0.990478515625,0.025634765625
0.0,1.22833251953125,1.38092041015625,-0.244140625,-0.0341796875,1.014892578125,0.05126953125
0.0,1.56402587890625,1.678466796875,-0.75531005859375,-0.02294921875,0.990966796875,0.03857421875
0.0,1.1444091796875,1.4190673828125,-0.823974609375,-0.027587890625,1.00244140625,0.036865234375
0.0,1.373291015625,1.64794921875,-0.52642822265625,-0.010498046875,1.0107421875,0.03955078125
0.0,1.12152099609375,1.5411376953125,-0.20599365234375,-0.027099609375,1.005615234375,0.042236328125
0.0,1.12152099609375,1.2664794921875,-0.46539306640625,-0.02587890625,0.995361328125,0.033447265625
0.0,0.8697509765625,1.251220703125,0.640869140625,-0.016845703125,1.01513671875,0.051025390625
0.0,1.12152099609375,0.9613037109375,1.312255859375,-0.005615234375,0.991943359375,0.034423828125
0.0,0.70953369140625,0.93841552734375,1.65557861328125,-0.016845703125,1.006103515625,0.047119140625
0.0,0.9918212890625,1.38092041015625,1.13677978515625,-0.009765625,1.00244140625,0.035888671875
0.0,0.63323974609375,1.50299072265625,1.495361328125,-0.029296875,1.021240234375,0.054443359375
0.0,0.701904296875,1.52587890625,0.1220703125,-0.03857421875,0.9833984375,0.025146484375
0.0,0.66375732421875,1.40380859375,-1.0528564453125,-0.03125,1.00244140625,0.052734375
0.0,0.87738037109375,1.2969970703125,-1.50299072265625,-0.016845703125,0.990478515625,0.029296875
0.0,0.54168701171875,1.2359619140625,1.06048583984375,-0.0087890625,1.0263671875,0.062255859375
0.0,0.7781982421875,1.0528564453125,1.5411376953125,-0.0322265625,0.997802734375,0.033935546875
0.0,0.152587890625,0.48065185546875,-0.54931640625,-0.039306640625,1.00927734375,0.061279296875
0.0,0.57220458984375,0.41961669921875,-0.3814697265625,-0.009521484375,0.986572265625,0.01416015625
0.0,0.93841552734375,0.67901611328125,3.47137451171875,-0.003662109375,1.001220703125,0.04833984375
0.0,1.04522705078125,0.6866455078125,1.79290771484375,-0.01123046875,1.000244140625,0.038330078125
0.0,0.1678466796875,1.01470947265625,-0.2899169921875,-0.006103515625,1.026611328125,0.069091796875
0.0,0.67138671875,1.4801025390625,-0.28228759765625,-0.017822265625,0.9794921875,0.007080078125
0.0,0.701904296875,1.5716552734375,1.0986328125,-0.033203125,1.02099609375,0.062255859375
0.0,0.66375732421875,1.27410888671875,-0.11444091796875,-0.028564453125,0.997314453125,0.034912109375
0.0,0.4425048828125,0.72479248046875,-0.58746337890625,-0.01708984375,1.01123046875,0.065673828125
0.0,0.93841552734375,0.51116943359375,0.99945068359375,-0.015625,0.9873046875,0.017333984375
0.0,0.8392333984375,0.87738037109375,2.37274169921875,-0.027099609375,1.004150390625,0.05419921875
0.0,0.9613037109375,1.09100341796875,-1.220703125,-0.0380859375,0.989990234375,0.033447265625
0.0,0.1373291015625,0.91552734375,-2.1514892578125,-0.03857421875,1.03271484375,0.090576171875
0.0,0.2899169921875,0.37384033203125,-1.13677978515625,-0.023193359375,0.97802734375,0.030029296875
0.0,0.335693359375,0.213623046875,0.6103515625,0.0322265625,1.0283203125,0.068115234375
0.0,0.732421875,0.6561279296875,2.5634765625,0.008056640625,0.98486328125,0.00927734375
0.0,0.4730224609375,1.1444091796875,1.83868408203125,-0.021728515625,1.01513671875,0.086181640625
0.0,0.43487548828125,0.89263916015625,-1.190185546875,-0.040283203125,0.984130859375,0.021484375
0.0,0.19073486328125,1.33514404296875,0.16021728515625,-0.025146484375,1.023193359375,0.06298828125
0.0,0.5035400390625,0.98419189453125,-0.06866455078125,-0.0380859375,0.972900390625,0.010498046875
0.0,0.05340576171875,0.84686279296875,-1.495361328125,-0.0439453125,1.035888671875,0.09912109375
0.0,-0.244140625,0.0,-3.448486328125,-0.064208984375,0.984619140625,0.0263671875
0.0,-0.2593994140625,0.29754638671875,-1.59454345703125,-0.011474609375,1.013916015625,0.0830078125
0.0,0.75531005859375,-0.22125244140625,-1.41143798828125,0.002197265625,0.960205078125,0.01025390625
0.0,0.17547607421875,0.457763671875,-1.678466796875,-0.04541015625,1.015869140625,0.072998046875
0.0,-0.37384033203125,-0.1068115234375,-2.93731689453125,-0.03515625,0.994140625,0.042236328125
0.0,0.66375732421875,-0.06866455078125,-1.1749267578125,0.039306640625,0.99658203125,0.068115234375
0.0,1.5869140625,0.58746337890625,0.14495849609375,-0.002685546875,0.978759765625,0.005859375
0.0,0.37384033203125,0.6866455078125,1.31988525390625,0.002197265625,1.02685546875,0.07421875
0.0,0.1373291015625,1.25885009765625,1.28173828125,-0.026123046875,1.00048828125,0.037353515625
0.0,0.5340576171875,0.885009765625,0.83160400390625,-0.035888671875,1.00927734375,0.06396484375
0.0,0.67901611328125,1.28173828125,0.7781982421875,-0.046875,0.968994140625,0.033935546875
0.0,0.90789794921875,0.41961669921875,0.6561279296875,-0.0234375,1.000732421875,0.08203125
0.0,0.8087158203125,0.5950927734375,0.30517578125,-0.046875,0.980224609375,0.021484375
0.0,-0.25177001953125,0.17547607421875,1.04522705078125,-0.067138671875,1.009521484375,0.072265625
0.0,0.29754638671875,0.5340576171875,-2.41851806640625,-0.08935546875,0.9892578125,0.019287109375
0.0,-0.54931640625,1.0223388671875,-1.953125,-0.001220703125,0.98779296875,0.129150390625
0.0,-0.396728515625,-0.38909912109375,3.05938720703125,0.08837890625,1.065185546875,0.069580078125
0.0,-0.91552734375,-0.57220458984375,2.716064453125,-0.03857421875,1.00634765625,0.02490234375
0.0,0.030517578125,-0.08392333984375,-0.55694580078125,0.020263671875,1.0048828125,0.028076171875
0.0,-1.31988525390625,0.86212158203125,2.99072265625,-0.02197265625,1.04638671875,0.0556640625
0.0,-0.274658203125,0.579833984375,2.3956298828125,-0.033935546875,0.99951171875,0.032958984375
0.0,-1.373291015625,0.38909912109375,2.11334228515625,-0.005126953125,1.02392578125,0.0712890625
0.0,-0.57220458984375,0.30517578125,1.50299072265625,-0.015869140625,0.9765625,0.0107421875
0.0,-1.02996826171875,0.4730224609375,2.0751953125,-0.0048828125,1.00830078125,0.07177734375
0.0,-0.06866455078125,0.6256103515625,3.12042236328125,-0.017822265625,0.97119140625,0.027099609375
0.0,-0.885009765625,1.0223388671875,2.37274169921875,-0.024169921875,1.00341796875,0.073486328125
0.0,-0.06103515625,0.91552734375,0.946044921875,-0.00341796875,0.98291015625,0.035400390625
0.0,-0.9765625,0.69427490234375,2.7008056640625,-0.045654296875,1.00634765625,0.0810546875
0.0,-0.5950927734375,0.5950927734375,1.91497802734375,0.001708984375,1.003662109375,0.047119140625
0.0,-1.129150390625,0.3662109375,3.84521484375,-0.036376953125,1.005859375,0.065185546875
0.0,-0.3509521484375,-0.02288818359375,2.09808349609375,-0.022705078125,1.009033203125,0.046142578125
0.0,-1.15203857421875,0.8087158203125,3.204345703125,0.010986328125,1.0234375,0.082275390625
0.0,-0.17547607421875,0.335693359375,2.51007080078125,-0.035400390625,0.99658203125,0.04150390625
0.0,-1.18255615234375,0.6256103515625,2.38037109375,-0.007080078125,1.026123046875,0.0869140625
0.0,-0.00762939453125,0.1373291015625,2.6397705078125,-0.053466796875,0.973876953125,0.025634765625
0.0,-0.81634521484375,0.030517578125,2.3193359375,0.0078125,1.05712890625,0.09814453125
0.0,-0.64849853515625,-0.34332275390625,2.0599365234375,-0.0283203125,0.987060546875,0.0322265625
0.0,-1.12152099609375,0.29754638671875,1.33514404296875,-0.015869140625,1.01171875,0.087890625
0.0,-0.90789794921875,0.152587890625,0.48828125,-0.031494140625,0.983154296875,0.03515625
0.0,-1.15203857421875,0.4730224609375,-1.25885009765625,0.002197265625,1.0234375,0.089111328125
0.0,-0.92315673828125,0.29754638671875,-0.70953369140625,-0.02294921875,0.96826171875,0.037353515625
0.0,-1.03759765625,0.42724609375,0.762939453125,-0.017333984375,1.021728515625,0.087158203125
0.0,-1.15966796875,0.06103515625,-1.007080078125,-0.024658203125,0.978759765625,0.051025390625
0.0,-1.45721435546875,0.54931640625,1.0833740234375,0.032470703125,1.077392578125,0.098388671875
0.0,-1.373291015625,0.54931640625,0.20599365234375,-0.01416015625,0.931884765625,0.033203125
0.0,-1.53350830078125,0.58746337890625,2.67791748046875,-0.03662109375,1.0869140625,0.10546875
0.0,-1.44195556640625,-0.09918212890625,-2.288818359375,-0.0888671875,0.918212890625,0.04638671875
0.0,-1.06048583984375,-0.74005126953125,0.091552734375,-0.0185546875,1.009765625,0.097900390625
0.0,-0.66375732421875,-0.12969970703125,1.10626220703125,-0.011474609375,0.99267578125,0.0302734375
0.0,-0.51116943359375,-1.52587890625,-0.51116943359375,-0.088134765625,1.000732421875,0.09130859375
0.0,-0.26702880859375,-1.6021728515625,-3.04412841796875,0.011962890625,0.98291015625,0.0498046875
0.0,-0.4119873046875,-0.78582763671875,0.2288818359375,-0.00634765625,1.025146484375,0.106201171875
0.0,-0.9613037109375,-0.8697509765625,0.64849853515625,-0.007080078125,0.997314453125,0.041015625
0.0,-0.81634521484375,-0.5950927734375,-1.678466796875,-0.048095703125,0.999267578125,0.106201171875
0.0,-1.04522705078125,-1.0223388671875,-1.19781494140625,0.0078125,1.00244140625,0.0546875
0.0,-1.0528564453125,-0.0762939453125,1.24359130859375,-0.00244140625,1.000244140625,0.101806640625
0.0,-1.03759765625,-0.58746337890625,-0.335693359375,-0.050048828125,0.98876953125,0.045654296875
0.0,-0.43487548828125,-0.54168701171875,-1.0986328125,-0.018798828125,1.00830078125,0.100341796875
0.0,-0.81634521484375,-1.18255615234375,-0.57220458984375,-0.041748046875,0.98974609375,0.05908203125
0.0,-0.09918212890625,-0.6103515625,0.38909912109375,-0.01123046875,1.00146484375,0.114013671875
0.0,-0.762939453125,-1.39617919921875,0.34332275390625,-0.063720703125,1.016845703125,0.060791015625
0.0,-0.1983642578125,-1.7852783203125,-0.41961669921875,-0.02587890625,0.97802734375,0.087646484375
0.0,-0.48065185546875,-2.0904541015625,0.46539306640625,-0.0302734375,0.979248046875,0.049072265625
0.0,0.14495849609375,-1.556396484375,1.31988525390625,0.017822265625,0.97802734375,0.10595703125
0.0,-0.54931640625,-1.373291015625,1.8310546875,-0.018310546875,1.000244140625,0.054931640625
0.0,0.213623046875,-1.31988525390625,2.31170654296875,0.000732421875,0.963623046875,0.090087890625
0.0,-0.05340576171875,-1.42669677734375,2.8228759765625,-0.038818359375,0.99560546875,0.045654296875
0.0,0.32806396484375,-1.434326171875,3.7689208984375,-0.020751953125,0.988037109375,0.127197265625
0.0,-0.8392333984375,-1.068115234375,0.95367431640625,-0.00146484375,1.012939453125,0.069091796875
0.0,-0.244140625,-0.823974609375,3.692626953125,-0.02392578125,1.000244140625,0.093017578125
0.0,-0.51116943359375,-1.33514404296875,2.105712890625,-0.039306640625,0.9892578125,0.071044921875
0.0,0.17547607421875,-1.7852783203125,2.64739990234375,-0.036865234375,1.041748046875,0.101806640625
0.0,0.23651123046875,-1.7547607421875,1.51824951171875,-0.025390625,0.9814453125,0.072265625
0.0,-0.29754638671875,-1.89208984375,1.4801025390625,-0.025390625,1.019287109375,0.089599609375
0.0,0.3662109375,-2.15911865234375,2.227783203125,0.009033203125,0.98974609375,0.07763671875
0.0,-0.2899169921875,-2.18963623046875,2.52532958984375,-0.030517578125,1.00390625,0.07666015625
0.0,0.2899169921875,-2.349853515625,2.25830078125,-0.013671875,0.965576171875,0.07177734375
0.0,-0.26702880859375,-1.74713134765625,3.0517578125,0.010498046875,0.9833984375,0.09033203125
0.0,0.244140625,-1.46484375,2.86102294921875,0.02294921875,0.957763671875,0.055908203125
0.0,0.22125244140625,-1.31988525390625,3.56292724609375,-0.020751953125,1.007568359375,0.09619140625
0.0,0.86212158203125,-1.48773193359375,2.62451171875,-0.028076171875,0.978759765625,0.062255859375
0.0,-0.1068115234375,-1.67083740234375,1.8157958984375,-0.029541015625,1.003662109375,0.106201171875
0.0,0.6866455078125,-1.678466796875,1.38092041015625,-0.030029296875,1.02587890625,0.0615234375
0.0,-0.06866455078125,-1.99127197265625,1.56402587890625,-0.026611328125,1.03076171875,0.11865234375
0.0,0.1678466796875,-2.67791748046875,0.30517578125,-0.02978515625,0.9951171875,0.056396484375
0.0,-0.06103515625,-2.3956298828125,0.49591064453125,-0.01708984375,1.023681640625,0.105712890625
0.0,0.05340576171875,-2.87628173828125,0.42724609375,-0.012451171875,1.020751953125,0.0830078125
0.0,-0.09918212890625,-2.38800048828125,-0.8544921875,-0.00048828125,0.98583984375,0.091552734375
0.0,0.34332275390625,-2.0599365234375,0.43487548828125,0.00634765625,0.97412109375,0.066650390625
0.0,-0.17547607421875,-2.11334228515625,-0.6866455078125,-0.015869140625,1.026611328125,0.104248046875
0.0,0.77056884765625,-1.800537109375,0.91552734375,0.0234375,0.956787109375,0.067626953125
0.0,0.06866455078125,-1.8768310546875,0.2899169921875,-0.023193359375,1.00390625,0.106689453125
0.0,0.1068115234375,-1.5411376953125,0.701904296875,-0.020263671875,0.99658203125,0.05908203125
0.0,0.0,-1.6632080078125,-1.1444091796875,-0.03662109375,0.995849609375,0.116943359375
0.0,-0.3814697265625,-2.28118896484375,-0.90789794921875,-0.0380859375,0.99853515625,0.073486328125
0.0,-0.3662109375,-2.51007080078125,-1.65557861328125,-0.04833984375,0.98291015625,0.097900390625
0.0,0.08392333984375,-3.05938720703125,-0.8392333984375,0.0087890625,1.010009765625,0.072265625
0.0,0.45013427734375,-2.41851806640625,-0.8392333984375,-0.01806640625,0.980712890625,0.103759765625
0.0,0.69427490234375,-2.87628173828125,-0.5035400390625,-0.029052734375,0.988037109375,0.06982421875
0.0,1.1749267578125,-2.5787353515625,-1.28173828125,0.012939453125,1.033447265625,0.11181640625
0.0,0.8087158203125,-2.5634765625,0.7781982421875,-0.013427734375,0.9453125,0.081298828125
0.0,0.95367431640625,-2.15911865234375,-0.9002685546875,-0.00537109375,1.053955078125,0.11572265625
0.0,0.49591064453125,-1.6326904296875,0.0457763671875,-0.001708984375,0.96630859375,0.07373046875
0.0,0.30517578125,-2.0751953125,-0.2899169921875,-0.00634765625,1.019775390625,0.115234375
0.0,0.1373291015625,-1.65557861328125,1.3427734375,-0.04736328125,1.004638671875,0.079833984375
0.0,0.28228759765625,-2.38800048828125,-1.7547607421875,-0.05224609375,1.000732421875,0.10546875
0.0,-0.41961669921875,-2.0751953125,-2.23541259765625,-0.004150390625,0.992919921875,0.079833984375
0.0,0.3662109375,-2.31170654296875,-1.86920166015625,-0.0625,1.0126953125,0.1171875
0.0,-0.03814697265625,-2.89154052734375,-1.5716552734375,-0.01318359375,0.98291015625,0.070556640625
0.0,0.48828125,-2.58636474609375,-0.5950927734375,-0.0107421875,1.012451171875,0.110107421875
0.0,-0.17547607421875,-3.01361083984375,1.18255615234375,-0.01708984375,0.95947265625,0.087158203125
0.0,0.51116943359375,-2.83050537109375,0.9002685546875,-0.03076171875,1.031982421875,0.115966796875
0.0,-0.14495849609375,-2.9754638671875,1.85394287109375,0.006103515625,0.943603515625,0.073974609375
0.0,0.48065185546875,-2.3040771484375,3.4942626953125,-0.005859375,1.027587890625,0.116943359375
0.0,-0.1220703125,-2.96783447265625,2.26593017578125,-0.048095703125,0.951904296875,0.082275390625
0.0,0.64849853515625,-3.0975341796875,2.35748291015625,-0.019287109375,0.997802734375,0.103271484375
0.0,0.213623046875,-2.349853515625,2.4261474609375,-0.00146484375,0.98388671875,0.087158203125
0.0,1.13677978515625,-2.43377685546875,1.42669677734375,-0.021240234375,0.99462890625,0.10791015625
0.0,0.9002685546875,-2.52532958984375,1.21307373046875,-0.04248046875,0.985107421875,0.090087890625
0.0,1.27410888671875,-2.87628173828125,0.2593994140625,-0.030029296875,1.02587890625,0.118408203125
0.0,0.42724609375,-2.0599365234375,0.1068115234375,-0.0029296875,0.982421875,0.08056640625
0.0,0.885009765625,-2.60162353515625,1.30462646484375,-0.030517578125,1.022705078125,0.1171875
0.0,0.23651123046875,-2.8076171875,0.9002685546875,-0.020263671875,0.97607421875,0.086669921875
0.0,0.69427490234375,-2.5482177734375,0.8087158203125,-0.022216796875,1.016357421875,0.11328125
0.0,0.02288818359375,-2.6092529296875,2.62451171875,0.00146484375,0.973876953125,0.083251953125
0.0,0.7171630859375,-2.64739990234375,2.685546875,-0.0068359375,1.00537109375,0.112060546875
0.0,0.34332275390625,-2.34222412109375,3.9215087890625,-0.011474609375,0.946533203125,0.090576171875
0.0,1.434326171875,-2.4261474609375,2.57110595703125,-0.0654296875,0.992919921875,0.114501953125
0.0,0.51116943359375,-3.07464599609375,2.00653076171875,0.019287109375,0.969482421875,0.085693359375
0.0,1.6937255859375,-2.17437744140625,4.24957275390625,-0.009765625,0.9892578125,0.10986328125
0.0,1.07574462890625,-2.72369384765625,3.96728515625,-0.052001953125,0.98779296875,0.095458984375
0.0,1.85394287109375,-3.39508056640625,1.434326171875,-0.043701171875,0.983642578125,0.109619140625
0.0,1.0528564453125,-2.70843505859375,2.6702880859375,-0.01171875,0.978271484375,0.08544921875
0.0,1.40380859375,-2.95257568359375,-0.28228759765625,-0.020751953125,1.0341796875,0.099609375
0.0,1.2359619140625,-2.838134765625,1.1138916015625,-0.029296875,1.000732421875,0.097900390625
0.0,0.60272216796875,-3.2501220703125,-0.9918212890625,-0.03173828125,1.001953125,0.12451171875
0.0,0.6103515625,-3.04412841796875,-0.05340576171875,0.01318359375,0.985107421875,0.095458984375
0.0,0.90789794921875,-2.41851806640625,0.16021728515625,0.010498046875,1.003662109375,0.11767578125
0.0,0.42724609375,-2.349853515625,1.5411376953125,-0.01904296875,0.989990234375,0.0986328125
0.0,0.823974609375,-2.4871826171875,-0.19073486328125,-0.039794921875,0.980712890625,0.0947265625
0.0,1.47247314453125,-2.55584716796875,-2.471923828125,-0.021484375,0.99609375,0.1005859375
0.0,0.7781982421875,-2.17437744140625,-1.70135498046875,-0.003173828125,1.045654296875,0.132080078125
0.0,0.48065185546875,-1.9989013671875,-1.2359619140625,-0.035888671875,0.94580078125,0.092041015625
0.0,1.80816650390625,-3.36456298828125,-1.64031982421875,-0.0126953125,1.01171875,0.11083984375
0.0,1.5716552734375,-2.50244140625,1.1749267578125,0.010986328125,0.9794921875,0.1015625
0.0,1.4801025390625,-2.28118896484375,0.3662109375,-0.057373046875,1.00732421875,0.120361328125
0.0,1.1749267578125,-2.99835205078125,-0.51116943359375,-0.026611328125,0.969482421875,0.086669921875
0.0,2.54058837890625,-2.95257568359375,-1.3885498046875,-0.011962890625,0.95947265625,0.114501953125
0.0,2.25067138671875,-2.7008056640625,1.4495849609375,0.005126953125,1.028076171875,0.1103515625
0.0,1.48773193359375,-2.46429443359375,-0.11444091796875,-0.039306640625,0.99658203125,0.113037109375
0.0,2.03704833984375,-3.28826904296875,0.1220703125,-0.04736328125,0.97119140625,0.0966796875
0.0,1.7852783203125,-3.35693359375,-0.99945068359375,-0.015380859375,1.009521484375,0.11767578125
0.0,1.4495849609375,-2.78472900390625,-0.52642822265625,0.008544921875,0.97412109375,0.107666015625
0.0,1.46484375,-2.55584716796875,1.25885009765625,-0.017578125,1.010498046875,0.111083984375
0.0,1.7242431640625,-2.8228759765625,-0.70953369140625,-0.0419921875,0.9580078125,0.09716796875
0.0,2.38037109375,-3.11279296875,-2.25067138671875,-0.00537109375,1.016357421875,0.11328125
0.0,1.800537109375,-1.93023681640625,1.71661376953125,0.0234375,1.0146484375,0.110107421875
0.0,2.25830078125,-2.03704833984375,1.8157958984375,-0.037353515625,0.992431640625,0.118408203125
0.0,2.1514892578125,-2.86865234375,0.81634521484375,-0.039794921875,0.9853515625,0.1015625
0.0,2.25830078125,-2.7008056640625,-0.1983642578125,-0.0361328125,1.0185546875,0.11328125
0.0,1.64031982421875,-2.655029296875,-0.06103515625,-0.02197265625,0.97509765625,0.101806640625
0.0,2.25067138671875,-2.6702880859375,-1.51824951171875,-0.004150390625,0.9814453125,0.115478515625
0.0,1.7547607421875,-2.0599365234375,-0.06103515625,0.009521484375,1.01171875,0.10986328125
0.0,1.922607421875,-1.91497802734375,1.40380859375,-0.04296875,0.97216796875,0.1044921875
0.0,2.29644775390625,-2.76947021484375,0.02288818359375,-0.04736328125,0.993408203125,0.100830078125
0.0,2.02178955078125,-2.73895263671875,-1.09100341796875,-0.012939453125,1.037841796875,0.115478515625
0.0,0.92315673828125,-1.9683837890625,-0.32806396484375,-0.014404296875,1.00048828125,0.109130859375
0.0,0.9002685546875,-2.46429443359375,-0.86212158203125,-0.029541015625,1.005615234375,0.118896484375
0.0,1.2359619140625,-2.3651123046875,0.22125244140625,0.0078125,0.9609375,0.09716796875
0.0,1.85394287109375,-2.05230712890625,0.5340576171875,-0.03173828125,0.97314453125,0.10546875
0.0,1.708984375,-2.38800048828125,0.25177001953125,-0.018310546875,0.997802734375,0.111572265625
0.0,1.53350830078125,-2.20489501953125,0.1373291015625,-0.018798828125,1.00341796875,0.10986328125
0.0,1.57928466796875,-1.99127197265625,1.15203857421875,-0.037841796875,0.97802734375,0.111083984375
0.0,1.8157958984375,-2.6092529296875,0.640869140625,-0.043212890625,0.989990234375,0.1142578125
0.0,1.5716552734375,-2.62451171875,1.13677978515625,-0.00439453125,0.9814453125,0.103271484375
0.0,1.9378662109375,-2.3345947265625,2.105712890625,-0.00244140625,0.987548828125,0.11181640625
0.0,1.9683837890625,-2.0294189453125,2.79998779296875,-0.013916015625,0.970947265625,0.11083984375
0.0,1.99127197265625,-2.41851806640625,2.197265625,-0.048828125,0.9716796875,0.110595703125
0.0,2.23541259765625,-2.76947021484375,1.94549560546875,-0.021728515625,1.002685546875,0.10400390625
0.0,2.3193359375,-2.60162353515625,2.01416015625,-0.02685546875,1.012939453125,0.10986328125
0.0,1.96075439453125,-2.51007080078125,2.09808349609375,0.00146484375,1.0146484375,0.112060546875
0.0,1.86920166015625,-2.13623046875,2.49481201171875,-0.0048828125,0.990966796875,0.109619140625
0.0,1.97601318359375,-2.08282470703125,2.3193359375,-0.023681640625,0.987060546875,0.109130859375
0.0,2.410888671875,-2.09808349609375,1.64031982421875,-0.030517578125,0.98876953125,0.109619140625
0.0,1.62506103515625,-2.37274169921875,1.36566162109375,-0.0283203125,0.995849609375,0.1083984375
0.0,1.922607421875,-2.29644775390625,2.09808349609375,-0.009521484375,1.015625,0.11279296875
0.0,1.6021728515625,-2.40325927734375,2.72369384765625,-0.013671875,0.999755859375,0.10888671875
0.0,1.67083740234375,-2.2735595703125,1.89971923828125,-0.016357421875,0.9755859375,0.11767578125
0.0,2.06756591796875,-2.17437744140625,0.396728515625,-0.0244140625,0.96435546875,0.10302734375
0.0,2.4261474609375,-2.105712890625,-0.2899169921875,-0.01611328125,0.9443359375,0.103271484375
0.0,2.78472900390625,-1.83868408203125,0.31280517578125,-0.005615234375,0.985107421875,0.111328125
0.0,2.716064453125,-2.02178955078125,0.19073486328125,-0.009765625,0.992919921875,0.11376953125
0.0,2.197265625,-1.73187255859375,0.29754638671875,-0.027099609375,0.998046875,0.113525390625
0.0,1.93023681640625,-2.08282470703125,-0.946044921875,-0.035400390625,1.01416015625,0.11083984375
0.0,1.983642578125,-1.953125,-0.91552734375,-0.013671875,0.9990234375,0.110595703125
0.0,1.82342529296875,-2.1514892578125,-0.45013427734375,-0.016357421875,0.997802734375,0.1123046875
0.0,1.60980224609375,-1.83868408203125,-0.396728515625,-0.007080078125,1.01611328125,0.11328125
0.0,1.47247314453125,-1.77001953125,-1.1444091796875,-0.020263671875,1.005859375,0.11279296875
0.0,0.95367431640625,-1.77764892578125,-1.2969970703125,-0.028076171875,1.02880859375,0.115478515625
0.0,0.98419189453125,-1.89208984375,-1.50299072265625,-0.026123046875,1.00927734375,0.1162109375
0.0,0.51116943359375,-2.15911865234375,-1.31988525390625,-0.02490234375,0.977294921875,0.107177734375
0.0,1.02996826171875,-1.9989013671875,-1.64031982421875,-0.021728515625,0.969482421875,0.1123046875
0.0,1.45721435546875,-2.11334228515625,-1.89208984375,-0.02734375,0.976318359375,0.10595703125
0.0,1.79290771484375,-1.89208984375,-2.52532958984375,-0.010986328125,0.95654296875,0.10693359375
0.0,1.983642578125,-1.91497802734375,-2.2125244140625,-0.021240234375,0.997314453125,0.113037109375
0.0,1.922607421875,-1.9073486328125,-2.197265625,-0.00634765625,0.994384765625,0.1123046875
0.0,1.56402587890625,-1.53350830078125,-1.0833740234375,-0.0146484375,0.993896484375,0.105712890625
0.0,1.64794921875,-1.77001953125,-1.4495849609375,-0.02685546875,1.001220703125,0.1162109375
0.0,1.27410888671875,-1.617431640625,-1.312255859375,-0.01611328125,0.98583984375,0.111328125
0.0,1.708984375,-1.67083740234375,-1.09100341796875,-0.029052734375,0.96728515625,0.11181640625
0.0,1.86920166015625,-1.708984375,-0.86212158203125,-0.0166015625,0.98388671875,0.11181640625
0.0,1.983642578125,-1.5411376953125,-0.6866455078125,-0.025146484375,1.0029296875,0.114013671875
0.0,1.9073486328125,-1.67083740234375,-0.3509521484375,-0.018310546875,1.003173828125,0.11328125
0.0,1.7852783203125,-1.556396484375,-0.2288818359375,-0.030029296875,1.020263671875,0.114501953125
0.0,1.617431640625,-1.71661376953125,-0.4730224609375,-0.021240234375,0.998046875,0.11376953125
0.0,1.82342529296875,-1.45721435546875,-0.08392333984375,-0.021484375,1.00341796875,0.115478515625
0.0,1.80816650390625,-1.65557861328125,0.06866455078125,-0.023193359375,0.98095703125,0.111328125
0.0,2.03704833984375,-1.6326904296875,0.92315673828125,-0.0224609375,0.99560546875,0.112548828125
0.0,1.88446044921875,-1.56402587890625,0.34332275390625,-0.026611328125,0.99267578125,0.115478515625
0.0,1.7852783203125,-1.6326904296875,0.3204345703125,-0.019775390625,0.98681640625,0.113037109375
0.0,1.86920166015625,-1.373291015625,0.81634521484375,-0.018798828125,0.988037109375,0.111328125
0.0,1.96075439453125,-1.48773193359375,1.1138916015625,-0.028564453125,0.981201171875,0.115234375
0.0,1.89971923828125,-1.6632080078125,0.946044921875,-0.023193359375,0.98388671875,0.10986328125
0.0,1.953125,-1.3885498046875,0.84686279296875,-0.01953125,0.98583984375,0.11279296875
0.0,2.08282470703125,-1.373291015625,1.13677978515625,-0.024169921875,0.974853515625,0.1123046875
0.0,2.22015380859375,-1.5106201171875,1.0833740234375,-0.017822265625,0.997314453125,0.11572265625
0.0,2.11334228515625,-1.4190673828125,1.800537109375,-0.019775390625,1.00048828125,0.11328125
0.0,2.1209716796875,-1.44195556640625,1.953125,-0.031005859375,0.99755859375,0.110595703125
0.0,2.3651123046875,-1.57928466796875,1.40380859375,-0.023193359375,0.992919921875,0.11328125
0.0,2.2735595703125,-1.45721435546875,1.65557861328125,-0.01220703125,0.999755859375,0.116943359375
0.0,2.3193359375,-1.36566162109375,2.02178955078125,-0.019287109375,0.997314453125,0.113525390625
0.0,2.34222412109375,-1.495361328125,1.556396484375,-0.022705078125,0.99609375,0.1142578125
0.0,2.41851806640625,-1.39617919921875,1.50299072265625,-0.01953125,0.99462890625,0.11279296875
0.0,2.3345947265625,-1.3275146484375,1.52587890625,-0.01904296875,0.98876953125,0.112060546875
0.0,2.410888671875,-1.35040283203125,1.3427734375,-0.0234375,0.9921875,0.11328125
0.0,2.40325927734375,-1.4801025390625,1.36566162109375,-0.0166015625,0.982666015625,0.1123046875
0.0,2.37274169921875,-1.312255859375,1.3275146484375,-0.0166015625,0.98779296875,0.11279296875
0.0,2.34222412109375,-1.27410888671875,0.92315673828125,-0.02099609375,0.986328125,0.111328125
0.0,2.46429443359375,-1.312255859375,0.77056884765625,-0.019775390625,0.984130859375,0.111083984375
0.0,2.52532958984375,-1.30462646484375,0.579833984375,-0.019287109375,0.984375,0.11083984375
0.0,2.54058837890625,-1.27410888671875,0.20599365234375,-0.017333984375,0.994873046875,0.114501953125
0.0,2.4261474609375,-1.312255859375,0.16021728515625,-0.015625,0.997802734375,0.111572265625
0.0,2.40325927734375,-1.0833740234375,0.14495849609375,-0.017822265625,0.993896484375,0.111572265625
0.0,2.4566650390625,-1.21307373046875,-0.17547607421875,-0.023681640625,0.9990234375,0.113525390625
0.0,2.40325927734375,-1.19781494140625,-0.3814697265625,-0.01806640625,0.99951171875,0.113525390625
0.0,2.43377685546875,-1.13677978515625,-0.61798095703125,-0.01611328125,0.998046875,0.1123046875
0.0,2.38037109375,-1.068115234375,-0.70953369140625,-0.016357421875,1.000732421875,0.11376953125
0.0,2.3956298828125,-1.09100341796875,-0.9918212890625,-0.02197265625,0.99755859375,0.111328125
0.0,2.31170654296875,-1.129150390625,-1.25885009765625,-0.020751953125,0.99365234375,0.111083984375
0.0,2.32696533203125,-1.0833740234375,-1.3275146484375,-0.0166015625,0.994873046875,0.112060546875
0.0,2.26593017578125,-1.04522705078125,-1.3885498046875,-0.018798828125,0.98876953125,0.112060546875
0.0,2.20489501953125,-1.03759765625,-1.4495849609375,-0.020751953125,0.989990234375,0.111083984375
0.0,2.15911865234375,-1.0528564453125,-1.76239013671875,-0.01806640625,0.989990234375,0.10888671875
0.0,2.197265625,-0.99945068359375,-1.70135498046875,-0.02099609375,0.989501953125,0.112060546875
0.0,2.1209716796875,-0.9765625,-1.9073486328125,-0.01904296875,0.99072265625,0.113525390625
0.0,2.06756591796875,-0.99945068359375,-1.708984375,-0.021240234375,0.9921875,0.111083984375
0.0,2.166748046875,-1.01470947265625,-1.5716552734375,-0.022705078125,0.99609375,0.10986328125
0.0,2.06756591796875,-0.9307861328125,-2.06756591796875,-0.021728515625,1.00048828125,0.111328125
0.0,1.953125,-0.946044921875,-1.861572265625,-0.02099609375,1.002685546875,0.1142578125
0.0,1.983642578125,-0.9765625,-1.44195556640625,-0.0205078125,1.0,0.1103515625
0.0,1.9378662109375,-0.946044921875,-1.434326171875,-0.022216796875,0.999755859375,0.1123046875
0.0,1.8463134765625,-0.885009765625,-1.39617919921875,-0.02734375,1.001708984375,0.112548828125
0.0,1.77001953125,-0.9918212890625,-1.5411376953125,-0.023681640625,1.001708984375,0.112060546875
0.0,1.8310546875,-0.92315673828125,-1.06048583984375,-0.015625,0.989013671875,0.11181640625
0.0,1.7242431640625,-0.823974609375,-0.75531005859375,-0.0234375,0.99658203125,0.11083984375
0.0,1.6937255859375,-0.9307861328125,-0.701904296875,-0.0302734375,0.990234375,0.11328125
0.0,1.6937255859375,-0.96893310546875,-0.80108642578125,-0.0224609375,0.99169921875,0.109619140625
0.0,1.5869140625,-0.89263916015625,-0.6561279296875,-0.01806640625,0.98974609375,0.112548828125
0.0,1.678466796875,-0.91552734375,-0.06103515625,-0.02392578125,0.98828125,0.111083984375
0.0,1.6326904296875,-0.95367431640625,-0.0762939453125,-0.025634765625,0.989501953125,0.11083984375
0.0,1.56402587890625,-0.87738037109375,0.06103515625,-0.0224609375,0.994873046875,0.114013671875
0.0,1.556396484375,-0.90789794921875,0.1220703125,-0.02490234375,0.989990234375,0.111328125
0.0,1.57928466796875,-0.95367431640625,0.35858154296875,-0.020751953125,0.994384765625,0.11279296875
0.0,1.6021728515625,-0.87738037109375,0.64849853515625,-0.020263671875,1.0009765625,0.111572265625
0.0,1.54876708984375,-0.885009765625,0.8544921875,-0.02685546875,0.9990234375,0.11279296875
0.0,1.52587890625,-0.96893310546875,0.732421875,-0.024169921875,0.997802734375,0.114501953125
0.0,1.53350830078125,-0.885009765625,0.9002685546875,-0.016845703125,0.99609375,0.11181640625
0.0,1.46484375,-0.885009765625,1.2054443359375,-0.0263671875,0.997802734375,0.111083984375
0.0,1.52587890625,-0.9307861328125,1.35040283203125,-0.02197265625,0.994384765625,0.1142578125
0.0,1.47247314453125,-0.9307861328125,1.15966796875,-0.0224609375,0.99462890625,0.11279296875
0.0,1.36566162109375,-0.91552734375,1.15966796875,-0.020263671875,0.98876953125,0.112548828125
0.0,1.62506103515625,-0.8697509765625,1.495361328125,-0.019775390625,0.986572265625,0.11181640625
0.0,1.56402587890625,-1.007080078125,1.25885009765625,-0.01904296875,0.99169921875,0.11279296875
0.0,1.495361328125,-0.81634521484375,1.4495849609375,-0.019287109375,0.983642578125,0.113525390625
0.0,1.5869140625,-0.9002685546875,1.129150390625,-0.025390625,0.989013671875,0.112060546875
0.0,1.6326904296875,-0.95367431640625,0.99945068359375,-0.01806640625,0.9912109375,0.115478515625
0.0,1.67083740234375,-0.8697509765625,1.25885009765625,-0.01611328125,0.99169921875,0.112060546875
0.0,1.708984375,-0.8697509765625,1.03759765625,-0.02392578125,0.991943359375,0.11376953125
0.0,1.70135498046875,-0.9002685546875,0.762939453125,-0.018310546875,0.996337890625,0.1142578125
0.0,1.64794921875,-0.8544921875,0.7476806640625,-0.018310546875,0.994873046875,0.112548828125
0.0,1.739501953125,-0.823974609375,0.60272216796875,-0.0205078125,0.989013671875,0.112060546875
0.0,1.83868408203125,-0.92315673828125,0.4119873046875,-0.019775390625,0.9990234375,0.115234375
0.0,1.7852783203125,-0.83160400390625,0.45013427734375,-0.01708984375,0.9931640625,0.114013671875
0.0,1.7852783203125,-0.84686279296875,0.03814697265625,-0.020751953125,0.995361328125,0.112548828125
0.0,1.8310546875,-0.8544921875,-0.06866455078125,-0.016845703125,0.9892578125,0.113525390625
0.0,1.93023681640625,-0.84686279296875,-0.08392333984375,-0.01806640625,0.98876953125,0.113525390625
0.0,1.94549560546875,-0.79345703125,-0.3662109375,-0.018310546875,0.98779296875,0.112548828125
0.0,2.03704833984375,-0.8544921875,-0.55694580078125,-0.0224609375,0.991455078125,0.112060546875
0.0,1.97601318359375,-0.8544921875,-0.8697509765625,-0.015380859375,0.989013671875,0.114501953125
0.0,1.983642578125,-0.7476806640625,-0.80108642578125,-0.018310546875,0.984130859375,0.113037109375
0.0,2.11334228515625,-0.7781982421875,-0.87738037109375,-0.01953125,0.9873046875,0.1142578125
0.0,2.20489501953125,-0.80108642578125,-1.2054443359375,-0.02294921875,0.989013671875,0.111328125
0.0,2.14385986328125,-0.79345703125,-1.33514404296875,-0.019287109375,0.992919921875,0.115234375
0.0,2.20489501953125,-0.72479248046875,-1.434326171875,-0.01708984375,0.992919921875,0.11376953125
0.0,2.18963623046875,-0.78582763671875,-1.4190673828125,-0.020751953125,0.993408203125,0.112548828125
0.0,2.20489501953125,-0.72479248046875,-1.33514404296875,-0.01953125,0.993896484375,0.114013671875
0.0,2.31170654296875,-0.75531005859375,-1.5106201171875,-0.027587890625,0.995849609375,0.11181640625
0.0,2.3345947265625,-0.83160400390625,-1.8463134765625,-0.01953125,0.994873046875,0.114013671875
0.0,2.35748291015625,-0.78582763671875,-1.6021728515625,-0.0166015625,0.996337890625,0.11279296875
0.0,2.3193359375,-0.7781982421875,-1.4190673828125,-0.0205078125,0.992919921875,0.11572265625
0.0,2.37274169921875,-0.77056884765625,-1.4190673828125,-0.025146484375,0.99169921875,0.112548828125
0.0,2.32696533203125,-0.8544921875,-1.53350830078125,-0.0234375,0.98876953125,0.11279296875
0.0,2.38037109375,-0.81634521484375,-1.3885498046875,-0.0224609375,0.98779296875,0.11181640625
0.0,2.41851806640625,-0.75531005859375,-1.25885009765625,-0.0185546875,0.98876953125,0.112060546875
0.0,2.44140625,-0.83160400390625,-1.1138916015625,-0.023681640625,0.99609375,0.114013671875
0.0,2.35748291015625,-0.78582763671875,-1.0223388671875,-0.02099609375,0.986328125,0.113037109375
0.0,2.4261474609375,-0.8392333984375,-0.96893310546875,-0.025146484375,0.9921875,0.111083984375
0.0,2.47955322265625,-0.83160400390625,-0.48065185546875,-0.025634765625,0.988525390625,0.11328125
0.0,2.410888671875,-0.8697509765625,-0.54931640625,-0.020751953125,1.001953125,0.11328125
0.0,2.32696533203125,-0.8697509765625,-0.5035400390625,-0.019775390625,0.98974609375,0.11376953125
0.0,2.410888671875,-0.7476806640625,0.05340576171875,-0.02197265625,1.002197265625,0.11181640625
0.0,2.410888671875,-0.8697509765625,-0.18310546875,-0.029052734375,0.9921875,0.111083984375
0.0,2.43377685546875,-0.99945068359375,-0.09918212890625,-0.024169921875,0.997314453125,0.1142578125
0.0,2.40325927734375,-0.823974609375,0.54168701171875,-0.016357421875,1.0029296875,0.11181640625
0.0,2.3040771484375,-0.946044921875,0.54168701171875,-0.028564453125,0.99169921875,0.113525390625
0.0,2.18963623046875,-0.86212158203125,0.67901611328125,-0.018798828125,0.994384765625,0.111083984375
0.0,2.288818359375,-0.8697509765625,0.87738037109375,-0.02490234375,0.98779296875,0.11279296875
0.0,2.29644775390625,-1.01470947265625,1.01470947265625,-0.025634765625,0.992431640625,0.1123046875
0.0,2.32696533203125,-0.9002685546875,0.946044921875,-0.01708984375,0.9921875,0.111083984375
0.0,2.25830078125,-0.96893310546875,0.95367431640625,-0.02880859375,0.990966796875,0.112060546875
0.0,2.23541259765625,-0.87738037109375,1.129150390625,-0.013671875,0.99462890625,0.1103515625
0.0,2.197265625,-0.946044921875,1.4495849609375,-0.0263671875,0.9912109375,0.11279296875
0.0,2.13623046875,-0.96893310546875,1.33514404296875,-0.025146484375,0.989990234375,0.111572265625
0.0,2.20489501953125,-0.99945068359375,1.16729736328125,-0.0205078125,0.994873046875,0.109375
0.0,2.15911865234375,-1.0833740234375,1.41143798828125,-0.02099609375,1.0,0.11376953125
0.0,2.105712890625,-0.98419189453125,1.4495849609375,-0.018310546875,0.99560546875,0.112060546875
0.0,1.97601318359375,-1.01470947265625,1.2664794921875,-0.02197265625,0.9951171875,0.11572265625
0.0,1.99127197265625,-1.007080078125,1.33514404296875,-0.02099609375,0.994140625,0.109619140625
0.0,2.09808349609375,-1.01470947265625,1.13677978515625,-0.022705078125,0.997314453125,0.1103515625
0.0,2.0294189453125,-1.03759765625,0.99945068359375,-0.018798828125,0.996337890625,0.111572265625
0.0,2.03704833984375,-1.0528564453125,0.99945068359375,-0.018798828125,0.997802734375,0.11279296875
0.0,1.8768310546875,-1.007080078125,1.0833740234375,-0.02099609375,0.9921875,0.113037109375
0.0,1.82342529296875,-1.0223388671875,0.89263916015625,-0.023193359375,0.99072265625,0.1103515625
0.0,1.89208984375,-1.0833740234375,0.67901611328125,-0.01806640625,0.98876953125,0.111572265625
0.0,1.97601318359375,-1.0223388671875,0.69427490234375,-0.018310546875,0.990234375,0.11328125
0.0,1.89971923828125,-1.01470947265625,0.45013427734375,-0.01806640625,0.990966796875,0.111328125
0.0,1.74713134765625,-1.03759765625,0.2288818359375,-0.017578125,0.998046875,0.11474609375
0.0,1.8157958984375,-1.0223388671875,0.213623046875,-0.021728515625,0.985107421875,0.1083984375
0.0,1.9378662109375,-1.0833740234375,-0.06103515625,-0.020751953125,0.990234375,0.110595703125
0.0,1.96075439453125,-1.068115234375,-0.25177001953125,-0.01953125,0.998046875,0.11328125
0.0,1.800537109375,-1.068115234375,-0.25177001953125,-0.01708984375,0.996337890625,0.11279296875
0.0,1.74713134765625,-1.007080078125,-0.38909912109375,-0.017333984375,0.99853515625,0.11328125
0.0,1.7852783203125,-0.99945068359375,-0.3509521484375,-0.02001953125,0.99462890625,0.11328125
0.0,1.82342529296875,-1.0833740234375,-0.38909912109375,-0.02197265625,0.991943359375,0.112060546875
0.0,1.94549560546875,-1.1444091796875,-0.84686279296875,-0.020263671875,0.995361328125,0.1123046875
0.0,1.8463134765625,-1.068115234375,-0.91552734375,-0.018310546875,0.996337890625,0.114501953125
0.0,1.80816650390625,-1.03759765625,-0.81634521484375,-0.01708984375,0.993896484375,0.11328125
0.0,1.79290771484375,-1.0223388671875,-1.007080078125,-0.0234375,0.988525390625,0.111328125
0.0,1.86920166015625,-1.0986328125,-0.90789794921875,-0.0234375,0.991943359375,0.11279296875
0.0,1.93023681640625,-1.15966796875,-0.9918212890625,-0.02001953125,0.989501953125,0.11279296875
0.0,1.89971923828125,-1.12152099609375,-0.9918212890625,-0.01953125,0.987548828125,0.112060546875
0.0,1.9378662109375,-1.04522705078125,-0.823974609375,-0.019775390625,0.9921875,0.114013671875
0.0,1.9073486328125,-1.19781494140625,-0.9918212890625,-0.026611328125,0.9892578125,0.111328125
0.0,1.97601318359375,-1.12152099609375,-0.9307861328125,-0.017333984375,0.990234375,0.114501953125
0.0,2.08282470703125,-1.0986328125,-0.7476806640625,-0.026611328125,0.992431640625,0.112060546875
0.0,2.03704833984375,-1.16729736328125,-0.75531005859375,-0.02294921875,0.994140625,0.11572265625
0.0,2.05230712890625,-1.190185546875,-0.72479248046875,-0.019775390625,0.99072265625,0.112548828125
0.0,2.105712890625,-1.16729736328125,-0.46539306640625,-0.021240234375,0.9951171875,0.1123046875
0.0,2.15911865234375,-1.07574462890625,-0.22125244140625,-0.02099609375,0.998291015625,0.112060546875
0.0,2.09808349609375,-1.2969970703125,-0.3204345703125,-0.029296875,0.992919921875,0.115478515625
0.0,2.1514892578125,-1.21307373046875,-0.23651123046875,-0.01953125,0.9912109375,0.11279296875
0.0,2.23541259765625,-1.21307373046875,0.06103515625,-0.0234375,0.989501953125,0.113037109375
0.0,2.288818359375,-1.2359619140625,0.3662109375,-0.02197265625,0.992431640625,0.115234375
0.0,2.29644775390625,-1.251220703125,0.51116943359375,-0.02685546875,0.99169921875,0.1142578125
0.0,2.3040771484375,-1.35040283203125,0.4119873046875,-0.0224609375,0.98779296875,0.11279296875
0.0,2.349853515625,-1.28936767578125,0.6561279296875,-0.019775390625,0.989501953125,0.1142578125
0.0,2.44903564453125,-1.28173828125,1.068115234375,-0.025634765625,0.988037109375,0.113037109375
0.0,2.4871826171875,-1.3885498046875,0.84686279296875,-0.02392578125,0.989990234375,0.11181640625
0.0,2.5177001953125,-1.2969970703125,1.1749267578125,-0.019287109375,0.99267578125,0.115478515625
0.0,2.41851806640625,-1.31988525390625,1.22833251953125,-0.02587890625,0.99267578125,0.1142578125
0.0,2.51007080078125,-1.4190673828125,1.15203857421875,-0.020751953125,0.988037109375,0.1123046875
0.0,2.6092529296875,-1.3275146484375,1.48773193359375,-0.0185546875,0.99462890625,0.112060546875
0.0,2.655029296875,-1.30462646484375,1.8157958984375,-0.025390625,0.995849609375,0.114990234375
0.0,2.55584716796875,-1.45721435546875,1.48773193359375,-0.02685546875,0.9970703125,0.114013671875
0.0,2.5482177734375,-1.45721435546875,1.47247314453125,-0.01611328125,0.9912109375,0.112548828125
0.0,2.66265869140625,-1.3427734375,1.82342529296875,-0.01953125,0.991455078125,0.11181640625
0.0,2.73895263671875,-1.3885498046875,1.7242431640625,-0.022705078125,0.994140625,0.111083984375
0.0,2.67791748046875,-1.46484375,1.5869140625,-0.023681640625,0.99365234375,0.11572265625
0.0,2.67791748046875,-1.40380859375,1.76239013671875,-0.02001953125,0.98828125,0.11279296875
0.0,2.72369384765625,-1.33514404296875,1.6021728515625,-0.022705078125,0.991455078125,0.1123046875
0.0,2.716064453125,-1.48773193359375,1.617431640625,-0.01953125,0.9931640625,0.11181640625
0.0,2.7313232421875,-1.39617919921875,1.6937255859375,-0.018310546875,0.98876953125,0.11279296875
0.0,2.7313232421875,-1.40380859375,1.495361328125,-0.02197265625,0.9892578125,0.11279296875
0.0,2.76947021484375,-1.45721435546875,1.28936767578125,-0.020751953125,0.995849609375,0.114013671875
0.0,2.76947021484375,-1.4190673828125,1.2054443359375,-0.018798828125,0.986572265625,0.110595703125
0.0,2.76947021484375,-1.434326171875,1.31988525390625,-0.019287109375,0.99755859375,0.112548828125
0.0,2.7618408203125,-1.41143798828125,1.068115234375,-0.020263671875,0.99658203125,0.113525390625
0.0,2.7008056640625,-1.4190673828125,0.92315673828125,-0.021728515625,0.99072265625,0.112548828125
0.0,2.7313232421875,-1.45721435546875,0.7476806640625,-0.020751953125,0.997314453125,0.11328125
0.0,2.70843505859375,-1.46484375,0.640869140625,-0.01806640625,0.994873046875,0.1123046875
0.0,2.685546875,-1.41143798828125,0.67138671875,-0.0185546875,0.996337890625,0.112060546875
0.0,2.6702880859375,-1.373291015625,0.5035400390625,-0.020263671875,0.991455078125,0.11181640625
0.0,2.72369384765625,-1.46484375,0.25177001953125,-0.02294921875,0.9912109375,0.111083984375
0.0,2.6397705078125,-1.44195556640625,0.00762939453125,-0.01611328125,0.99658203125,0.11328125
0.0,2.6092529296875,-1.373291015625,0.1373291015625,-0.017578125,0.99267578125,0.11328125
0.0,2.6092529296875,-1.3885498046875,0.030517578125,-0.022705078125,0.991455078125,0.110595703125
0.0,2.55584716796875,-1.39617919921875,-0.213623046875,-0.021240234375,0.99169921875,0.111572265625
0.0,2.61688232421875,-1.434326171875,-0.14495849609375,-0.021240234375,0.991455078125,0.11083984375
0.0,2.5482177734375,-1.4495849609375,-0.396728515625,-0.01708984375,0.99267578125,0.111328125
0.0,2.52532958984375,-1.4190673828125,-0.23651123046875,-0.017822265625,0.992431640625,0.111572265625
0.0,2.44903564453125,-1.3885498046875,-0.29754638671875,-0.0244140625,0.998291015625,0.112060546875
0.0,2.41851806640625,-1.42669677734375,-0.5035400390625,-0.022705078125,0.98974609375,0.113037109375
0.0,2.49481201171875,-1.434326171875,-0.43487548828125,-0.01904296875,0.99560546875,0.111572265625
0.0,2.47955322265625,-1.35040283203125,-0.1220703125,-0.018798828125,0.9970703125,0.11181640625
0.0,2.44140625,-1.46484375,-0.28228759765625,-0.02685546875,0.999267578125,0.11376953125
0.0,2.227783203125,-1.434326171875,-0.48065185546875,-0.01953125,0.992919921875,0.113037109375
0.0,2.40325927734375,-1.40380859375,-0.16021728515625,-0.020751953125,0.9951171875,0.10888671875
0.0,2.3651123046875,-1.4495849609375,-0.28228759765625,-0.021728515625,0.997802734375,0.11181640625
0.0,2.3040771484375,-1.434326171875,0.0457763671875,-0.02294921875,0.992919921875,0.115478515625
0.0,2.15911865234375,-1.44195556640625,0.09918212890625,-0.021484375,0.993408203125,0.11181640625
0.0,2.2430419921875,-1.373291015625,0.18310546875,-0.0224609375,0.986572265625,0.110595703125
0.0,2.32696533203125,-1.4495849609375,0.40435791015625,-0.0234375,0.995361328125,0.111328125
0.0,2.20489501953125,-1.44195556640625,0.42724609375,-0.021484375,0.994384765625,0.112060546875
0.0,2.18963623046875,-1.46484375,0.5340576171875,-0.024169921875,0.98876953125,0.111572265625
0.0,2.1820068359375,-1.46484375,0.54931640625,-0.021240234375,0.995849609375,0.11474609375
0.0,2.288818359375,-1.41143798828125,0.8697509765625,-0.021240234375,0.990478515625,0.1123046875
0.0,2.15911865234375,-1.4801025390625,0.9918212890625,-0.026123046875,0.996337890625,0.11181640625
0.0,2.18963623046875,-1.52587890625,1.1749267578125,-0.02294921875,0.99462890625,0.11279296875
0.0,2.11334228515625,-1.45721435546875,1.068115234375,-0.021728515625,0.994873046875,0.110595703125
0.0,2.105712890625,-1.38092041015625,1.38092041015625,-0.0205078125,0.993408203125,0.1142578125
0.0,2.18963623046875,-1.47247314453125,1.59454345703125,-0.026123046875,0.999267578125,0.11279296875
0.0,2.14385986328125,-1.54876708984375,1.52587890625,-0.021484375,0.98974609375,0.11181640625
0.0,2.197265625,-1.40380859375,1.8157958984375,-0.022216796875,0.994873046875,0.11181640625
0.0,2.23541259765625,-1.53350830078125,1.6021728515625,-0.0283203125,0.995849609375,0.11181640625
0.0,2.09808349609375,-1.495361328125,1.83868408203125,-0.01318359375,0.989990234375,0.1162109375
0.0,2.28118896484375,-1.36566162109375,2.26593017578125,-0.023681640625,0.985107421875,0.11328125
0.0,2.26593017578125,-1.495361328125,1.91497802734375,-0.0263671875,0.9912109375,0.112060546875
0.0,2.23541259765625,-1.46484375,1.70135498046875,-0.02001953125,0.99462890625,0.11279296875
0.0,2.26593017578125,-1.4495849609375,2.09808349609375,-0.019775390625,0.989990234375,0.111328125
0.0,2.3040771484375,-1.44195556640625,1.9683837890625,-0.017333984375,0.99267578125,0.11181640625
0.0,2.288818359375,-1.39617919921875,2.13623046875,-0.02392578125,0.989501953125,0.1142578125
0.0,2.29644775390625,-1.4190673828125,1.922607421875,-0.02197265625,0.993408203125,0.112548828125
0.0,2.349853515625,-1.434326171875,1.79290771484375,-0.021728515625,0.994140625,0.114501953125
0.0,2.3651123046875,-1.45721435546875,1.83868408203125,-0.01708984375,0.994384765625,0.112548828125
0.0,2.410888671875,-1.3427734375,1.8310546875,-0.015625,0.990478515625,0.112548828125
0.0,2.40325927734375,-1.33514404296875,1.70135498046875,-0.02197265625,0.994140625,0.11474609375
0.0,2.410888671875,-1.3275146484375,1.47247314453125,-0.021240234375,0.990966796875,0.114990234375
0.0,2.52532958984375,-1.3885498046875,1.3885498046875,-0.020263671875,0.9921875,0.112060546875
0.0,2.46429443359375,-1.3580322265625,1.40380859375,-0.01708984375,0.99462890625,0.11376953125
0.0,2.43377685546875,-1.30462646484375,1.22833251953125,-0.01904296875,0.98974609375,0.11328125
0.0,2.54058837890625,-1.30462646484375,1.129150390625,-0.019287109375,0.990234375,0.11474609375
0.0,2.52532958984375,-1.25885009765625,0.96893310546875,-0.019775390625,0.98974609375,0.11376953125
0.0,2.52532958984375,-1.33514404296875,0.84686279296875,-0.02099609375,0.990966796875,0.11181640625
0.0,2.6397705078125,-1.25885009765625,0.640869140625,-0.019287109375,0.990234375,0.113037109375
0.0,2.685546875,-1.312255859375,0.55694580078125,-0.019775390625,0.99365234375,0.113525390625
0.0,2.57110595703125,-1.22833251953125,0.457763671875,-0.015380859375,0.99072265625,0.1142578125
0.0,2.655029296875,-1.1444091796875,0.579833984375,-0.02099609375,0.9892578125,0.112060546875
0.0,2.67791748046875,-1.24359130859375,0.244140625,-0.024658203125,0.99560546875,0.114013671875
0.0,2.7618408203125,-1.19781494140625,0.11444091796875,-0.019287109375,0.987548828125,0.11279296875
0.0,2.777099609375,-1.18255615234375,0.1983642578125,-0.019287109375,0.99462890625,0.114013671875
0.0,2.67791748046875,-1.15203857421875,-0.0152587890625,-0.018310546875,1.001220703125,0.1142578125
0.0,2.67791748046875,-1.09100341796875,0.1068115234375,-0.020263671875,0.9892578125,0.112060546875
0.0,2.655029296875,-1.09100341796875,-0.02288818359375,-0.024169921875,0.993896484375,0.115234375
0.0,2.8076171875,-1.15966796875,-0.16021728515625,-0.017822265625,0.987548828125,0.11083984375
0.0,2.74658203125,-1.10626220703125,0.06103515625,-0.017822265625,0.99267578125,0.1123046875
0.0,2.8228759765625,-1.0223388671875,0.19073486328125,-0.024169921875,0.998779296875,0.11376953125
0.0,2.7313232421875,-1.129150390625,-0.20599365234375,-0.02197265625,0.991943359375,0.113037109375
0.0,2.655029296875,-1.02996826171875,-0.05340576171875,-0.01708984375,0.992431640625,0.113525390625
0.0,2.8228759765625,-0.9613037109375,0.274658203125,-0.022216796875,0.98779296875,0.111328125
0.0,2.8533935546875,-1.09100341796875,0.0762939453125,-0.02685546875,0.99072265625,0.111328125
0.0,2.8228759765625,-1.04522705078125,0.0152587890625,-0.01806640625,0.9970703125,0.11376953125
0.0,2.7008056640625,-0.946044921875,0.274658203125,-0.01953125,0.991455078125,0.11328125
0.0,2.6702880859375,-0.9613037109375,0.40435791015625,-0.020751953125,0.99658203125,0.11328125
0.0,2.78472900390625,-0.946044921875,0.6866455078125,-0.0244140625,0.992919921875,0.1123046875
0.0,2.74658203125,-0.9765625,0.64849853515625,-0.02490234375,0.994140625,0.11279296875
0.0,2.685546875,-0.9613037109375,0.457763671875,-0.023193359375,0.995361328125,0.110595703125
0.0,2.72369384765625,-0.90789794921875,0.8087158203125,-0.017578125,0.996826171875,0.11376953125
0.0,2.64739990234375,-0.83160400390625,1.18255615234375,-0.02001953125,0.99462890625,0.114013671875
0.0,2.58636474609375,-0.92315673828125,1.15966796875,-0.028076171875,0.99951171875,0.11279296875
0.0,2.57110595703125,-0.9002685546875,1.0528564453125,-0.02197265625,0.992431640625,0.109619140625
0.0,2.69317626953125,-0.8392333984375,1.251220703125,-0.02099609375,0.98974609375,0.110595703125
0.0,2.55584716796875,-0.81634521484375,1.50299072265625,-0.021240234375,0.99853515625,0.115234375
0.0,2.51007080078125,-0.83160400390625,1.60980224609375,-0.021728515625,0.99267578125,0.112548828125
0.0,2.46429443359375,-0.8544921875,1.57928466796875,-0.0234375,0.98974609375,0.11083984375
0.0,2.46429443359375,-0.83160400390625,1.62506103515625,-0.021240234375,0.994873046875,0.111328125
0.0,2.5482177734375,-0.7476806640625,1.7547607421875,-0.018798828125,0.991943359375,0.11181640625
0.0,2.41851806640625,-0.732421875,1.8768310546875,-0.021484375,0.994384765625,0.114013671875
0.0,2.349853515625,-0.77056884765625,1.86920166015625,-0.01953125,0.9970703125,0.11328125
0.0,2.410888671875,-0.63323974609375,1.89971923828125,-0.0224609375,0.98974609375,0.1083984375
0.0,2.410888671875,-0.701904296875,1.96075439453125,-0.024169921875,0.997802734375,0.113037109375
0.0,2.32696533203125,-0.6866455078125,1.88446044921875,-0.01708984375,0.997802734375,0.113525390625
0.0,2.25830078125,-0.66375732421875,2.01416015625,-0.020751953125,0.9951171875,0.112548828125
0.0,2.2125244140625,-0.57220458984375,1.922607421875,-0.022216796875,0.993896484375,0.10986328125
0.0,2.3193359375,-0.5950927734375,1.8768310546875,-0.021728515625,0.99365234375,0.11328125
0.0,2.2125244140625,-0.5950927734375,1.8463134765625,-0.018798828125,0.994873046875,0.1142578125
0.0,2.11334228515625,-0.57220458984375,1.6937255859375,-0.01806640625,0.994384765625,0.110107421875
0.0,2.26593017578125,-0.45013427734375,1.60980224609375,-0.017578125,0.99365234375,0.111572265625
0.0,2.197265625,-0.45013427734375,1.5869140625,-0.021728515625,0.992919921875,0.11328125
0.0,2.1514892578125,-0.48065185546875,1.5716552734375,-0.019775390625,0.990234375,0.11279296875
0.0,2.12860107421875,-0.48065185546875,1.3580322265625,-0.020751953125,0.994873046875,0.11083984375
0.0,2.105712890625,-0.4119873046875,1.19781494140625,-0.014892578125,0.992431640625,0.11279296875
0.0,2.08282470703125,-0.3204345703125,1.13677978515625,-0.021484375,0.99609375,0.111572265625
0.0,2.08282470703125,-0.37384033203125,0.96893310546875,-0.01953125,0.98828125,0.11279296875
0.0,2.05230712890625,-0.26702880859375,0.9307861328125,-0.019775390625,0.99462890625,0.114013671875
0.0,2.14385986328125,-0.31280517578125,0.7476806640625,-0.021484375,0.99267578125,0.11279296875
0.0,2.1209716796875,-0.26702880859375,0.51116943359375,-0.017578125,0.996337890625,0.11328125
0.0,2.0751953125,-0.1678466796875,0.61798095703125,-0.016357421875,0.994140625,0.113525390625
0.0,2.044677734375,-0.22125244140625,0.579833984375,-0.02392578125,0.9921875,0.112548828125
0.0,2.08282470703125,-0.22125244140625,0.19073486328125,-0.019775390625,0.9931640625,0.111083984375
0.0,2.0599365234375,-0.1220703125,0.1068115234375,-0.01904296875,0.994140625,0.1123046875
0.0,2.105712890625,-0.11444091796875,0.091552734375,-0.02001953125,0.9912109375,0.11328125
0.0,2.08282470703125,-0.0762939453125,0.02288818359375,-0.017822265625,0.991455078125,0.11474609375
0.0,2.08282470703125,-0.03814697265625,0.152587890625,-0.019775390625,0.989013671875,0.11376953125
0.0,2.0904541015625,-0.030517578125,-0.030517578125,-0.02392578125,0.989990234375,0.1103515625
0.0,2.2125244140625,-0.0457763671875,-0.26702880859375,-0.0224609375,0.9951171875,0.111572265625
0.0,2.09808349609375,0.0152587890625,-0.213623046875,-0.013916015625,0.991455078125,0.1162109375
0.0,2.09808349609375,0.06866455078125,0.0152587890625,-0.020263671875,0.99169921875,0.115234375
0.0,2.14385986328125,0.11444091796875,-0.0457763671875,-0.0234375,0.98828125,0.11279296875
0.0,2.18963623046875,0.08392333984375,-0.14495849609375,-0.024658203125,0.992431640625,0.11181640625
0.0,2.166748046875,0.09918212890625,-0.25177001953125,-0.019775390625,0.994384765625,0.112548828125
0.0,2.25830078125,0.152587890625,0.06866455078125,-0.01806640625,0.99462890625,0.114990234375
0.0,2.1514892578125,0.20599365234375,0.06866455078125,-0.020263671875,0.990966796875,0.115478515625
0.0,2.18963623046875,0.18310546875,0.12969970703125,-0.024169921875,0.99365234375,0.112060546875
0.0,2.288818359375,0.20599365234375,0.22125244140625,-0.022216796875,0.995361328125,0.113037109375
0.0,2.38037109375,0.18310546875,0.16021728515625,-0.022705078125,0.98974609375,0.112060546875
0.0,2.29644775390625,0.244140625,0.34332275390625,-0.019287109375,0.994140625,0.11376953125
0.0,2.3040771484375,0.29754638671875,0.46539306640625,-0.018798828125,0.993408203125,0.1162109375
0.0,2.288818359375,0.29754638671875,0.63323974609375,-0.023681640625,0.986328125,0.11328125
0.0,2.3345947265625,0.30517578125,0.54931640625,-0.02490234375,0.9951171875,0.11328125
0.0,2.40325927734375,0.3662109375,0.81634521484375,-0.022216796875,0.987548828125,0.1123046875
0.0,2.44140625,0.335693359375,0.83160400390625,-0.02197265625,0.994384765625,0.113037109375
0.0,2.37274169921875,0.37384033203125,0.95367431640625,-0.017578125,0.994140625,0.11572265625
0.0,2.349853515625,0.4730224609375,1.220703125,-0.022216796875,0.9912109375,0.114013671875
0.0,2.41851806640625,0.43487548828125,1.10626220703125,-0.026123046875,0.988037109375,0.111328125
0.0,2.52532958984375,0.3814697265625,1.2054443359375,-0.019775390625,0.994140625,0.11279296875
0.0,2.4261474609375,0.5340576171875,1.3580322265625,-0.02197265625,0.99853515625,0.1142578125
0.0,2.44140625,0.49591064453125,1.36566162109375,-0.021240234375,0.99267578125,0.113525390625
0.0,2.43377685546875,0.54931640625,1.495361328125,-0.019287109375,0.998046875,0.113525390625
0.0,2.4871826171875,0.6256103515625,1.678466796875,-0.018310546875,0.988525390625,0.1142578125
0.0,2.4566650390625,0.48828125,1.60980224609375,-0.030517578125,0.992919921875,0.1103515625
0.0,2.47955322265625,0.49591064453125,1.42669677734375,-0.01708984375,0.99755859375,0.112548828125
0.0,2.532958984375,0.6866455078125,1.51824951171875,-0.01611328125,0.991455078125,0.11279296875
0.0,2.35748291015625,0.72479248046875,1.62506103515625,-0.01953125,0.99267578125,0.1162109375
0.0,2.4566650390625,0.67901611328125,1.62506103515625,-0.02392578125,0.991455078125,0.11279296875
0.0,2.41851806640625,0.60272216796875,1.52587890625,-0.025390625,0.98583984375,0.111328125
0.0,2.52532958984375,0.75531005859375,1.39617919921875,-0.01611328125,0.997802734375,0.111083984375
0.0,2.46429443359375,0.69427490234375,1.44195556640625,-0.02001953125,0.99169921875,0.114013671875
0.0,2.349853515625,0.762939453125,1.46484375,-0.015869140625,0.998291015625,0.1142578125
0.0,2.3193359375,0.89263916015625,1.312255859375,-0.021240234375,0.98974609375,0.1123046875
0.0,2.44903564453125,0.823974609375,1.220703125,-0.022705078125,0.99072265625,0.111572265625
0.0,2.44903564453125,0.78582763671875,0.96893310546875,-0.0224609375,0.99365234375,0.11083984375
0.0,2.44903564453125,0.80108642578125,0.9613037109375,-0.016357421875,0.9990234375,0.1142578125
0.0,2.32696533203125,0.885009765625,0.732421875,-0.017578125,0.99462890625,0.113037109375
0.0,2.2735595703125,0.9613037109375,0.8544921875,-0.017578125,0.99462890625,0.113525390625
0.0,2.26593017578125,0.91552734375,0.74005126953125,-0.026611328125,0.992919921875,0.111328125
0.0,2.31170654296875,0.83160400390625,0.40435791015625,-0.019775390625,0.9951171875,0.111083984375
0.0,2.37274169921875,0.92315673828125,0.274658203125,-0.013916015625,0.993896484375,0.111083984375
0.0,2.1514892578125,1.02996826171875,0.37384033203125,-0.018310546875,0.994140625,0.114990234375
0.0,2.20489501953125,1.01470947265625,0.0762939453125,-0.021728515625,0.99365234375,0.1123046875
0.0,2.1820068359375,1.02996826171875,0.03814697265625,-0.021240234375,0.98876953125,0.1103515625
0.0,2.2735595703125,1.0986328125,0.00762939453125,-0.021240234375,0.994873046875,0.11181640625
0.0,2.15911865234375,1.068115234375,-0.274658203125,-0.02099609375,0.990966796875,0.112548828125
0.0,2.1209716796875,1.03759765625,-0.244140625,-0.01708984375,0.997314453125,0.113525390625
0.0,2.03704833984375,1.1749267578125,-0.213623046875,-0.01708984375,0.994873046875,0.11181640625
0.0,2.02178955078125,1.190185546875,-0.46539306640625,-0.009765625,1.00830078125,0.107177734375
0.0,2.63214111328125,2.3040771484375,4.547119140625,0.00537109375,0.9658203125,0.090576171875
0.0,3.27301025390625,0.823974609375,-0.17547607421875,-0.1142578125,0.950439453125,0.11474609375
0.0,2.1820068359375,0.7476806640625,-6.927490234375,0.04443359375,1.034423828125,0.136474609375
0.0,2.09808349609375,2.7923583984375,-1.21307373046875,0.03857421875,1.013916015625,0.125
0.0,0.9918212890625,2.55584716796875,-0.72479248046875,-0.031494140625,0.990478515625,0.119873046875
0.0,1.434326171875,1.80816650390625,-1.04522705078125,-0.0517578125,0.9873046875,0.1357421875
0.0,-1.678466796875,2.76947021484375,7.65228271484375,-0.031005859375,1.048828125,0.194580078125
0.0,-3.4637451171875,0.274658203125,-6.01959228515625,-0.136962890625,1.111083984375,0.135986328125
0.0,-6.134033203125,3.0975341796875,3.021240234375,0.24072265625,1.012939453125,0.244384765625
0.0,-9.74273681640625,4.11224365234375,10.894775390625,-0.13525390625,1.0009765625,0.171875
0.0,-13.1988525390625,2.17437744140625,-6.30950927734375,-0.078125,1.198974609375,0.1435546875
0.0,-13.31329345703125,3.0517578125,-21.40045166015625,0.01123046875,1.221923828125,0.060791015625
0.0,-11.17706298828125,1.64794921875,-17.61627197265625,-0.147216796875,1.397216796875,-0.20849609375
0.0,-2.86102294921875,7.46917724609375,-24.6429443359375,0.186767578125,1.14208984375,0.336181640625
0.0,-14.2364501953125,1.5411376953125,-14.9993896484375,-0.18212890625,0.875,0.09423828125
0.0,0.396728515625,-0.9765625,7.77435302734375,0.018798828125,0.87841796875,0.131591796875
0.0,-2.89154052734375,1.007080078125,4.76837158203125,-0.14794921875,0.57861328125,0.022216796875
0.0,2.899169921875,0.64849853515625,12.3748779296875,-0.037353515625,0.712890625,0.121337890625
0.0,5.950927734375,-2.29644775390625,7.598876953125,-0.0673828125,0.39453125,0.076171875
0.0,9.7503662109375,0.5035400390625,16.5252685546875,0.119384765625,0.6240234375,0.024169921875
0.0,14.21356201171875,0.20599365234375,1.40380859375,-0.2568359375,0.627685546875,0.030517578125
0.0,17.364501953125,-0.38909912109375,5.9356689453125,0.18212890625,0.989013671875,0.04833984375
0.0,16.96014404296875,0.335693359375,9.89532470703125,-0.128173828125,0.6474609375,-0.05029296875
0.0,22.85003662109375,-1.3427734375,10.25390625,0.035400390625,1.19189453125,0.073486328125
0.0,15.73944091796875,0.87738037109375,27.06146240234375,-0.002685546875,0.93994140625,0.22216796875
0.0,10.91766357421875,-3.662109375,25.06256103515625,-0.240966796875,0.843505859375,0.192138671875
0.0,8.2244873046875,-5.4931640625,2.11334228515625,-0.1416015625,1.20751953125,0.21142578125
0.0,5.83648681640625,-2.84576416015625,-5.18035888671875,0.23291015625,1.22216796875,0.132568359375
0.0,6.05010986328125,2.58636474609375,4.3182373046875,0.15283203125,1.392333984375,0.23095703125
0.0,4.82940673828125,2.288818359375,0.69427490234375,-0.030517578125,1.406005859375,0.17333984375
0.0,2.7008056640625,0.55694580078125,-2.166748046875,-0.029052734375,1.461669921875,0.210205078125
0.0,0.45013427734375,2.32696533203125,0.3509521484375,-0.017822265625,1.353271484375,0.146728515625
0.0,-3.021240234375,0.579833984375,-6.9732666015625,-0.241943359375,1.384521484375,0.345703125
0.0,-13.8702392578125,-1.3427734375,-13.86260986328125,0.09326171875,1.146728515625,0.20849609375
0.0,-13.28277587890625,0.1068115234375,2.86102294921875,-0.03466796875,1.035888671875,0.185546875
0.0,-20.48492431640625,-2.90679931640625,4.49371337890625,-0.05615234375,0.88134765625,0.131591796875
0.0,-13.83209228515625,-0.29754638671875,21.4080810546875,0.268310546875,0.67822265625,-0.099365234375
0.0,2.57110595703125,0.57220458984375,33.02764892578125,-0.206787109375,0.50830078125,-0.143310546875
0.0,14.76287841796875,-5.48553466796875,-6.7901611328125,-0.351318359375,0.4755859375,-0.084228515625
0.0,22.6287841796875,-0.84686279296875,-44.9676513671875,0.27490234375,0.77490234375,-0.04345703125
0.0,12.24517822265625,6.64520263671875,-30.5633544921875,0.363037109375,1.074951171875,0.077880859375
0.0,5.7220458984375,10.7574462890625,-10.8489990234375,0.20947265625,0.522705078125,0.142822265625
0.0,5.950927734375,10.32257080078125,-2.54058837890625,-0.105224609375,0.697998046875,0.131103515625
0.0,5.22613525390625,4.39453125,-1.50299072265625,-0.18798828125,0.806884765625,0.16796875
0.0,2.95257568359375,3.5858154296875,-0.457763671875,-0.1220703125,0.99365234375,0.115966796875
0.0,1.6326904296875,2.8228759765625,-0.92315673828125,-0.19677734375,1.078857421875,0.136474609375
0.0,3.41033935546875,-0.3204345703125,-3.50189208984375,-0.06494140625,1.1689453125,0.150634765625
0.0,3.27301025390625,0.37384033203125,-0.40435791015625,0.040771484375,1.389404296875,0.180908203125
0.0,2.4261474609375,1.12152099609375,-0.1068115234375,-0.005126953125,1.44970703125,0.168212890625
0.0,1.8768310546875,1.93023681640625,-3.01361083984375,-0.04443359375,1.45068359375,0.170166015625
0.0,-0.06103515625,1.2969970703125,-3.7078857421875,-0.009033203125,1.3857421875,0.161376953125
0.0,-1.3885498046875,2.0751953125,-0.75531005859375,-0.02978515625,1.218505859375,0.14111328125
0.0,-2.1514892578125,1.3885498046875,-1.1444091796875,-0.08056640625,1.032470703125,0.121337890625
0.0,-2.61688232421875,0.9918212890625,-1.3275146484375,-0.02490234375,0.86962890625,0.106201171875
0.0,-2.26593017578125,1.31988525390625,-0.030517578125,-0.033935546875,0.737060546875,0.086181640625
0.0,-1.800537109375,0.55694580078125,0.6561279296875,-0.013916015625,0.660400390625,0.07861328125
0.0,-0.75531005859375,0.87738037109375,0.93841552734375,-0.00439453125,0.645263671875,0.080322265625
0.0,-0.37384033203125,1.03759765625,1.434326171875,-0.009765625,0.625,0.072021484375
0.0,0.20599365234375,1.2359619140625,1.251220703125,-0.01025390625,0.71044921875,0.081298828125
0.0,0.701904296875,1.51824951171875,0.78582763671875,-0.0244140625,0.781982421875,0.092041015625
0.0,0.8544921875,1.30462646484375,0.11444091796875,-0.017822265625,0.9052734375,0.097412109375
0.0,1.1138916015625,1.30462646484375,1.6326904296875,-0.017578125,1.019775390625,0.1142578125
0.0,1.27410888671875,1.24359130859375,2.7923583984375,-0.031982421875,1.139404296875,0.13330078125
0.0,0.60272216796875,1.41143798828125,1.89208984375,-0.02197265625,1.23193359375,0.15234375
0.0,0.244140625,1.36566162109375,2.74658203125,-0.0419921875,1.273193359375,0.14697265625
0.0,0.66375732421875,1.220703125,2.960205078125,-0.029052734375,1.289794921875,0.157470703125
0.0,0.48828125,1.31988525390625,4.547119140625,-0.04638671875,1.260009765625,0.1591796875
0.0,0.1373291015625,0.8544921875,3.387451171875,-0.019287109375,1.17626953125,0.150634765625
0.0,0.32806396484375,1.0223388671875,4.90570068359375,-0.019287109375,1.09033203125,0.1357421875
0.0,0.0457763671875,1.129150390625,4.913330078125,-0.02294921875,0.97607421875,0.118408203125
0.0,0.45013427734375,0.93841552734375,3.4332275390625,-0.0361328125,0.89111328125,0.108642578125
0.0,0.74005126953125,0.70953369140625,4.45556640625,-0.018798828125,0.826904296875,0.104248046875
0.0,0.80108642578125,0.7781982421875,3.7689208984375,-0.008056640625,0.7705078125,0.095703125
0.0,1.2969970703125,0.77056884765625,3.90625,-0.010986328125,0.726806640625,0.091552734375
0.0,1.922607421875,0.86212158203125,4.45556640625,-0.00146484375,0.73876953125,0.08984375
0.0,1.8310546875,1.01470947265625,3.8604736328125,-0.025146484375,0.78857421875,0.095947265625
0.0,2.5177001953125,0.823974609375,2.9296875,-0.0107421875,0.85498046875,0.094970703125
0.0,3.48663330078125,1.1444091796875,3.2806396484375,-0.015625,0.94677734375,0.1123046875
0.0,3.25775146484375,0.91552734375,2.25830078125,-0.020751953125,1.05322265625,0.127197265625
0.0,3.7384033203125,0.9613037109375,2.50244140625,-0.017578125,1.112548828125,0.13818359375
0.0,3.5400390625,0.7781982421875,1.708984375,-0.017578125,1.16650390625,0.141357421875
0.0,3.326416015625,1.02996826171875,1.88446044921875,0.01513671875,1.206787109375,0.15234375
0.0,3.42559814453125,1.495361328125,2.08282470703125,-0.02734375,1.183837890625,0.141845703125
0.0,3.45611572265625,0.86212158203125,0.26702880859375,-0.021728515625,1.148681640625,0.1396484375
0.0,3.60870361328125,1.007080078125,0.34332275390625,-0.014404296875,1.10400390625,0.1416015625
0.0,2.98309326171875,0.95367431640625,-1.2664794921875,-0.0244140625,1.04443359375,0.127197265625
0.0,3.72314453125,1.09100341796875,-0.38909912109375,0.01611328125,0.921142578125,0.098388671875
0.0,3.99017333984375,0.3814697265625,0.29754638671875,-0.067138671875,0.90234375,0.107666015625
0.0,3.8604736328125,0.335693359375,-3.92913818359375,-0.009521484375,0.817626953125,0.11962890625
0.0,3.84521484375,0.78582763671875,-4.67681884765625,0.025634765625,0.83544921875,0.095947265625
0.0,3.173828125,1.40380859375,-0.58746337890625,0.009521484375,0.808349609375,0.09521484375
0.0,4.150390625,1.0528564453125,-2.32696533203125,-0.05126953125,0.817626953125,0.099609375
0.0,2.84576416015625,1.89208984375,2.64739990234375,0.027099609375,0.916748046875,0.181884765625
0.0,1.42669677734375,-0.22125244140625,-6.26373291015625,-0.12744140625,0.978515625,0.115966796875
0.0,0.99945068359375,2.74658203125,-2.08282470703125,0.255126953125,1.052490234375,0.21142578125
0.0,-3.30352783203125,4.7149658203125,11.89422607421875,-0.078369140625,1.1103515625,0.2626953125
0.0,-6.439208984375,0.87738037109375,-10.38360595703125,-0.122802734375,1.26611328125,0.210205078125
0.0,-11.36016845703125,2.23541259765625,-22.247314453125,0.01513671875,1.320556640625,0.08056640625
0.0,-7.537841796875,6.744384765625,-16.2811279296875,0.19775390625,1.408935546875,0.064453125
0.0,-4.69970703125,6.03485107421875,-10.09368896484375,-0.21240234375,1.228759765625,0.1025390625
0.0,-4.974365234375,-0.5340576171875,-27.008056640625,-0.25048828125,1.48974609375,0.037353515625
0.0,-6.4849853515625,1.1749267578125,-11.03973388671875,0.114013671875,0.908447265625,0.182373046875
0.0,-1.67083740234375,0.87738037109375,2.44140625,-0.05908203125,0.7451171875,0.15234375
0.0,-1.190185546875,-2.61688232421875,3.76129150390625,-0.093017578125,0.72998046875,0.080810546875
0.0,1.6326904296875,-1.47247314453125,-1.25885009765625,-0.008056640625,0.44189453125,0.064208984375
0.0,5.51605224609375,-0.1678466796875,8.758544921875,0.035888671875,0.50830078125,0.041015625
0.0,8.99505615234375,-1.74713134765625,-4.7149658203125,-0.17529296875,0.482666015625,0.00048828125
0.0,12.79449462890625,2.76947021484375,10.90240478515625,0.1513671875,0.5615234375,0.013916015625
0.0,22.3541259765625,-2.03704833984375,0.1983642578125,-0.294921875,0.69384765625,-0.02587890625
0.0,22.97210693359375,-1.220703125,5.4473876953125,0.201904296875,1.110107421875,0.068115234375
0.0,18.3868408203125,1.4190673828125,29.4189453125,-0.0390625,0.818603515625,0.160400390625
0.0,14.68658447265625,-5.36346435546875,24.00970458984375,-0.352783203125,0.854248046875,0.181640625
0.0,10.91766357421875,-7.36236572265625,-3.68499755859375,-0.074462890625,1.23193359375,0.179931640625
0.0,8.47625732421875,-3.36456298828125,-2.35748291015625,0.24365234375,1.235595703125,0.14208984375
0.0,8.78143310546875,1.800537109375,4.7760009765625,0.116943359375,1.433837890625,0.1982421875
0.0,7.71331787109375,0.946044921875,0.93841552734375,-0.036865234375,1.541748046875,0.19970703125
0.0,4.2724609375,-0.45013427734375,3.84521484375,-0.030029296875,1.548583984375,0.204345703125
0.0,2.7008056640625,0.92315673828125,3.7384033203125,-0.091552734375,1.455078125,0.17626953125
0.0,-4.47845458984375,-1.82342529296875,-7.86590576171875,-0.22216796875,1.524658203125,0.3330078125
0.0,-14.2059326171875,-2.12860107421875,-4.93621826171875,0.138427734375,1.171630859375,0.185546875
0.0,-14.5416259765625,-1.85394287109375,8.43048095703125,-0.097412109375,1.128173828125,0.203369140625
0.0,-20.69091796875,-5.40924072265625,10.4217529296875,-0.036376953125,0.827392578125,0.0966796875
0.0,-17.79937744140625,-5.2337646484375,9.48333740234375,-0.02734375,0.9375,0.043701171875
0.0,-15.48004150390625,-4.02069091796875,16.937255859375,0.06591796875,0.772216796875,0.003662109375
0.0,-12.67242431640625,-2.0599365234375,22.33123779296875,0.11181640625,1.07421875,-0.119140625
0.0,-12.84027099609375,-4.81414794921875,11.11602783203125,-0.24169921875,0.465087890625,0.151123046875
0.0,-8.47625732421875,-1.22833251953125,-5.9051513671875,0.19140625,0.56201171875,0.027099609375
0.0,-2.34222412109375,3.07464599609375,-1.13677978515625,0.062744140625,0.66796875,0.104736328125
0.0,-1.312255859375,-0.19073486328125,-1.28173828125,-0.036865234375,0.624755859375,0.06591796875
0.0,4.38690185546875,0.54168701171875,-13.67950439453125,-0.046630859375,0.671142578125,0.104736328125
0.0,7.32421875,1.89971923828125,-5.096435546875,0.050048828125,0.6630859375,0.090087890625
0.0,11.37542724609375,0.20599365234375,-12.176513671875,-0.121337890625,1.06298828125,0.100830078125
0.0,12.4969482421875,1.9683837890625,-2.13623046875,0.24169921875,0.81787109375,-0.0263671875
0.0,23.64349365234375,2.78472900390625,-1.68609619140625,-0.213134765625,1.19384765625,0.072998046875
0.0,19.287109375,1.35040283203125,-20.68328857421875,0.076171875,0.978759765625,-0.0224609375
0.0,23.99444580078125,4.5928955078125,-23.7884521484375,0.063232421875,1.27587890625,0.16748046875
0.0,11.77978515625,5.3863525390625,-25.48980712890625,0.03857421875,1.09326171875,0.254638671875
0.0,10.2081298828125,6.8206787109375,-8.7890625,0.041748046875,1.072998046875,0.20556640625
0.0,7.14874267578125,4.5166015625,-0.87738037109375,-0.194580078125,1.087158203125,0.201171875
0.0,4.6539306640625,0.08392333984375,-1.861572265625,-0.216796875,1.171142578125,0.1806640625
0.0,2.46429443359375,-1.06048583984375,-1.39617919921875,-0.09619140625,1.185302734375,0.15478515625
0.0,1.1444091796875,-1.38092041015625,1.01470947265625,-0.04541015625,1.12255859375,0.15380859375
0.0,-1.60980224609375,-0.19073486328125,7.32421875,0.017578125,1.109375,0.210205078125
0.0,-3.5247802734375,-2.43377685546875,-2.4871826171875,-0.08154296875,1.171630859375,0.1630859375
0.0,-6.1798095703125,1.4190673828125,5.18035888671875,0.279296875,1.065185546875,0.21826171875
0.0,-10.32257080078125,3.5400390625,16.60919189453125,-0.166015625,1.03076171875,0.228271484375
0.0,-13.54217529296875,-0.17547607421875,-7.99560546875,-0.144287109375,1.160400390625,0.15771484375
0.0,-16.45660400390625,-0.08392333984375,-21.484375,0.009765625,1.07177734375,0.041015625
0.0,-12.97760009765625,4.57000732421875,-8.544921875,0.2099609375,1.073974609375,0.027099609375
0.0,-8.8043212890625,-1.2359619140625,-13.14544677734375,-0.48779296875,1.34716796875,-0.100341796875
0.0,-9.42230224609375,1.7547607421875,-14.99176025390625,0.250732421875,1.021484375,0.138427734375
0.0,-6.1187744140625,-0.86212158203125,4.1046142578125,-0.209716796875,0.75,0.1396484375
0.0,-6.17218017578125,-3.73077392578125,11.57379150390625,-0.044921875,0.748779296875,0.033447265625
0.0,0.41961669921875,-1.7547607421875,11.02447509765625,-0.060302734375,0.695068359375,0.10693359375
0.0,-0.5950927734375,-4.1961669921875,7.080078125,0.005615234375,0.516845703125,0.129638671875
0.0,5.1727294921875,-2.15911865234375,19.61517333984375,0.067138671875,0.67822265625,0.04296875
0.0,8.67462158203125,-1.93023681640625,5.4931640625,-0.18115234375,0.658935546875,0.023193359375
0.0,14.0533447265625,-2.32696533203125,8.06427001953125,0.17822265625,1.08642578125,0.0986328125
0.0,12.97760009765625,-1.51824951171875,16.57867431640625,-0.1884765625,0.609375,-0.065673828125
0.0,23.590087890625,-4.57000732421875,7.22503662109375,-0.029541015625,1.239501953125,0.0390625
0.0,15.8233642578125,-1.71661376953125,28.09906005859375,0.130615234375,0.9111328125,0.1611328125
0.0,14.07623291015625,-4.29534912109375,37.6739501953125,-0.249755859375,0.876953125,0.205322265625
0.0,9.14764404296875,-8.91876220703125,9.6893310546875,-0.177001953125,1.024658203125,0.1982421875
0.0,6.622314453125,-7.0953369140625,-0.80108642578125,0.174560546875,1.175048828125,0.1376953125
0.0,7.71331787109375,-0.4730224609375,9.63592529296875,0.2119140625,1.207275390625,0.187744140625
0.0,6.40106201171875,-0.1678466796875,5.60760498046875,-0.0166015625,1.308837890625,0.208740234375
0.0,4.47845458984375,-2.3040771484375,1.6937255859375,-0.029052734375,1.379638671875,0.187255859375
0.0,3.44085693359375,-0.20599365234375,1.190185546875,-0.083740234375,1.267333984375,0.179443359375
0.0,-4.39453125,-3.83758544921875,-10.97869873046875,-0.193115234375,1.37353515625,0.339111328125
0.0,-11.8560791015625,-3.2501220703125,-7.049560546875,0.1806640625,1.07373046875,0.1845703125
0.0,-12.76397705078125,-3.753662109375,7.19451904296875,-0.107666015625,1.12890625,0.218994140625
0.0,-17.333984375,-6.84356689453125,8.29315185546875,-0.032470703125,0.844970703125,0.1015625
0.0,-14.56451416015625,-6.77490234375,4.1351318359375,-0.02734375,0.99072265625,0.04638671875
0.0,-10.6353759765625,-5.21087646484375,12.58087158203125,0.131103515625,0.926513671875,-0.011962890625
0.0,-10.23101806640625,-4.2877197265625,17.7764892578125,0.09912109375,1.195556640625,-0.013427734375
0.0,-9.20867919921875,-6.1492919921875,0.6866455078125,-0.1708984375,0.545166015625,0.18896484375
0.0,-3.72314453125,-1.35040283203125,-12.786865234375,0.2080078125,0.6103515625,0.0361328125
0.0,1.2969970703125,1.7852783203125,-7.40814208984375,0.056640625,0.7763671875,0.109130859375
0.0,3.5247802734375,-1.28173828125,-9.5672607421875,-0.09716796875,0.493896484375,0.080810546875
0.0,8.4686279296875,0.1068115234375,-22.33123779296875,-0.015869140625,0.78271484375,0.0947265625
0.0,12.176513671875,0.54931640625,-11.03973388671875,0.02294921875,0.59765625,0.097412109375
0.0,14.6331787109375,-1.36566162109375,-21.01898193359375,-0.093017578125,1.01708984375,0.08642578125
0.0,18.1884765625,1.31988525390625,-7.28607177734375,0.24658203125,0.71533203125,-0.05078125
0.0,27.65655517578125,1.33514404296875,-10.833740234375,-0.23388671875,1.106201171875,0.086181640625
0.0,24.5361328125,0.45013427734375,-27.0538330078125,0.074951171875,0.873046875,-0.02783203125
0.0,27.9693603515625,3.28826904296875,-33.172607421875,0.04638671875,1.197265625,0.1640625
0.0,16.4794921875,4.150390625,-30.21240234375,0.056640625,1.066650390625,0.240234375
0.0,14.86968994140625,5.9967041015625,-12.5732421875,0.014892578125,1.10693359375,0.189697265625
0.0,12.59613037109375,2.52532958984375,-4.791259765625,-0.217529296875,1.160400390625,0.203125
0.0,8.93402099609375,-1.54876708984375,-5.828857421875,-0.205078125,1.24462890625,0.18359375
0.0,6.27899169921875,-2.0904541015625,-4.08172607421875,-0.114990234375,1.3095703125,0.159912109375
0.0,4.64630126953125,-2.49481201171875,-0.9002685546875,-0.022705078125,1.18310546875,0.15234375
0.0,1.56402587890625,-1.76239013671875,6.591796875,-0.045654296875,1.16748046875,0.205322265625
0.0,0.41961669921875,-3.99017333984375,-3.83758544921875,-0.064208984375,1.257080078125,0.1728515625
0.0,-4.1656494140625,0.83160400390625,8.1939697265625,0.247802734375,1.060546875,0.218017578125
0.0,-8.56781005859375,1.01470947265625,15.106201171875,-0.27490234375,1.0859375,0.16650390625
0.0,-6.03485107421875,-6.70623779296875,-36.32354736328125,-0.395263671875,0.909423828125,-0.070556640625
0.0,8.056640625,-2.6092529296875,-41.1529541015625,0.422607421875,0.901123046875,-0.228515625
0.0,12.22991943359375,8.2855224609375,24.4903564453125,0.3251953125,1.221435546875,0.06787109375
0.0,6.4697265625,0.6866455078125,46.92840576171875,-0.494140625,0.91748046875,0.253662109375
0.0,-0.5340576171875,-12.969970703125,23.712158203125,-0.400634765625,0.45751953125,0.129638671875
0.0,0.41961669921875,-12.03155517578125,7.8582763671875,-0.046142578125,0.676513671875,0.03369140625
0.0,0.885009765625,-5.279541015625,10.040283203125,0.202392578125,0.611572265625,0.072021484375
0.0,3.0670166015625,-1.5411376953125,7.99560546875,0.102294921875,0.737548828125,0.107666015625
0.0,2.899169921875,-3.59344482421875,4.8065185546875,0.02685546875,0.95703125,0.114501953125
0.0,3.47137451171875,-2.74658203125,12.26043701171875,0.074951171875,1.1318359375,0.11865234375
0.0,3.53240966796875,0.396728515625,12.115478515625,-0.110107421875,1.20458984375,0.125244140625
0.0,2.471923828125,-2.08282470703125,5.340576171875,-0.15478515625,1.354736328125,0.154541015625
0.0,0.37384033203125,-3.18145751953125,7.4920654296875,0.021484375,1.371826171875,0.15087890625
0.0,-1.007080078125,-2.777099609375,15.76995849609375,0.019287109375,1.292724609375,0.150634765625
0.0,-1.71661376953125,-3.53240966796875,17.059326171875,-0.04638671875,1.249755859375,0.150390625
0.0,-2.44140625,-3.0670166015625,12.420654296875,-0.056884765625,1.14208984375,0.133056640625
0.0,-2.23541259765625,-3.28826904296875,9.01031494140625,-0.04052734375,1.068603515625,0.118896484375
0.0,-2.593994140625,-3.143310546875,7.9803466796875,0.016357421875,0.985107421875,0.11328125
0.0,-2.14385986328125,-2.84576416015625,8.53729248046875,0.019775390625,0.906982421875,0.10400390625
0.0,-2.6702880859375,-3.12042236328125,9.765625,-0.003173828125,0.79931640625,0.093994140625
0.0,-2.50244140625,-2.655029296875,9.0789794921875,-0.02783203125,0.747314453125,0.08642578125
0.0,-2.5482177734375,-2.95257568359375,7.080078125,-0.0263671875,0.698486328125,0.075927734375
0.0,-1.74713134765625,-3.265380859375,6.35528564453125,-0.00830078125,0.7314453125,0.087158203125
0.0,-1.51824951171875,-2.96783447265625,6.32476806640625,0.00537109375,0.7880859375,0.095458984375
0.0,-1.251220703125,-3.01361083984375,5.06591796875,-0.003173828125,0.877197265625,0.106201171875
0.0,-0.23651123046875,-2.838134765625,3.66973876953125,-0.001220703125,0.9736328125,0.1171875
0.0,-0.45013427734375,-2.532958984375,1.56402587890625,0.014404296875,1.080322265625,0.125
0.0,-0.22125244140625,-2.37274169921875,0.63323974609375,-0.009765625,1.171142578125,0.138916015625
0.0,-0.25177001953125,-2.6397705078125,-1.251220703125,0.00537109375,1.1806640625,0.148193359375
0.0,-0.46539306640625,-2.40325927734375,-1.83868408203125,0.00732421875,1.2177734375,0.156494140625
0.0,-0.335693359375,-2.3040771484375,-3.27301025390625,-0.031494140625,1.1953125,0.15185546875
0.0,-0.6256103515625,-3.02886962890625,-5.9356689453125,-0.005126953125,1.1181640625,0.140869140625
0.0,-0.49591064453125,-2.5177001953125,-5.828857421875,0.000732421875,1.053955078125,0.12890625
0.0,0.0457763671875,-2.83050537109375,-6.79779052734375,-0.022705078125,0.95458984375,0.12841796875
0.0,-0.091552734375,-2.777099609375,-8.056640625,-0.0009765625,0.888916015625,0.115966796875
0.0,0.38909912109375,-2.52532958984375,-9.246826171875,-0.00146484375,0.827392578125,0.104736328125
0.0,0.9002685546875,-2.58636474609375,-8.84246826171875,-0.005859375,0.77734375,0.100830078125
0.0,0.885009765625,-2.3651123046875,-9.25445556640625,-0.005126953125,0.772705078125,0.098876953125
0.0,1.52587890625,-2.55584716796875,-9.59014892578125,-0.029541015625,0.790771484375,0.101318359375
0.0,2.197265625,-2.5634765625,-9.74273681640625,-0.01416015625,0.831787109375,0.1025390625
0.0,2.9449462890625,-2.52532958984375,-10.39886474609375,-0.01953125,0.906005859375,0.10986328125
0.0,3.662109375,-2.67791748046875,-10.16998291015625,-0.018310546875,0.9697265625,0.121337890625
0.0,4.09698486328125,-2.20489501953125,-9.8876953125,-0.009033203125,1.073486328125,0.13427734375
0.0,3.7689208984375,-2.40325927734375,-10.040283203125,-0.038818359375,1.095947265625,0.14501953125
0.0,4.21142578125,-2.5634765625,-9.27734375,-0.027099609375,1.151611328125,0.154541015625
0.0,4.21142578125,-2.2430419921875,-8.7127685546875,-0.048828125,1.154296875,0.14208984375
0.0,4.57763671875,-2.9144287109375,-7.9193115234375,-0.047607421875,1.129150390625,0.14599609375
0.0,4.852294921875,-2.55584716796875,-6.6986083984375,-0.031494140625,1.118408203125,0.140625
0.0,4.5013427734375,-2.9296875,-5.60760498046875,-0.04248046875,1.058349609375,0.135009765625
0.0,4.89044189453125,-2.95257568359375,-4.5318603515625,-0.03662109375,0.99609375,0.1279296875
0.0,5.08880615234375,-2.9754638671875,-4.1656494140625,-0.03515625,0.926513671875,0.111328125
0.0,5.05828857421875,-2.9296875,-2.7618408203125,-0.021240234375,0.8701171875,0.10693359375
0.0,5.82122802734375,-2.76947021484375,-2.20489501953125,-0.0322265625,0.848388671875,0.10791015625
0.0,5.4168701171875,-3.0975341796875,-1.33514404296875,-0.03662109375,0.810302734375,0.09619140625
0.0,6.20269775390625,-2.99072265625,-0.00762939453125,-0.024658203125,0.837646484375,0.09912109375
0.0,6.6375732421875,-2.98309326171875,0.81634521484375,-0.0341796875,0.866455078125,0.10302734375
0.0,6.4849853515625,-2.99835205078125,1.7852783203125,-0.03857421875,0.917724609375,0.109375
0.0,6.9732666015625,-3.01361083984375,2.34222412109375,-0.04345703125,0.979248046875,0.11669921875
0.0,6.73675537109375,-3.1890869140625,3.7078857421875,-0.03271484375,1.03564453125,0.11962890625
0.0,7.171630859375,-2.9144287109375,5.50079345703125,-0.024658203125,1.089599609375,0.13037109375
0.0,6.53076171875,-3.05938720703125,5.6610107421875,-0.043212890625,1.119384765625,0.127685546875
0.0,6.41632080078125,-3.04412841796875,7.4005126953125,-0.04443359375,1.1513671875,0.13671875
0.0,6.41632080078125,-3.21197509765625,7.08770751953125,-0.04736328125,1.126953125,0.125244140625
0.0,6.03485107421875,-3.33404541015625,8.76617431640625,-0.028076171875,1.117919921875,0.135498046875
0.0,5.72967529296875,-3.326416015625,9.765625,-0.031494140625,1.0693359375,0.127197265625
0.0,5.48553466796875,-3.37982177734375,9.55963134765625,-0.029052734375,1.0087890625,0.110595703125
0.0,5.3558349609375,-3.31878662109375,10.84136962890625,-0.0263671875,0.983154296875,0.109375
0.0,5.1727294921875,-3.448486328125,10.53619384765625,-0.02734375,0.917724609375,0.094970703125
0.0,5.340576171875,-2.5634765625,13.00048828125,0.0380859375,0.888671875,0.088134765625
0.0,5.28717041015625,-3.72314453125,12.36724853515625,-0.1015625,0.847412109375,0.097412109375
0.0,5.04302978515625,-4.32586669921875,4.0283203125,-0.006591796875,0.88671875,0.100830078125
0.0,5.11932373046875,-2.25067138671875,7.8582763671875,0.074462890625,0.923095703125,0.111083984375
0.0,3.63922119140625,-0.19073486328125,17.46368408203125,0.0634765625,0.985107421875,0.140869140625
0.0,2.593994140625,-3.265380859375,11.627197265625,-0.185546875,0.946533203125,0.11279296875
0.0,1.2664794921875,-3.814697265625,4.6539306640625,0.005859375,1.103515625,0.18505859375
0.0,-0.69427490234375,-2.66265869140625,-0.8392333984375,0.01708984375,1.158203125,0.146484375
0.0,-3.37982177734375,1.15966796875,12.51220703125,0.280517578125,1.1689453125,0.262451171875
0.0,-8.36944580078125,1.007080078125,22.57537841796875,-0.192138671875,1.150634765625,0.22802734375
0.0,-9.88006591796875,-3.19671630859375,-2.5482177734375,-0.077392578125,1.312744140625,0.120849609375
0.0,-14.9688720703125,-0.12969970703125,-4.99725341796875,0.088623046875,1.449462890625,0.156005859375
0.0,-16.04461669921875,-6.591796875,-25.5584716796875,-0.635009765625,1.7861328125,-0.36083984375
0.0,-9.27734375,4.0740966796875,-37.08648681640625,0.5439453125,1.071044921875,0.23681640625
0.0,-13.2904052734375,-0.1220703125,-16.36505126953125,-0.09716796875,0.929443359375,0.13623046875
0.0,-1.97601318359375,-5.80596923828125,16.754150390625,0.041748046875,0.67626953125,0.14599609375
0.0,1.89971923828125,-3.6163330078125,8.82720947265625,-0.322998046875,0.669677734375,-0.058349609375
0.0,5.60760498046875,-2.99072265625,11.90948486328125,0.044677734375,0.5185546875,0.144775390625
0.0,7.4462890625,-5.94329833984375,12.07733154296875,-0.087158203125,0.30908203125,-0.00244140625
0.0,15.228271484375,-5.24139404296875,16.6473388671875,0.13037109375,0.7333984375,0.0048828125
0.0,14.007568359375,-4.21905517578125,4.98199462890625,-0.185546875,0.396240234375,-0.042724609375
0.0,19.32525634765625,-5.2490234375,5.279541015625,0.123779296875,1.129150390625,0.032958984375
0.0,15.05279541015625,-3.7841796875,9.68170166015625,-0.071533203125,0.458251953125,-0.095703125
0.0,16.1590576171875,-5.4473876953125,11.10076904296875,0.140380859375,1.111328125,0.15869140625
0.0,11.60430908203125,-2.5177001953125,23.0255126953125,-0.02197265625,1.025634765625,0.2939453125
0.0,6.09588623046875,-8.6517333984375,11.23809814453125,-0.23779296875,0.958740234375,0.17822265625
0.0,5.18035888671875,-8.06427001953125,-13.61846923828125,0.001220703125,1.392822265625,0.192626953125
0.0,4.09698486328125,-3.45611572265625,-9.979248046875,0.2529296875,1.336669921875,0.1650390625
0.0,2.90679931640625,-0.37384033203125,-4.57763671875,0.085693359375,1.561279296875,0.2294921875
0.0,1.3580322265625,-2.15911865234375,-9.307861328125,-0.067626953125,1.529541015625,0.1884765625
0.0,-1.6326904296875,-2.7618408203125,-9.36126708984375,-0.01806640625,1.4990234375,0.194580078125
0.0,-3.18145751953125,-1.31988525390625,-10.0555419921875,-0.068115234375,1.322021484375,0.148193359375
0.0,-10.101318359375,-4.67681884765625,-20.416259765625,-0.19775390625,1.302490234375,0.317138671875
0.0,-18.3258056640625,-4.8675537109375,-18.8140869140625,0.119384765625,0.980712890625,0.17529296875
0.0,-20.51544189453125,-3.2196044921875,-6.49261474609375,-0.021728515625,1.022705078125,0.207763671875
0.0,-25.33721923828125,-6.62994384765625,0.732421875,-0.056884765625,0.6767578125,0.060791015625
0.0,-20.9503173828125,-7.28607177734375,-1.57928466796875,0.0283203125,0.92333984375,-0.052734375
0.0,-18.4783935546875,-2.7313232421875,22.9949951171875,0.294189453125,1.1630859375,-0.074462890625
0.0,-17.43316650390625,-6.9122314453125,8.26263427734375,-0.421142578125,0.445556640625,0.112060546875
0.0,-9.9945068359375,-3.33404541015625,-17.913818359375,0.100341796875,0.381103515625,0.109619140625
0.0,-1.9683837890625,-0.6103515625,-13.8397216796875,0.173095703125,0.798095703125,0.0625
0.0,-1.068115234375,-0.3204345703125,-12.3138427734375,-0.0107421875,0.66943359375,0.117431640625
0.0,5.9051513671875,-1.76239013671875,-26.48162841796875,-0.154541015625,0.467041015625,0.072509765625
0.0,10.39886474609375,-0.5950927734375,-28.14483642578125,0.030517578125,0.929443359375,0.121337890625
0.0,12.32147216796875,1.007080078125,-14.67132568359375,0.122314453125,0.877685546875,0.037109375
0.0,16.30401611328125,-0.79345703125,-16.448974609375,-0.17431640625,1.107421875,0.087646484375
0.0,15.6097412109375,0.67138671875,-7.7667236328125,0.160400390625,0.91064453125,-0.047119140625
0.0,25.3143310546875,2.29644775390625,-14.79339599609375,-0.194580078125,1.118896484375,0.104248046875
0.0,20.538330078125,1.3580322265625,-23.88763427734375,0.04541015625,0.95849609375,0.03955078125
0.0,23.13232421875,2.87628173828125,-24.02496337890625,0.0341796875,1.15380859375,0.1904296875
0.0,11.65771484375,4.3792724609375,-17.21954345703125,0.029296875,1.1279296875,0.25927734375
0.0,9.71221923828125,4.29534912109375,0.244140625,-0.075439453125,1.07275390625,0.21142578125
0.0,6.53839111328125,1.5716552734375,6.35528564453125,-0.259033203125,1.09375,0.214111328125
0.0,4.8065185546875,-3.05938720703125,3.387451171875,-0.228271484375,1.123046875,0.1689453125
0.0,3.22723388671875,-3.33404541015625,7.2174072265625,-0.056640625,1.216796875,0.16796875
0.0,2.899169921875,-2.7313232421875,11.92474365234375,-0.03369140625,1.068359375,0.14208984375
0.0,0.396728515625,-1.88446044921875,19.744873046875,-0.004638671875,1.19677734375,0.247314453125
0.0,-2.52532958984375,-4.24957275390625,11.3067626953125,-0.100830078125,1.19384765625,0.15673828125
0.0,-5.157470703125,0.00762939453125,19.3023681640625,0.21826171875,1.072265625,0.218017578125
0.0,-9.77325439453125,1.2359619140625,27.862548828125,-0.163330078125,1.01953125,0.208984375
0.0,-12.7105712890625,-1.7852783203125,8.06427001953125,-0.134521484375,1.13232421875,0.1640625
0.0,-15.49530029296875,-1.2359619140625,-2.43377685546875,-0.000732421875,1.07421875,0.05810546875
0.0,-11.71875,-4.55474853515625,-9.84954833984375,-0.336669921875,1.5185546875,-0.316650390625
0.0,-6.134033203125,4.180908203125,0.98419189453125,0.363037109375,0.90576171875,0.209228515625
0.0,-6.8359375,-1.77001953125,15.4266357421875,-0.25390625,0.787841796875,0.146484375
0.0,-0.701904296875,-7.50732421875,25.82550048828125,-0.046875,0.843994140625,0.09423828125
0.0,1.7852783203125,-2.47955322265625,22.34649658203125,-0.04736328125,0.54541015625,0.002197265625
0.0,5.37109375,-3.50189208984375,32.53936767578125,-0.039306640625,0.642578125,0.154052734375
0.0,8.0718994140625,-7.24029541015625,26.9622802734375,-0.06591796875,0.50146484375,0.032470703125
0.0,12.16888427734375,-2.593994140625,34.1644287109375,0.177734375,0.752197265625,0.053466796875
0.0,15.35797119140625,-3.1890869140625,22.7203369140625,-0.24267578125,0.681884765625,0.016357421875
0.0,19.8822021484375,-4.913330078125,20.5230712890625,0.14404296875,1.15673828125,0.060791015625
0.0,17.93670654296875,-2.87628173828125,27.87017822265625,0.02490234375,0.68896484375,-0.10693359375
0.0,24.993896484375,-4.2877197265625,26.67999267578125,-0.140380859375,1.351318359375,0.150634765625
0.0,14.65606689453125,-4.34112548828125,30.7769775390625,0.10546875,1.076904296875,0.318359375
0.0,6.683349609375,-5.05828857421875,30.79986572265625,-0.1064453125,0.842041015625,0.212890625
0.0,8.148193359375,-8.1329345703125,2.3193359375,-0.084716796875,1.07861328125,0.124267578125
0.0,7.6446533203125,-3.3111572265625,-6.6986083984375,0.2666015625,1.18212890625,0.1083984375
0.0,8.62884521484375,1.28173828125,6.378173828125,0.2060546875,1.330810546875,0.16259765625
0.0,7.4615478515625,-0.12969970703125,1.46484375,-0.049560546875,1.3232421875,0.17333984375
0.0,5.9356689453125,-2.06756591796875,-3.5858154296875,-0.0419921875,1.35400390625,0.163330078125
0.0,3.39508056640625,-0.66375732421875,-7.4310302734375,0.015380859375,1.24560546875,0.141357421875
0.0,2.62451171875,-0.51116943359375,-9.69696044921875,-0.031005859375,1.130859375,0.1328125
0.0,0.31280517578125,-2.25067138671875,-13.42010498046875,0.04638671875,0.916015625,0.10498046875
0.0,0.67138671875,-1.35040283203125,-12.5274658203125,0.047119140625,0.830322265625,0.09521484375
0.0,1.1138916015625,-0.8392333984375,-16.65496826171875,0.0,0.733154296875,0.083251953125
0.0,1.76239013671875,-0.335693359375,-21.1944580078125,0.003662109375,0.748046875,0.0830078125
0.0,1.30462646484375,-0.43487548828125,-20.89691162109375,-0.001220703125,0.7861328125,0.086181640625
0.0,1.22833251953125,-0.5340576171875,-20.4925537109375,-0.009765625,0.77783203125,0.079833984375
0.0,1.59454345703125,-0.75531005859375,-21.514892578125,-0.013916015625,0.826416015625,0.079345703125
0.0,1.9073486328125,-0.5950927734375,-21.98028564453125,-0.0078125,0.935546875,0.099853515625
0.0,1.5869140625,-0.17547607421875,-21.35467529296875,-0.01708984375,1.0166015625,0.112548828125
0.0,1.56402587890625,-0.55694580078125,-23.8494873046875,-0.015625,1.11572265625,0.125244140625
0.0,1.42669677734375,-0.11444091796875,-22.1405029296875,0.00732421875,1.179443359375,0.128173828125
0.0,0.80108642578125,0.08392333984375,-21.40045166015625,-0.02880859375,1.22607421875,0.13330078125
0.0,0.6256103515625,0.0152587890625,-21.087646484375,-0.0390625,1.236328125,0.144775390625
0.0,0.2899169921875,-0.14495849609375,-20.660400390625,-0.0546875,1.216064453125,0.1376953125
0.0,-0.58746337890625,-0.60272216796875,-19.6075439453125,-0.058349609375,1.16259765625,0.138916015625
0.0,-0.7781982421875,-0.60272216796875,-17.76885986328125,-0.04248046875,1.083984375,0.125
0.0,-1.70135498046875,-0.8544921875,-16.632080078125,-0.0537109375,1.009765625,0.11669921875
0.0,-1.46484375,-0.70953369140625,-14.67132568359375,-0.02685546875,0.9052734375,0.10009765625
0.0,-1.434326171875,-0.60272216796875,-12.75634765625,-0.051025390625,0.8681640625,0.09521484375
0.0,-1.1749267578125,-0.75531005859375,-10.7879638671875,-0.037841796875,0.82275390625,0.099853515625
0.0,-1.220703125,-0.90789794921875,-9.124755859375,-0.054443359375,0.794677734375,0.090576171875
0.0,-1.1138916015625,-0.8697509765625,-7.568359375,-0.033935546875,0.80126953125,0.08837890625
0.0,-0.640869140625,-0.762939453125,-4.7760009765625,-0.050537109375,0.83642578125,0.10009765625
0.0,-0.6103515625,-0.8392333984375,-3.60870361328125,-0.054931640625,0.8994140625,0.104248046875
0.0,-0.43487548828125,-1.007080078125,-1.99127197265625,-0.05029296875,0.9755859375,0.11279296875
0.0,0.0,-0.885009765625,1.6021728515625,-0.0517578125,1.035400390625,0.130615234375
0.0,-0.20599365234375,-0.9765625,2.72369384765625,-0.057373046875,1.111328125,0.131103515625
0.0,-0.26702880859375,-1.068115234375,5.79071044921875,-0.055908203125,1.1435546875,0.14111328125
0.0,-0.26702880859375,-1.06048583984375,8.544921875,-0.061767578125,1.173828125,0.143310546875
0.0,-0.38909912109375,-1.15966796875,11.45172119140625,-0.075439453125,1.126708984375,0.13623046875
0.0,-0.12969970703125,-1.373291015625,13.20648193359375,-0.071044921875,1.135009765625,0.13916015625
0.0,-0.46539306640625,-1.51824951171875,15.1824951171875,-0.049072265625,1.07177734375,0.13427734375
0.0,-0.26702880859375,-1.53350830078125,17.60101318359375,-0.053955078125,0.998291015625,0.125244140625
0.0,-0.18310546875,-1.6021728515625,18.48602294921875,-0.03173828125,0.978759765625,0.1142578125
0.0,-0.26702880859375,-1.62506103515625,20.66802978515625,-0.03662109375,0.86962890625,0.110107421875
0.0,0.457763671875,-1.68609619140625,21.4691162109375,-0.023193359375,0.858642578125,0.105224609375
0.0,0.37384033203125,-1.556396484375,21.21734619140625,-0.03125,0.81640625,0.10205078125
0.0,1.13677978515625,-1.6632080078125,21.2860107421875,-0.024169921875,0.836669921875,0.10693359375
0.0,1.5106201171875,-1.434326171875,21.1181640625,-0.003173828125,0.853271484375,0.103515625
0.0,1.68609619140625,-1.50299072265625,21.24786376953125,-0.023193359375,0.910888671875,0.115966796875
0.0,2.1209716796875,-1.4495849609375,21.148681640625,-0.011474609375,0.9443359375,0.1171875
0.0,2.3651123046875,-1.28173828125,19.17266845703125,-0.01611328125,1.026611328125,0.123779296875
0.0,2.7618408203125,-1.27410888671875,19.88983154296875,0.00634765625,1.04736328125,0.135009765625
0.0,2.86102294921875,-0.92315673828125,19.1192626953125,-0.01318359375,1.10693359375,0.142578125
0.0,2.899169921875,-1.45721435546875,16.71600341796875,-0.017822265625,1.11474609375,0.143798828125
0.0,2.9754638671875,-1.0986328125,15.80810546875,0.0107421875,1.12109375,0.13916015625
0.0,3.19671630859375,-0.84686279296875,13.153076171875,-0.004150390625,1.09033203125,0.137451171875
0.0,3.4332275390625,-1.28173828125,12.5732421875,0.018798828125,1.05126953125,0.135009765625
0.0,3.01361083984375,-0.823974609375,9.63592529296875,0.011962890625,1.02099609375,0.125
0.0,3.509521484375,-0.80108642578125,8.0413818359375,-0.001953125,0.947021484375,0.11962890625
0.0,3.74603271484375,-1.007080078125,5.71441650390625,0.005126953125,0.906982421875,0.109130859375
0.0,3.59344482421875,-0.7781982421875,2.5177001953125,0.018310546875,0.87744140625,0.108642578125
0.0,4.3182373046875,-0.63323974609375,1.6326904296875,0.01416015625,0.83935546875,0.10205078125
0.0,4.38690185546875,-0.32806396484375,-1.31988525390625,0.010498046875,0.866943359375,0.10302734375
0.0,4.638671875,-0.457763671875,-3.143310546875,0.00537109375,0.868408203125,0.110107421875
0.0,4.78363037109375,-0.29754638671875,-4.23431396484375,0.01318359375,0.90087890625,0.1005859375
0.0,5.126953125,-0.06103515625,-7.20977783203125,0.000244140625,0.974365234375,0.119140625
0.0,5.18035888671875,-0.19073486328125,-8.0718994140625,0.01220703125,0.9853515625,0.11669921875
0.0,5.62286376953125,0.06103515625,-9.8876953125,0.011474609375,1.0556640625,0.12109375
0.0,5.24139404296875,0.274658203125,-12.12310791015625,0.0087890625,1.078125,0.136962890625
0.0,5.11932373046875,0.244140625,-14.32037353515625,0.006591796875,1.115966796875,0.127197265625
0.0,4.72259521484375,0.19073486328125,-16.876220703125,-0.003662109375,1.1015625,0.12890625
0.0,5.01251220703125,0.3662109375,-16.845703125,0.001953125,1.072021484375,0.125244140625
0.0,4.5318603515625,0.40435791015625,-19.03533935546875,-0.005615234375,1.05859375,0.123291015625
0.0,4.4097900390625,0.4119873046875,-19.38629150390625,-0.008544921875,0.998046875,0.117919921875
0.0,4.608154296875,0.52642822265625,-19.439697265625,-0.018798828125,0.95654296875,0.1015625
0.0,4.364013671875,0.3509521484375,-20.0958251953125,-0.03125,0.929443359375,0.106689453125
0.0,4.5623779296875,0.38909912109375,-19.79827880859375,-0.020263671875,0.910400390625,0.105224609375
0.0,4.00543212890625,0.34332275390625,-20.1873779296875,-0.018310546875,0.890869140625,0.09912109375
0.0,4.364013671875,0.5035400390625,-18.24188232421875,-0.026611328125,0.90087890625,0.103515625
0.0,4.3182373046875,0.3204345703125,-18.096923828125,-0.03515625,0.923095703125,0.10205078125
0.0,4.241943359375,0.4425048828125,-17.90618896484375,-0.0283203125,0.9560546875,0.10400390625
0.0,4.2877197265625,0.48828125,-16.19720458984375,-0.039794921875,1.00927734375,0.11474609375
0.0,3.84521484375,0.25177001953125,-15.5029296875,-0.044921875,1.04150390625,0.1142578125
0.0,3.63922119140625,0.213623046875,-14.42718505859375,-0.034423828125,1.06689453125,0.1181640625
0.0,3.33404541015625,0.51116943359375,-11.55853271484375,-0.034423828125,1.10107421875,0.11767578125
0.0,3.082275390625,0.35858154296875,-10.18524169921875,-0.059326171875,1.09765625,0.124267578125
0.0,2.593994140625,0.00762939453125,-7.97271728515625,-0.06298828125,1.0966796875,0.119384765625
0.0,2.0599365234375,-0.02288818359375,-6.34002685546875,-0.0537109375,1.084716796875,0.121337890625
0.0,1.67083740234375,-0.0457763671875,-3.5552978515625,-0.06396484375,1.032470703125,0.1162109375
0.0,1.57928466796875,-0.2899169921875,-2.105712890625,-0.052001953125,1.005859375,0.10693359375
0.0,1.312255859375,-0.335693359375,0.640869140625,-0.043212890625,0.983154296875,0.110107421875
0.0,1.25885009765625,-0.2593994140625,3.74603271484375,-0.051513671875,0.93017578125,0.103515625
0.0,0.96893310546875,-0.457763671875,4.0130615234375,-0.057861328125,0.927490234375,0.103759765625
0.0,0.7476806640625,-0.5950927734375,6.26373291015625,-0.03759765625,0.90625,0.100341796875
0.0,1.1138916015625,-0.28228759765625,8.11767578125,-0.03759765625,0.909423828125,0.0986328125
0.0,0.701904296875,-0.6103515625,9.490966796875,-0.048828125,0.95458984375,0.103515625
0.0,0.5035400390625,-0.72479248046875,11.11602783203125,-0.039306640625,0.962158203125,0.109619140625
0.0,0.5035400390625,-0.43487548828125,12.02392578125,-0.039794921875,1.00244140625,0.107666015625
0.0,0.1983642578125,-0.7781982421875,13.275146484375,-0.046630859375,1.0224609375,0.1162109375
0.0,0.40435791015625,-0.701904296875,14.22882080078125,-0.033447265625,1.052734375,0.1181640625
0.0,-0.0457763671875,-0.5950927734375,15.84625244140625,-0.03466796875,1.0849609375,0.123291015625
0.0,-0.29754638671875,-0.701904296875,17.12799072265625,-0.044189453125,1.087646484375,0.121826171875
0.0,-0.457763671875,-0.823974609375,17.1661376953125,-0.044677734375,1.079833984375,0.12255859375
0.0,-0.823974609375,-0.83160400390625,17.73834228515625,-0.022216796875,1.056396484375,0.122802734375
0.0,-0.79345703125,-0.80108642578125,18.27239990234375,-0.02490234375,1.0244140625,0.1162109375
0.0,-0.96893310546875,-0.9918212890625,18.47076416015625,-0.018310546875,1.01171875,0.11865234375
0.0,-0.92315673828125,-0.77056884765625,17.791748046875,-0.009765625,0.96240234375,0.10888671875
0.0,-1.068115234375,-0.64849853515625,17.4407958984375,-0.02685546875,0.94873046875,0.110107421875
0.0,-1.03759765625,-1.0528564453125,15.98358154296875,-0.012939453125,0.922119140625,0.11181640625
0.0,-0.95367431640625,-0.77056884765625,15.3350830078125,0.003173828125,0.9150390625,0.10498046875
0.0,-0.72479248046875,-0.79345703125,14.71710205078125,0.005859375,0.91796875,0.108642578125
0.0,-0.55694580078125,-0.640869140625,13.458251953125,-0.003173828125,0.93359375,0.10693359375
0.0,-0.335693359375,-0.54931640625,11.6424560546875,-0.00537109375,0.957275390625,0.1162109375
0.0,-0.37384033203125,-0.4119873046875,9.8419189453125,0.004150390625,0.987060546875,0.11865234375
0.0,-0.26702880859375,-0.40435791015625,8.6212158203125,-0.001708984375,1.00439453125,0.122802734375
0.0,0.0457763671875,-0.54168701171875,7.50732421875,0.006591796875,1.022705078125,0.1279296875
0.0,0.08392333984375,-0.23651123046875,5.18798828125,0.00146484375,1.05029296875,0.124755859375
0.0,0.0,-0.30517578125,3.0517578125,-0.000244140625,1.044921875,0.129150390625
0.0,0.54931640625,-0.1068115234375,0.78582763671875,0.007080078125,1.010986328125,0.1171875
0.0,0.5340576171875,-0.1220703125,0.02288818359375,0.057861328125,1.039794921875,0.130615234375
0.0,0.6103515625,0.6256103515625,1.28173828125,0.0791015625,1.06884765625,0.1328125
0.0,-0.1983642578125,1.068115234375,0.08392333984375,-0.00439453125,1.027099609375,0.12109375
0.0,-0.885009765625,0.99945068359375,-3.326416015625,0.012451171875,0.999755859375,0.118408203125
0.0,-0.99945068359375,1.6632080078125,-3.44085693359375,0.037353515625,0.99169921875,0.117431640625
0.0,-1.71661376953125,1.51824951171875,-2.0751953125,0.024658203125,0.96923828125,0.12451171875
0.0,-2.69317626953125,1.31988525390625,-1.7547607421875,0.013427734375,0.963623046875,0.13232421875
0.0,-3.6163330078125,1.8157958984375,-1.85394287109375,-0.00341796875,0.952392578125,0.121337890625
0.0,-4.26483154296875,1.71661376953125,-3.34930419921875,-0.0224609375,0.987060546875,0.129150390625
0.0,-5.18035888671875,1.16729736328125,-4.18853759765625,0.016845703125,0.9833984375,0.13720703125
0.0,-6.12640380859375,1.62506103515625,-2.655029296875,0.024169921875,1.00390625,0.139404296875
0.0,-6.4544677734375,1.7547607421875,-3.05938720703125,-0.005615234375,0.9951171875,0.144775390625
0.0,-6.103515625,1.77001953125,-6.08062744140625,0.011474609375,0.99560546875,0.13134765625
0.0,-6.18743896484375,2.18963623046875,-5.88226318359375,0.027099609375,1.06103515625,0.130615234375
0.0,-6.072998046875,2.0599365234375,-4.6844482421875,-0.020751953125,1.0712890625,0.142578125
0.0,-6.87408447265625,1.5411376953125,-6.622314453125,-0.000244140625,1.093994140625,0.14501953125
0.0,-7.59124755859375,2.15911865234375,-5.18035888671875,0.015869140625,1.061279296875,0.1455078125
0.0,-7.568359375,2.29644775390625,-5.06591796875,-0.009521484375,1.041259765625,0.150390625
0.0,-7.720947265625,1.97601318359375,-5.94329833984375,0.010498046875,1.02783203125,0.151123046875
0.0,-8.209228515625,2.1820068359375,-3.5552978515625,0.014404296875,1.002685546875,0.155029296875
0.0,-8.7890625,2.4566650390625,-3.875732421875,-0.002197265625,0.9765625,0.14697265625
0.0,-9.124755859375,2.288818359375,-4.17327880859375,-0.007568359375,0.929443359375,0.1474609375
0.0,-9.0179443359375,2.2125244140625,-2.31170654296875,-0.000732421875,0.923583984375,0.146728515625
0.0,-9.28497314453125,2.31170654296875,-1.739501953125,-0.0263671875,0.937255859375,0.16455078125
0.0,-9.8114013671875,1.45721435546875,-1.3580322265625,-0.029296875,0.92041015625,0.162353515625
0.0,-9.6435546875,1.53350830078125,-1.68609619140625,-0.005859375,0.93798828125,0.161376953125
0.0,-9.246826171875,1.52587890625,-1.6326904296875,-0.02001953125,0.944580078125,0.16259765625
0.0,-8.39996337890625,0.9307861328125,-1.04522705078125,-0.013916015625,0.95361328125,0.16357421875
0.0,-7.568359375,1.12152099609375,-2.3651123046875,-0.0224609375,0.995849609375,0.17724609375
0.0,-7.53021240234375,0.86212158203125,-2.49481201171875,-0.0244140625,0.996826171875,0.178466796875
0.0,-6.05010986328125,0.8087158203125,-1.7547607421875,-0.021728515625,0.99853515625,0.17138671875
0.0,-4.8370361328125,0.274658203125,-2.7313232421875,-0.026611328125,0.987548828125,0.175537109375
0.0,-3.73077392578125,0.3204345703125,-1.38092041015625,-0.0087890625,0.9765625,0.178466796875
0.0,-2.18963623046875,0.6256103515625,-1.678466796875,-0.02978515625,0.950927734375,0.166259765625
0.0,-0.701904296875,0.00762939453125,-2.9754638671875,-0.035400390625,0.93017578125,0.16796875
0.0,0.66375732421875,0.12969970703125,-2.3193359375,-0.0029296875,0.905029296875,0.159423828125
0.0,2.38037109375,0.5645751953125,-2.17437744140625,-0.017578125,0.89208984375,0.152587890625
0.0,3.68499755859375,0.091552734375,-3.0364990234375,-0.028564453125,0.864013671875,0.146240234375
0.0,5.83648681640625,0.26702880859375,-3.082275390625,-0.005126953125,0.82177734375,0.1416015625
0.0,7.86590576171875,0.63323974609375,-3.48663330078125,-0.01318359375,0.832275390625,0.143798828125
0.0,9.34600830078125,0.457763671875,-3.44085693359375,-0.006103515625,0.83984375,0.154541015625
0.0,11.40594482421875,0.54168701171875,-2.55584716796875,-0.023193359375,0.855712890625,0.159423828125
0.0,12.9852294921875,0.22125244140625,-4.058837890625,-0.039794921875,0.8740234375,0.165771484375
0.0,14.91546630859375,0.2899169921875,-4.3792724609375,-0.021728515625,0.90478515625,0.173583984375
0.0,17.14324951171875,-0.26702880859375,-3.8604736328125,-0.04638671875,0.9228515625,0.176025390625
0.0,18.3258056640625,-0.58746337890625,-5.24139404296875,-0.02099609375,0.96728515625,0.177978515625
0.0,20.172119140625,-0.2288818359375,-3.84521484375,-0.0302734375,0.981201171875,0.174072265625
0.0,21.30126953125,-0.83160400390625,-3.8604736328125,-0.038818359375,0.994140625,0.169677734375
0.0,22.5830078125,-1.15203857421875,-3.570556640625,-0.029296875,0.987548828125,0.165771484375
0.0,23.78082275390625,-1.220703125,-2.58636474609375,-0.025146484375,0.985595703125,0.15576171875
0.0,24.62005615234375,-1.190185546875,-2.83050537109375,-0.025146484375,0.9814453125,0.14501953125
0.0,25.35247802734375,-1.4495849609375,-2.62451171875,-0.0244140625,0.947265625,0.141845703125
0.0,26.397705078125,-1.50299072265625,-1.556396484375,-0.01318359375,0.929931640625,0.131591796875
0.0,26.5350341796875,-1.4801025390625,-1.2054443359375,-0.021728515625,0.95068359375,0.13330078125
0.0,26.90887451171875,-1.88446044921875,-0.4425048828125,-0.03271484375,0.912841796875,0.122802734375
0.0,27.10723876953125,-1.86920166015625,0.03814697265625,-0.02685546875,0.9345703125,0.11669921875
0.0,27.01568603515625,-1.953125,0.457763671875,-0.037353515625,0.948974609375,0.11376953125
0.0,26.75628662109375,-2.51007080078125,0.95367431640625,-0.031982421875,0.96435546875,0.10302734375
0.0,26.71051025390625,-2.2735595703125,1.47247314453125,-0.01806640625,1.011474609375,0.104736328125
0.0,25.85601806640625,-2.4261474609375,2.44903564453125,-0.042236328125,1.019287109375,0.098388671875
0.0,25.726318359375,-2.777099609375,2.15911865234375,-0.035400390625,1.045166015625,0.097412109375
0.0,24.7650146484375,-2.49481201171875,1.4190673828125,-0.025390625,1.0888671875,0.09423828125
0.0,23.712158203125,-2.76947021484375,2.99072265625,-0.054931640625,1.085693359375,0.0869140625
0.0,22.76611328125,-3.204345703125,1.3580322265625,-0.03662109375,1.1103515625,0.082275390625
0.0,21.4385986328125,-3.33404541015625,1.52587890625,-0.038818359375,1.091796875,0.076904296875
0.0,20.44677734375,-3.31878662109375,1.708984375,-0.0341796875,1.083740234375,0.076171875
0.0,19.14215087890625,-3.37982177734375,0.1678466796875,-0.04833984375,1.07275390625,0.06689453125
0.0,17.8375244140625,-3.89862060546875,-0.1373291015625,-0.041015625,1.044677734375,0.06201171875
0.0,16.92962646484375,-3.6773681640625,-0.58746337890625,-0.033447265625,1.033935546875,0.05615234375
0.0,15.44189453125,-3.814697265625,-1.50299072265625,-0.0400390625,1.0244140625,0.0537109375
0.0,13.5650634765625,-3.8909912109375,-2.3040771484375,-0.027099609375,1.004150390625,0.04931640625
0.0,12.18414306640625,-3.72314453125,-3.12042236328125,-0.0361328125,1.022216796875,0.049072265625
0.0,10.7421875,-3.90625,-2.84576416015625,-0.03564453125,1.005126953125,0.04345703125
0.0,9.80377197265625,-3.72314453125,-4.06646728515625,-0.029541015625,1.02783203125,0.03857421875
0.0,8.33892822265625,-3.65447998046875,-4.67681884765625,-0.027587890625,1.04833984375,0.03466796875
0.0,7.34710693359375,-3.34930419921875,-4.85992431640625,-0.029296875,1.060791015625,0.0283203125
0.0,6.08062744140625,-3.07464599609375,-6.47735595703125,-0.03369140625,1.07568359375,0.02587890625
0.0,4.81414794921875,-2.9449462890625,-6.4849853515625,-0.018798828125,1.096435546875,0.02880859375
0.0,3.59344482421875,-2.44140625,-5.7220458984375,-0.025634765625,1.087890625,0.023681640625
0.0,2.38800048828125,-2.227783203125,-6.8359375,-0.03662109375,1.088134765625,0.0185546875
0.0,1.31988525390625,-1.94549560546875,-6.591796875,-0.027587890625,1.07177734375,0.01904296875
0.0,0.54931640625,-1.19781494140625,-6.72149658203125,-0.02978515625,1.064453125,0.0185546875
0.0,-0.5035400390625,-1.28936767578125,-7.32421875,-0.045166015625,1.047119140625,0.0263671875
0.0,-1.495361328125,-1.10626220703125,-6.61468505859375,-0.02294921875,1.020751953125,0.024658203125
0.0,-2.15911865234375,-0.38909912109375,-6.7138671875,-0.033203125,1.008056640625,0.021240234375
0.0,-2.89154052734375,-0.08392333984375,-6.9732666015625,-0.0400390625,1.0,0.02392578125
0.0,-3.68499755859375,0.09918212890625,-6.866455078125,-0.04296875,0.994384765625,0.021240234375
0.0,-4.425048828125,0.213623046875,-6.805419921875,-0.05029296875,1.007080078125,0.02978515625
0.0,-5.40924072265625,0.2899169921875,-6.1798095703125,-0.035888671875,1.017333984375,0.033935546875
0.0,-6.41632080078125,0.74005126953125,-5.22613525390625,-0.053955078125,1.009765625,0.038818359375
0.0,-7.20977783203125,0.640869140625,-5.43975830078125,-0.05810546875,1.03173828125,0.0400390625
0.0,-7.87353515625,0.8697509765625,-4.69207763671875,-0.04150390625,1.050048828125,0.0419921875
0.0,-8.72039794921875,1.09100341796875,-3.265380859375,-0.056640625,1.0712890625,0.04443359375
0.0,-9.98687744140625,0.83160400390625,-2.349853515625,-0.058837890625,1.085205078125,0.050537109375
0.0,-10.9405517578125,1.07574462890625,-0.9918212890625,-0.0595703125,1.08251953125,0.064453125
0.0,-12.42828369140625,1.15966796875,0.38909912109375,-0.052001953125,1.090087890625,0.0673828125
0.0,-13.72528076171875,1.21307373046875,2.4566650390625,-0.05029296875,1.0771484375,0.065185546875
0.0,-14.65606689453125,1.02996826171875,5.0048828125,-0.0634765625,1.085205078125,0.07568359375
0.0,-16.39556884765625,0.81634521484375,6.256103515625,-0.059814453125,1.068115234375,0.0791015625
0.0,-17.58575439453125,1.01470947265625,7.37762451171875,-0.0634765625,1.028564453125,0.08740234375
0.0,-18.88275146484375,0.51116943359375,7.9803466796875,-0.066650390625,1.027587890625,0.095458984375
0.0,-20.14923095703125,0.42724609375,9.3231201171875,-0.0400390625,0.998046875,0.086181640625
0.0,-20.599365234375,0.55694580078125,11.20758056640625,-0.065185546875,0.986572265625,0.092529296875
0.0,-21.4691162109375,-0.0762939453125,10.5133056640625,-0.07470703125,0.98095703125,0.0927734375
0.0,-21.881103515625,-0.09918212890625,10.29205322265625,-0.0625,0.978271484375,0.09326171875
0.0,-21.93450927734375,-0.1983642578125,10.52093505859375,-0.0625,0.9853515625,0.099365234375
0.0,-22.0489501953125,-0.4425048828125,10.6658935546875,-0.049560546875,1.010009765625,0.10498046875
0.0,-22.14813232421875,-0.518798828125,11.90185546875,-0.05517578125,1.012939453125,0.09765625
0.0,-21.96502685546875,-0.5340576171875,11.36016845703125,-0.064697265625,1.05029296875,0.109619140625
0.0,-22.0947265625,-0.64849853515625,10.79559326171875,-0.06298828125,1.046142578125,0.117919921875
0.0,-21.8963623046875,-0.9002685546875,10.07843017578125,-0.065673828125,1.02197265625,0.12890625
0.0,-21.6522216796875,-1.13677978515625,9.04083251953125,-0.062255859375,1.015625,0.13427734375
0.0,-21.17919921875,-1.40380859375,8.60595703125,-0.05517578125,0.987060546875,0.1298828125
0.0,-20.172119140625,-1.6021728515625,6.99615478515625,-0.069580078125,0.9560546875,0.129638671875
0.0,-19.5465087890625,-1.8768310546875,5.2490234375,-0.0625,0.942138671875,0.12646484375
0.0,-18.25714111328125,-2.11334228515625,3.71551513671875,-0.0810546875,0.88623046875,0.1279296875
0.0,-16.78466796875,-2.78472900390625,1.15203857421875,-0.079345703125,0.874267578125,0.13134765625
0.0,-15.34271240234375,-3.11279296875,0.41961669921875,-0.064208984375,0.869140625,0.12890625
0.0,-13.763427734375,-3.44085693359375,-1.74713134765625,-0.081298828125,0.862548828125,0.141357421875
0.0,-12.1917724609375,-3.82232666015625,-3.45611572265625,-0.0537109375,0.886474609375,0.142578125
0.0,-10.38360595703125,-3.95965576171875,-3.48663330078125,-0.0625,0.8916015625,0.153564453125
0.0,-9.02557373046875,-4.47845458984375,-5.48553466796875,-0.06591796875,0.9306640625,0.162841796875
0.0,-7.62176513671875,-4.6539306640625,-6.12640380859375,-0.042236328125,0.906494140625,0.166015625
0.0,-5.6915283203125,-4.8675537109375,-5.9967041015625,-0.050048828125,0.947021484375,0.175537109375
0.0,-4.29534912109375,-5.1116943359375,-6.65283203125,-0.04248046875,0.9365234375,0.181640625
0.0,-2.41851806640625,-5.25665283203125,-5.60760498046875,-0.0419921875,0.934814453125,0.187255859375
0.0,-0.946044921875,-5.615234375,-5.57708740234375,-0.055419921875,0.93798828125,0.18798828125
0.0,0.640869140625,-5.82122802734375,-6.05010986328125,-0.05126953125,0.91455078125,0.1875
0.0,2.54058837890625,-6.18743896484375,-5.43975830078125,-0.0478515625,0.913330078125,0.1865234375
0.0,4.15802001953125,-6.38580322265625,-5.4473876953125,-0.038818359375,0.9033203125,0.188232421875
0.0,6.90460205078125,-6.67572021484375,-3.30352783203125,-0.043701171875,0.876708984375,0.18994140625
0.0,7.94219970703125,-6.87408447265625,-2.92205810546875,-0.029541015625,0.908447265625,0.180419921875
0.0,9.40704345703125,-6.82830810546875,-0.69427490234375,-0.03271484375,0.885986328125,0.1796875
0.0,11.05499267578125,-7.17926025390625,-0.40435791015625,-0.04541015625,0.8955078125,0.174560546875
0.0,11.932373046875,-7.37762451171875,0.34332275390625,-0.020263671875,0.8984375,0.18408203125
0.0,13.3056640625,-6.9580078125,2.92205810546875,-0.024658203125,0.91748046875,0.17626953125
0.0,14.1143798828125,-7.46917724609375,3.47900390625,-0.046142578125,0.935546875,0.17626953125
0.0,15.34271240234375,-7.68280029296875,5.0201416015625,-0.03173828125,0.948974609375,0.180419921875
0.0,15.89202880859375,-7.85064697265625,6.70623779296875,-0.038818359375,0.979248046875,0.18115234375
0.0,16.1895751953125,-8.27789306640625,6.7138671875,-0.038330078125,0.97900390625,0.1826171875
0.0,17.03643798828125,-8.4075927734375,7.82012939453125,-0.02685546875,0.975341796875,0.179443359375
0.0,17.4102783203125,-8.4686279296875,8.4228515625,-0.03173828125,0.97802734375,0.17724609375
0.0,18.035888671875,-8.81195068359375,9.05609130859375,-0.035888671875,0.970703125,0.16943359375
0.0,18.63861083984375,-9.14764404296875,9.6435546875,-0.037841796875,0.987060546875,0.166259765625
0.0,18.829345703125,-9.4757080078125,9.5367431640625,-0.025634765625,0.982421875,0.15869140625
0.0,19.15740966796875,-9.59014892578125,10.101318359375,-0.02734375,0.95068359375,0.155029296875
0.0,19.72198486328125,-9.66644287109375,9.918212890625,-0.0234375,0.96142578125,0.1474609375
0.0,19.81353759765625,-10.009765625,9.613037109375,-0.01513671875,0.957763671875,0.14599609375
0.0,20.2789306640625,-9.857177734375,9.94873046875,-0.00830078125,0.96875,0.146728515625
0.0,20.08056640625,-10.12420654296875,8.96453857421875,-0.0146484375,0.9755859375,0.13720703125
0.0,20.27130126953125,-10.0860595703125,8.6822509765625,0.005126953125,0.980712890625,0.1376953125
0.0,20.31707763671875,-9.7808837890625,7.8582763671875,-0.004150390625,0.986083984375,0.13232421875
0.0,19.88983154296875,-10.07843017578125,7.01141357421875,0.0009765625,1.0107421875,0.133544921875
0.0,19.9432373046875,-9.94110107421875,6.7901611328125,0.001953125,0.999267578125,0.1318359375
0.0,19.46258544921875,-9.97161865234375,5.39398193359375,0.000244140625,1.018798828125,0.12353515625
0.0,19.17266845703125,-9.9639892578125,4.8065185546875,0.00439453125,1.0224609375,0.1279296875
0.0,18.62335205078125,-9.82666015625,3.5247802734375,0.001220703125,1.02197265625,0.119873046875
0.0,17.9290771484375,-9.83428955078125,2.3651123046875,0.006103515625,1.034912109375,0.123291015625
0.0,17.49420166015625,-9.8114013671875,1.6326904296875,0.008056640625,1.02685546875,0.11865234375
0.0,16.876220703125,-9.60540771484375,0.29754638671875,0.015380859375,1.02783203125,0.1162109375
0.0,16.25823974609375,-9.46044921875,-1.22833251953125,0.01220703125,1.02099609375,0.1142578125
0.0,15.5181884765625,-9.3536376953125,-1.60980224609375,0.017822265625,1.021728515625,0.11328125
0.0,14.801025390625,-9.14764404296875,-3.36456298828125,0.015380859375,1.020751953125,0.107666015625
0.0,13.7786865234375,-8.9874267578125,-4.40216064453125,0.0224609375,1.0234375,0.109130859375
0.0,13.00811767578125,-8.61358642578125,-5.19561767578125,0.017578125,1.01171875,0.106201171875
0.0,12.176513671875,-8.55255126953125,-7.07244873046875,0.0224609375,1.031982421875,0.106201171875
0.0,11.08551025390625,-8.2550048828125,-6.7291259765625,0.02490234375,1.032470703125,0.1064453125
0.0,10.29205322265625,-8.09478759765625,-7.50732421875,0.00244140625,1.02734375,0.105712890625
0.0,8.97979736328125,-8.03375244140625,-9.62066650390625,0.0244140625,1.05078125,0.107177734375
0.0,7.9498291015625,-7.46917724609375,-9.10186767578125,0.025146484375,1.043212890625,0.10546875
0.0,7.0953369140625,-7.2784423828125,-10.101318359375,0.00634765625,1.040771484375,0.0986328125
0.0,6.2408447265625,-7.22503662109375,-10.74981689453125,0.011474609375,1.038818359375,0.103759765625
0.0,5.48553466796875,-6.8511962890625,-10.76507568359375,0.010986328125,1.045166015625,0.1015625
0.0,4.40216064453125,-6.73675537109375,-11.5509033203125,0.004638671875,1.050537109375,0.101318359375
0.0,3.448486328125,-6.47735595703125,-11.60430908203125,0.014892578125,1.050048828125,0.10400390625
0.0,2.349853515625,-6.08062744140625,-11.42120361328125,0.00830078125,1.054931640625,0.1005859375
0.0,1.25885009765625,-6.01959228515625,-11.0626220703125,0.008544921875,1.042724609375,0.1005859375
0.0,0.55694580078125,-5.56182861328125,-10.39886474609375,0.009765625,1.0390625,0.097900390625
0.0,-0.41961669921875,-5.40924072265625,-10.6048583984375,0.0029296875,1.0390625,0.09912109375
0.0,-1.19781494140625,-4.9285888671875,-9.80377197265625,0.0078125,1.029296875,0.09814453125
0.0,-2.15911865234375,-4.5318603515625,-9.30023193359375,-0.011474609375,1.03662109375,0.087890625
0.0,-3.13568115234375,-4.85992431640625,-8.68988037109375,-0.015380859375,1.027587890625,0.095703125
0.0,-3.7994384765625,-4.241943359375,-7.659912109375,-0.0126953125,1.010986328125,0.09228515625
0.0,-4.4708251953125,-4.1656494140625,-7.4615478515625,-0.025390625,1.006103515625,0.08984375
0.0,-4.791259765625,-4.2266845703125,-5.8746337890625,-0.02294921875,0.998779296875,0.09228515625
0.0,-5.1422119140625,-3.97491455078125,-6.08062744140625,-0.0244140625,1.02294921875,0.091064453125
0.0,-5.9356689453125,-3.8909912109375,-4.5928955078125,-0.032958984375,1.03515625,0.0927734375
0.0,-6.40106201171875,-3.92913818359375,-4.4708251953125,-0.0419921875,1.0283203125,0.09521484375
0.0,-7.20977783203125,-3.86810302734375,-3.9520263671875,-0.020263671875,1.047119140625,0.0986328125
0.0,-7.62176513671875,-3.62396240234375,-1.71661376953125,-0.025390625,1.006591796875,0.1005859375
0.0,-7.69805908203125,-3.66973876953125,-1.65557861328125,-0.052490234375,1.008544921875,0.0966796875
0.0,-7.9193115234375,-3.692626953125,-0.55694580078125,-0.03271484375,1.002685546875,0.098388671875
0.0,-7.94219970703125,-3.1890869140625,0.16021728515625,-0.041748046875,1.0078125,0.095703125
0.0,-8.1329345703125,-3.39508056640625,0.8392333984375,-0.04541015625,1.0,0.091552734375
0.0,-8.11004638671875,-3.4027099609375,2.58636474609375,-0.03515625,0.994140625,0.099609375
0.0,-8.3160400390625,-3.18145751953125,3.6468505859375,-0.053466796875,1.008544921875,0.1025390625
0.0,-8.5296630859375,-3.54766845703125,4.18853759765625,-0.060791015625,0.98046875,0.099365234375
0.0,-8.27789306640625,-3.57818603515625,4.29534912109375,-0.057373046875,0.980224609375,0.103515625
0.0,-8.514404296875,-3.57818603515625,3.65447998046875,-0.034912109375,0.974365234375,0.10546875
0.0,-7.8125,-3.2958984375,5.18798828125,-0.029541015625,0.948974609375,0.103271484375
0.0,-7.2479248046875,-3.21197509765625,5.68389892578125,-0.037353515625,0.958984375,0.10107421875
0.0,-6.99615478515625,-3.37982177734375,6.103515625,-0.044921875,0.966796875,0.109130859375
0.0,-6.32476806640625,-3.31878662109375,6.99615478515625,-0.053466796875,0.980224609375,0.110107421875
0.0,-6.21795654296875,-3.5552978515625,5.950927734375,-0.052001953125,0.989013671875,0.118408203125
0.0,-5.9356689453125,-3.54766845703125,6.52313232421875,-0.02880859375,0.978271484375,0.121337890625
0.0,-5.10406494140625,-3.265380859375,7.01904296875,-0.029052734375,0.97705078125,0.1171875
0.0,-4.5623779296875,-3.34930419921875,6.6986083984375,-0.040283203125,0.9755859375,0.125244140625
0.0,-3.8909912109375,-3.35693359375,7.14874267578125,-0.0380859375,0.966064453125,0.12646484375
0.0,-3.37982177734375,-3.41796875,6.01959228515625,-0.045654296875,0.988037109375,0.1279296875
0.0,-3.04412841796875,-3.53240966796875,5.615234375,-0.03662109375,0.966064453125,0.128173828125
0.0,-2.25830078125,-3.5400390625,6.73675537109375,-0.03515625,0.968505859375,0.129638671875
0.0,-1.9378662109375,-3.73077392578125,5.76019287109375,-0.0322265625,0.97705078125,0.12841796875
0.0,-1.6937255859375,-3.692626953125,6.0882568359375,-0.023681640625,0.963134765625,0.13037109375
0.0,-1.04522705078125,-3.48663330078125,6.14166259765625,-0.037841796875,0.957275390625,0.128662109375
0.0,-0.72479248046875,-3.84521484375,4.4708251953125,-0.03515625,0.962890625,0.12939453125
0.0,-0.29754638671875,-3.76129150390625,4.547119140625,-0.016845703125,0.955810546875,0.13134765625
0.0,0.35858154296875,-3.570556640625,4.2724609375,-0.041748046875,0.9599609375,0.131103515625
0.0,0.37384033203125,-3.9825439453125,2.90679931640625,-0.028076171875,0.9716796875,0.133544921875
0.0,0.732421875,-3.76129150390625,3.97491455078125,-0.027099609375,0.97314453125,0.1328125
0.0,1.007080078125,-3.9520263671875,3.0670166015625,-0.0400390625,0.9736328125,0.13330078125
0.0,1.2969970703125,-4.150390625,2.32696533203125,-0.025634765625,0.9716796875,0.132080078125
0.0,1.9989013671875,-3.90625,2.55584716796875,-0.021484375,0.971435546875,0.1279296875
0.0,2.3345947265625,-3.86810302734375,1.38092041015625,-0.02490234375,0.98779296875,0.13427734375
0.0,2.37274169921875,-3.83758544921875,1.190185546875,-0.009521484375,0.987060546875,0.13623046875
0.0,2.960205078125,-3.5552978515625,1.7547607421875,-0.023193359375,0.974853515625,0.128662109375
0.0,3.30352783203125,-3.7994384765625,0.46539306640625,-0.025634765625,0.97607421875,0.130126953125
0.0,3.89862060546875,-3.66973876953125,0.46539306640625,-0.013427734375,0.976806640625,0.133056640625
0.0,4.21142578125,-3.47900390625,0.26702880859375,-0.017822265625,0.971435546875,0.133544921875
0.0,4.38690185546875,-3.45611572265625,-0.42724609375,-0.012451171875,0.979736328125,0.129150390625
0.0,4.638671875,-3.23486328125,0.14495849609375,-0.010986328125,0.969970703125,0.13037109375
0.0,5.0048828125,-3.15093994140625,-0.55694580078125,-0.01220703125,0.96923828125,0.128173828125
0.0,5.27191162109375,-2.9754638671875,-0.14495849609375,-0.01318359375,0.963134765625,0.125244140625
0.0,5.8441162109375,-2.8076171875,-0.43487548828125,-0.027587890625,0.960205078125,0.1220703125
0.0,6.1187744140625,-2.8839111328125,-1.6632080078125,-0.020751953125,0.980224609375,0.121826171875
0.0,6.256103515625,-2.6397705078125,-1.1138916015625,-0.00634765625,0.969970703125,0.1240234375
0.0,6.622314453125,-2.31170654296875,-0.61798095703125,-0.015625,0.983154296875,0.124267578125
0.0,6.52313232421875,-2.47955322265625,-1.0833740234375,-0.021728515625,0.9833984375,0.122802734375
0.0,7.01904296875,-2.2735595703125,-0.78582763671875,-0.01416015625,0.989990234375,0.121826171875
0.0,7.08770751953125,-2.0599365234375,-1.19781494140625,-0.02490234375,0.998291015625,0.122314453125
0.0,7.04193115234375,-2.13623046875,-1.89971923828125,-0.016845703125,0.995361328125,0.122314453125
0.0,7.2784423828125,-1.8157958984375,-0.99945068359375,-0.00732421875,0.989013671875,0.118408203125
0.0,7.25555419921875,-1.65557861328125,-1.30462646484375,-0.01806640625,1.011962890625,0.11962890625
0.0,7.08770751953125,-1.56402587890625,-1.25885009765625,-0.021240234375,0.996337890625,0.124267578125
0.0,7.3699951171875,-1.31988525390625,-0.6103515625,-0.029052734375,0.986572265625,0.114013671875
0.0,6.9427490234375,-1.556396484375,-1.3427734375,-0.0166015625,1.016357421875,0.119873046875
0.0,6.591796875,-1.27410888671875,-0.2593994140625,-0.00390625,0.99609375,0.1162109375
0.0,6.76727294921875,-0.87738037109375,0.640869140625,-0.017822265625,0.99169921875,0.11474609375
0.0,6.134033203125,-0.8697509765625,-0.3662109375,-0.0205078125,0.998779296875,0.11572265625
0.0,6.06536865234375,-0.732421875,0.6866455078125,-0.016357421875,0.984375,0.111083984375
0.0,6.16455078125,-0.43487548828125,0.66375732421875,-0.02978515625,0.996826171875,0.109619140625
0.0,5.43212890625,-0.518798828125,0.762939453125,-0.01123046875,1.001708984375,0.113037109375
0.0,5.27191162109375,-0.152587890625,1.96075439453125,-0.01953125,1.00341796875,0.108642578125
0.0,4.913330078125,-0.0762939453125,0.75531005859375,-0.0283203125,1.0234375,0.11181640625
0.0,4.50897216796875,-0.091552734375,1.46484375,-0.0146484375,1.004638671875,0.107421875
0.0,4.69207763671875,0.28228759765625,1.9683837890625,-0.026123046875,1.013671875,0.107177734375
0.0,4.05120849609375,0.03814697265625,0.83160400390625,-0.022705078125,1.025390625,0.1123046875
0.0,3.63922119140625,0.51116943359375,1.9683837890625,-0.00341796875,1.0224609375,0.113525390625
0.0,3.19671630859375,0.7171630859375,2.20489501953125,-0.0302734375,1.016845703125,0.108642578125
0.0,2.74658203125,0.640869140625,1.8157958984375,-0.01708984375,1.006103515625,0.107666015625
0.0,2.81524658203125,0.9307861328125,2.66265869140625,-0.02490234375,1.000244140625,0.103759765625
0.0,2.3651123046875,0.80108642578125,1.88446044921875,-0.021484375,1.010498046875,0.10498046875
0.0,1.9989013671875,1.0986328125,2.22015380859375,-0.013916015625,1.00439453125,0.108154296875
0.0,1.51824951171875,1.2359619140625,2.26593017578125,-0.01806640625,1.00927734375,0.109375
0.0,0.87738037109375,1.3885498046875,1.88446044921875,-0.01220703125,1.000244140625,0.106689453125
0.0,0.93841552734375,1.6021728515625,2.777099609375,-0.019775390625,0.981201171875,0.104248046875
0.0,0.946044921875,1.56402587890625,2.02178955078125,-0.03173828125,1.009521484375,0.105712890625
0.0,0.396728515625,1.51824951171875,1.2054443359375,-0.00927734375,1.009033203125,0.1083984375
0.0,0.1678466796875,2.02178955078125,2.41851806640625,-0.01318359375,1.013671875,0.1123046875
0.0,-0.518798828125,1.9378662109375,1.54876708984375,-0.0234375,1.021728515625,0.111328125
0.0,-0.63323974609375,2.1209716796875,1.617431640625,-0.012939453125,0.9970703125,0.109619140625
0.0,-0.457763671875,2.41851806640625,2.14385986328125,-0.027587890625,1.002685546875,0.107421875
0.0,-0.9765625,2.11334228515625,1.04522705078125,-0.020263671875,1.020751953125,0.1162109375
0.0,-1.0223388671875,2.55584716796875,1.6937255859375,-0.009033203125,1.009765625,0.111572265625
0.0,-1.46484375,2.716064453125,1.4801025390625,-0.0205078125,1.011474609375,0.11083984375
0.0,-1.57928466796875,2.69317626953125,1.12152099609375,-0.015625,0.999267578125,0.113525390625
0.0,-1.67083740234375,2.9296875,1.0986328125,-0.01904296875,0.9951171875,0.11328125
0.0,-1.800537109375,2.92205810546875,0.75531005859375,-0.0185546875,0.986083984375,0.1142578125
0.0,-1.68609619140625,3.0975341796875,0.78582763671875,-0.013427734375,0.9853515625,0.112548828125
0.0,-1.7547607421875,3.2196044921875,0.60272216796875,-0.018310546875,0.988525390625,0.116943359375
0.0,-1.8310546875,3.2806396484375,0.3814697265625,-0.014404296875,0.982666015625,0.11279296875
0.0,-1.77764892578125,3.56292724609375,0.54931640625,-0.0185546875,0.985107421875,0.11669921875
0.0,-1.64794921875,3.5247802734375,-0.03814697265625,-0.024658203125,0.98486328125,0.119873046875
0.0,-1.7242431640625,3.6163330078125,0.213623046875,-0.01171875,0.986572265625,0.1162109375
0.0,-1.51824951171875,3.8909912109375,0.43487548828125,-0.022705078125,0.989501953125,0.12109375
0.0,-1.39617919921875,3.76129150390625,-0.152587890625,-0.02490234375,0.990234375,0.120361328125
0.0,-1.251220703125,3.97491455078125,0.0457763671875,-0.00732421875,0.9931640625,0.120849609375
0.0,-1.0833740234375,4.17327880859375,0.18310546875,-0.024169921875,0.993896484375,0.122802734375
0.0,-0.9918212890625,4.0740966796875,-0.091552734375,-0.0205078125,0.9873046875,0.12353515625
0.0,-0.7171630859375,4.24957275390625,0.152587890625,-0.017578125,0.989990234375,0.122314453125
0.0,-0.54168701171875,4.40216064453125,-0.152587890625,-0.020263671875,0.984130859375,0.12451171875
0.0,-0.1678466796875,4.5013427734375,-0.17547607421875,-0.02001953125,0.974609375,0.1240234375
0.0,0.1220703125,4.5166015625,0.02288818359375,-0.0185546875,0.9765625,0.12158203125
0.0,0.38909912109375,4.61578369140625,0.091552734375,-0.015380859375,0.974853515625,0.12451171875
0.0,0.732421875,4.82940673828125,0.51116943359375,-0.02685546875,0.9677734375,0.126953125
0.0,0.87738037109375,4.730224609375,-0.08392333984375,-0.02734375,0.97412109375,0.1220703125
0.0,1.2359619140625,4.8370361328125,0.37384033203125,-0.013427734375,0.96826171875,0.12353515625
0.0,1.678466796875,5.08880615234375,0.9307861328125,-0.021484375,0.967529296875,0.122802734375
0.0,2.0294189453125,4.974365234375,0.45013427734375,-0.025634765625,0.974365234375,0.12548828125
0.0,2.51007080078125,5.08880615234375,0.84686279296875,-0.021240234375,0.969482421875,0.125244140625
0.0,2.75421142578125,5.33294677734375,0.78582763671875,-0.0205078125,0.986328125,0.125732421875
0.0,2.87628173828125,5.2337646484375,1.02996826171875,-0.024169921875,0.978271484375,0.12890625
0.0,3.34930419921875,5.34820556640625,1.31988525390625,-0.0185546875,0.980224609375,0.122802734375
0.0,3.631591796875,5.39398193359375,1.251220703125,-0.022705078125,0.986328125,0.126953125
0.0,4.0740966796875,5.54656982421875,1.71661376953125,-0.01953125,0.980712890625,0.125
0.0,4.3792724609375,5.57708740234375,1.48773193359375,-0.02783203125,0.985595703125,0.125244140625
0.0,4.55474853515625,5.48553466796875,1.57928466796875,-0.017822265625,0.978759765625,0.127197265625
0.0,4.9285888671875,5.8746337890625,2.0751953125,-0.014404296875,0.979736328125,0.1220703125
0.0,5.0811767578125,5.79833984375,1.800537109375,-0.030029296875,0.975341796875,0.12744140625
0.0,5.47027587890625,5.767822265625,2.1209716796875,-0.0185546875,0.969970703125,0.1171875
0.0,5.7220458984375,5.98907470703125,2.3193359375,-0.02685546875,0.98291015625,0.124755859375
0.0,5.950927734375,5.8746337890625,2.2735595703125,-0.017333984375,0.974365234375,0.12353515625
0.0,6.26373291015625,6.103515625,2.5634765625,-0.019287109375,0.9814453125,0.11865234375
0.0,6.29425048828125,6.0577392578125,2.29644775390625,-0.0224609375,0.980224609375,0.122314453125
0.0,6.5155029296875,6.16455078125,2.63214111328125,-0.01806640625,0.984375,0.117919921875
0.0,6.64520263671875,6.24847412109375,2.2735595703125,-0.021240234375,0.990966796875,0.120849609375
0.0,6.6680908203125,6.2255859375,2.227783203125,-0.018798828125,0.992431640625,0.118896484375
0.0,6.7291259765625,6.317138671875,2.593994140625,-0.018310546875,0.99462890625,0.11767578125
0.0,6.866455078125,6.34002685546875,2.09808349609375,-0.026123046875,1.002197265625,0.119873046875
0.0,6.7291259765625,6.3323974609375,2.25067138671875,-0.009765625,0.995849609375,0.11669921875
0.0,6.81304931640625,6.561279296875,2.67791748046875,-0.02294921875,0.99951171875,0.11572265625
0.0,6.7291259765625,6.3934326171875,1.86920166015625,-0.025390625,1.00146484375,0.116943359375
0.0,6.500244140625,6.5155029296875,2.22015380859375,-0.013671875,0.9921875,0.1123046875
0.0,6.50787353515625,6.6375732421875,1.922607421875,-0.024658203125,0.99951171875,0.114013671875
0.0,6.38580322265625,6.56890869140625,1.6632080078125,-0.01513671875,0.991455078125,0.110107421875
0.0,6.3323974609375,6.72149658203125,2.06756591796875,-0.014892578125,0.997802734375,0.114501953125
0.0,6.072998046875,6.70623779296875,1.33514404296875,-0.0302734375,0.991455078125,0.114013671875
0.0,5.8135986328125,6.69097900390625,1.40380859375,-0.014404296875,0.996337890625,0.1083984375
0.0,5.79833984375,6.7291259765625,1.16729736328125,-0.023681640625,1.00048828125,0.11083984375
0.0,5.45501708984375,6.76727294921875,0.86212158203125,-0.009765625,1.001953125,0.109130859375
0.0,5.18035888671875,6.866455078125,1.434326171875,-0.020263671875,1.0029296875,0.109619140625
0.0,5.08880615234375,6.85882568359375,0.518798828125,-0.025634765625,1.014404296875,0.110107421875
0.0,4.5928955078125,6.8206787109375,0.43487548828125,-0.015625,1.005859375,0.1083984375
0.0,4.52423095703125,6.9580078125,0.9002685546875,-0.020263671875,1.015625,0.110595703125
0.0,4.058837890625,6.91986083984375,0.11444091796875,-0.021728515625,1.016357421875,0.11181640625
0.0,3.6163330078125,6.90460205078125,0.640869140625,-0.017333984375,1.006591796875,0.10986328125
0.0,3.5247802734375,7.08770751953125,0.54168701171875,-0.021484375,1.018798828125,0.1083984375
0.0,3.01361083984375,6.91986083984375,-0.00762939453125,-0.02490234375,1.002197265625,0.10693359375
0.0,2.960205078125,6.988525390625,0.3814697265625,-0.015380859375,1.009033203125,0.108642578125
0.0,2.52532958984375,7.0648193359375,-0.152587890625,-0.024169921875,1.015625,0.10888671875
0.0,1.94549560546875,6.8817138671875,0.00762939453125,-0.013671875,0.995361328125,0.109130859375
0.0,1.861572265625,7.2174072265625,0.3662109375,-0.02001953125,1.009033203125,0.1083984375
0.0,1.36566162109375,6.98089599609375,-0.28228759765625,-0.029296875,0.99267578125,0.10498046875
0.0,1.4801025390625,7.0343017578125,0.18310546875,-0.021728515625,0.99658203125,0.106689453125
0.0,0.96893310546875,6.988525390625,-0.244140625,-0.022705078125,1.0166015625,0.10986328125
0.0,0.69427490234375,7.01141357421875,0.31280517578125,-0.01416015625,1.001220703125,0.11181640625
0.0,0.42724609375,7.11822509765625,0.23651123046875,-0.02587890625,1.00537109375,0.107421875
0.0,0.0762939453125,7.01904296875,0.0,-0.023681640625,1.01171875,0.110107421875
0.0,0.0,7.080078125,0.49591064453125,-0.02490234375,1.00390625,0.1083984375
0.0,-0.2593994140625,6.988525390625,0.25177001953125,-0.026123046875,1.00927734375,0.1142578125
0.0,-0.60272216796875,6.8817138671875,0.5950927734375,-0.018798828125,1.0078125,0.114013671875
0.0,-0.81634521484375,7.08770751953125,1.06048583984375,-0.021484375,1.005615234375,0.112060546875
0.0,-0.885009765625,6.9732666015625,0.31280517578125,-0.029541015625,0.995849609375,0.11279296875
0.0,-1.04522705078125,6.9427490234375,0.9002685546875,-0.015869140625,0.99853515625,0.111572265625
0.0,-1.068115234375,7.11822509765625,1.41143798828125,-0.024169921875,0.99853515625,0.113525390625
0.0,-1.2664794921875,6.84356689453125,0.77056884765625,-0.03271484375,0.992431640625,0.115234375
0.0,-1.33514404296875,6.85882568359375,1.30462646484375,-0.01708984375,0.990478515625,0.116943359375
0.0,-1.3580322265625,7.01904296875,1.25885009765625,-0.0224609375,0.987548828125,0.1162109375
0.0,-1.35040283203125,6.76727294921875,0.9765625,-0.02978515625,0.982666015625,0.120849609375
0.0,-1.3275146484375,6.90460205078125,1.9378662109375,-0.013427734375,0.989501953125,0.11474609375
0.0,-1.15966796875,6.9732666015625,1.983642578125,-0.030517578125,0.998046875,0.11328125
0.0,-1.27410888671875,6.5460205078125,1.4495849609375,-0.03125,0.986328125,0.11962890625
0.0,-1.0833740234375,6.9122314453125,2.02178955078125,-0.0078125,0.99267578125,0.1201171875
0.0,-1.04522705078125,6.88934326171875,1.89971923828125,-0.03173828125,0.98828125,0.12255859375
0.0,-0.91552734375,6.500244140625,1.71661376953125,-0.01953125,0.983154296875,0.120361328125
0.0,-0.5950927734375,6.82830810546875,2.44903564453125,-0.017578125,0.990478515625,0.1220703125
0.0,-0.457763671875,6.69097900390625,1.99127197265625,-0.031982421875,0.988525390625,0.124755859375
0.0,-0.4119873046875,6.561279296875,1.8157958984375,-0.017822265625,0.984130859375,0.12255859375
0.0,-0.02288818359375,6.6986083984375,2.20489501953125,-0.022216796875,0.9833984375,0.12451171875
0.0,0.16021728515625,6.53076171875,1.85394287109375,-0.023681640625,0.984130859375,0.124267578125
0.0,0.335693359375,6.50787353515625,2.2430419921875,-0.020263671875,0.97705078125,0.122802734375
0.0,0.7171630859375,6.52313232421875,1.77764892578125,-0.022216796875,0.97314453125,0.124267578125
0.0,1.12152099609375,6.41632080078125,2.0294189453125,-0.020263671875,0.97314453125,0.125732421875
0.0,1.4495849609375,6.50787353515625,2.13623046875,-0.02001953125,0.9736328125,0.12451171875
0.0,1.64794921875,6.35528564453125,1.48773193359375,-0.026123046875,0.972900390625,0.125244140625
0.0,2.00653076171875,6.38580322265625,2.06756591796875,-0.0166015625,0.97607421875,0.12451171875
0.0,2.3193359375,6.3934326171875,1.617431640625,-0.026123046875,0.977783203125,0.125
0.0,2.410888671875,6.2103271484375,1.21307373046875,-0.0166015625,0.979736328125,0.12548828125
0.0,2.92205810546875,6.34765625,1.7852783203125,-0.01806640625,0.97802734375,0.12451171875
0.0,3.24249267578125,6.28662109375,1.251220703125,-0.025146484375,0.98046875,0.126220703125
0.0,3.45611572265625,6.103515625,0.93841552734375,-0.02099609375,0.984375,0.126220703125
0.0,3.74603271484375,6.26373291015625,1.2664794921875,-0.02001953125,0.98095703125,0.12353515625
0.0,4.0130615234375,6.1187744140625,0.84686279296875,-0.024658203125,0.98486328125,0.127685546875
0.0,4.1351318359375,5.97381591796875,0.80108642578125,-0.015625,0.97705078125,0.124755859375
0.0,4.5166015625,6.195068359375,1.27410888671875,-0.018798828125,0.982666015625,0.122314453125
0.0,4.75311279296875,6.011962890625,0.42724609375,-0.03271484375,0.977783203125,0.123779296875
0.0,4.913330078125,5.8441162109375,0.31280517578125,-0.013916015625,0.97265625,0.125
0.0,5.279541015625,6.0272216796875,0.81634521484375,-0.01806640625,0.981689453125,0.121826171875
0.0,5.36346435546875,5.83648681640625,0.244140625,-0.023681640625,0.979736328125,0.12158203125
0.0,5.5999755859375,5.80596923828125,0.46539306640625,-0.019287109375,0.981689453125,0.123291015625
0.0,5.65338134765625,5.83648681640625,0.1068115234375,-0.0234375,0.984619140625,0.120849609375
0.0,5.74493408203125,5.68389892578125,-0.0762939453125,-0.023681640625,0.982177734375,0.119384765625
0.0,6.0577392578125,5.67626953125,0.244140625,-0.01953125,0.989990234375,0.120849609375
0.0,5.88226318359375,5.6304931640625,-0.02288818359375,-0.019775390625,0.994140625,0.11962890625
0.0,6.05010986328125,5.55419921875,0.335693359375,-0.026123046875,0.988037109375,0.118896484375
0.0,6.11114501953125,5.5694580078125,-0.244140625,-0.02294921875,1.005615234375,0.119873046875
0.0,5.89752197265625,5.39398193359375,-0.1983642578125,-0.02294921875,0.989990234375,0.120361328125
0.0,6.072998046875,5.4779052734375,0.43487548828125,-0.021484375,0.994140625,0.11572265625
0.0,5.94329833984375,5.27191162109375,-0.152587890625,-0.02490234375,1.0068359375,0.113525390625
0.0,5.9967041015625,5.18798828125,0.51116943359375,-0.019775390625,0.99169921875,0.116943359375
0.0,5.76019287109375,5.39398193359375,0.25177001953125,-0.026611328125,1.00146484375,0.115478515625
0.0,5.54656982421875,5.035400390625,-0.1678466796875,-0.02880859375,0.999267578125,0.114990234375
0.0,5.59234619140625,5.1116943359375,0.72479248046875,-0.01171875,0.99365234375,0.111328125
0.0,5.4931640625,5.10406494140625,0.5645751953125,-0.030517578125,0.996337890625,0.11328125
0.0,5.13458251953125,4.8675537109375,0.3662109375,-0.023193359375,1.001708984375,0.114013671875
0.0,4.96673583984375,5.0048828125,0.83160400390625,-0.02197265625,1.00146484375,0.109375
0.0,4.78363037109375,4.82940673828125,0.46539306640625,-0.02880859375,1.000244140625,0.111572265625
0.0,4.5166015625,4.7149658203125,0.6256103515625,-0.018798828125,0.99853515625,0.11181640625
0.0,4.3487548828125,4.85992431640625,1.21307373046875,-0.022705078125,1.004638671875,0.111572265625
0.0,4.08172607421875,4.669189453125,0.9918212890625,-0.033935546875,1.01123046875,0.1123046875
0.0,3.65447998046875,4.4403076171875,0.9613037109375,-0.023193359375,1.01220703125,0.111328125
0.0,3.44085693359375,4.58526611328125,1.24359130859375,-0.021728515625,1.00634765625,0.109619140625
0.0,3.204345703125,4.4403076171875,1.2664794921875,-0.026123046875,1.01123046875,0.111572265625
0.0,2.8533935546875,4.3487548828125,1.5716552734375,-0.0205078125,1.011962890625,0.109130859375
0.0,2.5634765625,4.3487548828125,1.4495849609375,-0.02783203125,1.01123046875,0.110595703125
0.0,2.166748046875,4.21142578125,1.31988525390625,-0.02294921875,1.0087890625,0.109375
0.0,2.00653076171875,4.23431396484375,1.5869140625,-0.021484375,1.006591796875,0.1103515625
0.0,1.6326904296875,4.1351318359375,1.44195556640625,-0.0263671875,1.005859375,0.111083984375
0.0,1.312255859375,3.99017333984375,1.77001953125,-0.023193359375,1.00341796875,0.110595703125
0.0,0.98419189453125,3.99017333984375,1.60980224609375,-0.026611328125,1.006103515625,0.109130859375
0.0,0.64849853515625,3.84521484375,1.2969970703125,-0.02197265625,1.0,0.10986328125
0.0,0.5340576171875,3.8909912109375,1.91497802734375,-0.018310546875,1.00048828125,0.10986328125
0.0,0.37384033203125,3.82232666015625,1.6937255859375,-0.02783203125,1.005859375,0.111083984375
0.0,-0.152587890625,3.5858154296875,1.434326171875,-0.0224609375,1.00830078125,0.114013671875
0.0,-0.244140625,3.66973876953125,1.89208984375,-0.021240234375,1.00439453125,0.109375
0.0,-0.518798828125,3.56292724609375,1.220703125,-0.026611328125,1.006591796875,0.110107421875
0.0,-0.8544921875,3.41796875,1.190185546875,-0.015380859375,1.002197265625,0.114013671875
0.0,-0.75531005859375,3.5247802734375,1.71661376953125,-0.020751953125,1.001953125,0.111572265625
0.0,-1.0833740234375,3.448486328125,1.1138916015625,-0.02587890625,1.007080078125,0.116943359375
0.0,-1.251220703125,3.1890869140625,1.24359130859375,-0.02392578125,0.998779296875,0.11474609375
0.0,-1.251220703125,3.31878662109375,1.1749267578125,-0.019775390625,1.001220703125,0.11328125
0.0,-1.556396484375,3.0059814453125,0.95367431640625,-0.018310546875,0.990966796875,0.115234375
0.0,-1.5869140625,3.13568115234375,0.9613037109375,-0.019287109375,1.001953125,0.119384765625
0.0,-1.88446044921875,3.11279296875,0.54168701171875,-0.023681640625,0.993896484375,0.117919921875
0.0,-1.76239013671875,2.8076171875,0.8544921875,-0.028076171875,0.978759765625,0.113525390625
0.0,-1.41143798828125,2.84576416015625,0.57220458984375,-0.018310546875,0.98876953125,0.1171875
0.0,-1.5869140625,2.84576416015625,0.28228759765625,-0.0234375,0.995849609375,0.117431640625
0.0,-1.57928466796875,2.7313232421875,0.49591064453125,-0.021728515625,0.98828125,0.121337890625
0.0,-1.5106201171875,2.72369384765625,0.03814697265625,-0.01611328125,0.992919921875,0.116943359375
0.0,-1.56402587890625,2.61688232421875,0.34332275390625,-0.025634765625,0.98291015625,0.122802734375
0.0,-1.21307373046875,2.61688232421875,0.2899169921875,-0.025634765625,0.9794921875,0.1181640625
0.0,-1.15203857421875,2.3345947265625,-0.3814697265625,-0.027099609375,0.9931640625,0.122802734375
0.0,-1.03759765625,2.3651123046875,0.05340576171875,-0.011962890625,0.9873046875,0.12451171875
0.0,-0.78582763671875,2.47955322265625,0.1220703125,-0.026123046875,0.986572265625,0.12158203125
0.0,-0.78582763671875,2.18963623046875,-0.34332275390625,-0.024169921875,0.989013671875,0.1220703125
0.0,-0.3509521484375,2.2735595703125,0.0152587890625,-0.02001953125,0.981689453125,0.1220703125
0.0,-0.274658203125,2.08282470703125,-0.25177001953125,-0.033203125,0.980712890625,0.12060546875
0.0,0.03814697265625,2.01416015625,-0.4425048828125,-0.014892578125,0.979736328125,0.126220703125
0.0,0.2899169921875,2.12860107421875,0.244140625,-0.0185546875,0.9755859375,0.12841796875
0.0,0.37384033203125,1.91497802734375,-0.0457763671875,-0.0302734375,0.982666015625,0.12646484375
0.0,0.701904296875,1.80816650390625,-0.18310546875,-0.02099609375,0.972412109375,0.11865234375
0.0,1.068115234375,1.93023681640625,0.06103515625,-0.0283203125,0.981689453125,0.119873046875
0.0,1.30462646484375,1.71661376953125,-0.3814697265625,-0.02001953125,0.982177734375,0.127685546875
0.0,1.54876708984375,1.62506103515625,0.335693359375,-0.02001953125,0.969970703125,0.130126953125
0.0,1.678466796875,1.5716552734375,0.3204345703125,-0.027099609375,0.97265625,0.12060546875
0.0,2.49481201171875,1.6326904296875,-0.00762939453125,-0.022705078125,0.986572265625,0.123291015625
0.0,2.3345947265625,1.53350830078125,0.14495849609375,-0.026123046875,0.98291015625,0.122802734375
0.0,2.57110595703125,1.48773193359375,0.35858154296875,-0.025634765625,0.98291015625,0.129150390625
0.0,2.777099609375,1.21307373046875,0.60272216796875,-0.02978515625,0.990234375,0.123046875
0.0,3.0364990234375,1.129150390625,0.3204345703125,-0.01611328125,0.976318359375,0.126708984375
0.0,3.41796875,1.41143798828125,0.96893310546875,-0.017333984375,0.980712890625,0.117919921875
0.0,3.7841796875,1.27410888671875,0.87738037109375,-0.0283203125,0.979248046875,0.126220703125
0.0,3.83758544921875,1.12152099609375,1.21307373046875,-0.033935546875,0.981689453125,0.121337890625
0.0,4.15802001953125,0.8544921875,0.5340576171875,-0.02197265625,0.988525390625,0.126953125
0.0,4.14276123046875,0.9918212890625,1.70135498046875,-0.020263671875,0.9873046875,0.1201171875
0.0,4.34112548828125,0.89263916015625,1.1749267578125,-0.02392578125,0.972900390625,0.12158203125
0.0,4.46319580078125,0.93841552734375,1.2359619140625,-0.027099609375,0.9833984375,0.12109375
0.0,4.8370361328125,0.67901611328125,1.190185546875,-0.021240234375,0.99365234375,0.120361328125
0.0,4.7760009765625,0.78582763671875,1.41143798828125,-0.019287109375,0.984375,0.112060546875
0.0,5.126953125,0.6561279296875,1.02996826171875,-0.030029296875,0.989013671875,0.12548828125
0.0,4.8828125,0.6103515625,1.922607421875,-0.010986328125,0.989013671875,0.11279296875
0.0,5.16510009765625,0.80108642578125,1.47247314453125,-0.035888671875,0.994140625,0.125
0.0,5.1422119140625,0.0152587890625,1.80816650390625,-0.032958984375,0.985107421875,0.115234375
0.0,5.07354736328125,0.55694580078125,1.02996826171875,-0.00537109375,0.9951171875,0.115478515625
0.0,5.62286376953125,0.3509521484375,1.5716552734375,-0.029052734375,0.99462890625,0.1142578125
0.0,5.43212890625,0.4119873046875,2.7618408203125,-0.01416015625,0.99365234375,0.12353515625
0.0,5.05828857421875,0.28228759765625,1.51824951171875,-0.04150390625,1.001708984375,0.109375
0.0,5.45501708984375,-0.1678466796875,1.82342529296875,-0.0263671875,0.987548828125,0.11376953125
0.0,4.8828125,0.41961669921875,1.73187255859375,-0.001708984375,1.0361328125,0.115478515625
0.0,4.5928955078125,0.1678466796875,1.88446044921875,-0.023681640625,0.983642578125,0.11279296875
0.0,4.34112548828125,0.18310546875,1.53350830078125,-0.0234375,1.00048828125,0.1064453125
0.0,4.61578369140625,0.2899169921875,0.518798828125,-0.031005859375,0.9970703125,0.118896484375
0.0,3.936767578125,-0.11444091796875,-0.69427490234375,-0.044921875,0.994384765625,0.106689453125
0.0,4.5166015625,-0.0457763671875,-0.83160400390625,-0.005126953125,1.002685546875,0.113037109375
0.0,3.90625,0.03814697265625,0.42724609375,-0.005126953125,1.0029296875,0.103271484375
0.0,3.9520263671875,0.18310546875,0.87738037109375,-0.01318359375,1.011962890625,0.121826171875
0.0,3.45611572265625,0.152587890625,1.1444091796875,-0.033447265625,0.99951171875,0.113037109375
0.0,2.9449462890625,-0.4119873046875,0.6866455078125,-0.04638671875,1.010986328125,0.1064453125
0.0,2.74658203125,-0.57220458984375,0.38909912109375,-0.017578125,1.033203125,0.108154296875
0.0,2.41851806640625,-0.46539306640625,0.335693359375,-0.011474609375,1.0068359375,0.113525390625
0.0,2.4261474609375,-0.41961669921875,0.579833984375,-0.025390625,0.99609375,0.100341796875
0.0,2.44140625,-0.67138671875,-0.81634521484375,-0.0263671875,0.995849609375,0.10986328125
0.0,2.288818359375,-0.274658203125,-0.74005126953125,0.010009765625,0.994384765625,0.1005859375
0.0,2.044677734375,-0.00762939453125,-1.2359619140625,-0.018310546875,1.02197265625,0.1162109375
0.0,1.495361328125,-0.0152587890625,-0.5340576171875,-0.03564453125,1.005859375,0.112060546875
0.0,0.7476806640625,-0.54931640625,-0.8697509765625,-0.04638671875,1.011474609375,0.111083984375
0.0,0.3509521484375,-0.8392333984375,-0.213623046875,-0.01123046875,0.9931640625,0.09716796875
0.0,0.8087158203125,-0.6103515625,-0.63323974609375,-0.01220703125,0.993408203125,0.111083984375
0.0,0.46539306640625,-0.396728515625,-0.08392333984375,-0.0263671875,0.980224609375,0.109375
0.0,0.518798828125,-0.66375732421875,-1.44195556640625,-0.0439453125,0.980224609375,0.11328125
0.0,0.72479248046875,-1.25885009765625,-0.69427490234375,-0.01953125,0.9833984375,0.106689453125
0.0,0.457763671875,-0.946044921875,-0.6103515625,-0.003173828125,1.02734375,0.114013671875
0.0,-0.63323974609375,-0.75531005859375,-0.06103515625,-0.03369140625,1.01123046875,0.103515625
0.0,-0.51116943359375,-0.79345703125,-1.09100341796875,-0.024169921875,0.9970703125,0.10693359375
0.0,-0.23651123046875,-0.7781982421875,-0.17547607421875,-0.02587890625,0.980712890625,0.105224609375
0.0,0.457763671875,-1.190185546875,-0.16021728515625,-0.028564453125,1.020263671875,0.116943359375
0.0,-0.16021728515625,-1.2054443359375,0.9918212890625,-0.0078125,0.986083984375,0.09912109375
0.0,0.00762939453125,-1.2664794921875,1.8157958984375,-0.02197265625,1.011962890625,0.114990234375
0.0,-0.3662109375,-1.129150390625,2.52532958984375,-0.031005859375,0.9658203125,0.10888671875
0.0,0.11444091796875,-1.18255615234375,-0.25177001953125,-0.024658203125,0.993896484375,0.109619140625
0.0,-0.16021728515625,-1.03759765625,0.93841552734375,-0.002197265625,0.97998046875,0.102294921875
0.0,-0.2899169921875,-1.25885009765625,2.93731689453125,-0.02099609375,0.998779296875,0.130859375
0.0,-0.51116943359375,-1.47247314453125,3.01361083984375,-0.028076171875,0.9697265625,0.10302734375
0.0,-0.0152587890625,-1.22833251953125,3.143310546875,-0.037109375,0.980712890625,0.108642578125
0.0,0.6561279296875,-1.4495849609375,2.18963623046875,-0.037353515625,0.9462890625,0.10205078125
0.0,0.46539306640625,-2.23541259765625,1.190185546875,-0.028076171875,1.02197265625,0.122802734375
0.0,0.12969970703125,-1.93023681640625,2.05230712890625,0.005859375,0.948486328125,0.09716796875
0.0,1.42669677734375,-1.190185546875,3.62396240234375,-0.01708984375,1.003662109375,0.1240234375
0.0,0.77056884765625,-1.617431640625,2.64739990234375,-0.049072265625,1.011962890625,0.116455078125
0.0,0.25177001953125,-1.97601318359375,-0.54931640625,-0.024658203125,0.989501953125,0.12890625
0.0,0.946044921875,-1.708984375,2.67791748046875,0.015869140625,0.987548828125,0.105712890625
0.0,1.0986328125,-1.5106201171875,3.2806396484375,-0.0302734375,1.0126953125,0.12158203125
0.0,0.81634521484375,-1.76239013671875,-0.457763671875,-0.0498046875,0.9912109375,0.114501953125
0.0,0.98419189453125,-1.64031982421875,-1.7242431640625,0.002685546875,0.997314453125,0.1201171875
0.0,1.46484375,-1.31988525390625,2.08282470703125,-0.006103515625,0.96923828125,0.09521484375
0.0,1.94549560546875,-1.94549560546875,0.91552734375,-0.046630859375,1.010498046875,0.135009765625
0.0,0.6561279296875,-1.99127197265625,-0.17547607421875,-0.015625,0.98583984375,0.10693359375
0.0,1.40380859375,-1.48773193359375,-0.30517578125,-0.002685546875,0.948974609375,0.112548828125
0.0,2.3193359375,-1.3885498046875,0.25177001953125,-0.004150390625,0.9609375,0.10009765625
0.0,2.75421142578125,-1.5869140625,1.02996826171875,-0.042236328125,0.96435546875,0.13427734375
0.0,2.78472900390625,-1.93023681640625,-0.66375732421875,-0.021240234375,0.9677734375,0.1044921875
0.0,3.1280517578125,-1.28173828125,-0.6866455078125,-0.015625,0.990234375,0.112548828125
0.0,3.48663330078125,-1.708984375,-0.61798095703125,-0.030517578125,0.93798828125,0.09619140625
0.0,4.33349609375,-2.227783203125,0.51116943359375,-0.036376953125,1.005859375,0.1220703125
0.0,3.97491455078125,-2.3345947265625,-1.25885009765625,-0.02099609375,0.982177734375,0.11767578125
0.0,4.5166015625,-1.88446044921875,1.2359619140625,0.001953125,0.997802734375,0.13330078125
0.0,4.730224609375,-1.82342529296875,1.4801025390625,-0.028076171875,0.95654296875,0.08837890625
0.0,5.59234619140625,-2.55584716796875,-0.05340576171875,-0.018798828125,1.0439453125,0.126220703125
0.0,4.8675537109375,-1.80816650390625,1.64794921875,-0.009765625,0.963623046875,0.099853515625
0.0,5.767822265625,-2.02178955078125,0.1220703125,-0.05224609375,1.00634765625,0.124267578125
0.0,5.04302978515625,-2.38800048828125,0.08392333984375,-0.006103515625,0.99658203125,0.104736328125
0.0,6.3018798828125,-1.88446044921875,0.41961669921875,-0.021240234375,0.96142578125,0.1201171875
0.0,5.401611328125,-2.6397705078125,0.4119873046875,-0.018310546875,1.025634765625,0.1025390625
0.0,5.80596923828125,-1.86920166015625,-0.701904296875,-0.030029296875,0.948486328125,0.1103515625
0.0,5.401611328125,-2.02178955078125,-1.6326904296875,-0.017822265625,1.021240234375,0.10205078125
0.0,5.79833984375,-2.22015380859375,-0.42724609375,-0.011962890625,0.95556640625,0.114501953125
0.0,5.88226318359375,-1.983642578125,-0.244140625,-0.031005859375,0.99853515625,0.10400390625
0.0,6.12640380859375,-2.49481201171875,-2.5634765625,-0.0419921875,0.979248046875,0.1123046875
0.0,6.35528564453125,-2.13623046875,0.6561279296875,-0.008056640625,0.975830078125,0.081298828125
0.0,7.36236572265625,-2.57110595703125,-1.0986328125,-0.033935546875,0.9833984375,0.110107421875
0.0,6.5155029296875,-2.288818359375,-0.335693359375,-0.001708984375,1.02783203125,0.109375
0.0,6.67572021484375,-2.22015380859375,-0.6103515625,-0.00537109375,1.030029296875,0.116943359375
0.0,6.70623779296875,-1.94549560546875,2.01416015625,-0.01171875,0.964111328125,0.091796875
0.0,6.61468505859375,-2.5634765625,1.24359130859375,-0.040283203125,1.0458984375,0.126953125
0.0,6.55364990234375,-2.84576416015625,2.5787353515625,-0.01416015625,0.94384765625,0.078125
0.0,7.27081298828125,-2.3193359375,2.06756591796875,-0.031494140625,1.041748046875,0.106689453125
0.0,6.53839111328125,-2.9144287109375,2.0599365234375,-0.045166015625,0.95849609375,0.084228515625
0.0,6.64520263671875,-3.143310546875,0.9307861328125,-0.016845703125,1.022216796875,0.122314453125
0.0,6.378173828125,-2.899169921875,0.96893310546875,-0.025634765625,0.955322265625,0.07421875
0.0,6.256103515625,-2.9144287109375,1.42669677734375,-0.018798828125,1.024658203125,0.1123046875
0.0,5.89752197265625,-2.90679931640625,0.20599365234375,-0.025146484375,0.947265625,0.084228515625
0.0,5.91278076171875,-2.78472900390625,-0.74005126953125,-0.026611328125,0.99951171875,0.102783203125
0.0,5.85174560546875,-2.4566650390625,1.42669677734375,0.025634765625,0.9892578125,0.076171875
0.0,5.56182861328125,-2.38800048828125,1.40380859375,-0.0302734375,1.02392578125,0.117919921875
0.0,5.37872314453125,-2.655029296875,2.1514892578125,-0.015869140625,0.98291015625,0.072998046875
0.0,5.68389892578125,-2.43377685546875,2.08282470703125,-0.0048828125,1.04052734375,0.110595703125
0.0,5.25665283203125,-2.43377685546875,1.85394287109375,-0.0361328125,0.993408203125,0.074951171875
0.0,5.79833984375,-2.86102294921875,2.1209716796875,-0.03515625,1.029541015625,0.111328125
0.0,4.8980712890625,-2.838134765625,1.09100341796875,-0.007080078125,1.0078125,0.077392578125
0.0,4.43267822265625,-2.8228759765625,1.86920166015625,-0.0498046875,1.0126953125,0.117919921875
0.0,3.65447998046875,-3.47137451171875,1.15966796875,-0.034912109375,0.995361328125,0.080078125
0.0,3.814697265625,-3.13568115234375,1.51824951171875,-0.015625,0.997314453125,0.10009765625
0.0,3.45611572265625,-4.00543212890625,1.68609619140625,-0.029541015625,0.96044921875,0.065185546875
0.0,3.570556640625,-3.02886962890625,1.068115234375,0.017578125,1.014892578125,0.1142578125
0.0,3.2501220703125,-2.9144287109375,2.66265869140625,-0.018798828125,0.945068359375,0.067626953125
0.0,4.058837890625,-3.47900390625,1.33514404296875,-0.02001953125,1.011474609375,0.109375
0.0,3.47137451171875,-2.8228759765625,0.83160400390625,-0.009521484375,0.985107421875,0.05712890625
0.0,4.17327880859375,-2.92205810546875,0.6256103515625,-0.0166015625,1.017822265625,0.112060546875
0.0,3.326416015625,-2.64739990234375,-0.48828125,0.0009765625,1.00146484375,0.072509765625
0.0,3.27301025390625,-2.3956298828125,-0.43487548828125,-0.014404296875,0.999267578125,0.111083984375
0.0,3.0059814453125,-2.593994140625,0.4425048828125,-0.03076171875,1.021728515625,0.0732421875
0.0,3.15093994140625,-3.204345703125,0.83160400390625,-0.052978515625,0.97900390625,0.1025390625
0.0,3.1280517578125,-3.34930419921875,-0.4425048828125,-0.041748046875,0.977783203125,0.052001953125
0.0,3.36456298828125,-3.9520263671875,-0.3814697265625,-0.03759765625,1.00634765625,0.118896484375
0.0,2.89154052734375,-3.62396240234375,0.20599365234375,0.01025390625,0.99267578125,0.072998046875
0.0,2.76947021484375,-3.62396240234375,0.11444091796875,-0.03125,0.992919921875,0.115478515625
0.0,2.58636474609375,-4.058837890625,-0.244140625,-0.00048828125,1.0107421875,0.059814453125
0.0,2.3193359375,-3.02886962890625,-0.5035400390625,-0.0107421875,0.9921875,0.11767578125
0.0,2.00653076171875,-3.66973876953125,-0.762939453125,0.001220703125,0.9873046875,0.07861328125
0.0,2.34222412109375,-2.5787353515625,0.6256103515625,-0.011474609375,0.980224609375,0.096923828125
0.0,2.6397705078125,-3.692626953125,-0.70953369140625,-0.043701171875,1.013916015625,0.058837890625
0.0,3.1890869140625,-3.0517578125,1.3580322265625,-0.004638671875,0.980224609375,0.11328125
0.0,3.0670166015625,-3.28826904296875,-1.739501953125,-0.02734375,0.985107421875,0.0693359375
0.0,3.4027099609375,-3.5858154296875,-0.83160400390625,-0.03515625,0.9736328125,0.104248046875
0.0,3.28826904296875,-2.89154052734375,-1.800537109375,-0.010009765625,0.994873046875,0.068359375
0.0,3.83758544921875,-3.80706787109375,0.1983642578125,-0.0478515625,0.97998046875,0.109375
0.0,3.7078857421875,-3.509521484375,-2.23541259765625,0.00390625,0.974365234375,0.060546875
0.0,3.7689208984375,-4.03594970703125,-0.20599365234375,-0.054443359375,0.994873046875,0.10595703125
0.0,4.29534912109375,-3.85284423828125,-1.0223388671875,0.0087890625,0.931640625,0.0556640625
0.0,3.9520263671875,-3.5400390625,0.6103515625,-0.02734375,1.044189453125,0.13037109375
0.0,4.1961669921875,-4.20379638671875,0.02288818359375,0.001953125,0.94287109375,0.06005859375
0.0,4.73785400390625,-3.509521484375,0.030517578125,-0.016357421875,1.053466796875,0.121826171875
0.0,4.1656494140625,-4.17327880859375,0.80108642578125,-0.027587890625,0.94921875,0.05859375
0.0,4.93621826171875,-3.25775146484375,0.54931640625,0.00048828125,1.036865234375,0.116455078125
0.0,4.2877197265625,-3.85284423828125,0.0457763671875,-0.041015625,0.9658203125,0.0615234375
0.0,5.6610107421875,-3.53240966796875,0.4730224609375,-0.003662109375,1.008544921875,0.106689453125
0.0,4.96673583984375,-4.364013671875,1.18255615234375,-0.05517578125,0.97705078125,0.061767578125
0.0,6.0577392578125,-4.21142578125,0.93841552734375,-0.012939453125,0.9736328125,0.09765625
0.0,6.00433349609375,-4.119873046875,0.54931640625,-0.02734375,0.953857421875,0.055908203125
0.0,6.988525390625,-4.31060791015625,0.63323974609375,-0.01513671875,0.977783203125,0.105224609375
0.0,6.61468505859375,-4.26483154296875,0.37384033203125,-0.01904296875,0.9599609375,0.0615234375
0.0,6.14166259765625,-4.0740966796875,-0.35858154296875,0.008056640625,0.962158203125,0.103515625
0.0,7.60650634765625,-3.82232666015625,1.4495849609375,-0.03173828125,0.9736328125,0.072998046875
0.0,6.4544677734375,-4.02069091796875,1.2359619140625,-0.025146484375,1.0244140625,0.100830078125
0.0,7.6751708984375,-4.39453125,0.518798828125,-0.042236328125,0.968505859375,0.074462890625
0.0,7.1563720703125,-4.5623779296875,-0.19073486328125,0.006591796875,1.014892578125,0.095703125
0.0,8.2244873046875,-4.12750244140625,2.0751953125,-0.02685546875,0.998046875,0.06689453125
0.0,6.9580078125,-4.78363037109375,1.28173828125,-0.0419921875,1.00439453125,0.102294921875
0.0,8.38470458984375,-4.49371337890625,0.9002685546875,0.01708984375,1.000732421875,0.069580078125
0.0,6.56890869140625,-4.21142578125,1.2969970703125,-0.07275390625,1.03173828125,0.096923828125
0.0,8.23974609375,-4.93621826171875,-1.89971923828125,-0.05029296875,0.929443359375,0.049072265625
0.0,7.9803466796875,-5.43212890625,0.1068115234375,-0.0107421875,0.99951171875,0.085205078125
0.0,8.79669189453125,-4.5623779296875,2.14385986328125,0.023193359375,0.92822265625,0.055908203125
0.0,8.59832763671875,-5.126953125,-1.16729736328125,-0.06005859375,0.989013671875,0.092529296875
0.0,9.2926025390625,-5.06591796875,-0.7781982421875,0.017822265625,0.977294921875,0.06201171875
0.0,8.29315185546875,-4.35638427734375,-0.030517578125,-0.04736328125,0.994140625,0.0908203125
0.0,8.9111328125,-4.8828125,-1.52587890625,0.008544921875,0.980712890625,0.050048828125
0.0,7.8887939453125,-4.486083984375,0.0457763671875,-0.040771484375,1.015380859375,0.097900390625
0.0,8.148193359375,-5.27191162109375,-2.43377685546875,-0.016845703125,1.010986328125,0.060546875
0.0,7.6141357421875,-4.92095947265625,-1.2054443359375,-0.025390625,0.9736328125,0.0732421875
0.0,8.8958740234375,-5.3253173828125,-2.44903564453125,-0.038818359375,1.00634765625,0.037109375
0.0,7.98797607421875,-5.523681640625,-0.03814697265625,-0.017822265625,1.026611328125,0.10498046875
0.0,8.819580078125,-5.98907470703125,-1.9378662109375,-0.005859375,0.978515625,0.026611328125
0.0,7.7667236328125,-5.5389404296875,1.02996826171875,-0.012451171875,1.041015625,0.089599609375
0.0,8.07952880859375,-5.859375,-1.0223388671875,-0.017333984375,0.99072265625,0.044921875
0.0,7.3699951171875,-5.24139404296875,1.93023681640625,-0.0078125,1.014404296875,0.092041015625
0.0,7.72857666015625,-5.7373046875,-0.57220458984375,-0.013916015625,0.97998046875,0.024658203125
0.0,6.46209716796875,-5.45501708984375,1.22833251953125,-0.027099609375,1.01416015625,0.094970703125
0.0,7.43865966796875,-5.54656982421875,-1.678466796875,-0.003662109375,0.956787109375,0.034423828125
0.0,6.21795654296875,-4.7760009765625,-1.129150390625,-0.005126953125,0.998046875,0.07275390625
0.0,6.8511962890625,-4.81414794921875,-0.96893310546875,-0.013916015625,0.966064453125,0.031494140625
0.0,6.6986083984375,-4.7454833984375,-0.32806396484375,-0.015625,1.009765625,0.083251953125
0.0,6.1492919921875,-5.47027587890625,-0.74005126953125,-0.03662109375,1.012939453125,0.030029296875
0.0,5.51605224609375,-5.2032470703125,0.091552734375,-0.020263671875,1.02392578125,0.07861328125
0.0,5.6304931640625,-5.24139404296875,-1.65557861328125,-0.041015625,0.98828125,0.04931640625
0.0,4.47845458984375,-5.39398193359375,-1.47247314453125,-0.0205078125,1.0439453125,0.0712890625
0.0,4.98199462890625,-5.5389404296875,-1.5716552734375,-0.013671875,0.98974609375,0.02392578125
0.0,4.64630126953125,-5.21087646484375,-0.4425048828125,-0.0205078125,1.032958984375,0.07421875
0.0,4.8980712890625,-5.89752197265625,-1.3427734375,-0.029296875,0.97412109375,0.0224609375
0.0,4.15802001953125,-5.53131103515625,0.06103515625,-0.0263671875,1.039794921875,0.08984375
0.0,4.3182373046875,-6.011962890625,-1.53350830078125,-0.021728515625,0.98193359375,0.0234375
0.0,4.0740966796875,-5.645751953125,0.99945068359375,-0.0146484375,1.002197265625,0.071533203125
0.0,4.180908203125,-6.0882568359375,-1.0986328125,-0.0302734375,0.984619140625,0.02734375
0.0,3.68499755859375,-5.89752197265625,0.38909912109375,-0.00341796875,0.9990234375,0.081298828125
0.0,3.4942626953125,-5.5694580078125,-0.946044921875,-0.035888671875,0.99169921875,0.031494140625
0.0,3.3416748046875,-5.74493408203125,-1.2664794921875,-0.00439453125,0.98828125,0.07763671875
0.0,3.08990478515625,-5.33294677734375,0.02288818359375,-0.023681640625,0.997314453125,0.038818359375
0.0,2.960205078125,-5.62286376953125,-0.06103515625,-0.01513671875,0.99560546875,0.051025390625
0.0,3.265380859375,-5.36346435546875,-0.3814697265625,0.008544921875,1.010498046875,0.04443359375
0.0,2.76947021484375,-4.791259765625,0.99945068359375,-0.00634765625,1.010498046875,0.0498046875
0.0,3.0364990234375,-4.8370361328125,0.40435791015625,-0.048095703125,1.0029296875,0.033203125
0.0,2.98309326171875,-4.669189453125,-0.83160400390625,-0.019775390625,1.012451171875,0.07568359375
0.0,3.21197509765625,-5.3253173828125,0.335693359375,-0.024169921875,0.98828125,0.033935546875
0.0,3.71551513671875,-4.75311279296875,2.50244140625,0.041259765625,1.028076171875,0.060302734375
0.0,3.34930419921875,-4.7149658203125,4.63104248046875,0.031494140625,0.99267578125,0.03125
0.0,3.5858154296875,-3.39508056640625,5.16510009765625,0.062744140625,1.009033203125,0.068359375
0.0,2.46429443359375,-2.89154052734375,5.40924072265625,-0.08984375,1.0478515625,0.044677734375
0.0,2.38037109375,-4.52423095703125,-1.251220703125,-0.174560546875,0.939208984375,0.078369140625
0.0,2.61688232421875,-5.2947998046875,-2.25830078125,-0.00634765625,0.976318359375,0.04443359375
0.0,3.01361083984375,-4.92095947265625,2.44140625,0.037841796875,0.9931640625,0.06591796875
0.0,2.9449462890625,-5.31768798828125,0.6866455078125,-0.041748046875,0.974365234375,0.02880859375
0.0,2.57110595703125,-5.4779052734375,-0.4425048828125,-0.023193359375,0.989501953125,0.08203125
0.0,2.86865234375,-5.36346435546875,-0.51116943359375,-0.01416015625,0.993896484375,0.02685546875
0.0,3.23486328125,-5.14984130859375,1.2969970703125,-0.031982421875,0.985107421875,0.05126953125
0.0,4.05120849609375,-5.37109375,-0.17547607421875,0.01123046875,0.992919921875,0.056396484375
0.0,3.2501220703125,-4.96673583984375,-1.22833251953125,-0.002685546875,1.02197265625,0.066162109375
0.0,3.79180908203125,-4.92095947265625,-1.18255615234375,-0.0712890625,0.994140625,0.04345703125
0.0,3.53240966796875,-5.0811767578125,-1.1444091796875,-0.012939453125,1.008056640625,0.066650390625
0.0,4.17327880859375,-5.279541015625,-0.9765625,-0.006103515625,0.991455078125,0.056884765625
0.0,3.8604736328125,-5.37109375,-1.56402587890625,-0.0361328125,1.00439453125,0.064697265625
0.0,4.119873046875,-5.22613525390625,-2.5634765625,-0.015869140625,0.982177734375,0.041015625
0.0,4.1046142578125,-5.31005859375,0.52642822265625,-0.026123046875,0.997802734375,0.05517578125
0.0,4.486083984375,-5.66864013671875,-0.030517578125,-0.03955078125,0.96337890625,0.03759765625
0.0,4.2266845703125,-5.82122802734375,-2.11334228515625,-0.0234375,0.98779296875,0.072998046875
0.0,4.486083984375,-5.645751953125,-2.5482177734375,-0.02734375,0.969482421875,0.044189453125
0.0,4.4403076171875,-5.401611328125,-1.89971923828125,-0.03662109375,0.9833984375,0.056396484375
0.0,4.974365234375,-5.33294677734375,-2.14385986328125,-0.003662109375,0.9736328125,0.032958984375
0.0,4.8828125,-5.4168701171875,-1.28173828125,0.00146484375,0.99267578125,0.052490234375
0.0,5.31768798828125,-5.63812255859375,0.42724609375,-0.00146484375,0.992919921875,0.043701171875
0.0,5.05828857421875,-5.39398193359375,2.716064453125,-0.029052734375,1.01513671875,0.060791015625
0.0,5.22613525390625,-5.65338134765625,0.45013427734375,-0.068115234375,0.99072265625,0.038818359375
0.0,5.16510009765625,-5.59234619140625,-1.800537109375,-0.023681640625,1.01904296875,0.0595703125
0.0,5.55419921875,-5.3558349609375,-0.579833984375,0.006591796875,0.99365234375,0.022216796875
0.0,5.56182861328125,-5.04302978515625,1.190185546875,-0.016845703125,0.996337890625,0.051513671875
0.0,5.859375,-5.279541015625,0.7171630859375,-0.029541015625,1.00048828125,0.049072265625
0.0,5.2337646484375,-5.4931640625,1.251220703125,-0.032470703125,1.021728515625,0.0703125
0.0,5.126953125,-5.89752197265625,1.09100341796875,-0.0556640625,0.981201171875,0.03515625
0.0,5.25665283203125,-6.04248046875,1.9073486328125,-0.023193359375,0.982666015625,0.04443359375
0.0,5.62286376953125,-6.011962890625,1.739501953125,-0.0068359375,0.9677734375,0.025146484375
0.0,5.5694580078125,-5.7373046875,1.85394287109375,-0.008056640625,0.9853515625,0.04345703125
0.0,5.60760498046875,-5.401611328125,1.28173828125,-0.00390625,0.988037109375,0.0361328125
0.0,5.18035888671875,-5.06591796875,1.40380859375,-0.02099609375,1.01025390625,0.056640625
0.0,5.0201416015625,-5.13458251953125,0.42724609375,-0.035888671875,1.0,0.04443359375
0.0,4.82177734375,-5.37872314453125,1.434326171875,-0.026611328125,1.00830078125,0.049560546875
0.0,4.8675537109375,-5.66864013671875,1.33514404296875,-0.0302734375,0.997802734375,0.025146484375
0.0,4.730224609375,-5.89752197265625,1.64031982421875,-0.017333984375,1.01806640625,0.046875
0.0,4.73785400390625,-6.011962890625,1.9073486328125,-0.013916015625,1.02294921875,0.032470703125
0.0,4.486083984375,-5.9051513671875,2.2735595703125,-0.013916015625,1.011474609375,0.04150390625
0.0,4.41741943359375,-5.8135986328125,1.5411376953125,-0.01904296875,1.0107421875,0.03271484375
0.0,4.18853759765625,-5.48553466796875,1.51824951171875,-0.002685546875,1.01220703125,0.045166015625
0.0,3.9520263671875,-5.43212890625,1.36566162109375,-0.0341796875,1.011474609375,0.037841796875
0.0,3.57818603515625,-5.6610107421875,0.74005126953125,-0.017822265625,1.00341796875,0.04736328125
0.0,3.3416748046875,-5.67626953125,0.79345703125,-0.02880859375,0.992431640625,0.033935546875
0.0,3.02886962890625,-5.859375,0.335693359375,-0.017578125,0.996337890625,0.039306640625
0.0,3.10516357421875,-5.85174560546875,0.396728515625,-0.010498046875,0.990478515625,0.028076171875
0.0,2.98309326171875,-5.9356689453125,0.5035400390625,-0.025634765625,0.996337890625,0.037353515625
0.0,2.5634765625,-5.79833984375,-0.5645751953125,-0.0078125,0.997802734375,0.0419921875
0.0,2.7008056640625,-5.43975830078125,-0.3509521484375,-0.006591796875,1.0029296875,0.035400390625
0.0,2.44140625,-5.767822265625,-1.1444091796875,-0.032470703125,1.0107421875,0.033935546875
0.0,2.1514892578125,-5.54656982421875,-0.90789794921875,-0.0068359375,1.017578125,0.046142578125
0.0,1.91497802734375,-5.57708740234375,-0.518798828125,-0.02587890625,1.016357421875,0.036865234375
0.0,1.6021728515625,-5.8135986328125,-1.4801025390625,-0.014404296875,1.013671875,0.031982421875
0.0,1.70135498046875,-5.40924072265625,-0.96893310546875,-0.0205078125,1.01708984375,0.039794921875
0.0,1.15966796875,-5.71441650390625,-1.52587890625,-0.03369140625,1.020263671875,0.041748046875
0.0,1.22833251953125,-5.645751953125,-1.1444091796875,-0.001708984375,1.00244140625,0.0341796875
0.0,0.95367431640625,-5.45501708984375,-1.42669677734375,-0.029541015625,1.005126953125,0.03955078125
0.0,0.84686279296875,-5.7220458984375,-1.57928466796875,-0.01708984375,1.00244140625,0.037109375
0.0,0.762939453125,-5.55419921875,-1.251220703125,-0.017333984375,0.990478515625,0.037109375
0.0,0.70953369140625,-5.57708740234375,-1.5716552734375,-0.01953125,0.99072265625,0.0361328125
0.0,0.54168701171875,-5.57708740234375,-1.373291015625,-0.020751953125,0.9912109375,0.037841796875
0.0,0.48828125,-5.5389404296875,-1.15203857421875,-0.018310546875,0.994384765625,0.041748046875
0.0,0.579833984375,-5.54656982421875,-0.640869140625,-0.0029296875,0.99072265625,0.04931640625
0.0,-0.06103515625,-5.18035888671875,-0.81634521484375,-0.01953125,1.002197265625,0.044189453125
0.0,0.4119873046875,-4.6844482421875,-2.99835205078125,-0.02392578125,1.01513671875,0.03564453125
0.0,0.28228759765625,-4.638671875,-0.61798095703125,-0.028076171875,1.01171875,0.03173828125
0.0,0.244140625,-5.45501708984375,-0.05340576171875,-0.0634765625,1.00048828125,0.04150390625
0.0,0.29754638671875,-6.256103515625,-1.15203857421875,-0.01708984375,1.015380859375,0.040283203125
0.0,0.30517578125,-5.92803955078125,1.3885498046875,-0.004150390625,1.016357421875,0.048583984375
0.0,0.152587890625,-5.7525634765625,2.3345947265625,-0.0205078125,1.003662109375,0.0458984375
0.0,0.06103515625,-5.45501708984375,-0.55694580078125,-0.017822265625,0.9931640625,0.04150390625
0.0,0.1678466796875,-4.96673583984375,-0.1373291015625,-0.00390625,0.989990234375,0.040771484375
0.0,0.3814697265625,-4.94384765625,1.04522705078125,-0.045166015625,0.9755859375,0.03466796875
0.0,0.54931640625,-5.5389404296875,0.54168701171875,-0.03173828125,0.97998046875,0.037841796875
0.0,0.75531005859375,-5.72967529296875,1.48773193359375,-0.01708984375,0.98828125,0.04150390625
0.0,0.823974609375,-5.6915283203125,1.8463134765625,-0.022705078125,0.98193359375,0.042724609375
0.0,0.823974609375,-5.39398193359375,1.46484375,-0.004150390625,0.985107421875,0.047119140625
0.0,0.95367431640625,-5.035400390625,1.54876708984375,-0.01708984375,0.991455078125,0.04541015625
0.0,1.09100341796875,-5.05828857421875,1.129150390625,-0.025146484375,0.994873046875,0.042724609375
0.0,1.220703125,-5.21087646484375,1.7242431640625,-0.022705078125,1.0009765625,0.045166015625
0.0,1.44195556640625,-5.39398193359375,1.94549560546875,-0.0244140625,1.002197265625,0.04345703125
0.0,1.556396484375,-5.31768798828125,1.80816650390625,-0.01123046875,1.001953125,0.044677734375
0.0,1.6937255859375,-5.096435546875,1.5716552734375,-0.017578125,1.00048828125,0.046630859375
0.0,1.8463134765625,-5.0201416015625,0.9918212890625,-0.015869140625,0.99951171875,0.04443359375
0.0,1.983642578125,-4.9591064453125,1.1444091796875,-0.01806640625,0.99658203125,0.04638671875
0.0,2.09808349609375,-5.07354736328125,0.92315673828125,-0.0224609375,0.990478515625,0.045166015625
0.0,2.2430419921875,-5.14984130859375,0.87738037109375,-0.01416015625,0.985595703125,0.04443359375
0.0,2.41851806640625,-5.0506591796875,0.80108642578125,-0.019287109375,0.980712890625,0.04345703125
0.0,2.57110595703125,-4.94384765625,0.457763671875,-0.013427734375,0.979736328125,0.04248046875
0.0,2.716064453125,-4.82177734375,0.244140625,-0.01708984375,0.98193359375,0.0439453125
0.0,2.8533935546875,-4.8675537109375,-0.091552734375,-0.01904296875,0.9833984375,0.045166015625
0.0,2.95257568359375,-4.87518310546875,0.0762939453125,-0.01611328125,0.98681640625,0.044189453125
0.0,3.07464599609375,-4.8828125,-0.03814697265625,-0.01708984375,0.98974609375,0.043212890625
0.0,3.18145751953125,-4.7760009765625,-0.457763671875,-0.013671875,0.994140625,0.043701171875
0.0,3.2958984375,-4.669189453125,-0.83160400390625,-0.016845703125,0.999755859375,0.04443359375
0.0,3.37982177734375,-4.64630126953125,-1.06048583984375,-0.017578125,1.00390625,0.043701171875
0.0,3.4637451171875,-4.64630126953125,-0.9765625,-0.01806640625,1.00634765625,0.043701171875
0.0,3.5247802734375,-4.64630126953125,-1.16729736328125,-0.01806640625,1.006591796875,0.04296875
0.0,3.5552978515625,-4.55474853515625,-1.373291015625,-0.016357421875,1.004150390625,0.041748046875
0.0,3.65447998046875,-4.43267822265625,-1.53350830078125,-0.01953125,1.000244140625,0.04150390625
0.0,3.692626953125,-4.40216064453125,-1.4801025390625,-0.01953125,0.996826171875,0.0419921875
0.0,3.6773681640625,-4.425048828125,-1.36566162109375,-0.0205078125,0.993896484375,0.041015625
0.0,3.6773681640625,-4.40216064453125,-1.28936767578125,-0.02001953125,0.991455078125,0.040771484375
0.0,3.65447998046875,-4.32586669921875,-1.25885009765625,-0.01904296875,0.988037109375,0.040283203125
0.0,3.63922119140625,-4.241943359375,-1.22833251953125,-0.018798828125,0.988037109375,0.038818359375
0.0,3.6468505859375,-4.20379638671875,-1.2054443359375,-0.01953125,0.989990234375,0.038818359375
0.0,3.56292724609375,-4.17327880859375,-1.0986328125,-0.021240234375,0.993896484375,0.0390625
0.0,3.51715087890625,-4.12750244140625,-0.9002685546875,-0.0205078125,0.998291015625,0.03955078125
0.0,3.45611572265625,-4.0740966796875,-0.69427490234375,-0.020263671875,1.002685546875,0.039306640625
0.0,3.35693359375,-4.02069091796875,-0.6561279296875,-0.02001953125,1.007080078125,0.038818359375
0.0,3.265380859375,-3.92913818359375,-0.5645751953125,-0.0205078125,1.011474609375,0.0390625
0.0,3.1585693359375,-3.88336181640625,-0.30517578125,-0.0224609375,1.01416015625,0.0380859375
0.0,3.05938720703125,-3.85284423828125,0.030517578125,-0.02197265625,1.01416015625,0.03759765625
0.0,2.95257568359375,-3.82232666015625,0.28228759765625,-0.021728515625,1.01220703125,0.037109375
0.0,2.8076171875,-3.7384033203125,0.46539306640625,-0.02099609375,1.009521484375,0.037109375
0.0,2.67791748046875,-3.6468505859375,0.67901611328125,-0.021240234375,1.005615234375,0.036865234375
0.0,2.52532958984375,-3.631591796875,0.91552734375,-0.021240234375,1.001220703125,0.037353515625
0.0,2.40325927734375,-3.60107421875,1.1138916015625,-0.020751953125,0.99853515625,0.03662109375
0.0,2.2430419921875,-3.5247802734375,1.2664794921875,-0.020263671875,0.9951171875,0.0361328125
0.0,2.11334228515625,-3.41796875,1.40380859375,-0.01953125,0.994140625,0.0361328125
0.0,1.97601318359375,-3.36456298828125,1.45721435546875,-0.019287109375,0.994384765625,0.036376953125
0.0,1.861572265625,-3.30352783203125,1.48773193359375,-0.01904296875,0.9970703125,0.0361328125
0.0,1.617431640625,-3.24249267578125,1.617431640625,-0.019287109375,1.002685546875,0.03662109375
0.0,1.495361328125,-3.173828125,1.6326904296875,-0.018310546875,1.005859375,0.03662109375
0.0,1.3580322265625,-3.0975341796875,1.6326904296875,-0.018310546875,1.00927734375,0.037109375
0.0,1.220703125,-3.01361083984375,1.62506103515625,-0.018798828125,1.012939453125,0.036865234375
0.0,1.09100341796875,-2.95257568359375,1.6326904296875,-0.018798828125,1.013427734375,0.037353515625
0.0,0.9765625,-2.89154052734375,1.62506103515625,-0.0185546875,1.012939453125,0.037841796875
0.0,0.8087158203125,-2.83050537109375,1.57928466796875,-0.017578125,1.010009765625,0.037841796875
0.0,0.732421875,-2.74658203125,1.44195556640625,-0.016845703125,1.006103515625,0.0380859375
0.0,0.63323974609375,-2.67791748046875,1.25885009765625,-0.015869140625,1.002197265625,0.0380859375
0.0,0.55694580078125,-2.6397705078125,1.09100341796875,-0.01611328125,0.99755859375,0.0380859375
0.0,0.46539306640625,-2.5787353515625,0.89263916015625,-0.01513671875,0.99365234375,0.0380859375
0.0,0.396728515625,-2.5177001953125,0.64849853515625,-0.015380859375,0.99072265625,0.03857421875
0.0,0.38909912109375,-2.41851806640625,0.42724609375,-0.01611328125,0.989990234375,0.038818359375
0.0,0.35858154296875,-2.32696533203125,0.1983642578125,-0.016357421875,0.990234375,0.0400390625
0.0,0.32806396484375,-2.25830078125,-0.0152587890625,-0.01611328125,0.99267578125,0.039306640625
0.0,0.31280517578125,-2.1820068359375,-0.14495849609375,-0.016357421875,0.99609375,0.039794921875
0.0,0.32806396484375,-2.1209716796875,-0.25177001953125,-0.016357421875,0.99853515625,0.0400390625
0.0,0.3204345703125,-2.08282470703125,-0.37384033203125,-0.016357421875,1.00244140625,0.041015625
0.0,0.34332275390625,-1.99127197265625,-0.52642822265625,-0.016357421875,1.004150390625,0.041015625
0.0,0.396728515625,-1.91497802734375,-0.640869140625,-0.017333984375,1.0048828125,0.042236328125
0.0,0.42724609375,-1.82342529296875,-0.7476806640625,-0.017578125,1.00439453125,0.0419921875
0.0,0.51116943359375,-1.76239013671875,-0.87738037109375,-0.017578125,1.0029296875,0.0419921875
0.0,0.55694580078125,-1.68609619140625,-1.007080078125,-0.017333984375,0.998291015625,0.04248046875
0.0,0.6256103515625,-1.617431640625,-1.07574462890625,-0.017578125,0.994873046875,0.042236328125
0.0,0.701904296875,-1.556396484375,-1.12152099609375,-0.017333984375,0.9912109375,0.042236328125
0.0,0.83160400390625,-1.47247314453125,-1.129150390625,-0.018310546875,0.98681640625,0.043212890625
0.0,0.93841552734375,-1.41143798828125,-1.09100341796875,-0.0185546875,0.98486328125,0.04345703125
0.0,1.068115234375,-1.31988525390625,-1.03759765625,-0.019287109375,0.984130859375,0.04296875
0.0,1.21307373046875,-1.24359130859375,-0.9307861328125,-0.01953125,0.984130859375,0.043212890625
0.0,1.28173828125,-1.15966796875,-0.7476806640625,-0.01953125,0.987060546875,0.043212890625
0.0,1.41143798828125,-1.09100341796875,-0.60272216796875,-0.020263671875,0.989501953125,0.043701171875
0.0,1.59454345703125,-1.02996826171875,-0.40435791015625,-0.020263671875,0.992431640625,0.044677734375
0.0,1.708984375,-0.9307861328125,-0.23651123046875,-0.0205078125,0.99609375,0.044677734375
0.0,1.86920166015625,-0.83160400390625,-0.08392333984375,-0.020263671875,0.998046875,0.04443359375
0.0,1.99127197265625,-0.77056884765625,0.06866455078125,-0.020263671875,0.998779296875,0.044921875
0.0,2.14385986328125,-0.7171630859375,0.22125244140625,-0.0205078125,1.000244140625,0.044677734375
0.0,2.29644775390625,-0.61798095703125,0.41961669921875,-0.019775390625,0.999755859375,0.044921875
0.0,2.410888671875,-0.54931640625,0.5950927734375,-0.02001953125,0.9970703125,0.04443359375
0.0,2.57110595703125,-0.4730224609375,0.75531005859375,-0.019775390625,0.993896484375,0.0439453125
0.0,2.7008056640625,-0.4119873046875,0.9613037109375,-0.020263671875,0.989990234375,0.0439453125
0.0,2.8228759765625,-0.31280517578125,1.1444091796875,-0.021240234375,0.98779296875,0.04345703125
0.0,2.93731689453125,-0.2288818359375,1.36566162109375,-0.019775390625,0.98583984375,0.04345703125
0.0,3.0517578125,-0.16021728515625,1.5411376953125,-0.019287109375,0.984375,0.042724609375
0.0,3.16619873046875,-0.09918212890625,1.68609619140625,-0.01953125,0.98583984375,0.04296875
0.0,3.30352783203125,0.0,1.7852783203125,-0.019287109375,0.9873046875,0.042724609375
0.0,3.36456298828125,0.091552734375,1.861572265625,-0.01904296875,0.990478515625,0.043212890625
0.0,3.47900390625,0.152587890625,1.88446044921875,-0.0185546875,0.994384765625,0.042236328125
0.0,3.509521484375,0.213623046875,1.88446044921875,-0.017578125,0.99853515625,0.042236328125
0.0,3.59344482421875,0.29754638671875,1.8157958984375,-0.01708984375,1.00146484375,0.0419921875
0.0,3.63922119140625,0.38909912109375,1.7547607421875,-0.017578125,1.00341796875,0.04150390625
0.0,3.692626953125,0.48065185546875,1.678466796875,-0.01708984375,1.00439453125,0.041015625
0.0,3.71551513671875,0.5645751953125,1.62506103515625,-0.017333984375,1.00390625,0.041015625
0.0,3.71551513671875,0.63323974609375,1.52587890625,-0.017578125,1.0029296875,0.04052734375
0.0,3.73077392578125,0.7171630859375,1.434326171875,-0.016845703125,1.0,0.040283203125
0.0,3.68499755859375,0.78582763671875,1.3427734375,-0.01708984375,0.997314453125,0.0400390625
0.0,3.66973876953125,0.87738037109375,1.220703125,-0.016845703125,0.994873046875,0.039794921875
0.0,3.6468505859375,0.946044921875,1.0986328125,-0.01611328125,0.992919921875,0.03857421875
0.0,3.62396240234375,1.04522705078125,0.91552734375,-0.015869140625,0.991943359375,0.03857421875
0.0,3.570556640625,1.129150390625,0.732421875,-0.01611328125,0.992919921875,0.038330078125
0.0,3.50189208984375,1.21307373046875,0.51116943359375,-0.015869140625,0.994140625,0.0380859375
0.0,3.41033935546875,1.31988525390625,0.1678466796875,-0.015380859375,0.9990234375,0.03759765625
0.0,3.326416015625,1.39617919921875,-0.0152587890625,-0.016357421875,1.00244140625,0.037841796875
0.0,3.22723388671875,1.45721435546875,-0.19073486328125,-0.01611328125,1.005615234375,0.037841796875
0.0,3.10516357421875,1.52587890625,-0.3204345703125,-0.016845703125,1.0087890625,0.037841796875
0.0,3.0059814453125,1.5869140625,-0.457763671875,-0.01708984375,1.010498046875,0.037353515625
0.0,2.87628173828125,1.678466796875,-0.4730224609375,-0.01806640625,1.0107421875,0.036865234375
0.0,2.78472900390625,1.76239013671875,-0.5340576171875,-0.017822265625,1.00927734375,0.037841796875
0.0,2.61688232421875,1.8310546875,-0.54168701171875,-0.01806640625,1.006591796875,0.037109375
0.0,2.47955322265625,1.89971923828125,-0.58746337890625,-0.0185546875,1.00439453125,0.03662109375
0.0,2.38800048828125,1.97601318359375,-0.58746337890625,-0.0185546875,1.00146484375,0.036865234375
0.0,2.25830078125,2.0599365234375,-0.6103515625,-0.018798828125,0.998779296875,0.037109375
0.0,2.13623046875,2.11334228515625,-0.6103515625,-0.01806640625,0.9970703125,0.03662109375
0.0,2.01416015625,2.197265625,-0.55694580078125,-0.018310546875,0.99609375,0.037109375
0.0,1.89208984375,2.25830078125,-0.5340576171875,-0.018798828125,0.9970703125,0.03662109375
0.0,1.77764892578125,2.3193359375,-0.4425048828125,-0.019287109375,0.998046875,0.037353515625
0.0,1.70135498046875,2.349853515625,-0.335693359375,-0.02001953125,1.0,0.036865234375
0.0,1.57928466796875,2.44903564453125,-0.1983642578125,-0.01953125,1.002685546875,0.036865234375
0.0,1.46484375,2.50244140625,0.0,-0.0205078125,1.00537109375,0.03759765625
0.0,1.36566162109375,2.593994140625,0.1983642578125,-0.020751953125,1.0078125,0.03759765625
0.0,1.27410888671875,2.63214111328125,0.40435791015625,-0.020751953125,1.008544921875,0.0380859375
0.0,1.190185546875,2.685546875,0.63323974609375,-0.020263671875,1.0087890625,0.038330078125
0.0,1.129150390625,2.7313232421875,0.78582763671875,-0.020751953125,1.007080078125,0.0390625
0.0,1.068115234375,2.7618408203125,0.98419189453125,-0.0205078125,1.004638671875,0.039306640625
0.0,0.99945068359375,2.838134765625,1.13677978515625,-0.020263671875,1.00244140625,0.03857421875
0.0,0.98419189453125,2.899169921875,1.25885009765625,-0.019775390625,0.998046875,0.039306640625
0.0,0.9613037109375,2.98309326171875,1.39617919921875,-0.019775390625,0.994140625,0.03955078125
0.0,0.93841552734375,2.98309326171875,1.4801025390625,-0.019775390625,0.99267578125,0.03955078125
0.0,0.93841552734375,3.05938720703125,1.5869140625,-0.019775390625,0.990966796875,0.03955078125
0.0,0.93841552734375,3.11279296875,1.65557861328125,-0.019287109375,0.99072265625,0.039794921875
0.0,0.946044921875,3.15093994140625,1.79290771484375,-0.019775390625,0.991455078125,0.0400390625
0.0,0.9765625,3.18145751953125,1.88446044921875,-0.019775390625,0.994384765625,0.04052734375
0.0,1.0223388671875,3.23486328125,1.96075439453125,-0.02001953125,0.995849609375,0.04150390625
0.0,1.0528564453125,3.2958984375,1.97601318359375,-0.01953125,0.997802734375,0.041748046875
0.0,1.12152099609375,3.33404541015625,2.00653076171875,-0.01904296875,0.999755859375,0.042236328125
0.0,1.2054443359375,3.3721923828125,1.99127197265625,-0.018310546875,1.000732421875,0.041748046875
0.0,1.28936767578125,3.41033935546875,1.9378662109375,-0.018310546875,1.0009765625,0.042236328125
0.0,1.3580322265625,3.448486328125,1.8310546875,-0.01806640625,1.00048828125,0.04248046875
0.0,1.44195556640625,3.4942626953125,1.678466796875,-0.017578125,0.997802734375,0.04345703125
0.0,1.5411376953125,3.53240966796875,1.56402587890625,-0.016845703125,0.994873046875,0.042724609375
0.0,1.6326904296875,3.56292724609375,1.38092041015625,-0.01708984375,0.9921875,0.042724609375
0.0,1.77764892578125,3.59344482421875,1.24359130859375,-0.017333984375,0.989501953125,0.04345703125
0.0,1.88446044921875,3.6468505859375,1.09100341796875,-0.01708984375,0.987548828125,0.04248046875
0.0,2.00653076171875,3.68499755859375,0.9765625,-0.01708984375,0.98583984375,0.043212890625
0.0,2.1209716796875,3.753662109375,0.84686279296875,-0.01806640625,0.985595703125,0.04345703125
0.0,2.227783203125,3.74603271484375,0.6866455078125,-0.017822265625,0.98681640625,0.04345703125
0.0,2.37274169921875,3.77655029296875,0.5950927734375,-0.017578125,0.98876953125,0.04345703125
0.0,2.471923828125,3.814697265625,0.43487548828125,-0.017333984375,0.9912109375,0.043212890625
0.0,2.61688232421875,3.84521484375,0.29754638671875,-0.017822265625,0.9931640625,0.04345703125
0.0,2.7313232421875,3.8909912109375,0.1373291015625,-0.01708984375,0.995849609375,0.043701171875
0.0,2.838134765625,3.9215087890625,-0.02288818359375,-0.017333984375,0.998291015625,0.043212890625
0.0,2.95257568359375,3.94439697265625,-0.14495849609375,-0.017822265625,0.999267578125,0.04296875
0.0,3.0517578125,3.9825439453125,-0.29754638671875,-0.01806640625,0.99853515625,0.04345703125
0.0,3.18145751953125,3.99017333984375,-0.3814697265625,-0.01904296875,0.9970703125,0.04345703125
0.0,3.28826904296875,4.02069091796875,-0.43487548828125,-0.01953125,0.996337890625,0.043212890625
0.0,3.34930419921875,4.03594970703125,-0.38909912109375,-0.01904296875,0.993896484375,0.04248046875
0.0,3.4637451171875,4.08172607421875,-0.37384033203125,-0.02001953125,0.99169921875,0.0419921875
0.0,3.51715087890625,4.09698486328125,-0.32806396484375,-0.0205078125,0.98974609375,0.04150390625
0.0,3.57818603515625,4.08172607421875,-0.244140625,-0.02001953125,0.98876953125,0.041259765625
0.0,3.6773681640625,4.150390625,-0.152587890625,-0.02001953125,0.989501953125,0.041259765625
0.0,3.753662109375,4.17327880859375,-0.0457763671875,-0.0205078125,0.99072265625,0.04150390625
0.0,3.7841796875,4.17327880859375,0.091552734375,-0.020751953125,0.99365234375,0.041015625
0.0,3.7994384765625,4.1961669921875,0.16021728515625,-0.020751953125,0.9970703125,0.040771484375
0.0,3.80706787109375,4.241943359375,0.26702880859375,-0.02099609375,0.999755859375,0.040771484375
0.0,3.7994384765625,4.24957275390625,0.37384033203125,-0.021240234375,1.002197265625,0.04052734375
0.0,3.7841796875,4.2572021484375,0.5340576171875,-0.02197265625,1.0048828125,0.039794921875
0.0,3.7841796875,4.2724609375,0.70953369140625,-0.02197265625,1.005126953125,0.03955078125
0.0,3.753662109375,4.28009033203125,0.90789794921875,-0.022216796875,1.00439453125,0.039306640625
0.0,3.7384033203125,4.2877197265625,1.1138916015625,-0.02197265625,1.004638671875,0.03955078125
0.0,3.662109375,4.2877197265625,1.24359130859375,-0.02197265625,1.0029296875,0.038818359375
0.0,3.6163330078125,4.31060791015625,1.434326171875,-0.021728515625,1.000732421875,0.038330078125
0.0,3.5247802734375,4.302978515625,1.6021728515625,-0.022216796875,0.997802734375,0.038818359375
0.0,3.4637451171875,4.33349609375,1.70135498046875,-0.02197265625,0.996826171875,0.037841796875
0.0,3.39508056640625,4.364013671875,1.77764892578125,-0.0205078125,0.996826171875,0.037841796875
0.0,3.2958984375,4.364013671875,1.85394287109375,-0.02001953125,0.996826171875,0.037353515625
0.0,3.21197509765625,4.364013671875,1.922607421875,-0.02001953125,0.998046875,0.037841796875
0.0,3.08990478515625,4.3487548828125,1.91497802734375,-0.02001953125,0.999755859375,0.03759765625
0.0,2.99835205078125,4.38690185546875,1.922607421875,-0.020263671875,1.002197265625,0.037109375
0.0,2.89154052734375,4.39453125,1.93023681640625,-0.020263671875,1.005126953125,0.037109375
0.0,2.76947021484375,4.41741943359375,1.88446044921875,-0.02001953125,1.006591796875,0.037109375
0.0,2.685546875,4.39453125,1.88446044921875,-0.01953125,1.0087890625,0.037109375
0.0,2.55584716796875,4.3792724609375,1.83868408203125,-0.019775390625,1.00927734375,0.037353515625
0.0,2.43377685546875,4.38690185546875,1.800537109375,-0.019287109375,1.0087890625,0.037353515625
0.0,2.28118896484375,4.38690185546875,1.76239013671875,-0.01904296875,1.007568359375,0.037109375
0.0,2.20489501953125,4.3792724609375,1.62506103515625,-0.01904296875,1.00537109375,0.037109375
0.0,2.0599365234375,4.3792724609375,1.51824951171875,-0.018798828125,1.00244140625,0.037353515625
0.0,1.97601318359375,4.40216064453125,1.3580322265625,-0.0185546875,1.000732421875,0.036865234375
0.0,1.8768310546875,4.38690185546875,1.16729736328125,-0.018310546875,0.998046875,0.036865234375
0.0,1.73187255859375,4.38690185546875,0.98419189453125,-0.017822265625,0.996337890625,0.037353515625
0.0,1.6632080078125,4.39453125,0.80108642578125,-0.0185546875,0.99658203125,0.037841796875
0.0,1.556396484375,4.4097900390625,0.6561279296875,-0.018798828125,0.997314453125,0.037353515625
0.0,1.47247314453125,4.38690185546875,0.51116943359375,-0.01806640625,0.998291015625,0.037353515625
0.0,1.41143798828125,4.37164306640625,0.3662109375,-0.01904296875,1.000732421875,0.037353515625
0.0,1.33514404296875,4.37164306640625,0.2593994140625,-0.01953125,1.002197265625,0.0380859375
0.0,1.25885009765625,4.364013671875,0.152587890625,-0.01904296875,1.003662109375,0.038330078125
0.0,1.190185546875,4.3487548828125,0.08392333984375,-0.01904296875,1.0048828125,0.038818359375
0.0,1.13677978515625,4.364013671875,0.02288818359375,-0.019775390625,1.0048828125,0.03857421875
0.0,1.09100341796875,4.364013671875,-0.05340576171875,-0.02001953125,1.00439453125,0.03955078125
0.0,1.07574462890625,4.33349609375,-0.12969970703125,-0.01953125,1.0029296875,0.039306640625
0.0,1.09100341796875,4.33349609375,-0.1678466796875,-0.019775390625,1.0009765625,0.03955078125
0.0,1.02996826171875,4.3182373046875,-0.22125244140625,-0.02001953125,0.997802734375,0.040771484375
0.0,1.06048583984375,4.29534912109375,-0.26702880859375,-0.019775390625,0.994873046875,0.040771484375
0.0,1.02996826171875,4.28009033203125,-0.25177001953125,-0.020751953125,0.993408203125,0.04052734375
0.0,1.07574462890625,4.2724609375,-0.23651123046875,-0.0205078125,0.9921875,0.0400390625
0.0,1.1138916015625,4.24957275390625,-0.12969970703125,-0.02099609375,0.991943359375,0.040283203125
0.0,1.15966796875,4.2572021484375,-0.03814697265625,-0.021728515625,0.99169921875,0.041259765625
0.0,1.1749267578125,4.23431396484375,0.0762939453125,-0.02197265625,0.99267578125,0.0419921875
0.0,1.25885009765625,4.1961669921875,0.2288818359375,-0.022216796875,0.99365234375,0.04248046875
0.0,1.30462646484375,4.17327880859375,0.34332275390625,-0.021728515625,0.995361328125,0.041748046875
0.0,1.41143798828125,4.1656494140625,0.49591064453125,-0.0224609375,0.99755859375,0.04248046875
0.0,1.46484375,4.150390625,0.640869140625,-0.021484375,0.998779296875,0.042724609375
0.0,1.53350830078125,4.12750244140625,0.80108642578125,-0.02197265625,0.998779296875,0.042724609375
0.0,1.6326904296875,4.11224365234375,0.90789794921875,-0.021728515625,0.998779296875,0.043212890625
0.0,1.7242431640625,4.058837890625,0.99945068359375,-0.021240234375,0.997802734375,0.043701171875
0.0,1.83868408203125,4.08172607421875,1.1444091796875,-0.022216796875,0.995849609375,0.04296875
0.0,1.89971923828125,4.03594970703125,1.251220703125,-0.021728515625,0.993408203125,0.04296875
0.0,2.0294189453125,4.00543212890625,1.39617919921875,-0.0224609375,0.99169921875,0.04345703125
0.0,2.15911865234375,3.99017333984375,1.5106201171875,-0.0224609375,0.990234375,0.042724609375
0.0,2.25830078125,3.94439697265625,1.6326904296875,-0.022216796875,0.9892578125,0.041748046875
0.0,2.349853515625,3.94439697265625,1.7547607421875,-0.021728515625,0.98876953125,0.04296875
0.0,2.47955322265625,3.92913818359375,1.8463134765625,-0.021484375,0.9892578125,0.043212890625
0.0,2.61688232421875,3.88336181640625,1.93023681640625,-0.02099609375,0.9912109375,0.042236328125
0.0,2.73895263671875,3.875732421875,1.9683837890625,-0.02001953125,0.992919921875,0.04296875
0.0,2.83050537109375,3.85284423828125,1.922607421875,-0.0205078125,0.994873046875,0.043212890625
0.0,2.92205810546875,3.7994384765625,1.86920166015625,-0.0205078125,0.996826171875,0.042724609375
0.0,3.01361083984375,3.79180908203125,1.8157958984375,-0.01953125,0.998046875,0.04248046875
0.0,3.08990478515625,3.76129150390625,1.71661376953125,-0.019775390625,0.999267578125,0.042724609375
0.0,3.18145751953125,3.7078857421875,1.60980224609375,-0.019775390625,0.9990234375,0.04248046875
0.0,3.2501220703125,3.7078857421875,1.5106201171875,-0.019775390625,0.998291015625,0.04248046875
0.0,3.31878662109375,3.66973876953125,1.42669677734375,-0.01953125,0.9970703125,0.041748046875
0.0,3.3721923828125,3.6163330078125,1.33514404296875,-0.019775390625,0.995849609375,0.041748046875
0.0,3.41033935546875,3.60870361328125,1.25885009765625,-0.020263671875,0.99462890625,0.041259765625
0.0,3.45611572265625,3.60107421875,1.13677978515625,-0.020263671875,0.9931640625,0.04150390625
0.0,3.42559814453125,3.5858154296875,0.95367431640625,-0.019287109375,0.992431640625,0.04052734375
0.0,3.47900390625,3.53240966796875,0.81634521484375,-0.019287109375,0.99267578125,0.040283203125
0.0,3.48663330078125,3.51715087890625,0.67138671875,-0.01904296875,0.993408203125,0.0400390625
0.0,3.45611572265625,3.47137451171875,0.5035400390625,-0.018798828125,0.994873046875,0.039306640625
0.0,3.47900390625,3.4332275390625,0.335693359375,-0.01904296875,0.9970703125,0.039794921875
0.0,3.47137451171875,3.41033935546875,0.17547607421875,-0.018798828125,0.99951171875,0.03955078125
0.0,3.42559814453125,3.3721923828125,0.0457763671875,-0.01904296875,1.001708984375,0.03955078125
0.0,3.4027099609375,3.36456298828125,-0.06866455078125,-0.01953125,1.003662109375,0.039306640625
0.0,3.33404541015625,3.326416015625,-0.1983642578125,-0.020263671875,1.00390625,0.038818359375
0.0,3.265380859375,3.326416015625,-0.213623046875,-0.020263671875,1.0048828125,0.038818359375
0.0,3.1890869140625,3.27301025390625,-0.22125244140625,-0.020751953125,1.004638671875,0.038818359375
0.0,3.10516357421875,3.2196044921875,-0.25177001953125,-0.021240234375,1.003662109375,0.03857421875
0.0,3.07464599609375,3.18145751953125,-0.23651123046875,-0.0205078125,1.00146484375,0.03759765625
0.0,2.95257568359375,3.15093994140625,-0.1983642578125,-0.020751953125,1.0009765625,0.038330078125
0.0,2.838134765625,3.143310546875,-0.20599365234375,-0.02099609375,0.999755859375,0.038330078125
0.0,2.76947021484375,3.08990478515625,-0.17547607421875,-0.021484375,0.99853515625,0.037841796875
0.0,2.66265869140625,3.02886962890625,-0.1678466796875,-0.021240234375,0.997802734375,0.037109375
0.0,2.5634765625,3.01361083984375,-0.08392333984375,-0.021728515625,0.998291015625,0.037109375
0.0,2.471923828125,2.99835205078125,-0.030517578125,-0.022216796875,0.99951171875,0.037353515625
0.0,2.38037109375,2.960205078125,0.02288818359375,-0.022216796875,1.00146484375,0.037353515625
0.0,2.288818359375,2.90679931640625,0.1678466796875,-0.022705078125,1.003173828125,0.036865234375
0.0,2.14385986328125,2.8839111328125,0.32806396484375,-0.022705078125,1.004638671875,0.03759765625
0.0,2.06756591796875,2.8533935546875,0.48828125,-0.022705078125,1.007080078125,0.037841796875
0.0,1.9378662109375,2.81524658203125,0.6256103515625,-0.022705078125,1.007080078125,0.0380859375
0.0,1.82342529296875,2.777099609375,0.78582763671875,-0.022705078125,1.00634765625,0.037353515625
0.0,1.6937255859375,2.7313232421875,0.96893310546875,-0.0224609375,1.00634765625,0.037353515625
0.0,1.617431640625,2.69317626953125,1.068115234375,-0.0224609375,1.005615234375,0.037841796875
0.0,1.52587890625,2.655029296875,1.2054443359375,-0.0224609375,1.0029296875,0.037353515625
0.0,1.42669677734375,2.6092529296875,1.2664794921875,-0.021728515625,1.0009765625,0.0380859375
0.0,1.33514404296875,2.57110595703125,1.33514404296875,-0.021728515625,0.99951171875,0.038330078125
0.0,1.27410888671875,2.532958984375,1.434326171875,-0.02197265625,0.997802734375,0.038818359375
0.0,1.18255615234375,2.4871826171875,1.45721435546875,-0.0224609375,0.996337890625,0.037841796875
0.0,1.13677978515625,2.44903564453125,1.51824951171875,-0.0224609375,0.99658203125,0.03857421875
0.0,1.07574462890625,2.40325927734375,1.54876708984375,-0.021240234375,0.997802734375,0.038818359375
0.0,1.03759765625,2.349853515625,1.5716552734375,-0.020751953125,0.99853515625,0.03955078125
0.0,0.9918212890625,2.32696533203125,1.617431640625,-0.0205078125,0.999755859375,0.03955078125
0.0,0.95367431640625,2.28118896484375,1.6326904296875,-0.0205078125,1.0009765625,0.039794921875
0.0,0.91552734375,2.23541259765625,1.5716552734375,-0.02099609375,1.001708984375,0.039794921875
0.0,0.9002685546875,2.2125244140625,1.52587890625,-0.02099609375,1.002685546875,0.039306640625
0.0,0.9002685546875,2.166748046875,1.48773193359375,-0.02001953125,1.001708984375,0.040283203125
0.0,0.91552734375,2.13623046875,1.38092041015625,-0.020263671875,1.000732421875,0.04052734375
0.0,0.9307861328125,2.0904541015625,1.2359619140625,-0.019287109375,0.999755859375,0.041015625
0.0,0.95367431640625,2.0294189453125,1.07574462890625,-0.019287109375,0.99755859375,0.041015625
0.0,0.99945068359375,1.99127197265625,0.946044921875,-0.01904296875,0.995849609375,0.041015625
0.0,1.0528564453125,1.9683837890625,0.8087158203125,-0.01953125,0.993408203125,0.04150390625
0.0,1.06048583984375,1.922607421875,0.66375732421875,-0.019775390625,0.992919921875,0.041259765625
0.0,1.129150390625,1.88446044921875,0.54168701171875,-0.02001953125,0.99169921875,0.0419921875
0.0,1.190185546875,1.86920166015625,0.45013427734375,-0.020263671875,0.99072265625,0.042236328125
0.0,1.28173828125,1.77001953125,0.26702880859375,-0.019775390625,0.99267578125,0.042236328125
0.0,1.39617919921875,1.7242431640625,0.16021728515625,-0.019775390625,0.9931640625,0.0419921875
0.0,1.46484375,1.678466796875,0.0457763671875,-0.01953125,0.994384765625,0.04296875
0.0,1.53350830078125,1.6632080078125,-0.05340576171875,-0.01953125,0.9951171875,0.043701171875
0.0,1.65557861328125,1.60980224609375,-0.1678466796875,-0.02001953125,0.996337890625,0.04296875
0.0,1.70135498046875,1.5716552734375,-0.28228759765625,-0.02001953125,0.997314453125,0.043212890625
0.0,1.82342529296875,1.5106201171875,-0.3814697265625,-0.01953125,0.99755859375,0.04296875
0.0,1.89971923828125,1.4801025390625,-0.4119873046875,-0.02099609375,0.99658203125,0.042724609375
0.0,1.9989013671875,1.42669677734375,-0.43487548828125,-0.0205078125,0.995361328125,0.043212890625
0.0,2.0904541015625,1.39617919921875,-0.46539306640625,-0.020751953125,0.993896484375,0.042724609375
0.0,2.20489501953125,1.35040283203125,-0.457763671875,-0.021728515625,0.9931640625,0.04248046875
0.0,2.29644775390625,1.33514404296875,-0.396728515625,-0.02197265625,0.9912109375,0.042724609375
0.0,2.35748291015625,1.251220703125,-0.3509521484375,-0.02197265625,0.99072265625,0.0419921875
0.0,2.4566650390625,1.21307373046875,-0.2593994140625,-0.022216796875,0.99072265625,0.04248046875
0.0,2.55584716796875,1.18255615234375,-0.16021728515625,-0.022216796875,0.990966796875,0.042236328125
0.0,2.62451171875,1.129150390625,-0.05340576171875,-0.022216796875,0.991943359375,0.0419921875
0.0,2.72369384765625,1.1138916015625,0.02288818359375,-0.022216796875,0.9931640625,0.04296875
0.0,2.78472900390625,1.04522705078125,0.091552734375,-0.021240234375,0.99462890625,0.04248046875
0.0,2.83050537109375,1.007080078125,0.19073486328125,-0.021728515625,0.9970703125,0.042236328125
0.0,2.87628173828125,0.9613037109375,0.2593994140625,-0.0224609375,0.998779296875,0.04248046875
0.0,2.9296875,0.946044921875,0.3814697265625,-0.0224609375,0.999267578125,0.041748046875
0.0,2.96783447265625,0.8697509765625,0.49591064453125,-0.02294921875,0.999755859375,0.04150390625
0.0,2.99835205078125,0.8544921875,0.640869140625,-0.0224609375,0.99951171875,0.041259765625
0.0,3.02886962890625,0.81634521484375,0.7476806640625,-0.02197265625,0.9990234375,0.041015625
0.0,3.07464599609375,0.7781982421875,0.90789794921875,-0.02294921875,0.99853515625,0.041015625
0.0,3.04412841796875,0.75531005859375,0.9918212890625,-0.022216796875,0.997314453125,0.04052734375
0.0,3.04412841796875,0.701904296875,1.129150390625,-0.021484375,0.99560546875,0.040283203125
0.0,3.04412841796875,0.66375732421875,1.2054443359375,-0.021728515625,0.995361328125,0.0400390625
0.0,3.05938720703125,0.6103515625,1.27410888671875,-0.02099609375,0.99560546875,0.040283203125
0.0,3.02886962890625,0.55694580078125,1.31988525390625,-0.02099609375,0.99609375,0.0400390625
0.0,2.99835205078125,0.518798828125,1.2969970703125,-0.02099609375,0.99755859375,0.039794921875
0.0,2.95257568359375,0.48065185546875,1.28173828125,-0.0205078125,0.999267578125,0.039306640625
0.0,2.92205810546875,0.457763671875,1.2664794921875,-0.020263671875,1.0,0.03857421875
0.0,2.87628173828125,0.43487548828125,1.2054443359375,-0.020751953125,1.00146484375,0.03857421875
0.0,2.8228759765625,0.40435791015625,1.15966796875,-0.020263671875,1.00341796875,0.0390625
0.0,2.74658203125,0.3509521484375,1.129150390625,-0.020751953125,1.004150390625,0.039306640625
0.0,2.69317626953125,0.3204345703125,1.068115234375,-0.020751953125,1.0048828125,0.038818359375
0.0,2.6092529296875,0.23651123046875,1.007080078125,-0.02099609375,1.004150390625,0.03857421875
0.0,2.51007080078125,0.213623046875,0.92315673828125,-0.020263671875,1.003662109375,0.03857421875
0.0,2.4261474609375,0.20599365234375,0.86212158203125,-0.020263671875,1.002685546875,0.03857421875
0.0,2.3345947265625,0.1678466796875,0.732421875,-0.0205078125,1.00146484375,0.037841796875
0.0,2.2430419921875,0.1220703125,0.57220458984375,-0.01953125,1.000244140625,0.037841796875
0.0,2.15911865234375,0.091552734375,0.43487548828125,-0.01904296875,0.999267578125,0.037841796875
0.0,2.0751953125,0.06103515625,0.30517578125,-0.018798828125,0.998291015625,0.0380859375
0.0,2.02178955078125,0.0152587890625,0.1373291015625,-0.018798828125,0.997802734375,0.0380859375
0.0,1.89208984375,0.0,0.02288818359375,-0.01953125,0.99853515625,0.037841796875
0.0,1.79290771484375,-0.06103515625,-0.1220703125,-0.019775390625,1.0,0.03857421875
0.0,1.7242431640625,-0.09918212890625,-0.23651123046875,-0.020263671875,1.001220703125,0.03759765625
0.0,1.62506103515625,-0.1068115234375,-0.30517578125,-0.020263671875,1.00244140625,0.038330078125
0.0,1.56402587890625,-0.152587890625,-0.3814697265625,-0.0205078125,1.0029296875,0.038818359375
0.0,1.50299072265625,-0.19073486328125,-0.41961669921875,-0.0205078125,1.003173828125,0.038818359375
0.0,1.42669677734375,-0.2288818359375,-0.46539306640625,-0.020751953125,1.00341796875,0.038330078125
0.0,1.3580322265625,-0.274658203125,-0.48828125,-0.0205078125,1.003662109375,0.038330078125
0.0,1.28173828125,-0.32806396484375,-0.54931640625,-0.0205078125,1.00341796875,0.038330078125
0.0,1.24359130859375,-0.3662109375,-0.55694580078125,-0.02099609375,1.001953125,0.0390625
0.0,1.21307373046875,-0.38909912109375,-0.54931640625,-0.021240234375,0.999755859375,0.038818359375
0.0,1.1749267578125,-0.4119873046875,-0.54931640625,-0.021240234375,0.99853515625,0.039306640625
0.0,1.129150390625,-0.48065185546875,-0.58746337890625,-0.021240234375,0.9970703125,0.0390625
0.0,1.0986328125,-0.52642822265625,-0.49591064453125,-0.021484375,0.99609375,0.0390625
0.0,1.0833740234375,-0.52642822265625,-0.43487548828125,-0.021484375,0.99609375,0.039306640625
0.0,1.0528564453125,-0.6103515625,-0.30517578125,-0.02197265625,0.996337890625,0.0400390625
0.0,1.04522705078125,-0.6256103515625,-0.152587890625,-0.02294921875,0.996337890625,0.03955078125
0.0,1.04522705078125,-0.64849853515625,-0.03814697265625,-0.0224609375,0.997802734375,0.040771484375
0.0,1.10626220703125,-0.7171630859375,0.1068115234375,-0.023193359375,0.99853515625,0.04052734375
0.0,1.12152099609375,-0.7476806640625,0.213623046875,-0.023193359375,0.9990234375,0.040771484375
0.0,1.13677978515625,-0.78582763671875,0.35858154296875,-0.022705078125,0.998779296875,0.04150390625
0.0,1.16729736328125,-0.823974609375,0.41961669921875,-0.02197265625,0.998779296875,0.040771484375
0.0,1.220703125,-0.8697509765625,0.518798828125,-0.0224609375,0.99755859375,0.042236328125
0.0,1.28173828125,-0.91552734375,0.5950927734375,-0.02197265625,0.996337890625,0.0419921875
0.0,1.33514404296875,-0.9307861328125,0.701904296875,-0.021728515625,0.995849609375,0.0419921875
0.0,1.38092041015625,-0.98419189453125,0.77056884765625,-0.021484375,0.994384765625,0.042236328125
0.0,1.47247314453125,-1.0223388671875,0.86212158203125,-0.021728515625,0.99365234375,0.0419921875
0.0,1.54876708984375,-1.06048583984375,0.92315673828125,-0.021240234375,0.992431640625,0.0419921875
0.0,1.5869140625,-1.0986328125,0.98419189453125,-0.021728515625,0.9912109375,0.04296875
0.0,1.708984375,-1.1138916015625,1.068115234375,-0.021728515625,0.99169921875,0.04248046875
0.0,1.79290771484375,-1.18255615234375,1.0986328125,-0.020751953125,0.991943359375,0.042236328125
0.0,1.85394287109375,-1.19781494140625,1.13677978515625,-0.0205078125,0.99169921875,0.04248046875
0.0,1.96075439453125,-1.2359619140625,1.1138916015625,-0.0205078125,0.994140625,0.04296875
0.0,2.05230712890625,-1.2969970703125,1.0833740234375,-0.0205078125,0.994384765625,0.042724609375
0.0,2.14385986328125,-1.31988525390625,1.02996826171875,-0.020263671875,0.995361328125,0.04296875
0.0,2.25067138671875,-1.3427734375,0.885009765625,-0.01953125,0.996337890625,0.043212890625
0.0,2.32696533203125,-1.39617919921875,0.81634521484375,-0.019775390625,0.99658203125,0.042724609375
0.0,2.38037109375,-1.434326171875,0.701904296875,-0.01953125,0.996826171875,0.04296875
0.0,2.50244140625,-1.50299072265625,0.5950927734375,-0.02001953125,0.99560546875,0.042724609375
0.0,2.57110595703125,-1.53350830078125,0.49591064453125,-0.02001953125,0.9951171875,0.042236328125
0.0,2.6397705078125,-1.556396484375,0.38909912109375,-0.02001953125,0.993896484375,0.04248046875
0.0,2.716064453125,-1.5869140625,0.274658203125,-0.01953125,0.993408203125,0.04248046875
0.0,2.8076171875,-1.59454345703125,0.20599365234375,-0.019775390625,0.9931640625,0.04150390625
0.0,2.87628173828125,-1.64794921875,0.09918212890625,-0.020263671875,0.992919921875,0.040283203125
0.0,2.95257568359375,-1.64794921875,-0.02288818359375,-0.019775390625,0.9931640625,0.041259765625
0.0,2.98309326171875,-1.6937255859375,-0.14495849609375,-0.019775390625,0.9931640625,0.04150390625
0.0,3.0059814453125,-1.739501953125,-0.2593994140625,-0.01904296875,0.994140625,0.04150390625
0.0,3.04412841796875,-1.77001953125,-0.34332275390625,-0.01953125,0.99560546875,0.041015625
0.0,3.12042236328125,-1.8157958984375,-0.457763671875,-0.01953125,0.9970703125,0.041748046875
0.0,3.12042236328125,-1.83868408203125,-0.60272216796875,-0.019775390625,0.998779296875,0.04150390625
0.0,3.15093994140625,-1.861572265625,-0.64849853515625,-0.02099609375,0.9990234375,0.041259765625
0.0,3.15093994140625,-1.9073486328125,-0.69427490234375,-0.020751953125,1.0,0.04052734375
0.0,3.18145751953125,-1.94549560546875,-0.70953369140625,-0.0205078125,1.0,0.040283203125
0.0,3.16619873046875,-1.9683837890625,-0.701904296875,-0.0205078125,0.99951171875,0.040283203125
0.0,3.13568115234375,-2.02178955078125,-0.70953369140625,-0.0205078125,1.0,0.0400390625
0.0,3.12042236328125,-2.03704833984375,-0.64849853515625,-0.021728515625,0.998779296875,0.040283203125
0.0,3.10516357421875,-2.0751953125,-0.5645751953125,-0.021728515625,0.99853515625,0.03955078125
0.0,3.05938720703125,-2.1209716796875,-0.518798828125,-0.021728515625,0.99755859375,0.0390625
0.0,3.0364990234375,-2.14385986328125,-0.46539306640625,-0.021484375,0.997802734375,0.0390625
0.0,3.0059814453125,-2.15911865234375,-0.41961669921875,-0.0205078125,0.99755859375,0.03955078125
0.0,2.99835205078125,-2.20489501953125,-0.34332275390625,-0.021484375,0.998046875,0.03857421875
0.0,2.9144287109375,-2.2430419921875,-0.26702880859375,-0.021484375,0.9990234375,0.038818359375
0.0,2.86102294921875,-2.29644775390625,-0.20599365234375,-0.022216796875,1.000244140625,0.03857421875
0.0,2.7923583984375,-2.3040771484375,-0.1068115234375,-0.02294921875,1.000732421875,0.037841796875
0.0,2.7618408203125,-2.34222412109375,0.0152587890625,-0.022216796875,1.001953125,0.038330078125
0.0,2.685546875,-2.38037109375,0.152587890625,-0.022216796875,1.002685546875,0.037841796875
0.0,2.6092529296875,-2.40325927734375,0.32806396484375,-0.022216796875,1.00390625,0.037841796875
0.0,2.50244140625,-2.44140625,0.40435791015625,-0.02294921875,1.00439453125,0.03857421875
0.0,2.46429443359375,-2.4871826171875,0.55694580078125,-0.022216796875,1.003173828125,0.037841796875
0.0,2.34222412109375,-2.5177001953125,0.6561279296875,-0.0224609375,1.001953125,0.038330078125
0.0,2.29644775390625,-2.5634765625,0.74005126953125,-0.02197265625,1.00146484375,0.0380859375
0.0,2.227783203125,-2.5787353515625,0.83160400390625,-0.02197265625,1.0009765625,0.03857421875
0.0,2.13623046875,-2.61688232421875,0.8697509765625,-0.02099609375,1.00048828125,0.0380859375
0.0,2.05230712890625,-2.62451171875,0.91552734375,-0.02099609375,0.999267578125,0.038330078125
0.0,1.99127197265625,-2.69317626953125,0.90789794921875,-0.02099609375,0.998779296875,0.038818359375
0.0,1.9073486328125,-2.7313232421875,0.90789794921875,-0.020751953125,0.999755859375,0.03857421875
0.0,1.8463134765625,-2.76947021484375,0.90789794921875,-0.02099609375,0.999755859375,0.03857421875
0.0,1.74713134765625,-2.81524658203125,0.90789794921875,-0.0205078125,1.00048828125,0.038818359375
0.0,1.71661376953125,-2.838134765625,0.90789794921875,-0.0205078125,1.001220703125,0.0390625
0.0,1.67083740234375,-2.86865234375,0.84686279296875,-0.020263671875,1.001953125,0.039306640625
0.0,1.60980224609375,-2.89154052734375,0.8087158203125,-0.019775390625,1.002197265625,0.03955078125
0.0,1.5869140625,-2.9296875,0.75531005859375,-0.02001953125,1.00146484375,0.0390625
0.0,1.56402587890625,-2.99072265625,0.64849853515625,-0.020263671875,1.001220703125,0.03955078125
0.0,1.52587890625,-3.0059814453125,0.57220458984375,-0.01953125,1.000732421875,0.039794921875
0.0,1.50299072265625,-3.0364990234375,0.4425048828125,-0.01953125,0.998779296875,0.039794921875
0.0,1.5106201171875,-3.0670166015625,0.29754638671875,-0.01953125,0.997802734375,0.04052734375
0.0,1.5106201171875,-3.0975341796875,0.152587890625,-0.01953125,0.997314453125,0.0400390625
0.0,1.52587890625,-3.10516357421875,0.030517578125,-0.019775390625,0.995361328125,0.03955078125
0.0,1.5106201171875,-3.1585693359375,-0.091552734375,-0.01953125,0.99462890625,0.040283203125
0.0,1.51824951171875,-3.18145751953125,-0.14495849609375,-0.02001953125,0.99462890625,0.04052734375
0.0,1.5869140625,-3.204345703125,-0.244140625,-0.019287109375,0.9951171875,0.040771484375
0.0,1.62506103515625,-3.24249267578125,-0.3204345703125,-0.02001953125,0.995361328125,0.040771484375
0.0,1.62506103515625,-3.28826904296875,-0.38909912109375,-0.0205078125,0.995849609375,0.041015625
0.0,1.68609619140625,-3.326416015625,-0.46539306640625,-0.0205078125,0.996337890625,0.04150390625
0.0,1.74713134765625,-3.34930419921875,-0.5035400390625,-0.0205078125,0.996826171875,0.0419921875
0.0,1.7852783203125,-3.35693359375,-0.5645751953125,-0.020263671875,0.997314453125,0.041748046875
0.0,1.82342529296875,-3.4027099609375,-0.61798095703125,-0.020263671875,0.9970703125,0.041748046875
0.0,1.922607421875,-3.4637451171875,-0.6866455078125,-0.02099609375,0.9970703125,0.042236328125
0.0,1.983642578125,-3.50189208984375,-0.701904296875,-0.02099609375,0.996337890625,0.042236328125
0.0,2.0294189453125,-3.5247802734375,-0.6866455078125,-0.02099609375,0.9951171875,0.041748046875
0.0,2.1209716796875,-3.5552978515625,-0.66375732421875,-0.021240234375,0.994384765625,0.04150390625
0.0,2.197265625,-3.570556640625,-0.61798095703125,-0.021240234375,0.99462890625,0.042236328125
0.0,2.25830078125,-3.631591796875,-0.55694580078125,-0.0224609375,0.9931640625,0.042236328125
0.0,2.34222412109375,-3.66973876953125,-0.457763671875,-0.0224609375,0.992431640625,0.042236328125
0.0,2.410888671875,-3.692626953125,-0.37384033203125,-0.022216796875,0.9921875,0.042236328125
0.0,2.47955322265625,-3.73077392578125,-0.23651123046875,-0.02197265625,0.99267578125,0.0419921875
0.0,2.55584716796875,-3.76129150390625,-0.1373291015625,-0.021728515625,0.992919921875,0.0419921875
0.0,2.6397705078125,-3.7689208984375,-0.030517578125,-0.021728515625,0.994140625,0.041748046875
0.0,2.716064453125,-3.82232666015625,0.0457763671875,-0.021728515625,0.9951171875,0.042724609375
0.0,2.78472900390625,-3.8604736328125,0.16021728515625,-0.021484375,0.996337890625,0.04248046875
0.0,2.8533935546875,-3.8909912109375,0.23651123046875,-0.02197265625,0.99658203125,0.0419921875
0.0,2.9296875,-3.9215087890625,0.32806396484375,-0.02197265625,0.9970703125,0.041748046875
0.0,2.99072265625,-3.95965576171875,0.38909912109375,-0.02197265625,0.996826171875,0.041015625
0.0,3.0517578125,-3.99017333984375,0.51116943359375,-0.021484375,0.9970703125,0.04150390625
0.0,3.10516357421875,-4.02069091796875,0.64849853515625,-0.021728515625,0.9970703125,0.041259765625
0.0,3.143310546875,-4.0283203125,0.732421875,-0.02197265625,0.99560546875,0.040771484375
0.0,3.21197509765625,-4.0740966796875,0.80108642578125,-0.02197265625,0.994873046875,0.040771484375
0.0,3.2196044921875,-4.08935546875,0.87738037109375,-0.021484375,0.9951171875,0.040771484375
0.0,3.21197509765625,-4.12750244140625,0.946044921875,-0.020751953125,0.9951171875,0.040283203125
0.0,3.28826904296875,-4.14276123046875,0.9918212890625,-0.020751953125,0.994873046875,0.039794921875
0.0,3.27301025390625,-4.18853759765625,1.007080078125,-0.0205078125,0.995361328125,0.040283203125
0.0,3.31878662109375,-4.21142578125,0.9613037109375,-0.019775390625,0.996337890625,0.040283203125
0.0,3.30352783203125,-4.2572021484375,0.90789794921875,-0.019775390625,0.997314453125,0.0400390625
0.0,3.2958984375,-4.28009033203125,0.885009765625,-0.019775390625,0.99853515625,0.0400390625
0.0,3.2806396484375,-4.29534912109375,0.83160400390625,-0.019775390625,0.999267578125,0.039794921875
0.0,3.25775146484375,-4.33349609375,0.7476806640625,-0.019775390625,1.00048828125,0.039306640625
0.0,3.22723388671875,-4.33349609375,0.67901611328125,-0.020263671875,1.00146484375,0.039306640625
0.0,3.204345703125,-4.3792724609375,0.6256103515625,-0.020263671875,1.000732421875,0.038818359375
0.0,3.1890869140625,-4.39453125,0.54931640625,-0.020263671875,1.00048828125,0.03857421875
0.0,3.15093994140625,-4.41741943359375,0.48065185546875,-0.01953125,1.00048828125,0.0390625
0.0,3.10516357421875,-4.45556640625,0.4119873046875,-0.019775390625,1.00048828125,0.03857421875
0.0,3.04412841796875,-4.49371337890625,0.2899169921875,-0.019775390625,1.0,0.03857421875
0.0,2.96783447265625,-4.47845458984375,0.1983642578125,-0.019775390625,0.998779296875,0.038818359375
0.0,2.93731689453125,-4.50897216796875,0.05340576171875,-0.0185546875,0.9990234375,0.0380859375
0.0,2.87628173828125,-4.5623779296875,-0.06103515625,-0.018798828125,0.9990234375,0.038330078125
0.0,2.777099609375,-4.5623779296875,-0.20599365234375,-0.01953125,0.9990234375,0.038330078125
0.0,2.7008056640625,-4.57000732421875,-0.3204345703125,-0.01953125,1.000244140625,0.03857421875
0.0,2.6092529296875,-4.61578369140625,-0.38909912109375,-0.01953125,1.001220703125,0.0380859375
0.0,2.5634765625,-4.6234130859375,-0.41961669921875,-0.0205078125,1.00146484375,0.0380859375
0.0,2.51007080078125,-4.66156005859375,-0.48065185546875,-0.0205078125,1.00244140625,0.0380859375
0.0,2.40325927734375,-4.6539306640625,-0.49591064453125,-0.0205078125,1.00244140625,0.0380859375
0.0,2.349853515625,-4.70733642578125,-0.51116943359375,-0.0205078125,1.002685546875,0.0380859375
0.0,2.29644775390625,-4.730224609375,-0.48828125,-0.0205078125,1.00244140625,0.03857421875
0.0,2.2430419921875,-4.73785400390625,-0.457763671875,-0.020263671875,1.001953125,0.038330078125
0.0,2.13623046875,-4.73785400390625,-0.43487548828125,-0.02099609375,1.001708984375,0.0390625
0.0,2.0904541015625,-4.7760009765625,-0.4119873046875,-0.02099609375,1.00048828125,0.0380859375
0.0,2.01416015625,-4.79888916015625,-0.396728515625,-0.020751953125,0.999755859375,0.037841796875
0.0,1.97601318359375,-4.82177734375,-0.3662109375,-0.0205078125,0.9990234375,0.03857421875
0.0,1.922607421875,-4.8370361328125,-0.30517578125,-0.021240234375,0.99853515625,0.038818359375
0.0,1.86920166015625,-4.8675537109375,-0.23651123046875,-0.021240234375,0.998779296875,0.0380859375
0.0,1.82342529296875,-4.89044189453125,-0.152587890625,-0.021484375,0.998779296875,0.0390625
0.0,1.80816650390625,-4.8980712890625,-0.0457763671875,-0.021240234375,0.99853515625,0.039306640625
0.0,1.739501953125,-4.913330078125,0.0762939453125,-0.021484375,0.999267578125,0.03955078125
0.0,1.77001953125,-4.95147705078125,0.213623046875,-0.021484375,0.999267578125,0.039306640625
0.0,1.71661376953125,-4.93621826171875,0.335693359375,-0.02197265625,0.999267578125,0.039306640625
0.0,1.70135498046875,-4.96673583984375,0.457763671875,-0.021728515625,1.0,0.039306640625
0.0,1.68609619140625,-5.0048828125,0.58746337890625,-0.02197265625,1.000244140625,0.04052734375
0.0,1.6937255859375,-5.0201416015625,0.64849853515625,-0.021240234375,0.999267578125,0.039306640625
0.0,1.6937255859375,-5.01251220703125,0.732421875,-0.02099609375,0.9990234375,0.040283203125
0.0,1.6937255859375,-5.01251220703125,0.80108642578125,-0.021240234375,0.998291015625,0.0400390625
0.0,1.67083740234375,-5.05828857421875,0.83160400390625,-0.020751953125,0.9970703125,0.04052734375
0.0,1.708984375,-5.07354736328125,0.885009765625,-0.020751953125,0.99609375,0.0400390625
0.0,1.77001953125,-5.07354736328125,0.92315673828125,-0.021484375,0.99560546875,0.041015625
0.0,1.82342529296875,-5.10406494140625,0.95367431640625,-0.020751953125,0.994873046875,0.04052734375
0.0,1.83868408203125,-5.10406494140625,0.96893310546875,-0.020751953125,0.99462890625,0.040771484375
0.0,1.8768310546875,-5.126953125,1.01470947265625,-0.021240234375,0.9951171875,0.041015625
0.0,1.91497802734375,-5.126953125,1.03759765625,-0.020263671875,0.994140625,0.04150390625
0.0,1.9683837890625,-5.126953125,1.01470947265625,-0.02001953125,0.995361328125,0.04052734375
0.0,1.9989013671875,-5.16510009765625,0.96893310546875,-0.02001953125,0.996337890625,0.041259765625
0.0,2.0599365234375,-5.1727294921875,0.92315673828125,-0.01904296875,0.99658203125,0.041748046875
0.0,2.166748046875,-5.1727294921875,0.87738037109375,-0.019287109375,0.99658203125,0.0419921875
0.0,2.197265625,-5.18798828125,0.78582763671875,-0.01953125,0.99658203125,0.041259765625
0.0,2.2430419921875,-5.19561767578125,0.66375732421875,-0.019287109375,0.99658203125,0.04150390625
0.0,2.3040771484375,-5.2032470703125,0.55694580078125,-0.018798828125,0.995849609375,0.04150390625
0.0,2.38037109375,-5.19561767578125,0.46539306640625,-0.01904296875,0.9951171875,0.04150390625
0.0,2.44903564453125,-5.21087646484375,0.37384033203125,-0.018798828125,0.9951171875,0.0419921875
0.0,2.4871826171875,-5.2337646484375,0.274658203125,-0.01904296875,0.994873046875,0.041748046875
0.0,2.57110595703125,-5.22613525390625,0.19073486328125,-0.01904296875,0.993896484375,0.0419921875
0.0,2.655029296875,-5.24139404296875,0.0762939453125,-0.018798828125,0.99365234375,0.041259765625
0.0,2.716064453125,-5.24139404296875,0.02288818359375,-0.019775390625,0.994140625,0.041259765625
0.0,2.75421142578125,-5.2337646484375,-0.06866455078125,-0.01904296875,0.994140625,0.041748046875
0.0,2.8228759765625,-5.2337646484375,-0.1220703125,-0.018798828125,0.995361328125,0.041259765625
0.0,2.86102294921875,-5.2337646484375,-0.19073486328125,-0.019287109375,0.9951171875,0.04150390625
0.0,2.90679931640625,-5.218505859375,-0.26702880859375,-0.019287109375,0.995849609375,0.041259765625
0.0,2.95257568359375,-5.2337646484375,-0.34332275390625,-0.01953125,0.99658203125,0.041015625
0.0,2.99072265625,-5.2337646484375,-0.396728515625,-0.019287109375,0.99755859375,0.041015625
0.0,3.04412841796875,-5.24139404296875,-0.4119873046875,-0.020263671875,0.998046875,0.040771484375
0.0,3.082275390625,-5.22613525390625,-0.43487548828125,-0.02001953125,0.997802734375,0.040283203125
0.0,3.10516357421875,-5.24139404296875,-0.4425048828125,-0.02001953125,0.99853515625,0.040283203125
0.0,3.12042236328125,-5.2032470703125,-0.37384033203125,-0.0205078125,0.998291015625,0.040283203125
0.0,3.10516357421875,-5.2032470703125,-0.3204345703125,-0.020263671875,0.998291015625,0.039794921875
0.0,3.1280517578125,-5.218505859375,-0.26702880859375,-0.020751953125,0.998046875,0.0400390625
0.0,3.143310546875,-5.218505859375,-0.19073486328125,-0.020751953125,0.996826171875,0.041015625
0.0,3.15093994140625,-5.19561767578125,-0.1220703125,-0.020751953125,0.997314453125,0.0400390625
0.0,3.12042236328125,-5.2032470703125,-0.02288818359375,-0.02001953125,0.997314453125,0.03955078125
0.0,3.082275390625,-5.19561767578125,0.06103515625,-0.02099609375,0.996826171875,0.039794921875
0.0,3.05938720703125,-5.19561767578125,0.16021728515625,-0.02099609375,0.998046875,0.0390625
0.0,3.04412841796875,-5.18035888671875,0.23651123046875,-0.02099609375,0.99951171875,0.03955078125
0.0,3.02886962890625,-5.1727294921875,0.34332275390625,-0.0205078125,1.0,0.038818359375
0.0,2.98309326171875,-5.1727294921875,0.45013427734375,-0.021240234375,1.00048828125,0.038818359375
0.0,2.9449462890625,-5.157470703125,0.5340576171875,-0.021484375,1.000244140625,0.0390625
0.0,2.89154052734375,-5.126953125,0.63323974609375,-0.021240234375,1.001708984375,0.03857421875
0.0,2.8228759765625,-5.14984130859375,0.78582763671875,-0.021240234375,1.002685546875,0.038818359375
0.0,2.7923583984375,-5.13458251953125,0.86212158203125,-0.021240234375,1.001953125,0.03857421875
0.0,2.7313232421875,-5.1116943359375,0.9613037109375,-0.020751953125,1.00146484375,0.038330078125
0.0,2.685546875,-5.08880615234375,1.03759765625,-0.020751953125,1.00048828125,0.03857421875
0.0,2.63214111328125,-5.05828857421875,1.07574462890625,-0.020263671875,1.000732421875,0.037841796875
0.0,2.5482177734375,-5.0506591796875,1.1138916015625,-0.02001953125,0.999267578125,0.037353515625
0.0,2.49481201171875,-5.02777099609375,1.10626220703125,-0.019287109375,0.99951171875,0.0380859375
0.0,2.4261474609375,-5.035400390625,1.0986328125,-0.01953125,0.999267578125,0.037353515625
0.0,2.3651123046875,-5.01251220703125,1.0986328125,-0.019775390625,0.998779296875,0.037353515625
0.0,2.29644775390625,-4.974365234375,1.07574462890625,-0.019775390625,0.99951171875,0.037841796875
0.0,2.23541259765625,-4.94384765625,1.01470947265625,-0.01904296875,1.00048828125,0.037353515625
0.0,2.166748046875,-4.95147705078125,1.01470947265625,-0.01953125,1.0009765625,0.037841796875
0.0,2.105712890625,-4.92095947265625,0.98419189453125,-0.019287109375,1.001220703125,0.0380859375
0.0,2.0751953125,-4.8828125,0.91552734375,-0.01904296875,1.00146484375,0.037841796875
0.0,2.00653076171875,-4.852294921875,0.8544921875,-0.018310546875,1.00146484375,0.0380859375
0.0,1.9683837890625,-4.8370361328125,0.80108642578125,-0.0185546875,1.00146484375,0.038330078125
0.0,1.89971923828125,-4.8065185546875,0.69427490234375,-0.0185546875,1.000732421875,0.03857421875
0.0,1.86920166015625,-4.7760009765625,0.6103515625,-0.017578125,0.999267578125,0.038330078125
0.0,1.86920166015625,-4.75311279296875,0.49591064453125,-0.017822265625,0.99755859375,0.037353515625
0.0,1.9683837890625,-4.730224609375,0.3814697265625,-0.017578125,0.994140625,0.0341796875
0.0,2.0294189453125,-4.69207763671875,0.35858154296875,-0.017578125,0.994140625,0.03564453125
0.0,1.983642578125,-4.7149658203125,0.41961669921875,-0.02001953125,1.002197265625,0.043212890625
0.0,1.800537109375,-4.73785400390625,0.3662109375,-0.02099609375,1.00634765625,0.046630859375
0.0,1.495361328125,-4.72259521484375,0.0762939453125,-0.018310546875,1.003662109375,0.044921875
0.0,1.3885498046875,-4.60052490234375,-0.41961669921875,-0.017333984375,0.99658203125,0.038818359375
0.0,1.4801025390625,-4.49371337890625,-0.58746337890625,-0.015869140625,0.99267578125,0.03466796875
0.0,1.68609619140625,-4.39453125,-0.40435791015625,-0.01953125,0.9931640625,0.034912109375
0.0,1.7547607421875,-4.52423095703125,-0.17547607421875,-0.0205078125,1.000732421875,0.040771484375
0.0,1.6937255859375,-4.60052490234375,0.00762939453125,-0.02001953125,1.00439453125,0.04443359375
0.0,1.56402587890625,-4.5928955078125,-0.02288818359375,-0.01953125,1.0029296875,0.043701171875
0.0,1.50299072265625,-4.44793701171875,-0.23651123046875,-0.017578125,0.9970703125,0.0400390625
0.0,1.62506103515625,-4.302978515625,-0.54931640625,-0.017333984375,0.992919921875,0.036865234375
0.0,1.76239013671875,-4.23431396484375,-0.55694580078125,-0.019775390625,0.994140625,0.038330078125
0.0,1.8310546875,-4.24957275390625,-0.335693359375,-0.020751953125,0.99853515625,0.0419921875
0.0,1.7852783203125,-4.32586669921875,-0.16021728515625,-0.01953125,0.999267578125,0.045654296875
0.0,1.76239013671875,-4.2724609375,-0.0762939453125,-0.0205078125,0.995849609375,0.042724609375
0.0,1.77764892578125,-4.24957275390625,-0.08392333984375,-0.01904296875,0.991943359375,0.03955078125
0.0,1.922607421875,-4.15802001953125,0.0152587890625,-0.020263671875,0.990478515625,0.0380859375
0.0,2.03704833984375,-4.119873046875,0.09918212890625,-0.021240234375,0.994140625,0.040771484375
0.0,2.044677734375,-4.11224365234375,0.28228759765625,-0.0205078125,0.996826171875,0.04296875
0.0,2.02178955078125,-4.06646728515625,0.40435791015625,-0.0205078125,0.996826171875,0.04248046875
0.0,2.05230712890625,-4.00543212890625,0.45013427734375,-0.019287109375,0.995849609375,0.041748046875
0.0,2.20489501953125,-3.96728515625,0.518798828125,-0.020263671875,0.994873046875,0.040283203125
0.0,2.288818359375,-3.9520263671875,0.64849853515625,-0.0205078125,0.99609375,0.04052734375
0.0,2.32696533203125,-3.90625,0.7781982421875,-0.019775390625,0.998046875,0.0419921875
0.0,2.32696533203125,-3.84521484375,0.81634521484375,-0.019775390625,0.998291015625,0.042724609375
0.0,2.38037109375,-3.7841796875,0.84686279296875,-0.019287109375,0.99658203125,0.042236328125
0.0,2.44903564453125,-3.7689208984375,0.92315673828125,-0.02001953125,0.994873046875,0.04052734375
0.0,2.55584716796875,-3.73077392578125,1.0528564453125,-0.019775390625,0.99462890625,0.040771484375
0.0,2.60162353515625,-3.6773681640625,1.13677978515625,-0.019775390625,0.9951171875,0.041259765625
0.0,2.6397705078125,-3.59344482421875,1.12152099609375,-0.018798828125,0.9951171875,0.042236328125
0.0,2.64739990234375,-3.56292724609375,1.16729736328125,-0.01953125,0.994873046875,0.04150390625
0.0,2.716064453125,-3.56292724609375,1.220703125,-0.01904296875,0.9931640625,0.04052734375
0.0,2.8228759765625,-3.47900390625,1.2359619140625,-0.017578125,0.994384765625,0.0400390625
0.0,2.86102294921875,-3.39508056640625,1.15966796875,-0.0185546875,0.996337890625,0.041015625
0.0,2.838134765625,-3.33404541015625,1.0986328125,-0.018798828125,0.99755859375,0.041748046875
0.0,2.86865234375,-3.30352783203125,1.0986328125,-0.0185546875,0.9970703125,0.040283203125
0.0,2.90679931640625,-3.265380859375,0.99945068359375,-0.017578125,0.997314453125,0.03955078125
0.0,2.9449462890625,-3.204345703125,0.885009765625,-0.017333984375,0.998779296875,0.040771484375
0.0,2.95257568359375,-3.1280517578125,0.77056884765625,-0.017578125,0.999267578125,0.040771484375
0.0,2.960205078125,-3.0975341796875,0.7476806640625,-0.01806640625,0.9990234375,0.0400390625
0.0,2.95257568359375,-3.0517578125,0.67138671875,-0.01806640625,0.99853515625,0.039306640625
0.0,2.960205078125,-2.9754638671875,0.579833984375,-0.016845703125,0.99755859375,0.03955078125
0.0,2.960205078125,-2.90679931640625,0.46539306640625,-0.01708984375,0.998046875,0.03955078125
