time_start,time_end,flshoulder,flarm,flfoot,frshoulder,frarm,frfoot,blshoulder,blarm,blfoot,brshoulder,brarm,brfoot,motion,movement
1776271739.7078617,13534.67851116,32.05516052246094,-14.99765396118164,95.58515930175781,-36.27515411376953,-14.36000919342041,89.7400131225586,28.747512817382812,2.3999927043914795,74.38484954833984,-30.199995040893555,-3.1848552227020264,77.09517669677734,Stop,Stepping
1776271739.727721,13534.698352282,32.054931640625,-14.997995376586914,95.58538818359375,-36.274925231933594,-14.360358238220215,89.74031066894531,28.7473201751709,2.399538516998291,74.38532257080078,-30.199804306030273,-3.1852669715881348,77.0955810546875,Stop,Stepping
1776271739.7478483,13534.721332436,32.053863525390625,-14.999616622924805,95.58647155761719,-36.27383804321289,-14.361979484558105,89.74166870117188,28.746421813964844,2.3974013328552246,74.38754272460938,-30.198902130126953,-3.1872034072875977,77.09752655029297,Stop,Stepping
1776271739.7678092,13534.75015589,32.051353454589844,-15.003412246704102,95.58902740478516,-36.27128601074219,-14.365779876708984,89.744873046875,28.744308471679688,2.3923747539520264,74.39276885986328,-30.196788787841797,-3.191765069961548,77.10208892822266,Stop,Stepping
1776271739.787847,13534.764382843,32.046783447265625,-15.010318756103516,95.5936508178711,-36.266632080078125,-14.37271785736084,89.75071716308594,28.740459442138672,2.3832221031188965,74.40227508544922,-30.192935943603516,-3.2000763416290283,77.11042022705078,Stop,Stepping
1776271739.8078175,13534.781685281,32.03960418701172,-15.021162033081055,95.60090637207031,-36.259334564208984,-14.383597373962402,89.7598876953125,28.73441505432129,2.3688597679138184,74.41719055175781,-30.186885833740234,-3.2131118774414062,77.12346649169922,Stop,Stepping
1776271739.8278236,13534.800178668,32.02925109863281,-15.036811828613281,95.61138153076172,-36.248802185058594,-14.399296760559082,89.77310943603516,28.7257022857666,2.3481392860412598,74.43870544433594,-30.178159713745117,-3.231919288635254,77.14229583740234,Stop,Stepping
1776271739.8477974,13534.820095857,32.01524353027344,-15.057987213134766,95.62553405761719,-36.23455047607422,-14.420533180236816,89.79098510742188,28.71390724182129,2.32010817527771,74.4677963256836,-30.166345596313477,-3.257366418838501,77.16775512695312,Stop,Stepping
1776271739.8678226,13534.852143964,31.997037887573242,-15.08549976348877,95.6439208984375,-36.21603012084961,-14.44812297821045,89.8141860961914,28.69858169555664,2.2836968898773193,74.50555419921875,-30.151004791259766,-3.290423631668091,77.2008056640625,Stop,Stepping
1776271739.8878202,13534.859082301,31.974180221557617,-15.120033264160156,95.66696166992188,-36.192771911621094,-14.482770919799805,89.84329223632812,28.679338455200195,2.237985134124756,74.55291748046875,-30.131732940673828,-3.331923246383667,77.24225616455078,Stop,Stepping
1776271739.9077997,13534.879653069,31.946252822875977,-15.162233352661133,95.69507598876953,-36.164344787597656,-14.525094032287598,89.8788070678711,28.655826568603516,2.1821420192718506,74.6107177734375,-30.10818099975586,-3.3826169967651367,77.29283905029297,Stop,Stepping
1776271739.9278026,13534.906469663,31.912796020507812,-15.212784767150879,95.72869873046875,-36.130287170410156,-14.575797080993652,89.9212875366211,28.62765121459961,2.115272283554077,74.67984008789062,-30.079965591430664,-3.443326950073242,77.35334014892578,Stop,Stepping
1776271739.947799,13534.918569992,31.87342643737793,-15.272261619567871,95.76817321777344,-36.0901985168457,-14.635442733764648,89.9711685180664,28.594499588012695,2.036618709564209,74.76102447509766,-30.046756744384766,-3.5147430896759033,77.42440032958984,Stop,Stepping
1776271739.9678009,13534.938683713,31.827747344970703,-15.341265678405762,95.81385040283203,-36.043670654296875,-14.704628944396973,90.02891540527344,28.556026458740234,1.9454065561294556,74.8550033569336,-30.00821304321289,-3.5975711345672607,77.50668334960938,Stop,Stepping
1776271739.987802,13534.95994457,31.77545738220215,-15.420248031616211,95.86599731445312,-35.99039077758789,-14.78381633758545,90.09483337402344,28.51198387145996,1.8410452604293823,74.96231079101562,-29.96408462524414,-3.6923410892486572,77.60063171386719,Stop,Stepping
1776271740.0078397,13534.983469298,31.7160587310791,-15.509952545166016,95.92501068115234,-35.92984390258789,-14.873747825622559,90.16948699951172,28.461942672729492,1.722577452659607,75.08383178710938,-29.9139404296875,-3.7999322414398193,77.70703887939453,Stop,Stepping
1776271740.0277984,13534.998698806,31.64955711364746,-15.610366821289062,95.99082946777344,-35.862022399902344,-14.974404335021973,90.25279235839844,28.40591049194336,1.5900264978408813,75.21944427490234,-29.857776641845703,-3.920328140258789,77.82579803466797,Stop,Stepping
1776271740.0478365,13535.020591444,31.575237274169922,-15.722565650939941,96.0640640258789,-35.786197662353516,-15.08685302734375,90.34551239013672,28.343284606933594,1.4420145750045776,75.37043762207031,-29.79499053955078,-4.054777145385742,77.9580307006836,Stop,Stepping
1776271740.0677896,13535.039278695,31.493350982666016,-15.846168518066406,96.14437103271484,-35.70259475708008,-15.210713386535645,90.44725036621094,28.274263381958008,1.279060959815979,75.5361099243164,-29.725780487060547,-4.202818393707275,78.10316467285156,Stop,Stepping
1776271740.087824,13535.061870557,31.403099060058594,-15.982364654541016,96.2323989868164,-35.61040496826172,-15.347167015075684,90.55884552001953,28.19817543029785,1.0996317863464355,75.71788024902344,-29.64946174621582,-4.365847110748291,78.26239776611328,Stop,Stepping
1776271740.1078727,13535.080473704,31.304594039916992,-16.1309814453125,96.32791137695312,-35.50970458984375,-15.4960355758667,90.67999267578125,28.115108489990234,0.9039802551269531,75.915283203125,-29.56612777709961,-4.543644428253174,78.43537139892578,Stop,Stepping
1776271740.1278396,13535.100187407,31.197540283203125,-16.292455673217773,96.4310302734375,-35.40019226074219,-15.657761573791504,90.81092071533203,28.024808883666992,0.6915754079818726,76.128662109375,-29.475507736206055,-4.736695289611816,78.62237548828125,Stop,Stepping
1776271740.1478333,13535.172354819,31.081798553466797,-16.46698570251465,96.54174041748047,-35.28169631958008,-15.832526206970215,90.95159912109375,27.927154541015625,0.4621891975402832,76.35800170898438,-29.377470016479492,-4.945207595825195,78.82339477539062,Stop,Stepping
1776271740.1678045,13535.174059729,30.957307815551758,-16.654661178588867,96.65990447998047,-35.15412902832031,-16.020404815673828,91.10188293457031,27.82208251953125,0.21574954688549042,76.60311889648438,-29.271953582763672,-5.169256687164307,79.03829193115234,Stop,Stepping
1776271740.187818,13535.176355815,30.823471069335938,-16.856359481811523,96.78589630126953,-35.01686096191406,-16.22227668762207,91.26227569580078,27.709087371826172,-0.04886573925614357,76.86485290527344,-29.15843391418457,-5.409871578216553,79.26779174804688,Stop,Stepping
1776271740.207834,13535.180392013,30.680580139160156,-17.071626663208008,96.919189453125,-34.870155334472656,-16.43769073486328,91.43218231201172,27.58839988708496,-0.3310202360153198,77.14226531982422,-29.037137985229492,-5.666476249694824,79.5110855102539,Stop,Stepping
1776271740.2278278,13535.210110288,30.52842903137207,-17.3007755279541,97.05976104736328,-34.71378707885742,-16.66693115234375,91.6115951538086,27.459840774536133,-0.6310603618621826,77.43535614013672,-28.907880783081055,-5.939398288726807,79.76820373535156,Stop,Stepping
1776271740.247807,13535.220870516,30.367115020751953,-17.54361915588379,97.20726013183594,-34.54780960083008,-16.909822463989258,91.80008697509766,27.3234806060791,-0.9487316608428955,77.74354553222656,-28.770715713500977,-6.2284016609191895,80.03860473632812,Stop,Stepping
1776271740.2678216,13535.239878389,30.195951461791992,-17.80119514465332,97.3620376586914,-34.371490478515625,-17.167388916015625,91.99818420410156,27.17873191833496,-1.285333275794983,78.06771087646484,-28.62504005432129,-6.534680366516113,80.32307434082031,Stop,Stepping
1776271740.287823,13535.260432937,30.01545524597168,-18.072717666625977,97.52333068847656,-34.18531799316406,-17.43882179260254,92.2049560546875,27.026010513305664,-1.6397830247879028,78.40640258789062,-28.47126579284668,-6.857259273529053,80.62035369873047,Stop,Stepping
1776271740.3077936,13535.284759624,29.825782775878906,-18.35790252685547,97.690673828125,-33.98942947387695,-17.723859786987305,92.41986846923828,26.865447998046875,-2.011704683303833,78.75885009765625,-28.309505462646484,-7.195791244506836,80.92977142333984,Stop,Stepping
1776271740.3277981,13535.299620716,29.626188278198242,-18.65788459777832,97.86442565917969,-33.78300094604492,-18.023595809936523,92.64344024658203,26.696386337280273,-2.4025144577026367,79.12594604492188,-28.13909149169922,-7.551578521728516,81.2520980834961,Stop,Stepping
1776271740.3478062,13535.321704,29.41701316833496,-18.97210121154785,98.04391479492188,-33.566349029541016,-18.337499618530273,92.8748779296875,26.51911163330078,-2.811473846435547,79.50653076171875,-27.960290908813477,-7.923939228057861,81.5863265991211,Stop,Stepping
1776271740.3678274,13535.339575647,29.197988510131836,-19.300954818725586,98.22901153564453,-33.33915328979492,-18.66594123840332,93.11408996582031,26.333372116088867,-3.239065170288086,79.90054321289062,-27.772838592529297,-8.313331604003906,81.93241882324219,Stop,Stepping
1776271740.3878043,13535.367064411,28.970134735107422,-19.642885208129883,98.41848754882812,-33.10242462158203,-19.00737762451172,93.35956573486328,26.140018463134766,-3.683234453201294,80.30561065673828,-27.57756996154785,-8.71787166595459,82.28826141357422,Stop,Stepping
1776271740.407795,13535.378626445,28.73255729675293,-19.999208450317383,98.6126937866211,-32.85517883300781,-19.36310386657715,93.6118392944336,25.93827247619629,-4.145693778991699,80.72277069091797,-27.373693466186523,-9.139124870300293,82.65477752685547,Stop,Stepping
1776271740.427833,13535.40434829,28.48505401611328,-20.370208740234375,98.81137084960938,-32.59716796875,-19.733413696289062,93.87068176269531,25.72794532775879,-4.626785755157471,81.15176391601562,-27.160995483398438,-9.577400207519531,83.03173828125,Stop,Stepping
1776271740.4478602,13535.422034031,28.22833824157715,-20.754764556884766,99.01351165771484,-32.32907485961914,-20.1171932220459,94.13485717773438,25.509624481201172,-5.125078201293945,81.59075927734375,-26.94005012512207,-10.031390190124512,83.41751098632812,Stop,Stepping
1776271740.4677758,13535.438745363,27.963516235351562,-21.15121078491211,99.21783447265625,-32.052005767822266,-20.51278305053711,94.4028091430664,25.284221649169922,-5.638406753540039,82.03730010986328,-26.71176528930664,-10.49912166595459,83.80995178222656,Stop,Stepping
1776271740.487811,13535.458603956,27.688810348510742,-21.56216049194336,99.4252700805664,-31.76405906677246,-20.922792434692383,94.67585754394531,25.050214767456055,-6.170180320739746,82.49378204345703,-26.47458839416504,-10.983691215515137,84.21114349365234,Stop,Stepping
1776271740.5078137,13535.479468837,27.40513801574707,-21.986209869384766,99.63465881347656,-31.466123580932617,-21.345827102661133,94.95259094238281,24.808349609375,-6.718606472015381,82.95805358886719,-26.229248046875,-11.483465194702148,84.61917877197266,Stop,Stepping
1776271740.5278015,13535.50066897,27.11268424987793,-22.423038482666016,99.84538269042969,-31.158349990844727,-21.781578063964844,95.23231506347656,24.55876922607422,-7.283312797546387,83.42919921875,-25.975868225097656,-11.998085021972656,85.03324127197266,Stop,Stepping
1776271740.5478373,13535.519183492,26.810949325561523,-22.87335205078125,100.05732727050781,-30.84015655517578,-22.230764389038086,95.51499938964844,24.301015853881836,-7.865246772766113,83.90736389160156,-25.713970184326172,-12.528417587280273,85.45346069335938,Stop,Stepping
1776271740.5678182,13535.538359909,26.5015811920166,-23.334638595581055,100.26882934570312,-30.51321029663086,-22.690893173217773,95.79857635498047,24.036476135253906,-8.461234092712402,84.38932800292969,-25.444942474365234,-13.071551322937012,85.87698364257812,Stop,Stepping
1776271740.587794,13535.566490324,26.183921813964844,-23.807817459106445,100.47988891601562,-30.176786422729492,-23.16289520263672,96.08317565917969,23.764562606811523,-9.072534561157227,84.87551879882812,-25.16816520690918,-13.628613471984863,86.30416870117188,Stop,Stepping
1776271740.607847,13535.579055823,25.857332229614258,-24.29378890991211,100.69039916992188,-29.83013343811035,-23.647687911987305,96.3687744140625,23.484699249267578,-9.700384140014648,85.36628723144531,-24.883031845092773,-14.200730323791504,86.73528289794922,Stop,Stepping
1776271740.6278224,13535.600164105,25.523456573486328,-24.79004669189453,100.89879608154297,-29.474943161010742,-24.142786026000977,96.6534423828125,23.198259353637695,-10.341632843017578,85.85850524902344,-24.590927124023438,-14.785005569458008,87.16758728027344,Stop,Stepping
1776271740.647833,13535.618824718,25.181766510009766,-25.29728889465332,101.10490417480469,-29.1106014251709,-24.64893913269043,96.93709564208984,22.904769897460938,-10.997313499450684,86.35237884521484,-24.29134178161621,-15.38237190246582,87.60123443603516,Stop,Stepping
1776271740.667815,13535.642140236,24.833131790161133,-25.814163208007812,101.30772399902344,-28.737987518310547,-25.164779663085938,97.2184829711914,22.604948043823242,-11.665755271911621,86.84603881835938,-23.984994888305664,-15.991277694702148,88.03453826904297,Stop,Stepping
1776271740.6878676,13535.673024009,24.47692108154297,-26.341503143310547,101.50708770751953,-28.356359481811523,-25.691205978393555,97.49758911132812,22.2982234954834,-12.348203659057617,87.33977508544922,-23.671279907226562,-16.61284828186035,88.46776580810547,Stop,Stepping
1776271740.707829,13535.678919277,24.11373519897461,-26.878341674804688,101.70215606689453,-27.966325759887695,-26.227243423461914,97.77337646484375,21.985078811645508,-13.043509483337402,87.83213806152344,-23.350669860839844,-17.246013641357422,88.89959716796875,Stop,Stepping
1776271740.7278297,13535.698369115,23.744144439697266,-27.423725128173828,101.8921127319336,-27.56844139099121,-26.77201271057129,98.04491424560547,21.665977478027344,-13.750598907470703,88.32176208496094,-23.02362632751465,-17.8897705078125,89.32881164550781,Stop,Stepping
1776271740.7478273,13535.727453359,23.36830711364746,-27.977306365966797,102.07638549804688,-27.16282844543457,-27.325157165527344,98.31153869628906,21.34103012084961,-14.469181060791016,88.8078842163086,-22.690242767333984,-18.54383659362793,89.75469207763672,Stop,Stepping
1776271740.7678068,13535.742480897,22.986906051635742,-28.537973403930664,102.25415802001953,-26.75017547607422,-27.885637283325195,98.5722885131836,21.010791778564453,-15.197972297668457,89.2890625,-22.35106658935547,-19.2070255279541,90.1760025024414,Stop,Stepping
1776271740.787828,13535.764299265,22.598705291748047,-29.107404708862305,102.42549133300781,-26.329116821289062,-28.455141067504883,98.82746124267578,20.67416763305664,-15.93932056427002,89.76626586914062,-22.004961013793945,-19.88144874572754,90.59352111816406,Stop,Stepping
1776271740.807804,13535.784463511,22.206520080566406,-29.681324005126953,102.58867645263672,-25.902650833129883,-29.029447555541992,99.07472229003906,20.333566665649414,-16.687868118286133,90.2354965209961,-21.654386520385742,-20.56220817565918,91.00375366210938,Stop,Stepping
1776271740.8277931,13535.799098483,21.808502197265625,-30.262313842773438,102.74403381347656,-25.468740463256836,-29.611154556274414,99.31475067138672,19.98735809326172,-17.447124481201172,90.69847869873047,-21.297649383544922,-21.252479553222656,91.40814971923828,Stop,Stepping
1776271740.8478434,13535.819556639,21.404998779296875,-30.84969711303711,102.89092254638672,-25.027713775634766,-30.19961929321289,99.54680633544922,19.63581085205078,-18.216421127319336,91.1541976928711,-20.935001373291016,-21.95162582397461,91.80581665039062,Stop,Stepping
1776271740.8678625,13535.840797497,20.997533798217773,-31.44107437133789,103.0282974243164,-24.581214904785156,-30.79250144958496,99.76952362060547,19.280227661132812,-18.992815017700195,91.60041046142578,-20.567781448364258,-22.656957626342773,92.19476318359375,Stop,Stepping
1776271740.887815,13535.859474942,20.58773422241211,-32.033935546875,103.1552734375,-24.13099479675293,-31.38730239868164,99.98165130615234,18.921995162963867,-19.773197174072266,92.03496551513672,-20.197416305541992,-23.365629196166992,92.57310485839844,Stop,Stepping
1776271740.9078805,13535.879749191,20.172395706176758,-32.63272476196289,103.27242279052734,-23.673519134521484,-31.98851203918457,100.18438720703125,18.55829620361328,-20.5636043548584,92.46076202392578,-19.820968627929688,-24.083101272583008,92.94332885742188,Stop,Stepping
1776271740.9278877,13535.902544404,19.753921508789062,-33.233768463134766,103.37859344482422,-23.211400985717773,-32.59248352050781,100.37606811523438,18.191205978393555,-21.35940170288086,92.87481689453125,-19.440580368041992,-24.805156707763672,93.30281066894531,Stop,Stepping
1776271740.9478328,13535.920485207,19.332944869995117,-33.83599090576172,103.47328186035156,-22.745319366455078,-33.198143005371094,100.55604553222656,17.821250915527344,-22.159337997436523,93.27609252929688,-19.056785583496094,-25.530628204345703,93.65064239501953,Stop,Stepping
1776271740.9678876,13535.940550816,18.908220291137695,-34.44091796875,103.55633544921875,-22.273883819580078,-33.807106018066406,100.72441101074219,17.44731903076172,-22.965667724609375,93.66533660888672,-18.66842269897461,-26.261564254760742,93.9874267578125,Stop,Stepping
1776271740.9878056,13535.961399066,18.484140396118164,-35.04212951660156,103.62667083740234,-21.801965713500977,-34.412879943847656,100.879150390625,17.073257446289062,-23.769969940185547,94.0382080078125,-18.27947998046875,-26.990304946899414,94.30941772460938,Stop,Stepping
1776271741.0078223,13535.978614855,18.055858612060547,-35.64627456665039,103.68478393554688,-21.32416534423828,-35.02220916748047,101.0217056274414,16.694766998291016,-24.581327438354492,94.3986587524414,-17.88549041748047,-27.72507667541504,94.61998748779297,Stop,Stepping
1776271741.0277958,13535.999031541,17.62729835510254,-36.24758529663086,103.72979736328125,-20.84485626220703,-35.629302978515625,101.15042877197266,16.315305709838867,-25.392166137695312,94.74296569824219,-17.490034103393555,-28.459012985229492,94.91590881347656,Stop,Stepping
1776271741.0478027,13536.019029456,17.196746826171875,-36.848243713378906,103.76164245605469,-20.36212158203125,-36.236385345458984,101.26554870605469,15.933334350585938,-26.205589294433594,95.07221984863281,-17.09151268005371,-29.194910049438477,95.19812774658203,Stop,Stepping
1776271741.0678291,13536.04315524,16.76519203186035,-37.446632385253906,103.7799301147461,-19.8770694732666,-36.841835021972656,101.36649322509766,15.549714088439941,-27.01956558227539,95.38530731201172,-16.690818786621094,-29.930925369262695,95.46563720703125,Stop,Stepping
1776271741.0878131,13536.062874108,16.33428192138672,-38.04025650024414,103.7844467163086,-19.391563415527344,-37.44313049316406,101.45266723632812,15.165900230407715,-27.83082389831543,95.68082427978516,-16.289472579956055,-30.664108276367188,95.7172622680664,Stop,Stepping
1776271741.107823,13536.080676811,15.902206420898438,-38.63140106201172,103.77500915527344,-18.903568267822266,-38.04257583618164,101.52423095703125,14.780265808105469,-28.642595291137695,95.95979309082031,-15.885766983032227,-31.397367477416992,95.95381927490234,Stop,Stepping
1776271741.127887,13536.099144286,15.470958709716797,-39.21708679199219,103.75144958496094,-18.41535758972168,-38.637184143066406,101.58065032958984,14.394584655761719,-29.450918197631836,96.22067260742188,-15.481566429138184,-32.127140045166016,96.17403411865234,Stop,Stepping
1776271741.1478283,13536.149978055,15.04052734375,-39.79713821411133,103.71371459960938,-17.926931381225586,-39.22677993774414,101.62183380126953,14.008834838867188,-30.255638122558594,96.46337127685547,-15.076848983764648,-32.853275299072266,96.37776947021484,Stop,Stepping
1776271741.16784,13536.151765166,14.611051559448242,-40.37114334106445,103.66168212890625,-17.438472747802734,-39.8109245300293,101.64762115478516,13.623143196105957,-31.056255340576172,96.68766021728516,-14.671754837036133,-33.57534408569336,96.56488800048828,Stop,Stepping
1776271741.1878295,13536.160993041,14.183040618896484,-40.93824768066406,103.59537506103516,-16.950584411621094,-40.38873291015625,101.65794372558594,13.23796272277832,-31.851613998413086,96.89319610595703,-14.266759872436523,-34.29230880737305,96.73504638671875,Stop,Stepping
1776271741.2078369,13536.18302772,13.756704330444336,-41.497982025146484,103.5147933959961,-16.463529586791992,-40.95972442626953,101.65274810791016,12.853486061096191,-32.64109420776367,97.079833984375,-13.862070083618164,-35.00362014770508,96.88814544677734,Stop,Stepping
1776271741.2277226,13536.199151018,13.33476448059082,-42.04662322998047,103.42057037353516,-15.98045825958252,-41.52008056640625,101.6321792602539,12.472171783447266,-33.41945266723633,97.24651336669922,-13.46028995513916,-35.70457077026367,97.0233154296875,Stop,Stepping
1776271741.2477264,13536.218128481,12.912796974182129,-42.589786529541016,103.31175231933594,-15.496332168579102,-42.07551574707031,101.5960464477539,12.090028762817383,-34.19462585449219,97.39497375488281,-13.05721664428711,-36.40232849121094,97.1419906616211,Stop,Stepping
1776271741.2678325,13536.2462119,12.491434097290039,-43.12638854980469,103.18831634521484,-15.0118989944458,-42.624916076660156,101.54422760009766,11.70761775970459,-34.96516418457031,97.52479553222656,-12.653451919555664,-37.09559631347656,97.24381256103516,Stop,Stepping
1776271741.2878284,13536.260695143,12.0751953125,-43.650577545166016,103.05171966552734,-14.532386779785156,-43.162254333496094,101.47735595703125,11.329056739807129,-35.72257995605469,97.63465881347656,-12.253344535827637,-37.77675247192383,97.32774353027344,Stop,Stepping
1776271741.3078809,13536.2845698,11.662656784057617,-44.16407012939453,102.9017333984375,-14.05620002746582,-43.68925476074219,101.39549255371094,10.953063011169434,-36.469276428222656,97.72526550292969,-11.855557441711426,-38.44799041748047,97.39437103271484,Stop,Stepping
1776271741.327802,13536.306667713,11.253817558288574,-44.66677474975586,102.7385482788086,-13.583383560180664,-44.205814361572266,101.2988510131836,10.5796537399292,-37.20505142211914,97.79680633544922,-11.460124015808105,-39.10914993286133,97.44389343261719,Stop,Stepping
1776271741.3478644,13536.320797678,10.848411560058594,-45.15895080566406,102.562255859375,-13.113661766052246,-44.712135314941406,101.18750762939453,10.208597183227539,-37.93019104003906,97.84955596923828,-11.066802978515625,-39.7604866027832,97.47651672363281,Stop,Stepping
1776271741.367856,13536.338712815,10.447306632995605,-45.63947296142578,102.37342834472656,-12.64808464050293,-45.20705795288086,101.06194305419922,9.840703010559082,-38.64293670654297,97.88360595703125,-10.676473617553711,-40.40046691894531,97.49237823486328,Stop,Stepping
1776271741.3878791,13536.3651353,10.050274848937988,-46.10859680175781,102.17221069335938,-12.186423301696777,-45.690773010253906,100.92233276367188,9.475781440734863,-39.34352493286133,97.8992691040039,-10.288941383361816,-41.029319763183594,97.49176788330078,Stop,Stepping
1776271741.4078052,13536.379545446,9.65843677520752,-46.564971923828125,101.9594497680664,-11.730026245117188,-46.161888122558594,100.76940155029297,9.114883422851562,-40.029842376708984,97.89688110351562,-9.905335426330566,-41.64516830444336,97.47499084472656,Stop,Stepping
1776271741.4278755,13536.398970321,9.271331787109375,-47.0091667175293,101.73526000976562,-11.278400421142578,-46.62092208862305,100.60330963134766,8.75760555267334,-40.70254898071289,97.87681579589844,-9.525246620178223,-42.248619079589844,97.44239044189453,Stop,Stepping
1776271741.4480968,13536.418507739,8.884202003479004,-47.4465217590332,101.49691772460938,-10.826021194458008,-47.07338333129883,100.42206573486328,8.399564743041992,-41.36970138549805,97.83885192871094,-9.14401626586914,-42.846920013427734,97.39360809326172,Stop,Stepping
1776271741.4679203,13536.442706317,8.512027740478516,-47.86030197143555,101.25428009033203,-10.390449523925781,-47.501895904541016,100.23332214355469,8.054654121398926,-42.0054817199707,97.78524780273438,-8.77646255493164,-43.41695785522461,97.33121490478516,Stop,Stepping
1776271741.487883,13536.463379539,8.142110824584961,-48.2648811340332,100.99977111816406,-9.956881523132324,-47.92131042480469,100.03146362304688,7.711146831512451,-42.63166427612305,97.7150650024414,-8.410107612609863,-43.97826385498047,97.25392150878906,Stop,Stepping
1776271741.5077977,13536.486884677,7.777462482452393,-48.656951904296875,100.73570251464844,-9.528879165649414,-48.32815170288086,99.81832122802734,7.371858596801758,-43.24301528930664,97.62911987304688,-8.047965049743652,-44.52617263793945,97.16255950927734,Stop,Stepping
1776271741.5278108,13536.499621154,7.4184160232543945,-49.03626251220703,100.46272277832031,-9.1068754196167,-48.72212600708008,99.59453582763672,7.0371222496032715,-43.83895492553711,97.52802276611328,-7.690406799316406,-45.060176849365234,97.05768585205078,Stop,Stepping
1776271741.5478332,13536.519620949,7.065306186676025,-49.402591705322266,100.1814956665039,-8.69129753112793,-49.10297775268555,99.36075592041016,6.707279682159424,-44.418922424316406,97.4123764038086,-7.337811470031738,-45.57978439331055,96.93986511230469,Stop,Stepping
1776271741.5678084,13536.539671914,6.7192912101745605,-49.754920959472656,99.89347839355469,-8.283554077148438,-49.469600677490234,99.11833190917969,6.383442401885986,-44.9810676574707,97.283203125,-6.991385459899902,-46.083370208740234,96.8100814819336,Stop,Stepping
1776271741.58781,13536.55937197,6.379385948181152,-50.094459533691406,99.5983657836914,-7.88252592086792,-49.823219299316406,98.86714935302734,6.064723014831543,-45.52708053588867,97.14083862304688,-6.6501922607421875,-46.57244873046875,96.66857147216797,Stop,Stepping
1776271741.6078107,13536.579080204,6.046250343322754,-50.420745849609375,99.29725646972656,-7.489023208618164,-50.163307189941406,98.60820007324219,5.751766681671143,-46.05597686767578,96.98616027832031,-6.31494140625,-47.0461540222168,96.51616668701172,Stop,Stepping
1776271741.6278353,13536.603093222,5.719576358795166,-50.73430633544922,98.99040222167969,-7.102722644805908,-50.49039840698242,98.34185028076172,5.444317817687988,-46.568359375,96.81970977783203,-5.985371112823486,-47.50505065917969,96.35335540771484,Stop,Stepping
1776271741.6478076,13536.619586447,5.400839328765869,-51.03398895263672,98.67979431152344,-6.725407600402832,-50.80324172973633,98.06991577148438,5.143800258636475,-47.062095642089844,96.64300537109375,-5.663026332855225,-47.947235107421875,96.18155670166016,Stop,Stepping
1776271741.6678336,13536.638931523,5.0881218910217285,-51.32185363769531,98.36410522460938,-6.35483980178833,-51.10397720336914,97.7914047241211,4.848438262939453,-47.54032516479492,96.45570373535156,-5.346011638641357,-48.37552261352539,96.0003662109375,Stop,Stepping
1776271741.6878378,13536.661587356,4.783185005187988,-51.59654998779297,98.04570770263672,-5.993137836456299,-51.391143798828125,97.50847625732422,4.559924602508545,-48.00053405761719,96.25955963134766,-5.036165714263916,-48.78767776489258,95.81147766113281,Stop,Stepping
1776271741.7078147,13536.679071118,4.486046314239502,-51.85837936401367,97.72526550292969,-5.640366554260254,-51.6650505065918,97.22185516357422,4.278315544128418,-48.44295883178711,96.05545806884766,-4.73355770111084,-49.18391036987305,95.61564636230469,Stop,Stepping
1776271741.7278183,13536.699705739,4.195626735687256,-52.108619689941406,97.40221405029297,-5.295260906219482,-51.92698669433594,96.93112182617188,4.002615928649902,-48.86946487426758,95.84339141845703,-4.437137603759766,-49.56589889526367,95.4128646850586,Stop,Stepping
1776271741.7478347,13536.721006285,3.9126555919647217,-52.346900939941406,97.07791900634766,-4.95872688293457,-52.17656326293945,96.63765716552734,3.7335495948791504,-49.279197692871094,95.62461853027344,-4.147697448730469,-49.932899475097656,95.20429229736328,Stop,Stepping
1776271741.76783,13536.73845845,3.6377410888671875,-52.57307815551758,96.75375366210938,-4.631516456604004,-52.41359329223633,96.34278106689453,3.4717369079589844,-49.67160415649414,95.40048217773438,-3.8659088611602783,-50.28437805175781,94.99111938476562,Stop,Stepping
1776271741.7878668,13536.759213409,3.370427370071411,-52.78786849975586,96.42982482910156,-4.313109874725342,-52.638797760009766,96.04666900634766,3.216768741607666,-50.047630310058594,95.17137908935547,-3.5913562774658203,-50.62124252319336,94.77375030517578,Stop,Stepping
1776271741.8078194,13536.785007174,3.1103827953338623,-52.99186325073242,96.10630798339844,-4.00313663482666,-52.85279846191406,95.7496337890625,2.9683594703674316,-50.4080696105957,94.93785858154297,-3.3237357139587402,-50.94416809082031,94.55262756347656,Stop,Stepping
1776271741.827811,13536.8042143,2.858643054962158,-53.18460464477539,95.78514862060547,-3.702860116958618,-53.05508804321289,95.45352935791016,2.7275328636169434,-50.751808166503906,94.70161437988281,-3.0641698837280273,-51.252174377441406,94.32933807373047,Stop,Stepping
1776271741.8478765,13536.836337727,2.6141469478607178,-53.367252349853516,95.46561431884766,-3.4110333919525146,-53.24686813354492,95.15777587890625,2.4933061599731445,-51.08063888549805,94.46244812011719,-2.8116068840026855,-51.54685592651367,94.10369110107422,Stop,Stepping
1776271741.8678355,13536.838352317,2.377758026123047,-53.53952407836914,95.1494369506836,-3.128716230392456,-53.42781448364258,94.86407470703125,2.266535997390747,-51.39376449584961,94.22203826904297,-2.5669760704040527,-51.8275032043457,93.87718200683594,Stop,Stepping
1776271741.8878515,13536.858403435,2.1488516330718994,-53.70219802856445,94.83639526367188,-2.855177879333496,-53.598777770996094,94.57233428955078,2.0466465950012207,-51.69236373901367,93.98047637939453,-2.3296802043914795,-52.09516525268555,93.64991760253906,Stop,Stepping
1776271741.9078953,13536.879493568,1.9282668828964233,-53.85506820678711,94.52826690673828,-2.591439723968506,-53.75946807861328,94.28424072265625,1.8344799280166626,-51.9757080078125,93.73947143554688,-2.1006269454956055,-52.34920120239258,93.42344665527344,Stop,Stepping
1776271741.9278963,13536.898168865,1.715389609336853,-53.998905181884766,94.22480773925781,-2.3367884159088135,-53.91072463989258,93.99970245361328,1.6294727325439453,-52.24497604370117,93.4991455078125,-1.8792277574539185,-52.590667724609375,93.19786834716797,Stop,Stepping
1776271741.9478283,13536.927760968,1.510589838027954,-54.13380432128906,93.92711639404297,-2.091679334640503,-54.0526237487793,93.71980285644531,1.432005763053894,-52.50008010864258,93.26065826416016,-1.665892243385315,-52.81945037841797,92.97425079345703,Stop,Stepping
1776271741.9678934,13536.938202205,1.3133350610733032,-54.260475158691406,93.63504791259766,-1.8554940223693848,-54.18590545654297,93.4444808959961,1.2415965795516968,-52.742042541503906,93.0241470336914,-1.4601157903671265,-53.036495208740234,92.752685546875,Stop,Stepping
1776271741.9878955,13536.958447799,1.1239627599716187,-54.37902069091797,93.34960174560547,-1.6286487579345703,-54.31067657470703,93.17478942871094,1.058590292930603,-52.9708137512207,92.79071044921875,-1.2622820138931274,-53.24174880981445,92.53419494628906,Stop,Stepping
1776271742.0078926,13536.981603273,0.9424163103103638,-54.48982238769531,93.0712890625,-1.4110963344573975,-54.42732238769531,92.91124725341797,0.8829625844955444,-53.18684387207031,92.56099700927734,-1.0723572969436646,-53.435611724853516,92.31936645507812,Stop,Stepping
1776271742.0279732,13536.999416473,0.7675357460975647,-54.59387969970703,92.79882049560547,-1.2014509439468384,-54.53689193725586,92.65269470214844,0.7136059403419495,-53.391841888427734,92.33418273925781,-0.8891708254814148,-53.61959457397461,92.10740661621094,Stop,Stepping
1776271742.0478234,13537.068887002,0.6027350425720215,-54.689510345458984,92.53810119628906,-1.0038244724273682,-54.63760757446289,92.40480041503906,0.5538596510887146,-53.58218765258789,92.11540985107422,-0.7163295745849609,-53.79047393798828,91.9030990600586,Stop,Stepping
1776271742.0678189,13537.069292323,0.44435355067253113,-54.779170989990234,92.28385162353516,-0.813825786113739,-54.732059478759766,92.16265106201172,0.4001865088939667,-53.76250076293945,91.90052032470703,-0.5500156879425049,-53.9523811340332,91.70255279541016,Stop,Stepping
1776271742.0878258,13537.069656511,0.2936077117919922,-54.8624267578125,92.0384750366211,-0.6329357028007507,-54.81978225708008,91.92855834960938,0.25379040837287903,-53.93168258666992,91.69172668457031,-0.39154407382011414,-54.10432052612305,91.50779724121094,Stop,Stepping
1776271742.1078997,13537.078635623,0.15016181766986847,-54.93976974487305,91.80191802978516,-0.4607563018798828,-54.90127182006836,91.70250701904297,0.11436780542135239,-54.0904541015625,91.4891357421875,-0.240585058927536,-54.24692916870117,91.31892395019531,Stop,Stepping
1776271742.1278827,13537.105919557,0.014512043446302414,-55.01118087768555,91.57540893554688,-0.2978893220424652,-54.976539611816406,91.48575592041016,-0.017584428191184998,-54.23855972290039,91.29402160644531,-0.09768479317426682,-54.3799934387207,91.13713073730469,Stop,Stepping
1776271742.1478329,13537.118482666,-0.11397168785333633,-55.0772705078125,91.35834503173828,-0.14359506964683533,-55.046199798583984,91.27775573730469,-0.14266173541545868,-54.377010345458984,91.10603332519531,0.037798505276441574,-54.5044059753418,90.96204376220703,Stop,Stepping
1776271742.1678686,13537.139468801,-0.23509131371974945,-55.13818359375,91.15145111083984,0.0019007453229278326,-55.11040115356445,91.07925415039062,-0.2606569528579712,-54.505855560302734,90.92595672607422,0.16562971472740173,-54.62022018432617,90.79439544677734,Stop,Stepping
1776271742.1878064,13537.159032113,-0.34902384877204895,-55.19422149658203,90.95480346679688,0.13878189027309418,-55.16947555541992,90.89036560058594,-0.3717232942581177,-54.62558364868164,90.7540054321289,0.28598418831825256,-54.727840423583984,90.63436889648438,Stop,Stepping
1776271742.2078319,13537.179388805,-0.4561135172843933,-55.24577713012695,90.76815032958984,0.2674713134765625,-55.22384262084961,90.71089935302734,-0.47618764638900757,-54.73678970336914,90.5901107788086,0.39919254183769226,-54.82782745361328,90.48189544677734,Stop,Stepping
1776271742.2278948,13537.217859781,-0.5561105608940125,-55.292945861816406,90.59227752685547,0.38765785098075867,-55.2735710144043,90.54161071777344,-0.5737924575805664,-54.839454650878906,90.43504333496094,0.504990816116333,-54.9201545715332,90.33771514892578,Stop,Stepping
1776271742.2478504,13537.22281805,-0.6493021249771118,-55.33604431152344,90.42697143554688,0.4996809959411621,-55.31901931762695,90.38236999511719,-0.6648024320602417,-54.93411636352539,90.28878784179688,0.6036556363105774,-55.00529861450195,90.20173645019531,Stop,Stepping
1776271742.2678537,13537.23859428,-0.7358430624008179,-55.37531280517578,90.27225494384766,0.6037284135818481,-55.360435485839844,90.23316955566406,-0.7493678331375122,-55.021121978759766,90.15144348144531,0.6953390836715698,-55.083560943603516,90.0740737915039,Stop,Stepping
1776271742.2878625,13537.258705959,-0.8158665299415588,-55.41098403930664,90.12815856933594,0.6999523043632507,-55.39804458618164,90.09410858154297,-0.8275944590568542,-55.100799560546875,90.02313232421875,0.7801661491394043,-55.15524673461914,89.95484161376953,Stop,Stepping
1776271742.3078165,13537.279943567,-0.8893686532974243,-55.44319534301758,89.9948959350586,0.7883491516113281,-55.43202209472656,89.9654312133789,-0.8994860053062439,-55.17332458496094,89.90414428710938,0.8581265807151794,-55.22051239013672,89.84430694580078,Stop,Stepping
1776271742.327806,13537.333031862,-0.9568727016448975,-55.47231674194336,89.87175750732422,0.869534432888031,-55.462738037109375,89.84645080566406,-0.965530514717102,-55.2393798828125,89.79393005371094,0.9297605156898499,-55.27996063232422,89.74193572998047,Stop,Stepping
1776271742.3478508,13537.333403852,-1.0185009241104126,-55.498504638671875,89.75870513916016,0.9436681270599365,-55.490360260009766,89.73713684082031,-1.025854229927063,-55.29920196533203,89.6925048828125,0.9951856732368469,-55.33380889892578,89.64775085449219,Stop,Stepping
1776271742.3678367,13537.339085079,-1.0741647481918335,-55.5218391418457,89.65605926513672,1.010629415512085,-55.514976501464844,89.63786315917969,-1.080357551574707,-55.35285186767578,89.6002426147461,1.0543094873428345,-55.382110595703125,89.56209564208984,Stop,Stepping
1776271742.387824,13537.360972369,-1.124234914779663,-55.54256820678711,89.56331634521484,1.0708709955215454,-55.536842346191406,89.54810333251953,-1.1293960809707642,-55.40079116821289,89.51670837402344,1.1075137853622437,-55.425270080566406,89.48455810546875,Stop,Stepping
1776271742.407826,13537.378319563,-1.168973684310913,-55.56087875366211,89.48011779785156,1.1246960163116455,-55.556148529052734,89.46753692626953,-1.1732288599014282,-55.44337844848633,89.441650390625,1.155061960220337,-55.4636116027832,89.41488647460938,Stop,Stepping
1776271742.4278533,13537.405948817,-1.2086290121078491,-55.576942443847656,89.40607452392578,1.1724107265472412,-55.57309341430664,89.39583587646484,-1.2120869159698486,-55.480918884277344,89.3747787475586,1.1972308158874512,-55.49742126464844,89.35281372070312,Stop,Stepping
1776271742.4479005,13537.418989884,-1.2433265447616577,-55.59086608886719,89.34110260009766,1.2141624689102173,-55.58778381347656,89.33287811279297,-1.2460983991622925,-55.51361083984375,89.31599426269531,1.2341293096542358,-55.52686309814453,89.29827117919922,Stop,Stepping
1776271742.4678423,13537.438357327,-1.273384690284729,-55.60283660888672,89.28465270996094,1.250333547592163,-55.60040283203125,89.27816772460938,-1.2755639553070068,-55.541812896728516,89.2648696899414,1.2661000490188599,-55.55226516723633,89.25084686279297,Stop,Stepping
1776271742.4878979,13537.46500941,-1.2990789413452148,-55.61298751831055,89.23627471923828,1.2812563180923462,-55.611114501953125,89.23128509521484,-1.3007581233978271,-55.56583786010742,89.2210464477539,1.2934386730194092,-55.57389831542969,89.21016693115234,Stop,Stepping
1776271742.5078619,13537.48030272,-1.3206865787506104,-55.62147521972656,89.19550323486328,1.3072590827941895,-55.62007141113281,89.19175720214844,-1.3219469785690308,-55.58597946166992,89.18407440185547,1.3164347410202026,-55.592037200927734,89.17586517333984,Stop,Stepping
1776271742.5278795,13537.49997263,-1.3385484218597412,-55.62845993041992,89.16175842285156,1.3287566900253296,-55.627437591552734,89.15901947021484,-1.3394639492034912,-55.602577209472656,89.15342712402344,1.3354442119598389,-55.606990814208984,89.14743041992188,Stop,Stepping
1776271742.547853,13537.518665471,-1.352922797203064,-55.634056091308594,89.13455963134766,1.3460564613342285,-55.63334274291992,89.13264465332031,-1.3535658121109009,-55.61591339111328,89.12872314453125,1.3507481813430786,-55.61900329589844,89.12451171875,Stop,Stepping
1776271742.567809,13537.541326628,-1.3641763925552368,-55.638423919677734,89.11323547363281,1.359602451324463,-55.637943267822266,89.11195373535156,-1.364605188369751,-55.626338958740234,89.1093521118164,1.3627268075942993,-55.62839126586914,89.1065444946289,Stop,Stepping
1776271742.5878236,13537.564063526,-1.3726502656936646,-55.641700744628906,89.09716796875,1.3697991371154785,-55.64139938354492,89.09637451171875,-1.372915267944336,-55.63417053222656,89.09475708007812,1.3717478513717651,-55.63545608520508,89.09300994873047,Stop,Stepping
1776271742.6078327,13537.578916422,-1.3787058591842651,-55.64403533935547,89.0856704711914,1.3770884275436401,-55.64387512207031,89.0852279663086,-1.378858208656311,-55.639766693115234,89.08430480957031,1.3781955242156982,-55.6404914855957,89.08332061767578,Stop,Stepping
1776271742.6278071,13537.604473065,-1.3827176094055176,-55.64558792114258,89.07804870605469,1.3819186687469482,-55.64550018310547,89.07782745361328,-1.3827905654907227,-55.64347457885742,89.07738494873047,1.382462501525879,-55.643821716308594,89.07688903808594,Stop,Stepping
1776271742.6478987,13537.624393825,-1.3850960731506348,-55.64649963378906,89.07354736328125,1.384779691696167,-55.64646530151367,89.07345581054688,-1.385124683380127,-55.64566421508789,89.07328033447266,1.3849961757659912,-55.645809173583984,89.07308959960938,Stop,Stepping
1776271742.6678143,13537.639121875,-1.3862464427947998,-55.64694595336914,89.07135772705078,1.3861631155014038,-55.64693832397461,89.07134246826172,-1.3862543106079102,-55.646728515625,89.07130432128906,1.3862249851226807,-55.646766662597656,89.07124328613281,Stop,Stepping
1776271742.6878376,13537.658583823,-1.3866126537322998,-55.6470832824707,89.07066345214844,1.3866033554077148,-55.64708709716797,89.07067108154297,-1.3866126537322998,-55.647071838378906,89.07067108154297,1.386609435081482,-55.647064208984375,89.07064819335938,Stop,Stepping
1776271742.7278535,13537.699864704,-1.3866409063339233,-55.647098541259766,89.07061004638672,1.3866409063339233,-55.647098541259766,89.07061004638672,-1.3866409063339233,-55.647090911865234,89.07061004638672,1.3866409063339233,-55.647090911865234,89.07061004638672,Stop,Stepping
1776271742.7478545,13537.721420718,-1.3866409063339233,-55.647098541259766,89.07061004638672,1.3866409063339233,-55.647098541259766,89.07061004638672,-1.3866409063339233,-55.647090911865234,89.07061004638672,1.3866409063339233,-55.647090911865234,89.07061004638672,Stop,Stepping
1776271742.7678673,13537.748068948,-1.3866409063339233,-55.647098541259766,89.07061004638672,1.3866409063339233,-55.647098541259766,89.07061004638672,-1.3866409063339233,-55.647090911865234,89.07061004638672,1.3866409063339233,-55.647090911865234,89.07061004638672,Stop,Stepping
1776271742.7878983,13537.763714815,-1.3866409063339233,-55.647098541259766,89.07061004638672,1.3866409063339233,-55.647098541259766,89.07061004638672,-1.3866409063339233,-55.647090911865234,89.07061004638672,1.3866409063339233,-55.647090911865234,89.07061004638672,Stop,Stepping
1776271742.8079126,13537.784421546,-1.3866409063339233,-55.647098541259766,89.07061004638672,1.3866409063339233,-55.647098541259766,89.07061004638672,-1.3866409063339233,-55.647090911865234,89.07061004638672,1.3866409063339233,-55.647090911865234,89.07061004638672,Stop,Stepping
1776271742.8278267,13537.799096622,-1.3866409063339233,-55.647098541259766,89.07061004638672,1.3866409063339233,-55.647098541259766,89.07061004638672,-1.3866409063339233,-55.647090911865234,89.07061004638672,1.3866409063339233,-55.647090911865234,89.07061004638672,Stop,Stepping
1776271742.8478963,13537.822206007,-1.3866409063339233,-55.647098541259766,89.07061004638672,1.3866409063339233,-55.647098541259766,89.07061004638672,-1.3866409063339233,-55.647090911865234,89.07061004638672,1.3866409063339233,-55.647090911865234,89.07061004638672,Stop,Stepping
1776271742.8678355,13537.839477787,-1.3866409063339233,-55.647098541259766,89.07061004638672,1.3866409063339233,-55.647098541259766,89.07061004638672,-1.3866409063339233,-55.647090911865234,89.07061004638672,1.3866409063339233,-55.647090911865234,89.07061004638672,Stop,Stepping
1776271742.8878374,13537.858176591,-1.3866409063339233,-55.647098541259766,89.07061004638672,1.3866409063339233,-55.647098541259766,89.07061004638672,-1.3866409063339233,-55.647090911865234,89.07061004638672,1.3866409063339233,-55.647090911865234,89.07061004638672,Stop,Stepping
1776271742.9078481,13537.879996938,-1.3866409063339233,-55.647098541259766,89.07061004638672,1.3866409063339233,-55.647098541259766,89.07061004638672,-1.3866409063339233,-55.647090911865234,89.07061004638672,1.3866409063339233,-55.647090911865234,89.07061004638672,Stop,Stepping
1776271742.927907,13537.89933194,-1.3866409063339233,-55.647098541259766,89.07061004638672,1.3866409063339233,-55.647098541259766,89.07061004638672,-1.3866409063339233,-55.647090911865234,89.07061004638672,1.3866409063339233,-55.647090911865234,89.07061004638672,Stop,Stepping
1776271742.947836,13537.921323563,-1.3866409063339233,-55.647098541259766,89.07061004638672,1.3866409063339233,-55.647098541259766,89.07061004638672,-1.3866409063339233,-55.647090911865234,89.07061004638672,1.3866409063339233,-55.647090911865234,89.07061004638672,Stop,Stepping
1776271742.9679203,13537.953607541,-1.3866409063339233,-55.647098541259766,89.07061004638672,1.3866409063339233,-55.647098541259766,89.07061004638672,-1.3866409063339233,-55.647090911865234,89.07061004638672,1.3866409063339233,-55.647090911865234,89.07061004638672,Stop,Stepping
1776271742.9878206,13537.959389335,-1.3866409063339233,-55.647098541259766,89.07061004638672,1.3866409063339233,-55.647098541259766,89.07061004638672,-1.3866409063339233,-55.647090911865234,89.07061004638672,1.3866409063339233,-55.647090911865234,89.07061004638672,Stop,Stepping
1776271743.0078726,13537.981079263,-1.3866409063339233,-55.647098541259766,89.07061004638672,1.3866409063339233,-55.647098541259766,89.07061004638672,-1.3866409063339233,-55.647090911865234,89.07061004638672,1.3866409063339233,-55.647090911865234,89.07061004638672,Stop,Stepping
1776271743.0279036,13538.001785908,-1.3866409063339233,-55.647098541259766,89.07061004638672,1.3866409063339233,-55.647098541259766,89.07061004638672,-1.3866409063339233,-55.647090911865234,89.07061004638672,1.3866409063339233,-55.647090911865234,89.07061004638672,Stop,Stepping
1776271743.0478323,13538.022546755,-1.3866409063339233,-55.647098541259766,89.07061004638672,1.3866409063339233,-55.647098541259766,89.07061004638672,-1.3866409063339233,-55.647090911865234,89.07061004638672,1.3866409063339233,-55.647090911865234,89.07061004638672,Stop,Stepping
1776271743.0678692,13538.045750992,-1.3866409063339233,-55.647098541259766,89.07061004638672,1.3866409063339233,-55.647098541259766,89.07061004638672,-1.3866409063339233,-55.647090911865234,89.07061004638672,1.3866409063339233,-55.647090911865234,89.07061004638672,Stop,Stepping
1776271743.087862,13538.065112215,-1.3866409063339233,-55.647098541259766,89.07061004638672,1.3866409063339233,-55.647098541259766,89.07061004638672,-1.3866409063339233,-55.647090911865234,89.07061004638672,1.3866409063339233,-55.647090911865234,89.07061004638672,Stop,Stepping
1776271743.1078594,13538.083552833,-1.3866409063339233,-55.647098541259766,89.07061004638672,1.3866409063339233,-55.647098541259766,89.07061004638672,-1.3866409063339233,-55.647090911865234,89.07061004638672,1.3866409063339233,-55.647090911865234,89.07061004638672,Stop,Stepping
1776271743.1278455,13538.106722152,-1.3866409063339233,-55.647098541259766,89.07061004638672,1.3866409063339233,-55.647098541259766,89.07061004638672,-1.3866409063339233,-55.647090911865234,89.07061004638672,1.3866409063339233,-55.647090911865234,89.07061004638672,Stop,Stepping
1776271743.1478338,13538.119088866,-1.3866409063339233,-55.647098541259766,89.07061004638672,1.3866409063339233,-55.647098541259766,89.07061004638672,-1.3866409063339233,-55.647090911865234,89.07061004638672,1.3866409063339233,-55.647090911865234,89.07061004638672,Stop,Stepping
1776271743.167836,13538.147369767,-1.3866409063339233,-55.647098541259766,89.07061004638672,1.3866409063339233,-55.647098541259766,89.07061004638672,-1.3866409063339233,-55.647090911865234,89.07061004638672,1.3866409063339233,-55.647090911865234,89.07061004638672,Stop,Stepping
1776271743.1878443,13538.167672898,-1.3866409063339233,-55.647098541259766,89.07061004638672,1.3866409063339233,-55.647098541259766,89.07061004638672,-1.3866409063339233,-55.647090911865234,89.07061004638672,1.3866409063339233,-55.647090911865234,89.07061004638672,Stop,Stepping
1776271743.2078376,13538.208321341,-1.3866409063339233,-55.647098541259766,89.07061004638672,1.3866409063339233,-55.647098541259766,89.07061004638672,-1.3866409063339233,-55.647090911865234,89.07061004638672,1.3866409063339233,-55.647090911865234,89.07061004638672,Stop,Stepping
1776271743.2279236,13538.209863955,-1.3866409063339233,-55.647098541259766,89.07061004638672,1.3866409063339233,-55.647098541259766,89.07061004638672,-1.3866409063339233,-55.647090911865234,89.07061004638672,1.3866409063339233,-55.647090911865234,89.07061004638672,Stop,Stepping
1776271743.2478845,13538.221991705,-1.3866409063339233,-55.647098541259766,89.07061004638672,1.3866409063339233,-55.647098541259766,89.07061004638672,-1.3866409063339233,-55.647090911865234,89.07061004638672,1.3866409063339233,-55.647090911865234,89.07061004638672,Stop,Stepping
1776271743.2678518,13538.274172613,-1.3866409063339233,-55.647098541259766,89.07061004638672,1.3866409063339233,-55.647098541259766,89.07061004638672,-1.3866409063339233,-55.647090911865234,89.07061004638672,1.3866409063339233,-55.647090911865234,89.07061004638672,Stop,Stepping
1776271743.2878838,13538.274608807,-1.3866409063339233,-55.647098541259766,89.07061004638672,1.3866409063339233,-55.647098541259766,89.07061004638672,-1.3866409063339233,-55.647090911865234,89.07061004638672,1.3866409063339233,-55.647090911865234,89.07061004638672,Stop,Stepping
1776271743.3078306,13538.280198607,-1.3866409063339233,-55.647098541259766,89.07061004638672,1.3866409063339233,-55.647098541259766,89.07061004638672,-1.3866409063339233,-55.647090911865234,89.07061004638672,1.3866409063339233,-55.647090911865234,89.07061004638672,Stop,Stepping
1776271743.3278434,13538.322993951,-1.3866409063339233,-55.647098541259766,89.07061004638672,1.3866409063339233,-55.647098541259766,89.07061004638672,-1.3866409063339233,-55.647090911865234,89.07061004638672,1.3866409063339233,-55.647090911865234,89.07061004638672,Stop,Stepping
1776271743.347832,13538.323866429,-1.3866409063339233,-55.647098541259766,89.07061004638672,1.3866409063339233,-55.647098541259766,89.07061004638672,-1.3866409063339233,-55.647090911865234,89.07061004638672,1.3866409063339233,-55.647090911865234,89.07061004638672,Stop,Stepping
1776271743.3680155,13538.402877238,-1.3866409063339233,-55.647098541259766,89.07061004638672,1.3866409063339233,-55.647098541259766,89.07061004638672,-1.3866409063339233,-55.647090911865234,89.07061004638672,1.3866409063339233,-55.647090911865234,89.07061004638672,Stop,Stepping
1776271743.3880303,13538.404043955,-1.3866409063339233,-55.647098541259766,89.07061004638672,1.3866409063339233,-55.647098541259766,89.07061004638672,-1.3866409063339233,-55.647090911865234,89.07061004638672,1.3866409063339233,-55.647090911865234,89.07061004638672,Stop,Stepping
1776271743.4078777,13538.404406515,-1.3866409063339233,-55.647098541259766,89.07061004638672,1.3866409063339233,-55.647098541259766,89.07061004638672,-1.3866409063339233,-55.647090911865234,89.07061004638672,1.3866409063339233,-55.647090911865234,89.07061004638672,Stop,Stepping
1776271743.4278848,13538.40477108,-1.3866409063339233,-55.647098541259766,89.07061004638672,1.3866409063339233,-55.647098541259766,89.07061004638672,-1.3866409063339233,-55.647090911865234,89.07061004638672,1.3866409063339233,-55.647090911865234,89.07061004638672,Stop,Stepping
1776271743.4479141,13538.423201998,-1.3866409063339233,-55.647098541259766,89.07061004638672,1.3866409063339233,-55.647098541259766,89.07061004638672,-1.3866409063339233,-55.647090911865234,89.07061004638672,1.3866409063339233,-55.647090911865234,89.07061004638672,Stop,Stepping
1776271743.4678645,13538.446047097,-1.3866409063339233,-55.647098541259766,89.07061004638672,1.3866409063339233,-55.647098541259766,89.07061004638672,-1.3866409063339233,-55.647090911865234,89.07061004638672,1.3866409063339233,-55.647090911865234,89.07061004638672,Stop,Stepping
1776271743.4878335,13538.506665562,-1.3866409063339233,-55.647098541259766,89.07061004638672,1.3866409063339233,-55.647098541259766,89.07061004638672,-1.3866409063339233,-55.647090911865234,89.07061004638672,1.3866409063339233,-55.647090911865234,89.07061004638672,Stop,Stepping
1776271743.5080466,13538.507202502,-1.3866409063339233,-55.647098541259766,89.07061004638672,1.3866409063339233,-55.647098541259766,89.07061004638672,-1.3866409063339233,-55.647090911865234,89.07061004638672,1.3866409063339233,-55.647090911865234,89.07061004638672,Stop,Stepping
1776271743.5284266,13538.507484801,-1.3866409063339233,-55.647098541259766,89.07061004638672,1.3866409063339233,-55.647098541259766,89.07061004638672,-1.3866409063339233,-55.647090911865234,89.07061004638672,1.3866409063339233,-55.647090911865234,89.07061004638672,Stop,Stepping
1776271743.54808,13538.521173288,-1.3866409063339233,-55.647098541259766,89.07061004638672,1.3866409063339233,-55.647098541259766,89.07061004638672,-1.3866409063339233,-55.647090911865234,89.07061004638672,1.3866409063339233,-55.647090911865234,89.07061004638672,Stop,Stepping
1776271743.5678022,13538.538167381,-1.3866409063339233,-55.647098541259766,89.07061004638672,1.3866409063339233,-55.647098541259766,89.07061004638672,-1.3866409063339233,-55.647090911865234,89.07061004638672,1.3866409063339233,-55.647090911865234,89.07061004638672,Stop,Stepping
1776271743.5877943,13538.558118231,-1.3866409063339233,-55.647098541259766,89.07061004638672,1.3866409063339233,-55.647098541259766,89.07061004638672,-1.3866409063339233,-55.647090911865234,89.07061004638672,1.3866409063339233,-55.647090911865234,89.07061004638672,Stop,Stepping
1776271743.6078563,13538.589463823,-1.3866409063339233,-55.647098541259766,89.07061004638672,1.3866409063339233,-55.647098541259766,89.07061004638672,-1.3866409063339233,-55.647090911865234,89.07061004638672,1.3866409063339233,-55.647090911865234,89.07061004638672,Stop,Stepping
1776271743.6278496,13538.599361296,-1.3866409063339233,-55.647098541259766,89.07061004638672,1.3866409063339233,-55.647098541259766,89.07061004638672,-1.3866409063339233,-55.647090911865234,89.07061004638672,1.3866409063339233,-55.647090911865234,89.07061004638672,Stop,Stepping
1776271743.6478696,13538.618683824,-1.3866409063339233,-55.647098541259766,89.07061004638672,1.3866409063339233,-55.647098541259766,89.07061004638672,-1.3866409063339233,-55.647090911865234,89.07061004638672,1.3866409063339233,-55.647090911865234,89.07061004638672,Stop,Stepping
1776271743.6678567,13538.643611359,-1.3866409063339233,-55.647098541259766,89.07061004638672,1.3866409063339233,-55.647098541259766,89.07061004638672,-1.3866409063339233,-55.647090911865234,89.07061004638672,1.3866409063339233,-55.647090911865234,89.07061004638672,Stop,Stepping
1776271743.6878967,13538.680637958,-1.3866409063339233,-55.647098541259766,89.07061004638672,1.3866409063339233,-55.647098541259766,89.07061004638672,-1.3866409063339233,-55.647090911865234,89.07061004638672,1.3866409063339233,-55.647090911865234,89.07061004638672,Stop,Stepping
1776271743.7080445,13538.681217364,-1.3866409063339233,-55.647098541259766,89.07061004638672,1.3866409063339233,-55.647098541259766,89.07061004638672,-1.3866409063339233,-55.647090911865234,89.07061004638672,1.3866409063339233,-55.647090911865234,89.07061004638672,Stop,Stepping
1776271743.7278798,13538.707078943,-1.3866409063339233,-55.647098541259766,89.07061004638672,1.3866409063339233,-55.647098541259766,89.07061004638672,-1.3866409063339233,-55.647090911865234,89.07061004638672,1.3866409063339233,-55.647090911865234,89.07061004638672,Stop,Stepping
1776271743.747859,13538.72487133,-1.3866409063339233,-55.647098541259766,89.07061004638672,1.3866409063339233,-55.647098541259766,89.07061004638672,-1.3866409063339233,-55.647090911865234,89.07061004638672,1.3866409063339233,-55.647090911865234,89.07061004638672,Stop,Stepping
1776271743.7678685,13538.740542323,-1.3866409063339233,-55.647098541259766,89.07061004638672,1.3866409063339233,-55.647098541259766,89.07061004638672,-1.3866409063339233,-55.647090911865234,89.07061004638672,1.3866409063339233,-55.647090911865234,89.07061004638672,Stop,Stepping
1776271743.7878711,13538.763209749,-1.3866409063339233,-55.647098541259766,89.07061004638672,1.3866409063339233,-55.647098541259766,89.07061004638672,-1.3866409063339233,-55.647090911865234,89.07061004638672,1.3866409063339233,-55.647090911865234,89.07061004638672,Stop,Stepping
1776271743.8078635,13538.788366114,-1.3866409063339233,-55.647098541259766,89.07061004638672,1.3866409063339233,-55.647098541259766,89.07061004638672,-1.3866409063339233,-55.647090911865234,89.07061004638672,1.3866409063339233,-55.647090911865234,89.07061004638672,Stop,Stepping
1776271743.8278513,13538.801407711,-1.3866409063339233,-55.647098541259766,89.07061004638672,1.3866409063339233,-55.647098541259766,89.07061004638672,-1.3866409063339233,-55.647090911865234,89.07061004638672,1.3866409063339233,-55.647090911865234,89.07061004638672,Stop,Stepping
1776271743.8478568,13538.819304247,-1.3866409063339233,-55.647098541259766,89.07061004638672,1.3866409063339233,-55.647098541259766,89.07061004638672,-1.3866409063339233,-55.647090911865234,89.07061004638672,1.3866409063339233,-55.647090911865234,89.07061004638672,Stop,Stepping
1776271743.8678675,13538.840213644,-1.3866409063339233,-55.647098541259766,89.07061004638672,1.3866409063339233,-55.647098541259766,89.07061004638672,-1.3866409063339233,-55.647090911865234,89.07061004638672,1.3866409063339233,-55.647090911865234,89.07061004638672,Stop,Stepping
1776271743.8878567,13538.858595477,-1.3866409063339233,-55.647098541259766,89.07061004638672,1.3866409063339233,-55.647098541259766,89.07061004638672,-1.3866409063339233,-55.647090911865234,89.07061004638672,1.3866409063339233,-55.647090911865234,89.07061004638672,Stop,Stepping
1776271743.9078484,13538.882472118,-1.3866409063339233,-55.647098541259766,89.07061004638672,1.3866409063339233,-55.647098541259766,89.07061004638672,-1.3866409063339233,-55.647090911865234,89.07061004638672,1.3866409063339233,-55.647090911865234,89.07061004638672,Stop,Stepping
1776271743.9278562,13538.898620688,-1.3866409063339233,-55.647098541259766,89.07061004638672,1.3866409063339233,-55.647098541259766,89.07061004638672,-1.3866409063339233,-55.647090911865234,89.07061004638672,1.3866409063339233,-55.647090911865234,89.07061004638672,Stop,Stepping
1776271743.9478843,13538.918224818,-1.3866409063339233,-55.647098541259766,89.07061004638672,1.3866409063339233,-55.647098541259766,89.07061004638672,-1.3866409063339233,-55.647090911865234,89.07061004638672,1.3866409063339233,-55.647090911865234,89.07061004638672,Stop,Stepping
1776271743.9678886,13538.942474956,-1.3866409063339233,-55.647098541259766,89.07061004638672,1.3866409063339233,-55.647098541259766,89.07061004638672,-1.3866409063339233,-55.647090911865234,89.07061004638672,1.3866409063339233,-55.647090911865234,89.07061004638672,Stop,Stepping
1776271743.9879282,13538.958895599,-1.3866409063339233,-55.647098541259766,89.07061004638672,1.3866409063339233,-55.647098541259766,89.07061004638672,-1.3866409063339233,-55.647090911865234,89.07061004638672,1.3866409063339233,-55.647090911865234,89.07061004638672,Stop,Stepping
1776271744.007949,13538.978599578,-1.3866409063339233,-55.647098541259766,89.07061004638672,1.3866409063339233,-55.647098541259766,89.07061004638672,-1.3866409063339233,-55.647090911865234,89.07061004638672,1.3866409063339233,-55.647090911865234,89.07061004638672,Stop,Stepping
1776271744.0278594,13538.998321665,-1.3866409063339233,-55.647098541259766,89.07061004638672,1.3866409063339233,-55.647098541259766,89.07061004638672,-1.3866409063339233,-55.647090911865234,89.07061004638672,1.3866409063339233,-55.647090911865234,89.07061004638672,Stop,Stepping
1776271744.0478632,13539.019777084,-1.3866409063339233,-55.647098541259766,89.07061004638672,1.3866409063339233,-55.647098541259766,89.07061004638672,-1.3866409063339233,-55.647090911865234,89.07061004638672,1.3866409063339233,-55.647090911865234,89.07061004638672,Stop,Stepping
1776271744.0678413,13539.038290647,-1.3866409063339233,-55.647098541259766,89.07061004638672,1.3866409063339233,-55.647098541259766,89.07061004638672,-1.3866409063339233,-55.647090911865234,89.07061004638672,1.3866409063339233,-55.647090911865234,89.07061004638672,Stop,Stepping
1776271744.0878544,13539.060946345,-1.3866409063339233,-55.647098541259766,89.07061004638672,1.3866409063339233,-55.647098541259766,89.07061004638672,-1.3866409063339233,-55.647090911865234,89.07061004638672,1.3866409063339233,-55.647090911865234,89.07061004638672,Stop,Stepping
1776271744.1078546,13539.078580948,-1.3866409063339233,-55.647098541259766,89.07061004638672,1.3866409063339233,-55.647098541259766,89.07061004638672,-1.3866409063339233,-55.647090911865234,89.07061004638672,1.3866409063339233,-55.647090911865234,89.07061004638672,Stop,Stepping
1776271744.1278791,13539.098960796,-1.3866409063339233,-55.647098541259766,89.07061004638672,1.3866409063339233,-55.647098541259766,89.07061004638672,-1.3866409063339233,-55.647090911865234,89.07061004638672,1.3866409063339233,-55.647090911865234,89.07061004638672,Stop,Stepping
1776271744.1478624,13539.122426835,-1.3866409063339233,-55.647098541259766,89.07061004638672,1.3866409063339233,-55.647098541259766,89.07061004638672,-1.3866409063339233,-55.647090911865234,89.07061004638672,1.3866409063339233,-55.647090911865234,89.07061004638672,Stop,Stepping
1776271744.167855,13539.139974093,-1.3866409063339233,-55.647098541259766,89.07061004638672,1.3866409063339233,-55.647098541259766,89.07061004638672,-1.3866409063339233,-55.647090911865234,89.07061004638672,1.3866409063339233,-55.647090911865234,89.07061004638672,Stop,Stepping
1776271744.1878495,13539.159890828,-1.3866409063339233,-55.647098541259766,89.07061004638672,1.3866409063339233,-55.647098541259766,89.07061004638672,-1.3866409063339233,-55.647090911865234,89.07061004638672,1.3866409063339233,-55.647090911865234,89.07061004638672,Stop,Stepping
1776271744.2078433,13539.182379184,-1.3866409063339233,-55.647098541259766,89.07061004638672,1.3866409063339233,-55.647098541259766,89.07061004638672,-1.3866409063339233,-55.647090911865234,89.07061004638672,1.3866409063339233,-55.647090911865234,89.07061004638672,Stop,Stepping
1776271744.227828,13539.198320216,-1.3866409063339233,-55.647098541259766,89.07061004638672,1.3866409063339233,-55.647098541259766,89.07061004638672,-1.3866409063339233,-55.647090911865234,89.07061004638672,1.3866409063339233,-55.647090911865234,89.07061004638672,Stop,Stepping
1776271744.2478592,13539.219178186,-1.3866409063339233,-55.647098541259766,89.07061004638672,1.3866409063339233,-55.647098541259766,89.07061004638672,-1.3866409063339233,-55.647090911865234,89.07061004638672,1.3866409063339233,-55.647090911865234,89.07061004638672,Stop,Stepping
1776271744.2678258,13539.238706543,-1.3866409063339233,-55.647098541259766,89.07061004638672,1.3866409063339233,-55.647098541259766,89.07061004638672,-1.3866409063339233,-55.647090911865234,89.07061004638672,1.3866409063339233,-55.647090911865234,89.07061004638672,Stop,Stepping
1776271744.2879074,13539.258784202,-1.3866409063339233,-55.647098541259766,89.07061004638672,1.3866409063339233,-55.647098541259766,89.07061004638672,-1.3866409063339233,-55.647090911865234,89.07061004638672,1.3866409063339233,-55.647090911865234,89.07061004638672,Stop,Stepping
1776271744.3078294,13539.281194336,-1.3866409063339233,-55.647098541259766,89.07061004638672,1.3866409063339233,-55.647098541259766,89.07061004638672,-1.3866409063339233,-55.647090911865234,89.07061004638672,1.3866409063339233,-55.647090911865234,89.07061004638672,Stop,Stepping
1776271744.3279004,13539.30239989,-1.3866409063339233,-55.647098541259766,89.07061004638672,1.3866409063339233,-55.647098541259766,89.07061004638672,-1.3866409063339233,-55.647090911865234,89.07061004638672,1.3866409063339233,-55.647090911865234,89.07061004638672,Stop,Stepping
1776271744.3479173,13539.322995437,-1.3866409063339233,-55.647098541259766,89.07061004638672,1.3866409063339233,-55.647098541259766,89.07061004638672,-1.3866409063339233,-55.647090911865234,89.07061004638672,1.3866409063339233,-55.647090911865234,89.07061004638672,Stop,Stepping
1776271744.3678558,13539.342505307,-1.3866409063339233,-55.647098541259766,89.07061004638672,1.3866409063339233,-55.647098541259766,89.07061004638672,-1.3866409063339233,-55.647090911865234,89.07061004638672,1.3866409063339233,-55.647090911865234,89.07061004638672,Stop,Stepping
1776271744.3878727,13539.363673767,-1.3866409063339233,-55.647098541259766,89.07061004638672,1.3866409063339233,-55.647098541259766,89.07061004638672,-1.3866409063339233,-55.647090911865234,89.07061004638672,1.3866409063339233,-55.647090911865234,89.07061004638672,Stop,Stepping
1776271744.4078526,13539.378194062,-1.3866409063339233,-55.647098541259766,89.07061004638672,1.3866409063339233,-55.647098541259766,89.07061004638672,-1.3866409063339233,-55.647090911865234,89.07061004638672,1.3866409063339233,-55.647090911865234,89.07061004638672,Stop,Stepping
1776271744.4278443,13539.402177444,-1.3866409063339233,-55.647098541259766,89.07061004638672,1.3866409063339233,-55.647098541259766,89.07061004638672,-1.3866409063339233,-55.647090911865234,89.07061004638672,1.3866409063339233,-55.647090911865234,89.07061004638672,Stop,Stepping
1776271744.4478397,13539.418200685,-1.3866409063339233,-55.647098541259766,89.07061004638672,1.3866409063339233,-55.647098541259766,89.07061004638672,-1.3866409063339233,-55.647090911865234,89.07061004638672,1.3866409063339233,-55.647090911865234,89.07061004638672,Stop,Stepping
1776271744.4678671,13539.444967177,-1.3866409063339233,-55.647098541259766,89.07061004638672,1.3866409063339233,-55.647098541259766,89.07061004638672,-1.3866409063339233,-55.647090911865234,89.07061004638672,1.3866409063339233,-55.647090911865234,89.07061004638672,Stop,Stepping
1776271744.487859,13539.462948625,-1.3866409063339233,-55.647098541259766,89.07061004638672,1.3866409063339233,-55.647098541259766,89.07061004638672,-1.3866409063339233,-55.647090911865234,89.07061004638672,1.3866409063339233,-55.647090911865234,89.07061004638672,Stop,Stepping
1776271744.507919,13539.479182753,-1.3866409063339233,-55.647098541259766,89.07061004638672,1.3866409063339233,-55.647098541259766,89.07061004638672,-1.3866409063339233,-55.647090911865234,89.07061004638672,1.3866409063339233,-55.647090911865234,89.07061004638672,Stop,Stepping
1776271744.527855,13539.503053427,-1.3866409063339233,-55.647098541259766,89.07061004638672,1.3866409063339233,-55.647098541259766,89.07061004638672,-1.3866409063339233,-55.647090911865234,89.07061004638672,1.3866409063339233,-55.647090911865234,89.07061004638672,Stop,Stepping
1776271744.5478423,13539.518283064,-1.3866409063339233,-55.647098541259766,89.07061004638672,1.3866409063339233,-55.647098541259766,89.07061004638672,-1.3866409063339233,-55.647090911865234,89.07061004638672,1.3866409063339233,-55.647090911865234,89.07061004638672,Stop,Stepping
1776271744.5678515,13539.540291763,-1.3866409063339233,-55.647098541259766,89.07061004638672,1.3866409063339233,-55.647098541259766,89.07061004638672,-1.3866409063339233,-55.647090911865234,89.07061004638672,1.3866409063339233,-55.647090911865234,89.07061004638672,Stop,Stepping
1776271744.5878444,13539.55920381,-1.3866409063339233,-55.647098541259766,89.07061004638672,1.3866409063339233,-55.647098541259766,89.07061004638672,-1.3866409063339233,-55.647090911865234,89.07061004638672,1.3866409063339233,-55.647090911865234,89.07061004638672,Stop,Stepping
1776271744.6078424,13539.580079293,-1.3866409063339233,-55.647098541259766,89.07061004638672,1.3866409063339233,-55.647098541259766,89.07061004638672,-1.3866409063339233,-55.647090911865234,89.07061004638672,1.3866409063339233,-55.647090911865234,89.07061004638672,Stop,Stepping
1776271744.627881,13539.598300294,-1.3866409063339233,-55.647098541259766,89.07061004638672,1.3866409063339233,-55.647098541259766,89.07061004638672,-1.3866409063339233,-55.647090911865234,89.07061004638672,1.3866409063339233,-55.647090911865234,89.07061004638672,Stop,Stepping
1776271744.6478736,13539.619855478,-1.3866409063339233,-55.647098541259766,89.07061004638672,1.3866409063339233,-55.647098541259766,89.07061004638672,-1.3866409063339233,-55.647090911865234,89.07061004638672,1.3866409063339233,-55.647090911865234,89.07061004638672,Stop,Stepping
1776271744.6678743,13539.644563242,-1.3866409063339233,-55.647098541259766,89.07061004638672,1.3866409063339233,-55.647098541259766,89.07061004638672,-1.3866409063339233,-55.647090911865234,89.07061004638672,1.3866409063339233,-55.647090911865234,89.07061004638672,Stop,Stepping
1776271744.6879056,13539.6589492,-1.3866409063339233,-55.647098541259766,89.07061004638672,1.3866409063339233,-55.647098541259766,89.07061004638672,-1.3866409063339233,-55.647090911865234,89.07061004638672,1.3866409063339233,-55.647090911865234,89.07061004638672,Stop,Stepping
1776271744.7078605,13539.678902868,-1.3866409063339233,-55.647098541259766,89.07061004638672,1.3866409063339233,-55.647098541259766,89.07061004638672,-1.3866409063339233,-55.647090911865234,89.07061004638672,1.3866409063339233,-55.647090911865234,89.07061004638672,Stop,Stepping
1776271744.7278593,13539.70028466,-1.3866409063339233,-55.647098541259766,89.07061004638672,1.3866409063339233,-55.647098541259766,89.07061004638672,-1.3866409063339233,-55.647090911865234,89.07061004638672,1.3866409063339233,-55.647090911865234,89.07061004638672,Stop,Stepping
1776271744.7478561,13539.72174012,-1.3866409063339233,-55.647098541259766,89.07061004638672,1.3866409063339233,-55.647098541259766,89.07061004638672,-1.3866409063339233,-55.647090911865234,89.07061004638672,1.3866409063339233,-55.647090911865234,89.07061004638672,Stop,Stepping
1776271744.767881,13539.738950692,-1.3866409063339233,-55.647098541259766,89.07061004638672,1.3866409063339233,-55.647098541259766,89.07061004638672,-1.3866409063339233,-55.647090911865234,89.07061004638672,1.3866409063339233,-55.647090911865234,89.07061004638672,Stop,Stepping
1776271744.787905,13539.769994891,-1.3866409063339233,-55.647098541259766,89.07061004638672,1.3866409063339233,-55.647098541259766,89.07061004638672,-1.3866409063339233,-55.647090911865234,89.07061004638672,1.3866409063339233,-55.647090911865234,89.07061004638672,Stop,Stepping
1776271744.807849,13539.780134311,-1.3866409063339233,-55.647098541259766,89.07061004638672,1.3866409063339233,-55.647098541259766,89.07061004638672,-1.3866409063339233,-55.647090911865234,89.07061004638672,1.3866409063339233,-55.647090911865234,89.07061004638672,Stop,Stepping
1776271744.8279195,13539.801086738,-1.3866409063339233,-55.647098541259766,89.07061004638672,1.3866409063339233,-55.647098541259766,89.07061004638672,-1.3866409063339233,-55.647090911865234,89.07061004638672,1.3866409063339233,-55.647090911865234,89.07061004638672,Stop,Stepping
1776271744.8479033,13539.81839578,-1.3866409063339233,-55.647098541259766,89.07061004638672,1.3866409063339233,-55.647098541259766,89.07061004638672,-1.3866409063339233,-55.647090911865234,89.07061004638672,1.3866409063339233,-55.647090911865234,89.07061004638672,Stop,Stepping
1776271744.8678558,13539.842818929,-1.3866409063339233,-55.647098541259766,89.07061004638672,1.3866409063339233,-55.647098541259766,89.07061004638672,-1.3866409063339233,-55.647090911865234,89.07061004638672,1.3866409063339233,-55.647090911865234,89.07061004638672,Stop,Stepping
1776271744.8878868,13539.859043192,-1.3866409063339233,-55.647098541259766,89.07061004638672,1.3866409063339233,-55.647098541259766,89.07061004638672,-1.3866409063339233,-55.647090911865234,89.07061004638672,1.3866409063339233,-55.647090911865234,89.07061004638672,Stop,Stepping
1776271744.9078643,13539.878808867,-1.3866409063339233,-55.647098541259766,89.07061004638672,1.3866409063339233,-55.647098541259766,89.07061004638672,-1.3866409063339233,-55.647090911865234,89.07061004638672,1.3866409063339233,-55.647090911865234,89.07061004638672,Stop,Stepping
1776271744.9278784,13539.901142999,-1.3866409063339233,-55.647098541259766,89.07061004638672,1.3866409063339233,-55.647098541259766,89.07061004638672,-1.3866409063339233,-55.647090911865234,89.07061004638672,1.3866409063339233,-55.647090911865234,89.07061004638672,Stop,Stepping
1776271744.9478686,13539.918887543,-1.3866409063339233,-55.647098541259766,89.07061004638672,1.3866409063339233,-55.647098541259766,89.07061004638672,-1.3866409063339233,-55.647090911865234,89.07061004638672,1.3866409063339233,-55.647090911865234,89.07061004638672,Stop,Stepping
1776271744.9679492,13539.938745663,-1.3866409063339233,-55.647098541259766,89.07061004638672,1.3866409063339233,-55.647098541259766,89.07061004638672,-1.3866409063339233,-55.647090911865234,89.07061004638672,1.3866409063339233,-55.647090911865234,89.07061004638672,Stop,Stepping
1776271744.987864,13539.958457768,-1.3866409063339233,-55.647098541259766,89.07061004638672,1.3866409063339233,-55.647098541259766,89.07061004638672,-1.3866409063339233,-55.647090911865234,89.07061004638672,1.3866409063339233,-55.647090911865234,89.07061004638672,Stop,Stepping
1776271745.0078747,13539.981962941,-1.3866409063339233,-55.647098541259766,89.07061004638672,1.3866409063339233,-55.647098541259766,89.07061004638672,-1.3866409063339233,-55.647090911865234,89.07061004638672,1.3866409063339233,-55.647090911865234,89.07061004638672,Stop,Stepping
1776271745.0279438,13540.001097446,-1.3866409063339233,-55.647098541259766,89.07061004638672,1.3866409063339233,-55.647098541259766,89.07061004638672,-1.3866409063339233,-55.647090911865234,89.07061004638672,1.3866409063339233,-55.647090911865234,89.07061004638672,Stop,Stepping
1776271745.047879,13540.02073326,-1.3866409063339233,-55.647098541259766,89.07061004638672,1.3866409063339233,-55.647098541259766,89.07061004638672,-1.3866409063339233,-55.647090911865234,89.07061004638672,1.3866409063339233,-55.647090911865234,89.07061004638672,Stop,Stepping
1776271745.0678701,13540.044220178,-1.3866409063339233,-55.647098541259766,89.07061004638672,1.3866409063339233,-55.647098541259766,89.07061004638672,-1.3866409063339233,-55.647090911865234,89.07061004638672,1.3866409063339233,-55.647090911865234,89.07061004638672,Stop,Stepping
1776271745.0878396,13540.061221312,-1.3866409063339233,-55.647098541259766,89.07061004638672,1.3866409063339233,-55.647098541259766,89.07061004638672,-1.3866409063339233,-55.647090911865234,89.07061004638672,1.3866409063339233,-55.647090911865234,89.07061004638672,Stop,Stepping
1776271745.1078796,13540.079810733,-1.3866409063339233,-55.647098541259766,89.07061004638672,1.3866409063339233,-55.647098541259766,89.07061004638672,-1.3866409063339233,-55.647090911865234,89.07061004638672,1.3866409063339233,-55.647090911865234,89.07061004638672,Stop,Stepping
1776271745.1279137,13540.102538127,-1.3866409063339233,-55.647098541259766,89.07061004638672,1.3866409063339233,-55.647098541259766,89.07061004638672,-1.3866409063339233,-55.647090911865234,89.07061004638672,1.3866409063339233,-55.647090911865234,89.07061004638672,Stop,Stepping
1776271745.147939,13540.124959079,-1.3866409063339233,-55.647098541259766,89.07061004638672,1.3866409063339233,-55.647098541259766,89.07061004638672,-1.3866409063339233,-55.647090911865234,89.07061004638672,1.3866409063339233,-55.647090911865234,89.07061004638672,Stop,Stepping
1776271745.1678693,13540.139137016,-1.3866409063339233,-55.647098541259766,89.07061004638672,1.3866409063339233,-55.647098541259766,89.07061004638672,-1.3866409063339233,-55.647090911865234,89.07061004638672,1.3866409063339233,-55.647090911865234,89.07061004638672,Stop,Stepping
1776271745.187865,13540.160731205,-1.3866409063339233,-55.647098541259766,89.07061004638672,1.3866409063339233,-55.647098541259766,89.07061004638672,-1.3866409063339233,-55.647090911865234,89.07061004638672,1.3866409063339233,-55.647090911865234,89.07061004638672,Stop,Stepping
1776271745.2078874,13540.179099895,-1.3866409063339233,-55.647098541259766,89.07061004638672,1.3866409063339233,-55.647098541259766,89.07061004638672,-1.3866409063339233,-55.647090911865234,89.07061004638672,1.3866409063339233,-55.647090911865234,89.07061004638672,Stop,Stepping
1776271745.2279313,13540.199380132,-1.3866409063339233,-55.647098541259766,89.07061004638672,1.3866409063339233,-55.647098541259766,89.07061004638672,-1.3866409063339233,-55.647090911865234,89.07061004638672,1.3866409063339233,-55.647090911865234,89.07061004638672,Stop,Stepping
1776271745.2478726,13540.223222985,-1.3866409063339233,-55.647098541259766,89.07061004638672,1.3866409063339233,-55.647098541259766,89.07061004638672,-1.3866409063339233,-55.647090911865234,89.07061004638672,1.3866409063339233,-55.647090911865234,89.07061004638672,Stop,Stepping
1776271745.267865,13540.244318163,-1.3866409063339233,-55.647098541259766,89.07061004638672,1.3866409063339233,-55.647098541259766,89.07061004638672,-1.3866409063339233,-55.647090911865234,89.07061004638672,1.3866409063339233,-55.647090911865234,89.07061004638672,Stop,Stepping
1776271745.2878861,13540.260461279,-1.3866409063339233,-55.647098541259766,89.07061004638672,1.3866409063339233,-55.647098541259766,89.07061004638672,-1.3866409063339233,-55.647090911865234,89.07061004638672,1.3866409063339233,-55.647090911865234,89.07061004638672,Stop,Stepping
1776271745.3078754,13540.283420705,-1.3866409063339233,-55.647098541259766,89.07061004638672,1.3866409063339233,-55.647098541259766,89.07061004638672,-1.3866409063339233,-55.647090911865234,89.07061004638672,1.3866409063339233,-55.647090911865234,89.07061004638672,Stop,Stepping
1776271745.3278785,13540.299224853,-1.3866409063339233,-55.647098541259766,89.07061004638672,1.3866409063339233,-55.647098541259766,89.07061004638672,-1.3866409063339233,-55.647090911865234,89.07061004638672,1.3866409063339233,-55.647090911865234,89.07061004638672,Stop,Stepping
1776271745.3478901,13540.347055405,-1.3866409063339233,-55.647098541259766,89.07061004638672,1.3866409063339233,-55.647098541259766,89.07061004638672,-1.3866409063339233,-55.647090911865234,89.07061004638672,1.3866409063339233,-55.647090911865234,89.07061004638672,Stop,Stepping
1776271745.3678632,13540.348844586,-1.3866409063339233,-55.647098541259766,89.07061004638672,1.3866409063339233,-55.647098541259766,89.07061004638672,-1.3866409063339233,-55.647090911865234,89.07061004638672,1.3866409063339233,-55.647090911865234,89.07061004638672,Stop,Stepping
1776271745.3878644,13540.365111617,-1.3866409063339233,-55.647098541259766,89.07061004638672,1.3866409063339233,-55.647098541259766,89.07061004638672,-1.3866409063339233,-55.647090911865234,89.07061004638672,1.3866409063339233,-55.647090911865234,89.07061004638672,Stop,Stepping
1776271745.407899,13540.378774184,-1.3866409063339233,-55.647098541259766,89.07061004638672,1.3866409063339233,-55.647098541259766,89.07061004638672,-1.3866409063339233,-55.647090911865234,89.07061004638672,1.3866409063339233,-55.647090911865234,89.07061004638672,Stop,Stepping
1776271745.42796,13540.398610343,-1.3866409063339233,-55.647098541259766,89.07061004638672,1.3866409063339233,-55.647098541259766,89.07061004638672,-1.3866409063339233,-55.647090911865234,89.07061004638672,1.3866409063339233,-55.647090911865234,89.07061004638672,Stop,Stepping
1776271745.4479327,13540.428265164,-1.3866409063339233,-55.647098541259766,89.07061004638672,1.3866409063339233,-55.647098541259766,89.07061004638672,-1.3866409063339233,-55.647090911865234,89.07061004638672,1.3866409063339233,-55.647090911865234,89.07061004638672,Stop,Stepping
1776271745.4678798,13540.439255542,-1.3866409063339233,-55.647098541259766,89.07061004638672,1.3866409063339233,-55.647098541259766,89.07061004638672,-1.3866409063339233,-55.647090911865234,89.07061004638672,1.3866409063339233,-55.647090911865234,89.07061004638672,Stop,Stepping
1776271745.487851,13540.463501022,-1.3866409063339233,-55.647098541259766,89.07061004638672,1.3866409063339233,-55.647098541259766,89.07061004638672,-1.3866409063339233,-55.647090911865234,89.07061004638672,1.3866409063339233,-55.647090911865234,89.07061004638672,Stop,Stepping
1776271745.5079072,13540.478394994,-1.3866409063339233,-55.647098541259766,89.07061004638672,1.3866409063339233,-55.647098541259766,89.07061004638672,-1.3866409063339233,-55.647090911865234,89.07061004638672,1.3866409063339233,-55.647090911865234,89.07061004638672,Stop,Stepping
1776271745.5279448,13540.503312919,-1.3866409063339233,-55.647098541259766,89.07061004638672,1.3866409063339233,-55.647098541259766,89.07061004638672,-1.3866409063339233,-55.647090911865234,89.07061004638672,1.3866409063339233,-55.647090911865234,89.07061004638672,Stop,Stepping
1776271745.5478656,13540.52187682,-1.3866409063339233,-55.647098541259766,89.07061004638672,1.3866409063339233,-55.647098541259766,89.07061004638672,-1.3866409063339233,-55.647090911865234,89.07061004638672,1.3866409063339233,-55.647090911865234,89.07061004638672,Stop,Stepping
1776271745.5678685,13540.538448327,-1.3866409063339233,-55.647098541259766,89.07061004638672,1.3866409063339233,-55.647098541259766,89.07061004638672,-1.3866409063339233,-55.647090911865234,89.07061004638672,1.3866409063339233,-55.647090911865234,89.07061004638672,Stop,Stepping
1776271745.5879467,13540.575898827,-1.3866409063339233,-55.647098541259766,89.07061004638672,1.3866409063339233,-55.647098541259766,89.07061004638672,-1.3866409063339233,-55.647090911865234,89.07061004638672,1.3866409063339233,-55.647090911865234,89.07061004638672,Stop,Stepping
1776271745.6078622,13540.58192387,-1.3866409063339233,-55.647098541259766,89.07061004638672,1.3866409063339233,-55.647098541259766,89.07061004638672,-1.3866409063339233,-55.647090911865234,89.07061004638672,1.3866409063339233,-55.647090911865234,89.07061004638672,Stop,Stepping
1776271745.6278663,13540.603416278,-1.3866409063339233,-55.647098541259766,89.07061004638672,1.3866409063339233,-55.647098541259766,89.07061004638672,-1.3866409063339233,-55.647090911865234,89.07061004638672,1.3866409063339233,-55.647090911865234,89.07061004638672,Stop,Stepping
1776271745.64786,13540.620346632,-1.3866409063339233,-55.647098541259766,89.07061004638672,1.3866409063339233,-55.647098541259766,89.07061004638672,-1.3866409063339233,-55.647090911865234,89.07061004638672,1.3866409063339233,-55.647090911865234,89.07061004638672,Stop,Stepping
1776271745.6678457,13540.638734005,-1.3866409063339233,-55.647098541259766,89.07061004638672,1.3866409063339233,-55.647098541259766,89.07061004638672,-1.3866409063339233,-55.647090911865234,89.07061004638672,1.3866409063339233,-55.647090911865234,89.07061004638672,Stop,Stepping
1776271745.6878426,13540.659296343,-1.3866409063339233,-55.647098541259766,89.07061004638672,1.3866409063339233,-55.647098541259766,89.07061004638672,-1.3866409063339233,-55.647090911865234,89.07061004638672,1.3866409063339233,-55.647090911865234,89.07061004638672,Stop,Stepping
1776271745.7078688,13540.678835855,-1.3866409063339233,-55.647098541259766,89.07061004638672,1.3866409063339233,-55.647098541259766,89.07061004638672,-1.3866409063339233,-55.647090911865234,89.07061004638672,1.3866409063339233,-55.647090911865234,89.07061004638672,Stop,Stepping
1776271745.7278566,13540.698886592,-1.3866409063339233,-55.647098541259766,89.07061004638672,1.3866409063339233,-55.647098541259766,89.07061004638672,-1.3866409063339233,-55.647090911865234,89.07061004638672,1.3866409063339233,-55.647090911865234,89.07061004638672,Stop,Stepping
1776271745.7478755,13540.720008289,-1.3866409063339233,-55.647098541259766,89.07061004638672,1.3866409063339233,-55.647098541259766,89.07061004638672,-1.3866409063339233,-55.647090911865234,89.07061004638672,1.3866409063339233,-55.647090911865234,89.07061004638672,Stop,Stepping
1776271745.7678502,13540.740562186,-1.3866409063339233,-55.647098541259766,89.07061004638672,1.3866409063339233,-55.647098541259766,89.07061004638672,-1.3866409063339233,-55.647090911865234,89.07061004638672,1.3866409063339233,-55.647090911865234,89.07061004638672,Stop,Stepping
1776271745.787868,13540.758830012,-1.3866409063339233,-55.647098541259766,89.07061004638672,1.3866409063339233,-55.647098541259766,89.07061004638672,-1.3866409063339233,-55.647090911865234,89.07061004638672,1.3866409063339233,-55.647090911865234,89.07061004638672,Stop,Stepping
1776271745.8078635,13540.778615822,-1.3866409063339233,-55.647098541259766,89.07061004638672,1.3866409063339233,-55.647098541259766,89.07061004638672,-1.3866409063339233,-55.647090911865234,89.07061004638672,1.3866409063339233,-55.647090911865234,89.07061004638672,Stop,Stepping
1776271745.8278792,13540.825220122,-1.3866409063339233,-55.647098541259766,89.07061004638672,1.3866409063339233,-55.647098541259766,89.07061004638672,-1.3866409063339233,-55.647090911865234,89.07061004638672,1.3866409063339233,-55.647090911865234,89.07061004638672,Stop,Stepping
1776271745.8478522,13540.82696193,-1.3866409063339233,-55.647098541259766,89.07061004638672,1.3866409063339233,-55.647098541259766,89.07061004638672,-1.3866409063339233,-55.647090911865234,89.07061004638672,1.3866409063339233,-55.647090911865234,89.07061004638672,Stop,Stepping
1776271745.8678622,13540.838890851,-1.3866409063339233,-55.647098541259766,89.07061004638672,1.3866409063339233,-55.647098541259766,89.07061004638672,-1.3866409063339233,-55.647090911865234,89.07061004638672,1.3866409063339233,-55.647090911865234,89.07061004638672,Stop,Stepping
1776271745.8878481,13540.864127819,-1.3866409063339233,-55.647098541259766,89.07061004638672,1.3866409063339233,-55.647098541259766,89.07061004638672,-1.3866409063339233,-55.647090911865234,89.07061004638672,1.3866409063339233,-55.647090911865234,89.07061004638672,Stop,Stepping
1776271745.9078562,13540.880104873,-1.3866409063339233,-55.647098541259766,89.07061004638672,1.3866409063339233,-55.647098541259766,89.07061004638672,-1.3866409063339233,-55.647090911865234,89.07061004638672,1.3866409063339233,-55.647090911865234,89.07061004638672,Stop,Stepping
1776271745.9278784,13540.903432472,-1.3866409063339233,-55.647098541259766,89.07061004638672,1.3866409063339233,-55.647098541259766,89.07061004638672,-1.3866409063339233,-55.647090911865234,89.07061004638672,1.3866409063339233,-55.647090911865234,89.07061004638672,Stop,Stepping
1776271745.947866,13540.920848406,-1.3866409063339233,-55.647098541259766,89.07061004638672,1.3866409063339233,-55.647098541259766,89.07061004638672,-1.3866409063339233,-55.647090911865234,89.07061004638672,1.3866409063339233,-55.647090911865234,89.07061004638672,Stop,Stepping
1776271745.9678552,13540.940182262,-1.3866409063339233,-55.647098541259766,89.07061004638672,1.3866409063339233,-55.647098541259766,89.07061004638672,-1.3866409063339233,-55.647090911865234,89.07061004638672,1.3866409063339233,-55.647090911865234,89.07061004638672,Stop,Stepping
1776271745.987887,13540.963630736,-1.3866409063339233,-55.647098541259766,89.07061004638672,1.3866409063339233,-55.647098541259766,89.07061004638672,-1.3866409063339233,-55.647090911865234,89.07061004638672,1.3866409063339233,-55.647090911865234,89.07061004638672,Stop,Stepping
1776271746.007874,13540.98604699,-1.3866409063339233,-55.647098541259766,89.07061004638672,1.3866409063339233,-55.647098541259766,89.07061004638672,-1.3866409063339233,-55.647090911865234,89.07061004638672,1.3866409063339233,-55.647090911865234,89.07061004638672,Stop,Stepping
1776271746.0278606,13541.002578995,-1.3866409063339233,-55.647098541259766,89.07061004638672,1.3866409063339233,-55.647098541259766,89.07061004638672,-1.3866409063339233,-55.647090911865234,89.07061004638672,1.3866409063339233,-55.647090911865234,89.07061004638672,Stop,Stepping
1776271746.0478656,13541.020750893,-1.3866409063339233,-55.647098541259766,89.07061004638672,1.3866409063339233,-55.647098541259766,89.07061004638672,-1.3866409063339233,-55.647090911865234,89.07061004638672,1.3866409063339233,-55.647090911865234,89.07061004638672,Stop,Stepping
1776271746.0678756,13541.042264799,-1.3866409063339233,-55.647098541259766,89.07061004638672,1.3866409063339233,-55.647098541259766,89.07061004638672,-1.3866409063339233,-55.647090911865234,89.07061004638672,1.3866409063339233,-55.647090911865234,89.07061004638672,Stop,Stepping
1776271746.087861,13541.063840547,-1.3866409063339233,-55.647098541259766,89.07061004638672,1.3866409063339233,-55.647098541259766,89.07061004638672,-1.3866409063339233,-55.647090911865234,89.07061004638672,1.3866409063339233,-55.647090911865234,89.07061004638672,Stop,Stepping
1776271746.1078541,13541.082299849,-1.3866409063339233,-55.647098541259766,89.07061004638672,1.3866409063339233,-55.647098541259766,89.07061004638672,-1.3866409063339233,-55.647090911865234,89.07061004638672,1.3866409063339233,-55.647090911865234,89.07061004638672,Stop,Stepping
1776271746.1278605,13541.101026511,-1.3866409063339233,-55.647098541259766,89.07061004638672,1.3866409063339233,-55.647098541259766,89.07061004638672,-1.3866409063339233,-55.647090911865234,89.07061004638672,1.3866409063339233,-55.647090911865234,89.07061004638672,Stop,Stepping
1776271746.1478465,13541.118839849,-1.3866409063339233,-55.647098541259766,89.07061004638672,1.3866409063339233,-55.647098541259766,89.07061004638672,-1.3866409063339233,-55.647090911865234,89.07061004638672,1.3866409063339233,-55.647090911865234,89.07061004638672,Stop,Stepping
1776271746.167875,13541.139081219,-1.3866409063339233,-55.647098541259766,89.07061004638672,1.3866409063339233,-55.647098541259766,89.07061004638672,-1.3866409063339233,-55.647090911865234,89.07061004638672,1.3866409063339233,-55.647090911865234,89.07061004638672,Stop,Stepping
1776271746.1878707,13541.16390508,-1.3866409063339233,-55.647098541259766,89.07061004638672,1.3866409063339233,-55.647098541259766,89.07061004638672,-1.3866409063339233,-55.647090911865234,89.07061004638672,1.3866409063339233,-55.647090911865234,89.07061004638672,Stop,Stepping
1776271746.2078686,13541.179713969,-1.3866409063339233,-55.647098541259766,89.07061004638672,1.3866409063339233,-55.647098541259766,89.07061004638672,-1.3866409063339233,-55.647090911865234,89.07061004638672,1.3866409063339233,-55.647090911865234,89.07061004638672,Stop,Stepping
1776271746.2278275,13541.201990046,-1.3866409063339233,-55.647098541259766,89.07061004638672,1.3866409063339233,-55.647098541259766,89.07061004638672,-1.3866409063339233,-55.647090911865234,89.07061004638672,1.3866409063339233,-55.647090911865234,89.07061004638672,Stop,Stepping
1776271746.247962,13541.218997768,-1.3866409063339233,-55.647098541259766,89.07061004638672,1.3866409063339233,-55.647098541259766,89.07061004638672,-1.3866409063339233,-55.647090911865234,89.07061004638672,1.3866409063339233,-55.647090911865234,89.07061004638672,Stop,Stepping
1776271746.2678907,13541.244677104,-1.3866409063339233,-55.647098541259766,89.07061004638672,1.3866409063339233,-55.647098541259766,89.07061004638672,-1.3866409063339233,-55.647090911865234,89.07061004638672,1.3866409063339233,-55.647090911865234,89.07061004638672,Stop,Stepping
1776271746.2879257,13541.259236809,-1.3866409063339233,-55.647098541259766,89.07061004638672,1.3866409063339233,-55.647098541259766,89.07061004638672,-1.3866409063339233,-55.647090911865234,89.07061004638672,1.3866409063339233,-55.647090911865234,89.07061004638672,Stop,Stepping
1776271746.307819,13541.292346357,-1.3866409063339233,-55.647098541259766,89.07061004638672,1.3866409063339233,-55.647098541259766,89.07061004638672,-1.3866409063339233,-55.647090911865234,89.07061004638672,1.3866409063339233,-55.647090911865234,89.07061004638672,Stop,Stepping
1776271746.3278844,13541.298958671,-1.3866409063339233,-55.647098541259766,89.07061004638672,1.3866409063339233,-55.647098541259766,89.07061004638672,-1.3866409063339233,-55.647090911865234,89.07061004638672,1.3866409063339233,-55.647090911865234,89.07061004638672,Stop,Stepping
1776271746.347879,13541.319961386,-1.3866409063339233,-55.647098541259766,89.07061004638672,1.3866409063339233,-55.647098541259766,89.07061004638672,-1.3866409063339233,-55.647090911865234,89.07061004638672,1.3866409063339233,-55.647090911865234,89.07061004638672,Stop,Stepping
1776271746.3678904,13541.346664557,-1.3866409063339233,-55.647098541259766,89.07061004638672,1.3866409063339233,-55.647098541259766,89.07061004638672,-1.3866409063339233,-55.647090911865234,89.07061004638672,1.3866409063339233,-55.647090911865234,89.07061004638672,Stop,Stepping
1776271746.3878791,13541.359392258,-1.3866409063339233,-55.647098541259766,89.07061004638672,1.3866409063339233,-55.647098541259766,89.07061004638672,-1.3866409063339233,-55.647090911865234,89.07061004638672,1.3866409063339233,-55.647090911865234,89.07061004638672,Stop,Stepping
1776271746.4078436,13541.380769927,-1.3866409063339233,-55.647098541259766,89.07061004638672,1.3866409063339233,-55.647098541259766,89.07061004638672,-1.3866409063339233,-55.647090911865234,89.07061004638672,1.3866409063339233,-55.647090911865234,89.07061004638672,Stop,Stepping
1776271746.4278748,13541.402859573,-1.3866409063339233,-55.647098541259766,89.07061004638672,1.3866409063339233,-55.647098541259766,89.07061004638672,-1.3866409063339233,-55.647090911865234,89.07061004638672,1.3866409063339233,-55.647090911865234,89.07061004638672,Stop,Stepping
1776271746.447902,13541.422922339,-1.3866409063339233,-55.647098541259766,89.07061004638672,1.3866409063339233,-55.647098541259766,89.07061004638672,-1.3866409063339233,-55.647090911865234,89.07061004638672,1.3866409063339233,-55.647090911865234,89.07061004638672,Stop,Stepping
1776271746.4678895,13541.441960657,-1.3866409063339233,-55.647098541259766,89.07061004638672,1.3866409063339233,-55.647098541259766,89.07061004638672,-1.3866409063339233,-55.647090911865234,89.07061004638672,1.3866409063339233,-55.647090911865234,89.07061004638672,Stop,Stepping
1776271746.4878788,13541.465222607,-1.3866409063339233,-55.647098541259766,89.07061004638672,1.3866409063339233,-55.647098541259766,89.07061004638672,-1.3866409063339233,-55.647090911865234,89.07061004638672,1.3866409063339233,-55.647090911865234,89.07061004638672,Stop,Stepping
1776271746.507871,13541.482148219,-1.3866409063339233,-55.647098541259766,89.07061004638672,1.3866409063339233,-55.647098541259766,89.07061004638672,-1.3866409063339233,-55.647090911865234,89.07061004638672,1.3866409063339233,-55.647090911865234,89.07061004638672,Stop,Stepping
1776271746.5279174,13541.501584367,-1.3866409063339233,-55.647098541259766,89.07061004638672,1.3866409063339233,-55.647098541259766,89.07061004638672,-1.3866409063339233,-55.647090911865234,89.07061004638672,1.3866409063339233,-55.647090911865234,89.07061004638672,Stop,Stepping
1776271746.5478919,13541.520544103,-1.3866409063339233,-55.647098541259766,89.07061004638672,1.3866409063339233,-55.647098541259766,89.07061004638672,-1.3866409063339233,-55.647090911865234,89.07061004638672,1.3866409063339233,-55.647090911865234,89.07061004638672,Stop,Stepping
1776271746.5679545,13541.542387231,-1.3866409063339233,-55.647098541259766,89.07061004638672,1.3866409063339233,-55.647098541259766,89.07061004638672,-1.3866409063339233,-55.647090911865234,89.07061004638672,1.3866409063339233,-55.647090911865234,89.07061004638672,Stop,Stepping
1776271746.587855,13541.559682184,-1.3866409063339233,-55.647098541259766,89.07061004638672,1.3866409063339233,-55.647098541259766,89.07061004638672,-1.3866409063339233,-55.647090911865234,89.07061004638672,1.3866409063339233,-55.647090911865234,89.07061004638672,Stop,Stepping
1776271746.6079285,13541.579775368,-1.3866409063339233,-55.647098541259766,89.07061004638672,1.3866409063339233,-55.647098541259766,89.07061004638672,-1.3866409063339233,-55.647090911865234,89.07061004638672,1.3866409063339233,-55.647090911865234,89.07061004638672,Stop,Stepping
1776271746.6278803,13541.603402249,-1.3866409063339233,-55.647098541259766,89.07061004638672,1.3866409063339233,-55.647098541259766,89.07061004638672,-1.3866409063339233,-55.647090911865234,89.07061004638672,1.3866409063339233,-55.647090911865234,89.07061004638672,Stop,Stepping
1776271746.6479633,13541.619448971,-1.3866409063339233,-55.647098541259766,89.07061004638672,1.3866409063339233,-55.647098541259766,89.07061004638672,-1.3866409063339233,-55.647090911865234,89.07061004638672,1.3866409063339233,-55.647090911865234,89.07061004638672,Stop,Stepping
1776271746.6678953,13541.63921054,-1.3866409063339233,-55.647098541259766,89.07061004638672,1.3866409063339233,-55.647098541259766,89.07061004638672,-1.3866409063339233,-55.647090911865234,89.07061004638672,1.3866409063339233,-55.647090911865234,89.07061004638672,Stop,Stepping
1776271746.6878695,13541.659054766,-1.3866409063339233,-55.647098541259766,89.07061004638672,1.3866409063339233,-55.647098541259766,89.07061004638672,-1.3866409063339233,-55.647090911865234,89.07061004638672,1.3866409063339233,-55.647090911865234,89.07061004638672,Stop,Stepping
1776271746.7078764,13541.680063926,-1.3866409063339233,-55.647098541259766,89.07061004638672,1.3866409063339233,-55.647098541259766,89.07061004638672,-1.3866409063339233,-55.647090911865234,89.07061004638672,1.3866409063339233,-55.647090911865234,89.07061004638672,Stop,Stepping
1776271746.727891,13541.700490956,-1.3866409063339233,-55.647098541259766,89.07061004638672,1.3866409063339233,-55.647098541259766,89.07061004638672,-1.3866409063339233,-55.647090911865234,89.07061004638672,1.3866409063339233,-55.647090911865234,89.07061004638672,Stop,Stepping
1776271746.7478669,13541.721528648,-1.3866409063339233,-55.647098541259766,89.07061004638672,1.3866409063339233,-55.647098541259766,89.07061004638672,-1.3866409063339233,-55.647090911865234,89.07061004638672,1.3866409063339233,-55.647090911865234,89.07061004638672,Stop,Stepping
1776271746.7678993,13541.738842108,-1.3866409063339233,-55.647098541259766,89.07061004638672,1.3866409063339233,-55.647098541259766,89.07061004638672,-1.3866409063339233,-55.647090911865234,89.07061004638672,1.3866409063339233,-55.647090911865234,89.07061004638672,Stop,Stepping
1776271746.78786,13541.758964164,-1.3866409063339233,-55.647098541259766,89.07061004638672,1.3866409063339233,-55.647098541259766,89.07061004638672,-1.3866409063339233,-55.647090911865234,89.07061004638672,1.3866409063339233,-55.647090911865234,89.07061004638672,Stop,Stepping
1776271746.8078737,13541.779610811,-1.3866409063339233,-55.647098541259766,89.07061004638672,1.3866409063339233,-55.647098541259766,89.07061004638672,-1.3866409063339233,-55.647090911865234,89.07061004638672,1.3866409063339233,-55.647090911865234,89.07061004638672,Stop,Stepping
1776271746.8278751,13541.799214459,-1.3866409063339233,-55.647098541259766,89.07061004638672,1.3866409063339233,-55.647098541259766,89.07061004638672,-1.3866409063339233,-55.647090911865234,89.07061004638672,1.3866409063339233,-55.647090911865234,89.07061004638672,Stop,Stepping
1776271746.847903,13541.819960798,-1.3866409063339233,-55.647098541259766,89.07061004638672,1.3866409063339233,-55.647098541259766,89.07061004638672,-1.3866409063339233,-55.647090911865234,89.07061004638672,1.3866409063339233,-55.647090911865234,89.07061004638672,Stop,Stepping
1776271746.867899,13541.841205848,-1.3866409063339233,-55.647098541259766,89.07061004638672,1.3866409063339233,-55.647098541259766,89.07061004638672,-1.3866409063339233,-55.647090911865234,89.07061004638672,1.3866409063339233,-55.647090911865234,89.07061004638672,Stop,Stepping
1776271746.8878765,13541.859419483,-1.3866409063339233,-55.647098541259766,89.07061004638672,1.3866409063339233,-55.647098541259766,89.07061004638672,-1.3866409063339233,-55.647090911865234,89.07061004638672,1.3866409063339233,-55.647090911865234,89.07061004638672,Stop,Stepping
1776271746.907901,13541.878817612,-1.3866409063339233,-55.647098541259766,89.07061004638672,1.3866409063339233,-55.647098541259766,89.07061004638672,-1.3866409063339233,-55.647090911865234,89.07061004638672,1.3866409063339233,-55.647090911865234,89.07061004638672,Stop,Stepping
1776271746.9278939,13541.901949276,-1.3866409063339233,-55.647098541259766,89.07061004638672,1.3866409063339233,-55.647098541259766,89.07061004638672,-1.3866409063339233,-55.647090911865234,89.07061004638672,1.3866409063339233,-55.647090911865234,89.07061004638672,Stop,Stepping
1776271746.9478776,13541.919254537,-1.3866409063339233,-55.647098541259766,89.07061004638672,1.3866409063339233,-55.647098541259766,89.07061004638672,-1.3866409063339233,-55.647090911865234,89.07061004638672,1.3866409063339233,-55.647090911865234,89.07061004638672,Stop,Stepping
1776271746.9678771,13541.939020682,-1.3866409063339233,-55.647098541259766,89.07061004638672,1.3866409063339233,-55.647098541259766,89.07061004638672,-1.3866409063339233,-55.647090911865234,89.07061004638672,1.3866409063339233,-55.647090911865234,89.07061004638672,Stop,Stepping
1776271746.987864,13541.958864389,-1.3866409063339233,-55.647098541259766,89.07061004638672,1.3866409063339233,-55.647098541259766,89.07061004638672,-1.3866409063339233,-55.647090911865234,89.07061004638672,1.3866409063339233,-55.647090911865234,89.07061004638672,Stop,Stepping
1776271747.0079076,13541.979356603,-1.3866409063339233,-55.647098541259766,89.07061004638672,1.3866409063339233,-55.647098541259766,89.07061004638672,-1.3866409063339233,-55.647090911865234,89.07061004638672,1.3866409063339233,-55.647090911865234,89.07061004638672,Stop,Stepping
1776271747.0278924,13541.999325465,-1.3866409063339233,-55.647098541259766,89.07061004638672,1.3866409063339233,-55.647098541259766,89.07061004638672,-1.3866409063339233,-55.647090911865234,89.07061004638672,1.3866409063339233,-55.647090911865234,89.07061004638672,Stop,Stepping
1776271747.0478892,13542.019604572,-1.3866409063339233,-55.647098541259766,89.07061004638672,1.3866409063339233,-55.647098541259766,89.07061004638672,-1.3866409063339233,-55.647090911865234,89.07061004638672,1.3866409063339233,-55.647090911865234,89.07061004638672,Stop,Stepping
1776271747.0679123,13542.039174725,-1.3866409063339233,-55.647098541259766,89.07061004638672,1.3866409063339233,-55.647098541259766,89.07061004638672,-1.3866409063339233,-55.647090911865234,89.07061004638672,1.3866409063339233,-55.647090911865234,89.07061004638672,Stop,Stepping
1776271747.0879056,13542.061624933,-1.3866409063339233,-55.647098541259766,89.07061004638672,1.3866409063339233,-55.647098541259766,89.07061004638672,-1.3866409063339233,-55.647090911865234,89.07061004638672,1.3866409063339233,-55.647090911865234,89.07061004638672,Stop,Stepping
1776271747.1079185,13542.087366929,-1.3866409063339233,-55.647098541259766,89.07061004638672,1.3866409063339233,-55.647098541259766,89.07061004638672,-1.3866409063339233,-55.647090911865234,89.07061004638672,1.3866409063339233,-55.647090911865234,89.07061004638672,Stop,Stepping
1776271747.1278937,13542.098964036,-1.3866409063339233,-55.647098541259766,89.07061004638672,1.3866409063339233,-55.647098541259766,89.07061004638672,-1.3866409063339233,-55.647090911865234,89.07061004638672,1.3866409063339233,-55.647090911865234,89.07061004638672,Stop,Stepping
1776271747.1479015,13542.125673115,-1.3866409063339233,-55.647098541259766,89.07061004638672,1.3866409063339233,-55.647098541259766,89.07061004638672,-1.3866409063339233,-55.647090911865234,89.07061004638672,1.3866409063339233,-55.647090911865234,89.07061004638672,Stop,Stepping
1776271747.1678734,13542.140587994,-1.3866409063339233,-55.647098541259766,89.07061004638672,1.3866409063339233,-55.647098541259766,89.07061004638672,-1.3866409063339233,-55.647090911865234,89.07061004638672,1.3866409063339233,-55.647090911865234,89.07061004638672,Stop,Stepping
1776271747.187898,13542.165665966,-1.3866409063339233,-55.647098541259766,89.07061004638672,1.3866409063339233,-55.647098541259766,89.07061004638672,-1.3866409063339233,-55.647090911865234,89.07061004638672,1.3866409063339233,-55.647090911865234,89.07061004638672,Stop,Stepping
1776271747.2079177,13542.185613388,-1.3866409063339233,-55.647098541259766,89.07061004638672,1.3866409063339233,-55.647098541259766,89.07061004638672,-1.3866409063339233,-55.647090911865234,89.07061004638672,1.3866409063339233,-55.647090911865234,89.07061004638672,Stop,Stepping
1776271747.227881,13542.208535949,-1.3866409063339233,-55.647098541259766,89.07061004638672,1.3866409063339233,-55.647098541259766,89.07061004638672,-1.3866409063339233,-55.647090911865234,89.07061004638672,1.3866409063339233,-55.647090911865234,89.07061004638672,Stop,Stepping
1776271747.2478971,13542.238873476,-1.3866409063339233,-55.647098541259766,89.07061004638672,1.3866409063339233,-55.647098541259766,89.07061004638672,-1.3866409063339233,-55.647090911865234,89.07061004638672,1.3866409063339233,-55.647090911865234,89.07061004638672,Stop,Stepping
1776271747.2679062,13542.241044063,-1.3866409063339233,-55.647098541259766,89.07061004638672,1.3866409063339233,-55.647098541259766,89.07061004638672,-1.3866409063339233,-55.647090911865234,89.07061004638672,1.3866409063339233,-55.647090911865234,89.07061004638672,Stop,Stepping
1776271747.2879112,13542.259179845,-1.3866409063339233,-55.647098541259766,89.07061004638672,1.3866409063339233,-55.647098541259766,89.07061004638672,-1.3866409063339233,-55.647090911865234,89.07061004638672,1.3866409063339233,-55.647090911865234,89.07061004638672,Stop,Stepping
1776271747.3079,13542.280813319,-1.3866409063339233,-55.647098541259766,89.07061004638672,1.3866409063339233,-55.647098541259766,89.07061004638672,-1.3866409063339233,-55.647090911865234,89.07061004638672,1.3866409063339233,-55.647090911865234,89.07061004638672,Stop,Stepping
1776271747.3279068,13542.330928791,-1.3866409063339233,-55.647098541259766,89.07061004638672,1.3866409063339233,-55.647098541259766,89.07061004638672,-1.3866409063339233,-55.647090911865234,89.07061004638672,1.3866409063339233,-55.647090911865234,89.07061004638672,Stop,Stepping
1776271747.3479002,13542.332691521,-1.3866409063339233,-55.647098541259766,89.07061004638672,1.3866409063339233,-55.647098541259766,89.07061004638672,-1.3866409063339233,-55.647090911865234,89.07061004638672,1.3866409063339233,-55.647090911865234,89.07061004638672,Stop,Stepping
1776271747.3678865,13542.340606875,-1.3866409063339233,-55.647098541259766,89.07061004638672,1.3866409063339233,-55.647098541259766,89.07061004638672,-1.3866409063339233,-55.647090911865234,89.07061004638672,1.3866409063339233,-55.647090911865234,89.07061004638672,Stop,Stepping
1776271747.3878887,13542.361021954,-1.3866409063339233,-55.647098541259766,89.07061004638672,1.3866409063339233,-55.647098541259766,89.07061004638672,-1.3866409063339233,-55.647090911865234,89.07061004638672,1.3866409063339233,-55.647090911865234,89.07061004638672,Stop,Stepping
1776271747.4078906,13542.388789459,-1.3866409063339233,-55.647098541259766,89.07061004638672,1.3866409063339233,-55.647098541259766,89.07061004638672,-1.3866409063339233,-55.647090911865234,89.07061004638672,1.3866409063339233,-55.647090911865234,89.07061004638672,Stop,Stepping
1776271747.4279072,13542.399089496,-1.3866409063339233,-55.647098541259766,89.07061004638672,1.3866409063339233,-55.647098541259766,89.07061004638672,-1.3866409063339233,-55.647090911865234,89.07061004638672,1.3866409063339233,-55.647090911865234,89.07061004638672,Stop,Stepping
1776271747.4479077,13542.422918836,-1.3866409063339233,-55.647098541259766,89.07061004638672,1.3866409063339233,-55.647098541259766,89.07061004638672,-1.3866409063339233,-55.647090911865234,89.07061004638672,1.3866409063339233,-55.647090911865234,89.07061004638672,Stop,Stepping
1776271747.4679122,13542.447329907,-1.3866409063339233,-55.647098541259766,89.07061004638672,1.3866409063339233,-55.647098541259766,89.07061004638672,-1.3866409063339233,-55.647090911865234,89.07061004638672,1.3866409063339233,-55.647090911865234,89.07061004638672,Stop,Stepping
1776271747.4879105,13542.463659661,-1.3866409063339233,-55.647098541259766,89.07061004638672,1.3866409063339233,-55.647098541259766,89.07061004638672,-1.3866409063339233,-55.647090911865234,89.07061004638672,1.3866409063339233,-55.647090911865234,89.07061004638672,Stop,Stepping
1776271747.5079117,13542.482038294,-1.3866409063339233,-55.647098541259766,89.07061004638672,1.3866409063339233,-55.647098541259766,89.07061004638672,-1.3866409063339233,-55.647090911865234,89.07061004638672,1.3866409063339233,-55.647090911865234,89.07061004638672,Stop,Stepping
1776271747.5279071,13542.499055609,-1.3866409063339233,-55.647098541259766,89.07061004638672,1.3866409063339233,-55.647098541259766,89.07061004638672,-1.3866409063339233,-55.647090911865234,89.07061004638672,1.3866409063339233,-55.647090911865234,89.07061004638672,Stop,Stepping
1776271747.5479171,13542.519093411,-1.3866409063339233,-55.647098541259766,89.07061004638672,1.3866409063339233,-55.647098541259766,89.07061004638672,-1.3866409063339233,-55.647090911865234,89.07061004638672,1.3866409063339233,-55.647090911865234,89.07061004638672,Stop,Stepping
1776271747.5678856,13542.53926826,-1.3866409063339233,-55.647098541259766,89.07061004638672,1.3866409063339233,-55.647098541259766,89.07061004638672,-1.3866409063339233,-55.647090911865234,89.07061004638672,1.3866409063339233,-55.647090911865234,89.07061004638672,Stop,Stepping
1776271747.5878813,13542.559054208,-1.3866409063339233,-55.647098541259766,89.07061004638672,1.3866409063339233,-55.647098541259766,89.07061004638672,-1.3866409063339233,-55.647090911865234,89.07061004638672,1.3866409063339233,-55.647090911865234,89.07061004638672,Stop,Stepping
1776271747.6078813,13542.578969717,-1.3866409063339233,-55.647098541259766,89.07061004638672,1.3866409063339233,-55.647098541259766,89.07061004638672,-1.3866409063339233,-55.647090911865234,89.07061004638672,1.3866409063339233,-55.647090911865234,89.07061004638672,Stop,Stepping
1776271747.627917,13542.599226579,-1.3866409063339233,-55.647098541259766,89.07061004638672,1.3866409063339233,-55.647098541259766,89.07061004638672,-1.3866409063339233,-55.647090911865234,89.07061004638672,1.3866409063339233,-55.647090911865234,89.07061004638672,Stop,Stepping
1776271747.6479213,13542.618494807,-1.3866409063339233,-55.647098541259766,89.07061004638672,1.3866409063339233,-55.647098541259766,89.07061004638672,-1.3866409063339233,-55.647090911865234,89.07061004638672,1.3866409063339233,-55.647090911865234,89.07061004638672,Stop,Stepping
1776271747.6678927,13542.638419352,-1.3866409063339233,-55.647098541259766,89.07061004638672,1.3866409063339233,-55.647098541259766,89.07061004638672,-1.3866409063339233,-55.647090911865234,89.07061004638672,1.3866409063339233,-55.647090911865234,89.07061004638672,Stop,Stepping
1776271747.6879187,13542.659595125,-1.3866409063339233,-55.647098541259766,89.07061004638672,1.3866409063339233,-55.647098541259766,89.07061004638672,-1.3866409063339233,-55.647090911865234,89.07061004638672,1.3866409063339233,-55.647090911865234,89.07061004638672,Stop,Stepping
1776271747.7079473,13542.68110613,-1.3866409063339233,-55.647098541259766,89.07061004638672,1.3866409063339233,-55.647098541259766,89.07061004638672,-1.3866409063339233,-55.647090911865234,89.07061004638672,1.3866409063339233,-55.647090911865234,89.07061004638672,Stop,Stepping
1776271747.7279143,13542.698824852,-1.3866409063339233,-55.647098541259766,89.07061004638672,1.3866409063339233,-55.647098541259766,89.07061004638672,-1.3866409063339233,-55.647090911865234,89.07061004638672,1.3866409063339233,-55.647090911865234,89.07061004638672,Stop,Stepping
1776271747.7479072,13542.719036066,-1.3866409063339233,-55.647098541259766,89.07061004638672,1.3866409063339233,-55.647098541259766,89.07061004638672,-1.3866409063339233,-55.647090911865234,89.07061004638672,1.3866409063339233,-55.647090911865234,89.07061004638672,Stop,Stepping
1776271747.7679172,13542.742429662,-1.3866409063339233,-55.647098541259766,89.07061004638672,1.3866409063339233,-55.647098541259766,89.07061004638672,-1.3866409063339233,-55.647090911865234,89.07061004638672,1.3866409063339233,-55.647090911865234,89.07061004638672,Stop,Stepping
1776271747.787903,13542.768071572,-1.3866409063339233,-55.647098541259766,89.07061004638672,1.3866409063339233,-55.647098541259766,89.07061004638672,-1.3866409063339233,-55.647090911865234,89.07061004638672,1.3866409063339233,-55.647090911865234,89.07061004638672,Stop,Stepping
1776271747.8079133,13542.77892618,-1.3866409063339233,-55.647098541259766,89.07061004638672,1.3866409063339233,-55.647098541259766,89.07061004638672,-1.3866409063339233,-55.647090911865234,89.07061004638672,1.3866409063339233,-55.647090911865234,89.07061004638672,Stop,Stepping
1776271747.8279312,13542.79995448,-1.3866409063339233,-55.647098541259766,89.07061004638672,1.3866409063339233,-55.647098541259766,89.07061004638672,-1.3866409063339233,-55.647090911865234,89.07061004638672,1.3866409063339233,-55.647090911865234,89.07061004638672,Stop,Stepping
1776271747.8478768,13542.819047772,-1.3866409063339233,-55.647098541259766,89.07061004638672,1.3866409063339233,-55.647098541259766,89.07061004638672,-1.3866409063339233,-55.647090911865234,89.07061004638672,1.3866409063339233,-55.647090911865234,89.07061004638672,Stop,Stepping
1776271747.8678849,13542.84704313,-1.3866409063339233,-55.647098541259766,89.07061004638672,1.3866409063339233,-55.647098541259766,89.07061004638672,-1.3866409063339233,-55.647090911865234,89.07061004638672,1.3866409063339233,-55.647090911865234,89.07061004638672,Stop,Stepping
1776271747.8879287,13542.863480279,-1.3866409063339233,-55.647098541259766,89.07061004638672,1.3866409063339233,-55.647098541259766,89.07061004638672,-1.3866409063339233,-55.647090911865234,89.07061004638672,1.3866409063339233,-55.647090911865234,89.07061004638672,Stop,Stepping
1776271747.9079201,13542.883477265,-1.3866409063339233,-55.647098541259766,89.07061004638672,1.3866409063339233,-55.647098541259766,89.07061004638672,-1.3866409063339233,-55.647090911865234,89.07061004638672,1.3866409063339233,-55.647090911865234,89.07061004638672,Stop,Stepping
1776271747.9279075,13542.908986438,-1.3866409063339233,-55.647098541259766,89.07061004638672,1.3866409063339233,-55.647098541259766,89.07061004638672,-1.3866409063339233,-55.647090911865234,89.07061004638672,1.3866409063339233,-55.647090911865234,89.07061004638672,Stop,Stepping
1776271747.9478564,13542.919416471,-1.3866409063339233,-55.647098541259766,89.07061004638672,1.3866409063339233,-55.647098541259766,89.07061004638672,-1.3866409063339233,-55.647090911865234,89.07061004638672,1.3866409063339233,-55.647090911865234,89.07061004638672,Stop,Stepping
1776271747.9678771,13542.941973781,-1.3866409063339233,-55.647098541259766,89.07061004638672,1.3866409063339233,-55.647098541259766,89.07061004638672,-1.3866409063339233,-55.647090911865234,89.07061004638672,1.3866409063339233,-55.647090911865234,89.07061004638672,Stop,Stepping
1776271747.9878938,13542.961637794,-1.3866409063339233,-55.647098541259766,89.07061004638672,1.3866409063339233,-55.647098541259766,89.07061004638672,-1.3866409063339233,-55.647090911865234,89.07061004638672,1.3866409063339233,-55.647090911865234,89.07061004638672,Stop,Stepping
1776271748.0079012,13542.987916193,-1.3866409063339233,-55.647098541259766,89.07061004638672,1.3866409063339233,-55.647098541259766,89.07061004638672,-1.3866409063339233,-55.647090911865234,89.07061004638672,1.3866409063339233,-55.647090911865234,89.07061004638672,Stop,Stepping
1776271748.0278459,13543.000018657,-1.3866409063339233,-55.647098541259766,89.07061004638672,1.3866409063339233,-55.647098541259766,89.07061004638672,-1.3866409063339233,-55.647090911865234,89.07061004638672,1.3866409063339233,-55.647090911865234,89.07061004638672,Stop,Stepping
1776271748.0479999,13543.027785215,-1.3866409063339233,-55.647098541259766,89.07061004638672,1.3866409063339233,-55.647098541259766,89.07061004638672,-1.3866409063339233,-55.647090911865234,89.07061004638672,1.3866409063339233,-55.647090911865234,89.07061004638672,Stop,Stepping
1776271748.0679345,13543.039128723,-1.3866409063339233,-55.647098541259766,89.07061004638672,1.3866409063339233,-55.647098541259766,89.07061004638672,-1.3866409063339233,-55.647090911865234,89.07061004638672,1.3866409063339233,-55.647090911865234,89.07061004638672,Stop,Stepping
1776271748.0879254,13543.064047454,-1.3866409063339233,-55.647098541259766,89.07061004638672,1.3866409063339233,-55.647098541259766,89.07061004638672,-1.3866409063339233,-55.647090911865234,89.07061004638672,1.3866409063339233,-55.647090911865234,89.07061004638672,Stop,Stepping
1776271748.1079314,13543.081576615,-1.3866409063339233,-55.647098541259766,89.07061004638672,1.3866409063339233,-55.647098541259766,89.07061004638672,-1.3866409063339233,-55.647090911865234,89.07061004638672,1.3866409063339233,-55.647090911865234,89.07061004638672,Stop,Stepping
1776271748.1278825,13543.102996838,-1.3866409063339233,-55.647098541259766,89.07061004638672,1.3866409063339233,-55.647098541259766,89.07061004638672,-1.3866409063339233,-55.647090911865234,89.07061004638672,1.3866409063339233,-55.647090911865234,89.07061004638672,Stop,Stepping
1776271748.1478357,13543.119884257,-1.3866409063339233,-55.647098541259766,89.07061004638672,1.3866409063339233,-55.647098541259766,89.07061004638672,-1.3866409063339233,-55.647090911865234,89.07061004638672,1.3866409063339233,-55.647090911865234,89.07061004638672,Stop,Stepping
1776271748.1678412,13543.139661572,-1.3866409063339233,-55.647098541259766,89.07061004638672,1.3866409063339233,-55.647098541259766,89.07061004638672,-1.3866409063339233,-55.647090911865234,89.07061004638672,1.3866409063339233,-55.647090911865234,89.07061004638672,Stop,Stepping
1776271748.187838,13543.164909817,-1.3866409063339233,-55.647098541259766,89.07061004638672,1.3866409063339233,-55.647098541259766,89.07061004638672,-1.3866409063339233,-55.647090911865234,89.07061004638672,1.3866409063339233,-55.647090911865234,89.07061004638672,Stop,Stepping
1776271748.2078846,13543.179484466,-1.3866409063339233,-55.647098541259766,89.07061004638672,1.3866409063339233,-55.647098541259766,89.07061004638672,-1.3866409063339233,-55.647090911865234,89.07061004638672,1.3866409063339233,-55.647090911865234,89.07061004638672,Stop,Stepping
1776271748.2278833,13543.199649644,-1.3866409063339233,-55.647098541259766,89.07061004638672,1.3866409063339233,-55.647098541259766,89.07061004638672,-1.3866409063339233,-55.647090911865234,89.07061004638672,1.3866409063339233,-55.647090911865234,89.07061004638672,Stop,Stepping
1776271748.2478642,13543.219563984,-1.3866409063339233,-55.647098541259766,89.07061004638672,1.3866409063339233,-55.647098541259766,89.07061004638672,-1.3866409063339233,-55.647090911865234,89.07061004638672,1.3866409063339233,-55.647090911865234,89.07061004638672,Stop,Stepping
1776271748.2678113,13543.245306976,-1.3866409063339233,-55.647098541259766,89.07061004638672,1.3866409063339233,-55.647098541259766,89.07061004638672,-1.3866409063339233,-55.647090911865234,89.07061004638672,1.3866409063339233,-55.647090911865234,89.07061004638672,Stop,Stepping
1776271748.2878706,13543.268900515,-1.3866409063339233,-55.647098541259766,89.07061004638672,1.3866409063339233,-55.647098541259766,89.07061004638672,-1.3866409063339233,-55.647090911865234,89.07061004638672,1.3866409063339233,-55.647090911865234,89.07061004638672,Stop,Stepping
1776271748.3078694,13543.285563784,-1.3866409063339233,-55.647098541259766,89.07061004638672,1.3866409063339233,-55.647098541259766,89.07061004638672,-1.3866409063339233,-55.647090911865234,89.07061004638672,1.3866409063339233,-55.647090911865234,89.07061004638672,Stop,Stepping
1776271748.3278694,13543.298939206,-1.3866409063339233,-55.647098541259766,89.07061004638672,1.3866409063339233,-55.647098541259766,89.07061004638672,-1.3866409063339233,-55.647090911865234,89.07061004638672,1.3866409063339233,-55.647090911865234,89.07061004638672,Stop,Stepping
1776271748.347866,13543.322364837,-1.3866409063339233,-55.647098541259766,89.07061004638672,1.3866409063339233,-55.647098541259766,89.07061004638672,-1.3866409063339233,-55.647090911865234,89.07061004638672,1.3866409063339233,-55.647090911865234,89.07061004638672,Stop,Stepping
1776271748.3678837,13543.342136445,-1.3866409063339233,-55.647098541259766,89.07061004638672,1.3866409063339233,-55.647098541259766,89.07061004638672,-1.3866409063339233,-55.647090911865234,89.07061004638672,1.3866409063339233,-55.647090911865234,89.07061004638672,Stop,Stepping
1776271748.3878703,13543.365915514,-1.3866409063339233,-55.647098541259766,89.07061004638672,1.3866409063339233,-55.647098541259766,89.07061004638672,-1.3866409063339233,-55.647090911865234,89.07061004638672,1.3866409063339233,-55.647090911865234,89.07061004638672,Stop,Stepping
1776271748.4078963,13543.3816251,-1.3866409063339233,-55.647098541259766,89.07061004638672,1.3866409063339233,-55.647098541259766,89.07061004638672,-1.3866409063339233,-55.647090911865234,89.07061004638672,1.3866409063339233,-55.647090911865234,89.07061004638672,Stop,Stepping
1776271748.4279904,13543.400359531,-1.3866409063339233,-55.647098541259766,89.07061004638672,1.3866409063339233,-55.647098541259766,89.07061004638672,-1.3866409063339233,-55.647090911865234,89.07061004638672,1.3866409063339233,-55.647090911865234,89.07061004638672,Stop,Stepping
1776271748.4480035,13543.419857202,-1.3866409063339233,-55.647098541259766,89.07061004638672,1.3866409063339233,-55.647098541259766,89.07061004638672,-1.3866409063339233,-55.647090911865234,89.07061004638672,1.3866409063339233,-55.647090911865234,89.07061004638672,Stop,Stepping
1776271748.467944,13543.439030445,-1.3866409063339233,-55.647098541259766,89.07061004638672,1.3866409063339233,-55.647098541259766,89.07061004638672,-1.3866409063339233,-55.647090911865234,89.07061004638672,1.3866409063339233,-55.647090911865234,89.07061004638672,Stop,Stepping
1776271748.4879181,13543.4624293,-1.3866409063339233,-55.647098541259766,89.07061004638672,1.3866409063339233,-55.647098541259766,89.07061004638672,-1.3866409063339233,-55.647090911865234,89.07061004638672,1.3866409063339233,-55.647090911865234,89.07061004638672,Stop,Stepping
1776271748.5079057,13543.483513055,-1.3866409063339233,-55.647098541259766,89.07061004638672,1.3866409063339233,-55.647098541259766,89.07061004638672,-1.3866409063339233,-55.647090911865234,89.07061004638672,1.3866409063339233,-55.647090911865234,89.07061004638672,Stop,Stepping
1776271748.5279064,13543.499930727,-1.3866409063339233,-55.647098541259766,89.07061004638672,1.3866409063339233,-55.647098541259766,89.07061004638672,-1.3866409063339233,-55.647090911865234,89.07061004638672,1.3866409063339233,-55.647090911865234,89.07061004638672,Stop,Stepping
1776271748.5478933,13543.522513342,-1.3866409063339233,-55.647098541259766,89.07061004638672,1.3866409063339233,-55.647098541259766,89.07061004638672,-1.3866409063339233,-55.647090911865234,89.07061004638672,1.3866409063339233,-55.647090911865234,89.07061004638672,Stop,Stepping
1776271748.5679276,13543.566220469,-1.3866409063339233,-55.647098541259766,89.07061004638672,1.3866409063339233,-55.647098541259766,89.07061004638672,-1.3866409063339233,-55.647090911865234,89.07061004638672,1.3866409063339233,-55.647090911865234,89.07061004638672,Stop,Stepping
1776271748.5879338,13543.56803215,-1.3866409063339233,-55.647098541259766,89.07061004638672,1.3866409063339233,-55.647098541259766,89.07061004638672,-1.3866409063339233,-55.647090911865234,89.07061004638672,1.3866409063339233,-55.647090911865234,89.07061004638672,Stop,Stepping
1776271748.6078866,13543.581134671,-1.3866409063339233,-55.647098541259766,89.07061004638672,1.3866409063339233,-55.647098541259766,89.07061004638672,-1.3866409063339233,-55.647090911865234,89.07061004638672,1.3866409063339233,-55.647090911865234,89.07061004638672,Stop,Stepping
1776271748.6279395,13543.60193343,-1.3866409063339233,-55.647098541259766,89.07061004638672,1.3866409063339233,-55.647098541259766,89.07061004638672,-1.3866409063339233,-55.647090911865234,89.07061004638672,1.3866409063339233,-55.647090911865234,89.07061004638672,Stop,Stepping
1776271748.647924,13543.619983112,-1.3866409063339233,-55.647098541259766,89.07061004638672,1.3866409063339233,-55.647098541259766,89.07061004638672,-1.3866409063339233,-55.647090911865234,89.07061004638672,1.3866409063339233,-55.647090911865234,89.07061004638672,Stop,Stepping
1776271748.667968,13543.639867972,-1.3866409063339233,-55.647098541259766,89.07061004638672,1.3866409063339233,-55.647098541259766,89.07061004638672,-1.3866409063339233,-55.647090911865234,89.07061004638672,1.3866409063339233,-55.647090911865234,89.07061004638672,Stop,Stepping
1776271748.6879244,13543.659149762,-1.3866409063339233,-55.647098541259766,89.07061004638672,1.3866409063339233,-55.647098541259766,89.07061004638672,-1.3866409063339233,-55.647090911865234,89.07061004638672,1.3866409063339233,-55.647090911865234,89.07061004638672,Stop,Stepping
1776271748.707896,13543.67963283,-1.3866409063339233,-55.647098541259766,89.07061004638672,1.3866409063339233,-55.647098541259766,89.07061004638672,-1.3866409063339233,-55.647090911865234,89.07061004638672,1.3866409063339233,-55.647090911865234,89.07061004638672,Stop,Stepping
1776271748.7278814,13543.700919146,-1.3866409063339233,-55.647098541259766,89.07061004638672,1.3866409063339233,-55.647098541259766,89.07061004638672,-1.3866409063339233,-55.647090911865234,89.07061004638672,1.3866409063339233,-55.647090911865234,89.07061004638672,Stop,Stepping
1776271748.747874,13543.724412958,-1.3866409063339233,-55.647098541259766,89.07061004638672,1.3866409063339233,-55.647098541259766,89.07061004638672,-1.3866409063339233,-55.647090911865234,89.07061004638672,1.3866409063339233,-55.647090911865234,89.07061004638672,Stop,Stepping
1776271748.7678838,13543.740045501,-1.3866409063339233,-55.647098541259766,89.07061004638672,1.3866409063339233,-55.647098541259766,89.07061004638672,-1.3866409063339233,-55.647090911865234,89.07061004638672,1.3866409063339233,-55.647090911865234,89.07061004638672,Stop,Stepping
1776271748.787879,13543.760133953,-1.3866409063339233,-55.647098541259766,89.07061004638672,1.3866409063339233,-55.647098541259766,89.07061004638672,-1.3866409063339233,-55.647090911865234,89.07061004638672,1.3866409063339233,-55.647090911865234,89.07061004638672,Stop,Stepping
1776271748.8078723,13543.779174907,-1.3866409063339233,-55.647098541259766,89.07061004638672,1.3866409063339233,-55.647098541259766,89.07061004638672,-1.3866409063339233,-55.647090911865234,89.07061004638672,1.3866409063339233,-55.647090911865234,89.07061004638672,Stop,Stepping
1776271748.8280306,13543.800887251,-1.3866409063339233,-55.647098541259766,89.07061004638672,1.3866409063339233,-55.647098541259766,89.07061004638672,-1.3866409063339233,-55.647090911865234,89.07061004638672,1.3866409063339233,-55.647090911865234,89.07061004638672,Stop,Stepping
1776271748.8479176,13543.829713406,-1.3866409063339233,-55.647098541259766,89.07061004638672,1.3866409063339233,-55.647098541259766,89.07061004638672,-1.3866409063339233,-55.647090911865234,89.07061004638672,1.3866409063339233,-55.647090911865234,89.07061004638672,Stop,Stepping
1776271748.868048,13543.841742016,-1.3866409063339233,-55.647098541259766,89.07061004638672,1.3866409063339233,-55.647098541259766,89.07061004638672,-1.3866409063339233,-55.647090911865234,89.07061004638672,1.3866409063339233,-55.647090911865234,89.07061004638672,Stop,Stepping
1776271748.8878996,13543.866382632,-1.3866409063339233,-55.647098541259766,89.07061004638672,1.3866409063339233,-55.647098541259766,89.07061004638672,-1.3866409063339233,-55.647090911865234,89.07061004638672,1.3866409063339233,-55.647090911865234,89.07061004638672,Stop,Stepping
1776271748.9080133,13543.887527704,-1.3866409063339233,-55.647098541259766,89.07061004638672,1.3866409063339233,-55.647098541259766,89.07061004638672,-1.3866409063339233,-55.647090911865234,89.07061004638672,1.3866409063339233,-55.647090911865234,89.07061004638672,Stop,Stepping
1776271748.9278808,13543.904693277,-1.3866409063339233,-55.647098541259766,89.07061004638672,1.3866409063339233,-55.647098541259766,89.07061004638672,-1.3866409063339233,-55.647090911865234,89.07061004638672,1.3866409063339233,-55.647090911865234,89.07061004638672,Stop,Stepping
1776271748.9478793,13543.926803709,-1.3866409063339233,-55.647098541259766,89.07061004638672,1.3866409063339233,-55.647098541259766,89.07061004638672,-1.3866409063339233,-55.647090911865234,89.07061004638672,1.3866409063339233,-55.647090911865234,89.07061004638672,Stop,Stepping
1776271748.968048,13543.947967754,-1.3866409063339233,-55.647098541259766,89.07061004638672,1.3866409063339233,-55.647098541259766,89.07061004638672,-1.3866409063339233,-55.647090911865234,89.07061004638672,1.3866409063339233,-55.647090911865234,89.07061004638672,Stop,Stepping
1776271748.987905,13543.961109923,-1.3866409063339233,-55.647098541259766,89.07061004638672,1.3866409063339233,-55.647098541259766,89.07061004638672,-1.3866409063339233,-55.647090911865234,89.07061004638672,1.3866409063339233,-55.647090911865234,89.07061004638672,Stop,Stepping
1776271749.0078967,13543.980040269,-1.3866409063339233,-55.647098541259766,89.07061004638672,1.3866409063339233,-55.647098541259766,89.07061004638672,-1.3866409063339233,-55.647090911865234,89.07061004638672,1.3866409063339233,-55.647090911865234,89.07061004638672,Stop,Stepping
1776271749.0278718,13544.00014922,-1.3866409063339233,-55.647098541259766,89.07061004638672,1.3866409063339233,-55.647098541259766,89.07061004638672,-1.3866409063339233,-55.647090911865234,89.07061004638672,1.3866409063339233,-55.647090911865234,89.07061004638672,Stop,Stepping
1776271749.0478864,13544.020597773,-1.3866409063339233,-55.647098541259766,89.07061004638672,1.3866409063339233,-55.647098541259766,89.07061004638672,-1.3866409063339233,-55.647090911865234,89.07061004638672,1.3866409063339233,-55.647090911865234,89.07061004638672,Stop,Stepping
1776271749.0679176,13544.048572845,-1.3866409063339233,-55.647098541259766,89.07061004638672,1.3866409063339233,-55.647098541259766,89.07061004638672,-1.3866409063339233,-55.647090911865234,89.07061004638672,1.3866409063339233,-55.647090911865234,89.07061004638672,Stop,Stepping
1776271749.0878792,13544.063599929,-1.3866409063339233,-55.647098541259766,89.07061004638672,1.3866409063339233,-55.647098541259766,89.07061004638672,-1.3866409063339233,-55.647090911865234,89.07061004638672,1.3866409063339233,-55.647090911865234,89.07061004638672,Stop,Stepping
1776271749.1079092,13544.079630908,-1.3866409063339233,-55.647098541259766,89.07061004638672,1.3866409063339233,-55.647098541259766,89.07061004638672,-1.3866409063339233,-55.647090911865234,89.07061004638672,1.3866409063339233,-55.647090911865234,89.07061004638672,Stop,Stepping
1776271749.1279404,13544.103508735,-1.3866409063339233,-55.647098541259766,89.07061004638672,1.3866409063339233,-55.647098541259766,89.07061004638672,-1.3866409063339233,-55.647090911865234,89.07061004638672,1.3866409063339233,-55.647090911865234,89.07061004638672,Stop,Stepping
1776271749.147953,13544.128419622,-1.3866409063339233,-55.647098541259766,89.07061004638672,1.3866409063339233,-55.647098541259766,89.07061004638672,-1.3866409063339233,-55.647090911865234,89.07061004638672,1.3866409063339233,-55.647090911865234,89.07061004638672,Stop,Stepping
1776271749.1679163,13544.148739873,-1.3866409063339233,-55.647098541259766,89.07061004638672,1.3866409063339233,-55.647098541259766,89.07061004638672,-1.3866409063339233,-55.647090911865234,89.07061004638672,1.3866409063339233,-55.647090911865234,89.07061004638672,Stop,Stepping
1776271749.1879382,13544.16281047,-1.3866409063339233,-55.647098541259766,89.07061004638672,1.3866409063339233,-55.647098541259766,89.07061004638672,-1.3866409063339233,-55.647090911865234,89.07061004638672,1.3866409063339233,-55.647090911865234,89.07061004638672,Stop,Stepping
1776271749.207935,13544.180117705,-1.3866409063339233,-55.647098541259766,89.07061004638672,1.3866409063339233,-55.647098541259766,89.07061004638672,-1.3866409063339233,-55.647090911865234,89.07061004638672,1.3866409063339233,-55.647090911865234,89.07061004638672,Stop,Stepping
1776271749.227932,13544.203992177,-1.3866409063339233,-55.647098541259766,89.07061004638672,1.3866409063339233,-55.647098541259766,89.07061004638672,-1.3866409063339233,-55.647090911865234,89.07061004638672,1.3866409063339233,-55.647090911865234,89.07061004638672,Stop,Stepping
1776271749.2479458,13544.220370692,-1.3866409063339233,-55.647098541259766,89.07061004638672,1.3866409063339233,-55.647098541259766,89.07061004638672,-1.3866409063339233,-55.647090911865234,89.07061004638672,1.3866409063339233,-55.647090911865234,89.07061004638672,Stop,Stepping
1776271749.2679012,13544.243660676,-1.3866409063339233,-55.647098541259766,89.07061004638672,1.3866409063339233,-55.647098541259766,89.07061004638672,-1.3866409063339233,-55.647090911865234,89.07061004638672,1.3866409063339233,-55.647090911865234,89.07061004638672,Stop,Stepping
1776271749.2879064,13544.267167578,-1.3866409063339233,-55.647098541259766,89.07061004638672,1.3866409063339233,-55.647098541259766,89.07061004638672,-1.3866409063339233,-55.647090911865234,89.07061004638672,1.3866409063339233,-55.647090911865234,89.07061004638672,Stop,Stepping
1776271749.3079185,13544.281140916,-1.3866409063339233,-55.647098541259766,89.07061004638672,1.3866409063339233,-55.647098541259766,89.07061004638672,-1.3866409063339233,-55.647090911865234,89.07061004638672,1.3866409063339233,-55.647090911865234,89.07061004638672,Stop,Stepping
1776271749.3279307,13544.306872317,-1.3866409063339233,-55.647098541259766,89.07061004638672,1.3866409063339233,-55.647098541259766,89.07061004638672,-1.3866409063339233,-55.647090911865234,89.07061004638672,1.3866409063339233,-55.647090911865234,89.07061004638672,Stop,Stepping
1776271749.347885,13544.318912978,-1.3866409063339233,-55.647098541259766,89.07061004638672,1.3866409063339233,-55.647098541259766,89.07061004638672,-1.3866409063339233,-55.647090911865234,89.07061004638672,1.3866409063339233,-55.647090911865234,89.07061004638672,Stop,Stepping
1776271749.3678877,13544.358368846,-1.3866409063339233,-55.647098541259766,89.07061004638672,1.3866409063339233,-55.647098541259766,89.07061004638672,-1.3866409063339233,-55.647090911865234,89.07061004638672,1.3866409063339233,-55.647090911865234,89.07061004638672,Stop,Stepping
1776271749.3878868,13544.361944861,-1.3866409063339233,-55.647098541259766,89.07061004638672,1.3866409063339233,-55.647098541259766,89.07061004638672,-1.3866409063339233,-55.647090911865234,89.07061004638672,1.3866409063339233,-55.647090911865234,89.07061004638672,Stop,Stepping
1776271749.4078743,13544.39303066,-1.3866409063339233,-55.647098541259766,89.07061004638672,1.3866409063339233,-55.647098541259766,89.07061004638672,-1.3866409063339233,-55.647090911865234,89.07061004638672,1.3866409063339233,-55.647090911865234,89.07061004638672,Stop,Stepping
1776271749.4279401,13544.40908527,-1.3866409063339233,-55.647098541259766,89.07061004638672,1.3866409063339233,-55.647098541259766,89.07061004638672,-1.3866409063339233,-55.647090911865234,89.07061004638672,1.3866409063339233,-55.647090911865234,89.07061004638672,Stop,Stepping
1776271749.4479117,13544.420305754,-1.3866409063339233,-55.647098541259766,89.07061004638672,1.3866409063339233,-55.647098541259766,89.07061004638672,-1.3866409063339233,-55.647090911865234,89.07061004638672,1.3866409063339233,-55.647090911865234,89.07061004638672,Stop,Stepping
1776271749.4678986,13544.442427113,-1.3866409063339233,-55.647098541259766,89.07061004638672,1.3866409063339233,-55.647098541259766,89.07061004638672,-1.3866409063339233,-55.647090911865234,89.07061004638672,1.3866409063339233,-55.647090911865234,89.07061004638672,Stop,Stepping
1776271749.4879375,13544.462716545,-1.3866409063339233,-55.647098541259766,89.07061004638672,1.3866409063339233,-55.647098541259766,89.07061004638672,-1.3866409063339233,-55.647090911865234,89.07061004638672,1.3866409063339233,-55.647090911865234,89.07061004638672,Stop,Stepping
1776271749.507921,13544.487556951,-1.3866409063339233,-55.647098541259766,89.07061004638672,1.3866409063339233,-55.647098541259766,89.07061004638672,-1.3866409063339233,-55.647090911865234,89.07061004638672,1.3866409063339233,-55.647090911865234,89.07061004638672,Stop,Stepping
1776271749.527921,13544.504496833,-1.3866409063339233,-55.647098541259766,89.07061004638672,1.3866409063339233,-55.647098541259766,89.07061004638672,-1.3866409063339233,-55.647090911865234,89.07061004638672,1.3866409063339233,-55.647090911865234,89.07061004638672,Stop,Stepping
1776271749.5478451,13544.520122927,-1.3866409063339233,-55.647098541259766,89.07061004638672,1.3866409063339233,-55.647098541259766,89.07061004638672,-1.3866409063339233,-55.647090911865234,89.07061004638672,1.3866409063339233,-55.647090911865234,89.07061004638672,Stop,Stepping
1776271749.567907,13544.545180902,-1.3866409063339233,-55.647098541259766,89.07061004638672,1.3866409063339233,-55.647098541259766,89.07061004638672,-1.3866409063339233,-55.647090911865234,89.07061004638672,1.3866409063339233,-55.647090911865234,89.07061004638672,Stop,Stepping
1776271749.5879676,13544.573420418,-1.3866409063339233,-55.647098541259766,89.07061004638672,1.3866409063339233,-55.647098541259766,89.07061004638672,-1.3866409063339233,-55.647090911865234,89.07061004638672,1.3866409063339233,-55.647090911865234,89.07061004638672,Stop,Stepping
1776271749.6079361,13544.581052297,-1.3866409063339233,-55.647098541259766,89.07061004638672,1.3866409063339233,-55.647098541259766,89.07061004638672,-1.3866409063339233,-55.647090911865234,89.07061004638672,1.3866409063339233,-55.647090911865234,89.07061004638672,Stop,Stepping
1776271749.627921,13544.601955675,-1.3866409063339233,-55.647098541259766,89.07061004638672,1.3866409063339233,-55.647098541259766,89.07061004638672,-1.3866409063339233,-55.647090911865234,89.07061004638672,1.3866409063339233,-55.647090911865234,89.07061004638672,Stop,Stepping
1776271749.6480243,13544.619677777,-1.3866409063339233,-55.647098541259766,89.07061004638672,1.3866409063339233,-55.647098541259766,89.07061004638672,-1.3866409063339233,-55.647090911865234,89.07061004638672,1.3866409063339233,-55.647090911865234,89.07061004638672,Stop,Stepping
1776271749.6679442,13544.64521685,-1.3866409063339233,-55.647098541259766,89.07061004638672,1.3866409063339233,-55.647098541259766,89.07061004638672,-1.3866409063339233,-55.647090911865234,89.07061004638672,1.3866409063339233,-55.647090911865234,89.07061004638672,Stop,Stepping
1776271749.68792,13544.664719698,-1.3866409063339233,-55.647098541259766,89.07061004638672,1.3866409063339233,-55.647098541259766,89.07061004638672,-1.3866409063339233,-55.647090911865234,89.07061004638672,1.3866409063339233,-55.647090911865234,89.07061004638672,Stop,Stepping
1776271749.7080836,13544.681045321,-1.3866409063339233,-55.647098541259766,89.07061004638672,1.3866409063339233,-55.647098541259766,89.07061004638672,-1.3866409063339233,-55.647090911865234,89.07061004638672,1.3866409063339233,-55.647090911865234,89.07061004638672,Stop,Stepping
1776271749.7280755,13544.701393817,-1.3866409063339233,-55.647098541259766,89.07061004638672,1.3866409063339233,-55.647098541259766,89.07061004638672,-1.3866409063339233,-55.647090911865234,89.07061004638672,1.3866409063339233,-55.647090911865234,89.07061004638672,Stop,Stepping
1776271749.7480106,13544.726249873,-1.3866409063339233,-55.647098541259766,89.07061004638672,1.3866409063339233,-55.647098541259766,89.07061004638672,-1.3866409063339233,-55.647090911865234,89.07061004638672,1.3866409063339233,-55.647090911865234,89.07061004638672,Stop,Stepping
1776271749.7679436,13544.744305985,-1.3866409063339233,-55.647098541259766,89.07061004638672,1.3866409063339233,-55.647098541259766,89.07061004638672,-1.3866409063339233,-55.647090911865234,89.07061004638672,1.3866409063339233,-55.647090911865234,89.07061004638672,Stop,Stepping
1776271749.7879384,13544.759785816,-1.3866409063339233,-55.647098541259766,89.07061004638672,1.3866409063339233,-55.647098541259766,89.07061004638672,-1.3866409063339233,-55.647090911865234,89.07061004638672,1.3866409063339233,-55.647090911865234,89.07061004638672,Stop,Stepping
1776271749.8079393,13544.783063269,-1.3866409063339233,-55.647098541259766,89.07061004638672,1.3866409063339233,-55.647098541259766,89.07061004638672,-1.3866409063339233,-55.647090911865234,89.07061004638672,1.3866409063339233,-55.647090911865234,89.07061004638672,Stop,Stepping
1776271749.8279188,13544.80881503,-1.3866409063339233,-55.647098541259766,89.07061004638672,1.3866409063339233,-55.647098541259766,89.07061004638672,-1.3866409063339233,-55.647090911865234,89.07061004638672,1.3866409063339233,-55.647090911865234,89.07061004638672,Stop,Stepping
1776271749.8479366,13544.820247188,-1.3866409063339233,-55.647098541259766,89.07061004638672,1.3866409063339233,-55.647098541259766,89.07061004638672,-1.3866409063339233,-55.647090911865234,89.07061004638672,1.3866409063339233,-55.647090911865234,89.07061004638672,Stop,Stepping
1776271749.8679373,13544.839606412,-1.3866409063339233,-55.647098541259766,89.07061004638672,1.3866409063339233,-55.647098541259766,89.07061004638672,-1.3866409063339233,-55.647090911865234,89.07061004638672,1.3866409063339233,-55.647090911865234,89.07061004638672,Stop,Stepping
1776271749.8879452,13544.859426779,-1.3866409063339233,-55.647098541259766,89.07061004638672,1.3866409063339233,-55.647098541259766,89.07061004638672,-1.3866409063339233,-55.647090911865234,89.07061004638672,1.3866409063339233,-55.647090911865234,89.07061004638672,Stop,Stepping
1776271749.9080932,13544.879484843,-1.3866409063339233,-55.647098541259766,89.07061004638672,1.3866409063339233,-55.647098541259766,89.07061004638672,-1.3866409063339233,-55.647090911865234,89.07061004638672,1.3866409063339233,-55.647090911865234,89.07061004638672,Stop,Stepping
1776271749.9279377,13544.898930103,-1.3866409063339233,-55.647098541259766,89.07061004638672,1.3866409063339233,-55.647098541259766,89.07061004638672,-1.3866409063339233,-55.647090911865234,89.07061004638672,1.3866409063339233,-55.647090911865234,89.07061004638672,Stop,Stepping
1776271749.9478498,13544.925046311,-1.3866409063339233,-55.647098541259766,89.07061004638672,1.3866409063339233,-55.647098541259766,89.07061004638672,-1.3866409063339233,-55.647090911865234,89.07061004638672,1.3866409063339233,-55.647090911865234,89.07061004638672,Stop,Stepping
1776271749.9679186,13544.945295661,-1.3866409063339233,-55.647098541259766,89.07061004638672,1.3866409063339233,-55.647098541259766,89.07061004638672,-1.3866409063339233,-55.647090911865234,89.07061004638672,1.3866409063339233,-55.647090911865234,89.07061004638672,Stop,Stepping
1776271749.9879441,13544.972423091,-1.3866409063339233,-55.647098541259766,89.07061004638672,1.3866409063339233,-55.647098541259766,89.07061004638672,-1.3866409063339233,-55.647090911865234,89.07061004638672,1.3866409063339233,-55.647090911865234,89.07061004638672,Stop,Stepping
1776271750.0079381,13544.979468875,-1.3866409063339233,-55.647098541259766,89.07061004638672,1.3866409063339233,-55.647098541259766,89.07061004638672,-1.3866409063339233,-55.647090911865234,89.07061004638672,1.3866409063339233,-55.647090911865234,89.07061004638672,Stop,Stepping
1776271750.0279384,13544.998881244,-1.3866409063339233,-55.647098541259766,89.07061004638672,1.3866409063339233,-55.647098541259766,89.07061004638672,-1.3866409063339233,-55.647090911865234,89.07061004638672,1.3866409063339233,-55.647090911865234,89.07061004638672,Stop,Stepping
1776271750.0479724,13545.022987392,-1.3866409063339233,-55.647098541259766,89.07061004638672,1.3866409063339233,-55.647098541259766,89.07061004638672,-1.3866409063339233,-55.647090911865234,89.07061004638672,1.3866409063339233,-55.647090911865234,89.07061004638672,Stop,Stepping
1776271750.0679812,13545.039910273,-1.3866409063339233,-55.647098541259766,89.07061004638672,1.3866409063339233,-55.647098541259766,89.07061004638672,-1.3866409063339233,-55.647090911865234,89.07061004638672,1.3866409063339233,-55.647090911865234,89.07061004638672,Stop,Stepping
1776271750.0881307,13545.060728286,-1.3866409063339233,-55.647098541259766,89.07061004638672,1.3866409063339233,-55.647098541259766,89.07061004638672,-1.3866409063339233,-55.647090911865234,89.07061004638672,1.3866409063339233,-55.647090911865234,89.07061004638672,Stop,Stepping
1776271750.108152,13545.080458505,-1.3866409063339233,-55.647098541259766,89.07061004638672,1.3866409063339233,-55.647098541259766,89.07061004638672,-1.3866409063339233,-55.647090911865234,89.07061004638672,1.3866409063339233,-55.647090911865234,89.07061004638672,Stop,Stepping
1776271750.1279807,13545.099296778,-1.3866409063339233,-55.647098541259766,89.07061004638672,1.3866409063339233,-55.647098541259766,89.07061004638672,-1.3866409063339233,-55.647090911865234,89.07061004638672,1.3866409063339233,-55.647090911865234,89.07061004638672,Stop,Stepping
1776271750.1481194,13545.119309358,-1.3866409063339233,-55.647098541259766,89.07061004638672,1.3866409063339233,-55.647098541259766,89.07061004638672,-1.3866409063339233,-55.647090911865234,89.07061004638672,1.3866409063339233,-55.647090911865234,89.07061004638672,Stop,Stepping
1776271750.1679726,13545.147606843,-1.3866409063339233,-55.647098541259766,89.07061004638672,1.3866409063339233,-55.647098541259766,89.07061004638672,-1.3866409063339233,-55.647090911865234,89.07061004638672,1.3866409063339233,-55.647090911865234,89.07061004638672,Stop,Stepping
1776271750.187907,13545.160957528,-1.3866409063339233,-55.647098541259766,89.07061004638672,1.3866409063339233,-55.647098541259766,89.07061004638672,-1.3866409063339233,-55.647090911865234,89.07061004638672,1.3866409063339233,-55.647090911865234,89.07061004638672,Stop,Stepping
1776271750.208146,13545.181868825,-1.3866409063339233,-55.647098541259766,89.07061004638672,1.3866409063339233,-55.647098541259766,89.07061004638672,-1.3866409063339233,-55.647090911865234,89.07061004638672,1.3866409063339233,-55.647090911865234,89.07061004638672,Stop,Stepping
1776271750.2279584,13545.205589575,-1.3866409063339233,-55.647098541259766,89.07061004638672,1.3866409063339233,-55.647098541259766,89.07061004638672,-1.3866409063339233,-55.647090911865234,89.07061004638672,1.3866409063339233,-55.647090911865234,89.07061004638672,Stop,Stepping
1776271750.2479823,13545.233876902,-1.3866409063339233,-55.647098541259766,89.07061004638672,1.3866409063339233,-55.647098541259766,89.07061004638672,-1.3866409063339233,-55.647090911865234,89.07061004638672,1.3866409063339233,-55.647090911865234,89.07061004638672,Stop,Stepping
1776271750.2679129,13545.24002222,-1.3866409063339233,-55.647098541259766,89.07061004638672,1.3866409063339233,-55.647098541259766,89.07061004638672,-1.3866409063339233,-55.647090911865234,89.07061004638672,1.3866409063339233,-55.647090911865234,89.07061004638672,Stop,Stepping
1776271750.2879117,13545.259263097,-1.3866409063339233,-55.647098541259766,89.07061004638672,1.3866409063339233,-55.647098541259766,89.07061004638672,-1.3866409063339233,-55.647090911865234,89.07061004638672,1.3866409063339233,-55.647090911865234,89.07061004638672,Stop,Stepping
1776271750.307913,13545.282222394,-1.3866409063339233,-55.647098541259766,89.07061004638672,1.3866409063339233,-55.647098541259766,89.07061004638672,-1.3866409063339233,-55.647090911865234,89.07061004638672,1.3866409063339233,-55.647090911865234,89.07061004638672,Stop,Stepping
1776271750.3279119,13545.301814074,-1.3866409063339233,-55.647098541259766,89.07061004638672,1.3866409063339233,-55.647098541259766,89.07061004638672,-1.3866409063339233,-55.647090911865234,89.07061004638672,1.3866409063339233,-55.647090911865234,89.07061004638672,Stop,Stepping
1776271750.3479085,13545.322218547,-1.3866409063339233,-55.647098541259766,89.07061004638672,1.3866409063339233,-55.647098541259766,89.07061004638672,-1.3866409063339233,-55.647090911865234,89.07061004638672,1.3866409063339233,-55.647090911865234,89.07061004638672,Stop,Stepping
1776271750.3679316,13545.34326184,-1.3866409063339233,-55.647098541259766,89.07061004638672,1.3866409063339233,-55.647098541259766,89.07061004638672,-1.3866409063339233,-55.647090911865234,89.07061004638672,1.3866409063339233,-55.647090911865234,89.07061004638672,Stop,Stepping
1776271750.387931,13545.368745226,-1.3866409063339233,-55.647098541259766,89.07061004638672,1.3866409063339233,-55.647098541259766,89.07061004638672,-1.3866409063339233,-55.647090911865234,89.07061004638672,1.3866409063339233,-55.647090911865234,89.07061004638672,Stop,Stepping
1776271750.4079137,13545.385354909,-1.3866409063339233,-55.647098541259766,89.07061004638672,1.3866409063339233,-55.647098541259766,89.07061004638672,-1.3866409063339233,-55.647090911865234,89.07061004638672,1.3866409063339233,-55.647090911865234,89.07061004638672,Stop,Stepping
1776271750.427979,13545.401851295,-1.3866409063339233,-55.647098541259766,89.07061004638672,1.3866409063339233,-55.647098541259766,89.07061004638672,-1.3866409063339233,-55.647090911865234,89.07061004638672,1.3866409063339233,-55.647090911865234,89.07061004638672,Stop,Stepping
1776271750.4479353,13545.424324405,-1.3866409063339233,-55.647098541259766,89.07061004638672,1.3866409063339233,-55.647098541259766,89.07061004638672,-1.3866409063339233,-55.647090911865234,89.07061004638672,1.3866409063339233,-55.647090911865234,89.07061004638672,Stop,Stepping
1776271750.467931,13545.43864926,-1.3866409063339233,-55.647098541259766,89.07061004638672,1.3866409063339233,-55.647098541259766,89.07061004638672,-1.3866409063339233,-55.647090911865234,89.07061004638672,1.3866409063339233,-55.647090911865234,89.07061004638672,Stop,Stepping
1776271750.4879222,13545.476194704,-1.3866409063339233,-55.647098541259766,89.07061004638672,1.3866409063339233,-55.647098541259766,89.07061004638672,-1.3866409063339233,-55.647090911865234,89.07061004638672,1.3866409063339233,-55.647090911865234,89.07061004638672,Stop,Stepping
1776271750.5078933,13545.478349309,-1.3866409063339233,-55.647098541259766,89.07061004638672,1.3866409063339233,-55.647098541259766,89.07061004638672,-1.3866409063339233,-55.647090911865234,89.07061004638672,1.3866409063339233,-55.647090911865234,89.07061004638672,Stop,Stepping
1776271750.5279052,13545.498775869,-1.3866409063339233,-55.647098541259766,89.07061004638672,1.3866409063339233,-55.647098541259766,89.07061004638672,-1.3866409063339233,-55.647090911865234,89.07061004638672,1.3866409063339233,-55.647090911865234,89.07061004638672,Stop,Stepping
1776271750.547916,13545.550737096,-1.3866409063339233,-55.647098541259766,89.07061004638672,1.3866409063339233,-55.647098541259766,89.07061004638672,-1.3866409063339233,-55.647090911865234,89.07061004638672,1.3866409063339233,-55.647090911865234,89.07061004638672,Stop,Stepping
1776271750.5679333,13545.552181139,-1.3866409063339233,-55.647098541259766,89.07061004638672,1.3866409063339233,-55.647098541259766,89.07061004638672,-1.3866409063339233,-55.647090911865234,89.07061004638672,1.3866409063339233,-55.647090911865234,89.07061004638672,Stop,Stepping
1776271750.5879178,13545.564334375,-1.3866409063339233,-55.647098541259766,89.07061004638672,1.3866409063339233,-55.647098541259766,89.07061004638672,-1.3866409063339233,-55.647090911865234,89.07061004638672,1.3866409063339233,-55.647090911865234,89.07061004638672,Stop,Stepping
1776271750.6079254,13545.58525362,-1.3866409063339233,-55.647098541259766,89.07061004638672,1.3866409063339233,-55.647098541259766,89.07061004638672,-1.3866409063339233,-55.647090911865234,89.07061004638672,1.3866409063339233,-55.647090911865234,89.07061004638672,Stop,Stepping
1776271750.6279223,13545.602441745,-1.3866409063339233,-55.647098541259766,89.07061004638672,1.3866409063339233,-55.647098541259766,89.07061004638672,-1.3866409063339233,-55.647090911865234,89.07061004638672,1.3866409063339233,-55.647090911865234,89.07061004638672,Stop,Stepping
1776271750.6479504,13545.619101748,-1.3866409063339233,-55.647098541259766,89.07061004638672,1.3866409063339233,-55.647098541259766,89.07061004638672,-1.3866409063339233,-55.647090911865234,89.07061004638672,1.3866409063339233,-55.647090911865234,89.07061004638672,Stop,Stepping
1776271750.6679018,13545.638345366,-1.3866409063339233,-55.647098541259766,89.07061004638672,1.3866409063339233,-55.647098541259766,89.07061004638672,-1.3866409063339233,-55.647090911865234,89.07061004638672,1.3866409063339233,-55.647090911865234,89.07061004638672,Stop,Stepping
1776271750.6879046,13545.659237116,-1.3866409063339233,-55.647098541259766,89.07061004638672,1.3866409063339233,-55.647098541259766,89.07061004638672,-1.3866409063339233,-55.647090911865234,89.07061004638672,1.3866409063339233,-55.647090911865234,89.07061004638672,Stop,Stepping
1776271750.7079148,13545.681772553,-1.3866409063339233,-55.647098541259766,89.07061004638672,1.3866409063339233,-55.647098541259766,89.07061004638672,-1.3866409063339233,-55.647090911865234,89.07061004638672,1.3866409063339233,-55.647090911865234,89.07061004638672,Stop,Stepping
1776271750.7279017,13545.698892127,-1.3866409063339233,-55.647098541259766,89.07061004638672,1.3866409063339233,-55.647098541259766,89.07061004638672,-1.3866409063339233,-55.647090911865234,89.07061004638672,1.3866409063339233,-55.647090911865234,89.07061004638672,Stop,Stepping
1776271750.74789,13545.722543835,-1.3866409063339233,-55.647098541259766,89.07061004638672,1.3866409063339233,-55.647098541259766,89.07061004638672,-1.3866409063339233,-55.647090911865234,89.07061004638672,1.3866409063339233,-55.647090911865234,89.07061004638672,Stop,Stepping
1776271750.7678134,13545.739157804,-1.3866409063339233,-55.647098541259766,89.07061004638672,1.3866409063339233,-55.647098541259766,89.07061004638672,-1.3866409063339233,-55.647090911865234,89.07061004638672,1.3866409063339233,-55.647090911865234,89.07061004638672,Stop,Stepping
1776271750.787878,13545.759129592,-1.3866409063339233,-55.647098541259766,89.07061004638672,1.3866409063339233,-55.647098541259766,89.07061004638672,-1.3866409063339233,-55.647090911865234,89.07061004638672,1.3866409063339233,-55.647090911865234,89.07061004638672,Stop,Stepping
1776271750.80791,13545.779626608,-1.3866409063339233,-55.647098541259766,89.07061004638672,1.3866409063339233,-55.647098541259766,89.07061004638672,-1.3866409063339233,-55.647090911865234,89.07061004638672,1.3866409063339233,-55.647090911865234,89.07061004638672,Stop,Stepping
1776271750.8279288,13545.804602897,-1.3866409063339233,-55.647098541259766,89.07061004638672,1.3866409063339233,-55.647098541259766,89.07061004638672,-1.3866409063339233,-55.647090911865234,89.07061004638672,1.3866409063339233,-55.647090911865234,89.07061004638672,Stop,Stepping
1776271750.8479137,13545.823333405,-1.3866409063339233,-55.647098541259766,89.07061004638672,1.3866409063339233,-55.647098541259766,89.07061004638672,-1.3866409063339233,-55.647090911865234,89.07061004638672,1.3866409063339233,-55.647090911865234,89.07061004638672,Stop,Stepping
1776271750.8679051,13545.840360953,-1.3866409063339233,-55.647098541259766,89.07061004638672,1.3866409063339233,-55.647098541259766,89.07061004638672,-1.3866409063339233,-55.647090911865234,89.07061004638672,1.3866409063339233,-55.647090911865234,89.07061004638672,Stop,Stepping
1776271750.8879268,13545.859686374,-1.3866409063339233,-55.647098541259766,89.07061004638672,1.3866409063339233,-55.647098541259766,89.07061004638672,-1.3866409063339233,-55.647090911865234,89.07061004638672,1.3866409063339233,-55.647090911865234,89.07061004638672,Stop,Stepping
1776271750.9079149,13545.880073306,-1.3866409063339233,-55.647098541259766,89.07061004638672,1.3866409063339233,-55.647098541259766,89.07061004638672,-1.3866409063339233,-55.647090911865234,89.07061004638672,1.3866409063339233,-55.647090911865234,89.07061004638672,Stop,Stepping
1776271750.9279082,13545.899564316,-1.3866409063339233,-55.647098541259766,89.07061004638672,1.3866409063339233,-55.647098541259766,89.07061004638672,-1.3866409063339233,-55.647090911865234,89.07061004638672,1.3866409063339233,-55.647090911865234,89.07061004638672,Stop,Stepping
1776271750.947972,13545.920919964,-1.3866409063339233,-55.647098541259766,89.07061004638672,1.3866409063339233,-55.647098541259766,89.07061004638672,-1.3866409063339233,-55.647090911865234,89.07061004638672,1.3866409063339233,-55.647090911865234,89.07061004638672,Stop,Stepping
1776271750.9679816,13545.945168334,-1.3866409063339233,-55.647098541259766,89.07061004638672,1.3866409063339233,-55.647098541259766,89.07061004638672,-1.3866409063339233,-55.647090911865234,89.07061004638672,1.3866409063339233,-55.647090911865234,89.07061004638672,Stop,Stepping
1776271750.9879296,13545.963656803,-1.3866409063339233,-55.647098541259766,89.07061004638672,1.3866409063339233,-55.647098541259766,89.07061004638672,-1.3866409063339233,-55.647090911865234,89.07061004638672,1.3866409063339233,-55.647090911865234,89.07061004638672,Stop,Stepping
1776271751.00797,13545.978458531,-1.3866409063339233,-55.647098541259766,89.07061004638672,1.3866409063339233,-55.647098541259766,89.07061004638672,-1.3866409063339233,-55.647090911865234,89.07061004638672,1.3866409063339233,-55.647090911865234,89.07061004638672,Stop,Stepping
1776271751.0279303,13545.999007901,-1.3866409063339233,-55.647098541259766,89.07061004638672,1.3866409063339233,-55.647098541259766,89.07061004638672,-1.3866409063339233,-55.647090911865234,89.07061004638672,1.3866409063339233,-55.647090911865234,89.07061004638672,Stop,Stepping
1776271751.0479279,13546.020416524,-1.3866409063339233,-55.647098541259766,89.07061004638672,1.3866409063339233,-55.647098541259766,89.07061004638672,-1.3866409063339233,-55.647090911865234,89.07061004638672,1.3866409063339233,-55.647090911865234,89.07061004638672,Stop,Stepping
1776271751.0679467,13546.038752479,-1.3866409063339233,-55.647098541259766,89.07061004638672,1.3866409063339233,-55.647098541259766,89.07061004638672,-1.3866409063339233,-55.647090911865234,89.07061004638672,1.3866409063339233,-55.647090911865234,89.07061004638672,Stop,Stepping
1776271751.087931,13546.062417511,-1.3866409063339233,-55.647098541259766,89.07061004638672,1.3866409063339233,-55.647098541259766,89.07061004638672,-1.3866409063339233,-55.647090911865234,89.07061004638672,1.3866409063339233,-55.647090911865234,89.07061004638672,Stop,Stepping
1776271751.1081314,13546.085507324,-1.3866409063339233,-55.647098541259766,89.07061004638672,1.3866409063339233,-55.647098541259766,89.07061004638672,-1.3866409063339233,-55.647090911865234,89.07061004638672,1.3866409063339233,-55.647090911865234,89.07061004638672,Stop,Stepping
1776271751.127973,13546.102288382,-1.3866409063339233,-55.647098541259766,89.07061004638672,1.3866409063339233,-55.647098541259766,89.07061004638672,-1.3866409063339233,-55.647090911865234,89.07061004638672,1.3866409063339233,-55.647090911865234,89.07061004638672,Stop,Stepping
1776271751.147934,13546.14806353,-1.3866409063339233,-55.647098541259766,89.07061004638672,1.3866409063339233,-55.647098541259766,89.07061004638672,-1.3866409063339233,-55.647090911865234,89.07061004638672,1.3866409063339233,-55.647090911865234,89.07061004638672,Stop,Stepping
1776271751.1679468,13546.14862641,-1.3866409063339233,-55.647098541259766,89.07061004638672,1.3866409063339233,-55.647098541259766,89.07061004638672,-1.3866409063339233,-55.647090911865234,89.07061004638672,1.3866409063339233,-55.647090911865234,89.07061004638672,Stop,Stepping
1776271751.18791,13546.160586111,-1.3866409063339233,-55.647098541259766,89.07061004638672,1.3866409063339233,-55.647098541259766,89.07061004638672,-1.3866409063339233,-55.647090911865234,89.07061004638672,1.3866409063339233,-55.647090911865234,89.07061004638672,Stop,Stepping
1776271751.2079153,13546.178483074,-1.3866409063339233,-55.647098541259766,89.07061004638672,1.3866409063339233,-55.647098541259766,89.07061004638672,-1.3866409063339233,-55.647090911865234,89.07061004638672,1.3866409063339233,-55.647090911865234,89.07061004638672,Stop,Stepping
1776271751.227958,13546.201151733,-1.3866409063339233,-55.647098541259766,89.07061004638672,1.3866409063339233,-55.647098541259766,89.07061004638672,-1.3866409063339233,-55.647090911865234,89.07061004638672,1.3866409063339233,-55.647090911865234,89.07061004638672,Stop,Stepping
1776271751.2479336,13546.218373485,-1.3866409063339233,-55.647098541259766,89.07061004638672,1.3866409063339233,-55.647098541259766,89.07061004638672,-1.3866409063339233,-55.647090911865234,89.07061004638672,1.3866409063339233,-55.647090911865234,89.07061004638672,Stop,Stepping
1776271751.2679148,13546.239909864,-1.3866409063339233,-55.647098541259766,89.07061004638672,1.3866409063339233,-55.647098541259766,89.07061004638672,-1.3866409063339233,-55.647090911865234,89.07061004638672,1.3866409063339233,-55.647090911865234,89.07061004638672,Stop,Stepping
1776271751.2879171,13546.259144051,-1.3866409063339233,-55.647098541259766,89.07061004638672,1.3866409063339233,-55.647098541259766,89.07061004638672,-1.3866409063339233,-55.647090911865234,89.07061004638672,1.3866409063339233,-55.647090911865234,89.07061004638672,Stop,Stepping
1776271751.3079104,13546.281635474,-1.3866409063339233,-55.647098541259766,89.07061004638672,1.3866409063339233,-55.647098541259766,89.07061004638672,-1.3866409063339233,-55.647090911865234,89.07061004638672,1.3866409063339233,-55.647090911865234,89.07061004638672,Stop,Stepping
1776271751.3279152,13546.304378282,-1.3866409063339233,-55.647098541259766,89.07061004638672,1.3866409063339233,-55.647098541259766,89.07061004638672,-1.3866409063339233,-55.647090911865234,89.07061004638672,1.3866409063339233,-55.647090911865234,89.07061004638672,Stop,Stepping
1776271751.3479989,13546.326939355,-1.3866409063339233,-55.647098541259766,89.07061004638672,1.3866409063339233,-55.647098541259766,89.07061004638672,-1.3866409063339233,-55.647090911865234,89.07061004638672,1.3866409063339233,-55.647090911865234,89.07061004638672,Stop,Stepping
1776271751.3680022,13546.339704966,-1.3866409063339233,-55.647098541259766,89.07061004638672,1.3866409063339233,-55.647098541259766,89.07061004638672,-1.3866409063339233,-55.647090911865234,89.07061004638672,1.3866409063339233,-55.647090911865234,89.07061004638672,Stop,Stepping
1776271751.3879075,13546.358436708,-1.3866409063339233,-55.647098541259766,89.07061004638672,1.3866409063339233,-55.647098541259766,89.07061004638672,-1.3866409063339233,-55.647090911865234,89.07061004638672,1.3866409063339233,-55.647090911865234,89.07061004638672,Stop,Stepping
1776271751.407933,13546.378910928,-1.3866409063339233,-55.647098541259766,89.07061004638672,1.3866409063339233,-55.647098541259766,89.07061004638672,-1.3866409063339233,-55.647090911865234,89.07061004638672,1.3866409063339233,-55.647090911865234,89.07061004638672,Stop,Stepping
1776271751.4279213,13546.398834617,-1.3866409063339233,-55.647098541259766,89.07061004638672,1.3866409063339233,-55.647098541259766,89.07061004638672,-1.3866409063339233,-55.647090911865234,89.07061004638672,1.3866409063339233,-55.647090911865234,89.07061004638672,Stop,Stepping
1776271751.4479413,13546.419122348,-1.3866409063339233,-55.647098541259766,89.07061004638672,1.3866409063339233,-55.647098541259766,89.07061004638672,-1.3866409063339233,-55.647090911865234,89.07061004638672,1.3866409063339233,-55.647090911865234,89.07061004638672,Stop,Stepping
1776271751.4679048,13546.445152082,-1.3866409063339233,-55.647098541259766,89.07061004638672,1.3866409063339233,-55.647098541259766,89.07061004638672,-1.3866409063339233,-55.647090911865234,89.07061004638672,1.3866409063339233,-55.647090911865234,89.07061004638672,Stop,Stepping
1776271751.487968,13546.458831482,-1.3866409063339233,-55.647098541259766,89.07061004638672,1.3866409063339233,-55.647098541259766,89.07061004638672,-1.3866409063339233,-55.647090911865234,89.07061004638672,1.3866409063339233,-55.647090911865234,89.07061004638672,Stop,Stepping
1776271751.5085313,13546.487221133,-1.3866409063339233,-55.647098541259766,89.07061004638672,1.3866409063339233,-55.647098541259766,89.07061004638672,-1.3866409063339233,-55.647090911865234,89.07061004638672,1.3866409063339233,-55.647090911865234,89.07061004638672,Stop,Stepping
1776271751.5279944,13546.518386755,-1.3866409063339233,-55.647098541259766,89.07061004638672,1.3866409063339233,-55.647098541259766,89.07061004638672,-1.3866409063339233,-55.647090911865234,89.07061004638672,1.3866409063339233,-55.647090911865234,89.07061004638672,Stop,Stepping
1776271751.5479405,13546.519363261,-1.3866409063339233,-55.647098541259766,89.07061004638672,1.3866409063339233,-55.647098541259766,89.07061004638672,-1.3866409063339233,-55.647090911865234,89.07061004638672,1.3866409063339233,-55.647090911865234,89.07061004638672,Stop,Stepping
1776271751.5679824,13546.541137572,-1.3866409063339233,-55.647098541259766,89.07061004638672,1.3866409063339233,-55.647098541259766,89.07061004638672,-1.3866409063339233,-55.647090911865234,89.07061004638672,1.3866409063339233,-55.647090911865234,89.07061004638672,Stop,Stepping
1776271751.5880005,13546.561231578,-1.3866409063339233,-55.647098541259766,89.07061004638672,1.3866409063339233,-55.647098541259766,89.07061004638672,-1.3866409063339233,-55.647090911865234,89.07061004638672,1.3866409063339233,-55.647090911865234,89.07061004638672,Stop,Stepping
1776271751.6079655,13546.581098318,-1.3866409063339233,-55.647098541259766,89.07061004638672,1.3866409063339233,-55.647098541259766,89.07061004638672,-1.3866409063339233,-55.647090911865234,89.07061004638672,1.3866409063339233,-55.647090911865234,89.07061004638672,Stop,Stepping
1776271751.6279392,13546.600874974,-1.3866409063339233,-55.647098541259766,89.07061004638672,1.3866409063339233,-55.647098541259766,89.07061004638672,-1.3866409063339233,-55.647090911865234,89.07061004638672,1.3866409063339233,-55.647090911865234,89.07061004638672,Stop,Stepping
1776271751.6479297,13546.638487138,-1.3866409063339233,-55.647098541259766,89.07061004638672,1.3866409063339233,-55.647098541259766,89.07061004638672,-1.3866409063339233,-55.647090911865234,89.07061004638672,1.3866409063339233,-55.647090911865234,89.07061004638672,Stop,Stepping
1776271751.667918,13546.641549429,-1.3866409063339233,-55.647098541259766,89.07061004638672,1.3866409063339233,-55.647098541259766,89.07061004638672,-1.3866409063339233,-55.647090911865234,89.07061004638672,1.3866409063339233,-55.647090911865234,89.07061004638672,Stop,Stepping
1776271751.6879573,13546.664486737,-1.3866409063339233,-55.647098541259766,89.07061004638672,1.3866409063339233,-55.647098541259766,89.07061004638672,-1.3866409063339233,-55.647090911865234,89.07061004638672,1.3866409063339233,-55.647090911865234,89.07061004638672,Stop,Stepping
1776271751.7079391,13546.687067834,-1.3866409063339233,-55.647098541259766,89.07061004638672,1.3866409063339233,-55.647098541259766,89.07061004638672,-1.3866409063339233,-55.647090911865234,89.07061004638672,1.3866409063339233,-55.647090911865234,89.07061004638672,Stop,Stepping
1776271751.7279294,13546.703429975,-1.3866409063339233,-55.647098541259766,89.07061004638672,1.3866409063339233,-55.647098541259766,89.07061004638672,-1.3866409063339233,-55.647090911865234,89.07061004638672,1.3866409063339233,-55.647090911865234,89.07061004638672,Stop,Stepping
1776271751.7479615,13546.719972468,-1.3866409063339233,-55.647098541259766,89.07061004638672,1.3866409063339233,-55.647098541259766,89.07061004638672,-1.3866409063339233,-55.647090911865234,89.07061004638672,1.3866409063339233,-55.647090911865234,89.07061004638672,Stop,Stepping
1776271751.7679021,13546.75007008,-1.3866409063339233,-55.647098541259766,89.07061004638672,1.3866409063339233,-55.647098541259766,89.07061004638672,-1.3866409063339233,-55.647090911865234,89.07061004638672,1.3866409063339233,-55.647090911865234,89.07061004638672,Stop,Stepping
1776271751.7879283,13546.762906228,-1.3866409063339233,-55.647098541259766,89.07061004638672,1.3866409063339233,-55.647098541259766,89.07061004638672,-1.3866409063339233,-55.647090911865234,89.07061004638672,1.3866409063339233,-55.647090911865234,89.07061004638672,Stop,Stepping
1776271751.8079295,13546.779897764,-1.3866409063339233,-55.647098541259766,89.07061004638672,1.3866409063339233,-55.647098541259766,89.07061004638672,-1.3866409063339233,-55.647090911865234,89.07061004638672,1.3866409063339233,-55.647090911865234,89.07061004638672,Stop,Stepping
1776271751.8279495,13546.805089243,-1.3866409063339233,-55.647098541259766,89.07061004638672,1.3866409063339233,-55.647098541259766,89.07061004638672,-1.3866409063339233,-55.647090911865234,89.07061004638672,1.3866409063339233,-55.647090911865234,89.07061004638672,Stop,Stepping
1776271751.8479266,13546.819054723,-1.3866409063339233,-55.647098541259766,89.07061004638672,1.3866409063339233,-55.647098541259766,89.07061004638672,-1.3866409063339233,-55.647090911865234,89.07061004638672,1.3866409063339233,-55.647090911865234,89.07061004638672,Stop,Stepping
1776271751.8679109,13546.839260263,-1.3866409063339233,-55.647098541259766,89.07061004638672,1.3866409063339233,-55.647098541259766,89.07061004638672,-1.3866409063339233,-55.647090911865234,89.07061004638672,1.3866409063339233,-55.647090911865234,89.07061004638672,Stop,Stepping
1776271751.88788,13546.866770603,-1.3866409063339233,-55.647098541259766,89.07061004638672,1.3866409063339233,-55.647098541259766,89.07061004638672,-1.3866409063339233,-55.647090911865234,89.07061004638672,1.3866409063339233,-55.647090911865234,89.07061004638672,Stop,Stepping
1776271751.9080577,13546.879877312,-1.3866409063339233,-55.647098541259766,89.07061004638672,1.3866409063339233,-55.647098541259766,89.07061004638672,-1.3866409063339233,-55.647090911865234,89.07061004638672,1.3866409063339233,-55.647090911865234,89.07061004638672,Stop,Stepping
1776271751.9280472,13546.901517702,-1.3866409063339233,-55.647098541259766,89.07061004638672,1.3866409063339233,-55.647098541259766,89.07061004638672,-1.3866409063339233,-55.647090911865234,89.07061004638672,1.3866409063339233,-55.647090911865234,89.07061004638672,Stop,Stepping
1776271751.948075,13546.919201771,-1.3866409063339233,-55.647098541259766,89.07061004638672,1.3866409063339233,-55.647098541259766,89.07061004638672,-1.3866409063339233,-55.647090911865234,89.07061004638672,1.3866409063339233,-55.647090911865234,89.07061004638672,Stop,Stepping
1776271751.9680917,13547.014660119,-1.3866409063339233,-55.647098541259766,89.07061004638672,1.3866409063339233,-55.647098541259766,89.07061004638672,-1.3866409063339233,-55.647090911865234,89.07061004638672,1.3866409063339233,-55.647090911865234,89.07061004638672,Stop,Stepping
1776271751.987939,13547.016973061,-1.3866409063339233,-55.647098541259766,89.07061004638672,1.3866409063339233,-55.647098541259766,89.07061004638672,-1.3866409063339233,-55.647090911865234,89.07061004638672,1.3866409063339233,-55.647090911865234,89.07061004638672,Stop,Stepping
1776271752.0079954,13547.017391516,-1.3866409063339233,-55.647098541259766,89.07061004638672,1.3866409063339233,-55.647098541259766,89.07061004638672,-1.3866409063339233,-55.647090911865234,89.07061004638672,1.3866409063339233,-55.647090911865234,89.07061004638672,Stop,Stepping
1776271752.0279326,13547.01775982,-1.3866409063339233,-55.647098541259766,89.07061004638672,1.3866409063339233,-55.647098541259766,89.07061004638672,-1.3866409063339233,-55.647090911865234,89.07061004638672,1.3866409063339233,-55.647090911865234,89.07061004638672,Stop,Stepping
1776271752.0480244,13547.019324417,-1.3866409063339233,-55.647098541259766,89.07061004638672,1.3866409063339233,-55.647098541259766,89.07061004638672,-1.3866409063339233,-55.647090911865234,89.07061004638672,1.3866409063339233,-55.647090911865234,89.07061004638672,Stop,Stepping
1776271752.0679665,13547.054248092,-1.3866409063339233,-55.647098541259766,89.07061004638672,1.3866409063339233,-55.647098541259766,89.07061004638672,-1.3866409063339233,-55.647090911865234,89.07061004638672,1.3866409063339233,-55.647090911865234,89.07061004638672,Stop,Stepping
1776271752.0879667,13547.059169461,-1.3866409063339233,-55.647098541259766,89.07061004638672,1.3866409063339233,-55.647098541259766,89.07061004638672,-1.3866409063339233,-55.647090911865234,89.07061004638672,1.3866409063339233,-55.647090911865234,89.07061004638672,Stop,Stepping
1776271752.107965,13547.079029124,-1.3866409063339233,-55.647098541259766,89.07061004638672,1.3866409063339233,-55.647098541259766,89.07061004638672,-1.3866409063339233,-55.647090911865234,89.07061004638672,1.3866409063339233,-55.647090911865234,89.07061004638672,Stop,Stepping
1776271752.1279995,13547.100128476,-1.3866409063339233,-55.647098541259766,89.07061004638672,1.3866409063339233,-55.647098541259766,89.07061004638672,-1.3866409063339233,-55.647090911865234,89.07061004638672,1.3866409063339233,-55.647090911865234,89.07061004638672,Stop,Stepping
1776271752.1479645,13547.120572407,-1.3866409063339233,-55.647098541259766,89.07061004638672,1.3866409063339233,-55.647098541259766,89.07061004638672,-1.3866409063339233,-55.647090911865234,89.07061004638672,1.3866409063339233,-55.647090911865234,89.07061004638672,Stop,Stepping
1776271752.1679404,13547.139161235,-1.3866409063339233,-55.647098541259766,89.07061004638672,1.3866409063339233,-55.647098541259766,89.07061004638672,-1.3866409063339233,-55.647090911865234,89.07061004638672,1.3866409063339233,-55.647090911865234,89.07061004638672,Stop,Stepping
1776271752.187948,13547.159149681,-1.3866409063339233,-55.647098541259766,89.07061004638672,1.3866409063339233,-55.647098541259766,89.07061004638672,-1.3866409063339233,-55.647090911865234,89.07061004638672,1.3866409063339233,-55.647090911865234,89.07061004638672,Stop,Stepping
1776271752.207984,13547.179216214,-1.3866409063339233,-55.647098541259766,89.07061004638672,1.3866409063339233,-55.647098541259766,89.07061004638672,-1.3866409063339233,-55.647090911865234,89.07061004638672,1.3866409063339233,-55.647090911865234,89.07061004638672,Stop,Stepping
1776271752.2279682,13547.199682117,-1.3866409063339233,-55.647098541259766,89.07061004638672,1.3866409063339233,-55.647098541259766,89.07061004638672,-1.3866409063339233,-55.647090911865234,89.07061004638672,1.3866409063339233,-55.647090911865234,89.07061004638672,Stop,Stepping
1776271752.2479727,13547.220289985,-1.3866409063339233,-55.647098541259766,89.07061004638672,1.3866409063339233,-55.647098541259766,89.07061004638672,-1.3866409063339233,-55.647090911865234,89.07061004638672,1.3866409063339233,-55.647090911865234,89.07061004638672,Stop,Stepping
1776271752.2679632,13547.239999314,-1.3866409063339233,-55.647098541259766,89.07061004638672,1.3866409063339233,-55.647098541259766,89.07061004638672,-1.3866409063339233,-55.647090911865234,89.07061004638672,1.3866409063339233,-55.647090911865234,89.07061004638672,Stop,Stepping
1776271752.2878432,13547.26023677,-1.3866409063339233,-55.647098541259766,89.07061004638672,1.3866409063339233,-55.647098541259766,89.07061004638672,-1.3866409063339233,-55.647090911865234,89.07061004638672,1.3866409063339233,-55.647090911865234,89.07061004638672,Stop,Stepping
1776271752.3079586,13547.279659936,-1.3866409063339233,-55.647098541259766,89.07061004638672,1.3866409063339233,-55.647098541259766,89.07061004638672,-1.3866409063339233,-55.647090911865234,89.07061004638672,1.3866409063339233,-55.647090911865234,89.07061004638672,Stop,Stepping
1776271752.328007,13547.299299729,-1.3866409063339233,-55.647098541259766,89.07061004638672,1.3866409063339233,-55.647098541259766,89.07061004638672,-1.3866409063339233,-55.647090911865234,89.07061004638672,1.3866409063339233,-55.647090911865234,89.07061004638672,Stop,Stepping
1776271752.348009,13547.324760574,-1.3866409063339233,-55.647098541259766,89.07061004638672,1.3866409063339233,-55.647098541259766,89.07061004638672,-1.3866409063339233,-55.647090911865234,89.07061004638672,1.3866409063339233,-55.647090911865234,89.07061004638672,Stop,Stepping
1776271752.367926,13547.339258659,-1.3866409063339233,-55.647098541259766,89.07061004638672,1.3866409063339233,-55.647098541259766,89.07061004638672,-1.3866409063339233,-55.647090911865234,89.07061004638672,1.3866409063339233,-55.647090911865234,89.07061004638672,Stop,Stepping
1776271752.3879232,13547.362703417,-1.3866409063339233,-55.647098541259766,89.07061004638672,1.3866409063339233,-55.647098541259766,89.07061004638672,-1.3866409063339233,-55.647090911865234,89.07061004638672,1.3866409063339233,-55.647090911865234,89.07061004638672,Stop,Stepping
1776271752.407946,13547.379526923,-1.3866409063339233,-55.647098541259766,89.07061004638672,1.3866409063339233,-55.647098541259766,89.07061004638672,-1.3866409063339233,-55.647090911865234,89.07061004638672,1.3866409063339233,-55.647090911865234,89.07061004638672,Stop,Stepping
1776271752.4279568,13547.398914911,-1.3866409063339233,-55.647098541259766,89.07061004638672,1.3866409063339233,-55.647098541259766,89.07061004638672,-1.3866409063339233,-55.647090911865234,89.07061004638672,1.3866409063339233,-55.647090911865234,89.07061004638672,Stop,Stepping
1776271752.447965,13547.41926624,-1.3866409063339233,-55.647098541259766,89.07061004638672,1.3866409063339233,-55.647098541259766,89.07061004638672,-1.3866409063339233,-55.647090911865234,89.07061004638672,1.3866409063339233,-55.647090911865234,89.07061004638672,Stop,Stepping
1776271752.4679568,13547.439299923,-1.3866409063339233,-55.647098541259766,89.07061004638672,1.3866409063339233,-55.647098541259766,89.07061004638672,-1.3866409063339233,-55.647090911865234,89.07061004638672,1.3866409063339233,-55.647090911865234,89.07061004638672,Stop,Stepping
1776271752.487951,13547.471344124,-1.3866409063339233,-55.647098541259766,89.07061004638672,1.3866409063339233,-55.647098541259766,89.07061004638672,-1.3866409063339233,-55.647090911865234,89.07061004638672,1.3866409063339233,-55.647090911865234,89.07061004638672,Stop,Stepping
1776271752.5079525,13547.47978733,-1.3866409063339233,-55.647098541259766,89.07061004638672,1.3866409063339233,-55.647098541259766,89.07061004638672,-1.3866409063339233,-55.647090911865234,89.07061004638672,1.3866409063339233,-55.647090911865234,89.07061004638672,Stop,Stepping
1776271752.528171,13547.502797846,-1.3866409063339233,-55.647098541259766,89.07061004638672,1.3866409063339233,-55.647098541259766,89.07061004638672,-1.3866409063339233,-55.647090911865234,89.07061004638672,1.3866409063339233,-55.647090911865234,89.07061004638672,Stop,Stepping
1776271752.5479448,13547.523307753,-1.3866409063339233,-55.647098541259766,89.07061004638672,1.3866409063339233,-55.647098541259766,89.07061004638672,-1.3866409063339233,-55.647090911865234,89.07061004638672,1.3866409063339233,-55.647090911865234,89.07061004638672,Stop,Stepping
1776271752.5681057,13547.540490735,-1.3866409063339233,-55.647098541259766,89.07061004638672,1.3866409063339233,-55.647098541259766,89.07061004638672,-1.3866409063339233,-55.647090911865234,89.07061004638672,1.3866409063339233,-55.647090911865234,89.07061004638672,Stop,Stepping
1776271752.5879967,13547.567272437,-1.3866409063339233,-55.647098541259766,89.07061004638672,1.3866409063339233,-55.647098541259766,89.07061004638672,-1.3866409063339233,-55.647090911865234,89.07061004638672,1.3866409063339233,-55.647090911865234,89.07061004638672,Stop,Stepping
1776271752.608003,13547.586038116,-1.3866409063339233,-55.647098541259766,89.07061004638672,1.3866409063339233,-55.647098541259766,89.07061004638672,-1.3866409063339233,-55.647090911865234,89.07061004638672,1.3866409063339233,-55.647090911865234,89.07061004638672,Stop,Stepping
1776271752.627957,13547.598743251,-1.3866409063339233,-55.647098541259766,89.07061004638672,1.3866409063339233,-55.647098541259766,89.07061004638672,-1.3866409063339233,-55.647090911865234,89.07061004638672,1.3866409063339233,-55.647090911865234,89.07061004638672,Stop,Stepping
1776271752.6479325,13547.620123724,-1.3866409063339233,-55.647098541259766,89.07061004638672,1.3866409063339233,-55.647098541259766,89.07061004638672,-1.3866409063339233,-55.647090911865234,89.07061004638672,1.3866409063339233,-55.647090911865234,89.07061004638672,Stop,Stepping
1776271752.6679544,13547.641444207,-1.3866409063339233,-55.647098541259766,89.07061004638672,1.3866409063339233,-55.647098541259766,89.07061004638672,-1.3866409063339233,-55.647090911865234,89.07061004638672,1.3866409063339233,-55.647090911865234,89.07061004638672,Stop,Stepping
1776271752.6879497,13547.659284432,-1.3866409063339233,-55.647098541259766,89.07061004638672,1.3866409063339233,-55.647098541259766,89.07061004638672,-1.3866409063339233,-55.647090911865234,89.07061004638672,1.3866409063339233,-55.647090911865234,89.07061004638672,Stop,Stepping
1776271752.7080064,13547.692892036,-1.3866409063339233,-55.647098541259766,89.07061004638672,1.3866409063339233,-55.647098541259766,89.07061004638672,-1.3866409063339233,-55.647090911865234,89.07061004638672,1.3866409063339233,-55.647090911865234,89.07061004638672,Stop,Stepping
1776271752.727943,13547.707900888,-1.3866409063339233,-55.647098541259766,89.07061004638672,1.3866409063339233,-55.647098541259766,89.07061004638672,-1.3866409063339233,-55.647090911865234,89.07061004638672,1.3866409063339233,-55.647090911865234,89.07061004638672,Stop,Stepping
1776271752.747949,13547.719237688,-1.3866409063339233,-55.647098541259766,89.07061004638672,1.3866409063339233,-55.647098541259766,89.07061004638672,-1.3866409063339233,-55.647090911865234,89.07061004638672,1.3866409063339233,-55.647090911865234,89.07061004638672,Stop,Stepping
1776271752.7679334,13547.74269693,-1.3866409063339233,-55.647098541259766,89.07061004638672,1.3866409063339233,-55.647098541259766,89.07061004638672,-1.3866409063339233,-55.647090911865234,89.07061004638672,1.3866409063339233,-55.647090911865234,89.07061004638672,Stop,Stepping
1776271752.7881422,13547.760878415,-1.3866409063339233,-55.647098541259766,89.07061004638672,1.3866409063339233,-55.647098541259766,89.07061004638672,-1.3866409063339233,-55.647090911865234,89.07061004638672,1.3866409063339233,-55.647090911865234,89.07061004638672,Stop,Stepping
1776271752.8080952,13547.781325801,-1.3866409063339233,-55.647098541259766,89.07061004638672,1.3866409063339233,-55.647098541259766,89.07061004638672,-1.3866409063339233,-55.647090911865234,89.07061004638672,1.3866409063339233,-55.647090911865234,89.07061004638672,Stop,Stepping
1776271752.827985,13547.799312964,-1.3866409063339233,-55.647098541259766,89.07061004638672,1.3866409063339233,-55.647098541259766,89.07061004638672,-1.3866409063339233,-55.647090911865234,89.07061004638672,1.3866409063339233,-55.647090911865234,89.07061004638672,Stop,Stepping
1776271752.8479695,13547.822957236,-1.3866409063339233,-55.647098541259766,89.07061004638672,1.3866409063339233,-55.647098541259766,89.07061004638672,-1.3866409063339233,-55.647090911865234,89.07061004638672,1.3866409063339233,-55.647090911865234,89.07061004638672,Stop,Stepping
1776271752.8679836,13547.84445611,-1.3866409063339233,-55.647098541259766,89.07061004638672,1.3866409063339233,-55.647098541259766,89.07061004638672,-1.3866409063339233,-55.647090911865234,89.07061004638672,1.3866409063339233,-55.647090911865234,89.07061004638672,Stop,Stepping
1776271752.8879516,13547.863857817,-1.3866409063339233,-55.647098541259766,89.07061004638672,1.3866409063339233,-55.647098541259766,89.07061004638672,-1.3866409063339233,-55.647090911865234,89.07061004638672,1.3866409063339233,-55.647090911865234,89.07061004638672,Stop,Stepping
1776271752.9079957,13547.878601589,-1.3866409063339233,-55.647098541259766,89.07061004638672,1.3866409063339233,-55.647098541259766,89.07061004638672,-1.3866409063339233,-55.647090911865234,89.07061004638672,1.3866409063339233,-55.647090911865234,89.07061004638672,Stop,Stepping
1776271752.9280097,13547.900187463,-1.3866409063339233,-55.647098541259766,89.07061004638672,1.3866409063339233,-55.647098541259766,89.07061004638672,-1.3866409063339233,-55.647090911865234,89.07061004638672,1.3866409063339233,-55.647090911865234,89.07061004638672,Stop,Stepping
1776271752.9480088,13547.927049807,-1.3866409063339233,-55.647098541259766,89.07061004638672,1.3866409063339233,-55.647098541259766,89.07061004638672,-1.3866409063339233,-55.647090911865234,89.07061004638672,1.3866409063339233,-55.647090911865234,89.07061004638672,Stop,Stepping
1776271752.967947,13547.949488637,-1.3866409063339233,-55.647098541259766,89.07061004638672,1.3866409063339233,-55.647098541259766,89.07061004638672,-1.3866409063339233,-55.647090911865234,89.07061004638672,1.3866409063339233,-55.647090911865234,89.07061004638672,Stop,Stepping
1776271752.988012,13547.963623136,-1.3866409063339233,-55.647098541259766,89.07061004638672,1.3866409063339233,-55.647098541259766,89.07061004638672,-1.3866409063339233,-55.647090911865234,89.07061004638672,1.3866409063339233,-55.647090911865234,89.07061004638672,Stop,Stepping
1776271753.008007,13547.979153357,-1.3866409063339233,-55.647098541259766,89.07061004638672,1.3866409063339233,-55.647098541259766,89.07061004638672,-1.3866409063339233,-55.647090911865234,89.07061004638672,1.3866409063339233,-55.647090911865234,89.07061004638672,Stop,Stepping
1776271753.0279677,13548.001944216,-1.3866409063339233,-55.647098541259766,89.07061004638672,1.3866409063339233,-55.647098541259766,89.07061004638672,-1.3866409063339233,-55.647090911865234,89.07061004638672,1.3866409063339233,-55.647090911865234,89.07061004638672,Stop,Stepping
1776271753.0479593,13548.020155407,-1.3866409063339233,-55.647098541259766,89.07061004638672,1.3866409063339233,-55.647098541259766,89.07061004638672,-1.3866409063339233,-55.647090911865234,89.07061004638672,1.3866409063339233,-55.647090911865234,89.07061004638672,Stop,Stepping
1776271753.0679367,13548.050011798,-1.3866409063339233,-55.647098541259766,89.07061004638672,1.3866409063339233,-55.647098541259766,89.07061004638672,-1.3866409063339233,-55.647090911865234,89.07061004638672,1.3866409063339233,-55.647090911865234,89.07061004638672,Stop,Stepping
1776271753.0879574,13548.062104395,-1.3866409063339233,-55.647098541259766,89.07061004638672,1.3866409063339233,-55.647098541259766,89.07061004638672,-1.3866409063339233,-55.647090911865234,89.07061004638672,1.3866409063339233,-55.647090911865234,89.07061004638672,Stop,Stepping
1776271753.1080077,13548.084684333,-1.3866409063339233,-55.647098541259766,89.07061004638672,1.3866409063339233,-55.647098541259766,89.07061004638672,-1.3866409063339233,-55.647090911865234,89.07061004638672,1.3866409063339233,-55.647090911865234,89.07061004638672,Stop,Stepping
1776271753.1280048,13548.100195857,-1.3866409063339233,-55.647098541259766,89.07061004638672,1.3866409063339233,-55.647098541259766,89.07061004638672,-1.3866409063339233,-55.647090911865234,89.07061004638672,1.3866409063339233,-55.647090911865234,89.07061004638672,Stop,Stepping
1776271753.1481073,13548.12327258,-1.3866409063339233,-55.647098541259766,89.07061004638672,1.3866409063339233,-55.647098541259766,89.07061004638672,-1.3866409063339233,-55.647090911865234,89.07061004638672,1.3866409063339233,-55.647090911865234,89.07061004638672,Stop,Stepping
1776271753.1679575,13548.138555343,-1.3866409063339233,-55.647098541259766,89.07061004638672,1.3866409063339233,-55.647098541259766,89.07061004638672,-1.3866409063339233,-55.647090911865234,89.07061004638672,1.3866409063339233,-55.647090911865234,89.07061004638672,Stop,Stepping
1776271753.1879406,13548.159069554,-1.3866409063339233,-55.647098541259766,89.07061004638672,1.3866409063339233,-55.647098541259766,89.07061004638672,-1.3866409063339233,-55.647090911865234,89.07061004638672,1.3866409063339233,-55.647090911865234,89.07061004638672,Stop,Stepping
1776271753.2079442,13548.183887802,-1.3866409063339233,-55.647098541259766,89.07061004638672,1.3866409063339233,-55.647098541259766,89.07061004638672,-1.3866409063339233,-55.647090911865234,89.07061004638672,1.3866409063339233,-55.647090911865234,89.07061004638672,Stop,Stepping
1776271753.227933,13548.199928032,-1.3866409063339233,-55.647098541259766,89.07061004638672,1.3866409063339233,-55.647098541259766,89.07061004638672,-1.3866409063339233,-55.647090911865234,89.07061004638672,1.3866409063339233,-55.647090911865234,89.07061004638672,Stop,Stepping
1776271753.2479255,13548.222088869,-1.3866409063339233,-55.647098541259766,89.07061004638672,1.3866409063339233,-55.647098541259766,89.07061004638672,-1.3866409063339233,-55.647090911865234,89.07061004638672,1.3866409063339233,-55.647090911865234,89.07061004638672,Stop,Stepping
1776271753.2679765,13548.239549638,-1.3866409063339233,-55.647098541259766,89.07061004638672,1.3866409063339233,-55.647098541259766,89.07061004638672,-1.3866409063339233,-55.647090911865234,89.07061004638672,1.3866409063339233,-55.647090911865234,89.07061004638672,Stop,Stepping
1776271753.2879322,13548.261275968,-1.3866409063339233,-55.647098541259766,89.07061004638672,1.3866409063339233,-55.647098541259766,89.07061004638672,-1.3866409063339233,-55.647090911865234,89.07061004638672,1.3866409063339233,-55.647090911865234,89.07061004638672,Stop,Stepping
1776271753.3079636,13548.280518981,-1.3866409063339233,-55.647098541259766,89.07061004638672,1.3866409063339233,-55.647098541259766,89.07061004638672,-1.3866409063339233,-55.647090911865234,89.07061004638672,1.3866409063339233,-55.647090911865234,89.07061004638672,Stop,Stepping
1776271753.327934,13548.300278602,-1.3866409063339233,-55.647098541259766,89.07061004638672,1.3866409063339233,-55.647098541259766,89.07061004638672,-1.3866409063339233,-55.647090911865234,89.07061004638672,1.3866409063339233,-55.647090911865234,89.07061004638672,Stop,Stepping
1776271753.3479414,13548.321602761,-1.3866409063339233,-55.647098541259766,89.07061004638672,1.3866409063339233,-55.647098541259766,89.07061004638672,-1.3866409063339233,-55.647090911865234,89.07061004638672,1.3866409063339233,-55.647090911865234,89.07061004638672,Stop,Stepping
1776271753.367932,13548.364571216,-1.3866409063339233,-55.647098541259766,89.07061004638672,1.3866409063339233,-55.647098541259766,89.07061004638672,-1.3866409063339233,-55.647090911865234,89.07061004638672,1.3866409063339233,-55.647090911865234,89.07061004638672,Stop,Stepping
1776271753.3879163,13548.365109302,-1.3866409063339233,-55.647098541259766,89.07061004638672,1.3866409063339233,-55.647098541259766,89.07061004638672,-1.3866409063339233,-55.647090911865234,89.07061004638672,1.3866409063339233,-55.647090911865234,89.07061004638672,Stop,Stepping
1776271753.4079368,13548.382841082,-1.3866409063339233,-55.647098541259766,89.07061004638672,1.3866409063339233,-55.647098541259766,89.07061004638672,-1.3866409063339233,-55.647090911865234,89.07061004638672,1.3866409063339233,-55.647090911865234,89.07061004638672,Stop,Stepping
1776271753.4279947,13548.404268414,-1.3866409063339233,-55.647098541259766,89.07061004638672,1.3866409063339233,-55.647098541259766,89.07061004638672,-1.3866409063339233,-55.647090911865234,89.07061004638672,1.3866409063339233,-55.647090911865234,89.07061004638672,Stop,Stepping
1776271753.4479387,13548.418750041,-1.3866409063339233,-55.647098541259766,89.07061004638672,1.3866409063339233,-55.647098541259766,89.07061004638672,-1.3866409063339233,-55.647090911865234,89.07061004638672,1.3866409063339233,-55.647090911865234,89.07061004638672,Stop,Stepping
1776271753.4679668,13548.496649741,-1.3866409063339233,-55.647098541259766,89.07061004638672,1.3866409063339233,-55.647098541259766,89.07061004638672,-1.3866409063339233,-55.647090911865234,89.07061004638672,1.3866409063339233,-55.647090911865234,89.07061004638672,Stop,Stepping
1776271753.4879792,13548.497167957,-1.3866409063339233,-55.647098541259766,89.07061004638672,1.3866409063339233,-55.647098541259766,89.07061004638672,-1.3866409063339233,-55.647090911865234,89.07061004638672,1.3866409063339233,-55.647090911865234,89.07061004638672,Stop,Stepping
1776271753.5078993,13548.497840557,-1.3866409063339233,-55.647098541259766,89.07061004638672,1.3866409063339233,-55.647098541259766,89.07061004638672,-1.3866409063339233,-55.647090911865234,89.07061004638672,1.3866409063339233,-55.647090911865234,89.07061004638672,Stop,Stepping
1776271753.5279639,13548.500144995,-1.3866409063339233,-55.647098541259766,89.07061004638672,1.3866409063339233,-55.647098541259766,89.07061004638672,-1.3866409063339233,-55.647090911865234,89.07061004638672,1.3866409063339233,-55.647090911865234,89.07061004638672,Stop,Stepping
1776271753.5479522,13548.529781537,-1.3866409063339233,-55.647098541259766,89.07061004638672,1.3866409063339233,-55.647098541259766,89.07061004638672,-1.3866409063339233,-55.647090911865234,89.07061004638672,1.3866409063339233,-55.647090911865234,89.07061004638672,Stop,Stepping
1776271753.567944,13548.544998337,-1.3866409063339233,-55.647098541259766,89.07061004638672,1.3866409063339233,-55.647098541259766,89.07061004638672,-1.3866409063339233,-55.647090911865234,89.07061004638672,1.3866409063339233,-55.647090911865234,89.07061004638672,Stop,Stepping
1776271753.5879445,13548.558557507,-1.3866409063339233,-55.647098541259766,89.07061004638672,1.3866409063339233,-55.647098541259766,89.07061004638672,-1.3866409063339233,-55.647090911865234,89.07061004638672,1.3866409063339233,-55.647090911865234,89.07061004638672,Stop,Stepping
1776271753.6079683,13548.579465768,-1.3866409063339233,-55.647098541259766,89.07061004638672,1.3866409063339233,-55.647098541259766,89.07061004638672,-1.3866409063339233,-55.647090911865234,89.07061004638672,1.3866409063339233,-55.647090911865234,89.07061004638672,Stop,Stepping
1776271753.6279755,13548.598661728,-1.3866409063339233,-55.647098541259766,89.07061004638672,1.3866409063339233,-55.647098541259766,89.07061004638672,-1.3866409063339233,-55.647090911865234,89.07061004638672,1.3866409063339233,-55.647090911865234,89.07061004638672,Stop,Stepping
1776271753.6479714,13548.622105373,-1.3866409063339233,-55.647098541259766,89.07061004638672,1.3866409063339233,-55.647098541259766,89.07061004638672,-1.3866409063339233,-55.647090911865234,89.07061004638672,1.3866409063339233,-55.647090911865234,89.07061004638672,Stop,Stepping
1776271753.6679714,13548.640572588,-1.3866409063339233,-55.647098541259766,89.07061004638672,1.3866409063339233,-55.647098541259766,89.07061004638672,-1.3866409063339233,-55.647090911865234,89.07061004638672,1.3866409063339233,-55.647090911865234,89.07061004638672,Stop,Stepping
1776271753.6880338,13548.662059359,-1.3866409063339233,-55.647098541259766,89.07061004638672,1.3866409063339233,-55.647098541259766,89.07061004638672,-1.3866409063339233,-55.647090911865234,89.07061004638672,1.3866409063339233,-55.647090911865234,89.07061004638672,Stop,Stepping
1776271753.707954,13548.679670765,-1.3866409063339233,-55.647098541259766,89.07061004638672,1.3866409063339233,-55.647098541259766,89.07061004638672,-1.3866409063339233,-55.647090911865234,89.07061004638672,1.3866409063339233,-55.647090911865234,89.07061004638672,Stop,Stepping
1776271753.7279515,13548.70771863,-1.3866409063339233,-55.647098541259766,89.07061004638672,1.3866409063339233,-55.647098541259766,89.07061004638672,-1.3866409063339233,-55.647090911865234,89.07061004638672,1.3866409063339233,-55.647090911865234,89.07061004638672,Stop,Stepping
1776271753.747978,13548.721734085,-1.3866409063339233,-55.647098541259766,89.07061004638672,1.3866409063339233,-55.647098541259766,89.07061004638672,-1.3866409063339233,-55.647090911865234,89.07061004638672,1.3866409063339233,-55.647090911865234,89.07061004638672,Stop,Stepping
1776271753.7679846,13548.739003942,-1.3866409063339233,-55.647098541259766,89.07061004638672,1.3866409063339233,-55.647098541259766,89.07061004638672,-1.3866409063339233,-55.647090911865234,89.07061004638672,1.3866409063339233,-55.647090911865234,89.07061004638672,Stop,Stepping
1776271753.788001,13548.760105986,-1.3866409063339233,-55.647098541259766,89.07061004638672,1.3866409063339233,-55.647098541259766,89.07061004638672,-1.3866409063339233,-55.647090911865234,89.07061004638672,1.3866409063339233,-55.647090911865234,89.07061004638672,Stop,Stepping
1776271753.8081377,13548.778862595,-1.3866409063339233,-55.647098541259766,89.07061004638672,1.3866409063339233,-55.647098541259766,89.07061004638672,-1.3866409063339233,-55.647090911865234,89.07061004638672,1.3866409063339233,-55.647090911865234,89.07061004638672,Stop,Stepping
1776271753.8282263,13548.800089181,-1.3866409063339233,-55.647098541259766,89.07061004638672,1.3866409063339233,-55.647098541259766,89.07061004638672,-1.3866409063339233,-55.647090911865234,89.07061004638672,1.3866409063339233,-55.647090911865234,89.07061004638672,Stop,Stepping
1776271753.8481302,13548.819408593,-1.3866409063339233,-55.647098541259766,89.07061004638672,1.3866409063339233,-55.647098541259766,89.07061004638672,-1.3866409063339233,-55.647090911865234,89.07061004638672,1.3866409063339233,-55.647090911865234,89.07061004638672,Stop,Stepping
1776271753.8681786,13548.841436818,-1.3866409063339233,-55.647098541259766,89.07061004638672,1.3866409063339233,-55.647098541259766,89.07061004638672,-1.3866409063339233,-55.647090911865234,89.07061004638672,1.3866409063339233,-55.647090911865234,89.07061004638672,Stop,Stepping
1776271753.8879826,13548.859659287,-1.3866409063339233,-55.647098541259766,89.07061004638672,1.3866409063339233,-55.647098541259766,89.07061004638672,-1.3866409063339233,-55.647090911865234,89.07061004638672,1.3866409063339233,-55.647090911865234,89.07061004638672,Stop,Stepping
1776271753.907959,13548.879222522,-1.3866409063339233,-55.647098541259766,89.07061004638672,1.3866409063339233,-55.647098541259766,89.07061004638672,-1.3866409063339233,-55.647090911865234,89.07061004638672,1.3866409063339233,-55.647090911865234,89.07061004638672,Stop,Stepping
1776271753.9280062,13548.901418665,-1.3866409063339233,-55.647098541259766,89.07061004638672,1.3866409063339233,-55.647098541259766,89.07061004638672,-1.3866409063339233,-55.647090911865234,89.07061004638672,1.3866409063339233,-55.647090911865234,89.07061004638672,Stop,Stepping
1776271753.9479473,13548.918949347,-1.3866409063339233,-55.647098541259766,89.07061004638672,1.3866409063339233,-55.647098541259766,89.07061004638672,-1.3866409063339233,-55.647090911865234,89.07061004638672,1.3866409063339233,-55.647090911865234,89.07061004638672,Stop,Stepping
1776271753.9679782,13548.941137577,-1.3866409063339233,-55.647098541259766,89.07061004638672,1.3866409063339233,-55.647098541259766,89.07061004638672,-1.3866409063339233,-55.647090911865234,89.07061004638672,1.3866409063339233,-55.647090911865234,89.07061004638672,Stop,Stepping
1776271753.9879777,13548.958660947,-1.3866409063339233,-55.647098541259766,89.07061004638672,1.3866409063339233,-55.647098541259766,89.07061004638672,-1.3866409063339233,-55.647090911865234,89.07061004638672,1.3866409063339233,-55.647090911865234,89.07061004638672,Stop,Stepping
1776271754.007989,13548.978979481,-1.3866409063339233,-55.647098541259766,89.07061004638672,1.3866409063339233,-55.647098541259766,89.07061004638672,-1.3866409063339233,-55.647090911865234,89.07061004638672,1.3866409063339233,-55.647090911865234,89.07061004638672,Stop,Stepping
1776271754.0279758,13548.998532835,-1.3866409063339233,-55.647098541259766,89.07061004638672,1.3866409063339233,-55.647098541259766,89.07061004638672,-1.3866409063339233,-55.647090911865234,89.07061004638672,1.3866409063339233,-55.647090911865234,89.07061004638672,Stop,Stepping
1776271754.0479734,13549.019768408,-1.3866409063339233,-55.647098541259766,89.07061004638672,1.3866409063339233,-55.647098541259766,89.07061004638672,-1.3866409063339233,-55.647090911865234,89.07061004638672,1.3866409063339233,-55.647090911865234,89.07061004638672,Stop,Stepping
1776271754.0679967,13549.043164096,-1.3866409063339233,-55.647098541259766,89.07061004638672,1.3866409063339233,-55.647098541259766,89.07061004638672,-1.3866409063339233,-55.647090911865234,89.07061004638672,1.3866409063339233,-55.647090911865234,89.07061004638672,Stop,Stepping
1776271754.0879796,13549.07067791,-1.3866409063339233,-55.647098541259766,89.07061004638672,1.3866409063339233,-55.647098541259766,89.07061004638672,-1.3866409063339233,-55.647090911865234,89.07061004638672,1.3866409063339233,-55.647090911865234,89.07061004638672,Stop,Stepping
1776271754.10797,13549.07889243,-1.3866409063339233,-55.647098541259766,89.07061004638672,1.3866409063339233,-55.647098541259766,89.07061004638672,-1.3866409063339233,-55.647090911865234,89.07061004638672,1.3866409063339233,-55.647090911865234,89.07061004638672,Stop,Stepping
1776271754.1279414,13549.113482247,-1.3866409063339233,-55.647098541259766,89.07061004638672,1.3866409063339233,-55.647098541259766,89.07061004638672,-1.3866409063339233,-55.647090911865234,89.07061004638672,1.3866409063339233,-55.647090911865234,89.07061004638672,Stop,Stepping
1776271754.1479402,13549.118465162,-1.3866409063339233,-55.647098541259766,89.07061004638672,1.3866409063339233,-55.647098541259766,89.07061004638672,-1.3866409063339233,-55.647090911865234,89.07061004638672,1.3866409063339233,-55.647090911865234,89.07061004638672,Stop,Stepping
1776271754.1679783,13549.145371618,-1.3866409063339233,-55.647098541259766,89.07061004638672,1.3866409063339233,-55.647098541259766,89.07061004638672,-1.3866409063339233,-55.647090911865234,89.07061004638672,1.3866409063339233,-55.647090911865234,89.07061004638672,Stop,Stepping
1776271754.1879492,13549.160464994,-1.3866409063339233,-55.647098541259766,89.07061004638672,1.3866409063339233,-55.647098541259766,89.07061004638672,-1.3866409063339233,-55.647090911865234,89.07061004638672,1.3866409063339233,-55.647090911865234,89.07061004638672,Stop,Stepping
1776271754.2080145,13549.186775559,-1.3866409063339233,-55.647098541259766,89.07061004638672,1.3866409063339233,-55.647098541259766,89.07061004638672,-1.3866409063339233,-55.647090911865234,89.07061004638672,1.3866409063339233,-55.647090911865234,89.07061004638672,Stop,Stepping
1776271754.2279508,13549.201191312,-1.3866409063339233,-55.647098541259766,89.07061004638672,1.3866409063339233,-55.647098541259766,89.07061004638672,-1.3866409063339233,-55.647090911865234,89.07061004638672,1.3866409063339233,-55.647090911865234,89.07061004638672,Stop,Stepping
1776271754.2479618,13549.21889836,-1.3866409063339233,-55.647098541259766,89.07061004638672,1.3866409063339233,-55.647098541259766,89.07061004638672,-1.3866409063339233,-55.647090911865234,89.07061004638672,1.3866409063339233,-55.647090911865234,89.07061004638672,Stop,Stepping
1776271754.2679684,13549.260984484,-1.3866409063339233,-55.647098541259766,89.07061004638672,1.3866409063339233,-55.647098541259766,89.07061004638672,-1.3866409063339233,-55.647090911865234,89.07061004638672,1.3866409063339233,-55.647090911865234,89.07061004638672,Stop,Stepping
1776271754.2879825,13549.261285908,-1.3866409063339233,-55.647098541259766,89.07061004638672,1.3866409063339233,-55.647098541259766,89.07061004638672,-1.3866409063339233,-55.647090911865234,89.07061004638672,1.3866409063339233,-55.647090911865234,89.07061004638672,Stop,Stepping
1776271754.3079464,13549.279748949,-1.3866409063339233,-55.647098541259766,89.07061004638672,1.3866409063339233,-55.647098541259766,89.07061004638672,-1.3866409063339233,-55.647090911865234,89.07061004638672,1.3866409063339233,-55.647090911865234,89.07061004638672,Stop,Stepping
1776271754.3279605,13549.298526759,-1.3866409063339233,-55.647098541259766,89.07061004638672,1.3866409063339233,-55.647098541259766,89.07061004638672,-1.3866409063339233,-55.647090911865234,89.07061004638672,1.3866409063339233,-55.647090911865234,89.07061004638672,Stop,Stepping
1776271754.3480241,13549.318582577,-1.3866409063339233,-55.647098541259766,89.07061004638672,1.3866409063339233,-55.647098541259766,89.07061004638672,-1.3866409063339233,-55.647090911865234,89.07061004638672,1.3866409063339233,-55.647090911865234,89.07061004638672,Stop,Stepping
1776271754.367994,13549.349861925,-1.3866409063339233,-55.647098541259766,89.07061004638672,1.3866409063339233,-55.647098541259766,89.07061004638672,-1.3866409063339233,-55.647090911865234,89.07061004638672,1.3866409063339233,-55.647090911865234,89.07061004638672,Stop,Stepping
1776271754.3880157,13549.358628475,-1.3866409063339233,-55.647098541259766,89.07061004638672,1.3866409063339233,-55.647098541259766,89.07061004638672,-1.3866409063339233,-55.647090911865234,89.07061004638672,1.3866409063339233,-55.647090911865234,89.07061004638672,Stop,Stepping
1776271754.4080162,13549.379937029,-1.3866409063339233,-55.647098541259766,89.07061004638672,1.3866409063339233,-55.647098541259766,89.07061004638672,-1.3866409063339233,-55.647090911865234,89.07061004638672,1.3866409063339233,-55.647090911865234,89.07061004638672,Stop,Stepping
1776271754.4279904,13549.399077268,-1.3866409063339233,-55.647098541259766,89.07061004638672,1.3866409063339233,-55.647098541259766,89.07061004638672,-1.3866409063339233,-55.647090911865234,89.07061004638672,1.3866409063339233,-55.647090911865234,89.07061004638672,Stop,Stepping
1776271754.4479132,13549.422239301,-1.3866409063339233,-55.647098541259766,89.07061004638672,1.3866409063339233,-55.647098541259766,89.07061004638672,-1.3866409063339233,-55.647090911865234,89.07061004638672,1.3866409063339233,-55.647090911865234,89.07061004638672,Stop,Stepping
1776271754.4679449,13549.447572438,-1.3866409063339233,-55.647098541259766,89.07061004638672,1.3866409063339233,-55.647098541259766,89.07061004638672,-1.3866409063339233,-55.647090911865234,89.07061004638672,1.3866409063339233,-55.647090911865234,89.07061004638672,Stop,Stepping
1776271754.4879897,13549.45941712,-1.3866409063339233,-55.647098541259766,89.07061004638672,1.3866409063339233,-55.647098541259766,89.07061004638672,-1.3866409063339233,-55.647090911865234,89.07061004638672,1.3866409063339233,-55.647090911865234,89.07061004638672,Stop,Stepping
1776271754.5079527,13549.4884674,-1.3866409063339233,-55.647098541259766,89.07061004638672,1.3866409063339233,-55.647098541259766,89.07061004638672,-1.3866409063339233,-55.647090911865234,89.07061004638672,1.3866409063339233,-55.647090911865234,89.07061004638672,Stop,Stepping
1776271754.5279927,13549.503949201,-1.3866409063339233,-55.647098541259766,89.07061004638672,1.3866409063339233,-55.647098541259766,89.07061004638672,-1.3866409063339233,-55.647090911865234,89.07061004638672,1.3866409063339233,-55.647090911865234,89.07061004638672,Stop,Stepping
1776271754.5479817,13549.519021122,-1.3866409063339233,-55.647098541259766,89.07061004638672,1.3866409063339233,-55.647098541259766,89.07061004638672,-1.3866409063339233,-55.647090911865234,89.07061004638672,1.3866409063339233,-55.647090911865234,89.07061004638672,Stop,Stepping
1776271754.5679567,13549.552803347,-1.3866409063339233,-55.647098541259766,89.07061004638672,1.3866409063339233,-55.647098541259766,89.07061004638672,-1.3866409063339233,-55.647090911865234,89.07061004638672,1.3866409063339233,-55.647090911865234,89.07061004638672,Stop,Stepping
1776271754.5879643,13549.559730516,-1.3866409063339233,-55.647098541259766,89.07061004638672,1.3866409063339233,-55.647098541259766,89.07061004638672,-1.3866409063339233,-55.647090911865234,89.07061004638672,1.3866409063339233,-55.647090911865234,89.07061004638672,Stop,Stepping
1776271754.6079843,13549.580664517,-1.3866409063339233,-55.647098541259766,89.07061004638672,1.3866409063339233,-55.647098541259766,89.07061004638672,-1.3866409063339233,-55.647090911865234,89.07061004638672,1.3866409063339233,-55.647090911865234,89.07061004638672,Stop,Stepping
1776271754.6278741,13549.600930791,-1.3866409063339233,-55.647098541259766,89.07061004638672,1.3866409063339233,-55.647098541259766,89.07061004638672,-1.3866409063339233,-55.647090911865234,89.07061004638672,1.3866409063339233,-55.647090911865234,89.07061004638672,Stop,Stepping
1776271754.6479604,13549.61949133,-1.3866409063339233,-55.647098541259766,89.07061004638672,1.3866409063339233,-55.647098541259766,89.07061004638672,-1.3866409063339233,-55.647090911865234,89.07061004638672,1.3866409063339233,-55.647090911865234,89.07061004638672,Stop,Stepping
1776271754.667946,13549.638765997,-1.3866409063339233,-55.647098541259766,89.07061004638672,1.3866409063339233,-55.647098541259766,89.07061004638672,-1.3866409063339233,-55.647090911865234,89.07061004638672,1.3866409063339233,-55.647090911865234,89.07061004638672,Stop,Stepping
1776271754.6879547,13549.659436739,-1.3866409063339233,-55.647098541259766,89.07061004638672,1.3866409063339233,-55.647098541259766,89.07061004638672,-1.3866409063339233,-55.647090911865234,89.07061004638672,1.3866409063339233,-55.647090911865234,89.07061004638672,Stop,Stepping
1776271754.7079425,13549.682476524,-1.3866409063339233,-55.647098541259766,89.07061004638672,1.3866409063339233,-55.647098541259766,89.07061004638672,-1.3866409063339233,-55.647090911865234,89.07061004638672,1.3866409063339233,-55.647090911865234,89.07061004638672,Stop,Stepping
1776271754.7279484,13549.69919975,-1.3866409063339233,-55.647098541259766,89.07061004638672,1.3866409063339233,-55.647098541259766,89.07061004638672,-1.3866409063339233,-55.647090911865234,89.07061004638672,1.3866409063339233,-55.647090911865234,89.07061004638672,Stop,Stepping
1776271754.747938,13549.72021241,-1.3866409063339233,-55.647098541259766,89.07061004638672,1.3866409063339233,-55.647098541259766,89.07061004638672,-1.3866409063339233,-55.647090911865234,89.07061004638672,1.3866409063339233,-55.647090911865234,89.07061004638672,Stop,Stepping
1776271754.7679539,13549.752892516,-1.3866409063339233,-55.647098541259766,89.07061004638672,1.3866409063339233,-55.647098541259766,89.07061004638672,-1.3866409063339233,-55.647090911865234,89.07061004638672,1.3866409063339233,-55.647090911865234,89.07061004638672,Stop,Stepping
1776271754.7879376,13549.759703205,-1.3866409063339233,-55.647098541259766,89.07061004638672,1.3866409063339233,-55.647098541259766,89.07061004638672,-1.3866409063339233,-55.647090911865234,89.07061004638672,1.3866409063339233,-55.647090911865234,89.07061004638672,Stop,Stepping
1776271754.807968,13549.781876115,-1.3866409063339233,-55.647098541259766,89.07061004638672,1.3866409063339233,-55.647098541259766,89.07061004638672,-1.3866409063339233,-55.647090911865234,89.07061004638672,1.3866409063339233,-55.647090911865234,89.07061004638672,Stop,Stepping
1776271754.8279831,13549.800645426,-1.3866409063339233,-55.647098541259766,89.07061004638672,1.3866409063339233,-55.647098541259766,89.07061004638672,-1.3866409063339233,-55.647090911865234,89.07061004638672,1.3866409063339233,-55.647090911865234,89.07061004638672,Stop,Stepping
1776271754.847987,13549.821474872,-1.3866409063339233,-55.647098541259766,89.07061004638672,1.3866409063339233,-55.647098541259766,89.07061004638672,-1.3866409063339233,-55.647090911865234,89.07061004638672,1.3866409063339233,-55.647090911865234,89.07061004638672,Stop,Stepping
1776271754.8680315,13549.839434986,-1.3866409063339233,-55.647098541259766,89.07061004638672,1.3866409063339233,-55.647098541259766,89.07061004638672,-1.3866409063339233,-55.647090911865234,89.07061004638672,1.3866409063339233,-55.647090911865234,89.07061004638672,Stop,Stepping
1776271754.8879838,13549.867824619,-1.3866409063339233,-55.647098541259766,89.07061004638672,1.3866409063339233,-55.647098541259766,89.07061004638672,-1.3866409063339233,-55.647090911865234,89.07061004638672,1.3866409063339233,-55.647090911865234,89.07061004638672,Stop,Stepping
1776271754.907982,13549.879101498,-1.3866409063339233,-55.647098541259766,89.07061004638672,1.3866409063339233,-55.647098541259766,89.07061004638672,-1.3866409063339233,-55.647090911865234,89.07061004638672,1.3866409063339233,-55.647090911865234,89.07061004638672,Stop,Stepping
1776271754.9281394,13549.899359356,-1.3866409063339233,-55.647098541259766,89.07061004638672,1.3866409063339233,-55.647098541259766,89.07061004638672,-1.3866409063339233,-55.647090911865234,89.07061004638672,1.3866409063339233,-55.647090911865234,89.07061004638672,Stop,Stepping
1776271754.9479492,13549.919259488,-1.3866409063339233,-55.647098541259766,89.07061004638672,1.3866409063339233,-55.647098541259766,89.07061004638672,-1.3866409063339233,-55.647090911865234,89.07061004638672,1.3866409063339233,-55.647090911865234,89.07061004638672,Stop,Stepping
1776271754.9679518,13549.941901694,-1.3866409063339233,-55.647098541259766,89.07061004638672,1.3866409063339233,-55.647098541259766,89.07061004638672,-1.3866409063339233,-55.647090911865234,89.07061004638672,1.3866409063339233,-55.647090911865234,89.07061004638672,Stop,Stepping
1776271754.9879544,13549.960636553,-1.3866409063339233,-55.647098541259766,89.07061004638672,1.3866409063339233,-55.647098541259766,89.07061004638672,-1.3866409063339233,-55.647090911865234,89.07061004638672,1.3866409063339233,-55.647090911865234,89.07061004638672,Stop,Stepping
1776271755.0079873,13549.982592131,-1.3866409063339233,-55.647098541259766,89.07061004638672,1.3866409063339233,-55.647098541259766,89.07061004638672,-1.3866409063339233,-55.647090911865234,89.07061004638672,1.3866409063339233,-55.647090911865234,89.07061004638672,Stop,Stepping
1776271755.0279708,13550.004987722,-1.3866409063339233,-55.647098541259766,89.07061004638672,1.3866409063339233,-55.647098541259766,89.07061004638672,-1.3866409063339233,-55.647090911865234,89.07061004638672,1.3866409063339233,-55.647090911865234,89.07061004638672,Stop,Stepping
1776271755.0479922,13550.018771453,-1.3866409063339233,-55.647098541259766,89.07061004638672,1.3866409063339233,-55.647098541259766,89.07061004638672,-1.3866409063339233,-55.647090911865234,89.07061004638672,1.3866409063339233,-55.647090911865234,89.07061004638672,Stop,Stepping
1776271755.0679948,13550.039784967,-1.3866409063339233,-55.647098541259766,89.07061004638672,1.3866409063339233,-55.647098541259766,89.07061004638672,-1.3866409063339233,-55.647090911865234,89.07061004638672,1.3866409063339233,-55.647090911865234,89.07061004638672,Stop,Stepping
1776271755.0879595,13550.059196211,-1.3866409063339233,-55.647098541259766,89.07061004638672,1.3866409063339233,-55.647098541259766,89.07061004638672,-1.3866409063339233,-55.647090911865234,89.07061004638672,1.3866409063339233,-55.647090911865234,89.07061004638672,Stop,Stepping
1776271755.107962,13550.120407695,-1.3866409063339233,-55.647098541259766,89.07061004638672,1.3866409063339233,-55.647098541259766,89.07061004638672,-1.3866409063339233,-55.647090911865234,89.07061004638672,1.3866409063339233,-55.647090911865234,89.07061004638672,Stop,Stepping
1776271755.1279554,13550.120952941,-1.3866409063339233,-55.647098541259766,89.07061004638672,1.3866409063339233,-55.647098541259766,89.07061004638672,-1.3866409063339233,-55.647090911865234,89.07061004638672,1.3866409063339233,-55.647090911865234,89.07061004638672,Stop,Stepping
1776271755.1479545,13550.121271832,-1.3866409063339233,-55.647098541259766,89.07061004638672,1.3866409063339233,-55.647098541259766,89.07061004638672,-1.3866409063339233,-55.647090911865234,89.07061004638672,1.3866409063339233,-55.647090911865234,89.07061004638672,Stop,Stepping
1776271755.1679769,13550.138520431,-1.3866409063339233,-55.647098541259766,89.07061004638672,1.3866409063339233,-55.647098541259766,89.07061004638672,-1.3866409063339233,-55.647090911865234,89.07061004638672,1.3866409063339233,-55.647090911865234,89.07061004638672,Stop,Stepping
1776271755.187962,13550.160456502,-1.3866409063339233,-55.647098541259766,89.07061004638672,1.3866409063339233,-55.647098541259766,89.07061004638672,-1.3866409063339233,-55.647090911865234,89.07061004638672,1.3866409063339233,-55.647090911865234,89.07061004638672,Stop,Stepping
1776271755.2080214,13550.182171617,-1.3866409063339233,-55.647098541259766,89.07061004638672,1.3866409063339233,-55.647098541259766,89.07061004638672,-1.3866409063339233,-55.647090911865234,89.07061004638672,1.3866409063339233,-55.647090911865234,89.07061004638672,Stop,Stepping
1776271755.2279696,13550.202181191,-1.3866409063339233,-55.647098541259766,89.07061004638672,1.3866409063339233,-55.647098541259766,89.07061004638672,-1.3866409063339233,-55.647090911865234,89.07061004638672,1.3866409063339233,-55.647090911865234,89.07061004638672,Stop,Stepping
1776271755.2479572,13550.218930662,-1.3866409063339233,-55.647098541259766,89.07061004638672,1.3866409063339233,-55.647098541259766,89.07061004638672,-1.3866409063339233,-55.647090911865234,89.07061004638672,1.3866409063339233,-55.647090911865234,89.07061004638672,Stop,Stepping
1776271755.2680092,13550.238629859,-1.3866409063339233,-55.647098541259766,89.07061004638672,1.3866409063339233,-55.647098541259766,89.07061004638672,-1.3866409063339233,-55.647090911865234,89.07061004638672,1.3866409063339233,-55.647090911865234,89.07061004638672,Stop,Stepping
1776271755.288011,13550.259974214,-1.3866409063339233,-55.647098541259766,89.07061004638672,1.3866409063339233,-55.647098541259766,89.07061004638672,-1.3866409063339233,-55.647090911865234,89.07061004638672,1.3866409063339233,-55.647090911865234,89.07061004638672,Stop,Stepping
1776271755.3079789,13550.278566912,-1.3866409063339233,-55.647098541259766,89.07061004638672,1.3866409063339233,-55.647098541259766,89.07061004638672,-1.3866409063339233,-55.647090911865234,89.07061004638672,1.3866409063339233,-55.647090911865234,89.07061004638672,Stop,Stepping
1776271755.3279717,13550.298689417,-1.3866409063339233,-55.647098541259766,89.07061004638672,1.3866409063339233,-55.647098541259766,89.07061004638672,-1.3866409063339233,-55.647090911865234,89.07061004638672,1.3866409063339233,-55.647090911865234,89.07061004638672,Stop,Stepping
1776271755.3479805,13550.318511604,-1.3866409063339233,-55.647098541259766,89.07061004638672,1.3866409063339233,-55.647098541259766,89.07061004638672,-1.3866409063339233,-55.647090911865234,89.07061004638672,1.3866409063339233,-55.647090911865234,89.07061004638672,Stop,Stepping
1776271755.367971,13550.339707802,-1.3866409063339233,-55.647098541259766,89.07061004638672,1.3866409063339233,-55.647098541259766,89.07061004638672,-1.3866409063339233,-55.647090911865234,89.07061004638672,1.3866409063339233,-55.647090911865234,89.07061004638672,Stop,Stepping
1776271755.3879378,13550.36107478,-1.3866409063339233,-55.647098541259766,89.07061004638672,1.3866409063339233,-55.647098541259766,89.07061004638672,-1.3866409063339233,-55.647090911865234,89.07061004638672,1.3866409063339233,-55.647090911865234,89.07061004638672,Stop,Stepping
1776271755.4079406,13550.382392271,-1.3866409063339233,-55.647098541259766,89.07061004638672,1.3866409063339233,-55.647098541259766,89.07061004638672,-1.3866409063339233,-55.647090911865234,89.07061004638672,1.3866409063339233,-55.647090911865234,89.07061004638672,Stop,Stepping
1776271755.4279473,13550.400679643,-1.3866409063339233,-55.647098541259766,89.07061004638672,1.3866409063339233,-55.647098541259766,89.07061004638672,-1.3866409063339233,-55.647090911865234,89.07061004638672,1.3866409063339233,-55.647090911865234,89.07061004638672,Stop,Stepping
1776271755.4479442,13550.41856772,-1.3866409063339233,-55.647098541259766,89.07061004638672,1.3866409063339233,-55.647098541259766,89.07061004638672,-1.3866409063339233,-55.647090911865234,89.07061004638672,1.3866409063339233,-55.647090911865234,89.07061004638672,Stop,Stepping
1776271755.4678893,13550.438451481,-1.3866409063339233,-55.647098541259766,89.07061004638672,1.3866409063339233,-55.647098541259766,89.07061004638672,-1.3866409063339233,-55.647090911865234,89.07061004638672,1.3866409063339233,-55.647090911865234,89.07061004638672,Stop,Stepping
1776271755.4879408,13550.459139128,-1.3866409063339233,-55.647098541259766,89.07061004638672,1.3866409063339233,-55.647098541259766,89.07061004638672,-1.3866409063339233,-55.647090911865234,89.07061004638672,1.3866409063339233,-55.647090911865234,89.07061004638672,Stop,Stepping
1776271755.5079374,13550.479885414,-1.3866409063339233,-55.647098541259766,89.07061004638672,1.3866409063339233,-55.647098541259766,89.07061004638672,-1.3866409063339233,-55.647090911865234,89.07061004638672,1.3866409063339233,-55.647090911865234,89.07061004638672,Stop,Stepping
1776271755.5279567,13550.499459006,-1.3866409063339233,-55.647098541259766,89.07061004638672,1.3866409063339233,-55.647098541259766,89.07061004638672,-1.3866409063339233,-55.647090911865234,89.07061004638672,1.3866409063339233,-55.647090911865234,89.07061004638672,Stop,Stepping
1776271755.5479434,13550.518610711,-1.3866409063339233,-55.647098541259766,89.07061004638672,1.3866409063339233,-55.647098541259766,89.07061004638672,-1.3866409063339233,-55.647090911865234,89.07061004638672,1.3866409063339233,-55.647090911865234,89.07061004638672,Stop,Stepping
1776271755.5679288,13550.539416858,-1.3866409063339233,-55.647098541259766,89.07061004638672,1.3866409063339233,-55.647098541259766,89.07061004638672,-1.3866409063339233,-55.647090911865234,89.07061004638672,1.3866409063339233,-55.647090911865234,89.07061004638672,Stop,Stepping
1776271755.5879428,13550.561859928,-1.3866409063339233,-55.647098541259766,89.07061004638672,1.3866409063339233,-55.647098541259766,89.07061004638672,-1.3866409063339233,-55.647090911865234,89.07061004638672,1.3866409063339233,-55.647090911865234,89.07061004638672,Stop,Stepping
1776271755.6079874,13550.579101955,-1.3866409063339233,-55.647098541259766,89.07061004638672,1.3866409063339233,-55.647098541259766,89.07061004638672,-1.3866409063339233,-55.647090911865234,89.07061004638672,1.3866409063339233,-55.647090911865234,89.07061004638672,Stop,Stepping
1776271755.6279283,13550.59911873,-1.3866409063339233,-55.647098541259766,89.07061004638672,1.3866409063339233,-55.647098541259766,89.07061004638672,-1.3866409063339233,-55.647090911865234,89.07061004638672,1.3866409063339233,-55.647090911865234,89.07061004638672,Stop,Stepping
1776271755.6479487,13550.619025114,-1.3866409063339233,-55.647098541259766,89.07061004638672,1.3866409063339233,-55.647098541259766,89.07061004638672,-1.3866409063339233,-55.647090911865234,89.07061004638672,1.3866409063339233,-55.647090911865234,89.07061004638672,Stop,Stepping
1776271755.6679287,13550.643204161,-1.3866409063339233,-55.647098541259766,89.07061004638672,1.3866409063339233,-55.647098541259766,89.07061004638672,-1.3866409063339233,-55.647090911865234,89.07061004638672,1.3866409063339233,-55.647090911865234,89.07061004638672,Stop,Stepping
1776271755.6879365,13550.658526979,-1.3866409063339233,-55.647098541259766,89.07061004638672,1.3866409063339233,-55.647098541259766,89.07061004638672,-1.3866409063339233,-55.647090911865234,89.07061004638672,1.3866409063339233,-55.647090911865234,89.07061004638672,Stop,Stepping
1776271755.7079487,13550.687457637,-1.3866409063339233,-55.647098541259766,89.07061004638672,1.3866409063339233,-55.647098541259766,89.07061004638672,-1.3866409063339233,-55.647090911865234,89.07061004638672,1.3866409063339233,-55.647090911865234,89.07061004638672,Stop,Stepping
1776271755.7279406,13550.698536906,-1.3866409063339233,-55.647098541259766,89.07061004638672,1.3866409063339233,-55.647098541259766,89.07061004638672,-1.3866409063339233,-55.647090911865234,89.07061004638672,1.3866409063339233,-55.647090911865234,89.07061004638672,Stop,Stepping
1776271755.7479353,13550.720107563,-1.3866409063339233,-55.647098541259766,89.07061004638672,1.3866409063339233,-55.647098541259766,89.07061004638672,-1.3866409063339233,-55.647090911865234,89.07061004638672,1.3866409063339233,-55.647090911865234,89.07061004638672,Stop,Stepping
1776271755.7679508,13550.739004646,-1.3866409063339233,-55.647098541259766,89.07061004638672,1.3866409063339233,-55.647098541259766,89.07061004638672,-1.3866409063339233,-55.647090911865234,89.07061004638672,1.3866409063339233,-55.647090911865234,89.07061004638672,Stop,Stepping
1776271755.7879336,13550.763443404,-1.3866409063339233,-55.647098541259766,89.07061004638672,1.3866409063339233,-55.647098541259766,89.07061004638672,-1.3866409063339233,-55.647090911865234,89.07061004638672,1.3866409063339233,-55.647090911865234,89.07061004638672,Stop,Stepping
1776271755.80829,13550.786143606,-1.3866409063339233,-55.647098541259766,89.07061004638672,1.3866409063339233,-55.647098541259766,89.07061004638672,-1.3866409063339233,-55.647090911865234,89.07061004638672,1.3866409063339233,-55.647090911865234,89.07061004638672,Stop,Stepping
1776271755.828013,13550.798642666,-1.3866409063339233,-55.647098541259766,89.07061004638672,1.3866409063339233,-55.647098541259766,89.07061004638672,-1.3866409063339233,-55.647090911865234,89.07061004638672,1.3866409063339233,-55.647090911865234,89.07061004638672,Stop,Stepping
1776271755.8479924,13550.822079839,-1.3866409063339233,-55.647098541259766,89.07061004638672,1.3866409063339233,-55.647098541259766,89.07061004638672,-1.3866409063339233,-55.647090911865234,89.07061004638672,1.3866409063339233,-55.647090911865234,89.07061004638672,Stop,Stepping
1776271755.8679483,13550.842901338,-1.3866409063339233,-55.647098541259766,89.07061004638672,1.3866409063339233,-55.647098541259766,89.07061004638672,-1.3866409063339233,-55.647090911865234,89.07061004638672,1.3866409063339233,-55.647090911865234,89.07061004638672,Stop,Stepping
1776271755.887963,13550.863435896,-1.3866409063339233,-55.647098541259766,89.07061004638672,1.3866409063339233,-55.647098541259766,89.07061004638672,-1.3866409063339233,-55.647090911865234,89.07061004638672,1.3866409063339233,-55.647090911865234,89.07061004638672,Stop,Stepping
1776271755.9079618,13550.879174083,-1.3866409063339233,-55.647098541259766,89.07061004638672,1.3866409063339233,-55.647098541259766,89.07061004638672,-1.3866409063339233,-55.647090911865234,89.07061004638672,1.3866409063339233,-55.647090911865234,89.07061004638672,Stop,Stepping
1776271755.9279754,13550.89855384,-1.3866409063339233,-55.647098541259766,89.07061004638672,1.3866409063339233,-55.647098541259766,89.07061004638672,-1.3866409063339233,-55.647090911865234,89.07061004638672,1.3866409063339233,-55.647090911865234,89.07061004638672,Stop,Stepping
1776271755.9480143,13550.919095885,-1.3866409063339233,-55.647098541259766,89.07061004638672,1.3866409063339233,-55.647098541259766,89.07061004638672,-1.3866409063339233,-55.647090911865234,89.07061004638672,1.3866409063339233,-55.647090911865234,89.07061004638672,Stop,Stepping
1776271755.967997,13550.941138401,-1.3866409063339233,-55.647098541259766,89.07061004638672,1.3866409063339233,-55.647098541259766,89.07061004638672,-1.3866409063339233,-55.647090911865234,89.07061004638672,1.3866409063339233,-55.647090911865234,89.07061004638672,Stop,Stepping
1776271755.987989,13550.959055137,-1.3866409063339233,-55.647098541259766,89.07061004638672,1.3866409063339233,-55.647098541259766,89.07061004638672,-1.3866409063339233,-55.647090911865234,89.07061004638672,1.3866409063339233,-55.647090911865234,89.07061004638672,Stop,Stepping
1776271756.0079715,13550.982710067,-1.3866409063339233,-55.647098541259766,89.07061004638672,1.3866409063339233,-55.647098541259766,89.07061004638672,-1.3866409063339233,-55.647090911865234,89.07061004638672,1.3866409063339233,-55.647090911865234,89.07061004638672,Stop,Stepping
1776271756.027983,13551.00595216,-1.3866409063339233,-55.647098541259766,89.07061004638672,1.3866409063339233,-55.647098541259766,89.07061004638672,-1.3866409063339233,-55.647090911865234,89.07061004638672,1.3866409063339233,-55.647090911865234,89.07061004638672,Stop,Stepping
1776271756.048027,13551.018600952,-1.3866409063339233,-55.647098541259766,89.07061004638672,1.3866409063339233,-55.647098541259766,89.07061004638672,-1.3866409063339233,-55.647090911865234,89.07061004638672,1.3866409063339233,-55.647090911865234,89.07061004638672,Stop,Stepping
1776271756.067996,13551.040325069,-1.3866409063339233,-55.647098541259766,89.07061004638672,1.3866409063339233,-55.647098541259766,89.07061004638672,-1.3866409063339233,-55.647090911865234,89.07061004638672,1.3866409063339233,-55.647090911865234,89.07061004638672,Stop,Stepping
1776271756.0879765,13551.060659235,-1.3866409063339233,-55.647098541259766,89.07061004638672,1.3866409063339233,-55.647098541259766,89.07061004638672,-1.3866409063339233,-55.647090911865234,89.07061004638672,1.3866409063339233,-55.647090911865234,89.07061004638672,Stop,Stepping
1776271756.1079597,13551.08142257,-1.3866409063339233,-55.647098541259766,89.07061004638672,1.3866409063339233,-55.647098541259766,89.07061004638672,-1.3866409063339233,-55.647090911865234,89.07061004638672,1.3866409063339233,-55.647090911865234,89.07061004638672,Stop,Stepping
1776271756.1279616,13551.099952982,-1.3866409063339233,-55.647098541259766,89.07061004638672,1.3866409063339233,-55.647098541259766,89.07061004638672,-1.3866409063339233,-55.647090911865234,89.07061004638672,1.3866409063339233,-55.647090911865234,89.07061004638672,Stop,Stepping
1776271756.1480188,13551.120266565,-1.3866409063339233,-55.647098541259766,89.07061004638672,1.3866409063339233,-55.647098541259766,89.07061004638672,-1.3866409063339233,-55.647090911865234,89.07061004638672,1.3866409063339233,-55.647090911865234,89.07061004638672,Stop,Stepping
1776271756.1680462,13551.146901882,-1.3866409063339233,-55.647098541259766,89.07061004638672,1.3866409063339233,-55.647098541259766,89.07061004638672,-1.3866409063339233,-55.647090911865234,89.07061004638672,1.3866409063339233,-55.647090911865234,89.07061004638672,Stop,Stepping
1776271756.1879778,13551.166517941,-1.3866409063339233,-55.647098541259766,89.07061004638672,1.3866409063339233,-55.647098541259766,89.07061004638672,-1.3866409063339233,-55.647090911865234,89.07061004638672,1.3866409063339233,-55.647090911865234,89.07061004638672,Stop,Stepping
1776271756.2079906,13551.190351731,-1.3866409063339233,-55.647098541259766,89.07061004638672,1.3866409063339233,-55.647098541259766,89.07061004638672,-1.3866409063339233,-55.647090911865234,89.07061004638672,1.3866409063339233,-55.647090911865234,89.07061004638672,Stop,Stepping
1776271756.2280324,13551.204534709,-1.3866409063339233,-55.647098541259766,89.07061004638672,1.3866409063339233,-55.647098541259766,89.07061004638672,-1.3866409063339233,-55.647090911865234,89.07061004638672,1.3866409063339233,-55.647090911865234,89.07061004638672,Stop,Stepping
1776271756.2480493,13551.221676867,-1.3866409063339233,-55.647098541259766,89.07061004638672,1.3866409063339233,-55.647098541259766,89.07061004638672,-1.3866409063339233,-55.647090911865234,89.07061004638672,1.3866409063339233,-55.647090911865234,89.07061004638672,Stop,Stepping
1776271756.2680273,13551.23882423,-1.3866409063339233,-55.647098541259766,89.07061004638672,1.3866409063339233,-55.647098541259766,89.07061004638672,-1.3866409063339233,-55.647090911865234,89.07061004638672,1.3866409063339233,-55.647090911865234,89.07061004638672,Stop,Stepping
1776271756.2879932,13551.266325857,-1.3866409063339233,-55.647098541259766,89.07061004638672,1.3866409063339233,-55.647098541259766,89.07061004638672,-1.3866409063339233,-55.647090911865234,89.07061004638672,1.3866409063339233,-55.647090911865234,89.07061004638672,Stop,Stepping
1776271756.3079753,13551.282024872,-1.3866409063339233,-55.647098541259766,89.07061004638672,1.3866409063339233,-55.647098541259766,89.07061004638672,-1.3866409063339233,-55.647090911865234,89.07061004638672,1.3866409063339233,-55.647090911865234,89.07061004638672,Stop,Stepping
1776271756.3279953,13551.302271709,-1.3866409063339233,-55.647098541259766,89.07061004638672,1.3866409063339233,-55.647098541259766,89.07061004638672,-1.3866409063339233,-55.647090911865234,89.07061004638672,1.3866409063339233,-55.647090911865234,89.07061004638672,Stop,Stepping
1776271756.3479788,13551.320169483,-1.3866409063339233,-55.647098541259766,89.07061004638672,1.3866409063339233,-55.647098541259766,89.07061004638672,-1.3866409063339233,-55.647090911865234,89.07061004638672,1.3866409063339233,-55.647090911865234,89.07061004638672,Stop,Stepping
1776271756.3679836,13551.345026304,-1.3866409063339233,-55.647098541259766,89.07061004638672,1.3866409063339233,-55.647098541259766,89.07061004638672,-1.3866409063339233,-55.647090911865234,89.07061004638672,1.3866409063339233,-55.647090911865234,89.07061004638672,Stop,Stepping
1776271756.3879774,13551.358860434,-1.3866409063339233,-55.647098541259766,89.07061004638672,1.3866409063339233,-55.647098541259766,89.07061004638672,-1.3866409063339233,-55.647090911865234,89.07061004638672,1.3866409063339233,-55.647090911865234,89.07061004638672,Stop,Stepping
1776271756.4080248,13551.388287039,-1.3866409063339233,-55.647098541259766,89.07061004638672,1.3866409063339233,-55.647098541259766,89.07061004638672,-1.3866409063339233,-55.647090911865234,89.07061004638672,1.3866409063339233,-55.647090911865234,89.07061004638672,Stop,Stepping
1776271756.4279768,13551.400417541,-1.3866409063339233,-55.647098541259766,89.07061004638672,1.3866409063339233,-55.647098541259766,89.07061004638672,-1.3866409063339233,-55.647090911865234,89.07061004638672,1.3866409063339233,-55.647090911865234,89.07061004638672,Stop,Stepping
1776271756.4480052,13551.419171533,-1.3866409063339233,-55.647098541259766,89.07061004638672,1.3866409063339233,-55.647098541259766,89.07061004638672,-1.3866409063339233,-55.647090911865234,89.07061004638672,1.3866409063339233,-55.647090911865234,89.07061004638672,Stop,Stepping
1776271756.4680312,13551.445354189,-1.3866409063339233,-55.647098541259766,89.07061004638672,1.3866409063339233,-55.647098541259766,89.07061004638672,-1.3866409063339233,-55.647090911865234,89.07061004638672,1.3866409063339233,-55.647090911865234,89.07061004638672,Stop,Stepping
1776271756.4880629,13551.460360467,-1.3866409063339233,-55.647098541259766,89.07061004638672,1.3866409063339233,-55.647098541259766,89.07061004638672,-1.3866409063339233,-55.647090911865234,89.07061004638672,1.3866409063339233,-55.647090911865234,89.07061004638672,Stop,Stepping
1776271756.5080569,13551.47889333,-1.3866409063339233,-55.647098541259766,89.07061004638672,1.3866409063339233,-55.647098541259766,89.07061004638672,-1.3866409063339233,-55.647090911865234,89.07061004638672,1.3866409063339233,-55.647090911865234,89.07061004638672,Stop,Stepping
1776271756.528052,13551.503819816,-1.3866409063339233,-55.647098541259766,89.07061004638672,1.3866409063339233,-55.647098541259766,89.07061004638672,-1.3866409063339233,-55.647090911865234,89.07061004638672,1.3866409063339233,-55.647090911865234,89.07061004638672,Stop,Stepping
1776271756.548041,13551.51874705,-1.3866409063339233,-55.647098541259766,89.07061004638672,1.3866409063339233,-55.647098541259766,89.07061004638672,-1.3866409063339233,-55.647090911865234,89.07061004638672,1.3866409063339233,-55.647090911865234,89.07061004638672,Stop,Stepping
1776271756.5680172,13551.539126923,-1.3866409063339233,-55.647098541259766,89.07061004638672,1.3866409063339233,-55.647098541259766,89.07061004638672,-1.3866409063339233,-55.647090911865234,89.07061004638672,1.3866409063339233,-55.647090911865234,89.07061004638672,Stop,Stepping
1776271756.5879781,13551.560089237,-1.3866409063339233,-55.647098541259766,89.07061004638672,1.3866409063339233,-55.647098541259766,89.07061004638672,-1.3866409063339233,-55.647090911865234,89.07061004638672,1.3866409063339233,-55.647090911865234,89.07061004638672,Stop,Stepping
1776271756.6079829,13551.580414282,-1.3866409063339233,-55.647098541259766,89.07061004638672,1.3866409063339233,-55.647098541259766,89.07061004638672,-1.3866409063339233,-55.647090911865234,89.07061004638672,1.3866409063339233,-55.647090911865234,89.07061004638672,Stop,Stepping
1776271756.6279533,13551.601771249,-1.3866409063339233,-55.647098541259766,89.07061004638672,1.3866409063339233,-55.647098541259766,89.07061004638672,-1.3866409063339233,-55.647090911865234,89.07061004638672,1.3866409063339233,-55.647090911865234,89.07061004638672,Stop,Stepping
1776271756.6479597,13551.619958114,-1.3866409063339233,-55.647098541259766,89.07061004638672,1.3866409063339233,-55.647098541259766,89.07061004638672,-1.3866409063339233,-55.647090911865234,89.07061004638672,1.3866409063339233,-55.647090911865234,89.07061004638672,Stop,Stepping
1776271756.6679523,13551.644109408,-1.3866409063339233,-55.647098541259766,89.07061004638672,1.3866409063339233,-55.647098541259766,89.07061004638672,-1.3866409063339233,-55.647090911865234,89.07061004638672,1.3866409063339233,-55.647090911865234,89.07061004638672,Stop,Stepping
1776271756.687989,13551.660782702,-1.3866409063339233,-55.647098541259766,89.07061004638672,1.3866409063339233,-55.647098541259766,89.07061004638672,-1.3866409063339233,-55.647090911865234,89.07061004638672,1.3866409063339233,-55.647090911865234,89.07061004638672,Stop,Stepping
1776271756.7079985,13551.686786955,-1.3866409063339233,-55.647098541259766,89.07061004638672,1.3866409063339233,-55.647098541259766,89.07061004638672,-1.3866409063339233,-55.647090911865234,89.07061004638672,1.3866409063339233,-55.647090911865234,89.07061004638672,Stop,Stepping
1776271756.727981,13551.699750135,-1.3866409063339233,-55.647098541259766,89.07061004638672,1.3866409063339233,-55.647098541259766,89.07061004638672,-1.3866409063339233,-55.647090911865234,89.07061004638672,1.3866409063339233,-55.647090911865234,89.07061004638672,Stop,Stepping
1776271756.747999,13551.719131452,-1.3866409063339233,-55.647098541259766,89.07061004638672,1.3866409063339233,-55.647098541259766,89.07061004638672,-1.3866409063339233,-55.647090911865234,89.07061004638672,1.3866409063339233,-55.647090911865234,89.07061004638672,Stop,Stepping
1776271756.7680516,13551.740966629,-1.3866409063339233,-55.647098541259766,89.07061004638672,1.3866409063339233,-55.647098541259766,89.07061004638672,-1.3866409063339233,-55.647090911865234,89.07061004638672,1.3866409063339233,-55.647090911865234,89.07061004638672,Stop,Stepping
1776271756.7879744,13551.762301792,-1.3866409063339233,-55.647098541259766,89.07061004638672,1.3866409063339233,-55.647098541259766,89.07061004638672,-1.3866409063339233,-55.647090911865234,89.07061004638672,1.3866409063339233,-55.647090911865234,89.07061004638672,Stop,Stepping
1776271756.8079789,13551.782365417,-1.3866409063339233,-55.647098541259766,89.07061004638672,1.3866409063339233,-55.647098541259766,89.07061004638672,-1.3866409063339233,-55.647090911865234,89.07061004638672,1.3866409063339233,-55.647090911865234,89.07061004638672,Stop,Stepping
1776271756.8280323,13551.805725049,-1.3866409063339233,-55.647098541259766,89.07061004638672,1.3866409063339233,-55.647098541259766,89.07061004638672,-1.3866409063339233,-55.647090911865234,89.07061004638672,1.3866409063339233,-55.647090911865234,89.07061004638672,Stop,Stepping
1776271756.8482597,13551.820500042,-1.3866409063339233,-55.647098541259766,89.07061004638672,1.3866409063339233,-55.647098541259766,89.07061004638672,-1.3866409063339233,-55.647090911865234,89.07061004638672,1.3866409063339233,-55.647090911865234,89.07061004638672,Stop,Stepping
1776271756.868075,13551.841168476,-1.3866409063339233,-55.647098541259766,89.07061004638672,1.3866409063339233,-55.647098541259766,89.07061004638672,-1.3866409063339233,-55.647090911865234,89.07061004638672,1.3866409063339233,-55.647090911865234,89.07061004638672,Stop,Stepping
1776271756.8879552,13551.858588583,-1.3866409063339233,-55.647098541259766,89.07061004638672,1.3866409063339233,-55.647098541259766,89.07061004638672,-1.3866409063339233,-55.647090911865234,89.07061004638672,1.3866409063339233,-55.647090911865234,89.07061004638672,Stop,Stepping
1776271756.9079597,13551.911023681,-1.3866409063339233,-55.647098541259766,89.07061004638672,1.3866409063339233,-55.647098541259766,89.07061004638672,-1.3866409063339233,-55.647090911865234,89.07061004638672,1.3866409063339233,-55.647090911865234,89.07061004638672,Stop,Stepping
1776271756.9279666,13551.91155104,-1.3866409063339233,-55.647098541259766,89.07061004638672,1.3866409063339233,-55.647098541259766,89.07061004638672,-1.3866409063339233,-55.647090911865234,89.07061004638672,1.3866409063339233,-55.647090911865234,89.07061004638672,Stop,Stepping
1776271756.9479892,13551.918544391,-1.3866409063339233,-55.647098541259766,89.07061004638672,1.3866409063339233,-55.647098541259766,89.07061004638672,-1.3866409063339233,-55.647090911865234,89.07061004638672,1.3866409063339233,-55.647090911865234,89.07061004638672,Stop,Stepping
1776271756.9680827,13551.938738533,-1.3866409063339233,-55.647098541259766,89.07061004638672,1.3866409063339233,-55.647098541259766,89.07061004638672,-1.3866409063339233,-55.647090911865234,89.07061004638672,1.3866409063339233,-55.647090911865234,89.07061004638672,Stop,Stepping
1776271756.9880269,13551.960321408,-1.3866409063339233,-55.647098541259766,89.07061004638672,1.3866409063339233,-55.647098541259766,89.07061004638672,-1.3866409063339233,-55.647090911865234,89.07061004638672,1.3866409063339233,-55.647090911865234,89.07061004638672,Stop,Stepping
1776271757.0079958,13551.980628264,-1.3866409063339233,-55.647098541259766,89.07061004638672,1.3866409063339233,-55.647098541259766,89.07061004638672,-1.3866409063339233,-55.647090911865234,89.07061004638672,1.3866409063339233,-55.647090911865234,89.07061004638672,Stop,Stepping
1776271757.0280273,13552.012152803,-1.3866409063339233,-55.647098541259766,89.07061004638672,1.3866409063339233,-55.647098541259766,89.07061004638672,-1.3866409063339233,-55.647090911865234,89.07061004638672,1.3866409063339233,-55.647090911865234,89.07061004638672,Stop,Stepping
1776271757.0480535,13552.019668132,-1.3866409063339233,-55.647098541259766,89.07061004638672,1.3866409063339233,-55.647098541259766,89.07061004638672,-1.3866409063339233,-55.647090911865234,89.07061004638672,1.3866409063339233,-55.647090911865234,89.07061004638672,Stop,Stepping
1776271757.0679774,13552.038881061,-1.3866409063339233,-55.647098541259766,89.07061004638672,1.3866409063339233,-55.647098541259766,89.07061004638672,-1.3866409063339233,-55.647090911865234,89.07061004638672,1.3866409063339233,-55.647090911865234,89.07061004638672,Stop,Stepping
1776271757.0879862,13552.063477586,-1.3866409063339233,-55.647098541259766,89.07061004638672,1.3866409063339233,-55.647098541259766,89.07061004638672,-1.3866409063339233,-55.647090911865234,89.07061004638672,1.3866409063339233,-55.647090911865234,89.07061004638672,Stop,Stepping
1776271757.108023,13552.078647584,-1.3866409063339233,-55.647098541259766,89.07061004638672,1.3866409063339233,-55.647098541259766,89.07061004638672,-1.3866409063339233,-55.647090911865234,89.07061004638672,1.3866409063339233,-55.647090911865234,89.07061004638672,Stop,Stepping
1776271757.127994,13552.099907357,-1.3866409063339233,-55.647098541259766,89.07061004638672,1.3866409063339233,-55.647098541259766,89.07061004638672,-1.3866409063339233,-55.647090911865234,89.07061004638672,1.3866409063339233,-55.647090911865234,89.07061004638672,Stop,Stepping
1776271757.1480038,13552.124666331,-1.3866409063339233,-55.647098541259766,89.07061004638672,1.3866409063339233,-55.647098541259766,89.07061004638672,-1.3866409063339233,-55.647090911865234,89.07061004638672,1.3866409063339233,-55.647090911865234,89.07061004638672,Stop,Stepping
1776271757.1680145,13552.141506281,-1.3866409063339233,-55.647098541259766,89.07061004638672,1.3866409063339233,-55.647098541259766,89.07061004638672,-1.3866409063339233,-55.647090911865234,89.07061004638672,1.3866409063339233,-55.647090911865234,89.07061004638672,Stop,Stepping
1776271757.1880567,13552.168791421,-1.3866409063339233,-55.647098541259766,89.07061004638672,1.3866409063339233,-55.647098541259766,89.07061004638672,-1.3866409063339233,-55.647090911865234,89.07061004638672,1.3866409063339233,-55.647090911865234,89.07061004638672,Stop,Stepping
1776271757.2080097,13552.186125312,-1.3866409063339233,-55.647098541259766,89.07061004638672,1.3866409063339233,-55.647098541259766,89.07061004638672,-1.3866409063339233,-55.647090911865234,89.07061004638672,1.3866409063339233,-55.647090911865234,89.07061004638672,Stop,Stepping
1776271757.2279856,13552.204571107,-1.3866409063339233,-55.647098541259766,89.07061004638672,1.3866409063339233,-55.647098541259766,89.07061004638672,-1.3866409063339233,-55.647090911865234,89.07061004638672,1.3866409063339233,-55.647090911865234,89.07061004638672,Stop,Stepping
1776271757.2480202,13552.220575653,-1.3866409063339233,-55.647098541259766,89.07061004638672,1.3866409063339233,-55.647098541259766,89.07061004638672,-1.3866409063339233,-55.647090911865234,89.07061004638672,1.3866409063339233,-55.647090911865234,89.07061004638672,Stop,Stepping
1776271757.2679858,13552.239284595,-1.3866409063339233,-55.647098541259766,89.07061004638672,1.3866409063339233,-55.647098541259766,89.07061004638672,-1.3866409063339233,-55.647090911865234,89.07061004638672,1.3866409063339233,-55.647090911865234,89.07061004638672,Stop,Stepping
1776271757.2879937,13552.258902275,-1.3866409063339233,-55.647098541259766,89.07061004638672,1.3866409063339233,-55.647098541259766,89.07061004638672,-1.3866409063339233,-55.647090911865234,89.07061004638672,1.3866409063339233,-55.647090911865234,89.07061004638672,Stop,Stepping
1776271757.3079834,13552.278676104,-1.3866409063339233,-55.647098541259766,89.07061004638672,1.3866409063339233,-55.647098541259766,89.07061004638672,-1.3866409063339233,-55.647090911865234,89.07061004638672,1.3866409063339233,-55.647090911865234,89.07061004638672,Stop,Stepping
1776271757.3280263,13552.303262632,-1.3866409063339233,-55.647098541259766,89.07061004638672,1.3866409063339233,-55.647098541259766,89.07061004638672,-1.3866409063339233,-55.647090911865234,89.07061004638672,1.3866409063339233,-55.647090911865234,89.07061004638672,Stop,Stepping
1776271757.3479958,13552.323407198,-1.3866409063339233,-55.647098541259766,89.07061004638672,1.3866409063339233,-55.647098541259766,89.07061004638672,-1.3866409063339233,-55.647090911865234,89.07061004638672,1.3866409063339233,-55.647090911865234,89.07061004638672,Stop,Stepping
1776271757.3680015,13552.351373786,-1.3866409063339233,-55.647098541259766,89.07061004638672,1.3866409063339233,-55.647098541259766,89.07061004638672,-1.3866409063339233,-55.647090911865234,89.07061004638672,1.3866409063339233,-55.647090911865234,89.07061004638672,Stop,Stepping
1776271757.388297,13552.362396281,-1.3866409063339233,-55.647098541259766,89.07061004638672,1.3866409063339233,-55.647098541259766,89.07061004638672,-1.3866409063339233,-55.647090911865234,89.07061004638672,1.3866409063339233,-55.647090911865234,89.07061004638672,Stop,Stepping
1776271757.4080176,13552.378849188,-1.3866409063339233,-55.647098541259766,89.07061004638672,1.3866409063339233,-55.647098541259766,89.07061004638672,-1.3866409063339233,-55.647090911865234,89.07061004638672,1.3866409063339233,-55.647090911865234,89.07061004638672,Stop,Stepping
1776271757.4280765,13552.401347598,-1.3866409063339233,-55.647098541259766,89.07061004638672,1.3866409063339233,-55.647098541259766,89.07061004638672,-1.3866409063339233,-55.647090911865234,89.07061004638672,1.3866409063339233,-55.647090911865234,89.07061004638672,Stop,Stepping
1776271757.4479914,13552.419827164,-1.3866409063339233,-55.647098541259766,89.07061004638672,1.3866409063339233,-55.647098541259766,89.07061004638672,-1.3866409063339233,-55.647090911865234,89.07061004638672,1.3866409063339233,-55.647090911865234,89.07061004638672,Stop,Stepping
1776271757.467985,13552.438484916,-1.3866409063339233,-55.647098541259766,89.07061004638672,1.3866409063339233,-55.647098541259766,89.07061004638672,-1.3866409063339233,-55.647090911865234,89.07061004638672,1.3866409063339233,-55.647090911865234,89.07061004638672,Stop,Stepping
1776271757.4880588,13552.45991816,-1.3866409063339233,-55.647098541259766,89.07061004638672,1.3866409063339233,-55.647098541259766,89.07061004638672,-1.3866409063339233,-55.647090911865234,89.07061004638672,1.3866409063339233,-55.647090911865234,89.07061004638672,Stop,Stepping
1776271757.5080347,13552.478707793,-1.3866409063339233,-55.647098541259766,89.07061004638672,1.3866409063339233,-55.647098541259766,89.07061004638672,-1.3866409063339233,-55.647090911865234,89.07061004638672,1.3866409063339233,-55.647090911865234,89.07061004638672,Stop,Stepping
1776271757.5279717,13552.504565634,-1.3866409063339233,-55.647098541259766,89.07061004638672,1.3866409063339233,-55.647098541259766,89.07061004638672,-1.3866409063339233,-55.647090911865234,89.07061004638672,1.3866409063339233,-55.647090911865234,89.07061004638672,Stop,Stepping
1776271757.5480292,13552.518951514,-1.3866409063339233,-55.647098541259766,89.07061004638672,1.3866409063339233,-55.647098541259766,89.07061004638672,-1.3866409063339233,-55.647090911865234,89.07061004638672,1.3866409063339233,-55.647090911865234,89.07061004638672,Stop,Stepping
1776271757.5680206,13552.540642248,-1.3866409063339233,-55.647098541259766,89.07061004638672,1.3866409063339233,-55.647098541259766,89.07061004638672,-1.3866409063339233,-55.647090911865234,89.07061004638672,1.3866409063339233,-55.647090911865234,89.07061004638672,Stop,Stepping
1776271757.5879729,13552.562586837,-1.3866409063339233,-55.647098541259766,89.07061004638672,1.3866409063339233,-55.647098541259766,89.07061004638672,-1.3866409063339233,-55.647090911865234,89.07061004638672,1.3866409063339233,-55.647090911865234,89.07061004638672,Stop,Stepping
1776271757.6079957,13552.578722478,-1.3866409063339233,-55.647098541259766,89.07061004638672,1.3866409063339233,-55.647098541259766,89.07061004638672,-1.3866409063339233,-55.647090911865234,89.07061004638672,1.3866409063339233,-55.647090911865234,89.07061004638672,Stop,Stepping
1776271757.627984,13552.643510372,-1.3866409063339233,-55.647098541259766,89.07061004638672,1.3866409063339233,-55.647098541259766,89.07061004638672,-1.3866409063339233,-55.647090911865234,89.07061004638672,1.3866409063339233,-55.647090911865234,89.07061004638672,Stop,Stepping
1776271757.6479816,13552.643796534,-1.3866409063339233,-55.647098541259766,89.07061004638672,1.3866409063339233,-55.647098541259766,89.07061004638672,-1.3866409063339233,-55.647090911865234,89.07061004638672,1.3866409063339233,-55.647090911865234,89.07061004638672,Stop,Stepping
1776271757.6680205,13552.644087407,-1.3866409063339233,-55.647098541259766,89.07061004638672,1.3866409063339233,-55.647098541259766,89.07061004638672,-1.3866409063339233,-55.647090911865234,89.07061004638672,1.3866409063339233,-55.647090911865234,89.07061004638672,Stop,Stepping
1776271757.6879997,13552.660074868,-1.3866409063339233,-55.647098541259766,89.07061004638672,1.3866409063339233,-55.647098541259766,89.07061004638672,-1.3866409063339233,-55.647090911865234,89.07061004638672,1.3866409063339233,-55.647090911865234,89.07061004638672,Stop,Stepping
1776271757.707974,13552.678609746,-1.3866409063339233,-55.647098541259766,89.07061004638672,1.3866409063339233,-55.647098541259766,89.07061004638672,-1.3866409063339233,-55.647090911865234,89.07061004638672,1.3866409063339233,-55.647090911865234,89.07061004638672,Stop,Stepping
1776271757.7279963,13552.69863056,-1.3866409063339233,-55.647098541259766,89.07061004638672,1.3866409063339233,-55.647098541259766,89.07061004638672,-1.3866409063339233,-55.647090911865234,89.07061004638672,1.3866409063339233,-55.647090911865234,89.07061004638672,Stop,Stepping
1776271757.7480032,13552.721524665,-1.3866409063339233,-55.647098541259766,89.07061004638672,1.3866409063339233,-55.647098541259766,89.07061004638672,-1.3866409063339233,-55.647090911865234,89.07061004638672,1.3866409063339233,-55.647090911865234,89.07061004638672,Stop,Stepping
1776271757.767967,13552.739806102,-1.3866409063339233,-55.647098541259766,89.07061004638672,1.3866409063339233,-55.647098541259766,89.07061004638672,-1.3866409063339233,-55.647090911865234,89.07061004638672,1.3866409063339233,-55.647090911865234,89.07061004638672,Stop,Stepping
1776271757.7879956,13552.758989627,-1.3866409063339233,-55.647098541259766,89.07061004638672,1.3866409063339233,-55.647098541259766,89.07061004638672,-1.3866409063339233,-55.647090911865234,89.07061004638672,1.3866409063339233,-55.647090911865234,89.07061004638672,Stop,Stepping
1776271757.8080118,13552.77929008,-1.3866409063339233,-55.647098541259766,89.07061004638672,1.3866409063339233,-55.647098541259766,89.07061004638672,-1.3866409063339233,-55.647090911865234,89.07061004638672,1.3866409063339233,-55.647090911865234,89.07061004638672,Stop,Stepping
1776271757.8279884,13552.800506938,-1.3866409063339233,-55.647098541259766,89.07061004638672,1.3866409063339233,-55.647098541259766,89.07061004638672,-1.3866409063339233,-55.647090911865234,89.07061004638672,1.3866409063339233,-55.647090911865234,89.07061004638672,Stop,Stepping
1776271757.84797,13552.819197603,-1.3866409063339233,-55.647098541259766,89.07061004638672,1.3866409063339233,-55.647098541259766,89.07061004638672,-1.3866409063339233,-55.647090911865234,89.07061004638672,1.3866409063339233,-55.647090911865234,89.07061004638672,Stop,Stepping
1776271757.8679879,13552.842013109,-1.3866409063339233,-55.647098541259766,89.07061004638672,1.3866409063339233,-55.647098541259766,89.07061004638672,-1.3866409063339233,-55.647090911865234,89.07061004638672,1.3866409063339233,-55.647090911865234,89.07061004638672,Stop,Stepping
1776271757.8882635,13552.859179248,-1.3866409063339233,-55.647098541259766,89.07061004638672,1.3866409063339233,-55.647098541259766,89.07061004638672,-1.3866409063339233,-55.647090911865234,89.07061004638672,1.3866409063339233,-55.647090911865234,89.07061004638672,Stop,Stepping
1776271757.9080822,13552.924988332,-1.3866409063339233,-55.647098541259766,89.07061004638672,1.3866409063339233,-55.647098541259766,89.07061004638672,-1.3866409063339233,-55.647090911865234,89.07061004638672,1.3866409063339233,-55.647090911865234,89.07061004638672,Stop,Stepping
1776271757.9279695,13552.926775827,-1.3866409063339233,-55.647098541259766,89.07061004638672,1.3866409063339233,-55.647098541259766,89.07061004638672,-1.3866409063339233,-55.647090911865234,89.07061004638672,1.3866409063339233,-55.647090911865234,89.07061004638672,Stop,Stepping
1776271757.9479847,13552.927056439,-1.3866409063339233,-55.647098541259766,89.07061004638672,1.3866409063339233,-55.647098541259766,89.07061004638672,-1.3866409063339233,-55.647090911865234,89.07061004638672,1.3866409063339233,-55.647090911865234,89.07061004638672,Stop,Stepping
1776271757.968008,13552.952590264,-1.3866409063339233,-55.647098541259766,89.07061004638672,1.3866409063339233,-55.647098541259766,89.07061004638672,-1.3866409063339233,-55.647090911865234,89.07061004638672,1.3866409063339233,-55.647090911865234,89.07061004638672,Stop,Stepping
1776271757.988,13552.983215946,-1.3866409063339233,-55.647098541259766,89.07061004638672,1.3866409063339233,-55.647098541259766,89.07061004638672,-1.3866409063339233,-55.647090911865234,89.07061004638672,1.3866409063339233,-55.647090911865234,89.07061004638672,Stop,Stepping
1776271758.0079873,13552.984138189,-1.3866409063339233,-55.647098541259766,89.07061004638672,1.3866409063339233,-55.647098541259766,89.07061004638672,-1.3866409063339233,-55.647090911865234,89.07061004638672,1.3866409063339233,-55.647090911865234,89.07061004638672,Stop,Stepping
1776271758.0280066,13552.99860942,-1.3866409063339233,-55.647098541259766,89.07061004638672,1.3866409063339233,-55.647098541259766,89.07061004638672,-1.3866409063339233,-55.647090911865234,89.07061004638672,1.3866409063339233,-55.647090911865234,89.07061004638672,Stop,Stepping
1776271758.048016,13553.02602359,-1.3866409063339233,-55.647098541259766,89.07061004638672,1.3866409063339233,-55.647098541259766,89.07061004638672,-1.3866409063339233,-55.647090911865234,89.07061004638672,1.3866409063339233,-55.647090911865234,89.07061004638672,Stop,Stepping
1776271758.0679877,13553.045101164,-1.3866409063339233,-55.647098541259766,89.07061004638672,1.3866409063339233,-55.647098541259766,89.07061004638672,-1.3866409063339233,-55.647090911865234,89.07061004638672,1.3866409063339233,-55.647090911865234,89.07061004638672,Stop,Stepping
1776271758.0879872,13553.058643459,-1.3866409063339233,-55.647098541259766,89.07061004638672,1.3866409063339233,-55.647098541259766,89.07061004638672,-1.3866409063339233,-55.647090911865234,89.07061004638672,1.3866409063339233,-55.647090911865234,89.07061004638672,Stop,Stepping
1776271758.1079812,13553.078654188,-1.3866409063339233,-55.647098541259766,89.07061004638672,1.3866409063339233,-55.647098541259766,89.07061004638672,-1.3866409063339233,-55.647090911865234,89.07061004638672,1.3866409063339233,-55.647090911865234,89.07061004638672,Stop,Stepping
1776271758.1279933,13553.099308759,-1.3866409063339233,-55.647098541259766,89.07061004638672,1.3866409063339233,-55.647098541259766,89.07061004638672,-1.3866409063339233,-55.647090911865234,89.07061004638672,1.3866409063339233,-55.647090911865234,89.07061004638672,Stop,Stepping
1776271758.1479924,13553.119488449,-1.3866409063339233,-55.647098541259766,89.07061004638672,1.3866409063339233,-55.647098541259766,89.07061004638672,-1.3866409063339233,-55.647090911865234,89.07061004638672,1.3866409063339233,-55.647090911865234,89.07061004638672,Stop,Stepping
1776271758.168022,13553.138919481,-1.3866409063339233,-55.647098541259766,89.07061004638672,1.3866409063339233,-55.647098541259766,89.07061004638672,-1.3866409063339233,-55.647090911865234,89.07061004638672,1.3866409063339233,-55.647090911865234,89.07061004638672,Stop,Stepping
1776271758.1879976,13553.176070897,-1.3866409063339233,-55.647098541259766,89.07061004638672,1.3866409063339233,-55.647098541259766,89.07061004638672,-1.3866409063339233,-55.647090911865234,89.07061004638672,1.3866409063339233,-55.647090911865234,89.07061004638672,Stop,Stepping
1776271758.2080324,13553.178659343,-1.3866409063339233,-55.647098541259766,89.07061004638672,1.3866409063339233,-55.647098541259766,89.07061004638672,-1.3866409063339233,-55.647090911865234,89.07061004638672,1.3866409063339233,-55.647090911865234,89.07061004638672,Stop,Stepping
1776271758.2280135,13553.201110864,-1.3866409063339233,-55.647098541259766,89.07061004638672,1.3866409063339233,-55.647098541259766,89.07061004638672,-1.3866409063339233,-55.647090911865234,89.07061004638672,1.3866409063339233,-55.647090911865234,89.07061004638672,Stop,Stepping
1776271758.2480152,13553.221120153,-1.3866409063339233,-55.647098541259766,89.07061004638672,1.3866409063339233,-55.647098541259766,89.07061004638672,-1.3866409063339233,-55.647090911865234,89.07061004638672,1.3866409063339233,-55.647090911865234,89.07061004638672,Stop,Stepping
1776271758.2682347,13553.246203661,-1.3866409063339233,-55.647098541259766,89.07061004638672,1.3866409063339233,-55.647098541259766,89.07061004638672,-1.3866409063339233,-55.647090911865234,89.07061004638672,1.3866409063339233,-55.647090911865234,89.07061004638672,Stop,Stepping
1776271758.2880125,13553.258632035,-1.3866409063339233,-55.647098541259766,89.07061004638672,1.3866409063339233,-55.647098541259766,89.07061004638672,-1.3866409063339233,-55.647090911865234,89.07061004638672,1.3866409063339233,-55.647090911865234,89.07061004638672,Stop,Stepping
1776271758.3080118,13553.279271182,-1.3866409063339233,-55.647098541259766,89.07061004638672,1.3866409063339233,-55.647098541259766,89.07061004638672,-1.3866409063339233,-55.647090911865234,89.07061004638672,1.3866409063339233,-55.647090911865234,89.07061004638672,Stop,Stepping
1776271758.3280451,13553.298863078,-1.3866409063339233,-55.647098541259766,89.07061004638672,1.3866409063339233,-55.647098541259766,89.07061004638672,-1.3866409063339233,-55.647090911865234,89.07061004638672,1.3866409063339233,-55.647090911865234,89.07061004638672,Stop,Stepping
1776271758.3480587,13553.321717234,-1.3866409063339233,-55.647098541259766,89.07061004638672,1.3866409063339233,-55.647098541259766,89.07061004638672,-1.3866409063339233,-55.647090911865234,89.07061004638672,1.3866409063339233,-55.647090911865234,89.07061004638672,Stop,Stepping
1776271758.368067,13553.34235972,-1.3866409063339233,-55.647098541259766,89.07061004638672,1.3866409063339233,-55.647098541259766,89.07061004638672,-1.3866409063339233,-55.647090911865234,89.07061004638672,1.3866409063339233,-55.647090911865234,89.07061004638672,Stop,Stepping
1776271758.3879914,13553.358563869,-1.3866409063339233,-55.647098541259766,89.07061004638672,1.3866409063339233,-55.647098541259766,89.07061004638672,-1.3866409063339233,-55.647090911865234,89.07061004638672,1.3866409063339233,-55.647090911865234,89.07061004638672,Stop,Stepping
1776271758.4080386,13553.378584712,-1.3866409063339233,-55.647098541259766,89.07061004638672,1.3866409063339233,-55.647098541259766,89.07061004638672,-1.3866409063339233,-55.647090911865234,89.07061004638672,1.3866409063339233,-55.647090911865234,89.07061004638672,Stop,Stepping
1776271758.4279819,13553.398898658,-1.3866409063339233,-55.647098541259766,89.07061004638672,1.3866409063339233,-55.647098541259766,89.07061004638672,-1.3866409063339233,-55.647090911865234,89.07061004638672,1.3866409063339233,-55.647090911865234,89.07061004638672,Stop,Stepping
1776271758.448008,13553.419515872,-1.3866409063339233,-55.647098541259766,89.07061004638672,1.3866409063339233,-55.647098541259766,89.07061004638672,-1.3866409063339233,-55.647090911865234,89.07061004638672,1.3866409063339233,-55.647090911865234,89.07061004638672,Stop,Stepping
1776271758.4680135,13553.444922582,-1.3866409063339233,-55.647098541259766,89.07061004638672,1.3866409063339233,-55.647098541259766,89.07061004638672,-1.3866409063339233,-55.647090911865234,89.07061004638672,1.3866409063339233,-55.647090911865234,89.07061004638672,Stop,Stepping
1776271758.4880183,13553.459122841,-1.3866409063339233,-55.647098541259766,89.07061004638672,1.3866409063339233,-55.647098541259766,89.07061004638672,-1.3866409063339233,-55.647090911865234,89.07061004638672,1.3866409063339233,-55.647090911865234,89.07061004638672,Stop,Stepping
1776271758.507991,13553.478463154,-1.3866409063339233,-55.647098541259766,89.07061004638672,1.3866409063339233,-55.647098541259766,89.07061004638672,-1.3866409063339233,-55.647090911865234,89.07061004638672,1.3866409063339233,-55.647090911865234,89.07061004638672,Stop,Stepping
1776271758.5279856,13553.498562436,-1.3866409063339233,-55.647098541259766,89.07061004638672,1.3866409063339233,-55.647098541259766,89.07061004638672,-1.3866409063339233,-55.647090911865234,89.07061004638672,1.3866409063339233,-55.647090911865234,89.07061004638672,Stop,Stepping
1776271758.5480034,13553.521055949,-1.3866409063339233,-55.647098541259766,89.07061004638672,1.3866409063339233,-55.647098541259766,89.07061004638672,-1.3866409063339233,-55.647090911865234,89.07061004638672,1.3866409063339233,-55.647090911865234,89.07061004638672,Stop,Stepping
1776271758.5679922,13553.543924107,-1.3866409063339233,-55.647098541259766,89.07061004638672,1.3866409063339233,-55.647098541259766,89.07061004638672,-1.3866409063339233,-55.647090911865234,89.07061004638672,1.3866409063339233,-55.647090911865234,89.07061004638672,Stop,Stepping
1776271758.587992,13553.558596455,-1.3866409063339233,-55.647098541259766,89.07061004638672,1.3866409063339233,-55.647098541259766,89.07061004638672,-1.3866409063339233,-55.647090911865234,89.07061004638672,1.3866409063339233,-55.647090911865234,89.07061004638672,Stop,Stepping
1776271758.60805,13553.578721541,-1.3866409063339233,-55.647098541259766,89.07061004638672,1.3866409063339233,-55.647098541259766,89.07061004638672,-1.3866409063339233,-55.647090911865234,89.07061004638672,1.3866409063339233,-55.647090911865234,89.07061004638672,Stop,Stepping
1776271758.6279895,13553.599971401,-1.3866409063339233,-55.647098541259766,89.07061004638672,1.3866409063339233,-55.647098541259766,89.07061004638672,-1.3866409063339233,-55.647090911865234,89.07061004638672,1.3866409063339233,-55.647090911865234,89.07061004638672,Stop,Stepping
1776271758.64799,13553.622378502,-1.3866409063339233,-55.647098541259766,89.07061004638672,1.3866409063339233,-55.647098541259766,89.07061004638672,-1.3866409063339233,-55.647090911865234,89.07061004638672,1.3866409063339233,-55.647090911865234,89.07061004638672,Stop,Stepping
1776271758.668005,13553.63873994,-1.3866409063339233,-55.647098541259766,89.07061004638672,1.3866409063339233,-55.647098541259766,89.07061004638672,-1.3866409063339233,-55.647090911865234,89.07061004638672,1.3866409063339233,-55.647090911865234,89.07061004638672,Stop,Stepping
1776271758.6880586,13553.659307996,-1.3866409063339233,-55.647098541259766,89.07061004638672,1.3866409063339233,-55.647098541259766,89.07061004638672,-1.3866409063339233,-55.647090911865234,89.07061004638672,1.3866409063339233,-55.647090911865234,89.07061004638672,Stop,Stepping
1776271758.708129,13553.695587043,-1.3866409063339233,-55.647098541259766,89.07061004638672,1.3866409063339233,-55.647098541259766,89.07061004638672,-1.3866409063339233,-55.647090911865234,89.07061004638672,1.3866409063339233,-55.647090911865234,89.07061004638672,Stop,Stepping
1776271758.727984,13553.699512613,-1.3866409063339233,-55.647098541259766,89.07061004638672,1.3866409063339233,-55.647098541259766,89.07061004638672,-1.3866409063339233,-55.647090911865234,89.07061004638672,1.3866409063339233,-55.647090911865234,89.07061004638672,Stop,Stepping
1776271758.7479947,13553.719307957,-1.3866409063339233,-55.647098541259766,89.07061004638672,1.3866409063339233,-55.647098541259766,89.07061004638672,-1.3866409063339233,-55.647090911865234,89.07061004638672,1.3866409063339233,-55.647090911865234,89.07061004638672,Stop,Stepping
1776271758.768017,13553.74066782,-1.3866409063339233,-55.647098541259766,89.07061004638672,1.3866409063339233,-55.647098541259766,89.07061004638672,-1.3866409063339233,-55.647090911865234,89.07061004638672,1.3866409063339233,-55.647090911865234,89.07061004638672,Stop,Stepping
1776271758.7880394,13553.76648971,-1.3866409063339233,-55.647098541259766,89.07061004638672,1.3866409063339233,-55.647098541259766,89.07061004638672,-1.3866409063339233,-55.647090911865234,89.07061004638672,1.3866409063339233,-55.647090911865234,89.07061004638672,Stop,Stepping
1776271758.8080223,13553.778807197,-1.3866409063339233,-55.647098541259766,89.07061004638672,1.3866409063339233,-55.647098541259766,89.07061004638672,-1.3866409063339233,-55.647090911865234,89.07061004638672,1.3866409063339233,-55.647090911865234,89.07061004638672,Stop,Stepping
1776271758.8279805,13553.79860525,-1.3866409063339233,-55.647098541259766,89.07061004638672,1.3866409063339233,-55.647098541259766,89.07061004638672,-1.3866409063339233,-55.647090911865234,89.07061004638672,1.3866409063339233,-55.647090911865234,89.07061004638672,Stop,Stepping
1776271758.8480039,13553.818824534,-1.3866409063339233,-55.647098541259766,89.07061004638672,1.3866409063339233,-55.647098541259766,89.07061004638672,-1.3866409063339233,-55.647090911865234,89.07061004638672,1.3866409063339233,-55.647090911865234,89.07061004638672,Stop,Stepping
1776271758.8679898,13553.841595998,-1.3866409063339233,-55.647098541259766,89.07061004638672,1.3866409063339233,-55.647098541259766,89.07061004638672,-1.3866409063339233,-55.647090911865234,89.07061004638672,1.3866409063339233,-55.647090911865234,89.07061004638672,Stop,Stepping
1776271758.888083,13553.862160346,-1.3866409063339233,-55.647098541259766,89.07061004638672,1.3866409063339233,-55.647098541259766,89.07061004638672,-1.3866409063339233,-55.647090911865234,89.07061004638672,1.3866409063339233,-55.647090911865234,89.07061004638672,Stop,Stepping
1776271758.9080205,13553.87923225,-1.3866409063339233,-55.647098541259766,89.07061004638672,1.3866409063339233,-55.647098541259766,89.07061004638672,-1.3866409063339233,-55.647090911865234,89.07061004638672,1.3866409063339233,-55.647090911865234,89.07061004638672,Stop,Stepping
1776271758.9279933,13553.909050331,-1.3866409063339233,-55.647098541259766,89.07061004638672,1.3866409063339233,-55.647098541259766,89.07061004638672,-1.3866409063339233,-55.647090911865234,89.07061004638672,1.3866409063339233,-55.647090911865234,89.07061004638672,Stop,Stepping
1776271758.9480054,13553.91900939,-1.3866409063339233,-55.647098541259766,89.07061004638672,1.3866409063339233,-55.647098541259766,89.07061004638672,-1.3866409063339233,-55.647090911865234,89.07061004638672,1.3866409063339233,-55.647090911865234,89.07061004638672,Stop,Stepping
1776271758.968171,13553.948059793,-1.3866409063339233,-55.647098541259766,89.07061004638672,1.3866409063339233,-55.647098541259766,89.07061004638672,-1.3866409063339233,-55.647090911865234,89.07061004638672,1.3866409063339233,-55.647090911865234,89.07061004638672,Stop,Stepping
1776271758.9880831,13554.041575212,-1.3866409063339233,-55.647098541259766,89.07061004638672,1.3866409063339233,-55.647098541259766,89.07061004638672,-1.3866409063339233,-55.647090911865234,89.07061004638672,1.3866409063339233,-55.647090911865234,89.07061004638672,Stop,Stepping
1776271759.0080404,13554.041860368,-1.3866409063339233,-55.647098541259766,89.07061004638672,1.3866409063339233,-55.647098541259766,89.07061004638672,-1.3866409063339233,-55.647090911865234,89.07061004638672,1.3866409063339233,-55.647090911865234,89.07061004638672,Stop,Stepping
1776271759.0280073,13554.042150798,-1.3866409063339233,-55.647098541259766,89.07061004638672,1.3866409063339233,-55.647098541259766,89.07061004638672,-1.3866409063339233,-55.647090911865234,89.07061004638672,1.3866409063339233,-55.647090911865234,89.07061004638672,Stop,Stepping
1776271759.048095,13554.042443899,-1.3866409063339233,-55.647098541259766,89.07061004638672,1.3866409063339233,-55.647098541259766,89.07061004638672,-1.3866409063339233,-55.647090911865234,89.07061004638672,1.3866409063339233,-55.647090911865234,89.07061004638672,Stop,Stepping
1776271759.068053,13554.044772301,-1.3866409063339233,-55.647098541259766,89.07061004638672,1.3866409063339233,-55.647098541259766,89.07061004638672,-1.3866409063339233,-55.647090911865234,89.07061004638672,1.3866409063339233,-55.647090911865234,89.07061004638672,Stop,Stepping
1776271759.0879862,13554.059175342,-1.3866409063339233,-55.647098541259766,89.07061004638672,1.3866409063339233,-55.647098541259766,89.07061004638672,-1.3866409063339233,-55.647090911865234,89.07061004638672,1.3866409063339233,-55.647090911865234,89.07061004638672,Stop,Stepping
1776271759.108066,13554.087496116,-1.3866409063339233,-55.647098541259766,89.07061004638672,1.3866409063339233,-55.647098541259766,89.07061004638672,-1.3866409063339233,-55.647090911865234,89.07061004638672,1.3866409063339233,-55.647090911865234,89.07061004638672,Stop,Stepping
1776271759.128017,13554.101321874,-1.3866409063339233,-55.647098541259766,89.07061004638672,1.3866409063339233,-55.647098541259766,89.07061004638672,-1.3866409063339233,-55.647090911865234,89.07061004638672,1.3866409063339233,-55.647090911865234,89.07061004638672,Stop,Stepping
1776271759.1480336,13554.125135057,-1.3866409063339233,-55.647098541259766,89.07061004638672,1.3866409063339233,-55.647098541259766,89.07061004638672,-1.3866409063339233,-55.647090911865234,89.07061004638672,1.3866409063339233,-55.647090911865234,89.07061004638672,Stop,Stepping
1776271759.1680374,13554.140718887,-1.3866409063339233,-55.647098541259766,89.07061004638672,1.3866409063339233,-55.647098541259766,89.07061004638672,-1.3866409063339233,-55.647090911865234,89.07061004638672,1.3866409063339233,-55.647090911865234,89.07061004638672,Stop,Stepping
1776271759.18809,13554.159999013,-1.3866409063339233,-55.647098541259766,89.07061004638672,1.3866409063339233,-55.647098541259766,89.07061004638672,-1.3866409063339233,-55.647090911865234,89.07061004638672,1.3866409063339233,-55.647090911865234,89.07061004638672,Stop,Stepping
1776271759.208348,13554.201216679,-1.3866409063339233,-55.647098541259766,89.07061004638672,1.3866409063339233,-55.647098541259766,89.07061004638672,-1.3866409063339233,-55.647090911865234,89.07061004638672,1.3866409063339233,-55.647090911865234,89.07061004638672,Stop,Stepping
1776271759.2280755,13554.201792678,-1.3866409063339233,-55.647098541259766,89.07061004638672,1.3866409063339233,-55.647098541259766,89.07061004638672,-1.3866409063339233,-55.647090911865234,89.07061004638672,1.3866409063339233,-55.647090911865234,89.07061004638672,Stop,Stepping
1776271759.2480743,13554.221513168,-1.3866409063339233,-55.647098541259766,89.07061004638672,1.3866409063339233,-55.647098541259766,89.07061004638672,-1.3866409063339233,-55.647090911865234,89.07061004638672,1.3866409063339233,-55.647090911865234,89.07061004638672,Stop,Stepping
1776271759.2680798,13554.266705824,-1.3866409063339233,-55.647098541259766,89.07061004638672,1.3866409063339233,-55.647098541259766,89.07061004638672,-1.3866409063339233,-55.647090911865234,89.07061004638672,1.3866409063339233,-55.647090911865234,89.07061004638672,Stop,Stepping
1776271759.2880793,13554.267110982,-1.3866409063339233,-55.647098541259766,89.07061004638672,1.3866409063339233,-55.647098541259766,89.07061004638672,-1.3866409063339233,-55.647090911865234,89.07061004638672,1.3866409063339233,-55.647090911865234,89.07061004638672,Stop,Stepping
1776271759.3080397,13554.279343396,-1.3866409063339233,-55.647098541259766,89.07061004638672,1.3866409063339233,-55.647098541259766,89.07061004638672,-1.3866409063339233,-55.647090911865234,89.07061004638672,1.3866409063339233,-55.647090911865234,89.07061004638672,Stop,Stepping
1776271759.3280127,13554.298693902,-1.3866409063339233,-55.647098541259766,89.07061004638672,1.3866409063339233,-55.647098541259766,89.07061004638672,-1.3866409063339233,-55.647090911865234,89.07061004638672,1.3866409063339233,-55.647090911865234,89.07061004638672,Stop,Stepping
1776271759.3480804,13554.322024037,-1.3866409063339233,-55.647098541259766,89.07061004638672,1.3866409063339233,-55.647098541259766,89.07061004638672,-1.3866409063339233,-55.647090911865234,89.07061004638672,1.3866409063339233,-55.647090911865234,89.07061004638672,Stop,Stepping
1776271759.3680217,13554.338825155,-1.3866409063339233,-55.647098541259766,89.07061004638672,1.3866409063339233,-55.647098541259766,89.07061004638672,-1.3866409063339233,-55.647090911865234,89.07061004638672,1.3866409063339233,-55.647090911865234,89.07061004638672,Stop,Stepping
1776271759.388033,13554.366924436,-1.3866409063339233,-55.647098541259766,89.07061004638672,1.3866409063339233,-55.647098541259766,89.07061004638672,-1.3866409063339233,-55.647090911865234,89.07061004638672,1.3866409063339233,-55.647090911865234,89.07061004638672,Stop,Stepping
1776271759.407993,13554.383248682,-1.3866409063339233,-55.647098541259766,89.07061004638672,1.3866409063339233,-55.647098541259766,89.07061004638672,-1.3866409063339233,-55.647090911865234,89.07061004638672,1.3866409063339233,-55.647090911865234,89.07061004638672,Stop,Stepping
1776271759.4280314,13554.400050409,-1.3866409063339233,-55.647098541259766,89.07061004638672,1.3866409063339233,-55.647098541259766,89.07061004638672,-1.3866409063339233,-55.647090911865234,89.07061004638672,1.3866409063339233,-55.647090911865234,89.07061004638672,Stop,Stepping
1776271759.4480295,13554.419397586,-1.3866409063339233,-55.647098541259766,89.07061004638672,1.3866409063339233,-55.647098541259766,89.07061004638672,-1.3866409063339233,-55.647090911865234,89.07061004638672,1.3866409063339233,-55.647090911865234,89.07061004638672,Stop,Stepping
1776271759.4679902,13554.441257821,-1.3866409063339233,-55.647098541259766,89.07061004638672,1.3866409063339233,-55.647098541259766,89.07061004638672,-1.3866409063339233,-55.647090911865234,89.07061004638672,1.3866409063339233,-55.647090911865234,89.07061004638672,Stop,Stepping
1776271759.4880092,13554.459903949,-1.3866409063339233,-55.647098541259766,89.07061004638672,1.3866409063339233,-55.647098541259766,89.07061004638672,-1.3866409063339233,-55.647090911865234,89.07061004638672,1.3866409063339233,-55.647090911865234,89.07061004638672,Stop,Stepping
1776271759.5080051,13554.478796455,-1.3866409063339233,-55.647098541259766,89.07061004638672,1.3866409063339233,-55.647098541259766,89.07061004638672,-1.3866409063339233,-55.647090911865234,89.07061004638672,1.3866409063339233,-55.647090911865234,89.07061004638672,Stop,Stepping
1776271759.5280023,13554.505892555,-1.3866409063339233,-55.647098541259766,89.07061004638672,1.3866409063339233,-55.647098541259766,89.07061004638672,-1.3866409063339233,-55.647090911865234,89.07061004638672,1.3866409063339233,-55.647090911865234,89.07061004638672,Stop,Stepping
1776271759.5480483,13554.518583535,-1.3866409063339233,-55.647098541259766,89.07061004638672,1.3866409063339233,-55.647098541259766,89.07061004638672,-1.3866409063339233,-55.647090911865234,89.07061004638672,1.3866409063339233,-55.647090911865234,89.07061004638672,Stop,Stepping
1776271759.5680282,13554.539282263,-1.3866409063339233,-55.647098541259766,89.07061004638672,1.3866409063339233,-55.647098541259766,89.07061004638672,-1.3866409063339233,-55.647090911865234,89.07061004638672,1.3866409063339233,-55.647090911865234,89.07061004638672,Stop,Stepping
1776271759.5880344,13554.559047007,-1.3866409063339233,-55.647098541259766,89.07061004638672,1.3866409063339233,-55.647098541259766,89.07061004638672,-1.3866409063339233,-55.647090911865234,89.07061004638672,1.3866409063339233,-55.647090911865234,89.07061004638672,Stop,Stepping
1776271759.608028,13554.587383199,-1.3866409063339233,-55.647098541259766,89.07061004638672,1.3866409063339233,-55.647098541259766,89.07061004638672,-1.3866409063339233,-55.647090911865234,89.07061004638672,1.3866409063339233,-55.647090911865234,89.07061004638672,Stop,Stepping
1776271759.628042,13554.604438648,-1.3866409063339233,-55.647098541259766,89.07061004638672,1.3866409063339233,-55.647098541259766,89.07061004638672,-1.3866409063339233,-55.647090911865234,89.07061004638672,1.3866409063339233,-55.647090911865234,89.07061004638672,Stop,Stepping
1776271759.6480246,13554.618821042,-1.3866409063339233,-55.647098541259766,89.07061004638672,1.3866409063339233,-55.647098541259766,89.07061004638672,-1.3866409063339233,-55.647090911865234,89.07061004638672,1.3866409063339233,-55.647090911865234,89.07061004638672,Stop,Stepping
1776271759.6679943,13554.640518403,-1.3866409063339233,-55.647098541259766,89.07061004638672,1.3866409063339233,-55.647098541259766,89.07061004638672,-1.3866409063339233,-55.647090911865234,89.07061004638672,1.3866409063339233,-55.647090911865234,89.07061004638672,Stop,Stepping
1776271759.6879842,13554.659778554,-1.3866409063339233,-55.647098541259766,89.07061004638672,1.3866409063339233,-55.647098541259766,89.07061004638672,-1.3866409063339233,-55.647090911865234,89.07061004638672,1.3866409063339233,-55.647090911865234,89.07061004638672,Stop,Stepping
1776271759.7079926,13554.680780594,-1.3866409063339233,-55.647098541259766,89.07061004638672,1.3866409063339233,-55.647098541259766,89.07061004638672,-1.3866409063339233,-55.647090911865234,89.07061004638672,1.3866409063339233,-55.647090911865234,89.07061004638672,Stop,Stepping
1776271759.7280962,13554.699202974,-1.3866409063339233,-55.647098541259766,89.07061004638672,1.3866409063339233,-55.647098541259766,89.07061004638672,-1.3866409063339233,-55.647090911865234,89.07061004638672,1.3866409063339233,-55.647090911865234,89.07061004638672,Stop,Stepping
1776271759.748033,13554.720515953,-1.3866409063339233,-55.647098541259766,89.07061004638672,1.3866409063339233,-55.647098541259766,89.07061004638672,-1.3866409063339233,-55.647090911865234,89.07061004638672,1.3866409063339233,-55.647090911865234,89.07061004638672,Stop,Stepping
1776271759.7680373,13554.739545527,-1.3866409063339233,-55.647098541259766,89.07061004638672,1.3866409063339233,-55.647098541259766,89.07061004638672,-1.3866409063339233,-55.647090911865234,89.07061004638672,1.3866409063339233,-55.647090911865234,89.07061004638672,Stop,Stepping
1776271759.7880206,13554.761996138,-1.3866409063339233,-55.647098541259766,89.07061004638672,1.3866409063339233,-55.647098541259766,89.07061004638672,-1.3866409063339233,-55.647090911865234,89.07061004638672,1.3866409063339233,-55.647090911865234,89.07061004638672,Stop,Stepping
1776271759.8080134,13554.779318844,-1.3866409063339233,-55.647098541259766,89.07061004638672,1.3866409063339233,-55.647098541259766,89.07061004638672,-1.3866409063339233,-55.647090911865234,89.07061004638672,1.3866409063339233,-55.647090911865234,89.07061004638672,Stop,Stepping
1776271759.8280332,13554.798744989,-1.3866409063339233,-55.647098541259766,89.07061004638672,1.3866409063339233,-55.647098541259766,89.07061004638672,-1.3866409063339233,-55.647090911865234,89.07061004638672,1.3866409063339233,-55.647090911865234,89.07061004638672,Stop,Stepping
1776271759.848006,13554.818935951,-1.3866409063339233,-55.647098541259766,89.07061004638672,1.3866409063339233,-55.647098541259766,89.07061004638672,-1.3866409063339233,-55.647090911865234,89.07061004638672,1.3866409063339233,-55.647090911865234,89.07061004638672,Stop,Stepping
1776271759.867995,13554.843429842,-1.3866409063339233,-55.647098541259766,89.07061004638672,1.3866409063339233,-55.647098541259766,89.07061004638672,-1.3866409063339233,-55.647090911865234,89.07061004638672,1.3866409063339233,-55.647090911865234,89.07061004638672,Stop,Stepping
1776271759.887989,13554.858575392,-1.3866409063339233,-55.647098541259766,89.07061004638672,1.3866409063339233,-55.647098541259766,89.07061004638672,-1.3866409063339233,-55.647090911865234,89.07061004638672,1.3866409063339233,-55.647090911865234,89.07061004638672,Stop,Stepping
1776271759.9079888,13554.881073208,-1.3866409063339233,-55.647098541259766,89.07061004638672,1.3866409063339233,-55.647098541259766,89.07061004638672,-1.3866409063339233,-55.647090911865234,89.07061004638672,1.3866409063339233,-55.647090911865234,89.07061004638672,Stop,Stepping
1776271759.9280024,13554.902618544,-1.3866409063339233,-55.647098541259766,89.07061004638672,1.3866409063339233,-55.647098541259766,89.07061004638672,-1.3866409063339233,-55.647090911865234,89.07061004638672,1.3866409063339233,-55.647090911865234,89.07061004638672,Stop,Stepping
1776271759.9479907,13554.920692099,-1.3866409063339233,-55.647098541259766,89.07061004638672,1.3866409063339233,-55.647098541259766,89.07061004638672,-1.3866409063339233,-55.647090911865234,89.07061004638672,1.3866409063339233,-55.647090911865234,89.07061004638672,Stop,Stepping
1776271759.9679947,13554.951198299,-1.3866409063339233,-55.647098541259766,89.07061004638672,1.3866409063339233,-55.647098541259766,89.07061004638672,-1.3866409063339233,-55.647090911865234,89.07061004638672,1.3866409063339233,-55.647090911865234,89.07061004638672,Stop,Stepping
1776271759.9879875,13554.959951886,-1.3866409063339233,-55.647098541259766,89.07061004638672,1.3866409063339233,-55.647098541259766,89.07061004638672,-1.3866409063339233,-55.647090911865234,89.07061004638672,1.3866409063339233,-55.647090911865234,89.07061004638672,Stop,Stepping
1776271760.0079985,13554.985088293,-1.3866409063339233,-55.647098541259766,89.07061004638672,1.3866409063339233,-55.647098541259766,89.07061004638672,-1.3866409063339233,-55.647090911865234,89.07061004638672,1.3866409063339233,-55.647090911865234,89.07061004638672,Stop,Stepping
1776271760.0280159,13554.999628998,-1.3866409063339233,-55.647098541259766,89.07061004638672,1.3866409063339233,-55.647098541259766,89.07061004638672,-1.3866409063339233,-55.647090911865234,89.07061004638672,1.3866409063339233,-55.647090911865234,89.07061004638672,Stop,Stepping
1776271760.0479937,13555.019344831,-1.3866409063339233,-55.647098541259766,89.07061004638672,1.3866409063339233,-55.647098541259766,89.07061004638672,-1.3866409063339233,-55.647090911865234,89.07061004638672,1.3866409063339233,-55.647090911865234,89.07061004638672,Stop,Stepping
1776271760.0680103,13555.04039688,-1.3866409063339233,-55.647098541259766,89.07061004638672,1.3866409063339233,-55.647098541259766,89.07061004638672,-1.3866409063339233,-55.647090911865234,89.07061004638672,1.3866409063339233,-55.647090911865234,89.07061004638672,Stop,Stepping
1776271760.0879927,13555.059253022,-1.3866409063339233,-55.647098541259766,89.07061004638672,1.3866409063339233,-55.647098541259766,89.07061004638672,-1.3866409063339233,-55.647090911865234,89.07061004638672,1.3866409063339233,-55.647090911865234,89.07061004638672,Stop,Stepping
1776271760.107994,13555.082848563,-1.3866409063339233,-55.647098541259766,89.07061004638672,1.3866409063339233,-55.647098541259766,89.07061004638672,-1.3866409063339233,-55.647090911865234,89.07061004638672,1.3866409063339233,-55.647090911865234,89.07061004638672,Stop,Stepping
1776271760.1280038,13555.102667676,-1.3866409063339233,-55.647098541259766,89.07061004638672,1.3866409063339233,-55.647098541259766,89.07061004638672,-1.3866409063339233,-55.647090911865234,89.07061004638672,1.3866409063339233,-55.647090911865234,89.07061004638672,Stop,Stepping
1776271760.148055,13555.120690496,-1.3866409063339233,-55.647098541259766,89.07061004638672,1.3866409063339233,-55.647098541259766,89.07061004638672,-1.3866409063339233,-55.647090911865234,89.07061004638672,1.3866409063339233,-55.647090911865234,89.07061004638672,Stop,Stepping
1776271760.1680543,13555.1480489,-1.3866409063339233,-55.647098541259766,89.07061004638672,1.3866409063339233,-55.647098541259766,89.07061004638672,-1.3866409063339233,-55.647090911865234,89.07061004638672,1.3866409063339233,-55.647090911865234,89.07061004638672,Stop,Stepping
1776271760.1881893,13555.160272301,-1.3866409063339233,-55.647098541259766,89.07061004638672,1.3866409063339233,-55.647098541259766,89.07061004638672,-1.3866409063339233,-55.647090911865234,89.07061004638672,1.3866409063339233,-55.647090911865234,89.07061004638672,Stop,Stepping
1776271760.2081997,13555.1839083,-1.3866409063339233,-55.647098541259766,89.07061004638672,1.3866409063339233,-55.647098541259766,89.07061004638672,-1.3866409063339233,-55.647090911865234,89.07061004638672,1.3866409063339233,-55.647090911865234,89.07061004638672,Stop,Stepping
1776271760.2280145,13555.201788542,-1.3866409063339233,-55.647098541259766,89.07061004638672,1.3866409063339233,-55.647098541259766,89.07061004638672,-1.3866409063339233,-55.647090911865234,89.07061004638672,1.3866409063339233,-55.647090911865234,89.07061004638672,Stop,Stepping
1776271760.248048,13555.22049974,-1.3866409063339233,-55.647098541259766,89.07061004638672,1.3866409063339233,-55.647098541259766,89.07061004638672,-1.3866409063339233,-55.647090911865234,89.07061004638672,1.3866409063339233,-55.647090911865234,89.07061004638672,Stop,Stepping
1776271760.2680523,13555.23929344,-1.3866409063339233,-55.647098541259766,89.07061004638672,1.3866409063339233,-55.647098541259766,89.07061004638672,-1.3866409063339233,-55.647090911865234,89.07061004638672,1.3866409063339233,-55.647090911865234,89.07061004638672,Stop,Stepping
1776271760.2880764,13555.260235829,-1.3866409063339233,-55.647098541259766,89.07061004638672,1.3866409063339233,-55.647098541259766,89.07061004638672,-1.3866409063339233,-55.647090911865234,89.07061004638672,1.3866409063339233,-55.647090911865234,89.07061004638672,Stop,Stepping
1776271760.3080382,13555.279880506,-1.3866409063339233,-55.647098541259766,89.07061004638672,1.3866409063339233,-55.647098541259766,89.07061004638672,-1.3866409063339233,-55.647090911865234,89.07061004638672,1.3866409063339233,-55.647090911865234,89.07061004638672,Stop,Stepping
1776271760.3280396,13555.304881054,-1.3866409063339233,-55.647098541259766,89.07061004638672,1.3866409063339233,-55.647098541259766,89.07061004638672,-1.3866409063339233,-55.647090911865234,89.07061004638672,1.3866409063339233,-55.647090911865234,89.07061004638672,Stop,Stepping
1776271760.3480804,13555.320769774,-1.3866409063339233,-55.647098541259766,89.07061004638672,1.3866409063339233,-55.647098541259766,89.07061004638672,-1.3866409063339233,-55.647090911865234,89.07061004638672,1.3866409063339233,-55.647090911865234,89.07061004638672,Stop,Stepping
1776271760.3680358,13555.344369095,-1.3866409063339233,-55.647098541259766,89.07061004638672,1.3866409063339233,-55.647098541259766,89.07061004638672,-1.3866409063339233,-55.647090911865234,89.07061004638672,1.3866409063339233,-55.647090911865234,89.07061004638672,Stop,Stepping
1776271760.3880203,13555.359303207,-1.3866409063339233,-55.647098541259766,89.07061004638672,1.3866409063339233,-55.647098541259766,89.07061004638672,-1.3866409063339233,-55.647090911865234,89.07061004638672,1.3866409063339233,-55.647090911865234,89.07061004638672,Stop,Stepping
1776271760.4080687,13555.382974145,-1.3866409063339233,-55.647098541259766,89.07061004638672,1.3866409063339233,-55.647098541259766,89.07061004638672,-1.3866409063339233,-55.647090911865234,89.07061004638672,1.3866409063339233,-55.647090911865234,89.07061004638672,Stop,Stepping
1776271760.428028,13555.400402981,-1.3866409063339233,-55.647098541259766,89.07061004638672,1.3866409063339233,-55.647098541259766,89.07061004638672,-1.3866409063339233,-55.647090911865234,89.07061004638672,1.3866409063339233,-55.647090911865234,89.07061004638672,Stop,Stepping
1776271760.4480145,13555.419824056,-1.3866409063339233,-55.647098541259766,89.07061004638672,1.3866409063339233,-55.647098541259766,89.07061004638672,-1.3866409063339233,-55.647090911865234,89.07061004638672,1.3866409063339233,-55.647090911865234,89.07061004638672,Stop,Stepping
1776271760.4680777,13555.439248785,-1.3866409063339233,-55.647098541259766,89.07061004638672,1.3866409063339233,-55.647098541259766,89.07061004638672,-1.3866409063339233,-55.647090911865234,89.07061004638672,1.3866409063339233,-55.647090911865234,89.07061004638672,Stop,Stepping
1776271760.488076,13555.460584391,-1.3866409063339233,-55.647098541259766,89.07061004638672,1.3866409063339233,-55.647098541259766,89.07061004638672,-1.3866409063339233,-55.647090911865234,89.07061004638672,1.3866409063339233,-55.647090911865234,89.07061004638672,Stop,Stepping
1776271760.5080283,13555.479311857,-1.3866409063339233,-55.647098541259766,89.07061004638672,1.3866409063339233,-55.647098541259766,89.07061004638672,-1.3866409063339233,-55.647090911865234,89.07061004638672,1.3866409063339233,-55.647090911865234,89.07061004638672,Stop,Stepping
1776271760.5280666,13555.505538847,-1.3866409063339233,-55.647098541259766,89.07061004638672,1.3866409063339233,-55.647098541259766,89.07061004638672,-1.3866409063339233,-55.647090911865234,89.07061004638672,1.3866409063339233,-55.647090911865234,89.07061004638672,Stop,Stepping
1776271760.548046,13555.525675797,-1.3866409063339233,-55.647098541259766,89.07061004638672,1.3866409063339233,-55.647098541259766,89.07061004638672,-1.3866409063339233,-55.647090911865234,89.07061004638672,1.3866409063339233,-55.647090911865234,89.07061004638672,Stop,Stepping
1776271760.568022,13555.539662666,-1.3866409063339233,-55.647098541259766,89.07061004638672,1.3866409063339233,-55.647098541259766,89.07061004638672,-1.3866409063339233,-55.647090911865234,89.07061004638672,1.3866409063339233,-55.647090911865234,89.07061004638672,Stop,Stepping
1776271760.5880196,13555.56063591,-1.3866409063339233,-55.647098541259766,89.07061004638672,1.3866409063339233,-55.647098541259766,89.07061004638672,-1.3866409063339233,-55.647090911865234,89.07061004638672,1.3866409063339233,-55.647090911865234,89.07061004638672,Stop,Stepping
1776271760.608033,13555.580999093,-1.3866409063339233,-55.647098541259766,89.07061004638672,1.3866409063339233,-55.647098541259766,89.07061004638672,-1.3866409063339233,-55.647090911865234,89.07061004638672,1.3866409063339233,-55.647090911865234,89.07061004638672,Stop,Stepping
1776271760.6280563,13555.600777406,-1.3866409063339233,-55.647098541259766,89.07061004638672,1.3866409063339233,-55.647098541259766,89.07061004638672,-1.3866409063339233,-55.647090911865234,89.07061004638672,1.3866409063339233,-55.647090911865234,89.07061004638672,Stop,Stepping
1776271760.6480186,13555.619233367,-1.3866409063339233,-55.647098541259766,89.07061004638672,1.3866409063339233,-55.647098541259766,89.07061004638672,-1.3866409063339233,-55.647090911865234,89.07061004638672,1.3866409063339233,-55.647090911865234,89.07061004638672,Stop,Stepping
1776271760.6680353,13555.668312736,-1.3866409063339233,-55.647098541259766,89.07061004638672,1.3866409063339233,-55.647098541259766,89.07061004638672,-1.3866409063339233,-55.647090911865234,89.07061004638672,1.3866409063339233,-55.647090911865234,89.07061004638672,Stop,Stepping
1776271760.6880174,13555.670179113,-1.3866409063339233,-55.647098541259766,89.07061004638672,1.3866409063339233,-55.647098541259766,89.07061004638672,-1.3866409063339233,-55.647090911865234,89.07061004638672,1.3866409063339233,-55.647090911865234,89.07061004638672,Stop,Stepping
1776271760.708009,13555.685894869,-1.3866409063339233,-55.647098541259766,89.07061004638672,1.3866409063339233,-55.647098541259766,89.07061004638672,-1.3866409063339233,-55.647090911865234,89.07061004638672,1.3866409063339233,-55.647090911865234,89.07061004638672,Stop,Stepping
1776271760.72819,13555.700463972,-1.3866409063339233,-55.647098541259766,89.07061004638672,1.3866409063339233,-55.647098541259766,89.07061004638672,-1.3866409063339233,-55.647090911865234,89.07061004638672,1.3866409063339233,-55.647090911865234,89.07061004638672,Stop,Stepping
1776271760.748193,13555.720338311,-1.3866409063339233,-55.647098541259766,89.07061004638672,1.3866409063339233,-55.647098541259766,89.07061004638672,-1.3866409063339233,-55.647090911865234,89.07061004638672,1.3866409063339233,-55.647090911865234,89.07061004638672,Stop,Stepping
1776271760.7681699,13555.740152276,-1.3866409063339233,-55.647098541259766,89.07061004638672,1.3866409063339233,-55.647098541259766,89.07061004638672,-1.3866409063339233,-55.647090911865234,89.07061004638672,1.3866409063339233,-55.647090911865234,89.07061004638672,Stop,Stepping
1776271760.7880335,13555.810557207,-1.3866409063339233,-55.647098541259766,89.07061004638672,1.3866409063339233,-55.647098541259766,89.07061004638672,-1.3866409063339233,-55.647090911865234,89.07061004638672,1.3866409063339233,-55.647090911865234,89.07061004638672,Stop,Stepping
1776271760.8080297,13555.810927128,-1.3866409063339233,-55.647098541259766,89.07061004638672,1.3866409063339233,-55.647098541259766,89.07061004638672,-1.3866409063339233,-55.647090911865234,89.07061004638672,1.3866409063339233,-55.647090911865234,89.07061004638672,Stop,Stepping
1776271760.828056,13555.81129581,-1.3866409063339233,-55.647098541259766,89.07061004638672,1.3866409063339233,-55.647098541259766,89.07061004638672,-1.3866409063339233,-55.647090911865234,89.07061004638672,1.3866409063339233,-55.647090911865234,89.07061004638672,Stop,Stepping
1776271760.8480327,13555.827919949,-1.3866409063339233,-55.647098541259766,89.07061004638672,1.3866409063339233,-55.647098541259766,89.07061004638672,-1.3866409063339233,-55.647090911865234,89.07061004638672,1.3866409063339233,-55.647090911865234,89.07061004638672,Stop,Stepping
1776271760.8680258,13555.839282495,-1.3866409063339233,-55.647098541259766,89.07061004638672,1.3866409063339233,-55.647098541259766,89.07061004638672,-1.3866409063339233,-55.647090911865234,89.07061004638672,1.3866409063339233,-55.647090911865234,89.07061004638672,Stop,Stepping
1776271760.8880253,13555.86675494,-1.3866409063339233,-55.647098541259766,89.07061004638672,1.3866409063339233,-55.647098541259766,89.07061004638672,-1.3866409063339233,-55.647090911865234,89.07061004638672,1.3866409063339233,-55.647090911865234,89.07061004638672,Stop,Stepping
1776271760.90809,13555.881568972,-1.3866409063339233,-55.647098541259766,89.07061004638672,1.3866409063339233,-55.647098541259766,89.07061004638672,-1.3866409063339233,-55.647090911865234,89.07061004638672,1.3866409063339233,-55.647090911865234,89.07061004638672,Stop,Stepping
1776271760.9280355,13555.903425162,-1.3866409063339233,-55.647098541259766,89.07061004638672,1.3866409063339233,-55.647098541259766,89.07061004638672,-1.3866409063339233,-55.647090911865234,89.07061004638672,1.3866409063339233,-55.647090911865234,89.07061004638672,Stop,Stepping
1776271760.9480362,13555.918809172,-1.3866409063339233,-55.647098541259766,89.07061004638672,1.3866409063339233,-55.647098541259766,89.07061004638672,-1.3866409063339233,-55.647090911865234,89.07061004638672,1.3866409063339233,-55.647090911865234,89.07061004638672,Stop,Stepping
1776271760.9680445,13555.941865574,-1.3866409063339233,-55.647098541259766,89.07061004638672,1.3866409063339233,-55.647098541259766,89.07061004638672,-1.3866409063339233,-55.647090911865234,89.07061004638672,1.3866409063339233,-55.647090911865234,89.07061004638672,Stop,Stepping
1776271760.9880507,13555.959146925,-1.3866409063339233,-55.647098541259766,89.07061004638672,1.3866409063339233,-55.647098541259766,89.07061004638672,-1.3866409063339233,-55.647090911865234,89.07061004638672,1.3866409063339233,-55.647090911865234,89.07061004638672,Stop,Stepping
1776271761.008027,13555.979279521,-1.3866409063339233,-55.647098541259766,89.07061004638672,1.3866409063339233,-55.647098541259766,89.07061004638672,-1.3866409063339233,-55.647090911865234,89.07061004638672,1.3866409063339233,-55.647090911865234,89.07061004638672,Stop,Stepping
1776271761.0280364,13555.998907897,-1.3866409063339233,-55.647098541259766,89.07061004638672,1.3866409063339233,-55.647098541259766,89.07061004638672,-1.3866409063339233,-55.647090911865234,89.07061004638672,1.3866409063339233,-55.647090911865234,89.07061004638672,Stop,Stepping
1776271761.0480387,13556.020151099,-1.3866409063339233,-55.647098541259766,89.07061004638672,1.3866409063339233,-55.647098541259766,89.07061004638672,-1.3866409063339233,-55.647090911865234,89.07061004638672,1.3866409063339233,-55.647090911865234,89.07061004638672,Stop,Stepping
1776271761.0680547,13556.039902002,-1.3866409063339233,-55.647098541259766,89.07061004638672,1.3866409063339233,-55.647098541259766,89.07061004638672,-1.3866409063339233,-55.647090911865234,89.07061004638672,1.3866409063339233,-55.647090911865234,89.07061004638672,Stop,Stepping
1776271761.0880566,13556.077826021,-1.3866409063339233,-55.647098541259766,89.07061004638672,1.3866409063339233,-55.647098541259766,89.07061004638672,-1.3866409063339233,-55.647090911865234,89.07061004638672,1.3866409063339233,-55.647090911865234,89.07061004638672,Stop,Stepping
1776271761.1080399,13556.083195942,-1.3866409063339233,-55.647098541259766,89.07061004638672,1.3866409063339233,-55.647098541259766,89.07061004638672,-1.3866409063339233,-55.647090911865234,89.07061004638672,1.3866409063339233,-55.647090911865234,89.07061004638672,Stop,Stepping
1776271761.1280487,13556.116895735,-1.3866409063339233,-55.647098541259766,89.07061004638672,1.3866409063339233,-55.647098541259766,89.07061004638672,-1.3866409063339233,-55.647090911865234,89.07061004638672,1.3866409063339233,-55.647090911865234,89.07061004638672,Stop,Stepping
1776271761.1480253,13556.118916411,-1.3866409063339233,-55.647098541259766,89.07061004638672,1.3866409063339233,-55.647098541259766,89.07061004638672,-1.3866409063339233,-55.647090911865234,89.07061004638672,1.3866409063339233,-55.647090911865234,89.07061004638672,Stop,Stepping
1776271761.168088,13556.142994207,-1.3866409063339233,-55.647098541259766,89.07061004638672,1.3866409063339233,-55.647098541259766,89.07061004638672,-1.3866409063339233,-55.647090911865234,89.07061004638672,1.3866409063339233,-55.647090911865234,89.07061004638672,Stop,Stepping
1776271761.188424,13556.161223983,-1.3866409063339233,-55.647098541259766,89.07061004638672,1.3866409063339233,-55.647098541259766,89.07061004638672,-1.3866409063339233,-55.647090911865234,89.07061004638672,1.3866409063339233,-55.647090911865234,89.07061004638672,Stop,Stepping
1776271761.2080224,13556.18591784,-1.3866409063339233,-55.647098541259766,89.07061004638672,1.3866409063339233,-55.647098541259766,89.07061004638672,-1.3866409063339233,-55.647090911865234,89.07061004638672,1.3866409063339233,-55.647090911865234,89.07061004638672,Stop,Stepping
1776271761.2280793,13556.198762598,-1.3866409063339233,-55.647098541259766,89.07061004638672,1.3866409063339233,-55.647098541259766,89.07061004638672,-1.3866409063339233,-55.647090911865234,89.07061004638672,1.3866409063339233,-55.647090911865234,89.07061004638672,Stop,Stepping
1776271761.2480812,13556.223696455,-1.3866409063339233,-55.647098541259766,89.07061004638672,1.3866409063339233,-55.647098541259766,89.07061004638672,-1.3866409063339233,-55.647090911865234,89.07061004638672,1.3866409063339233,-55.647090911865234,89.07061004638672,Stop,Stepping
1776271761.2680368,13556.245263631,-1.3866409063339233,-55.647098541259766,89.07061004638672,1.3866409063339233,-55.647098541259766,89.07061004638672,-1.3866409063339233,-55.647090911865234,89.07061004638672,1.3866409063339233,-55.647090911865234,89.07061004638672,Stop,Stepping
1776271761.2880514,13556.259447207,-1.3866409063339233,-55.647098541259766,89.07061004638672,1.3866409063339233,-55.647098541259766,89.07061004638672,-1.3866409063339233,-55.647090911865234,89.07061004638672,1.3866409063339233,-55.647090911865234,89.07061004638672,Stop,Stepping
1776271761.3080502,13556.278751684,-1.3866409063339233,-55.647098541259766,89.07061004638672,1.3866409063339233,-55.647098541259766,89.07061004638672,-1.3866409063339233,-55.647090911865234,89.07061004638672,1.3866409063339233,-55.647090911865234,89.07061004638672,Stop,Stepping
1776271761.3280487,13556.299065109,-1.3866409063339233,-55.647098541259766,89.07061004638672,1.3866409063339233,-55.647098541259766,89.07061004638672,-1.3866409063339233,-55.647090911865234,89.07061004638672,1.3866409063339233,-55.647090911865234,89.07061004638672,Stop,Stepping
1776271761.3481083,13556.320427222,-1.3866409063339233,-55.647098541259766,89.07061004638672,1.3866409063339233,-55.647098541259766,89.07061004638672,-1.3866409063339233,-55.647090911865234,89.07061004638672,1.3866409063339233,-55.647090911865234,89.07061004638672,Stop,Stepping
1776271761.3680182,13556.362453868,-1.3866409063339233,-55.647098541259766,89.07061004638672,1.3866409063339233,-55.647098541259766,89.07061004638672,-1.3866409063339233,-55.647090911865234,89.07061004638672,1.3866409063339233,-55.647090911865234,89.07061004638672,Stop,Stepping
1776271761.3880112,13556.363069068,-1.3866409063339233,-55.647098541259766,89.07061004638672,1.3866409063339233,-55.647098541259766,89.07061004638672,-1.3866409063339233,-55.647090911865234,89.07061004638672,1.3866409063339233,-55.647090911865234,89.07061004638672,Stop,Stepping
1776271761.4080024,13556.383844585,-1.3866409063339233,-55.647098541259766,89.07061004638672,1.3866409063339233,-55.647098541259766,89.07061004638672,-1.3866409063339233,-55.647090911865234,89.07061004638672,1.3866409063339233,-55.647090911865234,89.07061004638672,Stop,Stepping
1776271761.4280143,13556.441960608,-1.3866409063339233,-55.647098541259766,89.07061004638672,1.3866409063339233,-55.647098541259766,89.07061004638672,-1.3866409063339233,-55.647090911865234,89.07061004638672,1.3866409063339233,-55.647090911865234,89.07061004638672,Stop,Stepping
1776271761.448015,13556.442524206,-1.3866409063339233,-55.647098541259766,89.07061004638672,1.3866409063339233,-55.647098541259766,89.07061004638672,-1.3866409063339233,-55.647090911865234,89.07061004638672,1.3866409063339233,-55.647090911865234,89.07061004638672,Stop,Stepping
1776271761.4680173,13556.443489716,-1.3866409063339233,-55.647098541259766,89.07061004638672,1.3866409063339233,-55.647098541259766,89.07061004638672,-1.3866409063339233,-55.647090911865234,89.07061004638672,1.3866409063339233,-55.647090911865234,89.07061004638672,Stop,Stepping
1776271761.4880378,13556.461309256,-1.3866409063339233,-55.647098541259766,89.07061004638672,1.3866409063339233,-55.647098541259766,89.07061004638672,-1.3866409063339233,-55.647090911865234,89.07061004638672,1.3866409063339233,-55.647090911865234,89.07061004638672,Stop,Stepping
1776271761.5081127,13556.480759638,-1.3866409063339233,-55.647098541259766,89.07061004638672,1.3866409063339233,-55.647098541259766,89.07061004638672,-1.3866409063339233,-55.647090911865234,89.07061004638672,1.3866409063339233,-55.647090911865234,89.07061004638672,Stop,Stepping
1776271761.5281038,13556.499310273,-1.3866409063339233,-55.647098541259766,89.07061004638672,1.3866409063339233,-55.647098541259766,89.07061004638672,-1.3866409063339233,-55.647090911865234,89.07061004638672,1.3866409063339233,-55.647090911865234,89.07061004638672,Stop,Stepping
1776271761.5481334,13556.520935981,-1.3866409063339233,-55.647098541259766,89.07061004638672,1.3866409063339233,-55.647098541259766,89.07061004638672,-1.3866409063339233,-55.647090911865234,89.07061004638672,1.3866409063339233,-55.647090911865234,89.07061004638672,Stop,Stepping
1776271761.5681,13556.541856011,-1.3866409063339233,-55.647098541259766,89.07061004638672,1.3866409063339233,-55.647098541259766,89.07061004638672,-1.3866409063339233,-55.647090911865234,89.07061004638672,1.3866409063339233,-55.647090911865234,89.07061004638672,Stop,Stepping
1776271761.588032,13556.558588985,-1.3866409063339233,-55.647098541259766,89.07061004638672,1.3866409063339233,-55.647098541259766,89.07061004638672,-1.3866409063339233,-55.647090911865234,89.07061004638672,1.3866409063339233,-55.647090911865234,89.07061004638672,Stop,Stepping
1776271761.6080585,13556.586314621,-1.3866409063339233,-55.647098541259766,89.07061004638672,1.3866409063339233,-55.647098541259766,89.07061004638672,-1.3866409063339233,-55.647090911865234,89.07061004638672,1.3866409063339233,-55.647090911865234,89.07061004638672,Stop,Stepping
1776271761.6280198,13556.6107902,-1.3866409063339233,-55.647098541259766,89.07061004638672,1.3866409063339233,-55.647098541259766,89.07061004638672,-1.3866409063339233,-55.647090911865234,89.07061004638672,1.3866409063339233,-55.647090911865234,89.07061004638672,Stop,Stepping
1776271761.648207,13556.621467396,-1.3866409063339233,-55.647098541259766,89.07061004638672,1.3866409063339233,-55.647098541259766,89.07061004638672,-1.3866409063339233,-55.647090911865234,89.07061004638672,1.3866409063339233,-55.647090911865234,89.07061004638672,Stop,Stepping
1776271761.6681807,13556.656048365,-1.3866409063339233,-55.647098541259766,89.07061004638672,1.3866409063339233,-55.647098541259766,89.07061004638672,-1.3866409063339233,-55.647090911865234,89.07061004638672,1.3866409063339233,-55.647090911865234,89.07061004638672,Stop,Stepping
1776271761.6880436,13556.661316405,-1.3866409063339233,-55.647098541259766,89.07061004638672,1.3866409063339233,-55.647098541259766,89.07061004638672,-1.3866409063339233,-55.647090911865234,89.07061004638672,1.3866409063339233,-55.647090911865234,89.07061004638672,Stop,Stepping
1776271761.708046,13556.681657447,-1.3866409063339233,-55.647098541259766,89.07061004638672,1.3866409063339233,-55.647098541259766,89.07061004638672,-1.3866409063339233,-55.647090911865234,89.07061004638672,1.3866409063339233,-55.647090911865234,89.07061004638672,Stop,Stepping
1776271761.728073,13556.69891614,-1.3866409063339233,-55.647098541259766,89.07061004638672,1.3866409063339233,-55.647098541259766,89.07061004638672,-1.3866409063339233,-55.647090911865234,89.07061004638672,1.3866409063339233,-55.647090911865234,89.07061004638672,Stop,Stepping
1776271761.7480907,13556.719761697,-1.3866409063339233,-55.647098541259766,89.07061004638672,1.3866409063339233,-55.647098541259766,89.07061004638672,-1.3866409063339233,-55.647090911865234,89.07061004638672,1.3866409063339233,-55.647090911865234,89.07061004638672,Stop,Stepping
1776271761.7680721,13556.739066322,-1.3866409063339233,-55.647098541259766,89.07061004638672,1.3866409063339233,-55.647098541259766,89.07061004638672,-1.3866409063339233,-55.647090911865234,89.07061004638672,1.3866409063339233,-55.647090911865234,89.07061004638672,Stop,Stepping
1776271761.7880752,13556.760470725,-1.3866409063339233,-55.647098541259766,89.07061004638672,1.3866409063339233,-55.647098541259766,89.07061004638672,-1.3866409063339233,-55.647090911865234,89.07061004638672,1.3866409063339233,-55.647090911865234,89.07061004638672,Stop,Stepping
1776271761.808063,13556.781900732,-1.3866409063339233,-55.647098541259766,89.07061004638672,1.3866409063339233,-55.647098541259766,89.07061004638672,-1.3866409063339233,-55.647090911865234,89.07061004638672,1.3866409063339233,-55.647090911865234,89.07061004638672,Stop,Stepping
1776271761.8280282,13556.799116524,-1.3866409063339233,-55.647098541259766,89.07061004638672,1.3866409063339233,-55.647098541259766,89.07061004638672,-1.3866409063339233,-55.647090911865234,89.07061004638672,1.3866409063339233,-55.647090911865234,89.07061004638672,Stop,Stepping
1776271761.8480442,13556.823100093,-1.3866409063339233,-55.647098541259766,89.07061004638672,1.3866409063339233,-55.647098541259766,89.07061004638672,-1.3866409063339233,-55.647090911865234,89.07061004638672,1.3866409063339233,-55.647090911865234,89.07061004638672,Stop,Stepping
1776271761.8680248,13556.845236445,-1.3866409063339233,-55.647098541259766,89.07061004638672,1.3866409063339233,-55.647098541259766,89.07061004638672,-1.3866409063339233,-55.647090911865234,89.07061004638672,1.3866409063339233,-55.647090911865234,89.07061004638672,Stop,Stepping
1776271761.888037,13556.862575476,-1.3866409063339233,-55.647098541259766,89.07061004638672,1.3866409063339233,-55.647098541259766,89.07061004638672,-1.3866409063339233,-55.647090911865234,89.07061004638672,1.3866409063339233,-55.647090911865234,89.07061004638672,Stop,Stepping
1776271761.9081087,13556.881452117,-1.3866409063339233,-55.647098541259766,89.07061004638672,1.3866409063339233,-55.647098541259766,89.07061004638672,-1.3866409063339233,-55.647090911865234,89.07061004638672,1.3866409063339233,-55.647090911865234,89.07061004638672,Stop,Stepping
1776271761.9281044,13556.917570718,-1.3866409063339233,-55.647098541259766,89.07061004638672,1.3866409063339233,-55.647098541259766,89.07061004638672,-1.3866409063339233,-55.647090911865234,89.07061004638672,1.3866409063339233,-55.647090911865234,89.07061004638672,Stop,Stepping
1776271761.9480572,13556.91894131,-1.3866409063339233,-55.647098541259766,89.07061004638672,1.3866409063339233,-55.647098541259766,89.07061004638672,-1.3866409063339233,-55.647090911865234,89.07061004638672,1.3866409063339233,-55.647090911865234,89.07061004638672,Stop,Stepping
1776271761.968064,13556.941119655,-1.3866409063339233,-55.647098541259766,89.07061004638672,1.3866409063339233,-55.647098541259766,89.07061004638672,-1.3866409063339233,-55.647090911865234,89.07061004638672,1.3866409063339233,-55.647090911865234,89.07061004638672,Stop,Stepping
1776271761.9880335,13556.966881161,-1.3866409063339233,-55.647098541259766,89.07061004638672,1.3866409063339233,-55.647098541259766,89.07061004638672,-1.3866409063339233,-55.647090911865234,89.07061004638672,1.3866409063339233,-55.647090911865234,89.07061004638672,Stop,Stepping
1776271762.0080981,13556.983390475,-1.3866409063339233,-55.647098541259766,89.07061004638672,1.3866409063339233,-55.647098541259766,89.07061004638672,-1.3866409063339233,-55.647090911865234,89.07061004638672,1.3866409063339233,-55.647090911865234,89.07061004638672,Stop,Stepping
1776271762.0284195,13557.009494471,-1.3866409063339233,-55.647098541259766,89.07061004638672,1.3866409063339233,-55.647098541259766,89.07061004638672,-1.3866409063339233,-55.647090911865234,89.07061004638672,1.3866409063339233,-55.647090911865234,89.07061004638672,Stop,Stepping
1776271762.0480738,13557.026349503,-1.3866409063339233,-55.647098541259766,89.07061004638672,1.3866409063339233,-55.647098541259766,89.07061004638672,-1.3866409063339233,-55.647090911865234,89.07061004638672,1.3866409063339233,-55.647090911865234,89.07061004638672,Stop,Stepping
1776271762.0680287,13557.043318488,-1.3866409063339233,-55.647098541259766,89.07061004638672,1.3866409063339233,-55.647098541259766,89.07061004638672,-1.3866409063339233,-55.647090911865234,89.07061004638672,1.3866409063339233,-55.647090911865234,89.07061004638672,Stop,Stepping
1776271762.0880563,13557.064461877,-1.3866409063339233,-55.647098541259766,89.07061004638672,1.3866409063339233,-55.647098541259766,89.07061004638672,-1.3866409063339233,-55.647090911865234,89.07061004638672,1.3866409063339233,-55.647090911865234,89.07061004638672,Stop,Stepping
1776271762.1081135,13557.124300301,-1.3866409063339233,-55.647098541259766,89.07061004638672,1.3866409063339233,-55.647098541259766,89.07061004638672,-1.3866409063339233,-55.647090911865234,89.07061004638672,1.3866409063339233,-55.647090911865234,89.07061004638672,Stop,Stepping
1776271762.1280253,13557.124618768,-1.3866409063339233,-55.647098541259766,89.07061004638672,1.3866409063339233,-55.647098541259766,89.07061004638672,-1.3866409063339233,-55.647090911865234,89.07061004638672,1.3866409063339233,-55.647090911865234,89.07061004638672,Stop,Stepping
1776271762.1480694,13557.12547469,-1.3866409063339233,-55.647098541259766,89.07061004638672,1.3866409063339233,-55.647098541259766,89.07061004638672,-1.3866409063339233,-55.647090911865234,89.07061004638672,1.3866409063339233,-55.647090911865234,89.07061004638672,Stop,Stepping
1776271762.168206,13557.139503547,-1.3866409063339233,-55.647098541259766,89.07061004638672,1.3866409063339233,-55.647098541259766,89.07061004638672,-1.3866409063339233,-55.647090911865234,89.07061004638672,1.3866409063339233,-55.647090911865234,89.07061004638672,Stop,Stepping
1776271762.1880379,13557.161170342,-1.3866409063339233,-55.647098541259766,89.07061004638672,1.3866409063339233,-55.647098541259766,89.07061004638672,-1.3866409063339233,-55.647090911865234,89.07061004638672,1.3866409063339233,-55.647090911865234,89.07061004638672,Stop,Stepping
1776271762.2080426,13557.182210935,-1.3866409063339233,-55.647098541259766,89.07061004638672,1.3866409063339233,-55.647098541259766,89.07061004638672,-1.3866409063339233,-55.647090911865234,89.07061004638672,1.3866409063339233,-55.647090911865234,89.07061004638672,Stop,Stepping
1776271762.2280633,13557.215402216,-1.3866409063339233,-55.647098541259766,89.07061004638672,1.3866409063339233,-55.647098541259766,89.07061004638672,-1.3866409063339233,-55.647090911865234,89.07061004638672,1.3866409063339233,-55.647090911865234,89.07061004638672,Stop,Stepping
1776271762.2480745,13557.242348938,-1.3866409063339233,-55.647098541259766,89.07061004638672,1.3866409063339233,-55.647098541259766,89.07061004638672,-1.3866409063339233,-55.647090911865234,89.07061004638672,1.3866409063339233,-55.647090911865234,89.07061004638672,Stop,Stepping
1776271762.2680686,13557.256201186,-1.3866409063339233,-55.647098541259766,89.07061004638672,1.3866409063339233,-55.647098541259766,89.07061004638672,-1.3866409063339233,-55.647090911865234,89.07061004638672,1.3866409063339233,-55.647090911865234,89.07061004638672,Stop,Stepping
1776271762.2880418,13557.265187464,-1.3866409063339233,-55.647098541259766,89.07061004638672,1.3866409063339233,-55.647098541259766,89.07061004638672,-1.3866409063339233,-55.647090911865234,89.07061004638672,1.3866409063339233,-55.647090911865234,89.07061004638672,Stop,Stepping
1776271762.3080485,13557.280393505,-1.3866409063339233,-55.647098541259766,89.07061004638672,1.3866409063339233,-55.647098541259766,89.07061004638672,-1.3866409063339233,-55.647090911865234,89.07061004638672,1.3866409063339233,-55.647090911865234,89.07061004638672,Stop,Stepping
1776271762.328097,13557.335700399,-1.3866409063339233,-55.647098541259766,89.07061004638672,1.3866409063339233,-55.647098541259766,89.07061004638672,-1.3866409063339233,-55.647090911865234,89.07061004638672,1.3866409063339233,-55.647090911865234,89.07061004638672,Stop,Stepping
1776271762.3480804,13557.336927708,-1.3866409063339233,-55.647098541259766,89.07061004638672,1.3866409063339233,-55.647098541259766,89.07061004638672,-1.3866409063339233,-55.647090911865234,89.07061004638672,1.3866409063339233,-55.647090911865234,89.07061004638672,Stop,Stepping
1776271762.368091,13557.339764994,-1.3866409063339233,-55.647098541259766,89.07061004638672,1.3866409063339233,-55.647098541259766,89.07061004638672,-1.3866409063339233,-55.647090911865234,89.07061004638672,1.3866409063339233,-55.647090911865234,89.07061004638672,Stop,Stepping
1776271762.3880415,13557.358625214,-1.3866409063339233,-55.647098541259766,89.07061004638672,1.3866409063339233,-55.647098541259766,89.07061004638672,-1.3866409063339233,-55.647090911865234,89.07061004638672,1.3866409063339233,-55.647090911865234,89.07061004638672,Stop,Stepping
1776271762.4081044,13557.379177512,-1.3866409063339233,-55.647098541259766,89.07061004638672,1.3866409063339233,-55.647098541259766,89.07061004638672,-1.3866409063339233,-55.647090911865234,89.07061004638672,1.3866409063339233,-55.647090911865234,89.07061004638672,Stop,Stepping
1776271762.4280605,13557.400920113,-1.3866409063339233,-55.647098541259766,89.07061004638672,1.3866409063339233,-55.647098541259766,89.07061004638672,-1.3866409063339233,-55.647090911865234,89.07061004638672,1.3866409063339233,-55.647090911865234,89.07061004638672,Stop,Stepping
1776271762.4480343,13557.419012879,-1.3866409063339233,-55.647098541259766,89.07061004638672,1.3866409063339233,-55.647098541259766,89.07061004638672,-1.3866409063339233,-55.647090911865234,89.07061004638672,1.3866409063339233,-55.647090911865234,89.07061004638672,Stop,Stepping
1776271762.468062,13557.440700743,-1.3866409063339233,-55.647098541259766,89.07061004638672,1.3866409063339233,-55.647098541259766,89.07061004638672,-1.3866409063339233,-55.647090911865234,89.07061004638672,1.3866409063339233,-55.647090911865234,89.07061004638672,Stop,Stepping
1776271762.4880674,13557.459411626,-1.3866409063339233,-55.647098541259766,89.07061004638672,1.3866409063339233,-55.647098541259766,89.07061004638672,-1.3866409063339233,-55.647090911865234,89.07061004638672,1.3866409063339233,-55.647090911865234,89.07061004638672,Stop,Stepping
1776271762.5080383,13557.479301705,-1.3866409063339233,-55.647098541259766,89.07061004638672,1.3866409063339233,-55.647098541259766,89.07061004638672,-1.3866409063339233,-55.647090911865234,89.07061004638672,1.3866409063339233,-55.647090911865234,89.07061004638672,Stop,Stepping
1776271762.528044,13557.503340205,-1.3866409063339233,-55.647098541259766,89.07061004638672,1.3866409063339233,-55.647098541259766,89.07061004638672,-1.3866409063339233,-55.647090911865234,89.07061004638672,1.3866409063339233,-55.647090911865234,89.07061004638672,Stop,Stepping
1776271762.5480318,13557.519117833,-1.3866409063339233,-55.647098541259766,89.07061004638672,1.3866409063339233,-55.647098541259766,89.07061004638672,-1.3866409063339233,-55.647090911865234,89.07061004638672,1.3866409063339233,-55.647090911865234,89.07061004638672,Stop,Stepping
1776271762.568092,13557.541539882,-1.3866409063339233,-55.647098541259766,89.07061004638672,1.3866409063339233,-55.647098541259766,89.07061004638672,-1.3866409063339233,-55.647090911865234,89.07061004638672,1.3866409063339233,-55.647090911865234,89.07061004638672,Stop,Stepping
1776271762.5880435,13557.560480647,-1.3866409063339233,-55.647098541259766,89.07061004638672,1.3866409063339233,-55.647098541259766,89.07061004638672,-1.3866409063339233,-55.647090911865234,89.07061004638672,1.3866409063339233,-55.647090911865234,89.07061004638672,Stop,Stepping
1776271762.6080794,13557.588489855,-1.3866409063339233,-55.647098541259766,89.07061004638672,1.3866409063339233,-55.647098541259766,89.07061004638672,-1.3866409063339233,-55.647090911865234,89.07061004638672,1.3866409063339233,-55.647090911865234,89.07061004638672,Stop,Stepping
1776271762.628038,13557.634105756,-1.3866409063339233,-55.647098541259766,89.07061004638672,1.3866409063339233,-55.647098541259766,89.07061004638672,-1.3866409063339233,-55.647090911865234,89.07061004638672,1.3866409063339233,-55.647090911865234,89.07061004638672,Stop,Stepping
1776271762.6480799,13557.638269539,-1.3866409063339233,-55.647098541259766,89.07061004638672,1.3866409063339233,-55.647098541259766,89.07061004638672,-1.3866409063339233,-55.647090911865234,89.07061004638672,1.3866409063339233,-55.647090911865234,89.07061004638672,Stop,Stepping
1776271762.6680458,13557.644438402,-1.3866409063339233,-55.647098541259766,89.07061004638672,1.3866409063339233,-55.647098541259766,89.07061004638672,-1.3866409063339233,-55.647090911865234,89.07061004638672,1.3866409063339233,-55.647090911865234,89.07061004638672,Stop,Stepping
1776271762.688062,13557.661877815,-1.3866409063339233,-55.647098541259766,89.07061004638672,1.3866409063339233,-55.647098541259766,89.07061004638672,-1.3866409063339233,-55.647090911865234,89.07061004638672,1.3866409063339233,-55.647090911865234,89.07061004638672,Stop,Stepping
1776271762.708329,13557.679748165,-1.3866409063339233,-55.647098541259766,89.07061004638672,1.3866409063339233,-55.647098541259766,89.07061004638672,-1.3866409063339233,-55.647090911865234,89.07061004638672,1.3866409063339233,-55.647090911865234,89.07061004638672,Stop,Stepping
1776271762.728041,13557.69881712,-1.3866409063339233,-55.647098541259766,89.07061004638672,1.3866409063339233,-55.647098541259766,89.07061004638672,-1.3866409063339233,-55.647090911865234,89.07061004638672,1.3866409063339233,-55.647090911865234,89.07061004638672,Stop,Stepping
1776271762.74803,13557.723080136,-1.3866409063339233,-55.647098541259766,89.07061004638672,1.3866409063339233,-55.647098541259766,89.07061004638672,-1.3866409063339233,-55.647090911865234,89.07061004638672,1.3866409063339233,-55.647090911865234,89.07061004638672,Stop,Stepping
1776271762.7680514,13557.739308867,-1.3866409063339233,-55.647098541259766,89.07061004638672,1.3866409063339233,-55.647098541259766,89.07061004638672,-1.3866409063339233,-55.647090911865234,89.07061004638672,1.3866409063339233,-55.647090911865234,89.07061004638672,Stop,Stepping
1776271762.7880664,13557.786527642,-1.3866409063339233,-55.647098541259766,89.07061004638672,1.3866409063339233,-55.647098541259766,89.07061004638672,-1.3866409063339233,-55.647090911865234,89.07061004638672,1.3866409063339233,-55.647090911865234,89.07061004638672,Stop,Stepping
1776271762.8080318,13557.787074087,-1.3866409063339233,-55.647098541259766,89.07061004638672,1.3866409063339233,-55.647098541259766,89.07061004638672,-1.3866409063339233,-55.647090911865234,89.07061004638672,1.3866409063339233,-55.647090911865234,89.07061004638672,Stop,Stepping
1776271762.828031,13557.80352743,-1.3866409063339233,-55.647098541259766,89.07061004638672,1.3866409063339233,-55.647098541259766,89.07061004638672,-1.3866409063339233,-55.647090911865234,89.07061004638672,1.3866409063339233,-55.647090911865234,89.07061004638672,Stop,Stepping
1776271762.8480449,13557.822267842,-1.3866409063339233,-55.647098541259766,89.07061004638672,1.3866409063339233,-55.647098541259766,89.07061004638672,-1.3866409063339233,-55.647090911865234,89.07061004638672,1.3866409063339233,-55.647090911865234,89.07061004638672,Stop,Stepping
1776271762.8680453,13557.83930356,-1.3866409063339233,-55.647098541259766,89.07061004638672,1.3866409063339233,-55.647098541259766,89.07061004638672,-1.3866409063339233,-55.647090911865234,89.07061004638672,1.3866409063339233,-55.647090911865234,89.07061004638672,Stop,Stepping
1776271762.8881352,13557.861600879,-1.3866409063339233,-55.647098541259766,89.07061004638672,1.3866409063339233,-55.647098541259766,89.07061004638672,-1.3866409063339233,-55.647090911865234,89.07061004638672,1.3866409063339233,-55.647090911865234,89.07061004638672,Stop,Stepping
1776271762.9081225,13557.880449446,-1.3866409063339233,-55.647098541259766,89.07061004638672,1.3866409063339233,-55.647098541259766,89.07061004638672,-1.3866409063339233,-55.647090911865234,89.07061004638672,1.3866409063339233,-55.647090911865234,89.07061004638672,Stop,Stepping
1776271762.9280431,13557.902908498,-1.3866409063339233,-55.647098541259766,89.07061004638672,1.3866409063339233,-55.647098541259766,89.07061004638672,-1.3866409063339233,-55.647090911865234,89.07061004638672,1.3866409063339233,-55.647090911865234,89.07061004638672,Stop,Stepping
1776271762.9480302,13557.931210648,-1.3866409063339233,-55.647098541259766,89.07061004638672,1.3866409063339233,-55.647098541259766,89.07061004638672,-1.3866409063339233,-55.647090911865234,89.07061004638672,1.3866409063339233,-55.647090911865234,89.07061004638672,Stop,Stepping
1776271762.968108,13557.939897273,-1.3866409063339233,-55.647098541259766,89.07061004638672,1.3866409063339233,-55.647098541259766,89.07061004638672,-1.3866409063339233,-55.647090911865234,89.07061004638672,1.3866409063339233,-55.647090911865234,89.07061004638672,Stop,Stepping
1776271762.9881182,13557.959906538,-1.3866409063339233,-55.647098541259766,89.07061004638672,1.3866409063339233,-55.647098541259766,89.07061004638672,-1.3866409063339233,-55.647090911865234,89.07061004638672,1.3866409063339233,-55.647090911865234,89.07061004638672,Stop,Stepping
1776271763.0080466,13557.978915539,-1.3866409063339233,-55.647098541259766,89.07061004638672,1.3866409063339233,-55.647098541259766,89.07061004638672,-1.3866409063339233,-55.647090911865234,89.07061004638672,1.3866409063339233,-55.647090911865234,89.07061004638672,Stop,Stepping
1776271763.0280802,13557.999283218,-1.3866409063339233,-55.647098541259766,89.07061004638672,1.3866409063339233,-55.647098541259766,89.07061004638672,-1.3866409063339233,-55.647090911865234,89.07061004638672,1.3866409063339233,-55.647090911865234,89.07061004638672,Stop,Stepping
1776271763.04811,13558.018821291,-1.3866409063339233,-55.647098541259766,89.07061004638672,1.3866409063339233,-55.647098541259766,89.07061004638672,-1.3866409063339233,-55.647090911865234,89.07061004638672,1.3866409063339233,-55.647090911865234,89.07061004638672,Stop,Stepping
1776271763.0680845,13558.038850537,-1.3866409063339233,-55.647098541259766,89.07061004638672,1.3866409063339233,-55.647098541259766,89.07061004638672,-1.3866409063339233,-55.647090911865234,89.07061004638672,1.3866409063339233,-55.647090911865234,89.07061004638672,Stop,Stepping
1776271763.0880413,13558.099760677,-1.3866409063339233,-55.647098541259766,89.07061004638672,1.3866409063339233,-55.647098541259766,89.07061004638672,-1.3866409063339233,-55.647090911865234,89.07061004638672,1.3866409063339233,-55.647090911865234,89.07061004638672,Stop,Stepping
1776271763.1080625,13558.101084272,-1.3866409063339233,-55.647098541259766,89.07061004638672,1.3866409063339233,-55.647098541259766,89.07061004638672,-1.3866409063339233,-55.647090911865234,89.07061004638672,1.3866409063339233,-55.647090911865234,89.07061004638672,Stop,Stepping
1776271763.1280732,13558.101444456,-1.3866409063339233,-55.647098541259766,89.07061004638672,1.3866409063339233,-55.647098541259766,89.07061004638672,-1.3866409063339233,-55.647090911865234,89.07061004638672,1.3866409063339233,-55.647090911865234,89.07061004638672,Stop,Stepping
1776271763.1480532,13558.119681757,-1.3866409063339233,-55.647098541259766,89.07061004638672,1.3866409063339233,-55.647098541259766,89.07061004638672,-1.3866409063339233,-55.647090911865234,89.07061004638672,1.3866409063339233,-55.647090911865234,89.07061004638672,Stop,Stepping
1776271763.1680307,13558.138725535,-1.3866409063339233,-55.647098541259766,89.07061004638672,1.3866409063339233,-55.647098541259766,89.07061004638672,-1.3866409063339233,-55.647090911865234,89.07061004638672,1.3866409063339233,-55.647090911865234,89.07061004638672,Stop,Stepping
1776271763.188038,13558.165340337,-1.3866409063339233,-55.647098541259766,89.07061004638672,1.3866409063339233,-55.647098541259766,89.07061004638672,-1.3866409063339233,-55.647090911865234,89.07061004638672,1.3866409063339233,-55.647090911865234,89.07061004638672,Stop,Stepping
1776271763.208071,13558.179361422,-1.3866409063339233,-55.647098541259766,89.07061004638672,1.3866409063339233,-55.647098541259766,89.07061004638672,-1.3866409063339233,-55.647090911865234,89.07061004638672,1.3866409063339233,-55.647090911865234,89.07061004638672,Stop,Stepping
1776271763.2280688,13558.200478191,-1.3866409063339233,-55.647098541259766,89.07061004638672,1.3866409063339233,-55.647098541259766,89.07061004638672,-1.3866409063339233,-55.647090911865234,89.07061004638672,1.3866409063339233,-55.647090911865234,89.07061004638672,Stop,Stepping
1776271763.2482448,13558.222270035,-1.3866409063339233,-55.647098541259766,89.07061004638672,1.3866409063339233,-55.647098541259766,89.07061004638672,-1.3866409063339233,-55.647090911865234,89.07061004638672,1.3866409063339233,-55.647090911865234,89.07061004638672,Stop,Stepping
1776271763.2680378,13558.241559952,-1.3866409063339233,-55.647098541259766,89.07061004638672,1.3866409063339233,-55.647098541259766,89.07061004638672,-1.3866409063339233,-55.647090911865234,89.07061004638672,1.3866409063339233,-55.647090911865234,89.07061004638672,Stop,Stepping
1776271763.2880268,13558.260409433,-1.3866409063339233,-55.647098541259766,89.07061004638672,1.3866409063339233,-55.647098541259766,89.07061004638672,-1.3866409063339233,-55.647090911865234,89.07061004638672,1.3866409063339233,-55.647090911865234,89.07061004638672,Stop,Stepping
1776271763.3080285,13558.278621876,-1.3866409063339233,-55.647098541259766,89.07061004638672,1.3866409063339233,-55.647098541259766,89.07061004638672,-1.3866409063339233,-55.647090911865234,89.07061004638672,1.3866409063339233,-55.647090911865234,89.07061004638672,Stop,Stepping
1776271763.3280406,13558.299186413,-1.3866409063339233,-55.647098541259766,89.07061004638672,1.3866409063339233,-55.647098541259766,89.07061004638672,-1.3866409063339233,-55.647090911865234,89.07061004638672,1.3866409063339233,-55.647090911865234,89.07061004638672,Stop,Stepping
1776271763.3480937,13558.328181272,-1.3866409063339233,-55.647098541259766,89.07061004638672,1.3866409063339233,-55.647098541259766,89.07061004638672,-1.3866409063339233,-55.647090911865234,89.07061004638672,1.3866409063339233,-55.647090911865234,89.07061004638672,Stop,Stepping
1776271763.3681016,13558.344419201,-1.3866409063339233,-55.647098541259766,89.07061004638672,1.3866409063339233,-55.647098541259766,89.07061004638672,-1.3866409063339233,-55.647090911865234,89.07061004638672,1.3866409063339233,-55.647090911865234,89.07061004638672,Stop,Stepping
1776271763.3880696,13558.363459339,-1.3866409063339233,-55.647098541259766,89.07061004638672,1.3866409063339233,-55.647098541259766,89.07061004638672,-1.3866409063339233,-55.647090911865234,89.07061004638672,1.3866409063339233,-55.647090911865234,89.07061004638672,Stop,Stepping
1776271763.4080653,13558.379830221,-1.3866409063339233,-55.647098541259766,89.07061004638672,1.3866409063339233,-55.647098541259766,89.07061004638672,-1.3866409063339233,-55.647090911865234,89.07061004638672,1.3866409063339233,-55.647090911865234,89.07061004638672,Stop,Stepping
1776271763.428057,13558.399779455,-1.3866409063339233,-55.647098541259766,89.07061004638672,1.3866409063339233,-55.647098541259766,89.07061004638672,-1.3866409063339233,-55.647090911865234,89.07061004638672,1.3866409063339233,-55.647090911865234,89.07061004638672,Stop,Stepping
1776271763.4481344,13558.418922312,-1.3866409063339233,-55.647098541259766,89.07061004638672,1.3866409063339233,-55.647098541259766,89.07061004638672,-1.3866409063339233,-55.647090911865234,89.07061004638672,1.3866409063339233,-55.647090911865234,89.07061004638672,Stop,Stepping
1776271763.4681294,13558.442891216,-1.3866409063339233,-55.647098541259766,89.07061004638672,1.3866409063339233,-55.647098541259766,89.07061004638672,-1.3866409063339233,-55.647090911865234,89.07061004638672,1.3866409063339233,-55.647090911865234,89.07061004638672,Stop,Stepping
1776271763.4881303,13558.462047211,-1.3866409063339233,-55.647098541259766,89.07061004638672,1.3866409063339233,-55.647098541259766,89.07061004638672,-1.3866409063339233,-55.647090911865234,89.07061004638672,1.3866409063339233,-55.647090911865234,89.07061004638672,Stop,Stepping
1776271763.508039,13558.480273672,-1.3866409063339233,-55.647098541259766,89.07061004638672,1.3866409063339233,-55.647098541259766,89.07061004638672,-1.3866409063339233,-55.647090911865234,89.07061004638672,1.3866409063339233,-55.647090911865234,89.07061004638672,Stop,Stepping
1776271763.5280526,13558.499199513,-1.3866409063339233,-55.647098541259766,89.07061004638672,1.3866409063339233,-55.647098541259766,89.07061004638672,-1.3866409063339233,-55.647090911865234,89.07061004638672,1.3866409063339233,-55.647090911865234,89.07061004638672,Stop,Stepping
1776271763.5481133,13558.519636629,-1.3866409063339233,-55.647098541259766,89.07061004638672,1.3866409063339233,-55.647098541259766,89.07061004638672,-1.3866409063339233,-55.647090911865234,89.07061004638672,1.3866409063339233,-55.647090911865234,89.07061004638672,Stop,Stepping
1776271763.5680294,13558.539643437,-1.3866409063339233,-55.647098541259766,89.07061004638672,1.3866409063339233,-55.647098541259766,89.07061004638672,-1.3866409063339233,-55.647090911865234,89.07061004638672,1.3866409063339233,-55.647090911865234,89.07061004638672,Stop,Stepping
1776271763.5880988,13558.558820914,-1.3866409063339233,-55.647098541259766,89.07061004638672,1.3866409063339233,-55.647098541259766,89.07061004638672,-1.3866409063339233,-55.647090911865234,89.07061004638672,1.3866409063339233,-55.647090911865234,89.07061004638672,Stop,Stepping
1776271763.6080625,13558.580367544,-1.3866409063339233,-55.647098541259766,89.07061004638672,1.3866409063339233,-55.647098541259766,89.07061004638672,-1.3866409063339233,-55.647090911865234,89.07061004638672,1.3866409063339233,-55.647090911865234,89.07061004638672,Stop,Stepping
1776271763.62808,13558.599762737,-1.3866409063339233,-55.647098541259766,89.07061004638672,1.3866409063339233,-55.647098541259766,89.07061004638672,-1.3866409063339233,-55.647090911865234,89.07061004638672,1.3866409063339233,-55.647090911865234,89.07061004638672,Stop,Stepping
1776271763.6480763,13558.619353129,-1.3866409063339233,-55.647098541259766,89.07061004638672,1.3866409063339233,-55.647098541259766,89.07061004638672,-1.3866409063339233,-55.647090911865234,89.07061004638672,1.3866409063339233,-55.647090911865234,89.07061004638672,Stop,Stepping
1776271763.66804,13558.640696299,-1.3866409063339233,-55.647098541259766,89.07061004638672,1.3866409063339233,-55.647098541259766,89.07061004638672,-1.3866409063339233,-55.647090911865234,89.07061004638672,1.3866409063339233,-55.647090911865234,89.07061004638672,Stop,Stepping
1776271763.6880727,13558.6646984,-1.3866409063339233,-55.647098541259766,89.07061004638672,1.3866409063339233,-55.647098541259766,89.07061004638672,-1.3866409063339233,-55.647090911865234,89.07061004638672,1.3866409063339233,-55.647090911865234,89.07061004638672,Stop,Stepping
1776271763.7080395,13558.679293913,-1.3866409063339233,-55.647098541259766,89.07061004638672,1.3866409063339233,-55.647098541259766,89.07061004638672,-1.3866409063339233,-55.647090911865234,89.07061004638672,1.3866409063339233,-55.647090911865234,89.07061004638672,Stop,Stepping
1776271763.7280436,13558.702683704,-1.3866409063339233,-55.647098541259766,89.07061004638672,1.3866409063339233,-55.647098541259766,89.07061004638672,-1.3866409063339233,-55.647090911865234,89.07061004638672,1.3866409063339233,-55.647090911865234,89.07061004638672,Stop,Stepping
1776271763.7480397,13558.720520114,-1.3866409063339233,-55.647098541259766,89.07061004638672,1.3866409063339233,-55.647098541259766,89.07061004638672,-1.3866409063339233,-55.647090911865234,89.07061004638672,1.3866409063339233,-55.647090911865234,89.07061004638672,Stop,Stepping
1776271763.7680583,13558.739253246,-1.3866409063339233,-55.647098541259766,89.07061004638672,1.3866409063339233,-55.647098541259766,89.07061004638672,-1.3866409063339233,-55.647090911865234,89.07061004638672,1.3866409063339233,-55.647090911865234,89.07061004638672,Stop,Stepping
1776271763.788064,13558.760700208,-1.3866409063339233,-55.647098541259766,89.07061004638672,1.3866409063339233,-55.647098541259766,89.07061004638672,-1.3866409063339233,-55.647090911865234,89.07061004638672,1.3866409063339233,-55.647090911865234,89.07061004638672,Stop,Stepping
1776271763.808121,13558.78061833,-1.3866409063339233,-55.647098541259766,89.07061004638672,1.3866409063339233,-55.647098541259766,89.07061004638672,-1.3866409063339233,-55.647090911865234,89.07061004638672,1.3866409063339233,-55.647090911865234,89.07061004638672,Stop,Stepping
1776271763.828112,13558.812729585,-1.3866409063339233,-55.647098541259766,89.07061004638672,1.3866409063339233,-55.647098541259766,89.07061004638672,-1.3866409063339233,-55.647090911865234,89.07061004638672,1.3866409063339233,-55.647090911865234,89.07061004638672,Stop,Stepping
1776271763.848106,13558.831344152,-1.3866409063339233,-55.647098541259766,89.07061004638672,1.3866409063339233,-55.647098541259766,89.07061004638672,-1.3866409063339233,-55.647090911865234,89.07061004638672,1.3866409063339233,-55.647090911865234,89.07061004638672,Stop,Stepping
1776271763.8680544,13558.842502286,-1.3866409063339233,-55.647098541259766,89.07061004638672,1.3866409063339233,-55.647098541259766,89.07061004638672,-1.3866409063339233,-55.647090911865234,89.07061004638672,1.3866409063339233,-55.647090911865234,89.07061004638672,Stop,Stepping
1776271763.888072,13558.862700905,-1.3866409063339233,-55.647098541259766,89.07061004638672,1.3866409063339233,-55.647098541259766,89.07061004638672,-1.3866409063339233,-55.647090911865234,89.07061004638672,1.3866409063339233,-55.647090911865234,89.07061004638672,Stop,Stepping
1776271763.9080567,13558.879575885,-1.3866409063339233,-55.647098541259766,89.07061004638672,1.3866409063339233,-55.647098541259766,89.07061004638672,-1.3866409063339233,-55.647090911865234,89.07061004638672,1.3866409063339233,-55.647090911865234,89.07061004638672,Stop,Stepping
1776271763.9280913,13558.901334288,-1.3866409063339233,-55.647098541259766,89.07061004638672,1.3866409063339233,-55.647098541259766,89.07061004638672,-1.3866409063339233,-55.647090911865234,89.07061004638672,1.3866409063339233,-55.647090911865234,89.07061004638672,Stop,Stepping
1776271763.9480386,13558.920655984,-1.3866409063339233,-55.647098541259766,89.07061004638672,1.3866409063339233,-55.647098541259766,89.07061004638672,-1.3866409063339233,-55.647090911865234,89.07061004638672,1.3866409063339233,-55.647090911865234,89.07061004638672,Stop,Stepping
1776271763.9680748,13558.994088555,-1.3866409063339233,-55.647098541259766,89.07061004638672,1.3866409063339233,-55.647098541259766,89.07061004638672,-1.3866409063339233,-55.647090911865234,89.07061004638672,1.3866409063339233,-55.647090911865234,89.07061004638672,Stop,Stepping
1776271763.9880536,13558.994763199,-1.3866409063339233,-55.647098541259766,89.07061004638672,1.3866409063339233,-55.647098541259766,89.07061004638672,-1.3866409063339233,-55.647090911865234,89.07061004638672,1.3866409063339233,-55.647090911865234,89.07061004638672,Stop,Stepping
1776271764.008107,13558.995163234,-1.3866409063339233,-55.647098541259766,89.07061004638672,1.3866409063339233,-55.647098541259766,89.07061004638672,-1.3866409063339233,-55.647090911865234,89.07061004638672,1.3866409063339233,-55.647090911865234,89.07061004638672,Stop,Stepping
1776271764.0280428,13559.003389759,-1.3866409063339233,-55.647098541259766,89.07061004638672,1.3866409063339233,-55.647098541259766,89.07061004638672,-1.3866409063339233,-55.647090911865234,89.07061004638672,1.3866409063339233,-55.647090911865234,89.07061004638672,Stop,Stepping
1776271764.0480523,13559.025028071,-1.3866409063339233,-55.647098541259766,89.07061004638672,1.3866409063339233,-55.647098541259766,89.07061004638672,-1.3866409063339233,-55.647090911865234,89.07061004638672,1.3866409063339233,-55.647090911865234,89.07061004638672,Stop,Stepping
1776271764.0681086,13559.039420254,-1.3866409063339233,-55.647098541259766,89.07061004638672,1.3866409063339233,-55.647098541259766,89.07061004638672,-1.3866409063339233,-55.647090911865234,89.07061004638672,1.3866409063339233,-55.647090911865234,89.07061004638672,Stop,Stepping
1776271764.0880775,13559.064976347,-1.3866409063339233,-55.647098541259766,89.07061004638672,1.3866409063339233,-55.647098541259766,89.07061004638672,-1.3866409063339233,-55.647090911865234,89.07061004638672,1.3866409063339233,-55.647090911865234,89.07061004638672,Stop,Stepping
1776271764.108121,13559.083948536,-1.3866409063339233,-55.647098541259766,89.07061004638672,1.3866409063339233,-55.647098541259766,89.07061004638672,-1.3866409063339233,-55.647090911865234,89.07061004638672,1.3866409063339233,-55.647090911865234,89.07061004638672,Stop,Stepping
1776271764.1280816,13559.098562175,-1.3866409063339233,-55.647098541259766,89.07061004638672,1.3866409063339233,-55.647098541259766,89.07061004638672,-1.3866409063339233,-55.647090911865234,89.07061004638672,1.3866409063339233,-55.647090911865234,89.07061004638672,Stop,Stepping
1776271764.1481116,13559.119295772,-1.3866409063339233,-55.647098541259766,89.07061004638672,1.3866409063339233,-55.647098541259766,89.07061004638672,-1.3866409063339233,-55.647090911865234,89.07061004638672,1.3866409063339233,-55.647090911865234,89.07061004638672,Stop,Stepping
1776271764.1680882,13559.142006584,-1.3866409063339233,-55.647098541259766,89.07061004638672,1.3866409063339233,-55.647098541259766,89.07061004638672,-1.3866409063339233,-55.647090911865234,89.07061004638672,1.3866409063339233,-55.647090911865234,89.07061004638672,Stop,Stepping
1776271764.188088,13559.165450503,-1.3866409063339233,-55.647098541259766,89.07061004638672,1.3866409063339233,-55.647098541259766,89.07061004638672,-1.3866409063339233,-55.647090911865234,89.07061004638672,1.3866409063339233,-55.647090911865234,89.07061004638672,Stop,Stepping
1776271764.2080605,13559.179259773,-1.3866409063339233,-55.647098541259766,89.07061004638672,1.3866409063339233,-55.647098541259766,89.07061004638672,-1.3866409063339233,-55.647090911865234,89.07061004638672,1.3866409063339233,-55.647090911865234,89.07061004638672,Stop,Stepping
1776271764.2280602,13559.199472327,-1.3866409063339233,-55.647098541259766,89.07061004638672,1.3866409063339233,-55.647098541259766,89.07061004638672,-1.3866409063339233,-55.647090911865234,89.07061004638672,1.3866409063339233,-55.647090911865234,89.07061004638672,Stop,Stepping
1776271764.248069,13559.220290016,-1.3866409063339233,-55.647098541259766,89.07061004638672,1.3866409063339233,-55.647098541259766,89.07061004638672,-1.3866409063339233,-55.647090911865234,89.07061004638672,1.3866409063339233,-55.647090911865234,89.07061004638672,Stop,Stepping
1776271764.2680886,13559.245964162,-1.3866409063339233,-55.647098541259766,89.07061004638672,1.3866409063339233,-55.647098541259766,89.07061004638672,-1.3866409063339233,-55.647090911865234,89.07061004638672,1.3866409063339233,-55.647090911865234,89.07061004638672,Stop,Stepping
1776271764.28804,13559.266118029,-1.3866409063339233,-55.647098541259766,89.07061004638672,1.3866409063339233,-55.647098541259766,89.07061004638672,-1.3866409063339233,-55.647090911865234,89.07061004638672,1.3866409063339233,-55.647090911865234,89.07061004638672,Stop,Stepping
1776271764.3081222,13559.283849656,-1.3866409063339233,-55.647098541259766,89.07061004638672,1.3866409063339233,-55.647098541259766,89.07061004638672,-1.3866409063339233,-55.647090911865234,89.07061004638672,1.3866409063339233,-55.647090911865234,89.07061004638672,Stop,Stepping
1776271764.328109,13559.300148102,-1.3866409063339233,-55.647098541259766,89.07061004638672,1.3866409063339233,-55.647098541259766,89.07061004638672,-1.3866409063339233,-55.647090911865234,89.07061004638672,1.3866409063339233,-55.647090911865234,89.07061004638672,Stop,Stepping
1776271764.3480518,13559.321205087,-1.3866409063339233,-55.647098541259766,89.07061004638672,1.3866409063339233,-55.647098541259766,89.07061004638672,-1.3866409063339233,-55.647090911865234,89.07061004638672,1.3866409063339233,-55.647090911865234,89.07061004638672,Stop,Stepping
1776271764.368046,13559.340704015,-1.3866409063339233,-55.647098541259766,89.07061004638672,1.3866409063339233,-55.647098541259766,89.07061004638672,-1.3866409063339233,-55.647090911865234,89.07061004638672,1.3866409063339233,-55.647090911865234,89.07061004638672,Stop,Stepping
1776271764.3881044,13559.360233826,-1.3866409063339233,-55.647098541259766,89.07061004638672,1.3866409063339233,-55.647098541259766,89.07061004638672,-1.3866409063339233,-55.647090911865234,89.07061004638672,1.3866409063339233,-55.647090911865234,89.07061004638672,Stop,Stepping
1776271764.4081278,13559.386348351,-1.3866409063339233,-55.647098541259766,89.07061004638672,1.3866409063339233,-55.647098541259766,89.07061004638672,-1.3866409063339233,-55.647090911865234,89.07061004638672,1.3866409063339233,-55.647090911865234,89.07061004638672,Stop,Stepping
1776271764.4280753,13559.402533993,-1.3866409063339233,-55.647098541259766,89.07061004638672,1.3866409063339233,-55.647098541259766,89.07061004638672,-1.3866409063339233,-55.647090911865234,89.07061004638672,1.3866409063339233,-55.647090911865234,89.07061004638672,Stop,Stepping
1776271764.4481301,13559.421568301,-1.3866409063339233,-55.647098541259766,89.07061004638672,1.3866409063339233,-55.647098541259766,89.07061004638672,-1.3866409063339233,-55.647090911865234,89.07061004638672,1.3866409063339233,-55.647090911865234,89.07061004638672,Stop,Stepping
1776271764.4681304,13559.446709361,-1.3866409063339233,-55.647098541259766,89.07061004638672,1.3866409063339233,-55.647098541259766,89.07061004638672,-1.3866409063339233,-55.647090911865234,89.07061004638672,1.3866409063339233,-55.647090911865234,89.07061004638672,Stop,Stepping
1776271764.4881165,13559.465333451,-1.3866409063339233,-55.647098541259766,89.07061004638672,1.3866409063339233,-55.647098541259766,89.07061004638672,-1.3866409063339233,-55.647090911865234,89.07061004638672,1.3866409063339233,-55.647090911865234,89.07061004638672,Stop,Stepping
1776271764.5080562,13559.479263624,-1.3866409063339233,-55.647098541259766,89.07061004638672,1.3866409063339233,-55.647098541259766,89.07061004638672,-1.3866409063339233,-55.647090911865234,89.07061004638672,1.3866409063339233,-55.647090911865234,89.07061004638672,Stop,Stepping
1776271764.5280623,13559.508387288,-1.3866409063339233,-55.647098541259766,89.07061004638672,1.3866409063339233,-55.647098541259766,89.07061004638672,-1.3866409063339233,-55.647090911865234,89.07061004638672,1.3866409063339233,-55.647090911865234,89.07061004638672,Stop,Stepping
1776271764.548117,13559.525314734,-1.3866409063339233,-55.647098541259766,89.07061004638672,1.3866409063339233,-55.647098541259766,89.07061004638672,-1.3866409063339233,-55.647090911865234,89.07061004638672,1.3866409063339233,-55.647090911865234,89.07061004638672,Stop,Stepping
1776271764.5680628,13559.54899404,-1.3866409063339233,-55.647098541259766,89.07061004638672,1.3866409063339233,-55.647098541259766,89.07061004638672,-1.3866409063339233,-55.647090911865234,89.07061004638672,1.3866409063339233,-55.647090911865234,89.07061004638672,Stop,Stepping
1776271764.5881486,13559.562429334,-1.3866409063339233,-55.647098541259766,89.07061004638672,1.3866409063339233,-55.647098541259766,89.07061004638672,-1.3866409063339233,-55.647090911865234,89.07061004638672,1.3866409063339233,-55.647090911865234,89.07061004638672,Stop,Stepping
1776271764.6080766,13559.581095714,-1.3866409063339233,-55.647098541259766,89.07061004638672,1.3866409063339233,-55.647098541259766,89.07061004638672,-1.3866409063339233,-55.647090911865234,89.07061004638672,1.3866409063339233,-55.647090911865234,89.07061004638672,Stop,Stepping
1776271764.6280487,13559.601316199,-1.3866409063339233,-55.647098541259766,89.07061004638672,1.3866409063339233,-55.647098541259766,89.07061004638672,-1.3866409063339233,-55.647090911865234,89.07061004638672,1.3866409063339233,-55.647090911865234,89.07061004638672,Stop,Stepping
1776271764.648081,13559.61929965,-1.3866409063339233,-55.647098541259766,89.07061004638672,1.3866409063339233,-55.647098541259766,89.07061004638672,-1.3866409063339233,-55.647090911865234,89.07061004638672,1.3866409063339233,-55.647090911865234,89.07061004638672,Stop,Stepping
1776271764.668059,13559.639590161,-1.3866409063339233,-55.647098541259766,89.07061004638672,1.3866409063339233,-55.647098541259766,89.07061004638672,-1.3866409063339233,-55.647090911865234,89.07061004638672,1.3866409063339233,-55.647090911865234,89.07061004638672,Stop,Stepping
1776271764.6881096,13559.676446062,-1.3866409063339233,-55.647098541259766,89.07061004638672,1.3866409063339233,-55.647098541259766,89.07061004638672,-1.3866409063339233,-55.647090911865234,89.07061004638672,1.3866409063339233,-55.647090911865234,89.07061004638672,Stop,Stepping
1776271764.7080717,13559.681244112,-1.3866409063339233,-55.647098541259766,89.07061004638672,1.3866409063339233,-55.647098541259766,89.07061004638672,-1.3866409063339233,-55.647090911865234,89.07061004638672,1.3866409063339233,-55.647090911865234,89.07061004638672,Stop,Stepping
1776271764.7280653,13559.70412046,-1.3866409063339233,-55.647098541259766,89.07061004638672,1.3866409063339233,-55.647098541259766,89.07061004638672,-1.3866409063339233,-55.647090911865234,89.07061004638672,1.3866409063339233,-55.647090911865234,89.07061004638672,Stop,Stepping
1776271764.7480452,13559.725956336,-1.3866409063339233,-55.647098541259766,89.07061004638672,1.3866409063339233,-55.647098541259766,89.07061004638672,-1.3866409063339233,-55.647090911865234,89.07061004638672,1.3866409063339233,-55.647090911865234,89.07061004638672,Stop,Stepping
1776271764.7680743,13559.791239673,-1.3866409063339233,-55.647098541259766,89.07061004638672,1.3866409063339233,-55.647098541259766,89.07061004638672,-1.3866409063339233,-55.647090911865234,89.07061004638672,1.3866409063339233,-55.647090911865234,89.07061004638672,Stop,Stepping
1776271764.7880669,13559.793283242,-1.3866409063339233,-55.647098541259766,89.07061004638672,1.3866409063339233,-55.647098541259766,89.07061004638672,-1.3866409063339233,-55.647090911865234,89.07061004638672,1.3866409063339233,-55.647090911865234,89.07061004638672,Stop,Stepping
1776271764.8080547,13559.795418281,-1.3866409063339233,-55.647098541259766,89.07061004638672,1.3866409063339233,-55.647098541259766,89.07061004638672,-1.3866409063339233,-55.647090911865234,89.07061004638672,1.3866409063339233,-55.647090911865234,89.07061004638672,Stop,Stepping
1776271764.8280637,13559.801425929,-1.3866409063339233,-55.647098541259766,89.07061004638672,1.3866409063339233,-55.647098541259766,89.07061004638672,-1.3866409063339233,-55.647090911865234,89.07061004638672,1.3866409063339233,-55.647090911865234,89.07061004638672,Stop,Stepping
1776271764.8480625,13559.819172682,-1.3866409063339233,-55.647098541259766,89.07061004638672,1.3866409063339233,-55.647098541259766,89.07061004638672,-1.3866409063339233,-55.647090911865234,89.07061004638672,1.3866409063339233,-55.647090911865234,89.07061004638672,Stop,Stepping
1776271764.8680844,13559.84155043,-1.3866409063339233,-55.647098541259766,89.07061004638672,1.3866409063339233,-55.647098541259766,89.07061004638672,-1.3866409063339233,-55.647090911865234,89.07061004638672,1.3866409063339233,-55.647090911865234,89.07061004638672,Stop,Stepping
1776271764.8880975,13559.859354314,-1.3866409063339233,-55.647098541259766,89.07061004638672,1.3866409063339233,-55.647098541259766,89.07061004638672,-1.3866409063339233,-55.647090911865234,89.07061004638672,1.3866409063339233,-55.647090911865234,89.07061004638672,Stop,Stepping
1776271764.908118,13559.881212751,-1.3866409063339233,-55.647098541259766,89.07061004638672,1.3866409063339233,-55.647098541259766,89.07061004638672,-1.3866409063339233,-55.647090911865234,89.07061004638672,1.3866409063339233,-55.647090911865234,89.07061004638672,Stop,Stepping
1776271764.928098,13559.899985,-1.3866409063339233,-55.647098541259766,89.07061004638672,1.3866409063339233,-55.647098541259766,89.07061004638672,-1.3866409063339233,-55.647090911865234,89.07061004638672,1.3866409063339233,-55.647090911865234,89.07061004638672,Stop,Stepping
1776271764.9480884,13559.919162085,-1.3866409063339233,-55.647098541259766,89.07061004638672,1.3866409063339233,-55.647098541259766,89.07061004638672,-1.3866409063339233,-55.647090911865234,89.07061004638672,1.3866409063339233,-55.647090911865234,89.07061004638672,Stop,Stepping
1776271764.9680882,13559.943460812,-1.3866409063339233,-55.647098541259766,89.07061004638672,1.3866409063339233,-55.647098541259766,89.07061004638672,-1.3866409063339233,-55.647090911865234,89.07061004638672,1.3866409063339233,-55.647090911865234,89.07061004638672,Stop,Stepping
1776271764.9880629,13559.962202102,-1.3866409063339233,-55.647098541259766,89.07061004638672,1.3866409063339233,-55.647098541259766,89.07061004638672,-1.3866409063339233,-55.647090911865234,89.07061004638672,1.3866409063339233,-55.647090911865234,89.07061004638672,Stop,Stepping
1776271765.008074,13559.979512081,-1.3866409063339233,-55.647098541259766,89.07061004638672,1.3866409063339233,-55.647098541259766,89.07061004638672,-1.3866409063339233,-55.647090911865234,89.07061004638672,1.3866409063339233,-55.647090911865234,89.07061004638672,Stop,Stepping
1776271765.0281234,13560.001156696,-1.3866409063339233,-55.647098541259766,89.07061004638672,1.3866409063339233,-55.647098541259766,89.07061004638672,-1.3866409063339233,-55.647090911865234,89.07061004638672,1.3866409063339233,-55.647090911865234,89.07061004638672,Stop,Stepping
1776271765.0481262,13560.019965664,-1.3866409063339233,-55.647098541259766,89.07061004638672,1.3866409063339233,-55.647098541259766,89.07061004638672,-1.3866409063339233,-55.647090911865234,89.07061004638672,1.3866409063339233,-55.647090911865234,89.07061004638672,Stop,Stepping
1776271765.068009,13560.039555385,-1.3866409063339233,-55.647098541259766,89.07061004638672,1.3866409063339233,-55.647098541259766,89.07061004638672,-1.3866409063339233,-55.647090911865234,89.07061004638672,1.3866409063339233,-55.647090911865234,89.07061004638672,Stop,Stepping
1776271765.08809,13560.063814411,-1.3866409063339233,-55.647098541259766,89.07061004638672,1.3866409063339233,-55.647098541259766,89.07061004638672,-1.3866409063339233,-55.647090911865234,89.07061004638672,1.3866409063339233,-55.647090911865234,89.07061004638672,Stop,Stepping
1776271765.1080978,13560.084435878,-1.3866409063339233,-55.647098541259766,89.07061004638672,1.3866409063339233,-55.647098541259766,89.07061004638672,-1.3866409063339233,-55.647090911865234,89.07061004638672,1.3866409063339233,-55.647090911865234,89.07061004638672,Stop,Stepping
1776271765.1280603,13560.107014424,-1.3866409063339233,-55.647098541259766,89.07061004638672,1.3866409063339233,-55.647098541259766,89.07061004638672,-1.3866409063339233,-55.647090911865234,89.07061004638672,1.3866409063339233,-55.647090911865234,89.07061004638672,Stop,Stepping
1776271765.1481464,13560.119513047,-1.3866409063339233,-55.647098541259766,89.07061004638672,1.3866409063339233,-55.647098541259766,89.07061004638672,-1.3866409063339233,-55.647090911865234,89.07061004638672,1.3866409063339233,-55.647090911865234,89.07061004638672,Stop,Stepping
1776271765.1681063,13560.140484309,-1.3866409063339233,-55.647098541259766,89.07061004638672,1.3866409063339233,-55.647098541259766,89.07061004638672,-1.3866409063339233,-55.647090911865234,89.07061004638672,1.3866409063339233,-55.647090911865234,89.07061004638672,Stop,Stepping
1776271765.187968,13560.15913644,-1.3866409063339233,-55.647098541259766,89.07061004638672,1.3866409063339233,-55.647098541259766,89.07061004638672,-1.3866409063339233,-55.647090911865234,89.07061004638672,1.3866409063339233,-55.647090911865234,89.07061004638672,Stop,Stepping
1776271765.2080703,13560.179440754,-1.3866409063339233,-55.647098541259766,89.07061004638672,1.3866409063339233,-55.647098541259766,89.07061004638672,-1.3866409063339233,-55.647090911865234,89.07061004638672,1.3866409063339233,-55.647090911865234,89.07061004638672,Stop,Stepping
1776271765.2280722,13560.19960318,-1.3866409063339233,-55.647098541259766,89.07061004638672,1.3866409063339233,-55.647098541259766,89.07061004638672,-1.3866409063339233,-55.647090911865234,89.07061004638672,1.3866409063339233,-55.647090911865234,89.07061004638672,Stop,Stepping
1776271765.2481165,13560.219440765,-1.3866409063339233,-55.647098541259766,89.07061004638672,1.3866409063339233,-55.647098541259766,89.07061004638672,-1.3866409063339233,-55.647090911865234,89.07061004638672,1.3866409063339233,-55.647090911865234,89.07061004638672,Stop,Stepping
1776271765.2681277,13560.240824375,-1.3866409063339233,-55.647098541259766,89.07061004638672,1.3866409063339233,-55.647098541259766,89.07061004638672,-1.3866409063339233,-55.647090911865234,89.07061004638672,1.3866409063339233,-55.647090911865234,89.07061004638672,Stop,Stepping
1776271765.2880762,13560.27976843,-1.3866409063339233,-55.647098541259766,89.07061004638672,1.3866409063339233,-55.647098541259766,89.07061004638672,-1.3866409063339233,-55.647090911865234,89.07061004638672,1.3866409063339233,-55.647090911865234,89.07061004638672,Stop,Stepping
1776271765.3080735,13560.28136676,-1.3866409063339233,-55.647098541259766,89.07061004638672,1.3866409063339233,-55.647098541259766,89.07061004638672,-1.3866409063339233,-55.647090911865234,89.07061004638672,1.3866409063339233,-55.647090911865234,89.07061004638672,Stop,Stepping
1776271765.328068,13560.301073562,-1.3866409063339233,-55.647098541259766,89.07061004638672,1.3866409063339233,-55.647098541259766,89.07061004638672,-1.3866409063339233,-55.647090911865234,89.07061004638672,1.3866409063339233,-55.647090911865234,89.07061004638672,Stop,Stepping
1776271765.3480954,13560.319318727,-1.3866409063339233,-55.647098541259766,89.07061004638672,1.3866409063339233,-55.647098541259766,89.07061004638672,-1.3866409063339233,-55.647090911865234,89.07061004638672,1.3866409063339233,-55.647090911865234,89.07061004638672,Stop,Stepping
1776271765.3681204,13560.344661252,-1.3866409063339233,-55.647098541259766,89.07061004638672,1.3866409063339233,-55.647098541259766,89.07061004638672,-1.3866409063339233,-55.647090911865234,89.07061004638672,1.3866409063339233,-55.647090911865234,89.07061004638672,Stop,Stepping
1776271765.388089,13560.362078284,-1.3866409063339233,-55.647098541259766,89.07061004638672,1.3866409063339233,-55.647098541259766,89.07061004638672,-1.3866409063339233,-55.647090911865234,89.07061004638672,1.3866409063339233,-55.647090911865234,89.07061004638672,Stop,Stepping
1776271765.4080317,13560.385558027,-1.3866409063339233,-55.647098541259766,89.07061004638672,1.3866409063339233,-55.647098541259766,89.07061004638672,-1.3866409063339233,-55.647090911865234,89.07061004638672,1.3866409063339233,-55.647090911865234,89.07061004638672,Stop,Stepping
1776271765.4281025,13560.400505559,-1.3866409063339233,-55.647098541259766,89.07061004638672,1.3866409063339233,-55.647098541259766,89.07061004638672,-1.3866409063339233,-55.647090911865234,89.07061004638672,1.3866409063339233,-55.647090911865234,89.07061004638672,Stop,Stepping
1776271765.448106,13560.422430952,-1.3866409063339233,-55.647098541259766,89.07061004638672,1.3866409063339233,-55.647098541259766,89.07061004638672,-1.3866409063339233,-55.647090911865234,89.07061004638672,1.3866409063339233,-55.647090911865234,89.07061004638672,Stop,Stepping
1776271765.4680665,13560.440840476,-1.3866409063339233,-55.647098541259766,89.07061004638672,1.3866409063339233,-55.647098541259766,89.07061004638672,-1.3866409063339233,-55.647090911865234,89.07061004638672,1.3866409063339233,-55.647090911865234,89.07061004638672,Stop,Stepping
1776271765.488075,13560.459807289,-1.3866409063339233,-55.647098541259766,89.07061004638672,1.3866409063339233,-55.647098541259766,89.07061004638672,-1.3866409063339233,-55.647090911865234,89.07061004638672,1.3866409063339233,-55.647090911865234,89.07061004638672,Stop,Stepping
1776271765.5080664,13560.479268295,-1.3866409063339233,-55.647098541259766,89.07061004638672,1.3866409063339233,-55.647098541259766,89.07061004638672,-1.3866409063339233,-55.647090911865234,89.07061004638672,1.3866409063339233,-55.647090911865234,89.07061004638672,Stop,Stepping
1776271765.528101,13560.512479052,-1.3866409063339233,-55.647098541259766,89.07061004638672,1.3866409063339233,-55.647098541259766,89.07061004638672,-1.3866409063339233,-55.647090911865234,89.07061004638672,1.3866409063339233,-55.647090911865234,89.07061004638672,Stop,Stepping
1776271765.5480583,13560.519514112,-1.3866409063339233,-55.647098541259766,89.07061004638672,1.3866409063339233,-55.647098541259766,89.07061004638672,-1.3866409063339233,-55.647090911865234,89.07061004638672,1.3866409063339233,-55.647090911865234,89.07061004638672,Stop,Stepping
1776271765.5680728,13560.539429619,-1.3866409063339233,-55.647098541259766,89.07061004638672,1.3866409063339233,-55.647098541259766,89.07061004638672,-1.3866409063339233,-55.647090911865234,89.07061004638672,1.3866409063339233,-55.647090911865234,89.07061004638672,Stop,Stepping
1776271765.588107,13560.560725826,-1.3866409063339233,-55.647098541259766,89.07061004638672,1.3866409063339233,-55.647098541259766,89.07061004638672,-1.3866409063339233,-55.647090911865234,89.07061004638672,1.3866409063339233,-55.647090911865234,89.07061004638672,Stop,Stepping
1776271765.608091,13560.585881488,-1.3866409063339233,-55.647098541259766,89.07061004638672,1.3866409063339233,-55.647098541259766,89.07061004638672,-1.3866409063339233,-55.647090911865234,89.07061004638672,1.3866409063339233,-55.647090911865234,89.07061004638672,Stop,Stepping
1776271765.6280556,13560.59961015,-1.3866409063339233,-55.647098541259766,89.07061004638672,1.3866409063339233,-55.647098541259766,89.07061004638672,-1.3866409063339233,-55.647090911865234,89.07061004638672,1.3866409063339233,-55.647090911865234,89.07061004638672,Stop,Stepping
1776271765.6481068,13560.6189557,-1.3866409063339233,-55.647098541259766,89.07061004638672,1.3866409063339233,-55.647098541259766,89.07061004638672,-1.3866409063339233,-55.647090911865234,89.07061004638672,1.3866409063339233,-55.647090911865234,89.07061004638672,Stop,Stepping
1776271765.6680813,13560.644177414,-1.3866409063339233,-55.647098541259766,89.07061004638672,1.3866409063339233,-55.647098541259766,89.07061004638672,-1.3866409063339233,-55.647090911865234,89.07061004638672,1.3866409063339233,-55.647090911865234,89.07061004638672,Stop,Stepping
1776271765.68809,13560.659217922,-1.3866409063339233,-55.647098541259766,89.07061004638672,1.3866409063339233,-55.647098541259766,89.07061004638672,-1.3866409063339233,-55.647090911865234,89.07061004638672,1.3866409063339233,-55.647090911865234,89.07061004638672,Stop,Stepping
1776271765.708096,13560.679522965,-1.3866409063339233,-55.647098541259766,89.07061004638672,1.3866409063339233,-55.647098541259766,89.07061004638672,-1.3866409063339233,-55.647090911865234,89.07061004638672,1.3866409063339233,-55.647090911865234,89.07061004638672,Stop,Stepping
1776271765.7280817,13560.699803607,-1.3866409063339233,-55.647098541259766,89.07061004638672,1.3866409063339233,-55.647098541259766,89.07061004638672,-1.3866409063339233,-55.647090911865234,89.07061004638672,1.3866409063339233,-55.647090911865234,89.07061004638672,Stop,Stepping
1776271765.7481282,13560.724466915,-1.3866409063339233,-55.647098541259766,89.07061004638672,1.3866409063339233,-55.647098541259766,89.07061004638672,-1.3866409063339233,-55.647090911865234,89.07061004638672,1.3866409063339233,-55.647090911865234,89.07061004638672,Stop,Stepping
1776271765.7680979,13560.739201076,-1.3866409063339233,-55.647098541259766,89.07061004638672,1.3866409063339233,-55.647098541259766,89.07061004638672,-1.3866409063339233,-55.647090911865234,89.07061004638672,1.3866409063339233,-55.647090911865234,89.07061004638672,Stop,Stepping
1776271765.78807,13560.766757149,-1.3866409063339233,-55.647098541259766,89.07061004638672,1.3866409063339233,-55.647098541259766,89.07061004638672,-1.3866409063339233,-55.647090911865234,89.07061004638672,1.3866409063339233,-55.647090911865234,89.07061004638672,Stop,Stepping
1776271765.8080156,13560.786780725,-1.3866409063339233,-55.647098541259766,89.07061004638672,1.3866409063339233,-55.647098541259766,89.07061004638672,-1.3866409063339233,-55.647090911865234,89.07061004638672,1.3866409063339233,-55.647090911865234,89.07061004638672,Stop,Stepping
1776271765.8280714,13560.800220148,-1.3866409063339233,-55.647098541259766,89.07061004638672,1.3866409063339233,-55.647098541259766,89.07061004638672,-1.3866409063339233,-55.647090911865234,89.07061004638672,1.3866409063339233,-55.647090911865234,89.07061004638672,Stop,Stepping
1776271765.8481097,13560.822564544,-1.3866409063339233,-55.647098541259766,89.07061004638672,1.3866409063339233,-55.647098541259766,89.07061004638672,-1.3866409063339233,-55.647090911865234,89.07061004638672,1.3866409063339233,-55.647090911865234,89.07061004638672,Stop,Stepping
1776271765.868067,13560.839242295,-1.3866409063339233,-55.647098541259766,89.07061004638672,1.3866409063339233,-55.647098541259766,89.07061004638672,-1.3866409063339233,-55.647090911865234,89.07061004638672,1.3866409063339233,-55.647090911865234,89.07061004638672,Stop,Stepping
1776271765.8881223,13560.863127491,-1.3866409063339233,-55.647098541259766,89.07061004638672,1.3866409063339233,-55.647098541259766,89.07061004638672,-1.3866409063339233,-55.647090911865234,89.07061004638672,1.3866409063339233,-55.647090911865234,89.07061004638672,Stop,Stepping
1776271765.9081273,13560.888922802,-1.3866409063339233,-55.647098541259766,89.07061004638672,1.3866409063339233,-55.647098541259766,89.07061004638672,-1.3866409063339233,-55.647090911865234,89.07061004638672,1.3866409063339233,-55.647090911865234,89.07061004638672,Stop,Stepping
1776271765.9281013,13560.934465918,-1.3866409063339233,-55.647098541259766,89.07061004638672,1.3866409063339233,-55.647098541259766,89.07061004638672,-1.3866409063339233,-55.647090911865234,89.07061004638672,1.3866409063339233,-55.647090911865234,89.07061004638672,Stop,Stepping
1776271765.9480748,13560.935800172,-1.3866409063339233,-55.647098541259766,89.07061004638672,1.3866409063339233,-55.647098541259766,89.07061004638672,-1.3866409063339233,-55.647090911865234,89.07061004638672,1.3866409063339233,-55.647090911865234,89.07061004638672,Stop,Stepping
1776271765.9680665,13560.939688795,-1.3866409063339233,-55.647098541259766,89.07061004638672,1.3866409063339233,-55.647098541259766,89.07061004638672,-1.3866409063339233,-55.647090911865234,89.07061004638672,1.3866409063339233,-55.647090911865234,89.07061004638672,Stop,Stepping
1776271765.9882329,13560.959243092,-1.3866409063339233,-55.647098541259766,89.07061004638672,1.3866409063339233,-55.647098541259766,89.07061004638672,-1.3866409063339233,-55.647090911865234,89.07061004638672,1.3866409063339233,-55.647090911865234,89.07061004638672,Stop,Stepping
1776271766.0081675,13560.97949929,-1.3866409063339233,-55.647098541259766,89.07061004638672,1.3866409063339233,-55.647098541259766,89.07061004638672,-1.3866409063339233,-55.647090911865234,89.07061004638672,1.3866409063339233,-55.647090911865234,89.07061004638672,Stop,Stepping
1776271766.0281303,13561.007034454,-1.3866409063339233,-55.647098541259766,89.07061004638672,1.3866409063339233,-55.647098541259766,89.07061004638672,-1.3866409063339233,-55.647090911865234,89.07061004638672,1.3866409063339233,-55.647090911865234,89.07061004638672,Stop,Stepping
1776271766.0480766,13561.01952909,-1.3866409063339233,-55.647098541259766,89.07061004638672,1.3866409063339233,-55.647098541259766,89.07061004638672,-1.3866409063339233,-55.647090911865234,89.07061004638672,1.3866409063339233,-55.647090911865234,89.07061004638672,Stop,Stepping
1776271766.0680876,13561.039232579,-1.3866409063339233,-55.647098541259766,89.07061004638672,1.3866409063339233,-55.647098541259766,89.07061004638672,-1.3866409063339233,-55.647090911865234,89.07061004638672,1.3866409063339233,-55.647090911865234,89.07061004638672,Stop,Stepping
1776271766.0880961,13561.060738655,-1.3866409063339233,-55.647098541259766,89.07061004638672,1.3866409063339233,-55.647098541259766,89.07061004638672,-1.3866409063339233,-55.647090911865234,89.07061004638672,1.3866409063339233,-55.647090911865234,89.07061004638672,Stop,Stepping
1776271766.1080856,13561.07991122,-1.3866409063339233,-55.647098541259766,89.07061004638672,1.3866409063339233,-55.647098541259766,89.07061004638672,-1.3866409063339233,-55.647090911865234,89.07061004638672,1.3866409063339233,-55.647090911865234,89.07061004638672,Stop,Stepping
1776271766.128093,13561.110067673,-1.3866409063339233,-55.647098541259766,89.07061004638672,1.3866409063339233,-55.647098541259766,89.07061004638672,-1.3866409063339233,-55.647090911865234,89.07061004638672,1.3866409063339233,-55.647090911865234,89.07061004638672,Stop,Stepping
1776271766.1481016,13561.129625252,-1.3866409063339233,-55.647098541259766,89.07061004638672,1.3866409063339233,-55.647098541259766,89.07061004638672,-1.3866409063339233,-55.647090911865234,89.07061004638672,1.3866409063339233,-55.647090911865234,89.07061004638672,Stop,Stepping
1776271766.168105,13561.147979483,-1.3866409063339233,-55.647098541259766,89.07061004638672,1.3866409063339233,-55.647098541259766,89.07061004638672,-1.3866409063339233,-55.647090911865234,89.07061004638672,1.3866409063339233,-55.647090911865234,89.07061004638672,Stop,Stepping
1776271766.1880634,13561.165179748,-1.3866409063339233,-55.647098541259766,89.07061004638672,1.3866409063339233,-55.647098541259766,89.07061004638672,-1.3866409063339233,-55.647090911865234,89.07061004638672,1.3866409063339233,-55.647090911865234,89.07061004638672,Stop,Stepping
1776271766.2081025,13561.179310027,-1.3866409063339233,-55.647098541259766,89.07061004638672,1.3866409063339233,-55.647098541259766,89.07061004638672,-1.3866409063339233,-55.647090911865234,89.07061004638672,1.3866409063339233,-55.647090911865234,89.07061004638672,Stop,Stepping
1776271766.2280562,13561.201713674,-1.3866409063339233,-55.647098541259766,89.07061004638672,1.3866409063339233,-55.647098541259766,89.07061004638672,-1.3866409063339233,-55.647090911865234,89.07061004638672,1.3866409063339233,-55.647090911865234,89.07061004638672,Stop,Stepping
1776271766.2481012,13561.220168565,-1.3866409063339233,-55.647098541259766,89.07061004638672,1.3866409063339233,-55.647098541259766,89.07061004638672,-1.3866409063339233,-55.647090911865234,89.07061004638672,1.3866409063339233,-55.647090911865234,89.07061004638672,Stop,Stepping
1776271766.2681246,13561.314685647,-1.3866409063339233,-55.647098541259766,89.07061004638672,1.3866409063339233,-55.647098541259766,89.07061004638672,-1.3866409063339233,-55.647090911865234,89.07061004638672,1.3866409063339233,-55.647090911865234,89.07061004638672,Stop,Stepping
1776271766.2881188,13561.316358441,-1.3866409063339233,-55.647098541259766,89.07061004638672,1.3866409063339233,-55.647098541259766,89.07061004638672,-1.3866409063339233,-55.647090911865234,89.07061004638672,1.3866409063339233,-55.647090911865234,89.07061004638672,Stop,Stepping
1776271766.308103,13561.318551968,-1.3866409063339233,-55.647098541259766,89.07061004638672,1.3866409063339233,-55.647098541259766,89.07061004638672,-1.3866409063339233,-55.647090911865234,89.07061004638672,1.3866409063339233,-55.647090911865234,89.07061004638672,Stop,Stepping
1776271766.3280652,13561.320728672,-1.3866409063339233,-55.647098541259766,89.07061004638672,1.3866409063339233,-55.647098541259766,89.07061004638672,-1.3866409063339233,-55.647090911865234,89.07061004638672,1.3866409063339233,-55.647090911865234,89.07061004638672,Stop,Stepping
1776271766.3483176,13561.322981018,-1.3866409063339233,-55.647098541259766,89.07061004638672,1.3866409063339233,-55.647098541259766,89.07061004638672,-1.3866409063339233,-55.647090911865234,89.07061004638672,1.3866409063339233,-55.647090911865234,89.07061004638672,Stop,Stepping
1776271766.3680665,13561.341343777,-1.3866409063339233,-55.647098541259766,89.07061004638672,1.3866409063339233,-55.647098541259766,89.07061004638672,-1.3866409063339233,-55.647090911865234,89.07061004638672,1.3866409063339233,-55.647090911865234,89.07061004638672,Stop,Stepping
1776271766.3882422,13561.362708146,-1.3866409063339233,-55.647098541259766,89.07061004638672,1.3866409063339233,-55.647098541259766,89.07061004638672,-1.3866409063339233,-55.647090911865234,89.07061004638672,1.3866409063339233,-55.647090911865234,89.07061004638672,Stop,Stepping
1776271766.4082325,13561.456176508,-1.3866409063339233,-55.647098541259766,89.07061004638672,1.3866409063339233,-55.647098541259766,89.07061004638672,-1.3866409063339233,-55.647090911865234,89.07061004638672,1.3866409063339233,-55.647090911865234,89.07061004638672,Stop,Stepping
1776271766.428251,13561.458338459,-1.3866409063339233,-55.647098541259766,89.07061004638672,1.3866409063339233,-55.647098541259766,89.07061004638672,-1.3866409063339233,-55.647090911865234,89.07061004638672,1.3866409063339233,-55.647090911865234,89.07061004638672,Stop,Stepping
1776271766.4480765,13561.460408597,-1.3866409063339233,-55.647098541259766,89.07061004638672,1.3866409063339233,-55.647098541259766,89.07061004638672,-1.3866409063339233,-55.647090911865234,89.07061004638672,1.3866409063339233,-55.647090911865234,89.07061004638672,Stop,Stepping
1776271766.4680552,13561.462678773,-1.3866409063339233,-55.647098541259766,89.07061004638672,1.3866409063339233,-55.647098541259766,89.07061004638672,-1.3866409063339233,-55.647090911865234,89.07061004638672,1.3866409063339233,-55.647090911865234,89.07061004638672,Stop,Stepping
1776271766.4880614,13561.464880265,-1.3866409063339233,-55.647098541259766,89.07061004638672,1.3866409063339233,-55.647098541259766,89.07061004638672,-1.3866409063339233,-55.647090911865234,89.07061004638672,1.3866409063339233,-55.647090911865234,89.07061004638672,Stop,Stepping
1776271766.5080688,13561.47982188,-1.3866409063339233,-55.647098541259766,89.07061004638672,1.3866409063339233,-55.647098541259766,89.07061004638672,-1.3866409063339233,-55.647090911865234,89.07061004638672,1.3866409063339233,-55.647090911865234,89.07061004638672,Stop,Stepping
1776271766.5280669,13561.500645785,-1.3866409063339233,-55.647098541259766,89.07061004638672,1.3866409063339233,-55.647098541259766,89.07061004638672,-1.3866409063339233,-55.647090911865234,89.07061004638672,1.3866409063339233,-55.647090911865234,89.07061004638672,Stop,Stepping
1776271766.5480728,13561.555138974,-1.3866409063339233,-55.647098541259766,89.07061004638672,1.3866409063339233,-55.647098541259766,89.07061004638672,-1.3866409063339233,-55.647090911865234,89.07061004638672,1.3866409063339233,-55.647090911865234,89.07061004638672,Stop,Stepping
1776271766.568064,13561.557603248,-1.3866409063339233,-55.647098541259766,89.07061004638672,1.3866409063339233,-55.647098541259766,89.07061004638672,-1.3866409063339233,-55.647090911865234,89.07061004638672,1.3866409063339233,-55.647090911865234,89.07061004638672,Stop,Stepping
1776271766.5880947,13561.561510989,-1.3866409063339233,-55.647098541259766,89.07061004638672,1.3866409063339233,-55.647098541259766,89.07061004638672,-1.3866409063339233,-55.647090911865234,89.07061004638672,1.3866409063339233,-55.647090911865234,89.07061004638672,Stop,Stepping
1776271766.6080558,13561.580577489,-1.3866409063339233,-55.647098541259766,89.07061004638672,1.3866409063339233,-55.647098541259766,89.07061004638672,-1.3866409063339233,-55.647090911865234,89.07061004638672,1.3866409063339233,-55.647090911865234,89.07061004638672,Stop,Stepping
1776271766.6280944,13561.599569882,-1.3866409063339233,-55.647098541259766,89.07061004638672,1.3866409063339233,-55.647098541259766,89.07061004638672,-1.3866409063339233,-55.647090911865234,89.07061004638672,1.3866409063339233,-55.647090911865234,89.07061004638672,Stop,Stepping
1776271766.64812,13561.620814436,-1.3866409063339233,-55.647098541259766,89.07061004638672,1.3866409063339233,-55.647098541259766,89.07061004638672,-1.3866409063339233,-55.647090911865234,89.07061004638672,1.3866409063339233,-55.647090911865234,89.07061004638672,Stop,Stepping
1776271766.6681478,13561.642684868,-1.3866409063339233,-55.647098541259766,89.07061004638672,1.3866409063339233,-55.647098541259766,89.07061004638672,-1.3866409063339233,-55.647090911865234,89.07061004638672,1.3866409063339233,-55.647090911865234,89.07061004638672,Stop,Stepping
1776271766.6881537,13561.663130196,-1.3866409063339233,-55.647098541259766,89.07061004638672,1.3866409063339233,-55.647098541259766,89.07061004638672,-1.3866409063339233,-55.647090911865234,89.07061004638672,1.3866409063339233,-55.647090911865234,89.07061004638672,Stop,Stepping
1776271766.708133,13561.680411167,-1.3866409063339233,-55.647098541259766,89.07061004638672,1.3866409063339233,-55.647098541259766,89.07061004638672,-1.3866409063339233,-55.647090911865234,89.07061004638672,1.3866409063339233,-55.647090911865234,89.07061004638672,Stop,Stepping
1776271766.728098,13561.731995073,-1.3866409063339233,-55.647098541259766,89.07061004638672,1.3866409063339233,-55.647098541259766,89.07061004638672,-1.3866409063339233,-55.647090911865234,89.07061004638672,1.3866409063339233,-55.647090911865234,89.07061004638672,Stop,Stepping
1776271766.7480571,13561.73367373,-1.3866409063339233,-55.647098541259766,89.07061004638672,1.3866409063339233,-55.647098541259766,89.07061004638672,-1.3866409063339233,-55.647090911865234,89.07061004638672,1.3866409063339233,-55.647090911865234,89.07061004638672,Stop,Stepping
1776271766.7680874,13561.740406422,-1.3866409063339233,-55.647098541259766,89.07061004638672,1.3866409063339233,-55.647098541259766,89.07061004638672,-1.3866409063339233,-55.647090911865234,89.07061004638672,1.3866409063339233,-55.647090911865234,89.07061004638672,Stop,Stepping
1776271766.7880921,13561.777237595,-1.3866409063339233,-55.647098541259766,89.07061004638672,1.3866409063339233,-55.647098541259766,89.07061004638672,-1.3866409063339233,-55.647090911865234,89.07061004638672,1.3866409063339233,-55.647090911865234,89.07061004638672,Stop,Stepping
1776271766.8080845,13561.781148885,-1.3866409063339233,-55.647098541259766,89.07061004638672,1.3866409063339233,-55.647098541259766,89.07061004638672,-1.3866409063339233,-55.647090911865234,89.07061004638672,1.3866409063339233,-55.647090911865234,89.07061004638672,Stop,Stepping
1776271766.8281002,13561.799917526,-1.3866409063339233,-55.647098541259766,89.07061004638672,1.3866409063339233,-55.647098541259766,89.07061004638672,-1.3866409063339233,-55.647090911865234,89.07061004638672,1.3866409063339233,-55.647090911865234,89.07061004638672,Stop,Stepping
1776271766.8481705,13561.819740374,-1.3866409063339233,-55.647098541259766,89.07061004638672,1.3866409063339233,-55.647098541259766,89.07061004638672,-1.3866409063339233,-55.647090911865234,89.07061004638672,1.3866409063339233,-55.647090911865234,89.07061004638672,Stop,Stepping
1776271766.8681111,13561.84374245,-1.3866409063339233,-55.647098541259766,89.07061004638672,1.3866409063339233,-55.647098541259766,89.07061004638672,-1.3866409063339233,-55.647090911865234,89.07061004638672,1.3866409063339233,-55.647090911865234,89.07061004638672,Stop,Stepping
1776271766.8881655,13561.859871258,-1.3866409063339233,-55.647098541259766,89.07061004638672,1.3866409063339233,-55.647098541259766,89.07061004638672,-1.3866409063339233,-55.647090911865234,89.07061004638672,1.3866409063339233,-55.647090911865234,89.07061004638672,Stop,Stepping
1776271766.908118,13561.883588494,-1.3866409063339233,-55.647098541259766,89.07061004638672,1.3866409063339233,-55.647098541259766,89.07061004638672,-1.3866409063339233,-55.647090911865234,89.07061004638672,1.3866409063339233,-55.647090911865234,89.07061004638672,Stop,Stepping
1776271766.928118,13561.900176302,-1.3866409063339233,-55.647098541259766,89.07061004638672,1.3866409063339233,-55.647098541259766,89.07061004638672,-1.3866409063339233,-55.647090911865234,89.07061004638672,1.3866409063339233,-55.647090911865234,89.07061004638672,Stop,Stepping
1776271766.9481275,13561.91986198,-1.3866409063339233,-55.647098541259766,89.07061004638672,1.3866409063339233,-55.647098541259766,89.07061004638672,-1.3866409063339233,-55.647090911865234,89.07061004638672,1.3866409063339233,-55.647090911865234,89.07061004638672,Stop,Stepping
1776271766.9681268,13561.941134421,-1.3866409063339233,-55.647098541259766,89.07061004638672,1.3866409063339233,-55.647098541259766,89.07061004638672,-1.3866409063339233,-55.647090911865234,89.07061004638672,1.3866409063339233,-55.647090911865234,89.07061004638672,Stop,Stepping
1776271766.9881554,13561.96170868,-1.3866409063339233,-55.647098541259766,89.07061004638672,1.3866409063339233,-55.647098541259766,89.07061004638672,-1.3866409063339233,-55.647090911865234,89.07061004638672,1.3866409063339233,-55.647090911865234,89.07061004638672,Stop,Stepping
1776271767.0080976,13561.979355501,-1.3866409063339233,-55.647098541259766,89.07061004638672,1.3866409063339233,-55.647098541259766,89.07061004638672,-1.3866409063339233,-55.647090911865234,89.07061004638672,1.3866409063339233,-55.647090911865234,89.07061004638672,Stop,Stepping
1776271767.028082,13562.003286673,-1.3866409063339233,-55.647098541259766,89.07061004638672,1.3866409063339233,-55.647098541259766,89.07061004638672,-1.3866409063339233,-55.647090911865234,89.07061004638672,1.3866409063339233,-55.647090911865234,89.07061004638672,Stop,Stepping
1776271767.048237,13562.019163139,-1.3866409063339233,-55.647098541259766,89.07061004638672,1.3866409063339233,-55.647098541259766,89.07061004638672,-1.3866409063339233,-55.647090911865234,89.07061004638672,1.3866409063339233,-55.647090911865234,89.07061004638672,Stop,Stepping
1776271767.068092,13562.038923501,-1.3866409063339233,-55.647098541259766,89.07061004638672,1.3866409063339233,-55.647098541259766,89.07061004638672,-1.3866409063339233,-55.647090911865234,89.07061004638672,1.3866409063339233,-55.647090911865234,89.07061004638672,Stop,Stepping
1776271767.0881057,13562.068565636,-1.3866409063339233,-55.647098541259766,89.07061004638672,1.3866409063339233,-55.647098541259766,89.07061004638672,-1.3866409063339233,-55.647090911865234,89.07061004638672,1.3866409063339233,-55.647090911865234,89.07061004638672,Stop,Stepping
1776271767.1081157,13562.088282952,-1.3866409063339233,-55.647098541259766,89.07061004638672,1.3866409063339233,-55.647098541259766,89.07061004638672,-1.3866409063339233,-55.647090911865234,89.07061004638672,1.3866409063339233,-55.647090911865234,89.07061004638672,Stop,Stepping
1776271767.128115,13562.104195415,-1.3866409063339233,-55.647098541259766,89.07061004638672,1.3866409063339233,-55.647098541259766,89.07061004638672,-1.3866409063339233,-55.647090911865234,89.07061004638672,1.3866409063339233,-55.647090911865234,89.07061004638672,Stop,Stepping
1776271767.1480894,13562.119769964,-1.3866409063339233,-55.647098541259766,89.07061004638672,1.3866409063339233,-55.647098541259766,89.07061004638672,-1.3866409063339233,-55.647090911865234,89.07061004638672,1.3866409063339233,-55.647090911865234,89.07061004638672,Stop,Stepping
1776271767.1681094,13562.139793638,-1.3866409063339233,-55.647098541259766,89.07061004638672,1.3866409063339233,-55.647098541259766,89.07061004638672,-1.3866409063339233,-55.647090911865234,89.07061004638672,1.3866409063339233,-55.647090911865234,89.07061004638672,Stop,Stepping
1776271767.1881177,13562.160354259,-1.3866409063339233,-55.647098541259766,89.07061004638672,1.3866409063339233,-55.647098541259766,89.07061004638672,-1.3866409063339233,-55.647090911865234,89.07061004638672,1.3866409063339233,-55.647090911865234,89.07061004638672,Stop,Stepping
1776271767.208089,13562.181732744,-1.3866409063339233,-55.647098541259766,89.07061004638672,1.3866409063339233,-55.647098541259766,89.07061004638672,-1.3866409063339233,-55.647090911865234,89.07061004638672,1.3866409063339233,-55.647090911865234,89.07061004638672,Stop,Stepping
1776271767.2281096,13562.20056706,-1.3866409063339233,-55.647098541259766,89.07061004638672,1.3866409063339233,-55.647098541259766,89.07061004638672,-1.3866409063339233,-55.647090911865234,89.07061004638672,1.3866409063339233,-55.647090911865234,89.07061004638672,Stop,Stepping
1776271767.2481449,13562.221326679,-1.3866409063339233,-55.647098541259766,89.07061004638672,1.3866409063339233,-55.647098541259766,89.07061004638672,-1.3866409063339233,-55.647090911865234,89.07061004638672,1.3866409063339233,-55.647090911865234,89.07061004638672,Stop,Stepping
1776271767.2680702,13562.240510981,-1.3866409063339233,-55.647098541259766,89.07061004638672,1.3866409063339233,-55.647098541259766,89.07061004638672,-1.3866409063339233,-55.647090911865234,89.07061004638672,1.3866409063339233,-55.647090911865234,89.07061004638672,Stop,Stepping
1776271767.2880578,13562.260086865,-1.3866409063339233,-55.647098541259766,89.07061004638672,1.3866409063339233,-55.647098541259766,89.07061004638672,-1.3866409063339233,-55.647090911865234,89.07061004638672,1.3866409063339233,-55.647090911865234,89.07061004638672,Stop,Stepping
1776271767.3080652,13562.281580255,-1.3866409063339233,-55.647098541259766,89.07061004638672,1.3866409063339233,-55.647098541259766,89.07061004638672,-1.3866409063339233,-55.647090911865234,89.07061004638672,1.3866409063339233,-55.647090911865234,89.07061004638672,Stop,Stepping
1776271767.3280632,13562.30515696,-1.3866409063339233,-55.647098541259766,89.07061004638672,1.3866409063339233,-55.647098541259766,89.07061004638672,-1.3866409063339233,-55.647090911865234,89.07061004638672,1.3866409063339233,-55.647090911865234,89.07061004638672,Stop,Stepping
1776271767.3480701,13562.326752158,-1.3866409063339233,-55.647098541259766,89.07061004638672,1.3866409063339233,-55.647098541259766,89.07061004638672,-1.3866409063339233,-55.647090911865234,89.07061004638672,1.3866409063339233,-55.647090911865234,89.07061004638672,Stop,Stepping
1776271767.368059,13562.339134174,-1.3866409063339233,-55.647098541259766,89.07061004638672,1.3866409063339233,-55.647098541259766,89.07061004638672,-1.3866409063339233,-55.647090911865234,89.07061004638672,1.3866409063339233,-55.647090911865234,89.07061004638672,Stop,Stepping
1776271767.388064,13562.363056196,-1.3866409063339233,-55.647098541259766,89.07061004638672,1.3866409063339233,-55.647098541259766,89.07061004638672,-1.3866409063339233,-55.647090911865234,89.07061004638672,1.3866409063339233,-55.647090911865234,89.07061004638672,Stop,Stepping
1776271767.4080641,13562.384454194,-1.3866409063339233,-55.647098541259766,89.07061004638672,1.3866409063339233,-55.647098541259766,89.07061004638672,-1.3866409063339233,-55.647090911865234,89.07061004638672,1.3866409063339233,-55.647090911865234,89.07061004638672,Stop,Stepping
1776271767.4280646,13562.402071831,-1.3866409063339233,-55.647098541259766,89.07061004638672,1.3866409063339233,-55.647098541259766,89.07061004638672,-1.3866409063339233,-55.647090911865234,89.07061004638672,1.3866409063339233,-55.647090911865234,89.07061004638672,Stop,Stepping
1776271767.4480596,13562.420465862,-1.3866409063339233,-55.647098541259766,89.07061004638672,1.3866409063339233,-55.647098541259766,89.07061004638672,-1.3866409063339233,-55.647090911865234,89.07061004638672,1.3866409063339233,-55.647090911865234,89.07061004638672,Stop,Stepping
1776271767.4680831,13562.445406514,-1.3866409063339233,-55.647098541259766,89.07061004638672,1.3866409063339233,-55.647098541259766,89.07061004638672,-1.3866409063339233,-55.647090911865234,89.07061004638672,1.3866409063339233,-55.647090911865234,89.07061004638672,Stop,Stepping
1776271767.488071,13562.458978273,-1.3866409063339233,-55.647098541259766,89.07061004638672,1.3866409063339233,-55.647098541259766,89.07061004638672,-1.3866409063339233,-55.647090911865234,89.07061004638672,1.3866409063339233,-55.647090911865234,89.07061004638672,Stop,Stepping
1776271767.5080876,13562.479060947,-1.3866409063339233,-55.647098541259766,89.07061004638672,1.3866409063339233,-55.647098541259766,89.07061004638672,-1.3866409063339233,-55.647090911865234,89.07061004638672,1.3866409063339233,-55.647090911865234,89.07061004638672,Stop,Stepping
1776271767.5280879,13562.503387986,-1.3866409063339233,-55.647098541259766,89.07061004638672,1.3866409063339233,-55.647098541259766,89.07061004638672,-1.3866409063339233,-55.647090911865234,89.07061004638672,1.3866409063339233,-55.647090911865234,89.07061004638672,Stop,Stepping
1776271767.548088,13562.519124027,-1.3866409063339233,-55.647098541259766,89.07061004638672,1.3866409063339233,-55.647098541259766,89.07061004638672,-1.3866409063339233,-55.647090911865234,89.07061004638672,1.3866409063339233,-55.647090911865234,89.07061004638672,Stop,Stepping
1776271767.5680711,13562.545936536,-1.3866409063339233,-55.647098541259766,89.07061004638672,1.3866409063339233,-55.647098541259766,89.07061004638672,-1.3866409063339233,-55.647090911865234,89.07061004638672,1.3866409063339233,-55.647090911865234,89.07061004638672,Stop,Stepping
1776271767.5880861,13562.561720101,-1.3866409063339233,-55.647098541259766,89.07061004638672,1.3866409063339233,-55.647098541259766,89.07061004638672,-1.3866409063339233,-55.647090911865234,89.07061004638672,1.3866409063339233,-55.647090911865234,89.07061004638672,Stop,Stepping
1776271767.608072,13562.59290676,-1.3866409063339233,-55.647098541259766,89.07061004638672,1.3866409063339233,-55.647098541259766,89.07061004638672,-1.3866409063339233,-55.647090911865234,89.07061004638672,1.3866409063339233,-55.647090911865234,89.07061004638672,Stop,Stepping
1776271767.628078,13562.603724881,-1.3866409063339233,-55.647098541259766,89.07061004638672,1.3866409063339233,-55.647098541259766,89.07061004638672,-1.3866409063339233,-55.647090911865234,89.07061004638672,1.3866409063339233,-55.647090911865234,89.07061004638672,Stop,Stepping
1776271767.648087,13562.620105195,-1.3866409063339233,-55.647098541259766,89.07061004638672,1.3866409063339233,-55.647098541259766,89.07061004638672,-1.3866409063339233,-55.647090911865234,89.07061004638672,1.3866409063339233,-55.647090911865234,89.07061004638672,Stop,Stepping
1776271767.6680865,13562.641963753,-1.3866409063339233,-55.647098541259766,89.07061004638672,1.3866409063339233,-55.647098541259766,89.07061004638672,-1.3866409063339233,-55.647090911865234,89.07061004638672,1.3866409063339233,-55.647090911865234,89.07061004638672,Stop,Stepping
1776271767.6882725,13562.660772163,-1.3866409063339233,-55.647098541259766,89.07061004638672,1.3866409063339233,-55.647098541259766,89.07061004638672,-1.3866409063339233,-55.647090911865234,89.07061004638672,1.3866409063339233,-55.647090911865234,89.07061004638672,Stop,Stepping
1776271767.7080715,13562.685175414,-1.3866409063339233,-55.647098541259766,89.07061004638672,1.3866409063339233,-55.647098541259766,89.07061004638672,-1.3866409063339233,-55.647090911865234,89.07061004638672,1.3866409063339233,-55.647090911865234,89.07061004638672,Stop,Stepping
1776271767.7282712,13562.70398255,-1.3866409063339233,-55.647098541259766,89.07061004638672,1.3866409063339233,-55.647098541259766,89.07061004638672,-1.3866409063339233,-55.647090911865234,89.07061004638672,1.3866409063339233,-55.647090911865234,89.07061004638672,Stop,Stepping
1776271767.7482982,13562.719420299,-1.3866409063339233,-55.647098541259766,89.07061004638672,1.3866409063339233,-55.647098541259766,89.07061004638672,-1.3866409063339233,-55.647090911865234,89.07061004638672,1.3866409063339233,-55.647090911865234,89.07061004638672,Stop,Stepping
1776271767.7681422,13562.74436876,-1.3866409063339233,-55.647098541259766,89.07061004638672,1.3866409063339233,-55.647098541259766,89.07061004638672,-1.3866409063339233,-55.647090911865234,89.07061004638672,1.3866409063339233,-55.647090911865234,89.07061004638672,Stop,Stepping
1776271767.788092,13562.804633108,-1.3866409063339233,-55.647098541259766,89.07061004638672,1.3866409063339233,-55.647098541259766,89.07061004638672,-1.3866409063339233,-55.647090911865234,89.07061004638672,1.3866409063339233,-55.647090911865234,89.07061004638672,Stop,Stepping
1776271767.8081045,13562.808298882,-1.3866409063339233,-55.647098541259766,89.07061004638672,1.3866409063339233,-55.647098541259766,89.07061004638672,-1.3866409063339233,-55.647090911865234,89.07061004638672,1.3866409063339233,-55.647090911865234,89.07061004638672,Stop,Stepping
1776271767.8281922,13562.809938441,-1.3866409063339233,-55.647098541259766,89.07061004638672,1.3866409063339233,-55.647098541259766,89.07061004638672,-1.3866409063339233,-55.647090911865234,89.07061004638672,1.3866409063339233,-55.647090911865234,89.07061004638672,Stop,Stepping
1776271767.8481698,13562.825320828,-1.3866409063339233,-55.647098541259766,89.07061004638672,1.3866409063339233,-55.647098541259766,89.07061004638672,-1.3866409063339233,-55.647090911865234,89.07061004638672,1.3866409063339233,-55.647090911865234,89.07061004638672,Stop,Stepping
1776271767.8681753,13562.849129981,-1.3866409063339233,-55.647098541259766,89.07061004638672,1.3866409063339233,-55.647098541259766,89.07061004638672,-1.3866409063339233,-55.647090911865234,89.07061004638672,1.3866409063339233,-55.647090911865234,89.07061004638672,Stop,Stepping
1776271767.8881106,13562.859138645,-1.3866409063339233,-55.647098541259766,89.07061004638672,1.3866409063339233,-55.647098541259766,89.07061004638672,-1.3866409063339233,-55.647090911865234,89.07061004638672,1.3866409063339233,-55.647090911865234,89.07061004638672,Stop,Stepping
1776271767.9081237,13562.88124299,-1.3866409063339233,-55.647098541259766,89.07061004638672,1.3866409063339233,-55.647098541259766,89.07061004638672,-1.3866409063339233,-55.647090911865234,89.07061004638672,1.3866409063339233,-55.647090911865234,89.07061004638672,Stop,Stepping
1776271767.9281325,13562.901434015,-1.3866409063339233,-55.647098541259766,89.07061004638672,1.3866409063339233,-55.647098541259766,89.07061004638672,-1.3866409063339233,-55.647090911865234,89.07061004638672,1.3866409063339233,-55.647090911865234,89.07061004638672,Stop,Stepping
1776271767.9480906,13562.919193923,-1.3866409063339233,-55.647098541259766,89.07061004638672,1.3866409063339233,-55.647098541259766,89.07061004638672,-1.3866409063339233,-55.647090911865234,89.07061004638672,1.3866409063339233,-55.647090911865234,89.07061004638672,Stop,Stepping
1776271767.9681056,13562.939209425,-1.3866409063339233,-55.647098541259766,89.07061004638672,1.3866409063339233,-55.647098541259766,89.07061004638672,-1.3866409063339233,-55.647090911865234,89.07061004638672,1.3866409063339233,-55.647090911865234,89.07061004638672,Stop,Stepping
1776271767.9881003,13562.959585698,-1.3866409063339233,-55.647098541259766,89.07061004638672,1.3866409063339233,-55.647098541259766,89.07061004638672,-1.3866409063339233,-55.647090911865234,89.07061004638672,1.3866409063339233,-55.647090911865234,89.07061004638672,Stop,Stepping
1776271768.0080843,13562.981618745,-1.3866409063339233,-55.647098541259766,89.07061004638672,1.3866409063339233,-55.647098541259766,89.07061004638672,-1.3866409063339233,-55.647090911865234,89.07061004638672,1.3866409063339233,-55.647090911865234,89.07061004638672,Stop,Stepping
1776271768.028089,13563.001183234,-1.3866409063339233,-55.647098541259766,89.07061004638672,1.3866409063339233,-55.647098541259766,89.07061004638672,-1.3866409063339233,-55.647090911865234,89.07061004638672,1.3866409063339233,-55.647090911865234,89.07061004638672,Stop,Stepping
1776271768.0480926,13563.020607104,-1.3866409063339233,-55.647098541259766,89.07061004638672,1.3866409063339233,-55.647098541259766,89.07061004638672,-1.3866409063339233,-55.647090911865234,89.07061004638672,1.3866409063339233,-55.647090911865234,89.07061004638672,Stop,Stepping
1776271768.068168,13563.039131141,-1.3866409063339233,-55.647098541259766,89.07061004638672,1.3866409063339233,-55.647098541259766,89.07061004638672,-1.3866409063339233,-55.647090911865234,89.07061004638672,1.3866409063339233,-55.647090911865234,89.07061004638672,Stop,Stepping
1776271768.088098,13563.060483974,-1.3866409063339233,-55.647098541259766,89.07061004638672,1.3866409063339233,-55.647098541259766,89.07061004638672,-1.3866409063339233,-55.647090911865234,89.07061004638672,1.3866409063339233,-55.647090911865234,89.07061004638672,Stop,Stepping
1776271768.10818,13563.079155533,-1.3866409063339233,-55.647098541259766,89.07061004638672,1.3866409063339233,-55.647098541259766,89.07061004638672,-1.3866409063339233,-55.647090911865234,89.07061004638672,1.3866409063339233,-55.647090911865234,89.07061004638672,Stop,Stepping
1776271768.1281462,13563.099179277,-1.3866409063339233,-55.647098541259766,89.07061004638672,1.3866409063339233,-55.647098541259766,89.07061004638672,-1.3866409063339233,-55.647090911865234,89.07061004638672,1.3866409063339233,-55.647090911865234,89.07061004638672,Stop,Stepping
1776271768.1481483,13563.13149481,-1.3866409063339233,-55.647098541259766,89.07061004638672,1.3866409063339233,-55.647098541259766,89.07061004638672,-1.3866409063339233,-55.647090911865234,89.07061004638672,1.3866409063339233,-55.647090911865234,89.07061004638672,Stop,Stepping
1776271768.1681278,13563.139426366,-1.3866409063339233,-55.647098541259766,89.07061004638672,1.3866409063339233,-55.647098541259766,89.07061004638672,-1.3866409063339233,-55.647090911865234,89.07061004638672,1.3866409063339233,-55.647090911865234,89.07061004638672,Stop,Stepping
1776271768.188102,13563.159207393,-1.3866409063339233,-55.647098541259766,89.07061004638672,1.3866409063339233,-55.647098541259766,89.07061004638672,-1.3866409063339233,-55.647090911865234,89.07061004638672,1.3866409063339233,-55.647090911865234,89.07061004638672,Stop,Stepping
1776271768.208097,13563.180222736,-1.3866409063339233,-55.647098541259766,89.07061004638672,1.3866409063339233,-55.647098541259766,89.07061004638672,-1.3866409063339233,-55.647090911865234,89.07061004638672,1.3866409063339233,-55.647090911865234,89.07061004638672,Stop,Stepping
1776271768.2281685,13563.19940942,-1.3866409063339233,-55.647098541259766,89.07061004638672,1.3866409063339233,-55.647098541259766,89.07061004638672,-1.3866409063339233,-55.647090911865234,89.07061004638672,1.3866409063339233,-55.647090911865234,89.07061004638672,Stop,Stepping
1776271768.2481596,13563.219847038,-1.3866409063339233,-55.647098541259766,89.07061004638672,1.3866409063339233,-55.647098541259766,89.07061004638672,-1.3866409063339233,-55.647090911865234,89.07061004638672,1.3866409063339233,-55.647090911865234,89.07061004638672,Stop,Stepping
1776271768.2681074,13563.239409567,-1.3866409063339233,-55.647098541259766,89.07061004638672,1.3866409063339233,-55.647098541259766,89.07061004638672,-1.3866409063339233,-55.647090911865234,89.07061004638672,1.3866409063339233,-55.647090911865234,89.07061004638672,Stop,Stepping
1776271768.288087,13563.25965392,-1.3866409063339233,-55.647098541259766,89.07061004638672,1.3866409063339233,-55.647098541259766,89.07061004638672,-1.3866409063339233,-55.647090911865234,89.07061004638672,1.3866409063339233,-55.647090911865234,89.07061004638672,Stop,Stepping
1776271768.3081026,13563.283145262,-1.3866409063339233,-55.647098541259766,89.07061004638672,1.3866409063339233,-55.647098541259766,89.07061004638672,-1.3866409063339233,-55.647090911865234,89.07061004638672,1.3866409063339233,-55.647090911865234,89.07061004638672,Stop,Stepping
1776271768.3280928,13563.299623695,-1.3866409063339233,-55.647098541259766,89.07061004638672,1.3866409063339233,-55.647098541259766,89.07061004638672,-1.3866409063339233,-55.647090911865234,89.07061004638672,1.3866409063339233,-55.647090911865234,89.07061004638672,Stop,Stepping
1776271768.3481855,13563.321621114,-1.3866409063339233,-55.647098541259766,89.07061004638672,1.3866409063339233,-55.647098541259766,89.07061004638672,-1.3866409063339233,-55.647090911865234,89.07061004638672,1.3866409063339233,-55.647090911865234,89.07061004638672,Stop,Stepping
1776271768.3681781,13563.339091667,-1.3866409063339233,-55.647098541259766,89.07061004638672,1.3866409063339233,-55.647098541259766,89.07061004638672,-1.3866409063339233,-55.647090911865234,89.07061004638672,1.3866409063339233,-55.647090911865234,89.07061004638672,Stop,Stepping
1776271768.388132,13563.36050949,-1.3866409063339233,-55.647098541259766,89.07061004638672,1.3866409063339233,-55.647098541259766,89.07061004638672,-1.3866409063339233,-55.647090911865234,89.07061004638672,1.3866409063339233,-55.647090911865234,89.07061004638672,Stop,Stepping
1776271768.4081004,13563.381129179,-1.3866409063339233,-55.647098541259766,89.07061004638672,1.3866409063339233,-55.647098541259766,89.07061004638672,-1.3866409063339233,-55.647090911865234,89.07061004638672,1.3866409063339233,-55.647090911865234,89.07061004638672,Stop,Stepping
1776271768.4281049,13563.401236529,-1.3866409063339233,-55.647098541259766,89.07061004638672,1.3866409063339233,-55.647098541259766,89.07061004638672,-1.3866409063339233,-55.647090911865234,89.07061004638672,1.3866409063339233,-55.647090911865234,89.07061004638672,Stop,Stepping
1776271768.4482625,13563.419824085,-1.3866409063339233,-55.647098541259766,89.07061004638672,1.3866409063339233,-55.647098541259766,89.07061004638672,-1.3866409063339233,-55.647090911865234,89.07061004638672,1.3866409063339233,-55.647090911865234,89.07061004638672,Stop,Stepping
1776271768.4681737,13563.443117296,-1.3866409063339233,-55.647098541259766,89.07061004638672,1.3866409063339233,-55.647098541259766,89.07061004638672,-1.3866409063339233,-55.647090911865234,89.07061004638672,1.3866409063339233,-55.647090911865234,89.07061004638672,Stop,Stepping
1776271768.4880877,13563.463180504,-1.3866409063339233,-55.647098541259766,89.07061004638672,1.3866409063339233,-55.647098541259766,89.07061004638672,-1.3866409063339233,-55.647090911865234,89.07061004638672,1.3866409063339233,-55.647090911865234,89.07061004638672,Stop,Stepping
1776271768.5081222,13563.484910252,-1.3866409063339233,-55.647098541259766,89.07061004638672,1.3866409063339233,-55.647098541259766,89.07061004638672,-1.3866409063339233,-55.647090911865234,89.07061004638672,1.3866409063339233,-55.647090911865234,89.07061004638672,Stop,Stepping
1776271768.5281408,13563.500012422,-1.3866409063339233,-55.647098541259766,89.07061004638672,1.3866409063339233,-55.647098541259766,89.07061004638672,-1.3866409063339233,-55.647090911865234,89.07061004638672,1.3866409063339233,-55.647090911865234,89.07061004638672,Stop,Stepping
1776271768.54815,13563.51970096,-1.3866409063339233,-55.647098541259766,89.07061004638672,1.3866409063339233,-55.647098541259766,89.07061004638672,-1.3866409063339233,-55.647090911865234,89.07061004638672,1.3866409063339233,-55.647090911865234,89.07061004638672,Stop,Stepping
1776271768.568137,13563.539144014,-1.3866409063339233,-55.647098541259766,89.07061004638672,1.3866409063339233,-55.647098541259766,89.07061004638672,-1.3866409063339233,-55.647090911865234,89.07061004638672,1.3866409063339233,-55.647090911865234,89.07061004638672,Stop,Stepping
1776271768.5881586,13563.559220128,-1.3866409063339233,-55.647098541259766,89.07061004638672,1.3866409063339233,-55.647098541259766,89.07061004638672,-1.3866409063339233,-55.647090911865234,89.07061004638672,1.3866409063339233,-55.647090911865234,89.07061004638672,Stop,Stepping
1776271768.608109,13563.587046737,-1.3866409063339233,-55.647098541259766,89.07061004638672,1.3866409063339233,-55.647098541259766,89.07061004638672,-1.3866409063339233,-55.647090911865234,89.07061004638672,1.3866409063339233,-55.647090911865234,89.07061004638672,Stop,Stepping
1776271768.6281536,13563.654119304,-1.3866409063339233,-55.647098541259766,89.07061004638672,1.3866409063339233,-55.647098541259766,89.07061004638672,-1.3866409063339233,-55.647090911865234,89.07061004638672,1.3866409063339233,-55.647090911865234,89.07061004638672,Stop,Stepping
1776271768.6481323,13563.65801244,-1.3866409063339233,-55.647098541259766,89.07061004638672,1.3866409063339233,-55.647098541259766,89.07061004638672,-1.3866409063339233,-55.647090911865234,89.07061004638672,1.3866409063339233,-55.647090911865234,89.07061004638672,Stop,Stepping
1776271768.668166,13563.658322129,-1.3866409063339233,-55.647098541259766,89.07061004638672,1.3866409063339233,-55.647098541259766,89.07061004638672,-1.3866409063339233,-55.647090911865234,89.07061004638672,1.3866409063339233,-55.647090911865234,89.07061004638672,Stop,Stepping
1776271768.688087,13563.698281635,-1.3866409063339233,-55.647098541259766,89.07061004638672,1.3866409063339233,-55.647098541259766,89.07061004638672,-1.3866409063339233,-55.647090911865234,89.07061004638672,1.3866409063339233,-55.647090911865234,89.07061004638672,Stop,Stepping
1776271768.708163,13563.698803839,-1.3866409063339233,-55.647098541259766,89.07061004638672,1.3866409063339233,-55.647098541259766,89.07061004638672,-1.3866409063339233,-55.647090911865234,89.07061004638672,1.3866409063339233,-55.647090911865234,89.07061004638672,Stop,Stepping
1776271768.7281504,13563.700337356,-1.3866409063339233,-55.647098541259766,89.07061004638672,1.3866409063339233,-55.647098541259766,89.07061004638672,-1.3866409063339233,-55.647090911865234,89.07061004638672,1.3866409063339233,-55.647090911865234,89.07061004638672,Stop,Stepping
1776271768.7481565,13563.71922082,-1.3866409063339233,-55.647098541259766,89.07061004638672,1.3866409063339233,-55.647098541259766,89.07061004638672,-1.3866409063339233,-55.647090911865234,89.07061004638672,1.3866409063339233,-55.647090911865234,89.07061004638672,Stop,Stepping
1776271768.7681334,13563.739186902,-1.3866409063339233,-55.647098541259766,89.07061004638672,1.3866409063339233,-55.647098541259766,89.07061004638672,-1.3866409063339233,-55.647090911865234,89.07061004638672,1.3866409063339233,-55.647090911865234,89.07061004638672,Stop,Stepping
1776271768.7881238,13563.760408097,-1.3866409063339233,-55.647098541259766,89.07061004638672,1.3866409063339233,-55.647098541259766,89.07061004638672,-1.3866409063339233,-55.647090911865234,89.07061004638672,1.3866409063339233,-55.647090911865234,89.07061004638672,Stop,Stepping
1776271768.8081324,13563.779709374,-1.3866409063339233,-55.647098541259766,89.07061004638672,1.3866409063339233,-55.647098541259766,89.07061004638672,-1.3866409063339233,-55.647090911865234,89.07061004638672,1.3866409063339233,-55.647090911865234,89.07061004638672,Stop,Stepping
1776271768.8281193,13563.804280282,-1.3866409063339233,-55.647098541259766,89.07061004638672,1.3866409063339233,-55.647098541259766,89.07061004638672,-1.3866409063339233,-55.647090911865234,89.07061004638672,1.3866409063339233,-55.647090911865234,89.07061004638672,Stop,Stepping
1776271768.8481452,13563.822737841,-1.3866409063339233,-55.647098541259766,89.07061004638672,1.3866409063339233,-55.647098541259766,89.07061004638672,-1.3866409063339233,-55.647090911865234,89.07061004638672,1.3866409063339233,-55.647090911865234,89.07061004638672,Stop,Stepping
1776271768.8681617,13563.843547719,-1.3866409063339233,-55.647098541259766,89.07061004638672,1.3866409063339233,-55.647098541259766,89.07061004638672,-1.3866409063339233,-55.647090911865234,89.07061004638672,1.3866409063339233,-55.647090911865234,89.07061004638672,Stop,Stepping
1776271768.888098,13563.86094307,-1.3866409063339233,-55.647098541259766,89.07061004638672,1.3866409063339233,-55.647098541259766,89.07061004638672,-1.3866409063339233,-55.647090911865234,89.07061004638672,1.3866409063339233,-55.647090911865234,89.07061004638672,Stop,Stepping
1776271768.9081326,13563.881785513,-1.3866409063339233,-55.647098541259766,89.07061004638672,1.3866409063339233,-55.647098541259766,89.07061004638672,-1.3866409063339233,-55.647090911865234,89.07061004638672,1.3866409063339233,-55.647090911865234,89.07061004638672,Stop,Stepping
1776271768.9281828,13563.899410589,-1.3866409063339233,-55.647098541259766,89.07061004638672,1.3866409063339233,-55.647098541259766,89.07061004638672,-1.3866409063339233,-55.647090911865234,89.07061004638672,1.3866409063339233,-55.647090911865234,89.07061004638672,Stop,Stepping
1776271768.9481404,13563.919639563,-1.3866409063339233,-55.647098541259766,89.07061004638672,1.3866409063339233,-55.647098541259766,89.07061004638672,-1.3866409063339233,-55.647090911865234,89.07061004638672,1.3866409063339233,-55.647090911865234,89.07061004638672,Stop,Stepping
1776271768.9681103,13563.941975441,-1.3866409063339233,-55.647098541259766,89.07061004638672,1.3866409063339233,-55.647098541259766,89.07061004638672,-1.3866409063339233,-55.647090911865234,89.07061004638672,1.3866409063339233,-55.647090911865234,89.07061004638672,Stop,Stepping
1776271768.988133,13563.964354757,-1.3866409063339233,-55.647098541259766,89.07061004638672,1.3866409063339233,-55.647098541259766,89.07061004638672,-1.3866409063339233,-55.647090911865234,89.07061004638672,1.3866409063339233,-55.647090911865234,89.07061004638672,Stop,Stepping
1776271769.0081635,13563.981660414,-1.3866409063339233,-55.647098541259766,89.07061004638672,1.3866409063339233,-55.647098541259766,89.07061004638672,-1.3866409063339233,-55.647090911865234,89.07061004638672,1.3866409063339233,-55.647090911865234,89.07061004638672,Stop,Stepping
1776271769.0281255,13564.001083885,-1.3866409063339233,-55.647098541259766,89.07061004638672,1.3866409063339233,-55.647098541259766,89.07061004638672,-1.3866409063339233,-55.647090911865234,89.07061004638672,1.3866409063339233,-55.647090911865234,89.07061004638672,Stop,Stepping
1776271769.048173,13564.025085994,-1.3866409063339233,-55.647098541259766,89.07061004638672,1.3866409063339233,-55.647098541259766,89.07061004638672,-1.3866409063339233,-55.647090911865234,89.07061004638672,1.3866409063339233,-55.647090911865234,89.07061004638672,Stop,Stepping
1776271769.0681324,13564.04314529,-1.3866409063339233,-55.647098541259766,89.07061004638672,1.3866409063339233,-55.647098541259766,89.07061004638672,-1.3866409063339233,-55.647090911865234,89.07061004638672,1.3866409063339233,-55.647090911865234,89.07061004638672,Stop,Stepping
1776271769.0880995,13564.061510822,-1.3866409063339233,-55.647098541259766,89.07061004638672,1.3866409063339233,-55.647098541259766,89.07061004638672,-1.3866409063339233,-55.647090911865234,89.07061004638672,1.3866409063339233,-55.647090911865234,89.07061004638672,Stop,Stepping
1776271769.108099,13564.079850273,-1.3866409063339233,-55.647098541259766,89.07061004638672,1.3866409063339233,-55.647098541259766,89.07061004638672,-1.3866409063339233,-55.647090911865234,89.07061004638672,1.3866409063339233,-55.647090911865234,89.07061004638672,Stop,Stepping
1776271769.12809,13564.103616069,-1.3866409063339233,-55.647098541259766,89.07061004638672,1.3866409063339233,-55.647098541259766,89.07061004638672,-1.3866409063339233,-55.647090911865234,89.07061004638672,1.3866409063339233,-55.647090911865234,89.07061004638672,Stop,Stepping
1776271769.1480985,13564.119982316,-1.3866409063339233,-55.647098541259766,89.07061004638672,1.3866409063339233,-55.647098541259766,89.07061004638672,-1.3866409063339233,-55.647090911865234,89.07061004638672,1.3866409063339233,-55.647090911865234,89.07061004638672,Stop,Stepping
1776271769.168108,13564.139521971,-1.3866409063339233,-55.647098541259766,89.07061004638672,1.3866409063339233,-55.647098541259766,89.07061004638672,-1.3866409063339233,-55.647090911865234,89.07061004638672,1.3866409063339233,-55.647090911865234,89.07061004638672,Stop,Stepping
1776271769.1881056,13564.173219526,-1.3866409063339233,-55.647098541259766,89.07061004638672,1.3866409063339233,-55.647098541259766,89.07061004638672,-1.3866409063339233,-55.647090911865234,89.07061004638672,1.3866409063339233,-55.647090911865234,89.07061004638672,Stop,Stepping
1776271769.2081013,13564.184836495,-1.3866409063339233,-55.647098541259766,89.07061004638672,1.3866409063339233,-55.647098541259766,89.07061004638672,-1.3866409063339233,-55.647090911865234,89.07061004638672,1.3866409063339233,-55.647090911865234,89.07061004638672,Stop,Stepping
1776271769.2280972,13564.19973649,-1.3866409063339233,-55.647098541259766,89.07061004638672,1.3866409063339233,-55.647098541259766,89.07061004638672,-1.3866409063339233,-55.647090911865234,89.07061004638672,1.3866409063339233,-55.647090911865234,89.07061004638672,Stop,Stepping
1776271769.2481046,13564.221704194,-1.3866409063339233,-55.647098541259766,89.07061004638672,1.3866409063339233,-55.647098541259766,89.07061004638672,-1.3866409063339233,-55.647090911865234,89.07061004638672,1.3866409063339233,-55.647090911865234,89.07061004638672,Stop,Stepping
1776271769.2681086,13564.245398213,-1.3866409063339233,-55.647098541259766,89.07061004638672,1.3866409063339233,-55.647098541259766,89.07061004638672,-1.3866409063339233,-55.647090911865234,89.07061004638672,1.3866409063339233,-55.647090911865234,89.07061004638672,Stop,Stepping
1776271769.2881043,13564.260330857,-1.3866409063339233,-55.647098541259766,89.07061004638672,1.3866409063339233,-55.647098541259766,89.07061004638672,-1.3866409063339233,-55.647090911865234,89.07061004638672,1.3866409063339233,-55.647090911865234,89.07061004638672,Stop,Stepping
1776271769.3081033,13564.280599737,-1.3866409063339233,-55.647098541259766,89.07061004638672,1.3866409063339233,-55.647098541259766,89.07061004638672,-1.3866409063339233,-55.647090911865234,89.07061004638672,1.3866409063339233,-55.647090911865234,89.07061004638672,Stop,Stepping
1776271769.3281345,13564.299969837,-1.3866409063339233,-55.647098541259766,89.07061004638672,1.3866409063339233,-55.647098541259766,89.07061004638672,-1.3866409063339233,-55.647090911865234,89.07061004638672,1.3866409063339233,-55.647090911865234,89.07061004638672,Stop,Stepping
1776271769.3481226,13564.319960431,-1.3866409063339233,-55.647098541259766,89.07061004638672,1.3866409063339233,-55.647098541259766,89.07061004638672,-1.3866409063339233,-55.647090911865234,89.07061004638672,1.3866409063339233,-55.647090911865234,89.07061004638672,Stop,Stepping
1776271769.368329,13564.342594823,-1.3866409063339233,-55.647098541259766,89.07061004638672,1.3866409063339233,-55.647098541259766,89.07061004638672,-1.3866409063339233,-55.647090911865234,89.07061004638672,1.3866409063339233,-55.647090911865234,89.07061004638672,Stop,Stepping
1776271769.3883014,13564.361035385,-1.3866409063339233,-55.647098541259766,89.07061004638672,1.3866409063339233,-55.647098541259766,89.07061004638672,-1.3866409063339233,-55.647090911865234,89.07061004638672,1.3866409063339233,-55.647090911865234,89.07061004638672,Stop,Stepping
1776271769.4083283,13564.379617958,-1.3866409063339233,-55.647098541259766,89.07061004638672,1.3866409063339233,-55.647098541259766,89.07061004638672,-1.3866409063339233,-55.647090911865234,89.07061004638672,1.3866409063339233,-55.647090911865234,89.07061004638672,Stop,Stepping
1776271769.428259,13564.401543647,-1.3866409063339233,-55.647098541259766,89.07061004638672,1.3866409063339233,-55.647098541259766,89.07061004638672,-1.3866409063339233,-55.647090911865234,89.07061004638672,1.3866409063339233,-55.647090911865234,89.07061004638672,Stop,Stepping
1776271769.4481988,13564.442665042,-1.3866409063339233,-55.647098541259766,89.07061004638672,1.3866409063339233,-55.647098541259766,89.07061004638672,-1.3866409063339233,-55.647090911865234,89.07061004638672,1.3866409063339233,-55.647090911865234,89.07061004638672,Stop,Stepping
1776271769.4681072,13564.444339421,-1.3866409063339233,-55.647098541259766,89.07061004638672,1.3866409063339233,-55.647098541259766,89.07061004638672,-1.3866409063339233,-55.647090911865234,89.07061004638672,1.3866409063339233,-55.647090911865234,89.07061004638672,Stop,Stepping
1776271769.4881768,13564.466103308,-1.3866409063339233,-55.647098541259766,89.07061004638672,1.3866409063339233,-55.647098541259766,89.07061004638672,-1.3866409063339233,-55.647090911865234,89.07061004638672,1.3866409063339233,-55.647090911865234,89.07061004638672,Stop,Stepping
1776271769.5081897,13564.482498441,-1.3866409063339233,-55.647098541259766,89.07061004638672,1.3866409063339233,-55.647098541259766,89.07061004638672,-1.3866409063339233,-55.647090911865234,89.07061004638672,1.3866409063339233,-55.647090911865234,89.07061004638672,Stop,Stepping
1776271769.5281777,13564.508884727,-1.3866409063339233,-55.647098541259766,89.07061004638672,1.3866409063339233,-55.647098541259766,89.07061004638672,-1.3866409063339233,-55.647090911865234,89.07061004638672,1.3866409063339233,-55.647090911865234,89.07061004638672,Stop,Stepping
1776271769.548111,13564.519845188,-1.3866409063339233,-55.647098541259766,89.07061004638672,1.3866409063339233,-55.647098541259766,89.07061004638672,-1.3866409063339233,-55.647090911865234,89.07061004638672,1.3866409063339233,-55.647090911865234,89.07061004638672,Stop,Stepping
1776271769.5681834,13564.54959666,-1.3866409063339233,-55.647098541259766,89.07061004638672,1.3866409063339233,-55.647098541259766,89.07061004638672,-1.3866409063339233,-55.647090911865234,89.07061004638672,1.3866409063339233,-55.647090911865234,89.07061004638672,Stop,Stepping
1776271769.5881305,13564.561116577,-1.3866409063339233,-55.647098541259766,89.07061004638672,1.3866409063339233,-55.647098541259766,89.07061004638672,-1.3866409063339233,-55.647090911865234,89.07061004638672,1.3866409063339233,-55.647090911865234,89.07061004638672,Stop,Stepping
1776271769.608166,13564.579972323,-1.3866409063339233,-55.647098541259766,89.07061004638672,1.3866409063339233,-55.647098541259766,89.07061004638672,-1.3866409063339233,-55.647090911865234,89.07061004638672,1.3866409063339233,-55.647090911865234,89.07061004638672,Stop,Stepping
1776271769.6281886,13564.612143357,-1.3866409063339233,-55.647098541259766,89.07061004638672,1.3866409063339233,-55.647098541259766,89.07061004638672,-1.3866409063339233,-55.647090911865234,89.07061004638672,1.3866409063339233,-55.647090911865234,89.07061004638672,Stop,Stepping
1776271769.648106,13564.625705165,-1.3866409063339233,-55.647098541259766,89.07061004638672,1.3866409063339233,-55.647098541259766,89.07061004638672,-1.3866409063339233,-55.647090911865234,89.07061004638672,1.3866409063339233,-55.647090911865234,89.07061004638672,Stop,Stepping
1776271769.6681578,13564.646537875,-1.3866409063339233,-55.647098541259766,89.07061004638672,1.3866409063339233,-55.647098541259766,89.07061004638672,-1.3866409063339233,-55.647090911865234,89.07061004638672,1.3866409063339233,-55.647090911865234,89.07061004638672,Stop,Stepping
1776271769.6881244,13564.660106833,-1.3866409063339233,-55.647098541259766,89.07061004638672,1.3866409063339233,-55.647098541259766,89.07061004638672,-1.3866409063339233,-55.647090911865234,89.07061004638672,1.3866409063339233,-55.647090911865234,89.07061004638672,Stop,Stepping
1776271769.7081907,13564.681470019,-1.3866409063339233,-55.647098541259766,89.07061004638672,1.3866409063339233,-55.647098541259766,89.07061004638672,-1.3866409063339233,-55.647090911865234,89.07061004638672,1.3866409063339233,-55.647090911865234,89.07061004638672,Stop,Stepping
1776271769.7281806,13564.699497157,-1.3866409063339233,-55.647098541259766,89.07061004638672,1.3866409063339233,-55.647098541259766,89.07061004638672,-1.3866409063339233,-55.647090911865234,89.07061004638672,1.3866409063339233,-55.647090911865234,89.07061004638672,Stop,Stepping
1776271769.7481985,13564.721886857,-1.3866409063339233,-55.647098541259766,89.07061004638672,1.3866409063339233,-55.647098541259766,89.07061004638672,-1.3866409063339233,-55.647090911865234,89.07061004638672,1.3866409063339233,-55.647090911865234,89.07061004638672,Stop,Stepping
1776271769.768102,13564.745872065,-1.3866409063339233,-55.647098541259766,89.07061004638672,1.3866409063339233,-55.647098541259766,89.07061004638672,-1.3866409063339233,-55.647090911865234,89.07061004638672,1.3866409063339233,-55.647090911865234,89.07061004638672,Stop,Stepping
1776271769.7880979,13564.762634124,-1.3866409063339233,-55.647098541259766,89.07061004638672,1.3866409063339233,-55.647098541259766,89.07061004638672,-1.3866409063339233,-55.647090911865234,89.07061004638672,1.3866409063339233,-55.647090911865234,89.07061004638672,Stop,Stepping
1776271769.8081524,13564.779767711,-1.3866409063339233,-55.647098541259766,89.07061004638672,1.3866409063339233,-55.647098541259766,89.07061004638672,-1.3866409063339233,-55.647090911865234,89.07061004638672,1.3866409063339233,-55.647090911865234,89.07061004638672,Stop,Stepping
1776271769.8281446,13564.80128082,-1.3866409063339233,-55.647098541259766,89.07061004638672,1.3866409063339233,-55.647098541259766,89.07061004638672,-1.3866409063339233,-55.647090911865234,89.07061004638672,1.3866409063339233,-55.647090911865234,89.07061004638672,Stop,Stepping
1776271769.8481803,13564.824683599,-1.3866409063339233,-55.647098541259766,89.07061004638672,1.3866409063339233,-55.647098541259766,89.07061004638672,-1.3866409063339233,-55.647090911865234,89.07061004638672,1.3866409063339233,-55.647090911865234,89.07061004638672,Stop,Stepping
1776271769.868193,13564.841189288,-1.3866409063339233,-55.647098541259766,89.07061004638672,1.3866409063339233,-55.647098541259766,89.07061004638672,-1.3866409063339233,-55.647090911865234,89.07061004638672,1.3866409063339233,-55.647090911865234,89.07061004638672,Stop,Stepping
1776271769.8881993,13564.861336793,-1.3866409063339233,-55.647098541259766,89.07061004638672,1.3866409063339233,-55.647098541259766,89.07061004638672,-1.3866409063339233,-55.647090911865234,89.07061004638672,1.3866409063339233,-55.647090911865234,89.07061004638672,Stop,Stepping
1776271769.9081995,13564.882507383,-1.3866409063339233,-55.647098541259766,89.07061004638672,1.3866409063339233,-55.647098541259766,89.07061004638672,-1.3866409063339233,-55.647090911865234,89.07061004638672,1.3866409063339233,-55.647090911865234,89.07061004638672,Stop,Stepping
1776271769.9281092,13564.899416341,-1.3866409063339233,-55.647098541259766,89.07061004638672,1.3866409063339233,-55.647098541259766,89.07061004638672,-1.3866409063339233,-55.647090911865234,89.07061004638672,1.3866409063339233,-55.647090911865234,89.07061004638672,Stop,Stepping
1776271769.9481146,13564.921241237,-1.3866409063339233,-55.647098541259766,89.07061004638672,1.3866409063339233,-55.647098541259766,89.07061004638672,-1.3866409063339233,-55.647090911865234,89.07061004638672,1.3866409063339233,-55.647090911865234,89.07061004638672,Stop,Stepping
1776271769.9681127,13564.939850571,-1.3866409063339233,-55.647098541259766,89.07061004638672,1.3866409063339233,-55.647098541259766,89.07061004638672,-1.3866409063339233,-55.647090911865234,89.07061004638672,1.3866409063339233,-55.647090911865234,89.07061004638672,Stop,Stepping
1776271769.98813,13564.963550474,-1.3866409063339233,-55.647098541259766,89.07061004638672,1.3866409063339233,-55.647098541259766,89.07061004638672,-1.3866409063339233,-55.647090911865234,89.07061004638672,1.3866409063339233,-55.647090911865234,89.07061004638672,Stop,Stepping
1776271770.0081375,13564.982368684,-1.3866409063339233,-55.647098541259766,89.07061004638672,1.3866409063339233,-55.647098541259766,89.07061004638672,-1.3866409063339233,-55.647090911865234,89.07061004638672,1.3866409063339233,-55.647090911865234,89.07061004638672,Stop,Stepping
1776271770.0281532,13565.000560432,-1.3866409063339233,-55.647098541259766,89.07061004638672,1.3866409063339233,-55.647098541259766,89.07061004638672,-1.3866409063339233,-55.647090911865234,89.07061004638672,1.3866409063339233,-55.647090911865234,89.07061004638672,Stop,Stepping
1776271770.0480273,13565.020314199,-1.3866409063339233,-55.647098541259766,89.07061004638672,1.3866409063339233,-55.647098541259766,89.07061004638672,-1.3866409063339233,-55.647090911865234,89.07061004638672,1.3866409063339233,-55.647090911865234,89.07061004638672,Stop,Stepping
1776271770.0681064,13565.047455206,-1.3866409063339233,-55.647098541259766,89.07061004638672,1.3866409063339233,-55.647098541259766,89.07061004638672,-1.3866409063339233,-55.647090911865234,89.07061004638672,1.3866409063339233,-55.647090911865234,89.07061004638672,Stop,Stepping
1776271770.088129,13565.084272261,-1.3866409063339233,-55.647098541259766,89.07061004638672,1.3866409063339233,-55.647098541259766,89.07061004638672,-1.3866409063339233,-55.647090911865234,89.07061004638672,1.3866409063339233,-55.647090911865234,89.07061004638672,Stop,Stepping
1776271770.1080933,13565.085965781,-1.3866409063339233,-55.647098541259766,89.07061004638672,1.3866409063339233,-55.647098541259766,89.07061004638672,-1.3866409063339233,-55.647090911865234,89.07061004638672,1.3866409063339233,-55.647090911865234,89.07061004638672,Stop,Stepping
1776271770.1280715,13565.10207041,-1.3866409063339233,-55.647098541259766,89.07061004638672,1.3866409063339233,-55.647098541259766,89.07061004638672,-1.3866409063339233,-55.647090911865234,89.07061004638672,1.3866409063339233,-55.647090911865234,89.07061004638672,Stop,Stepping
1776271770.148144,13565.125836821,-1.3866409063339233,-55.647098541259766,89.07061004638672,1.3866409063339233,-55.647098541259766,89.07061004638672,-1.3866409063339233,-55.647090911865234,89.07061004638672,1.3866409063339233,-55.647090911865234,89.07061004638672,Stop,Stepping
1776271770.1681855,13565.146843586,-1.3866409063339233,-55.647098541259766,89.07061004638672,1.3866409063339233,-55.647098541259766,89.07061004638672,-1.3866409063339233,-55.647090911865234,89.07061004638672,1.3866409063339233,-55.647090911865234,89.07061004638672,Stop,Stepping
1776271770.1880572,13565.159293102,-1.3866409063339233,-55.647098541259766,89.07061004638672,1.3866409063339233,-55.647098541259766,89.07061004638672,-1.3866409063339233,-55.647090911865234,89.07061004638672,1.3866409063339233,-55.647090911865234,89.07061004638672,Stop,Stepping
1776271770.2081425,13565.180157005,-1.3866409063339233,-55.647098541259766,89.07061004638672,1.3866409063339233,-55.647098541259766,89.07061004638672,-1.3866409063339233,-55.647090911865234,89.07061004638672,1.3866409063339233,-55.647090911865234,89.07061004638672,Stop,Stepping
1776271770.228177,13565.225878043,-1.3866409063339233,-55.647098541259766,89.07061004638672,1.3866409063339233,-55.647098541259766,89.07061004638672,-1.3866409063339233,-55.647090911865234,89.07061004638672,1.3866409063339233,-55.647090911865234,89.07061004638672,Stop,Stepping
1776271770.2481353,13565.227343438,-1.3866409063339233,-55.647098541259766,89.07061004638672,1.3866409063339233,-55.647098541259766,89.07061004638672,-1.3866409063339233,-55.647090911865234,89.07061004638672,1.3866409063339233,-55.647090911865234,89.07061004638672,Stop,Stepping
1776271770.2681751,13565.241541537,-1.3866409063339233,-55.647098541259766,89.07061004638672,1.3866409063339233,-55.647098541259766,89.07061004638672,-1.3866409063339233,-55.647090911865234,89.07061004638672,1.3866409063339233,-55.647090911865234,89.07061004638672,Stop,Stepping
1776271770.2881486,13565.263191061,-1.3866409063339233,-55.647098541259766,89.07061004638672,1.3866409063339233,-55.647098541259766,89.07061004638672,-1.3866409063339233,-55.647090911865234,89.07061004638672,1.3866409063339233,-55.647090911865234,89.07061004638672,Stop,Stepping
1776271770.308119,13565.307726267,-1.3866409063339233,-55.647098541259766,89.07061004638672,1.3866409063339233,-55.647098541259766,89.07061004638672,-1.3866409063339233,-55.647090911865234,89.07061004638672,1.3866409063339233,-55.647090911865234,89.07061004638672,Stop,Stepping
1776271770.328111,13565.312742311,-1.3866409063339233,-55.647098541259766,89.07061004638672,1.3866409063339233,-55.647098541259766,89.07061004638672,-1.3866409063339233,-55.647090911865234,89.07061004638672,1.3866409063339233,-55.647090911865234,89.07061004638672,Stop,Stepping
1776271770.3481786,13565.390184748,-1.3866409063339233,-55.647098541259766,89.07061004638672,1.3866409063339233,-55.647098541259766,89.07061004638672,-1.3866409063339233,-55.647090911865234,89.07061004638672,1.3866409063339233,-55.647090911865234,89.07061004638672,Stop,Stepping
1776271770.3681288,13565.390785299,-1.3866409063339233,-55.647098541259766,89.07061004638672,1.3866409063339233,-55.647098541259766,89.07061004638672,-1.3866409063339233,-55.647090911865234,89.07061004638672,1.3866409063339233,-55.647090911865234,89.07061004638672,Stop,Stepping
1776271770.3881087,13565.391159531,-1.3866409063339233,-55.647098541259766,89.07061004638672,1.3866409063339233,-55.647098541259766,89.07061004638672,-1.3866409063339233,-55.647090911865234,89.07061004638672,1.3866409063339233,-55.647090911865234,89.07061004638672,Stop,Stepping
1776271770.4081807,13565.391522285,-1.3866409063339233,-55.647098541259766,89.07061004638672,1.3866409063339233,-55.647098541259766,89.07061004638672,-1.3866409063339233,-55.647090911865234,89.07061004638672,1.3866409063339233,-55.647090911865234,89.07061004638672,Stop,Stepping
1776271770.4283087,13565.403308038,-1.3866409063339233,-55.647098541259766,89.07061004638672,1.3866409063339233,-55.647098541259766,89.07061004638672,-1.3866409063339233,-55.647090911865234,89.07061004638672,1.3866409063339233,-55.647090911865234,89.07061004638672,Stop,Stepping
1776271770.4481652,13565.421057234,-1.3866409063339233,-55.647098541259766,89.07061004638672,1.3866409063339233,-55.647098541259766,89.07061004638672,-1.3866409063339233,-55.647090911865234,89.07061004638672,1.3866409063339233,-55.647090911865234,89.07061004638672,Stop,Stepping
1776271770.4681292,13565.440128561,-1.3866409063339233,-55.647098541259766,89.07061004638672,1.3866409063339233,-55.647098541259766,89.07061004638672,-1.3866409063339233,-55.647090911865234,89.07061004638672,1.3866409063339233,-55.647090911865234,89.07061004638672,Stop,Stepping
1776271770.4881468,13565.470127094,-1.3866409063339233,-55.647098541259766,89.07061004638672,1.3866409063339233,-55.647098541259766,89.07061004638672,-1.3866409063339233,-55.647090911865234,89.07061004638672,1.3866409063339233,-55.647090911865234,89.07061004638672,Stop,Stepping
1776271770.5081902,13565.48042782,-1.3866409063339233,-55.647098541259766,89.07061004638672,1.3866409063339233,-55.647098541259766,89.07061004638672,-1.3866409063339233,-55.647090911865234,89.07061004638672,1.3866409063339233,-55.647090911865234,89.07061004638672,Stop,Stepping
1776271770.5281618,13565.51892502,-1.3866409063339233,-55.647098541259766,89.07061004638672,1.3866409063339233,-55.647098541259766,89.07061004638672,-1.3866409063339233,-55.647090911865234,89.07061004638672,1.3866409063339233,-55.647090911865234,89.07061004638672,Stop,Stepping
1776271770.5481322,13565.521811133,-1.3866409063339233,-55.647098541259766,89.07061004638672,1.3866409063339233,-55.647098541259766,89.07061004638672,-1.3866409063339233,-55.647090911865234,89.07061004638672,1.3866409063339233,-55.647090911865234,89.07061004638672,Stop,Stepping
1776271770.5681953,13565.575504852,-1.3866409063339233,-55.647098541259766,89.07061004638672,1.3866409063339233,-55.647098541259766,89.07061004638672,-1.3866409063339233,-55.647090911865234,89.07061004638672,1.3866409063339233,-55.647090911865234,89.07061004638672,Stop,Stepping
1776271770.5881422,13565.576887406,-1.3866409063339233,-55.647098541259766,89.07061004638672,1.3866409063339233,-55.647098541259766,89.07061004638672,-1.3866409063339233,-55.647090911865234,89.07061004638672,1.3866409063339233,-55.647090911865234,89.07061004638672,Stop,Stepping
1776271770.6082094,13565.584913122,-1.3866409063339233,-55.647098541259766,89.07061004638672,1.3866409063339233,-55.647098541259766,89.07061004638672,-1.3866409063339233,-55.647090911865234,89.07061004638672,1.3866409063339233,-55.647090911865234,89.07061004638672,Stop,Stepping
1776271770.6281977,13565.610522886,-1.3866409063339233,-55.647098541259766,89.07061004638672,1.3866409063339233,-55.647098541259766,89.07061004638672,-1.3866409063339233,-55.647090911865234,89.07061004638672,1.3866409063339233,-55.647090911865234,89.07061004638672,Stop,Stepping
1776271770.648152,13565.628896445,-1.3866409063339233,-55.647098541259766,89.07061004638672,1.3866409063339233,-55.647098541259766,89.07061004638672,-1.3866409063339233,-55.647090911865234,89.07061004638672,1.3866409063339233,-55.647090911865234,89.07061004638672,Stop,Stepping
1776271770.6683145,13565.639843093,-1.3866409063339233,-55.647098541259766,89.07061004638672,1.3866409063339233,-55.647098541259766,89.07061004638672,-1.3866409063339233,-55.647090911865234,89.07061004638672,1.3866409063339233,-55.647090911865234,89.07061004638672,Stop,Stepping
1776271770.6883428,13565.668408807,-1.3866409063339233,-55.647098541259766,89.07061004638672,1.3866409063339233,-55.647098541259766,89.07061004638672,-1.3866409063339233,-55.647090911865234,89.07061004638672,1.3866409063339233,-55.647090911865234,89.07061004638672,Stop,Stepping
1776271770.7083366,13565.862426996,-1.3866409063339233,-55.647098541259766,89.07061004638672,1.3866409063339233,-55.647098541259766,89.07061004638672,-1.3866409063339233,-55.647090911865234,89.07061004638672,1.3866409063339233,-55.647090911865234,89.07061004638672,Stop,Stepping
1776271770.728168,13565.863497199,-1.3866409063339233,-55.647098541259766,89.07061004638672,1.3866409063339233,-55.647098541259766,89.07061004638672,-1.3866409063339233,-55.647090911865234,89.07061004638672,1.3866409063339233,-55.647090911865234,89.07061004638672,Stop,Stepping
1776271770.7481585,13565.863848606,-1.3866409063339233,-55.647098541259766,89.07061004638672,1.3866409063339233,-55.647098541259766,89.07061004638672,-1.3866409063339233,-55.647090911865234,89.07061004638672,1.3866409063339233,-55.647090911865234,89.07061004638672,Stop,Stepping
1776271770.7681875,13565.864235141,-1.3866409063339233,-55.647098541259766,89.07061004638672,1.3866409063339233,-55.647098541259766,89.07061004638672,-1.3866409063339233,-55.647090911865234,89.07061004638672,1.3866409063339233,-55.647090911865234,89.07061004638672,Stop,Stepping
1776271770.7881246,13565.865824103,-1.3866409063339233,-55.647098541259766,89.07061004638672,1.3866409063339233,-55.647098541259766,89.07061004638672,-1.3866409063339233,-55.647090911865234,89.07061004638672,1.3866409063339233,-55.647090911865234,89.07061004638672,Stop,Stepping
1776271770.8081658,13565.866191745,-1.3866409063339233,-55.647098541259766,89.07061004638672,1.3866409063339233,-55.647098541259766,89.07061004638672,-1.3866409063339233,-55.647090911865234,89.07061004638672,1.3866409063339233,-55.647090911865234,89.07061004638672,Stop,Stepping
1776271770.8282,13565.866545368,-1.3866409063339233,-55.647098541259766,89.07061004638672,1.3866409063339233,-55.647098541259766,89.07061004638672,-1.3866409063339233,-55.647090911865234,89.07061004638672,1.3866409063339233,-55.647090911865234,89.07061004638672,Stop,Stepping
1776271770.8481524,13565.866887709,-1.3866409063339233,-55.647098541259766,89.07061004638672,1.3866409063339233,-55.647098541259766,89.07061004638672,-1.3866409063339233,-55.647090911865234,89.07061004638672,1.3866409063339233,-55.647090911865234,89.07061004638672,Stop,Stepping
1776271770.868147,13565.867244543,-1.3866409063339233,-55.647098541259766,89.07061004638672,1.3866409063339233,-55.647098541259766,89.07061004638672,-1.3866409063339233,-55.647090911865234,89.07061004638672,1.3866409063339233,-55.647090911865234,89.07061004638672,Stop,Stepping
1776271770.8881655,13565.868221775,-1.3866409063339233,-55.647098541259766,89.07061004638672,1.3866409063339233,-55.647098541259766,89.07061004638672,-1.3866409063339233,-55.647090911865234,89.07061004638672,1.3866409063339233,-55.647090911865234,89.07061004638672,Stop,Stepping
1776271770.908219,13565.879723014,-1.3866409063339233,-55.647098541259766,89.07061004638672,1.3866409063339233,-55.647098541259766,89.07061004638672,-1.3866409063339233,-55.647090911865234,89.07061004638672,1.3866409063339233,-55.647090911865234,89.07061004638672,Stop,Stepping
1776271770.9281225,13565.900153241,-1.3866409063339233,-55.647098541259766,89.07061004638672,1.3866409063339233,-55.647098541259766,89.07061004638672,-1.3866409063339233,-55.647090911865234,89.07061004638672,1.3866409063339233,-55.647090911865234,89.07061004638672,Stop,Stepping
1776271770.9481268,13565.923123887,-1.3866409063339233,-55.647098541259766,89.07061004638672,1.3866409063339233,-55.647098541259766,89.07061004638672,-1.3866409063339233,-55.647090911865234,89.07061004638672,1.3866409063339233,-55.647090911865234,89.07061004638672,Stop,Stepping
1776271770.9681187,13565.948507752,-1.3866409063339233,-55.647098541259766,89.07061004638672,1.3866409063339233,-55.647098541259766,89.07061004638672,-1.3866409063339233,-55.647090911865234,89.07061004638672,1.3866409063339233,-55.647090911865234,89.07061004638672,Stop,Stepping
1776271770.9881291,13565.960023904,-1.3866409063339233,-55.647098541259766,89.07061004638672,1.3866409063339233,-55.647098541259766,89.07061004638672,-1.3866409063339233,-55.647090911865234,89.07061004638672,1.3866409063339233,-55.647090911865234,89.07061004638672,Stop,Stepping
1776271771.0081527,13565.981045315,-1.3866409063339233,-55.647098541259766,89.07061004638672,1.3866409063339233,-55.647098541259766,89.07061004638672,-1.3866409063339233,-55.647090911865234,89.07061004638672,1.3866409063339233,-55.647090911865234,89.07061004638672,Stop,Stepping
1776271771.0281553,13566.000999062,-1.3866409063339233,-55.647098541259766,89.07061004638672,1.3866409063339233,-55.647098541259766,89.07061004638672,-1.3866409063339233,-55.647090911865234,89.07061004638672,1.3866409063339233,-55.647090911865234,89.07061004638672,Stop,Stepping
1776271771.0481467,13566.031410317,-1.3866409063339233,-55.647098541259766,89.07061004638672,1.3866409063339233,-55.647098541259766,89.07061004638672,-1.3866409063339233,-55.647090911865234,89.07061004638672,1.3866409063339233,-55.647090911865234,89.07061004638672,Stop,Stepping
1776271771.068146,13566.045217705,-1.3866409063339233,-55.647098541259766,89.07061004638672,1.3866409063339233,-55.647098541259766,89.07061004638672,-1.3866409063339233,-55.647090911865234,89.07061004638672,1.3866409063339233,-55.647090911865234,89.07061004638672,Stop,Stepping
1776271771.0881739,13566.074157624,-1.3866409063339233,-55.647098541259766,89.07061004638672,1.3866409063339233,-55.647098541259766,89.07061004638672,-1.3866409063339233,-55.647090911865234,89.07061004638672,1.3866409063339233,-55.647090911865234,89.07061004638672,Stop,Stepping
1776271771.1081364,13566.107415629,-1.3866409063339233,-55.647098541259766,89.07061004638672,1.3866409063339233,-55.647098541259766,89.07061004638672,-1.3866409063339233,-55.647090911865234,89.07061004638672,1.3866409063339233,-55.647090911865234,89.07061004638672,Stop,Stepping
1776271771.1281586,13566.108331468,-1.3866409063339233,-55.647098541259766,89.07061004638672,1.3866409063339233,-55.647098541259766,89.07061004638672,-1.3866409063339233,-55.647090911865234,89.07061004638672,1.3866409063339233,-55.647090911865234,89.07061004638672,Stop,Stepping
1776271771.148168,13566.134617475,-1.3866409063339233,-55.647098541259766,89.07061004638672,1.3866409063339233,-55.647098541259766,89.07061004638672,-1.3866409063339233,-55.647090911865234,89.07061004638672,1.3866409063339233,-55.647090911865234,89.07061004638672,Stop,Stepping
1776271771.1681552,13566.142022589,-1.3866409063339233,-55.647098541259766,89.07061004638672,1.3866409063339233,-55.647098541259766,89.07061004638672,-1.3866409063339233,-55.647090911865234,89.07061004638672,1.3866409063339233,-55.647090911865234,89.07061004638672,Stop,Stepping
1776271771.1881337,13566.167168411,-1.3866409063339233,-55.647098541259766,89.07061004638672,1.3866409063339233,-55.647098541259766,89.07061004638672,-1.3866409063339233,-55.647090911865234,89.07061004638672,1.3866409063339233,-55.647090911865234,89.07061004638672,Stop,Stepping
1776271771.208115,13566.179925638,-1.3866409063339233,-55.647098541259766,89.07061004638672,1.3866409063339233,-55.647098541259766,89.07061004638672,-1.3866409063339233,-55.647090911865234,89.07061004638672,1.3866409063339233,-55.647090911865234,89.07061004638672,Stop,Stepping
1776271771.2281396,13566.216107593,-1.3866409063339233,-55.647098541259766,89.07061004638672,1.3866409063339233,-55.647098541259766,89.07061004638672,-1.3866409063339233,-55.647090911865234,89.07061004638672,1.3866409063339233,-55.647090911865234,89.07061004638672,Stop,Stepping
1776271771.2481282,13566.225825171,-1.3866409063339233,-55.647098541259766,89.07061004638672,1.3866409063339233,-55.647098541259766,89.07061004638672,-1.3866409063339233,-55.647090911865234,89.07061004638672,1.3866409063339233,-55.647090911865234,89.07061004638672,Stop,Stepping
1776271771.2681146,13566.241998544,-1.3866409063339233,-55.647098541259766,89.07061004638672,1.3866409063339233,-55.647098541259766,89.07061004638672,-1.3866409063339233,-55.647090911865234,89.07061004638672,1.3866409063339233,-55.647090911865234,89.07061004638672,Stop,Stepping
1776271771.2881498,13566.266358796,-1.3866409063339233,-55.647098541259766,89.07061004638672,1.3866409063339233,-55.647098541259766,89.07061004638672,-1.3866409063339233,-55.647090911865234,89.07061004638672,1.3866409063339233,-55.647090911865234,89.07061004638672,Stop,Stepping
1776271771.3081508,13566.323349983,-1.3866409063339233,-55.647098541259766,89.07061004638672,1.3866409063339233,-55.647098541259766,89.07061004638672,-1.3866409063339233,-55.647090911865234,89.07061004638672,1.3866409063339233,-55.647090911865234,89.07061004638672,Stop,Stepping
1776271771.3281605,13566.325185455,-1.3866409063339233,-55.647098541259766,89.07061004638672,1.3866409063339233,-55.647098541259766,89.07061004638672,-1.3866409063339233,-55.647090911865234,89.07061004638672,1.3866409063339233,-55.647090911865234,89.07061004638672,Stop,Stepping
1776271771.3532915,13566.327527054,-2.859539031982422,-43.398223876953125,88.66041564941406,2.2896056175231934,-41.94539260864258,84.61676025390625,3.7686426639556885,-44.17395782470703,89.41691589355469,0.7553317546844482,-43.54403305053711,86.58321380615234,,
1776271771.3704822,13566.343921334,-5.454317569732666,-43.242897033691406,88.94953155517578,5.166070938110352,-39.476688385009766,85.50272369384766,5.17370080947876,-45.21358871459961,90.51471710205078,-0.5247060060501099,-42.169952392578125,85.65943908691406,,
1776271771.3906155,13566.425981252,-7.248697280883789,-43.472652435302734,88.37081909179688,8.488912582397461,-36.95934295654297,87.45561981201172,5.561656951904297,-47.53377914428711,91.29871368408203,-3.169975519180298,-40.9603157043457,84.23590087890625,,
1776271771.4107533,13566.428115664,-6.576010704040527,-46.29456329345703,86.84188842773438,13.241207122802734,-31.93172836303711,87.906494140625,5.22261381149292,-50.74251937866211,91.17193603515625,-4.496654033660889,-41.79923629760742,81.36502838134766,,
1776271771.4309695,13566.431083916,-7.21330451965332,-45.220123291015625,85.79534912109375,14.578617095947266,-32.646759033203125,87.83594512939453,5.228729248046875,-51.01164627075195,89.45244598388672,-6.7989702224731445,-42.02970504760742,81.38685607910156,,
1776271771.45087,13566.434542333,-7.3960771560668945,-43.39533615112305,85.59367370605469,15.501203536987305,-31.083457946777344,87.38581085205078,4.829011917114258,-48.69355773925781,89.61014556884766,-9.213397979736328,-41.46699523925781,80.79512023925781,,
1776271771.4707487,13566.447848623,-6.810880184173584,-41.48577117919922,84.71220397949219,15.160985946655273,-30.36675262451172,86.9972152709961,3.8164775371551514,-47.857452392578125,90.17736053466797,-9.57012939453125,-39.03142547607422,80.59141540527344,,
1776271771.490699,13566.465310956,-6.17214298248291,-42.54813766479492,84.76309967041016,15.657943725585938,-29.081361770629883,85.2649917602539,5.117471218109131,-48.09081268310547,89.19477844238281,-7.700174331665039,-38.82693099975586,79.28414154052734,,
1776271771.5107338,13566.482541778,-5.158817768096924,-43.691890716552734,85.11858367919922,15.874348640441895,-28.41568946838379,83.70771789550781,6.1263933181762695,-48.20866012573242,88.3992919921875,-6.671639919281006,-39.627750396728516,78.17666625976562,,
1776271771.530869,13566.503111154,-4.020549774169922,-43.771053314208984,85.04730987548828,15.588614463806152,-29.170663833618164,82.78217315673828,6.384016990661621,-48.36551284790039,87.76145935058594,-5.990546226501465,-40.19446563720703,78.10570526123047,,
1776271771.5507724,13566.584250454,-3.0914156436920166,-43.68254089355469,85.10074615478516,14.675217628479004,-29.326261520385742,82.12553405761719,6.63317346572876,-48.37832260131836,87.49938201904297,-5.128091335296631,-38.9521484375,78.11198425292969,,
1776271771.5707653,13566.585671186,-2.151336431503296,-43.27970886230469,85.15658569335938,13.450823783874512,-30.91849136352539,81.01486206054688,6.537225723266602,-49.704097747802734,86.52886199951172,-3.983916997909546,-37.27359390258789,78.46670532226562,,
1776271771.591021,13566.587030772,-2.127453327178955,-42.917449951171875,85.73587036132812,12.308491706848145,-32.67142868041992,80.23162841796875,6.614651203155518,-50.377464294433594,85.8330307006836,-3.599297046661377,-36.271724700927734,78.41122436523438,,
1776271771.6107287,13566.590450416,-2.055082321166992,-42.137752532958984,86.24461364746094,11.337811470031738,-33.980186462402344,79.60287475585938,6.351758003234863,-50.85829162597656,85.78553771972656,-3.4447503089904785,-35.22138595581055,78.83291625976562,,
1776271771.6310704,13566.610229055,-2.0807058811187744,-41.185691833496094,86.3149642944336,10.339607238769531,-34.83085632324219,79.92068481445312,5.895194053649902,-51.219947814941406,86.23814392089844,-3.409496545791626,-33.28728485107422,78.87847900390625,,
1776271771.6507952,13566.636358578,-1.7326730489730835,-40.33122253417969,85.96485137939453,9.62098217010498,-35.004295349121094,80.73890686035156,4.921056747436523,-51.875816345214844,86.78402709960938,-3.325202226638794,-30.545194625854492,78.67479705810547,,
1776271771.6707609,13566.646218029,-1.2225173711776733,-39.842857360839844,85.80890655517578,8.78502082824707,-35.25644302368164,81.39414978027344,3.97218656539917,-52.51772689819336,87.0415267944336,-3.0520501136779785,-28.26072883605957,78.2998275756836,,
1776271771.6906712,13566.662338696,-0.4526940584182739,-38.91950607299805,85.61450958251953,7.9659881591796875,-35.90259552001953,81.96609497070312,2.7929317951202393,-52.80249786376953,87.42742919921875,-3.0109341144561768,-26.788293838500977,78.16064453125,,
1776271771.7107387,13566.684434049,0.441373348236084,-38.185638427734375,85.59322357177734,7.254873275756836,-37.002742767333984,82.19487762451172,2.0555717945098877,-53.07029724121094,87.67832946777344,-3.084263563156128,-26.008010864257812,77.78604888916016,,
1776271771.7307224,13566.703020638,0.8660054206848145,-37.64750289916992,85.35108184814453,6.7508320808410645,-37.98887252807617,82.30756378173828,1.8280552625656128,-53.410011291503906,87.86457824707031,-2.931429386138916,-25.821027755737305,77.05573272705078,,
1776271771.7507446,13566.726458473,0.8077194094657898,-37.73685073852539,84.93768310546875,6.306865692138672,-38.64130783081055,82.48851776123047,1.711451768875122,-53.511634826660156,87.98565673828125,-2.423680543899536,-25.45156478881836,76.36741638183594,,
1776271771.7707179,13566.751106575,0.7650002837181091,-38.455604553222656,84.82563018798828,5.824657917022705,-39.196998596191406,82.64076232910156,1.847269058227539,-53.4272346496582,87.92499542236328,-1.9750313758850098,-25.359493255615234,75.4082260131836,,
1776271771.7906716,13566.76413202,0.8386059403419495,-39.293846130371094,85.32218933105469,5.580078601837158,-39.22822570800781,83.01136016845703,2.086236000061035,-53.19636154174805,87.84622192382812,-1.8740260601043701,-25.659595489501953,74.71810913085938,,
1776271771.8117106,13566.789693984,0.9523947238922119,-40.276832580566406,85.86357116699219,5.271174430847168,-39.06901168823242,83.47630310058594,2.252659559249878,-52.792877197265625,87.81327056884766,-1.8477205038070679,-25.802677154541016,74.19225311279297,,
1776271771.8310068,13566.806467446,1.320685863494873,-40.61869430541992,85.78424072265625,4.845186233520508,-38.79959487915039,84.1199951171875,2.154698133468628,-51.91932678222656,88.13121032714844,-2.1338040828704834,-26.043407440185547,73.76195526123047,,
1776271771.8509076,13566.829542693,1.643671989440918,-41.097232818603516,86.28502655029297,4.777522563934326,-38.832366943359375,84.68486022949219,2.103196620941162,-51.235260009765625,88.34392547607422,-2.829528570175171,-26.615890502929688,73.64311981201172,,
1776271771.8708313,13566.861671595,1.8366965055465698,-41.568729400634766,86.63168334960938,4.785052299499512,-38.846397399902344,85.30181884765625,2.6778197288513184,-50.03255844116211,88.6228256225586,-3.860670566558838,-27.14529800415039,73.3791275024414,,
1776271771.8909755,13566.868372036,2.6082780361175537,-41.2503547668457,87.36837768554688,4.65892219543457,-39.046024322509766,85.84046173095703,2.2769806385040283,-48.92657470703125,89.29204559326172,-4.748165607452393,-27.727096557617188,74.05701446533203,,
1776271771.9109476,13566.884709643,2.776019334793091,-41.079559326171875,87.59466552734375,4.478147983551025,-39.152740478515625,86.38903045654297,2.1497039794921875,-48.21228790283203,89.88919067382812,-5.137033939361572,-27.940916061401367,74.58753204345703,,
1776271771.9309652,13566.906049645,3.027636766433716,-40.75667953491211,87.6478271484375,4.16070556640625,-39.389183044433594,86.7271728515625,1.520527720451355,-47.84573745727539,90.89990997314453,-5.229813575744629,-28.002626419067383,75.42467498779297,,
1776271771.9512312,13566.925480104,2.821753978729248,-40.32411575317383,87.62176513671875,4.360235691070557,-39.9306640625,86.84207916259766,0.9946375489234924,-48.3285026550293,91.64859771728516,-4.937687397003174,-28.05436134338379,76.82113647460938,,
1776271771.9710038,13566.948872258,3.0559659004211426,-39.80690002441406,87.41972351074219,4.452218055725098,-40.593238830566406,86.94021606445312,0.5454736351966858,-48.812381744384766,92.43965148925781,-4.574843406677246,-28.18207359313965,77.65110778808594,,
1776271771.9909775,13567.00489901,3.283128499984741,-39.37222671508789,87.3966293334961,3.9674715995788574,-41.5145263671875,87.02388763427734,0.08821263909339905,-48.89643478393555,92.82503509521484,-4.179834842681885,-27.820417404174805,78.4692611694336,,
1776271772.0110705,13567.005450872,3.7516627311706543,-38.83984375,86.89079284667969,3.1441686153411865,-42.213348388671875,87.1295394897461,-0.5127834677696228,-48.58952331542969,93.52069091796875,-3.5790491104125977,-27.570329666137695,78.98895263671875,,
1776271772.0309865,13567.005959457,3.9119794368743896,-38.706817626953125,86.28846740722656,2.375613212585449,-43.21548843383789,87.12679290771484,-1.106640100479126,-48.649513244628906,93.81119537353516,-2.42405366897583,-26.98256492614746,79.52299499511719,,
1776271772.051,13567.026961931,3.954643726348877,-39.059207916259766,85.8834457397461,1.6149907112121582,-44.19803237915039,87.09835052490234,-1.6591764688491821,-48.80671310424805,94.2611083984375,-1.2606587409973145,-26.68276023864746,79.95923614501953,,
1776271772.07084,13567.042691297,3.9672484397888184,-39.376556396484375,85.31269836425781,1.0790774822235107,-45.04949188232422,87.11482238769531,-2.1154301166534424,-48.65947723388672,94.58840942382812,-0.18850724399089813,-26.84962272644043,80.37091827392578,,
1776271772.0908437,13567.071237535,3.9726340770721436,-39.50056457519531,84.9224624633789,0.5361722707748413,-45.99103927612305,87.08880615234375,-2.332146406173706,-48.03361129760742,94.6325454711914,0.6980493068695068,-27.305274963378906,81.0178451538086,,
1776271772.1110413,13567.087698834,4.355505466461182,-39.62629699707031,84.72657775878906,0.06178855895996094,-46.439334869384766,86.95549011230469,-2.628241539001465,-46.77762222290039,94.93647766113281,1.5357487201690674,-28.462446212768555,81.48393249511719,,
1776271772.131353,13567.107145469,4.479362487792969,-39.98998260498047,84.5357666015625,-0.39467373490333557,-46.95635986328125,86.67822265625,-2.7036356925964355,-45.468406677246094,94.86817169189453,2.5600526332855225,-29.85880470275879,82.44029235839844,,
1776271772.1509178,13567.12365587,4.445635795593262,-40.95576477050781,85.02891540527344,-0.6911141872406006,-47.22549057006836,86.17731475830078,-2.5673749446868896,-43.82476806640625,94.7393798828125,3.574547052383423,-32.106224060058594,83.76061248779297,,
1776271772.1709585,13567.143564688,3.729491949081421,-42.616943359375,86.0929946899414,-0.9558543562889099,-47.03042221069336,85.42023468017578,-1.6331145763397217,-42.134342193603516,93.94636535644531,4.927830219268799,-34.74165344238281,85.38020324707031,,
1776271772.190976,13567.163753103,2.947948455810547,-44.44722366333008,87.7214584350586,-1.4607588052749634,-46.376705169677734,84.4224853515625,0.40155622363090515,-40.292240142822266,92.99073791503906,5.9882917404174805,-38.00521469116211,87.50144958496094,,
1776271772.210931,13567.18246525,1.8296958208084106,-45.47284698486328,88.89025115966797,-1.4599360227584839,-44.92911911010742,83.35481262207031,3.7504889965057373,-38.33735275268555,92.428955078125,6.400242328643799,-41.5957145690918,89.03186798095703,,
1776271772.2309203,13567.208739718,0.44843608140945435,-45.66791534423828,89.2869873046875,-0.8008177876472473,-43.75590896606445,82.62297821044922,6.253352642059326,-36.4608039855957,92.21786499023438,6.369675636291504,-44.88371658325195,89.49202728271484,,
1776271772.2510324,13567.229440887,-0.8637092113494873,-45.12391662597656,89.48908996582031,-0.07919327169656754,-43.26560974121094,81.85951232910156,7.768366813659668,-34.890106201171875,91.67926788330078,6.052115440368652,-47.28168487548828,89.08736419677734,,
1776271772.2709088,13567.248749239,-1.5245857238769531,-45.458839416503906,89.30607604980469,0.5603992342948914,-43.14714431762695,82.2082290649414,8.12297534942627,-33.29743576049805,90.8708724975586,5.855637073516846,-49.05099868774414,88.4671630859375,,
1776271772.290858,13567.263316464,-2.1803009510040283,-45.03534698486328,89.2635269165039,0.713818371295929,-43.2476921081543,81.9167709350586,8.22738265991211,-31.821001052856445,90.18299102783203,5.3275861740112305,-49.96455383300781,87.96314239501953,,
1776271772.3109019,13567.282582842,-2.636016368865967,-44.88591003417969,89.02220153808594,0.7325546741485596,-43.47269821166992,81.72360229492188,8.489226341247559,-30.501914978027344,88.89962768554688,4.820499897003174,-50.372928619384766,87.5774917602539,,
1776271772.330937,13567.30325846,-3.2011942863464355,-44.34562301635742,88.74333190917969,0.9939823746681213,-43.936649322509766,81.23969268798828,8.758872032165527,-29.43383026123047,87.77808380126953,4.377552509307861,-50.53459167480469,87.32212829589844,,
1776271772.3508568,13567.32509986,-3.765892744064331,-44.029075622558594,88.48938751220703,1.3815624713897705,-44.65846633911133,80.6568603515625,8.806843757629395,-28.732559204101562,86.6033706665039,4.105973243713379,-50.47018051147461,86.95368957519531,,
1776271772.3709114,13567.373971864,-4.37954568862915,-43.58619689941406,88.18075561523438,1.448130488395691,-45.24825668334961,80.3697509765625,8.639225959777832,-28.138626098632812,85.34850311279297,3.4624574184417725,-50.421058654785156,86.56108093261719,,
1776271772.3909273,13567.375572884,-5.2137017250061035,-43.11874008178711,87.89753723144531,1.0056180953979492,-45.12497329711914,80.22152709960938,8.601179122924805,-27.490192413330078,83.94371795654297,2.2215728759765625,-50.2022819519043,86.40745544433594,,
1776271772.4108906,13567.381782371,-6.32876443862915,-42.753883361816406,87.60970306396484,0.9299634695053101,-44.829010009765625,80.0911865234375,8.94187068939209,-27.18549156188965,82.37238311767578,0.7687463760375977,-49.650272369384766,86.48070526123047,,
1776271772.4308987,13567.405335735,-7.7043962478637695,-42.033447265625,87.26881408691406,1.486219882965088,-45.073490142822266,79.57345581054688,9.519463539123535,-27.508596420288086,81.20915222167969,-0.6917199492454529,-48.62360382080078,86.28488159179688,,
1776271772.4509795,13567.435043016,-8.766319274902344,-41.31732940673828,87.05397033691406,1.8641530275344849,-45.38040542602539,79.00505828857422,10.01793098449707,-28.038240432739258,80.2888412475586,-1.9135609865188599,-47.180824279785156,85.84253692626953,,
1776271772.4709609,13567.467844916,-9.480485916137695,-40.164344787597656,86.87252807617188,2.0663485527038574,-45.870094299316406,78.33661651611328,9.923078536987305,-28.446121215820312,79.39662170410156,-3.0606791973114014,-45.782047271728516,85.46699523925781,,
1776271772.4908314,13567.469960348,-9.97914981842041,-39.58783721923828,86.75709533691406,1.6124913692474365,-46.414085388183594,77.74900817871094,9.872694969177246,-28.3101749420166,79.10258483886719,-4.0145649909973145,-43.856449127197266,85.06169891357422,,
1776271772.5109115,13567.483725394,-10.406218528747559,-39.5583381652832,86.64197540283203,0.9305513501167297,-47.38923263549805,77.3840103149414,9.597123146057129,-27.99186897277832,79.09364318847656,-4.908201217651367,-41.911346435546875,84.5714111328125,,
1776271772.5309894,13567.50372146,-10.405037879943848,-40.015708923339844,86.72038269042969,0.17638739943504333,-48.750205993652344,77.24913024902344,9.362577438354492,-27.3598690032959,79.06226348876953,-5.537769794464111,-40.28163146972656,84.21829986572266,,
1776271772.550971,13567.523273313,-10.390689849853516,-40.101097106933594,86.76607513427734,-0.25876322388648987,-50.52487564086914,76.77581024169922,8.90518856048584,-26.769052505493164,78.75013732910156,-6.1344804763793945,-39.715396881103516,84.34490966796875,,
1776271772.5710273,13567.542354574,-9.973206520080566,-41.086204528808594,86.50741577148438,-1.2164621353149414,-51.870689392089844,77.25992584228516,9.672978401184082,-26.155086517333984,78.49536895751953,-5.698085308074951,-39.09910202026367,84.15345001220703,,
1776271772.5909266,13567.562174927,-9.648688316345215,-42.14265441894531,86.25144958496094,-2.613460063934326,-52.83724594116211,77.45361328125,10.525331497192383,-25.186620712280273,78.2936019897461,-5.141565799713135,-38.86358642578125,84.19808197021484,,
1776271772.611026,13567.58320204,-9.860316276550293,-43.72212600708008,86.15925598144531,-3.8753063678741455,-53.96240997314453,77.21544647216797,10.978922843933105,-23.969032287597656,78.75210571289062,-4.771331310272217,-38.32628631591797,84.26295471191406,,
1776271772.6310217,13567.603017351,-10.181334495544434,-45.069114685058594,86.17987823486328,-5.094150066375732,-55.15625762939453,77.02214050292969,10.756842613220215,-22.690296173095703,79.05621337890625,-4.685391902923584,-38.14020919799805,84.6072998046875,,
1776271772.6508105,13567.62324167,-10.549846649169922,-46.116886138916016,86.15534210205078,-5.578892707824707,-56.10626220703125,77.341064453125,10.193090438842773,-22.065021514892578,78.81776428222656,-4.800292015075684,-38.66935348510742,84.88592529296875,,
1776271772.670783,13567.646603546,-10.783025741577148,-46.92661666870117,86.16722869873047,-6.0622711181640625,-56.53368377685547,78.05318450927734,9.866344451904297,-21.390911102294922,78.14080810546875,-4.657610893249512,-39.64603042602539,84.87106323242188,,
1776271772.6908765,13567.662533677,-11.039849281311035,-47.420345306396484,86.36784362792969,-6.760568618774414,-56.764896392822266,78.40233612060547,9.640583038330078,-20.496519088745117,77.67172241210938,-4.406454086303711,-40.294124603271484,84.79502868652344,,
1776271772.7109063,13567.682389215,-11.226885795593262,-47.79848098754883,86.76201629638672,-7.398433685302734,-56.90591812133789,78.43729400634766,9.64719295501709,-19.439308166503906,77.65972137451172,-4.334601879119873,-40.52410888671875,84.73887634277344,,
1776271772.7308874,13567.703588037,-11.38267707824707,-47.74219512939453,87.08323669433594,-7.529371738433838,-56.96733474731445,78.2450942993164,9.584156036376953,-19.043880462646484,78.3110122680664,-4.212087154388428,-40.81883239746094,84.76554870605469,,
1776271772.751012,13567.724608966,-11.643020629882812,-47.742244720458984,87.28062438964844,-7.2613959312438965,-57.39988327026367,78.47936248779297,9.136812210083008,-18.956581115722656,78.73594665527344,-4.273290634155273,-41.329322814941406,84.85283660888672,,
1776271772.7709548,13567.745853073,-11.692378997802734,-47.69352340698242,87.50747680664062,-7.485170364379883,-57.69185256958008,78.85472106933594,8.887761116027832,-18.713031768798828,78.50060272216797,-4.204928398132324,-41.780235290527344,84.88085174560547,,
1776271772.7907133,13567.762972577,-11.707012176513672,-47.67124557495117,87.65375518798828,-7.931069850921631,-57.64318084716797,79.29451751708984,9.054194450378418,-18.453386306762695,78.2875747680664,-4.089404106140137,-42.16019058227539,84.64083099365234,,
1776271772.8106763,13567.789799987,-11.636771202087402,-47.88179397583008,87.83747863769531,-8.556661605834961,-57.32068634033203,79.92843627929688,9.579242706298828,-18.166610717773438,78.0328369140625,-4.015267372131348,-42.408023834228516,84.38677215576172,,
1776271772.830682,13567.82828302,-11.567215919494629,-47.97086715698242,87.81795501708984,-9.265771865844727,-56.863834381103516,80.39258575439453,9.913183212280273,-18.272043228149414,78.18305206298828,-3.784884452819824,-42.49452209472656,84.34302520751953,,
1776271772.8507113,13567.830601235,-11.35757064819336,-48.03192138671875,87.9229507446289,-9.629292488098145,-56.323341369628906,80.8606948852539,9.995129585266113,-18.591224670410156,78.6959228515625,-3.415079116821289,-42.622657775878906,84.4465560913086,,
1776271772.8706896,13567.844089567,-11.081147193908691,-48.237449645996094,87.90180969238281,-10.253012657165527,-55.74563980102539,81.51565551757812,9.87121295928955,-18.84697723388672,78.91276550292969,-3.0123164653778076,-42.90658950805664,84.4972915649414,,
1776271772.8907192,13567.864193075,-10.826763153076172,-48.294857025146484,87.95935821533203,-10.920345306396484,-55.20011901855469,82.29032135009766,9.907990455627441,-19.17197036743164,78.79714965820312,-2.6585638523101807,-43.15519714355469,84.33259582519531,,
1776271772.910688,13567.883384959,-10.575611114501953,-48.63125228881836,88.14693450927734,-11.685149192810059,-54.83177185058594,83.0362548828125,9.850534439086914,-18.988908767700195,78.0494384765625,-2.4010024070739746,-43.42073440551758,84.17827606201172,,
1776271772.9306958,13567.904210658,-10.208489418029785,-48.91426467895508,88.42970275878906,-12.427986145019531,-54.18012619018555,83.7127456665039,10.239826202392578,-18.7304744720459,77.23890686035156,-2.0883588790893555,-43.664249420166016,83.88909149169922,,
1776271772.9507902,13567.923479443,-10.034581184387207,-49.16948699951172,88.54781341552734,-12.782232284545898,-53.62650680541992,84.05866241455078,10.716053009033203,-18.42428970336914,76.64588928222656,-2.009582042694092,-43.714599609375,83.62981414794922,,
1776271772.9706962,13567.948797888,-9.820319175720215,-49.07151794433594,88.47431182861328,-12.921517372131348,-52.90228271484375,84.095458984375,11.089679718017578,-18.157915115356445,77.19640350341797,-1.871706247329712,-43.549678802490234,83.67219543457031,,
1776271772.9906185,13567.963315529,-9.675626754760742,-48.94586944580078,88.36109924316406,-12.922774314880371,-52.619197845458984,84.23722076416016,10.821524620056152,-18.18470573425293,77.61742401123047,-1.7665584087371826,-43.715431213378906,83.76756286621094,,
1776271773.0106413,13567.984746564,-9.684855461120605,-48.55976867675781,88.30462646484375,-12.989930152893066,-52.65645217895508,84.34457397460938,10.534695625305176,-18.5856876373291,77.66834259033203,-1.6541674137115479,-43.721954345703125,83.71818542480469,,
1776271773.0306845,13568.003502963,-9.794625282287598,-48.779727935791016,88.5356216430664,-12.893729209899902,-53.53912353515625,84.64190673828125,9.984179496765137,-18.562101364135742,76.3829345703125,-1.6997777223587036,-44.044036865234375,83.48918914794922,,
1776271773.0507286,13568.023258027,-10.002126693725586,-48.925498962402344,88.700927734375,-13.006758689880371,-54.54719161987305,84.91283416748047,9.344862937927246,-17.726402282714844,74.4046630859375,-1.9317371845245361,-44.61406326293945,83.1863021850586,,
1776271773.0706785,13568.047903682,-10.257362365722656,-49.11341094970703,88.77861785888672,-13.425233840942383,-54.7209358215332,85.28903198242188,10.124340057373047,-16.906200408935547,72.61092376708984,-2.402493715286255,-44.814117431640625,82.83911895751953,,
1776271773.0906808,13568.064319357,-10.009203910827637,-48.42938995361328,88.89387512207031,-13.522451400756836,-54.07218933105469,84.5666732788086,11.58164119720459,-16.488187789916992,73.95974731445312,-2.3714418411254883,-43.95663833618164,82.98951721191406,,
1776271773.1106563,13568.083455703,-9.731410026550293,-48.307334899902344,88.33841705322266,-13.341275215148926,-53.9411735534668,84.1556167602539,11.025548934936523,-16.47826385498047,75.86036682128906,-1.890360713005066,-43.94733810424805,83.6844253540039,,
1776271773.1306717,13568.104097406,-9.799626350402832,-47.98155975341797,88.32379150390625,-13.390618324279785,-53.8888053894043,84.4583969116211,10.387078285217285,-17.131927490234375,75.87114715576172,-1.654335618019104,-44.02381896972656,83.62086486816406,,
1776271773.15066,13568.12393511,-10.147247314453125,-48.08638381958008,88.77261352539062,-13.651554107666016,-54.27842330932617,85.26000213623047,10.142374992370605,-17.0815486907959,73.88507080078125,-2.1688320636749268,-44.09712600708008,83.04399108886719,,
1776271773.1706939,13568.143511138,-10.547429084777832,-48.12359619140625,89.0802001953125,-13.8392333984375,-54.52994155883789,85.62709045410156,10.279282569885254,-16.082611083984375,72.26156616210938,-2.8474011421203613,-44.06775665283203,82.87887573242188,,
1776271773.1907303,13568.163165726,-11.193587303161621,-48.45458221435547,89.39449310302734,-13.348126411437988,-54.010467529296875,86.59783172607422,10.756509780883789,-15.688738822937012,69.74610137939453,-4.366870403289795,-44.474300384521484,82.64382934570312,,
1776271773.2107158,13568.186247094,-11.638646125793457,-47.679725646972656,89.72216796875,-13.307354927062988,-53.2159538269043,86.48869323730469,12.986197471618652,-16.185888290405273,69.11761474609375,-5.551336288452148,-42.681514739990234,82.39684295654297,,
1776271773.2307572,13568.205219833,-11.410454750061035,-46.94124984741211,89.11985778808594,-12.544777870178223,-53.55218505859375,84.44430541992188,12.726360321044922,-15.882835388183594,72.35489654541016,-5.6305012702941895,-41.010093688964844,82.8402099609375,,
1776271773.2506137,13568.22283299,-10.98785400390625,-46.49290466308594,88.64517211914062,-12.97979736328125,-53.1378059387207,84.44621276855469,12.095416069030762,-16.59144401550293,73.9757308959961,-5.097978115081787,-40.163963317871094,83.39982604980469,,
1776271773.2709486,13568.247672672,-11.352416038513184,-46.27191925048828,88.6304931640625,-12.735672950744629,-53.99530029296875,84.17285919189453,11.127320289611816,-17.430253982543945,74.25216674804688,-5.319250583648682,-39.167781829833984,83.29721069335938,,
1776271773.2906928,13568.264323944,-11.76240348815918,-46.352783203125,88.95994567871094,-12.958878517150879,-54.30255889892578,85.14431762695312,11.05306625366211,-18.00111961364746,72.93321228027344,-6.205677032470703,-38.54006576538086,82.93465423583984,,
1776271773.310641,13568.283818071,-11.955464363098145,-46.659297943115234,89.353515625,-13.414850234985352,-53.6628303527832,86.13190460205078,11.91805362701416,-17.800825119018555,72.2908935546875,-7.077446460723877,-37.58188247680664,82.76123809814453,,
1776271773.3306842,13568.301800194,-11.790613174438477,-46.64692306518555,89.54337310791016,-13.670760154724121,-53.15433120727539,86.27203369140625,12.4771146774292,-17.588411331176758,72.5080337524414,-7.539340496063232,-36.688961029052734,82.82133483886719,,
1776271773.3506978,13568.344225142,-11.41568660736084,-46.93900680541992,89.18216705322266,-13.776009559631348,-52.813499450683594,86.43791961669922,12.575457572937012,-18.336849212646484,73.06285095214844,-7.262283802032471,-35.81192398071289,83.0735092163086,,
1776271773.3706803,13568.344600349,-11.349681854248047,-47.07280731201172,89.08570861816406,-13.551568031311035,-53.029136657714844,86.42361450195312,11.913405418395996,-18.813352584838867,73.64749145507812,-7.213266372680664,-35.39149856567383,83.11119842529297,,
1776271773.3906837,13568.367972992,-11.272717475891113,-47.36018753051758,89.23580169677734,-13.717360496520996,-53.22898864746094,86.90281677246094,11.56799602508545,-18.990942001342773,74.0363540649414,-7.191714286804199,-34.7061882019043,83.04734802246094,,
1776271773.4106524,13568.383888231,-11.432466506958008,-47.4632453918457,89.54485321044922,-13.844602584838867,-53.36399841308594,87.38529968261719,11.300663948059082,-18.860658645629883,74.0679931640625,-7.661112308502197,-34.32760238647461,82.9146728515625,,
1776271773.4306016,13568.402918459,-11.597352027893066,-47.39371109008789,89.85181427001953,-13.714446067810059,-53.5302734375,87.64881134033203,11.202167510986328,-18.798620223999023,74.10575866699219,-8.104530334472656,-34.16341018676758,82.84801483154297,,
1776271773.4506412,13568.423346686,-11.7063627243042,-47.37628936767578,90.01956939697266,-13.467358589172363,-53.857547760009766,87.68012237548828,10.964140892028809,-18.47661018371582,74.17399597167969,-8.433865547180176,-34.300018310546875,82.85540008544922,,
1776271773.470595,13568.444113562,-11.714241027832031,-47.26377868652344,90.22330474853516,-13.265067100524902,-54.21136474609375,87.24330139160156,10.817243576049805,-17.992502212524414,74.49592590332031,-8.544190406799316,-34.47555923461914,82.93569946289062,,
1776271773.4912703,13568.463869757,-11.587066650390625,-47.40457534790039,90.13499450683594,-13.380187034606934,-54.557861328125,86.66996765136719,10.96817684173584,-17.58572006225586,74.86380767822266,-8.197686195373535,-34.48677444458008,83.08147430419922,,
1776271773.5107367,13568.485888113,-11.390936851501465,-47.708717346191406,89.95356750488281,-13.711746215820312,-54.803199768066406,86.22466278076172,11.099272727966309,-17.17318344116211,75.00444030761719,-7.640429973602295,-34.744911193847656,83.31977081298828,,
1776271773.5306115,13568.503993054,-11.050935745239258,-48.08332824707031,89.82304382324219,-14.311718940734863,-54.960052490234375,86.06919860839844,11.28264045715332,-16.69765281677246,74.7798843383789,-6.824106693267822,-35.37443161010742,83.63304138183594,,
1776271773.5507505,13568.525402049,-10.688658714294434,-48.79764938354492,89.61846160888672,-15.000372886657715,-54.83831024169922,86.0504379272461,11.634578704833984,-16.258792877197266,74.47197723388672,-5.907573223114014,-36.147979736328125,83.90151977539062,,
1776271773.570941,13568.547083338,-10.375288009643555,-49.456512451171875,89.51087951660156,-15.658431053161621,-54.63016128540039,86.04277801513672,11.9813814163208,-15.740760803222656,74.25871276855469,-5.037201404571533,-36.90659713745117,84.08079528808594,,
1776271773.5906193,13568.56285499,-10.064146995544434,-49.95530319213867,89.46443939208984,-16.136369705200195,-54.38846969604492,86.0730972290039,12.173736572265625,-15.254912376403809,74.24781799316406,-4.259562015533447,-37.603431701660156,84.2094497680664,,
1776271773.6107063,13568.585156449,-9.880607604980469,-50.31447982788086,89.43183898925781,-16.3029842376709,-54.313323974609375,86.17058563232422,11.917911529541016,-14.835204124450684,74.23380279541016,-3.685351610183716,-38.495243072509766,84.26719665527344,,
1776271773.6307542,13568.60330972,-9.781556129455566,-50.22248458862305,89.60016632080078,-16.52790069580078,-54.372459411621094,86.22254943847656,11.554389953613281,-14.298900604248047,74.11385345458984,-3.3001086711883545,-39.336856842041016,84.26993560791016,,
1776271773.6509416,13568.623412513,-9.844403266906738,-50.160762786865234,89.77278137207031,-16.51040267944336,-54.47008514404297,86.31983947753906,11.395125389099121,-13.879216194152832,73.93901824951172,-3.110377073287964,-40.05302429199219,84.173583984375,,
1776271773.6707866,13568.64721841,-9.916449546813965,-49.94720458984375,89.903076171875,-16.482667922973633,-54.53962326049805,86.2752914428711,11.341911315917969,-13.377903938293457,73.5551986694336,-3.152571439743042,-40.68965148925781,84.03173828125,,
1776271773.6906598,13568.684768828,-10.002346992492676,-49.82798767089844,89.916015625,-16.38530158996582,-54.502159118652344,86.37310791015625,11.446853637695312,-13.187235832214355,73.5254898071289,-3.143338680267334,-41.097747802734375,83.9564437866211,,
1776271773.7107122,13568.686880729,-9.85251235961914,-49.80746841430664,89.98255157470703,-16.544382095336914,-53.89396667480469,86.80391693115234,11.7534761428833,-13.17577838897705,73.31487274169922,-2.9908196926116943,-41.307682037353516,83.90318298339844,,
1776271773.730738,13568.720101223,-9.790616989135742,-49.821285247802734,90.01947021484375,-16.775949478149414,-53.332855224609375,87.1990737915039,12.057517051696777,-13.489731788635254,72.94314575195312,-2.9515328407287598,-41.24266815185547,83.8021469116211,,
1776271773.7506163,13568.723954718,-9.683451652526855,-49.66484832763672,90.07160949707031,-16.759653091430664,-52.55561065673828,87.94024658203125,12.120338439941406,-14.469347953796387,72.58660125732422,-2.949160575866699,-41.20402526855469,83.66069030761719,,
1776271773.7709765,13568.743461282,-9.67628288269043,-49.350215911865234,90.31063842773438,-16.816808700561523,-51.64910888671875,88.6294937133789,12.460190773010254,-15.21791934967041,72.05941009521484,-3.2533810138702393,-40.57851028442383,83.43781280517578,,
1776271773.7909977,13568.763356841,-10.22446346282959,-49.00738525390625,91.09706115722656,-16.4732723236084,-52.242916107177734,88.06034088134766,12.875876426696777,-18.565322875976562,69.97998046875,-4.708984375,-38.430416107177734,82.47406005859375,,
1776271773.8108766,13568.785643595,-10.444120407104492,-49.30013656616211,92.2872543334961,-15.418298721313477,-54.34204864501953,86.32620239257812,12.281713485717773,-24.719684600830078,65.67755889892578,-6.54943323135376,-34.59586715698242,81.38197326660156,,
1776271773.83163,13568.839268992,-10.481014251708984,-48.43816375732422,92.69023895263672,-13.907427787780762,-53.77627944946289,86.87568664550781,10.900774002075195,-27.79889678955078,64.64578247070312,-8.227413177490234,-31.146915435791016,81.45639038085938,,
1776271773.8512628,13568.841335756,-11.38512134552002,-49.64150619506836,92.54727935791016,-11.314044952392578,-53.56934356689453,87.15711975097656,8.875009536743164,-30.25660514831543,63.74884796142578,-10.336270332336426,-28.077360153198242,80.09407806396484,,
1776271773.8708243,13568.846957023,-12.177278518676758,-51.16053009033203,91.19918823242188,-7.467384338378906,-51.698822021484375,89.50664520263672,6.0543012619018555,-31.75063133239746,65.70951080322266,-12.800944328308105,-25.890520095825195,77.1844711303711,,
1776271773.8907847,13568.865449372,-11.345978736877441,-54.43428421020508,89.66616821289062,-4.1636552810668945,-47.09169387817383,92.11038970947266,3.778883695602417,-31.18023109436035,70.1338882446289,-16.490459442138672,-25.4500789642334,72.16625213623047,,
1776271773.910686,13568.882727762,-8.584689140319824,-59.66256332397461,87.70211029052734,-1.3081979751586914,-42.322547912597656,92.97915649414062,2.127725601196289,-29.965782165527344,74.84699249267578,-18.167198181152344,-26.658098220825195,67.340576171875,,
1776271773.9307468,13568.952720659,-6.187528133392334,-63.65589141845703,85.43059539794922,2.0893771648406982,-38.89961242675781,92.395263671875,0.6657916903495789,-29.296966552734375,77.15354919433594,-17.70447540283203,-29.605741500854492,64.00772094726562,,
1776271773.9507015,13568.953420171,-3.8903708457946777,-64.48927307128906,82.91716766357422,4.2300872802734375,-36.93301010131836,91.76380157470703,-0.5881254076957703,-27.953758239746094,78.83566284179688,-16.35276985168457,-32.78752899169922,62.22696304321289,,
1776271773.9706986,13568.953773931,0.5082975625991821,-61.7839241027832,78.71165466308594,3.890575647354126,-36.80392837524414,90.95492553710938,-2.653208017349243,-27.56549644470215,81.35711669921875,-14.461380004882812,-33.67036056518555,64.85462951660156,,
1776271773.9907608,13568.964105304,3.3052780628204346,-60.82423400878906,74.5300521850586,4.330702304840088,-37.13546371459961,89.19662475585938,-2.5803682804107666,-28.149097442626953,82.21746826171875,-11.271023750305176,-35.77538299560547,65.60628509521484,,
1776271774.0107749,13568.983534732,2.6994242668151855,-59.23780822753906,71.22154998779297,4.28216552734375,-38.493865966796875,87.29502868652344,-1.373001217842102,-28.954740524291992,82.73260498046875,-7.690297603607178,-39.595130920410156,66.67335510253906,,
1776271774.0307071,13569.006842458,0.09547590464353561,-60.835140228271484,71.3864517211914,4.060096263885498,-41.22699737548828,86.00703430175781,0.7914434671401978,-28.439817428588867,80.97308349609375,-4.782333850860596,-44.81626510620117,64.68570709228516,,
1776271774.0507176,13569.024280991,-5.296065330505371,-59.005043029785156,77.79337310791016,1.7804309129714966,-47.98181915283203,80.8998031616211,4.195348262786865,-28.904417037963867,76.50597381591797,-1.3087700605392456,-49.893646240234375,65.98856353759766,,
1776271774.0707576,13569.048285866,-9.04982852935791,-54.87533950805664,83.13712310791016,-0.7002477645874023,-56.54486083984375,75.30918884277344,6.030324935913086,-31.74272918701172,72.29816436767578,0.8989229202270508,-49.787071228027344,71.3122329711914,,
1776271774.0907242,13569.065839066,-9.192924499511719,-45.239501953125,86.4622573852539,-3.7459616661071777,-61.02418899536133,69.91107177734375,6.33128023147583,-36.074798583984375,68.66829681396484,2.4754467010498047,-46.9873046875,77.29027557373047,,
1776271774.110708,13569.127679898,-6.96467399597168,-40.190216064453125,87.42919158935547,-6.133819580078125,-61.282596588134766,66.67076873779297,4.666224956512451,-40.243656158447266,65.3812026977539,4.041379928588867,-43.786373138427734,82.9823989868164,,
1776271774.1308413,13569.130379704,-5.753368377685547,-37.167057037353516,87.85579681396484,-5.254408359527588,-61.969974517822266,64.78416442871094,3.123196601867676,-43.98930740356445,62.90397644042969,4.912755489349365,-40.67945861816406,85.00599670410156,,
1776271774.1507726,13569.130777547,-4.914395809173584,-37.91913604736328,89.28707122802734,-3.447279691696167,-60.672325134277344,63.38865280151367,3.554394245147705,-47.234893798828125,60.0357666015625,7.300242900848389,-37.133548736572266,86.1050033569336,,
1776271774.1707153,13569.146116868,-3.656719446182251,-37.680908203125,90.89798736572266,-1.3753094673156738,-58.81383514404297,62.80015182495117,3.422226905822754,-47.63298797607422,59.639766693115234,8.81020450592041,-33.276268005371094,87.40015411376953,,
1776271774.19074,13569.171648385,-2.5628654956817627,-38.460792541503906,92.03748321533203,-0.7687716484069824,-58.26942443847656,62.77352523803711,4.12092924118042,-46.924686431884766,60.05141067504883,9.193157196044922,-28.870426177978516,87.8428955078125,,
1776271774.2110004,13569.185763676,-2.605264663696289,-37.0234489440918,91.91180419921875,2.054924249649048,-57.351226806640625,64.56378936767578,3.5320346355438232,-49.10975646972656,60.71445846557617,8.042052268981934,-28.1595401763916,87.44129943847656,,
1776271774.230738,13569.203890263,-3.9542953968048096,-39.06726837158203,92.33975982666016,4.007895469665527,-55.58866500854492,68.15877532958984,4.219467639923096,-50.26675033569336,62.43804168701172,5.7725982666015625,-25.19612693786621,85.20109558105469,,
1776271774.2507546,13569.225527343,-6.265227317810059,-43.770843505859375,90.39366912841797,6.405336380004883,-53.28999328613281,75.49240112304688,3.7166004180908203,-50.39299392700195,65.00444030761719,1.8364653587341309,-22.60575294494629,79.52738189697266,,
1776271774.2710006,13569.243184826,-6.125742435455322,-52.90775680541992,87.03514862060547,6.009063243865967,-47.51718521118164,83.76058959960938,3.730180263519287,-45.847225189208984,69.96881866455078,-3.590205192565918,-22.788082122802734,71.99584197998047,,
1776271774.2909803,13569.26486159,-4.915559768676758,-62.3344841003418,83.09281921386719,5.109760284423828,-41.217655181884766,88.78251647949219,1.4067963361740112,-40.11867141723633,76.74160766601562,-7.574172496795654,-26.016185760498047,65.62512969970703,,
1776271774.3108695,13569.285916342,-2.4888317584991455,-65.74667358398438,80.620361328125,5.95855188369751,-36.11463165283203,89.7503433227539,-1.8534386157989502,-36.90983581542969,81.65819549560547,-9.035346984863281,-29.133419036865234,63.4721794128418,,
1776271774.3308446,13569.303616471,0.7432651519775391,-66.2123031616211,79.5169677734375,6.6454243659973145,-32.60415267944336,89.4281997680664,-3.658029079437256,-34.47654724121094,83.90784454345703,-8.758886337280273,-32.331825256347656,62.5702018737793,,
1776271774.3509343,13569.325537209,1.350763201713562,-64.61736297607422,78.08018493652344,7.47026252746582,-32.377933502197266,89.58148193359375,-5.488414764404297,-33.87908935546875,85.00932312011719,-9.376082420349121,-35.754364013671875,61.021949768066406,,
1776271774.3708632,13569.344946193,1.1609225273132324,-64.79285430908203,77.21833801269531,9.56796932220459,-31.55126953125,89.75618743896484,-5.399738311767578,-33.39299011230469,84.5645523071289,-8.354008674621582,-39.05073547363281,59.302024841308594,,
1776271774.3907554,13569.363025095,0.7269211411476135,-64.66497039794922,75.82413482666016,11.313343048095703,-30.701948165893555,90.55864715576172,-5.314062118530273,-32.68658447265625,85.03072357177734,-7.670357704162598,-41.141510009765625,58.65241241455078,,
1776271774.4106963,13569.386333084,0.11581695824861526,-66.69379425048828,75.1995620727539,12.241889953613281,-30.029407501220703,91.76188659667969,-5.1826581954956055,-32.7198371887207,86.1927261352539,-6.292198181152344,-42.70475387573242,57.23439025878906,,
1776271774.4307625,13569.403503175,-0.9974598288536072,-68.82222747802734,74.45282745361328,13.651041030883789,-28.990190505981445,92.81250762939453,-5.123948574066162,-33.40673828125,87.00025177001953,-4.768429279327393,-44.31296157836914,56.624507904052734,,
1776271774.4508142,13569.42325222,-1.462021827697754,-70.32735443115234,73.37235260009766,14.599740982055664,-27.98700714111328,93.60931396484375,-4.796655654907227,-34.47117614746094,87.92406463623047,-3.3771467208862305,-45.25346374511719,57.193599700927734,,
1776271774.4707448,13569.443050226,-0.7712152004241943,-70.5573501586914,72.28120422363281,15.001572608947754,-26.628376007080078,93.83361053466797,-4.742044925689697,-35.24688720703125,88.83499908447266,-2.3366212844848633,-44.67426300048828,59.215057373046875,,
1776271774.4907653,13569.462769926,0.503761351108551,-70.10173034667969,72.23566436767578,14.927176475524902,-25.711912155151367,93.36304473876953,-4.344303607940674,-35.415889739990234,89.21965789794922,-1.4707450866699219,-44.20732498168945,60.83405303955078,,
1776271774.5106978,13569.482742438,0.823935329914093,-70.98445892333984,72.11731719970703,14.63686466217041,-25.32077407836914,93.89682006835938,-4.068490028381348,-35.914737701416016,90.09860229492188,-0.5717548131942749,-44.37593078613281,60.89509963989258,,
1776271774.5308847,13569.502737481,0.34370142221450806,-71.97005462646484,72.08846282958984,14.862136840820312,-24.891172409057617,94.62811279296875,-3.9098944664001465,-36.6139030456543,90.62957000732422,-0.10278250277042389,-45.31787872314453,60.55940246582031,,
1776271774.5507057,13569.547168048,1.1563427448272705,-72.66789245605469,72.58123016357422,15.091739654541016,-24.67195701599121,94.70285034179688,-4.207620143890381,-37.438323974609375,91.07730865478516,-0.025330504402518272,-46.04109573364258,61.301658630371094,,
1776271774.5706513,13569.548078373,1.8645758628845215,-72.20051574707031,73.02405548095703,15.70612907409668,-24.165447235107422,94.55349731445312,-4.053662300109863,-38.07411575317383,91.47856903076172,-0.4081382751464844,-46.51316452026367,62.4176025390625,,
1776271774.5906682,13569.56295617,2.8867342472076416,-71.59814453125,73.64833068847656,15.89760684967041,-23.74083137512207,94.31489562988281,-3.9194347858428955,-38.33474349975586,91.85781860351562,-0.616587221622467,-46.40161895751953,63.46913528442383,,
1776271774.6106935,13569.583277831,3.1664061546325684,-71.1648941040039,74.77559661865234,16.467811584472656,-23.750829696655273,94.26763916015625,-3.965620756149292,-38.88975524902344,92.01972198486328,-1.4826159477233887,-47.242496490478516,63.44976043701172,,
1776271774.63096,13569.602826743,3.4461472034454346,-70.82888793945312,75.44182586669922,17.366657257080078,-23.643016815185547,94.11246490478516,-4.220792293548584,-39.43740463256836,92.1869125366211,-2.2806265354156494,-48.09403610229492,63.49215316772461,,
1776271774.651116,13569.625420133,3.4164462089538574,-70.61376953125,76.21480560302734,18.552507400512695,-23.732324600219727,93.98290252685547,-4.356584072113037,-39.680912017822266,91.93922424316406,-3.333099126815796,-49.28102493286133,63.04514694213867,,
1776271774.6716068,13569.643121723,3.505678653717041,-69.9428482055664,76.98912048339844,19.513708114624023,-23.717866897583008,93.76554870605469,-4.494956970214844,-39.81248474121094,91.80992889404297,-4.255420207977295,-50.10014343261719,62.98805618286133,,
1776271774.691038,13569.663349985,3.87343692779541,-68.9491195678711,77.37130737304688,20.022035598754883,-23.641132354736328,93.47023010253906,-4.62984037399292,-40.01685333251953,91.89522552490234,-4.9241814613342285,-50.16422653198242,63.55402755737305,,
1776271774.7108142,13569.683066795,3.3588459491729736,-70.16690826416016,76.4718017578125,20.62234115600586,-23.498291015625,93.66498565673828,-5.114598274230957,-39.9184684753418,92.06475830078125,-5.435829162597656,-50.531925201416016,61.801231384277344,,
1776271774.7307694,13569.702776789,3.5475845336914062,-70.4157943725586,75.81637573242188,20.74056625366211,-22.885251998901367,93.63860321044922,-5.525642395019531,-39.79042434692383,92.2451171875,-5.023248195648193,-50.758792877197266,61.851776123046875,,
1776271774.7507517,13569.724178871,3.816643476486206,-71.37740325927734,75.11151123046875,20.735576629638672,-22.29723358154297,93.54498291015625,-5.592545509338379,-39.40412902832031,92.20631408691406,-4.451086521148682,-51.0678596496582,61.54106140136719,,
1776271774.7710116,13569.742960617,4.688975811004639,-70.68647003173828,74.44068145751953,20.47365951538086,-21.221534729003906,93.08294677734375,-5.409745693206787,-38.76555252075195,92.55245971679688,-3.3916492462158203,-50.756587982177734,62.81927490234375,,
1776271774.7909272,13569.763199668,5.946126461029053,-69.9883804321289,74.19403076171875,20.04180335998535,-20.453197479248047,92.21392822265625,-5.031334400177002,-38.04957580566406,92.41525268554688,-2.414874315261841,-50.77810287475586,63.53816223144531,,
1776271774.8113892,13569.785839127,5.772226333618164,-70.1091537475586,73.93994140625,20.125350952148438,-19.201929092407227,91.88175964355469,-3.8106932640075684,-37.97591018676758,91.72298431396484,-0.8267412781715393,-51.35154342651367,63.40081024169922,,
1776271774.8309572,13569.803158982,5.308913707733154,-70.97635650634766,73.9979476928711,20.303524017333984,-18.875614166259766,91.45114135742188,-3.5962328910827637,-38.19596481323242,90.57333374023438,-0.06867605447769165,-52.526119232177734,63.0825309753418,,
1776271774.851297,13569.824633879,5.1436076164245605,-72.009521484375,73.79106140136719,19.694042205810547,-18.91887664794922,91.1805419921875,-3.8719897270202637,-38.14754867553711,89.97050476074219,1.0168706178665161,-52.86796569824219,62.93442916870117,,
1776271774.8709147,13569.843827941,5.705709457397461,-72.66165924072266,73.30486297607422,18.102527618408203,-20.373226165771484,90.97491455078125,-5.508707523345947,-37.86052703857422,89.60700225830078,1.936858892440796,-53.22983169555664,62.73402404785156,,
1776271774.890934,13569.86419156,6.035479545593262,-72.77781677246094,71.63506317138672,16.864070892333984,-21.76771354675293,90.98973083496094,-7.0523271560668945,-37.776084899902344,89.17955017089844,3.0750765800476074,-53.9044303894043,63.170013427734375,,
1776271774.910869,13569.882545403,6.612812519073486,-71.6591796875,70.88945770263672,15.8069429397583,-23.073129653930664,90.34349060058594,-8.095294952392578,-37.37238693237305,88.42706298828125,3.6329152584075928,-54.90949249267578,63.784549713134766,,
1776271774.9308279,13569.902034886,8.643190383911133,-69.66934967041016,70.65409851074219,14.612327575683594,-24.226900100708008,89.27111053466797,-9.505785942077637,-36.445194244384766,88.2462158203125,3.4374887943267822,-54.48168182373047,65.28417205810547,,
1776271774.9507363,13569.926297639,9.442373275756836,-67.75975799560547,70.5671615600586,13.63817024230957,-25.772953033447266,88.23433685302734,-9.95531177520752,-35.972373962402344,87.10377502441406,3.3215560913085938,-54.20151901245117,65.352783203125,,
1776271774.970721,13569.956726587,8.557737350463867,-66.43243408203125,71.22178649902344,13.224446296691895,-27.923988342285156,87.51530456542969,-10.035303115844727,-36.32160949707031,85.60140991210938,3.7738306522369385,-55.264583587646484,65.10408782958984,,
1776271774.9907992,13569.962550511,7.707823276519775,-65.12244415283203,72.00874328613281,12.901806831359863,-30.357934951782227,86.71871185302734,-9.324188232421875,-37.17791748046875,83.84266662597656,4.039582252502441,-55.806983947753906,66.3020248413086,,
1776271775.0106943,13569.982430841,7.360274791717529,-62.12443161010742,73.90686798095703,12.448579788208008,-33.94441604614258,83.85250091552734,-8.428787231445312,-37.95018768310547,80.85321044921875,3.832009792327881,-56.473472595214844,68.33033752441406,,
1776271775.0309284,13570.006238862,4.895450592041016,-57.7164306640625,77.81645965576172,11.085700988769531,-40.136474609375,78.6463394165039,-5.352636337280273,-41.21682357788086,75.61666107177734,5.4581193923950195,-57.3104362487793,73.01075744628906,,
1776271775.050927,13570.038673255,1.8397694826126099,-50.234466552734375,82.0751724243164,8.940642356872559,-49.09674072265625,72.19232177734375,-1.4247196912765503,-45.903404235839844,68.38390350341797,8.006190299987793,-55.50160217285156,77.78710174560547,,
1776271775.070785,13570.04238768,0.7053060531616211,-43.71396255493164,86.05254364013672,8.913588523864746,-55.398956298828125,64.20137786865234,0.4215976893901825,-49.85889434814453,59.92354965209961,11.283012390136719,-49.55074691772461,83.20466613769531,,
1776271775.090712,13570.062093019,0.3137405812740326,-40.49248504638672,88.89046478271484,11.639681816101074,-56.375057220458984,58.13520431518555,0.7844055891036987,-52.79243469238281,53.62323760986328,13.461309432983398,-42.293731689453125,86.71160125732422,,
1776271775.1107874,13570.082719543,-0.7159450054168701,-37.63090133666992,88.94503021240234,14.091948509216309,-56.52543258666992,55.694122314453125,0.24172167479991913,-53.13695526123047,51.44017028808594,11.46954345703125,-35.81787872314453,88.77155303955078,,
1776271775.1309855,13570.103378167,-1.2837532758712769,-35.52333450317383,89.58577728271484,15.071377754211426,-54.52261734008789,55.99939727783203,-0.19143792986869812,-52.053489685058594,52.73531723022461,8.92644214630127,-32.28491973876953,90.29561614990234,,
1776271775.1509752,13570.12927661,-3.1124720573425293,-36.60640335083008,89.89960479736328,16.115623474121094,-52.628170013427734,58.578224182128906,0.8647602200508118,-54.12148666381836,52.95735168457031,6.618404865264893,-28.573095321655273,88.88356018066406,,
1776271775.170901,13570.143282042,-4.412212371826172,-39.297237396240234,90.36320495605469,16.70661163330078,-49.69139099121094,63.244075775146484,2.2718729972839355,-55.05024719238281,54.10588836669922,3.5069401264190674,-25.878868103027344,86.221435546875,,
1776271775.190885,13570.162415951,-6.195058345794678,-42.755157470703125,88.82586669921875,16.751989364624023,-46.86653137207031,68.21047973632812,2.337615966796875,-54.74622344970703,56.91513442993164,-0.19690901041030884,-24.030799865722656,82.5555191040039,,
1776271775.2109396,13570.185853233,-7.681086540222168,-46.785518646240234,86.20614624023438,16.18124008178711,-44.76325225830078,72.65289306640625,-0.6750857830047607,-53.248291015625,60.92897415161133,-4.123892307281494,-25.11701202392578,77.2110824584961,,
1776271775.230874,13570.202790177,-5.4736199378967285,-56.88690185546875,83.04216766357422,14.552453994750977,-39.16176223754883,79.13834381103516,-4.444810390472412,-47.808101654052734,67.81414794921875,-7.098830699920654,-27.508407592773438,68.19425964355469,,
1776271775.250889,13570.225800498,-0.9312517642974854,-64.74925994873047,80.01997375488281,12.732669830322266,-32.60041046142578,84.00501251220703,-7.849229335784912,-41.04262924194336,75.78302764892578,-8.182758331298828,-32.83952331542969,61.81343078613281,,
1776271775.2707505,13570.247507871,2.9430158138275146,-68.07115936279297,77.12152099609375,11.930061340332031,-29.156593322753906,86.02002716064453,-9.356535911560059,-36.58909225463867,80.4405746459961,-6.667529106140137,-37.98395538330078,57.969852447509766,,
1776271775.2907097,13570.263450486,6.977632522583008,-67.45160675048828,74.3006591796875,11.545557022094727,-27.702342987060547,86.14950561523438,-11.933667182922363,-34.90581130981445,82.25068664550781,-4.633601188659668,-40.37693786621094,57.70827102661133,,
1776271775.3107975,13570.283178833,8.166897773742676,-67.25749969482422,71.26837158203125,12.5066556930542,-25.68497657775879,87.23590087890625,-12.541092872619629,-34.42439270019531,82.89156341552734,-2.2864606380462646,-42.720455169677734,57.610870361328125,,
1776271775.3307683,13570.307420096,9.946037292480469,-67.05189514160156,68.22704315185547,12.326735496520996,-24.21568489074707,87.63162231445312,-12.892304420471191,-34.508358001708984,84.35863494873047,0.4707409739494324,-43.35335159301758,58.721458435058594,,
1776271775.3507051,13570.324233929,9.684860229492188,-69.13268280029297,67.84761810302734,12.736119270324707,-22.65359878540039,88.8598861694336,-11.924681663513184,-33.7414436340332,85.07554626464844,2.6045992374420166,-45.2287712097168,57.0623779296875,,
1776271775.3708282,13570.35113236,8.705718040466309,-72.02513885498047,68.2166976928711,13.620298385620117,-21.452348709106445,90.45931243896484,-11.432991981506348,-33.89082336425781,86.45768737792969,4.143828392028809,-47.10726547241211,54.844905853271484,,
1776271775.3907285,13570.367613895,7.923883438110352,-73.8813705444336,69.05716705322266,14.706927299499512,-19.991846084594727,90.98907470703125,-10.679316520690918,-34.23679733276367,86.72541809082031,5.151306629180908,-48.52113723754883,54.76362609863281,,
1776271775.4106903,13570.381871244,6.9393157958984375,-76.2496566772461,69.86236572265625,15.67904281616211,-18.675697326660156,92.39068603515625,-9.814352035522461,-34.716880798339844,87.96134185791016,6.043333530426025,-49.81303405761719,54.87215042114258,,
1776271775.4307308,13570.404548143,7.557259559631348,-77.44143676757812,71.18936920166016,16.593339920043945,-16.94866371154785,92.26898956298828,-10.055091857910156,-34.86898422241211,88.9211196899414,6.578318119049072,-50.42108154296875,56.53059768676758,,
1776271775.4507065,13570.42724494,7.681794166564941,-78.69453430175781,71.65177154541016,16.699922561645508,-16.543806076049805,93.3243637084961,-9.497769355773926,-35.54884338378906,90.32154846191406,7.030178070068359,-51.042030334472656,57.4610481262207,,
1776271775.4707592,13570.447710646,8.515412330627441,-79.77445220947266,71.67080688476562,16.529664993286133,-16.035776138305664,93.54108428955078,-10.169583320617676,-36.54325485229492,91.45787811279297,7.67747163772583,-50.88307189941406,58.852928161621094,,
1776271775.4906938,13570.468134614,7.663392066955566,-80.4072494506836,72.81939697265625,16.727184295654297,-15.831198692321777,93.88131713867188,-9.575274467468262,-38.12057113647461,91.5400619506836,7.751041889190674,-51.743980407714844,59.76321029663086,,
1776271775.51075,13570.483131734,8.648621559143066,-79.28609466552734,74.797607421875,16.563644409179688,-15.211885452270508,92.98490905761719,-9.506425857543945,-38.16629409790039,92.06696319580078,6.973109245300293,-51.16730499267578,61.775733947753906,,
1776271775.5307298,13570.504817364,12.386283874511719,-76.4096908569336,76.85179138183594,14.934425354003906,-15.841655731201172,91.43598937988281,-10.822518348693848,-37.976016998291016,92.7864761352539,5.192058086395264,-49.87855911254883,64.20513153076172,,
1776271775.5515041,13570.523464713,12.92612075805664,-76.08031463623047,77.41300201416016,14.043174743652344,-16.70111846923828,91.65422058105469,-11.300799369812012,-39.0583381652832,93.1194076538086,5.076847076416016,-49.75294876098633,64.26811218261719,,
1776271775.5707953,13570.546836689,14.159095764160156,-75.00721740722656,77.43424987792969,14.212762832641602,-16.91187858581543,91.07180786132812,-11.71399974822998,-39.988887786865234,92.79531860351562,4.542748928070068,-50.45964431762695,65.32086181640625,,
1776271775.5907962,13570.563592659,15.788849830627441,-73.72637939453125,77.36531829833984,14.751753807067871,-16.815811157226562,90.375244140625,-12.513521194458008,-40.15979766845703,92.60008239746094,4.034371852874756,-51.12153244018555,65.95581817626953,,
1776271775.6107845,13570.586700395,16.55072021484375,-72.52442932128906,77.63143920898438,15.237610816955566,-17.140295028686523,89.951904296875,-12.638266563415527,-40.12907791137695,92.16305541992188,3.4552419185638428,-51.78573989868164,65.8558578491211,,
1776271775.630681,13570.605961167,15.538092613220215,-72.38817596435547,78.51722717285156,16.20822525024414,-17.42906951904297,90.26112365722656,-11.93639087677002,-40.43716049194336,91.85103607177734,2.8297524452209473,-52.93073272705078,64.82622528076172,,
1776271775.6507125,13570.622712861,15.445895195007324,-72.08599090576172,78.68782806396484,17.134687423706055,-17.22527313232422,90.27670288085938,-11.754903793334961,-40.63283920288086,91.78115844726562,2.3722727298736572,-53.55093002319336,64.88346099853516,,
1776271775.6706762,13570.644161159,16.25283432006836,-71.81166076660156,78.29374694824219,17.46360969543457,-16.9420166015625,90.06136322021484,-11.913680076599121,-40.600914001464844,91.70166015625,2.4079859256744385,-53.462074279785156,65.31307983398438,,
1776271775.6910236,13570.664301246,16.541444778442383,-71.92084503173828,77.7891616821289,17.35700035095215,-17.073225021362305,90.068359375,-11.949511528015137,-40.63686752319336,91.59940338134766,2.811467170715332,-53.402992248535156,65.23110961914062,,
1776271775.7107592,13570.684434938,16.16889762878418,-72.55172729492188,77.17601013183594,17.3931941986084,-17.260486602783203,90.35285186767578,-11.687274932861328,-40.80638122558594,91.35700225830078,3.43278169631958,-53.58755874633789,64.82112121582031,,
1776271775.7311602,13570.703825154,15.889413833618164,-73.3613052368164,76.41909790039062,17.444067001342773,-17.229734420776367,90.65908813476562,-11.513214111328125,-40.82267761230469,91.17276763916016,4.152462005615234,-53.76707458496094,64.42607879638672,,
1776271775.750906,13570.722384632,16.21067237854004,-73.69181823730469,75.33219146728516,17.309289932250977,-17.01286506652832,90.630615234375,-11.453927040100098,-40.43695068359375,90.78490447998047,4.887482643127441,-53.63347244262695,64.384033203125,,
1776271775.7707942,13570.746252071,16.513347625732422,-73.67719268798828,74.26705932617188,16.97628402709961,-17.00836753845215,90.61600494384766,-11.53687572479248,-40.21077346801758,90.54519653320312,5.674392223358154,-53.47270965576172,64.54067993164062,,
1776271775.7908444,13570.762781156,16.462709426879883,-73.352294921875,73.22770690917969,16.69635772705078,-17.306507110595703,90.61316680908203,-11.53184700012207,-40.155155181884766,90.23133087158203,6.457089900970459,-53.62269973754883,64.49201202392578,,
1776271775.8107905,13570.783277033,15.884530067443848,-73.21560668945312,72.56098175048828,16.752155303955078,-17.50143051147461,90.85694885253906,-10.880281448364258,-39.767696380615234,89.51361846923828,6.909474849700928,-53.80998229980469,63.852386474609375,,
1776271775.8308325,13570.829890777,16.144149780273438,-72.76728820800781,71.927490234375,16.770727157592773,-17.74016761779785,90.58293914794922,-10.812795639038086,-39.38715362548828,88.85578918457031,7.401052951812744,-54.01974105834961,63.82074737548828,,
1776271775.850715,13570.833609061,15.980924606323242,-72.14666748046875,71.3009262084961,16.70808982849121,-18.115867614746094,90.46234130859375,-10.513822555541992,-38.9388427734375,88.12613677978516,7.824085235595703,-54.23270797729492,63.37757110595703,,
1776271775.870713,13570.84380131,15.239008903503418,-71.51200103759766,70.76895904541016,16.753110885620117,-18.788896560668945,90.42140197753906,-10.160480499267578,-38.58843231201172,87.26078796386719,8.240002632141113,-54.78034973144531,62.8790283203125,,
1776271775.8908646,13570.870658222,14.431151390075684,-70.71773529052734,70.4247817993164,16.93291664123535,-19.573518753051758,90.18880462646484,-9.918685913085938,-38.01776885986328,86.28871154785156,8.340165138244629,-55.42474365234375,62.31155776977539,,
1776271775.9107103,13570.88206695,13.886574745178223,-69.30355834960938,69.94610595703125,16.937753677368164,-20.475627899169922,89.65888977050781,-9.570716857910156,-37.106292724609375,85.06132507324219,8.262866973876953,-55.879947662353516,62.10026931762695,,
1776271775.930785,13570.906082386,12.371365547180176,-68.23590087890625,70.11680603027344,16.859256744384766,-22.000768661499023,89.27947998046875,-8.676010131835938,-36.56853103637695,83.6702880859375,8.328246116638184,-56.61650466918945,61.670989990234375,,
1776271775.9508085,13570.922612864,10.684693336486816,-66.879638671875,70.23217010498047,16.595678329467773,-24.055816650390625,88.44358825683594,-7.421010971069336,-36.624881744384766,81.9776611328125,8.878846168518066,-57.56607437133789,62.62422180175781,,
1776271775.970833,13570.942827241,9.207171440124512,-65.19929504394531,71.01902770996094,16.044214248657227,-26.881362915039062,86.15229797363281,-5.385589122772217,-37.33188247680664,79.0691146850586,10.07950210571289,-58.78364181518555,64.702392578125,,
1776271775.9907234,13570.962571212,6.597654342651367,-61.436317443847656,73.9906997680664,15.081192970275879,-32.57030487060547,81.55562591552734,-1.80376136302948,-39.79438018798828,74.4093246459961,11.452216148376465,-60.41521072387695,69.08287048339844,,
1776271776.010733,13570.984195208,2.8020215034484863,-53.45353317260742,78.07271575927734,13.839397430419922,-42.352447509765625,74.60753631591797,2.949622392654419,-45.133270263671875,67.02238464355469,12.856050491333008,-59.80940246582031,74.1787338256836,,
1776271776.0308533,13571.002978875,0.18645189702510834,-44.441436767578125,82.01165008544922,13.613749504089355,-50.60930633544922,67.09496307373047,5.692822456359863,-49.93116760253906,59.814579010009766,13.693289756774902,-54.67098617553711,78.90914916992188,,
1776271776.0507355,13571.023454081,0.13392367959022522,-38.67642593383789,85.32785034179688,12.869996070861816,-54.262516021728516,60.58849334716797,6.0308518409729,-51.43939208984375,54.5002555847168,13.73656177520752,-48.11793899536133,82.88224792480469,,
1776271776.070736,13571.044045113,0.9964703917503357,-35.162208557128906,86.50885009765625,12.811044692993164,-54.72258377075195,57.938140869140625,6.247415542602539,-50.8651008605957,52.273128509521484,12.785991668701172,-41.919857025146484,85.62979888916016,,
1776271776.0908225,13571.0645174,0.9862844347953796,-33.646095275878906,86.90703582763672,13.7589111328125,-53.523014068603516,57.28548812866211,6.363497257232666,-49.932861328125,52.7256965637207,10.692157745361328,-36.81629943847656,87.25802612304688,,
1776271776.110854,13571.08361152,-0.025391122326254845,-33.31623077392578,87.8187484741211,15.415026664733887,-50.47867965698242,58.389827728271484,6.428805828094482,-51.34781265258789,53.75069808959961,7.455190658569336,-33.44424819946289,87.81303405761719,,
1776271776.1307921,13571.104335882,-1.9195396900177002,-33.86372756958008,87.09053802490234,15.975346565246582,-48.17025375366211,60.56417465209961,4.900335311889648,-53.888832092285156,54.72368240356445,2.4960546493530273,-30.88161849975586,87.50666809082031,,
1776271776.150864,13571.125203909,-3.186986207962036,-35.0435791015625,86.54766082763672,16.135990142822266,-46.17622756958008,64.14066314697266,2.7315449714660645,-54.9219856262207,56.05839538574219,-1.6944235563278198,-30.781570434570312,86.3855209350586,,
1776271776.1708696,13571.142711516,-6.133638381958008,-38.827430725097656,86.5177001953125,16.87595558166504,-44.10496139526367,67.30310821533203,-0.07037623971700668,-54.520164489746094,56.8572883605957,-5.573975563049316,-29.426271438598633,83.9864501953125,,
1776271776.1907845,13571.163071349,-7.827832221984863,-45.070213317871094,85.55318450927734,17.640729904174805,-40.02725601196289,72.50820922851562,-4.43513822555542,-52.15118408203125,60.41465759277344,-9.500761985778809,-27.21919059753418,77.96717834472656,,
1776271776.210676,13571.185606494,-4.7805399894714355,-55.366085052490234,84.10181427001953,16.29009246826172,-31.67510986328125,79.06890106201172,-8.004956245422363,-46.21708297729492,67.2716293334961,-12.451525688171387,-29.903215408325195,69.25851440429688,,
1776271776.2307065,13571.202143898,0.19249820709228516,-63.99135971069336,81.56428527832031,14.801170349121094,-27.235763549804688,81.91716766357422,-10.361197471618652,-40.386051177978516,72.88963317871094,-11.961135864257812,-35.21950149536133,62.69200134277344,,
1776271776.2507567,13571.223453477,5.067355155944824,-66.14643096923828,76.73025512695312,14.078643798828125,-26.410974502563477,81.71161651611328,-11.57452392578125,-36.609031677246094,74.48831939697266,-9.226447105407715,-39.0812873840332,58.3982048034668,,
1776271776.2706854,13571.242373967,10.182008743286133,-61.66813659667969,70.74049377441406,12.042922973632812,-26.87714195251465,81.18557739257812,-12.182282447814941,-33.50846481323242,74.20968627929688,-4.837993621826172,-40.568336486816406,60.68951416015625,,
1776271776.2907426,13571.263613713,10.81124210357666,-58.77536392211914,66.99110412597656,11.220932006835938,-29.104328155517578,80.59770965576172,-10.4539155960083,-32.92973327636719,73.48823547363281,-1.3756822347640991,-43.44084930419922,62.0297737121582,,
1776271776.3108077,13571.285347942,7.477220058441162,-57.09272003173828,65.90953063964844,12.234550476074219,-32.01938247680664,80.54999542236328,-10.02153205871582,-34.257381439208984,73.70415496826172,1.7385717630386353,-47.99457931518555,63.21874237060547,,
1776271776.330714,13571.304403513,3.7414798736572266,-56.49888610839844,67.0341567993164,15.304807662963867,-34.97906494140625,78.77973937988281,-7.401039123535156,-37.6014289855957,70.7920913696289,5.35151481628418,-52.60224914550781,65.02350616455078,,
1776271776.3508744,13571.346526812,-4.240207195281982,-56.75664138793945,72.33612060546875,12.002284049987793,-42.48875045776367,77.93216705322266,0.8182613849639893,-38.54502868652344,66.48751831054688,7.163697242736816,-57.3800048828125,62.840431213378906,,
1776271776.370835,13571.350233561,-4.586484909057617,-55.14714050292969,78.75409698486328,10.262838363647461,-49.86246871948242,71.26283264160156,2.6189489364624023,-40.48356628417969,62.3327522277832,10.17746639251709,-56.853145599365234,67.30811309814453,,
1776271776.3907964,13571.368516356,-3.924738645553589,-46.67287826538086,83.04499053955078,7.667747974395752,-57.21065139770508,64.78099822998047,2.0426535606384277,-44.956695556640625,59.14807891845703,10.531481742858887,-50.56277847290039,74.6894760131836,,
1776271776.4107459,13571.383522513,-2.1415367126464844,-40.41950225830078,84.76649475097656,4.623925685882568,-59.86064910888672,61.28644561767578,1.9864625930786133,-49.081878662109375,54.49964141845703,9.595072746276855,-43.08075714111328,81.20443725585938,,
1776271776.4309924,13571.402997072,-1.0166298151016235,-36.86722183227539,86.74098205566406,4.720943450927734,-58.65254211425781,58.3061637878418,1.2471516132354736,-51.06508255004883,52.53247833251953,9.859248161315918,-36.614986419677734,86.06439208984375,,
1776271776.4508321,13571.42820164,-2.0782716274261475,-36.93510055541992,87.8476791381836,7.737564563751221,-57.168949127197266,58.38394546508789,1.1414010524749756,-54.084449768066406,51.36860275268555,8.174836158752441,-30.63718605041504,86.66277313232422,,
1776271776.4707117,13571.444016783,-3.9249229431152344,-39.50385284423828,89.90550994873047,11.61178207397461,-54.14650344848633,61.39156723022461,1.3406018018722534,-56.18220901489258,51.78489303588867,5.736234664916992,-26.210716247558594,85.07178497314453,,
1776271776.490711,13571.464705624,-6.643600940704346,-42.5827522277832,90.10240173339844,15.249143600463867,-51.655738830566406,66.42375946044922,-3.2018728256225586,-55.419654846191406,55.816139221191406,0.411283940076828,-23.720531463623047,82.10633087158203,,
1776271776.5107753,13571.483231682,-7.526364803314209,-44.944740295410156,89.85887145996094,16.454620361328125,-47.92703628540039,72.32701110839844,-5.292675018310547,-53.83528137207031,59.575035095214844,-4.759629249572754,-26.38641357421875,79.83594512939453,,
1776271776.5308967,13571.502900071,-7.044493198394775,-53.53819274902344,87.31680297851562,16.012258529663086,-40.85340881347656,79.2387466430664,-7.258571624755859,-48.726646423339844,64.39710235595703,-9.399886131286621,-29.207796096801758,72.14690399169922,,
1776271776.550698,13571.523555573,-3.8167707920074463,-63.87738800048828,83.7311019897461,15.232206344604492,-32.36847686767578,84.2738037109375,-8.625038146972656,-41.665042877197266,69.8045425415039,-11.652153015136719,-34.08831787109375,64.61638641357422,,
1776271776.570859,13571.54843073,-1.7776507139205933,-67.07630157470703,78.98461151123047,16.358964920043945,-27.580163955688477,86.66986083984375,-10.37175464630127,-38.8320426940918,74.6656265258789,-12.316797256469727,-38.043670654296875,61.26742172241211,,
1776271776.5908346,13571.563622377,0.9316132664680481,-68.1130599975586,73.98837280273438,17.76783561706543,-23.265241622924805,87.20008850097656,-9.037311553955078,-35.790313720703125,77.07742309570312,-10.03476619720459,-41.08511734008789,59.49977493286133,,
1776271776.6108198,13571.58667225,-0.12223611027002335,-70.2625503540039,71.33351135253906,19.088476181030273,-22.798931121826172,87.94821166992188,-6.34390926361084,-33.210533142089844,78.15267181396484,-6.53592586517334,-45.08858108520508,55.514007568359375,,
1776271776.6308682,13571.603331728,-1.1478193998336792,-67.71036529541016,70.49970245361328,19.678749084472656,-24.35186195373535,86.39181518554688,-3.7345669269561768,-32.130523681640625,77.44639587402344,-4.353485107421875,-47.22425079345703,54.323097229003906,,
1776271776.6507823,13571.623577885,-1.9698598384857178,-68.334228515625,68.66926574707031,19.265766143798828,-26.053874969482422,88.025146484375,-3.5401885509490967,-31.43939781188965,79.1684799194336,-2.487950086593628,-48.14794158935547,53.461238861083984,,
1776271776.6706803,13571.643409553,-3.1905031204223633,-67.82767486572266,66.91693115234375,19.001041412353516,-27.409801483154297,89.04776000976562,-3.7086329460144043,-31.342880249023438,80.02973175048828,-0.790661633014679,-49.55843734741211,53.316558837890625,,
1776271776.6908135,13571.662491952,-3.995903968811035,-68.42202758789062,66.05359649658203,18.804807662963867,-27.945938110351562,89.60025024414062,-3.3169960975646973,-31.07138442993164,80.83452606201172,0.36924102902412415,-51.16397476196289,52.44160079956055,,
1776271776.7112916,13571.683523585,-3.1640207767486572,-68.12234497070312,66.09798431396484,18.8302001953125,-27.7724552154541,88.90718078613281,-3.724749803543091,-29.94786834716797,80.51871490478516,0.7614210844039917,-51.44519805908203,53.183799743652344,,
1776271776.7308717,13571.70229082,-2.507293701171875,-67.55030059814453,65.38658142089844,17.318334579467773,-29.30866050720215,88.94849395751953,-4.458674907684326,-30.12482452392578,81.16458892822266,2.268481731414795,-52.80320358276367,54.420066833496094,,
1776271776.7508943,13571.723443112,-1.6736172437667847,-66.48096466064453,65.20191955566406,15.928295135498047,-31.21683692932129,88.3267822265625,-5.085990905761719,-30.202680587768555,80.98899841308594,2.646667957305908,-53.72993087768555,56.16630935668945,,
1776271776.770819,13571.742738437,-1.233864188194275,-65.1795425415039,66.41968536376953,14.012945175170898,-34.41777420043945,86.46720123291016,-4.733059406280518,-31.4523983001709,79.75773620605469,3.6643998622894287,-55.30626678466797,58.98660659790039,,
1776271776.7908044,13571.763467612,-1.8690820932388306,-62.98930740356445,69.96237182617188,11.579654693603516,-39.08556365966797,82.81328582763672,-2.0477676391601562,-33.875946044921875,76.70903778076172,4.745016098022461,-56.78142166137695,62.9317512512207,,
1776271776.8107505,13571.782621725,-3.4500679969787598,-58.591670989990234,75.16865539550781,9.131182670593262,-46.959835052490234,76.69334411621094,0.8012930154800415,-38.809661865234375,71.37759399414062,6.266219615936279,-56.54097366333008,68.9027328491211,,
1776271776.830778,13571.803702505,-5.656635761260986,-50.725379943847656,81.18631744384766,8.628270149230957,-54.768714904785156,69.08065795898438,2.740191698074341,-45.64638900756836,64.7417984008789,7.645897388458252,-52.792198181152344,75.1399917602539,,
1776271776.8511071,13571.823558754,-5.367784023284912,-43.846561431884766,85.29930877685547,8.580810546875,-58.47159957885742,61.90990447998047,4.176356315612793,-49.97935104370117,57.97311019897461,9.318110466003418,-45.98463821411133,80.17314147949219,,
1776271776.8708549,13571.84609322,-4.861440181732178,-39.6479606628418,87.74821472167969,9.537252426147461,-58.59737014770508,56.68794250488281,3.393355369567871,-52.154151916503906,54.26445770263672,10.299802780151367,-40.21517562866211,83.706787109375,,
1776271776.8908873,13571.86366284,-3.4412622451782227,-36.72422790527344,88.52870178222656,10.138816833496094,-58.297019958496094,54.98402786254883,4.103046417236328,-52.17489242553711,52.3461799621582,10.322237014770508,-34.694583892822266,86.09254455566406,,
1776271776.9108481,13571.883277815,-2.7311172485351562,-36.545738220214844,89.67125701904297,11.266776084899902,-56.817440032958984,55.3043212890625,5.677597999572754,-53.082069396972656,51.836551666259766,10.706460952758789,-29.833513259887695,86.6058578491211,,
1776271776.9307168,13571.903404902,-3.143799066543579,-37.52267074584961,90.6679916381836,12.345619201660156,-55.06956100463867,56.397159576416016,6.807024002075195,-54.79566955566406,52.5420036315918,9.927248001098633,-25.879865646362305,86.5470199584961,,
1776271776.9506712,13571.922051575,-4.807465076446533,-39.40977096557617,90.04476165771484,11.69031810760498,-53.17565155029297,59.450531005859375,5.653953552246094,-55.843929290771484,55.970062255859375,6.2247443199157715,-23.645122528076172,85.6236801147461,,
1776271776.9706702,13571.942378619,-8.36845874786377,-43.915401458740234,87.68983459472656,12.325721740722656,-50.43967819213867,67.12833404541016,1.548743486404419,-55.371124267578125,60.27277755737305,0.8845543265342712,-22.95969009399414,80.38528442382812,,
1776271776.9907606,13571.968736516,-9.080045700073242,-51.429664611816406,85.45275115966797,13.757157325744629,-44.89471435546875,75.909912109375,-2.4107980728149414,-51.46552276611328,64.51219940185547,-4.6134033203125,-25.560640335083008,73.94551086425781,,
1776271777.010787,13571.983814654,-6.553666114807129,-61.475521087646484,83.17529296875,13.34280776977539,-36.82114028930664,83.9380874633789,-4.970082759857178,-45.23534393310547,69.95372009277344,-8.14152717590332,-31.508909225463867,67.98773193359375,,
1776271777.0310543,13572.002561484,-4.666317939758301,-67.80606842041016,77.47929382324219,14.282279014587402,-30.86903953552246,88.4354476928711,-7.479113578796387,-40.89772415161133,74.97757720947266,-9.699013710021973,-35.25572967529297,63.560482025146484,,
1776271777.050979,13572.025045694,-2.179767370223999,-68.27085876464844,71.54442596435547,15.744815826416016,-25.984119415283203,88.21808624267578,-8.252897262573242,-38.10451126098633,77.47096252441406,-8.29778003692627,-37.299129486083984,61.945281982421875,,
1776271777.0712311,13572.0435176,0.646989107131958,-65.60115051269531,68.14402770996094,15.651013374328613,-24.296829223632812,86.7821273803711,-6.270785808563232,-35.5606803894043,77.8531265258789,-6.315896511077881,-39.48457336425781,61.975162506103516,,
1776271777.090713,13572.063845635,1.145898461341858,-64.89771270751953,66.2125015258789,15.45757007598877,-25.619897842407227,86.33243560791016,-3.8493707180023193,-32.7437744140625,77.84575653076172,-4.338761329650879,-42.85129165649414,59.374855041503906,,
1776271777.1109846,13572.091438089,1.7083972692489624,-49.71173095703125,75.34349060058594,11.702234268188477,-29.904911041259766,83.27535247802734,3.1661431789398193,-33.69178009033203,80.49861145019531,0.9275992512702942,-44.84804916381836,72.66023254394531,,
1776271777.1309345,13572.104033396,-1.2921892404556274,-47.666419982910156,79.07599639892578,11.598970413208008,-34.266536712646484,81.01282501220703,8.026819229125977,-35.472930908203125,80.29556274414062,2.562283992767334,-47.083858489990234,72.64226531982422,,
1776271777.1509452,13572.127913356,-4.054771900177002,-44.17796325683594,80.5838851928711,9.554274559020996,-38.70584487915039,78.52771759033203,9.96401309967041,-35.59490203857422,79.9790267944336,3.9732859134674072,-49.02296829223633,73.90022277832031,,
1776271777.1708066,13572.142976167,-5.108259201049805,-40.93584442138672,81.14874267578125,6.385971546173096,-41.222694396972656,76.8113784790039,11.378803253173828,-35.75633239746094,78.91439819335938,4.028759956359863,-46.98893737792969,76.71012878417969,,
1776271777.1906843,13572.173862869,-4.683446884155273,-37.41764831542969,80.25667572021484,4.482868671417236,-43.87442398071289,73.6278305053711,11.761679649353027,-36.517696380615234,76.60137176513672,3.5435256958007812,-44.41598892211914,80.27230072021484,,
1776271777.2106893,13572.183376979,-4.8978986740112305,-37.31108093261719,80.09351348876953,5.115400314331055,-43.46406173706055,72.5074234008789,13.016397476196289,-38.61118698120117,75.0633544921875,4.17056131362915,-42.22258758544922,81.96281433105469,,
1776271777.231009,13572.208976603,-5.811468124389648,-37.23256301879883,79.48014068603516,6.248245716094971,-43.06852722167969,72.10173034667969,12.631975173950195,-40.238773345947266,76.20753479003906,3.771923303604126,-40.28710174560547,82.68444061279297,,
1776271777.2509925,13572.223617598,-6.640101432800293,-36.914772033691406,79.32429504394531,6.010902404785156,-43.20319747924805,72.35401153564453,11.464540481567383,-40.8637580871582,77.8402328491211,2.661853551864624,-38.24239730834961,83.29563903808594,,
1776271777.2714639,13572.2463679,-7.478002548217773,-37.394866943359375,80.29151153564453,6.006041049957275,-44.18906021118164,73.00604248046875,10.954880714416504,-40.89371109008789,78.80754852294922,1.4864780902862549,-35.43247985839844,82.98448944091797,,
1776271777.290889,13572.26385119,-7.933781147003174,-37.251529693603516,81.00682067871094,6.209067344665527,-45.52609634399414,73.61769104003906,10.377007484436035,-40.41530990600586,79.03657531738281,-0.1428227722644806,-34.139286041259766,83.58656311035156,,
1776271777.3108928,13572.28843101,-7.346890449523926,-37.90912628173828,81.50224304199219,7.488708019256592,-46.079193115234375,75.27476501464844,9.918633460998535,-39.78459167480469,79.62577056884766,-1.6450581550598145,-33.25126647949219,83.62933349609375,,
1776271777.3309097,13572.306859638,-5.598991394042969,-37.62818145751953,82.25667572021484,7.9141154289245605,-46.768333435058594,76.22601318359375,8.906339645385742,-39.01128005981445,80.0897216796875,-2.4847915172576904,-33.31675720214844,83.53115844726562,,
1776271777.3510523,13572.328886315,-5.491672515869141,-37.71892166137695,83.26422119140625,7.286019802093506,-47.958744049072266,75.71662902832031,8.616678237915039,-38.22929763793945,80.81706237792969,-3.2834959030151367,-33.53855895996094,83.56011962890625,,
1776271777.370947,13572.343782783,-5.687811851501465,-38.43523025512695,84.29393005371094,5.494602680206299,-49.61511993408203,75.02381896972656,9.011489868164062,-36.395721435546875,80.72901916503906,-3.1835672855377197,-33.884151458740234,83.98513793945312,,
1776271777.390918,13572.390946522,-5.672184467315674,-38.5499267578125,84.4395751953125,4.817365646362305,-50.97706604003906,75.25098419189453,8.746816635131836,-35.41745376586914,80.4794921875,-3.040493965148926,-35.660396575927734,84.33782196044922,,
1776271777.410842,13572.392608439,-5.569654941558838,-39.51774215698242,85.01290893554688,2.9726696014404297,-52.30268478393555,74.41182708740234,10.022971153259277,-33.717002868652344,80.0069351196289,-1.6182295083999634,-36.71567916870117,84.87264251708984,,
1776271777.4310312,13572.403137169,-6.2201104164123535,-41.33658218383789,84.95252990722656,0.694125235080719,-53.22365188598633,74.11994171142578,11.17559814453125,-31.78795623779297,80.38726043701172,-0.8239084482192993,-36.630245208740234,85.2696533203125,,
1776271777.450954,13572.42612666,-6.948489665985107,-42.565582275390625,84.46892547607422,-1.6091346740722656,-53.125484466552734,74.97852325439453,11.639765739440918,-30.467132568359375,80.64794921875,-0.712561309337616,-37.015567779541016,85.6558837890625,,
1776271777.4707925,13572.443445168,-7.173840045928955,-44.15035629272461,84.50971984863281,-3.428919792175293,-52.72468948364258,76.29331970214844,11.817984580993652,-29.32549285888672,80.83212280273438,-0.5347161889076233,-37.13094711303711,85.93946838378906,,
1776271777.4907813,13572.487970806,-7.456000328063965,-45.38999557495117,84.32393646240234,-4.673274517059326,-52.2737922668457,77.75890350341797,12.31828498840332,-28.404376983642578,80.49504852294922,-0.6685991883277893,-37.823543548583984,85.82037353515625,,
1776271777.5108032,13572.488685767,-7.4493584632873535,-46.469139099121094,84.25505828857422,-6.034784317016602,-51.31096649169922,78.81846618652344,12.573936462402344,-27.548633575439453,80.58988189697266,-0.23103702068328857,-38.55032730102539,86.18331146240234,,
1776271777.5282865,13572.499226619,-1.3866409063339233,-55.647098541259766,89.07061004638672,1.3866409063339233,-55.647098541259766,89.07061004638672,-1.3866409063339233,-55.647090911865234,89.07061004638672,1.3866409063339233,-55.647090911865234,89.07061004638672,Stop,Stepping
1776271777.5482605,13572.519505786,-1.3866409063339233,-55.647098541259766,89.07061004638672,1.3866409063339233,-55.647098541259766,89.07061004638672,-1.3866409063339233,-55.647090911865234,89.07061004638672,1.3866409063339233,-55.647090911865234,89.07061004638672,Stop,Stepping
1776271777.5682707,13572.539244501,-1.3866409063339233,-55.647098541259766,89.07061004638672,1.3866409063339233,-55.647098541259766,89.07061004638672,-1.3866409063339233,-55.647090911865234,89.07061004638672,1.3866409063339233,-55.647090911865234,89.07061004638672,Stop,Stepping
1776271777.5882244,13572.571397151,-1.3866409063339233,-55.647098541259766,89.07061004638672,1.3866409063339233,-55.647098541259766,89.07061004638672,-1.3866409063339233,-55.647090911865234,89.07061004638672,1.3866409063339233,-55.647090911865234,89.07061004638672,Stop,Stepping
1776271777.6082191,13572.581263922,-1.3866409063339233,-55.647098541259766,89.07061004638672,1.3866409063339233,-55.647098541259766,89.07061004638672,-1.3866409063339233,-55.647090911865234,89.07061004638672,1.3866409063339233,-55.647090911865234,89.07061004638672,Stop,Stepping
1776271777.6282268,13572.59959599,-1.3866409063339233,-55.647098541259766,89.07061004638672,1.3866409063339233,-55.647098541259766,89.07061004638672,-1.3866409063339233,-55.647090911865234,89.07061004638672,1.3866409063339233,-55.647090911865234,89.07061004638672,Stop,Stepping
1776271777.6481853,13572.619245482,-1.3866409063339233,-55.647098541259766,89.07061004638672,1.3866409063339233,-55.647098541259766,89.07061004638672,-1.3866409063339233,-55.647090911865234,89.07061004638672,1.3866409063339233,-55.647090911865234,89.07061004638672,Stop,Stepping
1776271777.6682084,13572.642896565,-1.3866409063339233,-55.647098541259766,89.07061004638672,1.3866409063339233,-55.647098541259766,89.07061004638672,-1.3866409063339233,-55.647090911865234,89.07061004638672,1.3866409063339233,-55.647090911865234,89.07061004638672,Stop,Stepping
1776271777.6882129,13572.660738923,-1.3866409063339233,-55.647098541259766,89.07061004638672,1.3866409063339233,-55.647098541259766,89.07061004638672,-1.3866409063339233,-55.647090911865234,89.07061004638672,1.3866409063339233,-55.647090911865234,89.07061004638672,Stop,Stepping
1776271777.7081878,13572.703126472,-1.3866409063339233,-55.647098541259766,89.07061004638672,1.3866409063339233,-55.647098541259766,89.07061004638672,-1.3866409063339233,-55.647090911865234,89.07061004638672,1.3866409063339233,-55.647090911865234,89.07061004638672,Stop,Stepping
1776271777.7283587,13572.706225573,-1.3866409063339233,-55.647098541259766,89.07061004638672,1.3866409063339233,-55.647098541259766,89.07061004638672,-1.3866409063339233,-55.647090911865234,89.07061004638672,1.3866409063339233,-55.647090911865234,89.07061004638672,Stop,Stepping
1776271777.748228,13572.719847617,-1.3866409063339233,-55.647098541259766,89.07061004638672,1.3866409063339233,-55.647098541259766,89.07061004638672,-1.3866409063339233,-55.647090911865234,89.07061004638672,1.3866409063339233,-55.647090911865234,89.07061004638672,Stop,Stepping
1776271777.768279,13572.739644386,-1.3866409063339233,-55.647098541259766,89.07061004638672,1.3866409063339233,-55.647098541259766,89.07061004638672,-1.3866409063339233,-55.647090911865234,89.07061004638672,1.3866409063339233,-55.647090911865234,89.07061004638672,Stop,Stepping
1776271777.788201,13572.762236722,-1.3866409063339233,-55.647098541259766,89.07061004638672,1.3866409063339233,-55.647098541259766,89.07061004638672,-1.3866409063339233,-55.647090911865234,89.07061004638672,1.3866409063339233,-55.647090911865234,89.07061004638672,Stop,Stepping
1776271777.8082051,13572.779553482,-1.3866409063339233,-55.647098541259766,89.07061004638672,1.3866409063339233,-55.647098541259766,89.07061004638672,-1.3866409063339233,-55.647090911865234,89.07061004638672,1.3866409063339233,-55.647090911865234,89.07061004638672,Stop,Stepping
1776271777.8282132,13572.800083598,-1.3866409063339233,-55.647098541259766,89.07061004638672,1.3866409063339233,-55.647098541259766,89.07061004638672,-1.3866409063339233,-55.647090911865234,89.07061004638672,1.3866409063339233,-55.647090911865234,89.07061004638672,Stop,Stepping
1776271777.848218,13572.819613385,-1.3866409063339233,-55.647098541259766,89.07061004638672,1.3866409063339233,-55.647098541259766,89.07061004638672,-1.3866409063339233,-55.647090911865234,89.07061004638672,1.3866409063339233,-55.647090911865234,89.07061004638672,Stop,Stepping
1776271777.8682117,13572.842811514,-1.3866409063339233,-55.647098541259766,89.07061004638672,1.3866409063339233,-55.647098541259766,89.07061004638672,-1.3866409063339233,-55.647090911865234,89.07061004638672,1.3866409063339233,-55.647090911865234,89.07061004638672,Stop,Stepping
1776271777.8882205,13572.859999088,-1.3866409063339233,-55.647098541259766,89.07061004638672,1.3866409063339233,-55.647098541259766,89.07061004638672,-1.3866409063339233,-55.647090911865234,89.07061004638672,1.3866409063339233,-55.647090911865234,89.07061004638672,Stop,Stepping
1776271777.908198,13572.884881755,-1.3866409063339233,-55.647098541259766,89.07061004638672,1.3866409063339233,-55.647098541259766,89.07061004638672,-1.3866409063339233,-55.647090911865234,89.07061004638672,1.3866409063339233,-55.647090911865234,89.07061004638672,Stop,Stepping
1776271777.9282265,13572.900298017,-1.3866409063339233,-55.647098541259766,89.07061004638672,1.3866409063339233,-55.647098541259766,89.07061004638672,-1.3866409063339233,-55.647090911865234,89.07061004638672,1.3866409063339233,-55.647090911865234,89.07061004638672,Stop,Stepping
1776271777.9482,13572.920291721,-1.3866409063339233,-55.647098541259766,89.07061004638672,1.3866409063339233,-55.647098541259766,89.07061004638672,-1.3866409063339233,-55.647090911865234,89.07061004638672,1.3866409063339233,-55.647090911865234,89.07061004638672,Stop,Stepping
1776271777.9681768,13572.941281612,-1.3866409063339233,-55.647098541259766,89.07061004638672,1.3866409063339233,-55.647098541259766,89.07061004638672,-1.3866409063339233,-55.647090911865234,89.07061004638672,1.3866409063339233,-55.647090911865234,89.07061004638672,Stop,Stepping
1776271777.9881935,13572.960388509,-1.3866409063339233,-55.647098541259766,89.07061004638672,1.3866409063339233,-55.647098541259766,89.07061004638672,-1.3866409063339233,-55.647090911865234,89.07061004638672,1.3866409063339233,-55.647090911865234,89.07061004638672,Stop,Stepping
1776271778.0081897,13572.985240399,-1.3866409063339233,-55.647098541259766,89.07061004638672,1.3866409063339233,-55.647098541259766,89.07061004638672,-1.3866409063339233,-55.647090911865234,89.07061004638672,1.3866409063339233,-55.647090911865234,89.07061004638672,Stop,Stepping
1776271778.0281844,13573.003823797,-1.3866409063339233,-55.647098541259766,89.07061004638672,1.3866409063339233,-55.647098541259766,89.07061004638672,-1.3866409063339233,-55.647090911865234,89.07061004638672,1.3866409063339233,-55.647090911865234,89.07061004638672,Stop,Stepping
1776271778.0482545,13573.021081764,-1.3866409063339233,-55.647098541259766,89.07061004638672,1.3866409063339233,-55.647098541259766,89.07061004638672,-1.3866409063339233,-55.647090911865234,89.07061004638672,1.3866409063339233,-55.647090911865234,89.07061004638672,Stop,Stepping
1776271778.068346,13573.040755458,-1.3866409063339233,-55.647098541259766,89.07061004638672,1.3866409063339233,-55.647098541259766,89.07061004638672,-1.3866409063339233,-55.647090911865234,89.07061004638672,1.3866409063339233,-55.647090911865234,89.07061004638672,Stop,Stepping
1776271778.0881932,13573.060189227,-1.3866409063339233,-55.647098541259766,89.07061004638672,1.3866409063339233,-55.647098541259766,89.07061004638672,-1.3866409063339233,-55.647090911865234,89.07061004638672,1.3866409063339233,-55.647090911865234,89.07061004638672,Stop,Stepping
1776271778.1082494,13573.0798321,-1.3866409063339233,-55.647098541259766,89.07061004638672,1.3866409063339233,-55.647098541259766,89.07061004638672,-1.3866409063339233,-55.647090911865234,89.07061004638672,1.3866409063339233,-55.647090911865234,89.07061004638672,Stop,Stepping
1776271778.1282237,13573.116840766,-1.3866409063339233,-55.647098541259766,89.07061004638672,1.3866409063339233,-55.647098541259766,89.07061004638672,-1.3866409063339233,-55.647090911865234,89.07061004638672,1.3866409063339233,-55.647090911865234,89.07061004638672,Stop,Stepping
1776271778.1482196,13573.132811672,-1.3866409063339233,-55.647098541259766,89.07061004638672,1.3866409063339233,-55.647098541259766,89.07061004638672,-1.3866409063339233,-55.647090911865234,89.07061004638672,1.3866409063339233,-55.647090911865234,89.07061004638672,Stop,Stepping
1776271778.1682184,13573.141778099,-1.3866409063339233,-55.647098541259766,89.07061004638672,1.3866409063339233,-55.647098541259766,89.07061004638672,-1.3866409063339233,-55.647090911865234,89.07061004638672,1.3866409063339233,-55.647090911865234,89.07061004638672,Stop,Stepping
1776271778.1882432,13573.166408878,-1.3866409063339233,-55.647098541259766,89.07061004638672,1.3866409063339233,-55.647098541259766,89.07061004638672,-1.3866409063339233,-55.647090911865234,89.07061004638672,1.3866409063339233,-55.647090911865234,89.07061004638672,Stop,Stepping
1776271778.208212,13573.180308982,-1.3866409063339233,-55.647098541259766,89.07061004638672,1.3866409063339233,-55.647098541259766,89.07061004638672,-1.3866409063339233,-55.647090911865234,89.07061004638672,1.3866409063339233,-55.647090911865234,89.07061004638672,Stop,Stepping
1776271778.2282062,13573.204850931,-1.3866409063339233,-55.647098541259766,89.07061004638672,1.3866409063339233,-55.647098541259766,89.07061004638672,-1.3866409063339233,-55.647090911865234,89.07061004638672,1.3866409063339233,-55.647090911865234,89.07061004638672,Stop,Stepping
1776271778.2482247,13573.226333145,-1.3866409063339233,-55.647098541259766,89.07061004638672,1.3866409063339233,-55.647098541259766,89.07061004638672,-1.3866409063339233,-55.647090911865234,89.07061004638672,1.3866409063339233,-55.647090911865234,89.07061004638672,Stop,Stepping
1776271778.2682211,13573.255106838,-1.3866409063339233,-55.647098541259766,89.07061004638672,1.3866409063339233,-55.647098541259766,89.07061004638672,-1.3866409063339233,-55.647090911865234,89.07061004638672,1.3866409063339233,-55.647090911865234,89.07061004638672,Stop,Stepping
1776271778.2882187,13573.268316,-1.3866409063339233,-55.647098541259766,89.07061004638672,1.3866409063339233,-55.647098541259766,89.07061004638672,-1.3866409063339233,-55.647090911865234,89.07061004638672,1.3866409063339233,-55.647090911865234,89.07061004638672,Stop,Stepping
1776271778.3082216,13573.280489722,-1.3866409063339233,-55.647098541259766,89.07061004638672,1.3866409063339233,-55.647098541259766,89.07061004638672,-1.3866409063339233,-55.647090911865234,89.07061004638672,1.3866409063339233,-55.647090911865234,89.07061004638672,Stop,Stepping
1776271778.328226,13573.300375195,-1.3866409063339233,-55.647098541259766,89.07061004638672,1.3866409063339233,-55.647098541259766,89.07061004638672,-1.3866409063339233,-55.647090911865234,89.07061004638672,1.3866409063339233,-55.647090911865234,89.07061004638672,Stop,Stepping
1776271778.348221,13573.326807282,-1.3866409063339233,-55.647098541259766,89.07061004638672,1.3866409063339233,-55.647098541259766,89.07061004638672,-1.3866409063339233,-55.647090911865234,89.07061004638672,1.3866409063339233,-55.647090911865234,89.07061004638672,Stop,Stepping
1776271778.3681283,13573.339114294,-1.3866409063339233,-55.647098541259766,89.07061004638672,1.3866409063339233,-55.647098541259766,89.07061004638672,-1.3866409063339233,-55.647090911865234,89.07061004638672,1.3866409063339233,-55.647090911865234,89.07061004638672,Stop,Stepping
1776271778.3882637,13573.394267516,-1.3866409063339233,-55.647098541259766,89.07061004638672,1.3866409063339233,-55.647098541259766,89.07061004638672,-1.3866409063339233,-55.647090911865234,89.07061004638672,1.3866409063339233,-55.647090911865234,89.07061004638672,Stop,Stepping
1776271778.4081962,13573.395233186,-1.3866409063339233,-55.647098541259766,89.07061004638672,1.3866409063339233,-55.647098541259766,89.07061004638672,-1.3866409063339233,-55.647090911865234,89.07061004638672,1.3866409063339233,-55.647090911865234,89.07061004638672,Stop,Stepping
1776271778.4282038,13573.402158609,-1.3866409063339233,-55.647098541259766,89.07061004638672,1.3866409063339233,-55.647098541259766,89.07061004638672,-1.3866409063339233,-55.647090911865234,89.07061004638672,1.3866409063339233,-55.647090911865234,89.07061004638672,Stop,Stepping
1776271778.4481997,13573.419220011,-1.3866409063339233,-55.647098541259766,89.07061004638672,1.3866409063339233,-55.647098541259766,89.07061004638672,-1.3866409063339233,-55.647090911865234,89.07061004638672,1.3866409063339233,-55.647090911865234,89.07061004638672,Stop,Stepping
1776271778.4682064,13573.442131985,-1.3866409063339233,-55.647098541259766,89.07061004638672,1.3866409063339233,-55.647098541259766,89.07061004638672,-1.3866409063339233,-55.647090911865234,89.07061004638672,1.3866409063339233,-55.647090911865234,89.07061004638672,Stop,Stepping
1776271778.4881952,13573.476195742,-1.3866409063339233,-55.647098541259766,89.07061004638672,1.3866409063339233,-55.647098541259766,89.07061004638672,-1.3866409063339233,-55.647090911865234,89.07061004638672,1.3866409063339233,-55.647090911865234,89.07061004638672,Stop,Stepping
1776271778.5082204,13573.480311012,-1.3866409063339233,-55.647098541259766,89.07061004638672,1.3866409063339233,-55.647098541259766,89.07061004638672,-1.3866409063339233,-55.647090911865234,89.07061004638672,1.3866409063339233,-55.647090911865234,89.07061004638672,Stop,Stepping
1776271778.5282295,13573.509876315,-1.3866409063339233,-55.647098541259766,89.07061004638672,1.3866409063339233,-55.647098541259766,89.07061004638672,-1.3866409063339233,-55.647090911865234,89.07061004638672,1.3866409063339233,-55.647090911865234,89.07061004638672,Stop,Stepping
1776271778.5482178,13573.525329328,-1.3866409063339233,-55.647098541259766,89.07061004638672,1.3866409063339233,-55.647098541259766,89.07061004638672,-1.3866409063339233,-55.647090911865234,89.07061004638672,1.3866409063339233,-55.647090911865234,89.07061004638672,Stop,Stepping
1776271778.5682316,13573.539761971,-1.3866409063339233,-55.647098541259766,89.07061004638672,1.3866409063339233,-55.647098541259766,89.07061004638672,-1.3866409063339233,-55.647090911865234,89.07061004638672,1.3866409063339233,-55.647090911865234,89.07061004638672,Stop,Stepping
1776271778.588232,13573.594159109,-1.3866409063339233,-55.647098541259766,89.07061004638672,1.3866409063339233,-55.647098541259766,89.07061004638672,-1.3866409063339233,-55.647090911865234,89.07061004638672,1.3866409063339233,-55.647090911865234,89.07061004638672,Stop,Stepping
1776271778.608236,13573.598203198,-1.3866409063339233,-55.647098541259766,89.07061004638672,1.3866409063339233,-55.647098541259766,89.07061004638672,-1.3866409063339233,-55.647090911865234,89.07061004638672,1.3866409063339233,-55.647090911865234,89.07061004638672,Stop,Stepping
1776271778.6282256,13573.606810143,-1.3866409063339233,-55.647098541259766,89.07061004638672,1.3866409063339233,-55.647098541259766,89.07061004638672,-1.3866409063339233,-55.647090911865234,89.07061004638672,1.3866409063339233,-55.647090911865234,89.07061004638672,Stop,Stepping
1776271778.6482027,13573.62053078,-1.3866409063339233,-55.647098541259766,89.07061004638672,1.3866409063339233,-55.647098541259766,89.07061004638672,-1.3866409063339233,-55.647090911865234,89.07061004638672,1.3866409063339233,-55.647090911865234,89.07061004638672,Stop,Stepping
1776271778.6682215,13573.639891182,-1.3866409063339233,-55.647098541259766,89.07061004638672,1.3866409063339233,-55.647098541259766,89.07061004638672,-1.3866409063339233,-55.647090911865234,89.07061004638672,1.3866409063339233,-55.647090911865234,89.07061004638672,Stop,Stepping
1776271778.6882288,13573.661651623,-1.3866409063339233,-55.647098541259766,89.07061004638672,1.3866409063339233,-55.647098541259766,89.07061004638672,-1.3866409063339233,-55.647090911865234,89.07061004638672,1.3866409063339233,-55.647090911865234,89.07061004638672,Stop,Stepping
1776271778.70821,13573.679925648,-1.3866409063339233,-55.647098541259766,89.07061004638672,1.3866409063339233,-55.647098541259766,89.07061004638672,-1.3866409063339233,-55.647090911865234,89.07061004638672,1.3866409063339233,-55.647090911865234,89.07061004638672,Stop,Stepping
1776271778.7282386,13573.699468985,-1.3866409063339233,-55.647098541259766,89.07061004638672,1.3866409063339233,-55.647098541259766,89.07061004638672,-1.3866409063339233,-55.647090911865234,89.07061004638672,1.3866409063339233,-55.647090911865234,89.07061004638672,Stop,Stepping
1776271778.7482462,13573.730546114,-1.3866409063339233,-55.647098541259766,89.07061004638672,1.3866409063339233,-55.647098541259766,89.07061004638672,-1.3866409063339233,-55.647090911865234,89.07061004638672,1.3866409063339233,-55.647090911865234,89.07061004638672,Stop,Stepping
1776271778.7682278,13573.739395893,-1.3866409063339233,-55.647098541259766,89.07061004638672,1.3866409063339233,-55.647098541259766,89.07061004638672,-1.3866409063339233,-55.647090911865234,89.07061004638672,1.3866409063339233,-55.647090911865234,89.07061004638672,Stop,Stepping
1776271778.7882168,13573.761639658,-1.3866409063339233,-55.647098541259766,89.07061004638672,1.3866409063339233,-55.647098541259766,89.07061004638672,-1.3866409063339233,-55.647090911865234,89.07061004638672,1.3866409063339233,-55.647090911865234,89.07061004638672,Stop,Stepping
1776271778.8082342,13573.787256619,-1.3866409063339233,-55.647098541259766,89.07061004638672,1.3866409063339233,-55.647098541259766,89.07061004638672,-1.3866409063339233,-55.647090911865234,89.07061004638672,1.3866409063339233,-55.647090911865234,89.07061004638672,Stop,Stepping
1776271778.8282564,13573.805062431,-1.3866409063339233,-55.647098541259766,89.07061004638672,1.3866409063339233,-55.647098541259766,89.07061004638672,-1.3866409063339233,-55.647090911865234,89.07061004638672,1.3866409063339233,-55.647090911865234,89.07061004638672,Stop,Stepping
1776271778.8483841,13573.842552844,-1.3866409063339233,-55.647098541259766,89.07061004638672,1.3866409063339233,-55.647098541259766,89.07061004638672,-1.3866409063339233,-55.647090911865234,89.07061004638672,1.3866409063339233,-55.647090911865234,89.07061004638672,Stop,Stepping
1776271778.868231,13573.842973083,-1.3866409063339233,-55.647098541259766,89.07061004638672,1.3866409063339233,-55.647098541259766,89.07061004638672,-1.3866409063339233,-55.647090911865234,89.07061004638672,1.3866409063339233,-55.647090911865234,89.07061004638672,Stop,Stepping
1776271778.8882194,13573.887305142,-1.3866409063339233,-55.647098541259766,89.07061004638672,1.3866409063339233,-55.647098541259766,89.07061004638672,-1.3866409063339233,-55.647090911865234,89.07061004638672,1.3866409063339233,-55.647090911865234,89.07061004638672,Stop,Stepping
1776271778.908226,13573.88795543,-1.3866409063339233,-55.647098541259766,89.07061004638672,1.3866409063339233,-55.647098541259766,89.07061004638672,-1.3866409063339233,-55.647090911865234,89.07061004638672,1.3866409063339233,-55.647090911865234,89.07061004638672,Stop,Stepping
1776271778.9282193,13573.935005968,-1.3866409063339233,-55.647098541259766,89.07061004638672,1.3866409063339233,-55.647098541259766,89.07061004638672,-1.3866409063339233,-55.647090911865234,89.07061004638672,1.3866409063339233,-55.647090911865234,89.07061004638672,Stop,Stepping
1776271778.9482155,13573.935604349,-1.3866409063339233,-55.647098541259766,89.07061004638672,1.3866409063339233,-55.647098541259766,89.07061004638672,-1.3866409063339233,-55.647090911865234,89.07061004638672,1.3866409063339233,-55.647090911865234,89.07061004638672,Stop,Stepping
1776271778.9681952,13573.939729144,-1.3866409063339233,-55.647098541259766,89.07061004638672,1.3866409063339233,-55.647098541259766,89.07061004638672,-1.3866409063339233,-55.647090911865234,89.07061004638672,1.3866409063339233,-55.647090911865234,89.07061004638672,Stop,Stepping
1776271778.9882154,13573.961797136,-1.3866409063339233,-55.647098541259766,89.07061004638672,1.3866409063339233,-55.647098541259766,89.07061004638672,-1.3866409063339233,-55.647090911865234,89.07061004638672,1.3866409063339233,-55.647090911865234,89.07061004638672,Stop,Stepping
1776271779.008215,13573.979922279,-1.3866409063339233,-55.647098541259766,89.07061004638672,1.3866409063339233,-55.647098541259766,89.07061004638672,-1.3866409063339233,-55.647090911865234,89.07061004638672,1.3866409063339233,-55.647090911865234,89.07061004638672,Stop,Stepping
1776271779.0281906,13573.999306277,-1.3866409063339233,-55.647098541259766,89.07061004638672,1.3866409063339233,-55.647098541259766,89.07061004638672,-1.3866409063339233,-55.647090911865234,89.07061004638672,1.3866409063339233,-55.647090911865234,89.07061004638672,Stop,Stepping
1776271779.0481956,13574.019242244,-1.3866409063339233,-55.647098541259766,89.07061004638672,1.3866409063339233,-55.647098541259766,89.07061004638672,-1.3866409063339233,-55.647090911865234,89.07061004638672,1.3866409063339233,-55.647090911865234,89.07061004638672,Stop,Stepping
1776271779.0681963,13574.039875528,-1.3866409063339233,-55.647098541259766,89.07061004638672,1.3866409063339233,-55.647098541259766,89.07061004638672,-1.3866409063339233,-55.647090911865234,89.07061004638672,1.3866409063339233,-55.647090911865234,89.07061004638672,Stop,Stepping
1776271779.0882025,13574.063147336,-1.3866409063339233,-55.647098541259766,89.07061004638672,1.3866409063339233,-55.647098541259766,89.07061004638672,-1.3866409063339233,-55.647090911865234,89.07061004638672,1.3866409063339233,-55.647090911865234,89.07061004638672,Stop,Stepping
1776271779.1081858,13574.085656852,-1.3866409063339233,-55.647098541259766,89.07061004638672,1.3866409063339233,-55.647098541259766,89.07061004638672,-1.3866409063339233,-55.647090911865234,89.07061004638672,1.3866409063339233,-55.647090911865234,89.07061004638672,Stop,Stepping
1776271779.1282065,13574.100683745,-1.3866409063339233,-55.647098541259766,89.07061004638672,1.3866409063339233,-55.647098541259766,89.07061004638672,-1.3866409063339233,-55.647090911865234,89.07061004638672,1.3866409063339233,-55.647090911865234,89.07061004638672,Stop,Stepping
1776271779.1485336,13574.121094192,-1.3866409063339233,-55.647098541259766,89.07061004638672,1.3866409063339233,-55.647098541259766,89.07061004638672,-1.3866409063339233,-55.647090911865234,89.07061004638672,1.3866409063339233,-55.647090911865234,89.07061004638672,Stop,Stepping
1776271779.1682715,13574.139546901,-1.3866409063339233,-55.647098541259766,89.07061004638672,1.3866409063339233,-55.647098541259766,89.07061004638672,-1.3866409063339233,-55.647090911865234,89.07061004638672,1.3866409063339233,-55.647090911865234,89.07061004638672,Stop,Stepping
1776271779.1882346,13574.159681225,-1.3866409063339233,-55.647098541259766,89.07061004638672,1.3866409063339233,-55.647098541259766,89.07061004638672,-1.3866409063339233,-55.647090911865234,89.07061004638672,1.3866409063339233,-55.647090911865234,89.07061004638672,Stop,Stepping
1776271779.208241,13574.184478868,-1.3866409063339233,-55.647098541259766,89.07061004638672,1.3866409063339233,-55.647098541259766,89.07061004638672,-1.3866409063339233,-55.647090911865234,89.07061004638672,1.3866409063339233,-55.647090911865234,89.07061004638672,Stop,Stepping
1776271779.2282302,13574.257181011,-1.3866409063339233,-55.647098541259766,89.07061004638672,1.3866409063339233,-55.647098541259766,89.07061004638672,-1.3866409063339233,-55.647090911865234,89.07061004638672,1.3866409063339233,-55.647090911865234,89.07061004638672,Stop,Stepping
1776271779.2482247,13574.259317642,-1.3866409063339233,-55.647098541259766,89.07061004638672,1.3866409063339233,-55.647098541259766,89.07061004638672,-1.3866409063339233,-55.647090911865234,89.07061004638672,1.3866409063339233,-55.647090911865234,89.07061004638672,Stop,Stepping
1776271779.2682004,13574.261411851,-1.3866409063339233,-55.647098541259766,89.07061004638672,1.3866409063339233,-55.647098541259766,89.07061004638672,-1.3866409063339233,-55.647090911865234,89.07061004638672,1.3866409063339233,-55.647090911865234,89.07061004638672,Stop,Stepping
1776271779.2881894,13574.263608885,-1.3866409063339233,-55.647098541259766,89.07061004638672,1.3866409063339233,-55.647098541259766,89.07061004638672,-1.3866409063339233,-55.647090911865234,89.07061004638672,1.3866409063339233,-55.647090911865234,89.07061004638672,Stop,Stepping
1776271779.3082075,13574.301314367,-1.3866409063339233,-55.647098541259766,89.07061004638672,1.3866409063339233,-55.647098541259766,89.07061004638672,-1.3866409063339233,-55.647090911865234,89.07061004638672,1.3866409063339233,-55.647090911865234,89.07061004638672,Stop,Stepping
1776271779.3281965,13574.39228806,-1.3866409063339233,-55.647098541259766,89.07061004638672,1.3866409063339233,-55.647098541259766,89.07061004638672,-1.3866409063339233,-55.647090911865234,89.07061004638672,1.3866409063339233,-55.647090911865234,89.07061004638672,Stop,Stepping
1776271779.3481936,13574.392585834,-1.3866409063339233,-55.647098541259766,89.07061004638672,1.3866409063339233,-55.647098541259766,89.07061004638672,-1.3866409063339233,-55.647090911865234,89.07061004638672,1.3866409063339233,-55.647090911865234,89.07061004638672,Stop,Stepping
1776271779.3681865,13574.394332187,-1.3866409063339233,-55.647098541259766,89.07061004638672,1.3866409063339233,-55.647098541259766,89.07061004638672,-1.3866409063339233,-55.647090911865234,89.07061004638672,1.3866409063339233,-55.647090911865234,89.07061004638672,Stop,Stepping
1776271779.3882167,13574.394687351,-1.3866409063339233,-55.647098541259766,89.07061004638672,1.3866409063339233,-55.647098541259766,89.07061004638672,-1.3866409063339233,-55.647090911865234,89.07061004638672,1.3866409063339233,-55.647090911865234,89.07061004638672,Stop,Stepping
1776271779.408186,13574.394968776,-1.3866409063339233,-55.647098541259766,89.07061004638672,1.3866409063339233,-55.647098541259766,89.07061004638672,-1.3866409063339233,-55.647090911865234,89.07061004638672,1.3866409063339233,-55.647090911865234,89.07061004638672,Stop,Stepping
1776271779.4282124,13574.399998394,-1.3866409063339233,-55.647098541259766,89.07061004638672,1.3866409063339233,-55.647098541259766,89.07061004638672,-1.3866409063339233,-55.647090911865234,89.07061004638672,1.3866409063339233,-55.647090911865234,89.07061004638672,Stop,Stepping
1776271779.4481957,13574.41972021,-1.3866409063339233,-55.647098541259766,89.07061004638672,1.3866409063339233,-55.647098541259766,89.07061004638672,-1.3866409063339233,-55.647090911865234,89.07061004638672,1.3866409063339233,-55.647090911865234,89.07061004638672,Stop,Stepping
1776271779.4681976,13574.440693396,-1.3866409063339233,-55.647098541259766,89.07061004638672,1.3866409063339233,-55.647098541259766,89.07061004638672,-1.3866409063339233,-55.647090911865234,89.07061004638672,1.3866409063339233,-55.647090911865234,89.07061004638672,Stop,Stepping
1776271779.488216,13574.462554916,-1.3866409063339233,-55.647098541259766,89.07061004638672,1.3866409063339233,-55.647098541259766,89.07061004638672,-1.3866409063339233,-55.647090911865234,89.07061004638672,1.3866409063339233,-55.647090911865234,89.07061004638672,Stop,Stepping
1776271779.5082011,13574.513134669,-1.3866409063339233,-55.647098541259766,89.07061004638672,1.3866409063339233,-55.647098541259766,89.07061004638672,-1.3866409063339233,-55.647090911865234,89.07061004638672,1.3866409063339233,-55.647090911865234,89.07061004638672,Stop,Stepping
1776271779.5282261,13574.525730579,-1.3866409063339233,-55.647098541259766,89.07061004638672,1.3866409063339233,-55.647098541259766,89.07061004638672,-1.3866409063339233,-55.647090911865234,89.07061004638672,1.3866409063339233,-55.647090911865234,89.07061004638672,Stop,Stepping
1776271779.5482407,13574.535847081,-1.3866409063339233,-55.647098541259766,89.07061004638672,1.3866409063339233,-55.647098541259766,89.07061004638672,-1.3866409063339233,-55.647090911865234,89.07061004638672,1.3866409063339233,-55.647090911865234,89.07061004638672,Stop,Stepping
1776271779.5682685,13574.541848303,-1.3866409063339233,-55.647098541259766,89.07061004638672,1.3866409063339233,-55.647098541259766,89.07061004638672,-1.3866409063339233,-55.647090911865234,89.07061004638672,1.3866409063339233,-55.647090911865234,89.07061004638672,Stop,Stepping
1776271779.5882485,13574.559600984,-1.3866409063339233,-55.647098541259766,89.07061004638672,1.3866409063339233,-55.647098541259766,89.07061004638672,-1.3866409063339233,-55.647090911865234,89.07061004638672,1.3866409063339233,-55.647090911865234,89.07061004638672,Stop,Stepping
1776271779.608235,13574.584900866,-1.3866409063339233,-55.647098541259766,89.07061004638672,1.3866409063339233,-55.647098541259766,89.07061004638672,-1.3866409063339233,-55.647090911865234,89.07061004638672,1.3866409063339233,-55.647090911865234,89.07061004638672,Stop,Stepping
1776271779.6282322,13574.601244216,-1.3866409063339233,-55.647098541259766,89.07061004638672,1.3866409063339233,-55.647098541259766,89.07061004638672,-1.3866409063339233,-55.647090911865234,89.07061004638672,1.3866409063339233,-55.647090911865234,89.07061004638672,Stop,Stepping
1776271779.6482189,13574.621330989,-1.3866409063339233,-55.647098541259766,89.07061004638672,1.3866409063339233,-55.647098541259766,89.07061004638672,-1.3866409063339233,-55.647090911865234,89.07061004638672,1.3866409063339233,-55.647090911865234,89.07061004638672,Stop,Stepping
1776271779.668233,13574.650685253,-1.3866409063339233,-55.647098541259766,89.07061004638672,1.3866409063339233,-55.647098541259766,89.07061004638672,-1.3866409063339233,-55.647090911865234,89.07061004638672,1.3866409063339233,-55.647090911865234,89.07061004638672,Stop,Stepping
1776271779.6882055,13574.660448657,-1.3866409063339233,-55.647098541259766,89.07061004638672,1.3866409063339233,-55.647098541259766,89.07061004638672,-1.3866409063339233,-55.647090911865234,89.07061004638672,1.3866409063339233,-55.647090911865234,89.07061004638672,Stop,Stepping
1776271779.7082078,13574.679865746,-1.3866409063339233,-55.647098541259766,89.07061004638672,1.3866409063339233,-55.647098541259766,89.07061004638672,-1.3866409063339233,-55.647090911865234,89.07061004638672,1.3866409063339233,-55.647090911865234,89.07061004638672,Stop,Stepping
1776271779.7282302,13574.701292772,-1.3866409063339233,-55.647098541259766,89.07061004638672,1.3866409063339233,-55.647098541259766,89.07061004638672,-1.3866409063339233,-55.647090911865234,89.07061004638672,1.3866409063339233,-55.647090911865234,89.07061004638672,Stop,Stepping
1776271779.7481961,13574.720133345,-1.3866409063339233,-55.647098541259766,89.07061004638672,1.3866409063339233,-55.647098541259766,89.07061004638672,-1.3866409063339233,-55.647090911865234,89.07061004638672,1.3866409063339233,-55.647090911865234,89.07061004638672,Stop,Stepping
1776271779.7681873,13574.739695857,-1.3866409063339233,-55.647098541259766,89.07061004638672,1.3866409063339233,-55.647098541259766,89.07061004638672,-1.3866409063339233,-55.647090911865234,89.07061004638672,1.3866409063339233,-55.647090911865234,89.07061004638672,Stop,Stepping
1776271779.78823,13574.760133092,-1.3866409063339233,-55.647098541259766,89.07061004638672,1.3866409063339233,-55.647098541259766,89.07061004638672,-1.3866409063339233,-55.647090911865234,89.07061004638672,1.3866409063339233,-55.647090911865234,89.07061004638672,Stop,Stepping
1776271779.8081985,13574.781626779,-1.3866409063339233,-55.647098541259766,89.07061004638672,1.3866409063339233,-55.647098541259766,89.07061004638672,-1.3866409063339233,-55.647090911865234,89.07061004638672,1.3866409063339233,-55.647090911865234,89.07061004638672,Stop,Stepping
1776271779.8281915,13574.814243382,-1.3866409063339233,-55.647098541259766,89.07061004638672,1.3866409063339233,-55.647098541259766,89.07061004638672,-1.3866409063339233,-55.647090911865234,89.07061004638672,1.3866409063339233,-55.647090911865234,89.07061004638672,Stop,Stepping
1776271779.848193,13574.824161005,-1.3866409063339233,-55.647098541259766,89.07061004638672,1.3866409063339233,-55.647098541259766,89.07061004638672,-1.3866409063339233,-55.647090911865234,89.07061004638672,1.3866409063339233,-55.647090911865234,89.07061004638672,Stop,Stepping
1776271779.8681924,13574.840719478,-1.3866409063339233,-55.647098541259766,89.07061004638672,1.3866409063339233,-55.647098541259766,89.07061004638672,-1.3866409063339233,-55.647090911865234,89.07061004638672,1.3866409063339233,-55.647090911865234,89.07061004638672,Stop,Stepping
1776271779.8882031,13574.866016304,-1.3866409063339233,-55.647098541259766,89.07061004638672,1.3866409063339233,-55.647098541259766,89.07061004638672,-1.3866409063339233,-55.647090911865234,89.07061004638672,1.3866409063339233,-55.647090911865234,89.07061004638672,Stop,Stepping
1776271779.9081955,13574.883378037,-1.3866409063339233,-55.647098541259766,89.07061004638672,1.3866409063339233,-55.647098541259766,89.07061004638672,-1.3866409063339233,-55.647090911865234,89.07061004638672,1.3866409063339233,-55.647090911865234,89.07061004638672,Stop,Stepping
1776271779.9282227,13574.900114224,-1.3866409063339233,-55.647098541259766,89.07061004638672,1.3866409063339233,-55.647098541259766,89.07061004638672,-1.3866409063339233,-55.647090911865234,89.07061004638672,1.3866409063339233,-55.647090911865234,89.07061004638672,Stop,Stepping
1776271779.9482288,13574.964019661,-1.3866409063339233,-55.647098541259766,89.07061004638672,1.3866409063339233,-55.647098541259766,89.07061004638672,-1.3866409063339233,-55.647090911865234,89.07061004638672,1.3866409063339233,-55.647090911865234,89.07061004638672,Stop,Stepping
1776271779.9682317,13574.965726252,-1.3866409063339233,-55.647098541259766,89.07061004638672,1.3866409063339233,-55.647098541259766,89.07061004638672,-1.3866409063339233,-55.647090911865234,89.07061004638672,1.3866409063339233,-55.647090911865234,89.07061004638672,Stop,Stepping
1776271779.9882329,13574.972312508,-1.3866409063339233,-55.647098541259766,89.07061004638672,1.3866409063339233,-55.647098541259766,89.07061004638672,-1.3866409063339233,-55.647090911865234,89.07061004638672,1.3866409063339233,-55.647090911865234,89.07061004638672,Stop,Stepping
1776271780.0082004,13575.107390443,-1.3866409063339233,-55.647098541259766,89.07061004638672,1.3866409063339233,-55.647098541259766,89.07061004638672,-1.3866409063339233,-55.647090911865234,89.07061004638672,1.3866409063339233,-55.647090911865234,89.07061004638672,Stop,Stepping
1776271780.0282109,13575.107886645,-1.3866409063339233,-55.647098541259766,89.07061004638672,1.3866409063339233,-55.647098541259766,89.07061004638672,-1.3866409063339233,-55.647090911865234,89.07061004638672,1.3866409063339233,-55.647090911865234,89.07061004638672,Stop,Stepping
1776271780.048236,13575.108294155,-1.3866409063339233,-55.647098541259766,89.07061004638672,1.3866409063339233,-55.647098541259766,89.07061004638672,-1.3866409063339233,-55.647090911865234,89.07061004638672,1.3866409063339233,-55.647090911865234,89.07061004638672,Stop,Stepping
1776271780.0682342,13575.108752738,-1.3866409063339233,-55.647098541259766,89.07061004638672,1.3866409063339233,-55.647098541259766,89.07061004638672,-1.3866409063339233,-55.647090911865234,89.07061004638672,1.3866409063339233,-55.647090911865234,89.07061004638672,Stop,Stepping
1776271780.088205,13575.109173726,-1.3866409063339233,-55.647098541259766,89.07061004638672,1.3866409063339233,-55.647098541259766,89.07061004638672,-1.3866409063339233,-55.647090911865234,89.07061004638672,1.3866409063339233,-55.647090911865234,89.07061004638672,Stop,Stepping
1776271780.108234,13575.109540964,-1.3866409063339233,-55.647098541259766,89.07061004638672,1.3866409063339233,-55.647098541259766,89.07061004638672,-1.3866409063339233,-55.647090911865234,89.07061004638672,1.3866409063339233,-55.647090911865234,89.07061004638672,Stop,Stepping
1776271780.1282303,13575.109897731,-1.3866409063339233,-55.647098541259766,89.07061004638672,1.3866409063339233,-55.647098541259766,89.07061004638672,-1.3866409063339233,-55.647090911865234,89.07061004638672,1.3866409063339233,-55.647090911865234,89.07061004638672,Stop,Stepping
1776271780.1482348,13575.122638502,-1.3866409063339233,-55.647098541259766,89.07061004638672,1.3866409063339233,-55.647098541259766,89.07061004638672,-1.3866409063339233,-55.647090911865234,89.07061004638672,1.3866409063339233,-55.647090911865234,89.07061004638672,Stop,Stepping
1776271780.1682048,13575.148833754,-1.3866409063339233,-55.647098541259766,89.07061004638672,1.3866409063339233,-55.647098541259766,89.07061004638672,-1.3866409063339233,-55.647090911865234,89.07061004638672,1.3866409063339233,-55.647090911865234,89.07061004638672,Stop,Stepping
1776271780.188234,13575.163466084,-1.3866409063339233,-55.647098541259766,89.07061004638672,1.3866409063339233,-55.647098541259766,89.07061004638672,-1.3866409063339233,-55.647090911865234,89.07061004638672,1.3866409063339233,-55.647090911865234,89.07061004638672,Stop,Stepping
1776271780.2081995,13575.23219117,-1.3866409063339233,-55.647098541259766,89.07061004638672,1.3866409063339233,-55.647098541259766,89.07061004638672,-1.3866409063339233,-55.647090911865234,89.07061004638672,1.3866409063339233,-55.647090911865234,89.07061004638672,Stop,Stepping
1776271780.2281935,13575.23390781,-1.3866409063339233,-55.647098541259766,89.07061004638672,1.3866409063339233,-55.647098541259766,89.07061004638672,-1.3866409063339233,-55.647090911865234,89.07061004638672,1.3866409063339233,-55.647090911865234,89.07061004638672,Stop,Stepping
1776271780.2482305,13575.234417897,-1.3866409063339233,-55.647098541259766,89.07061004638672,1.3866409063339233,-55.647098541259766,89.07061004638672,-1.3866409063339233,-55.647090911865234,89.07061004638672,1.3866409063339233,-55.647090911865234,89.07061004638672,Stop,Stepping
1776271780.2682357,13575.242726637,-1.3866409063339233,-55.647098541259766,89.07061004638672,1.3866409063339233,-55.647098541259766,89.07061004638672,-1.3866409063339233,-55.647090911865234,89.07061004638672,1.3866409063339233,-55.647090911865234,89.07061004638672,Stop,Stepping
1776271780.2881956,13575.264308573,-1.3866409063339233,-55.647098541259766,89.07061004638672,1.3866409063339233,-55.647098541259766,89.07061004638672,-1.3866409063339233,-55.647090911865234,89.07061004638672,1.3866409063339233,-55.647090911865234,89.07061004638672,Stop,Stepping
1776271780.308227,13575.282351232,-1.3866409063339233,-55.647098541259766,89.07061004638672,1.3866409063339233,-55.647098541259766,89.07061004638672,-1.3866409063339233,-55.647090911865234,89.07061004638672,1.3866409063339233,-55.647090911865234,89.07061004638672,Stop,Stepping
1776271780.3282096,13575.300163114,-1.3866409063339233,-55.647098541259766,89.07061004638672,1.3866409063339233,-55.647098541259766,89.07061004638672,-1.3866409063339233,-55.647090911865234,89.07061004638672,1.3866409063339233,-55.647090911865234,89.07061004638672,Stop,Stepping
1776271780.3482435,13575.320834519,-1.3866409063339233,-55.647098541259766,89.07061004638672,1.3866409063339233,-55.647098541259766,89.07061004638672,-1.3866409063339233,-55.647090911865234,89.07061004638672,1.3866409063339233,-55.647090911865234,89.07061004638672,Stop,Stepping
1776271780.36826,13575.340163631,-1.3866409063339233,-55.647098541259766,89.07061004638672,1.3866409063339233,-55.647098541259766,89.07061004638672,-1.3866409063339233,-55.647090911865234,89.07061004638672,1.3866409063339233,-55.647090911865234,89.07061004638672,Stop,Stepping
1776271780.3882647,13575.359158486,-1.3866409063339233,-55.647098541259766,89.07061004638672,1.3866409063339233,-55.647098541259766,89.07061004638672,-1.3866409063339233,-55.647090911865234,89.07061004638672,1.3866409063339233,-55.647090911865234,89.07061004638672,Stop,Stepping
1776271780.4083025,13575.388921993,-1.3866409063339233,-55.647098541259766,89.07061004638672,1.3866409063339233,-55.647098541259766,89.07061004638672,-1.3866409063339233,-55.647090911865234,89.07061004638672,1.3866409063339233,-55.647090911865234,89.07061004638672,Stop,Stepping
1776271780.4282947,13575.430667889,-1.3866409063339233,-55.647098541259766,89.07061004638672,1.3866409063339233,-55.647098541259766,89.07061004638672,-1.3866409063339233,-55.647090911865234,89.07061004638672,1.3866409063339233,-55.647090911865234,89.07061004638672,Stop,Stepping
1776271780.4482436,13575.432383636,-1.3866409063339233,-55.647098541259766,89.07061004638672,1.3866409063339233,-55.647098541259766,89.07061004638672,-1.3866409063339233,-55.647090911865234,89.07061004638672,1.3866409063339233,-55.647090911865234,89.07061004638672,Stop,Stepping
1776271780.4682608,13575.450026531,-1.3866409063339233,-55.647098541259766,89.07061004638672,1.3866409063339233,-55.647098541259766,89.07061004638672,-1.3866409063339233,-55.647090911865234,89.07061004638672,1.3866409063339233,-55.647090911865234,89.07061004638672,Stop,Stepping
1776271780.4882586,13575.461511598,-1.3866409063339233,-55.647098541259766,89.07061004638672,1.3866409063339233,-55.647098541259766,89.07061004638672,-1.3866409063339233,-55.647090911865234,89.07061004638672,1.3866409063339233,-55.647090911865234,89.07061004638672,Stop,Stepping
1776271780.5082371,13575.487550745,-1.3866409063339233,-55.647098541259766,89.07061004638672,1.3866409063339233,-55.647098541259766,89.07061004638672,-1.3866409063339233,-55.647090911865234,89.07061004638672,1.3866409063339233,-55.647090911865234,89.07061004638672,Stop,Stepping
1776271780.5282876,13575.525939627,-1.3866409063339233,-55.647098541259766,89.07061004638672,1.3866409063339233,-55.647098541259766,89.07061004638672,-1.3866409063339233,-55.647090911865234,89.07061004638672,1.3866409063339233,-55.647090911865234,89.07061004638672,Stop,Stepping
1776271780.548259,13575.527135428,-1.3866409063339233,-55.647098541259766,89.07061004638672,1.3866409063339233,-55.647098541259766,89.07061004638672,-1.3866409063339233,-55.647090911865234,89.07061004638672,1.3866409063339233,-55.647090911865234,89.07061004638672,Stop,Stepping
1776271780.5682325,13575.539792593,-1.3866409063339233,-55.647098541259766,89.07061004638672,1.3866409063339233,-55.647098541259766,89.07061004638672,-1.3866409063339233,-55.647090911865234,89.07061004638672,1.3866409063339233,-55.647090911865234,89.07061004638672,Stop,Stepping
1776271780.5882223,13575.559492689,-1.3866409063339233,-55.647098541259766,89.07061004638672,1.3866409063339233,-55.647098541259766,89.07061004638672,-1.3866409063339233,-55.647090911865234,89.07061004638672,1.3866409063339233,-55.647090911865234,89.07061004638672,Stop,Stepping
1776271780.6082115,13575.584287976,-1.3866409063339233,-55.647098541259766,89.07061004638672,1.3866409063339233,-55.647098541259766,89.07061004638672,-1.3866409063339233,-55.647090911865234,89.07061004638672,1.3866409063339233,-55.647090911865234,89.07061004638672,Stop,Stepping
1776271780.6282458,13575.601133546,-1.3866409063339233,-55.647098541259766,89.07061004638672,1.3866409063339233,-55.647098541259766,89.07061004638672,-1.3866409063339233,-55.647090911865234,89.07061004638672,1.3866409063339233,-55.647090911865234,89.07061004638672,Stop,Stepping
1776271780.648228,13575.637331596,-1.3866409063339233,-55.647098541259766,89.07061004638672,1.3866409063339233,-55.647098541259766,89.07061004638672,-1.3866409063339233,-55.647090911865234,89.07061004638672,1.3866409063339233,-55.647090911865234,89.07061004638672,Stop,Stepping
1776271780.6682413,13575.639179303,-1.3866409063339233,-55.647098541259766,89.07061004638672,1.3866409063339233,-55.647098541259766,89.07061004638672,-1.3866409063339233,-55.647090911865234,89.07061004638672,1.3866409063339233,-55.647090911865234,89.07061004638672,Stop,Stepping
1776271780.688282,13575.667688049,-1.3866409063339233,-55.647098541259766,89.07061004638672,1.3866409063339233,-55.647098541259766,89.07061004638672,-1.3866409063339233,-55.647090911865234,89.07061004638672,1.3866409063339233,-55.647090911865234,89.07061004638672,Stop,Stepping
1776271780.7082946,13575.684717124,-1.3866409063339233,-55.647098541259766,89.07061004638672,1.3866409063339233,-55.647098541259766,89.07061004638672,-1.3866409063339233,-55.647090911865234,89.07061004638672,1.3866409063339233,-55.647090911865234,89.07061004638672,Stop,Stepping
1776271780.7282386,13575.701970427,-1.3866409063339233,-55.647098541259766,89.07061004638672,1.3866409063339233,-55.647098541259766,89.07061004638672,-1.3866409063339233,-55.647090911865234,89.07061004638672,1.3866409063339233,-55.647090911865234,89.07061004638672,Stop,Stepping
1776271780.748279,13575.728523284,-1.3866409063339233,-55.647098541259766,89.07061004638672,1.3866409063339233,-55.647098541259766,89.07061004638672,-1.3866409063339233,-55.647090911865234,89.07061004638672,1.3866409063339233,-55.647090911865234,89.07061004638672,Stop,Stepping
1776271780.7682765,13575.741139555,-1.3866409063339233,-55.647098541259766,89.07061004638672,1.3866409063339233,-55.647098541259766,89.07061004638672,-1.3866409063339233,-55.647090911865234,89.07061004638672,1.3866409063339233,-55.647090911865234,89.07061004638672,Stop,Stepping
1776271780.788264,13575.775417107,-1.3866409063339233,-55.647098541259766,89.07061004638672,1.3866409063339233,-55.647098541259766,89.07061004638672,-1.3866409063339233,-55.647090911865234,89.07061004638672,1.3866409063339233,-55.647090911865234,89.07061004638672,Stop,Stepping
1776271780.808281,13575.780424212,-1.3866409063339233,-55.647098541259766,89.07061004638672,1.3866409063339233,-55.647098541259766,89.07061004638672,-1.3866409063339233,-55.647090911865234,89.07061004638672,1.3866409063339233,-55.647090911865234,89.07061004638672,Stop,Stepping
1776271780.8282206,13575.819193872,-1.3866409063339233,-55.647098541259766,89.07061004638672,1.3866409063339233,-55.647098541259766,89.07061004638672,-1.3866409063339233,-55.647090911865234,89.07061004638672,1.3866409063339233,-55.647090911865234,89.07061004638672,Stop,Stepping
1776271780.8483033,13575.821479941,-1.3866409063339233,-55.647098541259766,89.07061004638672,1.3866409063339233,-55.647098541259766,89.07061004638672,-1.3866409063339233,-55.647090911865234,89.07061004638672,1.3866409063339233,-55.647090911865234,89.07061004638672,Stop,Stepping
1776271780.8682601,13575.845045921,-1.3866409063339233,-55.647098541259766,89.07061004638672,1.3866409063339233,-55.647098541259766,89.07061004638672,-1.3866409063339233,-55.647090911865234,89.07061004638672,1.3866409063339233,-55.647090911865234,89.07061004638672,Stop,Stepping
1776271780.8882773,13575.859631051,-1.3866409063339233,-55.647098541259766,89.07061004638672,1.3866409063339233,-55.647098541259766,89.07061004638672,-1.3866409063339233,-55.647090911865234,89.07061004638672,1.3866409063339233,-55.647090911865234,89.07061004638672,Stop,Stepping
1776271780.908322,13575.884737678,-1.3866409063339233,-55.647098541259766,89.07061004638672,1.3866409063339233,-55.647098541259766,89.07061004638672,-1.3866409063339233,-55.647090911865234,89.07061004638672,1.3866409063339233,-55.647090911865234,89.07061004638672,Stop,Stepping
1776271780.9283216,13575.90910423,-1.3866409063339233,-55.647098541259766,89.07061004638672,1.3866409063339233,-55.647098541259766,89.07061004638672,-1.3866409063339233,-55.647090911865234,89.07061004638672,1.3866409063339233,-55.647090911865234,89.07061004638672,Stop,Stepping
1776271780.9482486,13575.920168125,-1.3866409063339233,-55.647098541259766,89.07061004638672,1.3866409063339233,-55.647098541259766,89.07061004638672,-1.3866409063339233,-55.647090911865234,89.07061004638672,1.3866409063339233,-55.647090911865234,89.07061004638672,Stop,Stepping
1776271780.968247,13575.939316844,-1.3866409063339233,-55.647098541259766,89.07061004638672,1.3866409063339233,-55.647098541259766,89.07061004638672,-1.3866409063339233,-55.647090911865234,89.07061004638672,1.3866409063339233,-55.647090911865234,89.07061004638672,Stop,Stepping
1776271780.988281,13575.966179935,-1.3866409063339233,-55.647098541259766,89.07061004638672,1.3866409063339233,-55.647098541259766,89.07061004638672,-1.3866409063339233,-55.647090911865234,89.07061004638672,1.3866409063339233,-55.647090911865234,89.07061004638672,Stop,Stepping
1776271781.008229,13575.980573648,-1.3866409063339233,-55.647098541259766,89.07061004638672,1.3866409063339233,-55.647098541259766,89.07061004638672,-1.3866409063339233,-55.647090911865234,89.07061004638672,1.3866409063339233,-55.647090911865234,89.07061004638672,Stop,Stepping
1776271781.028244,13575.999738405,-1.3866409063339233,-55.647098541259766,89.07061004638672,1.3866409063339233,-55.647098541259766,89.07061004638672,-1.3866409063339233,-55.647090911865234,89.07061004638672,1.3866409063339233,-55.647090911865234,89.07061004638672,Stop,Stepping
1776271781.048226,13576.02567135,-1.3866409063339233,-55.647098541259766,89.07061004638672,1.3866409063339233,-55.647098541259766,89.07061004638672,-1.3866409063339233,-55.647090911865234,89.07061004638672,1.3866409063339233,-55.647090911865234,89.07061004638672,Stop,Stepping
1776271781.0682478,13576.039305249,-1.3866409063339233,-55.647098541259766,89.07061004638672,1.3866409063339233,-55.647098541259766,89.07061004638672,-1.3866409063339233,-55.647090911865234,89.07061004638672,1.3866409063339233,-55.647090911865234,89.07061004638672,Stop,Stepping
1776271781.0882535,13576.062258165,-1.3866409063339233,-55.647098541259766,89.07061004638672,1.3866409063339233,-55.647098541259766,89.07061004638672,-1.3866409063339233,-55.647090911865234,89.07061004638672,1.3866409063339233,-55.647090911865234,89.07061004638672,Stop,Stepping
1776271781.1082945,13576.081950483,-1.3866409063339233,-55.647098541259766,89.07061004638672,1.3866409063339233,-55.647098541259766,89.07061004638672,-1.3866409063339233,-55.647090911865234,89.07061004638672,1.3866409063339233,-55.647090911865234,89.07061004638672,Stop,Stepping
1776271781.1282294,13576.099847219,-1.3866409063339233,-55.647098541259766,89.07061004638672,1.3866409063339233,-55.647098541259766,89.07061004638672,-1.3866409063339233,-55.647090911865234,89.07061004638672,1.3866409063339233,-55.647090911865234,89.07061004638672,Stop,Stepping
1776271781.1482122,13576.120401354,-1.3866409063339233,-55.647098541259766,89.07061004638672,1.3866409063339233,-55.647098541259766,89.07061004638672,-1.3866409063339233,-55.647090911865234,89.07061004638672,1.3866409063339233,-55.647090911865234,89.07061004638672,Stop,Stepping
1776271781.1682117,13576.139365606,-1.3866409063339233,-55.647098541259766,89.07061004638672,1.3866409063339233,-55.647098541259766,89.07061004638672,-1.3866409063339233,-55.647090911865234,89.07061004638672,1.3866409063339233,-55.647090911865234,89.07061004638672,Stop,Stepping
1776271781.188215,13576.160024536,-1.3866409063339233,-55.647098541259766,89.07061004638672,1.3866409063339233,-55.647098541259766,89.07061004638672,-1.3866409063339233,-55.647090911865234,89.07061004638672,1.3866409063339233,-55.647090911865234,89.07061004638672,Stop,Stepping
1776271781.208226,13576.179313457,-1.3866409063339233,-55.647098541259766,89.07061004638672,1.3866409063339233,-55.647098541259766,89.07061004638672,-1.3866409063339233,-55.647090911865234,89.07061004638672,1.3866409063339233,-55.647090911865234,89.07061004638672,Stop,Stepping
1776271781.2282088,13576.203589709,-1.3866409063339233,-55.647098541259766,89.07061004638672,1.3866409063339233,-55.647098541259766,89.07061004638672,-1.3866409063339233,-55.647090911865234,89.07061004638672,1.3866409063339233,-55.647090911865234,89.07061004638672,Stop,Stepping
1776271781.2482193,13576.223702731,-1.3866409063339233,-55.647098541259766,89.07061004638672,1.3866409063339233,-55.647098541259766,89.07061004638672,-1.3866409063339233,-55.647090911865234,89.07061004638672,1.3866409063339233,-55.647090911865234,89.07061004638672,Stop,Stepping
1776271781.2682195,13576.23977034,-1.3866409063339233,-55.647098541259766,89.07061004638672,1.3866409063339233,-55.647098541259766,89.07061004638672,-1.3866409063339233,-55.647090911865234,89.07061004638672,1.3866409063339233,-55.647090911865234,89.07061004638672,Stop,Stepping
1776271781.288201,13576.266236049,-1.3866409063339233,-55.647098541259766,89.07061004638672,1.3866409063339233,-55.647098541259766,89.07061004638672,-1.3866409063339233,-55.647090911865234,89.07061004638672,1.3866409063339233,-55.647090911865234,89.07061004638672,Stop,Stepping
1776271781.308243,13576.293061168,-1.3866409063339233,-55.647098541259766,89.07061004638672,1.3866409063339233,-55.647098541259766,89.07061004638672,-1.3866409063339233,-55.647090911865234,89.07061004638672,1.3866409063339233,-55.647090911865234,89.07061004638672,Stop,Stepping
1776271781.328247,13576.300518725,-1.3866409063339233,-55.647098541259766,89.07061004638672,1.3866409063339233,-55.647098541259766,89.07061004638672,-1.3866409063339233,-55.647090911865234,89.07061004638672,1.3866409063339233,-55.647090911865234,89.07061004638672,Stop,Stepping
1776271781.3482554,13576.323663916,-1.3866409063339233,-55.647098541259766,89.07061004638672,1.3866409063339233,-55.647098541259766,89.07061004638672,-1.3866409063339233,-55.647090911865234,89.07061004638672,1.3866409063339233,-55.647090911865234,89.07061004638672,Stop,Stepping
1776271781.36824,13576.344618571,-1.3866409063339233,-55.647098541259766,89.07061004638672,1.3866409063339233,-55.647098541259766,89.07061004638672,-1.3866409063339233,-55.647090911865234,89.07061004638672,1.3866409063339233,-55.647090911865234,89.07061004638672,Stop,Stepping
1776271781.3882718,13576.375419386,-1.3866409063339233,-55.647098541259766,89.07061004638672,1.3866409063339233,-55.647098541259766,89.07061004638672,-1.3866409063339233,-55.647090911865234,89.07061004638672,1.3866409063339233,-55.647090911865234,89.07061004638672,Stop,Stepping
1776271781.4095066,13576.403713051,-1.3866409063339233,-55.647098541259766,89.07061004638672,1.3866409063339233,-55.647098541259766,89.07061004638672,-1.3866409063339233,-55.647090911865234,89.07061004638672,1.3866409063339233,-55.647090911865234,89.07061004638672,Stop,Stepping
1776271781.428298,13576.408028051,-1.3866409063339233,-55.647098541259766,89.07061004638672,1.3866409063339233,-55.647098541259766,89.07061004638672,-1.3866409063339233,-55.647090911865234,89.07061004638672,1.3866409063339233,-55.647090911865234,89.07061004638672,Stop,Stepping
1776271781.448244,13576.424828631,-1.3866409063339233,-55.647098541259766,89.07061004638672,1.3866409063339233,-55.647098541259766,89.07061004638672,-1.3866409063339233,-55.647090911865234,89.07061004638672,1.3866409063339233,-55.647090911865234,89.07061004638672,Stop,Stepping
1776271781.468266,13576.467288266,-1.3866409063339233,-55.647098541259766,89.07061004638672,1.3866409063339233,-55.647098541259766,89.07061004638672,-1.3866409063339233,-55.647090911865234,89.07061004638672,1.3866409063339233,-55.647090911865234,89.07061004638672,Stop,Stepping
1776271781.488254,13576.468088603,-1.3866409063339233,-55.647098541259766,89.07061004638672,1.3866409063339233,-55.647098541259766,89.07061004638672,-1.3866409063339233,-55.647090911865234,89.07061004638672,1.3866409063339233,-55.647090911865234,89.07061004638672,Stop,Stepping
1776271781.508243,13576.486121279,-1.3866409063339233,-55.647098541259766,89.07061004638672,1.3866409063339233,-55.647098541259766,89.07061004638672,-1.3866409063339233,-55.647090911865234,89.07061004638672,1.3866409063339233,-55.647090911865234,89.07061004638672,Stop,Stepping
1776271781.5283024,13576.502374381,-1.3866409063339233,-55.647098541259766,89.07061004638672,1.3866409063339233,-55.647098541259766,89.07061004638672,-1.3866409063339233,-55.647090911865234,89.07061004638672,1.3866409063339233,-55.647090911865234,89.07061004638672,Stop,Stepping
1776271781.5484934,13576.5531452,-1.3866409063339233,-55.647098541259766,89.07061004638672,1.3866409063339233,-55.647098541259766,89.07061004638672,-1.3866409063339233,-55.647090911865234,89.07061004638672,1.3866409063339233,-55.647090911865234,89.07061004638672,Stop,Stepping
1776271781.568258,13576.553477814,-1.3866409063339233,-55.647098541259766,89.07061004638672,1.3866409063339233,-55.647098541259766,89.07061004638672,-1.3866409063339233,-55.647090911865234,89.07061004638672,1.3866409063339233,-55.647090911865234,89.07061004638672,Stop,Stepping
1776271781.5882456,13576.559194145,-1.3866409063339233,-55.647098541259766,89.07061004638672,1.3866409063339233,-55.647098541259766,89.07061004638672,-1.3866409063339233,-55.647090911865234,89.07061004638672,1.3866409063339233,-55.647090911865234,89.07061004638672,Stop,Stepping
1776271781.608265,13576.580563196,-1.3866409063339233,-55.647098541259766,89.07061004638672,1.3866409063339233,-55.647098541259766,89.07061004638672,-1.3866409063339233,-55.647090911865234,89.07061004638672,1.3866409063339233,-55.647090911865234,89.07061004638672,Stop,Stepping
1776271781.6283004,13576.600125304,-1.3866409063339233,-55.647098541259766,89.07061004638672,1.3866409063339233,-55.647098541259766,89.07061004638672,-1.3866409063339233,-55.647090911865234,89.07061004638672,1.3866409063339233,-55.647090911865234,89.07061004638672,Stop,Stepping
1776271781.648298,13576.619380337,-1.3866409063339233,-55.647098541259766,89.07061004638672,1.3866409063339233,-55.647098541259766,89.07061004638672,-1.3866409063339233,-55.647090911865234,89.07061004638672,1.3866409063339233,-55.647090911865234,89.07061004638672,Stop,Stepping
1776271781.6688988,13576.640025809,-1.3866409063339233,-55.647098541259766,89.07061004638672,1.3866409063339233,-55.647098541259766,89.07061004638672,-1.3866409063339233,-55.647090911865234,89.07061004638672,1.3866409063339233,-55.647090911865234,89.07061004638672,Stop,Stepping
1776271781.6883087,13576.660930561,-1.3866409063339233,-55.647098541259766,89.07061004638672,1.3866409063339233,-55.647098541259766,89.07061004638672,-1.3866409063339233,-55.647090911865234,89.07061004638672,1.3866409063339233,-55.647090911865234,89.07061004638672,Stop,Stepping
1776271781.7082953,13576.68947671,-1.3866409063339233,-55.647098541259766,89.07061004638672,1.3866409063339233,-55.647098541259766,89.07061004638672,-1.3866409063339233,-55.647090911865234,89.07061004638672,1.3866409063339233,-55.647090911865234,89.07061004638672,Stop,Stepping
1776271781.7282414,13576.710082082,-1.3866409063339233,-55.647098541259766,89.07061004638672,1.3866409063339233,-55.647098541259766,89.07061004638672,-1.3866409063339233,-55.647090911865234,89.07061004638672,1.3866409063339233,-55.647090911865234,89.07061004638672,Stop,Stepping
1776271781.7482226,13576.720415412,-1.3866409063339233,-55.647098541259766,89.07061004638672,1.3866409063339233,-55.647098541259766,89.07061004638672,-1.3866409063339233,-55.647090911865234,89.07061004638672,1.3866409063339233,-55.647090911865234,89.07061004638672,Stop,Stepping
1776271781.7681625,13576.748717043,-1.3866409063339233,-55.647098541259766,89.07061004638672,1.3866409063339233,-55.647098541259766,89.07061004638672,-1.3866409063339233,-55.647090911865234,89.07061004638672,1.3866409063339233,-55.647090911865234,89.07061004638672,Stop,Stepping
1776271781.7882524,13576.75983635,-1.3866409063339233,-55.647098541259766,89.07061004638672,1.3866409063339233,-55.647098541259766,89.07061004638672,-1.3866409063339233,-55.647090911865234,89.07061004638672,1.3866409063339233,-55.647090911865234,89.07061004638672,Stop,Stepping
1776271781.8082714,13576.783249464,-1.3866409063339233,-55.647098541259766,89.07061004638672,1.3866409063339233,-55.647098541259766,89.07061004638672,-1.3866409063339233,-55.647090911865234,89.07061004638672,1.3866409063339233,-55.647090911865234,89.07061004638672,Stop,Stepping
1776271781.828449,13576.843459234,-1.3866409063339233,-55.647098541259766,89.07061004638672,1.3866409063339233,-55.647098541259766,89.07061004638672,-1.3866409063339233,-55.647090911865234,89.07061004638672,1.3866409063339233,-55.647090911865234,89.07061004638672,Stop,Stepping
1776271781.848553,13576.845741086,-1.3866409063339233,-55.647098541259766,89.07061004638672,1.3866409063339233,-55.647098541259766,89.07061004638672,-1.3866409063339233,-55.647090911865234,89.07061004638672,1.3866409063339233,-55.647090911865234,89.07061004638672,Stop,Stepping
1776271781.8683164,13576.847986104,-1.3866409063339233,-55.647098541259766,89.07061004638672,1.3866409063339233,-55.647098541259766,89.07061004638672,-1.3866409063339233,-55.647090911865234,89.07061004638672,1.3866409063339233,-55.647090911865234,89.07061004638672,Stop,Stepping
1776271781.8882523,13576.915475147,-1.3866409063339233,-55.647098541259766,89.07061004638672,1.3866409063339233,-55.647098541259766,89.07061004638672,-1.3866409063339233,-55.647090911865234,89.07061004638672,1.3866409063339233,-55.647090911865234,89.07061004638672,Stop,Stepping
1776271781.9082534,13576.915858242,-1.3866409063339233,-55.647098541259766,89.07061004638672,1.3866409063339233,-55.647098541259766,89.07061004638672,-1.3866409063339233,-55.647090911865234,89.07061004638672,1.3866409063339233,-55.647090911865234,89.07061004638672,Stop,Stepping
1776271781.9282346,13576.916200304,-1.3866409063339233,-55.647098541259766,89.07061004638672,1.3866409063339233,-55.647098541259766,89.07061004638672,-1.3866409063339233,-55.647090911865234,89.07061004638672,1.3866409063339233,-55.647090911865234,89.07061004638672,Stop,Stepping
1776271781.9482443,13576.919149226,-1.3866409063339233,-55.647098541259766,89.07061004638672,1.3866409063339233,-55.647098541259766,89.07061004638672,-1.3866409063339233,-55.647090911865234,89.07061004638672,1.3866409063339233,-55.647090911865234,89.07061004638672,Stop,Stepping
1776271781.9682395,13576.940465008,-1.3866409063339233,-55.647098541259766,89.07061004638672,1.3866409063339233,-55.647098541259766,89.07061004638672,-1.3866409063339233,-55.647090911865234,89.07061004638672,1.3866409063339233,-55.647090911865234,89.07061004638672,Stop,Stepping
1776271781.988246,13576.962643318,-1.3866409063339233,-55.647098541259766,89.07061004638672,1.3866409063339233,-55.647098541259766,89.07061004638672,-1.3866409063339233,-55.647090911865234,89.07061004638672,1.3866409063339233,-55.647090911865234,89.07061004638672,Stop,Stepping
1776271782.0082505,13576.983276295,-1.3866409063339233,-55.647098541259766,89.07061004638672,1.3866409063339233,-55.647098541259766,89.07061004638672,-1.3866409063339233,-55.647090911865234,89.07061004638672,1.3866409063339233,-55.647090911865234,89.07061004638672,Stop,Stepping
1776271782.0282423,13577.001671164,-1.3866409063339233,-55.647098541259766,89.07061004638672,1.3866409063339233,-55.647098541259766,89.07061004638672,-1.3866409063339233,-55.647090911865234,89.07061004638672,1.3866409063339233,-55.647090911865234,89.07061004638672,Stop,Stepping
1776271782.04824,13577.024490976,-1.3866409063339233,-55.647098541259766,89.07061004638672,1.3866409063339233,-55.647098541259766,89.07061004638672,-1.3866409063339233,-55.647090911865234,89.07061004638672,1.3866409063339233,-55.647090911865234,89.07061004638672,Stop,Stepping
1776271782.0682096,13577.053259287,-1.3866409063339233,-55.647098541259766,89.07061004638672,1.3866409063339233,-55.647098541259766,89.07061004638672,-1.3866409063339233,-55.647090911865234,89.07061004638672,1.3866409063339233,-55.647090911865234,89.07061004638672,Stop,Stepping
1776271782.0882077,13577.064487162,-1.3866409063339233,-55.647098541259766,89.07061004638672,1.3866409063339233,-55.647098541259766,89.07061004638672,-1.3866409063339233,-55.647090911865234,89.07061004638672,1.3866409063339233,-55.647090911865234,89.07061004638672,Stop,Stepping
1776271782.1082163,13577.087450947,-1.3866409063339233,-55.647098541259766,89.07061004638672,1.3866409063339233,-55.647098541259766,89.07061004638672,-1.3866409063339233,-55.647090911865234,89.07061004638672,1.3866409063339233,-55.647090911865234,89.07061004638672,Stop,Stepping
1776271782.1282303,13577.104035843,-1.3866409063339233,-55.647098541259766,89.07061004638672,1.3866409063339233,-55.647098541259766,89.07061004638672,-1.3866409063339233,-55.647090911865234,89.07061004638672,1.3866409063339233,-55.647090911865234,89.07061004638672,Stop,Stepping
1776271782.1482203,13577.146881942,-1.3866409063339233,-55.647098541259766,89.07061004638672,1.3866409063339233,-55.647098541259766,89.07061004638672,-1.3866409063339233,-55.647090911865234,89.07061004638672,1.3866409063339233,-55.647090911865234,89.07061004638672,Stop,Stepping
1776271782.1682444,13577.147483559,-1.3866409063339233,-55.647098541259766,89.07061004638672,1.3866409063339233,-55.647098541259766,89.07061004638672,-1.3866409063339233,-55.647090911865234,89.07061004638672,1.3866409063339233,-55.647090911865234,89.07061004638672,Stop,Stepping
1776271782.1882417,13577.161227871,-1.3866409063339233,-55.647098541259766,89.07061004638672,1.3866409063339233,-55.647098541259766,89.07061004638672,-1.3866409063339233,-55.647090911865234,89.07061004638672,1.3866409063339233,-55.647090911865234,89.07061004638672,Stop,Stepping
1776271782.208219,13577.179460319,-1.3866409063339233,-55.647098541259766,89.07061004638672,1.3866409063339233,-55.647098541259766,89.07061004638672,-1.3866409063339233,-55.647090911865234,89.07061004638672,1.3866409063339233,-55.647090911865234,89.07061004638672,Stop,Stepping
1776271782.2282538,13577.206929075,-1.3866409063339233,-55.647098541259766,89.07061004638672,1.3866409063339233,-55.647098541259766,89.07061004638672,-1.3866409063339233,-55.647090911865234,89.07061004638672,1.3866409063339233,-55.647090911865234,89.07061004638672,Stop,Stepping
1776271782.2482488,13577.224377399,-1.3866409063339233,-55.647098541259766,89.07061004638672,1.3866409063339233,-55.647098541259766,89.07061004638672,-1.3866409063339233,-55.647090911865234,89.07061004638672,1.3866409063339233,-55.647090911865234,89.07061004638672,Stop,Stepping
1776271782.2682507,13577.242635314,-1.3866409063339233,-55.647098541259766,89.07061004638672,1.3866409063339233,-55.647098541259766,89.07061004638672,-1.3866409063339233,-55.647090911865234,89.07061004638672,1.3866409063339233,-55.647090911865234,89.07061004638672,Stop,Stepping
1776271782.2882538,13577.260714753,-1.3866409063339233,-55.647098541259766,89.07061004638672,1.3866409063339233,-55.647098541259766,89.07061004638672,-1.3866409063339233,-55.647090911865234,89.07061004638672,1.3866409063339233,-55.647090911865234,89.07061004638672,Stop,Stepping
1776271782.308235,13577.290723493,-1.3866409063339233,-55.647098541259766,89.07061004638672,1.3866409063339233,-55.647098541259766,89.07061004638672,-1.3866409063339233,-55.647090911865234,89.07061004638672,1.3866409063339233,-55.647090911865234,89.07061004638672,Stop,Stepping
1776271782.3282506,13577.29997892,-1.3866409063339233,-55.647098541259766,89.07061004638672,1.3866409063339233,-55.647098541259766,89.07061004638672,-1.3866409063339233,-55.647090911865234,89.07061004638672,1.3866409063339233,-55.647090911865234,89.07061004638672,Stop,Stepping
1776271782.348308,13577.330050469,-1.3866409063339233,-55.647098541259766,89.07061004638672,1.3866409063339233,-55.647098541259766,89.07061004638672,-1.3866409063339233,-55.647090911865234,89.07061004638672,1.3866409063339233,-55.647090911865234,89.07061004638672,Stop,Stepping
1776271782.3683105,13577.342289418,-1.3866409063339233,-55.647098541259766,89.07061004638672,1.3866409063339233,-55.647098541259766,89.07061004638672,-1.3866409063339233,-55.647090911865234,89.07061004638672,1.3866409063339233,-55.647090911865234,89.07061004638672,Stop,Stepping
1776271782.388251,13577.37658526,-1.3866409063339233,-55.647098541259766,89.07061004638672,1.3866409063339233,-55.647098541259766,89.07061004638672,-1.3866409063339233,-55.647090911865234,89.07061004638672,1.3866409063339233,-55.647090911865234,89.07061004638672,Stop,Stepping
1776271782.4083164,13577.388715664,-1.3866409063339233,-55.647098541259766,89.07061004638672,1.3866409063339233,-55.647098541259766,89.07061004638672,-1.3866409063339233,-55.647090911865234,89.07061004638672,1.3866409063339233,-55.647090911865234,89.07061004638672,Stop,Stepping
1776271782.4282527,13577.409275941,-1.3866409063339233,-55.647098541259766,89.07061004638672,1.3866409063339233,-55.647098541259766,89.07061004638672,-1.3866409063339233,-55.647090911865234,89.07061004638672,1.3866409063339233,-55.647090911865234,89.07061004638672,Stop,Stepping
1776271782.448413,13577.427211864,-1.3866409063339233,-55.647098541259766,89.07061004638672,1.3866409063339233,-55.647098541259766,89.07061004638672,-1.3866409063339233,-55.647090911865234,89.07061004638672,1.3866409063339233,-55.647090911865234,89.07061004638672,Stop,Stepping
1776271782.4682417,13577.445779475,-1.3866409063339233,-55.647098541259766,89.07061004638672,1.3866409063339233,-55.647098541259766,89.07061004638672,-1.3866409063339233,-55.647090911865234,89.07061004638672,1.3866409063339233,-55.647090911865234,89.07061004638672,Stop,Stepping
1776271782.4882479,13577.460183135,-1.3866409063339233,-55.647098541259766,89.07061004638672,1.3866409063339233,-55.647098541259766,89.07061004638672,-1.3866409063339233,-55.647090911865234,89.07061004638672,1.3866409063339233,-55.647090911865234,89.07061004638672,Stop,Stepping
1776271782.5082252,13577.483068122,-1.3866409063339233,-55.647098541259766,89.07061004638672,1.3866409063339233,-55.647098541259766,89.07061004638672,-1.3866409063339233,-55.647090911865234,89.07061004638672,1.3866409063339233,-55.647090911865234,89.07061004638672,Stop,Stepping
1776271782.5282423,13577.518422397,-1.3866409063339233,-55.647098541259766,89.07061004638672,1.3866409063339233,-55.647098541259766,89.07061004638672,-1.3866409063339233,-55.647090911865234,89.07061004638672,1.3866409063339233,-55.647090911865234,89.07061004638672,Stop,Stepping
1776271782.5482466,13577.533062349,-1.3866409063339233,-55.647098541259766,89.07061004638672,1.3866409063339233,-55.647098541259766,89.07061004638672,-1.3866409063339233,-55.647090911865234,89.07061004638672,1.3866409063339233,-55.647090911865234,89.07061004638672,Stop,Stepping
1776271782.5682335,13577.55045512,-1.3866409063339233,-55.647098541259766,89.07061004638672,1.3866409063339233,-55.647098541259766,89.07061004638672,-1.3866409063339233,-55.647090911865234,89.07061004638672,1.3866409063339233,-55.647090911865234,89.07061004638672,Stop,Stepping
1776271782.5882423,13577.566206001,-1.3866409063339233,-55.647098541259766,89.07061004638672,1.3866409063339233,-55.647098541259766,89.07061004638672,-1.3866409063339233,-55.647090911865234,89.07061004638672,1.3866409063339233,-55.647090911865234,89.07061004638672,Stop,Stepping
1776271782.6082957,13577.580493938,-1.3866409063339233,-55.647098541259766,89.07061004638672,1.3866409063339233,-55.647098541259766,89.07061004638672,-1.3866409063339233,-55.647090911865234,89.07061004638672,1.3866409063339233,-55.647090911865234,89.07061004638672,Stop,Stepping
1776271782.6283028,13577.610288693,-1.3866409063339233,-55.647098541259766,89.07061004638672,1.3866409063339233,-55.647098541259766,89.07061004638672,-1.3866409063339233,-55.647090911865234,89.07061004638672,1.3866409063339233,-55.647090911865234,89.07061004638672,Stop,Stepping
1776271782.6482587,13577.628428955,-1.3866409063339233,-55.647098541259766,89.07061004638672,1.3866409063339233,-55.647098541259766,89.07061004638672,-1.3866409063339233,-55.647090911865234,89.07061004638672,1.3866409063339233,-55.647090911865234,89.07061004638672,Stop,Stepping
1776271782.6682756,13577.640873652,-1.3866409063339233,-55.647098541259766,89.07061004638672,1.3866409063339233,-55.647098541259766,89.07061004638672,-1.3866409063339233,-55.647090911865234,89.07061004638672,1.3866409063339233,-55.647090911865234,89.07061004638672,Stop,Stepping
1776271782.6882432,13577.660365739,-1.3866409063339233,-55.647098541259766,89.07061004638672,1.3866409063339233,-55.647098541259766,89.07061004638672,-1.3866409063339233,-55.647090911865234,89.07061004638672,1.3866409063339233,-55.647090911865234,89.07061004638672,Stop,Stepping
1776271782.708259,13577.681199932,-1.3866409063339233,-55.647098541259766,89.07061004638672,1.3866409063339233,-55.647098541259766,89.07061004638672,-1.3866409063339233,-55.647090911865234,89.07061004638672,1.3866409063339233,-55.647090911865234,89.07061004638672,Stop,Stepping
1776271782.728224,13577.699880878,-1.3866409063339233,-55.647098541259766,89.07061004638672,1.3866409063339233,-55.647098541259766,89.07061004638672,-1.3866409063339233,-55.647090911865234,89.07061004638672,1.3866409063339233,-55.647090911865234,89.07061004638672,Stop,Stepping
1776271782.7482588,13577.719621342,-1.3866409063339233,-55.647098541259766,89.07061004638672,1.3866409063339233,-55.647098541259766,89.07061004638672,-1.3866409063339233,-55.647090911865234,89.07061004638672,1.3866409063339233,-55.647090911865234,89.07061004638672,Stop,Stepping
1776271782.76826,13577.801145484,-1.3866409063339233,-55.647098541259766,89.07061004638672,1.3866409063339233,-55.647098541259766,89.07061004638672,-1.3866409063339233,-55.647090911865234,89.07061004638672,1.3866409063339233,-55.647090911865234,89.07061004638672,Stop,Stepping
1776271782.7882226,13577.801512124,-1.3866409063339233,-55.647098541259766,89.07061004638672,1.3866409063339233,-55.647098541259766,89.07061004638672,-1.3866409063339233,-55.647090911865234,89.07061004638672,1.3866409063339233,-55.647090911865234,89.07061004638672,Stop,Stepping
1776271782.8082387,13577.801871406,-1.3866409063339233,-55.647098541259766,89.07061004638672,1.3866409063339233,-55.647098541259766,89.07061004638672,-1.3866409063339233,-55.647090911865234,89.07061004638672,1.3866409063339233,-55.647090911865234,89.07061004638672,Stop,Stepping
1776271782.8282576,13577.802232991,-1.3866409063339233,-55.647098541259766,89.07061004638672,1.3866409063339233,-55.647098541259766,89.07061004638672,-1.3866409063339233,-55.647090911865234,89.07061004638672,1.3866409063339233,-55.647090911865234,89.07061004638672,Stop,Stepping
1776271782.8482468,13577.894905104,-1.3866409063339233,-55.647098541259766,89.07061004638672,1.3866409063339233,-55.647098541259766,89.07061004638672,-1.3866409063339233,-55.647090911865234,89.07061004638672,1.3866409063339233,-55.647090911865234,89.07061004638672,Stop,Stepping
1776271782.8682337,13577.895358252,-1.3866409063339233,-55.647098541259766,89.07061004638672,1.3866409063339233,-55.647098541259766,89.07061004638672,-1.3866409063339233,-55.647090911865234,89.07061004638672,1.3866409063339233,-55.647090911865234,89.07061004638672,Stop,Stepping
1776271782.8882263,13577.895720756,-1.3866409063339233,-55.647098541259766,89.07061004638672,1.3866409063339233,-55.647098541259766,89.07061004638672,-1.3866409063339233,-55.647090911865234,89.07061004638672,1.3866409063339233,-55.647090911865234,89.07061004638672,Stop,Stepping
1776271782.9082732,13577.896086297,-1.3866409063339233,-55.647098541259766,89.07061004638672,1.3866409063339233,-55.647098541259766,89.07061004638672,-1.3866409063339233,-55.647090911865234,89.07061004638672,1.3866409063339233,-55.647090911865234,89.07061004638672,Stop,Stepping
1776271782.9282267,13577.9058982,-1.3866409063339233,-55.647098541259766,89.07061004638672,1.3866409063339233,-55.647098541259766,89.07061004638672,-1.3866409063339233,-55.647090911865234,89.07061004638672,1.3866409063339233,-55.647090911865234,89.07061004638672,Stop,Stepping
1776271782.948241,13577.9271415,-1.3866409063339233,-55.647098541259766,89.07061004638672,1.3866409063339233,-55.647098541259766,89.07061004638672,-1.3866409063339233,-55.647090911865234,89.07061004638672,1.3866409063339233,-55.647090911865234,89.07061004638672,Stop,Stepping
1776271782.9682405,13577.939761005,-1.3866409063339233,-55.647098541259766,89.07061004638672,1.3866409063339233,-55.647098541259766,89.07061004638672,-1.3866409063339233,-55.647090911865234,89.07061004638672,1.3866409063339233,-55.647090911865234,89.07061004638672,Stop,Stepping
1776271782.9882455,13577.961412123,-1.3866409063339233,-55.647098541259766,89.07061004638672,1.3866409063339233,-55.647098541259766,89.07061004638672,-1.3866409063339233,-55.647090911865234,89.07061004638672,1.3866409063339233,-55.647090911865234,89.07061004638672,Stop,Stepping
1776271783.0082362,13577.979695742,-1.3866409063339233,-55.647098541259766,89.07061004638672,1.3866409063339233,-55.647098541259766,89.07061004638672,-1.3866409063339233,-55.647090911865234,89.07061004638672,1.3866409063339233,-55.647090911865234,89.07061004638672,Stop,Stepping
1776271783.0282416,13578.053343866,-1.3866409063339233,-55.647098541259766,89.07061004638672,1.3866409063339233,-55.647098541259766,89.07061004638672,-1.3866409063339233,-55.647090911865234,89.07061004638672,1.3866409063339233,-55.647090911865234,89.07061004638672,Stop,Stepping
1776271783.0482337,13578.055224762,-1.3866409063339233,-55.647098541259766,89.07061004638672,1.3866409063339233,-55.647098541259766,89.07061004638672,-1.3866409063339233,-55.647090911865234,89.07061004638672,1.3866409063339233,-55.647090911865234,89.07061004638672,Stop,Stepping
1776271783.0682316,13578.057388801,-1.3866409063339233,-55.647098541259766,89.07061004638672,1.3866409063339233,-55.647098541259766,89.07061004638672,-1.3866409063339233,-55.647090911865234,89.07061004638672,1.3866409063339233,-55.647090911865234,89.07061004638672,Stop,Stepping
1776271783.088226,13578.061282477,-1.3866409063339233,-55.647098541259766,89.07061004638672,1.3866409063339233,-55.647098541259766,89.07061004638672,-1.3866409063339233,-55.647090911865234,89.07061004638672,1.3866409063339233,-55.647090911865234,89.07061004638672,Stop,Stepping
1776271783.1082406,13578.097401578,-1.3866409063339233,-55.647098541259766,89.07061004638672,1.3866409063339233,-55.647098541259766,89.07061004638672,-1.3866409063339233,-55.647090911865234,89.07061004638672,1.3866409063339233,-55.647090911865234,89.07061004638672,Stop,Stepping
1776271783.1282628,13578.102044985,-1.3866409063339233,-55.647098541259766,89.07061004638672,1.3866409063339233,-55.647098541259766,89.07061004638672,-1.3866409063339233,-55.647090911865234,89.07061004638672,1.3866409063339233,-55.647090911865234,89.07061004638672,Stop,Stepping
1776271783.1482763,13578.153457592,-1.3866409063339233,-55.647098541259766,89.07061004638672,1.3866409063339233,-55.647098541259766,89.07061004638672,-1.3866409063339233,-55.647090911865234,89.07061004638672,1.3866409063339233,-55.647090911865234,89.07061004638672,Stop,Stepping
1776271783.1682482,13578.154134657,-1.3866409063339233,-55.647098541259766,89.07061004638672,1.3866409063339233,-55.647098541259766,89.07061004638672,-1.3866409063339233,-55.647090911865234,89.07061004638672,1.3866409063339233,-55.647090911865234,89.07061004638672,Stop,Stepping
1776271783.1882286,13578.160943158,-1.3866409063339233,-55.647098541259766,89.07061004638672,1.3866409063339233,-55.647098541259766,89.07061004638672,-1.3866409063339233,-55.647090911865234,89.07061004638672,1.3866409063339233,-55.647090911865234,89.07061004638672,Stop,Stepping
1776271783.2082522,13578.181128448,-1.3866409063339233,-55.647098541259766,89.07061004638672,1.3866409063339233,-55.647098541259766,89.07061004638672,-1.3866409063339233,-55.647090911865234,89.07061004638672,1.3866409063339233,-55.647090911865234,89.07061004638672,Stop,Stepping
1776271783.2282374,13578.206992239,-1.3866409063339233,-55.647098541259766,89.07061004638672,1.3866409063339233,-55.647098541259766,89.07061004638672,-1.3866409063339233,-55.647090911865234,89.07061004638672,1.3866409063339233,-55.647090911865234,89.07061004638672,Stop,Stepping
1776271783.2482858,13578.21928403,-1.3866409063339233,-55.647098541259766,89.07061004638672,1.3866409063339233,-55.647098541259766,89.07061004638672,-1.3866409063339233,-55.647090911865234,89.07061004638672,1.3866409063339233,-55.647090911865234,89.07061004638672,Stop,Stepping
1776271783.2682838,13578.239755095,-1.3866409063339233,-55.647098541259766,89.07061004638672,1.3866409063339233,-55.647098541259766,89.07061004638672,-1.3866409063339233,-55.647090911865234,89.07061004638672,1.3866409063339233,-55.647090911865234,89.07061004638672,Stop,Stepping
1776271783.2883253,13578.263104162,-1.3866409063339233,-55.647098541259766,89.07061004638672,1.3866409063339233,-55.647098541259766,89.07061004638672,-1.3866409063339233,-55.647090911865234,89.07061004638672,1.3866409063339233,-55.647090911865234,89.07061004638672,Stop,Stepping
1776271783.3083165,13578.280371049,-1.3866409063339233,-55.647098541259766,89.07061004638672,1.3866409063339233,-55.647098541259766,89.07061004638672,-1.3866409063339233,-55.647090911865234,89.07061004638672,1.3866409063339233,-55.647090911865234,89.07061004638672,Stop,Stepping
1776271783.3283193,13578.310071541,-1.3866409063339233,-55.647098541259766,89.07061004638672,1.3866409063339233,-55.647098541259766,89.07061004638672,-1.3866409063339233,-55.647090911865234,89.07061004638672,1.3866409063339233,-55.647090911865234,89.07061004638672,Stop,Stepping
1776271783.3483162,13578.332246434,-1.3866409063339233,-55.647098541259766,89.07061004638672,1.3866409063339233,-55.647098541259766,89.07061004638672,-1.3866409063339233,-55.647090911865234,89.07061004638672,1.3866409063339233,-55.647090911865234,89.07061004638672,Stop,Stepping
1776271783.36832,13578.34096879,-1.3866409063339233,-55.647098541259766,89.07061004638672,1.3866409063339233,-55.647098541259766,89.07061004638672,-1.3866409063339233,-55.647090911865234,89.07061004638672,1.3866409063339233,-55.647090911865234,89.07061004638672,Stop,Stepping
1776271783.3882873,13578.362347434,-1.3866409063339233,-55.647098541259766,89.07061004638672,1.3866409063339233,-55.647098541259766,89.07061004638672,-1.3866409063339233,-55.647090911865234,89.07061004638672,1.3866409063339233,-55.647090911865234,89.07061004638672,Stop,Stepping
1776271783.4083223,13578.380138053,-1.3866409063339233,-55.647098541259766,89.07061004638672,1.3866409063339233,-55.647098541259766,89.07061004638672,-1.3866409063339233,-55.647090911865234,89.07061004638672,1.3866409063339233,-55.647090911865234,89.07061004638672,Stop,Stepping
1776271783.4282963,13578.400137094,-1.3866409063339233,-55.647098541259766,89.07061004638672,1.3866409063339233,-55.647098541259766,89.07061004638672,-1.3866409063339233,-55.647090911865234,89.07061004638672,1.3866409063339233,-55.647090911865234,89.07061004638672,Stop,Stepping
1776271783.4482446,13578.421741539,-1.3866409063339233,-55.647098541259766,89.07061004638672,1.3866409063339233,-55.647098541259766,89.07061004638672,-1.3866409063339233,-55.647090911865234,89.07061004638672,1.3866409063339233,-55.647090911865234,89.07061004638672,Stop,Stepping
1776271783.4682686,13578.445734056,-1.3866409063339233,-55.647098541259766,89.07061004638672,1.3866409063339233,-55.647098541259766,89.07061004638672,-1.3866409063339233,-55.647090911865234,89.07061004638672,1.3866409063339233,-55.647090911865234,89.07061004638672,Stop,Stepping
1776271783.4882336,13578.471530696,-1.3866409063339233,-55.647098541259766,89.07061004638672,1.3866409063339233,-55.647098541259766,89.07061004638672,-1.3866409063339233,-55.647090911865234,89.07061004638672,1.3866409063339233,-55.647090911865234,89.07061004638672,Stop,Stepping
1776271783.508249,13578.481742562,-1.3866409063339233,-55.647098541259766,89.07061004638672,1.3866409063339233,-55.647098541259766,89.07061004638672,-1.3866409063339233,-55.647090911865234,89.07061004638672,1.3866409063339233,-55.647090911865234,89.07061004638672,Stop,Stepping
1776271783.5282497,13578.502296696,-1.3866409063339233,-55.647098541259766,89.07061004638672,1.3866409063339233,-55.647098541259766,89.07061004638672,-1.3866409063339233,-55.647090911865234,89.07061004638672,1.3866409063339233,-55.647090911865234,89.07061004638672,Stop,Stepping
1776271783.548271,13578.52000001,-1.3866409063339233,-55.647098541259766,89.07061004638672,1.3866409063339233,-55.647098541259766,89.07061004638672,-1.3866409063339233,-55.647090911865234,89.07061004638672,1.3866409063339233,-55.647090911865234,89.07061004638672,Stop,Stepping
1776271783.56823,13578.620050295,-1.3866409063339233,-55.647098541259766,89.07061004638672,1.3866409063339233,-55.647098541259766,89.07061004638672,-1.3866409063339233,-55.647090911865234,89.07061004638672,1.3866409063339233,-55.647090911865234,89.07061004638672,Stop,Stepping
1776271783.5882292,13578.620436525,-1.3866409063339233,-55.647098541259766,89.07061004638672,1.3866409063339233,-55.647098541259766,89.07061004638672,-1.3866409063339233,-55.647090911865234,89.07061004638672,1.3866409063339233,-55.647090911865234,89.07061004638672,Stop,Stepping
1776271783.6082642,13578.620800349,-1.3866409063339233,-55.647098541259766,89.07061004638672,1.3866409063339233,-55.647098541259766,89.07061004638672,-1.3866409063339233,-55.647090911865234,89.07061004638672,1.3866409063339233,-55.647090911865234,89.07061004638672,Stop,Stepping
1776271783.6282732,13578.621186272,-1.3866409063339233,-55.647098541259766,89.07061004638672,1.3866409063339233,-55.647098541259766,89.07061004638672,-1.3866409063339233,-55.647090911865234,89.07061004638672,1.3866409063339233,-55.647090911865234,89.07061004638672,Stop,Stepping
1776271783.6483421,13578.623387691,-1.3866409063339233,-55.647098541259766,89.07061004638672,1.3866409063339233,-55.647098541259766,89.07061004638672,-1.3866409063339233,-55.647090911865234,89.07061004638672,1.3866409063339233,-55.647090911865234,89.07061004638672,Stop,Stepping
1776271783.6682858,13578.639220533,-1.3866409063339233,-55.647098541259766,89.07061004638672,1.3866409063339233,-55.647098541259766,89.07061004638672,-1.3866409063339233,-55.647090911865234,89.07061004638672,1.3866409063339233,-55.647090911865234,89.07061004638672,Stop,Stepping
1776271783.6883147,13578.659837171,-1.3866409063339233,-55.647098541259766,89.07061004638672,1.3866409063339233,-55.647098541259766,89.07061004638672,-1.3866409063339233,-55.647090911865234,89.07061004638672,1.3866409063339233,-55.647090911865234,89.07061004638672,Stop,Stepping
1776271783.7082849,13578.682312622,-1.3866409063339233,-55.647098541259766,89.07061004638672,1.3866409063339233,-55.647098541259766,89.07061004638672,-1.3866409063339233,-55.647090911865234,89.07061004638672,1.3866409063339233,-55.647090911865234,89.07061004638672,Stop,Stepping
1776271783.7282507,13578.704917173,-1.3866409063339233,-55.647098541259766,89.07061004638672,1.3866409063339233,-55.647098541259766,89.07061004638672,-1.3866409063339233,-55.647090911865234,89.07061004638672,1.3866409063339233,-55.647090911865234,89.07061004638672,Stop,Stepping
1776271783.7483044,13578.719743978,-1.3866409063339233,-55.647098541259766,89.07061004638672,1.3866409063339233,-55.647098541259766,89.07061004638672,-1.3866409063339233,-55.647090911865234,89.07061004638672,1.3866409063339233,-55.647090911865234,89.07061004638672,Stop,Stepping
1776271783.768279,13578.743791549,-1.3866409063339233,-55.647098541259766,89.07061004638672,1.3866409063339233,-55.647098541259766,89.07061004638672,-1.3866409063339233,-55.647090911865234,89.07061004638672,1.3866409063339233,-55.647090911865234,89.07061004638672,Stop,Stepping
1776271783.788255,13578.804844335,-1.3866409063339233,-55.647098541259766,89.07061004638672,1.3866409063339233,-55.647098541259766,89.07061004638672,-1.3866409063339233,-55.647090911865234,89.07061004638672,1.3866409063339233,-55.647090911865234,89.07061004638672,Stop,Stepping
1776271783.8082483,13578.807100002,-1.3866409063339233,-55.647098541259766,89.07061004638672,1.3866409063339233,-55.647098541259766,89.07061004638672,-1.3866409063339233,-55.647090911865234,89.07061004638672,1.3866409063339233,-55.647090911865234,89.07061004638672,Stop,Stepping
1776271783.8283262,13578.809331772,-1.3866409063339233,-55.647098541259766,89.07061004638672,1.3866409063339233,-55.647098541259766,89.07061004638672,-1.3866409063339233,-55.647090911865234,89.07061004638672,1.3866409063339233,-55.647090911865234,89.07061004638672,Stop,Stepping
1776271783.848299,13578.821243547,-1.3866409063339233,-55.647098541259766,89.07061004638672,1.3866409063339233,-55.647098541259766,89.07061004638672,-1.3866409063339233,-55.647090911865234,89.07061004638672,1.3866409063339233,-55.647090911865234,89.07061004638672,Stop,Stepping
1776271783.8683164,13578.905350101,-1.3866409063339233,-55.647098541259766,89.07061004638672,1.3866409063339233,-55.647098541259766,89.07061004638672,-1.3866409063339233,-55.647090911865234,89.07061004638672,1.3866409063339233,-55.647090911865234,89.07061004638672,Stop,Stepping
1776271783.8883026,13578.90697451,-1.3866409063339233,-55.647098541259766,89.07061004638672,1.3866409063339233,-55.647098541259766,89.07061004638672,-1.3866409063339233,-55.647090911865234,89.07061004638672,1.3866409063339233,-55.647090911865234,89.07061004638672,Stop,Stepping
1776271783.9082732,13578.907387778,-1.3866409063339233,-55.647098541259766,89.07061004638672,1.3866409063339233,-55.647098541259766,89.07061004638672,-1.3866409063339233,-55.647090911865234,89.07061004638672,1.3866409063339233,-55.647090911865234,89.07061004638672,Stop,Stepping
1776271783.9281852,13578.907775667,-1.3866409063339233,-55.647098541259766,89.07061004638672,1.3866409063339233,-55.647098541259766,89.07061004638672,-1.3866409063339233,-55.647090911865234,89.07061004638672,1.3866409063339233,-55.647090911865234,89.07061004638672,Stop,Stepping
1776271783.948267,13578.920025755,-1.3866409063339233,-55.647098541259766,89.07061004638672,1.3866409063339233,-55.647098541259766,89.07061004638672,-1.3866409063339233,-55.647090911865234,89.07061004638672,1.3866409063339233,-55.647090911865234,89.07061004638672,Stop,Stepping
1776271783.9682822,13578.943813578,-1.3866409063339233,-55.647098541259766,89.07061004638672,1.3866409063339233,-55.647098541259766,89.07061004638672,-1.3866409063339233,-55.647090911865234,89.07061004638672,1.3866409063339233,-55.647090911865234,89.07061004638672,Stop,Stepping
1776271783.988288,13578.959570556,-1.3866409063339233,-55.647098541259766,89.07061004638672,1.3866409063339233,-55.647098541259766,89.07061004638672,-1.3866409063339233,-55.647090911865234,89.07061004638672,1.3866409063339233,-55.647090911865234,89.07061004638672,Stop,Stepping
1776271784.008264,13578.979790821,-1.3866409063339233,-55.647098541259766,89.07061004638672,1.3866409063339233,-55.647098541259766,89.07061004638672,-1.3866409063339233,-55.647090911865234,89.07061004638672,1.3866409063339233,-55.647090911865234,89.07061004638672,Stop,Stepping
1776271784.0282483,13579.005451193,-1.3866409063339233,-55.647098541259766,89.07061004638672,1.3866409063339233,-55.647098541259766,89.07061004638672,-1.3866409063339233,-55.647090911865234,89.07061004638672,1.3866409063339233,-55.647090911865234,89.07061004638672,Stop,Stepping
1776271784.048266,13579.040500972,-1.3866409063339233,-55.647098541259766,89.07061004638672,1.3866409063339233,-55.647098541259766,89.07061004638672,-1.3866409063339233,-55.647090911865234,89.07061004638672,1.3866409063339233,-55.647090911865234,89.07061004638672,Stop,Stepping
1776271784.0682838,13579.042315771,-1.3866409063339233,-55.647098541259766,89.07061004638672,1.3866409063339233,-55.647098541259766,89.07061004638672,-1.3866409063339233,-55.647090911865234,89.07061004638672,1.3866409063339233,-55.647090911865234,89.07061004638672,Stop,Stepping
1776271784.0882494,13579.061482915,-1.3866409063339233,-55.647098541259766,89.07061004638672,1.3866409063339233,-55.647098541259766,89.07061004638672,-1.3866409063339233,-55.647090911865234,89.07061004638672,1.3866409063339233,-55.647090911865234,89.07061004638672,Stop,Stepping
1776271784.1082625,13579.080716269,-1.3866409063339233,-55.647098541259766,89.07061004638672,1.3866409063339233,-55.647098541259766,89.07061004638672,-1.3866409063339233,-55.647090911865234,89.07061004638672,1.3866409063339233,-55.647090911865234,89.07061004638672,Stop,Stepping
1776271784.1283247,13579.17911387,-1.3866409063339233,-55.647098541259766,89.07061004638672,1.3866409063339233,-55.647098541259766,89.07061004638672,-1.3866409063339233,-55.647090911865234,89.07061004638672,1.3866409063339233,-55.647090911865234,89.07061004638672,Stop,Stepping
1776271784.1483085,13579.180813312,-1.3866409063339233,-55.647098541259766,89.07061004638672,1.3866409063339233,-55.647098541259766,89.07061004638672,-1.3866409063339233,-55.647090911865234,89.07061004638672,1.3866409063339233,-55.647090911865234,89.07061004638672,Stop,Stepping
1776271784.1682663,13579.182966323,-1.3866409063339233,-55.647098541259766,89.07061004638672,1.3866409063339233,-55.647098541259766,89.07061004638672,-1.3866409063339233,-55.647090911865234,89.07061004638672,1.3866409063339233,-55.647090911865234,89.07061004638672,Stop,Stepping
1776271784.188263,13579.185071134,-1.3866409063339233,-55.647098541259766,89.07061004638672,1.3866409063339233,-55.647098541259766,89.07061004638672,-1.3866409063339233,-55.647090911865234,89.07061004638672,1.3866409063339233,-55.647090911865234,89.07061004638672,Stop,Stepping
1776271784.2082496,13579.187168256,-1.3866409063339233,-55.647098541259766,89.07061004638672,1.3866409063339233,-55.647098541259766,89.07061004638672,-1.3866409063339233,-55.647090911865234,89.07061004638672,1.3866409063339233,-55.647090911865234,89.07061004638672,Stop,Stepping
1776271784.2282786,13579.199781399,-1.3866409063339233,-55.647098541259766,89.07061004638672,1.3866409063339233,-55.647098541259766,89.07061004638672,-1.3866409063339233,-55.647090911865234,89.07061004638672,1.3866409063339233,-55.647090911865234,89.07061004638672,Stop,Stepping
1776271784.2482612,13579.220288199,-1.3866409063339233,-55.647098541259766,89.07061004638672,1.3866409063339233,-55.647098541259766,89.07061004638672,-1.3866409063339233,-55.647090911865234,89.07061004638672,1.3866409063339233,-55.647090911865234,89.07061004638672,Stop,Stepping
1776271784.2682605,13579.323228021,-1.3866409063339233,-55.647098541259766,89.07061004638672,1.3866409063339233,-55.647098541259766,89.07061004638672,-1.3866409063339233,-55.647090911865234,89.07061004638672,1.3866409063339233,-55.647090911865234,89.07061004638672,Stop,Stepping
1776271784.2882657,13579.325352799,-1.3866409063339233,-55.647098541259766,89.07061004638672,1.3866409063339233,-55.647098541259766,89.07061004638672,-1.3866409063339233,-55.647090911865234,89.07061004638672,1.3866409063339233,-55.647090911865234,89.07061004638672,Stop,Stepping
1776271784.3082533,13579.327456786,-1.3866409063339233,-55.647098541259766,89.07061004638672,1.3866409063339233,-55.647098541259766,89.07061004638672,-1.3866409063339233,-55.647090911865234,89.07061004638672,1.3866409063339233,-55.647090911865234,89.07061004638672,Stop,Stepping
1776271784.3282444,13579.329570963,-1.3866409063339233,-55.647098541259766,89.07061004638672,1.3866409063339233,-55.647098541259766,89.07061004638672,-1.3866409063339233,-55.647090911865234,89.07061004638672,1.3866409063339233,-55.647090911865234,89.07061004638672,Stop,Stepping
1776271784.348272,13579.331664599,-1.3866409063339233,-55.647098541259766,89.07061004638672,1.3866409063339233,-55.647098541259766,89.07061004638672,-1.3866409063339233,-55.647090911865234,89.07061004638672,1.3866409063339233,-55.647090911865234,89.07061004638672,Stop,Stepping
1776271784.3682644,13579.344080969,-1.3866409063339233,-55.647098541259766,89.07061004638672,1.3866409063339233,-55.647098541259766,89.07061004638672,-1.3866409063339233,-55.647090911865234,89.07061004638672,1.3866409063339233,-55.647090911865234,89.07061004638672,Stop,Stepping
1776271784.388262,13579.362728778,-1.3866409063339233,-55.647098541259766,89.07061004638672,1.3866409063339233,-55.647098541259766,89.07061004638672,-1.3866409063339233,-55.647090911865234,89.07061004638672,1.3866409063339233,-55.647090911865234,89.07061004638672,Stop,Stepping
1776271784.4083397,13579.381706296,-1.3866409063339233,-55.647098541259766,89.07061004638672,1.3866409063339233,-55.647098541259766,89.07061004638672,-1.3866409063339233,-55.647090911865234,89.07061004638672,1.3866409063339233,-55.647090911865234,89.07061004638672,Stop,Stepping
1776271784.4283178,13579.402823974,-1.3866409063339233,-55.647098541259766,89.07061004638672,1.3866409063339233,-55.647098541259766,89.07061004638672,-1.3866409063339233,-55.647090911865234,89.07061004638672,1.3866409063339233,-55.647090911865234,89.07061004638672,Stop,Stepping
1776271784.4484925,13579.420491009,-1.3866409063339233,-55.647098541259766,89.07061004638672,1.3866409063339233,-55.647098541259766,89.07061004638672,-1.3866409063339233,-55.647090911865234,89.07061004638672,1.3866409063339233,-55.647090911865234,89.07061004638672,Stop,Stepping
1776271784.468296,13579.440983591,-1.3866409063339233,-55.647098541259766,89.07061004638672,1.3866409063339233,-55.647098541259766,89.07061004638672,-1.3866409063339233,-55.647090911865234,89.07061004638672,1.3866409063339233,-55.647090911865234,89.07061004638672,Stop,Stepping
1776271784.4883401,13579.460548993,-1.3866409063339233,-55.647098541259766,89.07061004638672,1.3866409063339233,-55.647098541259766,89.07061004638672,-1.3866409063339233,-55.647090911865234,89.07061004638672,1.3866409063339233,-55.647090911865234,89.07061004638672,Stop,Stepping
1776271784.5083315,13579.481860605,-1.3866409063339233,-55.647098541259766,89.07061004638672,1.3866409063339233,-55.647098541259766,89.07061004638672,-1.3866409063339233,-55.647090911865234,89.07061004638672,1.3866409063339233,-55.647090911865234,89.07061004638672,Stop,Stepping
1776271784.5282986,13579.512345917,-1.3866409063339233,-55.647098541259766,89.07061004638672,1.3866409063339233,-55.647098541259766,89.07061004638672,-1.3866409063339233,-55.647090911865234,89.07061004638672,1.3866409063339233,-55.647090911865234,89.07061004638672,Stop,Stepping
1776271784.548285,13579.521317888,-1.3866409063339233,-55.647098541259766,89.07061004638672,1.3866409063339233,-55.647098541259766,89.07061004638672,-1.3866409063339233,-55.647090911865234,89.07061004638672,1.3866409063339233,-55.647090911865234,89.07061004638672,Stop,Stepping
1776271784.5682979,13579.540240289,-1.3866409063339233,-55.647098541259766,89.07061004638672,1.3866409063339233,-55.647098541259766,89.07061004638672,-1.3866409063339233,-55.647090911865234,89.07061004638672,1.3866409063339233,-55.647090911865234,89.07061004638672,Stop,Stepping
1776271784.5882826,13579.560478669,-1.3866409063339233,-55.647098541259766,89.07061004638672,1.3866409063339233,-55.647098541259766,89.07061004638672,-1.3866409063339233,-55.647090911865234,89.07061004638672,1.3866409063339233,-55.647090911865234,89.07061004638672,Stop,Stepping
1776271784.6082754,13579.579939393,-1.3866409063339233,-55.647098541259766,89.07061004638672,1.3866409063339233,-55.647098541259766,89.07061004638672,-1.3866409063339233,-55.647090911865234,89.07061004638672,1.3866409063339233,-55.647090911865234,89.07061004638672,Stop,Stepping
1776271784.628251,13579.600069109,-1.3866409063339233,-55.647098541259766,89.07061004638672,1.3866409063339233,-55.647098541259766,89.07061004638672,-1.3866409063339233,-55.647090911865234,89.07061004638672,1.3866409063339233,-55.647090911865234,89.07061004638672,Stop,Stepping
1776271784.6482487,13579.619732751,-1.3866409063339233,-55.647098541259766,89.07061004638672,1.3866409063339233,-55.647098541259766,89.07061004638672,-1.3866409063339233,-55.647090911865234,89.07061004638672,1.3866409063339233,-55.647090911865234,89.07061004638672,Stop,Stepping
1776271784.668238,13579.640102954,-1.3866409063339233,-55.647098541259766,89.07061004638672,1.3866409063339233,-55.647098541259766,89.07061004638672,-1.3866409063339233,-55.647090911865234,89.07061004638672,1.3866409063339233,-55.647090911865234,89.07061004638672,Stop,Stepping
1776271784.6882486,13579.661724961,-1.3866409063339233,-55.647098541259766,89.07061004638672,1.3866409063339233,-55.647098541259766,89.07061004638672,-1.3866409063339233,-55.647090911865234,89.07061004638672,1.3866409063339233,-55.647090911865234,89.07061004638672,Stop,Stepping
1776271784.708279,13579.68477294,-1.3866409063339233,-55.647098541259766,89.07061004638672,1.3866409063339233,-55.647098541259766,89.07061004638672,-1.3866409063339233,-55.647090911865234,89.07061004638672,1.3866409063339233,-55.647090911865234,89.07061004638672,Stop,Stepping
1776271784.728263,13579.699650018,-1.3866409063339233,-55.647098541259766,89.07061004638672,1.3866409063339233,-55.647098541259766,89.07061004638672,-1.3866409063339233,-55.647090911865234,89.07061004638672,1.3866409063339233,-55.647090911865234,89.07061004638672,Stop,Stepping
1776271784.7482822,13579.719807767,-1.3866409063339233,-55.647098541259766,89.07061004638672,1.3866409063339233,-55.647098541259766,89.07061004638672,-1.3866409063339233,-55.647090911865234,89.07061004638672,1.3866409063339233,-55.647090911865234,89.07061004638672,Stop,Stepping
1776271784.7682734,13579.741664205,-1.3866409063339233,-55.647098541259766,89.07061004638672,1.3866409063339233,-55.647098541259766,89.07061004638672,-1.3866409063339233,-55.647090911865234,89.07061004638672,1.3866409063339233,-55.647090911865234,89.07061004638672,Stop,Stepping
1776271784.7882779,13579.761444776,-1.3866409063339233,-55.647098541259766,89.07061004638672,1.3866409063339233,-55.647098541259766,89.07061004638672,-1.3866409063339233,-55.647090911865234,89.07061004638672,1.3866409063339233,-55.647090911865234,89.07061004638672,Stop,Stepping
1776271784.8082833,13579.779873513,-1.3866409063339233,-55.647098541259766,89.07061004638672,1.3866409063339233,-55.647098541259766,89.07061004638672,-1.3866409063339233,-55.647090911865234,89.07061004638672,1.3866409063339233,-55.647090911865234,89.07061004638672,Stop,Stepping
1776271784.8282795,13579.802988761,-1.3866409063339233,-55.647098541259766,89.07061004638672,1.3866409063339233,-55.647098541259766,89.07061004638672,-1.3866409063339233,-55.647090911865234,89.07061004638672,1.3866409063339233,-55.647090911865234,89.07061004638672,Stop,Stepping
1776271784.8482797,13579.833558571,-1.3866409063339233,-55.647098541259766,89.07061004638672,1.3866409063339233,-55.647098541259766,89.07061004638672,-1.3866409063339233,-55.647090911865234,89.07061004638672,1.3866409063339233,-55.647090911865234,89.07061004638672,Stop,Stepping
1776271784.8683038,13579.888966419,-1.3866409063339233,-55.647098541259766,89.07061004638672,1.3866409063339233,-55.647098541259766,89.07061004638672,-1.3866409063339233,-55.647090911865234,89.07061004638672,1.3866409063339233,-55.647090911865234,89.07061004638672,Stop,Stepping
1776271784.8882916,13579.890704261,-1.3866409063339233,-55.647098541259766,89.07061004638672,1.3866409063339233,-55.647098541259766,89.07061004638672,-1.3866409063339233,-55.647090911865234,89.07061004638672,1.3866409063339233,-55.647090911865234,89.07061004638672,Stop,Stepping
1776271784.9082832,13579.892885791,-1.3866409063339233,-55.647098541259766,89.07061004638672,1.3866409063339233,-55.647098541259766,89.07061004638672,-1.3866409063339233,-55.647090911865234,89.07061004638672,1.3866409063339233,-55.647090911865234,89.07061004638672,Stop,Stepping
1776271784.9282873,13579.899721688,-1.3866409063339233,-55.647098541259766,89.07061004638672,1.3866409063339233,-55.647098541259766,89.07061004638672,-1.3866409063339233,-55.647090911865234,89.07061004638672,1.3866409063339233,-55.647090911865234,89.07061004638672,Stop,Stepping
1776271784.9482849,13579.923839484,-1.3866409063339233,-55.647098541259766,89.07061004638672,1.3866409063339233,-55.647098541259766,89.07061004638672,-1.3866409063339233,-55.647090911865234,89.07061004638672,1.3866409063339233,-55.647090911865234,89.07061004638672,Stop,Stepping
1776271784.9682753,13579.939819108,-1.3866409063339233,-55.647098541259766,89.07061004638672,1.3866409063339233,-55.647098541259766,89.07061004638672,-1.3866409063339233,-55.647090911865234,89.07061004638672,1.3866409063339233,-55.647090911865234,89.07061004638672,Stop,Stepping
1776271784.9883447,13579.963773669,-1.3866409063339233,-55.647098541259766,89.07061004638672,1.3866409063339233,-55.647098541259766,89.07061004638672,-1.3866409063339233,-55.647090911865234,89.07061004638672,1.3866409063339233,-55.647090911865234,89.07061004638672,Stop,Stepping
1776271785.0082784,13579.980464496,-1.3866409063339233,-55.647098541259766,89.07061004638672,1.3866409063339233,-55.647098541259766,89.07061004638672,-1.3866409063339233,-55.647090911865234,89.07061004638672,1.3866409063339233,-55.647090911865234,89.07061004638672,Stop,Stepping
1776271785.0283127,13580.001287823,-1.3866409063339233,-55.647098541259766,89.07061004638672,1.3866409063339233,-55.647098541259766,89.07061004638672,-1.3866409063339233,-55.647090911865234,89.07061004638672,1.3866409063339233,-55.647090911865234,89.07061004638672,Stop,Stepping
1776271785.0482948,13580.019967725,-1.3866409063339233,-55.647098541259766,89.07061004638672,1.3866409063339233,-55.647098541259766,89.07061004638672,-1.3866409063339233,-55.647090911865234,89.07061004638672,1.3866409063339233,-55.647090911865234,89.07061004638672,Stop,Stepping
1776271785.0683532,13580.039672575,-1.3866409063339233,-55.647098541259766,89.07061004638672,1.3866409063339233,-55.647098541259766,89.07061004638672,-1.3866409063339233,-55.647090911865234,89.07061004638672,1.3866409063339233,-55.647090911865234,89.07061004638672,Stop,Stepping
1776271785.0882976,13580.060117533,-1.3866409063339233,-55.647098541259766,89.07061004638672,1.3866409063339233,-55.647098541259766,89.07061004638672,-1.3866409063339233,-55.647090911865234,89.07061004638672,1.3866409063339233,-55.647090911865234,89.07061004638672,Stop,Stepping
1776271785.108306,13580.080575736,-1.3866409063339233,-55.647098541259766,89.07061004638672,1.3866409063339233,-55.647098541259766,89.07061004638672,-1.3866409063339233,-55.647090911865234,89.07061004638672,1.3866409063339233,-55.647090911865234,89.07061004638672,Stop,Stepping
1776271785.128334,13580.100313929,-1.3866409063339233,-55.647098541259766,89.07061004638672,1.3866409063339233,-55.647098541259766,89.07061004638672,-1.3866409063339233,-55.647090911865234,89.07061004638672,1.3866409063339233,-55.647090911865234,89.07061004638672,Stop,Stepping
1776271785.1483297,13580.119956529,-1.3866409063339233,-55.647098541259766,89.07061004638672,1.3866409063339233,-55.647098541259766,89.07061004638672,-1.3866409063339233,-55.647090911865234,89.07061004638672,1.3866409063339233,-55.647090911865234,89.07061004638672,Stop,Stepping
1776271785.168307,13580.140897898,-1.3866409063339233,-55.647098541259766,89.07061004638672,1.3866409063339233,-55.647098541259766,89.07061004638672,-1.3866409063339233,-55.647090911865234,89.07061004638672,1.3866409063339233,-55.647090911865234,89.07061004638672,Stop,Stepping
1776271785.1882753,13580.164715052,-1.3866409063339233,-55.647098541259766,89.07061004638672,1.3866409063339233,-55.647098541259766,89.07061004638672,-1.3866409063339233,-55.647090911865234,89.07061004638672,1.3866409063339233,-55.647090911865234,89.07061004638672,Stop,Stepping
1776271785.208257,13580.181912386,-1.3866409063339233,-55.647098541259766,89.07061004638672,1.3866409063339233,-55.647098541259766,89.07061004638672,-1.3866409063339233,-55.647090911865234,89.07061004638672,1.3866409063339233,-55.647090911865234,89.07061004638672,Stop,Stepping
1776271785.2282531,13580.199547825,-1.3866409063339233,-55.647098541259766,89.07061004638672,1.3866409063339233,-55.647098541259766,89.07061004638672,-1.3866409063339233,-55.647090911865234,89.07061004638672,1.3866409063339233,-55.647090911865234,89.07061004638672,Stop,Stepping
1776271785.248275,13580.232821502,-1.3866409063339233,-55.647098541259766,89.07061004638672,1.3866409063339233,-55.647098541259766,89.07061004638672,-1.3866409063339233,-55.647090911865234,89.07061004638672,1.3866409063339233,-55.647090911865234,89.07061004638672,Stop,Stepping
1776271785.268285,13580.279696977,-1.3866409063339233,-55.647098541259766,89.07061004638672,1.3866409063339233,-55.647098541259766,89.07061004638672,-1.3866409063339233,-55.647090911865234,89.07061004638672,1.3866409063339233,-55.647090911865234,89.07061004638672,Stop,Stepping
1776271785.2882855,13580.280373155,-1.3866409063339233,-55.647098541259766,89.07061004638672,1.3866409063339233,-55.647098541259766,89.07061004638672,-1.3866409063339233,-55.647090911865234,89.07061004638672,1.3866409063339233,-55.647090911865234,89.07061004638672,Stop,Stepping
1776271785.3082922,13580.310414205,-1.3866409063339233,-55.647098541259766,89.07061004638672,1.3866409063339233,-55.647098541259766,89.07061004638672,-1.3866409063339233,-55.647090911865234,89.07061004638672,1.3866409063339233,-55.647090911865234,89.07061004638672,Stop,Stepping
1776271785.328291,13580.31127908,-1.3866409063339233,-55.647098541259766,89.07061004638672,1.3866409063339233,-55.647098541259766,89.07061004638672,-1.3866409063339233,-55.647090911865234,89.07061004638672,1.3866409063339233,-55.647090911865234,89.07061004638672,Stop,Stepping
1776271785.3482733,13580.319345216,-1.3866409063339233,-55.647098541259766,89.07061004638672,1.3866409063339233,-55.647098541259766,89.07061004638672,-1.3866409063339233,-55.647090911865234,89.07061004638672,1.3866409063339233,-55.647090911865234,89.07061004638672,Stop,Stepping
1776271785.368195,13580.342055104,-1.3866409063339233,-55.647098541259766,89.07061004638672,1.3866409063339233,-55.647098541259766,89.07061004638672,-1.3866409063339233,-55.647090911865234,89.07061004638672,1.3866409063339233,-55.647090911865234,89.07061004638672,Stop,Stepping
1776271785.3883061,13580.360170257,-1.3866409063339233,-55.647098541259766,89.07061004638672,1.3866409063339233,-55.647098541259766,89.07061004638672,-1.3866409063339233,-55.647090911865234,89.07061004638672,1.3866409063339233,-55.647090911865234,89.07061004638672,Stop,Stepping
1776271785.4083233,13580.380049957,-1.3866409063339233,-55.647098541259766,89.07061004638672,1.3866409063339233,-55.647098541259766,89.07061004638672,-1.3866409063339233,-55.647090911865234,89.07061004638672,1.3866409063339233,-55.647090911865234,89.07061004638672,Stop,Stepping
1776271785.4282737,13580.399271361,-1.3866409063339233,-55.647098541259766,89.07061004638672,1.3866409063339233,-55.647098541259766,89.07061004638672,-1.3866409063339233,-55.647090911865234,89.07061004638672,1.3866409063339233,-55.647090911865234,89.07061004638672,Stop,Stepping
1776271785.448258,13580.420147961,-1.3866409063339233,-55.647098541259766,89.07061004638672,1.3866409063339233,-55.647098541259766,89.07061004638672,-1.3866409063339233,-55.647090911865234,89.07061004638672,1.3866409063339233,-55.647090911865234,89.07061004638672,Stop,Stepping
1776271785.4683058,13580.439805117,-1.3866409063339233,-55.647098541259766,89.07061004638672,1.3866409063339233,-55.647098541259766,89.07061004638672,-1.3866409063339233,-55.647090911865234,89.07061004638672,1.3866409063339233,-55.647090911865234,89.07061004638672,Stop,Stepping
1776271785.4882724,13580.459470426,-1.3866409063339233,-55.647098541259766,89.07061004638672,1.3866409063339233,-55.647098541259766,89.07061004638672,-1.3866409063339233,-55.647090911865234,89.07061004638672,1.3866409063339233,-55.647090911865234,89.07061004638672,Stop,Stepping
1776271785.508258,13580.480409848,-1.3866409063339233,-55.647098541259766,89.07061004638672,1.3866409063339233,-55.647098541259766,89.07061004638672,-1.3866409063339233,-55.647090911865234,89.07061004638672,1.3866409063339233,-55.647090911865234,89.07061004638672,Stop,Stepping
1776271785.528268,13580.504834153,-1.3866409063339233,-55.647098541259766,89.07061004638672,1.3866409063339233,-55.647098541259766,89.07061004638672,-1.3866409063339233,-55.647090911865234,89.07061004638672,1.3866409063339233,-55.647090911865234,89.07061004638672,Stop,Stepping
1776271785.5482528,13580.520174433,-1.3866409063339233,-55.647098541259766,89.07061004638672,1.3866409063339233,-55.647098541259766,89.07061004638672,-1.3866409063339233,-55.647090911865234,89.07061004638672,1.3866409063339233,-55.647090911865234,89.07061004638672,Stop,Stepping
1776271785.5682676,13580.547222041,-1.3866409063339233,-55.647098541259766,89.07061004638672,1.3866409063339233,-55.647098541259766,89.07061004638672,-1.3866409063339233,-55.647090911865234,89.07061004638672,1.3866409063339233,-55.647090911865234,89.07061004638672,Stop,Stepping
1776271785.5882595,13580.559380557,-1.3866409063339233,-55.647098541259766,89.07061004638672,1.3866409063339233,-55.647098541259766,89.07061004638672,-1.3866409063339233,-55.647090911865234,89.07061004638672,1.3866409063339233,-55.647090911865234,89.07061004638672,Stop,Stepping
1776271785.6082606,13580.581467135,-1.3866409063339233,-55.647098541259766,89.07061004638672,1.3866409063339233,-55.647098541259766,89.07061004638672,-1.3866409063339233,-55.647090911865234,89.07061004638672,1.3866409063339233,-55.647090911865234,89.07061004638672,Stop,Stepping
1776271785.6282492,13580.645536261,-1.3866409063339233,-55.647098541259766,89.07061004638672,1.3866409063339233,-55.647098541259766,89.07061004638672,-1.3866409063339233,-55.647090911865234,89.07061004638672,1.3866409063339233,-55.647090911865234,89.07061004638672,Stop,Stepping
1776271785.6482632,13580.647216696,-1.3866409063339233,-55.647098541259766,89.07061004638672,1.3866409063339233,-55.647098541259766,89.07061004638672,-1.3866409063339233,-55.647090911865234,89.07061004638672,1.3866409063339233,-55.647090911865234,89.07061004638672,Stop,Stepping
1776271785.668262,13580.647690942,-1.3866409063339233,-55.647098541259766,89.07061004638672,1.3866409063339233,-55.647098541259766,89.07061004638672,-1.3866409063339233,-55.647090911865234,89.07061004638672,1.3866409063339233,-55.647090911865234,89.07061004638672,Stop,Stepping
1776271785.6882885,13580.671369376,-1.3866409063339233,-55.647098541259766,89.07061004638672,1.3866409063339233,-55.647098541259766,89.07061004638672,-1.3866409063339233,-55.647090911865234,89.07061004638672,1.3866409063339233,-55.647090911865234,89.07061004638672,Stop,Stepping
1776271785.708277,13580.682568828,-1.3866409063339233,-55.647098541259766,89.07061004638672,1.3866409063339233,-55.647098541259766,89.07061004638672,-1.3866409063339233,-55.647090911865234,89.07061004638672,1.3866409063339233,-55.647090911865234,89.07061004638672,Stop,Stepping
1776271785.7282565,13580.711326929,-1.3866409063339233,-55.647098541259766,89.07061004638672,1.3866409063339233,-55.647098541259766,89.07061004638672,-1.3866409063339233,-55.647090911865234,89.07061004638672,1.3866409063339233,-55.647090911865234,89.07061004638672,Stop,Stepping
1776271785.748244,13580.721823387,-1.3866409063339233,-55.647098541259766,89.07061004638672,1.3866409063339233,-55.647098541259766,89.07061004638672,-1.3866409063339233,-55.647090911865234,89.07061004638672,1.3866409063339233,-55.647090911865234,89.07061004638672,Stop,Stepping
1776271785.7682495,13580.743927302,-1.3866409063339233,-55.647098541259766,89.07061004638672,1.3866409063339233,-55.647098541259766,89.07061004638672,-1.3866409063339233,-55.647090911865234,89.07061004638672,1.3866409063339233,-55.647090911865234,89.07061004638672,Stop,Stepping
1776271785.7882447,13580.765415035,-1.3866409063339233,-55.647098541259766,89.07061004638672,1.3866409063339233,-55.647098541259766,89.07061004638672,-1.3866409063339233,-55.647090911865234,89.07061004638672,1.3866409063339233,-55.647090911865234,89.07061004638672,Stop,Stepping
1776271785.8082678,13580.779835514,-1.3866409063339233,-55.647098541259766,89.07061004638672,1.3866409063339233,-55.647098541259766,89.07061004638672,-1.3866409063339233,-55.647090911865234,89.07061004638672,1.3866409063339233,-55.647090911865234,89.07061004638672,Stop,Stepping
1776271785.8283052,13580.834904276,-1.3866409063339233,-55.647098541259766,89.07061004638672,1.3866409063339233,-55.647098541259766,89.07061004638672,-1.3866409063339233,-55.647090911865234,89.07061004638672,1.3866409063339233,-55.647090911865234,89.07061004638672,Stop,Stepping
1776271785.8482554,13580.836705224,-1.3866409063339233,-55.647098541259766,89.07061004638672,1.3866409063339233,-55.647098541259766,89.07061004638672,-1.3866409063339233,-55.647090911865234,89.07061004638672,1.3866409063339233,-55.647090911865234,89.07061004638672,Stop,Stepping
1776271785.868255,13580.847828249,-1.3866409063339233,-55.647098541259766,89.07061004638672,1.3866409063339233,-55.647098541259766,89.07061004638672,-1.3866409063339233,-55.647090911865234,89.07061004638672,1.3866409063339233,-55.647090911865234,89.07061004638672,Stop,Stepping
1776271785.88826,13580.859472214,-1.3866409063339233,-55.647098541259766,89.07061004638672,1.3866409063339233,-55.647098541259766,89.07061004638672,-1.3866409063339233,-55.647090911865234,89.07061004638672,1.3866409063339233,-55.647090911865234,89.07061004638672,Stop,Stepping
1776271785.9082544,13580.879318043,-1.3866409063339233,-55.647098541259766,89.07061004638672,1.3866409063339233,-55.647098541259766,89.07061004638672,-1.3866409063339233,-55.647090911865234,89.07061004638672,1.3866409063339233,-55.647090911865234,89.07061004638672,Stop,Stepping
1776271785.9282813,13580.900525499,-1.3866409063339233,-55.647098541259766,89.07061004638672,1.3866409063339233,-55.647098541259766,89.07061004638672,-1.3866409063339233,-55.647090911865234,89.07061004638672,1.3866409063339233,-55.647090911865234,89.07061004638672,Stop,Stepping
1776271785.9482896,13580.919733793,-1.3866409063339233,-55.647098541259766,89.07061004638672,1.3866409063339233,-55.647098541259766,89.07061004638672,-1.3866409063339233,-55.647090911865234,89.07061004638672,1.3866409063339233,-55.647090911865234,89.07061004638672,Stop,Stepping
1776271785.9683013,13580.940124849,-1.3866409063339233,-55.647098541259766,89.07061004638672,1.3866409063339233,-55.647098541259766,89.07061004638672,-1.3866409063339233,-55.647090911865234,89.07061004638672,1.3866409063339233,-55.647090911865234,89.07061004638672,Stop,Stepping
1776271785.9882934,13580.959721874,-1.3866409063339233,-55.647098541259766,89.07061004638672,1.3866409063339233,-55.647098541259766,89.07061004638672,-1.3866409063339233,-55.647090911865234,89.07061004638672,1.3866409063339233,-55.647090911865234,89.07061004638672,Stop,Stepping
1776271786.008283,13580.987480942,-1.3866409063339233,-55.647098541259766,89.07061004638672,1.3866409063339233,-55.647098541259766,89.07061004638672,-1.3866409063339233,-55.647090911865234,89.07061004638672,1.3866409063339233,-55.647090911865234,89.07061004638672,Stop,Stepping
1776271786.0283048,13581.004208619,-1.3866409063339233,-55.647098541259766,89.07061004638672,1.3866409063339233,-55.647098541259766,89.07061004638672,-1.3866409063339233,-55.647090911865234,89.07061004638672,1.3866409063339233,-55.647090911865234,89.07061004638672,Stop,Stepping
1776271786.0482926,13581.024746036,-1.3866409063339233,-55.647098541259766,89.07061004638672,1.3866409063339233,-55.647098541259766,89.07061004638672,-1.3866409063339233,-55.647090911865234,89.07061004638672,1.3866409063339233,-55.647090911865234,89.07061004638672,Stop,Stepping
1776271786.0683122,13581.040105528,-1.3866409063339233,-55.647098541259766,89.07061004638672,1.3866409063339233,-55.647098541259766,89.07061004638672,-1.3866409063339233,-55.647090911865234,89.07061004638672,1.3866409063339233,-55.647090911865234,89.07061004638672,Stop,Stepping
1776271786.0883093,13581.059710548,-1.3866409063339233,-55.647098541259766,89.07061004638672,1.3866409063339233,-55.647098541259766,89.07061004638672,-1.3866409063339233,-55.647090911865234,89.07061004638672,1.3866409063339233,-55.647090911865234,89.07061004638672,Stop,Stepping
1776271786.108308,13581.079652833,-1.3866409063339233,-55.647098541259766,89.07061004638672,1.3866409063339233,-55.647098541259766,89.07061004638672,-1.3866409063339233,-55.647090911865234,89.07061004638672,1.3866409063339233,-55.647090911865234,89.07061004638672,Stop,Stepping
1776271786.128301,13581.099378635,-1.3866409063339233,-55.647098541259766,89.07061004638672,1.3866409063339233,-55.647098541259766,89.07061004638672,-1.3866409063339233,-55.647090911865234,89.07061004638672,1.3866409063339233,-55.647090911865234,89.07061004638672,Stop,Stepping
1776271786.1483018,13581.119420019,-1.3866409063339233,-55.647098541259766,89.07061004638672,1.3866409063339233,-55.647098541259766,89.07061004638672,-1.3866409063339233,-55.647090911865234,89.07061004638672,1.3866409063339233,-55.647090911865234,89.07061004638672,Stop,Stepping
1776271786.1682923,13581.140695658,-1.3866409063339233,-55.647098541259766,89.07061004638672,1.3866409063339233,-55.647098541259766,89.07061004638672,-1.3866409063339233,-55.647090911865234,89.07061004638672,1.3866409063339233,-55.647090911865234,89.07061004638672,Stop,Stepping
1776271786.188265,13581.163441432,-1.3866409063339233,-55.647098541259766,89.07061004638672,1.3866409063339233,-55.647098541259766,89.07061004638672,-1.3866409063339233,-55.647090911865234,89.07061004638672,1.3866409063339233,-55.647090911865234,89.07061004638672,Stop,Stepping
1776271786.2082753,13581.184049109,-1.3866409063339233,-55.647098541259766,89.07061004638672,1.3866409063339233,-55.647098541259766,89.07061004638672,-1.3866409063339233,-55.647090911865234,89.07061004638672,1.3866409063339233,-55.647090911865234,89.07061004638672,Stop,Stepping
1776271786.2282789,13581.19989733,-1.3866409063339233,-55.647098541259766,89.07061004638672,1.3866409063339233,-55.647098541259766,89.07061004638672,-1.3866409063339233,-55.647090911865234,89.07061004638672,1.3866409063339233,-55.647090911865234,89.07061004638672,Stop,Stepping
1776271786.2482872,13581.222276525,-1.3866409063339233,-55.647098541259766,89.07061004638672,1.3866409063339233,-55.647098541259766,89.07061004638672,-1.3866409063339233,-55.647090911865234,89.07061004638672,1.3866409063339233,-55.647090911865234,89.07061004638672,Stop,Stepping
1776271786.2683039,13581.241889929,-1.3866409063339233,-55.647098541259766,89.07061004638672,1.3866409063339233,-55.647098541259766,89.07061004638672,-1.3866409063339233,-55.647090911865234,89.07061004638672,1.3866409063339233,-55.647090911865234,89.07061004638672,Stop,Stepping
1776271786.288258,13581.260732605,-1.3866409063339233,-55.647098541259766,89.07061004638672,1.3866409063339233,-55.647098541259766,89.07061004638672,-1.3866409063339233,-55.647090911865234,89.07061004638672,1.3866409063339233,-55.647090911865234,89.07061004638672,Stop,Stepping
1776271786.3083038,13581.280192718,-1.3866409063339233,-55.647098541259766,89.07061004638672,1.3866409063339233,-55.647098541259766,89.07061004638672,-1.3866409063339233,-55.647090911865234,89.07061004638672,1.3866409063339233,-55.647090911865234,89.07061004638672,Stop,Stepping
1776271786.328288,13581.364800694,-1.3866409063339233,-55.647098541259766,89.07061004638672,1.3866409063339233,-55.647098541259766,89.07061004638672,-1.3866409063339233,-55.647090911865234,89.07061004638672,1.3866409063339233,-55.647090911865234,89.07061004638672,Stop,Stepping
1776271786.3483183,13581.389354583,-1.3866409063339233,-55.647098541259766,89.07061004638672,1.3866409063339233,-55.647098541259766,89.07061004638672,-1.3866409063339233,-55.647090911865234,89.07061004638672,1.3866409063339233,-55.647090911865234,89.07061004638672,Stop,Stepping
1776271786.3682961,13581.38974798,-1.3866409063339233,-55.647098541259766,89.07061004638672,1.3866409063339233,-55.647098541259766,89.07061004638672,-1.3866409063339233,-55.647090911865234,89.07061004638672,1.3866409063339233,-55.647090911865234,89.07061004638672,Stop,Stepping
1776271786.3882957,13581.390123004,-1.3866409063339233,-55.647098541259766,89.07061004638672,1.3866409063339233,-55.647098541259766,89.07061004638672,-1.3866409063339233,-55.647090911865234,89.07061004638672,1.3866409063339233,-55.647090911865234,89.07061004638672,Stop,Stepping
1776271786.4083073,13581.390480797,-1.3866409063339233,-55.647098541259766,89.07061004638672,1.3866409063339233,-55.647098541259766,89.07061004638672,-1.3866409063339233,-55.647090911865234,89.07061004638672,1.3866409063339233,-55.647090911865234,89.07061004638672,Stop,Stepping
1776271786.4282691,13581.404755468,-1.3866409063339233,-55.647098541259766,89.07061004638672,1.3866409063339233,-55.647098541259766,89.07061004638672,-1.3866409063339233,-55.647090911865234,89.07061004638672,1.3866409063339233,-55.647090911865234,89.07061004638672,Stop,Stepping
1776271786.4482925,13581.424321062,-1.3866409063339233,-55.647098541259766,89.07061004638672,1.3866409063339233,-55.647098541259766,89.07061004638672,-1.3866409063339233,-55.647090911865234,89.07061004638672,1.3866409063339233,-55.647090911865234,89.07061004638672,Stop,Stepping
1776271786.4682956,13581.439396549,-1.3866409063339233,-55.647098541259766,89.07061004638672,1.3866409063339233,-55.647098541259766,89.07061004638672,-1.3866409063339233,-55.647090911865234,89.07061004638672,1.3866409063339233,-55.647090911865234,89.07061004638672,Stop,Stepping
1776271786.4882839,13581.46358521,-1.3866409063339233,-55.647098541259766,89.07061004638672,1.3866409063339233,-55.647098541259766,89.07061004638672,-1.3866409063339233,-55.647090911865234,89.07061004638672,1.3866409063339233,-55.647090911865234,89.07061004638672,Stop,Stepping
1776271786.5082555,13581.482547106,-1.3866409063339233,-55.647098541259766,89.07061004638672,1.3866409063339233,-55.647098541259766,89.07061004638672,-1.3866409063339233,-55.647090911865234,89.07061004638672,1.3866409063339233,-55.647090911865234,89.07061004638672,Stop,Stepping
1776271786.5281818,13581.501357526,-1.3866409063339233,-55.647098541259766,89.07061004638672,1.3866409063339233,-55.647098541259766,89.07061004638672,-1.3866409063339233,-55.647090911865234,89.07061004638672,1.3866409063339233,-55.647090911865234,89.07061004638672,Stop,Stepping
1776271786.5482829,13581.519481528,-1.3866409063339233,-55.647098541259766,89.07061004638672,1.3866409063339233,-55.647098541259766,89.07061004638672,-1.3866409063339233,-55.647090911865234,89.07061004638672,1.3866409063339233,-55.647090911865234,89.07061004638672,Stop,Stepping
1776271786.5683033,13581.539303837,-1.3866409063339233,-55.647098541259766,89.07061004638672,1.3866409063339233,-55.647098541259766,89.07061004638672,-1.3866409063339233,-55.647090911865234,89.07061004638672,1.3866409063339233,-55.647090911865234,89.07061004638672,Stop,Stepping
1776271786.5883043,13581.560733895,-1.3866409063339233,-55.647098541259766,89.07061004638672,1.3866409063339233,-55.647098541259766,89.07061004638672,-1.3866409063339233,-55.647090911865234,89.07061004638672,1.3866409063339233,-55.647090911865234,89.07061004638672,Stop,Stepping
1776271786.6083035,13581.581999264,-1.3866409063339233,-55.647098541259766,89.07061004638672,1.3866409063339233,-55.647098541259766,89.07061004638672,-1.3866409063339233,-55.647090911865234,89.07061004638672,1.3866409063339233,-55.647090911865234,89.07061004638672,Stop,Stepping
1776271786.6282966,13581.602217162,-1.3866409063339233,-55.647098541259766,89.07061004638672,1.3866409063339233,-55.647098541259766,89.07061004638672,-1.3866409063339233,-55.647090911865234,89.07061004638672,1.3866409063339233,-55.647090911865234,89.07061004638672,Stop,Stepping
1776271786.6483154,13581.619244166,-1.3866409063339233,-55.647098541259766,89.07061004638672,1.3866409063339233,-55.647098541259766,89.07061004638672,-1.3866409063339233,-55.647090911865234,89.07061004638672,1.3866409063339233,-55.647090911865234,89.07061004638672,Stop,Stepping
1776271786.6683028,13581.654991088,-1.3866409063339233,-55.647098541259766,89.07061004638672,1.3866409063339233,-55.647098541259766,89.07061004638672,-1.3866409063339233,-55.647090911865234,89.07061004638672,1.3866409063339233,-55.647090911865234,89.07061004638672,Stop,Stepping
1776271786.6883082,13581.661994981,-1.3866409063339233,-55.647098541259766,89.07061004638672,1.3866409063339233,-55.647098541259766,89.07061004638672,-1.3866409063339233,-55.647090911865234,89.07061004638672,1.3866409063339233,-55.647090911865234,89.07061004638672,Stop,Stepping
1776271786.708301,13581.679538681,-1.3866409063339233,-55.647098541259766,89.07061004638672,1.3866409063339233,-55.647098541259766,89.07061004638672,-1.3866409063339233,-55.647090911865234,89.07061004638672,1.3866409063339233,-55.647090911865234,89.07061004638672,Stop,Stepping
1776271786.728303,13581.701183046,-1.3866409063339233,-55.647098541259766,89.07061004638672,1.3866409063339233,-55.647098541259766,89.07061004638672,-1.3866409063339233,-55.647090911865234,89.07061004638672,1.3866409063339233,-55.647090911865234,89.07061004638672,Stop,Stepping
1776271786.7482982,13581.719248449,-1.3866409063339233,-55.647098541259766,89.07061004638672,1.3866409063339233,-55.647098541259766,89.07061004638672,-1.3866409063339233,-55.647090911865234,89.07061004638672,1.3866409063339233,-55.647090911865234,89.07061004638672,Stop,Stepping
1776271786.7682974,13581.741320238,-1.3866409063339233,-55.647098541259766,89.07061004638672,1.3866409063339233,-55.647098541259766,89.07061004638672,-1.3866409063339233,-55.647090911865234,89.07061004638672,1.3866409063339233,-55.647090911865234,89.07061004638672,Stop,Stepping
1776271786.7882855,13581.762778459,-1.3866409063339233,-55.647098541259766,89.07061004638672,1.3866409063339233,-55.647098541259766,89.07061004638672,-1.3866409063339233,-55.647090911865234,89.07061004638672,1.3866409063339233,-55.647090911865234,89.07061004638672,Stop,Stepping
1776271786.8083036,13581.787528649,-1.3866409063339233,-55.647098541259766,89.07061004638672,1.3866409063339233,-55.647098541259766,89.07061004638672,-1.3866409063339233,-55.647090911865234,89.07061004638672,1.3866409063339233,-55.647090911865234,89.07061004638672,Stop,Stepping
1776271786.8282833,13581.799562955,-1.3866409063339233,-55.647098541259766,89.07061004638672,1.3866409063339233,-55.647098541259766,89.07061004638672,-1.3866409063339233,-55.647090911865234,89.07061004638672,1.3866409063339233,-55.647090911865234,89.07061004638672,Stop,Stepping
1776271786.8482754,13581.841742859,-1.3866409063339233,-55.647098541259766,89.07061004638672,1.3866409063339233,-55.647098541259766,89.07061004638672,-1.3866409063339233,-55.647090911865234,89.07061004638672,1.3866409063339233,-55.647090911865234,89.07061004638672,Stop,Stepping
1776271786.8682692,13581.842781798,-1.3866409063339233,-55.647098541259766,89.07061004638672,1.3866409063339233,-55.647098541259766,89.07061004638672,-1.3866409063339233,-55.647090911865234,89.07061004638672,1.3866409063339233,-55.647090911865234,89.07061004638672,Stop,Stepping
1776271786.8883145,13581.867792128,-1.3866409063339233,-55.647098541259766,89.07061004638672,1.3866409063339233,-55.647098541259766,89.07061004638672,-1.3866409063339233,-55.647090911865234,89.07061004638672,1.3866409063339233,-55.647090911865234,89.07061004638672,Stop,Stepping
1776271786.9083188,13581.881094199,-1.3866409063339233,-55.647098541259766,89.07061004638672,1.3866409063339233,-55.647098541259766,89.07061004638672,-1.3866409063339233,-55.647090911865234,89.07061004638672,1.3866409063339233,-55.647090911865234,89.07061004638672,Stop,Stepping
1776271786.928281,13581.909239156,-1.3866409063339233,-55.647098541259766,89.07061004638672,1.3866409063339233,-55.647098541259766,89.07061004638672,-1.3866409063339233,-55.647090911865234,89.07061004638672,1.3866409063339233,-55.647090911865234,89.07061004638672,Stop,Stepping
1776271786.9483464,13581.92017388,-1.3866409063339233,-55.647098541259766,89.07061004638672,1.3866409063339233,-55.647098541259766,89.07061004638672,-1.3866409063339233,-55.647090911865234,89.07061004638672,1.3866409063339233,-55.647090911865234,89.07061004638672,Stop,Stepping
1776271786.9682808,13581.94531834,-1.3866409063339233,-55.647098541259766,89.07061004638672,1.3866409063339233,-55.647098541259766,89.07061004638672,-1.3866409063339233,-55.647090911865234,89.07061004638672,1.3866409063339233,-55.647090911865234,89.07061004638672,Stop,Stepping
1776271786.988281,13581.998509764,-1.3866409063339233,-55.647098541259766,89.07061004638672,1.3866409063339233,-55.647098541259766,89.07061004638672,-1.3866409063339233,-55.647090911865234,89.07061004638672,1.3866409063339233,-55.647090911865234,89.07061004638672,Stop,Stepping
1776271787.008288,13582.000241509,-1.3866409063339233,-55.647098541259766,89.07061004638672,1.3866409063339233,-55.647098541259766,89.07061004638672,-1.3866409063339233,-55.647090911865234,89.07061004638672,1.3866409063339233,-55.647090911865234,89.07061004638672,Stop,Stepping
1776271787.0282767,13582.002377435,-1.3866409063339233,-55.647098541259766,89.07061004638672,1.3866409063339233,-55.647098541259766,89.07061004638672,-1.3866409063339233,-55.647090911865234,89.07061004638672,1.3866409063339233,-55.647090911865234,89.07061004638672,Stop,Stepping
1776271787.04827,13582.022458695,-1.3866409063339233,-55.647098541259766,89.07061004638672,1.3866409063339233,-55.647098541259766,89.07061004638672,-1.3866409063339233,-55.647090911865234,89.07061004638672,1.3866409063339233,-55.647090911865234,89.07061004638672,Stop,Stepping
1776271787.0682602,13582.040949875,-1.3866409063339233,-55.647098541259766,89.07061004638672,1.3866409063339233,-55.647098541259766,89.07061004638672,-1.3866409063339233,-55.647090911865234,89.07061004638672,1.3866409063339233,-55.647090911865234,89.07061004638672,Stop,Stepping
1776271787.088274,13582.060413035,-1.3866409063339233,-55.647098541259766,89.07061004638672,1.3866409063339233,-55.647098541259766,89.07061004638672,-1.3866409063339233,-55.647090911865234,89.07061004638672,1.3866409063339233,-55.647090911865234,89.07061004638672,Stop,Stepping
1776271787.1082883,13582.091155942,-1.3866409063339233,-55.647098541259766,89.07061004638672,1.3866409063339233,-55.647098541259766,89.07061004638672,-1.3866409063339233,-55.647090911865234,89.07061004638672,1.3866409063339233,-55.647090911865234,89.07061004638672,Stop,Stepping
1776271787.1283,13582.162128218,-1.3866409063339233,-55.647098541259766,89.07061004638672,1.3866409063339233,-55.647098541259766,89.07061004638672,-1.3866409063339233,-55.647090911865234,89.07061004638672,1.3866409063339233,-55.647090911865234,89.07061004638672,Stop,Stepping
1776271787.1482816,13582.163810643,-1.3866409063339233,-55.647098541259766,89.07061004638672,1.3866409063339233,-55.647098541259766,89.07061004638672,-1.3866409063339233,-55.647090911865234,89.07061004638672,1.3866409063339233,-55.647090911865234,89.07061004638672,Stop,Stepping
1776271787.1682806,13582.165912463,-1.3866409063339233,-55.647098541259766,89.07061004638672,1.3866409063339233,-55.647098541259766,89.07061004638672,-1.3866409063339233,-55.647090911865234,89.07061004638672,1.3866409063339233,-55.647090911865234,89.07061004638672,Stop,Stepping
1776271787.1883163,13582.16804161,-1.3866409063339233,-55.647098541259766,89.07061004638672,1.3866409063339233,-55.647098541259766,89.07061004638672,-1.3866409063339233,-55.647090911865234,89.07061004638672,1.3866409063339233,-55.647090911865234,89.07061004638672,Stop,Stepping
1776271787.2083077,13582.18886819,-1.3866409063339233,-55.647098541259766,89.07061004638672,1.3866409063339233,-55.647098541259766,89.07061004638672,-1.3866409063339233,-55.647090911865234,89.07061004638672,1.3866409063339233,-55.647090911865234,89.07061004638672,Stop,Stepping
1776271787.2282593,13582.240433764,-1.3866409063339233,-55.647098541259766,89.07061004638672,1.3866409063339233,-55.647098541259766,89.07061004638672,-1.3866409063339233,-55.647090911865234,89.07061004638672,1.3866409063339233,-55.647090911865234,89.07061004638672,Stop,Stepping
1776271787.2483056,13582.24255073,-1.3866409063339233,-55.647098541259766,89.07061004638672,1.3866409063339233,-55.647098541259766,89.07061004638672,-1.3866409063339233,-55.647090911865234,89.07061004638672,1.3866409063339233,-55.647090911865234,89.07061004638672,Stop,Stepping
1776271787.2683122,13582.247214979,-1.3866409063339233,-55.647098541259766,89.07061004638672,1.3866409063339233,-55.647098541259766,89.07061004638672,-1.3866409063339233,-55.647090911865234,89.07061004638672,1.3866409063339233,-55.647090911865234,89.07061004638672,Stop,Stepping
1776271787.2882981,13582.26116687,-1.3866409063339233,-55.647098541259766,89.07061004638672,1.3866409063339233,-55.647098541259766,89.07061004638672,-1.3866409063339233,-55.647090911865234,89.07061004638672,1.3866409063339233,-55.647090911865234,89.07061004638672,Stop,Stepping
1776271787.3083694,13582.282499358,-1.3866409063339233,-55.647098541259766,89.07061004638672,1.3866409063339233,-55.647098541259766,89.07061004638672,-1.3866409063339233,-55.647090911865234,89.07061004638672,1.3866409063339233,-55.647090911865234,89.07061004638672,Stop,Stepping
1776271787.328309,13582.307502208,-1.3866409063339233,-55.647098541259766,89.07061004638672,1.3866409063339233,-55.647098541259766,89.07061004638672,-1.3866409063339233,-55.647090911865234,89.07061004638672,1.3866409063339233,-55.647090911865234,89.07061004638672,Stop,Stepping
1776271787.3483744,13582.320166767,-1.3866409063339233,-55.647098541259766,89.07061004638672,1.3866409063339233,-55.647098541259766,89.07061004638672,-1.3866409063339233,-55.647090911865234,89.07061004638672,1.3866409063339233,-55.647090911865234,89.07061004638672,Stop,Stepping
1776271787.3683662,13582.340400209,-1.3866409063339233,-55.647098541259766,89.07061004638672,1.3866409063339233,-55.647098541259766,89.07061004638672,-1.3866409063339233,-55.647090911865234,89.07061004638672,1.3866409063339233,-55.647090911865234,89.07061004638672,Stop,Stepping
1776271787.388358,13582.35992096,-1.3866409063339233,-55.647098541259766,89.07061004638672,1.3866409063339233,-55.647098541259766,89.07061004638672,-1.3866409063339233,-55.647090911865234,89.07061004638672,1.3866409063339233,-55.647090911865234,89.07061004638672,Stop,Stepping
1776271787.4083645,13582.382187704,-1.3866409063339233,-55.647098541259766,89.07061004638672,1.3866409063339233,-55.647098541259766,89.07061004638672,-1.3866409063339233,-55.647090911865234,89.07061004638672,1.3866409063339233,-55.647090911865234,89.07061004638672,Stop,Stepping
1776271787.4283364,13582.408342304,-1.3866409063339233,-55.647098541259766,89.07061004638672,1.3866409063339233,-55.647098541259766,89.07061004638672,-1.3866409063339233,-55.647090911865234,89.07061004638672,1.3866409063339233,-55.647090911865234,89.07061004638672,Stop,Stepping
1776271787.4483526,13582.428176495,-1.3866409063339233,-55.647098541259766,89.07061004638672,1.3866409063339233,-55.647098541259766,89.07061004638672,-1.3866409063339233,-55.647090911865234,89.07061004638672,1.3866409063339233,-55.647090911865234,89.07061004638672,Stop,Stepping
1776271787.468322,13582.440026359,-1.3866409063339233,-55.647098541259766,89.07061004638672,1.3866409063339233,-55.647098541259766,89.07061004638672,-1.3866409063339233,-55.647090911865234,89.07061004638672,1.3866409063339233,-55.647090911865234,89.07061004638672,Stop,Stepping
1776271787.4883046,13582.459901731,-1.3866409063339233,-55.647098541259766,89.07061004638672,1.3866409063339233,-55.647098541259766,89.07061004638672,-1.3866409063339233,-55.647090911865234,89.07061004638672,1.3866409063339233,-55.647090911865234,89.07061004638672,Stop,Stepping
1776271787.5083187,13582.481100599,-1.3866409063339233,-55.647098541259766,89.07061004638672,1.3866409063339233,-55.647098541259766,89.07061004638672,-1.3866409063339233,-55.647090911865234,89.07061004638672,1.3866409063339233,-55.647090911865234,89.07061004638672,Stop,Stepping
1776271787.5283358,13582.500638283,-1.3866409063339233,-55.647098541259766,89.07061004638672,1.3866409063339233,-55.647098541259766,89.07061004638672,-1.3866409063339233,-55.647090911865234,89.07061004638672,1.3866409063339233,-55.647090911865234,89.07061004638672,Stop,Stepping
1776271787.54833,13582.519946044,-1.3866409063339233,-55.647098541259766,89.07061004638672,1.3866409063339233,-55.647098541259766,89.07061004638672,-1.3866409063339233,-55.647090911865234,89.07061004638672,1.3866409063339233,-55.647090911865234,89.07061004638672,Stop,Stepping
1776271787.5682986,13582.580429865,-1.3866409063339233,-55.647098541259766,89.07061004638672,1.3866409063339233,-55.647098541259766,89.07061004638672,-1.3866409063339233,-55.647090911865234,89.07061004638672,1.3866409063339233,-55.647090911865234,89.07061004638672,Stop,Stepping
1776271787.588298,13582.582175684,-1.3866409063339233,-55.647098541259766,89.07061004638672,1.3866409063339233,-55.647098541259766,89.07061004638672,-1.3866409063339233,-55.647090911865234,89.07061004638672,1.3866409063339233,-55.647090911865234,89.07061004638672,Stop,Stepping
1776271787.6083198,13582.584336677,-1.3866409063339233,-55.647098541259766,89.07061004638672,1.3866409063339233,-55.647098541259766,89.07061004638672,-1.3866409063339233,-55.647090911865234,89.07061004638672,1.3866409063339233,-55.647090911865234,89.07061004638672,Stop,Stepping
1776271787.628297,13582.600100926,-1.3866409063339233,-55.647098541259766,89.07061004638672,1.3866409063339233,-55.647098541259766,89.07061004638672,-1.3866409063339233,-55.647090911865234,89.07061004638672,1.3866409063339233,-55.647090911865234,89.07061004638672,Stop,Stepping
1776271787.648317,13582.620108527,-1.3866409063339233,-55.647098541259766,89.07061004638672,1.3866409063339233,-55.647098541259766,89.07061004638672,-1.3866409063339233,-55.647090911865234,89.07061004638672,1.3866409063339233,-55.647090911865234,89.07061004638672,Stop,Stepping
1776271787.6683204,13582.640028991,-1.3866409063339233,-55.647098541259766,89.07061004638672,1.3866409063339233,-55.647098541259766,89.07061004638672,-1.3866409063339233,-55.647090911865234,89.07061004638672,1.3866409063339233,-55.647090911865234,89.07061004638672,Stop,Stepping
1776271787.688351,13582.660720037,-1.3866409063339233,-55.647098541259766,89.07061004638672,1.3866409063339233,-55.647098541259766,89.07061004638672,-1.3866409063339233,-55.647090911865234,89.07061004638672,1.3866409063339233,-55.647090911865234,89.07061004638672,Stop,Stepping
1776271787.7083285,13582.679866475,-1.3866409063339233,-55.647098541259766,89.07061004638672,1.3866409063339233,-55.647098541259766,89.07061004638672,-1.3866409063339233,-55.647090911865234,89.07061004638672,1.3866409063339233,-55.647090911865234,89.07061004638672,Stop,Stepping
1776271787.7282984,13582.771973123,-1.3866409063339233,-55.647098541259766,89.07061004638672,1.3866409063339233,-55.647098541259766,89.07061004638672,-1.3866409063339233,-55.647090911865234,89.07061004638672,1.3866409063339233,-55.647090911865234,89.07061004638672,Stop,Stepping
1776271787.7482858,13582.772281696,-1.3866409063339233,-55.647098541259766,89.07061004638672,1.3866409063339233,-55.647098541259766,89.07061004638672,-1.3866409063339233,-55.647090911865234,89.07061004638672,1.3866409063339233,-55.647090911865234,89.07061004638672,Stop,Stepping
1776271787.7683263,13582.772568908,-1.3866409063339233,-55.647098541259766,89.07061004638672,1.3866409063339233,-55.647098541259766,89.07061004638672,-1.3866409063339233,-55.647090911865234,89.07061004638672,1.3866409063339233,-55.647090911865234,89.07061004638672,Stop,Stepping
1776271787.7883766,13582.772934338,-1.3866409063339233,-55.647098541259766,89.07061004638672,1.3866409063339233,-55.647098541259766,89.07061004638672,-1.3866409063339233,-55.647090911865234,89.07061004638672,1.3866409063339233,-55.647090911865234,89.07061004638672,Stop,Stepping
1776271787.8084042,13582.785436119,-1.3866409063339233,-55.647098541259766,89.07061004638672,1.3866409063339233,-55.647098541259766,89.07061004638672,-1.3866409063339233,-55.647090911865234,89.07061004638672,1.3866409063339233,-55.647090911865234,89.07061004638672,Stop,Stepping
1776271787.8283467,13582.802410867,-1.3866409063339233,-55.647098541259766,89.07061004638672,1.3866409063339233,-55.647098541259766,89.07061004638672,-1.3866409063339233,-55.647090911865234,89.07061004638672,1.3866409063339233,-55.647090911865234,89.07061004638672,Stop,Stepping
1776271787.8483348,13582.820110976,-1.3866409063339233,-55.647098541259766,89.07061004638672,1.3866409063339233,-55.647098541259766,89.07061004638672,-1.3866409063339233,-55.647090911865234,89.07061004638672,1.3866409063339233,-55.647090911865234,89.07061004638672,Stop,Stepping
1776271787.8683293,13582.848810414,-1.3866409063339233,-55.647098541259766,89.07061004638672,1.3866409063339233,-55.647098541259766,89.07061004638672,-1.3866409063339233,-55.647090911865234,89.07061004638672,1.3866409063339233,-55.647090911865234,89.07061004638672,Stop,Stepping
1776271787.8883605,13582.859767362,-1.3866409063339233,-55.647098541259766,89.07061004638672,1.3866409063339233,-55.647098541259766,89.07061004638672,-1.3866409063339233,-55.647090911865234,89.07061004638672,1.3866409063339233,-55.647090911865234,89.07061004638672,Stop,Stepping
1776271787.9083638,13582.879403175,-1.3866409063339233,-55.647098541259766,89.07061004638672,1.3866409063339233,-55.647098541259766,89.07061004638672,-1.3866409063339233,-55.647090911865234,89.07061004638672,1.3866409063339233,-55.647090911865234,89.07061004638672,Stop,Stepping
1776271787.9283612,13582.900853316,-1.3866409063339233,-55.647098541259766,89.07061004638672,1.3866409063339233,-55.647098541259766,89.07061004638672,-1.3866409063339233,-55.647090911865234,89.07061004638672,1.3866409063339233,-55.647090911865234,89.07061004638672,Stop,Stepping
1776271787.948286,13582.919329251,-1.3866409063339233,-55.647098541259766,89.07061004638672,1.3866409063339233,-55.647098541259766,89.07061004638672,-1.3866409063339233,-55.647090911865234,89.07061004638672,1.3866409063339233,-55.647090911865234,89.07061004638672,Stop,Stepping
1776271787.9683762,13582.946680108,-1.3866409063339233,-55.647098541259766,89.07061004638672,1.3866409063339233,-55.647098541259766,89.07061004638672,-1.3866409063339233,-55.647090911865234,89.07061004638672,1.3866409063339233,-55.647090911865234,89.07061004638672,Stop,Stepping
1776271787.9883337,13582.961375294,-1.3866409063339233,-55.647098541259766,89.07061004638672,1.3866409063339233,-55.647098541259766,89.07061004638672,-1.3866409063339233,-55.647090911865234,89.07061004638672,1.3866409063339233,-55.647090911865234,89.07061004638672,Stop,Stepping
1776271788.0083854,13582.982111763,-1.3866409063339233,-55.647098541259766,89.07061004638672,1.3866409063339233,-55.647098541259766,89.07061004638672,-1.3866409063339233,-55.647090911865234,89.07061004638672,1.3866409063339233,-55.647090911865234,89.07061004638672,Stop,Stepping
1776271788.0283606,13583.000611639,-1.3866409063339233,-55.647098541259766,89.07061004638672,1.3866409063339233,-55.647098541259766,89.07061004638672,-1.3866409063339233,-55.647090911865234,89.07061004638672,1.3866409063339233,-55.647090911865234,89.07061004638672,Stop,Stepping
1776271788.0483668,13583.019427023,-1.3866409063339233,-55.647098541259766,89.07061004638672,1.3866409063339233,-55.647098541259766,89.07061004638672,-1.3866409063339233,-55.647090911865234,89.07061004638672,1.3866409063339233,-55.647090911865234,89.07061004638672,Stop,Stepping
1776271788.0682876,13583.146408004,-1.3866409063339233,-55.647098541259766,89.07061004638672,1.3866409063339233,-55.647098541259766,89.07061004638672,-1.3866409063339233,-55.647090911865234,89.07061004638672,1.3866409063339233,-55.647090911865234,89.07061004638672,Stop,Stepping
1776271788.0886238,13583.146718361,-1.3866409063339233,-55.647098541259766,89.07061004638672,1.3866409063339233,-55.647098541259766,89.07061004638672,-1.3866409063339233,-55.647090911865234,89.07061004638672,1.3866409063339233,-55.647090911865234,89.07061004638672,Stop,Stepping
1776271788.1083374,13583.146997941,-1.3866409063339233,-55.647098541259766,89.07061004638672,1.3866409063339233,-55.647098541259766,89.07061004638672,-1.3866409063339233,-55.647090911865234,89.07061004638672,1.3866409063339233,-55.647090911865234,89.07061004638672,Stop,Stepping
1776271788.1283298,13583.147328048,-1.3866409063339233,-55.647098541259766,89.07061004638672,1.3866409063339233,-55.647098541259766,89.07061004638672,-1.3866409063339233,-55.647090911865234,89.07061004638672,1.3866409063339233,-55.647090911865234,89.07061004638672,Stop,Stepping
1776271788.1483011,13583.147607614,-1.3866409063339233,-55.647098541259766,89.07061004638672,1.3866409063339233,-55.647098541259766,89.07061004638672,-1.3866409063339233,-55.647090911865234,89.07061004638672,1.3866409063339233,-55.647090911865234,89.07061004638672,Stop,Stepping
1776271788.1683698,13583.147880977,-1.3866409063339233,-55.647098541259766,89.07061004638672,1.3866409063339233,-55.647098541259766,89.07061004638672,-1.3866409063339233,-55.647090911865234,89.07061004638672,1.3866409063339233,-55.647090911865234,89.07061004638672,Stop,Stepping
1776271788.18831,13583.160790079,-1.3866409063339233,-55.647098541259766,89.07061004638672,1.3866409063339233,-55.647098541259766,89.07061004638672,-1.3866409063339233,-55.647090911865234,89.07061004638672,1.3866409063339233,-55.647090911865234,89.07061004638672,Stop,Stepping
1776271788.2082999,13583.180372575,-1.3866409063339233,-55.647098541259766,89.07061004638672,1.3866409063339233,-55.647098541259766,89.07061004638672,-1.3866409063339233,-55.647090911865234,89.07061004638672,1.3866409063339233,-55.647090911865234,89.07061004638672,Stop,Stepping
1776271788.2283788,13583.199944872,-1.3866409063339233,-55.647098541259766,89.07061004638672,1.3866409063339233,-55.647098541259766,89.07061004638672,-1.3866409063339233,-55.647090911865234,89.07061004638672,1.3866409063339233,-55.647090911865234,89.07061004638672,Stop,Stepping
1776271788.248294,13583.219368905,-1.3866409063339233,-55.647098541259766,89.07061004638672,1.3866409063339233,-55.647098541259766,89.07061004638672,-1.3866409063339233,-55.647090911865234,89.07061004638672,1.3866409063339233,-55.647090911865234,89.07061004638672,Stop,Stepping
1776271788.2682836,13583.249722036,-1.3866409063339233,-55.647098541259766,89.07061004638672,1.3866409063339233,-55.647098541259766,89.07061004638672,-1.3866409063339233,-55.647090911865234,89.07061004638672,1.3866409063339233,-55.647090911865234,89.07061004638672,Stop,Stepping
1776271788.2882984,13583.311746694,-1.3866409063339233,-55.647098541259766,89.07061004638672,1.3866409063339233,-55.647098541259766,89.07061004638672,-1.3866409063339233,-55.647090911865234,89.07061004638672,1.3866409063339233,-55.647090911865234,89.07061004638672,Stop,Stepping
1776271788.308319,13583.312307342,-1.3866409063339233,-55.647098541259766,89.07061004638672,1.3866409063339233,-55.647098541259766,89.07061004638672,-1.3866409063339233,-55.647090911865234,89.07061004638672,1.3866409063339233,-55.647090911865234,89.07061004638672,Stop,Stepping
1776271788.3282795,13583.313162246,-1.3866409063339233,-55.647098541259766,89.07061004638672,1.3866409063339233,-55.647098541259766,89.07061004638672,-1.3866409063339233,-55.647090911865234,89.07061004638672,1.3866409063339233,-55.647090911865234,89.07061004638672,Stop,Stepping
1776271788.3483117,13583.32466448,-1.3866409063339233,-55.647098541259766,89.07061004638672,1.3866409063339233,-55.647098541259766,89.07061004638672,-1.3866409063339233,-55.647090911865234,89.07061004638672,1.3866409063339233,-55.647090911865234,89.07061004638672,Stop,Stepping
1776271788.3682952,13583.339299292,-1.3866409063339233,-55.647098541259766,89.07061004638672,1.3866409063339233,-55.647098541259766,89.07061004638672,-1.3866409063339233,-55.647090911865234,89.07061004638672,1.3866409063339233,-55.647090911865234,89.07061004638672,Stop,Stepping
1776271788.3883188,13583.359355501,-1.3866409063339233,-55.647098541259766,89.07061004638672,1.3866409063339233,-55.647098541259766,89.07061004638672,-1.3866409063339233,-55.647090911865234,89.07061004638672,1.3866409063339233,-55.647090911865234,89.07061004638672,Stop,Stepping
1776271788.4083195,13583.379812011,-1.3866409063339233,-55.647098541259766,89.07061004638672,1.3866409063339233,-55.647098541259766,89.07061004638672,-1.3866409063339233,-55.647090911865234,89.07061004638672,1.3866409063339233,-55.647090911865234,89.07061004638672,Stop,Stepping
1776271788.4283168,13583.401867844,-1.3866409063339233,-55.647098541259766,89.07061004638672,1.3866409063339233,-55.647098541259766,89.07061004638672,-1.3866409063339233,-55.647090911865234,89.07061004638672,1.3866409063339233,-55.647090911865234,89.07061004638672,Stop,Stepping
1776271788.4482934,13583.421987544,-1.3866409063339233,-55.647098541259766,89.07061004638672,1.3866409063339233,-55.647098541259766,89.07061004638672,-1.3866409063339233,-55.647090911865234,89.07061004638672,1.3866409063339233,-55.647090911865234,89.07061004638672,Stop,Stepping
1776271788.4683754,13583.441181281,-1.3866409063339233,-55.647098541259766,89.07061004638672,1.3866409063339233,-55.647098541259766,89.07061004638672,-1.3866409063339233,-55.647090911865234,89.07061004638672,1.3866409063339233,-55.647090911865234,89.07061004638672,Stop,Stepping
1776271788.4883142,13583.465258343,-1.3866409063339233,-55.647098541259766,89.07061004638672,1.3866409063339233,-55.647098541259766,89.07061004638672,-1.3866409063339233,-55.647090911865234,89.07061004638672,1.3866409063339233,-55.647090911865234,89.07061004638672,Stop,Stepping
1776271788.50848,13583.480872153,-1.3866409063339233,-55.647098541259766,89.07061004638672,1.3866409063339233,-55.647098541259766,89.07061004638672,-1.3866409063339233,-55.647090911865234,89.07061004638672,1.3866409063339233,-55.647090911865234,89.07061004638672,Stop,Stepping
1776271788.5283191,13583.502485137,-1.3866409063339233,-55.647098541259766,89.07061004638672,1.3866409063339233,-55.647098541259766,89.07061004638672,-1.3866409063339233,-55.647090911865234,89.07061004638672,1.3866409063339233,-55.647090911865234,89.07061004638672,Stop,Stepping
1776271788.5483663,13583.527144356,-1.3866409063339233,-55.647098541259766,89.07061004638672,1.3866409063339233,-55.647098541259766,89.07061004638672,-1.3866409063339233,-55.647090911865234,89.07061004638672,1.3866409063339233,-55.647090911865234,89.07061004638672,Stop,Stepping
1776271788.5683026,13583.540094492,-1.3866409063339233,-55.647098541259766,89.07061004638672,1.3866409063339233,-55.647098541259766,89.07061004638672,-1.3866409063339233,-55.647090911865234,89.07061004638672,1.3866409063339233,-55.647090911865234,89.07061004638672,Stop,Stepping
1776271788.5883064,13583.559640486,-1.3866409063339233,-55.647098541259766,89.07061004638672,1.3866409063339233,-55.647098541259766,89.07061004638672,-1.3866409063339233,-55.647090911865234,89.07061004638672,1.3866409063339233,-55.647090911865234,89.07061004638672,Stop,Stepping
1776271788.6083035,13583.636965408,-1.3866409063339233,-55.647098541259766,89.07061004638672,1.3866409063339233,-55.647098541259766,89.07061004638672,-1.3866409063339233,-55.647090911865234,89.07061004638672,1.3866409063339233,-55.647090911865234,89.07061004638672,Stop,Stepping
1776271788.628343,13583.637483963,-1.3866409063339233,-55.647098541259766,89.07061004638672,1.3866409063339233,-55.647098541259766,89.07061004638672,-1.3866409063339233,-55.647090911865234,89.07061004638672,1.3866409063339233,-55.647090911865234,89.07061004638672,Stop,Stepping
1776271788.6483257,13583.637771077,-1.3866409063339233,-55.647098541259766,89.07061004638672,1.3866409063339233,-55.647098541259766,89.07061004638672,-1.3866409063339233,-55.647090911865234,89.07061004638672,1.3866409063339233,-55.647090911865234,89.07061004638672,Stop,Stepping
1776271788.668356,13583.640072253,-1.3866409063339233,-55.647098541259766,89.07061004638672,1.3866409063339233,-55.647098541259766,89.07061004638672,-1.3866409063339233,-55.647090911865234,89.07061004638672,1.3866409063339233,-55.647090911865234,89.07061004638672,Stop,Stepping
1776271788.6883173,13583.659974411,-1.3866409063339233,-55.647098541259766,89.07061004638672,1.3866409063339233,-55.647098541259766,89.07061004638672,-1.3866409063339233,-55.647090911865234,89.07061004638672,1.3866409063339233,-55.647090911865234,89.07061004638672,Stop,Stepping
1776271788.7083101,13583.687641656,-1.3866409063339233,-55.647098541259766,89.07061004638672,1.3866409063339233,-55.647098541259766,89.07061004638672,-1.3866409063339233,-55.647090911865234,89.07061004638672,1.3866409063339233,-55.647090911865234,89.07061004638672,Stop,Stepping
1776271788.728302,13583.703551754,-1.3866409063339233,-55.647098541259766,89.07061004638672,1.3866409063339233,-55.647098541259766,89.07061004638672,-1.3866409063339233,-55.647090911865234,89.07061004638672,1.3866409063339233,-55.647090911865234,89.07061004638672,Stop,Stepping
1776271788.7483332,13583.719241405,-1.3866409063339233,-55.647098541259766,89.07061004638672,1.3866409063339233,-55.647098541259766,89.07061004638672,-1.3866409063339233,-55.647090911865234,89.07061004638672,1.3866409063339233,-55.647090911865234,89.07061004638672,Stop,Stepping
1776271788.768293,13583.739172055,-1.3866409063339233,-55.647098541259766,89.07061004638672,1.3866409063339233,-55.647098541259766,89.07061004638672,-1.3866409063339233,-55.647090911865234,89.07061004638672,1.3866409063339233,-55.647090911865234,89.07061004638672,Stop,Stepping
1776271788.7883098,13583.760148156,-1.3866409063339233,-55.647098541259766,89.07061004638672,1.3866409063339233,-55.647098541259766,89.07061004638672,-1.3866409063339233,-55.647090911865234,89.07061004638672,1.3866409063339233,-55.647090911865234,89.07061004638672,Stop,Stepping
1776271788.8083029,13583.779275772,-1.3866409063339233,-55.647098541259766,89.07061004638672,1.3866409063339233,-55.647098541259766,89.07061004638672,-1.3866409063339233,-55.647090911865234,89.07061004638672,1.3866409063339233,-55.647090911865234,89.07061004638672,Stop,Stepping
1776271788.8283474,13583.80804031,-1.3866409063339233,-55.647098541259766,89.07061004638672,1.3866409063339233,-55.647098541259766,89.07061004638672,-1.3866409063339233,-55.647090911865234,89.07061004638672,1.3866409063339233,-55.647090911865234,89.07061004638672,Stop,Stepping
1776271788.848558,13583.824601281,-1.3866409063339233,-55.647098541259766,89.07061004638672,1.3866409063339233,-55.647098541259766,89.07061004638672,-1.3866409063339233,-55.647090911865234,89.07061004638672,1.3866409063339233,-55.647090911865234,89.07061004638672,Stop,Stepping
1776271788.8683732,13583.881057413,-1.3866409063339233,-55.647098541259766,89.07061004638672,1.3866409063339233,-55.647098541259766,89.07061004638672,-1.3866409063339233,-55.647090911865234,89.07061004638672,1.3866409063339233,-55.647090911865234,89.07061004638672,Stop,Stepping
1776271788.888344,13583.881576888,-1.3866409063339233,-55.647098541259766,89.07061004638672,1.3866409063339233,-55.647098541259766,89.07061004638672,-1.3866409063339233,-55.647090911865234,89.07061004638672,1.3866409063339233,-55.647090911865234,89.07061004638672,Stop,Stepping
1776271788.908317,13583.882275948,-1.3866409063339233,-55.647098541259766,89.07061004638672,1.3866409063339233,-55.647098541259766,89.07061004638672,-1.3866409063339233,-55.647090911865234,89.07061004638672,1.3866409063339233,-55.647090911865234,89.07061004638672,Stop,Stepping
1776271788.9283392,13583.905244902,-1.3866409063339233,-55.647098541259766,89.07061004638672,1.3866409063339233,-55.647098541259766,89.07061004638672,-1.3866409063339233,-55.647090911865234,89.07061004638672,1.3866409063339233,-55.647090911865234,89.07061004638672,Stop,Stepping
1776271788.9483376,13583.919878205,-1.3866409063339233,-55.647098541259766,89.07061004638672,1.3866409063339233,-55.647098541259766,89.07061004638672,-1.3866409063339233,-55.647090911865234,89.07061004638672,1.3866409063339233,-55.647090911865234,89.07061004638672,Stop,Stepping
1776271788.9683304,13584.009476846,-1.3866409063339233,-55.647098541259766,89.07061004638672,1.3866409063339233,-55.647098541259766,89.07061004638672,-1.3866409063339233,-55.647090911865234,89.07061004638672,1.3866409063339233,-55.647090911865234,89.07061004638672,Stop,Stepping
1776271788.9883192,13584.010705118,-1.3866409063339233,-55.647098541259766,89.07061004638672,1.3866409063339233,-55.647098541259766,89.07061004638672,-1.3866409063339233,-55.647090911865234,89.07061004638672,1.3866409063339233,-55.647090911865234,89.07061004638672,Stop,Stepping
1776271789.008324,13584.011061164,-1.3866409063339233,-55.647098541259766,89.07061004638672,1.3866409063339233,-55.647098541259766,89.07061004638672,-1.3866409063339233,-55.647090911865234,89.07061004638672,1.3866409063339233,-55.647090911865234,89.07061004638672,Stop,Stepping
1776271789.0283222,13584.011337747,-1.3866409063339233,-55.647098541259766,89.07061004638672,1.3866409063339233,-55.647098541259766,89.07061004638672,-1.3866409063339233,-55.647090911865234,89.07061004638672,1.3866409063339233,-55.647090911865234,89.07061004638672,Stop,Stepping
1776271789.0483305,13584.019414602,-1.3866409063339233,-55.647098541259766,89.07061004638672,1.3866409063339233,-55.647098541259766,89.07061004638672,-1.3866409063339233,-55.647090911865234,89.07061004638672,1.3866409063339233,-55.647090911865234,89.07061004638672,Stop,Stepping
1776271789.0683377,13584.039674917,-1.3866409063339233,-55.647098541259766,89.07061004638672,1.3866409063339233,-55.647098541259766,89.07061004638672,-1.3866409063339233,-55.647090911865234,89.07061004638672,1.3866409063339233,-55.647090911865234,89.07061004638672,Stop,Stepping
1776271789.088311,13584.060476567,-1.3866409063339233,-55.647098541259766,89.07061004638672,1.3866409063339233,-55.647098541259766,89.07061004638672,-1.3866409063339233,-55.647090911865234,89.07061004638672,1.3866409063339233,-55.647090911865234,89.07061004638672,Stop,Stepping
1776271789.1083078,13584.085747244,-1.3866409063339233,-55.647098541259766,89.07061004638672,1.3866409063339233,-55.647098541259766,89.07061004638672,-1.3866409063339233,-55.647090911865234,89.07061004638672,1.3866409063339233,-55.647090911865234,89.07061004638672,Stop,Stepping
1776271789.1283107,13584.10142597,-1.3866409063339233,-55.647098541259766,89.07061004638672,1.3866409063339233,-55.647098541259766,89.07061004638672,-1.3866409063339233,-55.647090911865234,89.07061004638672,1.3866409063339233,-55.647090911865234,89.07061004638672,Stop,Stepping
1776271789.1483054,13584.119849443,-1.3866409063339233,-55.647098541259766,89.07061004638672,1.3866409063339233,-55.647098541259766,89.07061004638672,-1.3866409063339233,-55.647090911865234,89.07061004638672,1.3866409063339233,-55.647090911865234,89.07061004638672,Stop,Stepping
1776271789.1683457,13584.1441372,-1.3866409063339233,-55.647098541259766,89.07061004638672,1.3866409063339233,-55.647098541259766,89.07061004638672,-1.3866409063339233,-55.647090911865234,89.07061004638672,1.3866409063339233,-55.647090911865234,89.07061004638672,Stop,Stepping
1776271789.1883352,13584.162200785,-1.3866409063339233,-55.647098541259766,89.07061004638672,1.3866409063339233,-55.647098541259766,89.07061004638672,-1.3866409063339233,-55.647090911865234,89.07061004638672,1.3866409063339233,-55.647090911865234,89.07061004638672,Stop,Stepping
1776271789.2083223,13584.179492454,-1.3866409063339233,-55.647098541259766,89.07061004638672,1.3866409063339233,-55.647098541259766,89.07061004638672,-1.3866409063339233,-55.647090911865234,89.07061004638672,1.3866409063339233,-55.647090911865234,89.07061004638672,Stop,Stepping
1776271789.2283084,13584.219767014,-1.3866409063339233,-55.647098541259766,89.07061004638672,1.3866409063339233,-55.647098541259766,89.07061004638672,-1.3866409063339233,-55.647090911865234,89.07061004638672,1.3866409063339233,-55.647090911865234,89.07061004638672,Stop,Stepping
1776271789.2483091,13584.220331276,-1.3866409063339233,-55.647098541259766,89.07061004638672,1.3866409063339233,-55.647098541259766,89.07061004638672,-1.3866409063339233,-55.647090911865234,89.07061004638672,1.3866409063339233,-55.647090911865234,89.07061004638672,Stop,Stepping
1776271789.2682903,13584.239937147,-1.3866409063339233,-55.647098541259766,89.07061004638672,1.3866409063339233,-55.647098541259766,89.07061004638672,-1.3866409063339233,-55.647090911865234,89.07061004638672,1.3866409063339233,-55.647090911865234,89.07061004638672,Stop,Stepping
1776271789.2882998,13584.264258564,-1.3866409063339233,-55.647098541259766,89.07061004638672,1.3866409063339233,-55.647098541259766,89.07061004638672,-1.3866409063339233,-55.647090911865234,89.07061004638672,1.3866409063339233,-55.647090911865234,89.07061004638672,Stop,Stepping
1776271789.3083024,13584.298838694,-1.3866409063339233,-55.647098541259766,89.07061004638672,1.3866409063339233,-55.647098541259766,89.07061004638672,-1.3866409063339233,-55.647090911865234,89.07061004638672,1.3866409063339233,-55.647090911865234,89.07061004638672,Stop,Stepping
1776271789.3283105,13584.301248246,-1.3866409063339233,-55.647098541259766,89.07061004638672,1.3866409063339233,-55.647098541259766,89.07061004638672,-1.3866409063339233,-55.647090911865234,89.07061004638672,1.3866409063339233,-55.647090911865234,89.07061004638672,Stop,Stepping
1776271789.348338,13584.322984869,-1.3866409063339233,-55.647098541259766,89.07061004638672,1.3866409063339233,-55.647098541259766,89.07061004638672,-1.3866409063339233,-55.647090911865234,89.07061004638672,1.3866409063339233,-55.647090911865234,89.07061004638672,Stop,Stepping
1776271789.36829,13584.340476606,-1.3866409063339233,-55.647098541259766,89.07061004638672,1.3866409063339233,-55.647098541259766,89.07061004638672,-1.3866409063339233,-55.647090911865234,89.07061004638672,1.3866409063339233,-55.647090911865234,89.07061004638672,Stop,Stepping
1776271789.3883257,13584.374593388,-1.3866409063339233,-55.647098541259766,89.07061004638672,1.3866409063339233,-55.647098541259766,89.07061004638672,-1.3866409063339233,-55.647090911865234,89.07061004638672,1.3866409063339233,-55.647090911865234,89.07061004638672,Stop,Stepping
1776271789.4083128,13584.391506011,-1.3866409063339233,-55.647098541259766,89.07061004638672,1.3866409063339233,-55.647098541259766,89.07061004638672,-1.3866409063339233,-55.647090911865234,89.07061004638672,1.3866409063339233,-55.647090911865234,89.07061004638672,Stop,Stepping
1776271789.4282904,13584.403358412,-1.3866409063339233,-55.647098541259766,89.07061004638672,1.3866409063339233,-55.647098541259766,89.07061004638672,-1.3866409063339233,-55.647090911865234,89.07061004638672,1.3866409063339233,-55.647090911865234,89.07061004638672,Stop,Stepping
1776271789.448312,13584.42131601,-1.3866409063339233,-55.647098541259766,89.07061004638672,1.3866409063339233,-55.647098541259766,89.07061004638672,-1.3866409063339233,-55.647090911865234,89.07061004638672,1.3866409063339233,-55.647090911865234,89.07061004638672,Stop,Stepping
1776271789.4682918,13584.446311787,-1.3866409063339233,-55.647098541259766,89.07061004638672,1.3866409063339233,-55.647098541259766,89.07061004638672,-1.3866409063339233,-55.647090911865234,89.07061004638672,1.3866409063339233,-55.647090911865234,89.07061004638672,Stop,Stepping
1776271789.4883003,13584.462572678,-1.3866409063339233,-55.647098541259766,89.07061004638672,1.3866409063339233,-55.647098541259766,89.07061004638672,-1.3866409063339233,-55.647090911865234,89.07061004638672,1.3866409063339233,-55.647090911865234,89.07061004638672,Stop,Stepping
1776271789.5082922,13584.47938004,-1.3866409063339233,-55.647098541259766,89.07061004638672,1.3866409063339233,-55.647098541259766,89.07061004638672,-1.3866409063339233,-55.647090911865234,89.07061004638672,1.3866409063339233,-55.647090911865234,89.07061004638672,Stop,Stepping
1776271789.5282948,13584.49976273,-1.3866409063339233,-55.647098541259766,89.07061004638672,1.3866409063339233,-55.647098541259766,89.07061004638672,-1.3866409063339233,-55.647090911865234,89.07061004638672,1.3866409063339233,-55.647090911865234,89.07061004638672,Stop,Stepping
1776271789.5483222,13584.520112953,-1.3866409063339233,-55.647098541259766,89.07061004638672,1.3866409063339233,-55.647098541259766,89.07061004638672,-1.3866409063339233,-55.647090911865234,89.07061004638672,1.3866409063339233,-55.647090911865234,89.07061004638672,Stop,Stepping
1776271789.5683324,13584.539935325,-1.3866409063339233,-55.647098541259766,89.07061004638672,1.3866409063339233,-55.647098541259766,89.07061004638672,-1.3866409063339233,-55.647090911865234,89.07061004638672,1.3866409063339233,-55.647090911865234,89.07061004638672,Stop,Stepping
1776271789.58832,13584.55943505,-1.3866409063339233,-55.647098541259766,89.07061004638672,1.3866409063339233,-55.647098541259766,89.07061004638672,-1.3866409063339233,-55.647090911865234,89.07061004638672,1.3866409063339233,-55.647090911865234,89.07061004638672,Stop,Stepping
1776271789.6083555,13584.583904982,-1.3866409063339233,-55.647098541259766,89.07061004638672,1.3866409063339233,-55.647098541259766,89.07061004638672,-1.3866409063339233,-55.647090911865234,89.07061004638672,1.3866409063339233,-55.647090911865234,89.07061004638672,Stop,Stepping
1776271789.628313,13584.615202243,-1.3866409063339233,-55.647098541259766,89.07061004638672,1.3866409063339233,-55.647098541259766,89.07061004638672,-1.3866409063339233,-55.647090911865234,89.07061004638672,1.3866409063339233,-55.647090911865234,89.07061004638672,Stop,Stepping
1776271789.6483939,13584.620832179,-1.3866409063339233,-55.647098541259766,89.07061004638672,1.3866409063339233,-55.647098541259766,89.07061004638672,-1.3866409063339233,-55.647090911865234,89.07061004638672,1.3866409063339233,-55.647090911865234,89.07061004638672,Stop,Stepping
1776271789.668375,13584.640055028,-1.3866409063339233,-55.647098541259766,89.07061004638672,1.3866409063339233,-55.647098541259766,89.07061004638672,-1.3866409063339233,-55.647090911865234,89.07061004638672,1.3866409063339233,-55.647090911865234,89.07061004638672,Stop,Stepping
1776271789.68831,13584.660862898,-1.3866409063339233,-55.647098541259766,89.07061004638672,1.3866409063339233,-55.647098541259766,89.07061004638672,-1.3866409063339233,-55.647090911865234,89.07061004638672,1.3866409063339233,-55.647090911865234,89.07061004638672,Stop,Stepping
1776271789.7084045,13584.686535009,-1.3866409063339233,-55.647098541259766,89.07061004638672,1.3866409063339233,-55.647098541259766,89.07061004638672,-1.3866409063339233,-55.647090911865234,89.07061004638672,1.3866409063339233,-55.647090911865234,89.07061004638672,Stop,Stepping
1776271789.72838,13584.699668473,-1.3866409063339233,-55.647098541259766,89.07061004638672,1.3866409063339233,-55.647098541259766,89.07061004638672,-1.3866409063339233,-55.647090911865234,89.07061004638672,1.3866409063339233,-55.647090911865234,89.07061004638672,Stop,Stepping
1776271789.748342,13584.73513893,-1.3866409063339233,-55.647098541259766,89.07061004638672,1.3866409063339233,-55.647098541259766,89.07061004638672,-1.3866409063339233,-55.647090911865234,89.07061004638672,1.3866409063339233,-55.647090911865234,89.07061004638672,Stop,Stepping
1776271789.7683127,13584.740006988,-1.3866409063339233,-55.647098541259766,89.07061004638672,1.3866409063339233,-55.647098541259766,89.07061004638672,-1.3866409063339233,-55.647090911865234,89.07061004638672,1.3866409063339233,-55.647090911865234,89.07061004638672,Stop,Stepping
1776271789.7883086,13584.759565923,-1.3866409063339233,-55.647098541259766,89.07061004638672,1.3866409063339233,-55.647098541259766,89.07061004638672,-1.3866409063339233,-55.647090911865234,89.07061004638672,1.3866409063339233,-55.647090911865234,89.07061004638672,Stop,Stepping
1776271789.8083098,13584.780639727,-1.3866409063339233,-55.647098541259766,89.07061004638672,1.3866409063339233,-55.647098541259766,89.07061004638672,-1.3866409063339233,-55.647090911865234,89.07061004638672,1.3866409063339233,-55.647090911865234,89.07061004638672,Stop,Stepping
1776271789.82836,13584.801549978,-1.3866409063339233,-55.647098541259766,89.07061004638672,1.3866409063339233,-55.647098541259766,89.07061004638672,-1.3866409063339233,-55.647090911865234,89.07061004638672,1.3866409063339233,-55.647090911865234,89.07061004638672,Stop,Stepping
1776271789.8483205,13584.81942533,-1.3866409063339233,-55.647098541259766,89.07061004638672,1.3866409063339233,-55.647098541259766,89.07061004638672,-1.3866409063339233,-55.647090911865234,89.07061004638672,1.3866409063339233,-55.647090911865234,89.07061004638672,Stop,Stepping
1776271789.868338,13584.845601679,-1.3866409063339233,-55.647098541259766,89.07061004638672,1.3866409063339233,-55.647098541259766,89.07061004638672,-1.3866409063339233,-55.647090911865234,89.07061004638672,1.3866409063339233,-55.647090911865234,89.07061004638672,Stop,Stepping
1776271789.8883317,13584.860314965,-1.3866409063339233,-55.647098541259766,89.07061004638672,1.3866409063339233,-55.647098541259766,89.07061004638672,-1.3866409063339233,-55.647090911865234,89.07061004638672,1.3866409063339233,-55.647090911865234,89.07061004638672,Stop,Stepping
1776271789.908459,13584.879916111,-1.3866409063339233,-55.647098541259766,89.07061004638672,1.3866409063339233,-55.647098541259766,89.07061004638672,-1.3866409063339233,-55.647090911865234,89.07061004638672,1.3866409063339233,-55.647090911865234,89.07061004638672,Stop,Stepping
1776271789.92846,13584.947399244,-1.3866409063339233,-55.647098541259766,89.07061004638672,1.3866409063339233,-55.647098541259766,89.07061004638672,-1.3866409063339233,-55.647090911865234,89.07061004638672,1.3866409063339233,-55.647090911865234,89.07061004638672,Stop,Stepping
1776271789.94844,13584.947994167,-1.3866409063339233,-55.647098541259766,89.07061004638672,1.3866409063339233,-55.647098541259766,89.07061004638672,-1.3866409063339233,-55.647090911865234,89.07061004638672,1.3866409063339233,-55.647090911865234,89.07061004638672,Stop,Stepping
1776271789.968268,13584.948433969,-1.3866409063339233,-55.647098541259766,89.07061004638672,1.3866409063339233,-55.647098541259766,89.07061004638672,-1.3866409063339233,-55.647090911865234,89.07061004638672,1.3866409063339233,-55.647090911865234,89.07061004638672,Stop,Stepping
1776271789.9882748,13584.969526087,-1.3866409063339233,-55.647098541259766,89.07061004638672,1.3866409063339233,-55.647098541259766,89.07061004638672,-1.3866409063339233,-55.647090911865234,89.07061004638672,1.3866409063339233,-55.647090911865234,89.07061004638672,Stop,Stepping
1776271790.0082705,13584.986326932,-1.3866409063339233,-55.647098541259766,89.07061004638672,1.3866409063339233,-55.647098541259766,89.07061004638672,-1.3866409063339233,-55.647090911865234,89.07061004638672,1.3866409063339233,-55.647090911865234,89.07061004638672,Stop,Stepping
1776271790.0285475,13585.000879666,-1.3866409063339233,-55.647098541259766,89.07061004638672,1.3866409063339233,-55.647098541259766,89.07061004638672,-1.3866409063339233,-55.647090911865234,89.07061004638672,1.3866409063339233,-55.647090911865234,89.07061004638672,Stop,Stepping
1776271790.0483372,13585.021954461,-1.3866409063339233,-55.647098541259766,89.07061004638672,1.3866409063339233,-55.647098541259766,89.07061004638672,-1.3866409063339233,-55.647090911865234,89.07061004638672,1.3866409063339233,-55.647090911865234,89.07061004638672,Stop,Stepping
1776271790.0683396,13585.04503402,-1.3866409063339233,-55.647098541259766,89.07061004638672,1.3866409063339233,-55.647098541259766,89.07061004638672,-1.3866409063339233,-55.647090911865234,89.07061004638672,1.3866409063339233,-55.647090911865234,89.07061004638672,Stop,Stepping
1776271790.088355,13585.060492191,-1.3866409063339233,-55.647098541259766,89.07061004638672,1.3866409063339233,-55.647098541259766,89.07061004638672,-1.3866409063339233,-55.647090911865234,89.07061004638672,1.3866409063339233,-55.647090911865234,89.07061004638672,Stop,Stepping
1776271790.1083205,13585.081175834,-1.3866409063339233,-55.647098541259766,89.07061004638672,1.3866409063339233,-55.647098541259766,89.07061004638672,-1.3866409063339233,-55.647090911865234,89.07061004638672,1.3866409063339233,-55.647090911865234,89.07061004638672,Stop,Stepping
1776271790.1283484,13585.106629062,-1.3866409063339233,-55.647098541259766,89.07061004638672,1.3866409063339233,-55.647098541259766,89.07061004638672,-1.3866409063339233,-55.647090911865234,89.07061004638672,1.3866409063339233,-55.647090911865234,89.07061004638672,Stop,Stepping
1776271790.14836,13585.121281076,-1.3866409063339233,-55.647098541259766,89.07061004638672,1.3866409063339233,-55.647098541259766,89.07061004638672,-1.3866409063339233,-55.647090911865234,89.07061004638672,1.3866409063339233,-55.647090911865234,89.07061004638672,Stop,Stepping
1776271790.168333,13585.141101174,-1.3866409063339233,-55.647098541259766,89.07061004638672,1.3866409063339233,-55.647098541259766,89.07061004638672,-1.3866409063339233,-55.647090911865234,89.07061004638672,1.3866409063339233,-55.647090911865234,89.07061004638672,Stop,Stepping
1776271790.1883173,13585.159840759,-1.3866409063339233,-55.647098541259766,89.07061004638672,1.3866409063339233,-55.647098541259766,89.07061004638672,-1.3866409063339233,-55.647090911865234,89.07061004638672,1.3866409063339233,-55.647090911865234,89.07061004638672,Stop,Stepping
1776271790.208325,13585.179373369,-1.3866409063339233,-55.647098541259766,89.07061004638672,1.3866409063339233,-55.647098541259766,89.07061004638672,-1.3866409063339233,-55.647090911865234,89.07061004638672,1.3866409063339233,-55.647090911865234,89.07061004638672,Stop,Stepping
1776271790.228335,13585.199920074,-1.3866409063339233,-55.647098541259766,89.07061004638672,1.3866409063339233,-55.647098541259766,89.07061004638672,-1.3866409063339233,-55.647090911865234,89.07061004638672,1.3866409063339233,-55.647090911865234,89.07061004638672,Stop,Stepping
1776271790.2484033,13585.219736721,-1.3866409063339233,-55.647098541259766,89.07061004638672,1.3866409063339233,-55.647098541259766,89.07061004638672,-1.3866409063339233,-55.647090911865234,89.07061004638672,1.3866409063339233,-55.647090911865234,89.07061004638672,Stop,Stepping
1776271790.2684064,13585.24895649,-1.3866409063339233,-55.647098541259766,89.07061004638672,1.3866409063339233,-55.647098541259766,89.07061004638672,-1.3866409063339233,-55.647090911865234,89.07061004638672,1.3866409063339233,-55.647090911865234,89.07061004638672,Stop,Stepping
1776271790.2883973,13585.259497288,-1.3866409063339233,-55.647098541259766,89.07061004638672,1.3866409063339233,-55.647098541259766,89.07061004638672,-1.3866409063339233,-55.647090911865234,89.07061004638672,1.3866409063339233,-55.647090911865234,89.07061004638672,Stop,Stepping
1776271790.3083189,13585.297358285,-1.3866409063339233,-55.647098541259766,89.07061004638672,1.3866409063339233,-55.647098541259766,89.07061004638672,-1.3866409063339233,-55.647090911865234,89.07061004638672,1.3866409063339233,-55.647090911865234,89.07061004638672,Stop,Stepping
1776271790.3283079,13585.302361108,-1.3866409063339233,-55.647098541259766,89.07061004638672,1.3866409063339233,-55.647098541259766,89.07061004638672,-1.3866409063339233,-55.647090911865234,89.07061004638672,1.3866409063339233,-55.647090911865234,89.07061004638672,Stop,Stepping
1776271790.3483546,13585.319603797,-1.3866409063339233,-55.647098541259766,89.07061004638672,1.3866409063339233,-55.647098541259766,89.07061004638672,-1.3866409063339233,-55.647090911865234,89.07061004638672,1.3866409063339233,-55.647090911865234,89.07061004638672,Stop,Stepping
1776271790.3683379,13585.343621973,-1.3866409063339233,-55.647098541259766,89.07061004638672,1.3866409063339233,-55.647098541259766,89.07061004638672,-1.3866409063339233,-55.647090911865234,89.07061004638672,1.3866409063339233,-55.647090911865234,89.07061004638672,Stop,Stepping
1776271790.3883498,13585.432729958,-1.3866409063339233,-55.647098541259766,89.07061004638672,1.3866409063339233,-55.647098541259766,89.07061004638672,-1.3866409063339233,-55.647090911865234,89.07061004638672,1.3866409063339233,-55.647090911865234,89.07061004638672,Stop,Stepping
1776271790.408342,13585.433820336,-1.3866409063339233,-55.647098541259766,89.07061004638672,1.3866409063339233,-55.647098541259766,89.07061004638672,-1.3866409063339233,-55.647090911865234,89.07061004638672,1.3866409063339233,-55.647090911865234,89.07061004638672,Stop,Stepping
1776271790.4283948,13585.43412271,-1.3866409063339233,-55.647098541259766,89.07061004638672,1.3866409063339233,-55.647098541259766,89.07061004638672,-1.3866409063339233,-55.647090911865234,89.07061004638672,1.3866409063339233,-55.647090911865234,89.07061004638672,Stop,Stepping
1776271790.4483685,13585.434413494,-1.3866409063339233,-55.647098541259766,89.07061004638672,1.3866409063339233,-55.647098541259766,89.07061004638672,-1.3866409063339233,-55.647090911865234,89.07061004638672,1.3866409063339233,-55.647090911865234,89.07061004638672,Stop,Stepping
1776271790.4684024,13585.443095015,-1.3866409063339233,-55.647098541259766,89.07061004638672,1.3866409063339233,-55.647098541259766,89.07061004638672,-1.3866409063339233,-55.647090911865234,89.07061004638672,1.3866409063339233,-55.647090911865234,89.07061004638672,Stop,Stepping
1776271790.4883332,13585.462127379,-1.3866409063339233,-55.647098541259766,89.07061004638672,1.3866409063339233,-55.647098541259766,89.07061004638672,-1.3866409063339233,-55.647090911865234,89.07061004638672,1.3866409063339233,-55.647090911865234,89.07061004638672,Stop,Stepping
1776271790.508399,13585.4805837,-1.3866409063339233,-55.647098541259766,89.07061004638672,1.3866409063339233,-55.647098541259766,89.07061004638672,-1.3866409063339233,-55.647090911865234,89.07061004638672,1.3866409063339233,-55.647090911865234,89.07061004638672,Stop,Stepping
1776271790.5283344,13585.507937313,-1.3866409063339233,-55.647098541259766,89.07061004638672,1.3866409063339233,-55.647098541259766,89.07061004638672,-1.3866409063339233,-55.647090911865234,89.07061004638672,1.3866409063339233,-55.647090911865234,89.07061004638672,Stop,Stepping
1776271790.5484097,13585.519934849,-1.3866409063339233,-55.647098541259766,89.07061004638672,1.3866409063339233,-55.647098541259766,89.07061004638672,-1.3866409063339233,-55.647090911865234,89.07061004638672,1.3866409063339233,-55.647090911865234,89.07061004638672,Stop,Stepping
1776271790.5684228,13585.637827065,-1.3866409063339233,-55.647098541259766,89.07061004638672,1.3866409063339233,-55.647098541259766,89.07061004638672,-1.3866409063339233,-55.647090911865234,89.07061004638672,1.3866409063339233,-55.647090911865234,89.07061004638672,Stop,Stepping
1776271790.588419,13585.639478151,-1.3866409063339233,-55.647098541259766,89.07061004638672,1.3866409063339233,-55.647098541259766,89.07061004638672,-1.3866409063339233,-55.647090911865234,89.07061004638672,1.3866409063339233,-55.647090911865234,89.07061004638672,Stop,Stepping
1776271790.60838,13585.639852217,-1.3866409063339233,-55.647098541259766,89.07061004638672,1.3866409063339233,-55.647098541259766,89.07061004638672,-1.3866409063339233,-55.647090911865234,89.07061004638672,1.3866409063339233,-55.647090911865234,89.07061004638672,Stop,Stepping
1776271790.628397,13585.640226173,-1.3866409063339233,-55.647098541259766,89.07061004638672,1.3866409063339233,-55.647098541259766,89.07061004638672,-1.3866409063339233,-55.647090911865234,89.07061004638672,1.3866409063339233,-55.647090911865234,89.07061004638672,Stop,Stepping
1776271790.6483328,13585.640604426,-1.3866409063339233,-55.647098541259766,89.07061004638672,1.3866409063339233,-55.647098541259766,89.07061004638672,-1.3866409063339233,-55.647090911865234,89.07061004638672,1.3866409063339233,-55.647090911865234,89.07061004638672,Stop,Stepping
1776271790.668327,13585.664726585,-1.3866409063339233,-55.647098541259766,89.07061004638672,1.3866409063339233,-55.647098541259766,89.07061004638672,-1.3866409063339233,-55.647090911865234,89.07061004638672,1.3866409063339233,-55.647090911865234,89.07061004638672,Stop,Stepping
1776271790.6883245,13585.665108541,-1.3866409063339233,-55.647098541259766,89.07061004638672,1.3866409063339233,-55.647098541259766,89.07061004638672,-1.3866409063339233,-55.647090911865234,89.07061004638672,1.3866409063339233,-55.647090911865234,89.07061004638672,Stop,Stepping
1776271790.7084117,13585.68074877,-1.3866409063339233,-55.647098541259766,89.07061004638672,1.3866409063339233,-55.647098541259766,89.07061004638672,-1.3866409063339233,-55.647090911865234,89.07061004638672,1.3866409063339233,-55.647090911865234,89.07061004638672,Stop,Stepping
1776271790.7283514,13585.756764454,-1.3866409063339233,-55.647098541259766,89.07061004638672,1.3866409063339233,-55.647098541259766,89.07061004638672,-1.3866409063339233,-55.647090911865234,89.07061004638672,1.3866409063339233,-55.647090911865234,89.07061004638672,Stop,Stepping
1776271790.7483327,13585.757305133,-1.3866409063339233,-55.647098541259766,89.07061004638672,1.3866409063339233,-55.647098541259766,89.07061004638672,-1.3866409063339233,-55.647090911865234,89.07061004638672,1.3866409063339233,-55.647090911865234,89.07061004638672,Stop,Stepping
1776271790.7683318,13585.757635107,-1.3866409063339233,-55.647098541259766,89.07061004638672,1.3866409063339233,-55.647098541259766,89.07061004638672,-1.3866409063339233,-55.647090911865234,89.07061004638672,1.3866409063339233,-55.647090911865234,89.07061004638672,Stop,Stepping
1776271790.7883313,13585.759730763,-1.3866409063339233,-55.647098541259766,89.07061004638672,1.3866409063339233,-55.647098541259766,89.07061004638672,-1.3866409063339233,-55.647090911865234,89.07061004638672,1.3866409063339233,-55.647090911865234,89.07061004638672,Stop,Stepping
1776271790.8083336,13585.785379561,-1.3866409063339233,-55.647098541259766,89.07061004638672,1.3866409063339233,-55.647098541259766,89.07061004638672,-1.3866409063339233,-55.647090911865234,89.07061004638672,1.3866409063339233,-55.647090911865234,89.07061004638672,Stop,Stepping
1776271790.8283448,13585.856663229,-1.3866409063339233,-55.647098541259766,89.07061004638672,1.3866409063339233,-55.647098541259766,89.07061004638672,-1.3866409063339233,-55.647090911865234,89.07061004638672,1.3866409063339233,-55.647090911865234,89.07061004638672,Stop,Stepping
1776271790.8483655,13585.856958999,-1.3866409063339233,-55.647098541259766,89.07061004638672,1.3866409063339233,-55.647098541259766,89.07061004638672,-1.3866409063339233,-55.647090911865234,89.07061004638672,1.3866409063339233,-55.647090911865234,89.07061004638672,Stop,Stepping
1776271790.8683877,13585.857342542,-1.3866409063339233,-55.647098541259766,89.07061004638672,1.3866409063339233,-55.647098541259766,89.07061004638672,-1.3866409063339233,-55.647090911865234,89.07061004638672,1.3866409063339233,-55.647090911865234,89.07061004638672,Stop,Stepping
1776271790.888382,13585.860021775,-1.3866409063339233,-55.647098541259766,89.07061004638672,1.3866409063339233,-55.647098541259766,89.07061004638672,-1.3866409063339233,-55.647090911865234,89.07061004638672,1.3866409063339233,-55.647090911865234,89.07061004638672,Stop,Stepping
1776271790.9084125,13585.973256541,-1.3866409063339233,-55.647098541259766,89.07061004638672,1.3866409063339233,-55.647098541259766,89.07061004638672,-1.3866409063339233,-55.647090911865234,89.07061004638672,1.3866409063339233,-55.647090911865234,89.07061004638672,Stop,Stepping
1776271790.9283364,13586.042635875,-1.3866409063339233,-55.647098541259766,89.07061004638672,1.3866409063339233,-55.647098541259766,89.07061004638672,-1.3866409063339233,-55.647090911865234,89.07061004638672,1.3866409063339233,-55.647090911865234,89.07061004638672,Stop,Stepping
1776271790.9483194,13586.043549069,-1.3866409063339233,-55.647098541259766,89.07061004638672,1.3866409063339233,-55.647098541259766,89.07061004638672,-1.3866409063339233,-55.647090911865234,89.07061004638672,1.3866409063339233,-55.647090911865234,89.07061004638672,Stop,Stepping
1776271790.9683125,13586.044472553,-1.3866409063339233,-55.647098541259766,89.07061004638672,1.3866409063339233,-55.647098541259766,89.07061004638672,-1.3866409063339233,-55.647090911865234,89.07061004638672,1.3866409063339233,-55.647090911865234,89.07061004638672,Stop,Stepping
1776271790.9883099,13586.04475909,-1.3866409063339233,-55.647098541259766,89.07061004638672,1.3866409063339233,-55.647098541259766,89.07061004638672,-1.3866409063339233,-55.647090911865234,89.07061004638672,1.3866409063339233,-55.647090911865234,89.07061004638672,Stop,Stepping
1776271791.0083308,13586.045069512,-1.3866409063339233,-55.647098541259766,89.07061004638672,1.3866409063339233,-55.647098541259766,89.07061004638672,-1.3866409063339233,-55.647090911865234,89.07061004638672,1.3866409063339233,-55.647090911865234,89.07061004638672,Stop,Stepping
1776271791.0283253,13586.045833198,-1.3866409063339233,-55.647098541259766,89.07061004638672,1.3866409063339233,-55.647098541259766,89.07061004638672,-1.3866409063339233,-55.647090911865234,89.07061004638672,1.3866409063339233,-55.647090911865234,89.07061004638672,Stop,Stepping
1776271791.0486472,13586.115153222,-1.3866409063339233,-55.647098541259766,89.07061004638672,1.3866409063339233,-55.647098541259766,89.07061004638672,-1.3866409063339233,-55.647090911865234,89.07061004638672,1.3866409063339233,-55.647090911865234,89.07061004638672,Stop,Stepping
1776271791.0683227,13586.116236448,-1.3866409063339233,-55.647098541259766,89.07061004638672,1.3866409063339233,-55.647098541259766,89.07061004638672,-1.3866409063339233,-55.647090911865234,89.07061004638672,1.3866409063339233,-55.647090911865234,89.07061004638672,Stop,Stepping
1776271791.0883062,13586.120942879,-1.3866409063339233,-55.647098541259766,89.07061004638672,1.3866409063339233,-55.647098541259766,89.07061004638672,-1.3866409063339233,-55.647090911865234,89.07061004638672,1.3866409063339233,-55.647090911865234,89.07061004638672,Stop,Stepping
1776271791.1083705,13586.121367095,-1.3866409063339233,-55.647098541259766,89.07061004638672,1.3866409063339233,-55.647098541259766,89.07061004638672,-1.3866409063339233,-55.647090911865234,89.07061004638672,1.3866409063339233,-55.647090911865234,89.07061004638672,Stop,Stepping
1776271791.1283948,13586.121739131,-1.3866409063339233,-55.647098541259766,89.07061004638672,1.3866409063339233,-55.647098541259766,89.07061004638672,-1.3866409063339233,-55.647090911865234,89.07061004638672,1.3866409063339233,-55.647090911865234,89.07061004638672,Stop,Stepping
1776271791.1483924,13586.12466073,-1.3866409063339233,-55.647098541259766,89.07061004638672,1.3866409063339233,-55.647098541259766,89.07061004638672,-1.3866409063339233,-55.647090911865234,89.07061004638672,1.3866409063339233,-55.647090911865234,89.07061004638672,Stop,Stepping
1776271791.168392,13586.175493686,-1.3866409063339233,-55.647098541259766,89.07061004638672,1.3866409063339233,-55.647098541259766,89.07061004638672,-1.3866409063339233,-55.647090911865234,89.07061004638672,1.3866409063339233,-55.647090911865234,89.07061004638672,Stop,Stepping
1776271791.1883838,13586.176640587,-1.3866409063339233,-55.647098541259766,89.07061004638672,1.3866409063339233,-55.647098541259766,89.07061004638672,-1.3866409063339233,-55.647090911865234,89.07061004638672,1.3866409063339233,-55.647090911865234,89.07061004638672,Stop,Stepping
1776271791.2083848,13586.180010508,-1.3866409063339233,-55.647098541259766,89.07061004638672,1.3866409063339233,-55.647098541259766,89.07061004638672,-1.3866409063339233,-55.647090911865234,89.07061004638672,1.3866409063339233,-55.647090911865234,89.07061004638672,Stop,Stepping
1776271791.2283857,13586.21589266,-1.3866409063339233,-55.647098541259766,89.07061004638672,1.3866409063339233,-55.647098541259766,89.07061004638672,-1.3866409063339233,-55.647090911865234,89.07061004638672,1.3866409063339233,-55.647090911865234,89.07061004638672,Stop,Stepping
1776271791.2483246,13586.22049116,-1.3866409063339233,-55.647098541259766,89.07061004638672,1.3866409063339233,-55.647098541259766,89.07061004638672,-1.3866409063339233,-55.647090911865234,89.07061004638672,1.3866409063339233,-55.647090911865234,89.07061004638672,Stop,Stepping
1776271791.2683287,13586.314094835,-1.3866409063339233,-55.647098541259766,89.07061004638672,1.3866409063339233,-55.647098541259766,89.07061004638672,-1.3866409063339233,-55.647090911865234,89.07061004638672,1.3866409063339233,-55.647090911865234,89.07061004638672,Stop,Stepping
1776271791.2883666,13586.31636101,-1.3866409063339233,-55.647098541259766,89.07061004638672,1.3866409063339233,-55.647098541259766,89.07061004638672,-1.3866409063339233,-55.647090911865234,89.07061004638672,1.3866409063339233,-55.647090911865234,89.07061004638672,Stop,Stepping
1776271791.308371,13586.318738274,-1.3866409063339233,-55.647098541259766,89.07061004638672,1.3866409063339233,-55.647098541259766,89.07061004638672,-1.3866409063339233,-55.647090911865234,89.07061004638672,1.3866409063339233,-55.647090911865234,89.07061004638672,Stop,Stepping
1776271791.3283741,13586.320975349,-1.3866409063339233,-55.647098541259766,89.07061004638672,1.3866409063339233,-55.647098541259766,89.07061004638672,-1.3866409063339233,-55.647090911865234,89.07061004638672,1.3866409063339233,-55.647090911865234,89.07061004638672,Stop,Stepping
1776271791.3482618,13586.32498259,-1.3866409063339233,-55.647098541259766,89.07061004638672,1.3866409063339233,-55.647098541259766,89.07061004638672,-1.3866409063339233,-55.647090911865234,89.07061004638672,1.3866409063339233,-55.647090911865234,89.07061004638672,Stop,Stepping
1776271791.368359,13586.350641624,-1.3866409063339233,-55.647098541259766,89.07061004638672,1.3866409063339233,-55.647098541259766,89.07061004638672,-1.3866409063339233,-55.647090911865234,89.07061004638672,1.3866409063339233,-55.647090911865234,89.07061004638672,Stop,Stepping
1776271791.388357,13586.363691495,-1.3866409063339233,-55.647098541259766,89.07061004638672,1.3866409063339233,-55.647098541259766,89.07061004638672,-1.3866409063339233,-55.647090911865234,89.07061004638672,1.3866409063339233,-55.647090911865234,89.07061004638672,Stop,Stepping
1776271791.4083521,13586.380908162,-1.3866409063339233,-55.647098541259766,89.07061004638672,1.3866409063339233,-55.647098541259766,89.07061004638672,-1.3866409063339233,-55.647090911865234,89.07061004638672,1.3866409063339233,-55.647090911865234,89.07061004638672,Stop,Stepping
1776271791.428385,13586.410748536,-1.3866409063339233,-55.647098541259766,89.07061004638672,1.3866409063339233,-55.647098541259766,89.07061004638672,-1.3866409063339233,-55.647090911865234,89.07061004638672,1.3866409063339233,-55.647090911865234,89.07061004638672,Stop,Stepping
1776271791.4483533,13586.452835987,-1.3866409063339233,-55.647098541259766,89.07061004638672,1.3866409063339233,-55.647098541259766,89.07061004638672,-1.3866409063339233,-55.647090911865234,89.07061004638672,1.3866409063339233,-55.647090911865234,89.07061004638672,Stop,Stepping
1776271791.468347,13586.455124886,-1.3866409063339233,-55.647098541259766,89.07061004638672,1.3866409063339233,-55.647098541259766,89.07061004638672,-1.3866409063339233,-55.647090911865234,89.07061004638672,1.3866409063339233,-55.647090911865234,89.07061004638672,Stop,Stepping
1776271791.4883611,13586.465896691,-1.3866409063339233,-55.647098541259766,89.07061004638672,1.3866409063339233,-55.647098541259766,89.07061004638672,-1.3866409063339233,-55.647090911865234,89.07061004638672,1.3866409063339233,-55.647090911865234,89.07061004638672,Stop,Stepping
1776271791.5083232,13586.480544148,-1.3866409063339233,-55.647098541259766,89.07061004638672,1.3866409063339233,-55.647098541259766,89.07061004638672,-1.3866409063339233,-55.647090911865234,89.07061004638672,1.3866409063339233,-55.647090911865234,89.07061004638672,Stop,Stepping
1776271791.5283227,13586.502747876,-1.3866409063339233,-55.647098541259766,89.07061004638672,1.3866409063339233,-55.647098541259766,89.07061004638672,-1.3866409063339233,-55.647090911865234,89.07061004638672,1.3866409063339233,-55.647090911865234,89.07061004638672,Stop,Stepping
1776271791.5483806,13586.529506767,-1.3866409063339233,-55.647098541259766,89.07061004638672,1.3866409063339233,-55.647098541259766,89.07061004638672,-1.3866409063339233,-55.647090911865234,89.07061004638672,1.3866409063339233,-55.647090911865234,89.07061004638672,Stop,Stepping
1776271791.5684865,13586.541369049,-1.3866409063339233,-55.647098541259766,89.07061004638672,1.3866409063339233,-55.647098541259766,89.07061004638672,-1.3866409063339233,-55.647090911865234,89.07061004638672,1.3866409063339233,-55.647090911865234,89.07061004638672,Stop,Stepping
1776271791.5883205,13586.578290923,-1.3866409063339233,-55.647098541259766,89.07061004638672,1.3866409063339233,-55.647098541259766,89.07061004638672,-1.3866409063339233,-55.647090911865234,89.07061004638672,1.3866409063339233,-55.647090911865234,89.07061004638672,Stop,Stepping
1776271791.6083777,13586.590417544,-1.3866409063339233,-55.647098541259766,89.07061004638672,1.3866409063339233,-55.647098541259766,89.07061004638672,-1.3866409063339233,-55.647090911865234,89.07061004638672,1.3866409063339233,-55.647090911865234,89.07061004638672,Stop,Stepping
1776271791.6283708,13586.600219385,-1.3866409063339233,-55.647098541259766,89.07061004638672,1.3866409063339233,-55.647098541259766,89.07061004638672,-1.3866409063339233,-55.647090911865234,89.07061004638672,1.3866409063339233,-55.647090911865234,89.07061004638672,Stop,Stepping
1776271791.6483676,13586.622978555,-1.3866409063339233,-55.647098541259766,89.07061004638672,1.3866409063339233,-55.647098541259766,89.07061004638672,-1.3866409063339233,-55.647090911865234,89.07061004638672,1.3866409063339233,-55.647090911865234,89.07061004638672,Stop,Stepping
1776271791.6683662,13586.64026636,-1.3866409063339233,-55.647098541259766,89.07061004638672,1.3866409063339233,-55.647098541259766,89.07061004638672,-1.3866409063339233,-55.647090911865234,89.07061004638672,1.3866409063339233,-55.647090911865234,89.07061004638672,Stop,Stepping
1776271791.688353,13586.660092452,-1.3866409063339233,-55.647098541259766,89.07061004638672,1.3866409063339233,-55.647098541259766,89.07061004638672,-1.3866409063339233,-55.647090911865234,89.07061004638672,1.3866409063339233,-55.647090911865234,89.07061004638672,Stop,Stepping
1776271791.708368,13586.681258771,-1.3866409063339233,-55.647098541259766,89.07061004638672,1.3866409063339233,-55.647098541259766,89.07061004638672,-1.3866409063339233,-55.647090911865234,89.07061004638672,1.3866409063339233,-55.647090911865234,89.07061004638672,Stop,Stepping
1776271791.72836,13586.700186855,-1.3866409063339233,-55.647098541259766,89.07061004638672,1.3866409063339233,-55.647098541259766,89.07061004638672,-1.3866409063339233,-55.647090911865234,89.07061004638672,1.3866409063339233,-55.647090911865234,89.07061004638672,Stop,Stepping
1776271791.7483351,13586.724938304,-1.3866409063339233,-55.647098541259766,89.07061004638672,1.3866409063339233,-55.647098541259766,89.07061004638672,-1.3866409063339233,-55.647090911865234,89.07061004638672,1.3866409063339233,-55.647090911865234,89.07061004638672,Stop,Stepping
1776271791.7683916,13586.832974147,-1.3866409063339233,-55.647098541259766,89.07061004638672,1.3866409063339233,-55.647098541259766,89.07061004638672,-1.3866409063339233,-55.647090911865234,89.07061004638672,1.3866409063339233,-55.647090911865234,89.07061004638672,Stop,Stepping
1776271791.7883644,13586.834071216,-1.3866409063339233,-55.647098541259766,89.07061004638672,1.3866409063339233,-55.647098541259766,89.07061004638672,-1.3866409063339233,-55.647090911865234,89.07061004638672,1.3866409063339233,-55.647090911865234,89.07061004638672,Stop,Stepping
1776271791.8083708,13586.834446803,-1.3866409063339233,-55.647098541259766,89.07061004638672,1.3866409063339233,-55.647098541259766,89.07061004638672,-1.3866409063339233,-55.647090911865234,89.07061004638672,1.3866409063339233,-55.647090911865234,89.07061004638672,Stop,Stepping
1776271791.8283794,13586.834819096,-1.3866409063339233,-55.647098541259766,89.07061004638672,1.3866409063339233,-55.647098541259766,89.07061004638672,-1.3866409063339233,-55.647090911865234,89.07061004638672,1.3866409063339233,-55.647090911865234,89.07061004638672,Stop,Stepping
1776271791.8484037,13586.835222116,-1.3866409063339233,-55.647098541259766,89.07061004638672,1.3866409063339233,-55.647098541259766,89.07061004638672,-1.3866409063339233,-55.647090911865234,89.07061004638672,1.3866409063339233,-55.647090911865234,89.07061004638672,Stop,Stepping
1776271791.8684046,13586.841528422,-1.3866409063339233,-55.647098541259766,89.07061004638672,1.3866409063339233,-55.647098541259766,89.07061004638672,-1.3866409063339233,-55.647090911865234,89.07061004638672,1.3866409063339233,-55.647090911865234,89.07061004638672,Stop,Stepping
1776271791.8883455,13586.862283002,-1.3866409063339233,-55.647098541259766,89.07061004638672,1.3866409063339233,-55.647098541259766,89.07061004638672,-1.3866409063339233,-55.647090911865234,89.07061004638672,1.3866409063339233,-55.647090911865234,89.07061004638672,Stop,Stepping
1776271791.9083855,13586.881774471,-1.3866409063339233,-55.647098541259766,89.07061004638672,1.3866409063339233,-55.647098541259766,89.07061004638672,-1.3866409063339233,-55.647090911865234,89.07061004638672,1.3866409063339233,-55.647090911865234,89.07061004638672,Stop,Stepping
1776271791.9283593,13586.966482406,-1.3866409063339233,-55.647098541259766,89.07061004638672,1.3866409063339233,-55.647098541259766,89.07061004638672,-1.3866409063339233,-55.647090911865234,89.07061004638672,1.3866409063339233,-55.647090911865234,89.07061004638672,Stop,Stepping
1776271791.9483361,13586.9670498,-1.3866409063339233,-55.647098541259766,89.07061004638672,1.3866409063339233,-55.647098541259766,89.07061004638672,-1.3866409063339233,-55.647090911865234,89.07061004638672,1.3866409063339233,-55.647090911865234,89.07061004638672,Stop,Stepping
1776271791.9683728,13586.967365438,-1.3866409063339233,-55.647098541259766,89.07061004638672,1.3866409063339233,-55.647098541259766,89.07061004638672,-1.3866409063339233,-55.647090911865234,89.07061004638672,1.3866409063339233,-55.647090911865234,89.07061004638672,Stop,Stepping
1776271791.9883742,13586.967681221,-1.3866409063339233,-55.647098541259766,89.07061004638672,1.3866409063339233,-55.647098541259766,89.07061004638672,-1.3866409063339233,-55.647090911865234,89.07061004638672,1.3866409063339233,-55.647090911865234,89.07061004638672,Stop,Stepping
1776271792.0083275,13587.013288403,-1.3866409063339233,-55.647098541259766,89.07061004638672,1.3866409063339233,-55.647098541259766,89.07061004638672,-1.3866409063339233,-55.647090911865234,89.07061004638672,1.3866409063339233,-55.647090911865234,89.07061004638672,Stop,Stepping
1776271792.0283306,13587.013584119,-1.3866409063339233,-55.647098541259766,89.07061004638672,1.3866409063339233,-55.647098541259766,89.07061004638672,-1.3866409063339233,-55.647090911865234,89.07061004638672,1.3866409063339233,-55.647090911865234,89.07061004638672,Stop,Stepping
1776271792.0483358,13587.019790744,-1.3866409063339233,-55.647098541259766,89.07061004638672,1.3866409063339233,-55.647098541259766,89.07061004638672,-1.3866409063339233,-55.647090911865234,89.07061004638672,1.3866409063339233,-55.647090911865234,89.07061004638672,Stop,Stepping
1776271792.0684276,13587.051249125,-1.3866409063339233,-55.647098541259766,89.07061004638672,1.3866409063339233,-55.647098541259766,89.07061004638672,-1.3866409063339233,-55.647090911865234,89.07061004638672,1.3866409063339233,-55.647090911865234,89.07061004638672,Stop,Stepping
1776271792.0883842,13587.067871041,-1.3866409063339233,-55.647098541259766,89.07061004638672,1.3866409063339233,-55.647098541259766,89.07061004638672,-1.3866409063339233,-55.647090911865234,89.07061004638672,1.3866409063339233,-55.647090911865234,89.07061004638672,Stop,Stepping
1776271792.1083677,13587.103788462,-1.3866409063339233,-55.647098541259766,89.07061004638672,1.3866409063339233,-55.647098541259766,89.07061004638672,-1.3866409063339233,-55.647090911865234,89.07061004638672,1.3866409063339233,-55.647090911865234,89.07061004638672,Stop,Stepping
1776271792.1283455,13587.10445806,-1.3866409063339233,-55.647098541259766,89.07061004638672,1.3866409063339233,-55.647098541259766,89.07061004638672,-1.3866409063339233,-55.647090911865234,89.07061004638672,1.3866409063339233,-55.647090911865234,89.07061004638672,Stop,Stepping
1776271792.148415,13587.119999348,-1.3866409063339233,-55.647098541259766,89.07061004638672,1.3866409063339233,-55.647098541259766,89.07061004638672,-1.3866409063339233,-55.647090911865234,89.07061004638672,1.3866409063339233,-55.647090911865234,89.07061004638672,Stop,Stepping
1776271792.1684368,13587.139750753,-1.3866409063339233,-55.647098541259766,89.07061004638672,1.3866409063339233,-55.647098541259766,89.07061004638672,-1.3866409063339233,-55.647090911865234,89.07061004638672,1.3866409063339233,-55.647090911865234,89.07061004638672,Stop,Stepping
1776271792.1883473,13587.159655892,-1.3866409063339233,-55.647098541259766,89.07061004638672,1.3866409063339233,-55.647098541259766,89.07061004638672,-1.3866409063339233,-55.647090911865234,89.07061004638672,1.3866409063339233,-55.647090911865234,89.07061004638672,Stop,Stepping
1776271792.208353,13587.181861413,-1.3866409063339233,-55.647098541259766,89.07061004638672,1.3866409063339233,-55.647098541259766,89.07061004638672,-1.3866409063339233,-55.647090911865234,89.07061004638672,1.3866409063339233,-55.647090911865234,89.07061004638672,Stop,Stepping
1776271792.2283554,13587.21012612,-1.3866409063339233,-55.647098541259766,89.07061004638672,1.3866409063339233,-55.647098541259766,89.07061004638672,-1.3866409063339233,-55.647090911865234,89.07061004638672,1.3866409063339233,-55.647090911865234,89.07061004638672,Stop,Stepping
1776271792.2483363,13587.223501341,-1.3866409063339233,-55.647098541259766,89.07061004638672,1.3866409063339233,-55.647098541259766,89.07061004638672,-1.3866409063339233,-55.647090911865234,89.07061004638672,1.3866409063339233,-55.647090911865234,89.07061004638672,Stop,Stepping
1776271792.2683556,13587.245346646,-1.3866409063339233,-55.647098541259766,89.07061004638672,1.3866409063339233,-55.647098541259766,89.07061004638672,-1.3866409063339233,-55.647090911865234,89.07061004638672,1.3866409063339233,-55.647090911865234,89.07061004638672,Stop,Stepping
1776271792.2883682,13587.261408054,-1.3866409063339233,-55.647098541259766,89.07061004638672,1.3866409063339233,-55.647098541259766,89.07061004638672,-1.3866409063339233,-55.647090911865234,89.07061004638672,1.3866409063339233,-55.647090911865234,89.07061004638672,Stop,Stepping
1776271792.3084142,13587.290530569,-1.3866409063339233,-55.647098541259766,89.07061004638672,1.3866409063339233,-55.647098541259766,89.07061004638672,-1.3866409063339233,-55.647090911865234,89.07061004638672,1.3866409063339233,-55.647090911865234,89.07061004638672,Stop,Stepping
1776271792.3283334,13587.301786923,-1.3866409063339233,-55.647098541259766,89.07061004638672,1.3866409063339233,-55.647098541259766,89.07061004638672,-1.3866409063339233,-55.647090911865234,89.07061004638672,1.3866409063339233,-55.647090911865234,89.07061004638672,Stop,Stepping
1776271792.3483665,13587.381788772,-1.3866409063339233,-55.647098541259766,89.07061004638672,1.3866409063339233,-55.647098541259766,89.07061004638672,-1.3866409063339233,-55.647090911865234,89.07061004638672,1.3866409063339233,-55.647090911865234,89.07061004638672,Stop,Stepping
1776271792.3683612,13587.382208927,-1.3866409063339233,-55.647098541259766,89.07061004638672,1.3866409063339233,-55.647098541259766,89.07061004638672,-1.3866409063339233,-55.647090911865234,89.07061004638672,1.3866409063339233,-55.647090911865234,89.07061004638672,Stop,Stepping
1776271792.38837,13587.382576294,-1.3866409063339233,-55.647098541259766,89.07061004638672,1.3866409063339233,-55.647098541259766,89.07061004638672,-1.3866409063339233,-55.647090911865234,89.07061004638672,1.3866409063339233,-55.647090911865234,89.07061004638672,Stop,Stepping
1776271792.4083607,13587.382945628,-1.3866409063339233,-55.647098541259766,89.07061004638672,1.3866409063339233,-55.647098541259766,89.07061004638672,-1.3866409063339233,-55.647090911865234,89.07061004638672,1.3866409063339233,-55.647090911865234,89.07061004638672,Stop,Stepping
1776271792.4283485,13587.405020006,-1.3866409063339233,-55.647098541259766,89.07061004638672,1.3866409063339233,-55.647098541259766,89.07061004638672,-1.3866409063339233,-55.647090911865234,89.07061004638672,1.3866409063339233,-55.647090911865234,89.07061004638672,Stop,Stepping
1776271792.4484823,13587.419690736,-1.3866409063339233,-55.647098541259766,89.07061004638672,1.3866409063339233,-55.647098541259766,89.07061004638672,-1.3866409063339233,-55.647090911865234,89.07061004638672,1.3866409063339233,-55.647090911865234,89.07061004638672,Stop,Stepping
1776271792.4684913,13587.440780797,-1.3866409063339233,-55.647098541259766,89.07061004638672,1.3866409063339233,-55.647098541259766,89.07061004638672,-1.3866409063339233,-55.647090911865234,89.07061004638672,1.3866409063339233,-55.647090911865234,89.07061004638672,Stop,Stepping
1776271792.4883094,13587.464029568,-1.3866409063339233,-55.647098541259766,89.07061004638672,1.3866409063339233,-55.647098541259766,89.07061004638672,-1.3866409063339233,-55.647090911865234,89.07061004638672,1.3866409063339233,-55.647090911865234,89.07061004638672,Stop,Stepping
1776271792.5083017,13587.493966701,-1.3866409063339233,-55.647098541259766,89.07061004638672,1.3866409063339233,-55.647098541259766,89.07061004638672,-1.3866409063339233,-55.647090911865234,89.07061004638672,1.3866409063339233,-55.647090911865234,89.07061004638672,Stop,Stepping
1776271792.528301,13587.504128017,-1.3866409063339233,-55.647098541259766,89.07061004638672,1.3866409063339233,-55.647098541259766,89.07061004638672,-1.3866409063339233,-55.647090911865234,89.07061004638672,1.3866409063339233,-55.647090911865234,89.07061004638672,Stop,Stepping
1776271792.5483112,13587.533205556,-1.3866409063339233,-55.647098541259766,89.07061004638672,1.3866409063339233,-55.647098541259766,89.07061004638672,-1.3866409063339233,-55.647090911865234,89.07061004638672,1.3866409063339233,-55.647090911865234,89.07061004638672,Stop,Stepping
1776271792.568365,13587.542756281,-1.3866409063339233,-55.647098541259766,89.07061004638672,1.3866409063339233,-55.647098541259766,89.07061004638672,-1.3866409063339233,-55.647090911865234,89.07061004638672,1.3866409063339233,-55.647090911865234,89.07061004638672,Stop,Stepping
1776271792.5883636,13587.560545386,-1.3866409063339233,-55.647098541259766,89.07061004638672,1.3866409063339233,-55.647098541259766,89.07061004638672,-1.3866409063339233,-55.647090911865234,89.07061004638672,1.3866409063339233,-55.647090911865234,89.07061004638672,Stop,Stepping
1776271792.6083572,13587.583124691,-1.3866409063339233,-55.647098541259766,89.07061004638672,1.3866409063339233,-55.647098541259766,89.07061004638672,-1.3866409063339233,-55.647090911865234,89.07061004638672,1.3866409063339233,-55.647090911865234,89.07061004638672,Stop,Stepping
1776271792.6283422,13587.600545308,-1.3866409063339233,-55.647098541259766,89.07061004638672,1.3866409063339233,-55.647098541259766,89.07061004638672,-1.3866409063339233,-55.647090911865234,89.07061004638672,1.3866409063339233,-55.647090911865234,89.07061004638672,Stop,Stepping
1776271792.6484447,13587.620265816,-1.3866409063339233,-55.647098541259766,89.07061004638672,1.3866409063339233,-55.647098541259766,89.07061004638672,-1.3866409063339233,-55.647090911865234,89.07061004638672,1.3866409063339233,-55.647090911865234,89.07061004638672,Stop,Stepping
1776271792.6683528,13587.654077342,-1.3866409063339233,-55.647098541259766,89.07061004638672,1.3866409063339233,-55.647098541259766,89.07061004638672,-1.3866409063339233,-55.647090911865234,89.07061004638672,1.3866409063339233,-55.647090911865234,89.07061004638672,Stop,Stepping
1776271792.6883726,13587.660129392,-1.3866409063339233,-55.647098541259766,89.07061004638672,1.3866409063339233,-55.647098541259766,89.07061004638672,-1.3866409063339233,-55.647090911865234,89.07061004638672,1.3866409063339233,-55.647090911865234,89.07061004638672,Stop,Stepping
1776271792.7083926,13587.718329174,-1.3866409063339233,-55.647098541259766,89.07061004638672,1.3866409063339233,-55.647098541259766,89.07061004638672,-1.3866409063339233,-55.647090911865234,89.07061004638672,1.3866409063339233,-55.647090911865234,89.07061004638672,Stop,Stepping
1776271792.7284188,13587.718703858,-1.3866409063339233,-55.647098541259766,89.07061004638672,1.3866409063339233,-55.647098541259766,89.07061004638672,-1.3866409063339233,-55.647090911865234,89.07061004638672,1.3866409063339233,-55.647090911865234,89.07061004638672,Stop,Stepping
1776271792.7483628,13587.719858076,-1.3866409063339233,-55.647098541259766,89.07061004638672,1.3866409063339233,-55.647098541259766,89.07061004638672,-1.3866409063339233,-55.647090911865234,89.07061004638672,1.3866409063339233,-55.647090911865234,89.07061004638672,Stop,Stepping
1776271792.768358,13587.747052265,-1.3866409063339233,-55.647098541259766,89.07061004638672,1.3866409063339233,-55.647098541259766,89.07061004638672,-1.3866409063339233,-55.647090911865234,89.07061004638672,1.3866409063339233,-55.647090911865234,89.07061004638672,Stop,Stepping
1776271792.7885387,13587.805354696,-1.3866409063339233,-55.647098541259766,89.07061004638672,1.3866409063339233,-55.647098541259766,89.07061004638672,-1.3866409063339233,-55.647090911865234,89.07061004638672,1.3866409063339233,-55.647090911865234,89.07061004638672,Stop,Stepping
1776271792.8084784,13587.805654593,-1.3866409063339233,-55.647098541259766,89.07061004638672,1.3866409063339233,-55.647098541259766,89.07061004638672,-1.3866409063339233,-55.647090911865234,89.07061004638672,1.3866409063339233,-55.647090911865234,89.07061004638672,Stop,Stepping
1776271792.8284922,13587.806038663,-1.3866409063339233,-55.647098541259766,89.07061004638672,1.3866409063339233,-55.647098541259766,89.07061004638672,-1.3866409063339233,-55.647090911865234,89.07061004638672,1.3866409063339233,-55.647090911865234,89.07061004638672,Stop,Stepping
1776271792.8485076,13587.820697741,-1.3866409063339233,-55.647098541259766,89.07061004638672,1.3866409063339233,-55.647098541259766,89.07061004638672,-1.3866409063339233,-55.647090911865234,89.07061004638672,1.3866409063339233,-55.647090911865234,89.07061004638672,Stop,Stepping
1776271792.868509,13587.868659921,-1.3866409063339233,-55.647098541259766,89.07061004638672,1.3866409063339233,-55.647098541259766,89.07061004638672,-1.3866409063339233,-55.647090911865234,89.07061004638672,1.3866409063339233,-55.647090911865234,89.07061004638672,Stop,Stepping
1776271792.8884776,13587.868949192,-1.3866409063339233,-55.647098541259766,89.07061004638672,1.3866409063339233,-55.647098541259766,89.07061004638672,-1.3866409063339233,-55.647090911865234,89.07061004638672,1.3866409063339233,-55.647090911865234,89.07061004638672,Stop,Stepping
1776271792.9085128,13587.881954265,-1.3866409063339233,-55.647098541259766,89.07061004638672,1.3866409063339233,-55.647098541259766,89.07061004638672,-1.3866409063339233,-55.647090911865234,89.07061004638672,1.3866409063339233,-55.647090911865234,89.07061004638672,Stop,Stepping
1776271792.9285262,13587.899810745,-1.3866409063339233,-55.647098541259766,89.07061004638672,1.3866409063339233,-55.647098541259766,89.07061004638672,-1.3866409063339233,-55.647090911865234,89.07061004638672,1.3866409063339233,-55.647090911865234,89.07061004638672,Stop,Stepping
1776271792.9483807,13587.921435092,-1.3866409063339233,-55.647098541259766,89.07061004638672,1.3866409063339233,-55.647098541259766,89.07061004638672,-1.3866409063339233,-55.647090911865234,89.07061004638672,1.3866409063339233,-55.647090911865234,89.07061004638672,Stop,Stepping
1776271792.968368,13587.940264946,-1.3866409063339233,-55.647098541259766,89.07061004638672,1.3866409063339233,-55.647098541259766,89.07061004638672,-1.3866409063339233,-55.647090911865234,89.07061004638672,1.3866409063339233,-55.647090911865234,89.07061004638672,Stop,Stepping
1776271792.9884927,13587.961966785,-1.3866409063339233,-55.647098541259766,89.07061004638672,1.3866409063339233,-55.647098541259766,89.07061004638672,-1.3866409063339233,-55.647090911865234,89.07061004638672,1.3866409063339233,-55.647090911865234,89.07061004638672,Stop,Stepping
1776271793.0085177,13588.054035987,-1.3866409063339233,-55.647098541259766,89.07061004638672,1.3866409063339233,-55.647098541259766,89.07061004638672,-1.3866409063339233,-55.647090911865234,89.07061004638672,1.3866409063339233,-55.647090911865234,89.07061004638672,Stop,Stepping
1776271793.0285058,13588.054742888,-1.3866409063339233,-55.647098541259766,89.07061004638672,1.3866409063339233,-55.647098541259766,89.07061004638672,-1.3866409063339233,-55.647090911865234,89.07061004638672,1.3866409063339233,-55.647090911865234,89.07061004638672,Stop,Stepping
1776271793.0485,13588.056344486,-1.3866409063339233,-55.647098541259766,89.07061004638672,1.3866409063339233,-55.647098541259766,89.07061004638672,-1.3866409063339233,-55.647090911865234,89.07061004638672,1.3866409063339233,-55.647090911865234,89.07061004638672,Stop,Stepping
1776271793.0684,13588.056625563,-1.3866409063339233,-55.647098541259766,89.07061004638672,1.3866409063339233,-55.647098541259766,89.07061004638672,-1.3866409063339233,-55.647090911865234,89.07061004638672,1.3866409063339233,-55.647090911865234,89.07061004638672,Stop,Stepping
1776271793.088378,13588.060228464,-1.3866409063339233,-55.647098541259766,89.07061004638672,1.3866409063339233,-55.647098541259766,89.07061004638672,-1.3866409063339233,-55.647090911865234,89.07061004638672,1.3866409063339233,-55.647090911865234,89.07061004638672,Stop,Stepping
1776271793.108562,13588.227660199,-1.3866409063339233,-55.647098541259766,89.07061004638672,1.3866409063339233,-55.647098541259766,89.07061004638672,-1.3866409063339233,-55.647090911865234,89.07061004638672,1.3866409063339233,-55.647090911865234,89.07061004638672,Stop,Stepping
1776271793.128548,13588.229148956,-1.3866409063339233,-55.647098541259766,89.07061004638672,1.3866409063339233,-55.647098541259766,89.07061004638672,-1.3866409063339233,-55.647090911865234,89.07061004638672,1.3866409063339233,-55.647090911865234,89.07061004638672,Stop,Stepping
1776271793.148506,13588.229511633,-1.3866409063339233,-55.647098541259766,89.07061004638672,1.3866409063339233,-55.647098541259766,89.07061004638672,-1.3866409063339233,-55.647090911865234,89.07061004638672,1.3866409063339233,-55.647090911865234,89.07061004638672,Stop,Stepping
1776271793.168512,13588.229877085,-1.3866409063339233,-55.647098541259766,89.07061004638672,1.3866409063339233,-55.647098541259766,89.07061004638672,-1.3866409063339233,-55.647090911865234,89.07061004638672,1.3866409063339233,-55.647090911865234,89.07061004638672,Stop,Stepping
1776271793.1885052,13588.230243813,-1.3866409063339233,-55.647098541259766,89.07061004638672,1.3866409063339233,-55.647098541259766,89.07061004638672,-1.3866409063339233,-55.647090911865234,89.07061004638672,1.3866409063339233,-55.647090911865234,89.07061004638672,Stop,Stepping
1776271793.2083757,13588.230615896,-1.3866409063339233,-55.647098541259766,89.07061004638672,1.3866409063339233,-55.647098541259766,89.07061004638672,-1.3866409063339233,-55.647090911865234,89.07061004638672,1.3866409063339233,-55.647090911865234,89.07061004638672,Stop,Stepping
1776271793.228359,13588.230981356,-1.3866409063339233,-55.647098541259766,89.07061004638672,1.3866409063339233,-55.647098541259766,89.07061004638672,-1.3866409063339233,-55.647090911865234,89.07061004638672,1.3866409063339233,-55.647090911865234,89.07061004638672,Stop,Stepping
1776271793.2483947,13588.231389629,-1.3866409063339233,-55.647098541259766,89.07061004638672,1.3866409063339233,-55.647098541259766,89.07061004638672,-1.3866409063339233,-55.647090911865234,89.07061004638672,1.3866409063339233,-55.647090911865234,89.07061004638672,Stop,Stepping
1776271793.2683594,13588.242049811,-1.3866409063339233,-55.647098541259766,89.07061004638672,1.3866409063339233,-55.647098541259766,89.07061004638672,-1.3866409063339233,-55.647090911865234,89.07061004638672,1.3866409063339233,-55.647090911865234,89.07061004638672,Stop,Stepping
1776271793.2883682,13588.270390024,-1.3866409063339233,-55.647098541259766,89.07061004638672,1.3866409063339233,-55.647098541259766,89.07061004638672,-1.3866409063339233,-55.647090911865234,89.07061004638672,1.3866409063339233,-55.647090911865234,89.07061004638672,Stop,Stepping
1776271793.3083987,13588.280081438,-1.3866409063339233,-55.647098541259766,89.07061004638672,1.3866409063339233,-55.647098541259766,89.07061004638672,-1.3866409063339233,-55.647090911865234,89.07061004638672,1.3866409063339233,-55.647090911865234,89.07061004638672,Stop,Stepping
1776271793.3283951,13588.300491497,-1.3866409063339233,-55.647098541259766,89.07061004638672,1.3866409063339233,-55.647098541259766,89.07061004638672,-1.3866409063339233,-55.647090911865234,89.07061004638672,1.3866409063339233,-55.647090911865234,89.07061004638672,Stop,Stepping
1776271793.3483615,13588.327265567,-1.3866409063339233,-55.647098541259766,89.07061004638672,1.3866409063339233,-55.647098541259766,89.07061004638672,-1.3866409063339233,-55.647090911865234,89.07061004638672,1.3866409063339233,-55.647090911865234,89.07061004638672,Stop,Stepping
1776271793.3683915,13588.35342286,-1.3866409063339233,-55.647098541259766,89.07061004638672,1.3866409063339233,-55.647098541259766,89.07061004638672,-1.3866409063339233,-55.647090911865234,89.07061004638672,1.3866409063339233,-55.647090911865234,89.07061004638672,Stop,Stepping
1776271793.3883786,13588.361442324,-1.3866409063339233,-55.647098541259766,89.07061004638672,1.3866409063339233,-55.647098541259766,89.07061004638672,-1.3866409063339233,-55.647090911865234,89.07061004638672,1.3866409063339233,-55.647090911865234,89.07061004638672,Stop,Stepping
1776271793.4084382,13588.429860804,-1.3866409063339233,-55.647098541259766,89.07061004638672,1.3866409063339233,-55.647098541259766,89.07061004638672,-1.3866409063339233,-55.647090911865234,89.07061004638672,1.3866409063339233,-55.647090911865234,89.07061004638672,Stop,Stepping
1776271793.4283915,13588.430208738,-1.3866409063339233,-55.647098541259766,89.07061004638672,1.3866409063339233,-55.647098541259766,89.07061004638672,-1.3866409063339233,-55.647090911865234,89.07061004638672,1.3866409063339233,-55.647090911865234,89.07061004638672,Stop,Stepping
1776271793.4483984,13588.430510637,-1.3866409063339233,-55.647098541259766,89.07061004638672,1.3866409063339233,-55.647098541259766,89.07061004638672,-1.3866409063339233,-55.647090911865234,89.07061004638672,1.3866409063339233,-55.647090911865234,89.07061004638672,Stop,Stepping
1776271793.4683905,13588.440118604,-1.3866409063339233,-55.647098541259766,89.07061004638672,1.3866409063339233,-55.647098541259766,89.07061004638672,-1.3866409063339233,-55.647090911865234,89.07061004638672,1.3866409063339233,-55.647090911865234,89.07061004638672,Stop,Stepping
1776271793.4884186,13588.459585826,-1.3866409063339233,-55.647098541259766,89.07061004638672,1.3866409063339233,-55.647098541259766,89.07061004638672,-1.3866409063339233,-55.647090911865234,89.07061004638672,1.3866409063339233,-55.647090911865234,89.07061004638672,Stop,Stepping
1776271793.5083685,13588.480876764,-1.3866409063339233,-55.647098541259766,89.07061004638672,1.3866409063339233,-55.647098541259766,89.07061004638672,-1.3866409063339233,-55.647090911865234,89.07061004638672,1.3866409063339233,-55.647090911865234,89.07061004638672,Stop,Stepping
1776271793.528381,13588.500606882,-1.3866409063339233,-55.647098541259766,89.07061004638672,1.3866409063339233,-55.647098541259766,89.07061004638672,-1.3866409063339233,-55.647090911865234,89.07061004638672,1.3866409063339233,-55.647090911865234,89.07061004638672,Stop,Stepping
1776271793.548396,13588.522345514,-1.3866409063339233,-55.647098541259766,89.07061004638672,1.3866409063339233,-55.647098541259766,89.07061004638672,-1.3866409063339233,-55.647090911865234,89.07061004638672,1.3866409063339233,-55.647090911865234,89.07061004638672,Stop,Stepping
1776271793.5683866,13588.539668517,-1.3866409063339233,-55.647098541259766,89.07061004638672,1.3866409063339233,-55.647098541259766,89.07061004638672,-1.3866409063339233,-55.647090911865234,89.07061004638672,1.3866409063339233,-55.647090911865234,89.07061004638672,Stop,Stepping
1776271793.588391,13588.559588784,-1.3866409063339233,-55.647098541259766,89.07061004638672,1.3866409063339233,-55.647098541259766,89.07061004638672,-1.3866409063339233,-55.647090911865234,89.07061004638672,1.3866409063339233,-55.647090911865234,89.07061004638672,Stop,Stepping
1776271793.6083364,13588.630404607,-1.3866409063339233,-55.647098541259766,89.07061004638672,1.3866409063339233,-55.647098541259766,89.07061004638672,-1.3866409063339233,-55.647090911865234,89.07061004638672,1.3866409063339233,-55.647090911865234,89.07061004638672,Stop,Stepping
1776271793.6283736,13588.631474808,-1.3866409063339233,-55.647098541259766,89.07061004638672,1.3866409063339233,-55.647098541259766,89.07061004638672,-1.3866409063339233,-55.647090911865234,89.07061004638672,1.3866409063339233,-55.647090911865234,89.07061004638672,Stop,Stepping
1776271793.648374,13588.631763319,-1.3866409063339233,-55.647098541259766,89.07061004638672,1.3866409063339233,-55.647098541259766,89.07061004638672,-1.3866409063339233,-55.647090911865234,89.07061004638672,1.3866409063339233,-55.647090911865234,89.07061004638672,Stop,Stepping
1776271793.6684153,13588.639614492,-1.3866409063339233,-55.647098541259766,89.07061004638672,1.3866409063339233,-55.647098541259766,89.07061004638672,-1.3866409063339233,-55.647090911865234,89.07061004638672,1.3866409063339233,-55.647090911865234,89.07061004638672,Stop,Stepping
1776271793.6883788,13588.660645192,-1.3866409063339233,-55.647098541259766,89.07061004638672,1.3866409063339233,-55.647098541259766,89.07061004638672,-1.3866409063339233,-55.647090911865234,89.07061004638672,1.3866409063339233,-55.647090911865234,89.07061004638672,Stop,Stepping
1776271793.7084136,13588.684150771,-1.3866409063339233,-55.647098541259766,89.07061004638672,1.3866409063339233,-55.647098541259766,89.07061004638672,-1.3866409063339233,-55.647090911865234,89.07061004638672,1.3866409063339233,-55.647090911865234,89.07061004638672,Stop,Stepping
1776271793.7283502,13588.699474963,-1.3866409063339233,-55.647098541259766,89.07061004638672,1.3866409063339233,-55.647098541259766,89.07061004638672,-1.3866409063339233,-55.647090911865234,89.07061004638672,1.3866409063339233,-55.647090911865234,89.07061004638672,Stop,Stepping
1776271793.7483714,13588.719695896,-1.3866409063339233,-55.647098541259766,89.07061004638672,1.3866409063339233,-55.647098541259766,89.07061004638672,-1.3866409063339233,-55.647090911865234,89.07061004638672,1.3866409063339233,-55.647090911865234,89.07061004638672,Stop,Stepping
1776271793.7683716,13588.739453278,-1.3866409063339233,-55.647098541259766,89.07061004638672,1.3866409063339233,-55.647098541259766,89.07061004638672,-1.3866409063339233,-55.647090911865234,89.07061004638672,1.3866409063339233,-55.647090911865234,89.07061004638672,Stop,Stepping
1776271793.788386,13588.762816651,-1.3866409063339233,-55.647098541259766,89.07061004638672,1.3866409063339233,-55.647098541259766,89.07061004638672,-1.3866409063339233,-55.647090911865234,89.07061004638672,1.3866409063339233,-55.647090911865234,89.07061004638672,Stop,Stepping
1776271793.8083653,13588.78903711,-1.3866409063339233,-55.647098541259766,89.07061004638672,1.3866409063339233,-55.647098541259766,89.07061004638672,-1.3866409063339233,-55.647090911865234,89.07061004638672,1.3866409063339233,-55.647090911865234,89.07061004638672,Stop,Stepping
1776271793.8283489,13588.800467724,-1.3866409063339233,-55.647098541259766,89.07061004638672,1.3866409063339233,-55.647098541259766,89.07061004638672,-1.3866409063339233,-55.647090911865234,89.07061004638672,1.3866409063339233,-55.647090911865234,89.07061004638672,Stop,Stepping
1776271793.8483543,13588.824274195,-1.3866409063339233,-55.647098541259766,89.07061004638672,1.3866409063339233,-55.647098541259766,89.07061004638672,-1.3866409063339233,-55.647090911865234,89.07061004638672,1.3866409063339233,-55.647090911865234,89.07061004638672,Stop,Stepping
1776271793.8683705,13588.841173991,-1.3866409063339233,-55.647098541259766,89.07061004638672,1.3866409063339233,-55.647098541259766,89.07061004638672,-1.3866409063339233,-55.647090911865234,89.07061004638672,1.3866409063339233,-55.647090911865234,89.07061004638672,Stop,Stepping
1776271793.888382,13588.860979067,-1.3866409063339233,-55.647098541259766,89.07061004638672,1.3866409063339233,-55.647098541259766,89.07061004638672,-1.3866409063339233,-55.647090911865234,89.07061004638672,1.3866409063339233,-55.647090911865234,89.07061004638672,Stop,Stepping
1776271793.9084005,13588.922903271,-1.3866409063339233,-55.647098541259766,89.07061004638672,1.3866409063339233,-55.647098541259766,89.07061004638672,-1.3866409063339233,-55.647090911865234,89.07061004638672,1.3866409063339233,-55.647090911865234,89.07061004638672,Stop,Stepping
1776271793.9283807,13588.923197974,-1.3866409063339233,-55.647098541259766,89.07061004638672,1.3866409063339233,-55.647098541259766,89.07061004638672,-1.3866409063339233,-55.647090911865234,89.07061004638672,1.3866409063339233,-55.647090911865234,89.07061004638672,Stop,Stepping
1776271793.9483824,13588.923984248,-1.3866409063339233,-55.647098541259766,89.07061004638672,1.3866409063339233,-55.647098541259766,89.07061004638672,-1.3866409063339233,-55.647090911865234,89.07061004638672,1.3866409063339233,-55.647090911865234,89.07061004638672,Stop,Stepping
1776271793.9683733,13588.943416975,-1.3866409063339233,-55.647098541259766,89.07061004638672,1.3866409063339233,-55.647098541259766,89.07061004638672,-1.3866409063339233,-55.647090911865234,89.07061004638672,1.3866409063339233,-55.647090911865234,89.07061004638672,Stop,Stepping
1776271793.988375,13588.962993598,-1.3866409063339233,-55.647098541259766,89.07061004638672,1.3866409063339233,-55.647098541259766,89.07061004638672,-1.3866409063339233,-55.647090911865234,89.07061004638672,1.3866409063339233,-55.647090911865234,89.07061004638672,Stop,Stepping
1776271794.0083666,13588.979901387,-1.3866409063339233,-55.647098541259766,89.07061004638672,1.3866409063339233,-55.647098541259766,89.07061004638672,-1.3866409063339233,-55.647090911865234,89.07061004638672,1.3866409063339233,-55.647090911865234,89.07061004638672,Stop,Stepping
1776271794.0283468,13589.001314811,-1.3866409063339233,-55.647098541259766,89.07061004638672,1.3866409063339233,-55.647098541259766,89.07061004638672,-1.3866409063339233,-55.647090911865234,89.07061004638672,1.3866409063339233,-55.647090911865234,89.07061004638672,Stop,Stepping
1776271794.0483994,13589.023778283,-1.3866409063339233,-55.647098541259766,89.07061004638672,1.3866409063339233,-55.647098541259766,89.07061004638672,-1.3866409063339233,-55.647090911865234,89.07061004638672,1.3866409063339233,-55.647090911865234,89.07061004638672,Stop,Stepping
1776271794.0684469,13589.041805155,-1.3866409063339233,-55.647098541259766,89.07061004638672,1.3866409063339233,-55.647098541259766,89.07061004638672,-1.3866409063339233,-55.647090911865234,89.07061004638672,1.3866409063339233,-55.647090911865234,89.07061004638672,Stop,Stepping
1776271794.088357,13589.0644605,-1.3866409063339233,-55.647098541259766,89.07061004638672,1.3866409063339233,-55.647098541259766,89.07061004638672,-1.3866409063339233,-55.647090911865234,89.07061004638672,1.3866409063339233,-55.647090911865234,89.07061004638672,Stop,Stepping
1776271794.1084187,13589.079746004,-1.3866409063339233,-55.647098541259766,89.07061004638672,1.3866409063339233,-55.647098541259766,89.07061004638672,-1.3866409063339233,-55.647090911865234,89.07061004638672,1.3866409063339233,-55.647090911865234,89.07061004638672,Stop,Stepping
1776271794.1283739,13589.102392823,-1.3866409063339233,-55.647098541259766,89.07061004638672,1.3866409063339233,-55.647098541259766,89.07061004638672,-1.3866409063339233,-55.647090911865234,89.07061004638672,1.3866409063339233,-55.647090911865234,89.07061004638672,Stop,Stepping
1776271794.1483734,13589.119526992,-1.3866409063339233,-55.647098541259766,89.07061004638672,1.3866409063339233,-55.647098541259766,89.07061004638672,-1.3866409063339233,-55.647090911865234,89.07061004638672,1.3866409063339233,-55.647090911865234,89.07061004638672,Stop,Stepping
1776271794.1683586,13589.143657473,-1.3866409063339233,-55.647098541259766,89.07061004638672,1.3866409063339233,-55.647098541259766,89.07061004638672,-1.3866409063339233,-55.647090911865234,89.07061004638672,1.3866409063339233,-55.647090911865234,89.07061004638672,Stop,Stepping
1776271794.1883614,13589.159604943,-1.3866409063339233,-55.647098541259766,89.07061004638672,1.3866409063339233,-55.647098541259766,89.07061004638672,-1.3866409063339233,-55.647090911865234,89.07061004638672,1.3866409063339233,-55.647090911865234,89.07061004638672,Stop,Stepping
1776271794.2083678,13589.194766374,-1.3866409063339233,-55.647098541259766,89.07061004638672,1.3866409063339233,-55.647098541259766,89.07061004638672,-1.3866409063339233,-55.647090911865234,89.07061004638672,1.3866409063339233,-55.647090911865234,89.07061004638672,Stop,Stepping
1776271794.2283592,13589.200204691,-1.3866409063339233,-55.647098541259766,89.07061004638672,1.3866409063339233,-55.647098541259766,89.07061004638672,-1.3866409063339233,-55.647090911865234,89.07061004638672,1.3866409063339233,-55.647090911865234,89.07061004638672,Stop,Stepping
1776271794.2483668,13589.219834396,-1.3866409063339233,-55.647098541259766,89.07061004638672,1.3866409063339233,-55.647098541259766,89.07061004638672,-1.3866409063339233,-55.647090911865234,89.07061004638672,1.3866409063339233,-55.647090911865234,89.07061004638672,Stop,Stepping
1776271794.2683735,13589.239562551,-1.3866409063339233,-55.647098541259766,89.07061004638672,1.3866409063339233,-55.647098541259766,89.07061004638672,-1.3866409063339233,-55.647090911865234,89.07061004638672,1.3866409063339233,-55.647090911865234,89.07061004638672,Stop,Stepping
1776271794.2884269,13589.259604319,-1.3866409063339233,-55.647098541259766,89.07061004638672,1.3866409063339233,-55.647098541259766,89.07061004638672,-1.3866409063339233,-55.647090911865234,89.07061004638672,1.3866409063339233,-55.647090911865234,89.07061004638672,Stop,Stepping
1776271794.308397,13589.281894515,-1.3866409063339233,-55.647098541259766,89.07061004638672,1.3866409063339233,-55.647098541259766,89.07061004638672,-1.3866409063339233,-55.647090911865234,89.07061004638672,1.3866409063339233,-55.647090911865234,89.07061004638672,Stop,Stepping
1776271794.3283672,13589.302883856,-1.3866409063339233,-55.647098541259766,89.07061004638672,1.3866409063339233,-55.647098541259766,89.07061004638672,-1.3866409063339233,-55.647090911865234,89.07061004638672,1.3866409063339233,-55.647090911865234,89.07061004638672,Stop,Stepping
1776271794.348365,13589.325212467,-1.3866409063339233,-55.647098541259766,89.07061004638672,1.3866409063339233,-55.647098541259766,89.07061004638672,-1.3866409063339233,-55.647090911865234,89.07061004638672,1.3866409063339233,-55.647090911865234,89.07061004638672,Stop,Stepping
1776271794.3683798,13589.349836075,-1.3866409063339233,-55.647098541259766,89.07061004638672,1.3866409063339233,-55.647098541259766,89.07061004638672,-1.3866409063339233,-55.647090911865234,89.07061004638672,1.3866409063339233,-55.647090911865234,89.07061004638672,Stop,Stepping
1776271794.3884263,13589.36098186,-1.3866409063339233,-55.647098541259766,89.07061004638672,1.3866409063339233,-55.647098541259766,89.07061004638672,-1.3866409063339233,-55.647090911865234,89.07061004638672,1.3866409063339233,-55.647090911865234,89.07061004638672,Stop,Stepping
1776271794.4083612,13589.37953829,-1.3866409063339233,-55.647098541259766,89.07061004638672,1.3866409063339233,-55.647098541259766,89.07061004638672,-1.3866409063339233,-55.647090911865234,89.07061004638672,1.3866409063339233,-55.647090911865234,89.07061004638672,Stop,Stepping
1776271794.4283981,13589.4051348,-1.3866409063339233,-55.647098541259766,89.07061004638672,1.3866409063339233,-55.647098541259766,89.07061004638672,-1.3866409063339233,-55.647090911865234,89.07061004638672,1.3866409063339233,-55.647090911865234,89.07061004638672,Stop,Stepping
1776271794.4484384,13589.433768498,-1.3866409063339233,-55.647098541259766,89.07061004638672,1.3866409063339233,-55.647098541259766,89.07061004638672,-1.3866409063339233,-55.647090911865234,89.07061004638672,1.3866409063339233,-55.647090911865234,89.07061004638672,Stop,Stepping
1776271794.4683955,13589.443822899,-1.3866409063339233,-55.647098541259766,89.07061004638672,1.3866409063339233,-55.647098541259766,89.07061004638672,-1.3866409063339233,-55.647090911865234,89.07061004638672,1.3866409063339233,-55.647090911865234,89.07061004638672,Stop,Stepping
1776271794.4883707,13589.460334103,-1.3866409063339233,-55.647098541259766,89.07061004638672,1.3866409063339233,-55.647098541259766,89.07061004638672,-1.3866409063339233,-55.647090911865234,89.07061004638672,1.3866409063339233,-55.647090911865234,89.07061004638672,Stop,Stepping
1776271794.508423,13589.481337924,-1.3866409063339233,-55.647098541259766,89.07061004638672,1.3866409063339233,-55.647098541259766,89.07061004638672,-1.3866409063339233,-55.647090911865234,89.07061004638672,1.3866409063339233,-55.647090911865234,89.07061004638672,Stop,Stepping
1776271794.5283623,13589.501992109,-1.3866409063339233,-55.647098541259766,89.07061004638672,1.3866409063339233,-55.647098541259766,89.07061004638672,-1.3866409063339233,-55.647090911865234,89.07061004638672,1.3866409063339233,-55.647090911865234,89.07061004638672,Stop,Stepping
1776271794.548416,13589.519462538,-1.3866409063339233,-55.647098541259766,89.07061004638672,1.3866409063339233,-55.647098541259766,89.07061004638672,-1.3866409063339233,-55.647090911865234,89.07061004638672,1.3866409063339233,-55.647090911865234,89.07061004638672,Stop,Stepping
1776271794.568367,13589.539651405,-1.3866409063339233,-55.647098541259766,89.07061004638672,1.3866409063339233,-55.647098541259766,89.07061004638672,-1.3866409063339233,-55.647090911865234,89.07061004638672,1.3866409063339233,-55.647090911865234,89.07061004638672,Stop,Stepping
1776271794.5884233,13589.613666081,-1.3866409063339233,-55.647098541259766,89.07061004638672,1.3866409063339233,-55.647098541259766,89.07061004638672,-1.3866409063339233,-55.647090911865234,89.07061004638672,1.3866409063339233,-55.647090911865234,89.07061004638672,Stop,Stepping
1776271794.608409,13589.613963145,-1.3866409063339233,-55.647098541259766,89.07061004638672,1.3866409063339233,-55.647098541259766,89.07061004638672,-1.3866409063339233,-55.647090911865234,89.07061004638672,1.3866409063339233,-55.647090911865234,89.07061004638672,Stop,Stepping
1776271794.628393,13589.614287614,-1.3866409063339233,-55.647098541259766,89.07061004638672,1.3866409063339233,-55.647098541259766,89.07061004638672,-1.3866409063339233,-55.647090911865234,89.07061004638672,1.3866409063339233,-55.647090911865234,89.07061004638672,Stop,Stepping
1776271794.648383,13589.619701182,-1.3866409063339233,-55.647098541259766,89.07061004638672,1.3866409063339233,-55.647098541259766,89.07061004638672,-1.3866409063339233,-55.647090911865234,89.07061004638672,1.3866409063339233,-55.647090911865234,89.07061004638672,Stop,Stepping
1776271794.6683788,13589.639700596,-1.3866409063339233,-55.647098541259766,89.07061004638672,1.3866409063339233,-55.647098541259766,89.07061004638672,-1.3866409063339233,-55.647090911865234,89.07061004638672,1.3866409063339233,-55.647090911865234,89.07061004638672,Stop,Stepping
1776271794.6883957,13589.669124329,-1.3866409063339233,-55.647098541259766,89.07061004638672,1.3866409063339233,-55.647098541259766,89.07061004638672,-1.3866409063339233,-55.647090911865234,89.07061004638672,1.3866409063339233,-55.647090911865234,89.07061004638672,Stop,Stepping
1776271794.7084248,13589.679737136,-1.3866409063339233,-55.647098541259766,89.07061004638672,1.3866409063339233,-55.647098541259766,89.07061004638672,-1.3866409063339233,-55.647090911865234,89.07061004638672,1.3866409063339233,-55.647090911865234,89.07061004638672,Stop,Stepping
1776271794.7283745,13589.714146514,-1.3866409063339233,-55.647098541259766,89.07061004638672,1.3866409063339233,-55.647098541259766,89.07061004638672,-1.3866409063339233,-55.647090911865234,89.07061004638672,1.3866409063339233,-55.647090911865234,89.07061004638672,Stop,Stepping
1776271794.7483587,13589.812317849,-1.3866409063339233,-55.647098541259766,89.07061004638672,1.3866409063339233,-55.647098541259766,89.07061004638672,-1.3866409063339233,-55.647090911865234,89.07061004638672,1.3866409063339233,-55.647090911865234,89.07061004638672,Stop,Stepping
1776271794.7683759,13589.813254362,-1.3866409063339233,-55.647098541259766,89.07061004638672,1.3866409063339233,-55.647098541259766,89.07061004638672,-1.3866409063339233,-55.647090911865234,89.07061004638672,1.3866409063339233,-55.647090911865234,89.07061004638672,Stop,Stepping
1776271794.7883775,13589.813621748,-1.3866409063339233,-55.647098541259766,89.07061004638672,1.3866409063339233,-55.647098541259766,89.07061004638672,-1.3866409063339233,-55.647090911865234,89.07061004638672,1.3866409063339233,-55.647090911865234,89.07061004638672,Stop,Stepping
1776271794.8083613,13589.813992298,-1.3866409063339233,-55.647098541259766,89.07061004638672,1.3866409063339233,-55.647098541259766,89.07061004638672,-1.3866409063339233,-55.647090911865234,89.07061004638672,1.3866409063339233,-55.647090911865234,89.07061004638672,Stop,Stepping
1776271794.8283708,13589.814360197,-1.3866409063339233,-55.647098541259766,89.07061004638672,1.3866409063339233,-55.647098541259766,89.07061004638672,-1.3866409063339233,-55.647090911865234,89.07061004638672,1.3866409063339233,-55.647090911865234,89.07061004638672,Stop,Stepping
1776271794.8483646,13589.869698021,-1.3866409063339233,-55.647098541259766,89.07061004638672,1.3866409063339233,-55.647098541259766,89.07061004638672,-1.3866409063339233,-55.647090911865234,89.07061004638672,1.3866409063339233,-55.647090911865234,89.07061004638672,Stop,Stepping
1776271794.8683689,13589.870279007,-1.3866409063339233,-55.647098541259766,89.07061004638672,1.3866409063339233,-55.647098541259766,89.07061004638672,-1.3866409063339233,-55.647090911865234,89.07061004638672,1.3866409063339233,-55.647090911865234,89.07061004638672,Stop,Stepping
1776271794.8883548,13589.871621346,-1.3866409063339233,-55.647098541259766,89.07061004638672,1.3866409063339233,-55.647098541259766,89.07061004638672,-1.3866409063339233,-55.647090911865234,89.07061004638672,1.3866409063339233,-55.647090911865234,89.07061004638672,Stop,Stepping
1776271794.9083688,13589.90398356,-1.3866409063339233,-55.647098541259766,89.07061004638672,1.3866409063339233,-55.647098541259766,89.07061004638672,-1.3866409063339233,-55.647090911865234,89.07061004638672,1.3866409063339233,-55.647090911865234,89.07061004638672,Stop,Stepping
1776271794.9283736,13589.906161662,-1.3866409063339233,-55.647098541259766,89.07061004638672,1.3866409063339233,-55.647098541259766,89.07061004638672,-1.3866409063339233,-55.647090911865234,89.07061004638672,1.3866409063339233,-55.647090911865234,89.07061004638672,Stop,Stepping
1776271794.9485538,13589.92083806,-1.3866409063339233,-55.647098541259766,89.07061004638672,1.3866409063339233,-55.647098541259766,89.07061004638672,-1.3866409063339233,-55.647090911865234,89.07061004638672,1.3866409063339233,-55.647090911865234,89.07061004638672,Stop,Stepping
1776271794.968585,13589.945906755,-1.3866409063339233,-55.647098541259766,89.07061004638672,1.3866409063339233,-55.647098541259766,89.07061004638672,-1.3866409063339233,-55.647090911865234,89.07061004638672,1.3866409063339233,-55.647090911865234,89.07061004638672,Stop,Stepping
1776271794.9885485,13590.043750258,-1.3866409063339233,-55.647098541259766,89.07061004638672,1.3866409063339233,-55.647098541259766,89.07061004638672,-1.3866409063339233,-55.647090911865234,89.07061004638672,1.3866409063339233,-55.647090911865234,89.07061004638672,Stop,Stepping
1776271795.0084145,13590.04405916,-1.3866409063339233,-55.647098541259766,89.07061004638672,1.3866409063339233,-55.647098541259766,89.07061004638672,-1.3866409063339233,-55.647090911865234,89.07061004638672,1.3866409063339233,-55.647090911865234,89.07061004638672,Stop,Stepping
1776271795.0284383,13590.04551143,-1.3866409063339233,-55.647098541259766,89.07061004638672,1.3866409063339233,-55.647098541259766,89.07061004638672,-1.3866409063339233,-55.647090911865234,89.07061004638672,1.3866409063339233,-55.647090911865234,89.07061004638672,Stop,Stepping
1776271795.0484064,13590.045872527,-1.3866409063339233,-55.647098541259766,89.07061004638672,1.3866409063339233,-55.647098541259766,89.07061004638672,-1.3866409063339233,-55.647090911865234,89.07061004638672,1.3866409063339233,-55.647090911865234,89.07061004638672,Stop,Stepping
1776271795.0683844,13590.04628253,-1.3866409063339233,-55.647098541259766,89.07061004638672,1.3866409063339233,-55.647098541259766,89.07061004638672,-1.3866409063339233,-55.647090911865234,89.07061004638672,1.3866409063339233,-55.647090911865234,89.07061004638672,Stop,Stepping
1776271795.0884218,13590.095089772,-1.3866409063339233,-55.647098541259766,89.07061004638672,1.3866409063339233,-55.647098541259766,89.07061004638672,-1.3866409063339233,-55.647090911865234,89.07061004638672,1.3866409063339233,-55.647090911865234,89.07061004638672,Stop,Stepping
1776271795.1083837,13590.095395475,-1.3866409063339233,-55.647098541259766,89.07061004638672,1.3866409063339233,-55.647098541259766,89.07061004638672,-1.3866409063339233,-55.647090911865234,89.07061004638672,1.3866409063339233,-55.647090911865234,89.07061004638672,Stop,Stepping
1776271795.1283991,13590.106111585,-1.3866409063339233,-55.647098541259766,89.07061004638672,1.3866409063339233,-55.647098541259766,89.07061004638672,-1.3866409063339233,-55.647090911865234,89.07061004638672,1.3866409063339233,-55.647090911865234,89.07061004638672,Stop,Stepping
1776271795.1484153,13590.121563517,-1.3866409063339233,-55.647098541259766,89.07061004638672,1.3866409063339233,-55.647098541259766,89.07061004638672,-1.3866409063339233,-55.647090911865234,89.07061004638672,1.3866409063339233,-55.647090911865234,89.07061004638672,Stop,Stepping
1776271795.168409,13590.145644937,-1.3866409063339233,-55.647098541259766,89.07061004638672,1.3866409063339233,-55.647098541259766,89.07061004638672,-1.3866409063339233,-55.647090911865234,89.07061004638672,1.3866409063339233,-55.647090911865234,89.07061004638672,Stop,Stepping
1776271795.1883855,13590.160519515,-1.3866409063339233,-55.647098541259766,89.07061004638672,1.3866409063339233,-55.647098541259766,89.07061004638672,-1.3866409063339233,-55.647090911865234,89.07061004638672,1.3866409063339233,-55.647090911865234,89.07061004638672,Stop,Stepping
1776271795.208386,13590.184952466,-1.3866409063339233,-55.647098541259766,89.07061004638672,1.3866409063339233,-55.647098541259766,89.07061004638672,-1.3866409063339233,-55.647090911865234,89.07061004638672,1.3866409063339233,-55.647090911865234,89.07061004638672,Stop,Stepping
1776271795.2284353,13590.213169975,-1.3866409063339233,-55.647098541259766,89.07061004638672,1.3866409063339233,-55.647098541259766,89.07061004638672,-1.3866409063339233,-55.647090911865234,89.07061004638672,1.3866409063339233,-55.647090911865234,89.07061004638672,Stop,Stepping
1776271795.2483845,13590.226198807,-1.3866409063339233,-55.647098541259766,89.07061004638672,1.3866409063339233,-55.647098541259766,89.07061004638672,-1.3866409063339233,-55.647090911865234,89.07061004638672,1.3866409063339233,-55.647090911865234,89.07061004638672,Stop,Stepping
1776271795.2685878,13590.240309045,-1.3866409063339233,-55.647098541259766,89.07061004638672,1.3866409063339233,-55.647098541259766,89.07061004638672,-1.3866409063339233,-55.647090911865234,89.07061004638672,1.3866409063339233,-55.647090911865234,89.07061004638672,Stop,Stepping
1776271795.2885852,13590.2725161,-1.3866409063339233,-55.647098541259766,89.07061004638672,1.3866409063339233,-55.647098541259766,89.07061004638672,-1.3866409063339233,-55.647090911865234,89.07061004638672,1.3866409063339233,-55.647090911865234,89.07061004638672,Stop,Stepping
1776271795.3083813,13590.283214683,-1.3866409063339233,-55.647098541259766,89.07061004638672,1.3866409063339233,-55.647098541259766,89.07061004638672,-1.3866409063339233,-55.647090911865234,89.07061004638672,1.3866409063339233,-55.647090911865234,89.07061004638672,Stop,Stepping
1776271795.328412,13590.300410206,-1.3866409063339233,-55.647098541259766,89.07061004638672,1.3866409063339233,-55.647098541259766,89.07061004638672,-1.3866409063339233,-55.647090911865234,89.07061004638672,1.3866409063339233,-55.647090911865234,89.07061004638672,Stop,Stepping
1776271795.3484235,13590.319820274,-1.3866409063339233,-55.647098541259766,89.07061004638672,1.3866409063339233,-55.647098541259766,89.07061004638672,-1.3866409063339233,-55.647090911865234,89.07061004638672,1.3866409063339233,-55.647090911865234,89.07061004638672,Stop,Stepping
1776271795.36863,13590.340416285,-1.3866409063339233,-55.647098541259766,89.07061004638672,1.3866409063339233,-55.647098541259766,89.07061004638672,-1.3866409063339233,-55.647090911865234,89.07061004638672,1.3866409063339233,-55.647090911865234,89.07061004638672,Stop,Stepping
1776271795.388579,13590.364297126,-1.3866409063339233,-55.647098541259766,89.07061004638672,1.3866409063339233,-55.647098541259766,89.07061004638672,-1.3866409063339233,-55.647090911865234,89.07061004638672,1.3866409063339233,-55.647090911865234,89.07061004638672,Stop,Stepping
1776271795.4085739,13590.380008254,-1.3866409063339233,-55.647098541259766,89.07061004638672,1.3866409063339233,-55.647098541259766,89.07061004638672,-1.3866409063339233,-55.647090911865234,89.07061004638672,1.3866409063339233,-55.647090911865234,89.07061004638672,Stop,Stepping
1776271795.4285946,13590.399809649,-1.3866409063339233,-55.647098541259766,89.07061004638672,1.3866409063339233,-55.647098541259766,89.07061004638672,-1.3866409063339233,-55.647090911865234,89.07061004638672,1.3866409063339233,-55.647090911865234,89.07061004638672,Stop,Stepping
1776271795.4485822,13590.428813356,-1.3866409063339233,-55.647098541259766,89.07061004638672,1.3866409063339233,-55.647098541259766,89.07061004638672,-1.3866409063339233,-55.647090911865234,89.07061004638672,1.3866409063339233,-55.647090911865234,89.07061004638672,Stop,Stepping
1776271795.468538,13590.440379069,-1.3866409063339233,-55.647098541259766,89.07061004638672,1.3866409063339233,-55.647098541259766,89.07061004638672,-1.3866409063339233,-55.647090911865234,89.07061004638672,1.3866409063339233,-55.647090911865234,89.07061004638672,Stop,Stepping
1776271795.488591,13590.460458173,-1.3866409063339233,-55.647098541259766,89.07061004638672,1.3866409063339233,-55.647098541259766,89.07061004638672,-1.3866409063339233,-55.647090911865234,89.07061004638672,1.3866409063339233,-55.647090911865234,89.07061004638672,Stop,Stepping
1776271795.5085807,13590.481320484,-1.3866409063339233,-55.647098541259766,89.07061004638672,1.3866409063339233,-55.647098541259766,89.07061004638672,-1.3866409063339233,-55.647090911865234,89.07061004638672,1.3866409063339233,-55.647090911865234,89.07061004638672,Stop,Stepping
1776271795.5285594,13590.499999583,-1.3866409063339233,-55.647098541259766,89.07061004638672,1.3866409063339233,-55.647098541259766,89.07061004638672,-1.3866409063339233,-55.647090911865234,89.07061004638672,1.3866409063339233,-55.647090911865234,89.07061004638672,Stop,Stepping
1776271795.548348,13590.520412385,-1.3866409063339233,-55.647098541259766,89.07061004638672,1.3866409063339233,-55.647098541259766,89.07061004638672,-1.3866409063339233,-55.647090911865234,89.07061004638672,1.3866409063339233,-55.647090911865234,89.07061004638672,Stop,Stepping
1776271795.5683386,13590.544592502,-1.3866409063339233,-55.647098541259766,89.07061004638672,1.3866409063339233,-55.647098541259766,89.07061004638672,-1.3866409063339233,-55.647090911865234,89.07061004638672,1.3866409063339233,-55.647090911865234,89.07061004638672,Stop,Stepping
1776271795.58835,13590.561388757,-1.3866409063339233,-55.647098541259766,89.07061004638672,1.3866409063339233,-55.647098541259766,89.07061004638672,-1.3866409063339233,-55.647090911865234,89.07061004638672,1.3866409063339233,-55.647090911865234,89.07061004638672,Stop,Stepping
1776271795.6085396,13590.583618598,-1.3866409063339233,-55.647098541259766,89.07061004638672,1.3866409063339233,-55.647098541259766,89.07061004638672,-1.3866409063339233,-55.647090911865234,89.07061004638672,1.3866409063339233,-55.647090911865234,89.07061004638672,Stop,Stepping
1776271795.628607,13590.604463126,-1.3866409063339233,-55.647098541259766,89.07061004638672,1.3866409063339233,-55.647098541259766,89.07061004638672,-1.3866409063339233,-55.647090911865234,89.07061004638672,1.3866409063339233,-55.647090911865234,89.07061004638672,Stop,Stepping
1776271795.6485333,13590.626918854,-1.3866409063339233,-55.647098541259766,89.07061004638672,1.3866409063339233,-55.647098541259766,89.07061004638672,-1.3866409063339233,-55.647090911865234,89.07061004638672,1.3866409063339233,-55.647090911865234,89.07061004638672,Stop,Stepping
1776271795.6684082,13590.641792837,-1.3866409063339233,-55.647098541259766,89.07061004638672,1.3866409063339233,-55.647098541259766,89.07061004638672,-1.3866409063339233,-55.647090911865234,89.07061004638672,1.3866409063339233,-55.647090911865234,89.07061004638672,Stop,Stepping
1776271795.688381,13590.659621019,-1.3866409063339233,-55.647098541259766,89.07061004638672,1.3866409063339233,-55.647098541259766,89.07061004638672,-1.3866409063339233,-55.647090911865234,89.07061004638672,1.3866409063339233,-55.647090911865234,89.07061004638672,Stop,Stepping
1776271795.7083647,13590.679962782,-1.3866409063339233,-55.647098541259766,89.07061004638672,1.3866409063339233,-55.647098541259766,89.07061004638672,-1.3866409063339233,-55.647090911865234,89.07061004638672,1.3866409063339233,-55.647090911865234,89.07061004638672,Stop,Stepping
1776271795.7284482,13590.699823241,-1.3866409063339233,-55.647098541259766,89.07061004638672,1.3866409063339233,-55.647098541259766,89.07061004638672,-1.3866409063339233,-55.647090911865234,89.07061004638672,1.3866409063339233,-55.647090911865234,89.07061004638672,Stop,Stepping
1776271795.7483914,13590.721445388,-1.3866409063339233,-55.647098541259766,89.07061004638672,1.3866409063339233,-55.647098541259766,89.07061004638672,-1.3866409063339233,-55.647090911865234,89.07061004638672,1.3866409063339233,-55.647090911865234,89.07061004638672,Stop,Stepping
1776271795.7684517,13590.744755806,-1.3866409063339233,-55.647098541259766,89.07061004638672,1.3866409063339233,-55.647098541259766,89.07061004638672,-1.3866409063339233,-55.647090911865234,89.07061004638672,1.3866409063339233,-55.647090911865234,89.07061004638672,Stop,Stepping
1776271795.7884097,13590.767137033,-1.3866409063339233,-55.647098541259766,89.07061004638672,1.3866409063339233,-55.647098541259766,89.07061004638672,-1.3866409063339233,-55.647090911865234,89.07061004638672,1.3866409063339233,-55.647090911865234,89.07061004638672,Stop,Stepping
1776271795.8084633,13590.780426087,-1.3866409063339233,-55.647098541259766,89.07061004638672,1.3866409063339233,-55.647098541259766,89.07061004638672,-1.3866409063339233,-55.647090911865234,89.07061004638672,1.3866409063339233,-55.647090911865234,89.07061004638672,Stop,Stepping
1776271795.8283975,13590.802469202,-1.3866409063339233,-55.647098541259766,89.07061004638672,1.3866409063339233,-55.647098541259766,89.07061004638672,-1.3866409063339233,-55.647090911865234,89.07061004638672,1.3866409063339233,-55.647090911865234,89.07061004638672,Stop,Stepping
1776271795.8483965,13590.819829506,-1.3866409063339233,-55.647098541259766,89.07061004638672,1.3866409063339233,-55.647098541259766,89.07061004638672,-1.3866409063339233,-55.647090911865234,89.07061004638672,1.3866409063339233,-55.647090911865234,89.07061004638672,Stop,Stepping
1776271795.868377,13590.839726621,-1.3866409063339233,-55.647098541259766,89.07061004638672,1.3866409063339233,-55.647098541259766,89.07061004638672,-1.3866409063339233,-55.647090911865234,89.07061004638672,1.3866409063339233,-55.647090911865234,89.07061004638672,Stop,Stepping
1776271795.8883839,13590.859716843,-1.3866409063339233,-55.647098541259766,89.07061004638672,1.3866409063339233,-55.647098541259766,89.07061004638672,-1.3866409063339233,-55.647090911865234,89.07061004638672,1.3866409063339233,-55.647090911865234,89.07061004638672,Stop,Stepping
1776271795.9084144,13590.881553152,-1.3866409063339233,-55.647098541259766,89.07061004638672,1.3866409063339233,-55.647098541259766,89.07061004638672,-1.3866409063339233,-55.647090911865234,89.07061004638672,1.3866409063339233,-55.647090911865234,89.07061004638672,Stop,Stepping
1776271795.9284096,13590.910402921,-1.3866409063339233,-55.647098541259766,89.07061004638672,1.3866409063339233,-55.647098541259766,89.07061004638672,-1.3866409063339233,-55.647090911865234,89.07061004638672,1.3866409063339233,-55.647090911865234,89.07061004638672,Stop,Stepping
1776271795.948386,13590.921117732,-1.3866409063339233,-55.647098541259766,89.07061004638672,1.3866409063339233,-55.647098541259766,89.07061004638672,-1.3866409063339233,-55.647090911865234,89.07061004638672,1.3866409063339233,-55.647090911865234,89.07061004638672,Stop,Stepping
1776271795.9683921,13590.94015344,-1.3866409063339233,-55.647098541259766,89.07061004638672,1.3866409063339233,-55.647098541259766,89.07061004638672,-1.3866409063339233,-55.647090911865234,89.07061004638672,1.3866409063339233,-55.647090911865234,89.07061004638672,Stop,Stepping
1776271795.988402,13590.960740419,-1.3866409063339233,-55.647098541259766,89.07061004638672,1.3866409063339233,-55.647098541259766,89.07061004638672,-1.3866409063339233,-55.647090911865234,89.07061004638672,1.3866409063339233,-55.647090911865234,89.07061004638672,Stop,Stepping
1776271796.00839,13590.979885975,-1.3866409063339233,-55.647098541259766,89.07061004638672,1.3866409063339233,-55.647098541259766,89.07061004638672,-1.3866409063339233,-55.647090911865234,89.07061004638672,1.3866409063339233,-55.647090911865234,89.07061004638672,Stop,Stepping
1776271796.0283782,13591.001526011,-1.3866409063339233,-55.647098541259766,89.07061004638672,1.3866409063339233,-55.647098541259766,89.07061004638672,-1.3866409063339233,-55.647090911865234,89.07061004638672,1.3866409063339233,-55.647090911865234,89.07061004638672,Stop,Stepping
1776271796.0483868,13591.024353669,-1.3866409063339233,-55.647098541259766,89.07061004638672,1.3866409063339233,-55.647098541259766,89.07061004638672,-1.3866409063339233,-55.647090911865234,89.07061004638672,1.3866409063339233,-55.647090911865234,89.07061004638672,Stop,Stepping
1776271796.068397,13591.040935234,-1.3866409063339233,-55.647098541259766,89.07061004638672,1.3866409063339233,-55.647098541259766,89.07061004638672,-1.3866409063339233,-55.647090911865234,89.07061004638672,1.3866409063339233,-55.647090911865234,89.07061004638672,Stop,Stepping
1776271796.0884132,13591.060366729,-1.3866409063339233,-55.647098541259766,89.07061004638672,1.3866409063339233,-55.647098541259766,89.07061004638672,-1.3866409063339233,-55.647090911865234,89.07061004638672,1.3866409063339233,-55.647090911865234,89.07061004638672,Stop,Stepping
1776271796.1083658,13591.079401706,-1.3866409063339233,-55.647098541259766,89.07061004638672,1.3866409063339233,-55.647098541259766,89.07061004638672,-1.3866409063339233,-55.647090911865234,89.07061004638672,1.3866409063339233,-55.647090911865234,89.07061004638672,Stop,Stepping
1776271796.1283877,13591.100284521,-1.3866409063339233,-55.647098541259766,89.07061004638672,1.3866409063339233,-55.647098541259766,89.07061004638672,-1.3866409063339233,-55.647090911865234,89.07061004638672,1.3866409063339233,-55.647090911865234,89.07061004638672,Stop,Stepping
1776271796.1483676,13591.121306403,-1.3866409063339233,-55.647098541259766,89.07061004638672,1.3866409063339233,-55.647098541259766,89.07061004638672,-1.3866409063339233,-55.647090911865234,89.07061004638672,1.3866409063339233,-55.647090911865234,89.07061004638672,Stop,Stepping
1776271796.1684384,13591.140282344,-1.3866409063339233,-55.647098541259766,89.07061004638672,1.3866409063339233,-55.647098541259766,89.07061004638672,-1.3866409063339233,-55.647090911865234,89.07061004638672,1.3866409063339233,-55.647090911865234,89.07061004638672,Stop,Stepping
1776271796.1883826,13591.159917284,-1.3866409063339233,-55.647098541259766,89.07061004638672,1.3866409063339233,-55.647098541259766,89.07061004638672,-1.3866409063339233,-55.647090911865234,89.07061004638672,1.3866409063339233,-55.647090911865234,89.07061004638672,Stop,Stepping
1776271796.2083757,13591.194058861,-1.3866409063339233,-55.647098541259766,89.07061004638672,1.3866409063339233,-55.647098541259766,89.07061004638672,-1.3866409063339233,-55.647090911865234,89.07061004638672,1.3866409063339233,-55.647090911865234,89.07061004638672,Stop,Stepping
1776271796.228373,13591.205425751,-1.3866409063339233,-55.647098541259766,89.07061004638672,1.3866409063339233,-55.647098541259766,89.07061004638672,-1.3866409063339233,-55.647090911865234,89.07061004638672,1.3866409063339233,-55.647090911865234,89.07061004638672,Stop,Stepping
1776271796.2483873,13591.222785138,-1.3866409063339233,-55.647098541259766,89.07061004638672,1.3866409063339233,-55.647098541259766,89.07061004638672,-1.3866409063339233,-55.647090911865234,89.07061004638672,1.3866409063339233,-55.647090911865234,89.07061004638672,Stop,Stepping
1776271796.2683804,13591.239878739,-1.3866409063339233,-55.647098541259766,89.07061004638672,1.3866409063339233,-55.647098541259766,89.07061004638672,-1.3866409063339233,-55.647090911865234,89.07061004638672,1.3866409063339233,-55.647090911865234,89.07061004638672,Stop,Stepping
1776271796.2883677,13591.259387373,-1.3866409063339233,-55.647098541259766,89.07061004638672,1.3866409063339233,-55.647098541259766,89.07061004638672,-1.3866409063339233,-55.647090911865234,89.07061004638672,1.3866409063339233,-55.647090911865234,89.07061004638672,Stop,Stepping
1776271796.3083801,13591.282635286,-1.3866409063339233,-55.647098541259766,89.07061004638672,1.3866409063339233,-55.647098541259766,89.07061004638672,-1.3866409063339233,-55.647090911865234,89.07061004638672,1.3866409063339233,-55.647090911865234,89.07061004638672,Stop,Stepping
1776271796.328373,13591.30210614,-1.3866409063339233,-55.647098541259766,89.07061004638672,1.3866409063339233,-55.647098541259766,89.07061004638672,-1.3866409063339233,-55.647090911865234,89.07061004638672,1.3866409063339233,-55.647090911865234,89.07061004638672,Stop,Stepping
1776271796.3483882,13591.327185213,-1.3866409063339233,-55.647098541259766,89.07061004638672,1.3866409063339233,-55.647098541259766,89.07061004638672,-1.3866409063339233,-55.647090911865234,89.07061004638672,1.3866409063339233,-55.647090911865234,89.07061004638672,Stop,Stepping
1776271796.3683782,13591.339717459,-1.3866409063339233,-55.647098541259766,89.07061004638672,1.3866409063339233,-55.647098541259766,89.07061004638672,-1.3866409063339233,-55.647090911865234,89.07061004638672,1.3866409063339233,-55.647090911865234,89.07061004638672,Stop,Stepping
1776271796.3886287,13591.360397212,-1.3866409063339233,-55.647098541259766,89.07061004638672,1.3866409063339233,-55.647098541259766,89.07061004638672,-1.3866409063339233,-55.647090911865234,89.07061004638672,1.3866409063339233,-55.647090911865234,89.07061004638672,Stop,Stepping
1776271796.4083722,13591.383308364,-1.3866409063339233,-55.647098541259766,89.07061004638672,1.3866409063339233,-55.647098541259766,89.07061004638672,-1.3866409063339233,-55.647090911865234,89.07061004638672,1.3866409063339233,-55.647090911865234,89.07061004638672,Stop,Stepping
1776271796.4283817,13591.399885445,-1.3866409063339233,-55.647098541259766,89.07061004638672,1.3866409063339233,-55.647098541259766,89.07061004638672,-1.3866409063339233,-55.647090911865234,89.07061004638672,1.3866409063339233,-55.647090911865234,89.07061004638672,Stop,Stepping
1776271796.4483857,13591.421734943,-1.3866409063339233,-55.647098541259766,89.07061004638672,1.3866409063339233,-55.647098541259766,89.07061004638672,-1.3866409063339233,-55.647090911865234,89.07061004638672,1.3866409063339233,-55.647090911865234,89.07061004638672,Stop,Stepping
1776271796.4684272,13591.444289368,-1.3866409063339233,-55.647098541259766,89.07061004638672,1.3866409063339233,-55.647098541259766,89.07061004638672,-1.3866409063339233,-55.647090911865234,89.07061004638672,1.3866409063339233,-55.647090911865234,89.07061004638672,Stop,Stepping
1776271796.4883883,13591.459683812,-1.3866409063339233,-55.647098541259766,89.07061004638672,1.3866409063339233,-55.647098541259766,89.07061004638672,-1.3866409063339233,-55.647090911865234,89.07061004638672,1.3866409063339233,-55.647090911865234,89.07061004638672,Stop,Stepping
1776271796.5084262,13591.480186392,-1.3866409063339233,-55.647098541259766,89.07061004638672,1.3866409063339233,-55.647098541259766,89.07061004638672,-1.3866409063339233,-55.647090911865234,89.07061004638672,1.3866409063339233,-55.647090911865234,89.07061004638672,Stop,Stepping
1776271796.5284367,13591.501370653,-1.3866409063339233,-55.647098541259766,89.07061004638672,1.3866409063339233,-55.647098541259766,89.07061004638672,-1.3866409063339233,-55.647090911865234,89.07061004638672,1.3866409063339233,-55.647090911865234,89.07061004638672,Stop,Stepping
1776271796.5483975,13591.522469972,-1.3866409063339233,-55.647098541259766,89.07061004638672,1.3866409063339233,-55.647098541259766,89.07061004638672,-1.3866409063339233,-55.647090911865234,89.07061004638672,1.3866409063339233,-55.647090911865234,89.07061004638672,Stop,Stepping
1776271796.568393,13591.539613258,-1.3866409063339233,-55.647098541259766,89.07061004638672,1.3866409063339233,-55.647098541259766,89.07061004638672,-1.3866409063339233,-55.647090911865234,89.07061004638672,1.3866409063339233,-55.647090911865234,89.07061004638672,Stop,Stepping
1776271796.5883944,13591.56733576,-1.3866409063339233,-55.647098541259766,89.07061004638672,1.3866409063339233,-55.647098541259766,89.07061004638672,-1.3866409063339233,-55.647090911865234,89.07061004638672,1.3866409063339233,-55.647090911865234,89.07061004638672,Stop,Stepping
1776271796.608398,13591.585141397,-1.3866409063339233,-55.647098541259766,89.07061004638672,1.3866409063339233,-55.647098541259766,89.07061004638672,-1.3866409063339233,-55.647090911865234,89.07061004638672,1.3866409063339233,-55.647090911865234,89.07061004638672,Stop,Stepping
1776271796.6283882,13591.60332639,-1.3866409063339233,-55.647098541259766,89.07061004638672,1.3866409063339233,-55.647098541259766,89.07061004638672,-1.3866409063339233,-55.647090911865234,89.07061004638672,1.3866409063339233,-55.647090911865234,89.07061004638672,Stop,Stepping
1776271796.6483974,13591.6248651,-1.3866409063339233,-55.647098541259766,89.07061004638672,1.3866409063339233,-55.647098541259766,89.07061004638672,-1.3866409063339233,-55.64708709716797,89.07061004638672,1.3866409063339233,-55.64708709716797,89.07061004638672,Stop,Stepping
1776271796.6683993,13591.641598602,-1.386637806892395,-55.647098541259766,89.07061004638672,1.3866347074508667,-55.647098541259766,89.07061004638672,-1.3866409063339233,-55.64708709716797,89.07061004638672,1.3866409063339233,-55.64708709716797,89.07061004638672,Stop,Stepping
1776271796.6884036,13591.685686752,-1.3864811658859253,-55.647037506103516,89.0709228515625,1.3864458799362183,-55.64703369140625,89.0708999633789,-1.3864836692810059,-55.64693832397461,89.07088470458984,1.3864710330963135,-55.64695739746094,89.07086181640625,Stop,Stepping
1776271796.7084584,13591.685979558,-1.3857290744781494,-55.64674377441406,89.07233428955078,1.385540246963501,-55.646728515625,89.07228088378906,-1.3857479095458984,-55.64624786376953,89.07218170166016,1.3856706619262695,-55.64633560180664,89.07207489013672,Stop,Stepping
1776271796.7283802,13591.711478247,-1.3866252899169922,-55.647090911865234,89.07064056396484,1.3866221904754639,-55.647090911865234,89.07064056396484,-1.3866252899169922,-55.6470832824707,89.07064056396484,1.386628270149231,-55.6470832824707,89.07064056396484,Stop,Stepping
1776271796.7483737,13591.723852861,-1.386631965637207,-55.647098541259766,89.07063293457031,1.3866286277770996,-55.647090911865234,89.07061767578125,-1.3866347074508667,-55.6470832824707,89.07061767578125,1.3866347074508667,-55.6470832824707,89.07061767578125,Stop,Stepping
1776271796.7684047,13591.75873089,-1.386637806892395,-55.647098541259766,89.07061004638672,1.3866347074508667,-55.647098541259766,89.07061004638672,-1.3866409063339233,-55.64708709716797,89.07061004638672,1.3866409063339233,-55.64708709716797,89.07061004638672,Stop,Stepping
1776271796.788387,13591.764065981,-1.3864970207214355,-55.647037506103516,89.07087707519531,1.386465072631836,-55.647037506103516,89.07087707519531,-1.3864964246749878,-55.6469612121582,89.07086181640625,1.386489748954773,-55.646968841552734,89.07083129882812,Stop,Stepping
1776271796.8083787,13591.781749659,-1.3866409063339233,-55.647098541259766,89.07061004638672,1.3866409063339233,-55.647098541259766,89.07061004638672,-1.3866409063339233,-55.64708709716797,89.07061004638672,1.3866409063339233,-55.64708709716797,89.07061004638672,Stop,Stepping
1776271796.8284137,13591.804938962,-1.3865469694137573,-55.647064208984375,89.07078552246094,1.38652765750885,-55.64705276489258,89.0707778930664,-1.3865469694137573,-55.647010803222656,89.0707778930664,1.3865400552749634,-55.64701461791992,89.07077026367188,Stop,Stepping
1776271796.8483865,13591.873707193,-1.385957956314087,-55.6468391418457,89.07191467285156,1.385817289352417,-55.64682388305664,89.0718765258789,-1.3859713077545166,-55.646461486816406,89.07179260253906,1.3859162330627441,-55.64651870727539,89.07170104980469,Stop,Stepping
1776271796.8684442,13591.873992268,-1.3844252824783325,-55.646240234375,89.0748062133789,1.3839747905731201,-55.64619827270508,89.07469177246094,-1.3844707012176514,-55.64504623413086,89.0744400024414,1.384284257888794,-55.6452522277832,89.07415771484375,Stop,Stepping
1776271796.8884342,13591.875049816,-1.3815233707427979,-55.6451301574707,89.08033752441406,1.3804782629013062,-55.64501953125,89.08003997802734,-1.3816205263137817,-55.642364501953125,89.07945251464844,1.3811893463134766,-55.64283752441406,89.07881927490234,Stop,Stepping
1776271796.9083962,13591.887121304,-1.3768503665924072,-55.6433219909668,89.08919525146484,1.3748557567596436,-55.64311599731445,89.08863830566406,-1.3770334720611572,-55.63805389404297,89.08751678466797,1.3762166500091553,-55.638946533203125,89.08628845214844,Stop,Stepping
1776271796.928414,13591.908419715,-1.3699853420257568,-55.64066696166992,89.10221099853516,1.366591215133667,-55.64031982421875,89.10128021240234,-1.370300531387329,-55.631710052490234,89.0993423461914,1.3689110279083252,-55.633235931396484,89.09725952148438,Stop,Stepping
1776271796.9484272,13591.931873563,-1.3605767488479614,-55.63702392578125,89.12004852294922,1.3552680015563965,-55.636478424072266,89.11857604980469,-1.3610713481903076,-55.62300109863281,89.11555480957031,1.3588937520980835,-55.625389099121094,89.11229705810547,Stop,Stepping
1776271796.968396,13592.002963958,-1.3482872247695923,-55.63224792480469,89.14331817626953,1.3404752016067505,-55.631439208984375,89.14114379882812,-1.34901762008667,-55.61161804199219,89.13668823242188,1.3458110094070435,-55.61512756347656,89.13191986083984,Stop,Stepping
1776271796.988376,13592.003335161,-1.3327322006225586,-55.62618637084961,89.17274475097656,1.321757435798645,-55.62504196166992,89.16968536376953,-1.3337599039077759,-55.59717559814453,89.16340637207031,1.3292573690414429,-55.60213088989258,89.15670013427734,Stop,Stepping
1776271797.008405,13592.003693868,-1.3135939836502075,-55.61869812011719,89.20890045166016,1.2987269163131714,-55.61713790893555,89.2047348022461,-1.3149938583374023,-55.579376220703125,89.19621276855469,1.308889627456665,-55.58609390258789,89.18711853027344,Stop,Stepping
1776271797.0284355,13592.003971926,-1.290554404258728,-55.60962677001953,89.25233459472656,1.2709944248199463,-55.60757064819336,89.24685668945312,-1.2923977375030518,-55.55787658691406,89.23560333251953,1.284371256828308,-55.56672668457031,89.22366333007812,Stop,Stepping
1776271797.048379,13592.023929461,-1.2634038925170898,-55.5988655090332,89.30340576171875,1.2383209466934204,-55.59621810913086,89.29634857177734,-1.2657793760299683,-55.53246307373047,89.28187561035156,1.2554823160171509,-55.54384231567383,89.26660919189453,Stop,Stepping
1776271797.068389,13592.03969371,-1.231727123260498,-55.58622741699219,89.36284637451172,1.2002060413360596,-55.582881927490234,89.35394287109375,-1.234729290008545,-55.50270080566406,89.3356704711914,1.2217899560928345,-55.51702880859375,89.3165283203125,Stop,Stepping
1776271797.0883853,13592.062302812,-1.195356845855713,-55.57158660888672,89.43089294433594,1.156445026397705,-55.567447662353516,89.41986846923828,-1.1990840435028076,-55.46837615966797,89.39718627929688,1.1831159591674805,-55.48612594604492,89.37361907958984,Stop,Stepping
1776271797.1083932,13592.079919655,-1.1540086269378662,-55.55477523803711,89.50797271728516,1.1066898107528687,-55.54971694946289,89.4945297241211,-1.1585642099380493,-55.429161071777344,89.46681213378906,1.1391568183898926,-55.4508056640625,89.43821716308594,Stop,Stepping
1776271797.1283998,13592.10291028,-1.107405424118042,-55.53562927246094,89.59453582763672,1.0506179332733154,-55.529518127441406,89.57831573486328,-1.1129087209701538,-55.38471221923828,89.54485321044922,1.0896250009536743,-55.410797119140625,89.51066589355469,Stop,Stepping
1776271797.1484005,13592.11955097,-1.055349349975586,-55.51398849487305,89.69081115722656,0.9879963397979736,-55.50669479370117,89.6714859008789,-1.0619322061538696,-55.334754943847656,89.6314926147461,1.0343258380889893,-55.365821838378906,89.59111022949219,Stop,Stepping
1776271797.1683924,13592.1398168,-0.9976447224617004,-55.489681243896484,89.79702758789062,0.9185777306556702,-55.481056213378906,89.77420806884766,-1.0054357051849365,-55.27900695800781,89.72691345214844,0.9730452299118042,-55.31562805175781,89.6797103881836,Stop,Stepping
1776271797.1884,13592.159574777,-0.9340822696685791,-55.4625358581543,89.91341400146484,0.8421247005462646,-55.452423095703125,89.88671112060547,-0.9432317614555359,-55.217132568359375,89.83123779296875,0.9055728316307068,-55.25994873046875,89.7765884399414,Stop,Stepping
1776271797.208394,13592.182711444,-0.8644179105758667,-55.432315826416016,90.04022979736328,0.7583379745483398,-55.42055130004883,90.00920867919922,-0.8750784993171692,-55.148765563964844,89.94466400146484,0.8316575884819031,-55.19842529296875,89.8819351196289,Stop,Stepping
1776271797.228398,13592.218282047,-0.7885040640830994,-55.39885330200195,90.17753601074219,0.6670501828193665,-55.38526153564453,90.14177703857422,-0.8008437156677246,-55.073638916015625,90.06714630126953,0.7511548399925232,-55.130821228027344,89.99573516845703,Stop,Stepping
1776271797.2483876,13592.219475871,-0.7062520980834961,-55.36196517944336,90.32528686523438,0.5681516528129578,-55.34635925292969,90.28433227539062,-0.720446765422821,-54.9914665222168,90.19857788085938,0.6639816761016846,-55.056884765625,90.11786651611328,Stop,Stepping
1776271797.2684097,13592.243113071,-0.6173598766326904,-55.32136154174805,90.4837875366211,0.4612831175327301,-55.30353546142578,90.43709564208984,-0.6336013078689575,-54.90178298950195,90.339111328125,0.5698297619819641,-54.97621536254883,90.24851989746094,Stop,Stepping
1776271797.2884216,13592.25961979,-0.5217884182929993,-55.2768669128418,90.65281677246094,0.34640589356422424,-55.256614685058594,90.59989166259766,-0.5402864813804626,-54.804351806640625,90.48847198486328,0.4686689078807831,-54.88858413696289,90.38739776611328,Stop,Stepping
1776271797.308427,13592.291732204,-0.4194868505001068,-55.228271484375,90.83219909667969,0.2234525829553604,-55.205379486083984,90.77249145507812,-0.4404534697532654,-54.69889831542969,90.64640808105469,0.36046749353408813,-54.793766021728516,90.53428649902344,Stop,Stepping
1776271797.3283942,13592.300871257,-0.3101101219654083,-55.17521286010742,91.0221939086914,0.09202510863542557,-55.14944076538086,90.95511627197266,-0.3337794542312622,-54.5848503112793,90.8130111694336,0.2448647916316986,-54.69123077392578,90.68929290771484,Stop,Stepping
1776271797.3484344,13592.319555583,-0.1934930384159088,-55.1174201965332,91.2227554321289,-0.04807355999946594,-55.08850860595703,91.14769744873047,-0.22012464702129364,-54.4617805480957,90.98811340332031,0.12171583622694016,-54.580604553222656,90.85226440429688,Stop,Stepping
1776271797.3683872,13592.349126908,-0.0700729489326477,-55.054866790771484,91.43279266357422,-0.19631659984588623,-55.02257537841797,91.34912109375,-0.09991671144962311,-54.32990646362305,91.17061614990234,-0.008505350910127163,-54.46208190917969,91.0221939086914,Stop,Stepping
1776271797.388465,13592.361012623,0.06104474887251854,-54.98687744140625,91.65341186523438,-0.3537645936012268,-54.950923919677734,91.5604476928711,0.027693457901477814,-54.18797302246094,91.36133575439453,-0.14672335982322693,-54.33454895019531,91.1998519897461,Stop,Stepping
1776271797.408384,13592.402275181,0.1993226408958435,-54.91347885131836,91.88333892822266,-0.5197736620903015,-54.87356185913086,91.78034210205078,0.16216608881950378,-54.036285400390625,91.55899047851562,-0.2923398017883301,-54.198280334472656,91.38406372070312,Stop,Stepping
1776271797.4284525,13592.402952896,0.34525901079177856,-54.834129333496094,92.12291717529297,-0.6949234008789062,-54.78995895385742,92.00917053222656,0.30396568775177,-53.87398147583008,91.76372528076172,-0.4458610415458679,-54.05249786376953,91.574951171875,Stop,Stepping
1776271797.4483864,13592.424344391,0.49860680103302,-54.74870681762695,92.37134552001953,-0.87891685962677,-54.6999626159668,92.24602508544922,0.45284032821655273,-53.701026916503906,91.97464752197266,-0.6070107221603394,-53.89717483520508,91.7717056274414,Stop,Stepping
1776271797.4683943,13592.441965106,0.6597142219543457,-54.656715393066406,92.62866973876953,-1.0721532106399536,-54.60306930541992,92.49097442626953,0.6091040968894958,-53.51668930053711,92.19158935546875,-0.7761085629463196,-53.7316780090332,91.97423553466797,Stop,Stepping
1776271797.4884107,13592.460268632,0.8286306858062744,-54.55782699584961,92.8945083618164,-1.2746986150741577,-54.498924255371094,92.74353790283203,0.7727910280227661,-53.320579528808594,92.4140396118164,-0.9531968235969543,-53.55562973022461,92.18202209472656,Stop,Stepping
1776271797.5084035,13592.482571829,1.005027174949646,-54.45193099975586,93.16779327392578,-1.4861358404159546,-54.387428283691406,93.002685546875,0.9435520172119141,-53.11271667480469,92.64087677001953,-1.1378856897354126,-53.369075775146484,92.39405059814453,Stop,Stepping
1776271797.5284011,13592.550850326,1.1892647743225098,-54.3384895324707,93.44859313964844,-1.7068870067596436,-54.26801300048828,93.26839447021484,1.1217232942581177,-52.8923225402832,92.87191009521484,-1.330531358718872,-53.17132568359375,92.61018371582031,Stop,Stepping
1776271797.5484054,13592.55117251,1.3813072443008423,-54.217193603515625,93.73629760742188,-1.9368928670883179,-54.14036178588867,93.54000854492188,1.307237982749939,-52.65907669067383,93.10640716552734,-1.5310624837875366,-52.96207046508789,92.82972717285156,Stop,Stepping
1776271797.5683932,13592.551453848,1.581234335899353,-54.08766174316406,94.03044891357422,-2.1762402057647705,-54.00407791137695,93.81703186035156,1.5001509189605713,-52.41252517700195,93.34374237060547,-1.7395198345184326,-52.74092102050781,93.05211639404297,Stop,Stepping
1776271797.5883965,13592.559640412,1.7889066934585571,-53.94963836669922,94.33029174804688,-2.4247443675994873,-53.858917236328125,94.09868621826172,1.7003003358840942,-52.1524543762207,93.58301544189453,-1.9557292461395264,-52.5076904296875,93.27655792236328,Stop,Stepping
1776271797.6083999,13592.579905369,2.0046138763427734,-53.80260467529297,94.63565063476562,-2.682741641998291,-53.704307556152344,94.38472747802734,1.9079465866088867,-51.87813949584961,93.82381439208984,-2.179948568344116,-52.26172637939453,93.50267791748047,Stop,Stepping
1776271797.6283903,13592.601198824,2.228010892868042,-53.646400451660156,94.94542694091797,-2.9497950077056885,-53.54013442993164,94.6740493774414,2.122725486755371,-51.58961868286133,94.06500244140625,-2.411792278289795,-52.003055572509766,93.7293930053711,Stop,Stepping
1776271797.6483862,13592.631439451,2.459254741668701,-53.480621337890625,95.2592544555664,-3.226067543029785,-53.36593246459961,94.96619415283203,2.344749689102173,-51.28635787963867,94.30594635009766,-2.6513614654541016,-51.73122787475586,93.95619201660156,Stop,Stepping
1776271797.6683924,13592.640124392,2.6984829902648926,-53.30475997924805,95.57669067382812,-3.51171875,-53.18124008178711,95.26070404052734,2.5741400718688965,-50.967777252197266,94.5460433959961,-2.898777484893799,-51.445709228515625,94.18251037597656,Stop,Stepping
1776271797.6883852,13592.659719796,2.9454245567321777,-53.118690490722656,95.8967514038086,-3.8063926696777344,-52.985904693603516,95.55656433105469,2.810589551925659,-50.63389587402344,94.78418731689453,-3.153703451156616,-51.14651107788086,94.40734100341797,Stop,Stepping
1776271797.7083883,13592.680202949,3.200155258178711,-52.922000885009766,96.21893310546875,-4.110166072845459,-52.77949523925781,95.85317993164062,3.054154634475708,-50.284244537353516,95.01966857910156,-3.4161787033081055,-50.83323669433594,94.63005065917969,Stop,Stepping
1776271797.7283726,13592.704801773,3.4625840187072754,-52.71439743041992,96.54248046875,-4.422904014587402,-52.561744689941406,96.14978790283203,3.304713249206543,-49.918617248535156,95.25161743164062,-3.6860709190368652,-50.50566482543945,94.84981536865234,Stop,Stepping
1776271797.7483554,13592.720992577,3.732719659805298,-52.49554443359375,96.86678314208984,-4.744590759277344,-52.33230972290039,96.44573974609375,3.562237501144409,-49.536678314208984,95.47923278808594,-3.9633285999298096,-50.16352081298828,95.06594848632812,Stop,Stepping
1776271797.7683923,13592.739537616,4.010641574859619,-52.2650146484375,97.1912841796875,-5.075292110443115,-52.09077835083008,96.74043273925781,3.826770544052124,-49.13798141479492,95.70173645019531,-4.247992038726807,-49.806400299072266,95.27774047851562,Stop,Stepping
1776271797.7886353,13592.759849589,4.299375057220459,-52.01987838745117,97.51873016357422,-5.418577671051025,-51.834075927734375,97.03618621826172,4.101156711578369,-48.71778869628906,95.92057800292969,-4.543103218078613,-49.430049896240234,95.48660278320312,Stop,Stepping
1776271797.8084776,13592.779676878,4.588919162750244,-51.76839065551758,97.83735656738281,-5.762536525726318,-51.570899963378906,97.32232666015625,4.375865936279297,-48.29047393798828,96.12759399414062,-4.8384013175964355,-49.04734420776367,95.68477630615234,Stop,Stepping
1776271797.8284063,13592.800543508,4.889038562774658,-51.501869201660156,98.15743255615234,-6.118736743927002,-51.29214859008789,97.60797882080078,4.660133361816406,-47.84148025512695,96.32917785644531,-5.143804550170898,-48.64521789550781,95.87841796875,Stop,Stepping
1776271797.8483942,13592.819922572,5.196309566497803,-51.22296142578125,98.47455596923828,-6.483081340789795,-51.000640869140625,97.88908386230469,4.950679779052734,-47.37557601928711,96.5220718383789,-5.455770015716553,-48.22797775268555,96.06446075439453,Stop,Stepping
1776271797.8683834,13592.839881404,5.510991096496582,-50.93112564086914,98.78839874267578,-6.855846881866455,-50.695838928222656,98.16525268554688,5.247716903686523,-46.89216995239258,96.70568084716797,-5.77451229095459,-47.79505920410156,96.24238586425781,Stop,Stepping
1776271797.8883865,13592.861776284,5.832730770111084,-50.62641525268555,99.09799194335938,-7.2365803718566895,-50.37782287597656,98.43550872802734,5.550877571105957,-46.3915901184082,96.87902069091797,-6.099621772766113,-47.346744537353516,96.41127014160156,Stop,Stepping
1776271797.908396,13592.881471783,6.161420822143555,-50.308685302734375,99.40270233154297,-7.625113487243652,-50.04646682739258,98.69915771484375,5.860025405883789,-45.87384796142578,97.04133605957031,-6.430936813354492,-46.88302993774414,96.57039642333984,Stop,Stepping
1776271797.9284277,13592.899842736,6.497237682342529,-49.97747802734375,99.70206451416016,-8.021624565124512,-49.70136260986328,98.95571899414062,6.175298690795898,-45.338478088378906,97.19195556640625,-6.76859188079834,-46.40352249145508,96.71923065185547,Stop,Stepping
1776271797.9484162,13592.921153662,6.839477062225342,-49.633296966552734,99.99491882324219,-8.425238609313965,-49.34300994873047,99.20406341552734,6.495994567871094,-44.786521911621094,97.32986450195312,-7.111818313598633,-45.909095764160156,96.8567886352539,Stop,Stepping
1776271797.968403,13592.93962939,7.187600135803223,-49.2764892578125,100.28034210205078,-8.835287094116211,-48.97183609008789,99.44328308105469,6.821588039398193,-44.21876907348633,97.45426940917969,-7.460035800933838,-45.40046691894531,96.98234558105469,Stop,Stepping
1776271797.988388,13592.966785564,7.542593002319336,-48.905845642089844,100.55860900878906,-9.252890586853027,-48.58662796020508,99.67350006103516,7.152965545654297,-43.633541107177734,97.56485748291016,-7.814181327819824,-44.87611770629883,97.09564971923828,Stop,Stepping
1776271798.0084164,13592.982866518,7.904098987579346,-48.52156066894531,100.82891082763672,-9.677587509155273,-48.1876220703125,99.89395141601562,7.489764213562012,-43.03138732910156,97.6608657836914,-8.173845291137695,-44.33650588989258,97.19600677490234,Stop,Stepping
1776271798.0283833,13593.000126963,8.270644187927246,-48.12507629394531,101.0897216796875,-10.1076021194458,-47.776329040527344,100.10323333740234,7.830581188201904,-42.41474914550781,97.74137115478516,-8.537520408630371,-43.78384017944336,97.28251647949219,Stop,Stepping
1776271798.048478,13593.026271354,8.644140243530273,-47.714195251464844,101.3419418334961,-10.545140266418457,-47.35052490234375,100.30196380615234,8.177165985107422,-41.78043746948242,97.80619812011719,-8.90705394744873,-43.215206146240234,97.35511779785156,Stop,Stepping
1776271798.0684078,13593.060547916,9.022322654724121,-47.29128646850586,101.5835952758789,-10.987502098083496,-46.91272735595703,100.48847198486328,8.527390480041504,-41.13233947753906,97.8544692993164,-9.280159950256348,-42.63407897949219,97.41288757324219,Stop,Stepping
1776271798.0883834,13593.062301714,9.405438423156738,-46.85604476928711,101.81451416015625,-11.434942245483398,-46.46262741088867,100.66255187988281,8.881461143493652,-40.47011947631836,97.8857650756836,-9.657048225402832,-42.04013442993164,97.45550537109375,Stop,Stepping
1776271798.1084368,13593.080268634,9.794942855834961,-46.406742095947266,102.0351791381836,-11.889111518859863,-45.99849319458008,100.82441711425781,9.240696907043457,-39.79133987426758,97.89974975585938,-10.039103507995605,-41.431175231933594,97.48267364501953,Stop,Stepping
1776271798.1284177,13593.155064083,10.188612937927246,-45.945892333984375,102.24394989013672,-12.347368240356445,-45.52295684814453,100.97271728515625,9.60301685333252,-39.10000228881836,97.89588165283203,-10.424097061157227,-40.81074905395508,97.49383544921875,Stop,Stepping
1776271798.1483722,13593.156284306,10.586256980895996,-45.4737548828125,102.44046783447266,-12.80946159362793,-45.036312103271484,101.10719299316406,9.968235969543457,-38.396583557128906,97.87387084960938,-10.811824798583984,-40.179290771484375,97.48875427246094,Stop,Stepping
1776271798.1683967,13593.156562105,10.989211082458496,-44.988746643066406,102.62513732910156,-13.276896476745605,-44.53697204589844,101.22793579101562,10.337555885314941,-37.678871154785156,97.83331298828125,-11.20354175567627,-39.53477096557617,97.4670639038086,Stop,Stepping
1776271798.1884105,13593.165747461,11.396227836608887,-44.49237823486328,102.79705810546875,-13.748181343078613,-44.02654266357422,101.33427429199219,10.709813117980957,-36.949256896972656,97.77397155761719,-11.598002433776855,-38.87932205200195,97.42852783203125,Stop,Stepping
1776271798.2084181,13593.180595046,11.80677318572998,-43.985382080078125,102.95579528808594,-14.22265625,-43.505794525146484,101.42586517333984,11.084504127502441,-36.20889663696289,97.6957015991211,-11.994661331176758,-38.21395492553711,97.37298583984375,Stop,Stepping
1776271798.2284148,13593.208721503,12.220754623413086,-43.46794891357422,103.10116577148438,-14.700181007385254,-42.9749755859375,101.50252532958984,11.461530685424805,-35.458152770996094,97.59834289550781,-12.393404006958008,-37.53898620605469,97.30029296875,Stop,Stepping
1776271798.248401,13593.220176651,12.637944221496582,-42.94048309326172,103.23292541503906,-15.180451393127441,-42.43450164794922,101.56404113769531,11.840675354003906,-34.697662353515625,97.48175811767578,-12.793987274169922,-36.85495376586914,97.21031951904297,Stop,Stepping
1776271798.2684093,13593.240347416,13.057703971862793,-42.403892517089844,103.35077667236328,-15.662700653076172,-41.88534927368164,101.61022186279297,12.221351623535156,-33.92880630493164,97.3460693359375,-13.195779800415039,-36.1630973815918,97.1031265258789,Stop,Stepping
1776271798.288492,13593.266434709,13.481914520263672,-41.85590362548828,103.455078125,-16.1490421295166,-41.32521057128906,101.64110565185547,12.605243682861328,-33.14835739135742,97.19043731689453,-13.600550651550293,-35.46047592163086,96.97804260253906,Stop,Stepping
1776271798.3084002,13593.304827623,13.905447006225586,-41.30329132080078,103.54457092285156,-16.633577346801758,-40.761043548583984,101.65632629394531,12.987716674804688,-32.36598587036133,97.01679229736328,-14.003405570983887,-34.755794525146484,96.83661651611328,Stop,Stepping
1776271798.328391,13593.305258459,14.332406997680664,-40.74091720581055,103.62016296386719,-17.120967864990234,-40.18759536743164,101.65608978271484,13.372475624084473,-31.574356079101562,96.82352447509766,-14.408238410949707,-34.04241943359375,96.67752838134766,Stop,Stepping
1776271798.3484042,13593.327594536,14.760724067687988,-40.17165756225586,103.68144989013672,-17.60882568359375,-39.60783004760742,101.64037322998047,13.757648468017578,-30.777511596679688,96.61152648925781,-14.813075065612793,-33.323997497558594,96.50152587890625,Stop,Stepping
1776271798.368442,13593.33979739,15.191356658935547,-39.59440994262695,103.72856140136719,-18.09821128845215,-39.020633697509766,101.609130859375,14.144097328186035,-29.97389793395996,96.38034057617188,-15.218815803527832,-32.59909439086914,96.30821990966797,Stop,Stepping
1776271798.3884058,13593.36891559,15.621681213378906,-39.01288604736328,103.76129913330078,-18.586116790771484,-38.42980194091797,101.5626449584961,14.529468536376953,-29.16864013671875,96.13150787353516,-15.622980117797852,-31.872329711914062,96.09889221191406,Stop,Stepping
1776271798.4087174,13593.382745671,16.0574893951416,-38.41943359375,103.7800064086914,-19.07908058166504,-37.82755661010742,101.50023651123047,14.91894817352295,-28.351062774658203,95.8615493774414,-16.0310001373291,-31.134071350097656,95.8706283569336,Stop,Stepping
1776271798.4286792,13593.400984974,16.488203048706055,-37.828678131103516,103.78441619873047,-19.565120697021484,-37.228729248046875,101.42356872558594,15.30308723449707,-27.541227340698242,95.5772476196289,-16.432973861694336,-30.402421951293945,95.62916564941406,Stop,Stepping
1776271798.4484127,13593.428636158,16.915861129760742,-37.2381477355957,103.77510070800781,-20.046550750732422,-36.63080978393555,101.3329086303711,15.683732986450195,-26.73554801940918,95.27793884277344,-16.830854415893555,-29.674152374267578,95.37400817871094,Stop,Stepping
1776271798.4684267,13593.447165002,17.347078323364258,-36.638916015625,103.7520523071289,-20.530813217163086,-36.024749755859375,101.22698974609375,16.066791534423828,-25.92171287536621,94.95915985107422,-17.230804443359375,-28.93813133239746,95.10132598876953,Stop,Stepping
1776271798.4883962,13593.462422942,17.776670455932617,-36.03837966918945,103.71560668945312,-21.012054443359375,-35.41801834106445,101.10716247558594,16.447649002075195,-25.10968017578125,94.62483215332031,-17.628007888793945,-28.203357696533203,94.81446838378906,Stop,Stepping
1776271798.5083928,13593.484422164,18.20528793334961,-35.43584060668945,103.6659927368164,-21.491010665893555,-34.809906005859375,100.97354125976562,16.826908111572266,-24.298355102539062,94.27474975585938,-18.02309226989746,-27.468854904174805,94.5133056640625,Stop,Stepping
1776271798.528396,13593.500019749,18.63260841369629,-34.83198165893555,103.6034927368164,-21.96731948852539,-34.20106506347656,100.82649993896484,17.204294204711914,-23.488487243652344,93.90946960449219,-18.41577911376953,-26.735309600830078,94.19832611083984,Stop,Stepping
1776271798.5484018,13593.51961771,19.057510375976562,-34.22859573364258,103.52857208251953,-22.439729690551758,-33.59330749511719,100.66675567626953,17.578834533691406,-22.682329177856445,93.53031158447266,-18.805065155029297,-26.0047607421875,93.87067413330078,Stop,Stepping
1776271798.5683987,13593.540913918,19.48029899597168,-33.62548065185547,103.44152069091797,-22.908597946166992,-32.98637390136719,100.49452209472656,17.950824737548828,-21.879413604736328,93.13739013671875,-19.191255569458008,-25.27680015563965,93.53047943115234,Stop,Stepping
1776271798.588435,13593.565792173,19.90093231201172,-33.02289581298828,103.34266662597656,-23.373876571655273,-32.38051986694336,100.3101806640625,18.320240020751953,-21.07990837097168,92.7310791015625,-19.574337005615234,-24.551599502563477,93.1780776977539,Stop,Stepping
1776271798.608416,13593.580172086,20.317943572998047,-32.42314147949219,103.23270416259766,-23.833969116210938,-31.778024673461914,100.11475372314453,18.685823440551758,-20.286678314208984,92.31322479248047,-19.953012466430664,-23.831764221191406,92.81510162353516,Stop,Stepping
1776271798.628399,13593.6009448,20.73088836669922,-31.827056884765625,103.11219787597656,-24.288400650024414,-31.179704666137695,99.90890502929688,19.047204971313477,-19.50064468383789,91.8847885131836,-20.32691192626953,-23.11815643310547,92.4424057006836,Stop,Stepping
1776271798.6484208,13593.620282275,21.141277313232422,-31.232662200927734,102.98108673095703,-24.738861083984375,-30.583513259887695,99.69229125976562,19.40573501586914,-18.71897315979004,91.44459533691406,-20.697444915771484,-22.408212661743164,92.05899810791016,Stop,Stepping
1776271798.6684227,13593.642653478,21.54685401916504,-30.643390655517578,102.84050750732422,-25.182889938354492,-29.992895126342773,99.46652221679688,19.75946617126465,-17.946014404296875,90.99554443359375,-21.062606811523438,-21.705909729003906,91.66742706298828,Stop,Stepping
1776271798.688388,13593.660120323,21.947587966918945,-30.059465408325195,102.69092559814453,-25.620494842529297,-29.40801429748535,99.23212432861328,20.1084041595459,-17.18185043334961,90.5382080078125,-21.42241859436035,-21.011337280273438,91.26820373535156,Stop,Stepping
1776271798.7083771,13593.683716249,22.343589782714844,-29.48090362548828,102.53278350830078,-26.051822662353516,-28.828845977783203,98.98950958251953,20.452667236328125,-16.426292419433594,90.07296752929688,-21.77701759338379,-20.32434844970703,90.8616943359375,Stop,Stepping
1776271798.7283773,13593.702451393,22.734657287597656,-28.908124923706055,102.3666000366211,-26.476699829101562,-28.255802154541016,98.73927307128906,20.792116165161133,-15.67973518371582,89.60057830810547,-22.12627410888672,-19.645320892333984,90.44860076904297,Stop,Stepping
1776271798.7483778,13593.721432305,23.12036895751953,-28.34191131591797,102.19300842285156,-26.89469337463379,-27.689611434936523,98.48217010498047,21.126407623291016,-14.942994117736816,89.1220703125,-22.469850540161133,-18.975021362304688,90.02982330322266,Stop,Stepping
1776271798.7683845,13593.746203244,23.500192642211914,-27.783172607421875,102.01274871826172,-27.305273056030273,-27.131147384643555,98.21907043457031,21.455108642578125,-14.217073440551758,88.6386489868164,-22.807321548461914,-18.314382553100586,89.60646057128906,Stop,Stepping
1776271798.7884488,13593.759786923,23.874691009521484,-27.23119354248047,101.82599639892578,-27.70909309387207,-26.57967758178711,97.95005798339844,21.77874183654785,-13.500893592834473,88.15013885498047,-23.139236450195312,-17.662445068359375,89.1783676147461,Stop,Stepping
1776271798.8084264,13593.783916316,24.241348266601562,-26.689809799194336,101.63456726074219,-28.103477478027344,-26.038978576660156,97.67748260498047,22.095155715942383,-12.799254417419434,87.660400390625,-23.463407516479492,-17.023597717285156,88.74898529052734,Stop,Stepping
1776271798.8284218,13593.800241935,24.601877212524414,-26.156612396240234,101.43805694580078,-28.49033546447754,-25.50661277770996,97.40064239501953,22.405864715576172,-12.108865737915039,87.16779327392578,-23.781410217285156,-16.39487075805664,88.31688690185547,Stop,Stepping
1776271798.8484125,13593.821439656,24.9554443359375,-25.63291358947754,101.23743438720703,-28.86880874633789,-24.98387908935547,97.12068939208984,22.71017837524414,-11.431309700012207,86.67401885986328,-24.092548370361328,-15.77772331237793,87.88358306884766,Stop,Stepping
1776271798.8684196,13593.840378655,25.302143096923828,-25.11866569519043,101.03311920166016,-29.239051818847656,-24.470687866210938,96.83805084228516,23.008207321166992,-10.76638412475586,86.17952728271484,-24.39695930480957,-15.171988487243652,87.4494857788086,Stop,Stepping
1776271798.8884797,13593.861150639,25.641033172607422,-24.61534881591797,100.8261947631836,-29.600116729736328,-23.968503952026367,96.5540542602539,23.29916763305664,-10.115886688232422,85.68626403808594,-24.693859100341797,-14.579323768615723,87.0163345336914,Stop,Stepping
1776271798.9084647,13593.879933193,25.973020553588867,-24.1217098236084,100.61658477783203,-29.95301628112793,-23.47601890563965,96.26841735839844,23.58386993408203,-9.478049278259277,85.19348907470703,-24.984098434448242,-13.99814224243164,86.58350372314453,Stop,Stepping
1776271798.9284122,13593.903036073,26.2952938079834,-23.641971588134766,100.4065933227539,-30.29482078552246,-22.997453689575195,95.98414611816406,23.85993003845215,-8.85827922821045,84.7060546875,-25.26526641845703,-13.43337345123291,86.15528106689453,Stop,Stepping
1776271798.9484072,13593.919618623,26.61035919189453,-23.172489166259766,100.19512939453125,-30.628252029418945,-22.529151916503906,95.69959259033203,24.12952423095703,-8.251749038696289,84.2208023071289,-25.539596557617188,-12.880642890930176,85.72891235351562,Stop,Stepping
1776271798.9684553,13593.945060947,26.91765022277832,-22.71415138244629,99.98300170898438,-30.9527530670166,-22.07196617126465,95.41571807861328,24.392194747924805,-7.659531593322754,83.73917388916016,-25.806642532348633,-12.340950965881348,85.30567169189453,Stop,Stepping
1776271798.9884741,13593.960020351,27.2154483795166,-22.269582748413086,99.77193450927734,-31.266565322875977,-21.628511428833008,95.13467407226562,24.646493911743164,-7.084960460662842,83.2645034790039,-26.06495475769043,-11.817331314086914,84.88851165771484,Stop,Stepping
1776271799.0084214,13593.982394643,27.504804611206055,-21.837265014648438,99.56165313720703,-31.570865631103516,-21.197235107421875,94.85596466064453,24.893352508544922,-6.526000022888184,82.7957534790039,-26.315494537353516,-11.307943344116211,84.4765396118164,Stop,Stepping
1776271799.0284164,13593.999760927,27.785282135009766,-21.417869567871094,99.35293579101562,-31.86524200439453,-20.778837203979492,94.58053588867188,25.132417678833008,-5.983501434326172,82.33424377441406,-26.557924270629883,-10.813587188720703,84.07093048095703,Stop,Stepping
1776271799.0484085,13594.026082444,28.056873321533203,-21.011486053466797,99.14629364013672,-32.14973831176758,-20.373367309570312,94.30888366699219,25.36370086669922,-5.457523345947266,81.88060760498047,-26.79228401184082,-10.334301948547363,83.6722412109375,Stop,Stepping
1776271799.0684488,13594.040529501,28.319690704345703,-20.617948532104492,98.94203186035156,-32.424530029296875,-19.98066520690918,94.04134368896484,25.587331771850586,-4.947842597961426,81.43524169921875,-27.018707275390625,-9.869906425476074,83.28083801269531,Stop,Stepping
1776271799.0884175,13594.063266301,28.572734832763672,-20.238805770874023,98.74140930175781,-32.688621520996094,-19.60226058959961,93.77944946289062,25.802473068237305,-4.456431865692139,81.00043487548828,-27.236379623413086,-9.422198295593262,82.89875030517578,Stop,Stepping
1776271799.108402,13594.084182283,28.816137313842773,-19.873882293701172,98.54476928710938,-32.942203521728516,-19.237995147705078,93.52352142333984,26.009265899658203,-3.9830849170684814,80.57662200927734,-27.44544792175293,-8.990998268127441,82.5263671875,Stop,Stepping
1776271799.1284091,13594.099546582,29.050525665283203,-19.52227210998535,98.35200500488281,-33.18599319458008,-18.886940002441406,93.27335357666016,26.208253860473633,-3.5265963077545166,80.16325378417969,-27.64649200439453,-8.575203895568848,82.1632080078125,Stop,Stepping
1776271799.1484196,13594.125476939,29.27548599243164,-19.18462562561035,98.16386413574219,-33.419578552246094,-18.549758911132812,93.02982330322266,26.399106979370117,-3.087841033935547,79.76165008544922,-27.839187622070312,-8.175610542297363,81.81040954589844,Stop,Stepping
1776271799.1684363,13594.141283521,29.491153717041016,-18.860754013061523,97.98060607910156,-33.6431770324707,-18.22627067565918,92.7931900024414,26.58195686340332,-2.6665937900543213,79.37211608886719,-28.02368927001953,-7.792016983032227,81.4682846069336,Stop,Stepping
1776271799.1884403,13594.180751747,29.69687271118164,-18.551666259765625,97.80316925048828,-33.85613250732422,-17.91747283935547,92.56456756591797,26.75626564025879,-2.2641818523406982,78.99639129638672,-28.199466705322266,-7.425634860992432,81.13833618164062,Stop,Stepping
1776271799.2084022,13594.181155026,29.892902374267578,-18.256994247436523,97.63169860839844,-34.058780670166016,-17.623010635375977,92.3440933227539,26.922277450561523,-1.8801556825637817,78.63453674316406,-28.366769790649414,-7.076046466827393,80.82062530517578,Stop,Stepping
1776271799.2283893,13594.220758599,30.079524993896484,-17.976343154907227,97.46629333496094,-34.251426696777344,-17.342493057250977,92.13180541992188,27.080232620239258,-1.514023780822754,78.28654479980469,-28.525869369506836,-6.742805480957031,80.51515197753906,Stop,Stepping
1776271799.248405,13594.223435531,30.256921768188477,-17.70945930480957,97.30711364746094,-34.43431854248047,-17.075666427612305,91.92784881591797,27.23029899597168,-1.1654917001724243,77.95257568359375,-28.67694854736328,-6.4256272315979,80.22203063964844,Stop,Stepping
1776271799.268385,13594.239680901,30.42435073852539,-17.457462310791016,97.15510559082031,-34.60671615600586,-16.82366371154785,91.73340606689453,27.37186622619629,-0.836075484752655,77.63450622558594,-28.81939697265625,-6.125906944274902,79.94292449951172,Stop,Stepping
1776271799.2884011,13594.265090795,30.582796096801758,-17.218902587890625,97.00969696044922,-34.76968002319336,-16.585041046142578,91.54766082763672,27.505783081054688,-0.5238974690437317,77.33089447021484,-28.95408058166504,-5.841914653778076,79.67655944824219,Stop,Stepping
1776271799.3083856,13594.291374682,30.731487274169922,-16.99494743347168,96.8718490600586,-34.92243957519531,-16.360963821411133,91.37181854248047,27.631399154663086,-0.23054540157318115,77.04367065429688,-29.080358505249023,-5.575096130371094,79.42462158203125,Stop,Stepping
1776271799.3284082,13594.317524851,30.871152877807617,-16.784502029418945,96.74113464355469,-35.06578063964844,-16.150365829467773,91.20527648925781,27.749347686767578,0.04537331312894821,76.77181243896484,-29.19888687133789,-5.324178218841553,79.18621063232422,Stop,Stepping
1776271799.348402,13594.326564324,31.00171661376953,-16.587717056274414,96.61787414550781,-35.199649810791016,-15.95339584350586,91.04839324951172,27.859567642211914,0.30362534523010254,76.51586151123047,-29.309600830078125,-5.089359283447266,78.9617919921875,Stop,Stepping
1776271799.3683949,13594.342681912,31.123239517211914,-16.404504776000977,96.502197265625,-35.324134826660156,-15.769953727722168,90.90132904052734,27.96212387084961,0.5442914366722107,76.27605438232422,-29.41257667541504,-4.870569229125977,78.75155639648438,Stop,Stepping
1776271799.388402,13594.387804781,31.235916137695312,-16.23457908630371,96.39414978027344,-35.439456939697266,-15.599797248840332,90.76408386230469,28.057180404663086,0.7676882147789001,76.05231475830078,-29.50799560546875,-4.667510032653809,78.55545043945312,Stop,Stepping
1776271799.4084218,13594.396789859,31.340063095092773,-16.07748031616211,96.29358673095703,-35.54597091674805,-15.442444801330566,90.63645935058594,28.145017623901367,0.9744018316268921,75.84432220458984,-29.59613609313965,-4.479647636413574,78.37319946289062,Stop,Stepping
1776271799.428381,13594.41375949,31.4354305267334,-15.933578491210938,96.20091247558594,-35.6434326171875,-15.298288345336914,90.51892852783203,28.225433349609375,1.1638845205307007,75.65287017822266,-29.676807403564453,-4.307465076446533,78.20543670654297,Stop,Stepping
1776271799.4483943,13594.42118125,31.52276611328125,-15.801765441894531,96.11555480957031,-35.73263168334961,-15.166221618652344,90.41075897216797,28.29905891418457,1.337584137916565,75.47667694091797,-29.75064468383789,-4.1496500968933105,78.05109405517578,Stop,Stepping
1776271799.4683974,13594.443801581,31.60204315185547,-15.682098388671875,96.03768157958984,-35.81354522705078,-15.046300888061523,90.31211853027344,28.36587142944336,1.4953827857971191,75.31604766845703,-29.817638397216797,-4.006296634674072,77.91039276123047,Stop,Stepping
1776271799.4883852,13594.460319026,31.673534393310547,-15.57416820526123,95.9671401977539,-35.886478424072266,-14.938112258911133,90.22279357910156,28.426115036010742,1.6378076076507568,75.17060089111328,-29.878028869628906,-3.876924753189087,77.78302001953125,Stop,Stepping
1776271799.5083919,13594.480404117,31.737564086914062,-15.47747802734375,95.9036636352539,-35.95176315307617,-14.841190338134766,90.14248657226562,28.480058670043945,1.7654556035995483,75.03987884521484,-29.932090759277344,-3.7609922885894775,77.6685562133789,Stop,Stepping
1776271799.5283957,13594.506554743,31.794418334960938,-15.391607284545898,95.84709930419922,-36.00971603393555,-14.755108833312988,90.07095336914062,28.527956008911133,1.878882646560669,74.92343139648438,-29.980085372924805,-3.6579763889312744,77.56658935546875,Stop,Stepping
1776271799.5483887,13594.52271068,31.84437370300293,-15.316150665283203,95.7972412109375,-36.06060791015625,-14.679443359375,90.0079116821289,28.570032119750977,1.978601336479187,74.8208236694336,-30.02224349975586,-3.567422866821289,77.47675323486328,Stop,Stepping
1776271799.568406,13594.5457048,31.887828826904297,-15.250504493713379,95.75374603271484,-36.10486602783203,-14.613624572753906,89.95294189453125,28.606626510620117,2.065387725830078,74.7313461303711,-30.058902740478516,-3.4886183738708496,77.39842224121094,Stop,Stepping
1776271799.5883894,13594.561630107,31.92508316040039,-15.194220542907715,95.71636199951172,-36.14279556274414,-14.557170867919922,89.90568542480469,28.63800048828125,2.1398301124572754,74.65446472167969,-30.090330123901367,-3.4210293292999268,77.33113098144531,Stop,Stepping
1776271799.6084116,13594.602217142,31.956621170043945,-15.146573066711426,95.68465423583984,-36.17490005493164,-14.509385108947754,89.86563110351562,28.664554595947266,2.2028725147247314,74.58926391601562,-30.116926193237305,-3.363795280456543,77.27406311035156,Stop,Stepping
1776271799.6283822,13594.602547567,31.982694625854492,-15.107172966003418,95.65838623046875,-36.20143127441406,-14.46985912322998,89.83245849609375,28.68650245666504,2.255009651184082,74.5352783203125,-30.1389102935791,-3.3164663314819336,77.22681427001953,Stop,Stepping
1776271799.6484325,13594.622107567,32.00390625,-15.075115203857422,95.6369857788086,-36.223018646240234,-14.437715530395508,89.8054428100586,28.704364776611328,2.297436475753784,74.4913101196289,-30.15679359436035,-3.277946710586548,77.1883316040039,Stop,Stepping
1776271799.6684222,13594.639504224,32.020591735839844,-15.049899101257324,95.62013244628906,-36.239994049072266,-14.412419319152832,89.7841567993164,28.71841049194336,2.3308167457580566,74.45668029785156,-30.170860290527344,-3.247647523880005,77.15803527832031,Stop,Stepping
1776271799.6883981,13594.660793702,32.03325653076172,-15.030756950378418,95.60733032226562,-36.25287628173828,-14.39322280883789,89.76799011230469,28.72907257080078,2.3561534881591797,74.43038940429688,-30.181533813476562,-3.2246451377868652,77.13501739501953,Stop,Stepping
1776271799.7084148,13594.680223949,32.042442321777344,-15.016878128051758,95.5980453491211,-36.26222229003906,-14.379298210144043,89.75626373291016,28.736804962158203,2.374540328979492,74.41128540039062,-30.18927764892578,-3.207955837249756,77.1183090209961,Stop,Stepping
1776271799.7283905,13594.699782577,32.04864501953125,-15.007502555847168,95.59175872802734,-36.268531799316406,-14.369894981384277,89.74834442138672,28.74202537536621,2.386950731277466,74.39840698242188,-30.194503784179688,-3.196690082550049,77.10702514648438,Stop,Stepping
1776271799.748429,13594.719737232,32.052433013916016,-15.0017728805542,95.58792114257812,-36.27238082885742,-14.364142417907715,89.74349212646484,28.745216369628906,2.3945388793945312,74.39051818847656,-30.19770050048828,-3.189800977706909,77.1001205444336,Stop,Stepping
1776271799.7684205,13594.739813245,32.05437088012695,-14.99884033203125,95.5859603881836,-36.274356842041016,-14.36120319366455,89.74102020263672,28.746849060058594,2.3984153270721436,74.38648986816406,-30.19933319091797,-3.1862807273864746,77.09660339355469,Stop,Stepping
1776271799.7884464,13594.760836331,32.05507278442383,-14.997785568237305,95.58525085449219,-36.27506637573242,-14.36014175415039,89.74011993408203,28.7474365234375,2.3998148441314697,74.38504028320312,-30.199920654296875,-3.1850130558013916,77.09532928466797,Stop,Stepping
