time_start,av_x,av_y,av_z,la_x,la_y,la_z
0.0,2.838134765625,-1.3275146484375,0.0152587890625,-0.029052734375,0.997314453125,0.03173828125
0.0,2.8228759765625,-1.31988525390625,0.00762939453125,-0.029296875,0.997802734375,0.03173828125
0.0,2.8228759765625,-1.3275146484375,0.030517578125,-0.029052734375,0.998046875,0.031494140625
0.0,2.8228759765625,-1.3275146484375,0.0152587890625,-0.02880859375,0.998046875,0.031005859375
0.0,2.81524658203125,-1.312255859375,0.030517578125,-0.029296875,0.998046875,0.030517578125
0.0,2.8228759765625,-1.31988525390625,0.030517578125,-0.029296875,0.998046875,0.031005859375
0.0,2.838134765625,-1.3275146484375,0.03814697265625,-0.02978515625,0.99755859375,0.031494140625
0.0,2.8533935546875,-1.33514404296875,0.02288818359375,-0.029541015625,0.998046875,0.03173828125
0.0,2.8228759765625,-1.33514404296875,0.02288818359375,-0.02978515625,0.998291015625,0.03173828125
0.0,2.838134765625,-1.30462646484375,0.0152587890625,-0.02880859375,0.9990234375,0.031494140625
0.0,2.8533935546875,-1.3580322265625,0.00762939453125,-0.029052734375,0.99853515625,0.031494140625
0.0,2.8533935546875,-1.3275146484375,0.05340576171875,-0.029052734375,0.99755859375,0.031005859375
0.0,2.81524658203125,-1.3275146484375,0.05340576171875,-0.029052734375,0.998046875,0.03125
0.0,2.81524658203125,-1.312255859375,0.0152587890625,-0.029052734375,0.99755859375,0.03173828125
0.0,2.83050537109375,-1.312255859375,0.02288818359375,-0.029052734375,0.997802734375,0.03173828125
0.0,2.8228759765625,-1.3275146484375,0.02288818359375,-0.028564453125,0.998046875,0.03173828125
0.0,2.8228759765625,-1.3427734375,0.0457763671875,-0.029052734375,0.99853515625,0.03173828125
0.0,2.838134765625,-1.3275146484375,0.06103515625,-0.02880859375,0.998046875,0.031494140625
0.0,2.84576416015625,-1.3275146484375,0.02288818359375,-0.02880859375,0.9970703125,0.03173828125
0.0,2.83050537109375,-1.3275146484375,0.0152587890625,-0.029052734375,0.997314453125,0.031982421875
0.0,2.81524658203125,-1.3275146484375,0.030517578125,-0.02880859375,0.997314453125,0.03173828125
0.0,2.81524658203125,-1.35040283203125,0.0152587890625,-0.02880859375,0.997802734375,0.031494140625
0.0,2.777099609375,-1.312255859375,0.00762939453125,-0.029541015625,0.998291015625,0.03173828125
0.0,2.81524658203125,-1.31988525390625,0.02288818359375,-0.029052734375,0.998779296875,0.031494140625
0.0,2.8076171875,-1.35040283203125,0.02288818359375,-0.02978515625,0.998046875,0.031005859375
0.0,2.7923583984375,-1.35040283203125,0.02288818359375,-0.028564453125,0.997802734375,0.03125
0.0,2.8076171875,-1.35040283203125,0.00762939453125,-0.029296875,0.997802734375,0.031494140625
0.0,2.7923583984375,-1.33514404296875,0.00762939453125,-0.02880859375,0.998046875,0.031494140625
0.0,2.8076171875,-1.35040283203125,0.0152587890625,-0.029296875,0.997802734375,0.031494140625
0.0,2.8076171875,-1.33514404296875,-0.00762939453125,-0.029296875,0.997802734375,0.03125
0.0,2.7923583984375,-1.33514404296875,0.0,-0.029541015625,0.998291015625,0.0302734375
0.0,2.76947021484375,-1.35040283203125,0.0457763671875,-0.02978515625,0.99853515625,0.031005859375
0.0,2.777099609375,-1.373291015625,0.0457763671875,-0.029052734375,0.998046875,0.031494140625
0.0,2.7923583984375,-1.373291015625,0.06866455078125,-0.029296875,0.997802734375,0.031494140625
0.0,2.79998779296875,-1.3580322265625,0.0457763671875,-0.029052734375,0.998046875,0.031494140625
0.0,2.7618408203125,-1.35040283203125,0.0457763671875,-0.02880859375,0.998046875,0.031005859375
0.0,2.7923583984375,-1.36566162109375,0.05340576171875,-0.028564453125,0.998046875,0.031005859375
0.0,2.7618408203125,-1.373291015625,0.06103515625,-0.029541015625,0.998046875,0.031982421875
0.0,2.75421142578125,-1.3580322265625,0.06103515625,-0.02978515625,0.998046875,0.03125
0.0,2.777099609375,-1.3580322265625,0.03814697265625,-0.029541015625,0.998291015625,0.03125
0.0,2.73895263671875,-1.373291015625,0.091552734375,-0.029541015625,0.998046875,0.031982421875
0.0,2.7618408203125,-1.373291015625,0.11444091796875,-0.029541015625,0.998046875,0.03125
0.0,2.75421142578125,-1.3885498046875,0.14495849609375,-0.029296875,0.99853515625,0.03125
0.0,2.7618408203125,-1.39617919921875,0.1220703125,-0.029541015625,0.998291015625,0.03125
0.0,2.74658203125,-1.373291015625,0.1220703125,-0.028564453125,0.997802734375,0.031982421875
0.0,2.716064453125,-1.373291015625,0.1220703125,-0.029052734375,0.99853515625,0.031494140625
0.0,2.7313232421875,-1.36566162109375,0.14495849609375,-0.02978515625,0.998779296875,0.031494140625
0.0,2.7008056640625,-1.40380859375,0.1678466796875,-0.029296875,0.99853515625,0.031982421875
0.0,2.73895263671875,-1.40380859375,0.152587890625,-0.029052734375,0.998779296875,0.03173828125
0.0,2.7008056640625,-1.38092041015625,0.1373291015625,-0.029052734375,0.99755859375,0.03125
0.0,2.685546875,-1.42669677734375,0.14495849609375,-0.030029296875,0.998046875,0.031005859375
0.0,2.70843505859375,-1.4190673828125,0.18310546875,-0.029052734375,0.998046875,0.03173828125
0.0,2.685546875,-1.40380859375,0.16021728515625,-0.029296875,0.998046875,0.031494140625
0.0,2.6702880859375,-1.3885498046875,0.1983642578125,-0.029052734375,0.998291015625,0.030517578125
0.0,2.67791748046875,-1.40380859375,0.1983642578125,-0.028564453125,0.998291015625,0.03125
0.0,2.7008056640625,-1.41143798828125,0.1983642578125,-0.0283203125,0.998046875,0.03173828125
0.0,2.64739990234375,-1.44195556640625,0.213623046875,-0.02880859375,0.998779296875,0.03076171875
0.0,2.67791748046875,-1.41143798828125,0.20599365234375,-0.029296875,0.99853515625,0.031005859375
0.0,2.6397705078125,-1.4495849609375,0.18310546875,-0.029296875,0.998779296875,0.03125
0.0,2.6397705078125,-1.44195556640625,0.2288818359375,-0.029296875,0.9990234375,0.030517578125
0.0,2.64739990234375,-1.45721435546875,0.22125244140625,-0.02880859375,0.998291015625,0.031494140625
0.0,2.61688232421875,-1.44195556640625,0.22125244140625,-0.029052734375,0.998779296875,0.03125
0.0,2.60162353515625,-1.4495849609375,0.2288818359375,-0.0283203125,0.998046875,0.031494140625
0.0,2.593994140625,-1.4495849609375,0.213623046875,-0.02880859375,0.997802734375,0.031494140625
0.0,2.6092529296875,-1.4495849609375,0.23651123046875,-0.029052734375,0.998291015625,0.0322265625
0.0,2.6092529296875,-1.4495849609375,0.244140625,-0.029052734375,0.99853515625,0.03076171875
0.0,2.5787353515625,-1.46484375,0.23651123046875,-0.029052734375,0.998291015625,0.030517578125
0.0,2.55584716796875,-1.45721435546875,0.23651123046875,-0.029052734375,0.99853515625,0.03125
0.0,2.55584716796875,-1.46484375,0.23651123046875,-0.029296875,0.998291015625,0.03076171875
0.0,2.5634765625,-1.4495849609375,0.244140625,-0.029052734375,0.99853515625,0.031005859375
0.0,2.55584716796875,-1.46484375,0.25177001953125,-0.029296875,0.998291015625,0.031494140625
0.0,2.532958984375,-1.46484375,0.2288818359375,-0.029296875,0.998779296875,0.031005859375
0.0,2.532958984375,-1.4801025390625,0.274658203125,-0.029052734375,0.998046875,0.03125
0.0,2.52532958984375,-1.45721435546875,0.25177001953125,-0.02978515625,0.99755859375,0.031494140625
0.0,2.47955322265625,-1.46484375,0.28228759765625,-0.029296875,0.998779296875,0.031982421875
0.0,2.4871826171875,-1.46484375,0.2899169921875,-0.02978515625,0.997802734375,0.03173828125
0.0,2.50244140625,-1.48773193359375,0.274658203125,-0.029541015625,0.998046875,0.03125
0.0,2.49481201171875,-1.48773193359375,0.2899169921875,-0.030029296875,0.998046875,0.031494140625
0.0,2.46429443359375,-1.48773193359375,0.30517578125,-0.029541015625,0.997802734375,0.031005859375
0.0,2.471923828125,-1.495361328125,0.31280517578125,-0.02880859375,0.99853515625,0.03173828125
0.0,2.43377685546875,-1.4801025390625,0.3204345703125,-0.02978515625,0.998046875,0.03125
0.0,2.41851806640625,-1.48773193359375,0.32806396484375,-0.029541015625,0.99853515625,0.030517578125
0.0,2.41851806640625,-1.495361328125,0.335693359375,-0.029541015625,0.998291015625,0.03173828125
0.0,2.4261474609375,-1.495361328125,0.335693359375,-0.029052734375,0.998291015625,0.031494140625
0.0,2.410888671875,-1.47247314453125,0.35858154296875,-0.029296875,0.99853515625,0.03076171875
0.0,2.41851806640625,-1.48773193359375,0.3814697265625,-0.029296875,0.99853515625,0.03125
0.0,2.37274169921875,-1.48773193359375,0.35858154296875,-0.028564453125,0.99853515625,0.03076171875
0.0,2.3651123046875,-1.495361328125,0.37384033203125,-0.029296875,0.998779296875,0.031494140625
0.0,2.410888671875,-1.495361328125,0.38909912109375,-0.029296875,0.99853515625,0.031494140625
0.0,2.349853515625,-1.495361328125,0.40435791015625,-0.029296875,0.998046875,0.031005859375
0.0,2.349853515625,-1.495361328125,0.42724609375,-0.029296875,0.998291015625,0.031494140625
0.0,2.349853515625,-1.495361328125,0.4119873046875,-0.029296875,0.998046875,0.031005859375
0.0,2.3345947265625,-1.50299072265625,0.4425048828125,-0.029052734375,0.99853515625,0.031494140625
0.0,2.34222412109375,-1.4801025390625,0.457763671875,-0.029541015625,0.997802734375,0.03125
0.0,2.3345947265625,-1.4801025390625,0.457763671875,-0.029052734375,0.997802734375,0.031494140625
0.0,2.3193359375,-1.4801025390625,0.46539306640625,-0.029296875,0.998291015625,0.031005859375
0.0,2.34222412109375,-1.50299072265625,0.48828125,-0.02880859375,0.997802734375,0.03125
0.0,2.2735595703125,-1.50299072265625,0.48828125,-0.02880859375,0.998046875,0.03076171875
0.0,2.3193359375,-1.4801025390625,0.48065185546875,-0.029541015625,0.99853515625,0.031005859375
0.0,2.25830078125,-1.50299072265625,0.51116943359375,-0.029052734375,0.99853515625,0.031005859375
0.0,2.2735595703125,-1.52587890625,0.5340576171875,-0.029296875,0.998779296875,0.031005859375
0.0,2.288818359375,-1.5106201171875,0.518798828125,-0.029052734375,0.998291015625,0.03076171875
0.0,2.25067138671875,-1.495361328125,0.49591064453125,-0.029296875,0.99853515625,0.031494140625
0.0,2.2430419921875,-1.46484375,0.5035400390625,-0.029296875,0.99853515625,0.03125
0.0,2.25830078125,-1.48773193359375,0.51116943359375,-0.028076171875,0.998779296875,0.031005859375
0.0,2.2430419921875,-1.48773193359375,0.5035400390625,-0.02880859375,0.998779296875,0.03076171875
0.0,2.22015380859375,-1.46484375,0.5035400390625,-0.029296875,0.998779296875,0.03173828125
0.0,2.18963623046875,-1.495361328125,0.55694580078125,-0.029052734375,0.99853515625,0.031005859375
0.0,2.20489501953125,-1.48773193359375,0.518798828125,-0.029541015625,0.998046875,0.031494140625
0.0,2.2125244140625,-1.47247314453125,0.5340576171875,-0.029052734375,0.998046875,0.031005859375
0.0,2.17437744140625,-1.46484375,0.54931640625,-0.029052734375,0.998046875,0.031494140625
0.0,2.227783203125,-1.48773193359375,0.55694580078125,-0.028564453125,0.997802734375,0.03125
0.0,2.1820068359375,-1.47247314453125,0.55694580078125,-0.02880859375,0.9990234375,0.03125
0.0,2.166748046875,-1.46484375,0.579833984375,-0.029296875,0.99853515625,0.03125
0.0,2.14385986328125,-1.46484375,0.54168701171875,-0.02978515625,0.998291015625,0.031005859375
0.0,2.15911865234375,-1.434326171875,0.54931640625,-0.02978515625,0.998779296875,0.031982421875
0.0,2.14385986328125,-1.44195556640625,0.58746337890625,-0.029541015625,0.99853515625,0.031494140625
0.0,2.14385986328125,-1.46484375,0.58746337890625,-0.02880859375,0.998046875,0.03125
0.0,2.11334228515625,-1.44195556640625,0.54168701171875,-0.028564453125,0.99853515625,0.030517578125
0.0,2.105712890625,-1.4495849609375,0.579833984375,-0.029052734375,0.998291015625,0.031005859375
0.0,2.11334228515625,-1.4190673828125,0.5950927734375,-0.0283203125,0.998291015625,0.031982421875
0.0,2.06756591796875,-1.4190673828125,0.63323974609375,-0.029541015625,0.998779296875,0.03125
0.0,2.08282470703125,-1.41143798828125,0.6256103515625,-0.029052734375,0.998291015625,0.03076171875
0.0,2.08282470703125,-1.39617919921875,0.63323974609375,-0.02880859375,0.998291015625,0.03125
0.0,2.0294189453125,-1.41143798828125,0.6256103515625,-0.029052734375,0.997802734375,0.031005859375
0.0,2.0599365234375,-1.40380859375,0.640869140625,-0.029541015625,0.998291015625,0.031494140625
0.0,2.02178955078125,-1.3885498046875,0.63323974609375,-0.029296875,0.99853515625,0.03125
0.0,1.9989013671875,-1.40380859375,0.640869140625,-0.029052734375,0.99853515625,0.03125
0.0,1.983642578125,-1.40380859375,0.63323974609375,-0.029052734375,0.998046875,0.031005859375
0.0,2.00653076171875,-1.373291015625,0.6866455078125,-0.02880859375,0.99853515625,0.031005859375
0.0,2.00653076171875,-1.36566162109375,0.69427490234375,-0.029052734375,0.998046875,0.0302734375
0.0,1.983642578125,-1.3580322265625,0.701904296875,-0.02880859375,0.998046875,0.031494140625
0.0,1.9683837890625,-1.33514404296875,0.7476806640625,-0.02978515625,0.99853515625,0.031494140625
0.0,1.96075439453125,-1.3427734375,0.6866455078125,-0.028564453125,0.998291015625,0.031005859375
0.0,2.00653076171875,-1.33514404296875,0.70953369140625,-0.02880859375,0.998046875,0.031005859375
0.0,1.9378662109375,-1.3275146484375,0.732421875,-0.0283203125,0.998046875,0.03076171875
0.0,1.922607421875,-1.3275146484375,0.7476806640625,-0.02880859375,0.998779296875,0.031005859375
0.0,1.93023681640625,-1.3275146484375,0.79345703125,-0.029541015625,0.998779296875,0.03076171875
0.0,1.89971923828125,-1.31988525390625,0.762939453125,-0.029052734375,0.998046875,0.031005859375
0.0,1.89208984375,-1.312255859375,0.77056884765625,-0.029296875,0.99853515625,0.03076171875
0.0,1.88446044921875,-1.28936767578125,0.79345703125,-0.02880859375,0.99853515625,0.03125
0.0,1.8768310546875,-1.28173828125,0.7781982421875,-0.02880859375,0.997802734375,0.03076171875
0.0,1.88446044921875,-1.2664794921875,0.78582763671875,-0.029296875,0.998046875,0.031494140625
0.0,1.86920166015625,-1.28173828125,0.79345703125,-0.029052734375,0.998779296875,0.031005859375
0.0,1.861572265625,-1.25885009765625,0.80108642578125,-0.028564453125,0.998291015625,0.031005859375
0.0,1.88446044921875,-1.25885009765625,0.78582763671875,-0.029541015625,0.997802734375,0.03125
0.0,1.85394287109375,-1.2359619140625,0.78582763671875,-0.029052734375,0.99853515625,0.03125
0.0,1.83868408203125,-1.220703125,0.8087158203125,-0.029296875,0.998291015625,0.03173828125
0.0,1.82342529296875,-1.19781494140625,0.81634521484375,-0.029296875,0.99853515625,0.03125
0.0,1.83868408203125,-1.220703125,0.8087158203125,-0.029052734375,0.997802734375,0.031494140625
0.0,1.83868408203125,-1.220703125,0.78582763671875,-0.02880859375,0.998046875,0.03173828125
0.0,1.8310546875,-1.18255615234375,0.8087158203125,-0.029052734375,0.997802734375,0.03125
0.0,1.82342529296875,-1.1749267578125,0.78582763671875,-0.029296875,0.99853515625,0.031005859375
0.0,1.8157958984375,-1.18255615234375,0.8087158203125,-0.029296875,0.99853515625,0.03125
0.0,1.8157958984375,-1.1444091796875,0.823974609375,-0.028564453125,0.99853515625,0.031494140625
0.0,1.79290771484375,-1.129150390625,0.81634521484375,-0.02880859375,0.99853515625,0.031005859375
0.0,1.79290771484375,-1.1444091796875,0.81634521484375,-0.028564453125,0.998046875,0.031005859375
0.0,1.76239013671875,-1.1444091796875,0.78582763671875,-0.029052734375,0.998046875,0.031005859375
0.0,1.7852783203125,-1.1138916015625,0.78582763671875,-0.029541015625,0.99853515625,0.03076171875
0.0,1.74713134765625,-1.0986328125,0.79345703125,-0.029052734375,0.998046875,0.030517578125
0.0,1.7852783203125,-1.0986328125,0.78582763671875,-0.029052734375,0.997802734375,0.031494140625
0.0,1.7852783203125,-1.12152099609375,0.79345703125,-0.029052734375,0.997802734375,0.03076171875
0.0,1.77001953125,-1.06048583984375,0.80108642578125,-0.029052734375,0.998046875,0.030517578125
0.0,1.73187255859375,-1.04522705078125,0.8087158203125,-0.028564453125,0.997802734375,0.030517578125
0.0,1.77001953125,-1.0528564453125,0.78582763671875,-0.028564453125,0.99853515625,0.031005859375
0.0,1.71661376953125,-1.0528564453125,0.83160400390625,-0.0283203125,0.99755859375,0.03125
0.0,1.739501953125,-1.007080078125,0.83160400390625,-0.029052734375,0.997802734375,0.03125
0.0,1.7547607421875,-0.99945068359375,0.84686279296875,-0.028564453125,0.997802734375,0.031005859375
0.0,1.76239013671875,-1.007080078125,0.8392333984375,-0.029052734375,0.997802734375,0.03076171875
0.0,1.74713134765625,-0.9918212890625,0.86212158203125,-0.029052734375,0.998046875,0.0302734375
0.0,1.74713134765625,-0.96893310546875,0.8544921875,-0.029296875,0.99853515625,0.03125
0.0,1.7547607421875,-0.9765625,0.81634521484375,-0.028564453125,0.997802734375,0.031005859375
0.0,1.74713134765625,-0.946044921875,0.823974609375,-0.028564453125,0.997802734375,0.031005859375
0.0,1.708984375,-0.93841552734375,0.83160400390625,-0.0283203125,0.99755859375,0.031005859375
0.0,1.76239013671875,-0.946044921875,0.8697509765625,-0.029052734375,0.997802734375,0.030029296875
0.0,1.77001953125,-0.9002685546875,0.8544921875,-0.02880859375,0.998046875,0.031005859375
0.0,1.77001953125,-0.885009765625,0.8544921875,-0.02880859375,0.998291015625,0.031494140625
0.0,1.739501953125,-0.87738037109375,0.8392333984375,-0.029052734375,0.998046875,0.03076171875
0.0,1.71661376953125,-0.8544921875,0.87738037109375,-0.029052734375,0.998046875,0.03076171875
0.0,1.7242431640625,-0.86212158203125,0.885009765625,-0.029296875,0.997802734375,0.03125
0.0,1.74713134765625,-0.8544921875,0.885009765625,-0.02880859375,0.99853515625,0.03125
0.0,1.7547607421875,-0.8087158203125,0.86212158203125,-0.029052734375,0.997314453125,0.031005859375
0.0,1.74713134765625,-0.79345703125,0.87738037109375,-0.02880859375,0.9970703125,0.03125
0.0,1.7242431640625,-0.8087158203125,0.87738037109375,-0.0283203125,0.997802734375,0.030517578125
0.0,1.7547607421875,-0.77056884765625,0.87738037109375,-0.02880859375,0.997802734375,0.0302734375
0.0,1.76239013671875,-0.77056884765625,0.87738037109375,-0.02880859375,0.99755859375,0.0302734375
0.0,1.7547607421875,-0.732421875,0.8697509765625,-0.02880859375,0.99853515625,0.03125
0.0,1.77001953125,-0.75531005859375,0.86212158203125,-0.0283203125,0.998046875,0.03076171875
0.0,1.7547607421875,-0.7476806640625,0.9002685546875,-0.02880859375,0.99755859375,0.03076171875
0.0,1.73187255859375,-0.7171630859375,0.92315673828125,-0.02880859375,0.997802734375,0.03076171875
0.0,1.76239013671875,-0.701904296875,0.8697509765625,-0.0283203125,0.998046875,0.030517578125
0.0,1.7547607421875,-0.70953369140625,0.8697509765625,-0.02880859375,0.998779296875,0.031005859375
0.0,1.7547607421875,-0.66375732421875,0.87738037109375,-0.029052734375,0.998046875,0.03125
0.0,1.7547607421875,-0.64849853515625,0.87738037109375,-0.028564453125,0.997802734375,0.031005859375
0.0,1.77001953125,-0.61798095703125,0.89263916015625,-0.028564453125,0.998291015625,0.030517578125
0.0,1.77001953125,-0.6103515625,0.8392333984375,-0.02880859375,0.998046875,0.031005859375
0.0,1.79290771484375,-0.6256103515625,0.8392333984375,-0.0283203125,0.998291015625,0.03076171875
0.0,1.76239013671875,-0.5950927734375,0.84686279296875,-0.028564453125,0.997802734375,0.03125
0.0,1.77001953125,-0.54931640625,0.84686279296875,-0.029052734375,0.997314453125,0.030517578125
0.0,1.7852783203125,-0.579833984375,0.83160400390625,-0.028564453125,0.997802734375,0.0302734375
0.0,1.76239013671875,-0.54168701171875,0.81634521484375,-0.029052734375,0.998046875,0.03125
0.0,1.74713134765625,-0.51116943359375,0.83160400390625,-0.028564453125,0.998291015625,0.03173828125
0.0,1.7547607421875,-0.518798828125,0.8087158203125,-0.029296875,0.998046875,0.031494140625
0.0,1.76239013671875,-0.51116943359375,0.8087158203125,-0.029052734375,0.997802734375,0.03125
0.0,1.7547607421875,-0.51116943359375,0.8087158203125,-0.029052734375,0.997802734375,0.031005859375
0.0,1.80816650390625,-0.48065185546875,0.81634521484375,-0.029052734375,0.997802734375,0.031005859375
0.0,1.79290771484375,-0.457763671875,0.80108642578125,-0.029296875,0.998046875,0.031005859375
0.0,1.79290771484375,-0.45013427734375,0.78582763671875,-0.02880859375,0.997802734375,0.03125
0.0,1.80816650390625,-0.4425048828125,0.8087158203125,-0.029296875,0.998046875,0.031494140625
0.0,1.7852783203125,-0.4425048828125,0.79345703125,-0.02880859375,0.997802734375,0.031005859375
0.0,1.77001953125,-0.41961669921875,0.7781982421875,-0.028564453125,0.99755859375,0.03076171875
0.0,1.77764892578125,-0.38909912109375,0.77056884765625,-0.029052734375,0.997802734375,0.031494140625
0.0,1.7852783203125,-0.37384033203125,0.7781982421875,-0.029296875,0.99755859375,0.031494140625
0.0,1.7852783203125,-0.3662109375,0.7781982421875,-0.0283203125,0.998046875,0.03076171875
0.0,1.80816650390625,-0.3662109375,0.80108642578125,-0.02880859375,0.99755859375,0.03125
0.0,1.8310546875,-0.335693359375,0.80108642578125,-0.02880859375,0.997802734375,0.031005859375
0.0,1.8310546875,-0.335693359375,0.77056884765625,-0.028564453125,0.997314453125,0.031005859375
0.0,1.8157958984375,-0.3204345703125,0.74005126953125,-0.0283203125,0.997802734375,0.030517578125
0.0,1.8157958984375,-0.274658203125,0.7781982421875,-0.02978515625,0.997802734375,0.031494140625
0.0,1.80816650390625,-0.2899169921875,0.77056884765625,-0.029052734375,0.997802734375,0.03173828125
0.0,1.80816650390625,-0.28228759765625,0.7781982421875,-0.02880859375,0.998046875,0.03125
0.0,1.8310546875,-0.2593994140625,0.7476806640625,-0.02880859375,0.99853515625,0.031005859375
0.0,1.80816650390625,-0.244140625,0.74005126953125,-0.029296875,0.998291015625,0.03076171875
0.0,1.8463134765625,-0.20599365234375,0.77056884765625,-0.028564453125,0.997802734375,0.03125
0.0,1.83868408203125,-0.19073486328125,0.7781982421875,-0.029052734375,0.998046875,0.0302734375
0.0,1.80816650390625,-0.19073486328125,0.762939453125,-0.028564453125,0.997802734375,0.031494140625
0.0,1.8310546875,-0.17547607421875,0.75531005859375,-0.029052734375,0.99755859375,0.031494140625
0.0,1.80816650390625,-0.152587890625,0.72479248046875,-0.029296875,0.99755859375,0.03125
0.0,1.86920166015625,-0.14495849609375,0.762939453125,-0.02880859375,0.998046875,0.03125
0.0,1.89971923828125,-0.12969970703125,0.762939453125,-0.028564453125,0.998046875,0.03125
0.0,1.9073486328125,-0.14495849609375,0.72479248046875,-0.02880859375,0.997802734375,0.031005859375
0.0,1.86920166015625,-0.11444091796875,0.732421875,-0.02880859375,0.99755859375,0.031005859375
0.0,1.89971923828125,-0.0762939453125,0.7171630859375,-0.02880859375,0.997314453125,0.03125
0.0,1.91497802734375,-0.06103515625,0.69427490234375,-0.029052734375,0.998046875,0.031982421875
0.0,1.922607421875,-0.030517578125,0.7476806640625,-0.02880859375,0.99755859375,0.031494140625
0.0,1.91497802734375,-0.03814697265625,0.701904296875,-0.029052734375,0.99755859375,0.031494140625
0.0,1.89971923828125,-0.0457763671875,0.69427490234375,-0.029541015625,0.99755859375,0.03173828125
0.0,1.9378662109375,0.0,0.72479248046875,-0.029052734375,0.99755859375,0.03173828125
0.0,1.93023681640625,-0.0152587890625,0.70953369140625,-0.029052734375,0.997802734375,0.031005859375
0.0,1.94549560546875,0.00762939453125,0.69427490234375,-0.028564453125,0.9970703125,0.031005859375
0.0,1.94549560546875,0.0152587890625,0.69427490234375,-0.02880859375,0.997314453125,0.03125
0.0,1.953125,0.03814697265625,0.6866455078125,-0.028564453125,0.99755859375,0.03125
0.0,1.983642578125,0.03814697265625,0.6866455078125,-0.029052734375,0.997802734375,0.031494140625
0.0,2.01416015625,0.06103515625,0.640869140625,-0.02880859375,0.997802734375,0.031005859375
0.0,1.9989013671875,0.091552734375,0.640869140625,-0.02880859375,0.997314453125,0.031005859375
0.0,2.01416015625,0.1068115234375,0.6561279296875,-0.02880859375,0.9970703125,0.03173828125
0.0,2.0294189453125,0.1220703125,0.60272216796875,-0.028564453125,0.9970703125,0.030517578125
0.0,2.02178955078125,0.1373291015625,0.63323974609375,-0.028076171875,0.99755859375,0.031494140625
0.0,2.05230712890625,0.14495849609375,0.6256103515625,-0.02880859375,0.99755859375,0.031494140625
0.0,2.05230712890625,0.16021728515625,0.60272216796875,-0.02880859375,0.998046875,0.031494140625
0.0,2.0599365234375,0.16021728515625,0.579833984375,-0.029052734375,0.997314453125,0.03125
0.0,2.0599365234375,0.1678466796875,0.58746337890625,-0.028564453125,0.996826171875,0.031005859375
0.0,2.0751953125,0.18310546875,0.5645751953125,-0.028564453125,0.997314453125,0.03076171875
0.0,2.08282470703125,0.19073486328125,0.5645751953125,-0.028564453125,0.997314453125,0.031005859375
0.0,2.11334228515625,0.18310546875,0.55694580078125,-0.02880859375,0.997314453125,0.03076171875
0.0,2.1209716796875,0.23651123046875,0.57220458984375,-0.029052734375,0.99755859375,0.03173828125
0.0,2.105712890625,0.2288818359375,0.54168701171875,-0.029052734375,0.997802734375,0.031494140625
0.0,2.0904541015625,0.2288818359375,0.5645751953125,-0.029052734375,0.998046875,0.03125
0.0,2.1514892578125,0.25177001953125,0.54931640625,-0.02880859375,0.997314453125,0.03173828125
0.0,2.15911865234375,0.274658203125,0.5340576171875,-0.029052734375,0.9970703125,0.031005859375
0.0,2.1514892578125,0.2899169921875,0.518798828125,-0.029052734375,0.997314453125,0.031494140625
0.0,2.18963623046875,0.2899169921875,0.5340576171875,-0.02880859375,0.998046875,0.03173828125
0.0,2.166748046875,0.31280517578125,0.518798828125,-0.028076171875,0.998046875,0.03076171875
0.0,2.18963623046875,0.29754638671875,0.518798828125,-0.029052734375,0.997802734375,0.03173828125
0.0,2.18963623046875,0.31280517578125,0.49591064453125,-0.029052734375,0.997314453125,0.031494140625
0.0,2.20489501953125,0.30517578125,0.5340576171875,-0.02880859375,0.997314453125,0.03125
0.0,2.2125244140625,0.3204345703125,0.52642822265625,-0.02880859375,0.997802734375,0.03076171875
0.0,2.2430419921875,0.35858154296875,0.518798828125,-0.028564453125,0.997802734375,0.03173828125
0.0,2.2430419921875,0.35858154296875,0.51116943359375,-0.029296875,0.99755859375,0.03173828125
0.0,2.227783203125,0.3662109375,0.49591064453125,-0.029541015625,0.99755859375,0.031005859375
0.0,2.2430419921875,0.3662109375,0.5035400390625,-0.029541015625,0.9970703125,0.031005859375
0.0,2.2735595703125,0.3814697265625,0.518798828125,-0.02880859375,0.9970703125,0.03125
0.0,2.23541259765625,0.4119873046875,0.48065185546875,-0.028564453125,0.997314453125,0.031005859375
0.0,2.3040771484375,0.4119873046875,0.46539306640625,-0.02880859375,0.997314453125,0.031005859375
0.0,2.3040771484375,0.38909912109375,0.5035400390625,-0.0283203125,0.997314453125,0.03173828125
0.0,2.288818359375,0.42724609375,0.51116943359375,-0.02880859375,0.99755859375,0.03125
0.0,2.3040771484375,0.43487548828125,0.4730224609375,-0.029541015625,0.997802734375,0.03125
0.0,2.3040771484375,0.41961669921875,0.46539306640625,-0.029052734375,0.99755859375,0.03125
0.0,2.3345947265625,0.41961669921875,0.457763671875,-0.02880859375,0.998046875,0.03173828125
0.0,2.35748291015625,0.43487548828125,0.43487548828125,-0.02880859375,0.997314453125,0.03076171875
0.0,2.37274169921875,0.48065185546875,0.4119873046875,-0.02880859375,0.997802734375,0.03125
0.0,2.37274169921875,0.457763671875,0.4425048828125,-0.0283203125,0.998046875,0.031494140625
0.0,2.3651123046875,0.4730224609375,0.42724609375,-0.02880859375,0.998046875,0.031005859375
0.0,2.37274169921875,0.46539306640625,0.40435791015625,-0.029052734375,0.997314453125,0.03076171875
0.0,2.35748291015625,0.4730224609375,0.396728515625,-0.029052734375,0.99755859375,0.031494140625
0.0,2.38037109375,0.4730224609375,0.38909912109375,-0.028564453125,0.9970703125,0.03173828125
0.0,2.37274169921875,0.5035400390625,0.37384033203125,-0.02880859375,0.997802734375,0.031494140625
0.0,2.38037109375,0.48065185546875,0.3662109375,-0.029052734375,0.998291015625,0.031494140625
0.0,2.40325927734375,0.49591064453125,0.35858154296875,-0.02880859375,0.998046875,0.031494140625
0.0,2.4261474609375,0.5340576171875,0.335693359375,-0.02880859375,0.997802734375,0.03125
0.0,2.3956298828125,0.518798828125,0.3662109375,-0.028564453125,0.998046875,0.031005859375
0.0,2.3956298828125,0.54168701171875,0.3509521484375,-0.029296875,0.997802734375,0.031494140625
0.0,2.410888671875,0.518798828125,0.34332275390625,-0.029296875,0.99755859375,0.031494140625
0.0,2.40325927734375,0.5340576171875,0.31280517578125,-0.0283203125,0.997314453125,0.031005859375
0.0,2.3956298828125,0.55694580078125,0.26702880859375,-0.029296875,0.997314453125,0.03076171875
0.0,2.43377685546875,0.5340576171875,0.274658203125,-0.02978515625,0.99755859375,0.03125
0.0,2.43377685546875,0.518798828125,0.26702880859375,-0.029052734375,0.99853515625,0.031494140625
0.0,2.44140625,0.52642822265625,0.2593994140625,-0.02880859375,0.997802734375,0.03125
0.0,2.47955322265625,0.55694580078125,0.274658203125,-0.02880859375,0.997314453125,0.031005859375
0.0,2.44903564453125,0.54931640625,0.26702880859375,-0.02880859375,0.997314453125,0.03125
0.0,2.52532958984375,0.5645751953125,0.26702880859375,-0.029541015625,0.997314453125,0.031494140625
0.0,2.49481201171875,0.54168701171875,0.2899169921875,-0.02880859375,0.997314453125,0.031005859375
0.0,2.52532958984375,0.54168701171875,0.2593994140625,-0.028564453125,0.997802734375,0.031494140625
0.0,2.52532958984375,0.5645751953125,0.2593994140625,-0.029052734375,0.997802734375,0.031494140625
0.0,2.52532958984375,0.5645751953125,0.2288818359375,-0.029052734375,0.997314453125,0.03076171875
0.0,2.54058837890625,0.54168701171875,0.26702880859375,-0.029541015625,0.998046875,0.030517578125
0.0,2.55584716796875,0.54931640625,0.2288818359375,-0.029296875,0.997314453125,0.03173828125
0.0,2.5634765625,0.5340576171875,0.2288818359375,-0.029541015625,0.997314453125,0.03173828125
0.0,2.5634765625,0.54931640625,0.25177001953125,-0.029052734375,0.997802734375,0.03125
0.0,2.58636474609375,0.55694580078125,0.244140625,-0.02880859375,0.997802734375,0.03076171875
0.0,2.60162353515625,0.5645751953125,0.2288818359375,-0.029296875,0.99755859375,0.031005859375
0.0,2.6092529296875,0.55694580078125,0.23651123046875,-0.029052734375,0.997314453125,0.03076171875
0.0,2.62451171875,0.55694580078125,0.2288818359375,-0.02880859375,0.997314453125,0.03125
0.0,2.64739990234375,0.579833984375,0.1983642578125,-0.029296875,0.997314453125,0.03125
0.0,2.6397705078125,0.54931640625,0.244140625,-0.02880859375,0.997314453125,0.03173828125
0.0,2.6397705078125,0.58746337890625,0.2288818359375,-0.029296875,0.997802734375,0.03173828125
0.0,2.66265869140625,0.54931640625,0.23651123046875,-0.02978515625,0.9970703125,0.03125
0.0,2.6397705078125,0.54931640625,0.20599365234375,-0.02880859375,0.99755859375,0.03125
0.0,2.67791748046875,0.5645751953125,0.2288818359375,-0.029052734375,0.99755859375,0.031982421875
0.0,2.67791748046875,0.54931640625,0.19073486328125,-0.02880859375,0.99755859375,0.0322265625
0.0,2.716064453125,0.5645751953125,0.213623046875,-0.028564453125,0.998291015625,0.031982421875
0.0,2.6702880859375,0.5645751953125,0.22125244140625,-0.02880859375,0.99853515625,0.0322265625
0.0,2.70843505859375,0.55694580078125,0.19073486328125,-0.029052734375,0.998046875,0.031005859375
0.0,2.716064453125,0.55694580078125,0.19073486328125,-0.029541015625,0.997802734375,0.03173828125
0.0,2.7008056640625,0.55694580078125,0.1983642578125,-0.029296875,0.998046875,0.03173828125
0.0,2.716064453125,0.54931640625,0.18310546875,-0.029296875,0.997802734375,0.031494140625
0.0,2.70843505859375,0.5340576171875,0.20599365234375,-0.029541015625,0.99755859375,0.031494140625
0.0,2.74658203125,0.5340576171875,0.1678466796875,-0.029296875,0.99853515625,0.031005859375
0.0,2.777099609375,0.5340576171875,0.1678466796875,-0.029541015625,0.99755859375,0.03125
0.0,2.74658203125,0.518798828125,0.16021728515625,-0.029052734375,0.99755859375,0.03125
0.0,2.76947021484375,0.5340576171875,0.152587890625,-0.02880859375,0.998046875,0.031494140625
0.0,2.78472900390625,0.5340576171875,0.16021728515625,-0.02880859375,0.997802734375,0.031494140625
0.0,2.74658203125,0.5645751953125,0.16021728515625,-0.029052734375,0.998046875,0.03125
0.0,2.7923583984375,0.52642822265625,0.16021728515625,-0.029541015625,0.998046875,0.031005859375
0.0,2.7923583984375,0.51116943359375,0.1373291015625,-0.02978515625,0.997802734375,0.031005859375
0.0,2.7618408203125,0.518798828125,0.12969970703125,-0.029541015625,0.998046875,0.031494140625
0.0,2.7618408203125,0.51116943359375,0.11444091796875,-0.029541015625,0.998046875,0.031494140625
0.0,2.7923583984375,0.5035400390625,0.1068115234375,-0.029541015625,0.997802734375,0.031494140625
0.0,2.777099609375,0.49591064453125,0.11444091796875,-0.029541015625,0.997802734375,0.03173828125
0.0,2.75421142578125,0.45013427734375,0.1068115234375,-0.029541015625,0.99755859375,0.031494140625
0.0,2.777099609375,0.4730224609375,0.11444091796875,-0.029052734375,0.997802734375,0.031494140625
0.0,2.84576416015625,0.4730224609375,0.11444091796875,-0.029541015625,0.998046875,0.031005859375
0.0,2.79998779296875,0.48065185546875,0.1068115234375,-0.029296875,0.997802734375,0.031005859375
0.0,2.8076171875,0.4425048828125,0.1068115234375,-0.029052734375,0.997802734375,0.031005859375
0.0,2.7923583984375,0.45013427734375,0.08392333984375,-0.029541015625,0.998291015625,0.031494140625
0.0,2.7618408203125,0.4730224609375,0.091552734375,-0.029052734375,0.998291015625,0.03173828125
0.0,2.777099609375,0.42724609375,0.06866455078125,-0.0283203125,0.997802734375,0.031494140625
0.0,2.777099609375,0.42724609375,0.091552734375,-0.02880859375,0.99755859375,0.031982421875
0.0,2.8076171875,0.41961669921875,0.09918212890625,-0.02880859375,0.997802734375,0.03125
0.0,2.8076171875,0.396728515625,0.091552734375,-0.029296875,0.99755859375,0.031494140625
0.0,2.7923583984375,0.41961669921875,0.1068115234375,-0.029541015625,0.998046875,0.031494140625
0.0,2.76947021484375,0.40435791015625,0.11444091796875,-0.028564453125,0.998779296875,0.031005859375
0.0,2.78472900390625,0.396728515625,0.1068115234375,-0.029052734375,0.997314453125,0.031494140625
0.0,2.7618408203125,0.37384033203125,0.06866455078125,-0.029541015625,0.99755859375,0.031494140625
0.0,2.777099609375,0.37384033203125,0.09918212890625,-0.029052734375,0.998046875,0.031494140625
0.0,2.76947021484375,0.37384033203125,0.0762939453125,-0.029052734375,0.998046875,0.03173828125
0.0,2.7618408203125,0.335693359375,0.11444091796875,-0.029296875,0.998779296875,0.031494140625
0.0,2.75421142578125,0.335693359375,0.11444091796875,-0.029296875,0.998291015625,0.031982421875
0.0,2.78472900390625,0.3204345703125,0.1373291015625,-0.029296875,0.997802734375,0.0322265625
0.0,2.76947021484375,0.34332275390625,0.1220703125,-0.02880859375,0.99853515625,0.031494140625
0.0,2.7923583984375,0.32806396484375,0.11444091796875,-0.02880859375,0.998779296875,0.031982421875
0.0,2.73895263671875,0.29754638671875,0.1373291015625,-0.029052734375,0.99853515625,0.03173828125
0.0,2.7313232421875,0.29754638671875,0.16021728515625,-0.029541015625,0.998291015625,0.03173828125
0.0,2.7313232421875,0.28228759765625,0.09918212890625,-0.029541015625,0.997802734375,0.0322265625
0.0,2.74658203125,0.28228759765625,0.11444091796875,-0.029052734375,0.997802734375,0.03076171875
0.0,2.7618408203125,0.2288818359375,0.12969970703125,-0.029052734375,0.997802734375,0.031005859375
0.0,2.74658203125,0.2288818359375,0.12969970703125,-0.02880859375,0.998046875,0.03125
0.0,2.7313232421875,0.22125244140625,0.1220703125,-0.029296875,0.99755859375,0.031494140625
0.0,2.73895263671875,0.22125244140625,0.14495849609375,-0.0283203125,0.997314453125,0.03125
0.0,2.74658203125,0.20599365234375,0.14495849609375,-0.029052734375,0.99853515625,0.03125
0.0,2.716064453125,0.17547607421875,0.152587890625,-0.029541015625,0.997802734375,0.0322265625
0.0,2.73895263671875,0.152587890625,0.14495849609375,-0.029541015625,0.998291015625,0.031494140625
0.0,2.7313232421875,0.1678466796875,0.152587890625,-0.029052734375,0.998046875,0.03173828125
0.0,2.7313232421875,0.152587890625,0.1373291015625,-0.029296875,0.998046875,0.03173828125
0.0,2.72369384765625,0.14495849609375,0.1068115234375,-0.029296875,0.998046875,0.031494140625
0.0,2.73895263671875,0.1220703125,0.1220703125,-0.029541015625,0.99853515625,0.03173828125
0.0,2.7313232421875,0.11444091796875,0.11444091796875,-0.029052734375,0.997314453125,0.03125
0.0,2.70843505859375,0.0762939453125,0.11444091796875,-0.029541015625,0.998046875,0.031494140625
0.0,2.73895263671875,0.0762939453125,0.11444091796875,-0.029296875,0.998779296875,0.031494140625
0.0,2.76947021484375,0.0457763671875,0.1373291015625,-0.029052734375,0.998291015625,0.031005859375
0.0,2.7008056640625,0.0457763671875,0.1068115234375,-0.029052734375,0.99853515625,0.03125
0.0,2.72369384765625,0.02288818359375,0.1068115234375,-0.029296875,0.998046875,0.03173828125
0.0,2.74658203125,0.0,0.1220703125,-0.029296875,0.998046875,0.03173828125
0.0,2.74658203125,-0.0152587890625,0.1373291015625,-0.029296875,0.998046875,0.031494140625
0.0,2.716064453125,0.0,0.11444091796875,-0.029052734375,0.997802734375,0.03125
0.0,2.7313232421875,-0.030517578125,0.1068115234375,-0.02978515625,0.997802734375,0.03173828125
0.0,2.72369384765625,-0.06103515625,0.12969970703125,-0.029296875,0.998046875,0.031494140625
0.0,2.67791748046875,-0.03814697265625,0.1373291015625,-0.029296875,0.997802734375,0.031982421875
0.0,2.67791748046875,-0.091552734375,0.1373291015625,-0.029296875,0.997802734375,0.03173828125
0.0,2.70843505859375,-0.091552734375,0.14495849609375,-0.029052734375,0.998291015625,0.031982421875
0.0,2.685546875,-0.14495849609375,0.1068115234375,-0.029296875,0.998046875,0.03173828125
0.0,2.69317626953125,-0.12969970703125,0.1373291015625,-0.029541015625,0.99755859375,0.03173828125
0.0,2.70843505859375,-0.152587890625,0.1373291015625,-0.029541015625,0.99755859375,0.0322265625
0.0,2.716064453125,-0.152587890625,0.14495849609375,-0.029296875,0.99755859375,0.031982421875
0.0,2.69317626953125,-0.18310546875,0.1220703125,-0.029052734375,0.997802734375,0.03125
0.0,2.67791748046875,-0.2288818359375,0.152587890625,-0.029296875,0.99853515625,0.03173828125
0.0,2.7008056640625,-0.20599365234375,0.19073486328125,-0.029541015625,0.99853515625,0.031982421875
0.0,2.685546875,-0.244140625,0.17547607421875,-0.029541015625,0.998046875,0.03173828125
0.0,2.64739990234375,-0.2593994140625,0.16021728515625,-0.02978515625,0.998291015625,0.031982421875
0.0,2.67791748046875,-0.274658203125,0.19073486328125,-0.030029296875,0.998291015625,0.03173828125
0.0,2.69317626953125,-0.31280517578125,0.1983642578125,-0.030029296875,0.998291015625,0.031494140625
0.0,2.67791748046875,-0.32806396484375,0.20599365234375,-0.02978515625,0.998046875,0.031494140625
0.0,2.6397705078125,-0.335693359375,0.20599365234375,-0.029052734375,0.99755859375,0.03173828125
0.0,2.67791748046875,-0.34332275390625,0.213623046875,-0.029296875,0.99755859375,0.0322265625
0.0,2.67791748046875,-0.3509521484375,0.22125244140625,-0.029541015625,0.99853515625,0.031494140625
0.0,2.64739990234375,-0.35858154296875,0.2593994140625,-0.029541015625,0.998291015625,0.031494140625
0.0,2.64739990234375,-0.396728515625,0.25177001953125,-0.029296875,0.998046875,0.031494140625
0.0,2.62451171875,-0.42724609375,0.25177001953125,-0.029296875,0.997802734375,0.031494140625
0.0,2.6397705078125,-0.457763671875,0.274658203125,-0.029296875,0.998779296875,0.03173828125
0.0,2.6092529296875,-0.4730224609375,0.25177001953125,-0.028564453125,0.998779296875,0.03173828125
0.0,2.60162353515625,-0.48828125,0.25177001953125,-0.029541015625,0.998779296875,0.031982421875
0.0,2.593994140625,-0.48828125,0.2593994140625,-0.02978515625,0.998046875,0.031494140625
0.0,2.57110595703125,-0.52642822265625,0.28228759765625,-0.02978515625,0.997802734375,0.031494140625
0.0,2.54058837890625,-0.52642822265625,0.25177001953125,-0.02880859375,0.998291015625,0.03173828125
0.0,2.54058837890625,-0.5645751953125,0.2593994140625,-0.029296875,0.998046875,0.031494140625
0.0,2.5482177734375,-0.58746337890625,0.2899169921875,-0.02978515625,0.998779296875,0.03076171875
0.0,2.5634765625,-0.60272216796875,0.28228759765625,-0.029052734375,0.998046875,0.031005859375
0.0,2.55584716796875,-0.6256103515625,0.2899169921875,-0.029052734375,0.998046875,0.031982421875
0.0,2.5482177734375,-0.61798095703125,0.2899169921875,-0.02880859375,0.998046875,0.031494140625
0.0,2.51007080078125,-0.66375732421875,0.31280517578125,-0.029052734375,0.998046875,0.031005859375
0.0,2.49481201171875,-0.6866455078125,0.2899169921875,-0.029296875,0.998291015625,0.03125
0.0,2.49481201171875,-0.6866455078125,0.28228759765625,-0.030029296875,0.998291015625,0.03173828125
0.0,2.5177001953125,-0.70953369140625,0.30517578125,-0.029541015625,0.998046875,0.03125
0.0,2.47955322265625,-0.7476806640625,0.28228759765625,-0.029541015625,0.998046875,0.03125
0.0,2.46429443359375,-0.7781982421875,0.3204345703125,-0.02978515625,0.99853515625,0.03173828125
0.0,2.471923828125,-0.7781982421875,0.31280517578125,-0.029541015625,0.99853515625,0.031982421875
0.0,2.4566650390625,-0.78582763671875,0.3204345703125,-0.02978515625,0.998291015625,0.031494140625
0.0,2.44140625,-0.823974609375,0.31280517578125,-0.029541015625,0.998291015625,0.03125
0.0,2.46429443359375,-0.84686279296875,0.2899169921875,-0.0302734375,0.998291015625,0.03173828125
0.0,2.4261474609375,-0.8544921875,0.335693359375,-0.029052734375,0.998046875,0.031494140625
0.0,2.40325927734375,-0.87738037109375,0.335693359375,-0.029541015625,0.998779296875,0.031982421875
0.0,2.410888671875,-0.92315673828125,0.30517578125,-0.029541015625,0.998291015625,0.03173828125
0.0,2.410888671875,-0.946044921875,0.3204345703125,-0.029541015625,0.998046875,0.03173828125
0.0,2.3956298828125,-0.9613037109375,0.32806396484375,-0.02978515625,0.998291015625,0.03173828125
0.0,2.349853515625,-0.9765625,0.35858154296875,-0.029296875,0.998779296875,0.03125
0.0,2.349853515625,-0.9918212890625,0.37384033203125,-0.029296875,0.99853515625,0.03173828125
0.0,2.3651123046875,-1.03759765625,0.34332275390625,-0.029296875,0.998291015625,0.031494140625
0.0,2.3345947265625,-1.0528564453125,0.34332275390625,-0.029052734375,0.99853515625,0.031494140625
0.0,2.3193359375,-1.068115234375,0.34332275390625,-0.02978515625,0.998291015625,0.032470703125
0.0,2.288818359375,-1.10626220703125,0.38909912109375,-0.02978515625,0.998046875,0.03173828125
0.0,2.3040771484375,-1.12152099609375,0.38909912109375,-0.029541015625,0.997802734375,0.03125
0.0,2.29644775390625,-1.13677978515625,0.38909912109375,-0.02978515625,0.998046875,0.03173828125
0.0,2.3193359375,-1.129150390625,0.40435791015625,-0.02978515625,0.998291015625,0.03173828125
0.0,2.29644775390625,-1.1749267578125,0.42724609375,-0.02978515625,0.997802734375,0.03173828125
0.0,2.25067138671875,-1.18255615234375,0.396728515625,-0.02880859375,0.998046875,0.03173828125
0.0,2.25830078125,-1.18255615234375,0.41961669921875,-0.029052734375,0.998291015625,0.031494140625
0.0,2.28118896484375,-1.220703125,0.42724609375,-0.029296875,0.997802734375,0.03173828125
0.0,2.25067138671875,-1.25885009765625,0.4425048828125,-0.02880859375,0.998291015625,0.031494140625
0.0,2.25830078125,-1.25885009765625,0.457763671875,-0.029541015625,0.997802734375,0.03173828125
0.0,2.23541259765625,-1.27410888671875,0.46539306640625,-0.02978515625,0.998046875,0.031494140625
0.0,2.23541259765625,-1.28936767578125,0.46539306640625,-0.029541015625,0.998046875,0.03125
0.0,2.2125244140625,-1.312255859375,0.4730224609375,-0.029296875,0.998046875,0.03125
0.0,2.2125244140625,-1.35040283203125,0.4730224609375,-0.02978515625,0.99853515625,0.031494140625
0.0,2.2125244140625,-1.35040283203125,0.48828125,-0.029052734375,0.998779296875,0.031982421875
0.0,2.227783203125,-1.373291015625,0.5035400390625,-0.029296875,0.998291015625,0.031494140625
0.0,2.2125244140625,-1.39617919921875,0.51116943359375,-0.02978515625,0.997802734375,0.031982421875
0.0,2.197265625,-1.39617919921875,0.5340576171875,-0.029541015625,0.99755859375,0.0322265625
0.0,2.166748046875,-1.39617919921875,0.5340576171875,-0.02978515625,0.997802734375,0.0322265625
0.0,2.166748046875,-1.434326171875,0.54931640625,-0.030029296875,0.998291015625,0.031494140625
0.0,2.166748046875,-1.45721435546875,0.52642822265625,-0.029052734375,0.998779296875,0.03125
0.0,2.13623046875,-1.495361328125,0.5340576171875,-0.029296875,0.997802734375,0.0322265625
0.0,2.15911865234375,-1.495361328125,0.518798828125,-0.02978515625,0.997802734375,0.032958984375
0.0,2.13623046875,-1.4801025390625,0.54168701171875,-0.029541015625,0.99853515625,0.031005859375
0.0,2.166748046875,-1.51824951171875,0.54168701171875,-0.029541015625,0.998291015625,0.03125
0.0,2.15911865234375,-1.5411376953125,0.51116943359375,-0.02880859375,0.997802734375,0.031494140625
0.0,2.14385986328125,-1.56402587890625,0.54168701171875,-0.029296875,0.997802734375,0.031494140625
0.0,2.11334228515625,-1.57928466796875,0.5340576171875,-0.030029296875,0.99853515625,0.031494140625
0.0,2.1209716796875,-1.57928466796875,0.54168701171875,-0.029541015625,0.998046875,0.031494140625
0.0,2.14385986328125,-1.6021728515625,0.54931640625,-0.029541015625,0.998046875,0.03173828125
0.0,2.13623046875,-1.57928466796875,0.5645751953125,-0.029541015625,0.998046875,0.03173828125
0.0,2.105712890625,-1.59454345703125,0.57220458984375,-0.029296875,0.998046875,0.031982421875
0.0,2.09808349609375,-1.617431640625,0.54931640625,-0.029052734375,0.998291015625,0.03125
0.0,2.105712890625,-1.65557861328125,0.54931640625,-0.029541015625,0.998046875,0.031494140625
0.0,2.06756591796875,-1.67083740234375,0.55694580078125,-0.02978515625,0.99853515625,0.03173828125
0.0,2.0751953125,-1.6632080078125,0.55694580078125,-0.02978515625,0.997802734375,0.0322265625
0.0,2.105712890625,-1.678466796875,0.54168701171875,-0.029052734375,0.99853515625,0.031494140625
0.0,2.0599365234375,-1.70135498046875,0.5645751953125,-0.030029296875,0.99853515625,0.031494140625
0.0,2.06756591796875,-1.71661376953125,0.579833984375,-0.029541015625,0.99853515625,0.031005859375
0.0,2.0599365234375,-1.7242431640625,0.579833984375,-0.029296875,0.9990234375,0.03125
0.0,2.01416015625,-1.739501953125,0.60272216796875,-0.028564453125,0.998046875,0.031494140625
0.0,2.044677734375,-1.77001953125,0.6103515625,-0.029052734375,0.998046875,0.03076171875
0.0,2.03704833984375,-1.7547607421875,0.61798095703125,-0.029052734375,0.998779296875,0.030517578125
0.0,2.02178955078125,-1.77764892578125,0.640869140625,-0.029296875,0.997802734375,0.031005859375
0.0,2.01416015625,-1.79290771484375,0.63323974609375,-0.029052734375,0.998291015625,0.031494140625
0.0,2.00653076171875,-1.800537109375,0.66375732421875,-0.02978515625,0.998291015625,0.031982421875
0.0,1.99127197265625,-1.79290771484375,0.6561279296875,-0.02978515625,0.99755859375,0.03173828125
0.0,1.9683837890625,-1.80816650390625,0.640869140625,-0.02978515625,0.99853515625,0.031494140625
0.0,1.97601318359375,-1.8310546875,0.6561279296875,-0.029296875,0.998779296875,0.03173828125
0.0,1.9683837890625,-1.8463134765625,0.67901611328125,-0.029296875,0.998291015625,0.03173828125
0.0,1.96075439453125,-1.85394287109375,0.67901611328125,-0.029052734375,0.998291015625,0.031494140625
0.0,1.922607421875,-1.86920166015625,0.69427490234375,-0.02978515625,0.998046875,0.031005859375
0.0,1.91497802734375,-1.86920166015625,0.701904296875,-0.029541015625,0.998046875,0.031494140625
0.0,1.9378662109375,-1.861572265625,0.67901611328125,-0.029296875,0.997802734375,0.031494140625
0.0,1.93023681640625,-1.89971923828125,0.67138671875,-0.02880859375,0.998046875,0.031005859375
0.0,1.89208984375,-1.89971923828125,0.701904296875,-0.030029296875,0.998291015625,0.03076171875
0.0,1.88446044921875,-1.9073486328125,0.72479248046875,-0.029541015625,0.998291015625,0.03125
0.0,1.88446044921875,-1.91497802734375,0.7171630859375,-0.029052734375,0.99853515625,0.031005859375
0.0,1.88446044921875,-1.922607421875,0.70953369140625,-0.029541015625,0.99853515625,0.03076171875
0.0,1.8768310546875,-1.9378662109375,0.70953369140625,-0.029541015625,0.99853515625,0.032470703125
0.0,1.861572265625,-1.9378662109375,0.72479248046875,-0.0283203125,0.99853515625,0.03173828125
0.0,1.82342529296875,-1.9378662109375,0.7476806640625,-0.029052734375,0.997802734375,0.031494140625
0.0,1.83868408203125,-1.9683837890625,0.732421875,-0.029052734375,0.998046875,0.031494140625
0.0,1.8310546875,-1.94549560546875,0.732421875,-0.029296875,0.998291015625,0.031494140625
0.0,1.80816650390625,-1.953125,0.74005126953125,-0.029541015625,0.998046875,0.031494140625
0.0,1.8157958984375,-1.97601318359375,0.7171630859375,-0.029541015625,0.99853515625,0.03173828125
0.0,1.800537109375,-1.94549560546875,0.732421875,-0.029296875,0.998779296875,0.031005859375
0.0,1.800537109375,-1.983642578125,0.762939453125,-0.029052734375,0.998291015625,0.03076171875
0.0,1.800537109375,-2.00653076171875,0.762939453125,-0.029541015625,0.997802734375,0.03173828125
0.0,1.79290771484375,-1.97601318359375,0.732421875,-0.029052734375,0.998291015625,0.031494140625
0.0,1.79290771484375,-1.96075439453125,0.732421875,-0.02880859375,0.9990234375,0.03173828125
0.0,1.79290771484375,-1.99127197265625,0.7171630859375,-0.02880859375,0.9990234375,0.030517578125
0.0,1.77764892578125,-2.01416015625,0.72479248046875,-0.029541015625,0.998046875,0.03173828125
0.0,1.77001953125,-2.00653076171875,0.732421875,-0.029541015625,0.998046875,0.03125
0.0,1.76239013671875,-1.9989013671875,0.732421875,-0.02880859375,0.998046875,0.031982421875
0.0,1.73187255859375,-2.01416015625,0.74005126953125,-0.029296875,0.9970703125,0.031005859375
0.0,1.77764892578125,-2.02178955078125,0.762939453125,-0.029541015625,0.998046875,0.031005859375
0.0,1.7547607421875,-2.01416015625,0.72479248046875,-0.029296875,0.998046875,0.03173828125
0.0,1.74713134765625,-2.01416015625,0.7476806640625,-0.029052734375,0.998779296875,0.03173828125
0.0,1.74713134765625,-2.03704833984375,0.762939453125,-0.029052734375,0.998046875,0.03173828125
0.0,1.7547607421875,-2.03704833984375,0.75531005859375,-0.029052734375,0.99755859375,0.03125
0.0,1.77001953125,-2.02178955078125,0.7476806640625,-0.029296875,0.997802734375,0.03173828125
0.0,1.76239013671875,-2.01416015625,0.7476806640625,-0.029052734375,0.99755859375,0.03173828125
0.0,1.7852783203125,-2.03704833984375,0.7781982421875,-0.029541015625,0.99755859375,0.031494140625
0.0,1.74713134765625,-2.02178955078125,0.7781982421875,-0.02978515625,0.998291015625,0.03125
0.0,1.739501953125,-2.01416015625,0.75531005859375,-0.029296875,0.998046875,0.031982421875
0.0,1.7242431640625,-2.044677734375,0.75531005859375,-0.029541015625,0.997802734375,0.031494140625
0.0,1.76239013671875,-2.03704833984375,0.75531005859375,-0.02880859375,0.99755859375,0.031982421875
0.0,1.76239013671875,-2.02178955078125,0.732421875,-0.029541015625,0.997802734375,0.03125
0.0,1.74713134765625,-2.044677734375,0.732421875,-0.029296875,0.998046875,0.03125
0.0,1.79290771484375,-2.06756591796875,0.77056884765625,-0.029541015625,0.99853515625,0.03173828125
0.0,1.7852783203125,-2.0294189453125,0.78582763671875,-0.02880859375,0.997314453125,0.031005859375
0.0,1.7852783203125,-2.01416015625,0.7781982421875,-0.029052734375,0.997314453125,0.031494140625
0.0,1.800537109375,-2.03704833984375,0.7781982421875,-0.028564453125,0.99755859375,0.031005859375
0.0,1.800537109375,-2.044677734375,0.762939453125,-0.029541015625,0.99755859375,0.03125
0.0,1.800537109375,-1.99127197265625,0.77056884765625,-0.029296875,0.9970703125,0.031005859375
0.0,1.79290771484375,-2.00653076171875,0.79345703125,-0.028564453125,0.99755859375,0.03125
0.0,1.800537109375,-2.03704833984375,0.78582763671875,-0.02880859375,0.997802734375,0.031494140625
0.0,1.800537109375,-2.0294189453125,0.77056884765625,-0.029052734375,0.997802734375,0.03125
0.0,1.80816650390625,-1.9989013671875,0.78582763671875,-0.029541015625,0.99755859375,0.031005859375
0.0,1.80816650390625,-2.01416015625,0.80108642578125,-0.029541015625,0.997802734375,0.031494140625
0.0,1.80816650390625,-2.0294189453125,0.7781982421875,-0.02880859375,0.998291015625,0.03173828125
0.0,1.83868408203125,-2.02178955078125,0.77056884765625,-0.029052734375,0.997802734375,0.031005859375
0.0,1.861572265625,-1.9989013671875,0.78582763671875,-0.029052734375,0.99755859375,0.031005859375
0.0,1.8310546875,-1.99127197265625,0.80108642578125,-0.02880859375,0.99755859375,0.03173828125
0.0,1.8310546875,-1.9989013671875,0.7781982421875,-0.029052734375,0.998046875,0.03173828125
0.0,1.83868408203125,-1.983642578125,0.77056884765625,-0.029052734375,0.997802734375,0.031494140625
0.0,1.861572265625,-1.983642578125,0.78582763671875,-0.029541015625,0.998291015625,0.03125
0.0,1.85394287109375,-1.96075439453125,0.78582763671875,-0.02880859375,0.997802734375,0.03076171875
0.0,1.8463134765625,-1.96075439453125,0.80108642578125,-0.02880859375,0.997802734375,0.03125
0.0,1.86920166015625,-1.9683837890625,0.732421875,-0.02880859375,0.997802734375,0.031005859375
0.0,1.8768310546875,-1.953125,0.7476806640625,-0.028564453125,0.998046875,0.031005859375
0.0,1.8463134765625,-1.953125,0.77056884765625,-0.029541015625,0.99853515625,0.031005859375
0.0,1.8768310546875,-1.953125,0.7476806640625,-0.029052734375,0.998046875,0.031005859375
0.0,1.861572265625,-1.97601318359375,0.732421875,-0.029052734375,0.998046875,0.031005859375
0.0,1.85394287109375,-1.94549560546875,0.7171630859375,-0.02880859375,0.998046875,0.031005859375
0.0,1.8463134765625,-1.93023681640625,0.74005126953125,-0.028564453125,0.998046875,0.031005859375
0.0,1.85394287109375,-1.93023681640625,0.732421875,-0.0283203125,0.998046875,0.031005859375
0.0,1.85394287109375,-1.93023681640625,0.74005126953125,-0.02880859375,0.997802734375,0.03076171875
0.0,1.83868408203125,-1.922607421875,0.7171630859375,-0.02880859375,0.998046875,0.031005859375
0.0,1.85394287109375,-1.91497802734375,0.7476806640625,-0.02880859375,0.998291015625,0.03076171875
0.0,1.86920166015625,-1.8768310546875,0.732421875,-0.028564453125,0.997802734375,0.03076171875
0.0,1.8463134765625,-1.9073486328125,0.6866455078125,-0.029296875,0.998046875,0.031005859375
0.0,1.85394287109375,-1.8768310546875,0.70953369140625,-0.029052734375,0.9990234375,0.03076171875
0.0,1.88446044921875,-1.88446044921875,0.69427490234375,-0.028564453125,0.99853515625,0.031494140625
0.0,1.89208984375,-1.8768310546875,0.6866455078125,-0.029052734375,0.997802734375,0.03076171875
0.0,1.8768310546875,-1.89971923828125,0.67138671875,-0.02880859375,0.998046875,0.03076171875
0.0,1.93023681640625,-1.861572265625,0.67901611328125,-0.029052734375,0.997802734375,0.03076171875
0.0,1.8768310546875,-1.8463134765625,0.67138671875,-0.028564453125,0.998046875,0.031005859375
0.0,1.86920166015625,-1.8463134765625,0.6561279296875,-0.029052734375,0.99853515625,0.031005859375
0.0,1.88446044921875,-1.85394287109375,0.6866455078125,-0.029052734375,0.997802734375,0.03076171875
0.0,1.9073486328125,-1.8310546875,0.6866455078125,-0.028564453125,0.997314453125,0.0302734375
0.0,1.861572265625,-1.82342529296875,0.67901611328125,-0.028564453125,0.997802734375,0.03076171875
0.0,1.9073486328125,-1.8157958984375,0.67138671875,-0.029052734375,0.998291015625,0.03125
0.0,1.89971923828125,-1.8157958984375,0.6561279296875,-0.02880859375,0.998046875,0.031494140625
0.0,1.89208984375,-1.77764892578125,0.67138671875,-0.028564453125,0.997802734375,0.03173828125
0.0,1.91497802734375,-1.800537109375,0.67138671875,-0.029052734375,0.99853515625,0.03076171875
0.0,1.9378662109375,-1.77764892578125,0.66375732421875,-0.0283203125,0.998046875,0.031494140625
0.0,1.93023681640625,-1.76239013671875,0.6561279296875,-0.029541015625,0.998046875,0.031494140625
0.0,1.88446044921875,-1.77001953125,0.66375732421875,-0.029296875,0.998046875,0.03125
0.0,1.922607421875,-1.77001953125,0.67138671875,-0.029052734375,0.997802734375,0.031494140625
0.0,1.89971923828125,-1.73187255859375,0.64849853515625,-0.029052734375,0.9970703125,0.031005859375
0.0,1.9378662109375,-1.76239013671875,0.64849853515625,-0.029541015625,0.997314453125,0.03125
0.0,1.922607421875,-1.7242431640625,0.64849853515625,-0.02880859375,0.997314453125,0.03076171875
0.0,1.953125,-1.7242431640625,0.64849853515625,-0.028564453125,0.997802734375,0.031005859375
0.0,1.94549560546875,-1.678466796875,0.6256103515625,-0.029052734375,0.9970703125,0.031005859375
0.0,1.97601318359375,-1.708984375,0.640869140625,-0.029052734375,0.997802734375,0.03076171875
0.0,1.9683837890625,-1.708984375,0.640869140625,-0.029052734375,0.997802734375,0.03125
0.0,2.00653076171875,-1.6937255859375,0.64849853515625,-0.02880859375,0.998291015625,0.031005859375
0.0,2.01416015625,-1.68609619140625,0.63323974609375,-0.02880859375,0.997802734375,0.031494140625
0.0,1.97601318359375,-1.6632080078125,0.5950927734375,-0.029296875,0.997802734375,0.031005859375
0.0,2.02178955078125,-1.64031982421875,0.5950927734375,-0.029052734375,0.997802734375,0.031005859375
0.0,2.03704833984375,-1.64031982421875,0.6103515625,-0.02880859375,0.997314453125,0.031005859375
0.0,2.05230712890625,-1.64031982421875,0.60272216796875,-0.029052734375,0.9970703125,0.031494140625
0.0,2.044677734375,-1.6021728515625,0.5950927734375,-0.029052734375,0.99755859375,0.03076171875
0.0,2.0599365234375,-1.6021728515625,0.58746337890625,-0.0283203125,0.998046875,0.031005859375
0.0,2.05230712890625,-1.5869140625,0.58746337890625,-0.028564453125,0.997802734375,0.03173828125
0.0,2.0751953125,-1.556396484375,0.57220458984375,-0.029052734375,0.99755859375,0.031494140625
0.0,2.06756591796875,-1.556396484375,0.54168701171875,-0.029052734375,0.998046875,0.031494140625
0.0,2.0904541015625,-1.5716552734375,0.579833984375,-0.028564453125,0.996826171875,0.031494140625
0.0,2.0904541015625,-1.54876708984375,0.5340576171875,-0.029052734375,0.9970703125,0.030517578125
0.0,2.13623046875,-1.51824951171875,0.54931640625,-0.0283203125,0.9970703125,0.030517578125
0.0,2.14385986328125,-1.5106201171875,0.54168701171875,-0.028564453125,0.997314453125,0.031494140625
0.0,2.1209716796875,-1.53350830078125,0.51116943359375,-0.0283203125,0.9970703125,0.03173828125
0.0,2.1820068359375,-1.495361328125,0.54168701171875,-0.02880859375,0.9970703125,0.03173828125
0.0,2.1820068359375,-1.46484375,0.51116943359375,-0.02880859375,0.9970703125,0.03125
0.0,2.166748046875,-1.45721435546875,0.49591064453125,-0.029541015625,0.997314453125,0.031494140625
0.0,2.18963623046875,-1.44195556640625,0.48828125,-0.02880859375,0.997314453125,0.031005859375
0.0,2.2125244140625,-1.41143798828125,0.49591064453125,-0.028564453125,0.99755859375,0.03125
0.0,2.197265625,-1.42669677734375,0.48065185546875,-0.029052734375,0.99755859375,0.03076171875
0.0,2.18963623046875,-1.40380859375,0.43487548828125,-0.029052734375,0.997314453125,0.03076171875
0.0,2.2430419921875,-1.3885498046875,0.45013427734375,-0.028076171875,0.997314453125,0.031494140625
0.0,2.25830078125,-1.38092041015625,0.46539306640625,-0.0283203125,0.9970703125,0.031494140625
0.0,2.26593017578125,-1.3885498046875,0.45013427734375,-0.028076171875,0.997314453125,0.031005859375
0.0,2.288818359375,-1.36566162109375,0.457763671875,-0.028564453125,0.997314453125,0.031005859375
0.0,2.29644775390625,-1.35040283203125,0.457763671875,-0.02880859375,0.99658203125,0.03076171875
0.0,2.3193359375,-1.31988525390625,0.42724609375,-0.0283203125,0.997314453125,0.03125
0.0,2.29644775390625,-1.31988525390625,0.41961669921875,-0.02880859375,0.997314453125,0.03173828125
0.0,2.3193359375,-1.312255859375,0.45013427734375,-0.029296875,0.997802734375,0.031494140625
0.0,2.3193359375,-1.28173828125,0.4119873046875,-0.029296875,0.997802734375,0.03125
0.0,2.3193359375,-1.28173828125,0.41961669921875,-0.0283203125,0.997802734375,0.031005859375
0.0,2.34222412109375,-1.24359130859375,0.42724609375,-0.028564453125,0.998046875,0.031494140625
0.0,2.37274169921875,-1.24359130859375,0.42724609375,-0.0283203125,0.997802734375,0.031982421875
0.0,2.3956298828125,-1.2359619140625,0.40435791015625,-0.028076171875,0.997314453125,0.031494140625
0.0,2.38800048828125,-1.220703125,0.4119873046875,-0.028564453125,0.998046875,0.03173828125
0.0,2.40325927734375,-1.21307373046875,0.3814697265625,-0.029541015625,0.998291015625,0.03076171875
0.0,2.41851806640625,-1.21307373046875,0.42724609375,-0.02880859375,0.9970703125,0.03076171875
0.0,2.43377685546875,-1.18255615234375,0.4119873046875,-0.02880859375,0.99755859375,0.03076171875
0.0,2.40325927734375,-1.1749267578125,0.37384033203125,-0.02880859375,0.997314453125,0.03076171875
0.0,2.410888671875,-1.15203857421875,0.3814697265625,-0.02880859375,0.997802734375,0.031494140625
0.0,2.40325927734375,-1.129150390625,0.37384033203125,-0.029052734375,0.997314453125,0.03125
0.0,2.4566650390625,-1.10626220703125,0.3814697265625,-0.029052734375,0.997802734375,0.03125
0.0,2.4566650390625,-1.0986328125,0.3662109375,-0.02880859375,0.997314453125,0.03076171875
0.0,2.44140625,-1.0833740234375,0.3814697265625,-0.02880859375,0.99658203125,0.03076171875
0.0,2.44903564453125,-1.0986328125,0.3509521484375,-0.02880859375,0.99755859375,0.03076171875
0.0,2.4566650390625,-1.09100341796875,0.35858154296875,-0.028564453125,0.997802734375,0.031005859375
0.0,2.4566650390625,-1.04522705078125,0.37384033203125,-0.02880859375,0.997802734375,0.03125
0.0,2.46429443359375,-1.0223388671875,0.34332275390625,-0.029052734375,0.997802734375,0.03076171875
0.0,2.4871826171875,-1.03759765625,0.35858154296875,-0.028564453125,0.998046875,0.030517578125
0.0,2.4871826171875,-1.0223388671875,0.32806396484375,-0.028564453125,0.99755859375,0.03076171875
0.0,2.44903564453125,-0.9918212890625,0.29754638671875,-0.028564453125,0.997314453125,0.031005859375
0.0,2.49481201171875,-0.98419189453125,0.31280517578125,-0.028564453125,0.998046875,0.031494140625
0.0,2.50244140625,-0.96893310546875,0.3204345703125,-0.02880859375,0.99755859375,0.031494140625
0.0,2.49481201171875,-0.9918212890625,0.2899169921875,-0.02880859375,0.997314453125,0.0302734375
0.0,2.47955322265625,-0.9613037109375,0.31280517578125,-0.0283203125,0.99755859375,0.03076171875
0.0,2.51007080078125,-0.93841552734375,0.2899169921875,-0.029052734375,0.99755859375,0.03125
0.0,2.5177001953125,-0.91552734375,0.28228759765625,-0.029052734375,0.997314453125,0.03076171875
0.0,2.5177001953125,-0.91552734375,0.2593994140625,-0.02880859375,0.99755859375,0.031494140625
0.0,2.49481201171875,-0.91552734375,0.274658203125,-0.029296875,0.9970703125,0.03125
0.0,2.49481201171875,-0.90789794921875,0.25177001953125,-0.029296875,0.99755859375,0.0302734375
0.0,2.52532958984375,-0.885009765625,0.23651123046875,-0.02880859375,0.998291015625,0.03173828125
0.0,2.5634765625,-0.8544921875,0.20599365234375,-0.02880859375,0.998291015625,0.031494140625
0.0,2.5482177734375,-0.8544921875,0.2288818359375,-0.029052734375,0.99755859375,0.03076171875
0.0,2.50244140625,-0.83160400390625,0.2288818359375,-0.02880859375,0.9970703125,0.030517578125
0.0,2.52532958984375,-0.80108642578125,0.2288818359375,-0.02880859375,0.9970703125,0.031005859375
0.0,2.54058837890625,-0.80108642578125,0.2288818359375,-0.028564453125,0.998046875,0.03125
0.0,2.57110595703125,-0.78582763671875,0.213623046875,-0.028564453125,0.99755859375,0.03125
0.0,2.5787353515625,-0.7781982421875,0.1983642578125,-0.02880859375,0.99755859375,0.031005859375
0.0,2.5482177734375,-0.762939453125,0.19073486328125,-0.0283203125,0.99755859375,0.030517578125
0.0,2.593994140625,-0.7476806640625,0.1983642578125,-0.029052734375,0.998291015625,0.031494140625
0.0,2.58636474609375,-0.74005126953125,0.18310546875,-0.02880859375,0.998046875,0.03076171875
0.0,2.58636474609375,-0.72479248046875,0.1678466796875,-0.02880859375,0.997314453125,0.03076171875
0.0,2.60162353515625,-0.69427490234375,0.17547607421875,-0.02880859375,0.99755859375,0.03076171875
0.0,2.593994140625,-0.701904296875,0.14495849609375,-0.028564453125,0.997802734375,0.031494140625
0.0,2.61688232421875,-0.6866455078125,0.18310546875,-0.029052734375,0.99755859375,0.031494140625
0.0,2.63214111328125,-0.67138671875,0.19073486328125,-0.029052734375,0.997802734375,0.031494140625
0.0,2.64739990234375,-0.67138671875,0.152587890625,-0.029052734375,0.997802734375,0.03125
0.0,2.655029296875,-0.6561279296875,0.18310546875,-0.02880859375,0.997802734375,0.031494140625
0.0,2.64739990234375,-0.64849853515625,0.17547607421875,-0.0283203125,0.99755859375,0.03125
0.0,2.66265869140625,-0.6103515625,0.17547607421875,-0.0283203125,0.997802734375,0.03076171875
0.0,2.6702880859375,-0.6103515625,0.18310546875,-0.028564453125,0.997802734375,0.03076171875
0.0,2.6702880859375,-0.57220458984375,0.14495849609375,-0.028564453125,0.998046875,0.031494140625
0.0,2.69317626953125,-0.6103515625,0.18310546875,-0.02880859375,0.998291015625,0.03125
0.0,2.69317626953125,-0.6103515625,0.14495849609375,-0.029296875,0.99755859375,0.03076171875
0.0,2.67791748046875,-0.58746337890625,0.16021728515625,-0.028564453125,0.997802734375,0.031005859375
0.0,2.7008056640625,-0.57220458984375,0.16021728515625,-0.028564453125,0.997314453125,0.03173828125
0.0,2.70843505859375,-0.57220458984375,0.1373291015625,-0.029052734375,0.99755859375,0.031494140625
0.0,2.7313232421875,-0.54931640625,0.18310546875,-0.029052734375,0.998046875,0.03125
0.0,2.73895263671875,-0.5340576171875,0.152587890625,-0.029541015625,0.99755859375,0.03173828125
0.0,2.716064453125,-0.54931640625,0.1373291015625,-0.029052734375,0.998046875,0.031494140625
0.0,2.72369384765625,-0.518798828125,0.1373291015625,-0.028076171875,0.997802734375,0.031494140625
0.0,2.716064453125,-0.5035400390625,0.1220703125,-0.02880859375,0.998046875,0.031494140625
0.0,2.74658203125,-0.5035400390625,0.1068115234375,-0.029052734375,0.998046875,0.03173828125
0.0,2.7618408203125,-0.49591064453125,0.14495849609375,-0.028564453125,0.997802734375,0.03125
0.0,2.76947021484375,-0.46539306640625,0.12969970703125,-0.02880859375,0.997802734375,0.031005859375
0.0,2.76947021484375,-0.45013427734375,0.1220703125,-0.02880859375,0.998291015625,0.031494140625
0.0,2.7923583984375,-0.4730224609375,0.12969970703125,-0.029296875,0.99755859375,0.031005859375
0.0,2.777099609375,-0.4730224609375,0.1373291015625,-0.028564453125,0.997802734375,0.03173828125
0.0,2.78472900390625,-0.45013427734375,0.091552734375,-0.029541015625,0.998291015625,0.031494140625
0.0,2.7923583984375,-0.43487548828125,0.06103515625,-0.029296875,0.997314453125,0.031005859375
0.0,2.7923583984375,-0.42724609375,0.1068115234375,-0.028564453125,0.9970703125,0.031005859375
0.0,2.7923583984375,-0.4119873046875,0.1068115234375,-0.028564453125,0.998046875,0.031494140625
0.0,2.7923583984375,-0.38909912109375,0.1068115234375,-0.0283203125,0.998291015625,0.031982421875
0.0,2.79998779296875,-0.40435791015625,0.09918212890625,-0.02880859375,0.998046875,0.031005859375
0.0,2.78472900390625,-0.396728515625,0.08392333984375,-0.029052734375,0.997802734375,0.031494140625
0.0,2.81524658203125,-0.3814697265625,0.0762939453125,-0.029052734375,0.997314453125,0.031494140625
0.0,2.83050537109375,-0.3814697265625,0.091552734375,-0.029296875,0.998046875,0.031005859375
0.0,2.8228759765625,-0.3814697265625,0.06866455078125,-0.02880859375,0.99755859375,0.03125
0.0,2.838134765625,-0.3509521484375,0.1068115234375,-0.028564453125,0.998046875,0.031005859375
0.0,2.838134765625,-0.3509521484375,0.08392333984375,-0.0283203125,0.998291015625,0.031494140625
0.0,2.8076171875,-0.335693359375,0.06866455078125,-0.028564453125,0.998046875,0.03173828125
0.0,2.83050537109375,-0.34332275390625,0.08392333984375,-0.028564453125,0.9990234375,0.031005859375
0.0,2.8076171875,-0.3509521484375,0.05340576171875,-0.029541015625,0.998046875,0.03076171875
0.0,2.8228759765625,-0.335693359375,0.06866455078125,-0.02978515625,0.998046875,0.031005859375
0.0,2.81524658203125,-0.3204345703125,0.0762939453125,-0.029296875,0.998291015625,0.03173828125
0.0,2.8076171875,-0.32806396484375,0.09918212890625,-0.029541015625,0.998291015625,0.03173828125
0.0,2.78472900390625,-0.3204345703125,0.08392333984375,-0.029052734375,0.998046875,0.031982421875
0.0,2.81524658203125,-0.2899169921875,0.0762939453125,-0.029052734375,0.998291015625,0.031494140625
0.0,2.777099609375,-0.30517578125,0.0762939453125,-0.029052734375,0.998291015625,0.03125
0.0,2.7923583984375,-0.30517578125,0.06866455078125,-0.02880859375,0.998046875,0.03076171875
0.0,2.777099609375,-0.3204345703125,0.08392333984375,-0.029296875,0.998291015625,0.03173828125
0.0,2.777099609375,-0.2899169921875,0.0762939453125,-0.029296875,0.99853515625,0.031494140625
0.0,2.78472900390625,-0.29754638671875,0.12969970703125,-0.02880859375,0.998291015625,0.030517578125
0.0,2.777099609375,-0.26702880859375,0.1068115234375,-0.02880859375,0.998779296875,0.031005859375
0.0,2.777099609375,-0.28228759765625,0.091552734375,-0.029052734375,0.998291015625,0.031982421875
0.0,2.75421142578125,-0.2899169921875,0.1068115234375,-0.02880859375,0.998291015625,0.03076171875
0.0,2.74658203125,-0.26702880859375,0.09918212890625,-0.029052734375,0.998291015625,0.03173828125
0.0,2.777099609375,-0.26702880859375,0.1220703125,-0.029052734375,0.997802734375,0.031494140625
0.0,2.7313232421875,-0.26702880859375,0.0762939453125,-0.029296875,0.998046875,0.031494140625
0.0,2.73895263671875,-0.28228759765625,0.09918212890625,-0.029541015625,0.99755859375,0.031005859375
0.0,2.76947021484375,-0.2593994140625,0.091552734375,-0.029052734375,0.998779296875,0.03173828125
0.0,2.73895263671875,-0.2593994140625,0.11444091796875,-0.029052734375,0.99853515625,0.031494140625
0.0,2.74658203125,-0.2593994140625,0.11444091796875,-0.029052734375,0.998779296875,0.031005859375
0.0,2.73895263671875,-0.2593994140625,0.091552734375,-0.02880859375,0.998046875,0.03076171875
0.0,2.7008056640625,-0.25177001953125,0.1220703125,-0.029052734375,0.998046875,0.03125
0.0,2.72369384765625,-0.2593994140625,0.09918212890625,-0.029296875,0.998779296875,0.03173828125
0.0,2.7008056640625,-0.2593994140625,0.12969970703125,-0.029052734375,0.99755859375,0.031005859375
0.0,2.7008056640625,-0.244140625,0.12969970703125,-0.02880859375,0.998291015625,0.03076171875
0.0,2.69317626953125,-0.25177001953125,0.1220703125,-0.029541015625,0.99853515625,0.03125
0.0,2.69317626953125,-0.26702880859375,0.09918212890625,-0.029541015625,0.998046875,0.031005859375
0.0,2.685546875,-0.244140625,0.11444091796875,-0.029052734375,0.99853515625,0.031494140625
0.0,2.7008056640625,-0.22125244140625,0.11444091796875,-0.029296875,0.99853515625,0.031005859375
0.0,2.6702880859375,-0.2593994140625,0.1373291015625,-0.029052734375,0.998046875,0.03076171875
0.0,2.7008056640625,-0.244140625,0.1220703125,-0.030029296875,0.997802734375,0.031005859375
0.0,2.66265869140625,-0.2593994140625,0.11444091796875,-0.029296875,0.99755859375,0.03125
0.0,2.685546875,-0.23651123046875,0.1220703125,-0.029052734375,0.997802734375,0.031494140625
0.0,2.67791748046875,-0.25177001953125,0.1373291015625,-0.02880859375,0.99853515625,0.031982421875
0.0,2.6702880859375,-0.25177001953125,0.1068115234375,-0.029052734375,0.998046875,0.03173828125
0.0,2.6702880859375,-0.2593994140625,0.11444091796875,-0.02978515625,0.999267578125,0.03125
0.0,2.655029296875,-0.25177001953125,0.152587890625,-0.02978515625,0.99853515625,0.031982421875
0.0,2.64739990234375,-0.25177001953125,0.152587890625,-0.029541015625,0.998046875,0.03125
0.0,2.6702880859375,-0.2593994140625,0.1678466796875,-0.029541015625,0.99755859375,0.031005859375
0.0,2.64739990234375,-0.2593994140625,0.11444091796875,-0.029052734375,0.997802734375,0.031494140625
0.0,2.655029296875,-0.26702880859375,0.152587890625,-0.029052734375,0.99853515625,0.031494140625
0.0,2.63214111328125,-0.28228759765625,0.1220703125,-0.02880859375,0.998291015625,0.031494140625
0.0,2.64739990234375,-0.2593994140625,0.1373291015625,-0.02880859375,0.998291015625,0.03125
0.0,2.6397705078125,-0.26702880859375,0.152587890625,-0.029052734375,0.997802734375,0.031982421875
0.0,2.6092529296875,-0.26702880859375,0.1678466796875,-0.029541015625,0.998046875,0.03173828125
0.0,2.63214111328125,-0.25177001953125,0.17547607421875,-0.029541015625,0.998046875,0.031005859375
0.0,2.62451171875,-0.26702880859375,0.1678466796875,-0.02880859375,0.997802734375,0.03076171875
0.0,2.60162353515625,-0.26702880859375,0.14495849609375,-0.029296875,0.997802734375,0.0322265625
0.0,2.61688232421875,-0.2899169921875,0.16021728515625,-0.028564453125,0.998291015625,0.031494140625
0.0,2.66265869140625,-0.2899169921875,0.17547607421875,-0.029296875,0.998046875,0.031494140625
0.0,2.60162353515625,-0.2899169921875,0.1983642578125,-0.029052734375,0.998291015625,0.0322265625
0.0,2.61688232421875,-0.30517578125,0.213623046875,-0.029052734375,0.99853515625,0.031982421875
0.0,2.593994140625,-0.30517578125,0.20599365234375,-0.029052734375,0.998779296875,0.031982421875
0.0,2.593994140625,-0.29754638671875,0.19073486328125,-0.029052734375,0.998779296875,0.03173828125
0.0,2.60162353515625,-0.2899169921875,0.23651123046875,-0.029296875,0.998046875,0.031982421875
0.0,2.6092529296875,-0.29754638671875,0.244140625,-0.029541015625,0.998046875,0.0322265625
0.0,2.55584716796875,-0.3204345703125,0.25177001953125,-0.029052734375,0.997802734375,0.03173828125
0.0,2.60162353515625,-0.2899169921875,0.23651123046875,-0.029296875,0.997802734375,0.031005859375
0.0,2.58636474609375,-0.30517578125,0.26702880859375,-0.029541015625,0.997314453125,0.031494140625
0.0,2.55584716796875,-0.31280517578125,0.25177001953125,-0.02880859375,0.99755859375,0.031494140625
0.0,2.55584716796875,-0.3204345703125,0.23651123046875,-0.029052734375,0.998291015625,0.031005859375
0.0,2.55584716796875,-0.30517578125,0.28228759765625,-0.02880859375,0.998291015625,0.031005859375
0.0,2.532958984375,-0.3204345703125,0.28228759765625,-0.029052734375,0.998779296875,0.03173828125
0.0,2.51007080078125,-0.335693359375,0.274658203125,-0.029541015625,0.99853515625,0.031982421875
0.0,2.5177001953125,-0.3509521484375,0.26702880859375,-0.029052734375,0.99755859375,0.03125
0.0,2.55584716796875,-0.32806396484375,0.26702880859375,-0.028564453125,0.998046875,0.031494140625
0.0,2.52532958984375,-0.3509521484375,0.274658203125,-0.029541015625,0.998046875,0.031494140625
0.0,2.51007080078125,-0.35858154296875,0.29754638671875,-0.029541015625,0.99853515625,0.031005859375
0.0,2.50244140625,-0.35858154296875,0.28228759765625,-0.029541015625,0.998046875,0.03125
0.0,2.50244140625,-0.37384033203125,0.30517578125,-0.029541015625,0.998779296875,0.031494140625
0.0,2.49481201171875,-0.37384033203125,0.335693359375,-0.029296875,0.9990234375,0.031494140625
0.0,2.46429443359375,-0.4119873046875,0.335693359375,-0.02880859375,0.999267578125,0.03173828125
0.0,2.43377685546875,-0.40435791015625,0.3204345703125,-0.029052734375,0.99853515625,0.031494140625
0.0,2.4566650390625,-0.38909912109375,0.34332275390625,-0.029296875,0.99755859375,0.031005859375
0.0,2.471923828125,-0.396728515625,0.3662109375,-0.029541015625,0.998046875,0.031494140625
0.0,2.41851806640625,-0.3814697265625,0.35858154296875,-0.030029296875,0.998291015625,0.031005859375
0.0,2.43377685546875,-0.4425048828125,0.3204345703125,-0.02978515625,0.998291015625,0.03076171875
0.0,2.41851806640625,-0.41961669921875,0.34332275390625,-0.029296875,0.998291015625,0.03125
0.0,2.410888671875,-0.42724609375,0.34332275390625,-0.029052734375,0.99853515625,0.031005859375
0.0,2.38037109375,-0.4119873046875,0.32806396484375,-0.029296875,0.998291015625,0.031982421875
0.0,2.3651123046875,-0.42724609375,0.3509521484375,-0.02978515625,0.998291015625,0.031494140625
0.0,2.38037109375,-0.43487548828125,0.3509521484375,-0.029541015625,0.998779296875,0.03076171875
0.0,2.37274169921875,-0.4730224609375,0.335693359375,-0.029541015625,0.998779296875,0.031494140625
0.0,2.349853515625,-0.45013427734375,0.34332275390625,-0.029296875,0.997802734375,0.031982421875
0.0,2.34222412109375,-0.45013427734375,0.396728515625,-0.029296875,0.998779296875,0.03076171875
0.0,2.3040771484375,-0.48065185546875,0.3814697265625,-0.029541015625,0.998779296875,0.03076171875
0.0,2.3193359375,-0.5035400390625,0.35858154296875,-0.029541015625,0.998291015625,0.031494140625
0.0,2.3193359375,-0.48828125,0.38909912109375,-0.029052734375,0.998779296875,0.03125
0.0,2.2735595703125,-0.5035400390625,0.41961669921875,-0.02880859375,0.998779296875,0.031005859375
0.0,2.28118896484375,-0.49591064453125,0.4119873046875,-0.029541015625,0.998291015625,0.031005859375
0.0,2.25830078125,-0.518798828125,0.41961669921875,-0.029296875,0.99853515625,0.031494140625
0.0,2.2430419921875,-0.54168701171875,0.43487548828125,-0.029052734375,0.998779296875,0.031494140625
0.0,2.2430419921875,-0.5340576171875,0.42724609375,-0.029052734375,0.99853515625,0.031494140625
0.0,2.227783203125,-0.54168701171875,0.43487548828125,-0.02880859375,0.997314453125,0.031982421875
0.0,2.18963623046875,-0.55694580078125,0.43487548828125,-0.029541015625,0.998291015625,0.03173828125
0.0,2.20489501953125,-0.5645751953125,0.42724609375,-0.029541015625,0.998291015625,0.031494140625
0.0,2.20489501953125,-0.5645751953125,0.4730224609375,-0.029052734375,0.998779296875,0.03125
0.0,2.18963623046875,-0.579833984375,0.51116943359375,-0.029541015625,0.99853515625,0.03125
0.0,2.18963623046875,-0.5645751953125,0.48828125,-0.029296875,0.99853515625,0.031005859375
0.0,2.1514892578125,-0.58746337890625,0.51116943359375,-0.029052734375,0.997802734375,0.03125
0.0,2.14385986328125,-0.60272216796875,0.5035400390625,-0.029541015625,0.99853515625,0.031005859375
0.0,2.14385986328125,-0.6103515625,0.5035400390625,-0.029296875,0.99853515625,0.03076171875
0.0,2.14385986328125,-0.61798095703125,0.5035400390625,-0.029541015625,0.998046875,0.03125
0.0,2.14385986328125,-0.61798095703125,0.51116943359375,-0.029541015625,0.998046875,0.030029296875
0.0,2.12860107421875,-0.640869140625,0.52642822265625,-0.02880859375,0.998291015625,0.03125
0.0,2.1209716796875,-0.6256103515625,0.54168701171875,-0.029296875,0.997802734375,0.031494140625
0.0,2.105712890625,-0.640869140625,0.55694580078125,-0.029541015625,0.99853515625,0.03125
0.0,2.0904541015625,-0.6561279296875,0.57220458984375,-0.029052734375,0.998291015625,0.031494140625
0.0,2.09808349609375,-0.66375732421875,0.579833984375,-0.029541015625,0.99853515625,0.0322265625
0.0,2.105712890625,-0.67901611328125,0.58746337890625,-0.029541015625,0.99853515625,0.031494140625
0.0,2.08282470703125,-0.67901611328125,0.58746337890625,-0.029052734375,0.998291015625,0.031005859375
0.0,2.09808349609375,-0.6866455078125,0.58746337890625,-0.029052734375,0.998291015625,0.03125
0.0,2.09808349609375,-0.70953369140625,0.579833984375,-0.029541015625,0.998291015625,0.03173828125
0.0,2.0599365234375,-0.70953369140625,0.579833984375,-0.029296875,0.998291015625,0.03125
0.0,2.0599365234375,-0.72479248046875,0.60272216796875,-0.02978515625,0.998046875,0.031494140625
0.0,2.05230712890625,-0.732421875,0.60272216796875,-0.029296875,0.997802734375,0.03125
0.0,2.03704833984375,-0.701904296875,0.58746337890625,-0.028564453125,0.997802734375,0.03173828125
0.0,2.00653076171875,-0.67901611328125,0.5950927734375,-0.02978515625,0.99853515625,0.031494140625
0.0,2.0599365234375,-0.732421875,0.6256103515625,-0.029541015625,0.997802734375,0.031494140625
0.0,2.06756591796875,-0.732421875,0.6103515625,-0.029541015625,0.998046875,0.031494140625
0.0,2.06756591796875,-0.75531005859375,0.60272216796875,-0.029541015625,0.997314453125,0.03173828125
0.0,2.08282470703125,-0.75531005859375,0.5950927734375,-0.029296875,0.99755859375,0.03125
0.0,2.0599365234375,-0.7476806640625,0.6103515625,-0.028564453125,0.99853515625,0.031005859375
0.0,2.0294189453125,-0.7476806640625,0.640869140625,-0.029541015625,0.998779296875,0.031494140625
0.0,2.01416015625,-0.762939453125,0.61798095703125,-0.029541015625,0.99853515625,0.03125
0.0,2.00653076171875,-0.80108642578125,0.64849853515625,-0.029541015625,0.997802734375,0.031005859375
0.0,2.00653076171875,-0.77056884765625,0.63323974609375,-0.029541015625,0.997802734375,0.03076171875
0.0,2.02178955078125,-0.78582763671875,0.640869140625,-0.029296875,0.998291015625,0.03173828125
0.0,2.0294189453125,-0.8087158203125,0.64849853515625,-0.029052734375,0.998291015625,0.031005859375
0.0,1.99127197265625,-0.8392333984375,0.640869140625,-0.02978515625,0.998779296875,0.031494140625
0.0,2.00653076171875,-0.79345703125,0.6561279296875,-0.029541015625,0.99853515625,0.031982421875
0.0,2.00653076171875,-0.80108642578125,0.640869140625,-0.029052734375,0.998291015625,0.03125
0.0,1.9989013671875,-0.823974609375,0.640869140625,-0.028564453125,0.998291015625,0.031494140625
0.0,2.00653076171875,-0.78582763671875,0.64849853515625,-0.029052734375,0.998046875,0.030517578125
0.0,1.99127197265625,-0.823974609375,0.640869140625,-0.029541015625,0.99755859375,0.03076171875
0.0,1.983642578125,-0.8392333984375,0.66375732421875,-0.030029296875,0.997802734375,0.031494140625
0.0,1.96075439453125,-0.8392333984375,0.6561279296875,-0.029296875,0.998046875,0.031982421875
0.0,1.96075439453125,-0.83160400390625,0.64849853515625,-0.029541015625,0.997802734375,0.031005859375
0.0,1.96075439453125,-0.83160400390625,0.72479248046875,-0.029541015625,0.998046875,0.03076171875
0.0,1.93023681640625,-0.8544921875,0.69427490234375,-0.029541015625,0.998779296875,0.03125
0.0,1.922607421875,-0.885009765625,0.7171630859375,-0.029296875,0.998291015625,0.031005859375
0.0,1.94549560546875,-0.87738037109375,0.70953369140625,-0.029296875,0.998291015625,0.03125
0.0,1.91497802734375,-0.87738037109375,0.74005126953125,-0.029541015625,0.99853515625,0.03125
0.0,1.922607421875,-0.885009765625,0.74005126953125,-0.029052734375,0.998779296875,0.03125
0.0,1.91497802734375,-0.87738037109375,0.7476806640625,-0.029296875,0.998779296875,0.03125
0.0,1.91497802734375,-0.86212158203125,0.7781982421875,-0.029296875,0.998046875,0.031005859375
0.0,1.86920166015625,-0.8697509765625,0.7476806640625,-0.029541015625,0.99853515625,0.031005859375
0.0,1.89208984375,-0.89263916015625,0.762939453125,-0.029296875,0.997802734375,0.03125
0.0,1.9073486328125,-0.89263916015625,0.762939453125,-0.029052734375,0.99853515625,0.031005859375
0.0,1.8768310546875,-0.885009765625,0.77056884765625,-0.029052734375,0.99853515625,0.031005859375
0.0,1.8768310546875,-0.9002685546875,0.7781982421875,-0.029296875,0.99755859375,0.031005859375
0.0,1.83868408203125,-0.89263916015625,0.762939453125,-0.029541015625,0.997802734375,0.031005859375
0.0,1.8310546875,-0.90789794921875,0.7781982421875,-0.029052734375,0.99853515625,0.03125
0.0,1.8310546875,-0.9002685546875,0.8087158203125,-0.029541015625,0.998291015625,0.031005859375
0.0,1.8310546875,-0.91552734375,0.77056884765625,-0.029541015625,0.998291015625,0.031005859375
0.0,1.8310546875,-0.92315673828125,0.80108642578125,-0.02880859375,0.998291015625,0.031494140625
0.0,1.82342529296875,-0.91552734375,0.81634521484375,-0.029296875,0.998291015625,0.031494140625
0.0,1.8157958984375,-0.90789794921875,0.823974609375,-0.02880859375,0.999267578125,0.031005859375
0.0,1.800537109375,-0.91552734375,0.81634521484375,-0.029052734375,0.998291015625,0.03076171875
0.0,1.7852783203125,-0.9002685546875,0.78582763671875,-0.029052734375,0.998046875,0.03125
0.0,1.800537109375,-0.91552734375,0.79345703125,-0.029296875,0.998046875,0.031494140625
0.0,1.77764892578125,-0.91552734375,0.8087158203125,-0.029541015625,0.998046875,0.03125
0.0,1.7852783203125,-0.92315673828125,0.81634521484375,-0.029296875,0.99658203125,0.031005859375
0.0,1.7852783203125,-0.92315673828125,0.78582763671875,-0.029296875,0.997802734375,0.031494140625
0.0,1.77001953125,-0.91552734375,0.7781982421875,-0.029296875,0.998291015625,0.03125
0.0,1.7242431640625,-0.91552734375,0.823974609375,-0.029541015625,0.998046875,0.031005859375
0.0,1.76239013671875,-0.90789794921875,0.8087158203125,-0.029296875,0.998291015625,0.03173828125
0.0,1.74713134765625,-0.91552734375,0.79345703125,-0.029052734375,0.99853515625,0.031982421875
0.0,1.74713134765625,-0.946044921875,0.7781982421875,-0.02978515625,0.998291015625,0.031005859375
0.0,1.77001953125,-0.92315673828125,0.81634521484375,-0.029296875,0.998291015625,0.03125
0.0,1.7547607421875,-0.92315673828125,0.80108642578125,-0.029541015625,0.998291015625,0.03125
0.0,1.739501953125,-0.90789794921875,0.75531005859375,-0.029541015625,0.998291015625,0.03173828125
0.0,1.74713134765625,-0.92315673828125,0.78582763671875,-0.029296875,0.998046875,0.031494140625
0.0,1.7547607421875,-0.92315673828125,0.77056884765625,-0.02880859375,0.997802734375,0.03125
0.0,1.7547607421875,-0.90789794921875,0.78582763671875,-0.029052734375,0.99755859375,0.031982421875
0.0,1.76239013671875,-0.89263916015625,0.762939453125,-0.029541015625,0.99755859375,0.031494140625
0.0,1.739501953125,-0.9002685546875,0.80108642578125,-0.02880859375,0.997802734375,0.03125
0.0,1.74713134765625,-0.9002685546875,0.823974609375,-0.029052734375,0.997314453125,0.031005859375
0.0,1.74713134765625,-0.91552734375,0.75531005859375,-0.029052734375,0.99853515625,0.03125
0.0,1.73187255859375,-0.885009765625,0.8087158203125,-0.029296875,0.99755859375,0.03125
0.0,1.74713134765625,-0.87738037109375,0.78582763671875,-0.02978515625,0.997802734375,0.03076171875
0.0,1.76239013671875,-0.90789794921875,0.8087158203125,-0.029541015625,0.9970703125,0.031005859375
0.0,1.7547607421875,-0.91552734375,0.823974609375,-0.029541015625,0.997314453125,0.031005859375
0.0,1.7547607421875,-0.91552734375,0.8087158203125,-0.029541015625,0.997314453125,0.03076171875
0.0,1.76239013671875,-0.90789794921875,0.7781982421875,-0.028564453125,0.997802734375,0.031005859375
0.0,1.77001953125,-0.9002685546875,0.8087158203125,-0.028564453125,0.997802734375,0.03173828125
0.0,1.79290771484375,-0.87738037109375,0.8087158203125,-0.0283203125,0.99755859375,0.031494140625
0.0,1.800537109375,-0.89263916015625,0.80108642578125,-0.02880859375,0.998046875,0.03076171875
0.0,1.79290771484375,-0.885009765625,0.823974609375,-0.029541015625,0.998046875,0.031005859375
0.0,1.800537109375,-0.8697509765625,0.83160400390625,-0.029541015625,0.99755859375,0.031005859375
0.0,1.8310546875,-0.89263916015625,0.81634521484375,-0.02880859375,0.99755859375,0.03076171875
0.0,1.79290771484375,-0.86212158203125,0.8087158203125,-0.029052734375,0.998046875,0.031005859375
0.0,1.79290771484375,-0.8697509765625,0.83160400390625,-0.02880859375,0.998779296875,0.03125
0.0,1.8157958984375,-0.8697509765625,0.83160400390625,-0.029296875,0.998046875,0.03076171875
0.0,1.80816650390625,-0.86212158203125,0.83160400390625,-0.02978515625,0.997802734375,0.03076171875
0.0,1.8310546875,-0.8392333984375,0.81634521484375,-0.02880859375,0.997802734375,0.031494140625
0.0,1.8157958984375,-0.86212158203125,0.8392333984375,-0.02880859375,0.997802734375,0.031494140625
0.0,1.83868408203125,-0.86212158203125,0.83160400390625,-0.029052734375,0.99755859375,0.030517578125
0.0,1.86920166015625,-0.8544921875,0.80108642578125,-0.02880859375,0.997802734375,0.03125
0.0,1.861572265625,-0.86212158203125,0.84686279296875,-0.029052734375,0.99658203125,0.031005859375
0.0,1.8310546875,-0.87738037109375,0.823974609375,-0.029052734375,0.99755859375,0.03076171875
0.0,1.85394287109375,-0.86212158203125,0.79345703125,-0.029296875,0.9970703125,0.03125
0.0,1.861572265625,-0.8392333984375,0.81634521484375,-0.029052734375,0.9970703125,0.03125
0.0,1.8768310546875,-0.8392333984375,0.8087158203125,-0.02880859375,0.997802734375,0.031005859375
0.0,1.8768310546875,-0.84686279296875,0.83160400390625,-0.029541015625,0.998046875,0.0302734375
0.0,1.861572265625,-0.8392333984375,0.80108642578125,-0.029541015625,0.99755859375,0.030517578125
0.0,1.8463134765625,-0.80108642578125,0.7781982421875,-0.029052734375,0.997802734375,0.031005859375
0.0,1.8463134765625,-0.81634521484375,0.78582763671875,-0.028564453125,0.997314453125,0.030029296875
0.0,1.89971923828125,-0.81634521484375,0.78582763671875,-0.029541015625,0.997802734375,0.03125
0.0,1.89971923828125,-0.8087158203125,0.7781982421875,-0.02880859375,0.9970703125,0.03076171875
0.0,1.91497802734375,-0.81634521484375,0.79345703125,-0.0283203125,0.99755859375,0.0322265625
0.0,1.89208984375,-0.77056884765625,0.74005126953125,-0.029541015625,0.998046875,0.031494140625
0.0,1.9073486328125,-0.8087158203125,0.762939453125,-0.029052734375,0.997802734375,0.031005859375
0.0,1.922607421875,-0.79345703125,0.75531005859375,-0.029296875,0.997314453125,0.03125
0.0,1.88446044921875,-0.77056884765625,0.72479248046875,-0.02880859375,0.997314453125,0.031005859375
0.0,1.89208984375,-0.7476806640625,0.7476806640625,-0.028564453125,0.99755859375,0.03125
0.0,1.9378662109375,-0.77056884765625,0.762939453125,-0.029052734375,0.998291015625,0.031005859375
0.0,1.922607421875,-0.7781982421875,0.732421875,-0.028564453125,0.997314453125,0.03076171875
0.0,1.88446044921875,-0.77056884765625,0.74005126953125,-0.02880859375,0.997314453125,0.0302734375
0.0,1.91497802734375,-0.75531005859375,0.72479248046875,-0.02880859375,0.997802734375,0.03125
0.0,1.91497802734375,-0.7476806640625,0.701904296875,-0.028564453125,0.99755859375,0.0302734375
0.0,1.922607421875,-0.72479248046875,0.70953369140625,-0.029052734375,0.998291015625,0.03125
0.0,1.91497802734375,-0.732421875,0.701904296875,-0.029541015625,0.997802734375,0.031494140625
0.0,1.93023681640625,-0.69427490234375,0.701904296875,-0.028564453125,0.998291015625,0.031005859375
0.0,1.93023681640625,-0.70953369140625,0.701904296875,-0.029052734375,0.998046875,0.03125
0.0,1.922607421875,-0.7171630859375,0.7171630859375,-0.028564453125,0.99755859375,0.03076171875
0.0,1.9683837890625,-0.69427490234375,0.67138671875,-0.029296875,0.99853515625,0.031005859375
0.0,1.9378662109375,-0.66375732421875,0.61798095703125,-0.029296875,0.997314453125,0.031494140625
0.0,1.96075439453125,-0.701904296875,0.69427490234375,-0.0283203125,0.998291015625,0.03076171875
0.0,1.96075439453125,-0.69427490234375,0.7476806640625,-0.03125,0.99853515625,0.031005859375
0.0,1.983642578125,-0.70953369140625,0.81634521484375,-0.027587890625,0.998291015625,0.03076171875
0.0,1.953125,-0.67901611328125,0.67901611328125,-0.028076171875,0.997802734375,0.03076171875
0.0,1.91497802734375,-0.67138671875,0.67901611328125,-0.030517578125,1.000244140625,0.033447265625
0.0,1.9073486328125,-0.67901611328125,0.69427490234375,-0.027587890625,0.995849609375,0.028076171875
0.0,2.044677734375,-0.6561279296875,0.7476806640625,-0.031005859375,0.995849609375,0.03076171875
0.0,1.99127197265625,-0.67901611328125,0.58746337890625,-0.0263671875,0.99853515625,0.0322265625
0.0,1.97601318359375,-0.5950927734375,0.66375732421875,-0.030029296875,1.000732421875,0.0322265625
0.0,1.9683837890625,-0.67901611328125,0.6561279296875,-0.030517578125,0.99560546875,0.0302734375
0.0,1.983642578125,-0.640869140625,0.74005126953125,-0.026611328125,0.99951171875,0.03125
0.0,1.9683837890625,-0.67901611328125,0.640869140625,-0.030029296875,0.997314453125,0.0322265625
0.0,2.00653076171875,-0.58746337890625,0.732421875,-0.028076171875,0.99755859375,0.0302734375
0.0,2.00653076171875,-0.61798095703125,0.6256103515625,-0.029296875,0.998046875,0.03125
0.0,1.9989013671875,-0.6103515625,0.7476806640625,-0.029052734375,0.998046875,0.03173828125
0.0,2.02178955078125,-0.64849853515625,0.64849853515625,-0.02783203125,0.999267578125,0.03076171875
0.0,2.00653076171875,-0.5645751953125,0.60272216796875,-0.028076171875,0.99658203125,0.029541015625
0.0,2.0599365234375,-0.55694580078125,0.61798095703125,-0.02978515625,0.997802734375,0.03076171875
0.0,2.0904541015625,-0.57220458984375,0.518798828125,-0.027587890625,0.998046875,0.032470703125
0.0,2.105712890625,-0.6103515625,0.762939453125,-0.031005859375,0.997314453125,0.03125
0.0,2.05230712890625,-0.5950927734375,0.6256103515625,-0.02734375,0.997314453125,0.031005859375
0.0,2.0751953125,-0.518798828125,0.5950927734375,-0.0283203125,0.99462890625,0.02978515625
0.0,2.11334228515625,-0.55694580078125,0.46539306640625,-0.031005859375,0.999267578125,0.031494140625
0.0,2.0751953125,-0.54168701171875,0.5645751953125,-0.027587890625,0.996826171875,0.031494140625
0.0,2.09808349609375,-0.58746337890625,0.6866455078125,-0.02978515625,0.999267578125,0.032470703125
0.0,2.0904541015625,-0.5645751953125,0.60272216796875,-0.029052734375,0.99365234375,0.03076171875
0.0,2.14385986328125,-0.51116943359375,0.518798828125,-0.026123046875,0.99951171875,0.0302734375
0.0,2.1514892578125,-0.48828125,0.54931640625,-0.0322265625,0.99658203125,0.031005859375
0.0,2.15911865234375,-0.49591064453125,0.5035400390625,-0.026611328125,0.998779296875,0.031494140625
0.0,2.197265625,-0.48065185546875,0.52642822265625,-0.029541015625,0.998046875,0.03271484375
0.0,2.17437744140625,-0.49591064453125,0.48828125,-0.030029296875,0.996337890625,0.030029296875
0.0,2.197265625,-0.48065185546875,0.58746337890625,-0.026611328125,0.997802734375,0.031005859375
0.0,2.18963623046875,-0.48828125,0.4425048828125,-0.03271484375,0.997314453125,0.0302734375
0.0,2.2735595703125,-0.48065185546875,0.55694580078125,-0.024658203125,0.99560546875,0.02978515625
0.0,2.227783203125,-0.518798828125,0.49591064453125,-0.031982421875,1.00146484375,0.033935546875
0.0,2.18963623046875,-0.42724609375,0.48065185546875,-0.02685546875,0.997314453125,0.031005859375
0.0,2.288818359375,-0.4119873046875,0.42724609375,-0.028076171875,0.9951171875,0.029296875
0.0,2.25830078125,-0.457763671875,0.457763671875,-0.031005859375,0.99853515625,0.033203125
0.0,2.2735595703125,-0.41961669921875,0.54168701171875,-0.03125,0.99658203125,0.031494140625
0.0,2.28118896484375,-0.4730224609375,0.4425048828125,-0.028564453125,0.998291015625,0.031494140625
0.0,2.3040771484375,-0.396728515625,0.41961669921875,-0.02783203125,0.997802734375,0.031494140625
0.0,2.29644775390625,-0.4119873046875,0.43487548828125,-0.0302734375,0.99755859375,0.03125
0.0,2.3193359375,-0.41961669921875,0.55694580078125,-0.028564453125,0.99560546875,0.02978515625
0.0,2.37274169921875,-0.43487548828125,0.41961669921875,-0.030517578125,0.997802734375,0.03173828125
0.0,2.37274169921875,-0.3662109375,0.42724609375,-0.028076171875,0.997314453125,0.031982421875
0.0,2.34222412109375,-0.3509521484375,0.4119873046875,-0.030029296875,1.000732421875,0.031982421875
0.0,2.38037109375,-0.3662109375,0.41961669921875,-0.02880859375,0.9951171875,0.02978515625
0.0,2.37274169921875,-0.41961669921875,0.42724609375,-0.029052734375,0.998779296875,0.03125
0.0,2.37274169921875,-0.37384033203125,0.46539306640625,-0.027099609375,0.99853515625,0.03125
0.0,2.3651123046875,-0.3509521484375,0.48828125,-0.0302734375,0.997314453125,0.03125
0.0,2.37274169921875,-0.3662109375,0.3814697265625,-0.027099609375,0.999755859375,0.03076171875
0.0,2.4566650390625,-0.34332275390625,0.42724609375,-0.0302734375,0.995849609375,0.030029296875
0.0,2.4566650390625,-0.3662109375,0.35858154296875,-0.027587890625,0.998291015625,0.033203125
0.0,2.44140625,-0.3662109375,0.45013427734375,-0.030517578125,0.998046875,0.031494140625
0.0,2.4261474609375,-0.3509521484375,0.4730224609375,-0.02783203125,0.9951171875,0.029541015625
0.0,2.44140625,-0.31280517578125,0.37384033203125,-0.028564453125,0.999267578125,0.031494140625
0.0,2.4261474609375,-0.30517578125,0.335693359375,-0.029296875,0.998291015625,0.032958984375
0.0,2.4261474609375,-0.335693359375,0.46539306640625,-0.029296875,0.99755859375,0.03076171875
0.0,2.4261474609375,-0.37384033203125,0.37384033203125,-0.029541015625,0.998779296875,0.031005859375
0.0,2.49481201171875,-0.32806396484375,0.45013427734375,-0.0283203125,0.99658203125,0.02978515625
0.0,2.49481201171875,-0.30517578125,0.335693359375,-0.028076171875,0.99853515625,0.032958984375
0.0,2.4566650390625,-0.2899169921875,0.31280517578125,-0.028564453125,0.99755859375,0.031982421875
0.0,2.47955322265625,-0.274658203125,0.3814697265625,-0.029541015625,0.99658203125,0.02783203125
0.0,2.5482177734375,-0.3204345703125,0.37384033203125,-0.02880859375,0.997802734375,0.03125
0.0,2.49481201171875,-0.31280517578125,0.3814697265625,-0.030517578125,0.998779296875,0.0322265625
0.0,2.5177001953125,-0.26702880859375,0.335693359375,-0.025146484375,0.99609375,0.02978515625
0.0,2.54058837890625,-0.2593994140625,0.22125244140625,-0.03076171875,0.99853515625,0.032470703125
0.0,2.49481201171875,-0.28228759765625,0.26702880859375,-0.028564453125,0.99755859375,0.032470703125
0.0,2.46429443359375,-0.30517578125,0.34332275390625,-0.029052734375,0.99853515625,0.030029296875
0.0,2.50244140625,-0.274658203125,0.396728515625,-0.02880859375,0.993408203125,0.02880859375
0.0,2.5482177734375,-0.26702880859375,0.1983642578125,-0.02734375,0.999267578125,0.031494140625
0.0,2.5177001953125,-0.2899169921875,0.1068115234375,-0.029541015625,0.99853515625,0.032958984375
0.0,2.51007080078125,-0.2593994140625,0.38909912109375,-0.031494140625,0.999755859375,0.03173828125
0.0,2.5482177734375,-0.29754638671875,0.41961669921875,-0.02783203125,0.995849609375,0.029541015625
0.0,2.5482177734375,-0.28228759765625,0.25177001953125,-0.0283203125,0.99755859375,0.030517578125
0.0,2.57110595703125,-0.244140625,0.152587890625,-0.029541015625,0.996826171875,0.03173828125
0.0,2.54058837890625,-0.1983642578125,0.14495849609375,-0.029052734375,0.99951171875,0.031982421875
0.0,2.52532958984375,-0.2593994140625,0.2899169921875,-0.03173828125,0.997802734375,0.032958984375
0.0,2.5634765625,-0.30517578125,0.213623046875,-0.027099609375,0.99609375,0.029052734375
0.0,2.57110595703125,-0.335693359375,0.3204345703125,-0.030029296875,0.997802734375,0.031494140625
0.0,2.57110595703125,-0.23651123046875,0.28228759765625,-0.028076171875,0.997802734375,0.031494140625
0.0,2.58636474609375,-0.20599365234375,0.08392333984375,-0.02734375,0.998291015625,0.03369140625
0.0,2.54058837890625,-0.20599365234375,0.11444091796875,-0.029296875,0.997314453125,0.030517578125
0.0,2.60162353515625,-0.244140625,0.23651123046875,-0.030517578125,0.997802734375,0.03125
0.0,2.61688232421875,-0.2899169921875,0.28228759765625,-0.029541015625,0.9970703125,0.031005859375
0.0,2.60162353515625,-0.274658203125,0.2593994140625,-0.02685546875,0.998046875,0.03125
0.0,2.63214111328125,-0.22125244140625,0.0762939453125,-0.029541015625,0.998779296875,0.03173828125
0.0,2.5634765625,-0.19073486328125,0.17547607421875,-0.02978515625,0.99658203125,0.03076171875
0.0,2.60162353515625,-0.2288818359375,0.19073486328125,-0.029541015625,0.997314453125,0.02978515625
0.0,2.6397705078125,-0.244140625,0.2288818359375,-0.029052734375,0.9951171875,0.0302734375
0.0,2.6397705078125,-0.26702880859375,0.19073486328125,-0.0302734375,0.998779296875,0.031494140625
0.0,2.64739990234375,-0.22125244140625,0.213623046875,-0.028564453125,0.999267578125,0.032958984375
0.0,2.62451171875,-0.17547607421875,0.16021728515625,-0.029296875,0.998046875,0.031494140625
0.0,2.64739990234375,-0.20599365234375,0.16021728515625,-0.028564453125,0.99462890625,0.029541015625
0.0,2.69317626953125,-0.23651123046875,0.1373291015625,-0.02978515625,0.99951171875,0.0322265625
0.0,2.6702880859375,-0.244140625,0.28228759765625,-0.02978515625,0.99755859375,0.031982421875
0.0,2.66265869140625,-0.26702880859375,0.2899169921875,-0.028564453125,0.999267578125,0.03271484375
0.0,2.655029296875,-0.23651123046875,0.16021728515625,-0.029296875,0.994140625,0.029296875
0.0,2.685546875,-0.1983642578125,0.091552734375,-0.0283203125,0.9990234375,0.031982421875
0.0,2.69317626953125,-0.22125244140625,0.1983642578125,-0.0302734375,0.997802734375,0.031005859375
0.0,2.70843505859375,-0.30517578125,0.25177001953125,-0.0302734375,0.9990234375,0.030517578125
0.0,2.716064453125,-0.244140625,0.1983642578125,-0.02685546875,0.998291015625,0.03173828125
0.0,2.6702880859375,-0.19073486328125,0.030517578125,-0.028076171875,0.997802734375,0.03271484375
0.0,2.70843505859375,-0.18310546875,0.0,-0.030029296875,0.99755859375,0.03076171875
0.0,2.72369384765625,-0.28228759765625,0.29754638671875,-0.031982421875,0.995361328125,0.030029296875
0.0,2.73895263671875,-0.3814697265625,0.38909912109375,-0.0283203125,0.9970703125,0.0302734375
0.0,2.78472900390625,-0.244140625,0.16021728515625,-0.025634765625,0.9990234375,0.03271484375
0.0,2.72369384765625,-0.1373291015625,-0.08392333984375,-0.029541015625,0.99658203125,0.033203125
0.0,2.66265869140625,-0.1678466796875,-0.1068115234375,-0.02880859375,0.99560546875,0.02880859375
0.0,2.7618408203125,-0.22125244140625,0.22125244140625,-0.0322265625,0.997314453125,0.0302734375
0.0,2.8228759765625,-0.457763671875,0.42724609375,-0.032470703125,0.998046875,0.03173828125
0.0,2.78472900390625,-0.34332275390625,0.34332275390625,-0.02392578125,0.999755859375,0.031494140625
0.0,2.777099609375,-0.1220703125,-0.091552734375,-0.025390625,0.996337890625,0.030029296875
0.0,2.8228759765625,-0.16021728515625,-0.09918212890625,-0.034423828125,0.999267578125,0.031982421875
0.0,2.73895263671875,-0.3509521484375,0.14495849609375,-0.02880859375,0.995361328125,0.0302734375
0.0,2.8076171875,-0.3204345703125,0.40435791015625,-0.030517578125,0.9970703125,0.029541015625
0.0,2.79998779296875,-0.3204345703125,0.20599365234375,-0.026611328125,1.0,0.0341796875
0.0,2.73895263671875,-0.31280517578125,0.091552734375,-0.028564453125,0.99853515625,0.03125
0.0,2.78472900390625,-0.1983642578125,-0.030517578125,-0.0283203125,0.993896484375,0.027099609375
0.0,2.83050537109375,-0.16021728515625,-0.16021728515625,-0.029052734375,0.999755859375,0.03271484375
0.0,2.73895263671875,-0.29754638671875,-0.00762939453125,-0.0322265625,1.0,0.0341796875
0.0,2.76947021484375,-0.46539306640625,0.41961669921875,-0.031982421875,0.99560546875,0.02783203125
0.0,2.86865234375,-0.37384033203125,0.4119873046875,-0.02734375,0.994140625,0.02783203125
0.0,2.84576416015625,-0.2593994140625,-0.11444091796875,-0.02490234375,1.002197265625,0.035400390625
0.0,2.7008056640625,-0.14495849609375,-0.1983642578125,-0.030029296875,1.0,0.033447265625
0.0,2.7618408203125,-0.244140625,-0.03814697265625,-0.0322265625,0.998291015625,0.029296875
0.0,2.76947021484375,-0.2899169921875,0.11444091796875,-0.028564453125,0.992919921875,0.02880859375
0.0,2.8533935546875,-0.335693359375,0.0,-0.02685546875,1.002685546875,0.034423828125
0.0,2.7008056640625,-0.3509521484375,0.0762939453125,-0.03125,0.998779296875,0.032470703125
0.0,2.76947021484375,-0.34332275390625,0.2593994140625,-0.027587890625,0.994140625,0.027587890625
0.0,2.83050537109375,-0.3662109375,0.06103515625,-0.029541015625,0.9990234375,0.031005859375
0.0,2.74658203125,-0.32806396484375,-0.06866455078125,-0.02734375,1.000732421875,0.0341796875
0.0,2.73895263671875,-0.34332275390625,0.05340576171875,-0.030517578125,1.00048828125,0.03271484375
0.0,2.7618408203125,-0.4425048828125,0.32806396484375,-0.031005859375,0.99462890625,0.02734375
0.0,2.78472900390625,-0.4425048828125,0.23651123046875,-0.027099609375,0.998291015625,0.031005859375
0.0,2.76947021484375,-0.26702880859375,-0.19073486328125,-0.024658203125,0.9990234375,0.03173828125
0.0,2.7008056640625,-0.30517578125,-0.0457763671875,-0.0341796875,1.00146484375,0.033447265625
0.0,2.685546875,-0.37384033203125,0.02288818359375,-0.028076171875,0.994384765625,0.02783203125
0.0,2.777099609375,-0.4730224609375,0.244140625,-0.032958984375,0.998779296875,0.031005859375
0.0,2.72369384765625,-0.57220458984375,0.31280517578125,-0.028076171875,1.0,0.031982421875
0.0,2.73895263671875,-0.34332275390625,0.091552734375,-0.024658203125,0.999267578125,0.0302734375
0.0,2.716064453125,-0.274658203125,-0.11444091796875,-0.031005859375,0.998779296875,0.032958984375
0.0,2.66265869140625,-0.40435791015625,-0.03814697265625,-0.02978515625,0.997314453125,0.029541015625
0.0,2.75421142578125,-0.42724609375,0.152587890625,-0.03125,0.9970703125,0.0302734375
0.0,2.7008056640625,-0.5340576171875,0.31280517578125,-0.030029296875,0.998779296875,0.03173828125
0.0,2.74658203125,-0.51116943359375,0.274658203125,-0.025146484375,0.999755859375,0.033203125
0.0,2.66265869140625,-0.396728515625,-0.0152587890625,-0.029296875,0.9970703125,0.0302734375
0.0,2.70843505859375,-0.4119873046875,0.0,-0.02880859375,0.9970703125,0.030029296875
0.0,2.67791748046875,-0.46539306640625,0.09918212890625,-0.031982421875,0.9990234375,0.032470703125
0.0,2.69317626953125,-0.52642822265625,0.20599365234375,-0.02880859375,0.997802734375,0.0302734375
0.0,2.7008056640625,-0.54168701171875,0.2899169921875,-0.030029296875,0.996826171875,0.03125
0.0,2.6397705078125,-0.51116943359375,0.091552734375,-0.028076171875,0.999267578125,0.03271484375
0.0,2.61688232421875,-0.42724609375,0.06103515625,-0.0283203125,0.998779296875,0.03076171875
0.0,2.6702880859375,-0.49591064453125,-0.0152587890625,-0.032470703125,0.9970703125,0.03173828125
0.0,2.64739990234375,-0.5645751953125,0.23651123046875,-0.02880859375,0.9990234375,0.03076171875
0.0,2.7008056640625,-0.58746337890625,0.31280517578125,-0.028564453125,0.997802734375,0.030517578125
0.0,2.66265869140625,-0.579833984375,0.1220703125,-0.029296875,1.0,0.0341796875
0.0,2.5787353515625,-0.48828125,0.08392333984375,-0.02685546875,0.998779296875,0.030029296875
0.0,2.61688232421875,-0.5340576171875,0.0,-0.0302734375,0.996826171875,0.03076171875
0.0,2.64739990234375,-0.6866455078125,0.213623046875,-0.0322265625,0.99951171875,0.03369140625
0.0,2.62451171875,-0.63323974609375,0.23651123046875,-0.0263671875,0.99853515625,0.031005859375
0.0,2.62451171875,-0.63323974609375,0.152587890625,-0.030029296875,0.997314453125,0.031982421875
0.0,2.60162353515625,-0.61798095703125,0.0762939453125,-0.028076171875,0.998291015625,0.02978515625
0.0,2.6092529296875,-0.6256103515625,0.02288818359375,-0.03076171875,0.999755859375,0.033447265625
0.0,2.593994140625,-0.67901611328125,0.26702880859375,-0.030517578125,0.9970703125,0.029296875
0.0,2.60162353515625,-0.67901611328125,0.12969970703125,-0.02734375,0.998779296875,0.031005859375
0.0,2.61688232421875,-0.6256103515625,0.091552734375,-0.028564453125,0.997802734375,0.031494140625
0.0,2.57110595703125,-0.74005126953125,0.03814697265625,-0.0302734375,0.99853515625,0.032958984375
0.0,2.5177001953125,-0.70953369140625,0.29754638671875,-0.028564453125,1.001708984375,0.032470703125
0.0,2.55584716796875,-0.67901611328125,0.152587890625,-0.025390625,0.998779296875,0.02978515625
0.0,2.5177001953125,-0.6866455078125,0.20599365234375,-0.033447265625,0.996826171875,0.0322265625
0.0,2.50244140625,-0.8544921875,0.02288818359375,-0.03125,1.00146484375,0.03515625
0.0,2.47955322265625,-0.640869140625,0.23651123046875,-0.02294921875,0.9970703125,0.028076171875
0.0,2.4871826171875,-0.80108642578125,0.1983642578125,-0.035888671875,1.001708984375,0.03271484375
0.0,2.5482177734375,-0.80108642578125,0.06866455078125,-0.025634765625,0.99267578125,0.03076171875
0.0,2.40325927734375,-0.5950927734375,0.05340576171875,-0.029296875,1.006103515625,0.036376953125
0.0,2.3040771484375,-0.9307861328125,0.31280517578125,-0.033935546875,0.994384765625,0.038818359375
0.0,2.26593017578125,-0.7171630859375,0.02288818359375,-0.02392578125,0.9970703125,0.028564453125
0.0,2.1209716796875,-0.8697509765625,0.22125244140625,-0.033447265625,1.00390625,0.043212890625
0.0,2.2430419921875,-0.89263916015625,0.20599365234375,-0.03271484375,0.995849609375,0.02490234375
0.0,2.20489501953125,-0.95367431640625,0.55694580078125,-0.03173828125,0.99169921875,0.02978515625
0.0,2.3651123046875,-0.946044921875,0.2593994140625,-0.0185546875,0.99951171875,0.02734375
0.0,2.28118896484375,-0.8392333984375,0.1983642578125,-0.03662109375,0.9951171875,0.03515625
0.0,2.3345947265625,-0.78582763671875,0.06866455078125,-0.01806640625,0.998779296875,0.0244140625
0.0,2.18963623046875,-0.66375732421875,0.0152587890625,-0.03955078125,1.004638671875,0.041259765625
0.0,2.25830078125,-0.99945068359375,-0.152587890625,-0.02685546875,1.0087890625,0.033935546875
0.0,1.86920166015625,-0.72479248046875,0.8697509765625,-0.029296875,0.9970703125,0.04296875
0.0,1.83868408203125,-1.0223388671875,0.14495849609375,-0.032470703125,1.010498046875,0.0302734375
0.0,1.70135498046875,-1.0528564453125,0.213623046875,-0.02685546875,0.9951171875,0.035888671875
0.0,1.94549560546875,-0.9765625,0.43487548828125,-0.029296875,0.990966796875,0.0244140625
0.0,1.7547607421875,-0.7781982421875,0.7171630859375,-0.024169921875,1.027587890625,0.054443359375
0.0,1.47247314453125,-0.8392333984375,0.54168701171875,-0.02685546875,0.984130859375,0.02587890625
0.0,1.7242431640625,-0.57220458984375,0.34332275390625,-0.02099609375,0.994140625,0.0283203125
0.0,1.8768310546875,-0.92315673828125,0.86212158203125,-0.0517578125,0.990478515625,0.01953125
0.0,2.06756591796875,-1.0833740234375,0.8087158203125,-0.04052734375,0.997802734375,0.040771484375
0.0,2.12860107421875,-1.27410888671875,-0.00762939453125,-0.044921875,0.992431640625,0.02587890625
0.0,1.77001953125,-1.3580322265625,-0.5645751953125,-0.0380859375,1.011474609375,0.056640625
0.0,1.5106201171875,-1.65557861328125,-0.7781982421875,-0.037109375,1.033447265625,0.04443359375
0.0,0.7781982421875,-1.251220703125,0.335693359375,-0.013671875,1.012939453125,0.0625
0.0,0.9613037109375,-1.47247314453125,0.0152587890625,-0.010498046875,0.983642578125,0.01025390625
0.0,1.30462646484375,-1.190185546875,1.57928466796875,-0.010009765625,0.9921875,0.03515625
0.0,1.40380859375,-1.02996826171875,1.5869140625,-0.046630859375,1.020751953125,0.029296875
0.0,0.8087158203125,-1.007080078125,-0.20599365234375,-0.037353515625,1.029296875,0.066650390625
0.0,0.90789794921875,-0.9307861328125,-1.617431640625,-0.05615234375,0.978271484375,0.01171875
0.0,1.0986328125,-0.96893310546875,-0.87738037109375,-0.039794921875,0.989013671875,0.036376953125
0.0,1.35040283203125,-1.4801025390625,-0.6561279296875,-0.0380859375,1.009521484375,0.031494140625
0.0,0.96893310546875,-1.76239013671875,-0.32806396484375,-0.01171875,1.0126953125,0.06298828125
0.0,1.068115234375,-1.65557861328125,1.15966796875,-0.0146484375,1.00341796875,0.023193359375
0.0,0.80108642578125,-1.3580322265625,2.716064453125,-0.031005859375,0.998779296875,0.0625
0.0,1.068115234375,-1.220703125,0.06103515625,-0.040771484375,1.003173828125,0.011962890625
0.0,0.89263916015625,-1.12152099609375,-0.9918212890625,-0.029541015625,0.996337890625,0.048583984375
0.0,1.01470947265625,-0.8544921875,0.7171630859375,-0.033447265625,1.005615234375,0.028564453125
0.0,0.80108642578125,-1.06048583984375,1.0986328125,-0.039306640625,1.003173828125,0.063720703125
0.0,0.86212158203125,-1.3885498046875,-0.83160400390625,-0.034423828125,1.002685546875,0.02197265625
0.0,0.823974609375,-1.35040283203125,0.54931640625,-0.03564453125,1.012939453125,0.062255859375
0.0,0.6256103515625,-1.31988525390625,1.6632080078125,-0.046142578125,1.00830078125,0.02685546875
0.0,0.16021728515625,-1.47247314453125,-0.2593994140625,-0.039794921875,1.0087890625,0.06787109375
0.0,0.45013427734375,-1.9683837890625,-0.74005126953125,-0.0341796875,0.998291015625,0.015380859375
0.0,0.244140625,-1.68609619140625,2.166748046875,0.0009765625,1.0283203125,0.07861328125
0.0,0.457763671875,-1.3885498046875,2.08282470703125,-0.01953125,0.9765625,0.0078125
0.0,-0.06866455078125,-1.16729736328125,0.28228759765625,-0.04150390625,1.0185546875,0.053466796875
0.0,0.28228759765625,-1.1749267578125,-0.17547607421875,-0.048095703125,0.980224609375,0.026611328125
0.0,0.16021728515625,-1.36566162109375,-0.45013427734375,-0.02685546875,0.99169921875,0.0380859375
0.0,0.4425048828125,-1.7547607421875,0.11444091796875,-0.031982421875,0.990234375,0.049560546875
0.0,0.19073486328125,-1.7242431640625,0.72479248046875,-0.00927734375,0.982421875,0.031982421875
0.0,0.5950927734375,-1.861572265625,0.67138671875,-0.024169921875,1.021484375,0.04833984375
0.0,-0.14495849609375,-1.44195556640625,1.71661376953125,-0.01220703125,0.990478515625,0.04541015625
0.0,0.3509521484375,-1.41143798828125,1.3580322265625,-0.031982421875,0.99267578125,0.037109375
0.0,-0.09918212890625,-1.40380859375,0.2593994140625,-0.02587890625,0.99755859375,0.04443359375
0.0,0.1678466796875,-1.65557861328125,0.49591064453125,-0.053955078125,1.00927734375,0.04296875
0.0,-0.732421875,-1.52587890625,0.98419189453125,-0.020263671875,0.994140625,0.05224609375
0.0,0.29754638671875,-1.76239013671875,-0.701904296875,-0.04296875,0.9990234375,0.027099609375
0.0,-0.4119873046875,-1.495361328125,-0.946044921875,-0.005615234375,1.017578125,0.065185546875
0.0,-0.19073486328125,-1.678466796875,0.579833984375,-0.026123046875,1.012939453125,0.037841796875
0.0,-0.64849853515625,-1.40380859375,2.20489501953125,-0.006103515625,0.982421875,0.0478515625
0.0,0.1068115234375,-1.3580322265625,-0.762939453125,-0.05029296875,1.00927734375,0.029541015625
0.0,-0.48065185546875,-1.5106201171875,0.26702880859375,-0.025146484375,0.999755859375,0.055419921875
0.0,0.2288818359375,-1.50299072265625,1.708984375,-0.03125,0.98876953125,0.0302734375
0.0,-0.37384033203125,-2.08282470703125,-0.1068115234375,-0.053955078125,1.007080078125,0.067626953125
0.0,-0.02288818359375,-1.73187255859375,-1.0833740234375,0.000244140625,0.99951171875,0.029296875
0.0,-0.81634521484375,-1.39617919921875,0.95367431640625,-0.021728515625,1.0205078125,0.075927734375
0.0,-0.75531005859375,-1.28936767578125,0.3662109375,-0.02978515625,1.001708984375,0.03564453125
0.0,-0.95367431640625,-1.80816650390625,0.1678466796875,-0.044677734375,0.99462890625,0.066650390625
0.0,-0.885009765625,-1.8463134765625,0.3662109375,-0.021728515625,1.010986328125,0.029052734375
0.0,-1.02996826171875,-1.4801025390625,0.69427490234375,-0.01806640625,1.013671875,0.0654296875
0.0,-0.60272216796875,-1.47247314453125,0.8087158203125,-0.024658203125,0.99267578125,0.01513671875
0.0,-0.86212158203125,-1.6326904296875,0.9918212890625,-0.02978515625,1.02783203125,0.087158203125
0.0,-0.70953369140625,-1.73187255859375,0.6103515625,-0.033447265625,0.9951171875,0.014404296875
0.0,-0.9918212890625,-1.3275146484375,0.1983642578125,-0.02880859375,0.994384765625,0.07958984375
0.0,-0.54931640625,-1.36566162109375,0.35858154296875,-0.030029296875,1.02294921875,0.03662109375
0.0,-1.41143798828125,-1.19781494140625,-0.20599365234375,-0.022705078125,1.01123046875,0.080078125
0.0,-0.81634521484375,-1.1444091796875,0.152587890625,-0.029052734375,0.97705078125,0.032958984375
0.0,-1.1749267578125,-1.39617919921875,0.030517578125,-0.050537109375,1.04638671875,0.08203125
0.0,-1.2969970703125,-1.6021728515625,0.90789794921875,-0.01806640625,0.984130859375,0.032470703125
0.0,-1.0528564453125,-1.28173828125,0.63323974609375,-0.046875,1.03076171875,0.087158203125
0.0,-1.3275146484375,-1.89971923828125,0.2288818359375,-0.031494140625,0.994873046875,0.015380859375
0.0,-1.1749267578125,-1.52587890625,0.93841552734375,-0.03857421875,0.999755859375,0.088623046875
0.0,-1.54876708984375,-2.0904541015625,0.3814697265625,-0.02880859375,1.031494140625,0.04296875
0.0,-1.57928466796875,-1.7242431640625,1.678466796875,-0.028564453125,0.9853515625,0.0771484375
0.0,-1.0223388671875,-1.77001953125,-0.152587890625,-0.037109375,0.98486328125,0.020751953125
0.0,-1.3275146484375,-1.74713134765625,0.79345703125,-0.028076171875,1.02294921875,0.087158203125
0.0,-1.03759765625,-1.77764892578125,1.312255859375,-0.027587890625,0.97802734375,0.045166015625
0.0,-1.27410888671875,-1.922607421875,0.96893310546875,-0.029052734375,1.024169921875,0.087890625
0.0,-1.42669677734375,-1.59454345703125,1.35040283203125,-0.015625,1.020263671875,0.040283203125
0.0,-1.77764892578125,-1.21307373046875,2.73895263671875,-0.023681640625,0.999267578125,0.09619140625
0.0,-1.88446044921875,-1.6326904296875,0.823974609375,-0.055908203125,1.014404296875,0.041015625
0.0,-1.80816650390625,-1.28173828125,2.25830078125,-0.017333984375,1.001708984375,0.083984375
0.0,-1.8463134765625,-1.739501953125,-0.57220458984375,-0.06494140625,1.00927734375,0.03369140625
0.0,-1.70135498046875,-1.617431640625,0.49591064453125,-0.013427734375,1.000732421875,0.096923828125
0.0,-1.3580322265625,-1.19781494140625,-1.0223388671875,-0.039306640625,0.992919921875,0.0322265625
0.0,-1.708984375,-1.28173828125,-1.31988525390625,-0.010986328125,1.010009765625,0.10205078125
0.0,-1.70135498046875,-1.01470947265625,-0.640869140625,-0.03173828125,1.034423828125,0.055419921875
0.0,-2.03704833984375,-1.007080078125,0.77056884765625,-0.026611328125,1.007080078125,0.099609375
0.0,-1.99127197265625,-1.44195556640625,1.36566162109375,-0.036376953125,0.97998046875,0.040771484375
0.0,-1.8310546875,-2.08282470703125,1.09100341796875,-0.050048828125,0.974609375,0.08837890625
0.0,-1.86920166015625,-1.708984375,2.11334228515625,-0.018310546875,0.99267578125,0.039306640625
0.0,-1.65557861328125,-1.76239013671875,0.75531005859375,-0.04736328125,0.970703125,0.09423828125
0.0,-0.9307861328125,-1.46484375,2.54058837890625,-0.0078125,0.98291015625,0.03076171875
0.0,-1.220703125,-1.678466796875,0.701904296875,-0.04150390625,0.9873046875,0.099853515625
0.0,-1.19781494140625,-1.97601318359375,1.6937255859375,-0.014892578125,1.0205078125,0.066650390625
0.0,-1.5106201171875,-1.9683837890625,2.87628173828125,-0.048828125,0.99462890625,0.08837890625
0.0,-1.7242431640625,-1.86920166015625,0.63323974609375,-0.014404296875,1.03564453125,0.058349609375
0.0,-2.0904541015625,-1.06048583984375,0.6561279296875,-0.030517578125,0.9736328125,0.078857421875
0.0,-1.33514404296875,-1.30462646484375,-0.244140625,-0.0322265625,1.022705078125,0.046142578125
0.0,-2.11334228515625,-1.0986328125,-0.946044921875,-0.01953125,1.001953125,0.09765625
0.0,-1.80816650390625,-1.0528564453125,-0.1068115234375,-0.019287109375,1.049072265625,0.064453125
0.0,-3.265380859375,-0.86212158203125,-0.2288818359375,-0.02587890625,0.98876953125,0.087158203125
0.0,-1.9378662109375,-1.18255615234375,0.762939453125,-0.03369140625,0.986083984375,0.05078125
0.0,-2.81524658203125,-0.83160400390625,-0.213623046875,-0.03076171875,0.988525390625,0.080322265625
0.0,-1.6326904296875,-1.0528564453125,-0.6561279296875,-0.018310546875,0.994140625,0.0498046875
0.0,-2.29644775390625,-1.12152099609375,0.86212158203125,-0.02197265625,0.98095703125,0.08154296875
0.0,-0.640869140625,-0.96893310546875,1.30462646484375,-0.041748046875,0.967529296875,0.050537109375
0.0,-1.94549560546875,-1.2969970703125,1.57928466796875,-0.0341796875,1.01513671875,0.089599609375
0.0,-1.2359619140625,-1.77001953125,0.37384033203125,-0.054443359375,0.966064453125,0.0556640625
0.0,-1.9989013671875,-1.4190673828125,0.640869140625,-0.0166015625,1.025390625,0.099609375
0.0,-2.32696533203125,-1.373291015625,0.244140625,-0.041015625,0.9892578125,0.058837890625
0.0,-2.01416015625,-1.54876708984375,0.8697509765625,-0.0126953125,1.006591796875,0.09912109375
0.0,-1.67083740234375,-1.22833251953125,1.22833251953125,-0.02685546875,1.005859375,0.05859375
0.0,-2.227783203125,-1.3885498046875,0.8087158203125,-0.03125,1.03271484375,0.0947265625
0.0,-1.4801025390625,-1.0833740234375,-0.66375732421875,-0.0234375,0.9658203125,0.04296875
0.0,-2.02178955078125,-0.3204345703125,-0.58746337890625,-0.02294921875,1.046142578125,0.10498046875
0.0,-1.861572265625,-0.64849853515625,0.3662109375,-0.017822265625,0.986328125,0.06982421875
0.0,-2.1820068359375,-0.30517578125,-0.213623046875,-0.01611328125,1.02001953125,0.1015625
0.0,-1.9073486328125,-0.6103515625,0.32806396484375,-0.022705078125,1.00927734375,0.061279296875
0.0,-1.65557861328125,-0.1678466796875,1.6937255859375,-0.0322265625,0.97021484375,0.08203125
0.0,-1.25885009765625,-0.8392333984375,0.17547607421875,-0.051025390625,1.008544921875,0.0634765625
0.0,-1.2359619140625,-0.9307861328125,1.52587890625,-0.052490234375,0.9716796875,0.11328125
0.0,-1.3885498046875,-1.77001953125,0.11444091796875,-0.048583984375,0.99072265625,0.069091796875
0.0,-1.35040283203125,-1.5716552734375,1.8768310546875,-0.0224609375,1.001953125,0.115478515625
0.0,-1.67083740234375,-1.50299072265625,1.46484375,-0.018798828125,1.002685546875,0.066162109375
0.0,-1.7852783203125,-1.6021728515625,2.43377685546875,-0.043701171875,0.996826171875,0.104248046875
0.0,-1.4495849609375,-1.41143798828125,0.42724609375,-0.01025390625,0.9697265625,0.05126953125
0.0,-1.80816650390625,-0.79345703125,1.54876708984375,-0.024658203125,1.021240234375,0.120361328125
0.0,-1.678466796875,-0.7171630859375,0.5645751953125,-0.001708984375,1.0,0.072998046875
0.0,-1.40380859375,-0.41961669921875,2.29644775390625,-0.026123046875,1.017578125,0.1064453125
0.0,-0.67138671875,-0.42724609375,1.52587890625,-0.0205078125,0.955810546875,0.0625
0.0,-1.1444091796875,-0.54931640625,1.06048583984375,-0.041259765625,1.040771484375,0.12255859375
0.0,-1.13677978515625,-0.1983642578125,0.244140625,-0.030517578125,0.9921875,0.07421875
0.0,-1.01470947265625,-0.28228759765625,-0.06103515625,-0.041015625,1.003173828125,0.1162109375
0.0,-1.54876708984375,-0.30517578125,-0.396728515625,-0.025634765625,1.014892578125,0.072509765625
0.0,-0.67901611328125,-0.885009765625,1.18255615234375,-0.060546875,0.97998046875,0.105712890625
0.0,-1.2054443359375,-1.12152099609375,1.251220703125,-0.010986328125,1.001953125,0.085693359375
0.0,-1.03759765625,-0.6866455078125,2.32696533203125,-0.042236328125,0.968017578125,0.115234375
0.0,-1.190185546875,-1.3275146484375,0.77056884765625,-0.012451171875,0.994873046875,0.08056640625
0.0,-1.15966796875,-0.54931640625,1.190185546875,-0.035400390625,0.98828125,0.104248046875
0.0,-0.90789794921875,-0.99945068359375,2.2735595703125,0.000732421875,0.9677734375,0.08740234375
0.0,-1.03759765625,-0.23651123046875,2.0294189453125,-0.01953125,0.998291015625,0.1015625
0.0,-0.74005126953125,-0.396728515625,0.42724609375,-0.031494140625,0.968505859375,0.08984375
0.0,-1.21307373046875,0.1678466796875,0.55694580078125,0.0029296875,1.052978515625,0.110107421875
0.0,-0.5645751953125,0.5035400390625,1.01470947265625,-0.04052734375,0.958984375,0.08056640625
0.0,-0.52642822265625,-0.030517578125,0.69427490234375,-0.03564453125,1.03466796875,0.107666015625
0.0,-1.13677978515625,-0.06866455078125,0.335693359375,-0.0439453125,1.009033203125,0.0908203125
0.0,-0.41961669921875,-0.579833984375,1.0833740234375,-0.0625,0.97705078125,0.115478515625
0.0,-0.74005126953125,-0.4730224609375,-0.41961669921875,-0.02490234375,1.020751953125,0.09033203125
0.0,-0.7171630859375,-0.67138671875,-2.22015380859375,-0.057861328125,0.974853515625,0.109619140625
0.0,-0.38909912109375,-0.78582763671875,-0.30517578125,0.014892578125,0.96875,0.0927734375
0.0,-0.19073486328125,-0.55694580078125,1.8310546875,-0.02880859375,1.007568359375,0.108642578125
0.0,-0.43487548828125,-0.3814697265625,0.35858154296875,-0.01171875,0.923583984375,0.087646484375
0.0,0.40435791015625,-0.213623046875,2.227783203125,-0.04150390625,1.01611328125,0.106201171875
0.0,-0.92315673828125,-0.67901611328125,0.8544921875,-0.0224609375,0.949951171875,0.091552734375
0.0,0.09918212890625,0.0762939453125,2.32696533203125,-0.01904296875,1.0439453125,0.113525390625
0.0,-0.4425048828125,-0.396728515625,1.65557861328125,-0.02685546875,0.968505859375,0.093994140625
0.0,-0.3662109375,-0.2899169921875,1.31988525390625,-0.03515625,1.041748046875,0.112548828125
0.0,-0.17547607421875,0.37384033203125,1.38092041015625,-0.01025390625,0.99658203125,0.084228515625
0.0,-0.80108642578125,0.2288818359375,-0.60272216796875,-0.0634765625,1.03515625,0.126220703125
0.0,-0.09918212890625,0.0457763671875,-1.495361328125,-0.018310546875,0.994140625,0.084228515625
0.0,-0.57220458984375,0.34332275390625,-0.29754638671875,-0.02294921875,1.054931640625,0.114013671875
0.0,-0.518798828125,0.1220703125,0.42724609375,-0.063232421875,0.968017578125,0.102783203125
0.0,-0.4425048828125,-0.4119873046875,-0.946044921875,-0.037841796875,0.990966796875,0.113037109375
0.0,-0.42724609375,0.06866455078125,-0.2899169921875,-0.014404296875,0.99853515625,0.080078125
0.0,-0.72479248046875,-0.0762939453125,0.762939453125,-0.04541015625,0.99267578125,0.134033203125
0.0,-0.51116943359375,-0.54168701171875,-0.30517578125,-0.031005859375,0.916015625,0.091064453125
0.0,-0.48065185546875,-0.43487548828125,0.90789794921875,-0.026123046875,1.033935546875,0.11328125
0.0,-0.17547607421875,-0.32806396484375,1.708984375,-0.01220703125,0.913330078125,0.085205078125
0.0,0.67138671875,-0.1678466796875,0.69427490234375,-0.0537109375,1.0009765625,0.12451171875
0.0,-0.0457763671875,-0.2899169921875,-0.72479248046875,0.002685546875,0.9951171875,0.087158203125
0.0,0.6561279296875,0.51116943359375,2.40325927734375,-0.020263671875,0.9892578125,0.11767578125
0.0,0.93841552734375,-0.1983642578125,2.03704833984375,-0.04248046875,1.0029296875,0.104248046875
0.0,0.98419189453125,0.091552734375,2.25067138671875,-0.023193359375,1.02294921875,0.11474609375
0.0,0.43487548828125,0.3814697265625,0.37384033203125,-0.043701171875,1.019775390625,0.09912109375
0.0,0.87738037109375,0.08392333984375,0.02288818359375,-0.025390625,1.007080078125,0.124755859375
0.0,0.4425048828125,0.244140625,1.89971923828125,-0.035400390625,1.019287109375,0.111083984375
0.0,-0.0762939453125,0.1678466796875,0.701904296875,-0.0546875,0.991455078125,0.118896484375
0.0,0.46539306640625,0.0762939453125,-1.129150390625,-0.0126953125,0.96728515625,0.095703125
0.0,-0.2593994140625,0.26702880859375,-0.152587890625,-0.031982421875,1.05810546875,0.127197265625
0.0,-0.95367431640625,0.518798828125,-0.61798095703125,-0.01171875,0.95556640625,0.102783203125
0.0,-0.48828125,0.5340576171875,1.41143798828125,-0.025390625,0.98388671875,0.123291015625
0.0,0.0,0.02288818359375,1.89971923828125,-0.04541015625,0.94970703125,0.098388671875
0.0,0.54931640625,0.14495849609375,-0.9765625,-0.038330078125,0.98291015625,0.11376953125
0.0,0.1983642578125,0.25177001953125,-0.31280517578125,-0.003173828125,0.982666015625,0.10986328125
0.0,0.63323974609375,0.79345703125,2.349853515625,-0.030517578125,0.969482421875,0.120849609375
0.0,1.36566162109375,-0.0152587890625,1.21307373046875,-0.039306640625,0.9443359375,0.101318359375
0.0,1.28173828125,0.14495849609375,2.44140625,-0.013916015625,1.055419921875,0.13037109375
0.0,0.67138671875,0.6103515625,3.6163330078125,-0.022705078125,0.98388671875,0.104248046875
0.0,1.6326904296875,0.1678466796875,2.52532958984375,-0.0517578125,0.9599609375,0.114990234375
0.0,2.11334228515625,0.23651123046875,0.75531005859375,-0.0146484375,1.01171875,0.115234375
0.0,1.007080078125,0.86212158203125,1.57928466796875,-0.00537109375,1.046142578125,0.122802734375
0.0,1.1749267578125,0.701904296875,3.570556640625,-0.005615234375,0.96142578125,0.09716796875
0.0,1.7242431640625,0.64849853515625,3.8604736328125,-0.05224609375,1.015625,0.121337890625
0.0,0.8544921875,0.55694580078125,1.8310546875,-0.041748046875,0.982177734375,0.1123046875
0.0,1.1444091796875,0.6256103515625,1.33514404296875,-0.029541015625,0.987060546875,0.117919921875
0.0,1.434326171875,0.4730224609375,1.495361328125,-0.012451171875,0.9736328125,0.10693359375
0.0,1.2969970703125,0.67138671875,2.66265869140625,-0.02783203125,1.018798828125,0.125
0.0,0.91552734375,0.45013427734375,-0.1068115234375,-0.043701171875,0.944091796875,0.10546875
0.0,1.4495849609375,0.4730224609375,-1.45721435546875,-0.0205078125,0.9775390625,0.115478515625
0.0,1.0223388671875,1.16729736328125,0.54931640625,0.003662109375,0.9736328125,0.104736328125
0.0,1.1138916015625,1.0528564453125,1.47247314453125,-0.0439453125,1.003662109375,0.11181640625
0.0,1.01470947265625,0.25177001953125,-0.52642822265625,-0.0439453125,0.981689453125,0.1142578125
0.0,1.4801025390625,0.6256103515625,-1.556396484375,-0.006591796875,0.99951171875,0.12646484375
0.0,1.15966796875,1.54876708984375,-0.54931640625,-0.006103515625,1.002685546875,0.11767578125
0.0,0.91552734375,1.3580322265625,-1.01470947265625,-0.05029296875,1.0341796875,0.1240234375
0.0,0.51116943359375,0.6256103515625,-2.29644775390625,-0.049560546875,0.994384765625,0.10986328125
0.0,1.01470947265625,0.3814697265625,-1.6632080078125,-0.028076171875,1.001708984375,0.1162109375
0.0,0.86212158203125,0.9613037109375,-1.556396484375,-0.0048828125,0.996337890625,0.116455078125
0.0,0.9002685546875,1.33514404296875,-1.3427734375,-0.023193359375,1.0087890625,0.127685546875
0.0,0.6256103515625,0.8544921875,-0.946044921875,-0.03271484375,0.974609375,0.11572265625
0.0,1.50299072265625,0.98419189453125,-0.6866455078125,-0.026123046875,0.955078125,0.10595703125
0.0,1.7547607421875,1.13677978515625,-0.79345703125,-0.032958984375,0.938232421875,0.109619140625
0.0,1.77001953125,0.640869140625,-0.5645751953125,-0.036865234375,0.995849609375,0.124267578125
0.0,1.7242431640625,0.9918212890625,0.244140625,-0.016357421875,0.95751953125,0.110595703125
0.0,2.2125244140625,1.2664794921875,0.8087158203125,-0.032958984375,0.97412109375,0.11865234375
0.0,2.0599365234375,1.02996826171875,0.90789794921875,-0.033203125,1.005615234375,0.1142578125
0.0,1.88446044921875,0.83160400390625,1.48773193359375,-0.0244140625,1.00146484375,0.120361328125
0.0,1.861572265625,1.13677978515625,1.70135498046875,-0.038818359375,0.970947265625,0.11083984375
0.0,2.288818359375,0.70953369140625,0.8544921875,-0.057373046875,0.972900390625,0.1181640625
0.0,2.61688232421875,0.46539306640625,1.12152099609375,-0.020263671875,0.987548828125,0.1162109375
0.0,2.7923583984375,0.95367431640625,2.3193359375,-0.01123046875,1.0166015625,0.1259765625
0.0,2.83050537109375,1.007080078125,2.00653076171875,-0.027099609375,1.029296875,0.112548828125
0.0,2.9144287109375,1.07574462890625,1.60980224609375,-0.03369140625,1.018798828125,0.124755859375
0.0,2.50244140625,1.0223388671875,1.0528564453125,-0.044189453125,1.001953125,0.1171875
0.0,2.02178955078125,0.9002685546875,1.27410888671875,-0.031005859375,0.9921875,0.1220703125
0.0,1.70135498046875,0.7171630859375,1.93023681640625,-0.0244140625,0.987060546875,0.114990234375
0.0,2.01416015625,0.9002685546875,3.0517578125,-0.025146484375,0.97802734375,0.118408203125
0.0,2.05230712890625,0.92315673828125,2.7008056640625,-0.0185546875,0.972412109375,0.11328125
0.0,2.2430419921875,1.2054443359375,1.76239013671875,-0.030517578125,0.981689453125,0.1171875
0.0,2.43377685546875,1.2359619140625,0.78582763671875,-0.01708984375,0.98291015625,0.11572265625
0.0,2.60162353515625,1.3275146484375,0.90789794921875,-0.03466796875,0.98291015625,0.12451171875
0.0,2.44903564453125,1.12152099609375,0.3204345703125,-0.030029296875,0.99169921875,0.115234375
0.0,2.37274169921875,1.36566162109375,1.129150390625,-0.01953125,1.000244140625,0.118896484375
0.0,2.349853515625,1.2054443359375,1.3580322265625,-0.03955078125,0.9736328125,0.121826171875
0.0,2.31170654296875,1.02996826171875,1.18255615234375,-0.02783203125,0.984375,0.115478515625
0.0,2.62451171875,1.220703125,0.5645751953125,-0.038330078125,1.00830078125,0.119140625
0.0,2.52532958984375,1.251220703125,-0.05340576171875,-0.030029296875,1.003662109375,0.126708984375
0.0,1.89971923828125,1.1138916015625,0.1068115234375,-0.02392578125,1.014892578125,0.120849609375
0.0,1.89208984375,1.1444091796875,0.81634521484375,-0.025634765625,1.036376953125,0.12158203125
0.0,1.64031982421875,1.16729736328125,1.01470947265625,-0.021728515625,1.018310546875,0.11865234375
0.0,1.2969970703125,1.28173828125,1.12152099609375,-0.027587890625,0.98681640625,0.12255859375
0.0,1.33514404296875,1.15203857421875,0.60272216796875,-0.025390625,1.00244140625,0.1171875
0.0,1.220703125,1.5106201171875,0.89263916015625,-0.02880859375,0.962890625,0.116455078125
0.0,1.800537109375,1.25885009765625,0.05340576171875,-0.02734375,0.971923828125,0.11474609375
0.0,2.03704833984375,1.33514404296875,-0.2288818359375,-0.020263671875,0.970458984375,0.11572265625
0.0,2.2125244140625,1.495361328125,-0.22125244140625,-0.02392578125,0.97607421875,0.11767578125
0.0,1.9683837890625,1.52587890625,-0.5340576171875,-0.025634765625,0.999755859375,0.12353515625
0.0,1.83868408203125,1.35040283203125,-0.11444091796875,-0.03173828125,0.973876953125,0.1142578125
0.0,1.93023681640625,1.36566162109375,-0.701904296875,-0.03466796875,0.972412109375,0.11572265625
0.0,2.06756591796875,1.4801025390625,-0.74005126953125,-0.030029296875,0.995361328125,0.123291015625
0.0,2.31170654296875,1.4495849609375,-0.06103515625,-0.025634765625,0.993408203125,0.119873046875
0.0,2.3040771484375,1.44195556640625,-0.11444091796875,-0.027099609375,0.994873046875,0.12158203125
0.0,2.44903564453125,1.39617919921875,0.00762939453125,-0.02783203125,1.0087890625,0.12158203125
0.0,2.3193359375,1.41143798828125,0.00762939453125,-0.02880859375,1.00927734375,0.12158203125
0.0,2.22015380859375,1.617431640625,-0.8392333984375,-0.024169921875,0.997802734375,0.12158203125
0.0,2.29644775390625,1.57928466796875,-0.19073486328125,-0.030029296875,1.000732421875,0.124267578125
0.0,2.43377685546875,1.42669677734375,0.18310546875,-0.032958984375,0.991455078125,0.1181640625
0.0,2.5177001953125,1.48773193359375,-0.3509521484375,-0.026123046875,0.989501953125,0.120849609375
0.0,2.471923828125,1.5869140625,0.14495849609375,-0.032470703125,0.991943359375,0.12255859375
0.0,2.32696533203125,1.4801025390625,-0.52642822265625,-0.02783203125,0.97705078125,0.117431640625
0.0,2.43377685546875,1.64794921875,0.0457763671875,-0.0244140625,0.97216796875,0.123046875
0.0,2.58636474609375,1.48773193359375,0.2593994140625,-0.0302734375,0.98095703125,0.117919921875
0.0,2.63214111328125,1.67083740234375,0.1373291015625,-0.026611328125,0.977783203125,0.118896484375
0.0,2.685546875,1.62506103515625,0.17547607421875,-0.037109375,0.982421875,0.12451171875
0.0,2.70843505859375,1.54876708984375,-0.1678466796875,-0.024658203125,0.988037109375,0.1162109375
0.0,2.8228759765625,1.70135498046875,0.8087158203125,-0.026611328125,0.9990234375,0.120849609375
0.0,2.8533935546875,1.48773193359375,0.95367431640625,-0.03564453125,0.989501953125,0.125732421875
0.0,2.93731689453125,1.53350830078125,0.83160400390625,-0.030029296875,1.00390625,0.12158203125
0.0,2.86865234375,1.5716552734375,0.95367431640625,-0.031494140625,0.994384765625,0.122802734375
0.0,3.0670166015625,1.48773193359375,0.8392333984375,-0.021240234375,1.00048828125,0.12109375
0.0,3.0059814453125,1.74713134765625,1.35040283203125,-0.026611328125,0.99951171875,0.122314453125
0.0,2.96783447265625,1.53350830078125,1.31988525390625,-0.03271484375,0.99755859375,0.12109375
0.0,3.08990478515625,1.60980224609375,1.22833251953125,-0.03173828125,0.98486328125,0.11865234375
0.0,3.2501220703125,1.5716552734375,1.25885009765625,-0.028076171875,0.987548828125,0.124267578125
0.0,3.10516357421875,1.65557861328125,1.5411376953125,-0.025390625,0.98388671875,0.119140625
0.0,3.1890869140625,1.47247314453125,1.52587890625,-0.02685546875,0.978759765625,0.119873046875
0.0,3.10516357421875,1.74713134765625,1.434326171875,-0.02392578125,0.981689453125,0.119384765625
0.0,3.2501220703125,1.5716552734375,1.52587890625,-0.03173828125,0.98388671875,0.118896484375
0.0,3.204345703125,1.62506103515625,1.40380859375,-0.020751953125,0.988037109375,0.119873046875
0.0,3.28826904296875,1.708984375,1.51824951171875,-0.032958984375,0.984375,0.12109375
0.0,3.35693359375,1.53350830078125,1.25885009765625,-0.03076171875,0.998291015625,0.119384765625
0.0,3.31878662109375,1.5869140625,1.07574462890625,-0.023681640625,0.9990234375,0.12109375
0.0,3.31878662109375,1.74713134765625,1.190185546875,-0.025634765625,1.002197265625,0.120849609375
0.0,3.21197509765625,1.64794921875,0.9002685546875,-0.031982421875,1.0009765625,0.12158203125
0.0,3.21197509765625,1.51824951171875,1.007080078125,-0.023193359375,0.999755859375,0.1201171875
0.0,3.25775146484375,1.77764892578125,1.0528564453125,-0.02880859375,0.99560546875,0.119384765625
0.0,3.1890869140625,1.64031982421875,0.579833984375,-0.033203125,0.99658203125,0.12158203125
0.0,3.1280517578125,1.64794921875,0.60272216796875,-0.019775390625,0.991943359375,0.119873046875
0.0,3.204345703125,1.7242431640625,0.64849853515625,-0.028076171875,0.990234375,0.11865234375
0.0,3.10516357421875,1.6632080078125,0.32806396484375,-0.026123046875,0.98876953125,0.118896484375
0.0,3.01361083984375,1.7242431640625,0.2593994140625,-0.027587890625,0.981201171875,0.11865234375
0.0,3.08990478515625,1.6937255859375,0.05340576171875,-0.030029296875,0.989013671875,0.117919921875
0.0,2.98309326171875,1.71661376953125,-0.0762939453125,-0.024169921875,0.985595703125,0.117431640625
0.0,3.082275390625,1.70135498046875,0.09918212890625,-0.026123046875,0.989013671875,0.12060546875
0.0,2.9449462890625,1.62506103515625,0.06866455078125,-0.027587890625,0.9921875,0.11865234375
0.0,2.9296875,1.74713134765625,-0.34332275390625,-0.024658203125,0.99462890625,0.11669921875
0.0,2.8533935546875,1.861572265625,-0.55694580078125,-0.028076171875,0.99658203125,0.119384765625
0.0,2.838134765625,1.6632080078125,-0.396728515625,-0.02734375,1.004150390625,0.122314453125
0.0,2.79998779296875,1.80816650390625,-0.43487548828125,-0.026123046875,0.99658203125,0.118408203125
0.0,2.87628173828125,1.77001953125,-0.396728515625,-0.035400390625,1.002685546875,0.12109375
0.0,2.685546875,1.6326904296875,-0.335693359375,-0.02392578125,1.00244140625,0.12060546875
0.0,2.60162353515625,1.7547607421875,-0.2899169921875,-0.029296875,1.00048828125,0.1201171875
0.0,2.57110595703125,1.678466796875,-0.46539306640625,-0.0302734375,0.99560546875,0.117919921875
0.0,2.5177001953125,1.6937255859375,-0.70953369140625,-0.026123046875,0.990234375,0.118896484375
0.0,2.43377685546875,1.739501953125,-0.45013427734375,-0.025146484375,0.9912109375,0.118896484375
0.0,2.51007080078125,1.8157958984375,-0.12969970703125,-0.028076171875,0.98876953125,0.1181640625
0.0,2.32696533203125,1.6326904296875,-0.335693359375,-0.03369140625,0.9853515625,0.118896484375
0.0,2.349853515625,1.678466796875,-0.26702880859375,-0.0263671875,0.984375,0.116455078125
0.0,2.38037109375,1.7852783203125,-0.244140625,-0.02880859375,0.989501953125,0.119873046875
0.0,2.3651123046875,1.64794921875,-0.11444091796875,-0.03125,0.991455078125,0.119873046875
0.0,2.32696533203125,1.7242431640625,-0.03814697265625,-0.02734375,0.993896484375,0.11962890625
0.0,2.20489501953125,1.76239013671875,-0.1678466796875,-0.032470703125,0.995849609375,0.118408203125
0.0,2.23541259765625,1.5869140625,0.1983642578125,-0.030517578125,0.998046875,0.123291015625
0.0,2.2735595703125,1.68609619140625,0.35858154296875,-0.0234375,0.9931640625,0.117919921875
0.0,2.28118896484375,1.7547607421875,0.5950927734375,-0.037841796875,1.004150390625,0.1220703125
0.0,2.11334228515625,1.5411376953125,0.274658203125,-0.03125,0.999755859375,0.12060546875
0.0,2.22015380859375,1.6326904296875,0.55694580078125,-0.023681640625,0.994140625,0.11865234375
0.0,2.14385986328125,1.6937255859375,0.93841552734375,-0.028076171875,0.99755859375,0.1220703125
0.0,2.14385986328125,1.6021728515625,0.98419189453125,-0.03271484375,0.992919921875,0.11962890625
0.0,2.14385986328125,1.60980224609375,0.84686279296875,-0.030517578125,0.987548828125,0.11865234375
0.0,2.1209716796875,1.67083740234375,0.81634521484375,-0.027587890625,0.98486328125,0.121826171875
0.0,2.1209716796875,1.64031982421875,1.0833740234375,-0.026123046875,0.98193359375,0.119140625
0.0,2.227783203125,1.6326904296875,1.2359619140625,-0.02978515625,0.989013671875,0.117919921875
0.0,2.166748046875,1.60980224609375,1.46484375,-0.02978515625,0.989013671875,0.1220703125
0.0,2.0599365234375,1.62506103515625,1.40380859375,-0.031982421875,0.98486328125,0.12109375
0.0,2.15911865234375,1.56402587890625,1.13677978515625,-0.03125,0.989013671875,0.119384765625
0.0,2.28118896484375,1.64794921875,1.19781494140625,-0.0263671875,0.994384765625,0.119384765625
0.0,2.2430419921875,1.50299072265625,1.51824951171875,-0.027099609375,0.994873046875,0.12353515625
0.0,2.23541259765625,1.54876708984375,1.52587890625,-0.025146484375,0.99609375,0.117919921875
0.0,2.349853515625,1.73187255859375,1.45721435546875,-0.03125,0.99267578125,0.1201171875
0.0,2.22015380859375,1.46484375,1.40380859375,-0.0322265625,1.0,0.124267578125
0.0,2.31170654296875,1.5869140625,1.007080078125,-0.025390625,0.994384765625,0.11962890625
0.0,2.3193359375,1.5716552734375,1.251220703125,-0.02685546875,0.99462890625,0.125244140625
0.0,2.34222412109375,1.56402587890625,1.41143798828125,-0.02294921875,0.986572265625,0.119873046875
0.0,2.40325927734375,1.495361328125,1.28936767578125,-0.03564453125,0.991943359375,0.120361328125
0.0,2.41851806640625,1.54876708984375,0.90789794921875,-0.026123046875,0.984619140625,0.12109375
0.0,2.41851806640625,1.48773193359375,0.84686279296875,-0.025146484375,0.98486328125,0.117919921875
0.0,2.5634765625,1.5716552734375,0.8697509765625,-0.023681640625,0.990478515625,0.119873046875
0.0,2.471923828125,1.54876708984375,0.9002685546875,-0.031494140625,0.986083984375,0.1201171875
0.0,2.57110595703125,1.45721435546875,0.5950927734375,-0.027099609375,0.986328125,0.121337890625
0.0,2.6092529296875,1.6326904296875,0.5950927734375,-0.025146484375,0.986083984375,0.122802734375
0.0,2.64739990234375,1.4801025390625,0.46539306640625,-0.030517578125,0.989990234375,0.12109375
0.0,2.655029296875,1.4495849609375,0.1678466796875,-0.02734375,0.998046875,0.11865234375
0.0,2.716064453125,1.556396484375,0.09918212890625,-0.021240234375,0.99853515625,0.12255859375
0.0,2.6092529296875,1.60980224609375,0.30517578125,-0.026123046875,0.98876953125,0.1220703125
0.0,2.74658203125,1.44195556640625,0.1220703125,-0.034423828125,0.995361328125,0.121826171875
0.0,2.66265869140625,1.42669677734375,-0.274658203125,-0.028564453125,1.00341796875,0.122802734375
0.0,2.6397705078125,1.52587890625,-0.34332275390625,-0.0244140625,0.98876953125,0.120361328125
0.0,2.86102294921875,1.495361328125,0.0762939453125,-0.024169921875,0.99072265625,0.120849609375
0.0,2.79998779296875,1.4495849609375,0.0457763671875,-0.03271484375,0.9951171875,0.121826171875
0.0,2.60162353515625,1.4495849609375,-0.42724609375,-0.032470703125,0.989013671875,0.11962890625
0.0,2.67791748046875,1.44195556640625,-0.42724609375,-0.02392578125,0.98388671875,0.118896484375
0.0,2.8076171875,1.47247314453125,-0.14495849609375,-0.02392578125,0.98486328125,0.120849609375
0.0,2.72369384765625,1.54876708984375,-0.2288818359375,-0.028076171875,0.99169921875,0.119140625
0.0,2.69317626953125,1.31988525390625,-0.091552734375,-0.037841796875,0.990966796875,0.1220703125
0.0,2.69317626953125,1.312255859375,-0.274658203125,-0.02294921875,0.98583984375,0.1171875
0.0,2.69317626953125,1.45721435546875,-0.18310546875,-0.029541015625,0.98974609375,0.121826171875
0.0,2.685546875,1.36566162109375,-0.091552734375,-0.029541015625,0.9970703125,0.120849609375
0.0,2.64739990234375,1.25885009765625,-0.213623046875,-0.030517578125,0.995849609375,0.121826171875
0.0,2.655029296875,1.3427734375,-0.1983642578125,-0.023193359375,0.99853515625,0.117919921875
0.0,2.67791748046875,1.3580322265625,-0.02288818359375,-0.03125,0.993408203125,0.121337890625
0.0,2.655029296875,1.3580322265625,0.091552734375,-0.031005859375,0.99755859375,0.123779296875
0.0,2.50244140625,1.2359619140625,0.19073486328125,-0.03369140625,1.000732421875,0.119873046875
0.0,2.4871826171875,1.16729736328125,0.1068115234375,-0.03173828125,0.998779296875,0.118896484375
0.0,2.4871826171875,1.2664794921875,0.48828125,-0.022705078125,0.98486328125,0.120361328125
0.0,2.471923828125,1.2359619140625,0.701904296875,-0.031982421875,0.994873046875,0.12158203125
0.0,2.38800048828125,1.15966796875,0.54931640625,-0.03125,0.988525390625,0.11962890625
0.0,2.349853515625,1.21307373046875,0.6256103515625,-0.02880859375,0.992919921875,0.11865234375
0.0,2.3040771484375,1.09100341796875,0.701904296875,-0.0322265625,0.9873046875,0.12109375
0.0,2.288818359375,1.10626220703125,0.79345703125,-0.025390625,0.989501953125,0.118408203125
0.0,2.28118896484375,1.1749267578125,1.068115234375,-0.03369140625,0.995361328125,0.11962890625
0.0,2.227783203125,1.03759765625,0.96893310546875,-0.0322265625,0.995849609375,0.1181640625
0.0,2.105712890625,0.946044921875,1.10626220703125,-0.029296875,0.99267578125,0.12255859375
0.0,2.06756591796875,1.0528564453125,1.2359619140625,-0.02685546875,0.99267578125,0.11865234375
0.0,2.14385986328125,1.03759765625,1.25885009765625,-0.035888671875,0.998291015625,0.119873046875
0.0,2.06756591796875,0.90789794921875,1.07574462890625,-0.024169921875,0.998046875,0.11962890625
0.0,2.11334228515625,1.068115234375,1.50299072265625,-0.02978515625,0.99560546875,0.119873046875
0.0,1.8310546875,0.87738037109375,1.556396484375,-0.03271484375,0.998291015625,0.123046875
0.0,1.86920166015625,0.91552734375,1.312255859375,-0.02783203125,0.9951171875,0.11962890625
0.0,1.8463134765625,0.946044921875,1.3580322265625,-0.033203125,0.99951171875,0.120361328125
0.0,1.678466796875,0.6866455078125,1.46484375,-0.02685546875,0.985107421875,0.122802734375
0.0,1.89208984375,0.83160400390625,1.70135498046875,-0.021240234375,0.98974609375,0.1162109375
0.0,1.922607421875,0.8544921875,1.495361328125,-0.032470703125,0.99072265625,0.1201171875
0.0,1.68609619140625,0.8087158203125,1.12152099609375,-0.029541015625,0.98974609375,0.121337890625
0.0,1.64031982421875,0.7781982421875,0.90789794921875,-0.027587890625,0.992431640625,0.118408203125
0.0,1.71661376953125,0.7476806640625,1.2969970703125,-0.022705078125,0.989990234375,0.1220703125
0.0,1.5716552734375,0.74005126953125,1.5869140625,-0.02978515625,0.9951171875,0.122802734375
0.0,1.68609619140625,0.66375732421875,1.21307373046875,-0.0361328125,0.990234375,0.11865234375
0.0,1.67083740234375,0.67901611328125,0.84686279296875,-0.02685546875,0.992919921875,0.121337890625
0.0,1.6021728515625,0.6103515625,0.89263916015625,-0.02099609375,0.99072265625,0.124267578125
0.0,1.5716552734375,0.67901611328125,1.220703125,-0.025390625,0.993896484375,0.118408203125
0.0,1.6632080078125,0.6561279296875,0.7781982421875,-0.033203125,0.9990234375,0.119873046875
0.0,1.51824951171875,0.58746337890625,0.54168701171875,-0.02734375,0.995849609375,0.1220703125
0.0,1.60980224609375,0.6103515625,0.58746337890625,-0.023681640625,0.9853515625,0.12255859375
0.0,1.64794921875,0.60272216796875,0.9002685546875,-0.030517578125,0.994873046875,0.122314453125
0.0,1.6021728515625,0.48065185546875,0.45013427734375,-0.03564453125,0.9921875,0.120361328125
0.0,1.48773193359375,0.5950927734375,0.1373291015625,-0.02197265625,0.990478515625,0.1220703125
0.0,1.495361328125,0.5035400390625,0.457763671875,-0.026611328125,0.98583984375,0.121826171875
0.0,1.5869140625,0.38909912109375,0.42724609375,-0.026611328125,0.984619140625,0.1201171875
0.0,1.6937255859375,0.49591064453125,0.16021728515625,-0.031494140625,0.987548828125,0.1201171875
0.0,1.6632080078125,0.52642822265625,-0.152587890625,-0.029052734375,0.989501953125,0.1220703125
0.0,1.74713134765625,0.37384033203125,-0.1983642578125,-0.026123046875,0.98828125,0.121826171875
0.0,1.76239013671875,0.457763671875,0.1373291015625,-0.025146484375,0.994384765625,0.12158203125
0.0,1.6632080078125,0.43487548828125,-0.030517578125,-0.03271484375,0.994873046875,0.122314453125
0.0,1.64794921875,0.31280517578125,-0.0457763671875,-0.02978515625,0.98974609375,0.122802734375
0.0,1.6937255859375,0.30517578125,0.06103515625,-0.029296875,0.98974609375,0.12158203125
0.0,1.8157958984375,0.26702880859375,-0.02288818359375,-0.02880859375,0.994384765625,0.122314453125
0.0,1.82342529296875,0.32806396484375,-0.091552734375,-0.0244140625,0.993408203125,0.120361328125
0.0,1.82342529296875,0.274658203125,0.06103515625,-0.028564453125,0.990966796875,0.122802734375
0.0,1.7852783203125,0.244140625,-0.030517578125,-0.029541015625,0.9951171875,0.123291015625
0.0,1.89208984375,0.23651123046875,-0.06103515625,-0.032958984375,0.983642578125,0.12109375
0.0,1.9378662109375,0.12969970703125,0.20599365234375,-0.02685546875,0.98779296875,0.12255859375
0.0,1.8463134765625,0.244140625,0.244140625,-0.033203125,0.994140625,0.1220703125
0.0,1.8463134765625,-0.030517578125,0.2288818359375,-0.03125,0.990234375,0.123046875
0.0,1.99127197265625,0.05340576171875,0.54931640625,-0.022705078125,0.98681640625,0.120849609375
0.0,2.06756591796875,0.06103515625,0.701904296875,-0.0341796875,0.987060546875,0.122314453125
0.0,2.01416015625,0.0762939453125,0.4730224609375,-0.02734375,0.9921875,0.122314453125
0.0,2.03704833984375,0.0457763671875,0.28228759765625,-0.03515625,0.9873046875,0.12060546875
0.0,2.1209716796875,-0.1068115234375,0.6103515625,-0.024658203125,0.9921875,0.121337890625
0.0,2.06756591796875,0.1068115234375,0.77056884765625,-0.02587890625,0.989013671875,0.122802734375
0.0,2.0904541015625,-0.14495849609375,1.1444091796875,-0.035400390625,0.99658203125,0.121826171875
0.0,2.06756591796875,-0.16021728515625,0.9307861328125,-0.03173828125,0.991943359375,0.12255859375
0.0,2.0599365234375,-0.213623046875,0.91552734375,-0.028564453125,0.994873046875,0.122314453125
0.0,2.08282470703125,-0.12969970703125,1.190185546875,-0.024658203125,0.99072265625,0.122314453125
0.0,2.0599365234375,-0.12969970703125,1.30462646484375,-0.033447265625,0.992919921875,0.124267578125
0.0,2.08282470703125,-0.2899169921875,1.190185546875,-0.031494140625,0.991455078125,0.12109375
0.0,2.09808349609375,-0.22125244140625,1.18255615234375,-0.029296875,0.9912109375,0.11962890625
0.0,2.09808349609375,-0.31280517578125,1.45721435546875,-0.02587890625,0.99072265625,0.12158203125
0.0,2.1209716796875,-0.29754638671875,1.6326904296875,-0.0322265625,0.989990234375,0.121337890625
0.0,2.105712890625,-0.41961669921875,1.41143798828125,-0.031494140625,0.9931640625,0.1220703125
0.0,2.05230712890625,-0.40435791015625,1.48773193359375,-0.02587890625,0.989990234375,0.11962890625
0.0,2.0904541015625,-0.40435791015625,1.40380859375,-0.02783203125,0.992431640625,0.1220703125
0.0,1.983642578125,-0.40435791015625,1.38092041015625,-0.028076171875,0.988037109375,0.123291015625
0.0,2.06756591796875,-0.457763671875,1.42669677734375,-0.03125,0.988525390625,0.120849609375
0.0,2.02178955078125,-0.4730224609375,1.28936767578125,-0.025634765625,0.996826171875,0.119873046875
0.0,2.02178955078125,-0.55694580078125,1.54876708984375,-0.031982421875,0.9921875,0.1220703125
0.0,1.9683837890625,-0.63323974609375,1.30462646484375,-0.026611328125,0.9951171875,0.121337890625
0.0,1.96075439453125,-0.41961669921875,1.13677978515625,-0.029541015625,0.9931640625,0.121337890625
0.0,1.89208984375,-0.701904296875,1.15203857421875,-0.0302734375,0.995849609375,0.122314453125
0.0,1.8768310546875,-0.63323974609375,1.1138916015625,-0.022705078125,0.993408203125,0.1201171875
0.0,1.91497802734375,-0.57220458984375,1.3580322265625,-0.03076171875,0.995849609375,0.12158203125
0.0,1.77001953125,-0.69427490234375,0.9613037109375,-0.03076171875,0.989990234375,0.121826171875
0.0,1.83868408203125,-0.6561279296875,0.74005126953125,-0.0263671875,0.989990234375,0.12060546875
0.0,1.86920166015625,-0.7476806640625,0.86212158203125,-0.027099609375,0.996337890625,0.122314453125
0.0,1.74713134765625,-0.77056884765625,0.732421875,-0.0263671875,0.989990234375,0.12109375
0.0,1.74713134765625,-0.70953369140625,0.7171630859375,-0.02880859375,0.992431640625,0.120361328125
0.0,1.6937255859375,-0.823974609375,0.457763671875,-0.029541015625,0.988525390625,0.121337890625
0.0,1.739501953125,-0.78582763671875,0.3662109375,-0.027587890625,0.98876953125,0.120849609375
0.0,1.70135498046875,-0.8544921875,0.35858154296875,-0.028076171875,0.994384765625,0.122314453125
0.0,1.678466796875,-0.8544921875,0.38909912109375,-0.026611328125,0.9892578125,0.11962890625
0.0,1.708984375,-0.9002685546875,0.19073486328125,-0.029052734375,0.996826171875,0.122802734375
0.0,1.617431640625,-0.8544921875,0.18310546875,-0.025634765625,0.991943359375,0.1220703125
0.0,1.62506103515625,-0.885009765625,0.0762939453125,-0.032958984375,0.99365234375,0.12158203125
0.0,1.57928466796875,-1.06048583984375,0.02288818359375,-0.0283203125,0.994384765625,0.121826171875
0.0,1.617431640625,-1.007080078125,0.30517578125,-0.02685546875,0.991455078125,0.12109375
0.0,1.51824951171875,-0.946044921875,-0.0152587890625,-0.025634765625,1.0009765625,0.120361328125
0.0,1.4801025390625,-1.0223388671875,0.14495849609375,-0.03271484375,0.99267578125,0.1240234375
0.0,1.5716552734375,-1.15203857421875,-0.152587890625,-0.03125,0.99169921875,0.1220703125
0.0,1.59454345703125,-1.10626220703125,0.14495849609375,-0.0234375,0.99267578125,0.122314453125
0.0,1.45721435546875,-1.04522705078125,0.091552734375,-0.02978515625,0.99365234375,0.119873046875
0.0,1.54876708984375,-1.15203857421875,-0.06103515625,-0.032958984375,0.988525390625,0.1201171875
0.0,1.6326904296875,-1.19781494140625,0.09918212890625,-0.0244140625,0.98974609375,0.121337890625
0.0,1.5411376953125,-1.190185546875,0.28228759765625,-0.029296875,0.986572265625,0.12158203125
0.0,1.60980224609375,-1.220703125,0.28228759765625,-0.0341796875,0.991943359375,0.12255859375
0.0,1.57928466796875,-1.28936767578125,0.14495849609375,-0.03076171875,0.99365234375,0.12109375
0.0,1.52587890625,-1.28936767578125,0.38909912109375,-0.025390625,0.991455078125,0.120361328125
0.0,1.62506103515625,-1.220703125,0.6866455078125,-0.030517578125,0.9921875,0.12158203125
0.0,1.62506103515625,-1.4190673828125,0.518798828125,-0.032470703125,0.990234375,0.121826171875
0.0,1.67083740234375,-1.33514404296875,0.61798095703125,-0.027587890625,0.989990234375,0.12255859375
0.0,1.67083740234375,-1.33514404296875,0.55694580078125,-0.030517578125,0.994384765625,0.12353515625
0.0,1.6632080078125,-1.3885498046875,0.7171630859375,-0.02685546875,0.9912109375,0.122314453125
0.0,1.6937255859375,-1.4190673828125,0.9613037109375,-0.029296875,0.9912109375,0.121337890625
0.0,1.7547607421875,-1.44195556640625,0.90789794921875,-0.031982421875,0.988525390625,0.121337890625
0.0,1.74713134765625,-1.48773193359375,0.8392333984375,-0.030517578125,0.992431640625,0.12255859375
0.0,1.71661376953125,-1.48773193359375,1.07574462890625,-0.02734375,0.992431640625,0.120849609375
0.0,1.8157958984375,-1.495361328125,1.2664794921875,-0.030029296875,0.9833984375,0.121826171875
0.0,1.8157958984375,-1.52587890625,1.1749267578125,-0.03076171875,0.994140625,0.123046875
0.0,1.85394287109375,-1.52587890625,1.220703125,-0.028564453125,0.98681640625,0.1201171875
0.0,1.96075439453125,-1.5411376953125,1.38092041015625,-0.0283203125,0.988525390625,0.121826171875
0.0,1.89971923828125,-1.5716552734375,1.40380859375,-0.03125,0.991943359375,0.12255859375
0.0,1.89208984375,-1.64031982421875,1.36566162109375,-0.030029296875,0.990234375,0.123291015625
0.0,1.922607421875,-1.67083740234375,1.28936767578125,-0.02685546875,0.9921875,0.12109375
0.0,2.0294189453125,-1.617431640625,1.25885009765625,-0.025390625,0.99169921875,0.121337890625
0.0,2.0599365234375,-1.6021728515625,1.3885498046875,-0.03076171875,0.99072265625,0.1240234375
0.0,2.0599365234375,-1.74713134765625,1.0986328125,-0.02978515625,0.990234375,0.120361328125
0.0,2.11334228515625,-1.678466796875,1.251220703125,-0.02734375,0.990478515625,0.122802734375
0.0,2.0904541015625,-1.6937255859375,1.28936767578125,-0.028076171875,0.99169921875,0.122802734375
0.0,2.14385986328125,-1.7242431640625,1.22833251953125,-0.02880859375,0.991455078125,0.121337890625
0.0,2.11334228515625,-1.708984375,1.1444091796875,-0.028076171875,0.990966796875,0.123779296875
0.0,2.1209716796875,-1.73187255859375,1.02996826171875,-0.028076171875,0.991455078125,0.121826171875
0.0,2.1820068359375,-1.7852783203125,0.9765625,-0.02978515625,0.990966796875,0.11962890625
0.0,2.20489501953125,-1.74713134765625,0.87738037109375,-0.023193359375,0.990478515625,0.119873046875
0.0,2.15911865234375,-1.77764892578125,1.01470947265625,-0.033447265625,0.9873046875,0.1240234375
0.0,2.2430419921875,-1.8157958984375,0.579833984375,-0.02685546875,0.988037109375,0.120849609375
0.0,2.28118896484375,-1.82342529296875,0.7476806640625,-0.02490234375,0.989013671875,0.121826171875
0.0,2.2430419921875,-1.79290771484375,0.69427490234375,-0.025634765625,0.9921875,0.12109375
0.0,2.29644775390625,-1.80816650390625,0.4730224609375,-0.027587890625,0.99169921875,0.120849609375
0.0,2.31170654296875,-1.8463134765625,0.5340576171875,-0.0302734375,0.993408203125,0.121337890625
0.0,2.227783203125,-1.861572265625,0.152587890625,-0.031005859375,0.990966796875,0.122314453125
0.0,2.2735595703125,-1.89208984375,0.25177001953125,-0.025390625,0.994140625,0.12158203125
0.0,2.29644775390625,-1.8768310546875,0.37384033203125,-0.026611328125,0.990966796875,0.119140625
0.0,2.26593017578125,-1.89208984375,0.3814697265625,-0.031005859375,0.998779296875,0.123291015625
0.0,2.166748046875,-1.922607421875,-0.09918212890625,-0.02978515625,0.98779296875,0.12158203125
0.0,2.3040771484375,-1.8768310546875,-0.18310546875,-0.02490234375,0.985107421875,0.119873046875
0.0,2.3956298828125,-1.922607421875,0.14495849609375,-0.023681640625,0.994384765625,0.123046875
0.0,2.25830078125,-1.89971923828125,0.23651123046875,-0.032470703125,0.994140625,0.11865234375
0.0,2.23541259765625,-1.953125,-0.30517578125,-0.034423828125,0.99072265625,0.11962890625
0.0,2.28118896484375,-1.9683837890625,-0.396728515625,-0.020263671875,0.986328125,0.11962890625
0.0,2.38037109375,-1.922607421875,0.38909912109375,-0.024169921875,0.99755859375,0.12255859375
0.0,2.18963623046875,-2.01416015625,0.18310546875,-0.034912109375,0.989990234375,0.12060546875
0.0,2.2735595703125,-2.03704833984375,-0.41961669921875,-0.032470703125,0.99267578125,0.12060546875
0.0,2.25067138671875,-1.9378662109375,-0.14495849609375,-0.025390625,0.99755859375,0.12353515625
0.0,2.14385986328125,-1.99127197265625,-0.14495849609375,-0.025634765625,0.990966796875,0.121337890625
0.0,2.13623046875,-2.03704833984375,0.2593994140625,-0.030517578125,0.992431640625,0.12255859375
0.0,2.14385986328125,-2.0751953125,0.05340576171875,-0.033447265625,0.989990234375,0.11962890625
0.0,2.166748046875,-2.08282470703125,0.0152587890625,-0.0283203125,0.994140625,0.121337890625
0.0,2.08282470703125,-2.0294189453125,0.244140625,-0.023193359375,0.9931640625,0.118896484375
0.0,2.20489501953125,-2.105712890625,0.335693359375,-0.0322265625,0.990478515625,0.121337890625
0.0,2.08282470703125,-2.11334228515625,0.1983642578125,-0.02978515625,0.995849609375,0.12255859375
0.0,1.983642578125,-2.0751953125,0.335693359375,-0.02880859375,0.994140625,0.118408203125
0.0,2.0751953125,-2.12860107421875,0.4119873046875,-0.029296875,0.989501953125,0.119140625
0.0,2.0904541015625,-2.13623046875,0.55694580078125,-0.027099609375,0.99267578125,0.12255859375
0.0,2.01416015625,-2.166748046875,0.67138671875,-0.0302734375,0.99072265625,0.121337890625
0.0,2.02178955078125,-2.1209716796875,0.64849853515625,-0.030029296875,0.99267578125,0.119384765625
0.0,1.9989013671875,-2.1514892578125,0.69427490234375,-0.02978515625,0.990478515625,0.12158203125
0.0,2.0294189453125,-2.18963623046875,0.67138671875,-0.029296875,0.995849609375,0.120361328125
0.0,1.983642578125,-2.17437744140625,0.80108642578125,-0.029052734375,0.9912109375,0.119873046875
0.0,1.983642578125,-2.15911865234375,1.02996826171875,-0.029541015625,0.99267578125,0.1220703125
0.0,2.0294189453125,-2.2125244140625,0.946044921875,-0.031005859375,0.988525390625,0.120849609375
0.0,1.9989013671875,-2.20489501953125,0.9613037109375,-0.0283203125,0.995361328125,0.12060546875
0.0,1.94549560546875,-2.197265625,0.92315673828125,-0.02978515625,0.99560546875,0.12109375
0.0,2.01416015625,-2.25830078125,0.9002685546875,-0.029541015625,0.99267578125,0.12060546875
0.0,2.00653076171875,-2.20489501953125,1.0986328125,-0.0224609375,0.992431640625,0.123046875
0.0,1.93023681640625,-2.22015380859375,1.18255615234375,-0.030517578125,0.990478515625,0.121337890625
0.0,2.00653076171875,-2.25830078125,0.91552734375,-0.0322265625,0.99072265625,0.119140625
0.0,2.00653076171875,-2.25830078125,0.72479248046875,-0.024169921875,0.99267578125,0.12255859375
0.0,2.02178955078125,-2.23541259765625,0.96893310546875,-0.027587890625,0.989990234375,0.12109375
0.0,2.0751953125,-2.25067138671875,1.02996826171875,-0.026611328125,0.9892578125,0.12158203125
0.0,2.00653076171875,-2.288818359375,1.04522705078125,-0.029296875,0.99267578125,0.121337890625
0.0,2.01416015625,-2.2735595703125,0.77056884765625,-0.034423828125,0.99267578125,0.1201171875
0.0,2.0294189453125,-2.2735595703125,0.48065185546875,-0.023193359375,0.986572265625,0.1220703125
0.0,2.0751953125,-2.227783203125,0.9918212890625,-0.024169921875,0.98974609375,0.12158203125
0.0,2.15911865234375,-2.26593017578125,0.81634521484375,-0.030517578125,0.991455078125,0.12060546875
0.0,2.13623046875,-2.26593017578125,0.4730224609375,-0.027587890625,0.9892578125,0.12255859375
0.0,2.17437744140625,-2.20489501953125,0.43487548828125,-0.027587890625,0.9931640625,0.119873046875
0.0,2.18963623046875,-2.2125244140625,0.3204345703125,-0.026611328125,0.994384765625,0.1220703125
0.0,2.166748046875,-2.288818359375,0.3204345703125,-0.026123046875,0.9892578125,0.123046875
0.0,2.20489501953125,-2.288818359375,0.28228759765625,-0.02734375,0.98974609375,0.11962890625
0.0,2.2430419921875,-2.197265625,0.17547607421875,-0.027099609375,0.990966796875,0.12451171875
0.0,2.2430419921875,-2.227783203125,0.08392333984375,-0.0302734375,0.990234375,0.121337890625
0.0,2.349853515625,-2.29644775390625,-0.06103515625,-0.0302734375,0.989990234375,0.118896484375
0.0,2.3040771484375,-2.2430419921875,-0.20599365234375,-0.022705078125,0.99267578125,0.123291015625
0.0,2.3193359375,-2.197265625,0.08392333984375,-0.028564453125,0.988525390625,0.12109375
0.0,2.46429443359375,-2.197265625,-0.23651123046875,-0.0283203125,0.9873046875,0.12158203125
0.0,2.38800048828125,-2.23541259765625,-0.22125244140625,-0.03125,0.9892578125,0.12353515625
0.0,2.4261474609375,-2.37274169921875,-0.2593994140625,-0.027587890625,0.99072265625,0.121337890625
0.0,2.5634765625,-2.13623046875,-0.29754638671875,-0.023681640625,0.9892578125,0.119140625
0.0,2.58636474609375,-2.18963623046875,-0.14495849609375,-0.030517578125,0.992431640625,0.123291015625
0.0,2.43377685546875,-2.2430419921875,-0.396728515625,-0.028076171875,0.991455078125,0.122314453125
0.0,2.532958984375,-2.20489501953125,-0.54931640625,-0.031005859375,0.989501953125,0.12109375
0.0,2.57110595703125,-2.20489501953125,-0.37384033203125,-0.024658203125,0.988525390625,0.12060546875
0.0,2.60162353515625,-2.1514892578125,-0.20599365234375,-0.029541015625,0.991943359375,0.121826171875
0.0,2.67791748046875,-2.2430419921875,-0.30517578125,-0.031005859375,0.992431640625,0.121337890625
0.0,2.685546875,-2.22015380859375,-0.335693359375,-0.029541015625,0.98876953125,0.121826171875
0.0,2.685546875,-2.23541259765625,-0.32806396484375,-0.027099609375,0.993896484375,0.122802734375
0.0,2.6702880859375,-2.2125244140625,-0.25177001953125,-0.027099609375,0.9873046875,0.120361328125
0.0,2.8228759765625,-2.197265625,-0.06103515625,-0.02978515625,0.991455078125,0.12060546875
0.0,2.74658203125,-2.20489501953125,-0.19073486328125,-0.02978515625,0.991943359375,0.122802734375
0.0,2.7618408203125,-2.20489501953125,-0.0762939453125,-0.029541015625,0.989990234375,0.121826171875
0.0,2.7313232421875,-2.25067138671875,-0.05340576171875,-0.030029296875,0.989501953125,0.12109375
0.0,2.7618408203125,-2.2430419921875,-0.06866455078125,-0.026611328125,0.9931640625,0.119873046875
0.0,2.7923583984375,-2.197265625,0.152587890625,-0.028564453125,0.993896484375,0.121337890625
0.0,2.81524658203125,-2.20489501953125,0.152587890625,-0.0302734375,0.98779296875,0.1220703125
0.0,2.83050537109375,-2.2430419921875,0.26702880859375,-0.02978515625,0.991943359375,0.12109375
0.0,2.7618408203125,-2.22015380859375,0.22125244140625,-0.02880859375,0.994384765625,0.12109375
0.0,2.838134765625,-2.197265625,0.3204345703125,-0.0302734375,0.989990234375,0.120361328125
0.0,2.83050537109375,-2.22015380859375,0.335693359375,-0.027587890625,0.991943359375,0.12109375
0.0,2.838134765625,-2.2125244140625,0.67901611328125,-0.02490234375,0.99169921875,0.122802734375
0.0,2.78472900390625,-2.23541259765625,0.46539306640625,-0.032958984375,0.995361328125,0.119873046875
0.0,2.78472900390625,-2.227783203125,0.32806396484375,-0.025146484375,0.99169921875,0.119873046875
0.0,2.777099609375,-2.17437744140625,0.7171630859375,-0.024658203125,0.99169921875,0.122802734375
0.0,2.78472900390625,-2.2125244140625,0.823974609375,-0.029052734375,0.9912109375,0.11962890625
0.0,2.7313232421875,-2.227783203125,0.6561279296875,-0.030029296875,0.9912109375,0.120361328125
0.0,2.777099609375,-2.17437744140625,0.5645751953125,-0.03076171875,0.991455078125,0.120361328125
0.0,2.7618408203125,-2.1820068359375,0.41961669921875,-0.025146484375,0.99658203125,0.1220703125
0.0,2.6702880859375,-2.1820068359375,0.75531005859375,-0.02734375,0.988525390625,0.120361328125
0.0,2.72369384765625,-2.23541259765625,0.77056884765625,-0.0302734375,0.992919921875,0.119873046875
0.0,2.7313232421875,-2.227783203125,0.54931640625,-0.026611328125,0.994384765625,0.1201171875
0.0,2.67791748046875,-2.15911865234375,0.6256103515625,-0.026123046875,0.991455078125,0.1220703125
0.0,2.6397705078125,-2.12860107421875,0.57220458984375,-0.02978515625,0.989013671875,0.121826171875
0.0,2.6702880859375,-2.18963623046875,0.457763671875,-0.02880859375,0.994384765625,0.1201171875
0.0,2.593994140625,-2.13623046875,0.579833984375,-0.0263671875,1.00048828125,0.12109375
0.0,2.5634765625,-2.12860107421875,0.396728515625,-0.029296875,0.987548828125,0.119384765625
0.0,2.6092529296875,-2.20489501953125,0.22125244140625,-0.030029296875,0.990234375,0.120849609375
0.0,2.62451171875,-2.166748046875,0.213623046875,-0.025146484375,0.994873046875,0.12158203125
0.0,2.5482177734375,-2.13623046875,0.2899169921875,-0.025390625,0.9912109375,0.12109375
0.0,2.50244140625,-2.17437744140625,0.152587890625,-0.02978515625,0.990478515625,0.1220703125
0.0,2.49481201171875,-2.1209716796875,-0.22125244140625,-0.02685546875,0.9931640625,0.119384765625
0.0,2.58636474609375,-2.0904541015625,-0.05340576171875,-0.026611328125,0.992431640625,0.121826171875
0.0,2.51007080078125,-2.1820068359375,0.06103515625,-0.02734375,0.99560546875,0.120849609375
0.0,2.5177001953125,-2.0751953125,-0.17547607421875,-0.029296875,0.98974609375,0.11962890625
0.0,2.4566650390625,-2.08282470703125,-0.30517578125,-0.030029296875,0.99072265625,0.122802734375
0.0,2.47955322265625,-2.1514892578125,-0.34332275390625,-0.02587890625,0.99365234375,0.12060546875
0.0,2.49481201171875,-2.08282470703125,-0.29754638671875,-0.02490234375,0.990966796875,0.119873046875
0.0,2.54058837890625,-2.0599365234375,-0.23651123046875,-0.02783203125,0.98974609375,0.1220703125
0.0,2.54058837890625,-2.0294189453125,-0.48065185546875,-0.0302734375,0.9951171875,0.120849609375
0.0,2.51007080078125,-2.0904541015625,-0.5950927734375,-0.029296875,0.989013671875,0.122802734375
0.0,2.61688232421875,-2.08282470703125,-0.5035400390625,-0.024658203125,0.9912109375,0.121337890625
0.0,2.593994140625,-2.044677734375,-0.51116943359375,-0.027099609375,0.994140625,0.120361328125
0.0,2.52532958984375,-1.97601318359375,-0.48065185546875,-0.026611328125,0.99169921875,0.12255859375
0.0,2.5482177734375,-2.0294189453125,-0.54168701171875,-0.03271484375,0.9892578125,0.120361328125
0.0,2.716064453125,-2.11334228515625,-0.762939453125,-0.02783203125,0.989501953125,0.1201171875
0.0,2.6397705078125,-1.97601318359375,-0.5645751953125,-0.023193359375,0.992919921875,0.121826171875
0.0,2.655029296875,-1.97601318359375,-0.335693359375,-0.033935546875,0.991455078125,0.12158203125
0.0,2.6702880859375,-2.06756591796875,-0.64849853515625,-0.029052734375,0.9892578125,0.12158203125
0.0,2.7008056640625,-2.02178955078125,-0.54168701171875,-0.02490234375,0.98779296875,0.121826171875
0.0,2.716064453125,-1.99127197265625,-0.30517578125,-0.031005859375,0.994384765625,0.12158203125
0.0,2.76947021484375,-1.9989013671875,-0.43487548828125,-0.028076171875,0.990966796875,0.121337890625
0.0,2.73895263671875,-1.9989013671875,-0.1983642578125,-0.026611328125,0.988525390625,0.122314453125
0.0,2.79998779296875,-1.983642578125,-0.22125244140625,-0.030517578125,0.9912109375,0.120849609375
0.0,2.7923583984375,-1.9683837890625,-0.43487548828125,-0.0283203125,0.992431640625,0.121826171875
0.0,2.777099609375,-1.9683837890625,-0.8544921875,-0.0302734375,1.0078125,0.120849609375
0.0,2.61688232421875,-1.96075439453125,-1.22833251953125,-0.030029296875,1.008544921875,0.119384765625
0.0,2.28118896484375,-2.0599365234375,-2.02178955078125,-0.038818359375,1.01611328125,0.119140625
0.0,2.00653076171875,-2.31170654296875,-3.173828125,-0.04736328125,1.031982421875,0.114013671875
0.0,1.1444091796875,-2.43377685546875,-5.279541015625,-0.046630859375,1.062744140625,0.111572265625
0.0,0.09918212890625,-2.57110595703125,-6.43157958984375,-0.039794921875,1.057373046875,0.114013671875
0.0,-1.0833740234375,-2.64739990234375,-7.88116455078125,-0.032470703125,1.049072265625,0.1142578125
0.0,-2.31170654296875,-2.83050537109375,-9.36126708984375,-0.037353515625,1.052978515625,0.1162109375
0.0,-3.83758544921875,-2.9296875,-11.0321044921875,-0.0322265625,1.0498046875,0.11474609375
0.0,-5.3558349609375,-2.6092529296875,-13.09967041015625,-0.029052734375,1.0380859375,0.1123046875
0.0,-6.58416748046875,-2.64739990234375,-14.15252685546875,-0.029052734375,1.021728515625,0.11376953125
0.0,-7.92694091796875,-2.81524658203125,-15.1214599609375,-0.029052734375,1.02783203125,0.115234375
0.0,-8.97979736328125,-2.60162353515625,-15.380859375,-0.04248046875,0.986328125,0.11083984375
0.0,-9.185791015625,-2.84576416015625,-16.04461669921875,-0.05908203125,0.98681640625,0.116943359375
0.0,-9.674072265625,-3.082275390625,-17.1661376953125,-0.0595703125,0.987548828125,0.12255859375
0.0,-10.0860595703125,-3.204345703125,-16.998291015625,-0.042236328125,0.98046875,0.119384765625
0.0,-9.9029541015625,-3.1280517578125,-14.99176025390625,-0.049072265625,0.996337890625,0.1318359375
0.0,-9.68170166015625,-3.326416015625,-14.03045654296875,-0.062255859375,1.007568359375,0.134765625
0.0,-9.02557373046875,-3.28826904296875,-12.02392578125,-0.042236328125,0.985107421875,0.137939453125
0.0,-8.575439453125,-3.326416015625,-10.31494140625,-0.057373046875,1.0029296875,0.14208984375
0.0,-7.7362060546875,-3.3416748046875,-8.3770751953125,-0.06005859375,1.006591796875,0.14208984375
0.0,-6.98089599609375,-3.448486328125,-5.56182861328125,-0.06201171875,0.987060546875,0.145263671875
0.0,-6.34765625,-3.570556640625,-3.8909912109375,-0.0615234375,0.9521484375,0.1416015625
0.0,-5.28717041015625,-3.5400390625,-1.15203857421875,-0.07373046875,0.94140625,0.144287109375
0.0,-4.150390625,-3.9520263671875,0.152587890625,-0.07861328125,0.927978515625,0.143310546875
0.0,-3.13568115234375,-3.92913818359375,2.14385986328125,-0.05810546875,0.900146484375,0.142578125
0.0,-1.94549560546875,-3.92913818359375,4.72259521484375,-0.072265625,0.901611328125,0.14599609375
0.0,-0.9307861328125,-4.150390625,5.21087646484375,-0.075439453125,0.916259765625,0.143798828125
0.0,-0.14495849609375,-4.3487548828125,6.01959228515625,-0.0810546875,0.9326171875,0.1484375
0.0,0.46539306640625,-4.63104248046875,6.56890869140625,-0.0732421875,0.945068359375,0.14794921875
0.0,0.823974609375,-4.69207763671875,6.683349609375,-0.078857421875,0.973388671875,0.15478515625
0.0,0.823974609375,-4.9285888671875,6.683349609375,-0.068603515625,0.97412109375,0.15185546875
0.0,1.3427734375,-5.11932373046875,7.56072998046875,-0.078857421875,0.98876953125,0.15966796875
0.0,1.251220703125,-5.56182861328125,7.01141357421875,-0.068603515625,0.983642578125,0.16064453125
0.0,2.08282470703125,-5.33294677734375,8.49151611328125,-0.0498046875,0.943115234375,0.1611328125
0.0,3.1280517578125,-5.3558349609375,9.2926025390625,-0.05126953125,0.948486328125,0.1708984375
0.0,3.56292724609375,-5.126953125,9.68170166015625,-0.03564453125,0.940673828125,0.1728515625
0.0,4.608154296875,-4.73785400390625,11.932373046875,-0.036376953125,0.94140625,0.177734375
0.0,5.523681640625,-4.47845458984375,12.4359130859375,-0.033935546875,0.913330078125,0.17041015625
0.0,6.90460205078125,-4.150390625,14.09149169921875,-0.03759765625,0.92333984375,0.173095703125
0.0,8.056640625,-4.0130615234375,15.1519775390625,-0.052978515625,0.9619140625,0.169677734375
0.0,8.73565673828125,-4.17327880859375,14.6331787109375,-0.054443359375,0.947509765625,0.161376953125
0.0,10.04791259765625,-4.03594970703125,15.777587890625,-0.029541015625,0.955810546875,0.164306640625
0.0,10.82611083984375,-3.9520263671875,16.5863037109375,-0.03076171875,0.94091796875,0.161865234375
0.0,11.95526123046875,-4.11224365234375,16.937255859375,-0.04052734375,0.930908203125,0.156005859375
0.0,13.1378173828125,-3.77655029296875,16.265869140625,-0.027099609375,0.94091796875,0.155517578125
0.0,13.93890380859375,-3.76129150390625,15.56396484375,-0.032958984375,0.927978515625,0.149169921875
0.0,15.31219482421875,-3.92913818359375,16.07513427734375,-0.014404296875,0.929443359375,0.14794921875
0.0,16.22772216796875,-3.48663330078125,15.51055908203125,-0.009033203125,0.94921875,0.142822265625
0.0,17.03643798828125,-3.62396240234375,15.37322998046875,-0.031005859375,0.9375,0.145751953125
0.0,17.90618896484375,-3.60107421875,14.12200927734375,-0.014404296875,0.955078125,0.140380859375
0.0,18.49365234375,-3.41796875,12.76397705078125,-0.0166015625,0.95361328125,0.13818359375
0.0,18.98193359375,-3.57818603515625,12.20703125,-0.010009765625,0.96875,0.137451171875
0.0,19.43206787109375,-3.37982177734375,10.6201171875,-0.008056640625,0.989990234375,0.132080078125
0.0,19.92034912109375,-3.41796875,9.43756103515625,-0.00732421875,0.97705078125,0.12890625
0.0,19.8974609375,-3.23486328125,7.9803466796875,-0.0068359375,0.99169921875,0.130126953125
0.0,19.96612548828125,-3.2501220703125,5.89752197265625,-0.011474609375,0.986328125,0.122802734375
0.0,20.2178955078125,-3.13568115234375,4.73785400390625,0.0029296875,0.995849609375,0.122314453125
0.0,19.989013671875,-3.0517578125,3.204345703125,0.0,1.002197265625,0.119384765625
0.0,19.98138427734375,-3.0364990234375,1.79290771484375,0.002197265625,0.98779296875,0.111083984375
0.0,19.61517333984375,-2.74658203125,0.06103515625,0.000244140625,1.0166015625,0.112548828125
0.0,19.1650390625,-2.73895263671875,-1.89208984375,-0.011474609375,1.012451171875,0.107666015625
0.0,18.60809326171875,-2.7008056640625,-3.6773681640625,-0.0048828125,1.019775390625,0.106201171875
0.0,17.852783203125,-2.655029296875,-5.06591796875,-0.005859375,1.02294921875,0.10302734375
0.0,17.1661376953125,-2.6397705078125,-6.2713623046875,-0.01220703125,1.028564453125,0.1005859375
0.0,16.2353515625,-2.593994140625,-8.1787109375,-0.00927734375,1.0302734375,0.097900390625
0.0,15.31982421875,-2.51007080078125,-9.39178466796875,-0.009521484375,1.0341796875,0.0966796875
0.0,14.35089111328125,-2.593994140625,-10.4522705078125,-0.007080078125,1.035888671875,0.095458984375
0.0,13.29803466796875,-2.47955322265625,-11.4898681640625,-0.01318359375,1.04150390625,0.092041015625
0.0,12.26806640625,-2.3956298828125,-12.51983642578125,-0.01953125,1.051513671875,0.0927734375
0.0,11.10076904296875,-2.4261474609375,-13.6260986328125,-0.019287109375,1.0576171875,0.08984375
0.0,10.5133056640625,-2.29644775390625,-14.2059326171875,-0.019287109375,1.048828125,0.093994140625
0.0,9.1400146484375,-2.5787353515625,-14.88494873046875,-0.025390625,1.0576171875,0.095703125
0.0,7.86590576171875,-3.04412841796875,-13.34381103515625,-0.026611328125,1.056884765625,0.087646484375
0.0,6.622314453125,-3.1890869140625,-12.44354248046875,-0.03466796875,1.052490234375,0.08154296875
0.0,5.5694580078125,-3.692626953125,-12.5732421875,-0.046630859375,1.0400390625,0.090087890625
0.0,4.52423095703125,-4.1961669921875,-11.993408203125,-0.032958984375,1.034912109375,0.090576171875
0.0,4.0283203125,-4.61578369140625,-10.49041748046875,-0.0361328125,1.023681640625,0.08544921875
0.0,4.058837890625,-5.36346435546875,-10.6658935546875,-0.05126953125,1.016357421875,0.08984375
0.0,3.83758544921875,-5.71441650390625,-10.97869873046875,-0.0302734375,1.0107421875,0.092041015625
0.0,3.66973876953125,-5.6304931640625,-10.94818115234375,-0.033447265625,0.991943359375,0.09521484375
0.0,3.63922119140625,-5.9356689453125,-11.65008544921875,-0.03564453125,0.990966796875,0.09716796875
0.0,3.662109375,-5.91278076171875,-11.8255615234375,-0.0302734375,0.993408203125,0.103271484375
0.0,4.0740966796875,-5.83648681640625,-11.7645263671875,-0.040283203125,0.96484375,0.099853515625
0.0,4.75311279296875,-5.91278076171875,-12.76397705078125,-0.044921875,0.9501953125,0.09619140625
0.0,5.74493408203125,-5.82122802734375,-14.2974853515625,-0.039794921875,0.93701171875,0.1015625
0.0,7.1868896484375,-5.66864013671875,-16.0369873046875,-0.048828125,0.917236328125,0.096435546875
0.0,8.9569091796875,-5.66864013671875,-18.524169921875,-0.0517578125,0.911865234375,0.0888671875
0.0,11.26861572265625,-5.6304931640625,-20.89691162109375,-0.04150390625,0.888427734375,0.084228515625
0.0,13.48876953125,-5.39398193359375,-22.04132080078125,-0.045654296875,0.892578125,0.08642578125
0.0,15.5792236328125,-5.51605224609375,-23.13232421875,-0.06005859375,0.898681640625,0.087890625
0.0,17.32635498046875,-5.5389404296875,-24.7650146484375,-0.0654296875,0.888916015625,0.079833984375
0.0,19.18792724609375,-5.59234619140625,-25.45928955078125,-0.0732421875,0.9140625,0.07763671875
0.0,20.3857421875,-5.9051513671875,-25.4974365234375,-0.078857421875,0.93212890625,0.074462890625
0.0,21.46148681640625,-6.08062744140625,-23.9105224609375,-0.070068359375,0.94775390625,0.076171875
0.0,21.575927734375,-6.378173828125,-21.881103515625,-0.083251953125,0.982177734375,0.07275390625
0.0,21.33941650390625,-6.6680908203125,-19.35577392578125,-0.08984375,1.013671875,0.06591796875
0.0,20.4620361328125,-6.98089599609375,-16.62445068359375,-0.09130859375,1.0380859375,0.06787109375
0.0,18.98956298828125,-7.3089599609375,-11.83319091796875,-0.09228515625,1.083251953125,0.063232421875
0.0,17.364501953125,-7.8887939453125,-7.171630859375,-0.109375,1.0947265625,0.058837890625
0.0,15.25115966796875,-8.27789306640625,-2.66265869140625,-0.10302734375,1.113037109375,0.05615234375
0.0,12.8173828125,-8.7432861328125,2.3956298828125,-0.113525390625,1.128173828125,0.059326171875
0.0,10.162353515625,-9.20867919921875,7.43865966796875,-0.099609375,1.147705078125,0.052978515625
0.0,7.49969482421875,-9.34600830078125,11.92474365234375,-0.103515625,1.13232421875,0.05322265625
0.0,4.92095947265625,-9.70458984375,16.143798828125,-0.095947265625,1.118896484375,0.048583984375
0.0,2.55584716796875,-9.765625,20.21026611328125,-0.090576171875,1.095458984375,0.048095703125
0.0,1.0528564453125,-9.8114013671875,22.60589599609375,-0.09521484375,1.07177734375,0.04736328125
0.0,-0.3814697265625,-9.83428955078125,24.0020751953125,-0.084228515625,1.03759765625,0.044921875
0.0,-1.07574462890625,-9.674072265625,24.39117431640625,-0.08740234375,1.009521484375,0.046875
0.0,-1.31988525390625,-9.54437255859375,23.46038818359375,-0.061767578125,0.990478515625,0.047607421875
0.0,-1.09100341796875,-8.758544921875,22.86529541015625,-0.059814453125,0.955322265625,0.044677734375
0.0,-0.48828125,-8.5601806640625,19.744873046875,-0.07373046875,0.942626953125,0.047119140625
0.0,0.762939453125,-7.74383544921875,16.07513427734375,-0.046142578125,0.918212890625,0.050048828125
0.0,2.685546875,-7.01141357421875,11.3067626953125,-0.05322265625,0.911865234375,0.056640625
0.0,5.01251220703125,-6.27899169921875,6.5155029296875,-0.047119140625,0.86328125,0.047119140625
0.0,8.11767578125,-5.56182861328125,0.02288818359375,-0.057861328125,0.875244140625,0.052978515625
0.0,11.08551025390625,-4.79888916015625,-6.6986083984375,-0.04443359375,0.8603515625,0.05029296875
0.0,14.47296142578125,-3.8604736328125,-12.5885009765625,-0.0458984375,0.853759765625,0.05322265625
0.0,17.31109619140625,-3.07464599609375,-18.951416015625,-0.030029296875,0.858154296875,0.048828125
0.0,20.54595947265625,-2.17437744140625,-23.8494873046875,-0.051025390625,0.864501953125,0.049560546875
0.0,23.2391357421875,-1.7547607421875,-29.51812744140625,-0.063720703125,0.867431640625,0.04736328125
0.0,25.909423828125,-1.19781494140625,-33.40911865234375,-0.063720703125,0.85791015625,0.03759765625
0.0,28.14483642578125,-1.0833740234375,-35.80474853515625,-0.08154296875,0.894775390625,0.04345703125
0.0,29.64019775390625,-1.1444091796875,-38.12408447265625,-0.083251953125,0.92333984375,0.032958984375
0.0,30.83038330078125,-0.84686279296875,-38.61236572265625,-0.088623046875,0.9501953125,0.02978515625
0.0,30.73883056640625,-1.0833740234375,-37.68157958984375,-0.103271484375,1.01171875,0.027099609375
0.0,30.17425537109375,-1.68609619140625,-35.125732421875,-0.105712890625,1.05712890625,0.024658203125
0.0,28.61785888671875,-1.80816650390625,-31.24237060546875,-0.1142578125,1.0986328125,0.02197265625
0.0,26.4434814453125,-2.25830078125,-26.67236328125,-0.130126953125,1.134765625,0.019287109375
0.0,23.01025390625,-3.05938720703125,-20.68328857421875,-0.12451171875,1.1845703125,0.01220703125
0.0,19.70672607421875,-3.6163330078125,-13.45062255859375,-0.133056640625,1.177734375,0.005126953125
0.0,16.04461669921875,-4.41741943359375,-6.26373291015625,-0.140380859375,1.174560546875,0.004638671875
0.0,12.07733154296875,-5.18798828125,0.23651123046875,-0.14208984375,1.163330078125,0.000244140625
0.0,8.44573974609375,-6.011962890625,7.27081298828125,-0.15771484375,1.13525390625,-0.006591796875
0.0,5.279541015625,-6.99615478515625,13.37432861328125,-0.144287109375,1.113525390625,-0.01318359375
0.0,1.91497802734375,-7.72857666015625,19.24896240234375,-0.13818359375,1.095947265625,-0.014892578125
0.0,-0.99945068359375,-8.30841064453125,24.42169189453125,-0.126953125,1.08154296875,-0.015380859375
0.0,-3.89862060546875,-8.72039794921875,29.0679931640625,-0.1171875,1.08203125,-0.017333984375
0.0,-6.52313232421875,-9.002685546875,32.60040283203125,-0.117431640625,1.05029296875,-0.015625
0.0,-9.91058349609375,-8.91876220703125,35.8734130859375,-0.113525390625,1.04052734375,-0.01708984375
0.0,-11.46697998046875,-8.87298583984375,36.41510009765625,-0.112548828125,1.047607421875,-0.013916015625
0.0,-12.0849609375,-8.58306884765625,35.88104248046875,-0.09521484375,1.02001953125,-0.009033203125
0.0,-12.27569580078125,-7.77435302734375,33.660888671875,-0.087646484375,1.00927734375,-0.011962890625
0.0,-11.34490966796875,-7.04193115234375,29.04510498046875,-0.09765625,1.02392578125,-0.006591796875
0.0,-10.2081298828125,-6.35528564453125,22.71270751953125,-0.07421875,0.972412109375,-0.00830078125
0.0,-7.77435302734375,-5.0506591796875,16.41082763671875,-0.067626953125,0.961669921875,0.0048828125
0.0,-5.2032470703125,-4.15802001953125,7.62939453125,-0.065185546875,0.9189453125,0.003173828125
0.0,-1.8463134765625,-2.87628173828125,-0.20599365234375,-0.05517578125,0.87646484375,0.007080078125
0.0,1.38092041015625,-1.50299072265625,-9.01031494140625,-0.060302734375,0.84228515625,0.009521484375
0.0,4.974365234375,-0.63323974609375,-17.3797607421875,-0.057373046875,0.8154296875,0.0126953125
0.0,8.6822509765625,0.6103515625,-25.4058837890625,-0.044677734375,0.80126953125,0.017578125
0.0,11.993408203125,1.7852783203125,-32.16552734375,-0.0517578125,0.776123046875,0.0166015625
0.0,15.15960693359375,2.46429443359375,-38.7725830078125,-0.075927734375,0.802734375,0.015625
0.0,17.9595947265625,3.01361083984375,-44.8760986328125,-0.084228515625,0.802978515625,0.00439453125
0.0,20.50018310546875,3.9825439453125,-47.91259765625,-0.077880859375,0.858642578125,0.0029296875
0.0,22.308349609375,4.03594970703125,-51.17034912109375,-0.120849609375,0.898681640625,0.00244140625
0.0,23.5595703125,4.0740966796875,-51.50604248046875,-0.113037109375,0.975830078125,-0.004150390625
0.0,24.05548095703125,4.2724609375,-50.537109375,-0.133544921875,1.048828125,-0.005615234375
0.0,23.895263671875,3.90625,-48.980712890625,-0.15478515625,1.091064453125,-0.01171875
0.0,22.89581298828125,3.62396240234375,-45.196533203125,-0.156494140625,1.141357421875,-0.01953125
0.0,21.392822265625,2.76947021484375,-39.398193359375,-0.177001953125,1.1630859375,-0.01806640625
0.0,19.775390625,1.9378662109375,-32.623291015625,-0.17431640625,1.127685546875,-0.01123046875
0.0,16.90673828125,1.15966796875,-25.2838134765625,-0.181884765625,1.123046875,-0.040283203125
0.0,14.892578125,-0.29754638671875,-17.43316650390625,-0.19677734375,1.08203125,-0.023193359375
0.0,12.0391845703125,-1.45721435546875,-9.42230224609375,-0.1845703125,1.0419921875,-0.033935546875
0.0,9.43756103515625,-2.9144287109375,-0.67901611328125,-0.191650390625,1.010009765625,-0.029296875
0.0,7.34710693359375,-4.02069091796875,7.6751708984375,-0.166748046875,0.9736328125,-0.044189453125
0.0,4.8675537109375,-5.10406494140625,16.448974609375,-0.165771484375,0.995849609375,-0.04638671875
0.0,2.58636474609375,-6.3323974609375,23.24676513671875,-0.16455078125,0.97607421875,-0.037353515625
0.0,0.25177001953125,-6.6375732421875,29.23583984375,-0.155029296875,0.986572265625,-0.044921875
0.0,-1.94549560546875,-7.54547119140625,34.55352783203125,-0.171875,1.005615234375,-0.040283203125
0.0,-4.32586669921875,-7.85064697265625,39.73388671875,-0.149658203125,1.046142578125,-0.05615234375
0.0,-6.6070556640625,-7.9803466796875,44.4183349609375,-0.1728515625,1.096435546875,-0.0537109375
0.0,-9.2620849609375,-8.20159912109375,47.34039306640625,-0.176513671875,1.12109375,-0.048095703125
0.0,-11.97052001953125,-7.87353515625,49.75128173828125,-0.15673828125,1.1416015625,-0.048828125
0.0,-14.0838623046875,-7.537841796875,51.18560791015625,-0.151611328125,1.160400390625,-0.04833984375
0.0,-15.6097412109375,-6.77490234375,50.55999755859375,-0.138916015625,1.136962890625,-0.05859375
0.0,-16.57867431640625,-5.79071044921875,48.309326171875,-0.134521484375,1.10888671875,-0.05615234375
0.0,-16.4794921875,-4.5623779296875,45.0439453125,-0.1142578125,1.068359375,-0.052978515625
0.0,-16.53289794921875,-3.39508056640625,40.0238037109375,-0.099609375,1.009521484375,-0.04736328125
0.0,-15.9149169921875,-2.00653076171875,34.82818603515625,-0.09619140625,0.963623046875,-0.051025390625
0.0,-14.54925537109375,-0.54931640625,28.45001220703125,-0.098876953125,0.92626953125,-0.041748046875
0.0,-13.2904052734375,0.8087158203125,20.6298828125,-0.082275390625,0.877197265625,-0.040771484375
0.0,-11.72637939453125,2.37274169921875,14.50347900390625,-0.0830078125,0.861572265625,-0.034912109375
0.0,-10.07843017578125,3.08990478515625,6.95037841796875,-0.086669921875,0.857421875,-0.030517578125
0.0,-8.60595703125,4.608154296875,0.84686279296875,-0.06005859375,0.872314453125,-0.032958984375
0.0,-7.720947265625,6.16455078125,-4.730224609375,-0.0673828125,0.900390625,-0.026611328125
0.0,-7.0343017578125,7.0343017578125,-9.6893310546875,-0.075439453125,0.92578125,-0.030517578125
0.0,-6.29425048828125,7.83538818359375,-13.32855224609375,-0.084228515625,0.944580078125,-0.02099609375
0.0,-5.6610107421875,8.8958740234375,-17.4407958984375,-0.102294921875,0.982666015625,-0.028076171875
0.0,-5.0201416015625,9.28497314453125,-21.392822265625,-0.11669921875,1.02880859375,-0.0205078125
0.0,-5.40924072265625,9.57489013671875,-22.674560546875,-0.100830078125,1.064453125,-0.01806640625
0.0,-5.65338134765625,10.009765625,-22.5830078125,-0.110595703125,1.088623046875,-0.01953125
0.0,-6.1798095703125,10.06317138671875,-23.040771484375,-0.125732421875,1.099365234375,-0.007568359375
0.0,-7.293701171875,10.29205322265625,-21.99554443359375,-0.113037109375,1.092529296875,-0.008544921875
0.0,-8.3160400390625,10.29205322265625,-19.2413330078125,-0.128662109375,1.086181640625,-0.007080078125
0.0,-9.28497314453125,9.674072265625,-17.46368408203125,-0.138671875,1.03564453125,-0.002197265625
0.0,-10.4522705078125,9.4146728515625,-13.66424560546875,-0.115234375,1.02734375,-0.001220703125
0.0,-11.3525390625,9.27734375,-9.9945068359375,-0.13134765625,0.9951171875,0.000732421875
0.0,-12.41302490234375,7.94219970703125,-4.608154296875,-0.130615234375,0.9736328125,0.0068359375
0.0,-13.22174072265625,7.598876953125,-1.068115234375,-0.12841796875,0.937744140625,0.003662109375
0.0,-13.34381103515625,7.01904296875,3.7994384765625,-0.12890625,0.945068359375,0.00537109375
0.0,-13.9617919921875,6.11114501953125,7.46917724609375,-0.13720703125,0.972412109375,0.008056640625
0.0,-14.03045654296875,5.5389404296875,11.51275634765625,-0.131103515625,0.975830078125,0.007568359375
0.0,-14.30511474609375,5.24139404296875,15.02227783203125,-0.131103515625,0.993896484375,0.01318359375
0.0,-14.5111083984375,4.52423095703125,18.4478759765625,-0.140869140625,1.01025390625,0.015869140625
0.0,-14.44244384765625,4.14276123046875,21.14105224609375,-0.130126953125,1.029541015625,0.012939453125
0.0,-13.93890380859375,4.00543212890625,23.6968994140625,-0.126953125,1.014404296875,0.01806640625
0.0,-13.42010498046875,3.79180908203125,24.84893798828125,-0.124267578125,1.03076171875,0.0185546875
0.0,-12.7716064453125,3.7841796875,25.45928955078125,-0.11572265625,1.01171875,0.02294921875
0.0,-12.16888427734375,4.11224365234375,25.33721923828125,-0.100830078125,1.0,0.024658203125
0.0,-10.97869873046875,4.45556640625,24.3682861328125,-0.110107421875,0.965087890625,0.02392578125
0.0,-9.51385498046875,4.60052490234375,22.72796630859375,-0.093505859375,0.93212890625,0.023681640625
0.0,-7.843017578125,5.2490234375,20.94268798828125,-0.086669921875,0.919677734375,0.02490234375
0.0,-6.4544677734375,5.4473876953125,18.40972900390625,-0.090087890625,0.884765625,0.027099609375
0.0,-4.69207763671875,6.17218017578125,15.72418212890625,-0.063232421875,0.88818359375,0.025146484375
0.0,-3.28826904296875,6.77490234375,12.8021240234375,-0.080810546875,0.8740234375,0.032958984375
0.0,-1.67083740234375,7.0343017578125,10.23101806640625,-0.074462890625,0.86572265625,0.02734375
0.0,0.38909912109375,7.4920654296875,7.8125,-0.074462890625,0.8916015625,0.035400390625
0.0,1.89971923828125,7.69805908203125,5.13458251953125,-0.069091796875,0.89697265625,0.03271484375
0.0,3.59344482421875,8.026123046875,3.56292724609375,-0.081787109375,0.91845703125,0.031494140625
0.0,4.913330078125,7.9345703125,0.3814697265625,-0.080810546875,0.965576171875,0.03857421875
0.0,5.9051513671875,8.1024169921875,-0.77056884765625,-0.067138671875,0.97265625,0.035888671875
0.0,6.7901611328125,8.1329345703125,-1.190185546875,-0.075927734375,1.002685546875,0.04150390625
0.0,7.37762451171875,7.568359375,-1.220703125,-0.0869140625,1.023681640625,0.038330078125
0.0,7.92694091796875,7.02667236328125,-1.3885498046875,-0.085205078125,1.004150390625,0.045654296875
0.0,8.26263427734375,7.01904296875,-0.55694580078125,-0.0810546875,1.01953125,0.03564453125
0.0,8.5296630859375,5.9356689453125,-0.457763671875,-0.102294921875,1.01171875,0.044189453125
0.0,8.514404296875,5.37109375,0.29754638671875,-0.064453125,0.9970703125,0.0400390625
0.0,8.2244873046875,4.9285888671875,2.51007080078125,-0.0830078125,0.99267578125,0.042236328125
0.0,8.03375244140625,3.85284423828125,3.76129150390625,-0.077880859375,0.990234375,0.03955078125
0.0,7.9803466796875,3.48663330078125,4.913330078125,-0.07373046875,0.97802734375,0.0400390625
0.0,7.80487060546875,2.5634765625,6.46209716796875,-0.0830078125,0.963623046875,0.046142578125
0.0,7.8277587890625,1.5869140625,7.34710693359375,-0.07421875,0.975830078125,0.03955078125
0.0,8.07952880859375,0.93841552734375,8.026123046875,-0.07080078125,0.98486328125,0.038818359375
0.0,7.97271728515625,0.26702880859375,9.002685546875,-0.06689453125,0.981201171875,0.03857421875
0.0,8.087158203125,-0.3814697265625,8.96453857421875,-0.069580078125,1.0009765625,0.040771484375
0.0,8.270263671875,-1.16729736328125,8.8043212890625,-0.0615234375,0.9970703125,0.040771484375
0.0,8.758544921875,-1.5869140625,9.246826171875,-0.060302734375,1.005126953125,0.040771484375
0.0,8.97979736328125,-2.3345947265625,7.97271728515625,-0.07275390625,1.010009765625,0.03857421875
0.0,9.429931640625,-2.87628173828125,6.88934326171875,-0.0576171875,1.005126953125,0.038818359375
0.0,9.97161865234375,-3.33404541015625,5.7830810546875,-0.057373046875,0.994384765625,0.0390625
0.0,10.29205322265625,-3.89862060546875,4.302978515625,-0.049560546875,0.974609375,0.03955078125
0.0,11.23046875,-4.29534912109375,2.9296875,-0.062255859375,0.96728515625,0.035888671875
0.0,11.86370849609375,-4.7760009765625,0.335693359375,-0.05517578125,0.954345703125,0.03515625
0.0,12.67242431640625,-5.10406494140625,-1.53350830078125,-0.050537109375,0.93896484375,0.037109375
0.0,13.48114013671875,-5.59234619140625,-3.83758544921875,-0.05615234375,0.94482421875,0.039794921875
0.0,14.22882080078125,-6.05010986328125,-6.134033203125,-0.052001953125,0.95166015625,0.0390625
0.0,14.892578125,-6.3018798828125,-8.1329345703125,-0.04150390625,0.955322265625,0.041748046875
0.0,15.25115966796875,-6.52313232421875,-9.979248046875,-0.05126953125,0.970947265625,0.039794921875
0.0,15.63262939453125,-7.04193115234375,-11.627197265625,-0.052001953125,0.974365234375,0.0390625
0.0,15.98358154296875,-7.42340087890625,-13.34381103515625,-0.048583984375,0.97607421875,0.031005859375
0.0,15.58685302734375,-7.95745849609375,-14.678955078125,-0.05419921875,0.99658203125,0.008056640625
0.0,15.19775390625,-8.575439453125,-15.5181884765625,-0.0546875,0.99169921875,-0.0048828125
0.0,14.77813720703125,-9.246826171875,-16.7694091796875,-0.046630859375,0.99462890625,-0.0126953125
0.0,14.39666748046875,-9.95635986328125,-17.2576904296875,-0.05224609375,1.011474609375,-0.015380859375
0.0,14.09912109375,-10.81085205078125,-17.0745849609375,-0.068603515625,1.02978515625,-0.015869140625
0.0,13.763427734375,-11.6729736328125,-17.1051025390625,-0.075439453125,1.0478515625,-0.01953125
0.0,13.48114013671875,-12.63427734375,-16.97540283203125,-0.0810546875,1.045166015625,-0.01171875
0.0,13.40484619140625,-13.336181640625,-16.41082763671875,-0.0751953125,1.038818359375,-0.008544921875
0.0,13.336181640625,-14.35089111328125,-14.6331787109375,-0.0810546875,1.029296875,-0.0048828125
0.0,13.48876953125,-15.106201171875,-13.214111328125,-0.084716796875,1.01953125,0.001953125
0.0,13.35906982421875,-15.2587890625,-11.41357421875,-0.076171875,0.999755859375,0.0009765625
0.0,13.458251953125,-15.8843994140625,-11.32965087890625,-0.08935546875,1.004638671875,0.010009765625
0.0,13.90838623046875,-15.86151123046875,-9.9334716796875,-0.065673828125,0.982177734375,0.000732421875
0.0,14.03045654296875,-15.83099365234375,-9.28497314453125,-0.072021484375,0.985107421875,0.0078125
0.0,14.39666748046875,-15.86151123046875,-9.27734375,-0.070556640625,0.966796875,-0.004150390625
0.0,14.95361328125,-15.6402587890625,-10.12420654296875,-0.066650390625,0.963134765625,-0.0087890625
0.0,15.2740478515625,-15.15960693359375,-11.29913330078125,-0.049560546875,0.973876953125,-0.009033203125
0.0,15.54107666015625,-14.56451416015625,-11.65008544921875,-0.0625,0.97802734375,-0.013916015625
0.0,15.58685302734375,-14.39666748046875,-13.26751708984375,-0.0654296875,0.9755859375,-0.015625
0.0,15.7318115234375,-13.5498046875,-14.06097412109375,-0.052734375,0.990234375,-0.01708984375
0.0,15.8233642578125,-13.03863525390625,-14.5416259765625,-0.06787109375,0.994873046875,-0.010986328125
0.0,15.84625244140625,-12.26806640625,-15.55633544921875,-0.06201171875,1.0,-0.01953125
0.0,15.83099365234375,-11.6424560546875,-16.04461669921875,-0.080810546875,1.01123046875,-0.024169921875
0.0,15.6707763671875,-11.1846923828125,-16.6778564453125,-0.07568359375,1.027099609375,-0.0302734375
0.0,15.594482421875,-10.2996826171875,-16.510009765625,-0.080322265625,1.009521484375,-0.036376953125
0.0,15.6707763671875,-9.80377197265625,-16.50238037109375,-0.09423828125,1.0068359375,-0.0341796875
0.0,15.66314697265625,-9.17816162109375,-16.1895751953125,-0.08642578125,1.008056640625,-0.03662109375
0.0,15.777587890625,-8.64410400390625,-15.5029296875,-0.101806640625,0.994384765625,-0.031982421875
0.0,15.869140625,-8.11004638671875,-14.91546630859375,-0.101806640625,0.979248046875,-0.03076171875
0.0,16.11328125,-7.6446533203125,-13.5955810546875,-0.099365234375,0.97216796875,-0.030517578125
0.0,16.02935791015625,-6.96563720703125,-10.9710693359375,-0.1064453125,0.981201171875,-0.028564453125
0.0,15.777587890625,-6.67572021484375,-7.9498291015625,-0.128173828125,0.971435546875,-0.02197265625
0.0,15.655517578125,-6.3934326171875,-4.75311279296875,-0.1220703125,0.964599609375,-0.01708984375
0.0,15.1519775390625,-5.77545166015625,-1.1138916015625,-0.1171875,0.9794921875,-0.024658203125
0.0,14.4805908203125,-5.4168701171875,3.34930419921875,-0.119140625,0.981689453125,-0.02734375
0.0,13.63372802734375,-4.81414794921875,7.4462890625,-0.111083984375,0.990234375,-0.046630859375
0.0,13.46588134765625,-4.5166015625,11.77215576171875,-0.133544921875,0.986328125,-0.048095703125
0.0,13.153076171875,-4.1961669921875,14.6331787109375,-0.121337890625,0.988525390625,-0.05810546875
0.0,13.06915283203125,-3.570556640625,17.26531982421875,-0.1220703125,0.994140625,-0.060302734375
0.0,12.908935546875,-2.9754638671875,19.134521484375,-0.102783203125,1.0185546875,-0.069580078125
0.0,12.664794921875,-2.044677734375,21.2249755859375,-0.087158203125,1.01416015625,-0.07080078125
0.0,11.89422607421875,-1.0833740234375,22.3541259765625,-0.08935546875,1.031982421875,-0.071533203125
0.0,11.14654541015625,-0.030517578125,23.651123046875,-0.08642578125,1.03759765625,-0.07177734375
0.0,10.1165771484375,1.02996826171875,25.390625,-0.075927734375,1.045654296875,-0.06884765625
0.0,8.36944580078125,2.15911865234375,26.51214599609375,-0.075439453125,1.039306640625,-0.07666015625
0.0,6.93511962890625,3.1890869140625,27.64129638671875,-0.073486328125,1.0517578125,-0.08447265625
0.0,5.14984130859375,4.3487548828125,28.5491943359375,-0.05908203125,1.066162109375,-0.081787109375
0.0,3.173828125,5.40924072265625,29.47998046875,-0.052978515625,1.057373046875,-0.0810546875
0.0,1.2969970703125,6.75201416015625,29.93011474609375,-0.0546875,1.059814453125,-0.081787109375
0.0,-0.52642822265625,7.77435302734375,29.876708984375,-0.051513671875,1.069580078125,-0.085205078125
0.0,-2.18963623046875,8.96453857421875,29.8919677734375,-0.048828125,1.072021484375,-0.09375
0.0,-3.9520263671875,10.1470947265625,28.961181640625,-0.054931640625,1.09814453125,-0.095947265625
0.0,-6.1798095703125,11.1846923828125,27.6947021484375,-0.04638671875,1.10546875,-0.100341796875
0.0,-8.11767578125,12.42828369140625,27.618408203125,-0.04541015625,1.1015625,-0.098388671875
0.0,-10.498046875,13.45062255859375,26.48162841796875,-0.0439453125,1.089599609375,-0.100830078125
0.0,-12.0849609375,14.495849609375,25.970458984375,-0.06005859375,1.0751953125,-0.09619140625
0.0,-13.16070556640625,15.2130126953125,24.6734619140625,-0.05712890625,1.05029296875,-0.08935546875
0.0,-13.99993896484375,16.0369873046875,22.69744873046875,-0.04345703125,1.017822265625,-0.09033203125
0.0,-14.4195556640625,16.6778564453125,21.087646484375,-0.04541015625,1.0283203125,-0.088134765625
0.0,-14.892578125,17.41790771484375,19.1650390625,-0.0390625,1.013427734375,-0.091064453125
0.0,-15.228271484375,18.04351806640625,17.333984375,-0.041015625,0.99072265625,-0.082275390625
0.0,-14.8162841796875,18.3868408203125,15.7012939453125,-0.048828125,0.96728515625,-0.0771484375
0.0,-13.75579833984375,18.80645751953125,12.84027099609375,-0.04736328125,0.958251953125,-0.079345703125
0.0,-12.4969482421875,19.04296875,9.75799560546875,-0.04541015625,0.921142578125,-0.0830078125
0.0,-10.68115234375,19.287109375,6.195068359375,-0.0380859375,0.93603515625,-0.08056640625
0.0,-8.67462158203125,19.29473876953125,2.06756591796875,-0.041259765625,0.92041015625,-0.077392578125
0.0,-6.2255859375,19.500732421875,-1.3275146484375,-0.034423828125,0.88232421875,-0.077880859375
0.0,-3.42559814453125,19.43206787109375,-5.8746337890625,-0.051513671875,0.889404296875,-0.060302734375
0.0,1.07574462890625,19.073486328125,-10.92529296875,-0.049560546875,0.85693359375,-0.055908203125
0.0,3.97491455078125,18.69964599609375,-12.94708251953125,-0.04541015625,0.855712890625,-0.058837890625
0.0,6.9732666015625,18.25714111328125,-14.434814453125,-0.050048828125,0.838623046875,-0.06103515625
0.0,9.7503662109375,17.7154541015625,-15.869140625,-0.059326171875,0.842529296875,-0.06591796875
0.0,12.14599609375,16.7388916015625,-16.7694091796875,-0.06689453125,0.882080078125,-0.0625
0.0,14.67132568359375,15.594482421875,-15.7470703125,-0.0595703125,0.87158203125,-0.05419921875
0.0,17.2882080078125,14.70947265625,-14.47296142578125,-0.066650390625,0.896240234375,-0.04296875
0.0,19.561767578125,13.48114013671875,-13.00048828125,-0.06982421875,0.922607421875,-0.026123046875
0.0,21.4691162109375,12.39776611328125,-11.07025146484375,-0.06103515625,0.93310546875,-0.033447265625
0.0,22.613525390625,11.26861572265625,-7.45391845703125,-0.060791015625,0.980224609375,-0.038330078125
0.0,22.91107177734375,9.9945068359375,-3.85284423828125,-0.06591796875,1.010009765625,-0.046142578125
0.0,23.01025390625,8.78143310546875,0.2899169921875,-0.06884765625,1.01318359375,-0.057373046875
0.0,22.5982666015625,7.5836181640625,3.84521484375,-0.070556640625,1.053955078125,-0.058837890625
0.0,22.0794677734375,6.35528564453125,7.843017578125,-0.065673828125,1.042236328125,-0.06396484375
0.0,21.50726318359375,5.157470703125,11.65008544921875,-0.059326171875,1.045654296875,-0.041015625
0.0,20.843505859375,4.18853759765625,14.38140869140625,-0.046875,1.043212890625,-0.04052734375
0.0,20.34759521484375,3.4027099609375,16.27349853515625,-0.02978515625,1.029296875,-0.046142578125
0.0,19.4091796875,3.0517578125,17.96722412109375,-0.015625,1.025634765625,-0.0458984375
0.0,17.8375244140625,2.43377685546875,19.27947998046875,-0.0224609375,1.036865234375,-0.05029296875
0.0,16.66259765625,1.83868408203125,20.4925537109375,-0.018310546875,1.02392578125,-0.06640625
0.0,15.20538330078125,1.3427734375,21.87347412109375,-0.027099609375,1.058349609375,-0.074462890625
0.0,13.19122314453125,0.64849853515625,23.1170654296875,-0.023681640625,1.053955078125,-0.07275390625
0.0,11.32965087890625,0.34332275390625,23.5595703125,-0.03955078125,1.055419921875,-0.068115234375
0.0,9.57489013671875,-0.37384033203125,23.529052734375,-0.01708984375,1.061767578125,-0.058349609375
0.0,7.36236572265625,-0.4119873046875,24.45220947265625,-0.00830078125,1.09228515625,-0.062255859375
0.0,5.25665283203125,-0.823974609375,24.49798583984375,-0.021484375,1.090576171875,-0.073486328125
0.0,2.44903564453125,-0.95367431640625,23.49090576171875,0.000732421875,1.109619140625,-0.083251953125
0.0,-0.3204345703125,-0.95367431640625,23.23150634765625,-0.011962890625,1.11962890625,-0.09033203125
0.0,-3.25775146484375,-1.251220703125,22.51434326171875,-0.007080078125,1.1484375,-0.102783203125
0.0,-6.34765625,-1.3427734375,21.15631103515625,-0.01025390625,1.132080078125,-0.108642578125
0.0,-8.9569091796875,-1.45721435546875,20.3094482421875,-0.000732421875,1.11474609375,-0.10009765625
0.0,-11.505126953125,-1.21307373046875,18.2952880859375,0.00244140625,1.11083984375,-0.0830078125
0.0,-14.129638671875,-1.0986328125,15.869140625,0.0107421875,1.0908203125,-0.081298828125
0.0,-16.60919189453125,-0.732421875,13.24462890625,0.01708984375,1.1005859375,-0.07568359375
0.0,-19.59991455078125,-0.43487548828125,10.894775390625,0.029296875,1.0830078125,-0.07373046875
0.0,-21.98028564453125,0.20599365234375,9.62066650390625,0.03173828125,1.072998046875,-0.075439453125
0.0,-24.84893798828125,0.63323974609375,8.0413818359375,0.018310546875,1.09228515625,-0.076171875
0.0,-27.6336669921875,0.78582763671875,5.859375,0.013916015625,1.07666015625,-0.0810546875
0.0,-29.6783447265625,1.495361328125,3.31878662109375,0.020263671875,1.06884765625,-0.070556640625
0.0,-31.3873291015625,1.86920166015625,1.068115234375,0.0234375,1.047607421875,-0.0576171875
0.0,-32.31048583984375,2.14385986328125,-1.3275146484375,0.025634765625,1.038330078125,-0.05810546875
0.0,-32.8826904296875,2.55584716796875,-4.17327880859375,0.0234375,1.03857421875,-0.057373046875
0.0,-33.721923828125,2.92205810546875,-6.378173828125,0.02197265625,1.04541015625,-0.0517578125
0.0,-34.515380859375,2.899169921875,-7.4310302734375,0.000244140625,1.029541015625,-0.04296875
0.0,-34.9273681640625,2.74658203125,-8.17108154296875,0.00732421875,1.0400390625,-0.037841796875
0.0,-35.22491455078125,2.83050537109375,-7.49969482421875,0.00048828125,1.029541015625,-0.025634765625
0.0,-35.736083984375,2.1820068359375,-6.99615478515625,-0.00341796875,1.026123046875,-0.01123046875
0.0,-35.57586669921875,2.25067138671875,-6.317138671875,0.00537109375,0.9853515625,-0.005126953125
0.0,-34.8663330078125,1.99127197265625,-5.340576171875,0.00146484375,0.98876953125,0.011474609375
0.0,-34.088134765625,1.65557861328125,-4.57000732421875,0.0078125,0.965087890625,0.01806640625
0.0,-32.52410888671875,1.6632080078125,-4.33349609375,0.0,0.949462890625,0.022216796875
0.0,-31.219482421875,1.22833251953125,-4.00543212890625,0.00244140625,0.946533203125,0.030517578125
0.0,-29.96826171875,1.09100341796875,-3.0670166015625,0.0146484375,0.932373046875,0.02294921875
0.0,-28.6102294921875,1.02996826171875,-1.48773193359375,-0.00439453125,0.947265625,0.030029296875
0.0,-27.2216796875,0.49591064453125,-0.64849853515625,-0.012451171875,0.92578125,0.044921875
0.0,-25.19989013671875,0.3814697265625,0.54168701171875,0.00390625,0.908447265625,0.05908203125
0.0,-23.01025390625,0.335693359375,1.80816650390625,0.005859375,0.904052734375,0.066650390625
0.0,-20.965576171875,0.25177001953125,1.79290771484375,0.014892578125,0.91259765625,0.072021484375
0.0,-18.9971923828125,0.18310546875,1.71661376953125,0.015380859375,0.920654296875,0.07080078125
0.0,-16.7388916015625,0.3814697265625,2.2430419921875,0.032470703125,0.90478515625,0.068359375
0.0,-15.02227783203125,0.335693359375,2.593994140625,0.013916015625,0.906005859375,0.06787109375
0.0,-11.932373046875,0.03814697265625,3.42559814453125,0.01123046875,0.918701171875,0.068359375
0.0,-10.25390625,-0.08392333984375,3.60107421875,0.005859375,0.9169921875,0.083984375
0.0,-8.11004638671875,-0.28228759765625,4.05120849609375,0.018798828125,0.908935546875,0.09765625
0.0,-6.40869140625,-0.05340576171875,3.90625,0.031982421875,0.920654296875,0.10107421875
0.0,-5.18798828125,0.0762939453125,4.46319580078125,0.0341796875,0.935302734375,0.0966796875
0.0,-3.7994384765625,0.09918212890625,5.31768798828125,0.020751953125,0.926025390625,0.088623046875
0.0,-2.28118896484375,-0.08392333984375,5.2490234375,0.023681640625,0.9208984375,0.087890625
0.0,-0.8544921875,-0.030517578125,5.21087646484375,0.02392578125,0.940673828125,0.08837890625
0.0,0.34332275390625,-0.29754638671875,5.08880615234375,0.0185546875,0.948486328125,0.076904296875
0.0,1.251220703125,-0.51116943359375,4.2266845703125,0.029052734375,0.9521484375,0.080322265625
0.0,2.532958984375,-0.4425048828125,3.753662109375,0.035888671875,0.95751953125,0.086181640625
0.0,3.34930419921875,-0.52642822265625,3.53240966796875,0.038818359375,0.9443359375,0.085693359375
0.0,4.0740966796875,-0.55694580078125,2.716064453125,0.0380859375,0.956298828125,0.08349609375
0.0,4.53948974609375,-0.72479248046875,1.6326904296875,0.033203125,0.966552734375,0.078125
0.0,4.87518310546875,-0.8392333984375,1.373291015625,0.041015625,0.973876953125,0.07861328125
0.0,4.791259765625,-1.0528564453125,1.27410888671875,0.052734375,0.998046875,0.077880859375
0.0,4.364013671875,-1.13677978515625,1.79290771484375,0.04345703125,1.004150390625,0.07373046875
0.0,3.7384033203125,-1.48773193359375,1.434326171875,0.037353515625,1.013671875,0.075927734375
0.0,2.99072265625,-1.53350830078125,1.2054443359375,0.04833984375,1.022216796875,0.08349609375
0.0,2.51007080078125,-1.922607421875,2.02178955078125,0.0380859375,1.008544921875,0.088623046875
0.0,2.1514892578125,-2.2430419921875,2.74658203125,0.049560546875,1.023681640625,0.088623046875
0.0,1.1444091796875,-2.17437744140625,2.86102294921875,0.04931640625,1.06201171875,0.0869140625
0.0,-0.1220703125,-2.4261474609375,3.72314453125,0.04931640625,1.061767578125,0.08154296875
0.0,-1.4801025390625,-2.471923828125,4.425048828125,0.052734375,1.066650390625,0.075927734375
0.0,-2.57110595703125,-2.73895263671875,5.11932373046875,0.041748046875,1.067138671875,0.07177734375
0.0,-3.88336181640625,-2.98309326171875,6.11114501953125,0.045654296875,1.0751953125,0.073486328125
0.0,-5.19561767578125,-3.21197509765625,6.195068359375,0.043212890625,1.0595703125,0.082275390625
0.0,-5.98907470703125,-3.2196044921875,6.82830810546875,0.052490234375,1.02587890625,0.095458984375
0.0,-6.35528564453125,-3.25775146484375,7.4462890625,0.05126953125,1.021240234375,0.105712890625
0.0,-6.69097900390625,-3.36456298828125,7.57598876953125,0.0546875,1.009033203125,0.106689453125
0.0,-7.01141357421875,-3.25775146484375,7.83538818359375,0.0595703125,1.01220703125,0.11083984375
0.0,-7.50732421875,-3.326416015625,7.94219970703125,0.059814453125,0.99755859375,0.103759765625
0.0,-7.8125,-3.387451171875,7.6446533203125,0.061279296875,1.008056640625,0.095458984375
0.0,-8.2855224609375,-3.2196044921875,7.37762451171875,0.06103515625,1.017333984375,0.091552734375
0.0,-8.93402099609375,-3.35693359375,6.866455078125,0.052734375,1.025390625,0.091552734375
0.0,-9.4757080078125,-3.56292724609375,6.1798095703125,0.055419921875,1.012939453125,0.093994140625
0.0,-9.46807861328125,-3.33404541015625,5.98907470703125,0.0537109375,1.00146484375,0.108154296875
0.0,-9.490966796875,-3.42559814453125,4.1961669921875,0.047119140625,1.009033203125,0.124755859375
0.0,-9.57489013671875,-3.41796875,2.34222412109375,0.05224609375,0.995361328125,0.125732421875
0.0,-9.45281982421875,-3.28826904296875,0.69427490234375,0.064697265625,0.979736328125,0.127685546875
0.0,-9.1094970703125,-3.23486328125,-0.70953369140625,0.0625,0.96875,0.122802734375
0.0,-8.758544921875,-3.51715087890625,-2.50244140625,0.057373046875,0.97119140625,0.119140625
0.0,-8.60595703125,-3.19671630859375,-4.35638427734375,0.0634765625,0.9580078125,0.1162109375
0.0,-8.27789306640625,-3.04412841796875,-7.293701171875,0.03955078125,0.962158203125,0.117919921875
0.0,-8.20159912109375,-3.448486328125,-10.345458984375,0.05126953125,0.968994140625,0.1162109375
0.0,-7.9345703125,-3.15093994140625,-11.83319091796875,0.055419921875,0.972900390625,0.118408203125
0.0,-7.72857666015625,-3.24249267578125,-13.35906982421875,0.026123046875,0.974609375,0.123291015625
0.0,-7.36236572265625,-3.45611572265625,-16.0369873046875,0.01611328125,0.98583984375,0.126220703125
0.0,-7.08770751953125,-3.570556640625,-17.547607421875,0.01220703125,0.986328125,0.128662109375
0.0,-6.75201416015625,-3.71551513671875,-18.73779296875,0.00439453125,0.983642578125,0.128173828125
0.0,-6.4697265625,-4.15802001953125,-20.54595947265625,-0.00048828125,0.985595703125,0.13134765625
0.0,-6.1187744140625,-4.31060791015625,-21.81243896484375,0.01123046875,0.97412109375,0.136474609375
0.0,-5.63812255859375,-4.21142578125,-22.72796630859375,0.00146484375,0.959228515625,0.13623046875
0.0,-4.90570068359375,-4.5928955078125,-24.51324462890625,-0.00830078125,0.956787109375,0.13427734375
0.0,-4.1351318359375,-4.638671875,-25.5889892578125,0.003173828125,0.95263671875,0.137451171875
0.0,-3.62396240234375,-4.6234130859375,-26.10015869140625,-0.010009765625,0.950439453125,0.13818359375
0.0,-3.0670166015625,-4.93621826171875,-27.04620361328125,-0.022216796875,0.955078125,0.133544921875
0.0,-2.49481201171875,-5.0048828125,-27.39715576171875,-0.011474609375,0.96630859375,0.135986328125
0.0,-1.983642578125,-4.96673583984375,-26.6265869140625,-0.0263671875,0.953125,0.13818359375
0.0,-1.3275146484375,-5.33294677734375,-26.3214111328125,-0.041748046875,0.96142578125,0.139892578125
0.0,-0.335693359375,-5.3253173828125,-25.15411376953125,-0.04443359375,0.959716796875,0.142822265625
0.0,0.54168701171875,-5.74493408203125,-23.86474609375,-0.055908203125,0.9541015625,0.145263671875
0.0,1.33514404296875,-5.7525634765625,-22.6287841796875,-0.03857421875,0.96240234375,0.14013671875
0.0,1.7852783203125,-5.88226318359375,-20.59173583984375,-0.06103515625,0.9755859375,0.1396484375
0.0,2.00653076171875,-6.2408447265625,-19.34051513671875,-0.056640625,0.96435546875,0.131103515625
0.0,2.66265869140625,-6.15692138671875,-17.02880859375,-0.060546875,0.955078125,0.133056640625
0.0,3.570556640625,-6.561279296875,-14.434814453125,-0.06884765625,0.953369140625,0.137451171875
0.0,3.9520263671875,-6.69097900390625,-12.62664794921875,-0.06396484375,0.963623046875,0.1328125
0.0,4.547119140625,-7.0037841796875,-10.18524169921875,-0.072021484375,0.968017578125,0.130859375
0.0,4.82940673828125,-7.13348388671875,-7.99560546875,-0.054443359375,0.966796875,0.126220703125
0.0,5.279541015625,-7.0648193359375,-5.39398193359375,-0.0634765625,0.975830078125,0.126708984375
0.0,5.40924072265625,-7.51495361328125,-3.0364990234375,-0.06396484375,0.978271484375,0.125732421875
0.0,5.6304931640625,-7.5225830078125,-0.75531005859375,-0.060546875,0.9736328125,0.119873046875
0.0,6.2103271484375,-7.7362060546875,1.45721435546875,-0.064453125,0.984130859375,0.1220703125
0.0,6.41632080078125,-7.8125,3.7078857421875,-0.053955078125,0.987060546875,0.122314453125
0.0,6.4544677734375,-7.98797607421875,5.9967041015625,-0.061279296875,0.99462890625,0.12548828125
0.0,6.4697265625,-8.15582275390625,7.53021240234375,-0.053955078125,0.99462890625,0.118896484375
0.0,6.56890869140625,-8.21685791015625,9.5062255859375,-0.05029296875,0.991943359375,0.119140625
0.0,6.6070556640625,-8.30841064453125,11.13128662109375,-0.048583984375,0.998291015625,0.1162109375
0.0,6.5765380859375,-8.36181640625,12.481689453125,-0.051025390625,0.994873046875,0.11279296875
0.0,6.4544677734375,-8.53729248046875,13.97705078125,-0.0439453125,0.99853515625,0.109130859375
0.0,6.3018798828125,-8.53729248046875,15.07568359375,-0.042724609375,0.994384765625,0.107177734375
0.0,6.11114501953125,-8.6212158203125,15.98358154296875,-0.04443359375,0.99658203125,0.1083984375
0.0,5.74493408203125,-8.7127685546875,16.6015625,-0.037109375,1.001220703125,0.108642578125
0.0,5.54656982421875,-8.70513916015625,17.1051025390625,-0.03271484375,0.995849609375,0.1083984375
0.0,5.39398193359375,-8.758544921875,17.39501953125,-0.031982421875,1.00048828125,0.10986328125
0.0,5.218505859375,-8.84246826171875,17.2882080078125,-0.0283203125,1.007080078125,0.109130859375
0.0,5.04302978515625,-8.75091552734375,17.38739013671875,-0.0185546875,1.005615234375,0.111572265625
0.0,4.55474853515625,-8.84246826171875,16.56341552734375,-0.02490234375,1.021728515625,0.111572265625
0.0,4.35638427734375,-9.002685546875,15.41900634765625,-0.016845703125,1.013427734375,0.105712890625
0.0,4.08172607421875,-8.81195068359375,14.2669677734375,0.002197265625,1.01904296875,0.110595703125
0.0,3.7078857421875,-8.8043212890625,13.6260986328125,-0.001220703125,1.005615234375,0.10791015625
0.0,3.387451171875,-8.85009765625,11.5509033203125,-0.003173828125,1.017822265625,0.102294921875
0.0,3.01361083984375,-8.67462158203125,9.2315673828125,-0.003662109375,1.00732421875,0.10302734375
0.0,2.4871826171875,-8.76617431640625,7.49969482421875,0.008544921875,1.001220703125,0.10009765625
0.0,1.8463134765625,-8.514404296875,6.00433349609375,0.01171875,1.009521484375,0.09619140625
0.0,1.2969970703125,-8.53729248046875,4.34112548828125,-0.004150390625,1.009521484375,0.09326171875
0.0,0.67901611328125,-8.6212158203125,1.82342529296875,0.000732421875,1.00439453125,0.089111328125
0.0,0.152587890625,-8.43048095703125,-0.18310546875,0.00634765625,1.005615234375,0.093505859375
0.0,-0.3662109375,-8.33892822265625,-1.6632080078125,0.00244140625,1.01416015625,0.09716796875
0.0,-0.91552734375,-8.47625732421875,-3.24249267578125,-0.009521484375,1.017822265625,0.10009765625
0.0,-1.44195556640625,-8.6517333984375,-4.58526611328125,-0.00830078125,1.0166015625,0.0986328125
0.0,-1.83868408203125,-8.48388671875,-5.7220458984375,-0.013427734375,1.02685546875,0.1025390625
0.0,-2.28118896484375,-8.6822509765625,-6.79779052734375,-0.018798828125,1.021484375,0.1064453125
0.0,-2.5482177734375,-8.8348388671875,-7.4615478515625,-0.016845703125,1.016845703125,0.10400390625
0.0,-2.7618408203125,-8.8958740234375,-8.148193359375,-0.02294921875,1.023193359375,0.106689453125
0.0,-3.08990478515625,-9.0789794921875,-8.94927978515625,-0.022216796875,1.017822265625,0.109130859375
0.0,-3.36456298828125,-9.10186767578125,-9.246826171875,-0.01708984375,1.0048828125,0.10986328125
0.0,-3.37982177734375,-9.14764404296875,-9.1552734375,-0.026123046875,0.99609375,0.10986328125
0.0,-3.47137451171875,-9.45281982421875,-9.3841552734375,-0.03564453125,0.994384765625,0.1123046875
0.0,-3.60107421875,-9.55963134765625,-9.48333740234375,-0.025634765625,0.98583984375,0.113525390625
0.0,-3.4942626953125,-9.45281982421875,-9.490966796875,-0.0244140625,0.97900390625,0.1123046875
0.0,-3.265380859375,-9.613037109375,-9.49859619140625,-0.02587890625,0.985595703125,0.115478515625
0.0,-3.25775146484375,-9.68170166015625,-9.490966796875,-0.022705078125,0.98095703125,0.115478515625
0.0,-3.0670166015625,-9.59014892578125,-9.2926025390625,-0.02783203125,0.97705078125,0.119384765625
0.0,-2.86102294921875,-9.7198486328125,-9.307861328125,-0.028564453125,0.9775390625,0.122314453125
0.0,-2.62451171875,-9.7503662109375,-8.93402099609375,-0.0283203125,0.980224609375,0.1220703125
0.0,-2.197265625,-9.6435546875,-8.61358642578125,-0.027587890625,0.981689453125,0.122314453125
0.0,-1.861572265625,-9.77325439453125,-8.27789306640625,-0.032470703125,0.985595703125,0.12451171875
0.0,-1.556396484375,-9.78851318359375,-7.59124755859375,-0.027587890625,0.984130859375,0.125
0.0,-1.28173828125,-9.59014892578125,-7.049560546875,-0.0341796875,0.980224609375,0.1259765625
0.0,-0.640869140625,-9.82666015625,-6.256103515625,-0.03271484375,0.972900390625,0.124267578125
0.0,-0.26702880859375,-9.735107421875,-5.1727294921875,-0.032470703125,0.968017578125,0.123779296875
0.0,0.16021728515625,-9.8419189453125,-4.24957275390625,-0.038818359375,0.968505859375,0.124267578125
0.0,0.41961669921875,-9.796142578125,-3.7841796875,-0.031982421875,0.970703125,0.121337890625
0.0,0.823974609375,-9.74273681640625,-2.960205078125,-0.0341796875,0.969970703125,0.123779296875
0.0,1.2054443359375,-9.7808837890625,-1.983642578125,-0.034912109375,0.9658203125,0.12109375
0.0,1.73187255859375,-9.918212890625,-1.04522705078125,-0.038330078125,0.9697265625,0.1240234375
0.0,2.01416015625,-9.81903076171875,-0.1068115234375,-0.030517578125,0.968994140625,0.123046875
0.0,2.51007080078125,-9.68170166015625,1.04522705078125,-0.042236328125,0.974365234375,0.126220703125
0.0,2.8228759765625,-10.00213623046875,1.28936767578125,-0.03955078125,0.97705078125,0.126220703125
0.0,3.24249267578125,-9.75799560546875,2.3040771484375,-0.025390625,0.978759765625,0.123291015625
0.0,3.47900390625,-9.8114013671875,3.570556640625,-0.041748046875,0.986328125,0.12939453125
0.0,4.058837890625,-9.94873046875,3.79180908203125,-0.028564453125,0.96923828125,0.12060546875
0.0,4.60052490234375,-9.6435546875,4.791259765625,-0.03173828125,0.9755859375,0.1240234375
0.0,4.94384765625,-9.7808837890625,5.4473876953125,-0.041259765625,0.9814453125,0.12890625
0.0,5.14984130859375,-9.8419189453125,5.39398193359375,-0.02880859375,0.97607421875,0.121826171875
0.0,5.45501708984375,-9.857177734375,6.26373291015625,-0.02490234375,0.971923828125,0.122802734375
0.0,5.82122802734375,-9.72747802734375,6.79779052734375,-0.025390625,0.97265625,0.12158203125
0.0,6.14166259765625,-9.66644287109375,6.61468505859375,-0.03076171875,0.9736328125,0.120849609375
0.0,6.40869140625,-9.674072265625,6.8206787109375,-0.02734375,0.971435546875,0.122314453125
0.0,6.67572021484375,-9.674072265625,6.6375732421875,-0.0263671875,0.97412109375,0.119140625
0.0,7.01141357421875,-9.6893310546875,6.8511962890625,-0.022216796875,0.974853515625,0.119140625
0.0,7.13348388671875,-9.59014892578125,6.9732666015625,-0.019287109375,0.98779296875,0.11962890625
0.0,7.2021484375,-9.521484375,6.52313232421875,-0.021240234375,0.981201171875,0.11865234375
0.0,7.28607177734375,-9.49859619140625,5.9814453125,-0.020751953125,0.9892578125,0.11767578125
0.0,7.60650634765625,-9.5062255859375,5.62286376953125,-0.017822265625,0.98486328125,0.116943359375
0.0,7.82012939453125,-9.39178466796875,4.9591064453125,-0.013427734375,0.994140625,0.11767578125
0.0,7.8125,-9.3231201171875,4.6539306640625,-0.018310546875,0.994873046875,0.117431640625
0.0,7.85064697265625,-9.33074951171875,4.02069091796875,-0.0146484375,0.996826171875,0.1142578125
0.0,7.80487060546875,-9.2315673828125,3.13568115234375,-0.01806640625,0.991943359375,0.11474609375
0.0,7.6904296875,-9.246826171875,2.52532958984375,-0.01171875,0.998291015625,0.113525390625
0.0,7.66754150390625,-9.16290283203125,1.861572265625,-0.01220703125,0.99267578125,0.111572265625
0.0,7.7056884765625,-9.033203125,1.03759765625,-0.01416015625,0.993408203125,0.1103515625
0.0,7.568359375,-9.02557373046875,0.03814697265625,-0.01318359375,0.99365234375,0.111083984375
0.0,7.4310302734375,-8.9569091796875,-0.80108642578125,-0.0087890625,0.9931640625,0.108642578125
0.0,7.30133056640625,-8.87298583984375,-1.15203857421875,-0.01513671875,0.992431640625,0.109375
0.0,7.13348388671875,-8.941650390625,-2.166748046875,-0.017333984375,0.9970703125,0.10888671875
0.0,6.927490234375,-8.70513916015625,-3.22723388671875,-0.009765625,0.99853515625,0.107666015625
0.0,6.59942626953125,-8.61358642578125,-3.74603271484375,-0.015869140625,1.00537109375,0.109130859375
0.0,6.4544677734375,-8.76617431640625,-4.64630126953125,-0.01318359375,1.0048828125,0.106201171875
0.0,6.2408447265625,-8.5296630859375,-4.95147705078125,-0.013427734375,1.007568359375,0.106201171875
0.0,5.89752197265625,-8.575439453125,-5.37109375,-0.0205078125,1.009033203125,0.109375
0.0,5.59234619140625,-8.49151611328125,-6.20269775390625,-0.01904296875,1.009033203125,0.105712890625
0.0,5.2337646484375,-8.4228515625,-6.70623779296875,-0.019287109375,1.017822265625,0.10546875
0.0,4.8980712890625,-8.3160400390625,-6.91986083984375,-0.017333984375,1.014892578125,0.106201171875
0.0,4.58526611328125,-8.39996337890625,-7.293701171875,-0.02099609375,1.01123046875,0.106689453125
0.0,4.2572021484375,-8.2550048828125,-7.27081298828125,-0.015380859375,1.0078125,0.10400390625
0.0,3.936767578125,-8.17108154296875,-7.080078125,-0.031005859375,1.01220703125,0.105712890625
0.0,3.60107421875,-8.24737548828125,-7.6446533203125,-0.02294921875,1.005615234375,0.104248046875
0.0,3.2196044921875,-8.0108642578125,-7.4310302734375,-0.025390625,1.005859375,0.10595703125
0.0,2.838134765625,-8.331298828125,-6.9122314453125,-0.02685546875,1.01025390625,0.104736328125
0.0,2.532958984375,-8.1329345703125,-6.683349609375,-0.01904296875,1.006103515625,0.10205078125
0.0,2.288818359375,-7.965087890625,-6.0882568359375,-0.032958984375,1.00537109375,0.10693359375
0.0,2.00653076171875,-8.14056396484375,-6.09588623046875,-0.034912109375,1.004638671875,0.105224609375
0.0,1.60980224609375,-7.99560546875,-6.072998046875,-0.02587890625,1.00341796875,0.1064453125
0.0,1.27410888671875,-7.92694091796875,-4.9285888671875,-0.030029296875,1.01513671875,0.10498046875
0.0,1.07574462890625,-8.0718994140625,-4.2724609375,-0.03271484375,1.012451171875,0.104736328125
0.0,0.7781982421875,-8.03375244140625,-3.42559814453125,-0.03173828125,1.002685546875,0.1123046875
0.0,0.5645751953125,-7.8582763671875,-3.0059814453125,-0.035888671875,1.00830078125,0.10595703125
0.0,0.32806396484375,-7.9498291015625,-2.57110595703125,-0.035400390625,1.008544921875,0.11181640625
0.0,-0.0152587890625,-7.8582763671875,-1.4801025390625,-0.0283203125,1.007080078125,0.109130859375
0.0,-0.06866455078125,-7.85064697265625,-0.3204345703125,-0.033447265625,0.986572265625,0.121337890625
0.0,0.05340576171875,-7.86590576171875,0.0152587890625,-0.034423828125,0.99365234375,0.115478515625
0.0,-0.19073486328125,-7.80487060546875,0.5950927734375,-0.033935546875,0.994140625,0.115966796875
0.0,0.030517578125,-7.7972412109375,1.31988525390625,-0.03466796875,0.986328125,0.115966796875
0.0,0.16021728515625,-7.8125,1.64031982421875,-0.02587890625,0.978759765625,0.12646484375
0.0,0.29754638671875,-7.77435302734375,2.40325927734375,-0.028564453125,0.978759765625,0.128173828125
0.0,0.54168701171875,-7.60650634765625,2.685546875,-0.025146484375,0.980224609375,0.13037109375
0.0,0.8697509765625,-7.7056884765625,3.02886962890625,-0.033203125,0.97412109375,0.1318359375
0.0,1.13677978515625,-7.68280029296875,3.2958984375,-0.02490234375,0.973388671875,0.133544921875
0.0,1.38092041015625,-7.6751708984375,3.509521484375,-0.02783203125,0.974853515625,0.12939453125
0.0,1.85394287109375,-7.57598876953125,3.99017333984375,-0.02197265625,0.9794921875,0.129638671875
0.0,2.044677734375,-7.60650634765625,4.21905517578125,-0.02734375,0.97802734375,0.13037109375
0.0,2.410888671875,-7.50732421875,4.1656494140625,-0.024658203125,0.977783203125,0.127685546875
0.0,2.64739990234375,-7.50732421875,4.1961669921875,-0.024169921875,0.98388671875,0.128662109375
0.0,2.92205810546875,-7.40814208984375,4.11224365234375,-0.021240234375,0.980224609375,0.12646484375
0.0,3.07464599609375,-7.30133056640625,4.0740966796875,-0.019775390625,0.983154296875,0.124267578125
0.0,3.326416015625,-7.2784423828125,3.997802734375,-0.024169921875,0.983642578125,0.1259765625
0.0,3.4942626953125,-7.2784423828125,3.74603271484375,-0.01708984375,0.981689453125,0.125
0.0,3.7689208984375,-7.110595703125,3.4637451171875,-0.020751953125,0.978759765625,0.127197265625
0.0,4.21142578125,-7.07244873046875,3.1280517578125,-0.015625,0.97314453125,0.142822265625
0.0,4.669189453125,-7.0037841796875,2.471923828125,-0.014404296875,0.977294921875,0.140625
0.0,5.0201416015625,-6.89697265625,1.9378662109375,-0.01025390625,0.97607421875,0.13916015625
0.0,5.43975830078125,-6.84356689453125,1.13677978515625,-0.00634765625,0.973876953125,0.134765625
0.0,5.91278076171875,-6.7138671875,0.37384033203125,0.004150390625,0.978515625,0.140625
0.0,6.17218017578125,-6.55364990234375,-0.06866455078125,-0.00146484375,0.996337890625,0.135009765625
0.0,6.37054443359375,-6.47735595703125,-0.732421875,-0.01025390625,1.005859375,0.126220703125
0.0,6.30950927734375,-6.378173828125,-0.8392333984375,-0.013671875,1.018798828125,0.11767578125
0.0,6.06536865234375,-6.11114501953125,0.0,-0.018310546875,1.035400390625,0.1103515625
0.0,5.4168701171875,-5.950927734375,0.90789794921875,-0.029052734375,1.031494140625,0.102294921875
0.0,4.76837158203125,-5.80596923828125,1.74713134765625,-0.026611328125,1.028564453125,0.086669921875
0.0,4.06646728515625,-5.42449951171875,3.27301025390625,-0.021240234375,1.01806640625,0.090576171875
0.0,3.5552978515625,-5.4168701171875,4.241943359375,-0.018798828125,0.9736328125,0.10205078125
0.0,4.34112548828125,-5.04302978515625,4.84466552734375,-0.00048828125,0.917236328125,0.151123046875
0.0,5.43212890625,-4.93621826171875,3.99017333984375,0.008056640625,0.92041015625,0.164306640625
0.0,6.5765380859375,-4.41741943359375,3.60107421875,0.03369140625,0.937744140625,0.14599609375
0.0,6.66046142578125,-4.17327880859375,3.10516357421875,0.03369140625,0.986572265625,0.1220703125
0.0,6.29425048828125,-3.86810302734375,2.99835205078125,0.02978515625,1.02783203125,0.1083984375
0.0,6.0272216796875,-3.631591796875,2.64739990234375,0.01220703125,1.055908203125,0.094970703125
0.0,5.54656982421875,-3.42559814453125,1.76239013671875,0.012451171875,1.078857421875,0.0947265625
0.0,4.974365234375,-3.51715087890625,0.54931640625,0.012451171875,1.066650390625,0.1015625
0.0,4.3792724609375,-3.0364990234375,-0.11444091796875,0.042236328125,1.073974609375,0.096923828125
0.0,3.7994384765625,-2.66265869140625,-0.6103515625,0.026123046875,1.027587890625,0.104248046875
0.0,3.66973876953125,-2.5787353515625,-0.6256103515625,0.021484375,1.002685546875,0.099853515625
0.0,3.33404541015625,-2.54058837890625,-0.3204345703125,0.012939453125,0.98095703125,0.10693359375
0.0,3.31878662109375,-2.3651123046875,-0.11444091796875,0.000732421875,0.942626953125,0.099609375
0.0,3.7078857421875,-2.166748046875,0.72479248046875,-0.0009765625,0.95166015625,0.104248046875
0.0,3.50189208984375,-2.22015380859375,1.3275146484375,-0.001708984375,0.95263671875,0.089111328125
0.0,3.92913818359375,-1.77001953125,3.326416015625,-0.006591796875,0.951904296875,0.086181640625
0.0,3.54766845703125,-1.80816650390625,4.0130615234375,-0.01611328125,0.96875,0.089599609375
0.0,3.41796875,-1.57928466796875,5.2490234375,-0.001953125,0.96630859375,0.089111328125
0.0,3.5247802734375,-1.1749267578125,6.52313232421875,-0.001220703125,0.968017578125,0.08740234375
0.0,3.53240966796875,-0.9613037109375,6.95037841796875,0.001953125,0.97998046875,0.091552734375
0.0,3.63922119140625,-1.0528564453125,8.14056396484375,0.005126953125,0.9716796875,0.0908203125
0.0,3.9520263671875,-0.67901611328125,8.46099853515625,0.010009765625,0.974365234375,0.095947265625
0.0,3.88336181640625,-0.4730224609375,8.3465576171875,0.0107421875,0.975341796875,0.107177734375
0.0,4.2724609375,-0.37384033203125,8.636474609375,0.01025390625,0.969482421875,0.107666015625
0.0,4.66156005859375,-0.11444091796875,7.75909423828125,0.02001953125,0.97119140625,0.11376953125
0.0,5.2947998046875,0.16021728515625,7.11822509765625,0.02001953125,0.974853515625,0.1162109375
0.0,6.01959228515625,0.3814697265625,6.5460205078125,0.02880859375,0.989501953125,0.1220703125
0.0,6.3629150390625,0.54931640625,5.462646484375,0.0234375,1.006591796875,0.1162109375
0.0,7.04193115234375,1.04522705078125,4.119873046875,0.002685546875,1.032470703125,0.120849609375
0.0,7.0343017578125,0.81634521484375,2.5177001953125,0.005859375,1.037109375,0.108642578125
0.0,7.13348388671875,1.28936767578125,1.678466796875,0.017578125,1.0234375,0.11083984375
0.0,6.95037841796875,1.2969970703125,0.32806396484375,0.0048828125,1.005615234375,0.105712890625
0.0,6.87408447265625,1.38092041015625,-1.38092041015625,0.0234375,0.978271484375,0.100830078125
0.0,6.90460205078125,1.60980224609375,-2.4566650390625,0.02001953125,0.958984375,0.09423828125
0.0,7.14111328125,1.83868408203125,-3.753662109375,0.010009765625,0.945068359375,0.0927734375
0.0,6.99615478515625,1.62506103515625,-5.4473876953125,0.00439453125,0.954345703125,0.095458984375
0.0,7.04193115234375,1.983642578125,-5.69915771484375,0.013916015625,0.958984375,0.09619140625
0.0,6.87408447265625,2.11334228515625,-6.49261474609375,0.0,0.95068359375,0.0966796875
0.0,7.171630859375,2.18963623046875,-6.79779052734375,0.0,0.9677734375,0.095947265625
0.0,7.22503662109375,2.32696533203125,-6.3323974609375,0.001220703125,0.977783203125,0.101806640625
0.0,7.25555419921875,2.40325927734375,-6.4697265625,-0.01220703125,0.994873046875,0.100830078125
0.0,7.26318359375,2.47955322265625,-6.40869140625,-0.00634765625,1.0009765625,0.099365234375
0.0,7.5225830078125,2.63214111328125,-5.97381591796875,-0.001220703125,1.01416015625,0.09765625
0.0,7.232666015625,2.7008056640625,-5.5389404296875,-0.010009765625,1.038330078125,0.103515625
0.0,7.08770751953125,2.46429443359375,-5.33294677734375,-0.0185546875,1.023681640625,0.091064453125
0.0,6.90460205078125,2.78472900390625,-5.36346435546875,-0.0048828125,1.027099609375,0.09619140625
0.0,6.30950927734375,2.55584716796875,-5.18035888671875,-0.013427734375,1.023193359375,0.09423828125
0.0,6.11114501953125,2.5177001953125,-4.70733642578125,-0.00634765625,1.00830078125,0.0869140625
0.0,5.80596923828125,2.60162353515625,-4.44793701171875,-0.010498046875,1.0166015625,0.08740234375
0.0,5.2947998046875,2.52532958984375,-3.91387939453125,-0.01513671875,1.01318359375,0.087646484375
0.0,4.791259765625,2.49481201171875,-3.57818603515625,-0.01025390625,1.01171875,0.081298828125
0.0,4.3182373046875,2.60162353515625,-2.90679931640625,-0.013916015625,1.018310546875,0.08203125
0.0,3.70025634765625,2.55584716796875,-2.197265625,-0.02197265625,1.021728515625,0.084228515625
0.0,3.1890869140625,2.38800048828125,-1.922607421875,-0.021728515625,1.016357421875,0.07958984375
0.0,2.593994140625,2.38800048828125,-1.2054443359375,-0.011962890625,1.01513671875,0.085693359375
0.0,2.09808349609375,2.2735595703125,-0.48828125,-0.015625,1.0029296875,0.08056640625
0.0,1.68609619140625,2.2125244140625,-0.29754638671875,-0.00634765625,1.005615234375,0.083984375
0.0,1.39617919921875,2.227783203125,-0.26702880859375,-0.0087890625,1.008544921875,0.082275390625
0.0,1.068115234375,2.13623046875,-0.1678466796875,-0.00439453125,1.01416015625,0.0869140625
0.0,0.72479248046875,2.05230712890625,-0.29754638671875,-0.0078125,1.018310546875,0.083251953125
0.0,0.54168701171875,2.12860107421875,0.37384033203125,-0.0068359375,1.02001953125,0.08837890625
0.0,0.152587890625,1.99127197265625,0.5340576171875,-0.018310546875,1.02001953125,0.0859375
0.0,0.00762939453125,1.97601318359375,0.87738037109375,-0.0126953125,1.016357421875,0.08837890625
0.0,-0.19073486328125,1.89971923828125,1.3885498046875,-0.010498046875,1.016845703125,0.087890625
0.0,-0.3509521484375,2.00653076171875,2.06756591796875,-0.009521484375,1.01220703125,0.08935546875
0.0,-0.51116943359375,1.85394287109375,2.52532958984375,-0.014892578125,1.014404296875,0.0849609375
0.0,-0.5340576171875,1.94549560546875,2.55584716796875,-0.01220703125,1.01220703125,0.085693359375
0.0,-0.67901611328125,1.983642578125,2.63214111328125,-0.012451171875,1.00439453125,0.08544921875
0.0,-0.6256103515625,2.00653076171875,2.83050537109375,-0.0166015625,1.0009765625,0.0830078125
0.0,-0.640869140625,1.88446044921875,2.9296875,-0.0087890625,0.9970703125,0.085693359375
0.0,-0.6561279296875,1.91497802734375,2.93731689453125,-0.017578125,1.001708984375,0.07861328125
0.0,-1.12152099609375,1.922607421875,2.61688232421875,-0.015625,1.01220703125,0.0751953125
0.0,-1.312255859375,1.68609619140625,2.20489501953125,-0.015869140625,0.981201171875,0.080078125
0.0,-0.90789794921875,1.708984375,1.83868408203125,-0.0068359375,0.968505859375,0.095458984375
0.0,-0.7476806640625,1.67083740234375,1.42669677734375,-0.01708984375,0.992431640625,0.0927734375
0.0,-0.518798828125,1.6326904296875,1.2969970703125,-0.017822265625,0.97998046875,0.090087890625
0.0,-0.03814697265625,1.5411376953125,1.09100341796875,-0.02490234375,0.966796875,0.0947265625
0.0,0.42724609375,1.64794921875,0.9613037109375,-0.024658203125,0.962158203125,0.102783203125
0.0,0.86212158203125,1.4495849609375,0.60272216796875,-0.030517578125,0.9658203125,0.10009765625
0.0,1.60980224609375,1.46484375,0.518798828125,-0.026611328125,0.9599609375,0.101806640625
0.0,2.2125244140625,1.33514404296875,0.5645751953125,-0.02392578125,0.955322265625,0.10009765625
0.0,2.96783447265625,1.30462646484375,0.49591064453125,-0.02294921875,0.950439453125,0.099853515625
0.0,3.59344482421875,1.2969970703125,-0.05340576171875,-0.02490234375,0.956298828125,0.104736328125
0.0,4.2266845703125,1.12152099609375,-0.51116943359375,-0.02587890625,0.948486328125,0.1015625
0.0,4.791259765625,1.09100341796875,-0.8544921875,-0.01513671875,0.94775390625,0.105712890625
0.0,5.4779052734375,1.068115234375,-1.07574462890625,-0.017578125,0.942138671875,0.10302734375
0.0,6.29425048828125,1.0223388671875,-1.04522705078125,-0.017822265625,0.938720703125,0.111328125
0.0,6.988525390625,0.8697509765625,-1.5106201171875,-0.021240234375,0.94189453125,0.109619140625
0.0,8.21685791015625,0.9613037109375,-1.0223388671875,-0.02587890625,0.96337890625,0.112548828125
0.0,8.85772705078125,0.77056884765625,-0.78582763671875,-0.021728515625,0.98486328125,0.106689453125
0.0,9.246826171875,0.9765625,-0.5340576171875,-0.01806640625,0.994140625,0.109375
0.0,9.6588134765625,0.92315673828125,-0.03814697265625,-0.03076171875,1.00537109375,0.1064453125
0.0,9.674072265625,0.79345703125,-0.1983642578125,-0.01953125,1.005859375,0.108642578125
0.0,10.0250244140625,0.8544921875,0.31280517578125,-0.017333984375,0.995361328125,0.101318359375
0.0,10.29205322265625,0.86212158203125,1.15203857421875,-0.01806640625,0.98388671875,0.108642578125
0.0,10.3607177734375,0.61798095703125,0.96893310546875,-0.021484375,0.98095703125,0.1025390625
0.0,10.68115234375,0.8544921875,0.95367431640625,-0.01318359375,0.990478515625,0.098876953125
0.0,10.52093505859375,0.81634521484375,1.1138916015625,-0.027587890625,1.0029296875,0.100341796875
0.0,10.33782958984375,0.457763671875,1.1444091796875,-0.023193359375,1.0029296875,0.096923828125
0.0,10.2996826171875,0.66375732421875,1.5106201171875,-0.0185546875,1.006591796875,0.09423828125
0.0,10.20050048828125,0.78582763671875,1.07574462890625,-0.03125,1.0322265625,0.095947265625
0.0,9.796142578125,0.3662109375,0.9002685546875,-0.0224609375,1.033935546875,0.095458984375
0.0,9.63592529296875,0.49591064453125,1.7242431640625,-0.023193359375,1.030029296875,0.083740234375
0.0,9.22393798828125,0.4119873046875,1.94549560546875,-0.035400390625,1.03564453125,0.0869140625
0.0,8.514404296875,0.19073486328125,1.54876708984375,-0.03662109375,1.026611328125,0.079833984375
0.0,7.80487060546875,0.20599365234375,1.4495849609375,-0.025146484375,1.01708984375,0.077880859375
0.0,7.2174072265625,0.20599365234375,1.33514404296875,-0.029052734375,1.0244140625,0.072021484375
0.0,6.5765380859375,0.0,1.190185546875,-0.02880859375,1.024658203125,0.07421875
0.0,5.8135986328125,-0.06866455078125,0.5340576171875,-0.024658203125,1.033447265625,0.0634765625
0.0,4.98199462890625,0.152587890625,-0.244140625,-0.02734375,1.02783203125,0.0712890625
0.0,4.05120849609375,-0.22125244140625,-0.8392333984375,-0.030029296875,1.0146484375,0.068115234375
0.0,3.18145751953125,-0.16021728515625,-1.59454345703125,-0.017578125,1.01318359375,0.062255859375
0.0,2.2430419921875,-0.08392333984375,-1.67083740234375,-0.02490234375,1.008056640625,0.061767578125
0.0,1.52587890625,-0.26702880859375,-1.73187255859375,-0.029296875,1.001708984375,0.062744140625
0.0,0.77056884765625,-0.335693359375,-1.86920166015625,-0.028076171875,1.0009765625,0.06591796875
0.0,0.25177001953125,-0.26702880859375,-2.0599365234375,-0.03759765625,1.00732421875,0.06298828125
0.0,-0.3662109375,-0.28228759765625,-2.60162353515625,-0.03271484375,1.007568359375,0.0673828125
0.0,-0.83160400390625,-0.3204345703125,-2.44903564453125,-0.0283203125,1.00732421875,0.066162109375
0.0,-1.28173828125,-0.28228759765625,-2.22015380859375,-0.02734375,1.00146484375,0.073486328125
0.0,-1.678466796875,-0.457763671875,-2.70843505859375,-0.02978515625,1.0,0.071044921875
0.0,-1.953125,-0.37384033203125,-3.36456298828125,-0.0185546875,1.000244140625,0.077392578125
0.0,-2.197265625,-0.45013427734375,-4.06646728515625,-0.02490234375,1.001953125,0.0751953125
0.0,-2.28118896484375,-0.54931640625,-4.852294921875,-0.016357421875,1.01171875,0.074951171875
0.0,-2.60162353515625,-0.518798828125,-4.7760009765625,-0.0205078125,1.017822265625,0.079345703125
0.0,-2.8228759765625,-0.70953369140625,-5.2642822265625,-0.030517578125,1.026123046875,0.075927734375
0.0,-3.10516357421875,-0.55694580078125,-6.27899169921875,-0.01708984375,1.012939453125,0.083251953125
0.0,-3.1890869140625,-0.57220458984375,-6.62994384765625,-0.021240234375,1.01611328125,0.0830078125
0.0,-3.25775146484375,-0.58746337890625,-6.9427490234375,-0.009033203125,1.016357421875,0.083740234375
0.0,-3.37982177734375,-0.58746337890625,-6.66046142578125,-0.018310546875,1.017578125,0.0830078125
0.0,-3.3721923828125,-0.640869140625,-6.317138671875,-0.02587890625,1.0068359375,0.083251953125
0.0,-3.34930419921875,-0.732421875,-6.47735595703125,-0.03173828125,1.009033203125,0.0849609375
0.0,-3.34930419921875,-0.8697509765625,-6.561279296875,-0.035400390625,1.013427734375,0.083740234375
0.0,-3.47137451171875,-0.95367431640625,-6.7291259765625,-0.0185546875,1.0087890625,0.085205078125
0.0,-3.387451171875,-0.9613037109375,-6.11114501953125,-0.021240234375,0.9970703125,0.079345703125
0.0,-3.34930419921875,-1.0223388671875,-5.80596923828125,-0.02197265625,0.989501953125,0.083251953125
0.0,-3.24249267578125,-1.190185546875,-5.92803955078125,-0.02734375,0.97607421875,0.079345703125
0.0,-2.8533935546875,-1.1749267578125,-5.72967529296875,-0.02001953125,0.9755859375,0.082763671875
0.0,-2.532958984375,-1.31988525390625,-5.22613525390625,-0.028076171875,0.98583984375,0.083984375
0.0,-2.18963623046875,-1.3885498046875,-4.11224365234375,-0.033447265625,0.98828125,0.08544921875
0.0,-2.0904541015625,-1.5411376953125,-3.2501220703125,-0.032958984375,0.99072265625,0.079345703125
0.0,-1.800537109375,-1.48773193359375,-2.22015380859375,-0.0341796875,0.980712890625,0.080078125
0.0,-1.41143798828125,-1.65557861328125,-0.9307861328125,-0.0302734375,0.99609375,0.085693359375
0.0,-1.10626220703125,-1.59454345703125,0.274658203125,-0.02392578125,1.00390625,0.083984375
0.0,-0.6866455078125,-1.617431640625,1.41143798828125,-0.031982421875,1.03076171875,0.089111328125
0.0,-0.28228759765625,-1.56402587890625,1.88446044921875,-0.01806640625,1.066162109375,0.08837890625
0.0,-0.03814697265625,-1.57928466796875,2.64739990234375,-0.009765625,1.065673828125,0.100341796875
0.0,0.12969970703125,-1.50299072265625,1.922607421875,-0.001953125,1.100341796875,0.102783203125
0.0,0.1220703125,-1.45721435546875,2.1514892578125,-0.004638671875,1.085693359375,0.10498046875
0.0,0.17547607421875,-1.5869140625,2.03704833984375,0.00439453125,1.079833984375,0.105712890625
0.0,0.54168701171875,-1.28936767578125,2.105712890625,0.00146484375,1.07275390625,0.107177734375
0.0,0.84686279296875,-1.41143798828125,0.274658203125,0.015869140625,1.080322265625,0.110107421875
0.0,0.89263916015625,-1.007080078125,-0.70953369140625,0.02880859375,1.0751953125,0.108642578125
0.0,1.068115234375,-0.91552734375,-1.129150390625,0.02294921875,1.06396484375,0.112060546875
0.0,1.15203857421875,-0.701904296875,-2.2430419921875,0.026611328125,1.056640625,0.10986328125
0.0,1.373291015625,-0.38909912109375,-3.16619873046875,0.021728515625,1.064208984375,0.110595703125
0.0,1.52587890625,-0.335693359375,-3.753662109375,0.0244140625,1.075439453125,0.116943359375
0.0,1.82342529296875,-0.0762939453125,-4.23431396484375,0.01953125,1.07568359375,0.11669921875
0.0,1.93023681640625,-0.0152587890625,-4.90570068359375,0.027099609375,1.074462890625,0.12158203125
0.0,2.11334228515625,0.396728515625,-5.706787109375,0.031005859375,1.056640625,0.11279296875
0.0,2.20489501953125,0.66375732421875,-6.103515625,0.03125,1.04150390625,0.119140625
0.0,2.32696533203125,0.81634521484375,-5.706787109375,0.022216796875,1.010498046875,0.115234375
0.0,2.471923828125,1.13677978515625,-5.5389404296875,0.018310546875,0.963134765625,0.109619140625
0.0,2.70843505859375,1.220703125,-5.50079345703125,0.010009765625,0.912841796875,0.099609375
0.0,3.30352783203125,1.64794921875,-4.57763671875,0.02099609375,0.85888671875,0.087646484375
0.0,3.814697265625,1.8157958984375,-3.0975341796875,0.0087890625,0.894775390625,0.0908203125
0.0,4.24957275390625,2.29644775390625,-1.5869140625,0.007080078125,0.910400390625,0.084716796875
0.0,4.37164306640625,2.46429443359375,0.78582763671875,-0.010986328125,0.948486328125,0.081298828125
0.0,4.31060791015625,2.899169921875,2.93731689453125,-0.01953125,0.961181640625,0.080078125
0.0,4.33349609375,3.13568115234375,5.79833984375,-0.033935546875,0.954345703125,0.07470703125
0.0,4.4708251953125,3.387451171875,8.24737548828125,-0.027587890625,0.947509765625,0.07861328125
0.0,4.302978515625,3.5858154296875,10.90240478515625,-0.019287109375,0.9404296875,0.076171875
0.0,4.73785400390625,4.0130615234375,14.58740234375,-0.01708984375,0.92041015625,0.068603515625
0.0,4.9591064453125,4.2724609375,17.37213134765625,-0.02587890625,0.912353515625,0.069091796875
0.0,5.279541015625,4.58526611328125,19.744873046875,-0.023193359375,0.910400390625,0.072509765625
0.0,5.4168701171875,4.791259765625,21.575927734375,-0.02294921875,0.9404296875,0.0712890625
0.0,5.89752197265625,5.2337646484375,23.4527587890625,-0.021728515625,0.959228515625,0.070068359375
0.0,5.95855712890625,5.4779052734375,25.390625,-0.018798828125,0.996826171875,0.077880859375
0.0,5.69915771484375,5.65338134765625,26.45111083984375,-0.018310546875,1.0068359375,0.07763671875
0.0,5.72967529296875,6.00433349609375,27.21405029296875,-0.003173828125,0.986083984375,0.080322265625
0.0,5.45501708984375,6.3323974609375,27.28271484375,0.006591796875,1.01904296875,0.07666015625
0.0,5.767822265625,6.683349609375,27.313232421875,0.0126953125,1.01123046875,0.078125
0.0,5.66864013671875,7.02667236328125,25.15411376953125,0.01953125,1.063720703125,0.085693359375
0.0,5.36346435546875,7.232666015625,22.42279052734375,0.03173828125,1.0087890625,0.083984375
0.0,5.16510009765625,7.5225830078125,19.92034912109375,0.045654296875,0.985595703125,0.083740234375
0.0,4.7760009765625,7.98797607421875,17.14324951171875,0.034912109375,0.921142578125,0.0703125
0.0,4.89044189453125,7.98797607421875,14.7552490234375,0.023681640625,0.874267578125,0.06494140625
0.0,5.01251220703125,8.26263427734375,12.87841796875,0.015625,0.900390625,0.057861328125
0.0,5.0506591796875,8.38470458984375,11.02447509765625,0.002197265625,0.902099609375,0.05712890625
0.0,5.0201416015625,8.68988037109375,8.97216796875,0.0029296875,0.927978515625,0.0478515625
0.0,4.57763671875,9.09423828125,6.6986083984375,-0.0107421875,0.908935546875,0.0546875
0.0,4.3487548828125,9.1094970703125,5.9356689453125,-0.003173828125,0.88427734375,0.0380859375
0.0,4.00543212890625,9.490966796875,5.8441162109375,-0.00927734375,0.8310546875,0.032958984375
0.0,3.86810302734375,9.54437255859375,5.71441650390625,-0.03759765625,0.813720703125,0.0283203125
0.0,4.00543212890625,9.613037109375,5.34820556640625,-0.0400390625,0.802001953125,0.019775390625
0.0,4.03594970703125,9.49859619140625,5.4931640625,-0.04541015625,0.814453125,0.02392578125
0.0,4.119873046875,9.5367431640625,5.6915283203125,-0.041015625,0.8388671875,0.020751953125
0.0,4.21905517578125,9.9334716796875,6.81304931640625,-0.055908203125,0.8427734375,0.01318359375
0.0,3.84521484375,9.5367431640625,6.9122314453125,-0.06640625,0.852783203125,0.018798828125
0.0,3.39508056640625,9.62066650390625,7.87353515625,-0.058349609375,0.8525390625,0.0146484375
0.0,3.65447998046875,9.78851318359375,8.7127685546875,-0.07373046875,0.86181640625,0.009521484375
0.0,3.90625,9.77325439453125,9.9029541015625,-0.061767578125,0.90185546875,0.021484375
0.0,3.80706787109375,9.58251953125,10.772705078125,-0.0791015625,0.967041015625,0.017822265625
0.0,4.00543212890625,9.3536376953125,10.833740234375,-0.072509765625,1.001220703125,0.0224609375
0.0,3.88336181640625,9.5062255859375,10.406494140625,-0.061767578125,1.05224609375,0.03173828125
0.0,3.16619873046875,9.21630859375,9.033203125,-0.033203125,1.081787109375,0.041259765625
0.0,3.22723388671875,9.429931640625,8.575439453125,-0.032958984375,1.101806640625,0.046142578125
0.0,2.92205810546875,9.1094970703125,5.25665283203125,-0.03125,1.046875,0.04833984375
0.0,3.265380859375,9.0789794921875,3.02886962890625,-0.009033203125,1.054443359375,0.055419921875
0.0,3.35693359375,9.10186767578125,-0.885009765625,-0.0126953125,1.059814453125,0.061279296875
0.0,3.36456298828125,8.85772705078125,-6.195068359375,0.01513671875,1.04638671875,0.0673828125
0.0,3.07464599609375,8.97216796875,-9.86480712890625,0.017578125,0.950927734375,0.066650390625
0.0,3.91387939453125,8.7738037109375,-13.05389404296875,0.003662109375,0.955810546875,0.056884765625
0.0,4.55474853515625,8.9569091796875,-17.059326171875,0.0078125,0.99267578125,0.060546875
0.0,5.126953125,8.99505615234375,-19.59228515625,0.0048828125,1.001708984375,0.075439453125
0.0,5.126953125,8.91876220703125,-22.74322509765625,0.008544921875,1.03515625,0.059814453125
0.0,5.39398193359375,9.124755859375,-24.444580078125,0.0048828125,1.066650390625,0.0673828125
0.0,5.2337646484375,9.05609130859375,-26.0772705078125,-0.00146484375,1.07177734375,0.0693359375
0.0,4.8828125,9.02557373046875,-27.9693603515625,-0.001708984375,1.0244140625,0.077880859375
0.0,4.547119140625,9.14764404296875,-27.9693603515625,-0.00439453125,0.985595703125,0.06103515625
0.0,4.974365234375,8.8043212890625,-28.25927734375,-0.03662109375,0.943115234375,0.06591796875
0.0,5.340576171875,8.636474609375,-28.35845947265625,-0.019287109375,0.90380859375,0.0498046875
0.0,5.7525634765625,8.941650390625,-27.89306640625,-0.03173828125,0.911376953125,0.058837890625
0.0,5.72967529296875,8.32366943359375,-27.1148681640625,-0.0341796875,0.90478515625,0.05126953125
0.0,6.195068359375,8.55255126953125,-24.688720703125,-0.03466796875,0.91650390625,0.044921875
0.0,6.3323974609375,8.209228515625,-22.62115478515625,-0.06494140625,1.015625,0.052490234375
0.0,6.55364990234375,8.1787109375,-19.90509033203125,-0.060791015625,1.13525390625,0.05078125
0.0,6.58416748046875,8.0108642578125,-16.85333251953125,-0.06494140625,1.263671875,0.07373046875
0.0,5.91278076171875,7.65228271484375,-14.95361328125,-0.0478515625,1.335205078125,0.081298828125
0.0,4.82177734375,7.568359375,-12.48931884765625,-0.052734375,1.2373046875,0.095703125
0.0,3.936767578125,7.0953369140625,-11.83319091796875,-0.04736328125,1.12255859375,0.095703125
0.0,4.00543212890625,7.049560546875,-10.6658935546875,-0.033935546875,1.04052734375,0.099365234375
0.0,4.53948974609375,6.38580322265625,-9.9029541015625,-0.027587890625,0.999755859375,0.09619140625
0.0,5.11932373046875,6.4239501953125,-8.17108154296875,0.00244140625,0.996337890625,0.085693359375
0.0,5.76019287109375,6.12640380859375,-6.8359375,-0.02392578125,1.02880859375,0.093017578125
0.0,6.11114501953125,6.11114501953125,-7.19451904296875,-0.01611328125,1.03369140625,0.094970703125
0.0,5.7525634765625,5.92041015625,-7.07244873046875,-0.025146484375,1.036376953125,0.086181640625
0.0,5.59234619140625,5.5389404296875,-6.378173828125,-0.02099609375,1.068603515625,0.087158203125
0.0,5.63812255859375,5.462646484375,-5.18798828125,-0.01806640625,1.039794921875,0.092529296875
0.0,5.1727294921875,4.99725341796875,-5.1116943359375,-0.0107421875,1.0419921875,0.0849609375
0.0,5.28717041015625,4.89044189453125,-4.180908203125,-0.01318359375,1.035888671875,0.092041015625
0.0,5.126953125,4.45556640625,-4.81414794921875,-0.017333984375,0.990234375,0.08203125
0.0,5.25665283203125,4.241943359375,-4.38690185546875,-0.012451171875,0.973388671875,0.08935546875
0.0,5.1422119140625,4.02069091796875,-3.79180908203125,-0.01806640625,0.971435546875,0.079833984375
0.0,5.218505859375,3.9520263671875,-2.8228759765625,-0.0234375,0.9775390625,0.0771484375
0.0,4.92095947265625,3.5247802734375,-1.2969970703125,-0.041015625,1.000732421875,0.065673828125
0.0,4.3182373046875,3.30352783203125,-0.1983642578125,-0.043212890625,1.0185546875,0.064208984375
0.0,3.8299560546875,3.173828125,1.0986328125,-0.047119140625,1.02490234375,0.05712890625
0.0,3.1280517578125,2.99835205078125,3.21197509765625,-0.049560546875,1.077392578125,0.056640625
0.0,1.8768310546875,2.38800048828125,4.8980712890625,-0.05810546875,1.1005859375,0.047607421875
0.0,0.8392333984375,2.20489501953125,6.3934326171875,-0.0576171875,1.099853515625,0.056396484375
0.0,-0.72479248046875,1.88446044921875,7.4005126953125,-0.046142578125,1.0556640625,0.060546875
0.0,-1.35040283203125,1.47247314453125,8.26263427734375,-0.04931640625,1.013671875,0.05908203125
0.0,-1.99127197265625,1.40380859375,8.75091552734375,-0.041015625,1.007080078125,0.06005859375
0.0,-2.5177001953125,1.04522705078125,9.7198486328125,-0.055419921875,0.99560546875,0.053466796875
0.0,-3.0059814453125,0.7476806640625,10.87188720703125,-0.059814453125,0.986328125,0.06103515625
0.0,-3.25775146484375,0.46539306640625,10.33782958984375,-0.0625,0.990234375,0.056640625
0.0,-3.36456298828125,0.396728515625,10.3302001953125,-0.05517578125,1.00537109375,0.061279296875
0.0,-3.77655029296875,0.0457763671875,10.13946533203125,-0.05908203125,1.00732421875,0.054443359375
0.0,-4.21142578125,-0.12969970703125,9.7503662109375,-0.0498046875,0.988525390625,0.056396484375
0.0,-4.06646728515625,-0.335693359375,10.345458984375,-0.0615234375,0.936767578125,0.059326171875
0.0,-3.997802734375,-0.6256103515625,9.82666015625,-0.063232421875,0.93212890625,0.060546875
0.0,-3.47137451171875,-0.72479248046875,9.979248046875,-0.076416015625,0.9423828125,0.0556640625
0.0,-2.81524658203125,-1.07574462890625,9.86480712890625,-0.078125,0.947509765625,0.0634765625
0.0,-2.55584716796875,-1.25885009765625,9.21630859375,-0.06689453125,0.952880859375,0.0673828125
0.0,-1.708984375,-1.3580322265625,9.13238525390625,-0.06982421875,0.942138671875,0.0634765625
0.0,-1.12152099609375,-1.4495849609375,8.48388671875,-0.064453125,0.960693359375,0.072021484375
0.0,-0.41961669921875,-1.5869140625,8.29315185546875,-0.0654296875,0.968505859375,0.06396484375
0.0,0.0,-1.71661376953125,7.99560546875,-0.066162109375,1.00048828125,0.066650390625
0.0,0.64849853515625,-1.99127197265625,7.171630859375,-0.076904296875,0.988037109375,0.0625
0.0,1.42669677734375,-2.08282470703125,6.1492919921875,-0.064453125,1.013427734375,0.075927734375
0.0,2.32696533203125,-2.41851806640625,4.24957275390625,-0.062255859375,1.030029296875,0.075927734375
0.0,2.9144287109375,-2.52532958984375,3.13568115234375,-0.04541015625,1.055419921875,0.07861328125
0.0,3.2806396484375,-2.55584716796875,1.25885009765625,-0.054443359375,1.08203125,0.08349609375
0.0,3.9520263671875,-2.74658203125,-0.42724609375,-0.044189453125,1.07275390625,0.094970703125
0.0,4.302978515625,-2.83050537109375,-2.78472900390625,-0.044677734375,1.1025390625,0.09423828125
0.0,4.72259521484375,-3.01361083984375,-4.425048828125,-0.0400390625,1.07177734375,0.0947265625
0.0,5.035400390625,-3.1280517578125,-5.95855712890625,-0.033203125,1.0107421875,0.10009765625
0.0,5.62286376953125,-3.4027099609375,-7.98797607421875,-0.029052734375,0.94091796875,0.09716796875
0.0,6.6680908203125,-3.3416748046875,-9.62066650390625,-0.029541015625,0.912109375,0.08544921875
0.0,7.659912109375,-3.3721923828125,-11.04736328125,-0.0439453125,0.9365234375,0.076904296875
0.0,8.67462158203125,-3.54766845703125,-11.25335693359375,-0.041748046875,0.97802734375,0.080078125
0.0,9.1705322265625,-3.86810302734375,-12.1307373046875,-0.046630859375,0.991455078125,0.079833984375
0.0,9.52911376953125,-3.631591796875,-12.45880126953125,-0.043701171875,1.021484375,0.08642578125
0.0,9.59014892578125,-3.9215087890625,-12.26043701171875,-0.052490234375,1.03564453125,0.080078125
0.0,10.07080078125,-3.88336181640625,-11.60430908203125,-0.0380859375,1.04638671875,0.079833984375
0.0,10.6048583984375,-4.1046142578125,-10.3759765625,-0.055908203125,1.07958984375,0.088623046875
0.0,10.6658935546875,-4.46319580078125,-9.3994140625,-0.05419921875,1.089111328125,0.091796875
0.0,10.8489990234375,-4.35638427734375,-9.55963134765625,-0.052490234375,1.08349609375,0.089111328125
0.0,10.96343994140625,-4.58526611328125,-8.64410400390625,-0.050048828125,1.1201171875,0.08642578125
0.0,10.4522705078125,-4.66156005859375,-8.36944580078125,-0.029296875,1.09619140625,0.0908203125
0.0,10.32257080078125,-4.7454833984375,-7.4920654296875,-0.029541015625,1.067138671875,0.0810546875
0.0,10.31494140625,-4.9896240234375,-6.2255859375,-0.02978515625,1.05908203125,0.083251953125
0.0,9.8419189453125,-5.126953125,-5.7525634765625,-0.02880859375,1.047119140625,0.07568359375
0.0,9.77325439453125,-4.791259765625,-5.279541015625,-0.03173828125,1.0576171875,0.06982421875
0.0,9.307861328125,-4.98199462890625,-4.5166015625,-0.03271484375,1.104736328125,0.07470703125
0.0,8.56781005859375,-5.2490234375,-2.9144287109375,-0.02734375,1.125244140625,0.065185546875
0.0,7.85064697265625,-4.974365234375,-1.04522705078125,-0.02392578125,1.142333984375,0.071533203125
0.0,6.85882568359375,-5.05828857421875,0.16021728515625,-0.03125,1.16796875,0.07080078125
0.0,5.43975830078125,-4.913330078125,0.823974609375,-0.02392578125,1.146728515625,0.074462890625
0.0,4.6234130859375,-4.82177734375,2.78472900390625,-0.01513671875,1.1015625,0.074462890625
0.0,3.7384033203125,-4.7454833984375,4.11224365234375,-0.012939453125,1.074951171875,0.076904296875
0.0,3.0975341796875,-4.974365234375,5.43975830078125,-0.016357421875,1.040283203125,0.069580078125
0.0,2.67791748046875,-4.53948974609375,6.3629150390625,-0.007080078125,1.00830078125,0.067138671875
0.0,2.11334228515625,-4.4097900390625,6.76727294921875,-0.01611328125,0.988525390625,0.072021484375
0.0,1.312255859375,-4.39453125,8.1024169921875,-0.017578125,1.00048828125,0.054931640625
0.0,0.78582763671875,-4.20379638671875,9.3994140625,-0.01806640625,0.998779296875,0.0458984375
0.0,0.09918212890625,-4.15802001953125,10.894775390625,-0.0224609375,0.98974609375,0.049560546875
0.0,-0.6256103515625,-3.72314453125,12.0086669921875,-0.024658203125,0.918701171875,0.050537109375
0.0,-1.01470947265625,-3.62396240234375,12.8326416015625,-0.031494140625,0.8662109375,0.043701171875
0.0,-1.56402587890625,-3.34930419921875,14.2669677734375,-0.03466796875,0.818603515625,0.034423828125
0.0,-1.708984375,-3.24249267578125,16.937255859375,-0.048583984375,0.75732421875,0.016357421875
0.0,-1.28173828125,-3.021240234375,19.622802734375,-0.053955078125,0.7705078125,0.013427734375
0.0,-1.5411376953125,-2.777099609375,22.66693115234375,-0.072509765625,0.794677734375,0.006591796875
0.0,-1.8157958984375,-2.5177001953125,24.6734619140625,-0.0859375,0.82080078125,0.00048828125
0.0,-2.3956298828125,-2.25067138671875,27.862548828125,-0.10205078125,0.8330078125,-0.017822265625
0.0,-3.33404541015625,-2.35748291015625,30.86090087890625,-0.1123046875,0.853271484375,-0.01708984375
0.0,-4.21905517578125,-1.99127197265625,34.04998779296875,-0.10595703125,0.841796875,-0.0224609375
0.0,-4.82177734375,-2.06756591796875,36.85760498046875,-0.131103515625,0.82080078125,-0.016357421875
0.0,-5.401611328125,-2.55584716796875,38.604736328125,-0.103759765625,0.813720703125,-0.019287109375
0.0,-5.2490234375,-2.11334228515625,39.794921875,-0.1064453125,0.8271484375,-0.024658203125
0.0,-5.5389404296875,-2.06756591796875,40.496826171875,-0.096435546875,0.84619140625,-0.01611328125
0.0,-5.86700439453125,-2.044677734375,40.22216796875,-0.10009765625,0.84619140625,-0.018310546875
0.0,-5.7373046875,-2.0904541015625,41.0614013671875,-0.09375,0.873291015625,-0.0126953125
0.0,-5.80596923828125,-2.20489501953125,39.0625,-0.094482421875,0.907470703125,-0.007568359375
0.0,-5.1116943359375,-1.8463134765625,36.9110107421875,-0.08056640625,0.94970703125,0.006103515625
0.0,-5.07354736328125,-2.044677734375,33.16497802734375,-0.059814453125,0.966064453125,0.008544921875
0.0,-4.69970703125,-1.85394287109375,29.4189453125,-0.036376953125,0.980712890625,0.01953125
0.0,-3.95965576171875,-1.82342529296875,24.48272705078125,-0.018310546875,0.9970703125,0.023681640625
0.0,-3.0517578125,-1.64031982421875,19.500732421875,0.00341796875,0.978271484375,0.02978515625
0.0,-2.51007080078125,-1.373291015625,14.25933837890625,0.0166015625,1.001708984375,0.03125
0.0,-1.3580322265625,-1.21307373046875,5.27191162109375,0.01806640625,1.00732421875,0.03857421875
0.0,-0.69427490234375,-1.129150390625,-0.8087158203125,0.00732421875,0.9892578125,0.048828125
0.0,0.6256103515625,-0.81634521484375,-6.78253173828125,0.025634765625,0.9853515625,0.041748046875
0.0,1.80816650390625,-0.823974609375,-12.0086669921875,0.017578125,0.98388671875,0.06201171875
0.0,3.35693359375,-0.701904296875,-17.608642578125,0.034912109375,0.9931640625,0.052001953125
0.0,4.669189453125,-0.06866455078125,-22.85003662109375,0.03759765625,1.003662109375,0.058349609375
0.0,5.77545166015625,-0.1068115234375,-27.70233154296875,0.035888671875,0.99853515625,0.060302734375
0.0,7.1563720703125,0.43487548828125,-31.524658203125,0.050537109375,0.99560546875,0.06298828125
0.0,8.48388671875,0.701904296875,-34.44671630859375,0.02490234375,1.00146484375,0.06591796875
0.0,9.857177734375,0.9613037109375,-37.74261474609375,0.036376953125,1.016845703125,0.064453125
0.0,11.08551025390625,1.65557861328125,-38.57421875,0.0322265625,1.010009765625,0.063232421875
0.0,11.94000244140625,1.85394287109375,-39.9627685546875,0.0087890625,0.993896484375,0.06689453125
0.0,13.153076171875,2.17437744140625,-39.11590576171875,0.02392578125,0.99853515625,0.05810546875
0.0,13.73291015625,2.7008056640625,-38.04779052734375,0.0126953125,1.01708984375,0.052978515625
0.0,13.946533203125,2.9754638671875,-35.34698486328125,-0.010498046875,0.99072265625,0.0419921875
0.0,14.0838623046875,3.36456298828125,-32.28759765625,-0.005126953125,1.028076171875,0.032470703125
0.0,13.9617919921875,3.6773681640625,-28.02276611328125,-0.029052734375,1.01953125,0.0322265625
0.0,14.04571533203125,3.66973876953125,-23.88763427734375,-0.05419921875,1.010009765625,0.02294921875
0.0,13.8092041015625,3.97491455078125,-20.2178955078125,-0.038818359375,1.056396484375,0.028564453125
0.0,13.3514404296875,3.753662109375,-15.6402587890625,-0.0537109375,1.05224609375,0.03759765625
0.0,13.1988525390625,4.09698486328125,-11.1083984375,-0.023681640625,1.04541015625,0.029052734375
0.0,12.8021240234375,3.9520263671875,-7.37762451171875,-0.03125,1.0625,0.041015625
0.0,12.53509521484375,3.92913818359375,-3.68499755859375,-0.01220703125,1.039306640625,0.0419921875
0.0,11.98577880859375,4.28009033203125,-0.79345703125,-0.004150390625,0.998779296875,0.034423828125
0.0,11.871337890625,4.06646728515625,2.12860107421875,-0.016845703125,0.960693359375,0.0341796875
0.0,11.17706298828125,4.0130615234375,4.9591064453125,-0.01708984375,0.880615234375,0.025634765625
0.0,11.16943359375,3.9215087890625,8.04901123046875,-0.0419921875,0.83740234375,0.015380859375
0.0,11.07025146484375,3.5858154296875,10.9100341796875,-0.026611328125,0.847412109375,0.010009765625
0.0,10.99395751953125,3.54766845703125,14.51873779296875,-0.03173828125,0.82763671875,-0.00439453125
0.0,10.73455810546875,3.4942626953125,17.059326171875,-0.053955078125,0.87109375,0.000244140625
0.0,9.95635986328125,2.98309326171875,18.59283447265625,-0.054931640625,0.877197265625,-0.007568359375
0.0,9.5672607421875,3.1280517578125,21.11053466796875,-0.05029296875,0.87548828125,-0.010986328125
0.0,8.79669189453125,2.5634765625,23.4222412109375,-0.070556640625,0.899169921875,-0.01123046875
0.0,8.18634033203125,2.227783203125,24.627685546875,-0.070068359375,0.917236328125,-0.01220703125
0.0,7.59124755859375,1.67083740234375,26.14593505859375,-0.0703125,0.94189453125,-0.0078125
0.0,6.8817138671875,1.25885009765625,27.09197998046875,-0.055419921875,0.984375,-0.009765625
0.0,6.1187744140625,0.9918212890625,27.6641845703125,-0.060302734375,0.998779296875,-0.009033203125
0.0,5.1116943359375,0.640869140625,26.7333984375,-0.056884765625,0.993408203125,-0.01318359375
0.0,4.24957275390625,0.22125244140625,25.61187744140625,-0.052001953125,1.010498046875,-0.004638671875
0.0,3.79180908203125,-0.19073486328125,24.1851806640625,-0.03955078125,1.02490234375,-0.0078125
0.0,3.143310546875,-0.29754638671875,22.51434326171875,-0.031494140625,1.068359375,-0.003173828125
0.0,2.4871826171875,-0.823974609375,19.63043212890625,-0.029296875,1.11328125,-0.00830078125
0.0,1.5411376953125,-0.98419189453125,15.1214599609375,-0.0009765625,1.172119140625,0.00244140625
0.0,0.8544921875,-1.27410888671875,10.345458984375,0.00439453125,1.20751953125,0.007568359375
0.0,-0.37384033203125,-1.40380859375,3.90625,0.03662109375,1.206298828125,0.012451171875
0.0,-1.67083740234375,-1.5411376953125,-2.43377685546875,0.0556640625,1.234130859375,0.0302734375
0.0,-2.14385986328125,-1.617431640625,-7.95745849609375,0.056640625,1.1826171875,0.027099609375
0.0,-3.021240234375,-1.80816650390625,-15.2130126953125,0.0693359375,1.179443359375,0.036376953125
0.0,-2.9144287109375,-1.6326904296875,-21.820068359375,0.080322265625,1.181396484375,0.0517578125
0.0,-2.74658203125,-1.50299072265625,-28.3660888671875,0.078125,1.1923828125,0.0625
0.0,-2.9296875,-1.4495849609375,-34.9273681640625,0.08837890625,1.15234375,0.06005859375
0.0,-2.90679931640625,-1.0833740234375,-39.78729248046875,0.093505859375,1.109375,0.072509765625
0.0,-2.46429443359375,-0.8544921875,-44.45648193359375,0.07861328125,1.080322265625,0.063232421875
0.0,-1.983642578125,-0.518798828125,-47.98126220703125,0.080078125,1.02587890625,0.067138671875
0.0,-1.2969970703125,-0.3662109375,-50.08697509765625,0.07177734375,1.028076171875,0.069091796875
0.0,-0.43487548828125,0.0762939453125,-50.9033203125,0.063232421875,0.971435546875,0.056884765625
0.0,0.17547607421875,0.20599365234375,-51.3458251953125,0.031494140625,0.95654296875,0.059326171875
0.0,0.99945068359375,0.3662109375,-49.87335205078125,0.034423828125,0.88525390625,0.06005859375
0.0,1.7242431640625,0.83160400390625,-47.607421875,0.010986328125,0.874755859375,0.058837890625
0.0,3.13568115234375,0.9918212890625,-43.95294189453125,-0.010986328125,0.8662109375,0.057373046875
0.0,4.2724609375,1.01470947265625,-38.94805908203125,-0.0205078125,0.886962890625,0.05029296875
0.0,5.68389892578125,1.373291015625,-29.937744140625,-0.038818359375,0.90771484375,0.04833984375
0.0,6.3018798828125,1.56402587890625,-24.4598388671875,-0.060302734375,0.9306640625,0.05224609375
0.0,6.76727294921875,1.48773193359375,-18.94378662109375,-0.06005859375,0.938232421875,0.05224609375
0.0,7.24029541015625,1.67083740234375,-12.64190673828125,-0.05126953125,0.930908203125,0.042236328125
0.0,7.75146484375,1.556396484375,-7.24029541015625,-0.048828125,0.936767578125,0.04736328125
0.0,8.2550048828125,1.67083740234375,-1.57928466796875,-0.044189453125,0.974365234375,0.038818359375
0.0,8.2855224609375,1.71661376953125,3.80706787109375,-0.05224609375,0.9853515625,0.039306640625
0.0,8.32366943359375,1.40380859375,8.2550048828125,-0.040771484375,1.0166015625,0.041748046875
0.0,8.0718994140625,1.64794921875,12.32147216796875,-0.03125,1.02294921875,0.044189453125
0.0,7.62176513671875,1.51824951171875,16.21246337890625,-0.032958984375,1.02197265625,0.03857421875
0.0,7.40814208984375,1.42669677734375,18.3563232421875,-0.0166015625,1.0615234375,0.0400390625
0.0,6.9580078125,1.51824951171875,20.86639404296875,0.001708984375,1.0576171875,0.0380859375
0.0,6.16455078125,1.68609619140625,22.43804931640625,-0.0068359375,1.05419921875,0.03662109375
0.0,5.16510009765625,1.38092041015625,22.74322509765625,-0.0048828125,1.05615234375,0.039794921875
0.0,4.96673583984375,1.56402587890625,23.5595703125,-0.00390625,1.060546875,0.0302734375
0.0,4.0283203125,1.35040283203125,23.0255126953125,0.000732421875,1.04345703125,0.034912109375
0.0,3.0670166015625,1.3427734375,22.16339111328125,0.0087890625,1.063720703125,0.02587890625
0.0,2.09808349609375,1.3885498046875,21.453857421875,0.015625,1.066162109375,0.030029296875
0.0,1.46484375,1.31988525390625,20.6146240234375,0.017822265625,1.05615234375,0.0263671875
0.0,0.640869140625,1.678466796875,19.6075439453125,0.005859375,1.054931640625,0.0263671875
0.0,-0.518798828125,1.41143798828125,18.2952880859375,-0.008056640625,1.0556640625,0.019287109375
0.0,-1.6021728515625,1.53350830078125,16.9219970703125,-0.003662109375,1.0615234375,0.01953125
0.0,-2.5787353515625,1.40380859375,15.625,-0.01953125,1.039794921875,0.010986328125
0.0,-3.387451171875,1.48773193359375,15.0604248046875,-0.01318359375,1.03125,0.01513671875
0.0,-4.45556640625,1.251220703125,14.09149169921875,-0.0302734375,1.042724609375,0.010986328125
0.0,-5.22613525390625,1.251220703125,13.092041015625,-0.02392578125,1.05224609375,0.00634765625
0.0,-6.15692138671875,1.2969970703125,11.32965087890625,-0.028076171875,1.083740234375,0.006591796875
0.0,-6.89697265625,1.22833251953125,9.63592529296875,-0.017578125,1.11328125,0.0205078125
0.0,-7.57598876953125,1.25885009765625,8.514404296875,-0.016357421875,1.15869140625,0.023193359375
0.0,-8.27789306640625,1.3427734375,6.195068359375,-0.02734375,1.201171875,0.028564453125
0.0,-9.1552734375,1.19781494140625,4.03594970703125,-0.01171875,1.279296875,0.04345703125
0.0,-10.18524169921875,1.3580322265625,0.61798095703125,0.009521484375,1.322021484375,0.05322265625
0.0,-11.13128662109375,1.373291015625,-1.86920166015625,0.016357421875,1.252197265625,0.069091796875
0.0,-12.42828369140625,1.39617919921875,-4.69970703125,0.0166015625,1.203125,0.068115234375
0.0,-12.5732421875,1.42669677734375,-8.39996337890625,0.0146484375,1.078369140625,0.066650390625
0.0,-12.22991943359375,1.5869140625,-11.28387451171875,0.01953125,1.04296875,0.0673828125
0.0,-11.45172119140625,1.8463134765625,-12.786865234375,0.02099609375,1.05615234375,0.06591796875
0.0,-10.894775390625,1.861572265625,-13.8092041015625,-0.008544921875,1.13671875,0.065673828125
0.0,-10.8795166015625,1.93023681640625,-15.960693359375,0.000244140625,1.17626953125,0.074462890625
0.0,-11.11602783203125,2.288818359375,-17.18902587890625,-0.001708984375,1.2197265625,0.0810546875
0.0,-11.37542724609375,2.3193359375,-17.974853515625,0.0,1.202392578125,0.09912109375
0.0,-11.444091796875,2.2735595703125,-18.4478759765625,-0.00048828125,1.19482421875,0.09326171875
0.0,-10.986328125,2.25067138671875,-17.64678955078125,-0.0146484375,1.157470703125,0.10791015625
0.0,-10.3912353515625,2.3651123046875,-18.829345703125,-0.024658203125,1.105712890625,0.10107421875
0.0,-9.28497314453125,2.29644775390625,-18.7225341796875,-0.0361328125,1.081298828125,0.110107421875
0.0,-8.41522216796875,2.29644775390625,-17.5933837890625,-0.02490234375,1.086181640625,0.1005859375
0.0,-7.69805908203125,2.37274169921875,-15.8843994140625,-0.04833984375,1.072509765625,0.088134765625
0.0,-6.93511962890625,2.03704833984375,-13.2293701171875,-0.05517578125,1.08447265625,0.09326171875
0.0,-6.561279296875,2.58636474609375,-11.8560791015625,-0.063720703125,1.06298828125,0.088134765625
0.0,-5.92041015625,2.22015380859375,-8.4381103515625,-0.0830078125,1.04296875,0.089599609375
0.0,-4.425048828125,2.2125244140625,-5.1422119140625,-0.074951171875,1.037353515625,0.092041015625
0.0,-3.0364990234375,2.1514892578125,-0.63323974609375,-0.09912109375,1.0693359375,0.10498046875
0.0,-1.33514404296875,1.99127197265625,2.8228759765625,-0.103759765625,1.06298828125,0.110107421875
0.0,-0.23651123046875,2.02178955078125,5.47027587890625,-0.1083984375,1.103759765625,0.11181640625
0.0,0.77056884765625,1.79290771484375,9.52911376953125,-0.111083984375,1.093994140625,0.093994140625
0.0,1.495361328125,1.8768310546875,13.31329345703125,-0.112060546875,1.08544921875,0.08056640625
0.0,1.73187255859375,1.36566162109375,17.14324951171875,-0.12060546875,1.0498046875,0.059814453125
0.0,1.79290771484375,1.40380859375,20.04241943359375,-0.10595703125,0.98583984375,0.05224609375
0.0,1.6326904296875,1.068115234375,21.7132568359375,-0.112060546875,0.9111328125,0.043701171875
0.0,1.93023681640625,0.66375732421875,23.49853515625,-0.08154296875,0.865234375,0.041015625
0.0,2.41851806640625,0.51116943359375,25.3143310546875,-0.083984375,0.83154296875,0.042236328125
0.0,2.471923828125,0.16021728515625,25.96282958984375,-0.0830078125,0.80712890625,0.0361328125
0.0,2.8533935546875,-0.05340576171875,26.1993408203125,-0.077392578125,0.84765625,0.03515625
0.0,3.265380859375,-0.335693359375,26.3214111328125,-0.092529296875,0.893798828125,0.044189453125
0.0,3.35693359375,-0.5950927734375,25.9552001953125,-0.08837890625,0.93115234375,0.038818359375
0.0,3.2196044921875,-0.640869140625,25.81787109375,-0.07568359375,0.988037109375,0.043701171875
0.0,2.8533935546875,-0.72479248046875,25.52032470703125,-0.090576171875,0.9541015625,0.026123046875
0.0,2.471923828125,-1.1138916015625,24.658203125,-0.10302734375,0.947998046875,0.02783203125
0.0,2.14385986328125,-1.5716552734375,23.39935302734375,-0.10595703125,0.91650390625,0.018798828125
0.0,2.1514892578125,-1.8463134765625,22.66693115234375,-0.0986328125,0.891357421875,0.020751953125
0.0,2.43377685546875,-2.12860107421875,20.9808349609375,-0.108154296875,0.890625,0.020263671875
0.0,2.4261474609375,-2.78472900390625,19.4549560546875,-0.1240234375,0.906494140625,0.022705078125
0.0,2.57110595703125,-3.25775146484375,17.09747314453125,-0.14794921875,0.90185546875,0.02783203125
0.0,2.8076171875,-4.150390625,15.63262939453125,-0.20703125,0.90771484375,0.04052734375
0.0,2.532958984375,-6.01959228515625,13.86260986328125,-0.232421875,0.9150390625,0.041015625
0.0,2.7923583984375,-7.57598876953125,11.28387451171875,-0.273193359375,0.90576171875,0.04541015625
0.0,2.47955322265625,-10.31494140625,8.52203369140625,-0.31103515625,0.907958984375,0.06396484375
0.0,2.79998779296875,-12.87841796875,4.21142578125,-0.3046875,0.873291015625,0.06103515625
0.0,3.570556640625,-15.64788818359375,0.18310546875,-0.302978515625,0.87548828125,0.075927734375
0.0,3.68499755859375,-18.6920166015625,-3.326416015625,-0.284423828125,0.87109375,0.0712890625
0.0,3.44085693359375,-21.1181640625,-7.9193115234375,-0.2607421875,0.8544921875,0.056640625
0.0,3.42559814453125,-23.30780029296875,-10.96343994140625,-0.199951171875,0.86279296875,0.047119140625
0.0,3.51715087890625,-24.8260498046875,-11.40594482421875,-0.1513671875,0.876953125,0.05615234375
0.0,3.15093994140625,-26.03912353515625,-14.22119140625,-0.140869140625,0.85986328125,0.046630859375
0.0,3.02886962890625,-26.5655517578125,-16.70074462890625,-0.07958984375,0.86669921875,0.03857421875
0.0,2.69317626953125,-26.67236328125,-17.14324951171875,-0.05126953125,0.901611328125,0.032470703125
0.0,2.08282470703125,-26.763916015625,-18.25714111328125,-0.050537109375,0.89111328125,0.0302734375
0.0,1.8463134765625,-26.67236328125,-18.77593994140625,-0.031982421875,0.928955078125,0.033203125
0.0,0.92315673828125,-26.29852294921875,-19.2413330078125,-0.0283203125,0.96484375,0.04296875
0.0,-0.0152587890625,-26.3671875,-19.6533203125,-0.02197265625,0.960205078125,0.032470703125
0.0,-0.946044921875,-25.8331298828125,-20.3094482421875,-0.009521484375,0.969482421875,0.0302734375
0.0,-2.22015380859375,-25.4974365234375,-21.11053466796875,-0.0068359375,0.96728515625,0.03466796875
0.0,-3.19671630859375,-25.13885498046875,-21.3470458984375,-0.005615234375,0.944091796875,0.03564453125
0.0,-3.95965576171875,-24.55902099609375,-21.47674560546875,0.0009765625,0.92626953125,0.05126953125
0.0,-4.425048828125,-24.200439453125,-21.00372314453125,-0.010498046875,0.913330078125,0.05517578125
0.0,-4.78363037109375,-23.76556396484375,-20.77484130859375,-0.009033203125,0.901123046875,0.061767578125
0.0,-5.2642822265625,-23.09417724609375,-19.87457275390625,-0.00830078125,0.8896484375,0.05712890625
0.0,-5.54656982421875,-22.49908447265625,-18.646240234375,-0.011962890625,0.887451171875,0.0634765625
0.0,-6.21795654296875,-22.10235595703125,-17.63153076171875,-0.00830078125,0.8701171875,0.0595703125
0.0,-6.439208984375,-21.36993408203125,-16.4031982421875,-0.001953125,0.860595703125,0.061767578125
0.0,-6.30950927734375,-20.62225341796875,-15.19775390625,0.004638671875,0.863037109375,0.066650390625
0.0,-6.3323974609375,-19.8211669921875,-14.33563232421875,0.008544921875,0.867431640625,0.06640625
0.0,-6.30950927734375,-19.10400390625,-13.35906982421875,0.005615234375,0.896484375,0.075439453125
0.0,-6.40869140625,-18.16558837890625,-12.3443603515625,0.013916015625,0.90673828125,0.068603515625
0.0,-6.44683837890625,-17.28057861328125,-10.56671142578125,0.00830078125,0.91259765625,0.079833984375
0.0,-6.67572021484375,-16.387939453125,-8.79669189453125,0.012939453125,0.918212890625,0.073486328125
0.0,-6.58416748046875,-15.51055908203125,-7.14111328125,-0.00927734375,0.91357421875,0.082275390625
0.0,-6.011962890625,-14.7552490234375,-6.40869140625,0.004638671875,0.9189453125,0.087158203125
0.0,-5.50079345703125,-13.2904052734375,-4.974365234375,0.015869140625,0.935302734375,0.091796875
0.0,-5.4168701171875,-12.59613037109375,-3.9520263671875,-0.00244140625,0.950927734375,0.092529296875
0.0,-5.06591796875,-11.474609375,-3.56292724609375,0.025146484375,0.949951171875,0.086181640625
0.0,-4.6844482421875,-10.47515869140625,-2.50244140625,0.022705078125,0.93310546875,0.09130859375
0.0,-4.39453125,-9.368896484375,-2.40325927734375,0.0263671875,0.940673828125,0.09375
0.0,-4.0283203125,-8.35418701171875,-2.61688232421875,0.015625,0.931640625,0.098876953125
0.0,-3.1890869140625,-7.32421875,-1.96075439453125,0.0224609375,0.922119140625,0.103271484375
0.0,-2.9144287109375,-6.28662109375,-1.83868408203125,0.027099609375,0.916015625,0.099365234375
0.0,-1.97601318359375,-5.0506591796875,-1.3275146484375,0.013427734375,0.923095703125,0.093505859375
0.0,-1.373291015625,-4.0740966796875,-2.06756591796875,0.012939453125,0.94189453125,0.098876953125
0.0,-0.69427490234375,-2.86102294921875,-2.62451171875,0.018310546875,0.945556640625,0.10205078125
0.0,0.1373291015625,-1.83868408203125,-2.05230712890625,0.019775390625,0.9501953125,0.10693359375
0.0,0.99945068359375,-0.87738037109375,-2.01416015625,0.015869140625,0.97216796875,0.10546875
0.0,2.05230712890625,0.732421875,-2.54058837890625,0.005615234375,0.953369140625,0.103515625
0.0,2.66265869140625,1.708984375,-3.08990478515625,0.011474609375,0.962890625,0.095458984375
0.0,2.81524658203125,2.62451171875,-3.27301025390625,0.017333984375,0.955322265625,0.0966796875
0.0,3.56292724609375,3.5400390625,-3.63922119140625,0.013671875,0.94970703125,0.0869140625
0.0,4.49371337890625,4.69207763671875,-4.12750244140625,0.009765625,0.953125,0.099609375
0.0,5.096435546875,5.5084228515625,-4.3487548828125,-0.0009765625,0.963134765625,0.096435546875
0.0,5.8746337890625,6.500244140625,-4.180908203125,-0.005126953125,0.976318359375,0.103271484375
0.0,6.34002685546875,7.34710693359375,-3.84521484375,-0.014892578125,0.998291015625,0.101318359375
0.0,6.47735595703125,8.26263427734375,-3.57818603515625,-0.016845703125,1.004150390625,0.090087890625
0.0,6.50787353515625,8.9263916015625,-2.89154052734375,-0.021728515625,0.99755859375,0.08544921875
0.0,6.37054443359375,9.6893310546875,-2.1209716796875,-0.0185546875,1.0029296875,0.0830078125
0.0,6.2408447265625,10.19287109375,-1.45721435546875,-0.02783203125,0.987548828125,0.075439453125
0.0,6.2713623046875,10.92529296875,-1.41143798828125,-0.02392578125,0.988525390625,0.07373046875
0.0,6.00433349609375,11.42120361328125,-1.4190673828125,-0.022705078125,0.98779296875,0.082275390625
0.0,5.8441162109375,11.8560791015625,-1.04522705078125,-0.022705078125,0.9833984375,0.082275390625
0.0,5.68389892578125,12.47406005859375,-0.75531005859375,-0.02099609375,0.988037109375,0.08349609375
0.0,5.4779052734375,13.02337646484375,-0.3814697265625,-0.0322265625,0.99072265625,0.0810546875
0.0,4.974365234375,13.4429931640625,-0.1983642578125,-0.03173828125,0.995849609375,0.0849609375
0.0,4.66156005859375,13.763427734375,0.31280517578125,-0.036865234375,0.992919921875,0.07763671875
0.0,4.2724609375,14.2669677734375,0.51116943359375,-0.03662109375,0.993408203125,0.08203125
0.0,3.662109375,14.46533203125,0.32806396484375,-0.042236328125,0.98974609375,0.077880859375
0.0,3.10516357421875,14.70184326171875,0.38909912109375,-0.041259765625,1.001953125,0.07421875
0.0,2.23541259765625,14.93072509765625,0.7781982421875,-0.04541015625,1.005615234375,0.072998046875
0.0,1.28173828125,14.99176025390625,1.0528564453125,-0.05810546875,1.010009765625,0.073974609375
0.0,0.40435791015625,15.02227783203125,0.946044921875,-0.057861328125,1.015625,0.07666015625
0.0,-0.335693359375,15.1519775390625,0.83160400390625,-0.060546875,1.02197265625,0.07373046875
0.0,-1.01470947265625,15.07568359375,1.02996826171875,-0.058349609375,1.024658203125,0.08447265625
0.0,-1.67083740234375,15.045166015625,0.9613037109375,-0.0537109375,1.027587890625,0.080322265625
0.0,-2.40325927734375,15.26641845703125,0.9918212890625,-0.0576171875,1.0244140625,0.087890625
0.0,-3.15093994140625,15.106201171875,0.7171630859375,-0.07080078125,1.019287109375,0.082275390625
0.0,-3.71551513671875,15.045166015625,0.8087158203125,-0.06787109375,1.007080078125,0.084228515625
0.0,-4.24957275390625,14.9688720703125,0.96893310546875,-0.073486328125,1.007568359375,0.083251953125
0.0,-4.84466552734375,14.88494873046875,1.0528564453125,-0.07470703125,1.005615234375,0.086181640625
0.0,-5.1727294921875,14.57977294921875,1.007080078125,-0.0751953125,1.0009765625,0.08447265625
0.0,-5.5084228515625,14.6636962890625,0.9613037109375,-0.073486328125,1.014404296875,0.0927734375
0.0,-5.91278076171875,14.4805908203125,0.9002685546875,-0.086669921875,1.014404296875,0.092529296875
0.0,-6.2713623046875,14.22119140625,0.7476806640625,-0.083984375,1.012939453125,0.09619140625
0.0,-6.70623779296875,13.98468017578125,0.80108642578125,-0.078857421875,1.010009765625,0.096435546875
0.0,-6.927490234375,13.81683349609375,1.44195556640625,-0.083984375,0.997802734375,0.09765625
0.0,-7.24029541015625,13.4124755859375,1.28173828125,-0.082275390625,0.99609375,0.09912109375
0.0,-7.26318359375,13.2904052734375,1.54876708984375,-0.078857421875,0.977783203125,0.106689453125
0.0,-7.32421875,12.908935546875,1.50299072265625,-0.08349609375,0.971923828125,0.10986328125
0.0,-7.20977783203125,12.6190185546875,1.45721435546875,-0.083251953125,0.964111328125,0.109619140625
0.0,-7.07244873046875,12.2833251953125,1.617431640625,-0.086669921875,0.968017578125,0.1162109375
0.0,-6.927490234375,12.04681396484375,1.67083740234375,-0.090087890625,0.962646484375,0.1162109375
0.0,-6.8359375,11.55853271484375,1.57928466796875,-0.08544921875,0.95166015625,0.123291015625
0.0,-6.4544677734375,11.2152099609375,1.97601318359375,-0.08056640625,0.94384765625,0.119140625
0.0,-6.1187744140625,10.93292236328125,2.37274169921875,-0.085205078125,0.95361328125,0.1220703125
0.0,-5.8135986328125,10.49041748046875,2.87628173828125,-0.096435546875,0.959716796875,0.122802734375
0.0,-5.3253173828125,10.1470947265625,3.08990478515625,-0.09326171875,0.966796875,0.128173828125
0.0,-4.82177734375,9.857177734375,3.4332275390625,-0.09619140625,0.959716796875,0.137451171875
0.0,-4.03594970703125,9.5062255859375,3.83758544921875,-0.094482421875,0.97412109375,0.137939453125
0.0,-3.37982177734375,9.246826171875,4.20379638671875,-0.08935546875,0.97021484375,0.147216796875
0.0,-2.5634765625,8.91876220703125,4.5013427734375,-0.092529296875,0.974853515625,0.144775390625
0.0,-1.74713134765625,8.64410400390625,5.035400390625,-0.091552734375,0.98583984375,0.15185546875
0.0,-0.9307861328125,8.21685791015625,5.37872314453125,-0.100341796875,1.0087890625,0.15185546875
0.0,-0.06103515625,8.0413818359375,5.71441650390625,-0.094482421875,1.020263671875,0.15625
0.0,0.8392333984375,7.66754150390625,5.72967529296875,-0.101318359375,1.0341796875,0.16064453125
0.0,1.8768310546875,7.24029541015625,5.18798828125,-0.086669921875,1.036865234375,0.166748046875
0.0,2.81524658203125,7.04193115234375,4.85992431640625,-0.070068359375,1.0634765625,0.16455078125
0.0,3.5552978515625,6.7138671875,2.51007080078125,-0.06201171875,1.082763671875,0.164794921875
0.0,4.5623779296875,6.3018798828125,1.80816650390625,-0.06201171875,1.078125,0.170166015625
0.0,5.13458251953125,6.08062744140625,0.80108642578125,-0.06591796875,1.09814453125,0.180419921875
0.0,5.98907470703125,5.76019287109375,-0.03814697265625,-0.07421875,1.087890625,0.1748046875
0.0,6.53076171875,5.39398193359375,-1.3580322265625,-0.064697265625,1.09765625,0.179931640625
0.0,6.66046142578125,5.13458251953125,-2.99072265625,-0.05615234375,1.062255859375,0.1728515625
0.0,6.988525390625,4.791259765625,-3.6468505859375,-0.053466796875,1.038330078125,0.158203125
0.0,6.81304931640625,4.52423095703125,-4.8675537109375,-0.049072265625,1.019287109375,0.15185546875
0.0,6.5765380859375,4.2877197265625,-5.1422119140625,-0.07080078125,0.9921875,0.134033203125
0.0,6.34002685546875,3.7078857421875,-5.2490234375,-0.081298828125,0.971923828125,0.1298828125
0.0,6.103515625,3.2806396484375,-5.59234619140625,-0.084716796875,0.984619140625,0.125732421875
0.0,5.71441650390625,2.86865234375,-5.05828857421875,-0.090576171875,1.025634765625,0.1328125
0.0,4.95147705078125,2.2125244140625,-5.67626953125,-0.09423828125,1.012451171875,0.125
0.0,4.87518310546875,1.85394287109375,-5.3253173828125,-0.084716796875,1.0166015625,0.13330078125
0.0,4.55474853515625,1.3580322265625,-4.6844482421875,-0.0869140625,1.03076171875,0.138427734375
0.0,4.302978515625,0.99945068359375,-4.7760009765625,-0.1015625,1.029052734375,0.1337890625
0.0,4.05120849609375,0.18310546875,-4.7149658203125,-0.102294921875,1.033203125,0.13671875
0.0,3.71551513671875,-0.20599365234375,-3.53240966796875,-0.095947265625,1.05126953125,0.123291015625
0.0,3.51715087890625,-0.732421875,-2.15911865234375,-0.122802734375,1.055419921875,0.130615234375
0.0,3.2958984375,-1.556396484375,-1.8310546875,-0.11962890625,1.057373046875,0.130126953125
0.0,2.960205078125,-1.8310546875,-0.9613037109375,-0.109375,1.044921875,0.1318359375
0.0,2.86102294921875,-2.716064453125,-0.08392333984375,-0.1123046875,1.038330078125,0.129150390625
0.0,2.8533935546875,-2.9144287109375,0.0152587890625,-0.087890625,1.030029296875,0.125732421875
0.0,2.4566650390625,-3.4637451171875,0.58746337890625,-0.103515625,1.022216796875,0.130126953125
0.0,2.34222412109375,-4.0283203125,0.8087158203125,-0.09619140625,1.0029296875,0.11865234375
0.0,2.18963623046875,-4.49371337890625,1.7852783203125,-0.106689453125,1.009033203125,0.12451171875
0.0,2.197265625,-5.1727294921875,2.4566650390625,-0.113525390625,1.021484375,0.12255859375
0.0,1.922607421875,-5.60760498046875,2.349853515625,-0.107666015625,1.01513671875,0.130126953125
0.0,2.25830078125,-6.256103515625,2.70843505859375,-0.10205078125,1.010498046875,0.131591796875
0.0,2.47955322265625,-6.59942626953125,3.08990478515625,-0.086181640625,1.018798828125,0.136962890625
0.0,2.60162353515625,-7.07244873046875,3.10516357421875,-0.08935546875,1.01025390625,0.1328125
0.0,2.5177001953125,-7.34710693359375,2.960205078125,-0.08837890625,0.984130859375,0.128662109375
0.0,2.74658203125,-7.8887939453125,3.76129150390625,-0.09326171875,0.96142578125,0.124755859375
0.0,2.98309326171875,-8.18634033203125,3.72314453125,-0.08740234375,0.937255859375,0.119140625
0.0,3.05938720703125,-8.5906982421875,4.0130615234375,-0.091796875,0.910400390625,0.11279296875
0.0,3.48663330078125,-9.07135009765625,4.38690185546875,-0.088134765625,0.922607421875,0.10498046875
0.0,3.448486328125,-9.27734375,3.77655029296875,-0.083984375,0.937744140625,0.114990234375
0.0,3.97491455078125,-9.5977783203125,4.8828125,-0.07568359375,0.947265625,0.109375
0.0,3.84521484375,-9.6435546875,4.0130615234375,-0.076171875,0.99609375,0.1240234375
0.0,3.60870361328125,-10.07080078125,4.37164306640625,-0.08837890625,0.992431640625,0.11572265625
0.0,3.96728515625,-10.20050048828125,5.07354736328125,-0.080810546875,1.00048828125,0.1171875
0.0,3.90625,-10.42938232421875,4.8065185546875,-0.091064453125,1.00830078125,0.12353515625
0.0,4.1961669921875,-10.68115234375,5.57708740234375,-0.093994140625,0.988037109375,0.11962890625
0.0,4.638671875,-11.00921630859375,4.67681884765625,-0.088134765625,0.9970703125,0.12353515625
0.0,4.87518310546875,-11.13128662109375,4.15802001953125,-0.07177734375,0.985107421875,0.1201171875
0.0,5.43212890625,-11.138916015625,5.08880615234375,-0.07373046875,0.9794921875,0.112548828125
0.0,5.7830810546875,-11.25335693359375,4.791259765625,-0.077392578125,0.98095703125,0.1064453125
0.0,5.9356689453125,-11.25335693359375,5.19561767578125,-0.089111328125,0.95947265625,0.11083984375
0.0,6.3934326171875,-11.444091796875,4.8675537109375,-0.084716796875,0.92333984375,0.09765625
0.0,7.0343017578125,-11.23046875,5.16510009765625,-0.07080078125,0.895263671875,0.096435546875
0.0,7.68280029296875,-11.29913330078125,5.89752197265625,-0.085205078125,0.886962890625,0.09326171875
0.0,8.61358642578125,-11.2152099609375,6.5460205078125,-0.07958984375,0.869384765625,0.090087890625
0.0,9.5062255859375,-11.03973388671875,6.76727294921875,-0.0810546875,0.885498046875,0.089599609375
0.0,10.5133056640625,-10.81085205078125,7.60650634765625,-0.075927734375,0.900390625,0.097412109375
0.0,11.52801513671875,-10.81085205078125,7.42340087890625,-0.07666015625,0.922119140625,0.093994140625
0.0,12.1612548828125,-10.38360595703125,8.1024169921875,-0.068115234375,0.941650390625,0.091796875
0.0,12.84027099609375,-10.19287109375,8.81195068359375,-0.076171875,0.947509765625,0.08740234375
0.0,13.4735107421875,-9.94110107421875,9.58251953125,-0.073974609375,0.953125,0.084716796875
0.0,13.98468017578125,-9.86480712890625,9.979248046875,-0.0771484375,0.950927734375,0.080078125
0.0,14.6942138671875,-9.51385498046875,10.00213623046875,-0.07275390625,0.944091796875,0.07470703125
0.0,15.37322998046875,-9.27734375,10.16998291015625,-0.071044921875,0.9404296875,0.07568359375
0.0,16.33453369140625,-8.93402099609375,10.528564453125,-0.065185546875,0.953857421875,0.068359375
0.0,16.7999267578125,-8.6669921875,10.406494140625,-0.070068359375,0.960205078125,0.066650390625
0.0,17.303466796875,-8.514404296875,9.9029541015625,-0.05908203125,0.969970703125,0.064453125
0.0,17.76123046875,-8.1939697265625,9.97161865234375,-0.052734375,0.972900390625,0.06787109375
0.0,17.8375244140625,-8.0413818359375,9.0179443359375,-0.0576171875,0.984375,0.060791015625
0.0,18.37158203125,-7.68280029296875,8.9263916015625,-0.04296875,0.964599609375,0.059814453125
0.0,18.7225341796875,-7.4920654296875,8.38470458984375,-0.041748046875,0.9658203125,0.0595703125
0.0,18.92852783203125,-7.26318359375,7.75909423828125,-0.04052734375,0.9677734375,0.061279296875
0.0,19.47021484375,-6.927490234375,7.40814208984375,-0.04931640625,0.978759765625,0.055419921875
0.0,19.6075439453125,-6.6070556640625,6.35528564453125,-0.035888671875,0.990234375,0.059326171875
0.0,19.76776123046875,-6.3629150390625,6.17218017578125,-0.0439453125,1.003662109375,0.0517578125
0.0,19.92034912109375,-6.17218017578125,5.54656982421875,-0.0322265625,1.015869140625,0.052978515625
0.0,19.95086669921875,-5.82122802734375,4.8980712890625,-0.025390625,1.035888671875,0.05224609375
0.0,20.08819580078125,-5.5084228515625,4.9591064453125,-0.027099609375,1.0556640625,0.05615234375
0.0,20.11871337890625,-5.33294677734375,4.14276123046875,-0.025390625,1.08203125,0.05322265625
0.0,19.81353759765625,-4.92095947265625,2.95257568359375,-0.030029296875,1.11181640625,0.05810546875
0.0,19.4091796875,-4.66156005859375,2.03704833984375,-0.015625,1.116455078125,0.0546875
0.0,19.3023681640625,-4.4403076171875,1.28936767578125,-0.013916015625,1.123046875,0.053466796875
0.0,18.646240234375,-4.1046142578125,0.7476806640625,0.001220703125,1.1083984375,0.058349609375
0.0,18.34869384765625,-3.8299560546875,0.244140625,-0.015625,1.094482421875,0.052978515625
0.0,17.98248291015625,-3.6773681640625,-0.946044921875,-0.001953125,1.083984375,0.05224609375
0.0,17.364501953125,-3.22723388671875,-1.3275146484375,0.000244140625,1.09033203125,0.05029296875
0.0,16.78466796875,-3.082275390625,-2.12860107421875,0.000244140625,1.089599609375,0.048095703125
0.0,15.96832275390625,-2.87628173828125,-2.93731689453125,0.0068359375,1.092041015625,0.045166015625
0.0,15.40374755859375,-2.41851806640625,-3.2806396484375,0.007568359375,1.0859375,0.045654296875
0.0,14.61029052734375,-2.166748046875,-3.50189208984375,0.0029296875,1.097412109375,0.04736328125
0.0,13.66424560546875,-2.13623046875,-2.9754638671875,0.0,1.099609375,0.04296875
0.0,12.55035400390625,-1.94549560546875,-2.2735595703125,0.0009765625,1.083251953125,0.040283203125
0.0,11.51275634765625,-1.708984375,-2.05230712890625,-0.0078125,1.06103515625,0.0361328125
0.0,10.47515869140625,-1.74713134765625,-1.50299072265625,-0.007080078125,1.039306640625,0.03466796875
0.0,9.62066650390625,-1.5716552734375,0.030517578125,-0.0078125,1.0009765625,0.026123046875
0.0,8.90350341796875,-1.617431640625,1.6632080078125,-0.01318359375,0.996337890625,0.0322265625
0.0,8.32366943359375,-1.77764892578125,3.1890869140625,-0.01171875,0.97265625,0.030029296875
0.0,7.78961181640625,-1.70135498046875,4.6234130859375,-0.01318359375,0.9853515625,0.03076171875
0.0,7.049560546875,-1.79290771484375,5.8441162109375,-0.01318359375,0.989501953125,0.024169921875
0.0,6.0272216796875,-1.953125,7.01904296875,-0.01220703125,1.01123046875,0.0263671875
0.0,5.28717041015625,-2.0751953125,9.42230224609375,-0.009033203125,0.990234375,0.017578125
0.0,4.425048828125,-2.13623046875,11.3372802734375,-0.011962890625,0.978515625,0.015869140625
0.0,3.71551513671875,-2.46429443359375,13.09967041015625,-0.01708984375,0.95458984375,0.013671875
0.0,3.2196044921875,-2.66265869140625,15.40374755859375,-0.024658203125,0.941650390625,0.01025390625
0.0,3.082275390625,-2.81524658203125,18.2647705078125,-0.01708984375,0.930908203125,0.015869140625
0.0,2.6397705078125,-3.15093994140625,20.81298828125,-0.023193359375,0.929443359375,0.0087890625
0.0,2.5482177734375,-3.31878662109375,24.04022216796875,-0.0244140625,0.92578125,0.010498046875
0.0,2.47955322265625,-3.570556640625,26.18408203125,-0.034423828125,0.947265625,0.003662109375
0.0,2.288818359375,-3.82232666015625,28.228759765625,-0.02099609375,0.95703125,0.0048828125
0.0,2.32696533203125,-4.0283203125,30.9600830078125,-0.01953125,0.9794921875,0.000732421875
0.0,2.349853515625,-4.24957275390625,32.95135498046875,-0.010498046875,1.016357421875,0.007080078125
0.0,2.3040771484375,-4.49371337890625,34.2864990234375,-0.01220703125,1.06005859375,0.00634765625
0.0,2.14385986328125,-4.7454833984375,34.87396240234375,-0.004638671875,1.087646484375,0.001953125
0.0,1.85394287109375,-4.66156005859375,34.55352783203125,0.012939453125,1.119140625,0.008544921875
0.0,1.64031982421875,-4.85992431640625,33.8134765625,0.010498046875,1.12744140625,0.005615234375
0.0,1.54876708984375,-5.1727294921875,32.38677978515625,0.032958984375,1.1376953125,0.013916015625
0.0,1.708984375,-4.90570068359375,30.2734375,0.04443359375,1.177001953125,0.01025390625
0.0,1.708984375,-4.913330078125,27.10723876953125,0.045654296875,1.175048828125,0.016845703125
0.0,1.50299072265625,-5.04302978515625,22.88818359375,0.063232421875,1.18310546875,0.017578125
0.0,1.45721435546875,-4.8370361328125,19.21844482421875,0.06787109375,1.14453125,0.024658203125
0.0,1.6326904296875,-5.0048828125,14.83154296875,0.071533203125,1.12158203125,0.02734375
0.0,1.82342529296875,-4.791259765625,9.86480712890625,0.083740234375,1.10595703125,0.031982421875
0.0,2.0904541015625,-4.63104248046875,4.82940673828125,0.07958984375,1.071533203125,0.02783203125
0.0,2.8228759765625,-4.37164306640625,-0.17547607421875,0.0810546875,1.059814453125,0.0263671875
0.0,3.02886962890625,-4.364013671875,-6.91986083984375,0.08642578125,1.033935546875,0.01708984375
0.0,3.30352783203125,-3.7841796875,-10.9100341796875,0.084716796875,1.006103515625,0.0185546875
0.0,3.3416748046875,-3.83758544921875,-14.47296142578125,0.06103515625,0.98046875,0.02001953125
0.0,3.33404541015625,-3.5858154296875,-17.41790771484375,0.059814453125,0.954345703125,0.0126953125
0.0,3.5552978515625,-3.4027099609375,-19.53125,0.040771484375,0.943359375,0.003662109375
0.0,3.7689208984375,-3.4942626953125,-20.86639404296875,0.03515625,0.926513671875,-0.00439453125
0.0,3.44085693359375,-3.41033935546875,-21.93450927734375,0.029052734375,0.93896484375,-0.004150390625
0.0,3.5400390625,-3.23486328125,-22.39990234375,0.01611328125,0.923095703125,-0.011474609375
0.0,3.0975341796875,-3.27301025390625,-23.04840087890625,0.003662109375,0.892333984375,-0.009033203125
0.0,2.79998779296875,-3.36456298828125,-22.57537841796875,-0.00048828125,0.875,-0.017578125
0.0,2.90679931640625,-3.204345703125,-20.63751220703125,-0.009765625,0.846923828125,-0.01953125
0.0,2.66265869140625,-3.448486328125,-19.59228515625,-0.0283203125,0.855224609375,-0.020263671875
0.0,2.64739990234375,-3.41796875,-17.2119140625,-0.02294921875,0.8251953125,-0.021484375
0.0,2.73895263671875,-3.570556640625,-14.74761962890625,-0.036376953125,0.808837890625,-0.024658203125
0.0,3.08990478515625,-3.509521484375,-11.65008544921875,-0.03173828125,0.8076171875,-0.01708984375
0.0,3.1890869140625,-3.387451171875,-8.9569091796875,-0.049072265625,0.789306640625,-0.018310546875
0.0,3.60870361328125,-3.5400390625,-5.950927734375,-0.057373046875,0.778076171875,-0.01513671875
0.0,4.0740966796875,-3.82232666015625,-2.62451171875,-0.051025390625,0.794677734375,-0.016357421875
0.0,4.79888916015625,-3.76129150390625,0.8697509765625,-0.056640625,0.791259765625,-0.018310546875
0.0,5.27191162109375,-3.8909912109375,4.5013427734375,-0.058837890625,0.8115234375,-0.01513671875
0.0,5.4779052734375,-4.08935546875,7.53021240234375,-0.0634765625,0.821044921875,-0.021484375
0.0,5.9661865234375,-4.12750244140625,10.87188720703125,-0.05712890625,0.84228515625,-0.01806640625
0.0,6.317138671875,-4.33349609375,13.60321044921875,-0.0546875,0.853271484375,-0.025146484375
0.0,6.81304931640625,-4.40216064453125,16.34979248046875,-0.043701171875,0.876708984375,-0.0205078125
0.0,7.3699951171875,-4.43267822265625,18.79119873046875,-0.042236328125,0.925048828125,-0.02197265625
0.0,7.20977783203125,-4.4403076171875,20.54595947265625,-0.031982421875,0.957275390625,-0.022705078125
0.0,7.51495361328125,-4.61578369140625,22.31597900390625,-0.03125,0.99365234375,-0.025390625
0.0,7.232666015625,-4.5166015625,22.5372314453125,-0.02001953125,1.030029296875,-0.020263671875
0.0,6.90460205078125,-4.66156005859375,22.81951904296875,-0.02197265625,1.03564453125,-0.025390625
0.0,6.927490234375,-4.66156005859375,22.064208984375,-0.000244140625,1.072265625,-0.021728515625
0.0,6.73675537109375,-4.75311279296875,21.5301513671875,0.0068359375,1.078369140625,-0.018798828125
0.0,6.6986083984375,-4.638671875,20.04241943359375,0.012939453125,1.112548828125,-0.01416015625
0.0,6.5765380859375,-4.69207763671875,17.11273193359375,0.018798828125,1.14892578125,-0.008544921875
0.0,5.98907470703125,-4.6539306640625,14.35089111328125,0.0498046875,1.188232421875,-0.011962890625
0.0,5.401611328125,-4.34112548828125,11.36016845703125,0.065673828125,1.216064453125,-0.0126953125
0.0,4.63104248046875,-4.2266845703125,6.73675537109375,0.059814453125,1.2421875,-0.008056640625
0.0,3.66973876953125,-4.1656494140625,2.1514892578125,0.080810546875,1.225341796875,-0.010009765625
0.0,2.46429443359375,-4.0283203125,-3.6468505859375,0.07763671875,1.199462890625,-0.002685546875
0.0,1.6021728515625,-3.92913818359375,-8.26263427734375,0.090087890625,1.146240234375,-0.003173828125
0.0,0.99945068359375,-3.753662109375,-13.2293701171875,0.079833984375,1.1240234375,0.00048828125
0.0,0.35858154296875,-3.73077392578125,-17.99774169921875,0.0751953125,1.06884765625,-0.003662109375
0.0,-0.030517578125,-3.631591796875,-22.216796875,0.066650390625,1.08203125,-0.0009765625
0.0,-0.66375732421875,-3.66973876953125,-26.1993408203125,0.06298828125,1.06396484375,0.004638671875
0.0,-1.22833251953125,-3.53240966796875,-28.63311767578125,0.05419921875,1.0634765625,-0.001708984375
0.0,-1.861572265625,-3.56292724609375,-31.36444091796875,0.0302734375,1.10205078125,0.0029296875
0.0,-2.960205078125,-3.7994384765625,-33.59222412109375,0.015380859375,1.103271484375,-0.00927734375
0.0,-3.82232666015625,-3.9825439453125,-35.125732421875,0.00927734375,1.087158203125,-0.003662109375
0.0,-4.69207763671875,-4.3487548828125,-36.2091064453125,0.001708984375,1.07666015625,-0.003173828125
0.0,-5.126953125,-4.57763671875,-37.2772216796875,-0.021484375,1.04541015625,0.001953125
0.0,-5.39398193359375,-5.28717041015625,-38.8336181640625,-0.031982421875,1.029296875,0.0087890625
0.0,-5.5389404296875,-5.53131103515625,-39.825439453125,-0.028564453125,1.003173828125,0.014404296875
0.0,-5.5389404296875,-6.14166259765625,-40.44342041015625,-0.035888671875,0.99658203125,0.01611328125
0.0,-5.2490234375,-6.70623779296875,-41.1224365234375,-0.045654296875,0.986328125,0.013671875
0.0,-5.0811767578125,-7.11822509765625,-41.351318359375,-0.064208984375,1.001953125,0.02685546875
0.0,-5.07354736328125,-7.89642333984375,-42.04559326171875,-0.08642578125,1.0380859375,0.02294921875
0.0,-5.47027587890625,-8.61358642578125,-42.54150390625,-0.076171875,1.06396484375,0.017333984375
0.0,-5.79833984375,-9.1552734375,-41.96929931640625,-0.07861328125,1.087890625,0.013671875
0.0,-6.32476806640625,-9.98687744140625,-41.26739501953125,-0.083251953125,1.10205078125,0.025634765625
0.0,-6.59942626953125,-10.5743408203125,-40.76385498046875,-0.09326171875,1.10693359375,0.03173828125
0.0,-6.85882568359375,-11.016845703125,-40.50445556640625,-0.0947265625,1.126953125,0.04736328125
0.0,-7.42340087890625,-11.688232421875,-39.84832763671875,-0.089111328125,1.11767578125,0.0390625
0.0,-7.92694091796875,-12.56561279296875,-37.37640380859375,-0.093017578125,1.08984375,0.0390625
0.0,-8.64410400390625,-13.09967041015625,-36.55242919921875,-0.106689453125,1.05615234375,0.03125
0.0,-9.4757080078125,-13.702392578125,-35.369873046875,-0.09033203125,1.013671875,0.027099609375
0.0,-9.88006591796875,-14.24407958984375,-33.74481201171875,-0.07958984375,0.977783203125,0.023193359375
0.0,-9.86480712890625,-14.556884765625,-31.79168701171875,-0.077880859375,0.947265625,0.027587890625
0.0,-9.98687744140625,-15.12908935546875,-30.47943115234375,-0.08447265625,0.947998046875,0.029541015625
0.0,-9.98687744140625,-15.289306640625,-27.93121337890625,-0.099365234375,0.93505859375,0.028564453125
0.0,-10.45989990234375,-15.8538818359375,-24.52850341796875,-0.1171875,0.948974609375,0.022705078125
0.0,-11.07025146484375,-16.2811279296875,-21.55303955078125,-0.118408203125,0.92529296875,0.015380859375
0.0,-11.2762451171875,-16.47186279296875,-18.13507080078125,-0.120849609375,0.87060546875,0.02001953125
0.0,-11.3983154296875,-16.96014404296875,-15.40374755859375,-0.115234375,0.81689453125,0.015869140625
0.0,-11.04736328125,-17.5628662109375,-11.98577880859375,-0.1103515625,0.75634765625,0.01513671875
0.0,-10.009765625,-17.58575439453125,-7.9498291015625,-0.118408203125,0.72998046875,0.024658203125
0.0,-9.46044921875,-17.974853515625,-4.9896240234375,-0.124267578125,0.69482421875,0.013671875
0.0,-8.941650390625,-18.3258056640625,-0.9613037109375,-0.135498046875,0.723876953125,0.02392578125
0.0,-8.12530517578125,-18.61572265625,4.39453125,-0.14306640625,0.733154296875,0.01318359375
0.0,-7.415771484375,-18.77593994140625,9.49859619140625,-0.1728515625,0.725341796875,0.014404296875
0.0,-6.6375732421875,-19.24896240234375,14.76287841796875,-0.1826171875,0.7470703125,0.0263671875
0.0,-5.37872314453125,-19.49310302734375,19.75250244140625,-0.1748046875,0.73291015625,0.0341796875
0.0,-3.8299560546875,-19.7296142578125,26.7333984375,-0.189697265625,0.73291015625,0.05224609375
0.0,-2.6702880859375,-20.54595947265625,31.97479248046875,-0.190185546875,0.76806640625,0.04736328125
0.0,-0.9918212890625,-20.42388916015625,37.68157958984375,-0.1845703125,0.759033203125,0.04443359375
0.0,0.48828125,-21.00372314453125,43.1365966796875,-0.187255859375,0.7763671875,0.0517578125
0.0,1.708984375,-21.270751953125,47.7142333984375,-0.162841796875,0.774658203125,0.060546875
0.0,3.47900390625,-21.66748046875,53.3599853515625,-0.166259765625,0.777587890625,0.052734375
0.0,4.9285888671875,-21.88873291015625,57.06024169921875,-0.158935546875,0.793701171875,0.052001953125
0.0,6.26373291015625,-22.46856689453125,60.48583984375,-0.151611328125,0.82373046875,0.0595703125
0.0,7.537841796875,-22.76611328125,64.58282470703125,-0.124267578125,0.866943359375,0.06298828125
0.0,7.8582763671875,-23.1781005859375,67.22259521484375,-0.128173828125,0.888916015625,0.052490234375
0.0,9.28497314453125,-23.590087890625,71.1212158203125,-0.118896484375,0.9423828125,0.064208984375
0.0,9.74273681640625,-24.07073974609375,73.1964111328125,-0.087646484375,1.031494140625,0.062255859375
0.0,10.0860595703125,-24.34539794921875,73.638916015625,-0.061767578125,1.062744140625,0.055908203125
0.0,9.59014892578125,-24.383544921875,73.12774658203125,-0.035888671875,1.106689453125,0.056396484375
0.0,10.03265380859375,-24.658203125,73.822021484375,-0.020263671875,1.16455078125,0.072998046875
0.0,10.80322265625,-24.60479736328125,74.4171142578125,0.0224609375,1.21044921875,0.065185546875
0.0,9.9029541015625,-24.566650390625,71.32720947265625,0.031494140625,1.255615234375,0.06298828125
0.0,9.39178466796875,-24.35302734375,68.1304931640625,0.06640625,1.287841796875,0.050048828125
0.0,8.21685791015625,-24.43695068359375,63.751220703125,0.071044921875,1.279296875,0.051513671875
0.0,8.01849365234375,-24.13177490234375,59.28802490234375,0.1005859375,1.261474609375,0.065673828125
0.0,7.26318359375,-23.8037109375,52.978515625,0.13037109375,1.241455078125,0.063720703125
0.0,6.44683837890625,-23.49090576171875,46.0357666015625,0.13720703125,1.23291015625,0.060791015625
0.0,5.5999755859375,-23.162841796875,38.20037841796875,0.174072265625,1.1845703125,0.044921875
0.0,5.42449951171875,-22.3388671875,29.9224853515625,0.189453125,1.162109375,0.0576171875
0.0,5.0811767578125,-21.70562744140625,21.6064453125,0.195068359375,1.13720703125,0.0595703125
0.0,4.241943359375,-20.7672119140625,12.3443603515625,0.20947265625,1.10986328125,0.041259765625
0.0,3.692626953125,-20.13397216796875,5.71441650390625,0.183837890625,1.064697265625,0.046875
0.0,3.33404541015625,-19.46258544921875,-0.06103515625,0.171630859375,1.02685546875,0.038818359375
0.0,3.9520263671875,-18.646240234375,-7.51495361328125,0.16015625,1.000244140625,0.040283203125
0.0,3.72314453125,-18.0206298828125,-14.6331787109375,0.174560546875,0.983642578125,0.045654296875
0.0,3.54766845703125,-17.35687255859375,-19.3939208984375,0.179931640625,0.94873046875,0.0390625
0.0,3.91387939453125,-16.56341552734375,-24.08599853515625,0.153564453125,0.926513671875,0.03369140625
0.0,4.150390625,-15.73944091796875,-27.67181396484375,0.145263671875,0.90673828125,0.028564453125
0.0,4.67681884765625,-14.99176025390625,-31.24237060546875,0.119140625,0.935302734375,0.03515625
0.0,5.218505859375,-14.404296875,-33.4320068359375,0.125732421875,0.92626953125,0.0400390625
0.0,5.5389404296875,-13.824462890625,-35.08758544921875,0.11962890625,0.92333984375,0.047607421875
0.0,6.34765625,-12.99285888671875,-36.8194580078125,0.112060546875,0.92529296875,0.046630859375
0.0,7.30133056640625,-12.27569580078125,-37.60528564453125,0.112548828125,0.9189453125,0.04931640625
0.0,8.087158203125,-11.45172119140625,-38.02490234375,0.106689453125,0.93896484375,0.0595703125
0.0,8.76617431640625,-11.07025146484375,-37.1551513671875,0.10546875,0.93505859375,0.04931640625
0.0,10.0860595703125,-10.13946533203125,-35.97259521484375,0.084228515625,0.939453125,0.052490234375
0.0,10.8184814453125,-9.27734375,-34.0576171875,0.06787109375,0.977294921875,0.040771484375
0.0,11.444091796875,-8.49151611328125,-31.463623046875,0.0595703125,0.9951171875,0.0390625
0.0,11.444091796875,-8.270263671875,-28.1829833984375,0.048828125,1.010498046875,0.032470703125
0.0,11.66534423828125,-7.33184814453125,-24.322509765625,0.052734375,1.007568359375,0.027587890625
0.0,11.77978515625,-6.88934326171875,-20.32470703125,0.02587890625,1.009033203125,0.032470703125
0.0,11.90185546875,-6.28662109375,-17.25006103515625,0.04541015625,0.9990234375,0.031982421875
0.0,11.90185546875,-5.51605224609375,-12.94708251953125,0.050537109375,1.014404296875,0.019775390625
0.0,11.871337890625,-5.0506591796875,-8.0413818359375,0.03955078125,1.025390625,0.0263671875
0.0,11.444091796875,-4.50897216796875,-4.913330078125,0.052734375,1.01904296875,0.01904296875
0.0,11.41357421875,-3.74603271484375,-1.3427734375,0.045654296875,0.987548828125,0.020751953125
0.0,11.138916015625,-3.2958984375,1.76239013671875,0.055419921875,0.975341796875,0.018798828125
0.0,10.94818115234375,-2.76947021484375,5.04302978515625,0.058837890625,0.9658203125,0.014404296875
0.0,10.82611083984375,-2.197265625,8.270263671875,0.06494140625,0.968505859375,0.01171875
0.0,10.772705078125,-1.556396484375,10.6201171875,0.054931640625,0.9873046875,0.010009765625
0.0,10.45989990234375,-1.15966796875,11.87896728515625,0.061767578125,1.012451171875,0.0126953125
0.0,10.03265380859375,-0.42724609375,13.3514404296875,0.075927734375,1.037841796875,0.011474609375
0.0,9.14764404296875,0.1373291015625,14.47296142578125,0.080322265625,1.07861328125,0.012451171875
0.0,8.49151611328125,0.49591064453125,15.49530029296875,0.07958984375,1.05859375,0.005615234375
0.0,8.07952880859375,1.495361328125,15.83099365234375,0.08544921875,1.076171875,0.017578125
0.0,7.3089599609375,1.99127197265625,15.6707763671875,0.074462890625,1.079345703125,0.0166015625
0.0,6.95037841796875,2.5787353515625,15.5029296875,0.086669921875,1.0810546875,0.011962890625
0.0,6.08062744140625,3.19671630859375,14.678955078125,0.095703125,1.080810546875,0.01806640625
0.0,5.31005859375,3.94439697265625,13.99993896484375,0.0908203125,1.04541015625,0.013427734375
0.0,4.70733642578125,4.5166015625,12.6953125,0.0927734375,1.0166015625,0.012939453125
0.0,4.17327880859375,5.1116943359375,11.3372802734375,0.0908203125,1.0126953125,0.012939453125
0.0,3.6468505859375,5.6610107421875,10.39886474609375,0.09228515625,0.9921875,0.009521484375
0.0,3.21197509765625,6.24847412109375,9.2315673828125,0.08642578125,1.00146484375,0.012939453125
0.0,2.66265869140625,6.82830810546875,7.476806640625,0.087646484375,0.989501953125,0.018310546875
0.0,2.3040771484375,7.19451904296875,5.8746337890625,0.089111328125,0.982177734375,0.016845703125
0.0,2.0294189453125,8.2244873046875,4.0740966796875,0.1044921875,0.968017578125,0.020263671875
0.0,1.91497802734375,8.58306884765625,2.92205810546875,0.089599609375,0.968505859375,0.02587890625
0.0,2.02178955078125,9.39178466796875,2.62451171875,0.094482421875,0.975830078125,0.0224609375
0.0,1.983642578125,9.91058349609375,1.15203857421875,0.0693359375,0.994140625,0.0244140625
0.0,2.0294189453125,10.5438232421875,0.29754638671875,0.074951171875,0.99267578125,0.029296875
0.0,1.983642578125,11.1083984375,-1.15966796875,0.07421875,0.9873046875,0.03515625
0.0,2.26593017578125,11.749267578125,-1.5716552734375,0.077880859375,0.9794921875,0.038818359375
0.0,2.5634765625,12.15362548828125,-1.9989013671875,0.06591796875,0.983642578125,0.03857421875
0.0,2.9449462890625,12.68768310546875,-2.86102294921875,0.065185546875,0.974853515625,0.0390625
0.0,3.35693359375,13.25225830078125,-3.66973876953125,0.05908203125,0.9794921875,0.03759765625
0.0,3.8909912109375,13.641357421875,-4.37164306640625,0.049560546875,0.993408203125,0.04052734375
0.0,4.41741943359375,13.81683349609375,-5.1422119140625,0.0537109375,1.027099609375,0.040283203125
0.0,4.85992431640625,14.38140869140625,-6.195068359375,0.05810546875,1.072021484375,0.04150390625
0.0,5.0201416015625,14.77813720703125,-7.781982421875,0.06494140625,1.10205078125,0.0458984375
0.0,5.04302978515625,15.00701904296875,-8.87298583984375,0.06201171875,1.127197265625,0.0380859375
0.0,4.61578369140625,15.3045654296875,-10.29205322265625,0.0537109375,1.154541015625,0.034912109375
0.0,4.33349609375,15.49530029296875,-11.8408203125,0.046630859375,1.1328125,0.02001953125
0.0,3.875732421875,15.51055908203125,-13.1683349609375,0.043212890625,1.149658203125,0.025146484375
0.0,3.204345703125,15.594482421875,-14.5263671875,0.05419921875,1.123779296875,0.021484375
0.0,2.8076171875,15.8233642578125,-16.4642333984375,0.05078125,1.111572265625,0.013671875
0.0,1.953125,15.8843994140625,-17.82989501953125,0.056884765625,1.07177734375,0.015869140625
0.0,1.42669677734375,15.87677001953125,-18.798828125,0.047119140625,1.037353515625,0.00537109375
0.0,1.0986328125,15.99884033203125,-19.2718505859375,0.041748046875,1.02978515625,0.010986328125
0.0,0.60272216796875,16.0369873046875,-20.51544189453125,0.027099609375,1.05908203125,0.005615234375
0.0,0.67901611328125,16.12091064453125,-21.42333984375,0.04150390625,1.117431640625,0.013671875
0.0,-0.18310546875,16.02935791015625,-22.8118896484375,0.052734375,1.189697265625,0.00927734375
0.0,-2.06756591796875,16.42608642578125,-23.1781005859375,0.061279296875,1.18505859375,0.00390625
0.0,-3.77655029296875,16.30401611328125,-22.7508544921875,0.04541015625,1.148193359375,0.00341796875
0.0,-4.95147705078125,16.45660400390625,-23.3001708984375,0.031494140625,1.08251953125,-0.00244140625
0.0,-6.09588623046875,16.39556884765625,-22.77374267578125,0.02001953125,1.0478515625,0.005126953125
0.0,-7.04193115234375,16.13616943359375,-22.735595703125,0.028076171875,0.974609375,-0.00390625
0.0,-7.6446533203125,16.1590576171875,-20.94268798828125,0.031494140625,0.9345703125,-0.00927734375
0.0,-8.72802734375,16.1590576171875,-18.57757568359375,0.01318359375,0.88818359375,-0.01171875
0.0,-9.20867919921875,16.082763671875,-16.4947509765625,0.008056640625,0.9208984375,-0.00244140625
0.0,-9.98687744140625,15.90728759765625,-14.39666748046875,0.001708984375,0.923095703125,-0.0009765625
0.0,-10.589599609375,15.7928466796875,-12.969970703125,-0.0009765625,0.90478515625,-0.008544921875
0.0,-10.986328125,15.70892333984375,-10.55908203125,0.0009765625,0.8955078125,-0.00244140625
0.0,-11.688232421875,15.68603515625,-8.1787109375,-0.0048828125,0.87255859375,0.000244140625
0.0,-11.962890625,15.38848876953125,-5.47027587890625,-0.0205078125,0.850830078125,-0.001220703125
0.0,-12.1917724609375,15.13671875,-3.13568115234375,-0.021240234375,0.849853515625,0.001708984375
0.0,-12.2833251953125,14.9383544921875,-0.579833984375,-0.02880859375,0.8447265625,0.00048828125
0.0,-12.53509521484375,14.77813720703125,1.9378662109375,-0.0205078125,0.8408203125,0.008056640625
0.0,-12.420654296875,14.6331787109375,4.82177734375,-0.036865234375,0.83447265625,0.00390625
0.0,-12.0391845703125,14.34326171875,7.7056884765625,-0.043701171875,0.85693359375,0.01416015625
0.0,-11.7340087890625,14.404296875,10.06317138671875,-0.0390625,0.866943359375,0.013427734375
0.0,-11.14654541015625,14.21356201171875,13.02337646484375,-0.046630859375,0.90576171875,0.024658203125
0.0,-10.9710693359375,13.9923095703125,15.41900634765625,-0.0380859375,0.91748046875,0.031494140625
0.0,-10.5133056640625,14.129638671875,16.7083740234375,-0.034912109375,0.9580078125,0.034912109375
0.0,-9.94110107421875,14.16015625,18.5089111328125,-0.025634765625,0.9404296875,0.036865234375
0.0,-9.14764404296875,14.2822265625,19.3328857421875,-0.03271484375,0.971435546875,0.048095703125
0.0,-8.47625732421875,14.0838623046875,20.294189453125,-0.02294921875,0.9521484375,0.055419921875
0.0,-7.39288330078125,14.41192626953125,20.7977294921875,-0.022705078125,0.992431640625,0.060791015625
0.0,-6.7901611328125,14.34326171875,19.73724365234375,-0.03271484375,0.997802734375,0.063232421875
0.0,-5.62286376953125,14.36614990234375,19.2413330078125,-0.01123046875,0.994873046875,0.0625
0.0,-4.82940673828125,14.6942138671875,18.6004638671875,-0.001220703125,1.029296875,0.07666015625
0.0,-4.08935546875,14.6942138671875,18.1884765625,-0.012451171875,1.00146484375,0.0673828125
0.0,-3.23486328125,14.83154296875,16.66259765625,-0.017578125,1.025146484375,0.068115234375
0.0,-2.655029296875,14.85443115234375,14.95361328125,-0.015380859375,1.005859375,0.064697265625
0.0,-2.00653076171875,14.9688720703125,14.03045654296875,-0.00244140625,1.008544921875,0.06982421875
0.0,-1.57928466796875,14.9688720703125,11.9171142578125,-0.00244140625,1.0234375,0.061279296875
0.0,-1.24359130859375,15.14434814453125,10.35308837890625,0.002685546875,1.015869140625,0.059814453125
0.0,-0.701904296875,15.31219482421875,8.4228515625,-0.007568359375,1.01025390625,0.0576171875
0.0,-0.213623046875,15.26641845703125,5.68389892578125,-0.000244140625,1.019287109375,0.065673828125
0.0,0.12969970703125,15.29693603515625,3.753662109375,0.01025390625,1.0126953125,0.065185546875
0.0,0.30517578125,15.472412109375,1.220703125,0.004638671875,1.021240234375,0.0712890625
0.0,0.8087158203125,15.34271240234375,-0.90789794921875,0.00634765625,1.0380859375,0.070556640625
0.0,1.50299072265625,15.533447265625,-3.22723388671875,0.014892578125,1.065673828125,0.077392578125
0.0,1.91497802734375,15.5029296875,-5.98907470703125,0.013671875,1.105712890625,0.08349609375
0.0,2.35748291015625,15.6707763671875,-8.53729248046875,0.02294921875,1.150390625,0.0849609375
0.0,2.3956298828125,15.655517578125,-11.505126953125,0.02734375,1.20458984375,0.084228515625
0.0,2.0751953125,15.89202880859375,-14.34326171875,0.031005859375,1.206298828125,0.08349609375
0.0,1.89971923828125,16.02935791015625,-16.41845703125,0.020263671875,1.220947265625,0.08544921875
0.0,1.40380859375,16.04461669921875,-19.2108154296875,0.021728515625,1.2490234375,0.0791015625
0.0,0.9613037109375,16.0064697265625,-21.08001708984375,0.015869140625,1.2158203125,0.082763671875
0.0,0.1068115234375,16.387939453125,-22.5067138671875,0.021728515625,1.1806640625,0.067138671875
0.0,-0.640869140625,16.3116455078125,-23.040771484375,-0.01123046875,1.126953125,0.070068359375
0.0,-0.86212158203125,16.2200927734375,-23.62823486328125,-0.009033203125,1.100341796875,0.060791015625
0.0,-1.01470947265625,16.44134521484375,-23.3001708984375,-0.0078125,1.089599609375,0.0712890625
0.0,-1.21307373046875,16.357421875,-23.040771484375,-0.0126953125,1.114013671875,0.070556640625
0.0,-1.434326171875,16.4794921875,-22.491455078125,-0.01123046875,1.130859375,0.078857421875
0.0,-1.5106201171875,16.5863037109375,-21.38519287109375,-0.021240234375,1.170166015625,0.080322265625
0.0,-1.96075439453125,16.60919189453125,-21.03424072265625,-0.018310546875,1.201904296875,0.087890625
0.0,-2.57110595703125,16.53289794921875,-19.83642578125,-0.015869140625,1.177001953125,0.086669921875
0.0,-3.05938720703125,16.54052734375,-17.82989501953125,-0.019775390625,1.155517578125,0.088623046875
0.0,-3.83758544921875,16.387939453125,-16.18194580078125,-0.037353515625,1.0986328125,0.078125
0.0,-4.06646728515625,16.41082763671875,-14.70947265625,-0.039306640625,1.052490234375,0.06494140625
0.0,-4.02069091796875,16.28875732421875,-12.30621337890625,-0.05029296875,0.9931640625,0.064208984375
0.0,-3.83758544921875,16.22772216796875,-9.77325439453125,-0.047607421875,0.963623046875,0.06640625
0.0,-3.9825439453125,15.83099365234375,-6.55364990234375,-0.068603515625,0.94775390625,0.066650390625
0.0,-4.00543212890625,15.87677001953125,-4.24957275390625,-0.048095703125,0.943115234375,0.06103515625
0.0,-4.08172607421875,15.899658203125,-0.40435791015625,-0.068115234375,0.914794921875,0.0615234375
0.0,-3.91387939453125,15.44189453125,2.31170654296875,-0.067138671875,0.896728515625,0.0634765625
0.0,-3.66973876953125,15.23590087890625,7.56072998046875,-0.076904296875,0.884765625,0.057373046875
0.0,-3.54766845703125,15.167236328125,10.3302001953125,-0.074462890625,0.85107421875,0.055908203125
0.0,-3.5247802734375,14.801025390625,13.22174072265625,-0.076904296875,0.806396484375,0.050048828125
0.0,-3.10516357421875,14.6331787109375,16.45660400390625,-0.077880859375,0.76123046875,0.040771484375
0.0,-2.72369384765625,14.404296875,19.84405517578125,-0.087890625,0.720703125,0.033935546875
0.0,-2.22015380859375,13.72528076171875,22.28546142578125,-0.093505859375,0.695068359375,0.033935546875
0.0,-1.6021728515625,13.83209228515625,25.39825439453125,-0.07958984375,0.650146484375,0.023193359375
0.0,-1.21307373046875,13.20648193359375,27.70233154296875,-0.105224609375,0.650634765625,0.02099609375
0.0,-0.37384033203125,12.87078857421875,31.06689453125,-0.0908203125,0.655517578125,0.01953125
0.0,-0.19073486328125,12.420654296875,33.69903564453125,-0.11083984375,0.66357421875,0.02734375
0.0,1.2359619140625,11.9476318359375,35.6597900390625,-0.097900390625,0.7021484375,0.04052734375
0.0,2.3040771484375,11.69586181640625,37.3992919921875,-0.107666015625,0.75732421875,0.04150390625
0.0,3.3111572265625,11.0015869140625,38.421630859375,-0.102294921875,0.83935546875,0.05224609375
0.0,3.79180908203125,10.6201171875,39.0472412109375,-0.0869140625,0.868896484375,0.0439453125
0.0,4.669189453125,10.39886474609375,40.58837890625,-0.091796875,0.890869140625,0.055908203125
0.0,5.7373046875,9.6588134765625,39.29901123046875,-0.090087890625,0.88720703125,0.056884765625
0.0,6.67572021484375,9.3994140625,38.6505126953125,-0.08544921875,0.87744140625,0.0595703125
0.0,7.85064697265625,8.61358642578125,37.9180908203125,-0.081787109375,0.8330078125,0.051513671875
0.0,9.4146728515625,8.1634521484375,36.99493408203125,-0.066650390625,0.82763671875,0.054931640625
0.0,10.833740234375,7.598876953125,35.39276123046875,-0.05712890625,0.840087890625,0.06005859375
0.0,12.10784912109375,7.293701171875,32.81402587890625,-0.04833984375,0.850341796875,0.057861328125
0.0,13.49639892578125,6.64520263671875,29.083251953125,-0.030029296875,0.86865234375,0.06396484375
0.0,14.95361328125,6.29425048828125,25.9552001953125,-0.015869140625,0.920654296875,0.0634765625
0.0,16.33453369140625,5.9661865234375,22.76611328125,-0.008056640625,0.985107421875,0.07177734375
0.0,17.15087890625,5.60760498046875,18.08929443359375,-0.001220703125,1.04638671875,0.070068359375
0.0,17.8375244140625,5.36346435546875,13.46588134765625,0.020751953125,1.114501953125,0.078857421875
0.0,17.89093017578125,5.27191162109375,9.1552734375,0.0205078125,1.166015625,0.06787109375
0.0,17.47894287109375,5.0506591796875,5.30242919921875,0.01806640625,1.13037109375,0.056396484375
0.0,17.21954345703125,4.58526611328125,2.38037109375,0.013427734375,1.08837890625,0.05908203125
0.0,16.9830322265625,4.72259521484375,0.00762939453125,0.01416015625,1.0224609375,0.05078125
0.0,17.06695556640625,4.17327880859375,-3.0517578125,-0.006103515625,0.96875,0.043701171875
0.0,17.08984375,4.1656494140625,-5.126953125,0.0166015625,0.933837890625,0.034912109375
0.0,16.31927490234375,3.692626953125,-5.68389892578125,0.000244140625,0.897216796875,0.028076171875
0.0,16.16668701171875,3.448486328125,-6.103515625,0.005615234375,0.88818359375,0.02392578125
0.0,15.228271484375,3.36456298828125,-6.59942626953125,-0.009521484375,0.862548828125,0.025634765625
0.0,14.4500732421875,2.4566650390625,-6.84356689453125,-0.003173828125,0.852294921875,0.019287109375
0.0,14.03045654296875,2.37274169921875,-6.3934326171875,0.011474609375,0.8369140625,0.01220703125
0.0,13.67950439453125,1.80816650390625,-5.97381591796875,-0.00341796875,0.8681640625,0.017822265625
0.0,12.9547119140625,1.57928466796875,-5.9356689453125,-0.001220703125,0.90576171875,0.0234375
0.0,12.44354248046875,0.885009765625,-5.889892578125,-0.0078125,0.912353515625,0.01220703125
0.0,11.75689697265625,0.579833984375,-5.4473876953125,0.0185546875,0.94970703125,0.01611328125
0.0,11.016845703125,0.25177001953125,-4.03594970703125,-0.007080078125,0.952880859375,0.012451171875
0.0,10.772705078125,-0.3662109375,-2.92205810546875,-0.011474609375,0.95556640625,0.012451171875
0.0,9.72747802734375,-0.91552734375,-2.51007080078125,-0.017822265625,0.97265625,0.011962890625
0.0,9.4451904296875,-1.67083740234375,-1.04522705078125,-0.016845703125,0.951904296875,0.016357421875
0.0,9.3994140625,-2.03704833984375,0.28228759765625,-0.002197265625,0.943603515625,0.0166015625
0.0,9.28497314453125,-2.81524658203125,1.678466796875,-0.02294921875,0.951904296875,0.0283203125
0.0,9.05609130859375,-3.4942626953125,2.67791748046875,-0.013427734375,0.9736328125,0.02392578125
0.0,8.8958740234375,-3.875732421875,3.5247802734375,-0.012451171875,0.960205078125,0.010009765625
0.0,8.9263916015625,-4.49371337890625,5.30242919921875,-0.009033203125,0.981689453125,0.0166015625
0.0,8.453369140625,-5.2337646484375,6.59942626953125,-0.019775390625,0.9931640625,0.014404296875
0.0,8.27789306640625,-5.79071044921875,7.293701171875,-0.014404296875,1.002197265625,0.01953125
0.0,8.21685791015625,-6.24847412109375,8.209228515625,-0.010986328125,0.994384765625,0.01611328125
0.0,7.89642333984375,-6.79779052734375,8.90350341796875,0.004638671875,1.01220703125,0.01904296875
0.0,7.92694091796875,-7.32421875,9.57489013671875,-0.008056640625,1.0126953125,0.012939453125
0.0,7.72857666015625,-7.82012939453125,10.53619384765625,0.0048828125,1.011474609375,0.02099609375
0.0,7.476806640625,-8.331298828125,10.772705078125,-0.0009765625,1.007568359375,0.019775390625
0.0,7.48443603515625,-8.72802734375,11.3067626953125,0.0126953125,1.008544921875,0.017333984375
0.0,7.476806640625,-9.1094970703125,11.3067626953125,0.010986328125,1.002197265625,0.021240234375
0.0,7.6751708984375,-9.4451904296875,11.16943359375,0.01806640625,0.988525390625,0.025634765625
0.0,7.75909423828125,-9.979248046875,11.00921630859375,0.031494140625,0.999755859375,0.025634765625
0.0,8.27789306640625,-10.23101806640625,10.3912353515625,0.0390625,1.01220703125,0.02978515625
0.0,8.50677490234375,-10.498046875,9.19342041015625,0.049560546875,1.03369140625,0.02880859375
0.0,8.4381103515625,-10.589599609375,8.1024169921875,0.0615234375,1.039794921875,0.029541015625
0.0,8.60595703125,-10.76507568359375,6.79779052734375,0.064208984375,1.06787109375,0.022705078125
0.0,8.41522216796875,-10.8489990234375,4.8828125,0.07861328125,1.060546875,0.02880859375
0.0,8.85772705078125,-10.7421875,3.8299560546875,0.091552734375,1.077392578125,0.033935546875
0.0,8.56781005859375,-10.52093505859375,1.5869140625,0.09228515625,1.092041015625,0.036376953125
0.0,8.30841064453125,-10.56671142578125,0.1373291015625,0.09326171875,1.0751953125,0.019775390625
0.0,8.30841064453125,-10.20050048828125,-1.21307373046875,0.103271484375,1.0732421875,0.020263671875
0.0,7.95745849609375,-10.26153564453125,-3.11279296875,0.106689453125,1.0634765625,0.0263671875
0.0,7.8887939453125,-9.6282958984375,-4.8675537109375,0.12060546875,1.077392578125,0.019775390625
0.0,7.4920654296875,-9.39178466796875,-6.9580078125,0.125,1.07421875,0.018798828125
0.0,7.3699951171875,-8.941650390625,-7.91168212890625,0.129638671875,1.042724609375,0.018310546875
0.0,7.14874267578125,-8.44573974609375,-8.52203369140625,0.11376953125,1.017822265625,0.02294921875
0.0,6.93511962890625,-8.1939697265625,-9.78851318359375,0.109130859375,1.001708984375,0.01611328125
0.0,6.439208984375,-7.71331787109375,-10.9405517578125,0.11962890625,0.962646484375,0.017333984375
0.0,6.72149658203125,-7.30133056640625,-10.58197021484375,0.123046875,0.952880859375,0.015625
0.0,6.6375732421875,-6.805419921875,-10.93292236328125,0.124755859375,0.93603515625,0.01025390625
0.0,6.7291259765625,-6.6070556640625,-11.322021484375,0.1064453125,0.951904296875,0.009521484375
0.0,6.805419921875,-6.03485107421875,-12.38250732421875,0.12353515625,0.985595703125,0.016357421875
0.0,6.591796875,-5.63812255859375,-13.4124755859375,0.125,1.012451171875,0.018798828125
0.0,6.561279296875,-5.24139404296875,-13.23699951171875,0.126220703125,1.026123046875,0.0185546875
0.0,6.378173828125,-4.913330078125,-13.28277587890625,0.122314453125,1.051025390625,0.02294921875
0.0,6.12640380859375,-4.41741943359375,-13.54217529296875,0.117431640625,1.072509765625,0.020263671875
0.0,6.20269775390625,-4.0130615234375,-13.46588134765625,0.119873046875,1.091064453125,0.022705078125
0.0,6.3018798828125,-3.59344482421875,-14.45770263671875,0.13330078125,1.14208984375,0.0263671875
0.0,6.04248046875,-3.23486328125,-14.068603515625,0.1298828125,1.1591796875,0.019287109375
0.0,5.8135986328125,-2.8228759765625,-14.1448974609375,0.12890625,1.162841796875,0.017333984375
0.0,5.16510009765625,-2.3040771484375,-15.380859375,0.126220703125,1.152099609375,0.022216796875
0.0,4.85992431640625,-2.22015380859375,-14.91546630859375,0.1181640625,1.134765625,0.02001953125
0.0,4.60052490234375,-1.6632080078125,-15.25115966796875,0.1435546875,1.125244140625,0.018798828125
0.0,4.50897216796875,-1.31988525390625,-14.35089111328125,0.119384765625,1.107177734375,0.0185546875
0.0,4.50897216796875,-1.18255615234375,-13.3056640625,0.1240234375,1.103515625,0.029296875
0.0,4.3792724609375,-0.58746337890625,-13.0767822265625,0.1083984375,1.076416015625,0.025634765625
0.0,4.4708251953125,-0.32806396484375,-12.26806640625,0.109619140625,1.064453125,0.032470703125
0.0,4.23431396484375,-0.0152587890625,-11.138916015625,0.11181640625,1.0537109375,0.026123046875
0.0,4.2724609375,0.274658203125,-9.4757080078125,0.1015625,1.0439453125,0.022216796875
0.0,4.241943359375,0.41961669921875,-7.94219970703125,0.09521484375,1.04443359375,0.0224609375
0.0,4.1046142578125,0.701904296875,-7.4615478515625,0.091552734375,1.0556640625,0.022705078125
0.0,4.03594970703125,0.6256103515625,-6.683349609375,0.10302734375,1.05322265625,0.015380859375
0.0,3.72314453125,0.946044921875,-6.20269775390625,0.102294921875,1.07666015625,0.017333984375
0.0,3.0975341796875,0.79345703125,-6.03485107421875,0.0849609375,1.08056640625,0.014892578125
0.0,3.11279296875,1.15966796875,-6.0272216796875,0.093994140625,1.100341796875,0.018798828125
0.0,3.25775146484375,0.946044921875,-7.01141357421875,0.10302734375,1.19873046875,0.0302734375
0.0,3.448486328125,1.1138916015625,-8.88824462890625,0.138427734375,1.316650390625,0.015380859375
0.0,2.3651123046875,1.60980224609375,-11.7034912109375,0.150390625,1.481689453125,0.015380859375
0.0,0.23651123046875,1.94549560546875,-13.34381103515625,0.1328125,1.4794921875,0.007568359375
0.0,-2.06756591796875,2.26593017578125,-15.61737060546875,0.103271484375,1.401611328125,0.010498046875
0.0,-4.03594970703125,1.89971923828125,-16.60919189453125,0.058837890625,1.248779296875,0.010986328125
0.0,-4.39453125,1.88446044921875,-16.53289794921875,0.04736328125,1.137939453125,0.005126953125
0.0,-4.15802001953125,2.01416015625,-17.974853515625,0.03466796875,1.1103515625,0.000244140625
0.0,-3.60107421875,1.70135498046875,-17.43316650390625,0.048828125,1.14892578125,0.014892578125
0.0,-3.94439697265625,1.76239013671875,-16.38031005859375,0.065673828125,1.10986328125,0.013671875
0.0,-4.02069091796875,1.88446044921875,-15.40374755859375,0.032958984375,1.11083984375,0.0068359375
0.0,-4.96673583984375,1.86920166015625,-15.2130126953125,0.0224609375,1.118896484375,0.008056640625
0.0,-5.69915771484375,1.983642578125,-14.39666748046875,-0.001708984375,1.05078125,-0.008056640625
0.0,-5.86700439453125,1.48773193359375,-11.9781494140625,-0.00537109375,1.018310546875,-0.00341796875
0.0,-6.11114501953125,1.3275146484375,-9.37652587890625,-0.00341796875,0.989501953125,-0.01416015625
0.0,-5.9356689453125,1.495361328125,-7.1868896484375,-0.021728515625,0.9296875,-0.002685546875
0.0,-5.76019287109375,1.3580322265625,-4.32586669921875,-0.036376953125,0.89794921875,-0.008056640625
0.0,-5.9967041015625,1.3427734375,-1.10626220703125,-0.040283203125,0.842041015625,-0.010986328125
0.0,-6.01959228515625,0.9613037109375,5.035400390625,-0.047607421875,0.80029296875,-0.018798828125
0.0,-5.1116943359375,1.1749267578125,8.56781005859375,-0.06494140625,0.722900390625,-0.021240234375
0.0,-4.70733642578125,0.67138671875,12.19940185546875,-0.062744140625,0.714111328125,-0.02783203125
0.0,-4.180908203125,0.67138671875,16.91436767578125,-0.066650390625,0.708984375,-0.0263671875
0.0,-3.47900390625,0.41961669921875,19.92034912109375,-0.07568359375,0.712890625,-0.036376953125
0.0,-2.98309326171875,0.41961669921875,23.73504638671875,-0.06982421875,0.71435546875,-0.0263671875
0.0,-2.93731689453125,0.0152587890625,27.2674560546875,-0.080078125,0.720703125,-0.029052734375
0.0,-2.410888671875,0.0152587890625,30.81512451171875,-0.072998046875,0.711669921875,-0.028564453125
0.0,-1.983642578125,-0.457763671875,34.53826904296875,-0.08447265625,0.73876953125,-0.03076171875
0.0,-1.48773193359375,-0.4425048828125,38.16986083984375,-0.0732421875,0.7333984375,-0.036376953125
0.0,-0.9765625,-0.6103515625,41.3360595703125,-0.091796875,0.737060546875,-0.039794921875
0.0,-0.030517578125,-0.762939453125,43.9605712890625,-0.08935546875,0.7685546875,-0.028564453125
0.0,0.48065185546875,-1.06048583984375,45.1507568359375,-0.08740234375,0.783935546875,-0.031982421875
0.0,1.45721435546875,-1.220703125,47.27935791015625,-0.08203125,0.833984375,-0.031494140625
0.0,1.922607421875,-1.59454345703125,47.6226806640625,-0.075927734375,0.863037109375,-0.032470703125
0.0,2.5177001953125,-1.68609619140625,48.21014404296875,-0.06787109375,0.886474609375,-0.030517578125
0.0,2.78472900390625,-2.03704833984375,46.37908935546875,-0.06884765625,0.920166015625,-0.034912109375
0.0,3.5247802734375,-2.23541259765625,44.189453125,-0.060546875,0.94921875,-0.03271484375
0.0,3.80706787109375,-2.6397705078125,41.68701171875,-0.044189453125,0.97412109375,-0.026123046875
0.0,4.26483154296875,-2.7313232421875,38.0706787109375,-0.035400390625,1.005859375,-0.029052734375
0.0,4.47845458984375,-2.89154052734375,34.70611572265625,-0.019287109375,1.0302734375,-0.02685546875
0.0,4.39453125,-2.99072265625,30.06744384765625,-0.013671875,1.044921875,-0.027099609375
0.0,4.608154296875,-3.0975341796875,25.64239501953125,-0.0087890625,1.044921875,-0.027587890625
0.0,4.302978515625,-3.3111572265625,19.76776123046875,-0.009033203125,1.051025390625,-0.028564453125
0.0,4.34112548828125,-3.45611572265625,14.39666748046875,0.002685546875,1.0390625,-0.023193359375
0.0,4.302978515625,-3.5858154296875,8.43048095703125,0.01220703125,1.05126953125,-0.02001953125
0.0,4.12750244140625,-3.71551513671875,1.94549560546875,0.01611328125,1.036376953125,-0.014404296875
0.0,4.21142578125,-3.84521484375,-3.9825439453125,0.019287109375,1.01904296875,-0.018798828125
0.0,4.21905517578125,-3.814697265625,-10.6658935546875,0.030517578125,1.019775390625,-0.01220703125
0.0,3.9520263671875,-3.92913818359375,-16.39556884765625,0.030517578125,1.01220703125,-0.013916015625
0.0,3.936767578125,-3.9215087890625,-21.94976806640625,0.0341796875,1.005615234375,-0.01025390625
0.0,3.72314453125,-3.9825439453125,-27.36663818359375,0.038818359375,1.004150390625,-0.0068359375
0.0,3.95965576171875,-3.8604736328125,-31.2347412109375,0.036865234375,0.9833984375,0.000244140625
0.0,4.0130615234375,-4.03594970703125,-35.25543212890625,0.028564453125,0.989501953125,0.00390625
0.0,4.08172607421875,-3.99017333984375,-38.2843017578125,0.030029296875,0.981689453125,0.00732421875
0.0,4.29534912109375,-4.12750244140625,-39.75677490234375,0.026611328125,0.978759765625,0.009521484375
0.0,4.1046142578125,-4.180908203125,-41.595458984375,0.02734375,0.987060546875,0.007568359375
0.0,4.364013671875,-3.9825439453125,-41.595458984375,0.02587890625,0.984619140625,0.010986328125
0.0,4.2724609375,-4.15802001953125,-41.5496826171875,0.0166015625,1.008544921875,0.008056640625
0.0,3.99017333984375,-4.34112548828125,-40.64178466796875,0.012939453125,0.9931640625,0.012939453125
0.0,3.96728515625,-4.2266845703125,-39.2303466796875,0.013671875,1.019775390625,0.007080078125
0.0,3.54766845703125,-4.5318603515625,-37.57476806640625,0.00537109375,1.019287109375,0.017578125
0.0,3.6163330078125,-4.53948974609375,-34.90447998046875,0.00390625,1.00732421875,0.010986328125
0.0,3.143310546875,-4.70733642578125,-32.40966796875,-0.003173828125,1.0263671875,0.02001953125
0.0,2.58636474609375,-5.096435546875,-29.70123291015625,-0.0078125,1.01416015625,0.015625
0.0,2.63214111328125,-4.974365234375,-26.336669921875,0.00537109375,1.003173828125,0.013916015625
0.0,2.2430419921875,-5.462646484375,-23.47564697265625,-0.000732421875,0.997802734375,0.025390625
0.0,2.02178955078125,-5.48553466796875,-19.69146728515625,0.00927734375,0.984130859375,0.01708984375
0.0,1.8157958984375,-5.66864013671875,-16.65496826171875,0.002685546875,0.99267578125,0.026611328125
0.0,1.3427734375,-5.74493408203125,-14.251708984375,0.011474609375,0.98388671875,0.019775390625
0.0,0.96893310546875,-6.00433349609375,-11.1236572265625,0.00439453125,0.972412109375,0.021484375
0.0,0.58746337890625,-6.2408447265625,-8.697509765625,0.014404296875,0.972900390625,0.0185546875
0.0,0.05340576171875,-6.26373291015625,-6.0882568359375,0.012451171875,0.949462890625,0.021484375
0.0,-0.396728515625,-6.72149658203125,-4.08172607421875,0.006591796875,0.948974609375,0.015380859375
0.0,-0.80108642578125,-6.82830810546875,-2.3345947265625,0.02197265625,0.9423828125,0.015869140625
0.0,-1.190185546875,-7.01141357421875,-0.4119873046875,0.010986328125,0.948974609375,0.01806640625
0.0,-1.64031982421875,-7.26318359375,0.74005126953125,0.011474609375,0.956787109375,0.0205078125
0.0,-2.11334228515625,-7.42340087890625,1.678466796875,0.01416015625,0.9599609375,0.01904296875
0.0,-2.51007080078125,-7.69805908203125,2.62451171875,0.013427734375,0.961669921875,0.018798828125
0.0,-2.8228759765625,-7.92694091796875,3.22723388671875,0.0185546875,0.951416015625,0.023681640625
0.0,-3.19671630859375,-8.087158203125,3.44085693359375,0.011474609375,0.94482421875,0.0283203125
0.0,-3.3111572265625,-8.544921875,3.57818603515625,0.0166015625,0.936767578125,0.0234375
0.0,-3.4942626953125,-8.48388671875,3.39508056640625,0.0146484375,0.974365234375,0.01904296875
0.0,-3.72314453125,-8.70513916015625,2.9296875,-0.00244140625,0.983642578125,0.016357421875
0.0,-4.119873046875,-9.002685546875,2.15911865234375,0.010009765625,1.0009765625,0.015869140625
0.0,-4.76837158203125,-9.063720703125,1.6326904296875,0.00732421875,1.013427734375,0.023193359375
0.0,-5.21087646484375,-9.3841552734375,1.1444091796875,-0.000732421875,1.020751953125,0.015625
0.0,-6.134033203125,-9.46044921875,-0.60272216796875,0.005126953125,1.0283203125,0.01123046875
0.0,-6.59942626953125,-9.5062255859375,-0.66375732421875,0.00439453125,1.01513671875,0.015869140625
0.0,-7.56072998046875,-9.6893310546875,-1.190185546875,0.0009765625,1.03076171875,0.020751953125
0.0,-8.26263427734375,-9.8876953125,-1.71661376953125,-0.013427734375,1.0166015625,0.011474609375
0.0,-8.88824462890625,-9.9945068359375,-2.35748291015625,-0.007080078125,1.03515625,0.0185546875
0.0,-9.66644287109375,-10.07080078125,-3.0670166015625,-0.020263671875,1.0478515625,0.02099609375
0.0,-10.52093505859375,-10.1165771484375,-3.0975341796875,-0.007080078125,1.066650390625,0.016357421875
0.0,-11.54327392578125,-10.09368896484375,-3.08990478515625,-0.019775390625,1.0771484375,0.013916015625
0.0,-12.5579833984375,-10.18524169921875,-3.4942626953125,-0.01806640625,1.068115234375,0.01904296875
0.0,-13.45062255859375,-10.19287109375,-3.5552978515625,-0.014892578125,1.04052734375,0.016845703125
0.0,-14.129638671875,-10.0860595703125,-3.79180908203125,-0.0185546875,1.04052734375,0.0244140625
0.0,-14.88494873046875,-10.20050048828125,-3.76129150390625,-0.01953125,1.02001953125,0.026611328125
0.0,-15.167236328125,-10.0555419921875,-3.70025634765625,-0.013427734375,1.012939453125,0.030029296875
0.0,-15.58685302734375,-10.01739501953125,-4.11224365234375,-0.011474609375,1.010009765625,0.043212890625
0.0,-15.4571533203125,-9.92584228515625,-3.60870361328125,-0.010498046875,0.978759765625,0.0419921875
0.0,-15.52581787109375,-9.58251953125,-3.74603271484375,-0.0009765625,0.990234375,0.0478515625
0.0,-15.44189453125,-9.31549072265625,-2.86865234375,-0.02099609375,0.97607421875,0.047607421875
0.0,-15.167236328125,-9.2010498046875,-2.22015380859375,-0.01220703125,0.965087890625,0.051513671875
0.0,-14.7857666015625,-8.81195068359375,-1.4495849609375,-0.0166015625,0.968017578125,0.049072265625
0.0,-14.2059326171875,-8.4228515625,0.06866455078125,-0.02392578125,0.980224609375,0.05859375
0.0,-13.61083984375,-8.270263671875,0.52642822265625,-0.029541015625,0.974609375,0.065185546875
0.0,-12.4969482421875,-7.86590576171875,0.67901611328125,-0.010498046875,0.9609375,0.079345703125
0.0,-10.94818115234375,-7.40814208984375,1.28173828125,-0.00244140625,0.97021484375,0.08544921875
0.0,-9.33837890625,-7.05718994140625,2.3956298828125,-0.00634765625,0.951416015625,0.09228515625
0.0,-7.7667236328125,-6.56890869140625,2.51007080078125,-0.0048828125,0.959228515625,0.095703125
0.0,-6.23321533203125,-6.05010986328125,3.22723388671875,-0.02001953125,0.951416015625,0.093994140625
0.0,-4.58526611328125,-5.7373046875,4.23431396484375,-0.010986328125,0.961181640625,0.0869140625
0.0,-3.082275390625,-5.07354736328125,5.096435546875,-0.016357421875,0.977783203125,0.079345703125
0.0,-1.74713134765625,-4.73785400390625,5.9051513671875,-0.02490234375,0.971435546875,0.09423828125
0.0,-0.3204345703125,-4.41741943359375,6.06536865234375,-0.013427734375,0.9560546875,0.0830078125
0.0,1.129150390625,-3.59344482421875,6.85882568359375,0.001953125,0.94677734375,0.085205078125
0.0,2.38800048828125,-3.1585693359375,7.54547119140625,-0.008544921875,0.937255859375,0.087646484375
0.0,3.68499755859375,-2.81524658203125,7.37762451171875,-0.004150390625,0.9208984375,0.088134765625
0.0,4.87518310546875,-2.410888671875,7.598876953125,0.001708984375,0.935302734375,0.083251953125
0.0,6.03485107421875,-1.708984375,7.54547119140625,-0.001708984375,0.943603515625,0.080810546875
0.0,7.049560546875,-1.54876708984375,6.88934326171875,-0.0068359375,0.95654296875,0.072998046875
0.0,7.8125,-0.86212158203125,6.77490234375,0.006103515625,0.969970703125,0.076171875
0.0,8.6822509765625,-0.58746337890625,5.2337646484375,-0.00390625,0.970458984375,0.07763671875
0.0,9.75799560546875,-0.26702880859375,4.425048828125,0.017578125,0.971435546875,0.078857421875
0.0,10.90240478515625,0.45013427734375,3.51715087890625,0.01953125,0.9873046875,0.07568359375
0.0,11.322021484375,0.8392333984375,2.3345947265625,0.0,0.99658203125,0.078857421875
0.0,11.9171142578125,1.0223388671875,0.80108642578125,0.008544921875,0.994384765625,0.07763671875
0.0,12.61138916015625,1.5411376953125,-0.6103515625,0.0146484375,0.991455078125,0.071044921875
0.0,13.2904052734375,1.93023681640625,-1.54876708984375,0.011474609375,0.990478515625,0.070556640625
0.0,13.95416259765625,2.38037109375,-2.8228759765625,0.003662109375,1.001708984375,0.06298828125
0.0,14.10675048828125,2.64739990234375,-3.66973876953125,0.0068359375,1.008544921875,0.06494140625
0.0,14.35089111328125,3.21197509765625,-4.0283203125,-0.000732421875,1.019287109375,0.0537109375
0.0,14.617919921875,3.662109375,-4.89044189453125,-0.01513671875,1.03759765625,0.054931640625
0.0,14.556884765625,3.7841796875,-5.63812255859375,-0.0146484375,1.05859375,0.055419921875
0.0,14.16778564453125,4.2572021484375,-5.94329833984375,-0.0068359375,1.06591796875,0.052978515625
0.0,14.129638671875,4.35638427734375,-6.78253173828125,-0.017578125,1.06201171875,0.045654296875
0.0,13.916015625,4.6539306640625,-7.598876953125,-0.00634765625,1.060302734375,0.049072265625
0.0,13.5498046875,4.78363037109375,-8.11004638671875,-0.0166015625,1.06103515625,0.045654296875
0.0,13.11492919921875,5.096435546875,-8.58306884765625,-0.018310546875,1.0517578125,0.04052734375
0.0,12.35198974609375,5.07354736328125,-9.19342041015625,-0.01953125,1.04443359375,0.03515625
0.0,11.7340087890625,5.4779052734375,-9.26971435546875,-0.01953125,1.049560546875,0.0380859375
0.0,11.32965087890625,5.3863525390625,-9.05609130859375,-0.03271484375,1.07080078125,0.02880859375
0.0,10.39886474609375,5.4473876953125,-8.67462158203125,-0.03125,1.087646484375,0.03173828125
0.0,9.39178466796875,5.57708740234375,-7.5836181640625,-0.04736328125,1.091064453125,0.025146484375
0.0,8.43048095703125,5.59234619140625,-6.9580078125,-0.04345703125,1.079833984375,0.031005859375
0.0,7.598876953125,5.4931640625,-6.00433349609375,-0.04638671875,1.072021484375,0.035400390625
0.0,6.75201416015625,5.65338134765625,-4.8065185546875,-0.033447265625,1.08251953125,0.03173828125
0.0,5.89752197265625,5.57708740234375,-4.0740966796875,-0.047119140625,1.081787109375,0.02734375
0.0,4.9896240234375,5.5084228515625,-3.39508056640625,-0.0400390625,1.088134765625,0.029296875
0.0,3.57818603515625,5.5389404296875,-3.08990478515625,-0.0390625,1.090576171875,0.020263671875
0.0,2.55584716796875,5.4931640625,-2.51007080078125,-0.04248046875,1.078857421875,0.017822265625
0.0,1.21307373046875,5.07354736328125,-2.197265625,-0.037109375,1.067138671875,0.017822265625
0.0,0.0457763671875,5.126953125,-1.9989013671875,-0.031982421875,1.04296875,0.019287109375
0.0,-1.21307373046875,5.126953125,-1.53350830078125,-0.033935546875,1.041259765625,0.0185546875
0.0,-2.17437744140625,4.8980712890625,-1.59454345703125,-0.038818359375,1.04052734375,0.0185546875
0.0,-3.23486328125,4.730224609375,-1.70135498046875,-0.026123046875,1.0439453125,0.0166015625
0.0,-4.32586669921875,4.8370361328125,-0.9613037109375,-0.033447265625,1.052734375,0.01708984375
0.0,-5.5694580078125,4.40216064453125,-1.01470947265625,-0.040771484375,1.04296875,0.026611328125
0.0,-6.38580322265625,4.3182373046875,-1.64031982421875,-0.02490234375,1.025146484375,0.021728515625
0.0,-7.0037841796875,4.46319580078125,-0.9765625,-0.0234375,1.02978515625,0.03515625
0.0,-7.568359375,4.05120849609375,-0.9613037109375,-0.031005859375,1.0234375,0.03271484375
0.0,-7.94219970703125,4.08172607421875,-0.74005126953125,-0.019775390625,1.025634765625,0.039306640625
0.0,-8.38470458984375,3.99017333984375,-0.41961669921875,-0.029541015625,1.022705078125,0.0400390625
0.0,-8.67462158203125,3.88336181640625,-0.30517578125,-0.0263671875,1.01513671875,0.044189453125
0.0,-8.70513916015625,3.662109375,0.030517578125,-0.02685546875,1.001708984375,0.0458984375
0.0,-8.697509765625,3.8299560546875,0.57220458984375,-0.0126953125,0.996826171875,0.05419921875
0.0,-8.56781005859375,3.60107421875,1.15966796875,-0.024658203125,0.9912109375,0.05224609375
0.0,-8.17108154296875,3.6163330078125,1.800537109375,-0.013427734375,0.995849609375,0.056640625
0.0,-8.026123046875,3.5858154296875,2.34222412109375,-0.02392578125,1.009765625,0.059814453125
0.0,-7.80487060546875,3.41033935546875,2.8533935546875,-0.025146484375,1.0048828125,0.0595703125
0.0,-7.598876953125,3.36456298828125,3.1890869140625,-0.01806640625,0.99853515625,0.058837890625
0.0,-7.2021484375,3.25775146484375,3.68499755859375,-0.02001953125,0.99267578125,0.06396484375
0.0,-7.0648193359375,3.13568115234375,4.2572021484375,-0.01220703125,0.9677734375,0.06591796875
0.0,-6.4697265625,2.96783447265625,4.82177734375,-0.015625,0.968017578125,0.065673828125
0.0,-6.00433349609375,2.7008056640625,5.035400390625,-0.015625,0.96142578125,0.07177734375
0.0,-5.2032470703125,2.69317626953125,4.72259521484375,-0.021240234375,0.95166015625,0.06640625
0.0,-4.669189453125,2.47955322265625,4.17327880859375,-0.015625,0.9560546875,0.079345703125
0.0,-3.92913818359375,2.15911865234375,3.92913818359375,-0.011474609375,0.957763671875,0.07568359375
0.0,-3.18145751953125,2.166748046875,3.5858154296875,-0.007080078125,0.957275390625,0.07861328125
0.0,-2.4261474609375,2.00653076171875,3.45611572265625,-0.018798828125,0.96728515625,0.08056640625
0.0,-1.36566162109375,1.7242431640625,2.55584716796875,-0.0126953125,0.957763671875,0.0888671875
0.0,-0.3814697265625,1.495361328125,1.7547607421875,-0.013916015625,0.96826171875,0.09423828125
0.0,0.72479248046875,1.4495849609375,1.0528564453125,-0.01171875,0.983154296875,0.09521484375
0.0,1.8463134765625,1.07574462890625,0.41961669921875,-0.015380859375,0.99951171875,0.09912109375
0.0,3.509521484375,1.1138916015625,-0.1678466796875,-0.00732421875,1.02685546875,0.099853515625
0.0,4.0130615234375,0.86212158203125,-1.922607421875,-0.013916015625,1.065673828125,0.088623046875
0.0,4.47845458984375,0.64849853515625,-3.25775146484375,0.00244140625,1.046630859375,0.0859375
0.0,5.126953125,0.5950927734375,-4.9285888671875,0.0087890625,1.050048828125,0.0869140625
0.0,5.65338134765625,0.54168701171875,-5.584716796875,-0.009765625,1.00732421875,0.092041015625
0.0,6.500244140625,-0.06103515625,-6.01959228515625,-0.01318359375,0.994873046875,0.081787109375
0.0,7.2479248046875,0.0,-7.049560546875,-0.0126953125,0.998779296875,0.0849609375
0.0,7.75146484375,-0.3662109375,-7.049560546875,-0.031005859375,1.002197265625,0.08154296875
0.0,8.49151611328125,-0.51116943359375,-7.57598876953125,-0.02734375,1.00146484375,0.079833984375
0.0,8.76617431640625,-0.67138671875,-7.68280029296875,-0.027099609375,0.999755859375,0.078125
0.0,9.063720703125,-0.84686279296875,-6.78253173828125,-0.035400390625,0.994384765625,0.073486328125
0.0,9.185791015625,-1.22833251953125,-6.805419921875,-0.033935546875,0.99267578125,0.06787109375
0.0,9.5367431640625,-1.12152099609375,-5.88226318359375,-0.03564453125,0.9873046875,0.06640625
0.0,9.429931640625,-1.53350830078125,-5.0048828125,-0.044677734375,1.001220703125,0.072998046875
0.0,9.5062255859375,-1.800537109375,-4.34112548828125,-0.043212890625,0.998291015625,0.06298828125
0.0,9.62066650390625,-2.20489501953125,-2.31170654296875,-0.055419921875,1.000732421875,0.063720703125
0.0,9.22393798828125,-2.44140625,-2.01416015625,-0.046142578125,0.9912109375,0.062255859375
0.0,9.17816162109375,-2.50244140625,-0.09918212890625,-0.04541015625,0.972412109375,0.063232421875
0.0,9.11712646484375,-2.87628173828125,1.02996826171875,-0.045166015625,0.990478515625,0.0595703125
0.0,8.7890625,-2.93731689453125,1.94549560546875,-0.043212890625,0.9765625,0.059326171875
0.0,8.68988037109375,-3.21197509765625,3.7078857421875,-0.0576171875,0.982421875,0.05419921875
0.0,8.46099853515625,-3.56292724609375,4.364013671875,-0.050537109375,0.996826171875,0.061767578125
0.0,8.11004638671875,-3.59344482421875,5.40924072265625,-0.050537109375,0.986083984375,0.0546875
0.0,7.62176513671875,-3.753662109375,6.52313232421875,-0.049072265625,1.010009765625,0.0546875
0.0,7.14111328125,-4.08935546875,6.85882568359375,-0.0439453125,1.016845703125,0.040283203125
0.0,6.70623779296875,-3.997802734375,7.7972412109375,-0.038330078125,1.018798828125,0.045654296875
0.0,6.06536865234375,-4.058837890625,8.24737548828125,-0.044921875,1.02978515625,0.041015625
0.0,5.3863525390625,-4.2877197265625,8.72039794921875,-0.04736328125,1.030029296875,0.045166015625
0.0,4.89044189453125,-4.35638427734375,9.13238525390625,-0.052734375,1.02783203125,0.041259765625
0.0,4.364013671875,-4.43267822265625,9.124755859375,-0.05126953125,1.006591796875,0.05322265625
0.0,4.02069091796875,-4.5318603515625,9.6588134765625,-0.044189453125,0.97998046875,0.04296875
0.0,3.9825439453125,-4.486083984375,10.12420654296875,-0.04931640625,0.9765625,0.044921875
0.0,3.753662109375,-4.638671875,9.8419189453125,-0.046630859375,0.97607421875,0.04443359375
0.0,3.7078857421875,-4.34112548828125,9.74273681640625,-0.04638671875,0.98291015625,0.041259765625
0.0,3.72314453125,-4.45556640625,9.1552734375,-0.052734375,0.990966796875,0.039794921875
0.0,3.6773681640625,-4.5166015625,8.6822509765625,-0.047119140625,1.0029296875,0.0380859375
0.0,3.63922119140625,-4.4403076171875,8.15582275390625,-0.0498046875,1.000244140625,0.04052734375
0.0,3.875732421875,-4.5166015625,6.82830810546875,-0.0517578125,1.001220703125,0.03759765625
0.0,3.79180908203125,-4.49371337890625,5.859375,-0.040283203125,1.019775390625,0.04345703125
0.0,3.7994384765625,-4.5166015625,5.584716796875,-0.0576171875,1.00634765625,0.028076171875
0.0,3.936767578125,-4.60052490234375,4.50897216796875,-0.058349609375,0.9970703125,0.033203125
0.0,3.95965576171875,-4.7454833984375,3.91387939453125,-0.05810546875,0.99658203125,0.033935546875
0.0,4.1656494140625,-4.58526611328125,3.4027099609375,-0.048095703125,1.0,0.036865234375
0.0,4.4097900390625,-4.61578369140625,2.9449462890625,-0.0625,1.021240234375,0.033935546875
0.0,4.47845458984375,-4.6844482421875,2.61688232421875,-0.05615234375,1.0361328125,0.03857421875
0.0,4.302978515625,-4.669189453125,2.17437744140625,-0.057861328125,1.055419921875,0.03564453125
0.0,4.2724609375,-4.64630126953125,1.678466796875,-0.055419921875,1.0595703125,0.038818359375
0.0,4.05120849609375,-4.73785400390625,1.50299072265625,-0.053955078125,1.0732421875,0.0390625
0.0,3.85284423828125,-4.69970703125,1.4495849609375,-0.046875,1.07568359375,0.0380859375
0.0,3.4332275390625,-4.61578369140625,1.19781494140625,-0.048583984375,1.07763671875,0.034423828125
0.0,3.11279296875,-4.53948974609375,1.28173828125,-0.0537109375,1.081787109375,0.0322265625
0.0,2.50244140625,-4.7149658203125,1.48773193359375,-0.04736328125,1.08642578125,0.029296875
0.0,1.97601318359375,-4.43267822265625,1.46484375,-0.049072265625,1.070556640625,0.031494140625
0.0,1.31988525390625,-4.49371337890625,1.007080078125,-0.046142578125,1.068603515625,0.0341796875
0.0,0.8392333984375,-4.425048828125,1.12152099609375,-0.032470703125,1.04638671875,0.0283203125
0.0,0.29754638671875,-4.302978515625,1.434326171875,-0.03466796875,1.04541015625,0.03271484375
0.0,-0.1983642578125,-4.21905517578125,1.4801025390625,-0.03759765625,1.032958984375,0.03173828125
0.0,-0.66375732421875,-4.32586669921875,1.2969970703125,-0.040283203125,1.02880859375,0.037109375
0.0,-1.0833740234375,-4.1656494140625,0.640869140625,-0.029296875,1.016357421875,0.03515625
0.0,-1.4495849609375,-4.0740966796875,0.213623046875,-0.022705078125,1.000244140625,0.0390625
0.0,-1.5411376953125,-4.08172607421875,0.1373291015625,-0.02392578125,0.987548828125,0.032470703125
0.0,-1.6326904296875,-3.91387939453125,0.06103515625,-0.0234375,0.982421875,0.0390625
0.0,-1.7242431640625,-3.90625,0.16021728515625,-0.033203125,0.977294921875,0.03515625
0.0,-1.59454345703125,-3.7994384765625,0.5035400390625,-0.033203125,0.98095703125,0.03564453125
0.0,-1.5716552734375,-3.90625,0.87738037109375,-0.04443359375,0.97802734375,0.041748046875
0.0,-1.3580322265625,-3.73077392578125,1.2969970703125,-0.037109375,0.977783203125,0.040283203125
0.0,-1.15203857421875,-3.8909912109375,1.50299072265625,-0.038818359375,0.982177734375,0.03955078125
0.0,-0.9002685546875,-3.71551513671875,2.227783203125,-0.029052734375,0.977783203125,0.040771484375
0.0,-0.8087158203125,-3.80706787109375,2.73895263671875,-0.041748046875,0.97314453125,0.0400390625
0.0,-0.5035400390625,-3.83758544921875,3.10516357421875,-0.0380859375,0.958251953125,0.03857421875
0.0,-0.1068115234375,-3.89862060546875,3.56292724609375,-0.039306640625,0.965087890625,0.03955078125
0.0,0.1678466796875,-3.95965576171875,3.85284423828125,-0.03466796875,0.957763671875,0.0419921875
0.0,0.5035400390625,-4.1656494140625,4.2877197265625,-0.035888671875,0.957275390625,0.041015625
0.0,0.98419189453125,-4.0740966796875,4.3182373046875,-0.033935546875,0.966552734375,0.04638671875
0.0,1.2359619140625,-4.241943359375,4.2877197265625,-0.0341796875,0.968505859375,0.04296875
0.0,1.6937255859375,-4.28009033203125,4.6844482421875,-0.038330078125,0.964599609375,0.04150390625
0.0,2.197265625,-4.5166015625,4.89044189453125,-0.039794921875,0.962646484375,0.043212890625
0.0,2.7923583984375,-4.57763671875,5.36346435546875,-0.0380859375,0.96533203125,0.049072265625
0.0,3.204345703125,-4.669189453125,5.1422119140625,-0.031982421875,0.963623046875,0.05126953125
0.0,3.7078857421875,-4.64630126953125,4.96673583984375,-0.032470703125,0.960693359375,0.05126953125
0.0,4.08172607421875,-4.90570068359375,4.486083984375,-0.0322265625,0.9599609375,0.0458984375
0.0,4.486083984375,-4.8065185546875,3.7689208984375,-0.025390625,0.955810546875,0.04052734375
0.0,4.8675537109375,-5.02777099609375,3.35693359375,-0.02734375,0.95654296875,0.043212890625
0.0,5.2642822265625,-5.18035888671875,2.5634765625,-0.024658203125,0.959228515625,0.044189453125
0.0,5.645751953125,-5.36346435546875,1.3885498046875,-0.021728515625,0.961181640625,0.041748046875
0.0,6.2713623046875,-5.2642822265625,0.19073486328125,-0.017333984375,0.963623046875,0.0390625
0.0,6.561279296875,-5.4473876953125,-1.02996826171875,-0.018310546875,0.9951171875,0.04345703125
0.0,6.8206787109375,-5.47027587890625,-1.9683837890625,-0.01611328125,0.9892578125,0.045166015625
0.0,7.17926025390625,-5.584716796875,-3.48663330078125,-0.018310546875,0.979248046875,0.046142578125
0.0,7.7972412109375,-5.56182861328125,-4.89044189453125,-0.009765625,0.9970703125,0.0478515625
0.0,8.17108154296875,-5.5389404296875,-5.63812255859375,-0.006103515625,1.001953125,0.04736328125
0.0,8.6517333984375,-5.60760498046875,-7.537841796875,-0.013916015625,1.007568359375,0.044677734375
0.0,9.11712646484375,-5.74493408203125,-8.97979736328125,-0.009033203125,1.01708984375,0.047607421875
0.0,9.30023193359375,-5.584716796875,-10.56671142578125,-0.00439453125,1.02978515625,0.0390625
0.0,9.307861328125,-5.645751953125,-11.9171142578125,-0.0078125,1.02734375,0.03515625
0.0,9.39178466796875,-5.77545166015625,-13.03863525390625,-0.006103515625,1.0234375,0.02880859375
0.0,9.21630859375,-5.59234619140625,-13.86260986328125,-0.00634765625,1.025390625,0.031982421875
0.0,9.05609130859375,-5.7220458984375,-14.190673828125,-0.01806640625,1.02197265625,0.023681640625
0.0,8.758544921875,-5.66864013671875,-14.7705078125,-0.01171875,1.02001953125,0.02490234375
0.0,8.32366943359375,-5.5694580078125,-15.14434814453125,-0.01953125,1.036376953125,0.019775390625
0.0,7.85064697265625,-5.37109375,-15.00701904296875,-0.021240234375,1.049072265625,0.02294921875
0.0,7.40814208984375,-5.4473876953125,-14.923095703125,-0.02685546875,1.03662109375,0.02587890625
0.0,7.13348388671875,-5.18798828125,-14.5263671875,-0.01708984375,1.031982421875,0.026611328125
0.0,6.76727294921875,-5.21087646484375,-14.16015625,-0.018798828125,1.020751953125,0.029296875
0.0,6.378173828125,-4.89044189453125,-13.99993896484375,-0.01220703125,1.006591796875,0.021484375
0.0,5.88226318359375,-4.6234130859375,-13.93890380859375,-0.01123046875,0.984619140625,0.031494140625
0.0,5.8746337890625,-4.53948974609375,-12.7105712890625,-0.017578125,0.947998046875,0.043701171875
0.0,6.06536865234375,-4.24957275390625,-10.85662841796875,-0.03173828125,0.958984375,0.048828125
0.0,5.91278076171875,-4.06646728515625,-9.3994140625,-0.03955078125,0.98974609375,0.0205078125
0.0,4.92095947265625,-3.60870361328125,-8.60595703125,-0.024658203125,1.002197265625,0.0185546875
0.0,4.23431396484375,-3.34930419921875,-6.06536865234375,-0.033447265625,1.001953125,0.019775390625
0.0,3.96728515625,-2.92205810546875,-3.326416015625,-0.034423828125,1.01904296875,0.032958984375
0.0,3.34930419921875,-2.685546875,-1.7547607421875,-0.04150390625,1.00634765625,0.03369140625
0.0,3.0975341796875,-2.2430419921875,-0.244140625,-0.02392578125,0.9716796875,0.03955078125
0.0,2.96783447265625,-1.6326904296875,1.5411376953125,-0.0234375,0.9443359375,0.04638671875
0.0,3.2196044921875,-1.2359619140625,3.63922119140625,-0.02490234375,0.929443359375,0.046630859375
0.0,3.2501220703125,-0.87738037109375,5.39398193359375,-0.025390625,0.92626953125,0.041748046875
0.0,3.22723388671875,-0.42724609375,6.927490234375,-0.03173828125,0.925537109375,0.036865234375
0.0,2.98309326171875,-0.17547607421875,8.15582275390625,-0.0283203125,0.90234375,0.02978515625
0.0,3.0517578125,0.32806396484375,9.54437255859375,-0.008056640625,0.90673828125,0.02685546875
0.0,2.532958984375,0.83160400390625,10.8642578125,-0.010498046875,0.921630859375,0.023193359375
0.0,2.25067138671875,1.07574462890625,11.5814208984375,-0.01708984375,0.91455078125,0.02099609375
0.0,1.8463134765625,1.495361328125,12.5579833984375,0.0009765625,0.93359375,0.018798828125
0.0,1.2969970703125,2.02178955078125,14.45770263671875,-0.008056640625,0.9423828125,0.019775390625
0.0,0.7476806640625,2.26593017578125,15.9454345703125,-0.015380859375,0.968994140625,0.021484375
0.0,-0.05340576171875,2.61688232421875,16.67022705078125,-0.024658203125,0.95654296875,0.02197265625
0.0,-0.732421875,2.93731689453125,17.51708984375,-0.01123046875,0.94873046875,0.028076171875
0.0,-1.03759765625,3.326416015625,18.21136474609375,-0.001953125,0.939453125,0.0283203125
0.0,-1.21307373046875,3.68499755859375,19.3023681640625,0.00244140625,0.9423828125,0.03857421875
0.0,-1.739501953125,4.05120849609375,19.5159912109375,0.0,0.949951171875,0.034912109375
0.0,-2.02178955078125,4.40216064453125,19.09637451171875,-0.0029296875,0.955078125,0.0380859375
0.0,-2.01416015625,4.6539306640625,19.23370361328125,0.008544921875,0.979248046875,0.051513671875
0.0,-2.06756591796875,5.22613525390625,18.3258056640625,0.016845703125,0.989501953125,0.05224609375
0.0,-2.6092529296875,5.5694580078125,16.754150390625,0.0234375,1.025634765625,0.05419921875
0.0,-3.0059814453125,5.85174560546875,15.2740478515625,0.031005859375,1.01513671875,0.036865234375
0.0,-3.31878662109375,6.4239501953125,14.8773193359375,0.0322265625,1.00634765625,0.048583984375
0.0,-3.92913818359375,6.6070556640625,12.9241943359375,0.00439453125,0.996337890625,0.049072265625
0.0,-4.180908203125,6.81304931640625,11.68060302734375,0.005126953125,0.999267578125,0.0537109375
0.0,-4.4708251953125,6.95037841796875,10.39886474609375,0.00927734375,0.99951171875,0.054443359375
0.0,-4.73785400390625,6.95037841796875,9.7503662109375,0.0068359375,0.9833984375,0.049560546875
0.0,-4.89044189453125,7.24029541015625,9.002685546875,0.002685546875,0.986328125,0.052001953125
0.0,-5.3253173828125,7.04193115234375,7.91168212890625,-0.015625,0.980712890625,0.05224609375
0.0,-5.706787109375,7.01141357421875,6.70623779296875,-0.00830078125,0.964599609375,0.047607421875
0.0,-5.950927734375,6.9580078125,6.03485107421875,-0.0087890625,0.957763671875,0.047607421875
0.0,-6.0882568359375,6.7901611328125,5.62286376953125,-0.008544921875,0.9697265625,0.0498046875
0.0,-6.34765625,6.6375732421875,4.82177734375,-0.015625,0.994873046875,0.05419921875
0.0,-6.40869140625,6.591796875,3.8604736328125,-0.013427734375,0.99267578125,0.057861328125
0.0,-6.4849853515625,6.47735595703125,3.04412841796875,-0.01220703125,1.009033203125,0.06640625
0.0,-6.40106201171875,6.2713623046875,2.76947021484375,-0.02197265625,1.0126953125,0.06884765625
0.0,-6.378173828125,6.17218017578125,2.37274169921875,-0.01611328125,1.018310546875,0.0732421875
0.0,-6.4239501953125,6.011962890625,2.1209716796875,-0.0205078125,1.012451171875,0.072265625
0.0,-6.17218017578125,5.80596923828125,1.88446044921875,-0.01220703125,1.01953125,0.075927734375
0.0,-6.01959228515625,5.77545166015625,1.4190673828125,-0.015625,1.03857421875,0.06494140625
0.0,-6.03485107421875,5.67626953125,1.21307373046875,-0.02294921875,1.056884765625,0.06884765625
0.0,-6.26373291015625,5.2947998046875,0.09918212890625,-0.01953125,1.06494140625,0.06982421875
0.0,-6.23321533203125,5.3558349609375,-0.37384033203125,-0.006591796875,1.0546875,0.078125
0.0,-6.08062744140625,5.11932373046875,-1.21307373046875,-0.007568359375,1.0546875,0.081787109375
0.0,-5.950927734375,5.16510009765625,-2.25830078125,-0.004150390625,1.037109375,0.082275390625
0.0,-5.56182861328125,4.82177734375,-2.64739990234375,-0.009033203125,1.0517578125,0.09033203125
0.0,-5.340576171875,4.75311279296875,-3.91387939453125,0.001953125,1.03662109375,0.091064453125
0.0,-5.01251220703125,4.7149658203125,-4.5928955078125,-0.007080078125,1.02587890625,0.091064453125
0.0,-4.57000732421875,4.41741943359375,-6.0272216796875,0.00146484375,1.027587890625,0.0908203125
0.0,-4.28009033203125,4.3792724609375,-7.10296630859375,0.00927734375,1.014404296875,0.088134765625
0.0,-3.753662109375,4.2877197265625,-7.5531005859375,-0.00048828125,1.010986328125,0.08984375
0.0,-3.39508056640625,4.1046142578125,-8.36181640625,0.006103515625,0.998779296875,0.096923828125
0.0,-2.87628173828125,3.99017333984375,-8.39996337890625,-0.003662109375,0.9833984375,0.08984375
0.0,-2.288818359375,3.84521484375,-8.8043212890625,-0.00537109375,0.97802734375,0.09423828125
0.0,-1.861572265625,3.56292724609375,-9.36126708984375,-0.00634765625,0.9736328125,0.0888671875
0.0,-1.0986328125,3.51715087890625,-8.7890625,0.003173828125,0.946533203125,0.0927734375
0.0,-0.61798095703125,3.3111572265625,-8.60595703125,-0.00341796875,0.946533203125,0.08740234375
0.0,0.0152587890625,3.05938720703125,-8.0718994140625,-0.008544921875,0.93896484375,0.088623046875
0.0,0.64849853515625,2.81524658203125,-7.88116455078125,-0.007080078125,0.93701171875,0.0791015625
0.0,1.220703125,2.74658203125,-7.4920654296875,-0.0048828125,0.940673828125,0.08251953125
0.0,1.70135498046875,2.28118896484375,-6.378173828125,-0.00927734375,0.944091796875,0.076904296875
0.0,2.40325927734375,2.13623046875,-4.84466552734375,-0.00537109375,0.949462890625,0.078857421875
0.0,2.838134765625,1.86920166015625,-3.13568115234375,-0.021240234375,0.95166015625,0.084716796875
0.0,3.509521484375,1.52587890625,-1.06048583984375,-0.03173828125,0.9462890625,0.08154296875
0.0,4.17327880859375,1.3580322265625,0.8392333984375,-0.02490234375,0.948486328125,0.0888671875
0.0,5.401611328125,0.96893310546875,3.91387939453125,-0.0234375,0.904052734375,0.075439453125
0.0,8.73565673828125,0.9613037109375,6.23321533203125,-0.050048828125,0.85205078125,0.0673828125
0.0,12.33673095703125,-0.16021728515625,3.6773681640625,-0.063720703125,0.871337890625,0.06591796875
0.0,15.08331298828125,-0.6561279296875,3.07464599609375,-0.009765625,0.886962890625,0.07275390625
0.0,17.730712890625,-0.4730224609375,4.46319580078125,-0.002197265625,0.898193359375,0.057373046875
0.0,19.52362060546875,-0.54168701171875,3.91387939453125,-0.02685546875,0.93017578125,0.052978515625
0.0,20.8740234375,-1.3275146484375,4.4403076171875,-0.02978515625,0.93701171875,0.055419921875
0.0,21.5606689453125,-1.0528564453125,5.53131103515625,-0.000732421875,0.971923828125,0.055419921875
0.0,21.4385986328125,-1.46484375,6.103515625,-0.024658203125,1.001708984375,0.055419921875
0.0,21.26312255859375,-1.678466796875,6.3934326171875,-0.001708984375,1.00341796875,0.04443359375
0.0,20.263671875,-1.2664794921875,7.2174072265625,-0.004150390625,1.01806640625,0.04736328125
0.0,19.3939208984375,-1.46484375,7.65228271484375,-0.012939453125,1.00244140625,0.041748046875
0.0,18.798828125,-1.25885009765625,8.087158203125,-0.001708984375,0.9921875,0.03173828125
0.0,18.2342529296875,-1.28936767578125,7.62939453125,-0.027587890625,1.027099609375,0.029541015625
0.0,17.50946044921875,-1.42669677734375,6.1187744140625,-0.012939453125,0.99951171875,0.0224609375
0.0,17.41790771484375,-0.9613037109375,5.21087646484375,-0.013671875,0.97216796875,0.017822265625
0.0,17.6239013671875,-0.99945068359375,3.0517578125,-0.007080078125,0.95751953125,0.02490234375
0.0,17.93670654296875,-0.9307861328125,1.13677978515625,-0.0166015625,0.947998046875,0.017822265625
0.0,18.48602294921875,-0.732421875,-1.38092041015625,-0.0048828125,0.978271484375,0.020751953125
0.0,18.890380859375,-0.74005126953125,-4.47845458984375,-0.010009765625,0.996826171875,0.021484375
0.0,18.62335205078125,-0.518798828125,-5.27191162109375,-0.003662109375,1.015380859375,0.022216796875
0.0,18.39447021484375,-0.37384033203125,-6.53076171875,-0.024658203125,1.037353515625,0.02392578125
0.0,17.64678955078125,-0.66375732421875,-6.90460205078125,-0.017822265625,1.044677734375,0.031982421875
0.0,17.14324951171875,-0.72479248046875,-6.8359375,-0.006103515625,1.0478515625,0.031005859375
0.0,16.9525146484375,-0.5950927734375,-7.01904296875,-0.00927734375,1.05224609375,0.041748046875
0.0,16.22772216796875,-0.81634521484375,-6.439208984375,-0.009765625,1.05859375,0.034423828125
0.0,15.81573486328125,-1.02996826171875,-6.59942626953125,-0.005615234375,1.071044921875,0.03759765625
0.0,15.08331298828125,-0.98419189453125,-6.011962890625,-0.009033203125,1.08642578125,0.026611328125
0.0,14.45770263671875,-1.21307373046875,-5.2032470703125,-0.013671875,1.06982421875,0.029052734375
0.0,13.5345458984375,-1.73187255859375,-4.78363037109375,-0.003662109375,1.075927734375,0.02587890625
0.0,13.11492919921875,-1.861572265625,-3.387451171875,-0.013916015625,1.07568359375,0.037841796875
0.0,11.23046875,-2.38037109375,-0.86212158203125,0.022216796875,1.240478515625,0.028564453125
0.0,7.537841796875,-2.31170654296875,2.20489501953125,0.027587890625,1.314453125,0.013427734375
0.0,3.54766845703125,-2.532958984375,4.52423095703125,0.044677734375,1.228759765625,0.00390625
0.0,1.6937255859375,-2.3040771484375,5.83648681640625,0.008544921875,1.150390625,-0.010498046875
0.0,0.77056884765625,-2.960205078125,4.12750244140625,-0.02294921875,1.083984375,-0.009521484375
0.0,1.04522705078125,-3.73077392578125,2.44903564453125,-0.00634765625,1.0126953125,-0.026611328125
0.0,2.25067138671875,-3.94439697265625,0.00762939453125,-0.01904296875,0.98583984375,-0.043701171875
0.0,3.68499755859375,-4.44793701171875,-1.88446044921875,-0.0068359375,0.9755859375,-0.05126953125
0.0,4.63104248046875,-4.60052490234375,-2.0599365234375,0.03173828125,0.997314453125,-0.049560546875
0.0,4.38690185546875,-4.1351318359375,-0.3814697265625,0.034423828125,1.043701171875,-0.044921875
0.0,3.4332275390625,-4.2877197265625,0.98419189453125,0.015380859375,1.014404296875,-0.047607421875
0.0,2.5177001953125,-4.37164306640625,2.23541259765625,0.03564453125,1.0048828125,-0.0517578125
0.0,2.2430419921875,-3.82232666015625,2.6092529296875,0.029296875,0.965576171875,-0.06396484375
0.0,2.52532958984375,-3.7689208984375,2.41851806640625,0.0009765625,0.97216796875,-0.060791015625
0.0,2.41851806640625,-3.662109375,1.12152099609375,0.00634765625,0.96923828125,-0.062744140625
0.0,2.655029296875,-3.021240234375,0.6256103515625,0.005126953125,0.969970703125,-0.055908203125
0.0,2.06756591796875,-3.05938720703125,-0.09918212890625,-0.00830078125,0.99462890625,-0.047607421875
0.0,1.99127197265625,-2.532958984375,-0.48065185546875,0.0146484375,0.979248046875,-0.045166015625
0.0,2.105712890625,-1.80816650390625,-0.16021728515625,0.009521484375,0.987060546875,-0.0390625
0.0,2.72369384765625,-1.6021728515625,-0.152587890625,0.006103515625,0.9970703125,-0.0380859375
0.0,3.42559814453125,-0.67901611328125,1.251220703125,0.020751953125,1.010009765625,-0.03125
0.0,2.93731689453125,0.06103515625,1.19781494140625,-0.00048828125,1.068603515625,-0.013671875
0.0,2.166748046875,0.2288818359375,1.2664794921875,-0.00927734375,1.04638671875,-0.004150390625
0.0,1.44195556640625,0.9307861328125,0.152587890625,0.00048828125,1.040771484375,0.0
0.0,0.77056884765625,1.4190673828125,-0.83160400390625,-0.012939453125,1.005615234375,0.000244140625
0.0,0.55694580078125,1.5716552734375,-0.63323974609375,-0.015625,0.990478515625,-0.000244140625
0.0,0.8087158203125,1.8768310546875,-0.5340576171875,-0.00732421875,0.9521484375,-0.007568359375
0.0,1.434326171875,2.23541259765625,0.3204345703125,-0.013427734375,0.963623046875,-0.00341796875
0.0,1.64794921875,2.197265625,-0.00762939453125,-0.024658203125,0.972412109375,-0.000244140625
0.0,1.76239013671875,2.11334228515625,0.7476806640625,-0.024169921875,0.984375,0.00146484375
0.0,2.02178955078125,2.1820068359375,0.8544921875,-0.03515625,1.00830078125,-0.001953125
0.0,2.47955322265625,1.86920166015625,1.21307373046875,-0.041748046875,1.0224609375,0.0029296875
0.0,2.32696533203125,1.42669677734375,1.62506103515625,-0.054443359375,1.06103515625,0.00537109375
0.0,1.79290771484375,1.2359619140625,1.1444091796875,-0.0498046875,1.07177734375,0.007568359375
0.0,1.39617919921875,0.5645751953125,1.007080078125,-0.063232421875,1.0576171875,0.010986328125
0.0,0.5035400390625,-0.06866455078125,-0.20599365234375,-0.05029296875,1.0283203125,0.013671875
0.0,0.38909912109375,-0.3204345703125,0.09918212890625,-0.042724609375,0.986572265625,0.010009765625
0.0,0.87738037109375,-1.21307373046875,-0.25177001953125,-0.046875,0.9609375,0.00927734375
0.0,0.87738037109375,-1.6326904296875,0.1220703125,-0.021484375,0.951171875,0.009765625
0.0,1.67083740234375,-1.9378662109375,1.46484375,-0.03125,0.93212890625,0.005859375
0.0,1.91497802734375,-2.5787353515625,1.13677978515625,-0.032470703125,0.9658203125,0.00634765625
0.0,2.1514892578125,-2.79998779296875,0.83160400390625,-0.010986328125,0.97705078125,0.008056640625
0.0,2.28118896484375,-2.8228759765625,1.068115234375,-0.021240234375,1.004150390625,0.011962890625
0.0,2.29644775390625,-3.2501220703125,0.41961669921875,-0.018798828125,1.0087890625,0.013427734375
0.0,2.166748046875,-3.11279296875,0.06103515625,0.001953125,1.01123046875,0.01708984375
0.0,2.46429443359375,-2.87628173828125,0.57220458984375,0.003173828125,1.008544921875,0.013427734375
0.0,2.105712890625,-2.9449462890625,0.5340576171875,0.00341796875,0.99365234375,0.020263671875
0.0,2.12860107421875,-2.46429443359375,0.75531005859375,0.020263671875,0.978759765625,0.015869140625
0.0,2.72369384765625,-1.922607421875,0.1220703125,0.016845703125,0.95947265625,0.0146484375
0.0,3.1280517578125,-1.5106201171875,0.99945068359375,0.025146484375,0.970947265625,0.01708984375
0.0,3.3111572265625,-0.86212158203125,0.6866455078125,0.022216796875,0.982177734375,0.01611328125
0.0,3.34930419921875,-0.52642822265625,0.823974609375,0.021728515625,0.9853515625,0.01806640625
0.0,3.54766845703125,-0.17547607421875,0.701904296875,0.032958984375,0.960205078125,0.012939453125
0.0,3.6163330078125,0.457763671875,0.8544921875,0.023681640625,0.971435546875,0.0166015625
0.0,3.8604736328125,0.54168701171875,0.030517578125,0.025146484375,0.940185546875,0.009521484375
0.0,4.76837158203125,1.129150390625,1.36566162109375,0.05224609375,0.924072265625,0.01416015625
0.0,5.11932373046875,1.8463134765625,0.86212158203125,0.037109375,0.963623046875,0.02294921875
0.0,5.6610107421875,2.06756591796875,1.0986328125,0.03466796875,0.957763671875,0.015380859375
0.0,6.00433349609375,2.777099609375,2.41851806640625,0.050048828125,0.992431640625,0.0224609375
0.0,5.8441162109375,3.11279296875,2.7618408203125,0.037841796875,1.03662109375,0.0205078125
0.0,5.218505859375,3.4942626953125,3.2806396484375,0.034912109375,1.07177734375,0.01611328125
0.0,4.5013427734375,4.058837890625,3.6163330078125,0.023193359375,1.11328125,0.0166015625
0.0,3.18145751953125,4.150390625,2.72369384765625,0.01318359375,1.078125,0.0107421875
0.0,2.86865234375,4.46319580078125,1.9073486328125,0.00732421875,1.065185546875,0.00341796875
0.0,2.9754638671875,4.6844482421875,0.1068115234375,-0.002197265625,1.02294921875,-0.0009765625
0.0,3.3416748046875,4.45556640625,-1.19781494140625,0.00341796875,1.01123046875,0.000732421875
0.0,3.57818603515625,4.486083984375,-1.16729736328125,0.010986328125,0.989990234375,-0.002685546875
0.0,3.7384033203125,4.35638427734375,-1.25885009765625,0.008056640625,1.007080078125,-0.001953125
0.0,3.07464599609375,4.03594970703125,-0.41961669921875,0.007080078125,1.0029296875,-0.005859375
0.0,3.08990478515625,3.83758544921875,-0.06103515625,0.0048828125,0.980224609375,-0.020263671875
0.0,3.07464599609375,3.59344482421875,0.67138671875,-0.00341796875,0.9794921875,-0.018310546875
0.0,3.50189208984375,3.19671630859375,0.23651123046875,-0.01025390625,0.949462890625,-0.026123046875
0.0,4.1351318359375,2.9754638671875,-0.3204345703125,-0.013916015625,0.969482421875,-0.0234375
0.0,4.58526611328125,2.6702880859375,-0.67138671875,-0.015869140625,0.989501953125,-0.024169921875
0.0,4.6539306640625,2.31170654296875,-1.36566162109375,-0.014404296875,0.998291015625,-0.02734375
0.0,4.3487548828125,2.1209716796875,-1.06048583984375,-0.017578125,1.021484375,-0.023193359375
0.0,3.86810302734375,1.83868408203125,-0.518798828125,-0.012451171875,1.011962890625,-0.02294921875
0.0,3.57818603515625,1.52587890625,-0.823974609375,-0.021728515625,0.996337890625,-0.032958984375
0.0,3.631591796875,1.31988525390625,-0.60272216796875,-0.01806640625,0.99560546875,-0.03125
0.0,3.7994384765625,1.25885009765625,-0.701904296875,-0.02490234375,0.99462890625,-0.03515625
0.0,3.7078857421875,0.946044921875,-1.10626220703125,-0.025634765625,0.988037109375,-0.030517578125
0.0,3.68499755859375,0.823974609375,-0.823974609375,-0.0244140625,0.970703125,-0.02783203125
0.0,3.65447998046875,0.8544921875,-0.51116943359375,-0.018310546875,0.970703125,-0.02978515625
0.0,3.99017333984375,0.5950927734375,0.37384033203125,-0.029541015625,0.9921875,-0.0283203125
0.0,3.8299560546875,0.5950927734375,0.1373291015625,-0.017822265625,1.01611328125,-0.03125
0.0,3.79180908203125,0.6561279296875,0.5340576171875,-0.03466796875,1.033447265625,-0.029541015625
0.0,3.39508056640625,0.38909912109375,-0.1983642578125,-0.033935546875,1.03369140625,-0.029052734375
0.0,2.9144287109375,0.32806396484375,-0.61798095703125,-0.029541015625,1.052490234375,-0.028076171875
0.0,2.47955322265625,0.3814697265625,-1.6326904296875,-0.03125,1.01953125,-0.031005859375
0.0,2.76947021484375,0.26702880859375,-0.52642822265625,-0.030517578125,1.03515625,-0.021484375
0.0,3.18145751953125,0.2593994140625,-0.51116943359375,-0.021240234375,1.108154296875,-0.0224609375
0.0,2.105712890625,0.579833984375,-0.2593994140625,-0.03125,1.1015625,-0.033203125
0.0,1.01470947265625,0.26702880859375,-0.46539306640625,-0.029052734375,0.995849609375,-0.02392578125
0.0,0.55694580078125,0.32806396484375,-1.1444091796875,-0.040283203125,0.947021484375,-0.031494140625
0.0,0.6866455078125,0.48065185546875,-0.7781982421875,-0.041259765625,0.938720703125,-0.035400390625
0.0,1.617431640625,0.20599365234375,0.0152587890625,-0.038330078125,0.9296875,-0.040283203125
0.0,2.2735595703125,0.25177001953125,0.4730224609375,-0.0390625,0.966064453125,-0.03076171875
0.0,2.3040771484375,0.396728515625,1.0833740234375,-0.05517578125,1.014404296875,-0.018798828125
0.0,1.54876708984375,-0.152587890625,0.6256103515625,-0.061767578125,1.005615234375,-0.027587890625
0.0,1.15966796875,-0.28228759765625,0.45013427734375,-0.052734375,1.018798828125,-0.02197265625
0.0,0.9918212890625,-0.37384033203125,0.78582763671875,-0.068359375,1.00244140625,-0.025390625
0.0,1.220703125,-0.96893310546875,0.213623046875,-0.0595703125,0.9814453125,-0.02197265625
0.0,1.556396484375,-1.0986328125,1.18255615234375,-0.04638671875,0.998046875,-0.02099609375
0.0,1.28173828125,-1.44195556640625,1.67083740234375,-0.056884765625,1.01513671875,-0.006103515625
0.0,1.28936767578125,-1.88446044921875,1.861572265625,-0.05712890625,1.012939453125,-0.010986328125
0.0,0.7171630859375,-2.02178955078125,1.2359619140625,-0.026611328125,1.0166015625,-0.00146484375
0.0,1.09100341796875,-2.31170654296875,2.76947021484375,-0.0498046875,0.99560546875,-0.001953125
0.0,1.0833740234375,-2.86865234375,1.62506103515625,-0.022705078125,0.99072265625,0.00634765625
0.0,1.251220703125,-2.50244140625,3.36456298828125,-0.012939453125,0.982666015625,0.005859375
0.0,1.2054443359375,-3.204345703125,2.73895263671875,-0.025634765625,0.989013671875,0.0107421875
0.0,1.3885498046875,-2.93731689453125,3.5400390625,-0.00146484375,0.955322265625,0.0048828125
0.0,1.60980224609375,-2.90679931640625,2.69317626953125,-0.01953125,0.978271484375,0.0146484375
0.0,1.86920166015625,-3.173828125,2.4566650390625,0.000732421875,0.944091796875,-0.000244140625
0.0,2.532958984375,-2.7313232421875,3.173828125,0.01318359375,0.983154296875,0.002685546875
0.0,2.60162353515625,-2.75421142578125,3.51715087890625,-0.002197265625,0.989013671875,0.000732421875
0.0,2.72369384765625,-2.7923583984375,3.11279296875,0.00244140625,0.990478515625,0.00146484375
0.0,2.7618408203125,-2.41851806640625,2.685546875,0.01904296875,1.01953125,-0.00244140625
0.0,2.60162353515625,-2.38037109375,2.8533935546875,-0.00830078125,1.00439453125,0.000732421875
0.0,2.93731689453125,-2.54058837890625,1.15966796875,0.0107421875,1.01220703125,0.001220703125
0.0,2.78472900390625,-1.93023681640625,1.88446044921875,0.02392578125,1.017578125,0.002197265625
0.0,2.55584716796875,-2.1209716796875,1.5411376953125,-0.003662109375,1.00830078125,0.0
0.0,2.3651123046875,-2.15911865234375,1.2969970703125,0.019287109375,0.997802734375,-0.001953125
0.0,2.410888671875,-1.59454345703125,2.1514892578125,0.0263671875,0.978759765625,-0.000732421875
0.0,2.7923583984375,-1.800537109375,1.312255859375,0.00341796875,0.976318359375,-0.0087890625
0.0,2.92205810546875,-1.67083740234375,1.6937255859375,0.031494140625,0.980224609375,-0.005859375
0.0,3.1585693359375,-1.28173828125,2.3651123046875,0.0224609375,1.008544921875,-0.00830078125
0.0,3.1890869140625,-1.36566162109375,1.3885498046875,0.01318359375,1.0078125,-0.0107421875
0.0,2.95257568359375,-1.1749267578125,1.6937255859375,0.030517578125,1.02392578125,-0.01025390625
0.0,2.58636474609375,-0.946044921875,2.1209716796875,0.010009765625,1.019287109375,-0.009033203125
0.0,2.49481201171875,-1.13677978515625,1.129150390625,0.016845703125,1.009033203125,-0.016357421875
0.0,2.4261474609375,-0.87738037109375,1.2969970703125,0.01708984375,1.008544921875,-0.015869140625
0.0,2.51007080078125,-0.86212158203125,0.51116943359375,0.012451171875,1.00830078125,-0.021728515625
0.0,2.37274169921875,-0.90789794921875,0.75531005859375,0.018798828125,1.001708984375,-0.019287109375
0.0,2.4261474609375,-0.77056884765625,0.22125244140625,0.017333984375,1.01416015625,-0.021728515625
0.0,2.23541259765625,-0.732421875,-0.38909912109375,0.013427734375,1.017822265625,-0.021728515625
0.0,2.28118896484375,-0.74005126953125,0.49591064453125,0.028564453125,0.990966796875,-0.02587890625
0.0,1.91497802734375,-0.7171630859375,0.213623046875,0.0146484375,1.012939453125,-0.02197265625
0.0,2.0294189453125,-0.6866455078125,0.0152587890625,0.016845703125,0.979248046875,-0.023193359375
0.0,2.0294189453125,-0.701904296875,0.22125244140625,0.020751953125,0.97705078125,-0.018310546875
0.0,2.166748046875,-0.7781982421875,-0.396728515625,0.00634765625,0.96435546875,-0.015380859375
0.0,2.44140625,-0.8087158203125,-0.67901611328125,0.010986328125,0.98779296875,-0.011962890625
0.0,2.410888671875,-0.8087158203125,-0.4119873046875,0.01953125,0.988037109375,-0.0126953125
0.0,2.18963623046875,-0.8087158203125,-0.67901611328125,0.008544921875,1.013427734375,-0.012939453125
0.0,2.197265625,-0.762939453125,-0.22125244140625,0.016845703125,1.023193359375,-0.01220703125
0.0,2.166748046875,-0.63323974609375,-0.37384033203125,0.01611328125,1.020263671875,-0.0126953125
0.0,2.1820068359375,-0.67901611328125,-0.60272216796875,0.0,1.016357421875,-0.0107421875
0.0,2.15911865234375,-0.5035400390625,-1.3275146484375,0.015625,1.015625,-0.010009765625
0.0,2.00653076171875,-0.46539306640625,-0.78582763671875,0.008056640625,1.005615234375,-0.008544921875
0.0,1.96075439453125,-0.457763671875,-0.77056884765625,0.006591796875,0.999267578125,-0.008056640625
0.0,1.922607421875,-0.18310546875,-0.9307861328125,0.008056640625,0.985595703125,-0.013671875
0.0,1.953125,-0.29754638671875,-0.34332275390625,-0.00390625,0.986083984375,-0.0068359375
0.0,2.105712890625,-0.152587890625,-1.0986328125,-0.001708984375,0.97314453125,-0.015869140625
0.0,2.4871826171875,0.06103515625,-1.15203857421875,-0.00341796875,1.009521484375,-0.008544921875
0.0,2.15911865234375,0.00762939453125,-1.47247314453125,-0.0048828125,0.996826171875,-0.012939453125
0.0,2.0751953125,0.11444091796875,-0.6256103515625,-0.00830078125,1.007080078125,-0.004638671875
0.0,1.89208984375,0.19073486328125,-0.335693359375,-0.013916015625,0.986572265625,-0.01416015625
0.0,1.922607421875,0.213623046875,-0.6103515625,-0.005615234375,0.9765625,-0.006103515625
0.0,2.288818359375,0.25177001953125,-0.274658203125,-0.02294921875,0.98583984375,-0.014892578125
0.0,2.34222412109375,0.28228759765625,-0.457763671875,-0.0166015625,0.98876953125,-0.0087890625
0.0,2.471923828125,0.41961669921875,-0.78582763671875,-0.01611328125,1.006103515625,-0.01025390625
0.0,2.17437744140625,0.29754638671875,0.25177001953125,-0.027587890625,1.00439453125,-0.00634765625
0.0,2.2430419921875,0.30517578125,-0.29754638671875,-0.022705078125,1.0126953125,-0.012451171875
0.0,2.15911865234375,0.3814697265625,0.1373291015625,-0.01953125,1.022216796875,-0.00732421875
0.0,1.8310546875,0.274658203125,0.8392333984375,-0.03857421875,1.005615234375,-0.006103515625
0.0,1.983642578125,0.16021728515625,0.0457763671875,-0.0302734375,1.011474609375,-0.00830078125
0.0,1.86920166015625,0.17547607421875,-0.16021728515625,-0.023193359375,1.000732421875,-0.00830078125
0.0,1.9989013671875,0.26702880859375,0.43487548828125,-0.03515625,0.986572265625,-0.005126953125
0.0,1.7547607421875,-0.091552734375,0.091552734375,-0.03515625,0.97998046875,-0.00146484375
0.0,2.1209716796875,-0.00762939453125,0.335693359375,-0.024169921875,0.969482421875,-0.010498046875
0.0,2.52532958984375,-0.1678466796875,0.54931640625,-0.033203125,0.982666015625,-0.001220703125
0.0,2.6702880859375,-0.3814697265625,0.96893310546875,-0.02392578125,1.00830078125,-0.00830078125
0.0,2.2430419921875,-0.34332275390625,0.87738037109375,-0.02880859375,1.02197265625,-0.001953125
0.0,2.288818359375,-0.54931640625,0.54931640625,-0.030517578125,1.00927734375,-0.0068359375
0.0,2.1209716796875,-0.86212158203125,1.03759765625,-0.02490234375,1.003662109375,-0.005859375
0.0,2.29644775390625,-0.8544921875,0.98419189453125,-0.020263671875,0.99658203125,-0.008544921875
0.0,2.3651123046875,-1.04522705078125,0.98419189453125,-0.030029296875,0.9921875,-0.006103515625
0.0,2.5634765625,-1.312255859375,1.01470947265625,-0.018310546875,0.989990234375,-0.0078125
0.0,2.49481201171875,-1.33514404296875,1.2969970703125,-0.017333984375,0.981689453125,-0.007568359375
0.0,2.49481201171875,-1.46484375,0.9613037109375,-0.020263671875,1.006103515625,-0.0078125
0.0,2.35748291015625,-1.617431640625,1.0833740234375,-0.01318359375,0.998046875,-0.0068359375
0.0,2.5177001953125,-1.60980224609375,1.45721435546875,-0.007080078125,0.989013671875,-0.012939453125
0.0,2.34222412109375,-1.74713134765625,1.4801025390625,-0.013671875,1.001220703125,-0.0087890625
0.0,2.50244140625,-1.82342529296875,0.90789794921875,-0.008544921875,0.999755859375,-0.010986328125
0.0,2.44140625,-1.7242431640625,0.86212158203125,-0.002685546875,0.99755859375,-0.011962890625
0.0,2.32696533203125,-1.7547607421875,1.190185546875,-0.003662109375,1.002197265625,-0.01171875
0.0,2.26593017578125,-1.73187255859375,0.41961669921875,-0.001220703125,1.00048828125,-0.013671875
0.0,2.4261474609375,-1.65557861328125,0.823974609375,0.007568359375,1.004638671875,-0.0126953125
0.0,2.2125244140625,-1.57928466796875,1.3580322265625,0.00537109375,1.009521484375,-0.0126953125
0.0,2.14385986328125,-1.5869140625,1.068115234375,0.0009765625,0.995849609375,-0.0166015625
0.0,2.1820068359375,-1.373291015625,1.13677978515625,0.016845703125,1.002197265625,-0.01123046875
0.0,2.18963623046875,-1.27410888671875,0.8544921875,-0.00341796875,0.97705078125,-0.017333984375
0.0,2.61688232421875,-1.19781494140625,-0.0152587890625,0.013671875,0.99560546875,-0.01171875
0.0,2.349853515625,-0.946044921875,0.67901611328125,0.018798828125,1.0048828125,-0.010009765625
0.0,2.31170654296875,-0.946044921875,0.46539306640625,0.0029296875,0.9970703125,-0.010498046875
0.0,2.29644775390625,-0.72479248046875,0.25177001953125,0.024658203125,1.00634765625,-0.00927734375
0.0,2.15911865234375,-0.6561279296875,1.06048583984375,0.003662109375,0.999755859375,-0.01220703125
0.0,2.41851806640625,-0.6866455078125,0.45013427734375,0.009521484375,0.9912109375,-0.01171875
0.0,2.349853515625,-0.48828125,0.4730224609375,0.01025390625,1.00439453125,-0.010009765625
0.0,2.34222412109375,-0.5645751953125,0.0152587890625,0.00244140625,1.004638671875,-0.01025390625
0.0,2.288818359375,-0.58746337890625,-0.06866455078125,0.0068359375,0.999755859375,-0.01123046875
0.0,2.349853515625,-0.5645751953125,0.091552734375,0.009033203125,1.00048828125,-0.010498046875
0.0,2.18963623046875,-0.579833984375,0.43487548828125,0.00537109375,1.00048828125,-0.009521484375
0.0,2.32696533203125,-0.64849853515625,0.18310546875,-0.004638671875,0.99658203125,-0.0126953125
0.0,2.38037109375,-0.6561279296875,0.37384033203125,0.0126953125,1.003173828125,-0.011474609375
0.0,2.2125244140625,-0.75531005859375,0.34332275390625,-0.0126953125,1.009033203125,-0.010009765625
0.0,2.13623046875,-0.8087158203125,-0.32806396484375,0.003173828125,0.990478515625,-0.011474609375
0.0,2.23541259765625,-0.7781982421875,0.03814697265625,-0.005615234375,0.984375,-0.013427734375
0.0,2.43377685546875,-0.946044921875,-0.640869140625,-0.001953125,0.98583984375,-0.012451171875
0.0,2.593994140625,-0.8544921875,0.25177001953125,-0.00390625,0.99267578125,-0.0107421875
0.0,2.4566650390625,-0.86212158203125,-0.12969970703125,0.0029296875,1.0029296875,-0.0087890625
0.0,2.28118896484375,-0.91552734375,0.51116943359375,-0.009033203125,0.9931640625,-0.013916015625
0.0,2.5177001953125,-0.8544921875,-0.06866455078125,-0.00390625,1.004150390625,-0.009765625
0.0,2.23541259765625,-0.8392333984375,-0.20599365234375,-0.005615234375,1.0029296875,-0.01171875
0.0,2.3956298828125,-0.8392333984375,-0.00762939453125,-0.0126953125,1.003662109375,-0.01123046875
0.0,2.37274169921875,-0.732421875,-0.57220458984375,-0.000732421875,1.00830078125,-0.010498046875
0.0,2.08282470703125,-0.701904296875,0.3662109375,-0.011962890625,1.007568359375,-0.009033203125
0.0,2.23541259765625,-0.6866455078125,0.25177001953125,-0.007080078125,0.987060546875,-0.012451171875
0.0,2.26593017578125,-0.5340576171875,0.11444091796875,-0.01123046875,1.0068359375,-0.010498046875
0.0,2.3956298828125,-0.57220458984375,0.762939453125,-0.01123046875,0.974609375,-0.011474609375
0.0,2.4566650390625,-0.54931640625,-0.4119873046875,-0.017333984375,1.014404296875,-0.008544921875
0.0,2.06756591796875,-0.41961669921875,0.51116943359375,-0.0068359375,1.007568359375,-0.007080078125
0.0,2.0751953125,-0.518798828125,0.23651123046875,-0.01806640625,0.994384765625,-0.01123046875
0.0,2.1209716796875,-0.46539306640625,0.3204345703125,-0.007568359375,0.999755859375,-0.01171875
0.0,2.38037109375,-0.32806396484375,1.09100341796875,-0.01708984375,0.989990234375,-0.0107421875
0.0,2.25067138671875,-0.54931640625,0.48065185546875,-0.02001953125,1.000732421875,-0.0068359375
0.0,2.1514892578125,-0.3662109375,0.3509521484375,-0.0068359375,0.991455078125,-0.012939453125
0.0,2.23541259765625,-0.26702880859375,0.579833984375,-0.019775390625,0.99609375,-0.009765625
0.0,2.288818359375,-0.5035400390625,0.60272216796875,-0.013916015625,0.990966796875,-0.011962890625
0.0,2.22015380859375,-0.34332275390625,0.79345703125,-0.008544921875,0.9990234375,-0.011474609375
0.0,2.32696533203125,-0.335693359375,0.69427490234375,-0.0244140625,0.99365234375,-0.01123046875
0.0,2.227783203125,-0.49591064453125,0.518798828125,-0.00732421875,1.008056640625,-0.010498046875
0.0,2.1820068359375,-0.48065185546875,0.61798095703125,-0.017822265625,1.002685546875,-0.012451171875
0.0,2.166748046875,-0.67138671875,0.7781982421875,-0.018798828125,1.014404296875,-0.007568359375
0.0,2.08282470703125,-0.77056884765625,0.70953369140625,-0.00830078125,1.0009765625,-0.010986328125
0.0,2.15911865234375,-0.70953369140625,0.84686279296875,-0.016357421875,0.99365234375,-0.009521484375
0.0,2.29644775390625,-0.90789794921875,0.81634521484375,-0.013427734375,0.994140625,-0.010498046875
0.0,2.17437744140625,-0.9613037109375,0.89263916015625,-0.008544921875,0.99755859375,-0.007568359375
0.0,2.2430419921875,-0.9613037109375,1.06048583984375,-0.00732421875,0.98681640625,-0.01220703125
0.0,2.38800048828125,-1.0223388671875,1.01470947265625,-0.009521484375,0.995849609375,-0.01025390625
0.0,2.31170654296875,-1.03759765625,0.60272216796875,-0.00537109375,1.0048828125,-0.008544921875
0.0,1.96075439453125,-1.007080078125,0.93841552734375,-0.005859375,1.00439453125,-0.010009765625
0.0,2.02178955078125,-1.0833740234375,0.52642822265625,-0.002197265625,0.9892578125,-0.012451171875
0.0,2.34222412109375,-0.95367431640625,0.7476806640625,0.00537109375,0.998046875,-0.01220703125
0.0,2.31170654296875,-0.84686279296875,1.33514404296875,-0.002197265625,1.0,-0.010986328125
0.0,2.08282470703125,-1.04522705078125,1.30462646484375,-0.002685546875,1.01318359375,-0.0087890625
0.0,1.9073486328125,-0.83160400390625,0.8697509765625,0.001953125,0.99853515625,-0.010986328125
0.0,2.06756591796875,-0.8087158203125,0.7476806640625,0.001220703125,1.00048828125,-0.01416015625
0.0,2.05230712890625,-0.86212158203125,1.10626220703125,-0.0009765625,0.997802734375,-0.009033203125
0.0,2.13623046875,-0.75531005859375,0.66375732421875,0.00830078125,0.9990234375,-0.0126953125
0.0,1.97601318359375,-0.63323974609375,1.3885498046875,-0.0009765625,0.998291015625,-0.00634765625
0.0,2.05230712890625,-0.87738037109375,0.67138671875,-0.00146484375,0.9970703125,-0.011962890625
0.0,2.11334228515625,-0.640869140625,1.2359619140625,0.0048828125,1.0048828125,-0.0087890625
0.0,2.105712890625,-0.701904296875,0.77056884765625,-0.0029296875,0.998291015625,-0.01220703125
0.0,2.044677734375,-0.78582763671875,0.732421875,-0.001708984375,1.01123046875,-0.00830078125
0.0,1.89208984375,-0.7171630859375,0.7781982421875,0.000732421875,1.00048828125,-0.00830078125
0.0,1.983642578125,-0.7171630859375,0.48065185546875,-0.00341796875,0.990478515625,-0.01123046875
0.0,2.05230712890625,-0.84686279296875,0.42724609375,-0.00341796875,0.98779296875,-0.009765625
0.0,2.29644775390625,-0.762939453125,0.8544921875,0.002197265625,0.978515625,-0.010498046875
0.0,2.197265625,-0.8392333984375,0.701904296875,-0.009521484375,0.99755859375,-0.004638671875
0.0,2.18963623046875,-0.93841552734375,0.244140625,-0.001708984375,0.982177734375,-0.009033203125
0.0,2.2735595703125,-0.80108642578125,0.5950927734375,-0.002197265625,0.994873046875,-0.00634765625
0.0,2.288818359375,-0.946044921875,0.5950927734375,-0.0068359375,0.993408203125,-0.0087890625
0.0,2.38037109375,-0.9002685546875,0.1678466796875,-0.000244140625,1.002197265625,-0.008056640625
0.0,2.29644775390625,-0.75531005859375,0.23651123046875,-0.002685546875,1.012451171875,-0.0068359375
0.0,2.227783203125,-0.885009765625,0.16021728515625,-0.0048828125,1.006591796875,-0.0068359375
0.0,2.13623046875,-0.823974609375,0.43487548828125,0.00146484375,1.0029296875,-0.007568359375
0.0,2.2125244140625,-0.6866455078125,0.41961669921875,-0.0048828125,0.99560546875,-0.007080078125
0.0,2.3193359375,-0.77056884765625,0.32806396484375,-0.007080078125,0.994384765625,-0.0068359375
0.0,2.34222412109375,-0.732421875,0.4119873046875,-0.00439453125,0.992919921875,-0.006103515625
0.0,2.29644775390625,-0.67138671875,0.244140625,-0.007568359375,0.99951171875,-0.005859375
0.0,2.3040771484375,-0.6866455078125,0.23651123046875,-0.0048828125,0.993408203125,-0.008544921875
0.0,2.349853515625,-0.67901611328125,0.4425048828125,-0.007568359375,0.9970703125,-0.008544921875
0.0,2.38037109375,-0.66375732421875,0.274658203125,-0.00634765625,1.001953125,-0.008056640625
0.0,2.288818359375,-0.74005126953125,0.38909912109375,-0.008056640625,0.998779296875,-0.0087890625
0.0,2.25830078125,-0.74005126953125,0.41961669921875,-0.009033203125,0.998046875,-0.009521484375
0.0,2.25830078125,-0.762939453125,0.3814697265625,-0.007080078125,0.99658203125,-0.00927734375
0.0,2.3345947265625,-0.823974609375,0.46539306640625,-0.010986328125,0.994140625,-0.01025390625
0.0,2.349853515625,-0.86212158203125,0.28228759765625,-0.00830078125,0.998291015625,-0.010009765625
0.0,2.2735595703125,-0.9002685546875,0.457763671875,-0.00732421875,1.002685546875,-0.009765625
0.0,2.3040771484375,-0.946044921875,0.42724609375,-0.008544921875,0.999755859375,-0.011474609375
0.0,2.34222412109375,-0.96893310546875,0.35858154296875,-0.0078125,1.002685546875,-0.01123046875
0.0,2.26593017578125,-1.01470947265625,0.46539306640625,-0.007080078125,0.99951171875,-0.009521484375
0.0,2.32696533203125,-1.007080078125,0.38909912109375,-0.006591796875,0.991943359375,-0.01171875
0.0,2.32696533203125,-0.9918212890625,0.51116943359375,-0.00537109375,1.002197265625,-0.008544921875
0.0,2.13623046875,-0.99945068359375,0.5950927734375,-0.004150390625,0.995849609375,-0.009765625
0.0,2.20489501953125,-1.03759765625,0.41961669921875,-0.005615234375,0.992919921875,-0.010986328125
0.0,2.349853515625,-0.9307861328125,0.579833984375,-0.00341796875,0.99072265625,-0.01171875
0.0,2.3956298828125,-0.92315673828125,0.38909912109375,-0.00537109375,1.001708984375,-0.00830078125
0.0,2.26593017578125,-0.9002685546875,0.457763671875,-0.003173828125,1.002685546875,-0.009033203125
0.0,2.227783203125,-0.9002685546875,0.40435791015625,-0.001953125,1.00146484375,-0.0087890625
0.0,2.349853515625,-0.8697509765625,0.5645751953125,-0.00244140625,0.998779296875,-0.009765625
0.0,2.25830078125,-0.79345703125,0.78582763671875,-0.0048828125,1.00634765625,-0.005615234375
0.0,2.1209716796875,-0.83160400390625,0.1983642578125,-0.007568359375,0.99365234375,-0.010009765625
0.0,2.50244140625,-0.84686279296875,0.22125244140625,0.001220703125,0.9970703125,-0.011474609375
0.0,2.40325927734375,-0.74005126953125,0.66375732421875,-0.003173828125,1.0087890625,-0.007568359375
0.0,2.23541259765625,-0.8392333984375,0.16021728515625,-0.004638671875,1.009521484375,-0.01025390625
0.0,2.13623046875,-0.79345703125,0.7476806640625,0.00048828125,1.00439453125,-0.008544921875
0.0,2.1209716796875,-0.74005126953125,0.42724609375,-0.008056640625,0.98876953125,-0.01123046875
0.0,2.3040771484375,-0.86212158203125,0.34332275390625,-0.0068359375,0.98681640625,-0.009765625
0.0,2.40325927734375,-0.83160400390625,0.5340576171875,0.00146484375,0.986572265625,-0.009033203125
0.0,2.37274169921875,-0.87738037109375,0.335693359375,-0.00830078125,0.98876953125,-0.0078125
0.0,2.32696533203125,-0.9307861328125,0.37384033203125,-0.004638671875,0.99560546875,-0.008544921875
0.0,2.3193359375,-0.86212158203125,0.42724609375,0.001220703125,0.999755859375,-0.010986328125
0.0,2.37274169921875,-0.9002685546875,0.34332275390625,-0.0087890625,1.00439453125,-0.01025390625
0.0,2.37274169921875,-0.90789794921875,0.28228759765625,0.0,1.015380859375,-0.010986328125
0.0,2.23541259765625,-0.81634521484375,0.48065185546875,0.0009765625,1.0126953125,-0.00927734375
0.0,2.197265625,-0.83160400390625,0.457763671875,-0.007568359375,1.000732421875,-0.009765625
0.0,2.20489501953125,-0.8697509765625,0.40435791015625,0.000244140625,0.989990234375,-0.012451171875
0.0,2.25830078125,-0.78582763671875,0.5035400390625,-0.004638671875,0.992431640625,-0.0087890625
0.0,2.25830078125,-0.81634521484375,0.16021728515625,-0.007568359375,0.991943359375,-0.009033203125
0.0,2.2430419921875,-0.8392333984375,0.34332275390625,-0.001708984375,0.989501953125,-0.010498046875
0.0,2.3193359375,-0.79345703125,0.31280517578125,-0.00390625,0.991455078125,-0.010009765625
0.0,2.40325927734375,-0.80108642578125,0.244140625,-0.005615234375,0.996337890625,-0.009033203125
0.0,2.44903564453125,-0.80108642578125,0.43487548828125,-0.000732421875,0.997314453125,-0.01025390625
0.0,2.2735595703125,-0.75531005859375,0.58746337890625,-0.005126953125,1.011962890625,-0.007568359375
0.0,2.0904541015625,-0.74005126953125,0.48065185546875,-0.00927734375,1.010498046875,-0.008056640625
0.0,2.166748046875,-0.8087158203125,0.12969970703125,-0.005126953125,1.005126953125,-0.010986328125
0.0,2.22015380859375,-0.74005126953125,0.244140625,-0.006103515625,1.00146484375,-0.01025390625
0.0,2.2735595703125,-0.79345703125,0.14495849609375,-0.009033203125,0.9951171875,-0.00927734375
0.0,2.38800048828125,-0.79345703125,0.48065185546875,0.00146484375,0.98876953125,-0.010986328125
0.0,2.2430419921875,-0.72479248046875,0.81634521484375,-0.01025390625,0.994140625,-0.006103515625
0.0,2.13623046875,-0.8697509765625,0.26702880859375,-0.01171875,0.978271484375,-0.0078125
0.0,2.29644775390625,-0.86212158203125,0.4730224609375,-0.003662109375,0.9775390625,-0.009765625
0.0,2.51007080078125,-0.81634521484375,0.37384033203125,-0.0107421875,0.994140625,-0.009765625
0.0,2.61688232421875,-0.90789794921875,0.1373291015625,-0.006591796875,1.015380859375,-0.007568359375
0.0,2.3193359375,-0.8392333984375,0.31280517578125,-0.000244140625,1.040771484375,-0.009521484375
0.0,1.922607421875,-0.8392333984375,0.2593994140625,-0.008056640625,1.0283203125,-0.01123046875
0.0,2.00653076171875,-0.8697509765625,0.4425048828125,-0.0048828125,1.001220703125,-0.01025390625
0.0,2.09808349609375,-0.823974609375,0.701904296875,-0.00537109375,0.990234375,-0.010009765625
0.0,2.2125244140625,-0.885009765625,0.55694580078125,-0.009765625,0.972900390625,-0.010986328125
0.0,2.37274169921875,-0.92315673828125,0.5035400390625,-0.0029296875,0.97509765625,-0.00830078125
0.0,2.29644775390625,-0.87738037109375,0.54931640625,-0.012939453125,0.987060546875,-0.007568359375
0.0,2.349853515625,-0.99945068359375,-0.08392333984375,-0.0087890625,0.986328125,-0.009765625
0.0,2.34222412109375,-0.9307861328125,0.2288818359375,0.002197265625,1.003173828125,-0.010009765625
0.0,2.2735595703125,-0.885009765625,0.49591064453125,-0.006591796875,1.019775390625,-0.010009765625
0.0,2.17437744140625,-1.02996826171875,0.46539306640625,-0.001708984375,1.0263671875,-0.0107421875
0.0,2.13623046875,-0.87738037109375,0.66375732421875,-0.000244140625,1.006103515625,-0.012451171875
0.0,2.22015380859375,-0.9002685546875,0.51116943359375,-0.009521484375,1.002685546875,-0.01123046875
0.0,2.15911865234375,-0.946044921875,0.5035400390625,-0.003173828125,0.992431640625,-0.008544921875
0.0,2.14385986328125,-0.91552734375,0.26702880859375,-0.00439453125,0.97802734375,-0.010498046875
0.0,2.31170654296875,-0.86212158203125,0.2899169921875,-0.003173828125,0.972900390625,-0.009033203125
0.0,2.410888671875,-0.89263916015625,0.31280517578125,-0.00439453125,0.990966796875,-0.00732421875
0.0,2.3651123046875,-0.8697509765625,0.40435791015625,-0.00146484375,0.99267578125,-0.008544921875
0.0,2.32696533203125,-0.81634521484375,0.41961669921875,-0.0009765625,1.001220703125,-0.007568359375
0.0,2.227783203125,-0.86212158203125,0.48828125,-0.003173828125,1.003662109375,-0.0087890625
0.0,2.288818359375,-0.80108642578125,0.46539306640625,-0.001220703125,1.007080078125,-0.009765625
0.0,2.29644775390625,-0.7476806640625,0.20599365234375,-0.0029296875,1.010009765625,-0.008056640625
0.0,2.25067138671875,-0.79345703125,0.23651123046875,-0.004150390625,1.004150390625,-0.008056640625
0.0,2.29644775390625,-0.74005126953125,0.2288818359375,0.001708984375,1.004150390625,-0.008056640625
0.0,2.18963623046875,-0.69427490234375,0.3662109375,-0.003173828125,1.006591796875,-0.005859375
0.0,2.20489501953125,-0.7171630859375,0.43487548828125,-0.00439453125,0.99365234375,-0.0078125
0.0,2.29644775390625,-0.701904296875,0.518798828125,-0.004150390625,0.98583984375,-0.0078125
0.0,2.3345947265625,-0.732421875,0.152587890625,-0.00830078125,0.988525390625,-0.0078125
0.0,2.41851806640625,-0.762939453125,0.1678466796875,-0.004638671875,0.987548828125,-0.008056640625
0.0,2.41851806640625,-0.8087158203125,0.34332275390625,-0.00341796875,0.99609375,-0.0078125
0.0,2.288818359375,-0.81634521484375,0.335693359375,-0.005615234375,1.003173828125,-0.00830078125
0.0,2.37274169921875,-0.823974609375,0.2899169921875,-0.005859375,1.004150390625,-0.0107421875
0.0,2.4566650390625,-0.84686279296875,0.35858154296875,-0.0048828125,1.01416015625,-0.010986328125
0.0,2.23541259765625,-0.8392333984375,0.2899169921875,-0.008056640625,1.011962890625,-0.009521484375
0.0,2.25067138671875,-0.8544921875,0.1068115234375,-0.004150390625,1.000244140625,-0.0107421875
0.0,2.15911865234375,-0.84686279296875,0.41961669921875,-0.005615234375,0.998779296875,-0.009033203125
0.0,2.23541259765625,-0.885009765625,0.41961669921875,-0.006103515625,0.9755859375,-0.012451171875
0.0,2.288818359375,-0.92315673828125,0.4730224609375,-0.010986328125,0.99169921875,-0.008056640625
0.0,2.3040771484375,-0.946044921875,0.05340576171875,-0.005615234375,0.984619140625,-0.0126953125
0.0,2.4566650390625,-0.90789794921875,0.40435791015625,-0.007080078125,0.99658203125,-0.01171875
0.0,2.43377685546875,-0.95367431640625,0.31280517578125,-0.005615234375,1.01171875,-0.009765625
0.0,2.25067138671875,-0.946044921875,0.03814697265625,-0.00830078125,1.01513671875,-0.00732421875
0.0,2.197265625,-0.9307861328125,0.38909912109375,-0.007568359375,1.007568359375,-0.011474609375
0.0,2.15911865234375,-0.9918212890625,0.2288818359375,-0.004150390625,1.01220703125,-0.008544921875
0.0,2.11334228515625,-0.9307861328125,0.49591064453125,-0.0029296875,0.998779296875,-0.011962890625
0.0,2.25067138671875,-0.86212158203125,0.6561279296875,-0.010009765625,0.9892578125,-0.0107421875
0.0,2.28118896484375,-0.91552734375,0.5645751953125,-0.0068359375,0.989501953125,-0.01123046875
0.0,2.22015380859375,-0.87738037109375,0.42724609375,-0.008056640625,0.992919921875,-0.0107421875
0.0,2.1514892578125,-0.81634521484375,0.244140625,-0.01025390625,0.989501953125,-0.012939453125
0.0,2.38037109375,-0.8392333984375,0.28228759765625,-0.005859375,0.99658203125,-0.01123046875
0.0,2.2430419921875,-0.80108642578125,0.54168701171875,-0.001708984375,1.0009765625,-0.009521484375
0.0,2.23541259765625,-0.63323974609375,0.64849853515625,-0.0078125,0.995361328125,-0.010009765625
0.0,2.3040771484375,-0.75531005859375,0.6561279296875,-0.00634765625,0.99560546875,-0.00830078125
0.0,2.25067138671875,-0.72479248046875,0.90789794921875,-0.00634765625,0.99365234375,-0.00732421875
0.0,2.34222412109375,-0.640869140625,0.31280517578125,-0.01123046875,0.99853515625,-0.0087890625
0.0,2.3193359375,-0.701904296875,0.1983642578125,-0.00537109375,1.005615234375,-0.007080078125
0.0,2.227783203125,-0.67901611328125,0.49591064453125,-0.00634765625,1.00927734375,-0.007568359375
0.0,2.1820068359375,-0.6561279296875,0.38909912109375,-0.004150390625,1.003662109375,-0.009521484375
0.0,2.197265625,-0.69427490234375,0.7781982421875,-0.0048828125,1.005859375,-0.00830078125
0.0,2.166748046875,-0.7781982421875,0.63323974609375,-0.0107421875,0.998046875,-0.007080078125
0.0,2.23541259765625,-0.7476806640625,0.5340576171875,-0.00537109375,0.99560546875,-0.007080078125
0.0,2.15911865234375,-0.83160400390625,0.6866455078125,-0.00634765625,0.98974609375,-0.008544921875
0.0,2.32696533203125,-0.92315673828125,0.35858154296875,-0.005859375,0.99169921875,-0.00830078125
0.0,2.3345947265625,-0.8697509765625,0.335693359375,-0.003173828125,0.993408203125,-0.00634765625
0.0,2.3193359375,-0.92315673828125,0.67901611328125,-0.0048828125,0.997314453125,-0.010009765625
0.0,2.25830078125,-1.04522705078125,0.55694580078125,-0.005859375,1.002197265625,-0.007080078125
0.0,2.3040771484375,-0.90789794921875,0.37384033203125,0.000244140625,0.994873046875,-0.00927734375
0.0,2.349853515625,-0.95367431640625,0.55694580078125,-0.00537109375,0.998046875,-0.009033203125
0.0,2.37274169921875,-1.04522705078125,0.5340576171875,-0.00146484375,1.002197265625,-0.009765625
0.0,2.349853515625,-0.87738037109375,0.54931640625,0.0,1.002197265625,-0.00830078125
0.0,2.26593017578125,-0.90789794921875,0.4119873046875,-0.00341796875,0.99609375,-0.00927734375
0.0,2.31170654296875,-0.9002685546875,0.457763671875,-0.002197265625,0.99755859375,-0.010498046875
0.0,2.31170654296875,-0.80108642578125,0.40435791015625,0.0009765625,0.9990234375,-0.00927734375
0.0,2.32696533203125,-0.78582763671875,0.57220458984375,-0.00244140625,0.992431640625,-0.009033203125
0.0,2.38800048828125,-0.823974609375,0.457763671875,-0.001953125,0.9970703125,-0.009033203125
0.0,2.32696533203125,-0.66375732421875,0.42724609375,-0.001220703125,1.005615234375,-0.00830078125
0.0,2.2430419921875,-0.69427490234375,0.1678466796875,-0.005126953125,1.004150390625,-0.0107421875
0.0,2.32696533203125,-0.7476806640625,0.35858154296875,-0.0009765625,1.003662109375,-0.011474609375
0.0,2.288818359375,-0.63323974609375,0.42724609375,0.0009765625,1.010498046875,-0.009765625
0.0,2.166748046875,-0.67138671875,0.48065185546875,-0.004638671875,1.001708984375,-0.01025390625
0.0,2.1209716796875,-0.6866455078125,0.4119873046875,-0.0068359375,0.999267578125,-0.009033203125
0.0,2.18963623046875,-0.64849853515625,0.26702880859375,-0.00341796875,0.990478515625,-0.011474609375
0.0,2.23541259765625,-0.70953369140625,0.23651123046875,-0.009033203125,0.9921875,-0.010986328125
0.0,2.29644775390625,-0.74005126953125,0.28228759765625,-0.00537109375,0.994873046875,-0.01123046875
0.0,2.349853515625,-0.74005126953125,0.518798828125,-0.00341796875,0.994873046875,-0.010009765625
0.0,2.31170654296875,-0.78582763671875,0.48828125,-0.008544921875,1.0029296875,-0.008544921875
0.0,2.197265625,-0.83160400390625,0.1373291015625,-0.006103515625,1.0029296875,-0.0107421875
0.0,2.2430419921875,-0.8392333984375,0.46539306640625,-0.005615234375,0.99853515625,-0.010009765625
0.0,2.197265625,-0.87738037109375,0.2899169921875,-0.01123046875,0.99951171875,-0.00927734375
0.0,2.22015380859375,-0.84686279296875,0.34332275390625,-0.005126953125,0.99462890625,-0.008544921875
0.0,2.22015380859375,-0.885009765625,0.5645751953125,-0.00830078125,0.991455078125,-0.006591796875
0.0,2.2735595703125,-0.90789794921875,0.3204345703125,-0.008544921875,0.98876953125,-0.009521484375
0.0,2.34222412109375,-0.86212158203125,0.43487548828125,-0.00439453125,0.99658203125,-0.0078125
0.0,2.3345947265625,-0.87738037109375,0.40435791015625,-0.008544921875,1.001708984375,-0.006103515625
0.0,2.23541259765625,-0.8697509765625,0.34332275390625,-0.0078125,1.00439453125,-0.007568359375
0.0,2.288818359375,-0.7781982421875,0.43487548828125,-0.00341796875,1.005859375,-0.009033203125
0.0,2.25830078125,-0.80108642578125,0.37384033203125,-0.00830078125,1.0048828125,-0.008544921875
0.0,2.2430419921875,-0.75531005859375,0.4119873046875,-0.005615234375,1.001220703125,-0.008544921875
0.0,2.18963623046875,-0.72479248046875,0.51116943359375,-0.00439453125,1.00146484375,-0.007080078125
0.0,2.1820068359375,-0.7476806640625,0.54931640625,-0.008544921875,0.99072265625,-0.009521484375
0.0,2.3040771484375,-0.7476806640625,0.5340576171875,-0.0068359375,0.988525390625,-0.00927734375
0.0,2.3040771484375,-0.74005126953125,0.46539306640625,-0.00732421875,0.995849609375,-0.008056640625
0.0,2.31170654296875,-0.75531005859375,0.34332275390625,-0.00927734375,1.002685546875,-0.009765625
0.0,2.2735595703125,-0.79345703125,0.35858154296875,-0.0048828125,1.000244140625,-0.010009765625
0.0,2.2125244140625,-0.83160400390625,0.54931640625,-0.004638671875,1.00244140625,-0.010009765625
0.0,2.22015380859375,-0.86212158203125,0.6103515625,-0.008544921875,1.000244140625,-0.01025390625
0.0,2.25067138671875,-0.86212158203125,0.63323974609375,-0.00537109375,1.000244140625,-0.01123046875
0.0,2.2430419921875,-0.885009765625,0.64849853515625,-0.00634765625,0.997802734375,-0.010009765625
0.0,2.23541259765625,-0.95367431640625,0.3662109375,-0.01025390625,1.001953125,-0.01025390625
0.0,2.20489501953125,-0.93841552734375,0.23651123046875,-0.003662109375,0.9951171875,-0.0107421875
0.0,2.25830078125,-0.96893310546875,0.518798828125,-0.002685546875,0.997314453125,-0.010498046875
0.0,2.23541259765625,-1.007080078125,0.4119873046875,-0.004150390625,1.001220703125,-0.010498046875
0.0,2.18963623046875,-0.9765625,0.52642822265625,-0.005126953125,0.997314453125,-0.009765625
0.0,2.227783203125,-1.02996826171875,0.4730224609375,-0.005615234375,1.00048828125,-0.010986328125
0.0,2.2125244140625,-1.03759765625,0.2593994140625,-0.003173828125,1.001953125,-0.00830078125
0.0,2.12860107421875,-1.007080078125,0.3814697265625,-0.004150390625,0.996826171875,-0.009033203125
0.0,2.18963623046875,-1.04522705078125,0.2593994140625,-0.00634765625,0.997802734375,-0.010498046875
0.0,2.1514892578125,-1.03759765625,0.1373291015625,0.002197265625,0.99658203125,-0.010009765625
0.0,2.2430419921875,-0.91552734375,0.42724609375,-0.00341796875,1.00146484375,-0.009033203125
0.0,2.0599365234375,-1.0528564453125,-0.0762939453125,-0.00732421875,1.005859375,-0.007568359375
0.0,1.9683837890625,-0.9613037109375,0.05340576171875,0.004638671875,0.9970703125,-0.008544921875
0.0,2.1209716796875,-0.86212158203125,0.2899169921875,0.0,0.984619140625,-0.01025390625
0.0,2.3345947265625,-0.84686279296875,0.19073486328125,-0.00146484375,0.987060546875,-0.009521484375
0.0,2.37274169921875,-0.81634521484375,0.58746337890625,0.00048828125,0.9951171875,-0.005859375
0.0,2.25830078125,-0.6866455078125,0.41961669921875,-0.000244140625,0.995849609375,-0.00634765625
0.0,2.26593017578125,-0.72479248046875,0.54931640625,-0.007080078125,0.99560546875,-0.00732421875
0.0,2.34222412109375,-0.6561279296875,0.244140625,0.000244140625,1.000244140625,-0.006591796875
0.0,2.28118896484375,-0.57220458984375,0.1983642578125,-0.002197265625,0.999755859375,-0.007568359375
0.0,2.34222412109375,-0.5645751953125,0.2899169921875,-0.00830078125,1.001953125,-0.006103515625
0.0,2.26593017578125,-0.58746337890625,0.213623046875,-0.001220703125,1.005615234375,-0.005859375
0.0,2.23541259765625,-0.51116943359375,0.43487548828125,-0.003173828125,0.99560546875,-0.007568359375
0.0,2.349853515625,-0.54931640625,0.37384033203125,-0.009765625,0.996337890625,-0.0068359375
0.0,2.37274169921875,-0.57220458984375,0.32806396484375,-0.00634765625,1.002197265625,-0.006103515625
0.0,2.288818359375,-0.58746337890625,0.35858154296875,-0.00830078125,0.994384765625,-0.008544921875
0.0,2.40325927734375,-0.66375732421875,0.29754638671875,-0.009765625,0.99462890625,-0.007568359375
0.0,2.3345947265625,-0.6866455078125,0.34332275390625,-0.006591796875,1.00341796875,-0.0068359375
0.0,2.37274169921875,-0.74005126953125,0.4119873046875,-0.01025390625,0.999755859375,-0.009765625
0.0,2.29644775390625,-0.83160400390625,0.3509521484375,-0.013427734375,0.997802734375,-0.00927734375
0.0,2.3040771484375,-0.8697509765625,0.05340576171875,-0.009521484375,1.0,-0.01025390625
0.0,2.3345947265625,-0.9002685546875,0.20599365234375,-0.00927734375,1.002197265625,-0.009521484375
0.0,2.25830078125,-0.9765625,0.3662109375,-0.008544921875,1.004150390625,-0.010986328125
0.0,2.18963623046875,-0.96893310546875,0.57220458984375,-0.00634765625,0.997802734375,-0.01123046875
0.0,2.25067138671875,-0.9307861328125,0.5340576171875,-0.009765625,0.996337890625,-0.0126953125
0.0,2.3040771484375,-1.0223388671875,0.5035400390625,-0.01123046875,0.994140625,-0.011474609375
0.0,2.3040771484375,-0.9613037109375,0.396728515625,-0.0068359375,0.9921875,-0.011962890625
0.0,2.349853515625,-0.9307861328125,0.32806396484375,-0.009033203125,1.0,-0.010498046875
0.0,2.25830078125,-0.946044921875,0.37384033203125,-0.008056640625,1.0,-0.010009765625
0.0,2.23541259765625,-0.823974609375,0.518798828125,-0.00341796875,1.0029296875,-0.010498046875
0.0,2.1514892578125,-0.83160400390625,0.60272216796875,-0.008056640625,1.001708984375,-0.009765625
0.0,2.227783203125,-0.823974609375,0.57220458984375,-0.00732421875,0.997802734375,-0.00927734375
0.0,2.197265625,-0.732421875,0.41961669921875,-0.006591796875,0.99560546875,-0.007568359375
0.0,2.23541259765625,-0.7476806640625,0.46539306640625,-0.007080078125,0.989501953125,-0.00830078125
0.0,2.34222412109375,-0.7476806640625,0.51116943359375,-0.00390625,0.993408203125,-0.007080078125
0.0,2.2735595703125,-0.70953369140625,0.6256103515625,-0.004150390625,1.000732421875,-0.0068359375
0.0,2.2735595703125,-0.70953369140625,0.8087158203125,-0.0078125,0.995849609375,-0.0078125
0.0,2.37274169921875,-0.762939453125,0.457763671875,-0.006103515625,1.002197265625,-0.007080078125
0.0,2.25830078125,-0.70953369140625,0.4730224609375,-0.006591796875,1.003173828125,-0.007080078125
0.0,7.171630859375,-0.83160400390625,-1.5716552734375,-0.021484375,0.4560546875,-0.169921875
0.0,22.247314453125,-1.30462646484375,-8.26263427734375,0.111083984375,0.906494140625,-0.3544921875
0.0,37.08648681640625,0.1983642578125,-5.0506591796875,-0.021728515625,0.921875,-0.464111328125
0.0,40.70281982421875,0.28228759765625,-7.2784423828125,-0.15234375,1.460693359375,-0.183837890625
0.0,30.84564208984375,-8.636474609375,-9.46044921875,-0.234375,1.173583984375,-0.045654296875
0.0,24.261474609375,-10.21575927734375,-19.1192626953125,-0.19873046875,1.475830078125,-0.108154296875
0.0,10.80322265625,-14.71710205078125,-25.8026123046875,-0.1298828125,1.2158203125,-0.085205078125
0.0,-0.70953369140625,-10.94818115234375,-42.12188720703125,0.035888671875,1.294921875,-0.173095703125
0.0,-2.83050537109375,-8.85009765625,-46.92840576171875,0.1328125,0.696533203125,-0.19873046875
0.0,-2.12860107421875,-7.568359375,-34.32464599609375,0.212646484375,0.759765625,-0.13037109375
0.0,5.523681640625,-7.965087890625,-13.11492919921875,-0.099853515625,0.459716796875,-0.233642578125
0.0,10.82611083984375,-10.88714599609375,-9.81903076171875,-0.1640625,1.036865234375,-0.12548828125
0.0,8.1787109375,-10.6658935546875,-4.852294921875,-0.110107421875,0.825927734375,-0.15625
0.0,12.21466064453125,-10.38360595703125,3.082275390625,-0.231689453125,0.72265625,-0.120849609375
0.0,12.9852294921875,-11.260986328125,-5.28717041015625,-0.270751953125,1.076171875,0.078125
0.0,6.55364990234375,-10.589599609375,-14.801025390625,0.04248046875,1.25634765625,0.068359375
0.0,1.64794921875,-7.32421875,-4.0740966796875,0.06201171875,1.12109375,0.0341796875
0.0,3.3416748046875,-4.8065185546875,3.15093994140625,0.01171875,0.764404296875,-0.015380859375
0.0,6.67572021484375,-3.76129150390625,12.451171875,-0.05908203125,0.923095703125,-0.03466796875
0.0,7.86590576171875,-3.77655029296875,18.57757568359375,-0.008056640625,0.918701171875,-0.0107421875
0.0,7.476806640625,-3.7841796875,28.77044677734375,-0.0537109375,1.0341796875,-0.054443359375
0.0,10.7269287109375,-4.791259765625,34.21783447265625,-0.056640625,0.744873046875,-0.088623046875
0.0,10.6964111328125,-4.11224365234375,31.829833984375,-0.068603515625,1.0869140625,-0.117431640625
0.0,10.62774658203125,-3.82232666015625,27.9998779296875,0.019775390625,1.068603515625,-0.148193359375
0.0,8.33892822265625,-2.0599365234375,19.52362060546875,-0.076171875,1.200439453125,-0.1298828125
0.0,6.75201416015625,-0.3509521484375,5.13458251953125,0.009765625,1.1982421875,-0.117431640625
0.0,3.94439697265625,3.0059814453125,0.9002685546875,0.13818359375,1.2255859375,-0.0791015625
0.0,0.02288818359375,5.401611328125,1.19781494140625,0.054931640625,1.09130859375,-0.109619140625
0.0,-1.220703125,6.66046142578125,-5.88226318359375,-0.0068359375,1.17919921875,-0.10107421875
0.0,-2.7923583984375,8.06427001953125,-12.27569580078125,-0.0458984375,0.980712890625,-0.149169921875
0.0,-2.62451171875,7.45391845703125,-18.0206298828125,-0.054443359375,1.068115234375,-0.112060546875
0.0,-1.64794921875,6.9580078125,-16.9219970703125,-0.078369140625,0.775146484375,-0.19970703125
0.0,1.36566162109375,5.4931640625,-19.50836181640625,-0.03955078125,0.989990234375,-0.162353515625
0.0,3.4942626953125,5.37109375,-17.72308349609375,-0.020263671875,0.8046875,-0.220703125
0.0,5.76019287109375,5.3863525390625,-20.5078125,0.011962890625,0.856689453125,-0.2255859375
0.0,8.76617431640625,6.2103271484375,-21.484375,0.057861328125,0.74755859375,-0.25732421875
0.0,9.0789794921875,8.5296630859375,-19.88983154296875,0.11767578125,0.962890625,-0.226806640625
0.0,8.4381103515625,9.39178466796875,-17.73834228515625,0.06494140625,0.899169921875,-0.22265625
0.0,6.99615478515625,11.4593505859375,-13.16070556640625,0.09228515625,1.06005859375,-0.18994140625
0.0,2.86102294921875,11.90185546875,-10.7879638671875,0.047607421875,0.978515625,-0.162841796875
0.0,-1.312255859375,12.603759765625,-8.575439453125,0.069580078125,0.97119140625,-0.155517578125
0.0,-3.92913818359375,13.6871337890625,-4.98199462890625,0.029541015625,0.970703125,-0.126220703125
0.0,-8.3465576171875,13.458251953125,-3.77655029296875,0.0419921875,0.943603515625,-0.0869140625
0.0,-10.833740234375,13.397216796875,-3.41796875,0.030517578125,1.021240234375,-0.05322265625
0.0,-13.78631591796875,12.04681396484375,-7.20977783203125,-0.047607421875,1.0146484375,0.0068359375
0.0,-13.29803466796875,10.49041748046875,-0.22125244140625,-0.08984375,0.867431640625,0.04296875
0.0,-11.138916015625,6.85882568359375,2.28118896484375,-0.16552734375,0.910400390625,0.106201171875
0.0,-10.71929931640625,2.99072265625,8.5296630859375,-0.1298828125,1.02197265625,0.13671875
0.0,-12.237548828125,0.5645751953125,13.12255859375,-0.154296875,1.1572265625,0.131591796875
0.0,-14.28985595703125,-2.4871826171875,10.2386474609375,-0.195556640625,0.995361328125,0.09375
0.0,-14.1448974609375,-6.11114501953125,4.486083984375,-0.106689453125,0.974609375,0.087646484375
0.0,-13.9617919921875,-6.378173828125,6.43157958984375,-0.0771484375,1.1474609375,0.128662109375
0.0,-17.7001953125,-7.05718994140625,10.70404052734375,-0.091552734375,1.073974609375,0.125
0.0,-18.66912841796875,-7.8125,7.36236572265625,-0.09228515625,1.1240234375,0.112548828125
0.0,-17.92144775390625,-6.8206787109375,6.50787353515625,-0.048095703125,0.869140625,-0.010009765625
0.0,-13.08441162109375,-6.56890869140625,6.591796875,-0.059326171875,0.870361328125,-0.002197265625
0.0,-9.10186767578125,-5.02777099609375,6.98089599609375,-0.045166015625,0.829833984375,-0.020751953125
0.0,-3.143310546875,-4.47845458984375,3.88336181640625,-0.05517578125,1.0009765625,0.051025390625
0.0,-3.66973876953125,-2.18963623046875,0.885009765625,-0.01025390625,1.184326171875,0.119140625
0.0,-6.73675537109375,-0.16021728515625,-0.6561279296875,-0.013916015625,1.234130859375,0.125244140625
0.0,-11.10076904296875,1.9378662109375,-1.15966796875,-0.00244140625,1.2548828125,0.151611328125
0.0,-14.74761962890625,3.71551513671875,-6.18743896484375,-0.044677734375,1.164794921875,0.1494140625
0.0,-17.81463623046875,6.50787353515625,-9.613037109375,0.037841796875,1.1015625,0.1337890625
0.0,-17.3797607421875,9.14764404296875,-8.62884521484375,0.038330078125,0.935302734375,0.103271484375
0.0,-14.67132568359375,12.35198974609375,-6.78253173828125,0.09033203125,0.921875,0.0888671875
0.0,-12.87841796875,14.58740234375,-3.68499755859375,0.04345703125,0.939697265625,0.11865234375
0.0,-12.6800537109375,17.38739013671875,-3.91387939453125,0.047119140625,0.97021484375,0.0947265625
0.0,-10.90240478515625,19.3328857421875,-3.5400390625,0.00146484375,0.94384765625,0.094482421875
0.0,-9.6893310546875,21.49200439453125,-4.15802001953125,0.034912109375,1.026611328125,0.13525390625
0.0,-10.5743408203125,23.21624755859375,-3.204345703125,0.00390625,1.005615234375,0.133544921875
0.0,-11.138916015625,23.79608154296875,-3.9520263671875,-0.07275390625,1.076171875,0.133544921875
0.0,-11.77978515625,23.88763427734375,-5.62286376953125,-0.066650390625,1.056884765625,0.110107421875
0.0,-11.94000244140625,24.17755126953125,-8.18634033203125,-0.04248046875,1.04443359375,0.133056640625
0.0,-11.22283935546875,25.0091552734375,-7.98797607421875,-0.042724609375,1.00537109375,0.1015625
0.0,-8.392333984375,24.45220947265625,-4.57763671875,-0.1015625,0.972412109375,0.077880859375
0.0,-7.25555419921875,22.7508544921875,-3.1280517578125,-0.03173828125,0.935791015625,0.0986328125
0.0,-5.79833984375,23.3154296875,-1.82342529296875,-0.001953125,1.030517578125,0.111572265625
0.0,-4.79888916015625,23.773193359375,2.25830078125,-0.00634765625,0.99609375,0.1123046875
0.0,-2.532958984375,23.32305908203125,6.46209716796875,-0.05322265625,1.002197265625,0.115234375
0.0,-1.35040283203125,22.92633056640625,6.69097900390625,-0.01806640625,0.984375,0.0908203125
0.0,1.21307373046875,23.2391357421875,7.7362060546875,-0.053466796875,0.97607421875,0.101318359375
0.0,2.593994140625,23.85711669921875,8.85009765625,0.004150390625,1.02490234375,0.0732421875
0.0,5.13458251953125,23.5137939453125,9.77325439453125,-0.070556640625,1.0380859375,0.1044921875
0.0,5.615234375,23.78082275390625,9.0484619140625,-0.077880859375,1.061767578125,0.092041015625
0.0,7.8125,22.9339599609375,6.7596435546875,-0.10302734375,0.969970703125,0.06494140625
0.0,7.86590576171875,23.00262451171875,10.31494140625,-0.017333984375,1.27001953125,0.06982421875
0.0,7.72857666015625,20.6756591796875,11.95526123046875,-0.117431640625,0.92529296875,0.05859375
0.0,10.284423828125,20.14923095703125,2.43377685546875,-0.171142578125,1.0283203125,0.06494140625
0.0,10.16998291015625,17.7764892578125,5.98907470703125,-0.123291015625,0.926513671875,0.033447265625
0.0,10.10894775390625,15.38848876953125,11.52801513671875,-0.143310546875,1.166259765625,0.055908203125
0.0,10.4827880859375,12.50457763671875,16.571044921875,-0.158935546875,0.986328125,-0.00048828125
0.0,11.71875,10.8184814453125,10.64300537109375,-0.19091796875,1.114013671875,0.031494140625
0.0,10.76507568359375,8.85772705078125,7.2174072265625,-0.2001953125,1.057373046875,0.06201171875
0.0,11.86370849609375,7.049560546875,2.38800048828125,-0.220703125,0.947265625,0.05029296875
0.0,14.36614990234375,4.40216064453125,0.84686279296875,-0.186767578125,0.912841796875,0.008056640625
0.0,19.15740966796875,2.14385986328125,0.9613037109375,-0.09130859375,0.947998046875,0.005615234375
0.0,21.4385986328125,1.46484375,1.97601318359375,-0.0693359375,0.873779296875,0.02099609375
0.0,22.43804931640625,0.64849853515625,4.90570068359375,-0.121826171875,0.987548828125,0.072021484375
0.0,20.6756591796875,-1.02996826171875,3.570556640625,-0.099853515625,1.0361328125,0.0810546875
0.0,17.2882080078125,-2.46429443359375,5.47027587890625,-0.09765625,1.114013671875,0.11279296875
0.0,12.04681396484375,-2.50244140625,5.67626953125,-0.095947265625,0.999755859375,0.103515625
0.0,9.05609130859375,-3.8909912109375,1.41143798828125,-0.0859375,0.983154296875,0.077880859375
0.0,9.8114013671875,-3.99017333984375,2.64739990234375,-0.06787109375,0.70849609375,-0.022216796875
0.0,13.2904052734375,-5.18798828125,4.2572021484375,-0.075927734375,0.77294921875,-0.02685546875
0.0,16.265869140625,-5.9967041015625,1.3580322265625,-0.07763671875,0.79736328125,-0.041259765625
0.0,17.99774169921875,-6.87408447265625,3.88336181640625,-0.053955078125,0.869384765625,-0.025146484375
0.0,18.2647705078125,-7.232666015625,5.0506591796875,-0.0869140625,0.85791015625,-0.045654296875
0.0,20.60699462890625,-8.35418701171875,4.1046142578125,-0.12939453125,0.9169921875,-0.0478515625
0.0,20.751953125,-10.03265380859375,3.10516357421875,-0.070068359375,0.972412109375,-0.032470703125
0.0,19.22607421875,-10.23101806640625,7.89642333984375,-0.08642578125,1.218017578125,0.01904296875
0.0,13.4429931640625,-11.962890625,10.6048583984375,-0.103271484375,1.136474609375,0.026123046875
0.0,6.28662109375,-14.6331787109375,14.5111083984375,-0.089111328125,1.23828125,0.0341796875
0.0,3.02886962890625,-15.37322998046875,18.707275390625,-0.119140625,1.0478515625,-0.0166015625
0.0,0.5950927734375,-17.26531982421875,19.9432373046875,-0.11376953125,1.049072265625,-0.010498046875
0.0,0.20599365234375,-18.1884765625,19.9737548828125,-0.086669921875,0.92431640625,-0.072265625
0.0,3.3111572265625,-19.04296875,22.97210693359375,-0.144775390625,0.71728515625,-0.11474609375
0.0,9.3231201171875,-21.331787109375,14.1754150390625,-0.146240234375,0.652587890625,-0.1318359375
0.0,14.88494873046875,-19.81353759765625,4.730224609375,0.078857421875,0.853271484375,-0.01318359375
0.0,17.34161376953125,-17.02117919921875,-1.739501953125,0.05712890625,0.849609375,-0.028076171875
0.0,18.50128173828125,-15.08331298828125,-2.55584716796875,0.070068359375,0.99951171875,-0.026611328125
0.0,16.6015625,-13.5955810546875,-5.42449951171875,0.1162109375,1.10009765625,-0.029541015625
0.0,12.07733154296875,-11.98577880859375,-0.77056884765625,0.078857421875,1.133544921875,0.007080078125
0.0,6.77490234375,-13.03863525390625,6.73675537109375,0.01123046875,1.049072265625,-0.018310546875
0.0,4.0130615234375,-13.702392578125,14.0533447265625,0.04638671875,1.00830078125,-0.014404296875
0.0,0.89263916015625,-14.30511474609375,17.87567138671875,-0.003173828125,0.947265625,-0.025146484375
0.0,3.11279296875,-15.0299072265625,21.97265625,-0.0400390625,0.721435546875,-0.09326171875
0.0,9.98687744140625,-15.960693359375,16.204833984375,-0.1240234375,0.64599609375,-0.052978515625
0.0,13.61846923828125,-15.3656005859375,10.0860595703125,-0.047119140625,0.74560546875,-0.038818359375
0.0,16.15142822265625,-16.97540283203125,-0.61798095703125,-0.097412109375,0.9287109375,-0.03759765625
0.0,14.007568359375,-17.88330078125,-0.823974609375,-0.0625,1.106201171875,-0.02490234375
0.0,10.5133056640625,-18.57757568359375,-2.7618408203125,-0.05908203125,1.065185546875,-0.00390625
0.0,7.57598876953125,-19.17266845703125,-3.1890869140625,-0.01416015625,1.033447265625,-0.048583984375
0.0,6.927490234375,-19.561767578125,0.55694580078125,-0.026123046875,1.053466796875,-0.052978515625
0.0,9.02557373046875,-20.48492431640625,7.6141357421875,0.002685546875,0.9833984375,-0.096923828125
0.0,10.01739501953125,-20.6146240234375,10.26153564453125,-0.072265625,1.0625,-0.0517578125
0.0,12.56561279296875,-21.66748046875,13.4429931640625,-0.064208984375,0.938232421875,-0.05322265625
0.0,14.61029052734375,-22.6898193359375,14.51873779296875,-0.102783203125,0.94384765625,-0.0302734375
0.0,17.181396484375,-23.17047119140625,14.129638671875,-0.07666015625,0.892333984375,-0.052734375
0.0,17.791748046875,-23.61297607421875,13.67950439453125,-0.0595703125,0.98486328125,-0.03564453125
0.0,15.58685302734375,-23.8800048828125,12.22991943359375,-0.0576171875,1.0576171875,-0.0205078125
0.0,13.29803466796875,-23.93341064453125,9.5062255859375,-0.034423828125,1.070068359375,-0.033935546875
0.0,8.8653564453125,-23.27728271484375,6.439208984375,-0.052490234375,1.110107421875,-0.0078125
0.0,6.75201416015625,-22.98736572265625,2.9144287109375,-0.009521484375,1.0888671875,-0.0458984375
0.0,5.05828857421875,-22.186279296875,4.26483154296875,0.041259765625,0.992919921875,-0.05615234375
0.0,7.476806640625,-19.95849609375,6.41632080078125,0.05859375,0.931396484375,-0.081787109375
0.0,11.2457275390625,-18.7225341796875,10.7879638671875,0.08203125,0.88134765625,-0.08251953125
0.0,13.60321044921875,-17.15850830078125,13.671875,0.075927734375,0.966552734375,-0.069580078125
0.0,16.33453369140625,-14.83917236328125,16.0980224609375,0.07958984375,0.904296875,-0.06298828125
0.0,16.78466796875,-13.6566162109375,17.11273193359375,0.029541015625,1.06201171875,-0.044921875
0.0,15.66314697265625,-12.5579833984375,17.7154541015625,0.048583984375,1.008056640625,-0.060791015625
0.0,14.79339599609375,-11.4288330078125,17.20428466796875,0.02392578125,1.107421875,-0.065185546875
0.0,11.5814208984375,-10.589599609375,15.29693603515625,-0.001708984375,1.10205078125,-0.06396484375
0.0,9.26971435546875,-10.93292236328125,10.38360595703125,0.00927734375,1.125244140625,-0.070068359375
0.0,5.096435546875,-10.45989990234375,8.1787109375,0.01025390625,1.163818359375,-0.057861328125
0.0,3.3416748046875,-9.30023193359375,2.44903564453125,0.0400390625,1.075439453125,-0.099365234375
0.0,1.3427734375,-8.7890625,-1.01470947265625,0.042236328125,1.139892578125,-0.09228515625
0.0,1.251220703125,-8.026123046875,-4.1961669921875,0.063232421875,0.986083984375,-0.1318359375
0.0,5.889892578125,-6.6070556640625,-3.448486328125,0.1669921875,0.835693359375,-0.173583984375
0.0,9.27734375,-5.06591796875,5.51605224609375,0.139892578125,0.953125,-0.126953125
0.0,12.3443603515625,-4.7454833984375,10.27679443359375,0.13671875,0.90283203125,-0.12109375
0.0,13.66424560546875,-4.20379638671875,15.19775390625,0.144775390625,0.9970703125,-0.1025390625
0.0,14.21356201171875,-3.31878662109375,21.82769775390625,0.10302734375,0.95751953125,-0.11767578125
0.0,14.6636962890625,-4.6539306640625,22.30072021484375,-0.053466796875,0.94970703125,-0.13671875
0.0,13.580322265625,-6.98089599609375,15.80047607421875,-0.10107421875,0.989501953125,-0.13037109375
0.0,9.8876953125,-9.4757080078125,7.598876953125,-0.059814453125,1.1162109375,-0.112060546875
0.0,3.04412841796875,-11.34490966796875,-0.23651123046875,-0.10498046875,1.171142578125,-0.096435546875
0.0,-4.11224365234375,-14.97650146484375,-10.39886474609375,-0.12451171875,1.12451171875,-0.035888671875
0.0,-10.49041748046875,-15.31982421875,-24.69635009765625,-0.0029296875,1.072265625,-0.123291015625
0.0,-11.25335693359375,-13.48114013671875,-27.71759033203125,0.2041015625,0.758544921875,-0.23486328125
0.0,-0.05340576171875,-10.35308837890625,-22.491455078125,0.359619140625,0.65771484375,-0.338134765625
0.0,10.80322265625,-7.57598876953125,0.77056884765625,0.270263671875,0.8193359375,-0.288330078125
0.0,21.94976806640625,-6.32476806640625,30.242919921875,0.241943359375,1.120361328125,-0.154296875
0.0,21.24786376953125,-4.638671875,37.22381591796875,0.177734375,1.2177734375,-0.115966796875
0.0,17.3492431640625,-4.03594970703125,37.811279296875,0.01318359375,1.210205078125,-0.102294921875
0.0,14.74761962890625,-6.09588623046875,32.8216552734375,-0.156494140625,1.154541015625,-0.111572265625
0.0,7.89642333984375,-9.01031494140625,18.45550537109375,-0.14697265625,1.251220703125,-0.059814453125
0.0,-1.03759765625,-10.84136962890625,0.75531005859375,-0.146240234375,1.239501953125,-0.080078125
0.0,-10.711669921875,-14.61029052734375,-7.50732421875,0.006591796875,1.2841796875,-0.005615234375
0.0,-21.4385986328125,-15.2130126953125,-8.331298828125,0.017822265625,1.33984375,-0.001953125
0.0,-32.196044921875,-15.5792236328125,-27.21405029296875,-0.16796875,1.120361328125,-0.01123046875
0.0,-34.88922119140625,-16.082763671875,-49.15618896484375,0.090576171875,0.714111328125,-0.185546875
0.0,-21.4996337890625,-11.5966796875,-54.74853515625,0.23095703125,0.50439453125,-0.3642578125
0.0,-5.95855712890625,-8.11767578125,-43.57147216796875,0.2578125,0.59716796875,-0.293701171875
0.0,5.6610107421875,-10.040283203125,-15.17486572265625,0.262939453125,0.91943359375,-0.188720703125
0.0,12.96234130859375,-9.75799560546875,7.4615478515625,0.366943359375,0.822998046875,-0.185302734375
0.0,13.32855224609375,-5.0811767578125,19.08111572265625,0.1552734375,1.0830078125,-0.095947265625
0.0,11.53564453125,-4.7149658203125,25.9246826171875,0.026611328125,0.96435546875,-0.07958984375
0.0,11.16180419921875,-9.40704345703125,32.5469970703125,-0.0244140625,1.158935546875,-0.0341796875
0.0,8.60595703125,-9.21630859375,35.22491455078125,-0.02783203125,0.80419921875,-0.06494140625
0.0,6.65283203125,-6.988525390625,15.7012939453125,-0.142578125,1.009521484375,-0.083984375
0.0,0.14495849609375,-10.772705078125,1.6326904296875,-0.153076171875,1.134521484375,-0.016357421875
0.0,-10.27679443359375,-12.22991943359375,-5.340576171875,0.05615234375,1.075439453125,-0.0517578125
0.0,-12.3748779296875,-9.17816162109375,-8.78143310546875,0.112060546875,0.853515625,-0.130859375
0.0,-9.3994140625,-6.8359375,-11.8255615234375,0.12158203125,0.6806640625,-0.191162109375
0.0,-1.800537109375,-7.46917724609375,-7.02667236328125,0.1162109375,0.736572265625,-0.22314453125
0.0,7.37762451171875,-5.8441162109375,-1.39617919921875,0.158447265625,0.728515625,-0.212158203125
0.0,13.26751708984375,-3.01361083984375,0.213623046875,0.082763671875,0.845458984375,-0.166748046875
0.0,16.9525146484375,-4.08935546875,1.77001953125,0.0087890625,1.05224609375,-0.098876953125
0.0,15.2435302734375,-4.8370361328125,4.67681884765625,0.057373046875,1.08203125,-0.08544921875
0.0,13.05389404296875,-4.0283203125,7.293701171875,0.032958984375,1.06396484375,-0.0712890625
0.0,8.97979736328125,-5.340576171875,8.65936279296875,-0.008544921875,1.161376953125,-0.0205078125
0.0,3.83758544921875,-6.78253173828125,7.4005126953125,-0.030517578125,1.0947265625,-0.064453125
0.0,1.678466796875,-7.99560546875,3.9825439453125,-0.0234375,1.03662109375,-0.07080078125
0.0,0.6561279296875,-8.11004638671875,2.41851806640625,-0.035888671875,0.93017578125,-0.108154296875
0.0,2.95257568359375,-10.7421875,-4.1351318359375,-0.115234375,0.903076171875,-0.1064453125
0.0,3.85284423828125,-12.420654296875,-8.11004638671875,-0.0498046875,0.9873046875,-0.10546875
0.0,4.69207763671875,-13.5040283203125,-9.91058349609375,-0.0234375,1.00439453125,-0.103271484375
0.0,5.889892578125,-14.801025390625,-10.33782958984375,-0.006591796875,1.057861328125,-0.091796875
0.0,6.15692138671875,-15.869140625,-8.26263427734375,0.079833984375,0.993408203125,-0.08642578125
0.0,5.767822265625,-15.43426513671875,-2.5634765625,0.11767578125,1.0400390625,-0.064208984375
0.0,4.94384765625,-14.984130859375,3.36456298828125,0.088623046875,1.030029296875,-0.04931640625
0.0,4.547119140625,-15.2587890625,5.74493408203125,0.11474609375,0.99462890625,-0.0400390625
0.0,4.608154296875,-13.46588134765625,9.34600830078125,0.140380859375,0.9013671875,-0.0458984375
0.0,5.7220458984375,-12.1307373046875,8.65936279296875,0.11474609375,0.89794921875,-0.03955078125
0.0,6.64520263671875,-11.16180419921875,7.1868896484375,0.1181640625,0.93798828125,-0.040771484375
0.0,6.95037841796875,-9.2315673828125,7.30133056640625,0.137451171875,0.90087890625,-0.05615234375
0.0,8.21685791015625,-7.14874267578125,6.62994384765625,0.141357421875,0.927978515625,-0.058349609375
0.0,7.598876953125,-5.76019287109375,8.1329345703125,0.110595703125,0.990966796875,-0.059326171875
0.0,7.75909423828125,-4.32586669921875,8.85772705078125,0.10546875,0.988037109375,-0.086181640625
0.0,7.8582763671875,-3.04412841796875,11.41357421875,0.097900390625,0.9443359375,-0.097412109375
0.0,9.0789794921875,-2.69317626953125,13.31329345703125,0.017822265625,1.03125,-0.096435546875
0.0,8.5906982421875,-2.90679931640625,13.98468017578125,0.012939453125,1.011962890625,-0.087646484375
0.0,9.23919677734375,-3.4637451171875,14.8162841796875,-0.023193359375,1.04345703125,-0.1015625
0.0,9.246826171875,-4.34112548828125,16.265869140625,-0.0029296875,0.978515625,-0.08544921875
0.0,9.17816162109375,-5.5084228515625,16.54052734375,-0.0400390625,1.101318359375,-0.076171875
0.0,7.57598876953125,-6.591796875,17.14324951171875,-0.016357421875,1.0166015625,-0.08349609375
0.0,7.7667236328125,-7.8277587890625,15.03753662109375,-0.049560546875,1.048583984375,-0.073974609375
0.0,6.622314453125,-9.13238525390625,10.31494140625,-0.01416015625,1.0556640625,-0.073974609375
0.0,6.8206787109375,-9.78851318359375,10.09368896484375,0.015869140625,1.074951171875,-0.088134765625
0.0,6.3934326171875,-10.35308837890625,8.9874267578125,0.07958984375,1.033447265625,-0.087890625
0.0,7.19451904296875,-9.9334716796875,12.67242431640625,0.10986328125,1.0322265625,-0.09326171875
0.0,7.049560546875,-9.185791015625,11.81793212890625,0.124755859375,1.076416015625,-0.082275390625
0.0,5.8746337890625,-7.39288330078125,11.08551025390625,0.14404296875,1.09912109375,-0.107666015625
0.0,5.72967529296875,-6.2713623046875,9.58251953125,0.152099609375,1.135498046875,-0.101806640625
0.0,3.99017333984375,-4.57763671875,9.552001953125,0.17138671875,1.16064453125,-0.096435546875
0.0,4.20379638671875,-3.12042236328125,7.9803466796875,0.154052734375,1.0859375,-0.13671875
0.0,4.638671875,-1.62506103515625,3.89862060546875,0.195556640625,1.108642578125,-0.140625
0.0,4.02069091796875,0.1068115234375,0.7476806640625,0.205810546875,1.164306640625,-0.11474609375
0.0,-0.1373291015625,1.70135498046875,-0.213623046875,0.1923828125,1.295166015625,-0.093994140625
0.0,-5.4931640625,2.87628173828125,-1.86920166015625,0.17529296875,1.308349609375,-0.091552734375
0.0,-10.73455810546875,3.936767578125,-2.81524658203125,0.1904296875,1.257568359375,-0.119140625
0.0,-13.7786865234375,4.92095947265625,-5.889892578125,0.14111328125,1.1796875,-0.130859375
0.0,-16.45660400390625,5.31005859375,-9.69696044921875,0.09814453125,1.134765625,-0.16552734375
0.0,-16.0980224609375,4.05120849609375,-13.4735107421875,0.0498046875,1.122314453125,-0.170654296875
0.0,-16.2811279296875,3.34930419921875,-14.2974853515625,0.0498046875,1.0966796875,-0.13671875
0.0,-17.82989501953125,1.983642578125,-11.83319091796875,0.083251953125,1.38623046875,-0.097900390625
0.0,-17.578125,-0.89263916015625,-16.3116455078125,0.0283203125,0.853759765625,-0.0615234375
0.0,-17.059326171875,-1.88446044921875,-16.88385009765625,-0.122802734375,1.264404296875,-0.001953125
0.0,-16.97540283203125,-6.73675537109375,-25.59661865234375,-0.118896484375,0.8662109375,-0.099365234375
0.0,-15.2587890625,-9.34600830078125,-36.7279052734375,-0.077392578125,0.944091796875,-0.0546875
0.0,-13.916015625,-11.72637939453125,-35.85052490234375,0.10302734375,0.705810546875,0.00341796875
0.0,-10.88714599609375,-10.467529296875,-30.9600830078125,0.103271484375,0.9580078125,-0.071044921875
0.0,-10.040283203125,-11.3677978515625,-22.07183837890625,0.15625,0.6630859375,-0.073486328125
0.0,-5.24139404296875,-10.1776123046875,-18.402099609375,0.040283203125,0.772216796875,-0.0869140625
0.0,-3.326416015625,-13.40484619140625,-15.3961181640625,-0.057861328125,0.65869140625,0.027099609375
0.0,-0.79345703125,-10.65826416015625,-23.956298828125,-0.125732421875,0.6142578125,-0.127685546875
0.0,4.94384765625,-19.0277099609375,-37.08648681640625,-0.44140625,0.5751953125,-0.013671875
0.0,9.063720703125,-17.5628662109375,-79.35333251953125,-0.19921875,0.50439453125,-0.17578125
0.0,13.641357421875,-16.54052734375,-101.17340087890625,-0.041259765625,0.586669921875,-0.142578125
0.0,20.69091796875,-10.8795166015625,-110.2294921875,0.21240234375,0.652587890625,-0.20556640625
0.0,24.84893798828125,-7.62176513671875,-96.0845947265625,0.19677734375,0.736083984375,-0.15087890625
0.0,23.87237548828125,-3.4027099609375,-94.23065185546875,0.275390625,0.77392578125,0.017822265625
0.0,17.8985595703125,5.19561767578125,-81.41326904296875,0.3271484375,1.252685546875,0.114501953125
0.0,12.22991943359375,2.8533935546875,-63.262939453125,-0.192626953125,0.4306640625,0.136474609375
0.0,7.59124755859375,3.91387939453125,-48.31695556640625,-0.289794921875,1.028076171875,0.06494140625
0.0,-15.777587890625,0.1068115234375,6.5765380859375,0.267822265625,2.19677734375,0.2001953125
0.0,-27.679443359375,1.7852783203125,29.0374755859375,-0.051513671875,1.5869140625,0.040771484375
0.0,-37.80364990234375,-0.3814697265625,29.9835205078125,-0.3134765625,1.3173828125,0.015869140625
0.0,-39.89410400390625,0.0,36.3616943359375,-0.0390625,1.274658203125,0.0263671875
0.0,-42.78564453125,-0.12969970703125,61.74468994140625,0.06103515625,1.20751953125,0.01318359375
0.0,-37.52899169921875,-0.57220458984375,74.16534423828125,-0.0986328125,0.536376953125,-0.205078125
0.0,-22.6593017578125,5.30242919921875,78.43017578125,0.249755859375,0.528076171875,-0.200439453125
0.0,-12.26043701171875,12.39776611328125,86.60888671875,0.252685546875,0.981689453125,-0.15625
0.0,-5.9051513671875,13.84735107421875,83.465576171875,-0.2333984375,0.7060546875,0.051513671875
0.0,-8.29315185546875,10.5743408203125,66.5435791015625,-0.382568359375,1.21826171875,-0.04345703125
0.0,-1.77001953125,8.30841064453125,48.248291015625,-0.222900390625,0.955078125,0.01416015625
0.0,-2.83050537109375,14.251708984375,27.4505615234375,-0.08447265625,1.161376953125,0.06982421875
0.0,-9.78851318359375,8.7127685546875,8.6212158203125,-0.162353515625,1.154052734375,0.013916015625
0.0,-9.28497314453125,6.35528564453125,7.01904296875,-0.044677734375,0.88232421875,-0.052490234375
0.0,-6.61468505859375,6.64520263671875,9.26971435546875,-0.162841796875,0.55859375,-0.114013671875
0.0,0.55694580078125,3.1280517578125,15.87677001953125,0.176025390625,0.88916015625,-0.1826171875
0.0,1.16729736328125,5.1422119140625,8.6517333984375,-0.278564453125,0.740234375,-0.094970703125
0.0,7.25555419921875,0.37384033203125,-10.32257080078125,-0.01171875,0.556396484375,-0.156005859375
0.0,13.5955810546875,1.6021728515625,-2.8076171875,0.1025390625,1.156005859375,-0.1298828125
0.0,7.97271728515625,-0.67901611328125,4.669189453125,-0.018798828125,1.01806640625,-0.04638671875
0.0,9.45281982421875,-1.495361328125,-6.06536865234375,-0.06103515625,1.014892578125,-0.080322265625
0.0,4.78363037109375,0.4730224609375,-4.69970703125,0.131103515625,1.088134765625,-0.04443359375
0.0,-0.22125244140625,2.8228759765625,-1.76239013671875,0.155029296875,1.30810546875,-0.0126953125
0.0,-5.9051513671875,5.50079345703125,-0.60272216796875,0.180908203125,0.899169921875,-0.096923828125
0.0,1.0528564453125,8.2855224609375,1.53350830078125,0.1103515625,0.7578125,-0.2255859375
0.0,6.9580078125,8.82720947265625,-9.63592529296875,-0.101318359375,0.71826171875,-0.24267578125
0.0,15.4876708984375,6.26373291015625,-16.92962646484375,-0.076171875,1.058349609375,-0.260009765625
0.0,24.89471435546875,1.739501953125,-32.501220703125,-0.140869140625,1.096923828125,-0.197265625
0.0,21.9573974609375,-0.3204345703125,-38.38348388671875,-0.13671875,1.607177734375,-0.091796875
0.0,15.777587890625,-9.17816162109375,-39.306640625,-0.2666015625,1.356201171875,0.036865234375
0.0,15.0909423828125,-10.53619384765625,-40.069580078125,-0.19677734375,0.366455078125,-0.031494140625
0.0,24.89471435546875,-14.86968994140625,-38.59710693359375,-0.038330078125,0.474365234375,0.02880859375
0.0,30.029296875,-14.5111083984375,-34.03472900390625,0.06787109375,0.65380859375,-0.011474609375
0.0,28.9764404296875,-13.97705078125,-15.0299072265625,0.08984375,0.917724609375,-0.02001953125
0.0,27.374267578125,-12.62664794921875,-17.9901123046875,-0.133056640625,0.876708984375,0.010009765625
0.0,20.63751220703125,-11.03973388671875,-24.871826171875,0.17138671875,1.261962890625,0.03759765625
0.0,11.1541748046875,-4.31060791015625,-20.11871337890625,0.284423828125,1.181396484375,0.070556640625
0.0,6.64520263671875,2.8533935546875,-10.23101806640625,0.2861328125,0.7646484375,-0.01513671875
0.0,8.47625732421875,7.0953369140625,-6.6070556640625,0.343505859375,0.968505859375,-0.077392578125
0.0,10.1318359375,15.41900634765625,15.81573486328125,0.466064453125,1.00732421875,-0.099853515625
0.0,8.97216796875,24.16229248046875,28.86199951171875,0.2373046875,1.097412109375,-0.131103515625
0.0,12.03155517578125,27.10723876953125,23.06365966796875,0.08935546875,0.87841796875,-0.18212890625
0.0,12.1917724609375,32.08160400390625,15.655517578125,0.059326171875,1.13232421875,-0.141357421875
0.0,8.27789306640625,35.11810302734375,-2.8076171875,-0.08984375,0.9599609375,-0.082763671875
0.0,6.16455078125,35.5224609375,-16.41845703125,0.144287109375,0.960693359375,-0.0576171875
0.0,5.37109375,37.37640380859375,-14.65606689453125,0.04052734375,0.936767578125,-0.027099609375
0.0,1.99127197265625,40.55023193359375,-15.51055908203125,0.11962890625,1.022216796875,-0.00634765625
0.0,1.04522705078125,41.7022705078125,-7.53021240234375,0.135009765625,0.937744140625,-0.052490234375
0.0,1.3275146484375,44.02923583984375,-1.93023681640625,0.09130859375,0.963134765625,-0.074462890625
0.0,0.31280517578125,45.379638671875,10.61248779296875,0.10888671875,1.1376953125,-0.083984375
0.0,0.89263916015625,45.98236083984375,10.1470947265625,0.052734375,1.07275390625,-0.172607421875
0.0,3.6163330078125,46.56982421875,10.71929931640625,0.01318359375,1.02099609375,-0.215576171875
0.0,5.37109375,45.7916259765625,10.9710693359375,-0.07666015625,0.996826171875,-0.19189453125
0.0,8.2855224609375,42.0989990234375,4.57763671875,-0.099853515625,1.073486328125,-0.153076171875
0.0,5.279541015625,41.55731201171875,-5.1116943359375,-0.035888671875,1.120361328125,-0.093505859375
0.0,3.2958984375,39.81781005859375,-6.78253173828125,-0.1494140625,1.12646484375,-0.060302734375
0.0,3.08990478515625,35.24017333984375,-7.59124755859375,-0.081298828125,1.042236328125,-0.115966796875
0.0,3.875732421875,32.8521728515625,0.06866455078125,-0.018798828125,1.04443359375,-0.12060546875
0.0,4.38690185546875,30.92193603515625,-1.25885009765625,-0.091796875,1.022216796875,-0.141357421875
0.0,7.04193115234375,28.0609130859375,1.2664794921875,-0.05615234375,1.1044921875,-0.168701171875
0.0,6.8359375,24.13177490234375,3.143310546875,-0.09716796875,1.14111328125,-0.1826171875
0.0,7.71331787109375,21.96502685546875,6.011962890625,-0.05078125,1.21484375,-0.173095703125
0.0,4.8828125,19.50836181640625,6.95037841796875,-0.06982421875,1.22314453125,-0.163818359375
0.0,3.3111572265625,16.60919189453125,6.40106201171875,-0.086181640625,1.20849609375,-0.150634765625
0.0,-0.67138671875,14.70184326171875,2.96783447265625,-0.088134765625,1.25,-0.132080078125
0.0,-3.35693359375,13.66424560546875,1.6021728515625,-0.072265625,1.0654296875,-0.13671875
0.0,-6.00433349609375,12.35198974609375,0.0,-0.00439453125,1.185302734375,-0.128173828125
0.0,-7.0648193359375,13.36669921875,4.1961669921875,0.00732421875,1.0810546875,-0.1376953125
0.0,-8.60595703125,13.763427734375,4.14276123046875,0.01611328125,1.122314453125,-0.12646484375
0.0,-8.30078125,15.3961181640625,5.8441162109375,0.047607421875,1.06005859375,-0.150390625
0.0,-8.7432861328125,16.876220703125,9.43756103515625,0.015869140625,1.11962890625,-0.13720703125
0.0,-9.3841552734375,17.29583740234375,8.32366943359375,-0.135009765625,0.986572265625,-0.124755859375
0.0,-10.2691650390625,17.6849365234375,-1.60980224609375,-0.1435546875,1.215576171875,-0.07861328125
0.0,-14.94598388671875,17.49420166015625,-10.44464111328125,-0.18310546875,1.05078125,-0.107177734375
0.0,-15.92254638671875,14.97650146484375,-15.3350830078125,-0.16650390625,1.061767578125,-0.117431640625
0.0,-15.7012939453125,13.89312744140625,-18.24951171875,-0.0625,0.8974609375,-0.15087890625
0.0,-11.871337890625,13.702392578125,-14.2059326171875,-0.063720703125,0.67578125,-0.1982421875
0.0,-4.3487548828125,12.87078857421875,-7.98797607421875,-0.073974609375,0.796875,-0.169921875
0.0,-1.70135498046875,13.153076171875,2.0599365234375,-0.03466796875,0.794189453125,-0.072998046875
0.0,-0.32806396484375,13.8702392578125,14.09912109375,-0.021728515625,0.74853515625,0.02734375
0.0,1.251220703125,15.0146484375,21.5606689453125,0.09619140625,0.9501953125,0.197509765625
0.0,-7.13348388671875,19.11163330078125,26.42822265625,0.234375,1.195068359375,0.278076171875
0.0,-13.5650634765625,21.78955078125,34.09576416015625,0.031494140625,0.90234375,0.158447265625
0.0,-10.53619384765625,20.71380615234375,34.56878662109375,-0.0224609375,0.737548828125,0.00830078125
0.0,-2.08282470703125,22.94158935546875,34.2559814453125,-0.012451171875,0.595947265625,-0.07861328125
0.0,7.232666015625,23.3917236328125,37.05596923828125,-0.087646484375,0.8232421875,-0.0595703125
0.0,10.3302001953125,21.26312255859375,41.08428955078125,-0.057373046875,0.7880859375,-0.05859375
0.0,16.07513427734375,18.76068115234375,34.8052978515625,-0.12841796875,0.818359375,-0.0576171875
0.0,12.1307373046875,17.4102783203125,18.096923828125,-0.314697265625,1.087646484375,0.016357421875
0.0,4.0435791015625,11.1083984375,1.2664794921875,-0.25927734375,1.35302734375,-0.003173828125
0.0,-0.61798095703125,6.16455078125,-3.62396240234375,-0.1728515625,1.252685546875,0.026611328125
0.0,-4.55474853515625,3.56292724609375,-5.3253173828125,-0.091552734375,1.241455078125,-0.048095703125
0.0,-1.70135498046875,-0.25177001953125,-4.38690185546875,-0.023193359375,1.102294921875,-0.1884765625
0.0,1.8463134765625,-0.46539306640625,10.32257080078125,0.169677734375,1.21630859375,-0.205810546875
0.0,-1.03759765625,-0.4730224609375,10.5133056640625,-0.00146484375,1.48779296875,-0.119384765625
0.0,-9.07135009765625,-0.6866455078125,8.23974609375,-0.1455078125,1.593017578125,-0.06787109375
0.0,-16.17431640625,-7.476806640625,-4.4097900390625,-0.162841796875,1.482666015625,-0.01708984375
0.0,-22.8118896484375,-12.5274658203125,-2.288818359375,-0.02978515625,1.46728515625,-0.004638671875
0.0,-26.580810546875,-15.31219482421875,5.1116943359375,-0.039794921875,1.185302734375,-0.0322265625
0.0,-24.444580078125,-18.85223388671875,6.439208984375,0.004150390625,1.005859375,-0.0498046875
0.0,-19.24896240234375,-19.18792724609375,16.28875732421875,0.136474609375,0.99462890625,-0.052001953125
0.0,-14.4500732421875,-15.8538818359375,19.95086669921875,0.064697265625,0.96240234375,-0.0439453125
0.0,-8.97216796875,-15.31982421875,10.6048583984375,0.089111328125,0.799560546875,-0.060302734375
0.0,-4.37164306640625,-12.054443359375,0.83160400390625,-0.063720703125,0.615478515625,-0.081787109375
0.0,3.753662109375,-12.725830078125,-12.88604736328125,-0.013427734375,0.704345703125,0.02587890625
0.0,6.99615478515625,-8.6669921875,-20.01190185546875,-0.022705078125,0.65087890625,-0.0927734375
0.0,6.5765380859375,-14.99176025390625,-4.89044189453125,-0.150390625,1.2587890625,0.09619140625
0.0,4.486083984375,-17.84515380859375,-15.9912109375,-0.103271484375,0.651611328125,0.052978515625
0.0,-8.58306884765625,-22.33123779296875,-21.8963623046875,-0.134765625,1.103515625,0.100830078125
0.0,-12.51983642578125,-26.0467529296875,6.70623779296875,0.135009765625,0.56005859375,-0.3017578125
0.0,-11.474609375,-29.31976318359375,15.4571533203125,-0.126708984375,1.297119140625,0.053955078125
0.0,-18.8446044921875,-27.27508544921875,3.4027099609375,0.1083984375,0.7412109375,0.0908203125
0.0,-19.27947998046875,-26.39007568359375,-3.62396240234375,-0.059814453125,0.921875,-0.07861328125
0.0,-22.8729248046875,-22.5372314453125,-14.9078369140625,0.065185546875,0.61181640625,0.0
0.0,-23.25439453125,-18.59283447265625,-18.3258056640625,0.136474609375,0.981201171875,0.025634765625
0.0,-26.90887451171875,-15.777587890625,-4.12750244140625,0.3408203125,0.749755859375,-0.055419921875
0.0,-25.56610107421875,-13.9617919921875,15.26641845703125,-0.111328125,0.661376953125,-0.177978515625
0.0,-14.25933837890625,-18.88275146484375,3.44085693359375,-0.146728515625,0.268798828125,-0.254638671875
0.0,2.2735595703125,-19.92034912109375,-5.767822265625,-0.009521484375,0.390869140625,-0.3076171875
0.0,19.14215087890625,-20.6146240234375,-20.68328857421875,-0.1826171875,0.46337890625,-0.2939453125
0.0,29.13665771484375,-24.2462158203125,-37.2467041015625,-0.079833984375,0.994873046875,-0.203125
0.0,33.02764892578125,-26.43585205078125,-46.4324951171875,-0.145263671875,0.909423828125,-0.19091796875
0.0,37.51373291015625,-27.82440185546875,-41.32080078125,0.087646484375,1.3115234375,-0.146240234375
0.0,32.989501953125,-28.7322998046875,-30.9600830078125,-0.054443359375,1.297607421875,-0.01904296875
0.0,35.49957275390625,-26.580810546875,-46.47064208984375,-0.04296875,0.610595703125,-0.126708984375
0.0,41.78619384765625,-26.05438232421875,-62.26348876953125,-0.146240234375,1.0947265625,-0.063720703125
0.0,50.45318603515625,-20.8892822265625,-69.091796875,0.067138671875,0.39453125,-0.097900390625
0.0,59.05914306640625,-16.73126220703125,-58.319091796875,0.175048828125,0.804443359375,0.064697265625
0.0,50.63629150390625,-6.77490234375,-54.6112060546875,0.24951171875,0.58740234375,0.099365234375
0.0,53.4515380859375,0.37384033203125,-68.5272216796875,0.2392578125,1.07275390625,-0.0126953125
0.0,37.59002685546875,5.43975830078125,-59.7991943359375,0.3388671875,1.414306640625,0.03125
0.0,27.618408203125,11.383056640625,-51.97906494140625,0.37939453125,1.118408203125,-0.0634765625
0.0,22.5830078125,17.93670654296875,-34.2254638671875,0.513916015625,0.953369140625,-0.12841796875
0.0,20.04241943359375,26.0467529296875,-10.2996826171875,0.458740234375,0.854736328125,-0.128662109375
0.0,16.89910888671875,31.15081787109375,10.12420654296875,0.392578125,1.032470703125,-0.126708984375
0.0,12.4053955078125,36.2091064453125,15.167236328125,0.231689453125,0.836669921875,-0.177734375
0.0,15.00701904296875,37.45269775390625,24.00970458984375,0.27197265625,1.130859375,-0.12255859375
0.0,11.2457275390625,42.78564453125,33.0810546875,0.076416015625,0.55419921875,-0.1259765625
0.0,14.0533447265625,43.853759765625,30.69305419921875,-0.028564453125,0.9453125,-0.023681640625
0.0,10.41412353515625,42.15240478515625,21.49200439453125,-0.133056640625,0.601806640625,-0.107666015625
0.0,15.8843994140625,42.99163818359375,20.9503173828125,0.093994140625,0.898681640625,-0.118408203125
0.0,17.4560546875,44.00634765625,26.06201171875,-0.1240234375,0.712890625,-0.0986328125
0.0,22.62115478515625,44.9371337890625,12.84027099609375,-0.030517578125,0.983154296875,-0.267333984375
0.0,22.5067138671875,47.66082763671875,17.58575439453125,0.282958984375,1.26806640625,-0.502197265625
0.0,21.9573974609375,51.7120361328125,49.12567138671875,0.366943359375,1.908935546875,-0.623779296875
0.0,16.05224609375,53.96270751953125,60.84442138671875,-0.00634765625,1.899169921875,-0.614501953125
0.0,6.103515625,52.34527587890625,53.0548095703125,-0.272216796875,2.13427734375,-0.379638671875
0.0,-13.214111328125,49.30877685546875,38.8031005859375,-0.489013671875,2.09521484375,-0.170654296875
0.0,-35.28594970703125,35.369873046875,-0.31280517578125,-0.618896484375,1.5380859375,-0.290771484375
0.0,-35.7666015625,29.84619140625,-16.77703857421875,-0.173095703125,1.075439453125,-0.403076171875
0.0,-29.01458740234375,27.91595458984375,-14.88494873046875,-0.02099609375,0.970458984375,-0.351806640625
0.0,-23.62060546875,27.01568603515625,-1.44195556640625,0.001953125,0.810302734375,-0.23583984375
0.0,-14.373779296875,22.918701171875,1.70135498046875,-0.250732421875,0.3564453125,-0.155029296875
0.0,-5.8135986328125,20.16448974609375,-3.82232666015625,-0.0634765625,0.61083984375,-0.09912109375
0.0,-0.22125244140625,18.4478759765625,-12.90130615234375,-0.228515625,0.608642578125,-0.072998046875
0.0,2.32696533203125,11.69586181640625,-24.77264404296875,-0.30712890625,0.83984375,-0.0634765625
0.0,2.32696533203125,8.44573974609375,-26.46636962890625,-0.10888671875,1.08349609375,-0.052490234375
0.0,0.41961669921875,6.56890869140625,-23.62823486328125,0.0029296875,1.23974609375,-0.07421875
0.0,-2.43377685546875,3.41033935546875,-15.2435302734375,0.051025390625,1.1669921875,-0.100830078125
0.0,-3.4637451171875,3.662109375,-2.166748046875,0.085693359375,1.261962890625,-0.0849609375
0.0,-5.02777099609375,3.35693359375,-0.6866455078125,-0.130126953125,1.038330078125,-0.078369140625
0.0,-3.72314453125,1.38092041015625,-4.15802001953125,-0.1337890625,1.131591796875,-0.029541015625
0.0,-5.07354736328125,0.7476806640625,-10.25390625,-0.095947265625,1.0048828125,-0.0322265625
0.0,-2.43377685546875,1.36566162109375,-13.7176513671875,-0.123046875,0.995849609375,0.012451171875
0.0,-3.5858154296875,1.5716552734375,-18.8751220703125,0.01318359375,1.05224609375,0.029541015625
0.0,-2.92205810546875,4.0740966796875,-12.481689453125,0.064208984375,0.897705078125,0.03076171875
0.0,-1.57928466796875,6.41632080078125,-9.60540771484375,0.050048828125,0.920166015625,0.0107421875
0.0,-0.2288818359375,9.14764404296875,-1.983642578125,0.066162109375,0.952880859375,0.0146484375
0.0,1.74713134765625,11.1846923828125,0.83160400390625,0.018798828125,0.9091796875,0.00634765625
0.0,1.739501953125,13.458251953125,1.42669677734375,0.014404296875,1.010986328125,0.011962890625
0.0,3.2958984375,15.44952392578125,1.2054443359375,-0.05810546875,0.87744140625,-0.01171875
0.0,5.6304931640625,16.47186279296875,-2.74658203125,-0.055908203125,0.904541015625,0.018310546875
0.0,6.34002685546875,17.8680419921875,-4.33349609375,-0.02490234375,0.9697265625,0.006591796875
0.0,6.5460205078125,18.74542236328125,-5.85174560546875,-0.07763671875,0.947998046875,0.024658203125
0.0,7.62176513671875,20.0042724609375,-4.2572021484375,-0.0380859375,0.9853515625,-0.0224609375
0.0,8.23974609375,20.355224609375,-3.13568115234375,-0.00732421875,1.0673828125,-0.01318359375
0.0,8.97216796875,20.965576171875,1.3427734375,-0.05908203125,1.072265625,-0.0185546875
0.0,8.2855224609375,21.0723876953125,0.89263916015625,-0.10595703125,1.064453125,-0.027099609375
0.0,9.307861328125,20.07293701171875,-4.1656494140625,-0.139404296875,0.97412109375,-0.03369140625
0.0,8.23974609375,19.87457275390625,-2.20489501953125,-0.050537109375,1.161376953125,-0.00390625
0.0,5.7525634765625,19.1802978515625,0.6256103515625,-0.077880859375,1.086181640625,-0.019775390625
0.0,5.4779052734375,18.40972900390625,-1.62506103515625,-0.070556640625,0.96044921875,-0.059326171875
0.0,6.44683837890625,18.0206298828125,-0.8544921875,-0.041748046875,1.0205078125,-0.0458984375
0.0,5.7220458984375,17.44842529296875,4.69970703125,-0.024658203125,1.047607421875,-0.042724609375
0.0,4.425048828125,16.16668701171875,8.21685791015625,-0.089599609375,1.08056640625,-0.03173828125
0.0,1.86920166015625,15.14434814453125,9.34600830078125,-0.07763671875,1.1240234375,-0.049072265625
0.0,0.1373291015625,12.3443603515625,9.94873046875,-0.152099609375,1.08984375,-0.011474609375
0.0,-1.70135498046875,10.19287109375,9.66644287109375,-0.10498046875,1.09423828125,-0.01708984375
0.0,-4.8980712890625,7.62939453125,8.49151611328125,-0.108642578125,1.138671875,-0.0009765625
0.0,-7.22503662109375,5.0201416015625,13.519287109375,-0.071533203125,1.083984375,-0.02685546875
0.0,-7.3089599609375,4.0740966796875,16.67022705078125,-0.02001953125,1.0126953125,-0.076904296875
0.0,-3.92913818359375,3.79180908203125,19.561767578125,-0.06982421875,0.9609375,-0.087646484375
0.0,-2.13623046875,2.74658203125,16.53289794921875,-0.070068359375,1.078857421875,-0.0654296875
0.0,-2.5177001953125,3.143310546875,15.2435302734375,-0.07568359375,1.189208984375,-0.070556640625
0.0,-6.52313232421875,1.7242431640625,16.2200927734375,-0.154541015625,1.283447265625,-0.019775390625
0.0,-7.8277587890625,-0.4730224609375,13.0462646484375,-0.106689453125,1.190185546875,-0.055419921875
0.0,-10.49041748046875,-0.67901611328125,10.62774658203125,-0.097412109375,1.205810546875,-0.04638671875
0.0,-9.09423828125,-0.49591064453125,7.720947265625,-0.1064453125,1.05615234375,-0.119140625
0.0,-9.01031494140625,-1.30462646484375,1.74713134765625,-0.09033203125,0.95263671875,-0.1259765625
0.0,-9.26971435546875,0.946044921875,5.0048828125,-0.108154296875,1.155517578125,-0.154052734375
0.0,-14.739990234375,-0.5035400390625,11.0626220703125,-0.046142578125,1.011474609375,-0.217529296875
0.0,-13.1683349609375,2.51007080078125,28.5491943359375,-0.01220703125,1.35302734375,-0.20556640625
0.0,-16.96014404296875,1.0986328125,35.614013671875,-0.23095703125,1.18701171875,-0.10498046875
0.0,-22.186279296875,-2.13623046875,30.28106689453125,-0.265625,1.2646484375,-0.071533203125
0.0,-25.09307861328125,-7.54547119140625,27.74810791015625,-0.30078125,1.408935546875,-0.108154296875
0.0,-37.7044677734375,-11.87896728515625,23.15521240234375,-0.24267578125,1.287841796875,-0.035888671875
0.0,-38.57421875,-16.04461669921875,12.939453125,-0.152587890625,1.298828125,-0.108642578125
0.0,-48.5992431640625,-15.7470703125,15.61737060546875,0.042724609375,1.255859375,-0.08447265625
0.0,-50.994873046875,-17.059326171875,26.4434814453125,0.139404296875,1.22998046875,-0.169189453125
0.0,-53.52783203125,-15.350341796875,39.26849365234375,0.029052734375,0.927001953125,-0.176513671875
0.0,-54.10003662109375,-14.09149169921875,40.91644287109375,0.072265625,0.876953125,-0.184326171875
0.0,-50.84228515625,-14.80865478515625,44.708251953125,-0.062744140625,0.756591796875,-0.01025390625
0.0,-53.45916748046875,-15.655517578125,44.28863525390625,-0.17578125,0.90966796875,0.15771484375
0.0,-53.62701416015625,-20.37811279296875,39.17694091796875,-0.215576171875,0.879638671875,0.230224609375
0.0,-53.85589599609375,-20.7366943359375,30.50994873046875,-0.120849609375,0.754150390625,0.08837890625
0.0,-45.623779296875,-25.9552001953125,19.2413330078125,-0.228271484375,0.548828125,-0.010498046875
0.0,-32.96661376953125,-26.4739990234375,2.84576416015625,-0.06494140625,0.45947265625,-0.054931640625
0.0,-17.822265625,-28.839111328125,-11.962890625,-0.2431640625,-0.0087890625,0.02392578125
0.0,3.3416748046875,-27.25982666015625,-18.951416015625,-0.045166015625,0.166015625,-0.01611328125
0.0,18.76068115234375,-31.62384033203125,-33.721923828125,-0.25,-0.1025390625,0.015380859375
0.0,35.51483154296875,-28.40423583984375,-40.76385498046875,-0.093017578125,0.0390625,-0.175048828125
0.0,52.5665283203125,-31.65435791015625,-52.58941650390625,-0.33056640625,-0.10400390625,-0.11279296875
0.0,61.36322021484375,-32.5775146484375,-89.569091796875,-0.239501953125,0.19287109375,-0.24755859375
0.0,64.8193359375,-26.87835693359375,-108.2763671875,0.0556640625,0.52294921875,-0.21044921875
0.0,68.145751953125,-22.5677490234375,-113.1134033203125,0.501953125,0.537109375,-0.168701171875
0.0,67.657470703125,-12.39776611328125,-91.9647216796875,0.42822265625,0.910888671875,-0.12939453125
0.0,61.40899658203125,-11.566162109375,-83.39691162109375,-0.00146484375,0.54736328125,-0.032470703125
0.0,56.35833740234375,-7.2021484375,-96.12274169921875,0.089599609375,0.855712890625,-0.090087890625
0.0,60.89019775390625,-3.89862060546875,-100.76904296875,0.037841796875,-0.0498046875,-0.27783203125
0.0,83.648681640625,-6.8511962890625,-91.2933349609375,0.024169921875,0.8125,0.09228515625
0.0,56.0150146484375,3.4027099609375,25.08544921875,0.804931640625,2.1142578125,0.111572265625
0.0,52.90985107421875,12.298583984375,107.70416259765625,0.47021484375,1.12646484375,0.1787109375
0.0,51.177978515625,9.58251953125,82.20672607421875,-0.125732421875,1.580322265625,-0.0751953125
0.0,40.55023193359375,11.1083984375,85.5560302734375,-0.132080078125,1.63427734375,0.078125
0.0,15.11383056640625,7.57598876953125,84.61761474609375,0.030517578125,2.4892578125,0.143310546875
0.0,-7.781982421875,5.85174560546875,66.650390625,-0.097412109375,2.034912109375,-0.083740234375
0.0,-18.8140869140625,8.44573974609375,65.0482177734375,-0.20703125,1.7626953125,0.01513671875
0.0,-19.38629150390625,10.68115234375,43.64013671875,-0.170654296875,1.091064453125,-0.04248046875
0.0,-16.8609619140625,6.866455078125,41.16058349609375,-0.093017578125,0.97314453125,-0.134521484375
0.0,-21.30126953125,5.57708740234375,53.1158447265625,-0.0712890625,1.020263671875,-0.189453125
0.0,-10.35308837890625,2.51007080078125,37.40692138671875,-0.247314453125,0.864013671875,-0.123291015625
0.0,-3.97491455078125,0.31280517578125,17.6544189453125,-0.103271484375,0.82568359375,-0.10791015625
0.0,5.69915771484375,-5.14984130859375,6.96563720703125,-0.153076171875,0.884765625,-0.0458984375
0.0,4.4708251953125,-5.035400390625,-11.63482666015625,-0.185546875,1.014892578125,-0.1884765625
0.0,4.87518310546875,-20.7672119140625,-16.9525146484375,-0.598388671875,0.995849609375,-0.1396484375
0.0,5.33294677734375,-28.93829345703125,-27.130126953125,0.19091796875,0.847900390625,-0.18359375
0.0,0.87738037109375,-25.6500244140625,-18.035888671875,-0.0458984375,1.072021484375,-0.1396484375
0.0,7.3089599609375,-34.5001220703125,-17.61627197265625,-0.40625,0.38720703125,-0.156494140625
0.0,19.18792724609375,-37.62054443359375,-33.89739990234375,0.1533203125,0.632568359375,-0.313720703125
0.0,18.48602294921875,-34.576416015625,-32.40966796875,-0.14990234375,0.769287109375,-0.105224609375
0.0,27.4200439453125,-40.39764404296875,-58.83026123046875,0.054443359375,0.451171875,-0.2861328125
0.0,39.97039794921875,-35.6292724609375,-63.5223388671875,0.172119140625,0.662353515625,-0.384521484375
0.0,39.7186279296875,-31.24237060546875,-65.39154052734375,0.160400390625,1.195556640625,-0.17724609375
0.0,37.9791259765625,-33.477783203125,-85.2508544921875,-0.144775390625,0.545654296875,-0.383056640625
0.0,46.83685302734375,-30.47943115234375,-91.0491943359375,0.27099609375,0.9140625,-0.413330078125
0.0,50.83465576171875,-25.0701904296875,-79.833984375,0.08203125,1.630859375,-0.19189453125
0.0,51.10931396484375,-22.54486083984375,-83.73260498046875,0.584228515625,1.9169921875,-0.382080078125
0.0,36.865234375,-11.0626220703125,-19.53887939453125,0.6064453125,2.00244140625,-0.44189453125
0.0,24.05548095703125,-6.561279296875,23.29254150390625,0.345458984375,2.24267578125,-0.225341796875
0.0,8.21685791015625,0.4425048828125,22.5982666015625,0.178955078125,1.47119140625,-0.079345703125
0.0,-0.96893310546875,5.13458251953125,5.43975830078125,0.01318359375,1.158447265625,-0.018798828125
0.0,-9.60540771484375,8.36944580078125,16.7236328125,0.155029296875,0.9111328125,-0.02294921875
0.0,-11.45172119140625,14.24407958984375,25.3143310546875,0.215087890625,0.755615234375,-0.117431640625
0.0,-6.90460205078125,16.7083740234375,33.538818359375,0.079833984375,0.327880859375,-0.17333984375
0.0,-2.90679931640625,14.9993896484375,41.6107177734375,0.0439453125,0.749267578125,-0.1103515625
0.0,-5.28717041015625,18.0816650390625,52.81829833984375,-0.056396484375,1.01416015625,-0.042724609375
0.0,-11.34490966796875,17.89093017578125,42.7398681640625,-0.22802734375,0.822998046875,-0.024169921875
0.0,-12.5732421875,14.38140869140625,32.073974609375,-0.32080078125,0.581787109375,-0.06591796875
0.0,-6.66046142578125,11.0626220703125,21.514892578125,-0.097900390625,0.57470703125,-0.12451171875
0.0,-1.70135498046875,13.19122314453125,24.71160888671875,-0.100341796875,0.6279296875,-0.12353515625
0.0,0.1220703125,9.9334716796875,20.9197998046875,-0.2666015625,0.8955078125,-0.07568359375
0.0,3.3721923828125,7.659912109375,9.19342041015625,-0.1220703125,0.764404296875,-0.21142578125
0.0,8.81195068359375,6.16455078125,4.852294921875,-0.17724609375,1.085205078125,-0.226318359375
0.0,5.706787109375,4.34112548828125,3.89862060546875,-0.158447265625,1.356201171875,-0.25
0.0,3.9825439453125,1.96075439453125,11.68060302734375,-0.081298828125,1.482177734375,-0.28662109375
0.0,-1.89971923828125,0.74005126953125,17.4102783203125,-0.11181640625,1.705078125,-0.224609375
0.0,-7.110595703125,-3.11279296875,13.93890380859375,-0.21875,1.485595703125,-0.22998046875
0.0,-14.36614990234375,-3.48663330078125,3.8604736328125,-0.1748046875,1.412353515625,-0.117431640625
0.0,-17.02117919921875,-6.5460205078125,-7.56072998046875,-0.1689453125,1.11328125,-0.134765625
0.0,-19.6685791015625,-7.53021240234375,-13.46588134765625,-0.03466796875,1.255126953125,-0.076416015625
0.0,-21.46148681640625,-6.16455078125,-4.2724609375,0.06005859375,1.050537109375,-0.083740234375
0.0,-16.9677734375,-3.1280517578125,-6.683349609375,0.116455078125,0.677978515625,-0.19970703125
0.0,-4.8980712890625,-2.14385986328125,-3.48663330078125,0.0478515625,0.37353515625,-0.167236328125
0.0,1.88446044921875,-0.42724609375,11.75689697265625,0.021240234375,0.60400390625,-0.077880859375
0.0,4.06646728515625,-0.213623046875,21.64459228515625,-0.03515625,0.44482421875,-0.0009765625
0.0,5.65338134765625,-2.18963623046875,16.74652099609375,-0.0234375,0.64013671875,-0.026611328125
0.0,-4.11224365234375,-3.4332275390625,6.072998046875,-0.230712890625,0.818603515625,0.021728515625
0.0,-5.22613525390625,-3.92913818359375,-8.2244873046875,-0.096435546875,0.851806640625,0.07763671875
0.0,-8.49151611328125,-7.87353515625,-9.68170166015625,-0.196044921875,0.778076171875,0.0654296875
0.0,-11.6424560546875,-6.5155029296875,-11.0626220703125,0.326416015625,0.632080078125,-0.061767578125
0.0,2.13623046875,-0.152587890625,10.78033447265625,0.13330078125,0.76318359375,-0.486328125
0.0,12.91656494140625,-3.0059814453125,50.92620849609375,0.177490234375,1.381103515625,-0.373046875
0.0,14.22882080078125,-3.692626953125,61.6302490234375,-0.009765625,1.15234375,-0.385986328125
0.0,18.85223388671875,-5.18798828125,53.40576171875,-0.17529296875,0.92041015625,-0.390869140625
0.0,23.6968994140625,-8.17108154296875,42.90771484375,-0.34130859375,0.843994140625,-0.3466796875
0.0,27.16827392578125,-12.359619140625,12.27569580078125,-0.223388671875,0.986572265625,-0.3251953125
0.0,29.7393798828125,-9.2010498046875,2.960205078125,-0.06640625,1.102294921875,-0.39111328125
0.0,30.18951416015625,-10.8489990234375,-14.51873779296875,-0.214599609375,1.23388671875,-0.360107421875
0.0,30.34210205078125,-9.55963134765625,-27.252197265625,-0.130859375,1.009765625,-0.5537109375
0.0,36.376953125,-9.78851318359375,-48.0499267578125,-0.207763671875,1.03271484375,-0.56396484375
0.0,38.93280029296875,-6.05010986328125,-71.10595703125,0.03515625,1.56787109375,-0.470458984375
0.0,41.58782958984375,-1.708984375,-72.68524169921875,-0.166748046875,1.47412109375,-0.46435546875
0.0,30.1361083984375,-1.70135498046875,-82.8857421875,0.115478515625,1.848876953125,-0.22021484375
0.0,16.8914794921875,4.00543212890625,-78.75823974609375,0.00341796875,1.4462890625,-0.20166015625
0.0,10.03265380859375,-0.86212158203125,-75.56915283203125,-0.10791015625,1.46826171875,-0.0078125
0.0,-5.59234619140625,2.08282470703125,-64.78118896484375,-0.001708984375,1.639892578125,0.14892578125
0.0,-24.80316162109375,-0.9918212890625,-58.4259033203125,-0.009033203125,1.157958984375,0.168701171875
0.0,-33.355712890625,-0.87738037109375,-44.3878173828125,-0.00341796875,0.88330078125,0.0341796875
0.0,-32.28759765625,-2.4261474609375,-33.2489013671875,0.294921875,0.428466796875,-0.187255859375
0.0,-25.38299560546875,2.25830078125,4.61578369140625,0.404296875,0.84521484375,-0.045654296875
0.0,-30.3955078125,6.53076171875,49.01885986328125,0.2080078125,0.53466796875,-0.008544921875
0.0,-22.247314453125,8.55255126953125,64.76593017578125,0.22216796875,0.655029296875,-0.03759765625
0.0,-28.51104736328125,15.0299072265625,83.01544189453125,0.206298828125,0.93603515625,0.045654296875
0.0,-35.369873046875,17.059326171875,95.001220703125,0.066162109375,0.812744140625,0.099365234375
0.0,-42.205810546875,16.99066162109375,75.927734375,-0.440673828125,0.357666015625,-0.2109375
0.0,-24.19281005859375,13.7176513671875,23.590087890625,-0.020751953125,-0.002197265625,-0.445068359375
0.0,-5.5084228515625,21.23260498046875,-8.75091552734375,0.017822265625,0.34716796875,-0.2265625
0.0,3.16619873046875,22.22442626953125,-8.64410400390625,0.007568359375,0.59521484375,-0.220703125
0.0,16.31927490234375,17.09747314453125,2.08282470703125,0.133544921875,0.59326171875,-0.244873046875
0.0,22.71270751953125,20.2178955078125,13.7786865234375,0.197509765625,0.760986328125,-0.1572265625
0.0,24.23095703125,19.6075439453125,21.56829833984375,-0.025146484375,1.00244140625,-0.119384765625
0.0,23.1781005859375,14.80865478515625,45.0439453125,-0.026611328125,1.1220703125,-0.015869140625
0.0,12.71820068359375,11.11602783203125,61.85150146484375,-0.1484375,1.322265625,-0.014892578125
0.0,6.21795654296875,5.5389404296875,63.5223388671875,-0.184814453125,1.165771484375,-0.0703125
0.0,8.06427001953125,-0.48828125,66.09344482421875,-0.376953125,0.92822265625,-0.130615234375
0.0,13.06915283203125,-6.69097900390625,46.539306640625,-0.34228515625,0.87451171875,-0.101806640625
0.0,16.204833984375,-11.22283935546875,23.35357666015625,-0.335205078125,1.02197265625,-0.125244140625
0.0,17.44842529296875,-18.24188232421875,7.8582763671875,-0.3955078125,1.0390625,-0.115966796875
0.0,18.3563232421875,-23.75030517578125,-12.20703125,-0.328125,1.061279296875,-0.09912109375
0.0,19.744873046875,-28.9306640625,-28.656005859375,-0.334228515625,0.999755859375,-0.13134765625
0.0,18.56231689453125,-35.19439697265625,-28.3355712890625,-0.035888671875,1.4873046875,-0.12060546875
0.0,14.93072509765625,-36.58294677734375,-3.509521484375,-0.028564453125,1.529052734375,-0.214599609375
0.0,10.13946533203125,-37.89520263671875,12.58087158203125,-0.011962890625,1.488525390625,-0.18310546875
0.0,5.82122802734375,-37.72735595703125,13.885498046875,-0.1728515625,1.056396484375,-0.263916015625
0.0,9.55963134765625,-39.69573974609375,-1.6326904296875,-0.285888671875,0.72998046875,-0.26611328125
0.0,13.08441162109375,-40.12298583984375,-21.69036865234375,-0.101806640625,0.745361328125,-0.297119140625
0.0,13.83209228515625,-36.407470703125,-25.0396728515625,0.08642578125,1.08740234375,-0.313232421875
0.0,13.0157470703125,-33.80584716796875,-20.6146240234375,0.126220703125,1.004638671875,-0.39111328125
0.0,12.8631591796875,-32.7301025390625,-4.40216064453125,0.25,1.105712890625,-0.273681640625
0.0,3.6773681640625,-27.04620361328125,3.5400390625,0.118896484375,1.10546875,-0.209716796875
0.0,1.88446044921875,-24.68109130859375,3.5400390625,0.15380859375,0.742919921875,-0.318603515625
0.0,2.84576416015625,-20.3094482421875,6.5460205078125,0.0908203125,0.772705078125,-0.3408203125
0.0,5.59234619140625,-20.08819580078125,13.0462646484375,0.146240234375,0.7685546875,-0.3232421875
0.0,7.59124755859375,-15.3350830078125,22.14813232421875,0.142333984375,0.734619140625,-0.267578125
0.0,7.1868896484375,-13.28277587890625,24.13177490234375,0.0244140625,0.795166015625,-0.254150390625
0.0,9.13238525390625,-13.031005859375,18.42498779296875,0.0283203125,0.899169921875,-0.285888671875
0.0,8.88824462890625,-9.94873046875,25.32196044921875,0.14208984375,0.89794921875,-0.292724609375
0.0,10.16998291015625,-7.5836181640625,28.40423583984375,0.003662109375,0.966552734375,-0.232666015625
0.0,7.11822509765625,-7.39288330078125,24.5819091796875,-0.035400390625,1.084716796875,-0.18896484375
0.0,5.37872314453125,-7.1563720703125,23.06365966796875,-0.0244140625,1.107177734375,-0.2236328125
0.0,4.75311279296875,-6.2255859375,26.4434814453125,-0.036376953125,1.081298828125,-0.2119140625
0.0,6.17218017578125,-7.049560546875,24.35302734375,-0.047607421875,0.9208984375,-0.23095703125
0.0,9.9334716796875,-8.148193359375,21.90399169921875,-0.0615234375,0.98291015625,-0.19091796875
0.0,-9.0484619140625,-5.7373046875,24.26910400390625,-0.13671875,2.196533203125,0.174560546875
0.0,-45.1202392578125,-8.9874267578125,0.91552734375,-0.163818359375,2.03125,0.239501953125
0.0,-66.03240966796875,-4.58526611328125,0.83160400390625,0.418212890625,1.30419921875,-0.5048828125
0.0,-60.43243408203125,7.415771484375,19.10400390625,0.216064453125,0.875,-0.51318359375
0.0,-57.67822265625,7.10296630859375,8.91876220703125,-0.003662109375,0.922119140625,-0.245361328125
0.0,-58.6700439453125,11.00921630859375,-1.9073486328125,0.13623046875,0.964111328125,-0.25390625
0.0,-58.2275390625,13.5498046875,1.85394287109375,0.116943359375,0.893798828125,-0.233154296875
0.0,-57.70111083984375,13.3819580078125,16.29638671875,0.07763671875,0.853759765625,-0.258544921875
0.0,-55.389404296875,12.70294189453125,19.10400390625,-0.017578125,0.737548828125,-0.222412109375
0.0,-45.78399658203125,11.78741455078125,8.331298828125,0.03759765625,0.33984375,-0.285888671875
0.0,-29.27398681640625,13.916015625,17.1051025390625,0.11328125,0.517333984375,-0.234130859375
0.0,-20.98846435546875,13.0462646484375,34.8968505859375,0.02978515625,0.80078125,-0.135986328125
0.0,-15.89202880859375,11.0626220703125,37.91046142578125,-0.02392578125,0.83447265625,-0.068359375
0.0,-10.94818115234375,11.383056640625,35.82763671875,-0.0009765625,0.775390625,0.0078125
0.0,-7.8887939453125,9.5672607421875,33.0810546875,-0.045654296875,0.951416015625,0.05224609375
0.0,-8.68988037109375,7.598876953125,36.33880615234375,0.052978515625,1.0048828125,0.041259765625
0.0,-8.30841064453125,7.24029541015625,43.08319091796875,0.071533203125,0.9677734375,0.00048828125
0.0,-7.91168212890625,5.80596923828125,46.1273193359375,0.011962890625,0.98828125,0.05224609375
0.0,-7.965087890625,3.25775146484375,46.905517578125,0.00341796875,0.987548828125,0.07080078125
0.0,-8.79669189453125,2.7618408203125,47.08099365234375,0.0166015625,1.068603515625,0.05859375
0.0,-10.15472412109375,1.007080078125,42.66357421875,-0.018310546875,1.244384765625,0.068359375
0.0,-18.890380859375,-0.8087158203125,25.909423828125,0.027587890625,1.535400390625,0.008056640625
0.0,-18.89801025390625,2.5787353515625,25.26092529296875,0.205322265625,1.199462890625,0.008056640625
0.0,-17.08221435546875,2.25067138671875,34.55352783203125,0.1884765625,0.918212890625,-0.001953125
0.0,-16.815185546875,2.05230712890625,29.47235107421875,0.162353515625,1.092529296875,-0.03466796875
0.0,-15.2587890625,2.76947021484375,29.30450439453125,0.250732421875,1.16455078125,-0.009765625
0.0,-15.07568359375,3.35693359375,31.71539306640625,0.188232421875,1.172119140625,0.02392578125
0.0,-16.24298095703125,2.52532958984375,32.318115234375,0.15380859375,1.157958984375,0.02734375
0.0,-18.31817626953125,1.89208984375,32.43255615234375,0.19482421875,1.187744140625,0.03369140625
0.0,-20.50018310546875,1.5411376953125,32.98187255859375,0.17822265625,1.160888671875,0.056396484375
0.0,-21.270751953125,-0.18310546875,37.36114501953125,0.1611328125,0.960693359375,0.024169921875
0.0,-20.20263671875,-1.8157958984375,43.44940185546875,0.127197265625,0.938720703125,0.00537109375
0.0,-19.0887451171875,-3.18145751953125,41.02325439453125,0.072021484375,0.832763671875,0.001220703125
0.0,-16.41845703125,-5.72967529296875,37.0635986328125,0.109130859375,0.839111328125,0.019775390625
0.0,-14.0533447265625,-7.51495361328125,39.39056396484375,0.122802734375,0.85986328125,0.024658203125
0.0,-11.95526123046875,-8.880615234375,37.567138671875,0.098876953125,0.83837890625,0.00927734375
0.0,-10.2386474609375,-11.34490966796875,30.52520751953125,0.078857421875,0.863037109375,0.031005859375
0.0,-10.1165771484375,-13.99993896484375,20.31707763671875,0.1435546875,0.924072265625,0.043701171875
0.0,-9.68170166015625,-14.82391357421875,16.44134521484375,0.193603515625,0.879638671875,0.0498046875
0.0,-8.7890625,-16.63970947265625,13.60321044921875,0.222900390625,0.861328125,0.059326171875
0.0,-7.39288330078125,-17.61627197265625,13.1378173828125,0.264892578125,0.824462890625,0.048828125
0.0,-6.76727294921875,-17.8680419921875,14.30511474609375,0.29248046875,0.907958984375,0.065185546875
0.0,-6.58416748046875,-19.15740966796875,14.68658447265625,0.26220703125,0.881591796875,0.046142578125
0.0,-5.97381591796875,-19.99664306640625,13.0462646484375,0.30029296875,0.922119140625,0.053955078125
0.0,-5.31768798828125,-19.90509033203125,13.03863525390625,0.330810546875,0.91455078125,0.032958984375
0.0,-4.58526611328125,-20.11871337890625,14.3585205078125,0.336181640625,0.913818359375,0.037841796875
0.0,-3.7078857421875,-19.73724365234375,14.01519775390625,0.353271484375,0.94384765625,0.04248046875
0.0,-3.265380859375,-19.195556640625,12.7105712890625,0.349609375,0.968017578125,0.037109375
0.0,-3.05938720703125,-18.280029296875,8.64410400390625,0.38134765625,0.9990234375,0.03955078125
0.0,-2.6702880859375,-16.78466796875,5.79833984375,0.400390625,1.017333984375,0.02978515625
0.0,-2.87628173828125,-15.54107666015625,4.14276123046875,0.399169921875,0.9599609375,0.0205078125
0.0,-0.152587890625,-14.07623291015625,4.33349609375,0.411865234375,0.88134765625,0.0068359375
0.0,1.3885498046875,-12.53509521484375,1.31988525390625,0.440673828125,0.911865234375,0.031005859375
0.0,3.0670166015625,-10.94818115234375,2.2125244140625,0.456298828125,0.916748046875,0.018310546875
0.0,4.15802001953125,-9.94873046875,0.8087158203125,0.43310546875,0.99072265625,0.008056640625
0.0,3.72314453125,-8.209228515625,-2.32696533203125,0.483154296875,1.03369140625,0.00927734375
0.0,2.9144287109375,-6.17218017578125,-2.34222412109375,0.484130859375,0.988525390625,0.023681640625
0.0,3.0364990234375,-5.2642822265625,-4.3487548828125,0.421630859375,0.9677734375,0.008056640625
0.0,2.87628173828125,-3.60107421875,-9.33074951171875,0.442138671875,0.957763671875,0.0029296875
0.0,2.7008056640625,-2.3040771484375,-12.6190185546875,0.39990234375,0.965576171875,-0.016357421875
0.0,3.4942626953125,-1.96075439453125,-16.65496826171875,0.390869140625,1.0078125,-0.026123046875
0.0,3.997802734375,-1.3427734375,-20.92742919921875,0.402099609375,1.0498046875,-0.024658203125
0.0,2.9754638671875,-0.30517578125,-24.66583251953125,0.431640625,1.153564453125,0.000244140625
0.0,1.3885498046875,0.6256103515625,-26.28326416015625,0.438720703125,1.1337890625,0.016845703125
0.0,0.7476806640625,1.495361328125,-29.2205810546875,0.42724609375,1.151611328125,0.020263671875
0.0,-0.8697509765625,2.92205810546875,-32.16552734375,0.43994140625,1.164306640625,0.024169921875
0.0,-3.143310546875,4.23431396484375,-32.958984375,0.424072265625,1.1484375,0.01025390625
0.0,-4.12750244140625,4.79888916015625,-36.68212890625,0.36083984375,1.18017578125,0.018798828125
0.0,-6.16455078125,5.82122802734375,-43.29681396484375,0.384033203125,1.173828125,0.02587890625
0.0,-6.988525390625,7.1563720703125,-46.80633544921875,0.37109375,1.123779296875,0.033447265625
0.0,-6.46209716796875,7.08770751953125,-50.33111572265625,0.306396484375,1.0576171875,0.027099609375
0.0,-5.51605224609375,7.13348388671875,-56.1370849609375,0.279052734375,1.08251953125,0.01953125
0.0,-5.82122802734375,7.476806640625,-59.39483642578125,0.27490234375,1.111572265625,0.021728515625
0.0,-6.6375732421875,6.5155029296875,-62.7899169921875,0.234375,1.182861328125,0.046630859375
0.0,-9.46807861328125,5.65338134765625,-67.230224609375,0.2841796875,1.22705078125,0.07861328125
0.0,-12.7716064453125,5.68389892578125,-66.864013671875,0.255615234375,1.1494140625,0.0693359375
0.0,-14.09912109375,4.84466552734375,-66.2994384765625,0.20361328125,1.065673828125,0.066162109375
0.0,-15.2587890625,4.0130615234375,-63.6138916015625,0.20654296875,1.053466796875,0.068603515625
0.0,-13.4735107421875,3.66973876953125,-68.9239501953125,0.130126953125,0.81396484375,0.07861328125
0.0,-12.6190185546875,2.69317626953125,-69.244384765625,0.09765625,1.002685546875,0.073486328125
0.0,-11.65008544921875,1.15203857421875,-67.17681884765625,0.069091796875,0.7861328125,0.041259765625
0.0,-6.79779052734375,0.19073486328125,-61.25640869140625,0.068359375,0.599609375,0.03369140625
0.0,0.43487548828125,-0.55694580078125,-57.47222900390625,0.06494140625,0.58056640625,0.053466796875
0.0,5.0811767578125,-0.6103515625,-53.863525390625,0.15625,0.55419921875,0.070068359375
0.0,11.83319091796875,0.02288818359375,-42.79327392578125,0.17822265625,0.457275390625,0.05810546875
0.0,17.87567138671875,-0.4425048828125,-39.75677490234375,-0.017333984375,0.540771484375,-0.002685546875
0.0,19.927978515625,0.152587890625,-44.88372802734375,0.0771484375,0.652587890625,0.038330078125
0.0,20.85113525390625,0.02288818359375,-43.9910888671875,0.03955078125,0.70654296875,0.052490234375
0.0,18.829345703125,0.274658203125,-50.6744384765625,-0.0322265625,0.72509765625,-0.01416015625
0.0,16.815185546875,0.11444091796875,-57.48748779296875,-0.072998046875,0.7236328125,-0.037353515625
0.0,15.20538330078125,-1.0986328125,-57.6324462890625,-0.0341796875,0.75244140625,-0.062744140625
0.0,15.0146484375,-1.04522705078125,-52.9022216796875,-0.00341796875,0.685302734375,-0.100830078125
0.0,17.60101318359375,0.03814697265625,-48.45428466796875,0.01025390625,0.5439453125,-0.10302734375
0.0,23.35357666015625,0.96893310546875,-42.8314208984375,-0.038818359375,0.4765625,-0.069580078125
0.0,29.6630859375,1.13677978515625,-35.9344482421875,-0.03662109375,0.6767578125,-0.05615234375
0.0,29.93011474609375,3.28826904296875,-21.087646484375,0.05859375,0.97607421875,-0.02392578125
0.0,27.65655517578125,4.41741943359375,-6.15692138671875,0.0048828125,1.001953125,0.0087890625
0.0,24.47509765625,4.44793701171875,9.0789794921875,-0.026123046875,1.061767578125,0.031005859375
0.0,17.92144775390625,5.79833984375,25.81024169921875,-0.1630859375,1.218017578125,0.03125
0.0,11.58905029296875,6.5460205078125,27.06146240234375,-0.187744140625,1.24609375,0.035888671875
0.0,6.65283203125,7.171630859375,30.914306640625,-0.126708984375,1.25927734375,0.031982421875
0.0,1.67083740234375,8.55255126953125,32.6080322265625,-0.133056640625,1.315673828125,-0.00732421875
0.0,-5.24139404296875,9.42230224609375,32.1502685546875,-0.25146484375,1.1376953125,-0.080322265625
0.0,3.3416748046875,8.819580078125,23.468017578125,-0.427490234375,0.99072265625,-0.101318359375
0.0,9.66644287109375,7.7972412109375,-9.01031494140625,-0.440185546875,1.093505859375,-0.05908203125
0.0,11.52801513671875,9.1705322265625,-29.6630859375,-0.328125,1.33544921875,-0.025390625
0.0,8.97216796875,10.00213623046875,-33.88214111328125,-0.2939453125,1.436767578125,-0.009765625
0.0,4.24957275390625,8.56781005859375,-32.92083740234375,-0.236328125,1.399658203125,-0.01025390625
0.0,0.42724609375,9.97161865234375,-25.23040771484375,-0.11376953125,1.325927734375,0.010986328125
0.0,-2.92205810546875,9.4451904296875,-7.9803466796875,-0.204833984375,1.229248046875,-0.0048828125
0.0,-5.523681640625,7.86590576171875,0.37384033203125,-0.21240234375,1.050048828125,-0.025390625
0.0,-6.6070556640625,9.6588134765625,6.072998046875,-0.1884765625,0.90869140625,-0.01513671875
0.0,-5.34820556640625,8.941650390625,9.68170166015625,-0.217041015625,0.787841796875,-0.003173828125
0.0,-3.44085693359375,9.2620849609375,9.70458984375,-0.169189453125,0.7373046875,-0.01953125
0.0,-2.471923828125,11.6424560546875,8.5906982421875,-0.197998046875,0.732177734375,-0.02392578125
0.0,-0.99945068359375,10.74981689453125,9.26971435546875,-0.2431640625,0.69970703125,-0.046875
0.0,2.60162353515625,10.711669921875,10.16998291015625,-0.18115234375,0.72119140625,-0.06298828125
0.0,6.0882568359375,11.932373046875,6.256103515625,-0.205078125,0.830078125,-0.048583984375
0.0,7.75146484375,10.55145263671875,3.875732421875,-0.249267578125,0.909912109375,-0.025146484375
0.0,6.96563720703125,9.43756103515625,3.9520263671875,-0.22119140625,1.003662109375,-0.026123046875
0.0,5.4779052734375,9.2315673828125,4.78363037109375,-0.18896484375,1.0625,-0.028564453125
0.0,4.638671875,7.537841796875,7.4310302734375,-0.1904296875,1.119140625,-0.02099609375
0.0,3.5400390625,5.859375,9.48333740234375,-0.203857421875,1.089599609375,-0.037841796875
0.0,3.3111572265625,5.02777099609375,11.69586181640625,-0.190673828125,1.07666015625,-0.036865234375
0.0,2.532958984375,3.19671630859375,13.458251953125,-0.17919921875,1.1279296875,-0.0283203125
0.0,1.7242431640625,1.3427734375,12.420654296875,-0.194580078125,1.06787109375,-0.040283203125
0.0,1.3427734375,-0.152587890625,11.505126953125,-0.183349609375,1.046142578125,-0.0380859375
0.0,0.63323974609375,-2.0294189453125,10.55908203125,-0.164306640625,1.048095703125,-0.036865234375
0.0,0.1220703125,-4.03594970703125,10.24627685546875,-0.13232421875,0.9873046875,-0.044921875
0.0,1.0986328125,-5.53131103515625,11.11602783203125,-0.126708984375,0.93701171875,-0.043701171875
0.0,1.5716552734375,-7.40814208984375,12.10784912109375,-0.101806640625,0.9912109375,-0.03271484375
0.0,1.068115234375,-9.20867919921875,13.1378173828125,-0.078125,0.97265625,-0.031494140625
0.0,1.02996826171875,-11.11602783203125,12.91656494140625,-0.12158203125,0.945068359375,-0.029541015625
0.0,0.5645751953125,-12.55035400390625,11.2152099609375,-0.061767578125,0.97998046875,-0.037353515625
0.0,0.08392333984375,-14.09149169921875,8.81195068359375,-0.0185546875,0.987548828125,-0.04296875
0.0,1.251220703125,-14.923095703125,12.1307373046875,-0.0107421875,0.947509765625,-0.043701171875
0.0,1.2664794921875,-16.2353515625,9.88006591796875,-0.001708984375,0.98291015625,-0.039306640625
0.0,2.00653076171875,-16.71600341796875,11.0626220703125,0.06640625,0.997314453125,-0.037353515625
0.0,2.0751953125,-17.059326171875,11.0015869140625,0.044921875,0.99658203125,-0.02880859375
0.0,2.22015380859375,-17.15087890625,9.58251953125,0.077392578125,1.00341796875,-0.027099609375
0.0,1.70135498046875,-16.9677734375,9.46807861328125,0.103759765625,1.0009765625,-0.02197265625
0.0,1.74713134765625,-16.41082763671875,8.24737548828125,0.124755859375,0.992431640625,-0.021240234375
0.0,1.70135498046875,-15.8538818359375,6.77490234375,0.135009765625,1.013916015625,-0.0224609375
0.0,1.6021728515625,-14.984130859375,7.415771484375,0.158935546875,0.999755859375,-0.01904296875
0.0,1.54876708984375,-14.2974853515625,6.98089599609375,0.178955078125,0.99609375,-0.0107421875
0.0,2.22015380859375,-13.24462890625,8.4228515625,0.172607421875,0.925048828125,-0.032958984375
0.0,2.4566650390625,-12.664794921875,3.7384033203125,0.07421875,1.07080078125,-0.021728515625
0.0,1.13677978515625,-13.06915283203125,-3.16619873046875,0.078857421875,1.087890625,-0.003173828125
0.0,0.4119873046875,-13.13018798828125,-5.5999755859375,0.11328125,1.01708984375,-0.0234375
0.0,0.81634521484375,-12.93182373046875,-6.5155029296875,0.135009765625,0.95166015625,-0.01708984375
0.0,2.1209716796875,-12.53509521484375,-5.13458251953125,0.144287109375,0.972900390625,-0.026611328125
0.0,2.70843505859375,-12.26043701171875,-2.99835205078125,0.1240234375,0.98828125,-0.015869140625
0.0,2.9296875,-12.10784912109375,-3.509521484375,0.099365234375,0.9970703125,-0.015869140625
0.0,2.5634765625,-11.749267578125,-3.41033935546875,0.114501953125,0.9794921875,-0.0087890625
0.0,2.34222412109375,-11.20758056640625,-3.3721923828125,0.129638671875,0.97705078125,-0.00048828125
0.0,2.3040771484375,-10.33782958984375,-2.777099609375,0.140380859375,0.963623046875,0.0
0.0,2.51007080078125,-9.22393798828125,-2.288818359375,0.125,0.971923828125,-0.004150390625
0.0,3.07464599609375,-8.026123046875,-2.532958984375,0.134033203125,0.9814453125,0.000244140625
0.0,3.3721923828125,-6.56890869140625,-2.83050537109375,0.13720703125,0.9990234375,0.005859375
0.0,2.69317626953125,-4.180908203125,-3.448486328125,0.12744140625,1.058837890625,0.020751953125
0.0,2.14385986328125,-2.3040771484375,-3.15093994140625,0.141357421875,1.056884765625,0.02490234375
0.0,1.51824951171875,-0.4119873046875,-2.15911865234375,0.14306640625,1.042724609375,0.0302734375
0.0,1.708984375,1.54876708984375,-2.61688232421875,0.113525390625,1.002197265625,0.02294921875
0.0,1.9683837890625,3.2501220703125,-2.655029296875,0.110595703125,1.033203125,0.033203125
0.0,1.99127197265625,4.8675537109375,-2.532958984375,0.086669921875,0.980224609375,0.0283203125
0.0,1.89971923828125,6.18743896484375,-3.509521484375,0.077880859375,1.000244140625,0.035400390625
0.0,1.82342529296875,7.4310302734375,-3.9215087890625,0.0625,0.975341796875,0.02734375
0.0,2.1209716796875,8.43048095703125,-4.8675537109375,0.052490234375,0.97802734375,0.025146484375
0.0,2.1514892578125,9.14764404296875,-5.767822265625,0.02734375,0.9814453125,0.017333984375
0.0,2.20489501953125,9.765625,-5.889892578125,0.02587890625,0.974365234375,0.01171875
0.0,2.6702880859375,10.21575927734375,-6.12640380859375,0.016845703125,0.974365234375,0.0
0.0,3.30352783203125,10.41412353515625,-5.0506591796875,0.002197265625,0.949951171875,-0.010498046875
0.0,3.70025634765625,10.2996826171875,-3.41796875,-0.009033203125,0.990234375,-0.005126953125
0.0,3.65447998046875,10.3912353515625,-2.685546875,-0.023681640625,0.984130859375,-0.0126953125
0.0,3.54766845703125,10.09368896484375,-2.3956298828125,-0.041015625,1.021728515625,-0.007568359375
0.0,3.47900390625,9.765625,-3.0975341796875,-0.056396484375,0.984619140625,-0.015625
0.0,3.631591796875,9.4757080078125,-3.692626953125,-0.06201171875,1.00634765625,-0.014404296875
0.0,3.39508056640625,8.87298583984375,-4.08172607421875,-0.062744140625,1.012939453125,-0.015869140625
0.0,2.89154052734375,8.4991455078125,-3.48663330078125,-0.0703125,1.0166015625,-0.017822265625
0.0,2.5482177734375,7.92694091796875,-3.13568115234375,-0.0732421875,1.001953125,-0.020263671875
0.0,2.7008056640625,7.4920654296875,-2.55584716796875,-0.072998046875,0.97802734375,-0.02392578125
0.0,3.1585693359375,6.9580078125,-1.76239013671875,-0.086669921875,0.969482421875,-0.02490234375
0.0,3.2806396484375,6.5460205078125,-2.288818359375,-0.087890625,0.98046875,-0.0244140625
0.0,3.63922119140625,5.83648681640625,-2.15911865234375,-0.1044921875,0.97509765625,-0.026123046875
0.0,3.79180908203125,5.1422119140625,-2.471923828125,-0.103759765625,0.984375,-0.027099609375
0.0,3.70025634765625,4.50897216796875,-2.62451171875,-0.103759765625,0.99365234375,-0.027099609375
0.0,3.692626953125,3.82232666015625,-1.4190673828125,-0.1025390625,1.008544921875,-0.02734375
0.0,3.15093994140625,3.1890869140625,-1.068115234375,-0.0986328125,1.02197265625,-0.029296875
0.0,3.13568115234375,2.54058837890625,-0.14495849609375,-0.10693359375,1.00146484375,-0.035888671875
0.0,3.0517578125,1.96075439453125,0.00762939453125,-0.109619140625,1.030517578125,-0.031494140625
0.0,2.83050537109375,1.22833251953125,-0.1220703125,-0.106689453125,1.00537109375,-0.0361328125
0.0,2.72369384765625,0.762939453125,0.3814697265625,-0.1142578125,0.99951171875,-0.033447265625
0.0,2.47955322265625,0.0762939453125,-0.60272216796875,-0.10693359375,1.02734375,-0.03466796875
0.0,2.4261474609375,-0.4730224609375,0.69427490234375,-0.10693359375,0.98828125,-0.0361328125
0.0,2.4566650390625,-1.0986328125,0.4119873046875,-0.10498046875,1.01220703125,-0.03466796875
0.0,2.01416015625,-1.5869140625,0.8544921875,-0.09423828125,1.013671875,-0.034423828125
0.0,2.2125244140625,-2.1514892578125,1.708984375,-0.102783203125,0.997314453125,-0.0361328125
0.0,1.93023681640625,-2.67791748046875,1.1138916015625,-0.08984375,1.00830078125,-0.033447265625
0.0,1.93023681640625,-2.95257568359375,2.06756591796875,-0.086181640625,1.00537109375,-0.032958984375
0.0,1.83868408203125,-3.3721923828125,2.15911865234375,-0.085205078125,0.999755859375,-0.032470703125
0.0,2.01416015625,-3.71551513671875,2.05230712890625,-0.068359375,0.998291015625,-0.03125
0.0,1.5411376953125,-3.80706787109375,2.349853515625,-0.06201171875,1.029052734375,-0.023681640625
0.0,1.52587890625,-4.00543212890625,1.89208984375,-0.054931640625,0.985595703125,-0.02734375
0.0,1.312255859375,-4.08935546875,2.52532958984375,-0.04541015625,0.994384765625,-0.02294921875
0.0,1.40380859375,-4.119873046875,2.3651123046875,-0.046142578125,0.987060546875,-0.023681640625
0.0,1.28173828125,-4.06646728515625,2.410888671875,-0.0224609375,0.973876953125,-0.02978515625
0.0,1.50299072265625,-4.058837890625,3.082275390625,-0.0302734375,0.96826171875,-0.031494140625
0.0,1.6937255859375,-4.0130615234375,1.70135498046875,-0.01513671875,0.991455078125,-0.02197265625
0.0,1.85394287109375,-3.80706787109375,2.6092529296875,-0.014892578125,1.011962890625,-0.01611328125
0.0,1.8768310546875,-3.9215087890625,2.70843505859375,-0.006103515625,1.011962890625,-0.004638671875
0.0,1.739501953125,-3.66973876953125,2.93731689453125,0.0048828125,1.021240234375,-0.000244140625
0.0,1.48773193359375,-3.54766845703125,2.86865234375,0.011474609375,1.0048828125,0.0048828125
0.0,1.495361328125,-3.387451171875,2.41851806640625,0.01806640625,1.012451171875,0.005126953125
0.0,1.2054443359375,-3.05938720703125,2.47955322265625,0.02197265625,0.98779296875,0.000732421875
0.0,1.8463134765625,-2.89154052734375,3.39508056640625,0.01611328125,0.997802734375,0.002197265625
0.0,1.9683837890625,-2.5787353515625,4.1046142578125,0.01220703125,0.998046875,0.004638671875
0.0,2.0751953125,-2.38037109375,4.87518310546875,0.001220703125,1.00244140625,0.012451171875
0.0,1.8310546875,-2.26593017578125,3.631591796875,0.0029296875,0.97216796875,0.0078125
0.0,1.89971923828125,-2.02178955078125,2.70843505859375,-0.00390625,1.00439453125,0.01220703125
0.0,2.49481201171875,-1.79290771484375,-0.0762939453125,0.015380859375,0.975830078125,0.00439453125
0.0,2.75421142578125,-1.57928466796875,1.2969970703125,0.022705078125,0.98828125,0.00732421875
0.0,2.72369384765625,-1.5106201171875,1.434326171875,0.007080078125,0.99267578125,0.000732421875
0.0,2.60162353515625,-1.50299072265625,1.3580322265625,0.015625,0.973388671875,-0.003173828125
0.0,2.63214111328125,-1.3885498046875,1.89971923828125,-0.00048828125,0.991455078125,-0.0166015625
0.0,2.86102294921875,-1.65557861328125,0.79345703125,-0.003173828125,0.981689453125,-0.021728515625
0.0,2.64739990234375,-1.65557861328125,-0.17547607421875,0.011962890625,1.0029296875,-0.03466796875
0.0,2.54058837890625,-1.59454345703125,0.52642822265625,0.016845703125,1.0244140625,-0.04443359375
0.0,2.0751953125,-1.739501953125,-0.16021728515625,0.02197265625,1.02685546875,-0.059814453125
0.0,1.67083740234375,-1.59454345703125,-0.091552734375,0.04443359375,1.041748046875,-0.070068359375
0.0,1.190185546875,-1.46484375,1.3427734375,0.052001953125,1.06640625,-0.08447265625
0.0,1.4801025390625,-1.50299072265625,1.5106201171875,0.03857421875,1.02880859375,-0.053955078125
0.0,1.7547607421875,-1.24359130859375,1.3427734375,0.03466796875,1.009765625,-0.038330078125
0.0,1.8463134765625,-1.19781494140625,1.8310546875,0.0009765625,1.01953125,0.00146484375
0.0,1.8157958984375,-1.6021728515625,-1.1138916015625,-0.00244140625,0.96923828125,0.00830078125
0.0,1.5869140625,-1.251220703125,-0.29754638671875,-0.01318359375,0.9892578125,0.0224609375
0.0,1.31988525390625,-1.44195556640625,-0.335693359375,-0.03466796875,0.95849609375,0.014892578125
0.0,1.52587890625,-1.65557861328125,2.69317626953125,-0.052978515625,0.924072265625,0.009521484375
0.0,1.89208984375,-1.73187255859375,4.11224365234375,-0.076416015625,0.915283203125,0.01123046875
0.0,2.01416015625,-1.88446044921875,4.3792724609375,-0.114501953125,0.9580078125,-0.001220703125
0.0,2.685546875,-2.3956298828125,4.3182373046875,-0.119140625,0.9482421875,-0.01953125
0.0,2.60162353515625,-2.349853515625,3.2806396484375,-0.076904296875,0.9990234375,-0.011962890625
0.0,2.38800048828125,-1.97601318359375,3.6163330078125,-0.063720703125,1.056640625,-0.022216796875
0.0,2.5177001953125,-1.9073486328125,2.7923583984375,-0.060546875,1.0859375,-0.013427734375
0.0,2.5787353515625,-1.54876708984375,3.7078857421875,-0.030517578125,1.122802734375,0.00927734375
0.0,2.23541259765625,-1.01470947265625,4.06646728515625,-0.03515625,1.10546875,0.011962890625
0.0,2.18963623046875,-0.7781982421875,4.486083984375,-0.03564453125,1.055419921875,0.039794921875
0.0,1.39617919921875,-0.67138671875,5.31005859375,-0.044921875,0.949462890625,0.044677734375
0.0,3.25775146484375,-0.70953369140625,7.3699951171875,-0.0869140625,0.945556640625,0.12646484375
0.0,2.41851806640625,-1.62506103515625,10.162353515625,-0.147216796875,1.02685546875,0.027587890625
0.0,0.579833984375,-2.7313232421875,10.93292236328125,-0.121826171875,0.99267578125,0.02099609375
0.0,1.30462646484375,-3.76129150390625,8.15582275390625,-0.086181640625,0.90966796875,0.017822265625
0.0,1.9073486328125,-4.39453125,5.279541015625,-0.068603515625,0.962158203125,0.015869140625
0.0,2.9449462890625,-5.31005859375,3.31878662109375,-0.044677734375,0.914794921875,-0.001220703125
0.0,3.79180908203125,-5.89752197265625,4.608154296875,-0.0283203125,0.9638671875,-0.00537109375
0.0,3.1280517578125,-6.67572021484375,4.9591064453125,-0.0126953125,1.029296875,-0.023681640625
0.0,2.51007080078125,-6.93511962890625,5.04302978515625,0.00146484375,1.04345703125,-0.036376953125
0.0,1.48773193359375,-7.46917724609375,4.11224365234375,0.02587890625,1.076904296875,-0.04150390625
0.0,0.7171630859375,-8.11004638671875,3.25775146484375,0.048828125,1.045654296875,-0.052001953125
0.0,0.54168701171875,-8.4075927734375,3.41796875,0.077392578125,1.025634765625,-0.0615234375
0.0,0.89263916015625,-8.58306884765625,3.4637451171875,0.101318359375,0.974853515625,-0.069091796875
0.0,0.35858154296875,-8.4381103515625,5.0201416015625,0.10546875,0.957763671875,-0.07177734375
0.0,-0.06103515625,-8.59832763671875,4.547119140625,0.091796875,0.942138671875,-0.0732421875
0.0,0.213623046875,-8.9111328125,3.265380859375,0.107666015625,0.914794921875,-0.087890625
0.0,0.640869140625,-8.575439453125,1.3427734375,0.089111328125,0.94287109375,-0.100341796875
0.0,1.6021728515625,-8.30078125,-0.030517578125,0.10595703125,0.993408203125,-0.094482421875
0.0,1.4190673828125,-7.07244873046875,0.244140625,0.113525390625,1.0703125,-0.073974609375
0.0,1.31988525390625,-6.16455078125,0.45013427734375,0.106689453125,1.08056640625,-0.06298828125
0.0,1.04522705078125,-4.82177734375,-0.92315673828125,0.122314453125,1.10595703125,-0.056640625
0.0,-0.0152587890625,-3.326416015625,-3.39508056640625,0.1240234375,1.135498046875,-0.04736328125
0.0,-0.8544921875,-1.89208984375,-3.94439697265625,0.130615234375,1.055908203125,-0.034912109375
0.0,-1.36566162109375,-0.49591064453125,-4.29534912109375,0.12646484375,1.0185546875,-0.030517578125
0.0,-0.7476806640625,0.9002685546875,-6.44683837890625,0.126708984375,1.0,-0.0244140625
0.0,-0.74005126953125,2.08282470703125,-7.4462890625,0.113525390625,1.00439453125,-0.015380859375
0.0,-0.8697509765625,3.02886962890625,-6.12640380859375,0.110595703125,1.018310546875,-0.015380859375
0.0,-0.54168701171875,4.21142578125,-5.2642822265625,0.111572265625,0.99365234375,-0.01904296875
0.0,-0.20599365234375,4.99725341796875,-5.0048828125,0.079345703125,1.00341796875,-0.005859375
0.0,-0.25177001953125,5.51605224609375,-5.50079345703125,0.058837890625,1.007568359375,0.0078125
0.0,0.00762939453125,5.9661865234375,-6.09588623046875,0.037353515625,1.01318359375,0.01513671875
0.0,-0.5645751953125,6.0577392578125,-5.76019287109375,0.0234375,1.034423828125,0.023193359375
0.0,-1.25885009765625,5.8441162109375,-5.07354736328125,0.00830078125,1.025390625,0.02294921875
0.0,-0.67901611328125,5.6304931640625,-5.1116943359375,-0.019287109375,0.971923828125,0.02783203125
0.0,0.335693359375,5.2337646484375,-6.43157958984375,-0.034912109375,0.91455078125,0.020751953125
0.0,1.18255615234375,4.1046142578125,-7.78961181640625,-0.10595703125,0.949462890625,0.013671875
0.0,1.01470947265625,2.72369384765625,-10.41412353515625,-0.095947265625,0.992919921875,0.024658203125
0.0,0.3509521484375,1.5106201171875,-9.46044921875,-0.087890625,0.9912109375,0.034423828125
0.0,-0.09918212890625,-0.30517578125,-6.89697265625,-0.101806640625,0.952880859375,0.03076171875
0.0,0.29754638671875,-1.678466796875,-4.8675537109375,-0.094482421875,0.94091796875,0.028564453125
0.0,0.84686279296875,-2.86102294921875,-3.19671630859375,-0.11083984375,0.93017578125,0.032470703125
0.0,1.77001953125,-4.425048828125,-2.4261474609375,-0.118408203125,0.915771484375,0.031982421875
0.0,2.75421142578125,-5.4779052734375,-1.52587890625,-0.1015625,0.91259765625,0.032958984375
0.0,3.51715087890625,-6.26373291015625,-1.19781494140625,-0.120361328125,0.937744140625,0.03662109375
0.0,3.9520263671875,-7.3089599609375,-1.28173828125,-0.114013671875,0.952880859375,0.0419921875
0.0,4.1046142578125,-7.86590576171875,-0.14495849609375,-0.098876953125,0.981689453125,0.039306640625
0.0,3.4637451171875,-8.18634033203125,-0.92315673828125,-0.08935546875,0.998779296875,0.045654296875
0.0,3.631591796875,-8.48388671875,-1.13677978515625,-0.068115234375,0.9892578125,0.031005859375
0.0,3.56292724609375,-8.23974609375,-0.8697509765625,-0.041259765625,0.992431640625,0.03076171875
0.0,3.74603271484375,-7.83538818359375,-1.9378662109375,-0.04345703125,0.98486328125,0.02001953125
0.0,3.9520263671875,-7.31658935546875,-2.6092529296875,-0.01806640625,1.01171875,0.02197265625
0.0,4.06646728515625,-6.591796875,-2.13623046875,-0.00048828125,0.990966796875,0.017333984375
0.0,4.60052490234375,-5.79071044921875,-1.06048583984375,0.01416015625,0.981689453125,0.01318359375
0.0,4.486083984375,-4.72259521484375,0.2593994140625,0.01416015625,1.028564453125,0.01123046875
0.0,4.45556640625,-3.7841796875,0.72479248046875,0.003173828125,1.00830078125,0.005615234375
0.0,4.2572021484375,-2.6397705078125,1.251220703125,0.01171875,1.01708984375,0.0009765625
0.0,3.6163330078125,-1.62506103515625,0.46539306640625,-0.001953125,1.010498046875,0.002685546875
0.0,3.59344482421875,-0.579833984375,-1.373291015625,0.012451171875,0.9853515625,-0.01318359375
0.0,3.5552978515625,0.49591064453125,-1.28936767578125,0.01171875,0.9970703125,-0.001953125
0.0,3.6773681640625,1.41143798828125,-1.71661376953125,0.023681640625,0.971923828125,-0.0185546875
0.0,3.83758544921875,2.38800048828125,-1.50299072265625,0.043212890625,1.0068359375,-0.01025390625
0.0,4.02069091796875,3.28826904296875,0.80108642578125,0.04052734375,0.99609375,-0.010986328125
0.0,3.9215087890625,3.8604736328125,1.25885009765625,0.019287109375,1.031005859375,-0.011962890625
0.0,3.692626953125,4.64630126953125,1.50299072265625,0.036376953125,1.009521484375,-0.011474609375
0.0,3.07464599609375,5.01251220703125,2.44140625,0.0087890625,1.0283203125,-0.01123046875
0.0,3.0364990234375,5.19561767578125,2.0294189453125,-0.00537109375,0.994384765625,-0.020751953125
0.0,3.2196044921875,5.56182861328125,1.93023681640625,-0.00927734375,0.992431640625,-0.02392578125
0.0,3.2958984375,5.37109375,2.1209716796875,-0.031494140625,0.99560546875,-0.02392578125
0.0,3.56292724609375,5.13458251953125,1.0986328125,-0.041748046875,0.9931640625,-0.028076171875
0.0,3.47900390625,4.8675537109375,0.579833984375,-0.048095703125,1.003662109375,-0.029296875
0.0,3.4942626953125,4.3182373046875,-0.23651123046875,-0.0625,1.03369140625,-0.029296875
0.0,2.9144287109375,3.6773681640625,-0.70953369140625,-0.05908203125,1.0029296875,-0.0302734375
0.0,3.04412841796875,3.1585693359375,-1.99127197265625,-0.05224609375,1.009765625,-0.037353515625
0.0,2.5634765625,2.44903564453125,-1.4495849609375,-0.055419921875,1.017578125,-0.033203125
0.0,2.593994140625,1.7852783203125,-1.89971923828125,-0.0576171875,1.006591796875,-0.039794921875
0.0,2.25067138671875,1.068115234375,-1.82342529296875,-0.046630859375,1.011962890625,-0.03857421875
0.0,2.349853515625,0.4730224609375,-0.5035400390625,-0.05029296875,1.012451171875,-0.0419921875
0.0,1.46484375,-0.5035400390625,-1.007080078125,-0.06201171875,1.02490234375,-0.038818359375
0.0,1.91497802734375,-1.0528564453125,0.40435791015625,-0.044677734375,0.954345703125,-0.04248046875
0.0,1.80816650390625,-1.9073486328125,0.78582763671875,-0.0595703125,1.002685546875,-0.032470703125
0.0,1.48773193359375,-2.62451171875,-0.2288818359375,-0.057373046875,0.9677734375,-0.03173828125
0.0,2.0751953125,-2.960205078125,0.74005126953125,-0.04541015625,0.947998046875,-0.025390625
0.0,2.25067138671875,-3.66973876953125,-0.58746337890625,-0.052734375,0.99462890625,-0.01904296875
0.0,2.05230712890625,-3.8909912109375,-1.8157958984375,-0.022216796875,0.97216796875,-0.0166015625
0.0,2.66265869140625,-3.7384033203125,-0.58746337890625,-0.022705078125,0.9990234375,-0.013916015625
0.0,2.227783203125,-4.21142578125,-1.983642578125,-0.016357421875,1.045654296875,-0.007080078125
0.0,1.70135498046875,-3.86810302734375,-0.86212158203125,0.000732421875,1.040283203125,-0.0048828125
0.0,1.79290771484375,-3.42559814453125,-0.51116943359375,-0.006103515625,1.02490234375,0.001953125
0.0,1.312255859375,-3.5552978515625,-0.46539306640625,-0.0029296875,1.03955078125,0.004638671875
0.0,1.1749267578125,-2.99835205078125,-0.1068115234375,0.003173828125,1.00927734375,0.00634765625
0.0,1.65557861328125,-2.3345947265625,0.1678466796875,-0.00439453125,0.981201171875,0.0107421875
0.0,1.86920166015625,-2.35748291015625,0.43487548828125,-0.01708984375,0.993408203125,0.021240234375
0.0,1.67083740234375,-1.59454345703125,-0.0457763671875,0.001708984375,0.96826171875,0.019775390625
0.0,2.08282470703125,-0.86212158203125,0.29754638671875,-0.021240234375,1.00830078125,0.034912109375
0.0,1.8463134765625,-0.51116943359375,-0.72479248046875,-0.008056640625,0.99560546875,0.023193359375
0.0,1.89971923828125,0.3814697265625,-0.12969970703125,-0.011962890625,1.0087890625,0.0244140625
0.0,2.11334228515625,0.55694580078125,-0.9307861328125,-0.006103515625,1.00927734375,0.028564453125
0.0,1.91497802734375,1.41143798828125,1.31988525390625,0.043212890625,1.00244140625,0.044921875
0.0,1.93023681640625,2.3651123046875,2.41851806640625,0.015869140625,0.939208984375,0.0341796875
0.0,2.838134765625,2.838134765625,2.26593017578125,0.0029296875,0.96435546875,0.04052734375
0.0,3.08990478515625,3.77655029296875,1.2054443359375,0.012451171875,0.97705078125,0.03759765625
0.0,3.082275390625,4.547119140625,0.87738037109375,0.0205078125,0.944580078125,0.041748046875
0.0,3.23486328125,5.10406494140625,0.96893310546875,0.023681640625,0.962158203125,0.03564453125
0.0,3.31878662109375,5.6304931640625,1.40380859375,0.02490234375,0.956298828125,0.02783203125
0.0,4.00543212890625,6.06536865234375,1.33514404296875,0.01171875,0.989501953125,0.02685546875
0.0,3.56292724609375,6.2408447265625,1.70135498046875,0.00634765625,1.03369140625,0.026123046875
0.0,3.25775146484375,6.38580322265625,0.70953369140625,-0.001708984375,1.0458984375,0.016357421875
0.0,3.082275390625,6.4544677734375,-0.35858154296875,-0.001953125,1.047607421875,0.001953125
0.0,3.0059814453125,6.26373291015625,-1.44195556640625,-0.008056640625,1.070556640625,-0.004150390625
0.0,2.58636474609375,6.04248046875,-2.9754638671875,0.000732421875,1.070068359375,-0.015625
0.0,1.9378662109375,6.03485107421875,-3.53240966796875,-0.00146484375,1.087890625,-0.01904296875
0.0,1.01470947265625,5.54656982421875,-5.1422119140625,-0.005126953125,1.06591796875,-0.021484375
0.0,1.10626220703125,5.50079345703125,-5.7220458984375,0.0048828125,1.036865234375,-0.0283203125
0.0,0.92315673828125,5.43212890625,-6.03485107421875,0.004638671875,1.021240234375,-0.03564453125
0.0,0.58746337890625,5.14984130859375,-6.96563720703125,0.011474609375,1.041259765625,-0.031494140625
0.0,0.18310546875,5.1727294921875,-5.89752197265625,0.01904296875,1.030517578125,-0.035400390625
0.0,-0.75531005859375,5.1727294921875,-6.09588623046875,0.005126953125,1.042724609375,-0.038330078125
0.0,-1.28173828125,5.37872314453125,-6.927490234375,0.011474609375,1.056884765625,-0.041259765625
0.0,-2.50244140625,5.4931640625,-7.66754150390625,0.009033203125,1.09619140625,-0.038818359375
0.0,-3.95965576171875,5.88226318359375,-9.3841552734375,-0.0087890625,1.10400390625,-0.04248046875
0.0,-5.3253173828125,6.15692138671875,-11.48223876953125,-0.028076171875,1.107421875,-0.045166015625
0.0,-6.1798095703125,6.35528564453125,-13.46588134765625,-0.021240234375,1.07470703125,-0.05517578125
0.0,-6.58416748046875,6.561279296875,-15.0146484375,-0.031005859375,1.061767578125,-0.056884765625
0.0,-6.76727294921875,6.55364990234375,-16.15142822265625,-0.0322265625,1.033447265625,-0.05810546875
0.0,-6.67572021484375,6.66046142578125,-15.60211181640625,-0.0302734375,0.994384765625,-0.056884765625
0.0,-6.34002685546875,6.805419921875,-16.2200927734375,-0.038330078125,0.974365234375,-0.0537109375
0.0,-5.45501708984375,6.76727294921875,-15.73944091796875,-0.047607421875,0.96240234375,-0.05126953125
0.0,-5.37109375,6.683349609375,-13.98468017578125,-0.065185546875,0.98583984375,-0.03466796875
0.0,-6.55364990234375,5.9967041015625,-13.84735107421875,-0.08447265625,0.989501953125,-0.02783203125
0.0,-7.7056884765625,6.3323974609375,-13.397216796875,-0.037353515625,0.992431640625,-0.016357421875
0.0,-8.2855224609375,8.056640625,-12.298583984375,-0.004638671875,1.0146484375,-0.018798828125
0.0,-8.60595703125,9.7198486328125,-9.8724365234375,-0.002685546875,0.984130859375,-0.01953125
0.0,-7.7667236328125,11.52801513671875,-8.1634521484375,-0.00732421875,0.919189453125,-0.00927734375
0.0,-6.4697265625,13.6260986328125,-5.65338134765625,-0.006103515625,0.90234375,0.00146484375
0.0,-5.1422119140625,15.29693603515625,-2.227783203125,0.01708984375,0.938720703125,0.021240234375
0.0,-4.7607421875,17.2271728515625,0.7476806640625,0.011474609375,0.937255859375,0.029296875
0.0,-4.26483154296875,19.10400390625,2.197265625,0.0224609375,0.95751953125,0.031982421875
0.0,-4.39453125,21.1029052734375,7.68280029296875,0.038818359375,1.003173828125,0.03466796875
0.0,-3.89862060546875,22.57537841796875,11.16180419921875,0.015380859375,0.99560546875,0.032470703125
0.0,-2.75421142578125,24.0631103515625,13.83209228515625,-0.02099609375,0.971435546875,0.020751953125
0.0,-0.20599365234375,24.71160888671875,15.38848876953125,-0.073486328125,0.940185546875,0.012451171875
0.0,0.30517578125,24.871826171875,13.6871337890625,-0.107666015625,1.0625,0.03759765625
0.0,-1.83868408203125,24.63531494140625,12.237548828125,-0.125732421875,1.1181640625,0.053466796875
0.0,-5.31768798828125,24.55902099609375,7.83538818359375,-0.115234375,1.16162109375,0.05517578125
0.0,-7.28607177734375,24.66583251953125,6.8817138671875,-0.136962890625,1.119873046875,0.029296875
0.0,-8.58306884765625,23.651123046875,5.126953125,-0.173828125,1.077392578125,0.012451171875
0.0,-9.124755859375,22.1405029296875,2.593994140625,-0.182861328125,1.061767578125,0.01318359375
0.0,-9.55963134765625,20.9503173828125,1.93023681640625,-0.170654296875,1.06884765625,0.024658203125
0.0,-10.61248779296875,18.69964599609375,0.77056884765625,-0.198486328125,1.0927734375,0.03125
0.0,-11.9781494140625,17.059326171875,-0.08392333984375,-0.17041015625,1.072265625,0.030029296875
0.0,-12.542724609375,15.26641845703125,-0.7476806640625,-0.1875,1.04638671875,0.0224609375
0.0,-12.76397705078125,13.06915283203125,-2.41851806640625,-0.17578125,1.041748046875,0.032470703125
0.0,-12.79449462890625,11.3067626953125,-1.62506103515625,-0.155517578125,1.014892578125,0.034912109375
0.0,-12.85552978515625,9.8419189453125,-1.9683837890625,-0.161376953125,1.01513671875,0.03857421875
0.0,-13.3819580078125,6.82830810546875,-3.0670166015625,-0.16015625,1.012939453125,0.052978515625
0.0,-13.3056640625,5.36346435546875,-3.1280517578125,-0.15625,0.99853515625,0.0517578125
0.0,-12.8173828125,3.41033935546875,-2.7008056640625,-0.1533203125,0.967041015625,0.05029296875
0.0,-12.20703125,1.83868408203125,-2.3956298828125,-0.121337890625,0.96142578125,0.07763671875
0.0,-11.49749755859375,0.8392333984375,-0.732421875,-0.1162109375,0.93603515625,0.08154296875
0.0,-10.97869873046875,-0.66375732421875,-0.8697509765625,-0.107666015625,0.92822265625,0.07861328125
0.0,-10.1776123046875,-1.45721435546875,0.32806396484375,-0.078125,0.928955078125,0.0693359375
0.0,-9.65118408203125,-2.28118896484375,0.91552734375,-0.088134765625,0.898193359375,0.069091796875
0.0,-8.62884521484375,-3.59344482421875,0.90789794921875,-0.076904296875,0.872314453125,0.070068359375
0.0,-7.30133056640625,-3.86810302734375,1.678466796875,-0.061279296875,0.852783203125,0.064697265625
0.0,-6.5765380859375,-4.98199462890625,0.5645751953125,-0.086669921875,0.84033203125,0.055908203125
0.0,-5.02777099609375,-6.06536865234375,-0.32806396484375,-0.08544921875,0.836181640625,0.050537109375
0.0,-3.7689208984375,-6.8817138671875,-0.32806396484375,-0.095703125,0.8115234375,0.037109375
0.0,-1.91497802734375,-7.9803466796875,-1.2969970703125,-0.099365234375,0.8154296875,0.029541015625
0.0,0.22125244140625,-9.185791015625,-2.32696533203125,-0.1025390625,0.826171875,0.016357421875
0.0,2.08282470703125,-10.0250244140625,-3.47900390625,-0.10595703125,0.8486328125,0.01708984375
0.0,3.814697265625,-10.97869873046875,-4.53948974609375,-0.114501953125,0.83984375,0.021484375
0.0,5.4473876953125,-12.3443603515625,-6.29425048828125,-0.151123046875,0.881591796875,0.02294921875
0.0,7.049560546875,-13.6871337890625,-8.514404296875,-0.14599609375,0.883056640625,0.03173828125
0.0,8.4075927734375,-14.77813720703125,-9.674072265625,-0.131591796875,0.91552734375,0.040283203125
0.0,9.54437255859375,-16.0675048828125,-9.14764404296875,-0.117431640625,0.9052734375,0.046630859375
0.0,10.6048583984375,-16.8609619140625,-9.1552734375,-0.099853515625,0.924560546875,0.06005859375
0.0,11.25335693359375,-17.303466796875,-8.6212158203125,-0.0703125,0.961181640625,0.066650390625
0.0,11.41357421875,-17.608642578125,-7.0953369140625,-0.052734375,0.9814453125,0.074462890625
0.0,11.05499267578125,-17.425537109375,-7.13348388671875,-0.0458984375,0.984619140625,0.080810546875
0.0,10.79559326171875,-17.18902587890625,-6.56890869140625,-0.027099609375,0.995361328125,0.08642578125
0.0,10.3302001953125,-16.8609619140625,-4.89044189453125,-0.012939453125,0.968505859375,0.080078125
0.0,10.31494140625,-15.99884033203125,-3.72314453125,-0.023193359375,0.974853515625,0.083251953125
0.0,10.20050048828125,-15.57159423828125,-3.35693359375,-0.042724609375,0.968505859375,0.086669921875
0.0,9.613037109375,-14.9078369140625,-4.14276123046875,-0.040771484375,0.97802734375,0.0859375
0.0,9.4757080078125,-14.45770263671875,-4.00543212890625,-0.0498046875,0.9853515625,0.078857421875
0.0,9.7198486328125,-14.07623291015625,-4.7454833984375,-0.046875,0.970947265625,0.080322265625
0.0,9.979248046875,-12.87841796875,-5.42449951171875,-0.042724609375,0.9833984375,0.078857421875
0.0,10.07080078125,-12.481689453125,-5.63812255859375,-0.025390625,1.0380859375,0.092529296875
0.0,9.6282958984375,-11.138916015625,-5.584716796875,-0.030029296875,1.00830078125,0.085205078125
0.0,9.5062255859375,-10.1165771484375,-4.2877197265625,-0.032470703125,1.00732421875,0.096435546875
0.0,9.84954833984375,-9.20867919921875,-3.89862060546875,-0.026611328125,0.98095703125,0.09912109375
0.0,10.58197021484375,-7.7667236328125,-3.9520263671875,-0.0146484375,0.969970703125,0.0869140625
0.0,10.7879638671875,-6.4239501953125,-4.34112548828125,-0.004638671875,0.969482421875,0.090576171875
0.0,11.199951171875,-5.18798828125,-3.2806396484375,-0.02001953125,0.97314453125,0.09375
0.0,11.2152099609375,-4.17327880859375,-1.85394287109375,-0.028564453125,0.969482421875,0.087646484375
0.0,11.54327392578125,-3.79180908203125,-1.9378662109375,-0.056884765625,0.948486328125,0.069091796875
0.0,11.08551025390625,-2.76947021484375,-4.2724609375,-0.06103515625,0.978515625,0.0615234375
0.0,11.749267578125,-2.38037109375,-4.06646728515625,-0.046875,0.971923828125,0.0556640625
0.0,12.41302490234375,-2.2735595703125,-2.63214111328125,-0.032958984375,0.979736328125,0.0439453125
0.0,12.9241943359375,-1.52587890625,-1.93023681640625,-0.05126953125,1.01806640625,0.03515625
0.0,12.3291015625,-1.70135498046875,-4.21142578125,-0.123046875,1.037109375,0.020751953125
0.0,13.16070556640625,-2.2430419921875,-4.2572021484375,-0.0849609375,1.014892578125,0.011474609375
0.0,12.88604736328125,-2.1209716796875,-2.960205078125,-0.085693359375,1.062255859375,0.0205078125
0.0,12.26043701171875,-3.4942626953125,-3.9825439453125,-0.150390625,1.123291015625,0.025390625
0.0,11.16943359375,-3.86810302734375,-2.960205078125,-0.064208984375,1.069091796875,0.010009765625
0.0,11.3677978515625,-3.89862060546875,0.37384033203125,-0.09765625,1.029296875,0.008544921875
0.0,11.77978515625,-5.48553466796875,-0.55694580078125,-0.1611328125,1.07666015625,0.000244140625
0.0,10.99395751953125,-5.6610107421875,-2.37274169921875,-0.093017578125,1.143798828125,0.015625
0.0,8.68988037109375,-6.01959228515625,-1.3580322265625,-0.102294921875,1.14501953125,0.02685546875
0.0,7.2479248046875,-7.01904296875,0.54168701171875,-0.126708984375,1.148193359375,0.02392578125
0.0,5.14984130859375,-7.49969482421875,-0.701904296875,-0.122314453125,1.182861328125,0.017822265625
0.0,3.65447998046875,-7.87353515625,-0.28228759765625,-0.094482421875,1.156005859375,0.012451171875
0.0,2.46429443359375,-8.18634033203125,0.90789794921875,-0.080810546875,1.126220703125,0.01904296875
0.0,2.25067138671875,-7.8277587890625,1.9378662109375,-0.08447265625,1.064697265625,0.015625
0.0,2.90679931640625,-8.30841064453125,2.7618408203125,-0.109130859375,1.029052734375,0.0224609375
0.0,2.838134765625,-8.270263671875,1.9378662109375,-0.10986328125,1.0947265625,0.03271484375
0.0,1.2359619140625,-8.62884521484375,-0.3662109375,-0.080810546875,1.149169921875,0.031494140625
0.0,-1.007080078125,-7.95745849609375,-2.51007080078125,-0.048828125,1.12646484375,0.016845703125
0.0,-1.74713134765625,-7.2784423828125,-4.2724609375,-0.053955078125,1.108154296875,0.022705078125
0.0,-3.18145751953125,-6.988525390625,-7.0343017578125,-0.0673828125,1.07177734375,0.039794921875
0.0,-4.38690185546875,-6.06536865234375,-9.74273681640625,-0.07568359375,1.095947265625,0.042236328125
0.0,-6.20269775390625,-5.25665283203125,-14.22882080078125,-0.081298828125,1.120849609375,0.04638671875
0.0,-7.26318359375,-4.47845458984375,-14.22119140625,-0.020751953125,1.05126953125,0.034423828125
0.0,-7.6141357421875,-2.79998779296875,-13.81683349609375,-0.0224609375,1.046630859375,0.049072265625
0.0,-7.63702392578125,-1.6632080078125,-13.1378173828125,-0.0390625,1.0,0.060546875
0.0,-7.04193115234375,-0.11444091796875,-10.09368896484375,-0.013916015625,0.912353515625,0.054443359375
0.0,-4.21142578125,1.129150390625,-4.84466552734375,-0.05615234375,0.783203125,0.024658203125
0.0,-0.35858154296875,1.19781494140625,-2.92205810546875,-0.0830078125,0.770263671875,0.005615234375
0.0,2.7923583984375,1.56402587890625,0.78582763671875,-0.076904296875,0.74658203125,-0.00830078125
0.0,5.0811767578125,1.39617919921875,1.8310546875,-0.13232421875,0.79833984375,0.013671875
0.0,5.82122802734375,0.48828125,0.0,-0.156494140625,0.86669921875,0.0126953125
0.0,5.1727294921875,-0.26702880859375,-1.6937255859375,-0.156982421875,0.871826171875,0.01025390625
0.0,4.2877197265625,-1.30462646484375,-5.48553466796875,-0.170166015625,0.88037109375,0.01611328125
0.0,4.09698486328125,-2.3040771484375,-5.83648681640625,-0.1123046875,0.90185546875,0.01708984375
0.0,3.45611572265625,-2.4261474609375,-6.06536865234375,-0.1181640625,0.8544921875,0.009765625
0.0,4.364013671875,-3.15093994140625,-4.3182373046875,-0.115966796875,0.83984375,0.012451171875
0.0,5.68389892578125,-3.570556640625,-1.83868408203125,-0.09912109375,0.80029296875,0.003173828125
0.0,8.20159912109375,-3.936767578125,1.678466796875,-0.1005859375,0.811279296875,0.008544921875
0.0,10.6353759765625,-4.38690185546875,6.30950927734375,-0.114501953125,0.79052734375,0.01025390625
0.0,13.14544677734375,-4.6844482421875,8.68988037109375,-0.115234375,0.818603515625,0.0166015625
0.0,15.14434814453125,-4.791259765625,10.25390625,-0.099365234375,0.826171875,0.0205078125
0.0,16.8304443359375,-4.72259521484375,12.4053955078125,-0.109375,0.82421875,0.015380859375
0.0,18.45550537109375,-5.3558349609375,12.27569580078125,-0.133056640625,0.904296875,0.0205078125
0.0,17.8070068359375,-5.42449951171875,9.10186767578125,-0.137451171875,0.963623046875,0.027099609375
0.0,17.29583740234375,-5.97381591796875,7.62939453125,-0.15380859375,0.966796875,0.028564453125
0.0,17.2882080078125,-6.47735595703125,6.072998046875,-0.123779296875,0.923583984375,0.01708984375
0.0,18.2342529296875,-6.195068359375,7.110595703125,-0.0859375,0.935546875,0.009765625
0.0,19.5465087890625,-5.94329833984375,8.72039794921875,-0.08642578125,0.8916015625,-0.0009765625
0.0,21.23260498046875,-6.01959228515625,10.101318359375,-0.0869140625,0.910888671875,0.002197265625
0.0,21.46148681640625,-5.889892578125,14.83154296875,-0.075439453125,1.1240234375,0.002197265625
0.0,18.6004638671875,-5.8746337890625,21.4080810546875,-0.096435546875,1.21435546875,0.008056640625
0.0,14.83917236328125,-6.53839111328125,22.4151611328125,-0.117919921875,1.24072265625,0.017822265625
0.0,11.932373046875,-6.67572021484375,23.12469482421875,-0.10693359375,1.245849609375,0.0048828125
0.0,8.1634521484375,-6.2255859375,22.34649658203125,-0.07373046875,1.255126953125,0.00390625
0.0,4.73785400390625,-5.37109375,22.27783203125,-0.070556640625,1.248291015625,0.006103515625
0.0,1.01470947265625,-5.10406494140625,20.56884765625,-0.07763671875,1.247802734375,0.00048828125
0.0,-2.3651123046875,-4.34112548828125,19.1497802734375,-0.05517578125,1.18994140625,-0.0068359375
0.0,-4.058837890625,-3.3111572265625,16.99066162109375,-0.06884765625,1.120849609375,-0.017333984375
0.0,-4.6234130859375,-2.7618408203125,13.1072998046875,-0.0615234375,1.054931640625,-0.029541015625
0.0,-3.7078857421875,-0.96893310546875,10.1470947265625,-0.05224609375,1.004150390625,-0.029296875
0.0,-2.38037109375,-0.05340576171875,5.45501708984375,-0.0830078125,0.99072265625,-0.034423828125
0.0,-0.823974609375,0.83160400390625,2.11334228515625,-0.053466796875,0.969970703125,-0.0400390625
0.0,0.58746337890625,1.89208984375,-0.1983642578125,-0.056640625,1.012451171875,-0.028564453125
0.0,1.8157958984375,2.3651123046875,-2.79998779296875,-0.047119140625,0.96240234375,-0.0361328125
0.0,3.2501220703125,3.42559814453125,-3.68499755859375,-0.029541015625,0.962890625,-0.0263671875
0.0,4.4403076171875,4.08172607421875,-5.523681640625,-0.053955078125,0.988525390625,-0.02978515625
0.0,5.126953125,4.34112548828125,-4.84466552734375,-0.056640625,0.9755859375,-0.009033203125
0.0,4.73785400390625,4.2877197265625,-5.56182861328125,-0.078369140625,1.040283203125,0.0087890625
0.0,3.0059814453125,3.79180908203125,-4.00543212890625,-0.073974609375,1.046142578125,0.014892578125
0.0,1.8463134765625,3.35693359375,-3.34930419921875,-0.084716796875,1.0185546875,0.012939453125
0.0,0.45013427734375,2.64739990234375,-2.26593017578125,-0.07373046875,1.030517578125,0.024169921875
0.0,-0.83160400390625,1.97601318359375,-0.28228759765625,-0.067626953125,0.9814453125,0.01611328125
0.0,-0.81634521484375,1.51824951171875,2.00653076171875,-0.07421875,0.959716796875,0.01318359375
0.0,-1.10626220703125,0.4119873046875,3.94439697265625,-0.0615234375,0.93505859375,0.021240234375
0.0,-0.244140625,-0.030517578125,8.1329345703125,-0.069580078125,0.920166015625,0.010498046875
0.0,0.93841552734375,-1.24359130859375,11.90185546875,-0.0791015625,0.8994140625,0.02001953125
0.0,2.12860107421875,-1.83868408203125,14.56451416015625,-0.083251953125,0.894287109375,0.021240234375
0.0,3.082275390625,-2.26593017578125,15.35797119140625,-0.08740234375,0.926513671875,0.02490234375
0.0,3.68499755859375,-3.28826904296875,15.31219482421875,-0.095458984375,0.90966796875,0.006591796875
0.0,6.15692138671875,-3.4637451171875,14.74761962890625,-0.078369140625,0.887451171875,0.00390625
0.0,8.29315185546875,-3.89862060546875,10.3607177734375,-0.098388671875,0.935791015625,0.0048828125
0.0,9.21630859375,-3.79180908203125,7.5836181640625,-0.05712890625,1.023193359375,0.01611328125
0.0,8.43048095703125,-3.814697265625,7.4462890625,-0.0810546875,1.12158203125,0.01708984375
0.0,6.26373291015625,-4.1961669921875,6.65283203125,-0.075927734375,1.12841796875,0.01904296875
0.0,4.547119140625,-4.4403076171875,7.10296630859375,-0.064453125,1.151123046875,0.015380859375
0.0,2.3651123046875,-4.21142578125,7.50732421875,-0.05419921875,1.094482421875,0.004638671875
0.0,2.28118896484375,-4.44793701171875,8.087158203125,-0.07666015625,1.03759765625,-0.013916015625
0.0,2.54058837890625,-4.241943359375,7.56072998046875,-0.064208984375,1.0380859375,-0.006103515625
0.0,3.10516357421875,-4.32586669921875,5.9356689453125,-0.0703125,1.04248046875,-0.01318359375
0.0,3.4027099609375,-4.00543212890625,2.83050537109375,-0.052001953125,1.041259765625,-0.009033203125
0.0,2.86102294921875,-3.7841796875,1.41143798828125,-0.0400390625,1.102294921875,-0.0078125
0.0,1.52587890625,-3.82232666015625,-0.40435791015625,-0.033447265625,1.09716796875,-0.003173828125
0.0,-0.06103515625,-3.60870361328125,-2.0751953125,-0.026123046875,1.075927734375,-0.01025390625
0.0,-1.82342529296875,-3.5858154296875,-2.47955322265625,-0.02197265625,1.089599609375,-0.0048828125
0.0,-2.5177001953125,-3.9825439453125,-1.800537109375,-0.023681640625,0.963623046875,-0.024658203125
0.0,-1.89208984375,-3.9520263671875,-2.23541259765625,-0.013916015625,0.94580078125,-0.028564453125
0.0,-0.86212158203125,-3.89862060546875,-1.5106201171875,0.002197265625,0.886962890625,-0.033935546875
0.0,0.74005126953125,-4.02069091796875,0.335693359375,0.004150390625,0.859375,-0.033203125
0.0,2.1209716796875,-3.80706787109375,2.349853515625,0.01171875,0.86572265625,-0.025390625
0.0,3.35693359375,-3.7841796875,3.631591796875,0.000244140625,0.912841796875,-0.02099609375
0.0,3.8299560546875,-3.71551513671875,4.1961669921875,0.006591796875,0.9189453125,-0.017333984375
0.0,3.97491455078125,-3.7384033203125,3.66973876953125,0.012451171875,0.978271484375,-0.009033203125
0.0,3.692626953125,-3.2806396484375,4.20379638671875,0.025390625,0.9736328125,-0.0107421875
0.0,4.09698486328125,-3.23486328125,3.30352783203125,0.0283203125,0.999267578125,-0.009521484375
0.0,4.17327880859375,-2.52532958984375,4.5166015625,0.03857421875,1.010986328125,-0.00439453125
0.0,3.9215087890625,-2.01416015625,5.1727294921875,0.027099609375,1.022705078125,0.003662109375
0.0,3.91387939453125,-1.68609619140625,5.79833984375,0.00634765625,1.00439453125,0.00390625
0.0,3.30352783203125,-1.09100341796875,6.34765625,0.00830078125,1.020263671875,0.01220703125
0.0,3.11279296875,-0.5340576171875,5.68389892578125,-0.02197265625,0.989990234375,0.003662109375
0.0,3.44085693359375,-0.17547607421875,4.8828125,-0.010009765625,1.015625,0.01025390625
0.0,3.3721923828125,0.518798828125,3.9215087890625,-0.011962890625,1.028564453125,0.000244140625
0.0,3.6163330078125,1.068115234375,2.18963623046875,-0.00537109375,1.086181640625,0.004638671875
0.0,2.61688232421875,1.4495849609375,0.9002685546875,-0.01513671875,1.125244140625,-0.0029296875
0.0,1.12152099609375,1.89208984375,-0.8392333984375,-0.009521484375,1.12841796875,0.001708984375
0.0,-0.0762939453125,2.3345947265625,-2.90679931640625,-0.02294921875,1.1416015625,-0.00634765625
0.0,-1.6632080078125,2.40325927734375,-3.9825439453125,-0.028564453125,1.13232421875,-0.005859375
0.0,-2.75421142578125,2.25830078125,-4.9285888671875,-0.0361328125,1.125244140625,-0.020263671875
0.0,-3.509521484375,2.25067138671875,-5.02777099609375,-0.0439453125,1.10400390625,-0.018798828125
0.0,-4.0435791015625,1.7547607421875,-5.72967529296875,-0.064697265625,1.1005859375,-0.023193359375
0.0,-5.06591796875,1.251220703125,-5.1116943359375,-0.055419921875,1.09423828125,-0.014892578125
0.0,-5.5084228515625,0.72479248046875,-5.889892578125,-0.07177734375,1.07421875,-0.011962890625
0.0,-6.195068359375,0.23651123046875,-7.6446533203125,-0.071533203125,1.0927734375,-0.00927734375
0.0,-7.5836181640625,-0.640869140625,-7.74383544921875,-0.097900390625,1.111572265625,-0.0126953125
0.0,-9.37652587890625,-1.556396484375,-8.1634521484375,-0.1064453125,1.101806640625,-0.016845703125
0.0,-10.56671142578125,-1.74713134765625,-10.59722900390625,-0.094482421875,1.065185546875,-0.0078125
0.0,-10.2386474609375,-1.2664794921875,-13.69476318359375,-0.103515625,1.034423828125,-0.013427734375
0.0,-9.9945068359375,-1.7852783203125,-15.4571533203125,-0.091796875,1.040283203125,-0.00048828125
0.0,-10.03265380859375,-2.08282470703125,-13.9007568359375,-0.081298828125,1.052978515625,-0.01123046875
0.0,-10.67352294921875,-2.70843505859375,-13.03863525390625,-0.11572265625,1.05908203125,-0.00537109375
0.0,-11.02447509765625,-3.7689208984375,-12.451171875,-0.1201171875,1.053466796875,-0.0078125
0.0,-12.0086669921875,-4.2724609375,-12.88604736328125,-0.103271484375,1.0146484375,-0.00732421875
0.0,-12.00103759765625,-4.6539306640625,-13.19122314453125,-0.106201171875,1.00830078125,-0.004150390625
0.0,-12.13836669921875,-5.0048828125,-12.9852294921875,-0.07763671875,0.99658203125,-0.01123046875
0.0,-12.04681396484375,-5.6304931640625,-11.29913330078125,-0.08935546875,0.985595703125,-0.012451171875
0.0,-12.39013671875,-5.8746337890625,-10.79559326171875,-0.0869140625,1.009765625,-0.00537109375
0.0,-13.51165771484375,-6.96563720703125,-10.70404052734375,-0.119140625,0.989501953125,-0.000244140625
0.0,-13.83209228515625,-7.25555419921875,-11.16180419921875,-0.09228515625,0.96875,0.001708984375
0.0,-13.43536376953125,-7.71331787109375,-9.94110107421875,-0.100830078125,0.95703125,0.003662109375
0.0,-12.61138916015625,-8.27789306640625,-7.7972412109375,-0.0771484375,0.949951171875,0.000732421875
0.0,-11.87896728515625,-8.4228515625,-6.05010986328125,-0.0810546875,0.952880859375,0.008544921875
0.0,-11.0321044921875,-8.5906982421875,-4.12750244140625,-0.09326171875,0.93994140625,0.012451171875
0.0,-10.5743408203125,-9.19342041015625,-3.173828125,-0.1005859375,0.97265625,0.023681640625
0.0,-10.12420654296875,-9.55963134765625,-2.044677734375,-0.0966796875,0.95849609375,0.023681640625
0.0,-9.86480712890625,-9.94873046875,-1.007080078125,-0.085205078125,0.97509765625,0.031494140625
0.0,-9.735107421875,-10.20050048828125,0.152587890625,-0.094970703125,0.98291015625,0.03759765625
0.0,-9.94110107421875,-10.9710693359375,1.30462646484375,-0.098388671875,0.989013671875,0.051513671875
0.0,-10.6048583984375,-10.07080078125,-1.07574462890625,-0.084228515625,0.97900390625,0.041015625
0.0,-11.1236572265625,-10.2081298828125,-3.1585693359375,-0.095947265625,0.978515625,0.05908203125
0.0,-11.2152099609375,-10.009765625,-3.3111572265625,-0.05322265625,1.006591796875,0.06005859375
0.0,-11.36016845703125,-9.59014892578125,-2.7008056640625,-0.0810546875,0.969970703125,0.0615234375
0.0,-10.6353759765625,-10.06317138671875,-2.69317626953125,-0.100830078125,0.97900390625,0.06787109375
0.0,-10.71929931640625,-9.58251953125,-4.02069091796875,-0.07763671875,0.991455078125,0.079833984375
0.0,-10.223388671875,-9.9029541015625,-3.31878662109375,-0.0908203125,0.959228515625,0.073486328125
0.0,-9.9639892578125,-9.2315673828125,-3.6773681640625,-0.0478515625,0.9619140625,0.06884765625
0.0,-9.25445556640625,-9.0484619140625,-4.3182373046875,-0.09716796875,0.946533203125,0.07275390625
0.0,-8.72039794921875,-9.66644287109375,-3.47137451171875,-0.065673828125,0.970458984375,0.083251953125
0.0,-8.6517333984375,-8.38470458984375,-5.0201416015625,-0.075439453125,0.944580078125,0.073974609375
0.0,-7.94219970703125,-9.1400146484375,-5.92041015625,-0.0869140625,0.96484375,0.089599609375
0.0,-8.11004638671875,-7.99560546875,-6.805419921875,-0.02978515625,0.937744140625,0.0751953125
0.0,-7.415771484375,-7.65228271484375,-7.54547119140625,-0.103271484375,0.9423828125,0.083251953125
0.0,-7.40814208984375,-8.65936279296875,-6.4697265625,-0.0498046875,0.95458984375,0.083251953125
0.0,-6.7596435546875,-6.8359375,-7.89642333984375,-0.08935546875,0.937255859375,0.07421875
0.0,-6.0882568359375,-7.98797607421875,-8.18634033203125,-0.0927734375,0.925537109375,0.096923828125
0.0,-5.7220458984375,-7.32421875,-7.04193115234375,-0.0546875,0.950927734375,0.088623046875
0.0,-4.98199462890625,-7.05718994140625,-5.462646484375,-0.096435546875,0.923583984375,0.087158203125
0.0,-4.26483154296875,-7.80487060546875,-4.3182373046875,-0.102294921875,0.948486328125,0.10009765625
0.0,-3.9520263671875,-7.965087890625,-3.448486328125,-0.086181640625,0.961669921875,0.10009765625
0.0,-3.021240234375,-7.68280029296875,-2.03704833984375,-0.095703125,0.95263671875,0.096923828125
0.0,-2.93731689453125,-8.0108642578125,-1.7547607421875,-0.10107421875,0.97119140625,0.1103515625
0.0,-2.93731689453125,-8.07952880859375,-0.78582763671875,-0.084716796875,0.961669921875,0.102294921875
0.0,-2.51007080078125,-7.66754150390625,0.9002685546875,-0.102294921875,0.978271484375,0.0986328125
0.0,-2.57110595703125,-7.75909423828125,1.0833740234375,-0.11279296875,0.963134765625,0.112548828125
0.0,-2.22015380859375,-7.92694091796875,1.5869140625,-0.1103515625,0.95703125,0.103271484375
0.0,-1.93023681640625,-7.4462890625,2.58636474609375,-0.103759765625,0.976806640625,0.116455078125
0.0,-1.77764892578125,-7.2784423828125,2.20489501953125,-0.1201171875,0.9619140625,0.11328125
0.0,-1.5869140625,-6.9732666015625,1.9073486328125,-0.087158203125,0.9560546875,0.114990234375
0.0,-1.21307373046875,-5.950927734375,2.00653076171875,-0.09326171875,0.9609375,0.11865234375
0.0,-1.3885498046875,-5.50079345703125,1.31988525390625,-0.10888671875,0.96630859375,0.118896484375
0.0,-1.09100341796875,-5.14984130859375,-0.1678466796875,-0.103515625,0.943603515625,0.12451171875
0.0,-0.61798095703125,-4.5166015625,-0.335693359375,-0.090576171875,0.943603515625,0.119873046875
0.0,-0.0457763671875,-3.76129150390625,-0.5035400390625,-0.100341796875,0.937255859375,0.123291015625
0.0,0.35858154296875,-3.35693359375,-1.9683837890625,-0.1064453125,0.94384765625,0.122314453125
0.0,0.5340576171875,-2.716064453125,-2.6397705078125,-0.08837890625,0.94775390625,0.126708984375
0.0,0.9918212890625,-1.9073486328125,-2.35748291015625,-0.09912109375,0.9501953125,0.123779296875
0.0,1.220703125,-1.617431640625,-2.960205078125,-0.1044921875,0.95166015625,0.126953125
0.0,1.7242431640625,-1.16729736328125,-3.4027099609375,-0.102783203125,0.947021484375,0.120361328125
0.0,2.03704833984375,-0.4425048828125,-3.33404541015625,-0.096435546875,0.9501953125,0.12548828125
0.0,2.23541259765625,-0.0152587890625,-3.9215087890625,-0.101318359375,0.958984375,0.120849609375
0.0,2.6397705078125,0.54168701171875,-4.03594970703125,-0.09619140625,0.955810546875,0.12255859375
0.0,2.960205078125,0.8087158203125,-3.6468505859375,-0.097412109375,0.974609375,0.125244140625
0.0,3.143310546875,1.42669677734375,-3.33404541015625,-0.1103515625,0.971435546875,0.126708984375
0.0,3.4942626953125,0.9613037109375,-3.90625,-0.112548828125,0.95458984375,0.127197265625
0.0,3.92913818359375,1.99127197265625,-3.6163330078125,-0.076904296875,0.943115234375,0.120361328125
0.0,4.38690185546875,2.1209716796875,-3.25775146484375,-0.1123046875,0.95361328125,0.12744140625
0.0,4.69970703125,2.49481201171875,-3.80706787109375,-0.070556640625,0.955322265625,0.124267578125
0.0,4.89044189453125,3.34930419921875,-3.22723388671875,-0.10888671875,0.97216796875,0.13134765625
0.0,5.43975830078125,3.07464599609375,-4.78363037109375,-0.061767578125,0.9599609375,0.121826171875
0.0,6.18743896484375,4.21142578125,-4.46319580078125,-0.1142578125,0.96484375,0.12646484375
0.0,6.26373291015625,3.66973876953125,-5.1727294921875,-0.084716796875,0.987548828125,0.13427734375
0.0,6.24847412109375,5.0048828125,-6.195068359375,-0.092041015625,0.978271484375,0.11865234375
0.0,6.73675537109375,4.43267822265625,-4.913330078125,-0.10302734375,1.004638671875,0.1298828125
0.0,6.20269775390625,5.2947998046875,-6.04248046875,-0.09033203125,0.98828125,0.115478515625
0.0,7.04193115234375,5.4168701171875,-7.83538818359375,-0.11181640625,0.993896484375,0.12158203125
0.0,6.4544677734375,5.92803955078125,-7.4462890625,-0.06640625,1.01513671875,0.118408203125
0.0,6.67572021484375,6.6375732421875,-8.76617431640625,-0.09375,0.999755859375,0.10498046875
0.0,6.55364990234375,6.7291259765625,-8.14056396484375,-0.08251953125,1.025146484375,0.114501953125
0.0,5.68389892578125,7.4920654296875,-9.31549072265625,-0.094482421875,1.0048828125,0.110595703125
0.0,5.77545166015625,7.6141357421875,-10.6353759765625,-0.089599609375,0.970458984375,0.09619140625
0.0,6.05010986328125,8.07952880859375,-9.552001953125,-0.072509765625,1.0087890625,0.10986328125
0.0,5.27191162109375,8.758544921875,-9.78851318359375,-0.08740234375,1.004638671875,0.10205078125
0.0,5.13458251953125,8.53729248046875,-11.0321044921875,-0.103759765625,0.998046875,0.10107421875
0.0,4.6844482421875,9.2620849609375,-10.7269287109375,-0.0517578125,1.0126953125,0.107421875
0.0,4.3792724609375,10.040283203125,-10.21575927734375,-0.10009765625,0.98486328125,0.09423828125
0.0,4.43267822265625,9.55963134765625,-10.96343994140625,-0.083740234375,0.998046875,0.099853515625
0.0,4.1351318359375,10.5438232421875,-10.55908203125,-0.067138671875,1.005126953125,0.094970703125
0.0,3.84521484375,10.84136962890625,-9.97161865234375,-0.10693359375,1.018798828125,0.1064453125
0.0,2.9449462890625,10.5133056640625,-11.4593505859375,-0.076904296875,1.023681640625,0.103271484375
0.0,2.75421142578125,11.29150390625,-10.23101806640625,-0.06787109375,1.0078125,0.094482421875
0.0,2.86865234375,11.5203857421875,-8.7432861328125,-0.08837890625,1.009521484375,0.0986328125
0.0,2.54058837890625,11.60430908203125,-9.65118408203125,-0.09814453125,1.01904296875,0.100830078125
0.0,2.0599365234375,11.20758056640625,-8.35418701171875,-0.099365234375,1.032470703125,0.108154296875
0.0,1.39617919921875,11.31439208984375,-7.87353515625,-0.080078125,1.016845703125,0.0927734375
0.0,1.51824951171875,11.505126953125,-7.04193115234375,-0.08251953125,0.997802734375,0.090576171875
0.0,1.15966796875,11.6424560546875,-4.94384765625,-0.0859375,1.0166015625,0.09912109375
0.0,0.35858154296875,11.871337890625,-4.852294921875,-0.10498046875,1.010498046875,0.09716796875
0.0,0.0152587890625,11.04736328125,-3.3721923828125,-0.114990234375,1.017822265625,0.101318359375
0.0,-0.37384033203125,11.48223876953125,-2.4261474609375,-0.083984375,1.013671875,0.0986328125
0.0,-0.70953369140625,11.3983154296875,-2.044677734375,-0.110107421875,0.99755859375,0.093017578125
0.0,-0.823974609375,11.2762451171875,0.1373291015625,-0.08251953125,1.02099609375,0.10546875
0.0,-1.70135498046875,11.71112060546875,1.70135498046875,-0.11181640625,1.015869140625,0.102294921875
0.0,-2.13623046875,11.10076904296875,1.9683837890625,-0.11962890625,0.986572265625,0.104736328125
0.0,-2.43377685546875,11.16180419921875,3.0517578125,-0.093994140625,0.98876953125,0.1025390625
0.0,-2.52532958984375,11.07025146484375,4.57000732421875,-0.104248046875,0.974609375,0.102783203125
0.0,-2.25067138671875,11.1541748046875,4.974365234375,-0.092529296875,0.985595703125,0.101318359375
0.0,-2.69317626953125,11.199951171875,5.91278076171875,-0.10400390625,1.00830078125,0.109375
0.0,-3.24249267578125,10.9710693359375,6.46209716796875,-0.107177734375,1.0029296875,0.111083984375
0.0,-3.662109375,10.96343994140625,5.77545166015625,-0.093994140625,0.985107421875,0.103271484375
0.0,-3.35693359375,10.93292236328125,7.0648193359375,-0.09130859375,0.9814453125,0.100830078125
0.0,-3.0975341796875,10.93292236328125,7.85064697265625,-0.107666015625,1.004150390625,0.10302734375
0.0,-3.60107421875,10.7574462890625,8.1939697265625,-0.11181640625,1.010986328125,0.11767578125
0.0,-4.09698486328125,10.38360595703125,7.95745849609375,-0.113037109375,1.00341796875,0.110595703125
0.0,-4.09698486328125,10.528564453125,8.97216796875,-0.09228515625,0.98583984375,0.108642578125
0.0,-3.90625,10.3607177734375,9.6282958984375,-0.12109375,0.99267578125,0.108642578125
0.0,-3.5858154296875,10.19287109375,9.30023193359375,-0.10498046875,0.986572265625,0.107421875
0.0,-3.5247802734375,10.12420654296875,9.34600830078125,-0.101318359375,1.023681640625,0.11962890625
0.0,-4.0740966796875,10.1165771484375,9.17816162109375,-0.10986328125,1.010009765625,0.123779296875
0.0,-4.0740966796875,10.07080078125,8.6669921875,-0.104736328125,0.990234375,0.116943359375
0.0,-3.51715087890625,9.95635986328125,9.5977783203125,-0.106689453125,0.991943359375,0.116943359375
0.0,-3.5858154296875,9.9639892578125,10.01739501953125,-0.122802734375,0.985595703125,0.119140625
0.0,-3.34930419921875,9.4451904296875,9.5062255859375,-0.142333984375,0.971923828125,0.122802734375
0.0,-3.36456298828125,9.2620849609375,9.5062255859375,-0.106201171875,0.97216796875,0.11572265625
0.0,-2.95257568359375,9.2315673828125,10.2996826171875,-0.11865234375,0.97021484375,0.110595703125
0.0,-2.43377685546875,9.1094970703125,10.3607177734375,-0.125244140625,0.982666015625,0.119140625
0.0,-2.38037109375,8.8653564453125,9.91058349609375,-0.1181640625,0.998779296875,0.12060546875
0.0,-2.47955322265625,8.75091552734375,11.1236572265625,-0.12939453125,1.001220703125,0.1240234375
0.0,-2.6702880859375,8.209228515625,10.58197021484375,-0.13037109375,1.00341796875,0.116455078125
0.0,-2.5177001953125,8.056640625,10.4522705078125,-0.11181640625,0.990966796875,0.11279296875
0.0,-2.25830078125,7.97271728515625,10.56671142578125,-0.126220703125,1.00341796875,0.109130859375
0.0,-2.2125244140625,7.537841796875,10.25390625,-0.124267578125,1.010009765625,0.11767578125
0.0,-2.32696533203125,7.19451904296875,10.13946533203125,-0.124755859375,1.013916015625,0.116943359375
0.0,-2.25067138671875,7.049560546875,9.75799560546875,-0.121337890625,1.000732421875,0.120849609375
0.0,-1.96075439453125,6.8359375,9.4757080078125,-0.123046875,0.991455078125,0.12109375
0.0,-1.70135498046875,6.61468505859375,9.0484619140625,-0.1142578125,0.9951171875,0.11962890625
0.0,-1.57928466796875,6.41632080078125,9.1705322265625,-0.1171875,0.996826171875,0.120361328125
0.0,-1.22833251953125,6.2408447265625,9.21630859375,-0.123046875,0.996826171875,0.121337890625
0.0,-0.96893310546875,5.85174560546875,8.514404296875,-0.121337890625,1.0029296875,0.12451171875
0.0,-0.6256103515625,5.7830810546875,7.91168212890625,-0.111328125,1.00927734375,0.126220703125
0.0,-0.34332275390625,5.54656982421875,7.68280029296875,-0.116455078125,1.009033203125,0.125
0.0,0.0457763671875,5.401611328125,6.93511962890625,-0.110107421875,1.0107421875,0.1259765625
0.0,0.28228759765625,5.31768798828125,6.561279296875,-0.103515625,1.001220703125,0.127197265625
0.0,0.640869140625,5.19561767578125,6.24847412109375,-0.108154296875,0.994873046875,0.12548828125
0.0,1.30462646484375,5.126953125,5.3863525390625,-0.1083984375,0.98876953125,0.124755859375
0.0,1.79290771484375,4.9896240234375,3.8604736328125,-0.10302734375,1.0126953125,0.117919921875
0.0,2.13623046875,5.05828857421875,3.59344482421875,-0.09228515625,1.0205078125,0.119384765625
0.0,2.3651123046875,4.791259765625,2.96783447265625,-0.102783203125,1.023681640625,0.118408203125
0.0,2.63214111328125,4.852294921875,1.76239013671875,-0.086669921875,1.0166015625,0.121826171875
0.0,3.0670166015625,4.82177734375,1.19781494140625,-0.09765625,1.0068359375,0.1201171875
0.0,3.48663330078125,4.852294921875,0.32806396484375,-0.081787109375,0.99267578125,0.12158203125
0.0,3.7689208984375,4.913330078125,-0.6561279296875,-0.08740234375,0.960693359375,0.115478515625
0.0,3.997802734375,4.93621826171875,-1.39617919921875,-0.081787109375,0.92724609375,0.109619140625
0.0,4.2266845703125,4.99725341796875,-2.0599365234375,-0.09765625,0.91064453125,0.099365234375
0.0,4.87518310546875,4.9591064453125,-3.30352783203125,-0.10498046875,0.905029296875,0.097900390625
0.0,5.035400390625,5.126953125,-3.90625,-0.088623046875,0.921142578125,0.107666015625
0.0,5.04302978515625,5.14984130859375,-5.43975830078125,-0.09130859375,0.927978515625,0.101318359375
0.0,5.1422119140625,5.37872314453125,-5.79833984375,-0.084228515625,0.952880859375,0.109130859375
0.0,5.37109375,5.72967529296875,-6.50787353515625,-0.098876953125,0.998291015625,0.109130859375
0.0,5.37109375,5.82122802734375,-7.24029541015625,-0.106689453125,1.01513671875,0.1240234375
0.0,5.02777099609375,5.859375,-7.38525390625,-0.123046875,1.006103515625,0.128173828125
0.0,4.486083984375,5.91278076171875,-8.544921875,-0.11376953125,0.947509765625,0.123779296875
0.0,4.547119140625,6.12640380859375,-7.781982421875,-0.109130859375,0.88720703125,0.10888671875
0.0,5.37109375,6.44683837890625,-7.63702392578125,-0.1220703125,0.864501953125,0.111572265625
0.0,5.76019287109375,6.072998046875,-8.96453857421875,-0.128662109375,0.88134765625,0.11376953125
0.0,5.9814453125,6.683349609375,-7.8277587890625,-0.1162109375,0.8984375,0.1240234375
0.0,5.57708740234375,6.56890869140625,-10.0860595703125,-0.1435546875,0.89599609375,0.1103515625
0.0,5.7220458984375,6.4697265625,-10.15472412109375,-0.12646484375,0.914794921875,0.1064453125
0.0,5.89752197265625,6.8817138671875,-8.85772705078125,-0.131591796875,0.92236328125,0.109619140625
0.0,5.2642822265625,7.14111328125,-9.4757080078125,-0.155029296875,0.964111328125,0.109375
0.0,4.75311279296875,6.61468505859375,-8.8958740234375,-0.161376953125,0.988525390625,0.116943359375
0.0,4.12750244140625,6.90460205078125,-8.97979736328125,-0.151611328125,0.9736328125,0.1083984375
0.0,3.90625,7.0953369140625,-8.65936279296875,-0.1728515625,0.9580078125,0.108642578125
0.0,4.2266845703125,7.08770751953125,-7.9803466796875,-0.163330078125,0.96435546875,0.112060546875
0.0,3.875732421875,7.33184814453125,-7.14111328125,-0.176513671875,0.980224609375,0.126220703125
0.0,3.2806396484375,7.11822509765625,-6.40869140625,-0.180419921875,0.9697265625,0.120849609375
0.0,2.99835205078125,7.57598876953125,-5.889892578125,-0.162841796875,0.95556640625,0.117919921875
0.0,2.9144287109375,7.6141357421875,-4.93621826171875,-0.172119140625,0.9423828125,0.111083984375
0.0,2.899169921875,7.94219970703125,-3.85284423828125,-0.1474609375,0.93017578125,0.10888671875
0.0,2.86102294921875,8.4075927734375,-2.76947021484375,-0.178955078125,0.959716796875,0.1103515625
0.0,2.20489501953125,8.2550048828125,-3.082275390625,-0.162841796875,0.9765625,0.114501953125
0.0,1.708984375,8.7890625,-2.61688232421875,-0.16357421875,0.975341796875,0.108642578125
0.0,1.495361328125,9.0484619140625,-2.62451171875,-0.162353515625,0.98046875,0.107421875
0.0,0.9918212890625,9.55963134765625,-1.74713134765625,-0.148681640625,0.996337890625,0.107421875
0.0,0.34332275390625,10.07080078125,-0.67901611328125,-0.1748046875,1.0,0.113525390625
0.0,-0.54931640625,10.00213623046875,-1.35040283203125,-0.17626953125,0.999755859375,0.117431640625
0.0,-1.129150390625,10.49041748046875,-0.78582763671875,-0.159912109375,0.989990234375,0.11865234375
0.0,-1.36566162109375,10.99395751953125,-0.32806396484375,-0.16357421875,0.986083984375,0.119384765625
0.0,-1.80816650390625,11.29150390625,-1.39617919921875,-0.158935546875,1.007080078125,0.11962890625
0.0,-2.197265625,11.871337890625,-1.007080078125,-0.149169921875,1.020751953125,0.128173828125
0.0,-3.4332275390625,12.53509521484375,-1.71661376953125,-0.163330078125,1.046142578125,0.129150390625
0.0,-3.79180908203125,12.93182373046875,-1.953125,-0.15673828125,1.047607421875,0.122314453125
0.0,-4.38690185546875,13.66424560546875,-2.86865234375,-0.15283203125,1.081298828125,0.129638671875
0.0,-4.29534912109375,14.068603515625,-3.30352783203125,-0.148193359375,1.169189453125,0.13720703125
0.0,-3.73077392578125,14.8773193359375,-2.1514892578125,-0.14794921875,1.44873046875,0.129150390625
0.0,-5.4168701171875,15.34271240234375,2.60162353515625,-0.20361328125,1.43994140625,0.150390625
0.0,-7.14111328125,15.17486572265625,5.4473876953125,-0.203857421875,1.26708984375,0.162353515625
0.0,-9.429931640625,15.472412109375,0.1678466796875,-0.154541015625,1.107666015625,0.10302734375
0.0,-9.88006591796875,16.021728515625,-0.45013427734375,-0.114990234375,0.9521484375,0.1025390625
0.0,-8.78143310546875,16.34979248046875,0.78582763671875,-0.070068359375,0.980224609375,0.134033203125
0.0,-7.4920654296875,17.08221435546875,2.63214111328125,-0.0908203125,1.05126953125,0.125244140625
0.0,-6.69097900390625,17.8375244140625,1.74713134765625,-0.09326171875,1.14013671875,0.142822265625
0.0,-6.58416748046875,18.2647705078125,1.922607421875,-0.11572265625,1.218505859375,0.15771484375
0.0,-7.85064697265625,18.48602294921875,-0.030517578125,-0.087890625,1.14013671875,0.158935546875
0.0,-7.87353515625,19.500732421875,-0.1068115234375,-0.072998046875,1.128662109375,0.16015625
0.0,-7.99560546875,19.00482177734375,0.42724609375,-0.10498046875,1.1298828125,0.154541015625
0.0,-7.4615478515625,19.4549560546875,1.22833251953125,-0.0546875,1.09228515625,0.1240234375
0.0,-5.9356689453125,20.5230712890625,1.0833740234375,-0.087890625,1.08056640625,0.144287109375
0.0,-5.89752197265625,19.8822021484375,-0.152587890625,-0.084228515625,1.074951171875,0.1416015625
0.0,-5.51605224609375,20.31707763671875,1.8310546875,-0.0771484375,1.04052734375,0.130859375
0.0,-5.5084228515625,19.989013671875,0.6103515625,-0.1240234375,1.087890625,0.133056640625
0.0,-6.06536865234375,17.7154541015625,2.044677734375,-0.137451171875,1.095703125,0.12255859375
0.0,-6.988525390625,14.9383544921875,6.34765625,-0.142333984375,1.087890625,0.129638671875
0.0,-8.44573974609375,10.7421875,10.59722900390625,-0.176025390625,1.10693359375,0.129638671875
0.0,-10.16998291015625,6.56890869140625,16.70074462890625,-0.181396484375,1.12451171875,0.136962890625
0.0,-12.3443603515625,2.49481201171875,20.56121826171875,-0.16748046875,1.10595703125,0.14697265625
0.0,-13.98468017578125,-0.74005126953125,23.68927001953125,-0.1298828125,1.065673828125,0.155517578125
0.0,-14.28985595703125,-2.50244140625,26.4892578125,-0.0869140625,1.027099609375,0.162353515625
0.0,-13.57269287109375,-3.47900390625,26.92413330078125,-0.059814453125,0.99267578125,0.158203125
0.0,-12.3443603515625,-3.42559814453125,26.98516845703125,-0.04052734375,0.971923828125,0.16259765625
0.0,-10.91766357421875,-3.204345703125,26.42059326171875,-0.05908203125,0.9619140625,0.1630859375
0.0,-9.1705322265625,-3.12042236328125,24.7650146484375,-0.045166015625,0.94873046875,0.1708984375
0.0,-7.66754150390625,-2.838134765625,24.51324462890625,-0.0517578125,0.956298828125,0.16357421875
0.0,-6.30950927734375,-2.8228759765625,24.627685546875,-0.0576171875,0.9755859375,0.164306640625
0.0,-5.45501708984375,-2.92205810546875,24.20806884765625,-0.0673828125,0.999267578125,0.1591796875
0.0,-4.3792724609375,-3.36456298828125,24.7802734375,-0.07275390625,0.960693359375,0.152587890625
0.0,-3.1585693359375,-3.53240966796875,24.65057373046875,-0.050048828125,0.956298828125,0.152587890625
0.0,-1.9378662109375,-3.85284423828125,24.33013916015625,-0.060791015625,0.963134765625,0.15185546875
0.0,-0.885009765625,-3.8604736328125,23.70452880859375,-0.052978515625,0.939453125,0.14697265625
0.0,0.2593994140625,-4.06646728515625,22.08709716796875,-0.069091796875,0.937255859375,0.146484375
0.0,1.47247314453125,-4.5928955078125,21.8658447265625,-0.05810546875,0.92724609375,0.140625
0.0,2.838134765625,-4.72259521484375,21.82769775390625,-0.061767578125,0.921630859375,0.14013671875
0.0,4.03594970703125,-5.10406494140625,21.56829833984375,-0.07958984375,0.9296875,0.1416015625
0.0,4.92095947265625,-5.7525634765625,21.82769775390625,-0.087646484375,0.927490234375,0.145263671875
0.0,5.89752197265625,-6.62994384765625,21.3623046875,-0.090576171875,0.902099609375,0.139404296875
0.0,7.1258544921875,-7.049560546875,20.89691162109375,-0.08740234375,0.905029296875,0.13427734375
0.0,8.2550048828125,-7.68280029296875,20.31707763671875,-0.08984375,0.892333984375,0.13525390625
0.0,9.46807861328125,-8.47625732421875,20.13397216796875,-0.09716796875,0.910888671875,0.12890625
0.0,10.9710693359375,-9.1094970703125,19.9737548828125,-0.10009765625,0.92822265625,0.135986328125
0.0,11.5966796875,-9.9945068359375,19.73724365234375,-0.11279296875,0.95556640625,0.13427734375
0.0,12.664794921875,-10.7879638671875,19.41680908203125,-0.125244140625,0.9638671875,0.1298828125
0.0,13.45062255859375,-11.6424560546875,19.3939208984375,-0.117919921875,0.98876953125,0.133544921875
0.0,13.85498046875,-12.62664794921875,19.195556640625,-0.116943359375,0.993896484375,0.12353515625
0.0,14.47296142578125,-13.3819580078125,19.50836181640625,-0.111083984375,0.981201171875,0.115234375
0.0,15.19775390625,-14.404296875,19.47021484375,-0.1279296875,0.987060546875,0.108154296875
0.0,15.57159423828125,-15.29693603515625,18.3563232421875,-0.12255859375,0.96630859375,0.109619140625
0.0,15.51055908203125,-16.18194580078125,18.6920166015625,-0.12451171875,0.9111328125,0.098388671875
0.0,15.594482421875,-16.937255859375,18.4783935546875,-0.128662109375,0.890869140625,0.090576171875
0.0,15.655517578125,-17.90618896484375,17.791748046875,-0.130126953125,0.79736328125,0.085205078125
0.0,16.2353515625,-18.6309814453125,18.2037353515625,-0.122314453125,0.74462890625,0.0849609375
0.0,16.48712158203125,-19.92034912109375,15.167236328125,-0.10888671875,0.7353515625,0.0771484375
0.0,17.44842529296875,-20.33233642578125,13.763427734375,-0.095703125,0.808837890625,0.076416015625
0.0,17.43316650390625,-20.751953125,11.72637939453125,-0.109375,0.908447265625,0.080810546875
0.0,17.3492431640625,-21.46148681640625,10.1470947265625,-0.0986328125,0.938720703125,0.084228515625
0.0,15.6402587890625,-21.7437744140625,7.63702392578125,-0.104736328125,0.913818359375,0.086181640625
0.0,14.434814453125,-22.6593017578125,6.5765380859375,-0.127685546875,0.824951171875,0.05908203125
0.0,13.7481689453125,-23.0255126953125,4.791259765625,-0.111083984375,0.741455078125,0.050048828125
0.0,13.46588134765625,-23.68927001953125,3.60107421875,-0.15576171875,0.702880859375,0.052734375
0.0,13.58795166015625,-24.77264404296875,1.495361328125,-0.13427734375,0.730224609375,0.07177734375
0.0,13.3819580078125,-24.9176025390625,0.20599365234375,-0.136962890625,0.764404296875,0.07470703125
0.0,13.214111328125,-25.73394775390625,-1.5106201171875,-0.143798828125,0.82958984375,0.0751953125
0.0,12.8173828125,-26.214599609375,-2.37274169921875,-0.140625,0.94580078125,0.075927734375
0.0,11.4593505859375,-26.7791748046875,-3.47137451171875,-0.15087890625,0.989013671875,0.08154296875
0.0,10.3759765625,-27.557373046875,-3.95965576171875,-0.155517578125,0.99951171875,0.089111328125
0.0,8.72802734375,-27.740478515625,-5.07354736328125,-0.140625,0.94580078125,0.0771484375
0.0,7.69805908203125,-28.228759765625,-6.52313232421875,-0.142333984375,0.927734375,0.0712890625
0.0,7.1258544921875,-28.54156494140625,-7.31658935546875,-0.1279296875,0.89697265625,0.062744140625
0.0,6.6680908203125,-28.6102294921875,-7.69805908203125,-0.123291015625,0.8955078125,0.07080078125
0.0,6.134033203125,-28.86962890625,-9.60540771484375,-0.12744140625,0.9482421875,0.074951171875
0.0,5.37109375,-28.83148193359375,-10.7879638671875,-0.11376953125,0.97314453125,0.076416015625
0.0,4.38690185546875,-28.96881103515625,-12.26043701171875,-0.1220703125,0.999267578125,0.07958984375
0.0,3.23486328125,-28.69415283203125,-13.60321044921875,-0.092041015625,1.010498046875,0.082275390625
0.0,2.44903564453125,-28.64837646484375,-14.1448974609375,-0.10498046875,1.023193359375,0.08984375
0.0,1.251220703125,-28.45001220703125,-16.04461669921875,-0.09228515625,1.0048828125,0.09375
0.0,0.92315673828125,-28.106689453125,-16.4794921875,-0.1015625,0.98291015625,0.098876953125
0.0,0.457763671875,-27.9693603515625,-19.43206787109375,-0.08740234375,1.005126953125,0.10205078125
0.0,0.16021728515625,-27.587890625,-20.27130126953125,-0.07861328125,0.958740234375,0.102294921875
0.0,-0.11444091796875,-27.19879150390625,-21.15631103515625,-0.070556640625,0.9765625,0.107421875
0.0,-1.01470947265625,-26.6571044921875,-23.26202392578125,-0.072509765625,0.97021484375,0.103515625
0.0,-1.15203857421875,-26.5045166015625,-24.26910400390625,-0.076171875,0.95947265625,0.098388671875
0.0,-1.5411376953125,-25.6805419921875,-26.10015869140625,-0.052001953125,0.95947265625,0.1005859375
0.0,-2.01416015625,-25.299072265625,-26.7333984375,-0.059814453125,0.948974609375,0.101318359375
0.0,-2.2125244140625,-24.75738525390625,-28.167724609375,-0.054931640625,0.954345703125,0.102783203125
0.0,-2.57110595703125,-24.017333984375,-29.47235107421875,-0.064453125,0.957763671875,0.1064453125
0.0,-2.67791748046875,-23.5137939453125,-30.69305419921875,-0.060791015625,0.972900390625,0.115234375
0.0,-2.86102294921875,-22.83477783203125,-31.68487548828125,-0.0625,0.977783203125,0.128173828125
0.0,-2.73895263671875,-22.45330810546875,-31.95953369140625,-0.07177734375,0.986328125,0.12158203125
0.0,-2.8839111328125,-21.75140380859375,-32.5164794921875,-0.063232421875,0.9873046875,0.12890625
0.0,-2.960205078125,-21.1944580078125,-32.66143798828125,-0.06689453125,0.989013671875,0.126708984375
0.0,-2.5482177734375,-20.538330078125,-32.0281982421875,-0.05712890625,0.989990234375,0.13525390625
0.0,-2.01416015625,-19.8822021484375,-31.41021728515625,-0.076416015625,1.003173828125,0.1416015625
0.0,-1.5411376953125,-19.287109375,-31.06689453125,-0.071044921875,1.039306640625,0.142578125
0.0,-0.80108642578125,-18.66912841796875,-30.43365478515625,-0.077392578125,1.052734375,0.14794921875
0.0,-0.26702880859375,-18.10455322265625,-28.594970703125,-0.081787109375,1.037841796875,0.1474609375
0.0,0.244140625,-17.60101318359375,-26.9775390625,-0.0703125,1.0654296875,0.147216796875
0.0,1.06048583984375,-17.08984375,-24.95574951171875,-0.08642578125,1.05859375,0.145263671875
0.0,1.51824951171875,-16.57867431640625,-23.82659912109375,-0.068115234375,1.039306640625,0.1455078125
0.0,2.2430419921875,-15.92254638671875,-21.91925048828125,-0.071533203125,1.0546875,0.141357421875
0.0,3.12042236328125,-15.5029296875,-20.05767822265625,-0.058837890625,1.041748046875,0.14501953125
0.0,3.9825439453125,-14.50347900390625,-17.578125,-0.066650390625,1.033203125,0.135009765625
0.0,4.608154296875,-14.129638671875,-16.09039306640625,-0.072265625,1.030029296875,0.139892578125
0.0,5.36346435546875,-13.671875,-14.2822265625,-0.0654296875,1.048583984375,0.141357421875
0.0,5.65338134765625,-12.79449462890625,-12.5579833984375,-0.0537109375,1.009521484375,0.133056640625
0.0,6.134033203125,-12.5274658203125,-11.42120361328125,-0.06201171875,0.97802734375,0.126220703125
0.0,6.65283203125,-11.65771484375,-10.67352294921875,-0.029541015625,0.964111328125,0.111328125
0.0,7.1563720703125,-11.0626220703125,-9.27734375,-0.0498046875,0.966552734375,0.11328125
0.0,7.5836181640625,-10.38360595703125,-8.3160400390625,-0.064208984375,0.930908203125,0.10791015625
0.0,7.2784423828125,-10.31494140625,-9.6282958984375,-0.071044921875,0.935791015625,0.106689453125
0.0,7.17926025390625,-9.82666015625,-8.26263427734375,-0.068359375,0.892333984375,0.09619140625
0.0,7.46917724609375,-9.5367431640625,-7.46917724609375,-0.0673828125,0.891357421875,0.09228515625
0.0,7.171630859375,-8.97216796875,-7.19451904296875,-0.07470703125,0.910888671875,0.106201171875
0.0,6.91986083984375,-9.0179443359375,-5.1422119140625,-0.11865234375,0.912353515625,0.1025390625
0.0,6.72149658203125,-8.7127685546875,-5.0048828125,-0.10498046875,0.947265625,0.104736328125
0.0,6.6680908203125,-8.68988037109375,-3.89862060546875,-0.12841796875,0.9873046875,0.1123046875
0.0,6.622314453125,-8.36181640625,-2.532958984375,-0.110595703125,1.02490234375,0.1181640625
0.0,5.4168701171875,-8.20159912109375,-1.739501953125,-0.12451171875,1.036865234375,0.12255859375
0.0,4.63104248046875,-8.1939697265625,0.63323974609375,-0.113037109375,1.02783203125,0.115478515625
0.0,4.17327880859375,-8.03375244140625,1.86920166015625,-0.123046875,0.99658203125,0.110107421875
0.0,3.9520263671875,-7.9193115234375,3.13568115234375,-0.12451171875,0.997802734375,0.10498046875
0.0,3.86810302734375,-7.65228271484375,3.70025634765625,-0.110107421875,1.02001953125,0.11083984375
0.0,3.143310546875,-7.415771484375,4.87518310546875,-0.11328125,1.045166015625,0.109375
0.0,2.3345947265625,-6.93511962890625,5.05828857421875,-0.102294921875,1.062744140625,0.120361328125
0.0,1.44195556640625,-6.62994384765625,4.84466552734375,-0.099365234375,1.050537109375,0.112060546875
0.0,1.190185546875,-6.2255859375,5.4779052734375,-0.090087890625,1.053955078125,0.114501953125
0.0,0.3662109375,-5.7220458984375,4.58526611328125,-0.1103515625,1.0595703125,0.12255859375
0.0,-0.0762939453125,-5.18798828125,4.364013671875,-0.09375,1.07373046875,0.11865234375
0.0,-1.220703125,-4.93621826171875,3.80706787109375,-0.088623046875,1.0859375,0.119140625
0.0,-1.5411376953125,-4.26483154296875,4.1961669921875,-0.092041015625,1.061767578125,0.112060546875
0.0,-2.17437744140625,-3.72314453125,3.33404541015625,-0.099853515625,1.061767578125,0.113525390625
0.0,-3.04412841796875,-3.48663330078125,1.02996826171875,-0.09326171875,1.05419921875,0.116455078125
0.0,-3.7689208984375,-2.7313232421875,-0.1373291015625,-0.069091796875,1.0380859375,0.11083984375
0.0,-4.35638427734375,-2.044677734375,-1.82342529296875,-0.083251953125,1.02880859375,0.10888671875
0.0,-4.78363037109375,-1.617431640625,-2.9754638671875,-0.0693359375,1.056396484375,0.11083984375
0.0,-5.5694580078125,-1.0986328125,-4.0435791015625,-0.0947265625,1.047119140625,0.111083984375
0.0,-6.38580322265625,-0.6866455078125,-6.8359375,-0.0859375,1.04345703125,0.111572265625
0.0,-7.0953369140625,-0.2593994140625,-8.59832763671875,-0.087890625,1.024169921875,0.113525390625
0.0,-7.6904296875,0.152587890625,-9.95635986328125,-0.078125,1.011474609375,0.108642578125
0.0,-8.2855224609375,0.74005126953125,-11.46697998046875,-0.081787109375,0.99365234375,0.1103515625
0.0,-8.6212158203125,0.92315673828125,-12.3748779296875,-0.093017578125,0.99365234375,0.107421875
0.0,-8.9111328125,1.22833251953125,-14.0380859375,-0.085205078125,0.97998046875,0.111572265625
0.0,-9.19342041015625,1.708984375,-15.12908935546875,-0.09228515625,1.00390625,0.112548828125
0.0,-9.45281982421875,2.08282470703125,-15.61737060546875,-0.099365234375,1.01025390625,0.11669921875
0.0,-9.77325439453125,2.0751953125,-16.27349853515625,-0.100830078125,1.014404296875,0.1201171875
0.0,-10.009765625,2.37274169921875,-16.02935791015625,-0.101318359375,1.0185546875,0.123046875
0.0,-10.39886474609375,2.72369384765625,-16.1285400390625,-0.113037109375,1.014892578125,0.13330078125
0.0,-10.3912353515625,2.6092529296875,-16.53289794921875,-0.118408203125,0.989501953125,0.123779296875
0.0,-10.0250244140625,2.92205810546875,-15.81573486328125,-0.10205078125,0.98779296875,0.13330078125
0.0,-9.70458984375,3.0975341796875,-14.2669677734375,-0.127197265625,0.998779296875,0.13330078125
0.0,-9.40704345703125,3.08990478515625,-14.0533447265625,-0.1376953125,1.005126953125,0.13671875
0.0,-9.20867919921875,3.07464599609375,-13.1683349609375,-0.142578125,1.007080078125,0.14306640625
0.0,-9.02557373046875,3.12042236328125,-11.6729736328125,-0.138427734375,1.01953125,0.14697265625
0.0,-8.76617431640625,3.0975341796875,-10.5743408203125,-0.145263671875,1.0068359375,0.141845703125
0.0,-8.11767578125,3.021240234375,-8.88824462890625,-0.144775390625,1.00146484375,0.144287109375
0.0,-7.48443603515625,3.05938720703125,-6.82830810546875,-0.14453125,0.98974609375,0.15625
0.0,-6.91986083984375,2.78472900390625,-5.523681640625,-0.1484375,0.97216796875,0.15185546875
0.0,-5.9814453125,3.01361083984375,-4.302978515625,-0.136962890625,0.953125,0.15673828125
0.0,-5.06591796875,2.86102294921875,-2.96783447265625,-0.14013671875,0.94580078125,0.15771484375
0.0,-4.08935546875,2.8533935546875,-2.0294189453125,-0.126953125,0.924560546875,0.158203125
0.0,-2.79998779296875,2.86865234375,-0.69427490234375,-0.1337890625,0.909423828125,0.154541015625
0.0,-1.76239013671875,2.90679931640625,0.3204345703125,-0.130859375,0.905517578125,0.161865234375
0.0,-0.8544921875,2.84576416015625,1.2969970703125,-0.144287109375,0.904052734375,0.15625
0.0,0.274658203125,2.81524658203125,2.5177001953125,-0.142333984375,0.908203125,0.15283203125
0.0,0.9613037109375,2.78472900390625,3.44085693359375,-0.14794921875,0.92919921875,0.1484375
0.0,1.3885498046875,2.72369384765625,5.035400390625,-0.15087890625,0.9404296875,0.14208984375
0.0,1.7852783203125,2.55584716796875,6.40869140625,-0.166748046875,0.95068359375,0.140380859375
0.0,1.97601318359375,2.49481201171875,7.28607177734375,-0.163330078125,0.960205078125,0.1396484375
0.0,2.06756591796875,2.349853515625,8.6822509765625,-0.16943359375,0.967041015625,0.142578125
0.0,2.46429443359375,2.20489501953125,10.03265380859375,-0.171875,0.9755859375,0.1435546875
0.0,2.593994140625,2.08282470703125,11.7645263671875,-0.1689453125,0.97998046875,0.1513671875
0.0,2.7618408203125,1.8768310546875,13.7176513671875,-0.179931640625,0.978759765625,0.15087890625
0.0,2.99072265625,1.77001953125,14.76287841796875,-0.177490234375,0.970703125,0.15478515625
0.0,3.4332275390625,1.6021728515625,16.57867431640625,-0.171142578125,0.964111328125,0.15380859375
0.0,3.80706787109375,1.4190673828125,17.96722412109375,-0.1669921875,0.952880859375,0.14990234375
0.0,4.39453125,1.3427734375,18.51654052734375,-0.16357421875,0.9541015625,0.146728515625
0.0,4.69207763671875,1.35040283203125,18.9361572265625,-0.15234375,0.9609375,0.1513671875
0.0,5.04302978515625,1.15966796875,18.71490478515625,-0.15185546875,0.9580078125,0.1435546875
0.0,5.4168701171875,1.27410888671875,18.280029296875,-0.13134765625,0.980224609375,0.14697265625
0.0,5.51605224609375,1.30462646484375,17.78411865234375,-0.1357421875,0.98779296875,0.150390625
0.0,5.65338134765625,1.251220703125,16.0980224609375,-0.140869140625,0.98876953125,0.139404296875
0.0,5.9814453125,1.48773193359375,15.40374755859375,-0.132568359375,1.00439453125,0.1513671875
0.0,5.859375,1.2969970703125,14.03045654296875,-0.14453125,1.010009765625,0.146728515625
0.0,6.11114501953125,1.35040283203125,12.47406005859375,-0.13671875,1.01904296875,0.138427734375
0.0,6.08062744140625,1.51824951171875,11.444091796875,-0.135986328125,1.03369140625,0.14404296875
0.0,5.615234375,1.47247314453125,8.88824462890625,-0.14453125,1.029052734375,0.14013671875
0.0,5.4931640625,1.30462646484375,7.110595703125,-0.136474609375,1.015380859375,0.143798828125
0.0,5.55419921875,1.5869140625,5.2642822265625,-0.12451171875,1.042724609375,0.138671875
0.0,4.93621826171875,1.678466796875,3.94439697265625,-0.145263671875,1.052734375,0.147216796875
0.0,4.47845458984375,1.28173828125,1.18255615234375,-0.1513671875,1.044921875,0.13916015625
0.0,3.90625,1.7547607421875,-1.35040283203125,-0.126220703125,1.04931640625,0.132080078125
0.0,3.42559814453125,1.71661376953125,-2.4871826171875,-0.141845703125,1.0498046875,0.129638671875
0.0,2.716064453125,1.53350830078125,-5.1116943359375,-0.13671875,1.046142578125,0.12158203125
0.0,1.99127197265625,1.800537109375,-7.37762451171875,-0.12548828125,1.045654296875,0.13037109375
0.0,0.90789794921875,1.91497802734375,-9.26971435546875,-0.125732421875,1.03662109375,0.120361328125
0.0,0.40435791015625,1.93023681640625,-11.6729736328125,-0.130126953125,1.03857421875,0.119384765625
0.0,-0.45013427734375,1.99127197265625,-14.0533447265625,-0.114013671875,1.0439453125,0.12646484375
0.0,-1.36566162109375,2.1820068359375,-14.984130859375,-0.127197265625,1.02587890625,0.123046875
0.0,-1.9989013671875,2.166748046875,-16.85333251953125,-0.139892578125,1.028564453125,0.117919921875
0.0,-2.95257568359375,2.1820068359375,-18.31817626953125,-0.134033203125,1.03466796875,0.12158203125
0.0,-3.95965576171875,2.288818359375,-17.90618896484375,-0.138671875,1.027587890625,0.121337890625
0.0,-4.64630126953125,2.14385986328125,-18.218994140625,-0.15625,1.010009765625,0.1181640625
0.0,-5.51605224609375,2.01416015625,-18.7225341796875,-0.15380859375,1.01904296875,0.120361328125
0.0,-5.95855712890625,2.14385986328125,-17.5628662109375,-0.1572265625,1.001953125,0.122314453125
0.0,-6.70623779296875,1.8157958984375,-17.29583740234375,-0.158203125,1.0009765625,0.130859375
0.0,-7.13348388671875,1.83868408203125,-16.0369873046875,-0.152099609375,0.995361328125,0.132568359375
0.0,-7.49969482421875,1.88446044921875,-14.5263671875,-0.166015625,0.97412109375,0.136474609375
0.0,-7.6141357421875,1.73187255859375,-13.5650634765625,-0.169677734375,0.977783203125,0.14111328125
0.0,-7.781982421875,1.53350830078125,-11.52801513671875,-0.169921875,0.9677734375,0.144775390625
0.0,-7.7362060546875,1.53350830078125,-9.30023193359375,-0.178466796875,0.96044921875,0.152099609375
0.0,-7.87353515625,1.3580322265625,-7.37762451171875,-0.1796875,0.953857421875,0.152099609375
0.0,-7.53021240234375,1.21307373046875,-4.5166015625,-0.178955078125,0.92919921875,0.153076171875
0.0,-7.354736328125,1.24359130859375,-1.9073486328125,-0.182861328125,0.931884765625,0.156005859375
0.0,-7.0648193359375,1.007080078125,0.28228759765625,-0.187255859375,0.92822265625,0.156982421875
0.0,-6.43157958984375,1.0528564453125,3.265380859375,-0.1767578125,0.917236328125,0.153564453125
0.0,-6.1798095703125,1.1749267578125,5.54656982421875,-0.1787109375,0.9365234375,0.158447265625
0.0,-5.8746337890625,0.78582763671875,8.056640625,-0.19140625,0.931884765625,0.16357421875
0.0,-5.3863525390625,0.90789794921875,10.15472412109375,-0.1728515625,0.917724609375,0.1611328125
0.0,-4.974365234375,1.220703125,12.27569580078125,-0.183837890625,0.923583984375,0.16552734375
0.0,-4.2877197265625,0.86212158203125,14.54925537109375,-0.1884765625,0.924560546875,0.1708984375
0.0,-3.5552978515625,1.03759765625,16.448974609375,-0.176513671875,0.915283203125,0.173828125
0.0,-2.8228759765625,1.2664794921875,18.45550537109375,-0.184326171875,0.919189453125,0.180908203125
0.0,-2.0599365234375,1.190185546875,19.9127197265625,-0.179443359375,0.92138671875,0.18359375
0.0,-1.129150390625,1.3580322265625,20.91217041015625,-0.175048828125,0.923095703125,0.185791015625
0.0,-0.22125244140625,1.678466796875,22.216796875,-0.16943359375,0.93017578125,0.18505859375
0.0,0.701904296875,1.708984375,23.040771484375,-0.172119140625,0.931884765625,0.188232421875
0.0,1.70135498046875,1.89208984375,23.52142333984375,-0.161376953125,0.941162109375,0.1865234375
0.0,2.288818359375,2.20489501953125,23.71978759765625,-0.164306640625,0.9375,0.189453125
0.0,3.509521484375,2.471923828125,24.0478515625,-0.1650390625,0.9365234375,0.19091796875
0.0,4.486083984375,2.5634765625,23.17047119140625,-0.158203125,0.945556640625,0.197509765625
0.0,5.5084228515625,2.8839111328125,22.94921875,-0.15283203125,0.932861328125,0.198974609375
0.0,6.439208984375,3.23486328125,21.90399169921875,-0.1533203125,0.940673828125,0.196044921875
0.0,7.62176513671875,3.50189208984375,20.92742919921875,-0.1552734375,0.9580078125,0.19775390625
0.0,8.72802734375,3.6773681640625,20.83587646484375,-0.152587890625,0.957763671875,0.199951171875
0.0,10.19287109375,4.03594970703125,18.1732177734375,-0.161865234375,0.99658203125,0.202392578125
0.0,11.0015869140625,4.34112548828125,16.86859130859375,-0.1513671875,0.999267578125,0.2080078125
0.0,11.9476318359375,4.638671875,15.34271240234375,-0.139404296875,1.0087890625,0.20654296875
0.0,13.0462646484375,4.81414794921875,14.129638671875,-0.145751953125,1.010009765625,0.201171875
0.0,14.5416259765625,5.0201416015625,12.70294189453125,-0.1435546875,1.03662109375,0.206787109375
0.0,15.38848876953125,5.34820556640625,10.467529296875,-0.141845703125,1.0556640625,0.208251953125
0.0,16.143798828125,5.50079345703125,8.5601806640625,-0.134521484375,1.056396484375,0.201904296875
0.0,16.78466796875,5.828857421875,6.53076171875,-0.12548828125,1.0712890625,0.193359375
0.0,17.17376708984375,5.98907470703125,4.12750244140625,-0.12841796875,1.0703125,0.179443359375
0.0,17.70782470703125,6.0272216796875,2.288818359375,-0.11962890625,1.078125,0.17626953125
0.0,17.9290771484375,6.5155029296875,-0.3662109375,-0.11376953125,1.099609375,0.168701171875
0.0,17.95196533203125,6.5155029296875,-2.61688232421875,-0.1298828125,1.087890625,0.1611328125
0.0,18.00537109375,6.58416748046875,-4.8065185546875,-0.110595703125,1.09521484375,0.157958984375
0.0,17.81463623046875,6.75201416015625,-7.28607177734375,-0.113525390625,1.0966796875,0.154296875
0.0,17.43316650390625,6.77490234375,-8.7432861328125,-0.097900390625,1.096435546875,0.142822265625
0.0,17.1051025390625,6.93511962890625,-9.94110107421875,-0.11328125,1.0859375,0.1474609375
0.0,16.74652099609375,6.8817138671875,-11.2762451171875,-0.115966796875,1.087158203125,0.14111328125
0.0,16.2353515625,6.8817138671875,-12.2833251953125,-0.119140625,1.09765625,0.1337890625
0.0,15.777587890625,6.88934326171875,-12.61138916015625,-0.118408203125,1.10595703125,0.126708984375
0.0,14.79339599609375,6.79779052734375,-12.06207275390625,-0.121337890625,1.10693359375,0.123779296875
0.0,13.702392578125,6.6986083984375,-11.05499267578125,-0.135498046875,1.09814453125,0.116455078125
0.0,12.76397705078125,6.439208984375,-9.8876953125,-0.138671875,1.089599609375,0.110595703125
0.0,11.42120361328125,6.439208984375,-8.62884521484375,-0.13671875,1.08935546875,0.117919921875
0.0,10.38360595703125,6.24847412109375,-6.0272216796875,-0.15283203125,1.07177734375,0.10693359375
0.0,9.3994140625,5.859375,-3.90625,-0.155029296875,1.067138671875,0.11279296875
0.0,8.2550048828125,5.767822265625,-0.8697509765625,-0.15234375,1.05810546875,0.110595703125
0.0,6.93511962890625,5.43975830078125,1.708984375,-0.15380859375,1.05859375,0.1083984375
0.0,5.7220458984375,5.401611328125,4.03594970703125,-0.146484375,1.072509765625,0.103271484375
0.0,4.2877197265625,5.07354736328125,7.2021484375,-0.146240234375,1.0771484375,0.103515625
0.0,2.74658203125,4.913330078125,9.2620849609375,-0.130859375,1.0693359375,0.100830078125
0.0,1.25885009765625,4.8980712890625,11.57379150390625,-0.11962890625,1.043701171875,0.094970703125
0.0,-0.05340576171875,4.67681884765625,13.73291015625,-0.113037109375,1.0263671875,0.09765625
0.0,-1.39617919921875,4.73785400390625,15.3045654296875,-0.0947265625,1.00390625,0.089599609375
0.0,-2.69317626953125,4.73785400390625,16.68548583984375,-0.08740234375,0.982666015625,0.089111328125
0.0,-4.06646728515625,4.8980712890625,18.1884765625,-0.093505859375,0.98486328125,0.09033203125
0.0,-5.2032470703125,4.6539306640625,18.51654052734375,-0.097412109375,0.96044921875,0.096435546875
0.0,-5.98907470703125,4.85992431640625,19.4854736328125,-0.08203125,0.960205078125,0.10400390625
0.0,-6.6986083984375,4.730224609375,20.6451416015625,-0.095458984375,0.960693359375,0.114501953125
0.0,-7.36236572265625,4.82940673828125,20.88165283203125,-0.088134765625,0.928955078125,0.115478515625
0.0,-8.41522216796875,4.92095947265625,20.75958251953125,-0.087158203125,0.93310546875,0.109375
0.0,-9.71221923828125,4.730224609375,21.27838134765625,-0.083984375,0.908203125,0.10107421875
0.0,-10.44464111328125,4.99725341796875,21.17156982421875,-0.07861328125,0.909912109375,0.0830078125
0.0,-11.383056640625,4.852294921875,21.5606689453125,-0.087158203125,0.920166015625,0.086181640625
0.0,-12.50457763671875,4.87518310546875,20.99609375,-0.08984375,0.9287109375,0.08349609375
0.0,-13.95416259765625,4.72259521484375,19.83642578125,-0.092041015625,0.944580078125,0.08349609375
0.0,-15.2130126953125,4.82940673828125,20.21026611328125,-0.080810546875,0.920166015625,0.0888671875
0.0,-16.448974609375,4.69970703125,19.195556640625,-0.07763671875,0.8837890625,0.091552734375
0.0,-17.2882080078125,4.76837158203125,18.585205078125,-0.0732421875,0.84130859375,0.095458984375
0.0,-18.218994140625,4.82177734375,17.2271728515625,-0.088134765625,0.828857421875,0.099365234375
0.0,-18.63861083984375,4.53948974609375,15.5181884765625,-0.100830078125,0.81787109375,0.100830078125
0.0,-19.2413330078125,4.425048828125,14.96124267578125,-0.111083984375,0.818115234375,0.1044921875
0.0,-19.61517333984375,4.37164306640625,14.21356201171875,-0.12451171875,0.8466796875,0.112548828125
0.0,-20.355224609375,4.12750244140625,14.312744140625,-0.151123046875,0.86572265625,0.119140625
0.0,-20.9808349609375,3.71551513671875,14.5111083984375,-0.169921875,0.8701171875,0.122802734375
0.0,-21.5606689453125,3.72314453125,15.228271484375,-0.1650390625,0.8740234375,0.126953125
0.0,-21.8048095703125,3.41796875,16.9219970703125,-0.18505859375,0.8818359375,0.14306640625
0.0,-22.11761474609375,2.90679931640625,17.31109619140625,-0.18896484375,0.861083984375,0.152587890625
0.0,-21.61407470703125,2.92205810546875,18.05877685546875,-0.1728515625,0.840576171875,0.162841796875
0.0,-21.17919921875,2.6702880859375,17.73834228515625,-0.156005859375,0.831298828125,0.1787109375
0.0,-20.233154296875,2.73895263671875,17.40264892578125,-0.1376953125,0.811279296875,0.18359375
0.0,-18.9666748046875,2.78472900390625,15.8538818359375,-0.1298828125,0.797119140625,0.19580078125
0.0,-17.25006103515625,3.082275390625,13.9007568359375,-0.111572265625,0.796142578125,0.203369140625
0.0,-15.81573486328125,3.3721923828125,11.962890625,-0.101806640625,0.80078125,0.205810546875
0.0,-14.2822265625,3.7078857421875,9.68170166015625,-0.10205078125,0.82373046875,0.208984375
0.0,-12.93182373046875,3.97491455078125,7.50732421875,-0.0947265625,0.830322265625,0.2041015625
0.0,-11.627197265625,4.38690185546875,5.2947998046875,-0.102783203125,0.852783203125,0.204833984375
0.0,-10.040283203125,4.69207763671875,3.143310546875,-0.10498046875,0.866943359375,0.217041015625
0.0,-8.8958740234375,4.96673583984375,0.34332275390625,-0.093017578125,0.87158203125,0.223388671875
0.0,-7.2479248046875,5.5084228515625,-1.800537109375,-0.08837890625,0.865966796875,0.2275390625
0.0,-5.2947998046875,5.80596923828125,-3.692626953125,-0.088134765625,0.8857421875,0.232177734375
0.0,-3.814697265625,6.17218017578125,-6.40869140625,-0.081787109375,0.89794921875,0.23681640625
0.0,-1.953125,6.84356689453125,-9.16290283203125,-0.076171875,0.894775390625,0.23779296875
0.0,-0.0762939453125,7.33184814453125,-11.49749755859375,-0.06689453125,0.912353515625,0.244873046875
0.0,1.53350830078125,7.83538818359375,-13.78631591796875,-0.06591796875,0.904052734375,0.23779296875
0.0,3.63922119140625,8.544921875,-15.80810546875,-0.07080078125,0.91650390625,0.240234375
0.0,5.60760498046875,8.94927978515625,-17.7459716796875,-0.07861328125,0.940673828125,0.250732421875
0.0,7.4462890625,9.36126708984375,-20.32470703125,-0.073974609375,0.949462890625,0.247314453125
0.0,9.43756103515625,10.07080078125,-20.56121826171875,-0.09375,0.974853515625,0.248779296875
0.0,11.1236572265625,10.16998291015625,-22.0184326171875,-0.0986328125,1.02294921875,0.24609375
0.0,12.4664306640625,10.6201171875,-23.13995361328125,-0.09521484375,1.03369140625,0.238037109375
0.0,13.7786865234375,11.10076904296875,-23.37646484375,-0.093017578125,1.05126953125,0.23828125
0.0,14.85443115234375,11.37542724609375,-24.688720703125,-0.092529296875,1.04345703125,0.236083984375
0.0,16.39556884765625,11.7034912109375,-25.2227783203125,-0.076904296875,1.02587890625,0.22998046875
0.0,17.58575439453125,11.98577880859375,-26.42822265625,-0.07763671875,0.994384765625,0.230712890625
0.0,19.09637451171875,12.24517822265625,-27.87017822265625,-0.072998046875,0.984619140625,0.228271484375
0.0,20.6298828125,12.6800537109375,-28.51104736328125,-0.064697265625,0.975341796875,0.228271484375
0.0,21.91925048828125,12.8173828125,-29.39605712890625,-0.075439453125,0.992431640625,0.222900390625
0.0,22.9034423828125,13.00811767578125,-29.1595458984375,-0.0771484375,0.98974609375,0.20751953125
0.0,23.3612060546875,13.22174072265625,-29.89959716796875,-0.081298828125,1.0009765625,0.19873046875
0.0,23.590087890625,13.26751708984375,-30.61676025390625,-0.074951171875,1.001953125,0.178955078125
0.0,24.19281005859375,13.5345458984375,-29.80804443359375,-0.0888671875,1.018310546875,0.176513671875
0.0,23.90289306640625,13.5040283203125,-30.12847900390625,-0.086669921875,1.020751953125,0.174072265625
0.0,23.74267578125,13.519287109375,-28.86962890625,-0.09375,1.020263671875,0.170166015625
0.0,23.284912109375,13.3056640625,-27.88543701171875,-0.1064453125,1.01708984375,0.170654296875
0.0,22.7813720703125,13.427734375,-27.4658203125,-0.101318359375,1.00439453125,0.16064453125
0.0,22.72796630859375,13.14544677734375,-25.87890625,-0.102294921875,0.999755859375,0.161865234375
0.0,22.03369140625,13.031005859375,-24.6734619140625,-0.09033203125,1.009033203125,0.159912109375
0.0,21.4996337890625,13.11492919921875,-23.56719970703125,-0.105712890625,0.99072265625,0.154052734375
0.0,20.94268798828125,12.8326416015625,-22.07183837890625,-0.09716796875,1.001708984375,0.15380859375
0.0,19.99664306640625,12.8326416015625,-20.92742919921875,-0.099853515625,1.001953125,0.147705078125
0.0,19.317626953125,12.5579833984375,-19.1192626953125,-0.115478515625,0.993896484375,0.142578125
0.0,18.33343505859375,12.3443603515625,-17.059326171875,-0.106201171875,1.01806640625,0.1416015625
0.0,16.70074462890625,12.1002197265625,-15.289306640625,-0.13037109375,1.0341796875,0.140380859375
0.0,15.8233642578125,11.7340087890625,-12.2222900390625,-0.130615234375,1.02197265625,0.1357421875
0.0,14.38140869140625,11.5509033203125,-10.1165771484375,-0.135009765625,1.042724609375,0.1396484375
0.0,13.02337646484375,11.0626220703125,-7.3394775390625,-0.144775390625,1.046142578125,0.135009765625
0.0,11.9171142578125,10.9710693359375,-4.7149658203125,-0.146484375,1.04736328125,0.135986328125
0.0,10.41412353515625,10.53619384765625,-2.5634765625,-0.1494140625,1.062744140625,0.142822265625
0.0,8.758544921875,10.10894775390625,0.1983642578125,-0.140380859375,1.04541015625,0.13525390625
0.0,7.659912109375,9.8876953125,2.86102294921875,-0.152099609375,1.04345703125,0.13525390625
0.0,6.38580322265625,9.5062255859375,4.9896240234375,-0.1494140625,1.0400390625,0.141845703125
0.0,5.04302978515625,9.1094970703125,6.61468505859375,-0.14794921875,1.029052734375,0.1435546875
0.0,4.09698486328125,8.96453857421875,9.246826171875,-0.15185546875,1.030517578125,0.139892578125
0.0,3.02886962890625,8.5906982421875,11.31439208984375,-0.1728515625,1.064208984375,0.147216796875
0.0,1.6937255859375,8.026123046875,13.092041015625,-0.18359375,1.09130859375,0.14208984375
0.0,0.28228759765625,7.78961181640625,15.6707763671875,-0.197265625,1.102294921875,0.141357421875
0.0,-1.39617919921875,7.31658935546875,17.7764892578125,-0.205078125,1.140869140625,0.14599609375
0.0,-3.30352783203125,6.66046142578125,19.927978515625,-0.19873046875,1.12109375,0.1357421875
0.0,-4.486083984375,6.4697265625,21.820068359375,-0.189697265625,1.127685546875,0.139404296875
0.0,-6.26373291015625,6.072998046875,22.1405029296875,-0.1884765625,1.1015625,0.141845703125
0.0,-7.568359375,5.65338134765625,22.4151611328125,-0.172119140625,1.07958984375,0.14599609375
0.0,-9.27734375,5.51605224609375,21.4385986328125,-0.159423828125,1.069580078125,0.152099609375
0.0,-10.00213623046875,5.2947998046875,20.80535888671875,-0.162109375,1.059814453125,0.147705078125
0.0,-10.90240478515625,5.0811767578125,19.134521484375,-0.157958984375,1.096435546875,0.15283203125
0.0,-12.3443603515625,5.05828857421875,17.4560546875,-0.1474609375,1.0908203125,0.147216796875
0.0,-13.61846923828125,4.95147705078125,16.33453369140625,-0.150146484375,1.082763671875,0.1396484375
0.0,-15.00701904296875,4.67681884765625,14.13726806640625,-0.156982421875,1.094482421875,0.13818359375
0.0,-15.8538818359375,4.852294921875,12.58087158203125,-0.1572265625,1.070556640625,0.137939453125
0.0,-16.70074462890625,4.61578369140625,11.28387451171875,-0.169921875,1.068359375,0.151123046875
0.0,-17.63916015625,4.21142578125,9.81903076171875,-0.1630859375,1.068359375,0.154541015625
0.0,-18.280029296875,4.2724609375,8.56781005859375,-0.161376953125,1.0517578125,0.160400390625
0.0,-18.83697509765625,4.302978515625,6.66046142578125,-0.15966796875,1.027587890625,0.16845703125
0.0,-18.951416015625,4.08935546875,4.47845458984375,-0.1455078125,1.0146484375,0.16943359375
0.0,-18.94378662109375,4.364013671875,3.23486328125,-0.12646484375,1.00146484375,0.177001953125
0.0,-19.03533935546875,4.46319580078125,1.5716552734375,-0.1376953125,0.987548828125,0.177001953125
0.0,-18.97430419921875,4.1656494140625,-0.32806396484375,-0.14501953125,0.988037109375,0.178955078125
0.0,-18.94378662109375,4.5013427734375,-2.105712890625,-0.134521484375,0.97998046875,0.17578125
0.0,-18.9361572265625,4.5166015625,-3.53240966796875,-0.146240234375,0.978271484375,0.175537109375
0.0,-18.76068115234375,4.29534912109375,-4.69970703125,-0.1328125,0.962646484375,0.174072265625
0.0,-18.73016357421875,4.44793701171875,-6.20269775390625,-0.125732421875,0.932861328125,0.177734375
0.0,-18.61572265625,4.43267822265625,-7.0648193359375,-0.12353515625,0.9169921875,0.174560546875
0.0,-18.1732177734375,4.5013427734375,-8.09478759765625,-0.113525390625,0.881103515625,0.170166015625
0.0,-17.8680419921875,4.57000732421875,-9.063720703125,-0.114501953125,0.878173828125,0.173095703125
0.0,-17.37213134765625,4.5928955078125,-8.7890625,-0.118896484375,0.878173828125,0.1689453125
0.0,-16.8914794921875,4.5166015625,-8.62884521484375,-0.136474609375,0.89794921875,0.16796875
0.0,-16.77703857421875,4.4403076171875,-8.1634521484375,-0.142333984375,0.9189453125,0.164306640625
0.0,-16.815185546875,4.34112548828125,-7.0037841796875,-0.150146484375,0.937744140625,0.164794921875
0.0,-16.88385009765625,4.29534912109375,-5.80596923828125,-0.151611328125,0.9462890625,0.1640625
0.0,-17.059326171875,4.0740966796875,-3.91387939453125,-0.162109375,0.948974609375,0.16943359375
0.0,-16.82281494140625,3.88336181640625,-2.2430419921875,-0.15771484375,0.9423828125,0.173828125
0.0,-16.5557861328125,3.8299560546875,0.946044921875,-0.1650390625,0.939208984375,0.171142578125
0.0,-16.28875732421875,3.387451171875,3.51715087890625,-0.181884765625,0.939453125,0.177978515625
0.0,-16.10565185546875,3.31878662109375,5.92041015625,-0.177001953125,0.92724609375,0.17626953125
0.0,-15.7012939453125,2.81524658203125,9.1552734375,-0.18505859375,0.9052734375,0.18603515625
0.0,-15.03753662109375,2.7008056640625,11.4288330078125,-0.159423828125,0.89306640625,0.191162109375
0.0,-14.16778564453125,2.76947021484375,13.37432861328125,-0.15380859375,0.8681640625,0.197509765625
0.0,-12.87841796875,2.54058837890625,15.46478271484375,-0.142333984375,0.84765625,0.2041015625
0.0,-11.54327392578125,2.655029296875,16.28875732421875,-0.134765625,0.83203125,0.2080078125
0.0,-9.8114013671875,2.655029296875,17.486572265625,-0.13134765625,0.832275390625,0.2197265625
0.0,-8.18634033203125,2.13623046875,18.88275146484375,-0.123779296875,0.845458984375,0.2265625
0.0,-6.17218017578125,0.81634521484375,19.73724365234375,-0.1318359375,0.850341796875,0.24169921875
0.0,-3.44085693359375,-1.96075439453125,18.59283447265625,-0.120849609375,0.865234375,0.263671875
0.0,-0.4425048828125,-6.03485107421875,17.20428466796875,-0.091796875,0.86474609375,0.284423828125
0.0,2.09808349609375,-10.467529296875,15.67840576171875,-0.0693359375,0.921630859375,0.31396484375
0.0,4.06646728515625,-13.52691650390625,16.21246337890625,-0.08984375,0.942626953125,0.3076171875
0.0,4.69207763671875,-15.380859375,17.913818359375,-0.1484375,0.945068359375,0.263671875
0.0,5.66864013671875,-16.82281494140625,19.22607421875,-0.18359375,0.964599609375,0.24462890625
0.0,6.59942626953125,-17.333984375,20.51544189453125,-0.1474609375,0.9189453125,0.22607421875
0.0,7.95745849609375,-16.73126220703125,22.27783203125,-0.130615234375,0.889404296875,0.226806640625
0.0,9.23919677734375,-16.50238037109375,20.31707763671875,-0.125732421875,0.873779296875,0.211181640625
0.0,10.68878173828125,-15.960693359375,20.08056640625,-0.099853515625,0.84033203125,0.198486328125
0.0,12.176513671875,-15.75469970703125,18.10455322265625,-0.094482421875,0.85693359375,0.201171875
0.0,12.85552978515625,-15.72418212890625,15.83099365234375,-0.082763671875,0.83203125,0.201904296875
0.0,13.93890380859375,-15.09857177734375,14.5416259765625,-0.073974609375,0.814453125,0.198974609375
0.0,15.12908935546875,-14.94598388671875,11.871337890625,-0.0869140625,0.849609375,0.201416015625
0.0,16.05987548828125,-14.739990234375,9.84954833984375,-0.09228515625,0.830810546875,0.193115234375
0.0,18.07403564453125,-14.53399658203125,8.32366943359375,-0.087890625,0.843505859375,0.202392578125
0.0,18.798828125,-14.33563232421875,5.7830810546875,-0.09912109375,0.8935546875,0.20751953125
0.0,19.41680908203125,-14.0228271484375,3.143310546875,-0.101806640625,0.897216796875,0.201171875
0.0,20.294189453125,-13.5955810546875,0.92315673828125,-0.1123046875,0.918212890625,0.197265625
0.0,21.0723876953125,-13.4735107421875,-0.19073486328125,-0.115234375,0.929931640625,0.20361328125
0.0,22.10235595703125,-13.17596435546875,0.946044921875,-0.1435546875,0.922119140625,0.212646484375
0.0,23.50616455078125,-13.2598876953125,-0.55694580078125,-0.16796875,0.928466796875,0.222412109375
0.0,24.31488037109375,-13.32855224609375,-0.3814697265625,-0.158935546875,0.902099609375,0.22607421875
0.0,25.44403076171875,-13.1072998046875,0.152587890625,-0.153076171875,0.90625,0.221435546875
0.0,26.64947509765625,-12.9241943359375,0.06103515625,-0.15087890625,0.89892578125,0.231689453125
0.0,27.77862548828125,-13.0157470703125,1.220703125,-0.15478515625,0.888427734375,0.230712890625
0.0,29.022216796875,-12.55035400390625,1.251220703125,-0.15234375,0.895751953125,0.226318359375
0.0,29.64019775390625,-12.48931884765625,1.31988525390625,-0.146484375,0.898681640625,0.220703125
0.0,30.35736083984375,-12.5732421875,2.32696533203125,-0.143310546875,0.901611328125,0.206298828125
0.0,30.82275390625,-12.20703125,2.67791748046875,-0.1376953125,0.910400390625,0.203125
0.0,31.4483642578125,-12.0697021484375,3.22723388671875,-0.1474609375,0.920166015625,0.203369140625
0.0,31.56280517578125,-12.04681396484375,3.66973876953125,-0.159912109375,0.941162109375,0.2041015625
0.0,31.585693359375,-11.89422607421875,3.204345703125,-0.14697265625,0.950927734375,0.208740234375
0.0,31.43310546875,-11.49749755859375,3.76129150390625,-0.126708984375,0.957763671875,0.197998046875
0.0,31.39495849609375,-11.55853271484375,3.13568115234375,-0.132080078125,0.932373046875,0.189453125
0.0,31.8450927734375,-11.0015869140625,2.62451171875,-0.10888671875,0.93798828125,0.193359375
0.0,31.86798095703125,-10.53619384765625,1.79290771484375,-0.1220703125,0.9619140625,0.20849609375
0.0,31.50177001953125,-10.73455810546875,-0.335693359375,-0.1171875,0.946044921875,0.200927734375
0.0,31.34918212890625,-10.26153564453125,-1.62506103515625,-0.08935546875,0.9443359375,0.189453125
0.0,30.975341796875,-9.918212890625,-3.37982177734375,-0.089599609375,0.94384765625,0.18212890625
0.0,30.82275390625,-9.45281982421875,-5.4931640625,-0.0810546875,0.9521484375,0.175048828125
0.0,30.364990234375,-9.11712646484375,-7.0648193359375,-0.08447265625,0.97021484375,0.1767578125
0.0,29.632568359375,-8.75091552734375,-9.80377197265625,-0.081298828125,0.998779296875,0.16748046875
0.0,28.60260009765625,-8.50677490234375,-11.43646240234375,-0.08984375,1.00439453125,0.16162109375
0.0,27.64129638671875,-8.30841064453125,-13.580322265625,-0.084716796875,1.004150390625,0.15576171875
0.0,26.43585205078125,-7.75146484375,-15.64788818359375,-0.0791015625,1.0341796875,0.15087890625
0.0,24.97100830078125,-7.78961181640625,-15.899658203125,-0.100341796875,1.04541015625,0.1552734375
0.0,23.468017578125,-7.781982421875,-17.7459716796875,-0.106689453125,1.044189453125,0.145263671875
0.0,21.99554443359375,-7.85064697265625,-18.707275390625,-0.10302734375,1.045166015625,0.147216796875
0.0,20.721435546875,-7.6904296875,-19.1650390625,-0.09716796875,1.028564453125,0.145751953125
0.0,19.2718505859375,-7.476806640625,-19.317626953125,-0.105224609375,1.027587890625,0.1357421875
0.0,17.791748046875,-7.80487060546875,-19.17266845703125,-0.123291015625,1.04052734375,0.14404296875
0.0,16.16668701171875,-7.95745849609375,-19.1497802734375,-0.123291015625,1.053955078125,0.141357421875
0.0,14.556884765625,-7.99560546875,-18.68438720703125,-0.13330078125,1.04833984375,0.13671875
0.0,13.0462646484375,-8.3770751953125,-18.218994140625,-0.129150390625,1.066162109375,0.13037109375
0.0,11.04736328125,-8.65936279296875,-16.998291015625,-0.11572265625,1.069580078125,0.1220703125
0.0,9.1400146484375,-8.81195068359375,-15.9912109375,-0.126953125,1.069091796875,0.11669921875
0.0,7.0953369140625,-9.22393798828125,-15.3961181640625,-0.131591796875,1.065185546875,0.115234375
0.0,5.40924072265625,-9.60540771484375,-14.19830322265625,-0.1357421875,1.07275390625,0.1162109375
0.0,3.74603271484375,-10.1318359375,-11.69586181640625,-0.14501953125,1.085205078125,0.11572265625
0.0,2.0904541015625,-10.65826416015625,-10.223388671875,-0.155517578125,1.108642578125,0.124755859375
0.0,0.1678466796875,-11.14654541015625,-9.05609130859375,-0.150390625,1.109619140625,0.13037109375
0.0,-1.556396484375,-11.53564453125,-7.82012939453125,-0.115966796875,1.103759765625,0.12353515625
0.0,-3.24249267578125,-12.00103759765625,-7.74383544921875,-0.099853515625,1.099365234375,0.114990234375
0.0,-4.79888916015625,-12.41302490234375,-6.58416748046875,-0.088623046875,1.080078125,0.1064453125
0.0,-6.5765380859375,-12.73345947265625,-6.500244140625,-0.10693359375,1.088623046875,0.098388671875
0.0,-8.32366943359375,-13.2293701171875,-6.52313232421875,-0.1181640625,1.1083984375,0.099609375
0.0,-10.32257080078125,-13.763427734375,-5.91278076171875,-0.112060546875,1.130859375,0.095458984375
0.0,-12.176513671875,-14.42718505859375,-4.64630126953125,-0.12451171875,1.14013671875,0.092041015625
0.0,-14.01519775390625,-15.06805419921875,-4.49371337890625,-0.1142578125,1.144775390625,0.08984375
0.0,-15.98358154296875,-15.49530029296875,-4.57763671875,-0.1044921875,1.134765625,0.097412109375
0.0,-17.974853515625,-16.01409912109375,-4.2877197265625,-0.08544921875,1.105224609375,0.09423828125
0.0,-19.41680908203125,-16.48712158203125,-4.47845458984375,-0.080322265625,1.0703125,0.096435546875
0.0,-20.5841064453125,-16.876220703125,-4.1961669921875,-0.0751953125,1.034423828125,0.09423828125
0.0,-21.50726318359375,-17.242431640625,-3.91387939453125,-0.087646484375,1.0341796875,0.105224609375
0.0,-22.40753173828125,-17.76885986328125,-4.1046142578125,-0.09765625,1.017578125,0.1064453125
0.0,-22.88055419921875,-18.50128173828125,-3.23486328125,-0.103271484375,1.02978515625,0.111083984375
0.0,-23.62823486328125,-18.95904541015625,-2.38037109375,-0.10400390625,1.029541015625,0.1123046875
0.0,-24.2462158203125,-19.32525634765625,-1.41143798828125,-0.11962890625,1.015869140625,0.11181640625
0.0,-24.90234375,-20.0958251953125,-0.55694580078125,-0.10595703125,0.99853515625,0.11767578125
0.0,-25.42877197265625,-20.53070068359375,1.1138916015625,-0.093505859375,0.972412109375,0.109130859375
0.0,-25.4058837890625,-21.46148681640625,3.814697265625,-0.1123046875,0.952880859375,0.107666015625
0.0,-25.299072265625,-21.93450927734375,4.95147705078125,-0.130615234375,0.964599609375,0.1162109375
0.0,-25.15411376953125,-22.56011962890625,7.080078125,-0.14208984375,0.965576171875,0.13037109375
0.0,-24.932861328125,-23.162841796875,9.1552734375,-0.14697265625,0.975341796875,0.138427734375
0.0,-24.90997314453125,-24.14703369140625,10.65826416015625,-0.15576171875,0.946533203125,0.140625
0.0,-24.2462158203125,-24.6429443359375,13.03863525390625,-0.114990234375,0.92333984375,0.141845703125
0.0,-24.0631103515625,-24.97100830078125,14.16015625,-0.1240234375,0.918701171875,0.137939453125
0.0,-23.12469482421875,-25.8941650390625,14.39666748046875,-0.119384765625,0.894775390625,0.1328125
0.0,-21.93450927734375,-26.06964111328125,14.68658447265625,-0.091552734375,0.901611328125,0.142578125
0.0,-21.18682861328125,-26.55029296875,15.68603515625,-0.11376953125,0.948486328125,0.155029296875
0.0,-19.87457275390625,-27.27508544921875,16.39556884765625,-0.128662109375,0.940673828125,0.1572265625
0.0,-18.37921142578125,-27.54974365234375,17.81463623046875,-0.1376953125,0.9873046875,0.177001953125
0.0,-17.4102783203125,-28.29742431640625,17.92144775390625,-0.15234375,1.016845703125,0.183349609375
0.0,-16.24298095703125,-28.9154052734375,18.24951171875,-0.1376953125,1.003173828125,0.185302734375
0.0,-14.4805908203125,-29.30450439453125,18.8140869140625,-0.117919921875,1.017822265625,0.19287109375
0.0,-13.397216796875,-29.85382080078125,18.98956298828125,-0.1044921875,0.98046875,0.184814453125
0.0,-11.40594482421875,-30.06744384765625,19.287109375,-0.094482421875,0.953857421875,0.181640625
0.0,-10.101318359375,-30.44891357421875,18.0206298828125,-0.096435546875,0.9521484375,0.18310546875
0.0,-8.49151611328125,-31.04400634765625,17.05169677734375,-0.08447265625,0.908935546875,0.173095703125
0.0,-6.27899169921875,-31.07452392578125,16.326904296875,-0.063232421875,0.912353515625,0.1748046875
0.0,-4.57000732421875,-31.47125244140625,15.54107666015625,-0.08251953125,0.93115234375,0.18408203125
0.0,-2.84576416015625,-31.71539306640625,14.56451416015625,-0.0732421875,0.9140625,0.1796875
0.0,-1.190185546875,-31.76116943359375,12.786865234375,-0.0751953125,0.92431640625,0.184326171875
0.0,0.35858154296875,-32.1044921875,12.07733154296875,-0.055908203125,0.927490234375,0.1796875
0.0,1.6326904296875,-32.02056884765625,11.53564453125,-0.0517578125,0.9052734375,0.17578125
0.0,3.18145751953125,-32.24945068359375,9.05609130859375,-0.062744140625,0.906005859375,0.161376953125
0.0,4.70733642578125,-32.257080078125,7.9345703125,-0.040771484375,0.91796875,0.163818359375
0.0,5.8746337890625,-32.29522705078125,6.9580078125,-0.052490234375,0.89013671875,0.15966796875
0.0,7.171630859375,-32.623291015625,5.63812255859375,-0.041748046875,0.912353515625,0.15771484375
0.0,8.26263427734375,-32.745361328125,4.730224609375,-0.037841796875,0.911376953125,0.162353515625
0.0,9.39178466796875,-32.60040283203125,3.56292724609375,-0.038330078125,0.90966796875,0.150390625
0.0,10.8489990234375,-32.501220703125,2.64739990234375,-0.03466796875,0.905517578125,0.162841796875
0.0,12.00103759765625,-32.6995849609375,1.617431640625,-0.034912109375,0.938232421875,0.166015625
0.0,13.2904052734375,-32.379150390625,1.38092041015625,-0.03271484375,0.923583984375,0.158447265625
0.0,14.617919921875,-32.3944091796875,1.28936767578125,-0.046875,0.941650390625,0.163818359375
0.0,15.63262939453125,-32.3944091796875,0.213623046875,-0.03564453125,0.960693359375,0.165283203125
0.0,16.91436767578125,-32.470703125,-0.12969970703125,-0.04638671875,0.9521484375,0.162841796875
0.0,18.24951171875,-32.21893310546875,-0.2899169921875,-0.02978515625,0.982421875,0.163818359375
0.0,18.9971923828125,-32.18841552734375,-0.43487548828125,-0.04443359375,1.006591796875,0.161865234375
0.0,20.05767822265625,-32.12738037109375,-0.11444091796875,-0.03955078125,0.990234375,0.153564453125
0.0,20.5230712890625,-31.95953369140625,-0.28228759765625,-0.055419921875,1.000244140625,0.154541015625
0.0,21.29364013671875,-32.1807861328125,-0.20599365234375,-0.061767578125,0.982421875,0.15234375
0.0,22.125244140625,-31.85272216796875,0.08392333984375,-0.0361328125,0.963623046875,0.147216796875
0.0,22.796630859375,-31.92138671875,0.99945068359375,-0.06494140625,0.961181640625,0.14697265625
0.0,23.27728271484375,-32.0587158203125,1.2054443359375,-0.04248046875,0.952392578125,0.146728515625
0.0,23.71978759765625,-31.7230224609375,1.9378662109375,-0.058349609375,0.92626953125,0.133544921875
0.0,24.05548095703125,-31.92901611328125,2.2735595703125,-0.043212890625,0.929931640625,0.12890625
0.0,24.0478515625,-31.6009521484375,2.67791748046875,-0.031982421875,0.91650390625,0.125732421875
0.0,23.773193359375,-31.57806396484375,3.51715087890625,-0.0283203125,0.84912109375,0.10986328125
0.0,22.81951904296875,-31.2957763671875,3.41033935546875,-0.03271484375,0.633544921875,0.093505859375
0.0,22.94921875,-31.30340576171875,2.105712890625,-0.031005859375,0.4921875,0.072265625
0.0,24.7344970703125,-31.005859375,3.662109375,-0.02685546875,0.634033203125,0.073486328125
0.0,26.702880859375,-30.70831298828125,4.12750244140625,-0.0302734375,0.830322265625,0.109619140625
0.0,27.374267578125,-30.03692626953125,2.8533935546875,-0.033935546875,1.03076171875,0.124267578125
0.0,27.099609375,-29.9530029296875,1.6021728515625,-0.052734375,1.161865234375,0.15234375
0.0,26.06964111328125,-29.754638671875,-0.05340576171875,-0.01904296875,1.26904296875,0.153076171875
0.0,25.482177734375,-28.74755859375,-0.640869140625,-0.02783203125,1.36865234375,0.148193359375
0.0,24.383544921875,-28.60260009765625,0.08392333984375,-0.020751953125,1.41357421875,0.1484375
0.0,23.0712890625,-27.94647216796875,-1.1138916015625,-0.009033203125,1.412109375,0.1328125
0.0,21.8963623046875,-27.64892578125,-2.1514892578125,-0.004150390625,1.40185546875,0.1240234375
0.0,20.4620361328125,-26.60369873046875,-2.64739990234375,0.032470703125,1.296630859375,0.10986328125
0.0,17.64678955078125,-25.4058837890625,-3.99017333984375,0.024658203125,1.19091796875,0.085205078125
0.0,15.86151123046875,-24.5361328125,-4.82177734375,0.05908203125,1.01953125,0.07470703125
0.0,14.556884765625,-23.193359375,-4.241943359375,0.0673828125,0.948486328125,0.069580078125
0.0,13.74053955078125,-21.96502685546875,-3.89862060546875,0.0634765625,0.827392578125,0.0576171875
0.0,13.0462646484375,-20.69091796875,-4.40216064453125,0.072265625,0.785888671875,0.06787109375
0.0,12.58087158203125,-19.37103271484375,-5.47027587890625,0.06884765625,0.82177734375,0.07763671875
0.0,12.1307373046875,-18.0511474609375,-7.22503662109375,0.075439453125,0.840087890625,0.091552734375
0.0,11.63482666015625,-16.571044921875,-8.68988037109375,0.068603515625,0.911376953125,0.090576171875
0.0,10.92529296875,-15.41900634765625,-11.98577880859375,0.05419921875,1.00927734375,0.10791015625
0.0,9.7808837890625,-14.0533447265625,-13.8092041015625,0.055908203125,1.05126953125,0.10791015625
0.0,8.85772705078125,-12.76397705078125,-14.892578125,0.03759765625,1.124267578125,0.114013671875
0.0,7.32421875,-11.90948486328125,-16.92962646484375,0.015380859375,1.15576171875,0.11376953125
0.0,6.21795654296875,-11.0931396484375,-18.2342529296875,0.00244140625,1.18017578125,0.11181640625
0.0,4.4403076171875,-10.06317138671875,-18.7225341796875,-0.0068359375,1.149169921875,0.103759765625
0.0,3.41796875,-9.429931640625,-18.15032958984375,-0.0205078125,1.135986328125,0.096435546875
0.0,1.93023681640625,-8.8653564453125,-16.73126220703125,-0.031005859375,1.09765625,0.099365234375
0.0,0.89263916015625,-8.27789306640625,-14.923095703125,-0.049560546875,1.047607421875,0.088134765625
0.0,-0.1220703125,-7.86590576171875,-14.07623291015625,-0.052490234375,1.03173828125,0.099609375
0.0,-1.24359130859375,-7.59124755859375,-12.30621337890625,-0.05810546875,0.97998046875,0.1005859375
0.0,-1.953125,-6.96563720703125,-9.78851318359375,-0.046630859375,0.96435546875,0.10009765625
0.0,-2.3345947265625,-6.744384765625,-7.66754150390625,-0.0478515625,0.927490234375,0.102783203125
0.0,-2.6702880859375,-6.1798095703125,-4.43267822265625,-0.04736328125,0.953125,0.11376953125
0.0,-3.36456298828125,-5.7525634765625,-3.37982177734375,-0.0517578125,0.953857421875,0.11962890625
0.0,-3.7078857421875,-5.340576171875,-1.9378662109375,-0.049072265625,0.97265625,0.1181640625
0.0,-4.0435791015625,-4.8065185546875,0.05340576171875,-0.037353515625,0.998046875,0.126220703125
0.0,-4.2877197265625,-4.35638427734375,1.80816650390625,-0.041259765625,1.028564453125,0.123046875
0.0,-4.730224609375,-3.83758544921875,4.14276123046875,-0.032958984375,1.03271484375,0.129638671875
0.0,-5.43975830078125,-3.509521484375,6.18743896484375,-0.0517578125,1.065185546875,0.129638671875
0.0,-5.60760498046875,-3.082275390625,7.11822509765625,-0.041748046875,1.04443359375,0.12890625
0.0,-5.72967529296875,-2.6092529296875,8.64410400390625,-0.036865234375,1.0478515625,0.132080078125
0.0,-6.17218017578125,-2.2735595703125,9.7503662109375,-0.03271484375,1.055419921875,0.13427734375
0.0,-6.4697265625,-1.67083740234375,11.0321044921875,-0.025634765625,1.0322265625,0.12939453125
0.0,-6.21795654296875,-1.38092041015625,12.6495361328125,-0.02783203125,1.013671875,0.13037109375
0.0,-6.5155029296875,-0.8544921875,13.22174072265625,-0.01318359375,0.98388671875,0.1279296875
0.0,-6.37054443359375,-0.25177001953125,13.51165771484375,-0.03369140625,0.962890625,0.1279296875
0.0,-6.195068359375,0.0762939453125,13.51165771484375,-0.01513671875,0.9541015625,0.1318359375
0.0,-6.20269775390625,0.34332275390625,13.72528076171875,-0.006591796875,0.93994140625,0.12890625
0.0,-5.5389404296875,0.93841552734375,14.5721435546875,-0.007080078125,0.94140625,0.1318359375
0.0,-5.19561767578125,1.42669677734375,14.068603515625,0.0009765625,0.936279296875,0.13330078125
0.0,-4.85992431640625,1.7242431640625,13.6260986328125,-0.003173828125,0.963623046875,0.138427734375
0.0,-4.5623779296875,2.44903564453125,13.37432861328125,-0.002197265625,0.960693359375,0.142578125
0.0,-4.241943359375,2.52532958984375,11.74163818359375,-0.00048828125,0.96826171875,0.1455078125
0.0,-3.3721923828125,2.99072265625,11.19232177734375,0.021728515625,0.967529296875,0.146240234375
0.0,-2.84576416015625,3.73077392578125,10.92529296875,0.015869140625,0.98974609375,0.15380859375
0.0,-2.43377685546875,3.84521484375,9.55963134765625,-0.00341796875,0.980224609375,0.146240234375
0.0,-1.8463134765625,4.150390625,8.148193359375,0.016357421875,0.988525390625,0.151123046875
0.0,-1.57928466796875,4.67681884765625,7.28607177734375,0.01025390625,0.986328125,0.148681640625
0.0,-0.87738037109375,4.92095947265625,6.21795654296875,0.00634765625,0.974853515625,0.138671875
0.0,-0.37384033203125,5.19561767578125,5.04302978515625,0.013916015625,0.971923828125,0.142578125
0.0,0.1068115234375,5.645751953125,3.7841796875,0.0107421875,0.970458984375,0.135009765625
0.0,0.45013427734375,6.03485107421875,2.716064453125,0.00732421875,0.962890625,0.140625
0.0,0.89263916015625,6.18743896484375,1.35040283203125,0.00634765625,0.958740234375,0.1328125
0.0,1.33514404296875,6.6986083984375,0.457763671875,0.013916015625,0.9560546875,0.13818359375
0.0,1.800537109375,6.87408447265625,-0.55694580078125,-0.000244140625,0.964111328125,0.135009765625
0.0,2.2430419921875,7.17926025390625,-1.89971923828125,0.00732421875,0.963134765625,0.13720703125
0.0,2.46429443359375,7.49969482421875,-2.960205078125,0.002197265625,0.965576171875,0.13525390625
0.0,2.79998779296875,7.843017578125,-4.0283203125,0.003662109375,0.967529296875,0.132568359375
0.0,3.0059814453125,8.06427001953125,-4.92095947265625,-0.003662109375,0.97998046875,0.125732421875
0.0,3.35693359375,8.3770751953125,-5.28717041015625,-0.00537109375,0.970947265625,0.126220703125
0.0,3.47137451171875,8.46099853515625,-5.66864013671875,-0.013427734375,0.98291015625,0.120849609375
0.0,3.8299560546875,8.79669189453125,-6.195068359375,-0.010498046875,0.988525390625,0.123291015625
0.0,3.86810302734375,8.8653564453125,-6.20269775390625,-0.023193359375,0.99462890625,0.12109375
0.0,3.89862060546875,9.04083251953125,-6.23321533203125,-0.014404296875,1.00146484375,0.123046875
0.0,3.96728515625,9.1400146484375,-6.08062744140625,-0.02587890625,0.9892578125,0.11962890625
0.0,4.21905517578125,9.33074951171875,-5.55419921875,-0.02099609375,0.99267578125,0.12158203125
0.0,4.14276123046875,9.34600830078125,-5.25665283203125,-0.029541015625,0.993896484375,0.12158203125
0.0,4.41741943359375,9.45281982421875,-4.72259521484375,-0.031005859375,0.983154296875,0.123046875
0.0,4.486083984375,9.5367431640625,-4.2572021484375,-0.021484375,0.993896484375,0.116943359375
0.0,4.486083984375,9.78851318359375,-3.30352783203125,-0.02880859375,0.9853515625,0.122802734375
0.0,4.61578369140625,9.66644287109375,-2.1209716796875,-0.03759765625,0.984130859375,0.11767578125
0.0,4.69207763671875,9.82666015625,-1.31988525390625,-0.03466796875,0.9765625,0.121337890625
0.0,4.76837158203125,9.81903076171875,-0.63323974609375,-0.04052734375,0.974609375,0.11962890625
0.0,5.10406494140625,9.92584228515625,0.7781982421875,-0.0341796875,0.98095703125,0.120361328125
0.0,5.18035888671875,9.8419189453125,1.8768310546875,-0.03662109375,0.982666015625,0.123779296875
0.0,5.340576171875,10.09368896484375,2.7313232421875,-0.033203125,0.98681640625,0.12353515625
0.0,5.36346435546875,10.0860595703125,4.08172607421875,-0.03955078125,0.98583984375,0.119873046875
0.0,5.69915771484375,10.0860595703125,5.1422119140625,-0.035888671875,0.999267578125,0.11962890625
0.0,5.6304931640625,10.16998291015625,6.3934326171875,-0.0380859375,0.998779296875,0.12109375
0.0,5.706787109375,10.18524169921875,7.049560546875,-0.0439453125,0.998046875,0.122802734375
0.0,5.80596923828125,10.2996826171875,8.20159912109375,-0.024169921875,0.997802734375,0.117919921875
0.0,5.80596923828125,10.31494140625,9.674072265625,-0.03955078125,1.003173828125,0.117431640625
0.0,5.77545166015625,10.3759765625,10.29205322265625,-0.035400390625,1.00048828125,0.120849609375
0.0,5.66864013671875,10.3912353515625,10.73455810546875,-0.041015625,0.994140625,0.115966796875
0.0,5.8135986328125,10.498046875,11.75689697265625,-0.029052734375,0.989013671875,0.1171875
0.0,5.645751953125,10.31494140625,12.74871826171875,-0.033447265625,0.989990234375,0.113525390625
0.0,5.7525634765625,10.56671142578125,13.24462890625,-0.024169921875,0.99267578125,0.113525390625
0.0,5.6610107421875,10.65826416015625,13.73291015625,-0.034912109375,0.991943359375,0.11181640625
0.0,5.51605224609375,10.6353759765625,13.80157470703125,-0.024658203125,0.9912109375,0.11962890625
0.0,5.3863525390625,10.73455810546875,13.9923095703125,-0.02490234375,0.99560546875,0.1123046875
0.0,5.36346435546875,10.73455810546875,14.312744140625,-0.0205078125,0.991943359375,0.11669921875
0.0,5.25665283203125,10.7879638671875,14.1754150390625,-0.01806640625,1.00146484375,0.114990234375
0.0,5.2490234375,10.92529296875,13.6871337890625,-0.018310546875,1.003173828125,0.112060546875
0.0,5.0201416015625,11.05499267578125,13.153076171875,-0.0126953125,1.01220703125,0.115966796875
0.0,4.9285888671875,11.05499267578125,12.42828369140625,-0.013671875,1.011962890625,0.113037109375
0.0,4.57763671875,11.1083984375,11.9476318359375,-0.000244140625,1.010498046875,0.11474609375
0.0,4.5013427734375,11.2762451171875,11.0626220703125,-0.012451171875,1.01318359375,0.110107421875
0.0,4.29534912109375,11.3525390625,9.80377197265625,-0.0068359375,1.00732421875,0.114013671875
0.0,4.14276123046875,11.46697998046875,8.47625732421875,-0.00390625,1.000732421875,0.11328125
0.0,3.89862060546875,11.5966796875,7.4920654296875,-0.001220703125,0.996337890625,0.1142578125
0.0,3.7841796875,11.61956787109375,6.2408447265625,-0.004150390625,0.997314453125,0.10888671875
0.0,3.53240966796875,11.84844970703125,4.82177734375,-0.0009765625,0.9921875,0.1142578125
0.0,3.35693359375,11.8560791015625,3.41796875,-0.00537109375,0.990234375,0.1103515625
0.0,3.30352783203125,12.01629638671875,2.00653076171875,0.004150390625,0.986328125,0.11181640625
0.0,3.02886962890625,12.04681396484375,0.78582763671875,-0.004638671875,0.994384765625,0.109375
0.0,2.86865234375,12.24517822265625,-1.04522705078125,0.00244140625,0.9931640625,0.111328125
0.0,2.6702880859375,12.39776611328125,-2.6397705078125,0.000244140625,0.99853515625,0.11083984375
0.0,2.4871826171875,12.4664306640625,-3.5552978515625,0.00244140625,0.999755859375,0.1162109375
0.0,2.25067138671875,12.55035400390625,-5.13458251953125,-0.003662109375,1.001220703125,0.109619140625
0.0,2.25830078125,12.77923583984375,-6.47735595703125,-0.00390625,1.00634765625,0.116455078125
0.0,1.91497802734375,12.68768310546875,-7.60650634765625,-0.00634765625,1.0078125,0.11474609375
0.0,1.74713134765625,12.9241943359375,-8.91876220703125,-0.002685546875,1.00634765625,0.115966796875
0.0,1.64794921875,12.96234130859375,-9.0789794921875,-0.005859375,1.0029296875,0.114501953125
0.0,1.42669677734375,13.092041015625,-10.42938232421875,-0.01318359375,1.00244140625,0.114990234375
0.0,1.3275146484375,13.03863525390625,-10.986328125,-0.0166015625,0.998779296875,0.115478515625
0.0,1.39617919921875,13.29803466796875,-11.54327392578125,-0.012451171875,0.991455078125,0.1171875
0.0,1.1138916015625,13.19122314453125,-12.00103759765625,-0.012451171875,0.99755859375,0.116455078125
0.0,1.068115234375,13.37432861328125,-11.94000244140625,-0.018310546875,0.98974609375,0.11669921875
0.0,0.9002685546875,13.397216796875,-12.2222900390625,-0.0205078125,0.989013671875,0.114501953125
0.0,0.92315673828125,13.40484619140625,-12.0849609375,-0.01953125,0.985595703125,0.1171875
0.0,0.84686279296875,13.4735107421875,-11.80267333984375,-0.02001953125,0.98486328125,0.116943359375
0.0,0.90789794921875,13.57269287109375,-11.6119384765625,-0.03271484375,0.99560546875,0.11767578125
0.0,0.762939453125,13.519287109375,-10.7574462890625,-0.028076171875,0.990478515625,0.11962890625
0.0,0.80108642578125,13.69476318359375,-9.9334716796875,-0.0283203125,0.99658203125,0.120361328125
0.0,0.77056884765625,13.5650634765625,-9.0789794921875,-0.035888671875,0.99560546875,0.12060546875
0.0,0.84686279296875,13.6566162109375,-8.07952880859375,-0.038818359375,1.00146484375,0.1240234375
0.0,0.79345703125,13.51165771484375,-7.4462890625,-0.035400390625,0.990966796875,0.118896484375
0.0,1.07574462890625,13.64898681640625,-6.134033203125,-0.031494140625,0.99169921875,0.12060546875
0.0,1.1138916015625,13.73291015625,-4.55474853515625,-0.03564453125,0.9970703125,0.124267578125
0.0,1.15966796875,13.77105712890625,-3.509521484375,-0.046875,0.988037109375,0.120849609375
0.0,1.220703125,13.4735107421875,-2.15911865234375,-0.042236328125,0.989990234375,0.124755859375
0.0,1.38092041015625,13.61083984375,-0.701904296875,-0.041015625,0.98486328125,0.117919921875
0.0,1.53350830078125,13.6260986328125,0.41961669921875,-0.040771484375,0.96923828125,0.122314453125
0.0,1.6632080078125,13.63372802734375,1.8157958984375,-0.033203125,0.983154296875,0.123046875
0.0,1.71661376953125,13.71002197265625,3.173828125,-0.03369140625,0.98291015625,0.123779296875
0.0,2.05230712890625,13.6260986328125,4.425048828125,-0.04736328125,0.968505859375,0.1181640625
0.0,2.35748291015625,13.6871337890625,5.21087646484375,-0.0341796875,0.98095703125,0.124267578125
0.0,2.410888671875,13.54217529296875,6.76727294921875,-0.039794921875,0.986328125,0.122802734375
0.0,2.70843505859375,13.64898681640625,7.88116455078125,-0.036376953125,0.989013671875,0.124755859375
0.0,2.78472900390625,13.60321044921875,8.46099853515625,-0.039306640625,0.98388671875,0.124267578125
0.0,3.16619873046875,13.61083984375,9.63592529296875,-0.026611328125,0.9921875,0.124755859375
0.0,3.2806396484375,13.6871337890625,10.39886474609375,-0.031982421875,0.988525390625,0.1259765625
0.0,3.570556640625,13.54217529296875,10.711669921875,-0.032470703125,0.986572265625,0.125
0.0,3.7078857421875,13.74053955078125,11.138916015625,-0.017822265625,0.9853515625,0.126708984375
0.0,3.9520263671875,13.78631591796875,11.54327392578125,-0.03271484375,0.99462890625,0.121337890625
0.0,4.150390625,13.6260986328125,11.48223876953125,-0.0234375,0.984130859375,0.125244140625
0.0,4.425048828125,13.72528076171875,11.444091796875,-0.016845703125,0.981201171875,0.122802734375
0.0,4.6539306640625,13.8702392578125,11.9171142578125,-0.018310546875,0.988037109375,0.12646484375
0.0,4.66156005859375,13.74053955078125,11.3983154296875,-0.023681640625,0.986328125,0.119140625
0.0,4.852294921875,13.763427734375,10.64300537109375,-0.015380859375,0.97265625,0.126708984375
0.0,5.096435546875,14.01519775390625,10.3912353515625,-0.006103515625,0.97998046875,0.12109375
0.0,5.4168701171875,14.07623291015625,9.6893310546875,-0.0146484375,0.974609375,0.1240234375
0.0,5.59234619140625,13.80157470703125,8.9111328125,-0.013916015625,0.98486328125,0.1220703125
0.0,5.706787109375,14.19830322265625,8.026123046875,-0.00390625,0.983642578125,0.1240234375
0.0,5.63812255859375,14.16015625,7.01904296875,-0.017822265625,0.986083984375,0.12255859375
0.0,5.92041015625,14.0838623046875,5.82122802734375,-0.001220703125,0.991943359375,0.1181640625
0.0,5.9051513671875,14.251708984375,5.36346435546875,0.000244140625,0.991943359375,0.12109375
0.0,6.24847412109375,14.32037353515625,4.241943359375,-0.009521484375,0.9921875,0.120361328125
0.0,5.98907470703125,14.2669677734375,2.899169921875,-0.008056640625,0.993896484375,0.126220703125
0.0,6.12640380859375,14.373779296875,1.38092041015625,-0.00048828125,0.98388671875,0.11572265625
0.0,6.12640380859375,14.58740234375,-0.16021728515625,0.00048828125,1.004638671875,0.12255859375
0.0,5.92803955078125,14.46533203125,-1.30462646484375,-0.011474609375,0.994873046875,0.114990234375
0.0,6.195068359375,14.61029052734375,-2.12860107421875,-0.002197265625,0.97900390625,0.120361328125
0.0,6.09588623046875,14.61029052734375,-3.2806396484375,-0.010986328125,0.99560546875,0.12060546875
0.0,5.9661865234375,14.6026611328125,-4.28009033203125,-0.002685546875,0.991943359375,0.116943359375
0.0,5.8746337890625,14.70947265625,-5.1116943359375,-0.015625,0.9921875,0.11279296875
0.0,5.79071044921875,14.74761962890625,-6.52313232421875,-0.00341796875,0.987548828125,0.119140625
0.0,5.65338134765625,14.8162841796875,-6.91986083984375,-0.005859375,0.98681640625,0.116455078125
0.0,5.69915771484375,14.8773193359375,-7.69805908203125,-0.01318359375,0.99169921875,0.114013671875
0.0,5.462646484375,14.7552490234375,-8.75091552734375,-0.0205078125,1.0029296875,0.119384765625
0.0,5.2490234375,14.8773193359375,-9.33074951171875,-0.010498046875,1.0,0.11376953125
0.0,5.01251220703125,14.862060546875,-9.43756103515625,-0.017578125,1.0,0.1171875
0.0,5.0201416015625,14.8773193359375,-9.46044921875,-0.013427734375,1.009765625,0.110107421875
0.0,4.6234130859375,14.8773193359375,-9.368896484375,-0.02392578125,1.009765625,0.1171875
0.0,4.425048828125,14.77813720703125,-9.81903076171875,-0.02880859375,1.00830078125,0.11181640625
0.0,4.12750244140625,14.8162841796875,-9.7808837890625,-0.01806640625,1.007080078125,0.11865234375
0.0,4.02069091796875,14.739990234375,-9.46807861328125,-0.029541015625,0.998779296875,0.11572265625
0.0,3.79180908203125,14.9078369140625,-9.0484619140625,-0.020751953125,1.00439453125,0.113525390625
0.0,3.448486328125,14.71710205078125,-8.33892822265625,-0.04052734375,1.0048828125,0.11474609375
0.0,3.387451171875,14.556884765625,-7.904052734375,-0.029052734375,1.003173828125,0.1123046875
0.0,3.05938720703125,14.6636962890625,-7.02667236328125,-0.02880859375,1.001708984375,0.109619140625
0.0,2.8076171875,14.65606689453125,-6.2408447265625,-0.034912109375,1.00537109375,0.1162109375
0.0,2.288818359375,14.404296875,-4.9591064453125,-0.0341796875,0.99560546875,0.1083984375
0.0,2.14385986328125,14.51873779296875,-3.7994384765625,-0.0341796875,0.996337890625,0.11865234375
0.0,1.94549560546875,14.3585205078125,-3.021240234375,-0.045166015625,1.000732421875,0.113525390625
0.0,1.86920166015625,14.27459716796875,-2.03704833984375,-0.03369140625,0.998779296875,0.113037109375
0.0,1.71661376953125,14.18304443359375,-0.6256103515625,-0.039306640625,1.00830078125,0.111083984375
0.0,1.3580322265625,14.07623291015625,0.762939453125,-0.03759765625,1.01171875,0.1162109375
0.0,0.9613037109375,13.9617919921875,1.67083740234375,-0.040283203125,1.00634765625,0.11474609375
0.0,0.8087158203125,14.07623291015625,2.593994140625,-0.03662109375,1.0078125,0.116455078125
0.0,0.58746337890625,13.8702392578125,3.814697265625,-0.040283203125,0.997314453125,0.117919921875
0.0,0.72479248046875,13.74053955078125,4.9591064453125,-0.038818359375,1.001220703125,0.11328125
0.0,0.60272216796875,13.69476318359375,5.79833984375,-0.03662109375,0.99462890625,0.11962890625
0.0,0.5035400390625,13.5498046875,7.080078125,-0.03759765625,1.003173828125,0.114990234375
0.0,0.25177001953125,13.5040283203125,7.53021240234375,-0.03466796875,1.00146484375,0.119384765625
0.0,-0.091552734375,13.458251953125,8.30078125,-0.0283203125,0.997314453125,0.116455078125
0.0,0.0152587890625,13.3819580078125,9.3231201171875,-0.03271484375,0.9931640625,0.112060546875
0.0,-0.06866455078125,13.37432861328125,9.521484375,-0.029296875,0.99267578125,0.119873046875
0.0,-0.0457763671875,13.16070556640625,9.9639892578125,-0.036865234375,0.988525390625,0.11865234375
0.0,-0.030517578125,13.14544677734375,10.0860595703125,-0.02099609375,0.993896484375,0.1220703125
0.0,-0.14495849609375,13.1683349609375,10.4217529296875,-0.026611328125,0.990966796875,0.12158203125
0.0,-0.0152587890625,13.0157470703125,10.5133056640625,-0.02734375,0.994140625,0.116943359375
0.0,-0.091552734375,13.06915283203125,10.31494140625,-0.017822265625,0.997802734375,0.123291015625
0.0,-0.11444091796875,12.88604736328125,10.50567626953125,-0.025146484375,0.9912109375,0.117919921875
0.0,0.0762939453125,12.94708251953125,10.09368896484375,-0.016357421875,0.99365234375,0.123046875
0.0,0.1220703125,12.847900390625,9.43756103515625,-0.0244140625,0.9921875,0.12158203125
0.0,0.213623046875,12.91656494140625,8.9111328125,-0.01171875,0.993408203125,0.124755859375
0.0,0.2899169921875,12.8021240234375,8.544921875,-0.01416015625,0.9853515625,0.1220703125
0.0,0.5340576171875,12.74871826171875,8.087158203125,-0.010986328125,0.983642578125,0.12255859375
0.0,0.55694580078125,12.76397705078125,7.2174072265625,-0.017578125,0.98291015625,0.12353515625
0.0,0.6561279296875,12.61138916015625,5.89752197265625,-0.015380859375,0.983642578125,0.1240234375
0.0,0.8087158203125,12.71820068359375,5.31005859375,-0.00244140625,0.978515625,0.125
0.0,1.07574462890625,12.603759765625,4.70733642578125,-0.012939453125,0.981689453125,0.12158203125
0.0,1.16729736328125,12.59613037109375,3.74603271484375,-0.0068359375,0.9775390625,0.125732421875
0.0,1.35040283203125,12.603759765625,2.61688232421875,-0.017578125,0.978271484375,0.124267578125
0.0,1.5106201171875,12.55035400390625,1.2359619140625,-0.006591796875,0.97900390625,0.125244140625
0.0,1.6326904296875,12.48931884765625,0.701904296875,-0.009521484375,0.97900390625,0.125732421875
0.0,2.00653076171875,12.4969482421875,-0.35858154296875,-0.006591796875,0.98291015625,0.12548828125
0.0,1.983642578125,12.55035400390625,-1.2664794921875,-0.009521484375,0.98486328125,0.127685546875
0.0,2.288818359375,12.3138427734375,-2.0904541015625,-0.0185546875,0.98388671875,0.123779296875
0.0,2.44140625,12.451171875,-3.204345703125,-0.006103515625,0.985107421875,0.12841796875
0.0,2.471923828125,12.298583984375,-3.91387939453125,-0.016357421875,0.980712890625,0.12548828125
0.0,2.777099609375,12.3138427734375,-4.4708251953125,-0.009765625,0.98828125,0.125
0.0,2.8839111328125,12.26806640625,-5.096435546875,-0.016357421875,0.984619140625,0.12744140625
0.0,2.960205078125,12.15362548828125,-5.645751953125,-0.01806640625,0.985595703125,0.1220703125
0.0,3.15093994140625,12.21466064453125,-6.16455078125,-0.012939453125,0.980712890625,0.127685546875
0.0,3.2501220703125,12.03155517578125,-6.26373291015625,-0.0224609375,0.979736328125,0.121826171875
0.0,3.50189208984375,12.0849609375,-6.58416748046875,-0.020263671875,0.987060546875,0.12451171875
0.0,3.39508056640625,11.94000244140625,-6.6680908203125,-0.025146484375,0.983154296875,0.12548828125
0.0,3.6468505859375,11.86370849609375,-6.64520263671875,-0.02099609375,0.981689453125,0.121826171875
0.0,3.6773681640625,11.80267333984375,-6.49261474609375,-0.02392578125,0.984375,0.125244140625
0.0,3.8909912109375,11.71875,-6.2408447265625,-0.029296875,0.987548828125,0.121826171875
0.0,3.85284423828125,11.71112060546875,-5.86700439453125,-0.0283203125,0.99072265625,0.124755859375
0.0,3.8604736328125,11.48223876953125,-5.66864013671875,-0.032958984375,0.989990234375,0.119140625
0.0,3.97491455078125,11.43646240234375,-4.82940673828125,-0.024658203125,0.991943359375,0.12353515625
0.0,4.0283203125,11.383056640625,-4.26483154296875,-0.034912109375,0.995849609375,0.119873046875
0.0,4.11224365234375,11.2762451171875,-3.72314453125,-0.0341796875,0.98876953125,0.122802734375
0.0,4.05120849609375,11.03973388671875,-3.08990478515625,-0.03466796875,0.996826171875,0.120361328125
0.0,4.08935546875,11.04736328125,-2.13623046875,-0.03076171875,0.99267578125,0.12109375
0.0,4.03594970703125,10.84136962890625,-1.28936767578125,-0.041015625,0.99560546875,0.11767578125
0.0,3.936767578125,10.78033447265625,-0.46539306640625,-0.0322265625,0.99755859375,0.12255859375
0.0,3.875732421875,10.61248779296875,0.77056884765625,-0.042236328125,0.992919921875,0.1162109375
0.0,3.936767578125,10.49041748046875,1.41143798828125,-0.037109375,0.9912109375,0.118896484375
0.0,3.753662109375,10.31494140625,2.73895263671875,-0.035400390625,0.994140625,0.116455078125
0.0,3.570556640625,10.1776123046875,3.8909912109375,-0.036865234375,1.0009765625,0.1171875
0.0,3.4027099609375,9.91058349609375,4.69970703125,-0.040771484375,0.995849609375,0.115966796875
0.0,3.265380859375,9.83428955078125,5.57708740234375,-0.0283203125,0.997802734375,0.1171875
0.0,3.1280517578125,9.86480712890625,6.3629150390625,-0.042236328125,1.00146484375,0.1162109375
0.0,2.96783447265625,9.54437255859375,6.9427490234375,-0.033447265625,1.00390625,0.117431640625
0.0,2.76947021484375,9.3841552734375,7.68280029296875,-0.032470703125,1.005126953125,0.1162109375
0.0,2.6092529296875,9.40704345703125,8.4228515625,-0.031005859375,1.008056640625,0.118408203125
0.0,2.3651123046875,9.19342041015625,8.8958740234375,-0.0380859375,1.002197265625,0.1123046875
0.0,2.1820068359375,9.09423828125,9.0179443359375,-0.028076171875,1.004638671875,0.11669921875
0.0,1.89208984375,8.93402099609375,9.55963134765625,-0.028076171875,1.008544921875,0.115478515625
0.0,1.8157958984375,8.90350341796875,9.9334716796875,-0.02587890625,0.99853515625,0.114990234375
0.0,1.51824951171875,8.68988037109375,9.95635986328125,-0.02783203125,1.01171875,0.115966796875
0.0,1.2359619140625,8.6212158203125,9.97161865234375,-0.026611328125,1.000244140625,0.11669921875
0.0,0.95367431640625,8.41522216796875,9.58251953125,-0.02392578125,1.00537109375,0.11376953125
0.0,0.84686279296875,8.39996337890625,9.49859619140625,-0.016357421875,0.994873046875,0.11328125
0.0,0.640869140625,8.3160400390625,9.70458984375,-0.02099609375,1.005126953125,0.114013671875
0.0,0.35858154296875,8.17108154296875,9.0179443359375,-0.02880859375,1.01025390625,0.11865234375
0.0,-0.09918212890625,7.92694091796875,8.27789306640625,-0.01416015625,1.0,0.1162109375
0.0,-0.1068115234375,7.92694091796875,8.0108642578125,-0.01611328125,0.996337890625,0.11328125
0.0,-0.25177001953125,7.83538818359375,7.4462890625,-0.012451171875,0.99951171875,0.115966796875
0.0,-0.3662109375,7.75146484375,6.7291259765625,-0.01904296875,1.002197265625,0.11474609375
0.0,-0.701904296875,7.66754150390625,6.1187744140625,-0.012939453125,1.005615234375,0.11962890625
0.0,-0.95367431640625,7.5225830078125,5.157470703125,-0.020263671875,1.003662109375,0.115234375
0.0,-1.03759765625,7.40814208984375,4.486083984375,-0.010986328125,0.994384765625,0.11669921875
0.0,-1.190185546875,7.27081298828125,3.7841796875,-0.01513671875,1.00341796875,0.11669921875
0.0,-1.3580322265625,7.2479248046875,3.01361083984375,-0.01171875,0.998779296875,0.118408203125
0.0,-1.5869140625,7.01904296875,2.18963623046875,-0.0185546875,1.00390625,0.116943359375
0.0,-1.71661376953125,7.02667236328125,0.99945068359375,-0.009521484375,0.993408203125,0.119873046875
0.0,-1.800537109375,6.988525390625,0.25177001953125,-0.0126953125,0.992431640625,0.117919921875
0.0,-1.7547607421875,6.8206787109375,-0.30517578125,-0.01220703125,0.990966796875,0.11767578125
0.0,-1.94549560546875,6.622314453125,-1.09100341796875,-0.014892578125,0.996337890625,0.1181640625
0.0,-1.99127197265625,6.66046142578125,-1.85394287109375,-0.01708984375,0.994873046875,0.12158203125
0.0,-2.197265625,6.47735595703125,-2.41851806640625,-0.015625,0.991455078125,0.118408203125
0.0,-2.0751953125,6.38580322265625,-2.8839111328125,-0.01806640625,0.990966796875,0.12109375
0.0,-2.105712890625,6.2408447265625,-3.31878662109375,-0.01953125,0.991455078125,0.12109375
0.0,-2.0751953125,6.08062744140625,-3.99017333984375,-0.02197265625,0.990966796875,0.122314453125
0.0,-2.08282470703125,5.9814453125,-4.1961669921875,-0.01513671875,0.9921875,0.123291015625
0.0,-2.0904541015625,5.8746337890625,-4.425048828125,-0.023193359375,0.993408203125,0.1220703125
0.0,-2.0294189453125,5.68389892578125,-4.50897216796875,-0.021484375,0.985107421875,0.121337890625
0.0,-1.8768310546875,5.6304931640625,-4.57763671875,-0.02587890625,0.990234375,0.12353515625
0.0,-1.9073486328125,5.43975830078125,-4.486083984375,-0.023193359375,0.989501953125,0.12646484375
0.0,-1.71661376953125,5.340576171875,-4.28009033203125,-0.029052734375,0.985595703125,0.123291015625
0.0,-1.64031982421875,5.14984130859375,-3.95965576171875,-0.02783203125,0.996337890625,0.1259765625
0.0,-1.5869140625,4.90570068359375,-3.92913818359375,-0.027587890625,0.983642578125,0.12158203125
0.0,-1.3580322265625,4.913330078125,-3.36456298828125,-0.02392578125,0.981689453125,0.1240234375
0.0,-1.18255615234375,4.791259765625,-2.8228759765625,-0.03564453125,0.982666015625,0.125732421875
0.0,-1.0833740234375,4.63104248046875,-2.40325927734375,-0.03076171875,0.984619140625,0.128662109375
0.0,-0.93841552734375,4.15802001953125,-1.85394287109375,-0.042236328125,0.979248046875,0.12890625
0.0,-0.6561279296875,4.28009033203125,-1.21307373046875,-0.021484375,0.97998046875,0.122314453125
0.0,-0.48065185546875,4.06646728515625,-0.396728515625,-0.0419921875,0.98291015625,0.127197265625
0.0,-0.30517578125,3.8604736328125,0.16021728515625,-0.028564453125,0.98486328125,0.125732421875
0.0,-0.28228759765625,3.72314453125,0.99945068359375,-0.037841796875,0.98583984375,0.127685546875
0.0,0.00762939453125,3.5400390625,1.708984375,-0.034912109375,0.987548828125,0.125732421875
0.0,0.1678466796875,3.3721923828125,2.349853515625,-0.03564453125,0.97998046875,0.127197265625
0.0,0.48828125,3.15093994140625,3.1890869140625,-0.035888671875,0.9814453125,0.12744140625
0.0,0.67901611328125,3.02886962890625,4.00543212890625,-0.030029296875,0.98779296875,0.127197265625
0.0,0.83160400390625,2.84576416015625,4.69207763671875,-0.042236328125,0.98681640625,0.125732421875
0.0,0.9613037109375,2.70843505859375,5.33294677734375,-0.028076171875,0.985595703125,0.127197265625
0.0,1.10626220703125,2.5177001953125,6.011962890625,-0.037841796875,0.9814453125,0.125
0.0,1.4801025390625,2.28118896484375,6.78253173828125,-0.0322265625,0.984130859375,0.126220703125
0.0,1.708984375,2.14385986328125,7.25555419921875,-0.03125,0.984375,0.125
0.0,1.77001953125,2.00653076171875,7.91168212890625,-0.031005859375,0.98486328125,0.127685546875
0.0,1.93023681640625,1.7852783203125,7.9803466796875,-0.0341796875,0.986328125,0.1240234375
0.0,2.02178955078125,1.60980224609375,8.4381103515625,-0.024169921875,0.98046875,0.125
0.0,2.2430419921875,1.50299072265625,8.62884521484375,-0.0322265625,0.986572265625,0.12255859375
0.0,2.3040771484375,1.38092041015625,8.52203369140625,-0.02197265625,0.98779296875,0.1259765625
0.0,2.4261474609375,1.18255615234375,8.62884521484375,-0.029052734375,0.989501953125,0.1220703125
0.0,2.50244140625,1.1138916015625,8.53729248046875,-0.019287109375,0.98876953125,0.124755859375
0.0,2.5634765625,0.91552734375,8.48388671875,-0.02734375,0.990234375,0.120361328125
0.0,2.655029296875,0.83160400390625,8.0108642578125,-0.021240234375,0.991455078125,0.125
0.0,2.655029296875,0.64849853515625,7.75909423828125,-0.02392578125,0.9921875,0.121337890625
0.0,2.716064453125,0.5340576171875,7.43865966796875,-0.0166015625,0.993896484375,0.124755859375
0.0,2.67791748046875,0.335693359375,7.10296630859375,-0.01953125,0.992919921875,0.120849609375
0.0,2.70843505859375,0.335693359375,6.59942626953125,-0.01708984375,0.991943359375,0.12109375
0.0,2.64739990234375,0.1373291015625,5.9967041015625,-0.021240234375,0.99365234375,0.12109375
0.0,2.685546875,-0.00762939453125,5.1422119140625,-0.015869140625,0.9921875,0.120361328125
0.0,2.57110595703125,-0.1373291015625,4.84466552734375,-0.015625,0.99365234375,0.119384765625
0.0,2.52532958984375,-0.20599365234375,4.0435791015625,-0.01708984375,0.995849609375,0.117431640625
0.0,2.38037109375,-0.4425048828125,3.23486328125,-0.016357421875,0.99267578125,0.119384765625
0.0,2.3651123046875,-0.4730224609375,2.57110595703125,-0.013427734375,0.994873046875,0.11767578125
0.0,2.1820068359375,-0.5950927734375,2.02178955078125,-0.016357421875,0.99365234375,0.119384765625
0.0,2.1514892578125,-0.7171630859375,1.19781494140625,-0.019287109375,0.997802734375,0.11669921875
0.0,1.983642578125,-0.8544921875,0.49591064453125,-0.0126953125,1.00048828125,0.118408203125
0.0,1.9378662109375,-0.9918212890625,-0.08392333984375,-0.020263671875,0.997314453125,0.11376953125
0.0,1.77001953125,-1.01470947265625,-0.8087158203125,-0.01171875,1.002197265625,0.119140625
0.0,1.53350830078125,-1.251220703125,-1.312255859375,-0.023193359375,1.0029296875,0.116455078125
0.0,1.434326171875,-1.31988525390625,-1.88446044921875,-0.01318359375,1.000244140625,0.11669921875
0.0,1.2054443359375,-1.4801025390625,-2.288818359375,-0.02294921875,1.0009765625,0.11669921875
0.0,1.12152099609375,-1.60980224609375,-2.83050537109375,-0.015380859375,1.00146484375,0.115478515625
0.0,0.885009765625,-1.708984375,-3.021240234375,-0.022705078125,1.000732421875,0.11767578125
0.0,0.80108642578125,-1.9073486328125,-3.3721923828125,-0.024169921875,1.00244140625,0.114501953125
0.0,0.518798828125,-2.02178955078125,-3.692626953125,-0.019287109375,1.0009765625,0.116455078125
0.0,0.4119873046875,-2.12860107421875,-3.6163330078125,-0.0244140625,1.001220703125,0.113037109375
0.0,0.20599365234375,-2.25067138671875,-3.66973876953125,-0.02099609375,1.000244140625,0.11669921875
0.0,0.03814697265625,-2.4566650390625,-3.80706787109375,-0.029541015625,1.00341796875,0.115478515625
0.0,-0.16021728515625,-2.49481201171875,-3.5858154296875,-0.02197265625,0.998779296875,0.118896484375
0.0,-0.34332275390625,-2.73895263671875,-3.4637451171875,-0.031982421875,0.995849609375,0.1142578125
0.0,-0.335693359375,-2.86865234375,-3.2806396484375,-0.02197265625,1.001708984375,0.11767578125
0.0,-0.55694580078125,-2.99072265625,-2.72369384765625,-0.03076171875,0.99951171875,0.11669921875
0.0,-0.60272216796875,-3.1280517578125,-2.57110595703125,-0.0322265625,1.002197265625,0.1171875
0.0,-0.86212158203125,-3.34930419921875,-2.32696533203125,-0.030029296875,1.00048828125,0.118408203125
0.0,-0.8544921875,-3.448486328125,-1.62506103515625,-0.0283203125,0.99755859375,0.11572265625
0.0,-0.90789794921875,-3.54766845703125,-0.86212158203125,-0.0322265625,0.997802734375,0.11669921875
0.0,-1.13677978515625,-3.83758544921875,-0.77056884765625,-0.037109375,1.004150390625,0.118408203125
0.0,-1.16729736328125,-3.936767578125,0.152587890625,-0.027099609375,0.9892578125,0.120361328125
0.0,-1.18255615234375,-3.997802734375,0.4730224609375,-0.033203125,1.0,0.119384765625
0.0,-1.39617919921875,-4.241943359375,0.823974609375,-0.030029296875,0.990234375,0.11865234375
0.0,-1.18255615234375,-4.31060791015625,1.80816650390625,-0.035888671875,0.9951171875,0.1162109375
0.0,-1.31988525390625,-4.486083984375,2.50244140625,-0.031494140625,0.99365234375,0.12451171875
0.0,-1.46484375,-4.69970703125,2.99072265625,-0.0361328125,0.99267578125,0.118896484375
0.0,-1.220703125,-4.69207763671875,3.45611572265625,-0.032470703125,0.98681640625,0.118896484375
0.0,-1.19781494140625,-4.974365234375,3.94439697265625,-0.03173828125,0.993896484375,0.120849609375
0.0,-1.129150390625,-5.06591796875,4.52423095703125,-0.025390625,0.987060546875,0.122802734375
0.0,-1.19781494140625,-5.1422119140625,4.99725341796875,-0.02978515625,0.990966796875,0.1220703125
0.0,-1.04522705078125,-5.2947998046875,5.18035888671875,-0.031005859375,0.988037109375,0.119873046875
0.0,-0.9765625,-5.4168701171875,5.53131103515625,-0.02880859375,0.987060546875,0.123291015625
0.0,-0.7781982421875,-5.55419921875,5.828857421875,-0.029296875,0.988525390625,0.121826171875
0.0,-0.78582763671875,-5.67626953125,6.317138671875,-0.02392578125,0.98779296875,0.125732421875
0.0,-0.5950927734375,-5.767822265625,6.27899169921875,-0.029052734375,0.990234375,0.119873046875
0.0,-0.48828125,-5.859375,6.3323974609375,-0.02294921875,0.981689453125,0.126220703125
0.0,-0.16021728515625,-5.95855712890625,5.98907470703125,-0.0205078125,0.98193359375,0.123291015625
0.0,-0.0457763671875,-6.12640380859375,6.195068359375,-0.02001953125,0.982666015625,0.125732421875
0.0,0.1678466796875,-6.12640380859375,6.1187744140625,-0.021728515625,0.98095703125,0.125732421875
0.0,0.31280517578125,-6.3323974609375,5.85174560546875,-0.026123046875,0.980224609375,0.123046875
0.0,0.60272216796875,-6.3934326171875,5.25665283203125,-0.022216796875,0.9833984375,0.1240234375
0.0,0.762939453125,-6.4239501953125,4.93621826171875,-0.013427734375,0.978759765625,0.12646484375
0.0,1.01470947265625,-6.53839111328125,4.5928955078125,-0.0224609375,0.980224609375,0.123779296875
0.0,1.18255615234375,-6.5155029296875,4.1656494140625,-0.01025390625,0.9794921875,0.125732421875
0.0,1.3427734375,-6.6680908203125,3.7078857421875,-0.02587890625,0.981689453125,0.124267578125
0.0,1.64794921875,-6.73675537109375,2.9449462890625,-0.01220703125,0.978271484375,0.1240234375
0.0,1.8463134765625,-6.67572021484375,2.593994140625,-0.015869140625,0.97412109375,0.12841796875
0.0,2.14385986328125,-6.9427490234375,1.983642578125,-0.020263671875,0.9833984375,0.122802734375
0.0,2.3040771484375,-6.8511962890625,1.21307373046875,-0.01123046875,0.98388671875,0.1279296875
0.0,2.4261474609375,-6.9732666015625,0.86212158203125,-0.02001953125,0.982421875,0.123291015625
0.0,2.73895263671875,-7.01141357421875,0.25177001953125,-0.013427734375,0.98095703125,0.127685546875
0.0,2.86865234375,-7.14874267578125,-0.42724609375,-0.01904296875,0.975830078125,0.124755859375
0.0,3.1585693359375,-7.02667236328125,-1.1444091796875,-0.012939453125,0.983154296875,0.1240234375
0.0,3.326416015625,-7.1868896484375,-1.6326904296875,-0.0166015625,0.97900390625,0.125244140625
0.0,3.66973876953125,-7.30133056640625,-2.0904541015625,-0.015869140625,0.98291015625,0.120849609375
0.0,3.753662109375,-7.17926025390625,-2.532958984375,-0.01611328125,0.98291015625,0.126220703125
0.0,3.7994384765625,-7.39288330078125,-3.19671630859375,-0.026611328125,0.986328125,0.121826171875
0.0,4.00543212890625,-7.38525390625,-3.570556640625,-0.011962890625,0.97998046875,0.12353515625
0.0,4.0740966796875,-7.476806640625,-3.5552978515625,-0.0224609375,0.9833984375,0.124267578125
0.0,4.32586669921875,-7.568359375,-4.06646728515625,-0.020263671875,0.98486328125,0.1201171875
0.0,4.4097900390625,-7.53021240234375,-4.11224365234375,-0.016357421875,0.98779296875,0.122802734375
0.0,4.50897216796875,-7.62176513671875,-4.1961669921875,-0.025390625,0.989501953125,0.119384765625
0.0,4.5013427734375,-7.6751708984375,-4.61578369140625,-0.021240234375,0.98779296875,0.1240234375
0.0,4.6844482421875,-7.75146484375,-4.4708251953125,-0.02392578125,0.988037109375,0.11767578125
0.0,4.730224609375,-7.78961181640625,-4.2877197265625,-0.0234375,0.994140625,0.12353515625
0.0,4.75311279296875,-7.9498291015625,-4.33349609375,-0.031494140625,0.98974609375,0.118408203125
0.0,4.8828125,-7.94219970703125,-4.150390625,-0.0205078125,0.989013671875,0.11962890625
0.0,4.82177734375,-8.12530517578125,-3.74603271484375,-0.02783203125,0.996826171875,0.119873046875
0.0,4.8370361328125,-8.087158203125,-3.42559814453125,-0.026123046875,0.989501953125,0.119384765625
0.0,4.78363037109375,-8.2550048828125,-3.265380859375,-0.02978515625,0.994384765625,0.1181640625
0.0,4.791259765625,-8.17108154296875,-2.9754638671875,-0.024169921875,0.994873046875,0.11767578125
0.0,4.730224609375,-8.30841064453125,-2.28118896484375,-0.031005859375,0.991455078125,0.117919921875
0.0,4.78363037109375,-8.36181640625,-2.20489501953125,-0.027587890625,0.996826171875,0.1171875
0.0,4.5928955078125,-8.392333984375,-1.5106201171875,-0.0302734375,0.993896484375,0.11962890625
0.0,4.6234130859375,-8.6669921875,-0.99945068359375,-0.03759765625,0.99462890625,0.114501953125
0.0,4.45556640625,-8.61358642578125,-0.72479248046875,-0.0224609375,0.99853515625,0.116943359375
0.0,4.2572021484375,-8.6212158203125,0.11444091796875,-0.0302734375,1.00341796875,0.114501953125
0.0,4.09698486328125,-8.68988037109375,0.64849853515625,-0.02734375,1.001220703125,0.117431640625
0.0,4.05120849609375,-8.82720947265625,0.99945068359375,-0.03466796875,0.997314453125,0.112548828125
0.0,4.058837890625,-8.78143310546875,1.51824951171875,-0.0234375,0.991455078125,0.117431640625
0.0,3.875732421875,-8.97979736328125,1.6632080078125,-0.035400390625,0.998046875,0.119873046875
0.0,3.7841796875,-8.96453857421875,2.0294189453125,-0.019287109375,1.001708984375,0.1162109375
0.0,3.4332275390625,-9.033203125,2.593994140625,-0.032958984375,1.001220703125,0.114990234375
0.0,3.41033935546875,-9.0484619140625,2.84576416015625,-0.020751953125,1.0009765625,0.111572265625
0.0,3.2806396484375,-9.14764404296875,3.57818603515625,-0.032470703125,1.00146484375,0.114990234375
0.0,3.0975341796875,-9.185791015625,3.45611572265625,-0.02587890625,0.994384765625,0.114501953125
0.0,2.86102294921875,-9.19342041015625,3.33404541015625,-0.025146484375,1.0009765625,0.11767578125
0.0,2.777099609375,-9.28497314453125,3.6468505859375,-0.025634765625,0.992919921875,0.11767578125
0.0,2.66265869140625,-9.27734375,3.62396240234375,-0.016357421875,0.9951171875,0.11572265625
0.0,2.55584716796875,-9.36126708984375,3.9825439453125,-0.0283203125,0.997802734375,0.1142578125
0.0,2.43377685546875,-9.3231201171875,3.45611572265625,-0.02197265625,0.998291015625,0.114990234375
0.0,2.29644775390625,-9.3841552734375,3.48663330078125,-0.0224609375,1.0029296875,0.1103515625
0.0,2.0904541015625,-9.34600830078125,3.35693359375,-0.01513671875,1.0009765625,0.118408203125
0.0,1.96075439453125,-9.40704345703125,3.01361083984375,-0.02490234375,0.99658203125,0.11669921875
0.0,1.861572265625,-9.33837890625,2.7008056640625,-0.012939453125,0.993408203125,0.119384765625
0.0,1.800537109375,-9.4451904296875,2.4261474609375,-0.027587890625,0.9912109375,0.11767578125
0.0,1.6937255859375,-9.52911376953125,1.62506103515625,-0.013916015625,0.998046875,0.116455078125
0.0,1.6632080078125,-9.34600830078125,1.3275146484375,-0.014892578125,0.996826171875,0.113525390625
0.0,1.5106201171875,-9.4451904296875,0.701904296875,-0.016357421875,0.993896484375,0.119140625
0.0,1.495361328125,-9.4146728515625,0.23651123046875,-0.01416015625,0.998291015625,0.116455078125
0.0,1.3580322265625,-9.36126708984375,-0.11444091796875,-0.01318359375,0.989501953125,0.12060546875
0.0,1.4495849609375,-9.49859619140625,-1.007080078125,-0.0234375,0.990234375,0.119140625
0.0,1.39617919921875,-9.42230224609375,-1.251220703125,-0.006591796875,0.98681640625,0.121337890625
0.0,1.434326171875,-9.46044921875,-1.5716552734375,-0.023681640625,0.99267578125,0.1171875
0.0,1.495361328125,-9.3841552734375,-2.60162353515625,-0.008544921875,0.990966796875,0.117919921875
0.0,1.4495849609375,-9.2926025390625,-2.960205078125,-0.015869140625,0.99169921875,0.119384765625
0.0,1.57928466796875,-9.27734375,-3.326416015625,-0.013671875,0.988525390625,0.120361328125
0.0,1.6021728515625,-9.368896484375,-3.80706787109375,-0.019775390625,0.992431640625,0.119384765625
0.0,1.6326904296875,-9.246826171875,-4.302978515625,-0.01708984375,0.9873046875,0.123779296875
0.0,1.65557861328125,-9.42230224609375,-4.852294921875,-0.024169921875,0.984619140625,0.123046875
0.0,1.861572265625,-9.31549072265625,-5.0201416015625,-0.01025390625,0.983642578125,0.12255859375
0.0,1.9073486328125,-9.368896484375,-5.07354736328125,-0.02099609375,0.989501953125,0.12109375
0.0,2.1209716796875,-9.22393798828125,-5.340576171875,-0.01318359375,0.989013671875,0.12060546875
0.0,2.13623046875,-9.28497314453125,-5.523681640625,-0.026123046875,0.987060546875,0.12109375
0.0,2.34222412109375,-9.2620849609375,-6.03485107421875,-0.021240234375,0.988525390625,0.124267578125
0.0,2.3345947265625,-9.28497314453125,-5.94329833984375,-0.01806640625,0.985107421875,0.120849609375
0.0,2.655029296875,-9.246826171875,-5.76019287109375,-0.02294921875,0.97998046875,0.1240234375
0.0,2.73895263671875,-9.30023193359375,-5.68389892578125,-0.01953125,0.984619140625,0.1240234375
0.0,2.99835205078125,-9.2926025390625,-5.63812255859375,-0.030517578125,0.9833984375,0.12548828125
0.0,3.0364990234375,-9.26971435546875,-5.3558349609375,-0.019775390625,0.984375,0.121337890625
0.0,3.30352783203125,-9.3231201171875,-5.31768798828125,-0.027099609375,0.98828125,0.118408203125
0.0,3.44085693359375,-9.30023193359375,-4.87518310546875,-0.01953125,0.984130859375,0.125
0.0,3.51715087890625,-9.20867919921875,-4.75311279296875,-0.02783203125,0.9873046875,0.122802734375
0.0,3.5858154296875,-9.30023193359375,-4.5318603515625,-0.02880859375,0.98388671875,0.129638671875
0.0,3.83758544921875,-9.26971435546875,-4.21905517578125,-0.022705078125,0.981689453125,0.118896484375
0.0,4.150390625,-9.2315673828125,-3.59344482421875,-0.0283203125,0.974853515625,0.12646484375
0.0,4.5623779296875,-9.3231201171875,-2.9144287109375,-0.02685546875,0.989990234375,0.122802734375
0.0,4.486083984375,-9.2010498046875,-2.44140625,-0.032958984375,0.991943359375,0.12841796875
0.0,4.3182373046875,-9.5062255859375,-2.655029296875,-0.03173828125,0.9873046875,0.122802734375
0.0,4.6234130859375,-9.33837890625,-2.00653076171875,-0.013916015625,0.988037109375,0.11962890625
0.0,4.7760009765625,-9.124755859375,-1.03759765625,-0.027587890625,0.981201171875,0.12255859375
0.0,5.10406494140625,-9.28497314453125,-1.22833251953125,-0.031982421875,0.983154296875,0.12060546875
0.0,5.19561767578125,-9.40704345703125,-0.5645751953125,-0.027099609375,0.986328125,0.130126953125
0.0,5.28717041015625,-9.25445556640625,-0.030517578125,-0.027099609375,0.99072265625,0.12158203125
0.0,5.279541015625,-9.3994140625,0.09918212890625,-0.032470703125,0.98046875,0.123291015625
0.0,5.43975830078125,-9.48333740234375,0.213623046875,-0.022705078125,0.991455078125,0.119140625
0.0,5.56182861328125,-9.20867919921875,0.83160400390625,-0.01611328125,0.988525390625,0.122802734375
0.0,5.60760498046875,-9.2926025390625,1.22833251953125,-0.03125,0.994140625,0.119140625
0.0,5.62286376953125,-9.28497314453125,0.92315673828125,-0.021484375,0.9912109375,0.123046875
0.0,5.56182861328125,-9.28497314453125,1.251220703125,-0.027099609375,0.984375,0.121826171875
0.0,5.859375,-9.30023193359375,1.28173828125,-0.022216796875,0.986572265625,0.119873046875
0.0,5.85174560546875,-9.33074951171875,1.36566162109375,-0.01953125,0.991943359375,0.12109375
0.0,5.950927734375,-9.2620849609375,1.57928466796875,-0.01904296875,1.001220703125,0.120361328125
0.0,5.69915771484375,-9.14764404296875,1.6021728515625,-0.01953125,0.99755859375,0.117431640625
0.0,5.59234619140625,-9.36126708984375,1.0986328125,-0.031982421875,0.99853515625,0.118896484375
0.0,5.7220458984375,-9.28497314453125,0.66375732421875,-0.00439453125,0.9853515625,0.1162109375
0.0,5.79833984375,-9.02557373046875,0.92315673828125,-0.023681640625,0.99560546875,0.12060546875
0.0,5.66864013671875,-9.2010498046875,0.42724609375,-0.017578125,0.994140625,0.1181640625
0.0,5.523681640625,-9.2010498046875,0.31280517578125,-0.01904296875,0.999267578125,0.122314453125
0.0,5.43212890625,-9.1552734375,-0.02288818359375,-0.014892578125,0.986328125,0.1162109375
0.0,5.5084228515625,-9.02557373046875,-0.55694580078125,-0.01953125,0.9951171875,0.114990234375
0.0,5.37872314453125,-9.11712646484375,-0.87738037109375,-0.014892578125,1.005126953125,0.1181640625
0.0,5.10406494140625,-9.0789794921875,-1.28936767578125,-0.01416015625,0.99755859375,0.11376953125
0.0,5.07354736328125,-8.97216796875,-1.7852783203125,-0.016845703125,0.998291015625,0.12109375
0.0,4.8980712890625,-8.97216796875,-2.3651123046875,-0.012939453125,0.995361328125,0.112060546875
0.0,4.95147705078125,-8.84246826171875,-2.79998779296875,-0.013671875,0.989990234375,0.116943359375
0.0,4.8065185546875,-8.9111328125,-2.9296875,-0.01904296875,1.00830078125,0.116455078125
0.0,4.44793701171875,-9.0484619140625,-3.88336181640625,-0.01708984375,1.00048828125,0.115966796875
0.0,4.28009033203125,-8.84246826171875,-4.33349609375,-0.010498046875,1.000732421875,0.11376953125
0.0,4.150390625,-8.78143310546875,-4.21142578125,-0.012939453125,1.00048828125,0.113525390625
0.0,4.0130615234375,-8.68988037109375,-4.974365234375,-0.021240234375,1.003662109375,0.114501953125
0.0,3.73077392578125,-8.84246826171875,-5.47027587890625,-0.02001953125,1.001220703125,0.119873046875
0.0,3.65447998046875,-8.7432861328125,-5.66864013671875,-0.016357421875,0.994873046875,0.11474609375
0.0,3.5247802734375,-8.73565673828125,-5.80596923828125,-0.020263671875,0.997802734375,0.11767578125
0.0,3.4942626953125,-8.7432861328125,-6.06536865234375,-0.019775390625,1.000244140625,0.112548828125
0.0,3.173828125,-8.58306884765625,-5.82122802734375,-0.011474609375,1.009033203125,0.1142578125
0.0,3.0059814453125,-8.72039794921875,-6.08062744140625,-0.0322265625,1.000732421875,0.115966796875
0.0,2.8228759765625,-8.6669921875,-6.53839111328125,-0.01318359375,0.998046875,0.115478515625
0.0,2.52532958984375,-8.575439453125,-6.1798095703125,-0.026123046875,1.009033203125,0.115478515625
0.0,2.44140625,-8.72039794921875,-6.44683837890625,-0.018310546875,0.994873046875,0.116943359375
0.0,2.58636474609375,-8.55255126953125,-6.06536865234375,-0.019287109375,0.977294921875,0.114501953125
0.0,2.6092529296875,-8.4381103515625,-5.63812255859375,-0.02490234375,1.007080078125,0.122314453125
0.0,2.0599365234375,-8.758544921875,-5.57708740234375,-0.037109375,1.016357421875,0.11865234375
0.0,1.88446044921875,-8.758544921875,-5.9967041015625,-0.01953125,0.999267578125,0.111328125
0.0,1.85394287109375,-8.61358642578125,-5.40924072265625,-0.01806640625,0.9892578125,0.116455078125
0.0,2.2125244140625,-8.4228515625,-4.84466552734375,-0.022216796875,0.988037109375,0.115966796875
0.0,1.89208984375,-8.50677490234375,-4.21142578125,-0.02978515625,1.0107421875,0.122802734375
0.0,1.40380859375,-8.697509765625,-4.03594970703125,-0.038330078125,1.005615234375,0.12109375
0.0,1.45721435546875,-8.75091552734375,-4.2572021484375,-0.022705078125,0.984375,0.114990234375
0.0,1.68609619140625,-8.575439453125,-3.3721923828125,-0.022216796875,0.986572265625,0.11767578125
0.0,1.67083740234375,-8.544921875,-2.8533935546875,-0.02294921875,1.001708984375,0.119140625
0.0,1.6021728515625,-8.56781005859375,-2.62451171875,-0.032470703125,1.0,0.12109375
0.0,1.44195556640625,-8.60595703125,-2.2735595703125,-0.025390625,0.988037109375,0.1220703125
0.0,1.41143798828125,-8.575439453125,-1.77764892578125,-0.030517578125,0.9931640625,0.117919921875
0.0,1.5869140625,-8.6517333984375,-1.44195556640625,-0.02978515625,0.99462890625,0.123779296875
0.0,1.57928466796875,-8.697509765625,-1.1749267578125,-0.02392578125,0.985107421875,0.11767578125
0.0,1.65557861328125,-8.44573974609375,-0.67901611328125,-0.01806640625,0.987548828125,0.1240234375
0.0,1.50299072265625,-8.6212158203125,-0.1373291015625,-0.029296875,0.99755859375,0.1220703125
0.0,1.64794921875,-8.5906982421875,-0.05340576171875,-0.026611328125,0.993408203125,0.12109375
0.0,1.70135498046875,-8.575439453125,0.00762939453125,-0.028076171875,0.983154296875,0.123046875
0.0,1.922607421875,-8.49151611328125,0.3509521484375,-0.02294921875,0.984619140625,0.125
0.0,1.88446044921875,-8.60595703125,0.51116943359375,-0.022216796875,0.993408203125,0.121337890625
0.0,2.02178955078125,-8.59832763671875,0.67138671875,-0.021240234375,0.9892578125,0.121826171875
0.0,2.06756591796875,-8.46099853515625,0.83160400390625,-0.01904296875,0.986083984375,0.12353515625
0.0,2.3040771484375,-8.46099853515625,0.69427490234375,-0.02880859375,0.987060546875,0.124267578125
0.0,2.32696533203125,-8.53729248046875,0.70953369140625,-0.018310546875,0.98779296875,0.125732421875
0.0,2.40325927734375,-8.4991455078125,0.52642822265625,-0.02490234375,0.9814453125,0.12255859375
0.0,2.63214111328125,-8.47625732421875,0.41961669921875,-0.0146484375,0.98583984375,0.1240234375
0.0,2.777099609375,-8.44573974609375,0.37384033203125,-0.01953125,0.990478515625,0.121337890625
0.0,2.86102294921875,-8.331298828125,0.34332275390625,-0.017333984375,0.98876953125,0.123291015625
0.0,2.92205810546875,-8.4686279296875,-0.17547607421875,-0.028076171875,0.979248046875,0.123291015625
0.0,3.1280517578125,-8.27789306640625,-0.396728515625,-0.008544921875,0.98388671875,0.1259765625
0.0,3.18145751953125,-8.2855224609375,-0.40435791015625,-0.021728515625,0.9892578125,0.12353515625
0.0,3.387451171875,-8.36181640625,-1.0986328125,-0.021240234375,0.98388671875,0.127197265625
0.0,3.5552978515625,-8.33892822265625,-1.4495849609375,-0.017578125,0.987060546875,0.121826171875
0.0,3.6773681640625,-8.1787109375,-1.5106201171875,-0.013916015625,0.980224609375,0.126953125
0.0,3.79180908203125,-8.209228515625,-2.044677734375,-0.01611328125,0.98828125,0.117919921875
0.0,3.875732421875,-8.21685791015625,-2.3040771484375,-0.017333984375,0.989501953125,0.124267578125
0.0,3.936767578125,-8.087158203125,-2.66265869140625,-0.015625,0.993408203125,0.119873046875
0.0,4.02069091796875,-8.0413818359375,-3.1585693359375,-0.019287109375,0.983154296875,0.125
0.0,4.14276123046875,-8.26263427734375,-3.5247802734375,-0.020263671875,0.982177734375,0.127197265625
0.0,4.28009033203125,-7.98797607421875,-3.662109375,-0.01171875,0.98583984375,0.12255859375
0.0,4.33349609375,-8.15582275390625,-3.936767578125,-0.025390625,0.99169921875,0.12158203125
0.0,4.486083984375,-7.965087890625,-4.33349609375,-0.01123046875,0.993408203125,0.117919921875
0.0,4.34112548828125,-8.09478759765625,-4.4403076171875,-0.024658203125,0.98974609375,0.122802734375
0.0,4.53948974609375,-7.9498291015625,-4.82940673828125,-0.0166015625,0.9892578125,0.119873046875
0.0,4.425048828125,-7.965087890625,-4.90570068359375,-0.016845703125,0.992919921875,0.1220703125
0.0,4.547119140625,-7.86590576171875,-5.0048828125,-0.020751953125,0.98876953125,0.12353515625
0.0,4.52423095703125,-8.04901123046875,-5.07354736328125,-0.02587890625,0.9921875,0.120849609375
0.0,4.5166015625,-7.9803466796875,-5.2337646484375,-0.016845703125,0.994384765625,0.119140625
0.0,4.5013427734375,-7.904052734375,-5.07354736328125,-0.025634765625,0.990234375,0.119384765625
0.0,4.57000732421875,-7.9193115234375,-5.035400390625,-0.019287109375,1.00146484375,0.114013671875
0.0,4.26483154296875,-7.89642333984375,-4.98199462890625,-0.0205078125,0.995849609375,0.124267578125
0.0,4.32586669921875,-7.9193115234375,-4.47845458984375,-0.02734375,0.9970703125,0.114013671875
0.0,4.20379638671875,-7.8582763671875,-4.6844482421875,-0.02392578125,0.994384765625,0.123779296875
0.0,4.119873046875,-8.0413818359375,-4.4403076171875,-0.031005859375,0.99365234375,0.119384765625
0.0,4.1656494140625,-7.904052734375,-3.875732421875,-0.017578125,0.994384765625,0.114990234375
0.0,3.96728515625,-8.0108642578125,-3.68499755859375,-0.03173828125,1.002197265625,0.120849609375
0.0,3.875732421875,-8.01849365234375,-3.5247802734375,-0.021484375,1.002685546875,0.11181640625
0.0,3.66973876953125,-7.80487060546875,-2.89154052734375,-0.024169921875,0.997314453125,0.120361328125
0.0,3.59344482421875,-8.03375244140625,-2.6092529296875,-0.033203125,0.99951171875,0.114501953125
0.0,3.4027099609375,-7.95745849609375,-2.4261474609375,-0.02197265625,0.995849609375,0.118408203125
0.0,3.3416748046875,-8.00323486328125,-1.7242431640625,-0.032958984375,0.998779296875,0.1162109375
0.0,3.27301025390625,-8.06427001953125,-1.64031982421875,-0.023681640625,1.0009765625,0.115966796875
0.0,2.93731689453125,-8.01849365234375,-1.251220703125,-0.02490234375,1.00146484375,0.1181640625
0.0,2.99072265625,-8.01849365234375,-0.5035400390625,-0.02734375,0.998046875,0.113525390625
0.0,2.655029296875,-8.06427001953125,-0.09918212890625,-0.026123046875,1.002197265625,0.116455078125
0.0,2.5177001953125,-8.14056396484375,-0.19073486328125,-0.031005859375,1.002197265625,0.114013671875
0.0,2.32696533203125,-7.98797607421875,0.3204345703125,-0.020263671875,0.99951171875,0.118896484375
0.0,2.25830078125,-8.1329345703125,0.7171630859375,-0.029541015625,1.001220703125,0.115478515625
0.0,2.1209716796875,-8.1329345703125,1.068115234375,-0.019775390625,0.99755859375,0.1162109375
0.0,1.89971923828125,-8.0413818359375,1.251220703125,-0.031494140625,1.001708984375,0.11376953125
0.0,1.76239013671875,-8.04901123046875,1.35040283203125,-0.023681640625,0.997314453125,0.116943359375
0.0,1.67083740234375,-8.11004638671875,1.5411376953125,-0.024169921875,0.998779296875,0.116455078125
0.0,1.39617919921875,-8.11004638671875,1.83868408203125,-0.02001953125,1.00048828125,0.117919921875
0.0,1.28173828125,-8.06427001953125,1.86920166015625,-0.0244140625,1.000732421875,0.113037109375
0.0,1.18255615234375,-7.98797607421875,2.0904541015625,-0.0234375,0.998291015625,0.117919921875
0.0,1.04522705078125,-8.148193359375,1.7547607421875,-0.026611328125,0.992431640625,0.115966796875
0.0,0.95367431640625,-8.026123046875,1.8463134765625,-0.01513671875,0.997802734375,0.119873046875
0.0,0.81634521484375,-8.03375244140625,1.922607421875,-0.0234375,0.999267578125,0.11572265625
0.0,0.72479248046875,-8.0413818359375,1.678466796875,-0.01953125,0.994140625,0.1181640625
0.0,0.63323974609375,-8.04901123046875,1.50299072265625,-0.023193359375,0.99755859375,0.117431640625
0.0,0.5340576171875,-7.9498291015625,1.38092041015625,-0.013427734375,0.99462890625,0.119140625
0.0,0.48828125,-7.99560546875,1.312255859375,-0.022216796875,0.99560546875,0.11767578125
0.0,0.49591064453125,-7.94219970703125,0.98419189453125,-0.01708984375,0.993408203125,0.118408203125
0.0,0.3509521484375,-7.94219970703125,0.67901611328125,-0.02001953125,0.997802734375,0.117919921875
0.0,0.37384033203125,-7.843017578125,0.40435791015625,-0.016845703125,0.991455078125,0.119384765625
0.0,0.26702880859375,-7.94219970703125,0.05340576171875,-0.018310546875,0.991943359375,0.1201171875
0.0,0.30517578125,-7.85064697265625,-0.1678466796875,-0.0146484375,0.991455078125,0.121337890625
0.0,0.2288818359375,-7.80487060546875,-0.30517578125,-0.01904296875,0.991455078125,0.11767578125
0.0,0.4425048828125,-7.8125,-0.823974609375,-0.02197265625,0.99072265625,0.120361328125
0.0,0.26702880859375,-7.8277587890625,-1.068115234375,-0.014892578125,0.989501953125,0.123291015625
0.0,0.30517578125,-7.7056884765625,-1.3580322265625,-0.018798828125,0.9892578125,0.1201171875
0.0,0.396728515625,-7.72857666015625,-1.678466796875,-0.017822265625,0.98486328125,0.121826171875
0.0,0.51116943359375,-7.6751708984375,-1.97601318359375,-0.017822265625,0.99169921875,0.118896484375
0.0,0.4730224609375,-7.6446533203125,-2.0294189453125,-0.0166015625,0.98681640625,0.125244140625
0.0,0.67138671875,-7.6446533203125,-2.06756591796875,-0.0263671875,0.987060546875,0.119140625
0.0,0.70953369140625,-7.63702392578125,-2.532958984375,-0.015625,0.987548828125,0.1240234375
0.0,0.72479248046875,-7.56072998046875,-2.5482177734375,-0.023193359375,0.9892578125,0.121826171875
0.0,0.8697509765625,-7.5225830078125,-2.69317626953125,-0.017822265625,0.98828125,0.122802734375
0.0,0.93841552734375,-7.57598876953125,-2.7618408203125,-0.021728515625,0.98583984375,0.121337890625
0.0,1.13677978515625,-7.48443603515625,-2.83050537109375,-0.017822265625,0.989013671875,0.122802734375
0.0,1.15966796875,-7.39288330078125,-2.76947021484375,-0.02392578125,0.982177734375,0.121826171875
0.0,1.40380859375,-7.51495361328125,-2.81524658203125,-0.026611328125,0.988525390625,0.121826171875
0.0,1.3885498046875,-7.476806640625,-2.716064453125,-0.01416015625,0.98583984375,0.126953125
0.0,1.617431640625,-7.354736328125,-2.0599365234375,-0.027099609375,0.984375,0.118408203125
0.0,1.7242431640625,-7.4310302734375,-2.40325927734375,-0.026611328125,0.990234375,0.12353515625
0.0,1.71661376953125,-7.354736328125,-2.2430419921875,-0.0205078125,0.986083984375,0.12353515625
0.0,2.105712890625,-7.33184814453125,-1.77001953125,-0.021728515625,0.98779296875,0.12109375
0.0,2.08282470703125,-7.2784423828125,-1.40380859375,-0.02197265625,0.98486328125,0.125732421875
0.0,2.3193359375,-7.26318359375,-0.72479248046875,-0.029296875,0.980712890625,0.12109375
0.0,2.38800048828125,-7.2784423828125,-0.91552734375,-0.029541015625,0.992431640625,0.12255859375
0.0,2.4566650390625,-7.31658935546875,-0.518798828125,-0.022705078125,0.986083984375,0.121826171875
0.0,2.69317626953125,-7.22503662109375,0.12969970703125,-0.024658203125,0.98291015625,0.121826171875
0.0,2.72369384765625,-7.2021484375,0.23651123046875,-0.025146484375,0.994873046875,0.123779296875
0.0,2.716064453125,-7.1868896484375,0.60272216796875,-0.02880859375,0.987060546875,0.12109375
0.0,2.960205078125,-7.1258544921875,0.99945068359375,-0.024658203125,0.9833984375,0.12109375
0.0,3.082275390625,-7.14111328125,1.3580322265625,-0.026123046875,0.985595703125,0.122802734375
0.0,3.07464599609375,-7.1563720703125,1.8463134765625,-0.025634765625,0.991943359375,0.121337890625
0.0,3.204345703125,-7.0953369140625,2.0599365234375,-0.028076171875,0.99267578125,0.121337890625
0.0,3.0975341796875,-7.11822509765625,2.29644775390625,-0.02392578125,0.98974609375,0.121337890625
0.0,3.23486328125,-7.0953369140625,2.7923583984375,-0.0224609375,0.988525390625,0.11962890625
0.0,3.265380859375,-7.0037841796875,3.0975341796875,-0.025634765625,0.988525390625,0.1201171875
0.0,3.3111572265625,-7.0648193359375,3.204345703125,-0.025634765625,0.99267578125,0.1201171875
0.0,3.2958984375,-6.96563720703125,3.33404541015625,-0.02197265625,0.988037109375,0.119384765625
0.0,3.3111572265625,-6.89697265625,3.36456298828125,-0.0244140625,0.994384765625,0.12060546875
0.0,3.326416015625,-6.93511962890625,3.70025634765625,-0.021484375,0.991455078125,0.119873046875
0.0,3.4637451171875,-6.87408447265625,3.90625,-0.0166015625,0.989990234375,0.1181640625
0.0,3.326416015625,-6.7291259765625,4.24957275390625,-0.028564453125,0.99560546875,0.120849609375
0.0,3.13568115234375,-6.88934326171875,3.71551513671875,-0.029296875,1.00048828125,0.11865234375
0.0,2.960205078125,-6.84356689453125,3.2806396484375,-0.0126953125,0.9951171875,0.116455078125
0.0,3.22723388671875,-6.64520263671875,3.85284423828125,-0.0087890625,0.982421875,0.111572265625
0.0,3.2958984375,-6.44683837890625,4.20379638671875,-0.022216796875,0.9990234375,0.11962890625
0.0,3.08990478515625,-6.6680908203125,3.70025634765625,-0.03515625,1.005126953125,0.127197265625
0.0,2.55584716796875,-6.6375732421875,3.082275390625,-0.01611328125,0.99169921875,0.1162109375
0.0,2.7618408203125,-6.622314453125,3.05938720703125,-0.02099609375,0.99365234375,0.114990234375
0.0,2.99835205078125,-6.53839111328125,2.716064453125,-0.007080078125,0.982421875,0.109375
0.0,3.0517578125,-6.2255859375,2.96783447265625,-0.01318359375,1.009765625,0.119873046875
0.0,2.4871826171875,-6.2713623046875,2.79998779296875,-0.026611328125,1.01025390625,0.121826171875
0.0,2.1514892578125,-6.378173828125,1.800537109375,-0.024658203125,0.98974609375,0.11474609375
0.0,2.29644775390625,-6.3323974609375,1.7547607421875,-0.0107421875,0.98779296875,0.113525390625
0.0,2.49481201171875,-6.1187744140625,1.9683837890625,-0.016357421875,0.989990234375,0.114990234375
0.0,2.34222412109375,-5.9814453125,1.3427734375,-0.019287109375,0.996337890625,0.1171875
0.0,1.9989013671875,-6.12640380859375,1.57928466796875,-0.022216796875,1.008544921875,0.11962890625
0.0,1.6937255859375,-6.1492919921875,0.579833984375,-0.016357421875,0.999755859375,0.1123046875
0.0,1.62506103515625,-5.86700439453125,0.23651123046875,-0.0146484375,0.992431640625,0.111572265625
0.0,1.97601318359375,-5.7373046875,0.34332275390625,-0.0146484375,0.994873046875,0.116455078125
0.0,1.39617919921875,-5.7830810546875,-0.152587890625,-0.017578125,1.014892578125,0.117431640625
0.0,1.30462646484375,-5.82122802734375,0.518798828125,-0.03173828125,0.982421875,0.114990234375
0.0,1.4801025390625,-5.7220458984375,-0.28228759765625,-0.01220703125,1.007080078125,0.117919921875
0.0,1.007080078125,-5.54656982421875,-0.37384033203125,-0.0146484375,0.998046875,0.11474609375
0.0,1.07574462890625,-5.57708740234375,-0.02288818359375,-0.028076171875,0.980712890625,0.1123046875
0.0,1.18255615234375,-5.53131103515625,-1.220703125,-0.008544921875,1.0087890625,0.114501953125
0.0,0.701904296875,-5.33294677734375,-0.0762939453125,-0.0146484375,1.000732421875,0.116943359375
0.0,0.96893310546875,-5.10406494140625,-0.00762939453125,-0.025146484375,0.982177734375,0.114501953125
0.0,0.7171630859375,-5.340576171875,-0.5950927734375,-0.03271484375,1.0048828125,0.117919921875
0.0,0.72479248046875,-5.36346435546875,-0.20599365234375,-0.016357421875,0.988037109375,0.10986328125
0.0,1.04522705078125,-5.07354736328125,0.31280517578125,-0.024658203125,0.997314453125,0.120361328125
0.0,0.41961669921875,-5.36346435546875,-0.52642822265625,-0.017578125,1.005615234375,0.1123046875
0.0,0.61798095703125,-4.92095947265625,0.54931640625,-0.01708984375,0.98779296875,0.1201171875
0.0,0.5645751953125,-4.95147705078125,0.640869140625,-0.029541015625,1.005615234375,0.120361328125
0.0,-0.0762939453125,-5.218505859375,-0.23651123046875,-0.02197265625,0.999755859375,0.116943359375
0.0,0.6561279296875,-4.76837158203125,1.007080078125,-0.01806640625,0.983154296875,0.111083984375
0.0,0.45013427734375,-4.8675537109375,1.1749267578125,-0.037353515625,1.01220703125,0.126953125
0.0,0.2899169921875,-5.18798828125,0.640869140625,-0.013916015625,0.977783203125,0.11181640625
0.0,0.57220458984375,-4.5318603515625,2.32696533203125,-0.0185546875,0.99365234375,0.1201171875
0.0,0.6103515625,-4.73785400390625,1.6326904296875,-0.0341796875,0.99755859375,0.112060546875
0.0,0.8544921875,-4.913330078125,2.13623046875,-0.03369140625,0.988525390625,0.122802734375
0.0,0.83160400390625,-4.95147705078125,2.08282470703125,-0.03076171875,0.998046875,0.114013671875
0.0,0.78582763671875,-4.4403076171875,2.34222412109375,-0.021240234375,0.9658203125,0.11767578125
0.0,0.58746337890625,-4.5928955078125,1.67083740234375,-0.025146484375,0.999755859375,0.126220703125
0.0,0.54168701171875,-4.37164306640625,2.7923583984375,-0.014404296875,0.981689453125,0.116943359375
0.0,0.91552734375,-4.18853759765625,2.93731689453125,-0.030517578125,0.986572265625,0.114013671875
0.0,1.190185546875,-4.37164306640625,3.10516357421875,-0.02880859375,0.979248046875,0.12109375
0.0,1.27410888671875,-3.997802734375,3.5247802734375,-0.00341796875,0.985107421875,0.123046875
0.0,0.83160400390625,-3.89862060546875,4.63104248046875,-0.0224609375,0.999755859375,0.125244140625
0.0,0.89263916015625,-4.0740966796875,5.16510009765625,-0.013671875,0.991455078125,0.1171875
0.0,0.8544921875,-3.77655029296875,6.0272216796875,-0.021728515625,1.006591796875,0.118896484375
0.0,1.12152099609375,-3.9825439453125,5.18035888671875,-0.0224609375,0.973388671875,0.111328125
0.0,1.46484375,-3.5400390625,5.0811767578125,-0.041748046875,0.983642578125,0.12353515625
0.0,2.1209716796875,-3.94439697265625,4.57000732421875,-0.026123046875,0.970458984375,0.117919921875
0.0,2.00653076171875,-3.57818603515625,4.4097900390625,-0.009033203125,0.987060546875,0.123291015625
0.0,2.23541259765625,-3.35693359375,5.218505859375,0.004150390625,0.97119140625,0.1123046875
0.0,2.11334228515625,-2.685546875,6.38580322265625,0.00537109375,0.99267578125,0.121337890625
0.0,2.11334228515625,-2.7313232421875,5.645751953125,-0.033935546875,0.9638671875,0.116943359375
0.0,2.34222412109375,-3.1585693359375,4.52423095703125,-0.051513671875,0.9951171875,0.12744140625
0.0,2.349853515625,-3.05938720703125,3.082275390625,-0.02783203125,0.9736328125,0.11279296875
0.0,2.685546875,-2.99072265625,2.9296875,-0.025634765625,0.993408203125,0.11669921875
0.0,3.265380859375,-3.19671630859375,2.43377685546875,-0.005126953125,0.971435546875,0.110107421875
0.0,3.42559814453125,-2.76947021484375,3.570556640625,0.009033203125,0.993896484375,0.125
0.0,3.082275390625,-2.7313232421875,4.0283203125,-0.00341796875,0.99609375,0.114501953125
0.0,2.838134765625,-2.5482177734375,4.03594970703125,-0.057861328125,0.984375,0.128173828125
0.0,3.13568115234375,-2.93731689453125,2.50244140625,-0.0380859375,0.9482421875,0.113525390625
0.0,3.5858154296875,-2.52532958984375,1.3427734375,0.015869140625,0.97705078125,0.115234375
0.0,3.94439697265625,-2.3040771484375,1.99127197265625,0.005615234375,0.98828125,0.110107421875
0.0,4.21905517578125,-1.9683837890625,2.197265625,-0.0107421875,1.001220703125,0.120849609375
0.0,3.936767578125,-1.8157958984375,1.9378662109375,-0.02099609375,0.974853515625,0.11181640625
0.0,4.364013671875,-1.85394287109375,2.29644775390625,-0.037109375,0.98583984375,0.122802734375
0.0,4.69970703125,-1.86920166015625,1.40380859375,-0.023193359375,0.970947265625,0.10595703125
0.0,5.13458251953125,-2.15911865234375,0.91552734375,-0.010986328125,0.989501953125,0.1201171875
0.0,4.9285888671875,-1.79290771484375,2.95257568359375,0.018798828125,1.00048828125,0.113525390625
0.0,4.5166015625,-1.2359619140625,3.6163330078125,-0.04443359375,1.00390625,0.119873046875
0.0,4.8675537109375,-1.73187255859375,-0.274658203125,-0.05078125,0.9375,0.08642578125
0.0,6.011962890625,-1.88446044921875,0.0762939453125,-0.008056640625,1.007568359375,0.12646484375
0.0,5.035400390625,-1.54876708984375,2.1820068359375,0.02392578125,0.9970703125,0.117919921875
0.0,4.96673583984375,-1.251220703125,2.01416015625,-0.03173828125,0.994384765625,0.102294921875
0.0,5.68389892578125,-1.47247314453125,0.5035400390625,-0.03857421875,0.965087890625,0.09423828125
0.0,5.3863525390625,-1.28173828125,1.27410888671875,-0.022216796875,1.03076171875,0.129150390625
0.0,4.9896240234375,-1.1749267578125,0.58746337890625,-0.0009765625,0.963623046875,0.09375
0.0,5.401611328125,-1.0528564453125,2.0751953125,-0.019775390625,1.031494140625,0.1171875
0.0,4.6844482421875,-1.03759765625,1.59454345703125,-0.021728515625,1.004638671875,0.100341796875
0.0,4.5013427734375,-0.69427490234375,-0.640869140625,-0.05029296875,0.99365234375,0.115478515625
0.0,4.64630126953125,-0.701904296875,-1.51824951171875,-0.015625,0.98193359375,0.10400390625
0.0,4.15802001953125,-0.335693359375,0.1220703125,0.004150390625,1.0498046875,0.124267578125
0.0,3.7384033203125,-0.48828125,0.579833984375,-0.005859375,0.969970703125,0.090576171875
0.0,4.3182373046875,-0.2593994140625,1.1138916015625,-0.02783203125,1.02880859375,0.108642578125
0.0,3.4027099609375,0.1373291015625,0.32806396484375,-0.04150390625,1.00439453125,0.09375
0.0,3.5552978515625,-0.26702880859375,-0.28228759765625,-0.035400390625,0.97998046875,0.1171875
0.0,4.08172607421875,-0.20599365234375,0.31280517578125,0.00390625,0.978271484375,0.10107421875
0.0,3.631591796875,0.6103515625,2.00653076171875,-0.024658203125,1.033935546875,0.104248046875
0.0,3.56292724609375,0.42724609375,1.22833251953125,-0.022705078125,0.939208984375,0.0869140625
0.0,4.03594970703125,0.14495849609375,0.58746337890625,-0.0517578125,0.990966796875,0.115478515625
0.0,4.03594970703125,-0.030517578125,2.044677734375,-0.003173828125,1.00244140625,0.09033203125
0.0,3.48663330078125,0.79345703125,3.71551513671875,-0.024169921875,1.00830078125,0.11767578125
0.0,3.59344482421875,0.51116943359375,1.01470947265625,-0.03466796875,0.95947265625,0.0966796875
0.0,3.57818603515625,0.6561279296875,2.13623046875,-0.0185546875,1.033935546875,0.122802734375
0.0,3.31878662109375,0.86212158203125,4.52423095703125,0.0009765625,0.992919921875,0.09228515625
0.0,3.11279296875,0.7476806640625,4.7760009765625,-0.04931640625,1.029296875,0.119873046875
0.0,3.143310546875,0.55694580078125,2.96783447265625,-0.01171875,0.995849609375,0.0869140625
0.0,2.90679931640625,1.1138916015625,4.73785400390625,-0.0400390625,1.0341796875,0.11669921875
0.0,3.2806396484375,0.42724609375,2.64739990234375,-0.0234375,0.96240234375,0.0927734375
0.0,3.0059814453125,1.190185546875,4.5928955078125,-0.0244140625,1.015380859375,0.11767578125
0.0,2.899169921875,0.80108642578125,4.852294921875,-0.0205078125,0.978515625,0.09326171875
0.0,2.7008056640625,0.9918212890625,3.6773681640625,-0.027587890625,0.980712890625,0.104248046875
0.0,3.5400390625,0.92315673828125,3.875732421875,-0.03173828125,0.9658203125,0.103759765625
0.0,2.1209716796875,1.25885009765625,2.32696533203125,-0.01708984375,1.011474609375,0.10498046875
0.0,2.95257568359375,1.8463134765625,2.716064453125,-0.000732421875,0.949462890625,0.084716796875
0.0,2.685546875,1.30462646484375,2.93731689453125,-0.02001953125,1.015380859375,0.125732421875
0.0,2.61688232421875,2.00653076171875,3.5858154296875,0.027099609375,0.9765625,0.091796875
0.0,2.655029296875,2.60162353515625,3.80706787109375,-0.040283203125,0.97900390625,0.11376953125
0.0,3.25775146484375,2.2735595703125,3.79180908203125,-0.0009765625,1.001953125,0.09912109375
0.0,3.07464599609375,2.6397705078125,4.44793701171875,-0.03125,0.99365234375,0.11083984375
0.0,3.7384033203125,1.7852783203125,3.021240234375,-0.031494140625,0.983154296875,0.086669921875
0.0,3.48663330078125,2.899169921875,4.302978515625,-0.009765625,1.0400390625,0.11962890625
0.0,3.60870361328125,2.2125244140625,3.11279296875,-0.037353515625,0.966552734375,0.10693359375
0.0,3.3416748046875,2.09808349609375,1.6021728515625,-0.009521484375,1.016845703125,0.11376953125
0.0,3.54766845703125,2.90679931640625,2.3345947265625,-0.02001953125,0.99462890625,0.092041015625
0.0,2.87628173828125,2.44903564453125,1.03759765625,-0.032470703125,1.008544921875,0.12646484375
0.0,3.57818603515625,2.55584716796875,1.30462646484375,0.005615234375,0.94775390625,0.077880859375
0.0,3.01361083984375,2.69317626953125,1.38092041015625,-0.033447265625,1.005126953125,0.11767578125
0.0,4.3182373046875,3.04412841796875,0.64849853515625,-0.0087890625,0.91845703125,0.0771484375
0.0,3.7384033203125,2.81524658203125,0.4119873046875,-0.0205078125,0.9990234375,0.12109375
0.0,4.2572021484375,3.23486328125,1.3885498046875,-0.013671875,0.95068359375,0.088134765625
0.0,4.4403076171875,3.1280517578125,-0.3204345703125,-0.012939453125,0.955810546875,0.107177734375
0.0,4.87518310546875,3.59344482421875,0.87738037109375,-0.005126953125,1.013427734375,0.098876953125
0.0,4.8675537109375,3.71551513671875,-0.732421875,-0.013427734375,0.957275390625,0.10400390625
0.0,5.8135986328125,4.05120849609375,-0.3814697265625,0.016357421875,0.994873046875,0.08154296875
0.0,4.72259521484375,4.64630126953125,-0.06866455078125,-0.045166015625,1.046142578125,0.12548828125
0.0,5.8135986328125,4.15802001953125,-0.7476806640625,-0.01318359375,0.967041015625,0.08251953125
0.0,5.31768798828125,4.53948974609375,-0.2288818359375,-0.034423828125,1.008056640625,0.11279296875
0.0,6.04248046875,3.92913818359375,-0.25177001953125,-0.0380859375,0.97998046875,0.08935546875
0.0,5.54656982421875,3.8909912109375,0.1373291015625,-0.051025390625,1.03515625,0.119140625
0.0,5.615234375,3.753662109375,-1.77001953125,-0.017333984375,0.91259765625,0.087158203125
0.0,5.584716796875,3.9825439453125,-0.67901611328125,-0.029052734375,1.05615234375,0.11865234375
0.0,6.21795654296875,3.97491455078125,-2.288818359375,0.000244140625,0.902587890625,0.059814453125
0.0,6.3934326171875,4.57763671875,-1.64031982421875,-0.017578125,0.9951171875,0.10693359375
0.0,7.19451904296875,4.608154296875,-0.08392333984375,0.0009765625,0.96484375,0.083984375
0.0,6.90460205078125,4.974365234375,-1.4190673828125,-0.0185546875,0.987548828125,0.112060546875
0.0,7.01141357421875,5.24139404296875,0.37384033203125,0.0,0.94091796875,0.064208984375
0.0,7.110595703125,5.63812255859375,0.5340576171875,-0.03076171875,1.003662109375,0.118408203125
0.0,7.08770751953125,5.401611328125,-0.02288818359375,-0.030517578125,0.984375,0.0771484375
0.0,7.22503662109375,5.48553466796875,1.0833740234375,-0.036376953125,0.982666015625,0.105224609375
0.0,7.36236572265625,5.39398193359375,-0.823974609375,-0.01953125,1.012451171875,0.0732421875
0.0,7.5836181640625,5.16510009765625,1.7547607421875,-0.04541015625,0.9990234375,0.110595703125
0.0,7.659912109375,5.06591796875,-0.17547607421875,-0.03466796875,0.984619140625,0.05517578125
0.0,7.7667236328125,5.2642822265625,1.22833251953125,-0.054931640625,1.0126953125,0.11474609375
0.0,7.60650634765625,5.13458251953125,-0.54168701171875,0.001220703125,0.970458984375,0.069580078125
0.0,7.46917724609375,5.37872314453125,2.05230712890625,-0.0263671875,1.055908203125,0.116943359375
0.0,7.476806640625,5.21087646484375,2.00653076171875,-0.0107421875,0.94091796875,0.054443359375
0.0,7.43865966796875,5.6304931640625,2.00653076171875,-0.0126953125,1.017822265625,0.099853515625
0.0,7.415771484375,6.00433349609375,3.07464599609375,-0.003173828125,0.94921875,0.05908203125
0.0,7.72857666015625,6.56890869140625,1.42669677734375,-0.02099609375,1.023193359375,0.115234375
0.0,7.0648193359375,6.805419921875,1.67083740234375,0.01220703125,0.9306640625,0.04345703125
0.0,8.1787109375,6.87408447265625,2.50244140625,-0.03466796875,1.013671875,0.09912109375
0.0,7.5225830078125,7.14111328125,1.6326904296875,-0.01220703125,0.968994140625,0.04736328125
0.0,7.97271728515625,6.72149658203125,1.7547607421875,-0.078125,1.001220703125,0.102783203125
0.0,7.3699951171875,6.12640380859375,1.434326171875,-0.0185546875,0.97509765625,0.03759765625
0.0,7.89642333984375,6.103515625,2.25830078125,-0.04736328125,1.0048828125,0.109130859375
0.0,7.07244873046875,5.9051513671875,1.56402587890625,0.005859375,1.010498046875,0.051513671875
0.0,7.4310302734375,6.1492919921875,2.86865234375,-0.0234375,1.00927734375,0.0947265625
0.0,7.62939453125,6.378173828125,3.57818603515625,-0.00439453125,1.01708984375,0.08154296875
0.0,6.988525390625,6.78253173828125,1.18255615234375,-0.035888671875,1.008544921875,0.09130859375
0.0,7.2174072265625,7.11822509765625,2.3345947265625,-0.004150390625,1.040771484375,0.07958984375
0.0,6.15692138671875,7.33184814453125,1.251220703125,-0.02392578125,0.989990234375,0.072998046875
0.0,7.37762451171875,6.927490234375,0.701904296875,-0.010009765625,1.0078125,0.068115234375
0.0,5.5999755859375,7.7667236328125,0.3814697265625,-0.01220703125,1.014892578125,0.078369140625
0.0,6.988525390625,7.65228271484375,0.6561279296875,-0.031005859375,0.983154296875,0.06103515625
0.0,5.97381591796875,8.056640625,-0.3204345703125,-0.013916015625,0.99658203125,0.082275390625
0.0,6.7901611328125,8.30841064453125,-1.57928466796875,-0.01904296875,0.97216796875,0.0556640625
0.0,5.92041015625,7.78961181640625,-1.77764892578125,-0.040283203125,1.0322265625,0.099609375
0.0,6.34002685546875,7.62176513671875,-1.1444091796875,-0.03759765625,0.9599609375,0.074951171875
0.0,5.13458251953125,7.5225830078125,-0.8087158203125,-0.033447265625,1.02197265625,0.078857421875
0.0,5.98907470703125,7.171630859375,-1.50299072265625,-0.01171875,0.98046875,0.060791015625
0.0,5.43975830078125,7.5225830078125,-0.5340576171875,-0.008544921875,1.02685546875,0.08056640625
0.0,6.40869140625,7.71331787109375,0.762939453125,-0.00341796875,0.98486328125,0.039794921875
0.0,5.85174560546875,7.62939453125,-1.40380859375,-0.04638671875,1.028076171875,0.076904296875
0.0,5.8135986328125,7.6446533203125,-1.31988525390625,0.00244140625,1.010986328125,0.057373046875
0.0,5.18798828125,7.94219970703125,-1.251220703125,-0.035888671875,1.007080078125,0.097412109375
0.0,5.1422119140625,7.91168212890625,-2.197265625,0.00048828125,1.002197265625,0.060302734375
0.0,4.69970703125,8.636474609375,-1.04522705078125,-0.02685546875,1.00146484375,0.076904296875
0.0,5.31768798828125,8.3770751953125,-3.27301025390625,-0.015380859375,0.9765625,0.048583984375
0.0,4.791259765625,8.91876220703125,-1.82342529296875,-0.0263671875,0.98583984375,0.07421875
0.0,5.28717041015625,8.30078125,-2.90679931640625,-0.03759765625,0.9873046875,0.056396484375
0.0,4.50897216796875,8.4228515625,-2.22015380859375,-0.03271484375,0.983642578125,0.079833984375
0.0,5.40924072265625,8.67462158203125,-4.3182373046875,-0.022705078125,0.9775390625,0.04541015625
0.0,4.50897216796875,8.85772705078125,-3.265380859375,-0.001953125,1.029052734375,0.087890625
0.0,5.0201416015625,9.0179443359375,-3.68499755859375,-0.015869140625,0.947509765625,0.026611328125
0.0,4.93621826171875,9.34600830078125,-1.62506103515625,-0.02294921875,1.02392578125,0.101318359375
0.0,4.8065185546875,9.28497314453125,-2.12860107421875,-0.024169921875,1.01171875,0.042236328125
0.0,4.7454833984375,9.17816162109375,-1.15966796875,-0.0322265625,0.97607421875,0.086181640625
0.0,5.3253173828125,8.544921875,-0.32806396484375,-0.028076171875,1.02294921875,0.041015625
0.0,4.53948974609375,9.063720703125,-0.3204345703125,-0.040771484375,0.98486328125,0.076416015625
0.0,5.21087646484375,8.68988037109375,-0.69427490234375,-0.02392578125,1.016845703125,0.051513671875
0.0,4.41741943359375,9.0484619140625,-0.86212158203125,-0.024169921875,0.979736328125,0.08349609375
0.0,5.13458251953125,9.1094970703125,-0.6103515625,-0.029296875,0.95703125,0.02978515625
0.0,4.6844482421875,9.0179443359375,0.67138671875,-0.036865234375,1.019775390625,0.08251953125
0.0,5.3558349609375,8.64410400390625,-0.54168701171875,-0.01904296875,0.930419921875,0.03369140625
0.0,5.33294677734375,8.93402099609375,1.48773193359375,-0.019775390625,0.995849609375,0.072998046875
0.0,5.66864013671875,9.2620849609375,0.396728515625,-0.01904296875,0.970703125,0.036376953125
0.0,5.5084228515625,9.39178466796875,-0.77056884765625,-0.0302734375,0.987548828125,0.087158203125
0.0,5.22613525390625,9.7503662109375,-0.3814697265625,-0.012451171875,1.001220703125,0.0390625
0.0,5.36346435546875,9.9945068359375,0.7781982421875,-0.01611328125,0.972900390625,0.078125
0.0,5.645751953125,9.6893310546875,-1.19781494140625,-0.037353515625,1.02001953125,0.031982421875
0.0,4.94384765625,9.3841552734375,0.396728515625,-0.031005859375,1.021240234375,0.082763671875
0.0,5.47027587890625,9.77325439453125,1.67083740234375,0.00341796875,0.969482421875,0.0244140625
0.0,5.7525634765625,9.552001953125,-0.25177001953125,-0.0478515625,0.999267578125,0.06591796875
0.0,5.86700439453125,9.75799560546875,-0.80108642578125,-0.019287109375,1.00830078125,0.029052734375
0.0,6.072998046875,9.74273681640625,2.15911865234375,-0.014892578125,0.992431640625,0.076904296875
0.0,5.9967041015625,9.2926025390625,0.06866455078125,-0.0341796875,0.97509765625,0.02099609375
0.0,5.859375,9.66644287109375,-1.38092041015625,0.011474609375,1.006591796875,0.090576171875
0.0,5.92041015625,10.35308837890625,1.678466796875,0.01416015625,0.969482421875,0.01611328125
0.0,6.0272216796875,10.55145263671875,0.9307861328125,-0.051025390625,0.96875,0.076904296875
0.0,6.17218017578125,9.7503662109375,-0.55694580078125,-0.0224609375,0.98828125,0.026611328125
0.0,5.80596923828125,9.979248046875,0.03814697265625,-0.010986328125,0.96044921875,0.0625
0.0,6.5765380859375,9.94873046875,0.1220703125,-0.028076171875,0.993896484375,0.032470703125
0.0,6.58416748046875,9.95635986328125,0.60272216796875,-0.022216796875,0.969482421875,0.0498046875
0.0,6.4849853515625,9.58251953125,-1.1749267578125,-0.02392578125,1.021240234375,0.0400390625
0.0,6.34765625,9.796142578125,-1.556396484375,-0.001708984375,0.970947265625,0.052001953125
0.0,7.080078125,9.89532470703125,0.2899169921875,-0.019775390625,1.013427734375,0.027099609375
0.0,6.3323974609375,9.7503662109375,-0.45013427734375,-0.029052734375,1.017822265625,0.072021484375
0.0,6.65283203125,9.72747802734375,-2.60162353515625,-0.017822265625,1.031005859375,0.05810546875
0.0,6.2103271484375,10.19287109375,-1.82342529296875,-0.02294921875,0.981201171875,0.032470703125
0.0,7.04193115234375,10.15472412109375,-2.57110595703125,-0.029296875,1.021240234375,0.061279296875
0.0,5.9051513671875,10.31494140625,-4.21142578125,-0.0078125,1.006103515625,0.043701171875
0.0,6.14166259765625,10.36834716796875,-3.021240234375,-0.017822265625,1.0029296875,0.04541015625
0.0,6.0577392578125,10.09368896484375,-2.32696533203125,-0.022705078125,0.9736328125,0.0400390625
0.0,6.20269775390625,9.92584228515625,-2.3345947265625,-0.042236328125,1.02197265625,0.055419921875
0.0,5.30242919921875,10.21575927734375,-3.875732421875,-0.01513671875,0.975830078125,0.03369140625
0.0,6.1798095703125,10.10894775390625,-3.62396240234375,-0.029541015625,0.9833984375,0.040771484375
0.0,5.72967529296875,10.33782958984375,-3.1585693359375,-0.0234375,1.0029296875,0.045166015625
0.0,5.91278076171875,9.6282958984375,-3.1890869140625,-0.029052734375,1.031005859375,0.043212890625
0.0,4.99725341796875,9.89532470703125,-1.9683837890625,-0.01611328125,1.0185546875,0.053466796875
0.0,5.53131103515625,9.796142578125,-2.166748046875,-0.018798828125,0.984375,0.03271484375
0.0,5.50079345703125,10.5743408203125,-2.8839111328125,-0.02978515625,1.012939453125,0.02294921875
0.0,5.50079345703125,10.5133056640625,-3.5400390625,-0.0361328125,1.036376953125,0.05126953125
0.0,4.87518310546875,10.44464111328125,-3.8909912109375,-0.022705078125,1.00732421875,0.033935546875
0.0,5.4931640625,10.0860595703125,-1.71661376953125,-0.044921875,0.998291015625,0.032958984375
0.0,5.22613525390625,9.7503662109375,-1.56402587890625,-0.017333984375,1.0068359375,0.0390625
0.0,5.07354736328125,9.68170166015625,-1.09100341796875,-0.03125,1.025390625,0.04052734375
0.0,4.180908203125,10.1318359375,-1.45721435546875,-0.0224609375,1.0048828125,0.040283203125
0.0,4.547119140625,10.467529296875,-2.52532958984375,-0.0234375,0.984619140625,0.0244140625
0.0,4.302978515625,10.2996826171875,-2.06756591796875,-0.04248046875,0.9921875,0.036865234375
0.0,4.52423095703125,9.75799560546875,-0.75531005859375,-0.05810546875,0.99853515625,0.0341796875
0.0,4.1046142578125,9.34600830078125,-1.64031982421875,-0.0400390625,0.994873046875,0.034423828125
0.0,4.05120849609375,8.93402099609375,-1.1138916015625,-0.017578125,1.02197265625,0.04052734375
0.0,3.44085693359375,9.14764404296875,1.373291015625,-0.0146484375,1.009765625,0.03955078125
0.0,3.631591796875,9.22393798828125,1.41143798828125,-0.021728515625,0.999755859375,0.019775390625
0.0,3.45611572265625,9.4757080078125,-0.63323974609375,-0.02490234375,1.001708984375,0.03466796875
0.0,3.45611572265625,9.42230224609375,0.213623046875,-0.023193359375,1.0146484375,0.029541015625
0.0,3.19671630859375,9.39178466796875,1.36566162109375,-0.031005859375,1.0068359375,0.031982421875
0.0,3.51715087890625,9.13238525390625,0.86212158203125,-0.03857421875,1.008056640625,0.02587890625
0.0,2.9144287109375,9.21630859375,-0.60272216796875,-0.028076171875,1.021484375,0.04541015625
0.0,2.76947021484375,9.1705322265625,-0.6866455078125,-0.022705078125,1.00341796875,0.025634765625
0.0,2.60162353515625,9.23919677734375,0.3814697265625,-0.029052734375,0.987060546875,0.0224609375
0.0,3.0517578125,8.7738037109375,0.5035400390625,-0.03662109375,0.9951171875,0.017333984375
0.0,2.5177001953125,8.2244873046875,0.46539306640625,-0.028076171875,0.999755859375,0.056396484375
0.0,2.4261474609375,8.03375244140625,0.96893310546875,-0.010009765625,1.004150390625,0.038818359375
0.0,2.06756591796875,8.36944580078125,1.42669677734375,-0.001953125,0.99365234375,0.029541015625
0.0,2.51007080078125,8.67462158203125,1.4801025390625,-0.014892578125,0.981201171875,0.011474609375
0.0,2.5634765625,8.96453857421875,-0.0457763671875,-0.023193359375,0.98095703125,0.03662109375
0.0,2.410888671875,8.91876220703125,-1.19781494140625,-0.03662109375,1.019775390625,0.0439453125
0.0,1.8768310546875,8.6669921875,-1.5716552734375,-0.023681640625,1.007568359375,0.0556640625
0.0,1.9073486328125,8.544921875,-0.87738037109375,-0.026611328125,1.01416015625,0.021484375
0.0,1.79290771484375,8.18634033203125,-1.12152099609375,-0.024658203125,0.994384765625,0.0322265625
0.0,2.20489501953125,8.06427001953125,-1.190185546875,-0.01708984375,1.001708984375,0.018310546875
0.0,2.0751953125,8.17108154296875,-0.885009765625,-0.007080078125,1.003662109375,0.044189453125
0.0,2.09808349609375,8.0718994140625,-1.373291015625,-0.03515625,1.0087890625,0.032958984375
0.0,1.85394287109375,7.9345703125,-1.3885498046875,-0.01953125,0.999267578125,0.04052734375
0.0,1.89971923828125,7.9803466796875,-2.2430419921875,-0.03271484375,0.9921875,0.023193359375
0.0,1.89208984375,7.7056884765625,-2.22015380859375,-0.02880859375,1.00439453125,0.040283203125
0.0,2.0751953125,7.3089599609375,-1.983642578125,-0.025634765625,0.98583984375,0.02392578125
0.0,2.14385986328125,7.31658935546875,-1.7547607421875,-0.0302734375,0.986328125,0.048095703125
0.0,2.13623046875,7.19451904296875,-2.166748046875,-0.023193359375,1.00048828125,0.03076171875
0.0,2.105712890625,7.32421875,-1.6021728515625,-0.01416015625,0.97802734375,0.035400390625
0.0,2.3193359375,7.17926025390625,-2.09808349609375,-0.029541015625,0.9912109375,0.025390625
0.0,2.41851806640625,6.89697265625,-1.922607421875,-0.026123046875,0.997314453125,0.038818359375
0.0,2.40325927734375,6.96563720703125,-1.678466796875,-0.031982421875,1.002197265625,0.0361328125
0.0,2.3651123046875,6.61468505859375,-1.434326171875,-0.0283203125,0.997314453125,0.035888671875
0.0,2.471923828125,6.40869140625,-1.80816650390625,-0.03173828125,0.9970703125,0.031982421875
0.0,2.41851806640625,6.55364990234375,-1.861572265625,-0.01953125,1.0,0.038330078125
0.0,2.4261474609375,6.6070556640625,-1.800537109375,-0.0263671875,0.99951171875,0.034423828125
0.0,2.78472900390625,6.4697265625,-1.83868408203125,-0.026123046875,0.9951171875,0.0302734375
0.0,2.8533935546875,6.3018798828125,-1.36566162109375,-0.03076171875,1.005126953125,0.034912109375
0.0,2.96783447265625,6.15692138671875,-0.69427490234375,-0.035888671875,0.994140625,0.040283203125
0.0,2.899169921875,5.859375,-0.8544921875,-0.03125,0.99267578125,0.027099609375
0.0,3.1280517578125,5.79071044921875,-0.66375732421875,-0.02490234375,0.98583984375,0.03271484375
0.0,3.10516357421875,5.80596923828125,-0.06866455078125,-0.0244140625,0.997314453125,0.03564453125
0.0,3.18145751953125,5.79833984375,-0.49591064453125,-0.025390625,0.989501953125,0.031005859375
0.0,3.2958984375,5.4168701171875,0.18310546875,-0.033935546875,0.98388671875,0.034912109375
0.0,3.22723388671875,5.4779052734375,0.69427490234375,-0.028076171875,0.9970703125,0.03466796875
0.0,3.265380859375,5.4473876953125,0.37384033203125,-0.023193359375,0.992431640625,0.037109375
0.0,3.24249267578125,5.035400390625,0.9002685546875,-0.0302734375,0.981201171875,0.0498046875
0.0,2.67791748046875,4.9591064453125,2.5634765625,-0.009765625,1.044189453125,0.062255859375
0.0,2.3651123046875,4.44793701171875,2.29644775390625,-0.04443359375,1.021484375,0.04150390625
0.0,2.15911865234375,4.15802001953125,2.93731689453125,-0.030029296875,1.00830078125,0.0283203125
0.0,2.25830078125,4.2724609375,3.387451171875,-0.023193359375,1.005859375,0.03125
0.0,2.227783203125,4.75311279296875,2.5634765625,-0.0029296875,0.998046875,0.03076171875
0.0,2.57110595703125,4.93621826171875,0.823974609375,-0.037109375,0.960693359375,0.01708984375
0.0,3.0975341796875,4.608154296875,0.72479248046875,-0.015380859375,0.984130859375,0.020263671875
0.0,3.31878662109375,5.126953125,1.983642578125,0.012451171875,0.977783203125,0.019775390625
0.0,3.0975341796875,5.28717041015625,0.98419189453125,-0.0322265625,1.02294921875,0.029541015625
0.0,2.61688232421875,4.3792724609375,0.91552734375,-0.06103515625,0.990966796875,0.03173828125
0.0,2.99835205078125,3.70025634765625,2.18963623046875,-0.046142578125,0.98583984375,0.0302734375
0.0,2.9449462890625,3.53240966796875,0.5950927734375,-0.04833984375,0.9892578125,0.018798828125
0.0,3.3416748046875,3.082275390625,-1.1138916015625,-0.015625,0.9775390625,0.010498046875
0.0,3.63922119140625,3.2806396484375,0.946044921875,0.014892578125,1.00048828125,0.031982421875
0.0,3.41033935546875,3.4332275390625,1.41143798828125,-0.02734375,1.0234375,0.041259765625
0.0,2.95257568359375,3.05938720703125,-0.1678466796875,-0.045166015625,1.01171875,0.040771484375
0.0,2.66265869140625,2.86102294921875,-0.55694580078125,-0.028076171875,1.006591796875,0.02978515625
0.0,2.685546875,2.9296875,-0.05340576171875,-0.016845703125,0.996826171875,0.02099609375
0.0,2.8228759765625,2.72369384765625,-0.4425048828125,-0.0224609375,1.00048828125,0.0263671875
0.0,2.7313232421875,2.50244140625,-0.81634521484375,-0.018310546875,1.007568359375,0.03076171875
0.0,2.5634765625,2.54058837890625,-0.0762939453125,-0.02587890625,1.00830078125,0.03173828125
0.0,2.34222412109375,2.349853515625,-0.274658203125,-0.03759765625,1.000732421875,0.03173828125
0.0,2.18963623046875,2.0294189453125,-1.13677978515625,-0.02685546875,0.998779296875,0.029541015625
0.0,2.11334228515625,1.983642578125,-0.81634521484375,-0.012939453125,1.000732421875,0.02880859375
0.0,2.06756591796875,1.9683837890625,-0.22125244140625,-0.025146484375,0.998291015625,0.028564453125
0.0,1.91497802734375,1.77001953125,-0.6866455078125,-0.034912109375,0.998779296875,0.02978515625
0.0,1.8157958984375,1.56402587890625,-0.89263916015625,-0.028564453125,1.000732421875,0.029541015625
0.0,1.708984375,1.42669677734375,-0.28228759765625,-0.02392578125,1.001953125,0.029541015625
0.0,1.678466796875,1.2359619140625,-0.152587890625,-0.0283203125,1.003173828125,0.029296875
0.0,1.54876708984375,1.09100341796875,-0.3662109375,-0.028076171875,1.004150390625,0.02978515625
0.0,1.40380859375,1.04522705078125,-0.05340576171875,-0.0263671875,1.005126953125,0.0302734375
0.0,1.31988525390625,0.90789794921875,0.18310546875,-0.031005859375,1.0048828125,0.0302734375
0.0,1.22833251953125,0.67901611328125,0.11444091796875,-0.029296875,1.00390625,0.029541015625
0.0,1.16729736328125,0.5340576171875,0.41961669921875,-0.025390625,1.004150390625,0.02880859375
0.0,1.129150390625,0.457763671875,0.91552734375,-0.029541015625,1.003662109375,0.0302734375
0.0,1.04522705078125,0.274658203125,0.84686279296875,-0.03173828125,1.001953125,0.031982421875
0.0,0.93841552734375,0.09918212890625,0.90789794921875,-0.025634765625,1.000732421875,0.03125
0.0,0.8544921875,0.0457763671875,1.36566162109375,-0.025634765625,0.998046875,0.031005859375
0.0,0.8392333984375,-0.1068115234375,1.54876708984375,-0.031494140625,0.995361328125,0.0302734375
0.0,0.84686279296875,-0.30517578125,1.5716552734375,-0.02978515625,0.995361328125,0.030517578125
0.0,0.823974609375,-0.457763671875,1.953125,-0.02587890625,0.9970703125,0.032470703125
0.0,0.80108642578125,-0.55694580078125,2.227783203125,-0.027099609375,0.998046875,0.03369140625
0.0,0.732421875,-0.67901611328125,2.15911865234375,-0.028076171875,0.996826171875,0.03271484375
0.0,0.74005126953125,-0.79345703125,2.25830078125,-0.026123046875,0.995849609375,0.031005859375
0.0,0.823974609375,-0.90789794921875,2.50244140625,-0.02734375,0.997314453125,0.03173828125
0.0,0.8087158203125,-1.068115234375,2.5482177734375,-0.0283203125,1.00048828125,0.034423828125
0.0,0.8392333984375,-1.220703125,2.58636474609375,-0.0263671875,1.000732421875,0.035400390625
0.0,0.89263916015625,-1.31988525390625,2.716064453125,-0.025146484375,0.998291015625,0.033203125
0.0,0.9613037109375,-1.44195556640625,2.685546875,-0.025634765625,0.99755859375,0.0322265625
0.0,1.03759765625,-1.6021728515625,2.55584716796875,-0.02392578125,0.996826171875,0.034912109375
0.0,1.1138916015625,-1.71661376953125,2.685546875,-0.02587890625,0.995361328125,0.034912109375
0.0,1.1749267578125,-1.88446044921875,2.5634765625,-0.0263671875,0.992919921875,0.03369140625
0.0,1.25885009765625,-1.99127197265625,2.410888671875,-0.023193359375,0.9921875,0.033935546875
0.0,1.3275146484375,-2.03704833984375,2.4261474609375,-0.021728515625,0.9921875,0.03564453125
0.0,1.4495849609375,-2.11334228515625,2.26593017578125,-0.024169921875,0.990966796875,0.03515625
0.0,1.53350830078125,-2.2735595703125,2.105712890625,-0.025146484375,0.99072265625,0.0341796875
0.0,1.617431640625,-2.3956298828125,2.03704833984375,-0.02294921875,0.991455078125,0.03369140625
0.0,1.74713134765625,-2.49481201171875,1.922607421875,-0.022705078125,0.991943359375,0.03466796875
0.0,1.83868408203125,-2.58636474609375,1.708984375,-0.023193359375,0.9931640625,0.0341796875
0.0,1.93023681640625,-2.685546875,1.52587890625,-0.023193359375,0.994873046875,0.0341796875
0.0,2.03704833984375,-2.76947021484375,1.44195556640625,-0.0234375,0.99609375,0.034912109375
0.0,2.13623046875,-2.87628173828125,1.251220703125,-0.02392578125,0.996337890625,0.03515625
0.0,2.25067138671875,-2.9754638671875,1.129150390625,-0.023193359375,0.995849609375,0.0341796875
0.0,2.3651123046875,-3.04412841796875,1.06048583984375,-0.023193359375,0.996337890625,0.0341796875
0.0,2.4261474609375,-3.143310546875,0.93841552734375,-0.024658203125,0.995849609375,0.034423828125
0.0,2.54058837890625,-3.22723388671875,0.823974609375,-0.024169921875,0.995849609375,0.034423828125
0.0,2.6092529296875,-3.31878662109375,0.83160400390625,-0.02392578125,0.99365234375,0.033935546875
0.0,2.67791748046875,-3.39508056640625,0.81634521484375,-0.024658203125,0.99267578125,0.033203125
0.0,2.7313232421875,-3.5247802734375,0.762939453125,-0.025146484375,0.992919921875,0.033203125
0.0,2.78472900390625,-3.5858154296875,0.7476806640625,-0.024169921875,0.9931640625,0.03369140625
0.0,2.81524658203125,-3.65447998046875,0.823974609375,-0.024658203125,0.992919921875,0.033203125
0.0,2.87628173828125,-3.7384033203125,0.8544921875,-0.025146484375,0.993896484375,0.032958984375
0.0,2.95257568359375,-3.8299560546875,0.91552734375,-0.02490234375,0.995849609375,0.032958984375
0.0,2.98309326171875,-3.89862060546875,1.04522705078125,-0.025634765625,0.996826171875,0.032958984375
0.0,3.0059814453125,-3.99017333984375,1.12152099609375,-0.026611328125,0.998779296875,0.03271484375
0.0,2.99835205078125,-4.0740966796875,1.2359619140625,-0.025390625,0.99951171875,0.031494140625
0.0,3.0059814453125,-4.15802001953125,1.4190673828125,-0.026123046875,1.00048828125,0.031982421875
0.0,2.99835205078125,-4.2266845703125,1.60980224609375,-0.027099609375,1.000732421875,0.031005859375
0.0,3.02886962890625,-4.29534912109375,1.7547607421875,-0.027587890625,1.001220703125,0.031005859375
0.0,2.9754638671875,-4.364013671875,1.91497802734375,-0.02587890625,1.0009765625,0.030517578125
0.0,2.9449462890625,-4.425048828125,2.1209716796875,-0.026123046875,1.000732421875,0.030517578125
0.0,2.89154052734375,-4.47845458984375,2.29644775390625,-0.026611328125,1.00048828125,0.0302734375
0.0,2.8533935546875,-4.57763671875,2.471923828125,-0.026611328125,0.999755859375,0.029541015625
0.0,2.8076171875,-4.6539306640625,2.655029296875,-0.0263671875,0.999755859375,0.030029296875
0.0,2.7313232421875,-4.69207763671875,2.7923583984375,-0.02587890625,0.999267578125,0.029541015625
0.0,2.67791748046875,-4.75311279296875,2.93731689453125,-0.026123046875,0.999755859375,0.029296875
0.0,2.58636474609375,-4.82177734375,3.0670166015625,-0.025634765625,1.000732421875,0.029296875
0.0,2.47955322265625,-4.85992431640625,3.1890869140625,-0.025390625,1.001220703125,0.029052734375
0.0,2.40325927734375,-4.913330078125,3.27301025390625,-0.025390625,1.00146484375,0.02880859375
0.0,2.3193359375,-4.98199462890625,3.39508056640625,-0.025146484375,1.003662109375,0.028076171875
0.0,2.25067138671875,-5.035400390625,3.44085693359375,-0.025146484375,1.004150390625,0.02783203125
0.0,2.12860107421875,-5.0811767578125,3.45611572265625,-0.024169921875,1.0048828125,0.028564453125
0.0,2.05230712890625,-5.1422119140625,3.4942626953125,-0.024169921875,1.005615234375,0.028076171875
0.0,1.953125,-5.1422119140625,3.4942626953125,-0.02392578125,1.00537109375,0.028076171875
0.0,1.8157958984375,-5.18798828125,3.448486328125,-0.02294921875,1.00439453125,0.028564453125
0.0,1.7242431640625,-5.2490234375,3.39508056640625,-0.022705078125,1.004150390625,0.0283203125
0.0,1.6326904296875,-5.28717041015625,3.326416015625,-0.0224609375,1.00341796875,0.027587890625
0.0,1.495361328125,-5.3253173828125,3.25775146484375,-0.023193359375,1.002197265625,0.02783203125
0.0,0.98419189453125,-5.47027587890625,2.593994140625,-0.021484375,1.00048828125,0.02880859375
0.0,0.9307861328125,-5.4931640625,2.4261474609375,-0.0224609375,1.00146484375,0.0283203125
0.0,0.83160400390625,-5.53131103515625,2.288818359375,-0.02197265625,1.001953125,0.0283203125
0.0,0.7781982421875,-5.55419921875,2.14385986328125,-0.021484375,1.001708984375,0.028564453125
0.0,0.732421875,-5.57708740234375,1.94549560546875,-0.021240234375,1.002197265625,0.02880859375
0.0,0.67901611328125,-5.60760498046875,1.83868408203125,-0.0224609375,1.002685546875,0.029052734375
0.0,0.61798095703125,-5.60760498046875,1.678466796875,-0.021728515625,1.0029296875,0.029541015625
0.0,0.54931640625,-5.62286376953125,1.5869140625,-0.021484375,1.002197265625,0.028564453125
0.0,0.48065185546875,-5.645751953125,1.4190673828125,-0.02197265625,1.00048828125,0.029541015625
0.0,0.4425048828125,-5.68389892578125,1.35040283203125,-0.021728515625,0.99951171875,0.02978515625
0.0,0.42724609375,-5.66864013671875,1.2969970703125,-0.022705078125,0.99853515625,0.029541015625
0.0,0.42724609375,-5.68389892578125,1.2664794921875,-0.023193359375,0.997314453125,0.0302734375
0.0,0.42724609375,-5.6915283203125,1.2359619140625,-0.023193359375,0.997314453125,0.030029296875
0.0,0.41961669921875,-5.6915283203125,1.251220703125,-0.02294921875,0.996337890625,0.0302734375
0.0,0.43487548828125,-5.69915771484375,1.28936767578125,-0.023193359375,0.996337890625,0.0302734375
0.0,0.4730224609375,-5.706787109375,1.3427734375,-0.02392578125,0.99658203125,0.03125
0.0,0.5035400390625,-5.706787109375,1.40380859375,-0.0234375,0.997314453125,0.031494140625
0.0,0.54931640625,-5.72967529296875,1.47247314453125,-0.02392578125,0.99755859375,0.03076171875
0.0,0.579833984375,-5.7220458984375,1.556396484375,-0.024169921875,0.997314453125,0.031494140625
0.0,0.64849853515625,-5.706787109375,1.65557861328125,-0.02392578125,0.998046875,0.0322265625
0.0,0.7171630859375,-5.7373046875,1.7852783203125,-0.024169921875,0.9970703125,0.0322265625
0.0,0.640869140625,-5.71441650390625,1.91497802734375,-0.01953125,1.016357421875,0.026611328125
0.0,-0.63323974609375,-5.4779052734375,2.4566650390625,-0.019775390625,1.131103515625,0.01513671875
0.0,-2.44140625,-5.59234619140625,2.01416015625,-0.035888671875,1.12158203125,0.020751953125
0.0,-4.119873046875,-5.77545166015625,1.48773193359375,-0.020751953125,1.074951171875,0.01806640625
0.0,-5.34820556640625,-5.39398193359375,2.37274169921875,-0.01220703125,1.0302734375,0.01513671875
0.0,-6.317138671875,-5.4779052734375,1.86920166015625,-0.042724609375,1.02978515625,0.01220703125
0.0,-6.622314453125,-5.9051513671875,1.068115234375,-0.080322265625,0.930419921875,0.011474609375
0.0,-6.53839111328125,-6.32476806640625,1.79290771484375,-0.01123046875,0.95654296875,0.03125
0.0,-7.17926025390625,-6.15692138671875,1.617431640625,-0.012939453125,0.98876953125,0.05224609375
0.0,-7.50732421875,-5.859375,2.03704833984375,0.009521484375,0.988525390625,0.02099609375
0.0,-7.71331787109375,-5.2947998046875,3.91387939453125,-0.0048828125,1.02294921875,0.015625
0.0,-8.52203369140625,-5.126953125,1.15966796875,-0.01953125,1.0771484375,0.027099609375
0.0,-9.6282958984375,-5.096435546875,1.91497802734375,-0.038818359375,1.048583984375,0.04345703125
0.0,-9.77325439453125,-5.57708740234375,1.79290771484375,-0.055908203125,1.0390625,0.04345703125
0.0,-10.56671142578125,-5.86700439453125,4.1046142578125,0.01123046875,1.10546875,0.038818359375
0.0,-10.68115234375,-6.2408447265625,4.0283203125,-0.07958984375,0.961669921875,0.0322265625
0.0,-9.46044921875,-6.98089599609375,-1.25885009765625,-0.08837890625,0.94189453125,0.041748046875
0.0,-8.61358642578125,-6.89697265625,-0.518798828125,-0.0087890625,0.95751953125,0.0703125
0.0,-7.39288330078125,-6.3934326171875,1.3885498046875,-0.00927734375,0.906494140625,0.061279296875
0.0,-6.00433349609375,-6.8206787109375,1.48773193359375,-0.021240234375,0.936279296875,0.07177734375
0.0,-5.1422119140625,-7.110595703125,1.06048583984375,-0.036865234375,0.939453125,0.0712890625
0.0,-4.29534912109375,-6.8359375,2.2735595703125,-0.016357421875,0.939453125,0.06982421875
0.0,-2.8839111328125,-6.35528564453125,1.6937255859375,-0.02734375,0.895263671875,0.059326171875
0.0,-1.12152099609375,-6.3018798828125,0.6561279296875,-0.0205078125,0.935546875,0.0615234375
0.0,0.12969970703125,-6.3323974609375,1.0833740234375,-0.016357421875,0.939697265625,0.076904296875
0.0,1.45721435546875,-6.34765625,2.9144287109375,-0.02197265625,0.95263671875,0.072021484375
0.0,2.8228759765625,-6.3018798828125,2.89154052734375,-0.01953125,0.941162109375,0.071044921875
0.0,4.34112548828125,-5.9967041015625,2.41851806640625,-0.00927734375,0.944091796875,0.06640625
0.0,5.88226318359375,-5.6610107421875,2.166748046875,-0.02392578125,0.943603515625,0.065185546875
0.0,7.28607177734375,-5.5694580078125,2.410888671875,-0.025634765625,0.955810546875,0.06982421875
0.0,8.514404296875,-5.76019287109375,2.49481201171875,-0.03173828125,0.94921875,0.070068359375
0.0,9.70458984375,-5.92803955078125,2.960205078125,-0.02099609375,0.949951171875,0.069091796875
0.0,10.894775390625,-5.85174560546875,3.2806396484375,-0.021240234375,0.9326171875,0.059326171875
0.0,12.09259033203125,-5.63812255859375,2.7008056640625,-0.020263671875,0.93798828125,0.057373046875
0.0,13.11492919921875,-5.40924072265625,2.1514892578125,-0.017333984375,0.9345703125,0.057861328125
0.0,14.1143798828125,-5.33294677734375,2.38800048828125,-0.01708984375,0.94384765625,0.056640625
0.0,14.923095703125,-5.3863525390625,2.83050537109375,-0.024169921875,0.9443359375,0.054443359375
0.0,15.67840576171875,-5.4931640625,2.86102294921875,-0.023193359375,0.95458984375,0.05078125
0.0,16.39556884765625,-5.42449951171875,2.40325927734375,-0.02392578125,0.960205078125,0.045654296875
0.0,16.998291015625,-5.2947998046875,1.97601318359375,-0.01904296875,0.97607421875,0.044677734375
0.0,17.49420166015625,-5.22613525390625,1.79290771484375,-0.01708984375,0.985107421875,0.04296875
0.0,17.90618896484375,-5.18035888671875,1.86920166015625,-0.017333984375,1.0009765625,0.04150390625
0.0,18.157958984375,-5.18798828125,1.89208984375,-0.0205078125,1.005126953125,0.03759765625
0.0,18.3258056640625,-5.157470703125,1.708984375,-0.023193359375,1.01220703125,0.031494140625
0.0,18.402099609375,-5.10406494140625,1.1749267578125,-0.024169921875,1.013671875,0.02734375
0.0,18.2952880859375,-5.06591796875,0.90789794921875,-0.02099609375,1.01953125,0.027099609375
0.0,18.05877685546875,-5.08880615234375,0.93841552734375,-0.020263671875,1.017333984375,0.0244140625
0.0,17.50946044921875,-5.08880615234375,0.90789794921875,-0.01953125,1.012939453125,0.0166015625
0.0,17.09747314453125,-5.0201416015625,0.5950927734375,-0.019287109375,1.010986328125,0.01318359375
0.0,16.4947509765625,-4.92095947265625,0.3204345703125,-0.021484375,1.012451171875,0.0126953125
0.0,15.86151123046875,-4.93621826171875,0.213623046875,-0.022705078125,1.014892578125,0.01123046875
0.0,15.0909423828125,-4.9591064453125,0.1373291015625,-0.023193359375,1.017822265625,0.00732421875
0.0,14.2974853515625,-4.98199462890625,0.06866455078125,-0.021728515625,1.0234375,0.00439453125
0.0,13.45062255859375,-4.93621826171875,-0.00762939453125,-0.019775390625,1.031494140625,0.003173828125
0.0,12.50457763671875,-4.84466552734375,-0.17547607421875,-0.020263671875,1.04150390625,0.002685546875
0.0,11.46697998046875,-4.8065185546875,-0.2593994140625,-0.02294921875,1.049560546875,-0.00048828125
0.0,10.345458984375,-4.852294921875,-0.23651123046875,-0.025390625,1.056396484375,-0.00244140625
0.0,9.2010498046875,-4.8980712890625,-0.16021728515625,-0.025634765625,1.06201171875,-0.00341796875
0.0,8.04901123046875,-4.913330078125,-0.18310546875,-0.0244140625,1.064208984375,-0.004638671875
0.0,6.8206787109375,-4.89044189453125,-0.213623046875,-0.024169921875,1.064453125,-0.006103515625
0.0,5.54656982421875,-4.8828125,-0.213623046875,-0.02392578125,1.0625,-0.0068359375
0.0,4.241943359375,-4.89044189453125,-0.1373291015625,-0.025146484375,1.0576171875,-0.006591796875
0.0,3.0059814453125,-4.89044189453125,-0.08392333984375,-0.024658203125,1.051025390625,-0.006103515625
0.0,1.739501953125,-4.8675537109375,-0.02288818359375,-0.02490234375,1.044921875,-0.006591796875
0.0,0.51116943359375,-4.913330078125,0.0457763671875,-0.025634765625,1.040283203125,-0.006103515625
0.0,-0.69427490234375,-4.913330078125,0.0762939453125,-0.026123046875,1.036376953125,-0.004638671875
0.0,-1.89208984375,-4.93621826171875,0.1678466796875,-0.024658203125,1.03564453125,-0.00439453125
0.0,-3.07464599609375,-4.90570068359375,0.32806396484375,-0.02392578125,1.035888671875,-0.00390625
0.0,-4.20379638671875,-4.87518310546875,0.46539306640625,-0.023681640625,1.03759765625,-0.0029296875
0.0,-5.2947998046875,-4.89044189453125,0.60272216796875,-0.0263671875,1.040771484375,-0.0009765625
0.0,-6.3323974609375,-4.90570068359375,0.69427490234375,-0.027587890625,1.044189453125,0.0
0.0,-7.293701171875,-4.9285888671875,0.8544921875,-0.0263671875,1.0458984375,0.00146484375
0.0,-8.209228515625,-4.9285888671875,1.007080078125,-0.024658203125,1.046630859375,0.004638671875
0.0,-9.002685546875,-4.8675537109375,1.0833740234375,-0.023681640625,1.04541015625,0.00634765625
0.0,-9.7503662109375,-4.82940673828125,1.13677978515625,-0.023681640625,1.041015625,0.00830078125
0.0,-10.3912353515625,-4.84466552734375,1.16729736328125,-0.024658203125,1.034912109375,0.0107421875
0.0,-10.9405517578125,-4.8370361328125,1.21307373046875,-0.02490234375,1.027099609375,0.01318359375
0.0,-11.40594482421875,-4.8370361328125,1.2359619140625,-0.023193359375,1.017822265625,0.015625
0.0,-11.749267578125,-4.79888916015625,1.190185546875,-0.022705078125,1.008544921875,0.0185546875
0.0,-11.993408203125,-4.7760009765625,1.1749267578125,-0.022705078125,1.0,0.02099609375
0.0,-12.12310791015625,-4.7149658203125,1.16729736328125,-0.0224609375,0.993408203125,0.023681640625
0.0,-12.21466064453125,-4.6844482421875,1.13677978515625,-0.021484375,0.98779296875,0.0263671875
0.0,-12.16888427734375,-4.638671875,1.0833740234375,-0.021484375,0.98388671875,0.029541015625
0.0,-12.01629638671875,-4.5928955078125,1.007080078125,-0.021484375,0.98193359375,0.032958984375
0.0,-11.77215576171875,-4.5318603515625,0.90789794921875,-0.020751953125,0.98095703125,0.034912109375
0.0,-11.40594482421875,-4.486083984375,0.77056884765625,-0.0205078125,0.980712890625,0.03759765625
0.0,-10.96343994140625,-4.425048828125,0.60272216796875,-0.019287109375,0.9814453125,0.04052734375
0.0,-10.38360595703125,-4.34112548828125,0.42724609375,-0.01953125,0.98095703125,0.044189453125
0.0,-9.7503662109375,-4.26483154296875,0.2288818359375,-0.019287109375,0.978515625,0.046142578125
0.0,-9.033203125,-4.21142578125,0.02288818359375,-0.019775390625,0.9755859375,0.048828125
0.0,-8.23974609375,-4.1351318359375,-0.18310546875,-0.02001953125,0.97021484375,0.05126953125
0.0,-7.39288330078125,-4.05120849609375,-0.3509521484375,-0.018798828125,0.96435546875,0.05224609375
0.0,-6.43157958984375,-3.95965576171875,-0.52642822265625,-0.0185546875,0.958251953125,0.053955078125
0.0,-5.45501708984375,-3.88336181640625,-0.70953369140625,-0.019287109375,0.950927734375,0.055908203125
0.0,-4.425048828125,-3.79180908203125,-0.8544921875,-0.01904296875,0.94384765625,0.05712890625
0.0,-3.35693359375,-3.71551513671875,-0.99945068359375,-0.01904296875,0.939208984375,0.05859375
0.0,-2.2735595703125,-3.6163330078125,-1.16729736328125,-0.019287109375,0.935546875,0.060302734375
0.0,-1.129150390625,-3.53240966796875,-1.28936767578125,-0.01953125,0.93359375,0.060791015625
0.0,0.05340576171875,-3.4637451171875,-1.41143798828125,-0.01904296875,0.934326171875,0.061279296875
0.0,1.2664794921875,-3.3721923828125,-1.57928466796875,-0.0185546875,0.9365234375,0.061279296875
0.0,2.410888671875,-3.28826904296875,-1.708984375,-0.018798828125,0.940185546875,0.06201171875
0.0,3.63922119140625,-3.22723388671875,-1.80816650390625,-0.019775390625,0.944580078125,0.062744140625
0.0,4.87518310546875,-3.10516357421875,-1.89971923828125,-0.0205078125,0.948974609375,0.06201171875
0.0,6.01959228515625,-3.0670166015625,-1.953125,-0.02099609375,0.9541015625,0.061279296875
0.0,7.1563720703125,-2.99835205078125,-1.94549560546875,-0.021728515625,0.956298828125,0.060546875
0.0,8.2855224609375,-2.90679931640625,-1.94549560546875,-0.02099609375,0.9580078125,0.06005859375
0.0,9.31549072265625,-2.84576416015625,-1.89971923828125,-0.02197265625,0.95947265625,0.05810546875
0.0,10.29205322265625,-2.76947021484375,-1.8463134765625,-0.02294921875,0.95947265625,0.05615234375
0.0,11.65771484375,-2.685546875,-1.73187255859375,-0.022705078125,0.958251953125,0.05322265625
0.0,12.48931884765625,-2.593994140625,-1.62506103515625,-0.023193359375,0.958251953125,0.05126953125
0.0,13.214111328125,-2.57110595703125,-1.52587890625,-0.023193359375,0.95947265625,0.048828125
0.0,13.8702392578125,-2.4871826171875,-1.45721435546875,-0.0224609375,0.961669921875,0.0458984375
0.0,14.434814453125,-2.44140625,-1.36566162109375,-0.02294921875,0.966064453125,0.044189453125
0.0,14.95361328125,-2.4261474609375,-1.24359130859375,-0.02294921875,0.971923828125,0.042236328125
0.0,15.35797119140625,-2.37274169921875,-1.129150390625,-0.02392578125,0.978515625,0.0390625
0.0,15.6707763671875,-2.32696533203125,-1.0528564453125,-0.023681640625,0.986328125,0.03662109375
0.0,15.899658203125,-2.2735595703125,-0.93841552734375,-0.02392578125,0.994873046875,0.033447265625
0.0,16.021728515625,-2.23541259765625,-0.81634521484375,-0.0244140625,1.001953125,0.031494140625
0.0,16.0675048828125,-2.197265625,-0.67138671875,-0.024169921875,1.008544921875,0.02880859375
0.0,16.01409912109375,-2.20489501953125,-0.55694580078125,-0.023681640625,1.01416015625,0.025390625
0.0,15.84625244140625,-2.18963623046875,-0.5035400390625,-0.025146484375,1.017333984375,0.023681640625
0.0,15.594482421875,-2.17437744140625,-0.41961669921875,-0.025390625,1.01904296875,0.02099609375
0.0,15.2435302734375,-2.1514892578125,-0.38909912109375,-0.02392578125,1.020751953125,0.0185546875
0.0,14.80865478515625,-2.13623046875,-0.335693359375,-0.023193359375,1.020751953125,0.0166015625
0.0,14.2974853515625,-2.12860107421875,-0.3509521484375,-0.023193359375,1.02001953125,0.01318359375
0.0,13.7176513671875,-2.12860107421875,-0.3814697265625,-0.02294921875,1.020751953125,0.011474609375
0.0,13.0462646484375,-2.13623046875,-0.396728515625,-0.023193359375,1.02197265625,0.009033203125
0.0,12.2833251953125,-2.1209716796875,-0.4425048828125,-0.0234375,1.023681640625,0.00732421875
0.0,11.48223876953125,-2.12860107421875,-0.52642822265625,-0.023193359375,1.027587890625,0.00634765625
0.0,10.650634765625,-2.13623046875,-0.57220458984375,-0.023193359375,1.0322265625,0.0048828125
0.0,9.69696044921875,-2.12860107421875,-0.6103515625,-0.022216796875,1.037109375,0.003173828125
0.0,8.72802734375,-2.1514892578125,-0.6866455078125,-0.022705078125,1.0419921875,0.00244140625
0.0,7.72857666015625,-2.1514892578125,-0.79345703125,-0.0224609375,1.046142578125,0.0009765625
0.0,6.683349609375,-2.14385986328125,-0.885009765625,-0.02294921875,1.050537109375,0.000244140625
0.0,5.6304931640625,-2.18963623046875,-1.01470947265625,-0.022705078125,1.052978515625,-0.000732421875
0.0,4.5166015625,-2.18963623046875,-1.16729736328125,-0.022705078125,1.053466796875,-0.001220703125
0.0,3.41033935546875,-2.17437744140625,-1.30462646484375,-0.0224609375,1.052734375,-0.00146484375
0.0,2.31170654296875,-2.18963623046875,-1.45721435546875,-0.02197265625,1.050537109375,-0.0009765625
0.0,1.2359619140625,-2.22015380859375,-1.617431640625,-0.02197265625,1.04736328125,-0.0009765625
0.0,0.14495849609375,-2.22015380859375,-1.7547607421875,-0.022216796875,1.043212890625,-0.000732421875
0.0,-0.946044921875,-2.227783203125,-1.88446044921875,-0.02294921875,1.038818359375,-0.00048828125
0.0,-1.94549560546875,-2.22015380859375,-1.97601318359375,-0.0224609375,1.03564453125,0.000244140625
0.0,-2.93731689453125,-2.2735595703125,-2.0751953125,-0.022705078125,1.032958984375,0.001708984375
0.0,-3.91387939453125,-2.28118896484375,-2.166748046875,-0.023193359375,1.031494140625,0.00341796875
0.0,-4.7607421875,-2.28118896484375,-2.2430419921875,-0.0224609375,1.0302734375,0.005126953125
0.0,-5.62286376953125,-2.2735595703125,-2.32696533203125,-0.023193359375,1.030029296875,0.005615234375
0.0,-6.3934326171875,-2.29644775390625,-2.38037109375,-0.02294921875,1.030517578125,0.0078125
0.0,-7.0648193359375,-2.32696533203125,-2.4261474609375,-0.022705078125,1.031005859375,0.009521484375
0.0,-7.71331787109375,-2.34222412109375,-2.46429443359375,-0.022705078125,1.03076171875,0.010986328125
0.0,-8.270263671875,-2.34222412109375,-2.47955322265625,-0.0234375,1.028564453125,0.012939453125
0.0,-8.75091552734375,-2.32696533203125,-2.4871826171875,-0.0234375,1.026123046875,0.015380859375
0.0,-9.14764404296875,-2.32696533203125,-2.471923828125,-0.023193359375,1.022216796875,0.017822265625
0.0,-9.4757080078125,-2.3345947265625,-2.44140625,-0.0234375,1.017333984375,0.020263671875
0.0,-9.7198486328125,-2.3345947265625,-2.40325927734375,-0.02392578125,1.010498046875,0.0224609375
0.0,-9.8724365234375,-2.3345947265625,-2.34222412109375,-0.023681640625,1.004150390625,0.02490234375
0.0,-9.91058349609375,-2.34222412109375,-2.25067138671875,-0.023681640625,0.99658203125,0.02783203125
0.0,-9.86480712890625,-2.31170654296875,-2.13623046875,-0.024169921875,0.991943359375,0.029541015625
0.0,-9.735107421875,-2.31170654296875,-2.01416015625,-0.02392578125,0.986083984375,0.0322265625
0.0,-9.54437255859375,-2.29644775390625,-1.9378662109375,-0.023681640625,0.981689453125,0.03515625
0.0,-9.246826171875,-2.3040771484375,-1.8463134765625,-0.024169921875,0.978759765625,0.037841796875
0.0,-8.8653564453125,-2.2735595703125,-1.73187255859375,-0.02392578125,0.975830078125,0.0400390625
0.0,-8.392333984375,-2.2430419921875,-1.6326904296875,-0.02392578125,0.974853515625,0.0419921875
0.0,-7.82012939453125,-2.22015380859375,-1.53350830078125,-0.023681640625,0.97412109375,0.04443359375
0.0,-7.24029541015625,-2.20489501953125,-1.46484375,-0.0234375,0.973388671875,0.04638671875
0.0,-6.55364990234375,-2.197265625,-1.36566162109375,-0.0234375,0.9716796875,0.048583984375
0.0,-5.8135986328125,-2.1514892578125,-1.27410888671875,-0.023681640625,0.969970703125,0.050048828125
0.0,-5.0201416015625,-2.12860107421875,-1.18255615234375,-0.02392578125,0.96826171875,0.052490234375
0.0,-4.15802001953125,-2.09808349609375,-1.12152099609375,-0.0234375,0.964111328125,0.05322265625
0.0,-2.83050537109375,-2.0599365234375,-0.99945068359375,-0.022705078125,0.9580078125,0.05517578125
0.0,-1.8463134765625,-2.03704833984375,-0.96893310546875,-0.022705078125,0.953857421875,0.0556640625
0.0,-0.8697509765625,-2.01416015625,-0.89263916015625,-0.0224609375,0.949951171875,0.056396484375
0.0,0.1068115234375,-1.9989013671875,-0.86212158203125,-0.0224609375,0.947509765625,0.056884765625
0.0,1.0986328125,-1.99127197265625,-0.885009765625,-0.022216796875,0.946533203125,0.0576171875
0.0,2.1514892578125,-1.94549560546875,-0.91552734375,-0.021728515625,0.945556640625,0.057373046875
0.0,3.18145751953125,-1.89971923828125,-0.92315673828125,-0.021240234375,0.946533203125,0.057373046875
0.0,4.180908203125,-1.89208984375,-0.946044921875,-0.021240234375,0.948486328125,0.057861328125
0.0,5.1422119140625,-1.861572265625,-1.02996826171875,-0.02197265625,0.951904296875,0.056884765625
0.0,6.12640380859375,-1.85394287109375,-1.129150390625,-0.021728515625,0.955078125,0.056640625
0.0,7.0953369140625,-1.85394287109375,-1.15966796875,-0.021728515625,0.959228515625,0.0556640625
0.0,7.98797607421875,-1.83868408203125,-1.22833251953125,-0.02197265625,0.962646484375,0.054931640625
0.0,8.84246826171875,-1.83868408203125,-1.30462646484375,-0.02197265625,0.965576171875,0.053466796875
0.0,9.69696044921875,-1.800537109375,-1.38092041015625,-0.02197265625,0.967041015625,0.05224609375
0.0,10.45989990234375,-1.80816650390625,-1.4495849609375,-0.021728515625,0.969970703125,0.05078125
0.0,11.1846923828125,-1.80816650390625,-1.51824951171875,-0.022216796875,0.970947265625,0.048828125
0.0,11.8255615234375,-1.80816650390625,-1.60980224609375,-0.022705078125,0.971923828125,0.046630859375
0.0,12.39776611328125,-1.800537109375,-1.6937255859375,-0.023193359375,0.972900390625,0.044921875
0.0,12.91656494140625,-1.79290771484375,-1.77764892578125,-0.022705078125,0.974853515625,0.04296875
0.0,13.3514404296875,-1.800537109375,-1.8463134765625,-0.022216796875,0.977294921875,0.04052734375
0.0,13.66424560546875,-1.83868408203125,-1.91497802734375,-0.0224609375,0.98095703125,0.037841796875
0.0,13.96942138671875,-1.83868408203125,-1.9989013671875,-0.0234375,0.984375,0.035400390625
0.0,14.16015625,-1.86920166015625,-2.0599365234375,-0.023193359375,0.98876953125,0.033447265625
0.0,14.24407958984375,-1.86920166015625,-2.06756591796875,-0.024169921875,0.994873046875,0.03173828125
0.0,14.2669677734375,-1.9073486328125,-2.08282470703125,-0.024169921875,1.000244140625,0.02880859375
0.0,14.21356201171875,-1.953125,-2.0904541015625,-0.024658203125,1.00537109375,0.027587890625
0.0,14.0533447265625,-2.01416015625,-2.044677734375,-0.024169921875,1.01025390625,0.025634765625
0.0,13.83209228515625,-2.03704833984375,-2.03704833984375,-0.025390625,1.015380859375,0.02197265625
0.0,13.54217529296875,-2.0751953125,-2.01416015625,-0.025390625,1.02001953125,0.020751953125
0.0,13.1988525390625,-2.12860107421875,-1.93023681640625,-0.025146484375,1.0224609375,0.0185546875
0.0,12.73345947265625,-2.1820068359375,-1.86920166015625,-0.0263671875,1.024658203125,0.01611328125
0.0,12.2528076171875,-2.23541259765625,-1.800537109375,-0.026123046875,1.02490234375,0.0146484375
0.0,11.60430908203125,-2.28118896484375,-1.708984375,-0.0263671875,1.02587890625,0.012939453125
0.0,10.955810546875,-2.32696533203125,-1.617431640625,-0.026611328125,1.0263671875,0.0107421875
0.0,10.29205322265625,-2.38037109375,-1.495361328125,-0.026123046875,1.02685546875,0.009033203125
0.0,9.490966796875,-2.471923828125,-1.41143798828125,-0.0263671875,1.0283203125,0.008544921875
0.0,8.697509765625,-2.532958984375,-1.2969970703125,-0.02685546875,1.029541015625,0.007568359375
0.0,7.8887939453125,-2.5787353515625,-1.15966796875,-0.02685546875,1.031005859375,0.00634765625
0.0,7.01904296875,-2.64739990234375,-1.02996826171875,-0.02685546875,1.03369140625,0.005859375
0.0,6.14166259765625,-2.69317626953125,-0.90789794921875,-0.02685546875,1.03662109375,0.00439453125
0.0,5.25665283203125,-2.76947021484375,-0.77056884765625,-0.02685546875,1.0390625,0.00439453125
0.0,4.3182373046875,-2.83050537109375,-0.66375732421875,-0.02685546875,1.041259765625,0.003662109375
0.0,3.36456298828125,-2.8839111328125,-0.518798828125,-0.02734375,1.042724609375,0.004150390625
0.0,2.38800048828125,-2.95257568359375,-0.4119873046875,-0.026123046875,1.043701171875,0.004150390625
0.0,1.47247314453125,-3.021240234375,-0.32806396484375,-0.02685546875,1.043701171875,0.003662109375
0.0,0.51116943359375,-3.08990478515625,-0.20599365234375,-0.026611328125,1.042236328125,0.003173828125
0.0,-0.3814697265625,-3.15093994140625,-0.1220703125,-0.02587890625,1.03955078125,0.00439453125
0.0,-1.27410888671875,-3.2196044921875,-0.03814697265625,-0.026123046875,1.0361328125,0.005126953125
0.0,-2.1514892578125,-3.27301025390625,0.0152587890625,-0.025390625,1.032958984375,0.005859375
0.0,-2.92205810546875,-3.3111572265625,0.06866455078125,-0.025390625,1.029296875,0.007568359375
0.0,-3.70025634765625,-3.36456298828125,0.08392333984375,-0.025390625,1.02587890625,0.0078125
0.0,-4.4097900390625,-3.4637451171875,0.1220703125,-0.02490234375,1.024169921875,0.009033203125
0.0,-5.08880615234375,-3.48663330078125,0.1220703125,-0.024658203125,1.02197265625,0.010986328125
0.0,-5.68389892578125,-3.54766845703125,0.14495849609375,-0.024169921875,1.020263671875,0.012451171875
0.0,-6.2255859375,-3.5858154296875,0.09918212890625,-0.02392578125,1.01953125,0.014404296875
0.0,-6.7138671875,-3.62396240234375,0.0762939453125,-0.023681640625,1.018310546875,0.015869140625
0.0,-7.13348388671875,-3.662109375,0.0152587890625,-0.02392578125,1.017822265625,0.01806640625
0.0,-7.4920654296875,-3.7078857421875,-0.030517578125,-0.023681640625,1.015380859375,0.01953125
0.0,-7.75909423828125,-3.7384033203125,-0.06103515625,-0.023193359375,1.01318359375,0.02197265625
0.0,-7.9498291015625,-3.753662109375,-0.11444091796875,-0.023681640625,1.010498046875,0.024169921875
0.0,-8.0718994140625,-3.76129150390625,-0.1983642578125,-0.0234375,1.006103515625,0.026123046875
0.0,-8.11004638671875,-3.82232666015625,-0.29754638671875,-0.02294921875,0.999267578125,0.029541015625
0.0,-8.0108642578125,-3.8299560546875,-0.34332275390625,-0.023193359375,0.993896484375,0.032470703125
0.0,-7.8277587890625,-3.83758544921875,-0.396728515625,-0.02294921875,0.988525390625,0.03369140625
0.0,-7.62176513671875,-3.88336181640625,-0.4425048828125,-0.022705078125,0.983154296875,0.03564453125
0.0,-7.27081298828125,-3.8604736328125,-0.457763671875,-0.022705078125,0.978759765625,0.037353515625
0.0,-6.91986083984375,-3.86810302734375,-0.4730224609375,-0.022705078125,0.975830078125,0.03955078125
0.0,-6.4697265625,-3.90625,-0.5035400390625,-0.02294921875,0.97314453125,0.0419921875
0.0,-5.97381591796875,-3.936767578125,-0.54931640625,-0.02294921875,0.97119140625,0.04345703125
0.0,-5.42449951171875,-3.8909912109375,-0.5340576171875,-0.023193359375,0.969482421875,0.04443359375
0.0,-4.791259765625,-3.89862060546875,-0.518798828125,-0.02294921875,0.96923828125,0.046142578125
0.0,-4.150390625,-3.90625,-0.5645751953125,-0.0234375,0.9677734375,0.0478515625
0.0,-3.41033935546875,-3.91387939453125,-0.54931640625,-0.0234375,0.967529296875,0.04931640625
0.0,-2.66265869140625,-3.91387939453125,-0.52642822265625,-0.023193359375,0.9658203125,0.05126953125
0.0,-1.83868408203125,-3.91387939453125,-0.5035400390625,-0.024169921875,0.965087890625,0.051513671875
0.0,-1.01470947265625,-3.8909912109375,-0.45013427734375,-0.023681640625,0.962890625,0.052978515625
0.0,-0.20599365234375,-3.88336181640625,-0.34332275390625,-0.024169921875,0.96240234375,0.0537109375
0.0,0.69427490234375,-3.86810302734375,-0.244140625,-0.02392578125,0.960205078125,0.0537109375
0.0,1.52587890625,-3.88336181640625,-0.18310546875,-0.024658203125,0.9580078125,0.0537109375
0.0,2.40325927734375,-3.8604736328125,-0.0762939453125,-0.024169921875,0.956298828125,0.053955078125
0.0,3.2806396484375,-3.8604736328125,0.0152587890625,-0.024658203125,0.955810546875,0.0537109375
0.0,4.12750244140625,-3.85284423828125,0.1373291015625,-0.024169921875,0.955078125,0.053466796875
0.0,4.99725341796875,-3.82232666015625,0.23651123046875,-0.0234375,0.955322265625,0.052734375
0.0,5.8135986328125,-3.85284423828125,0.30517578125,-0.023681640625,0.957275390625,0.052734375
0.0,6.622314453125,-3.83758544921875,0.41961669921875,-0.024658203125,0.9599609375,0.0517578125
0.0,7.4005126953125,-3.83758544921875,0.5340576171875,-0.0234375,0.962890625,0.05078125
0.0,8.148193359375,-3.82232666015625,0.640869140625,-0.024169921875,0.966064453125,0.049560546875
0.0,8.880615234375,-3.82232666015625,0.74005126953125,-0.024658203125,0.968994140625,0.0478515625
0.0,9.552001953125,-3.814697265625,0.86212158203125,-0.02392578125,0.97265625,0.046875
0.0,10.1318359375,-3.814697265625,0.9765625,-0.024169921875,0.975341796875,0.045654296875
0.0,10.711669921875,-3.7994384765625,1.06048583984375,-0.02392578125,0.979248046875,0.0439453125
0.0,11.20758056640625,-3.80706787109375,1.18255615234375,-0.0244140625,0.981201171875,0.0419921875
0.0,11.58905029296875,-3.814697265625,1.2664794921875,-0.023681640625,0.9833984375,0.040283203125
0.0,11.94000244140625,-3.7994384765625,1.3580322265625,-0.023681640625,0.984619140625,0.0390625
0.0,12.237548828125,-3.80706787109375,1.41143798828125,-0.023681640625,0.987060546875,0.0361328125
0.0,12.44354248046875,-3.80706787109375,1.47247314453125,-0.023681640625,0.988525390625,0.033935546875
0.0,12.56561279296875,-3.82232666015625,1.51824951171875,-0.0234375,0.9912109375,0.0322265625
0.0,12.64190673828125,-3.85284423828125,1.5411376953125,-0.0234375,0.994140625,0.030517578125
0.0,12.64190673828125,-3.8604736328125,1.51824951171875,-0.0234375,0.99755859375,0.0283203125
0.0,12.603759765625,-3.85284423828125,1.52587890625,-0.022705078125,1.0009765625,0.02587890625
0.0,12.42828369140625,-3.85284423828125,1.5716552734375,-0.023193359375,1.005859375,0.02392578125
0.0,12.21466064453125,-3.89862060546875,1.5411376953125,-0.02392578125,1.010009765625,0.022216796875
0.0,11.9171142578125,-3.8909912109375,1.51824951171875,-0.02392578125,1.013916015625,0.02099609375
0.0,11.58905029296875,-3.936767578125,1.495361328125,-0.023681640625,1.0185546875,0.019287109375
0.0,11.16180419921875,-3.936767578125,1.50299072265625,-0.023681640625,1.021484375,0.017333984375
0.0,10.68878173828125,-3.936767578125,1.4495849609375,-0.023193359375,1.024169921875,0.015869140625
0.0,10.13946533203125,-3.997802734375,1.4495849609375,-0.023193359375,1.026123046875,0.013916015625
0.0,9.54437255859375,-3.997802734375,1.39617919921875,-0.024169921875,1.027099609375,0.011962890625
0.0,8.8958740234375,-4.02069091796875,1.3580322265625,-0.0234375,1.028076171875,0.0107421875
0.0,8.209228515625,-4.03594970703125,1.312255859375,-0.023681640625,1.028076171875,0.01025390625
0.0,7.50732421875,-4.06646728515625,1.2664794921875,-0.023681640625,1.028076171875,0.009521484375
0.0,6.76727294921875,-4.08172607421875,1.2359619140625,-0.024169921875,1.028564453125,0.008544921875
0.0,6.011962890625,-4.08935546875,1.2359619140625,-0.024169921875,1.029296875,0.008544921875
0.0,5.19561767578125,-4.12750244140625,1.2054443359375,-0.023681640625,1.03076171875,0.00732421875
0.0,4.39453125,-4.150390625,1.190185546875,-0.0244140625,1.031005859375,0.00732421875
0.0,3.57818603515625,-4.150390625,1.19781494140625,-0.0244140625,1.032470703125,0.006591796875
0.0,2.7313232421875,-4.180908203125,1.15966796875,-0.024658203125,1.03369140625,0.00634765625
0.0,1.89971923828125,-4.150390625,1.220703125,-0.024169921875,1.0341796875,0.005859375
0.0,1.06048583984375,-4.20379638671875,1.22833251953125,-0.024658203125,1.03515625,0.00634765625
0.0,0.274658203125,-4.1961669921875,1.2359619140625,-0.024658203125,1.035400390625,0.006591796875
0.0,-0.5340576171875,-4.20379638671875,1.28173828125,-0.024169921875,1.03466796875,0.0068359375
0.0,-1.67083740234375,-4.2266845703125,1.33514404296875,-0.024658203125,1.032958984375,0.008056640625
0.0,-2.40325927734375,-4.23431396484375,1.41143798828125,-0.024169921875,1.030517578125,0.008544921875
0.0,-3.08990478515625,-4.20379638671875,1.495361328125,-0.0244140625,1.027587890625,0.010009765625
0.0,-3.73077392578125,-4.1961669921875,1.54876708984375,-0.024658203125,1.025390625,0.011474609375
0.0,-4.34112548828125,-4.20379638671875,1.65557861328125,-0.0244140625,1.021240234375,0.01220703125
0.0,-4.8675537109375,-4.20379638671875,1.7547607421875,-0.024658203125,1.019287109375,0.013671875
0.0,-5.3558349609375,-4.21905517578125,1.8157958984375,-0.02490234375,1.015869140625,0.014892578125
0.0,-5.7373046875,-4.17327880859375,1.91497802734375,-0.024169921875,1.013916015625,0.0166015625
0.0,-6.14166259765625,-4.1351318359375,1.99127197265625,-0.023681640625,1.01123046875,0.018798828125
0.0,-6.46209716796875,-4.119873046875,2.12860107421875,-0.02392578125,1.009765625,0.020263671875
0.0,-6.69097900390625,-4.08935546875,2.2125244140625,-0.023681640625,1.008056640625,0.02197265625
0.0,-6.8817138671875,-4.0435791015625,2.25830078125,-0.0234375,1.005859375,0.023681640625
0.0,-7.01904296875,-3.997802734375,2.32696533203125,-0.023681640625,1.00439453125,0.025390625
0.0,-7.0648193359375,-3.97491455078125,2.38037109375,-0.0234375,1.00244140625,0.02734375
0.0,-7.049560546875,-3.91387939453125,2.43377685546875,-0.0224609375,0.9990234375,0.02880859375
0.0,-6.98089599609375,-3.89862060546875,2.50244140625,-0.023193359375,0.996826171875,0.03076171875
0.0,-6.82830810546875,-3.83758544921875,2.52532958984375,-0.022705078125,0.9931640625,0.033203125
0.0,-6.622314453125,-3.7689208984375,2.57110595703125,-0.0224609375,0.98974609375,0.0341796875
0.0,-6.35528564453125,-3.753662109375,2.6092529296875,-0.023193359375,0.98583984375,0.0361328125
0.0,-6.00433349609375,-3.68499755859375,2.63214111328125,-0.022216796875,0.981689453125,0.0380859375
0.0,-5.63812255859375,-3.60870361328125,2.6702880859375,-0.02197265625,0.978271484375,0.0390625
0.0,-5.18798828125,-3.5552978515625,2.66265869140625,-0.02197265625,0.975830078125,0.04052734375
0.0,-4.69970703125,-3.4942626953125,2.6702880859375,-0.021728515625,0.972412109375,0.042236328125
0.0,-4.14276123046875,-3.44085693359375,2.62451171875,-0.021728515625,0.97119140625,0.04345703125
0.0,-3.5552978515625,-3.39508056640625,2.58636474609375,-0.021240234375,0.9697265625,0.045166015625
0.0,-2.9449462890625,-3.30352783203125,2.52532958984375,-0.021484375,0.968017578125,0.045654296875
0.0,-2.28118896484375,-3.1890869140625,2.51007080078125,-0.02099609375,0.9677734375,0.046875
0.0,-1.5869140625,-3.16619873046875,2.44903564453125,-0.021484375,0.968017578125,0.04736328125
0.0,-0.8697509765625,-3.082275390625,2.38037109375,-0.021240234375,0.9677734375,0.048828125
0.0,-0.11444091796875,-3.0517578125,2.38037109375,-0.021240234375,0.967041015625,0.04931640625
0.0,0.60272216796875,-2.96783447265625,2.32696533203125,-0.021240234375,0.96630859375,0.050048828125
0.0,1.36566162109375,-2.899169921875,2.2735595703125,-0.021484375,0.966796875,0.05029296875
0.0,2.09808349609375,-2.79998779296875,2.227783203125,-0.021240234375,0.965576171875,0.049560546875
0.0,2.86102294921875,-2.7618408203125,2.18963623046875,-0.020751953125,0.964599609375,0.0498046875
